# OBJ generated by ONSHAPE BY PTC INC, 1.213 Units = meters
mtllib wing8.mtl
g Part 9
v -0.810874 1.19522 -1.0045 
v -0.810815 1.1953 -1.00434 
v -0.810938 1.19524 -1.00443 
v -0.81194 1.20059 -1.00691 
v -0.811203 1.20097 -1.00635 
v -0.81475 1.22079 -1.01539 
v -0.815487 1.22041 -1.01595 
v -0.818042 1.24062 -1.0242 
v -0.81878 1.24025 -1.02476 
v -0.809814 1.19357 -1.00292 
v -0.206977 0.0699218 -0.183412 
v -0.207281 0.0692939 -0.184339 
v -0.205744 0.0671927 -0.181921 
v -0.218653 0.085871 -0.201786 
v -0.22542 0.0952042 -0.212395 
v -0.225724 0.0945822 -0.213319 
v -0.219808 0.0864164 -0.204045 
v -0.232628 0.105145 -0.223695 
v -0.198988 0.0580241 -0.171265 
v -0.198607 0.0585443 -0.170216 
v -0.204588 0.0666585 -0.179653 
v -0.243669 0.120522 -0.240943 
v -0.243972 0.119905 -0.241864 
v -0.233779 0.1057 -0.225946 
v -0.246507 0.124475 -0.245377 
v -0.247656 0.12504 -0.247617 
v -0.261708 0.145872 -0.269025 
v -0.262013 0.145252 -0.269949 
v -0.261435 0.144431 -0.269054 
v -0.273972 0.163289 -0.288038 
v -0.26029 0.143858 -0.266826 
v -0.279526 0.171255 -0.296614 
v -0.27983 0.170639 -0.297535 
v -0.275114 0.16387 -0.290254 
v -0.287553 0.182766 -0.309009 
v -0.297119 0.196624 -0.323723 
v -0.297422 0.196012 -0.32464 
v -0.288689 0.183354 -0.311213 
v -0.301028 0.202286 -0.329736 
v -0.315524 0.222446 -0.352391 
v -0.314479 0.221966 -0.35034 
v -0.327658 0.241442 -0.370444 
v -0.30216 0.202881 -0.331926 
v -0.328779 0.242049 -0.372606 
v -0.314397 0.221845 -0.350215 
v -0.314781 0.221358 -0.351253 
v -0.331592 0.247315 -0.376419 
v -0.331894 0.246702 -0.377336 
v -0.340808 0.261074 -0.390419 
v -0.413679 0.372641 -0.499916 
v -0.405937 0.360324 -0.488481 
v -0.409159 0.366534 -0.492774 
v -0.348459 0.272613 -0.401991 
v -0.348761 0.272005 -0.402904 
v -0.341924 0.261686 -0.392567 
v -0.353847 0.280738 -0.410139 
v -0.428957 0.398224 -0.521929 
v -0.429256 0.397621 -0.522836 
v -0.423774 0.388766 -0.514797 
v -0.433369 0.40534 -0.528404 
v -0.404853 0.35969 -0.486412 
v -0.365078 0.297853 -0.42705 
v -0.365378 0.297248 -0.427959 
v -0.354956 0.281355 -0.412271 
v -0.366772 0.300434 -0.4296 
v -0.435334 0.407438 -0.531747 
v -0.418388 0.380132 -0.506871 
v -0.417311 0.379493 -0.504818 
v -0.421791 0.386666 -0.511413 
v -0.41338 0.373244 -0.499009 
v -0.415111 0.374917 -0.50203 
v -0.367875 0.301056 -0.431717 
v -0.444272 0.423106 -0.544325 
v -0.44457 0.422512 -0.545224 
v -0.381439 0.323048 -0.451571 
v -0.38174 0.322437 -0.452485 
v -0.380679 0.320785 -0.450902 
v -0.392276 0.339911 -0.467739 
v -0.379582 0.320159 -0.448801 
v -0.446772 0.426107 -0.548438 
v -0.444827 0.424011 -0.545135 
v -0.456164 0.442679 -0.561606 
v -0.397539 0.348187 -0.475552 
v -0.397839 0.34758 -0.476463 
v -0.393367 0.340541 -0.469824 
v -0.45809 0.444773 -0.564868 
v -0.459315 0.447924 -0.56616 
v -0.459616 0.447318 -0.567072 
v -0.467379 0.461344 -0.577815 
v -0.474093 0.472638 -0.587467 
v -0.474393 0.47204 -0.588373 
v -0.469286 0.463435 -0.581037 
v -0.478472 0.480004 -0.593763 
v -0.488607 0.497238 -0.608254 
v -0.488906 0.496648 -0.609153 
v -0.48036 0.482093 -0.596944 
v -0.491312 0.500746 -0.61259 
v -0.489444 0.49866 -0.60945 
v -0.500293 0.51731 -0.624874 
v -0.502849 0.521754 -0.628487 
v -0.503152 0.521153 -0.6294 
v -0.502141 0.519393 -0.627973 
v -0.511019 0.535955 -0.640035 
v -0.516824 0.54616 -0.648192 
v -0.517126 0.545568 -0.649099 
v -0.512848 0.538035 -0.643094 
v -0.521622 0.554594 -0.654934 
v -0.533894 0.575302 -0.672547 
v -0.530837 0.569859 -0.668283 
v -0.532103 0.573227 -0.669569 
v -0.530537 0.570443 -0.667382 
v -0.523433 0.556672 -0.657952 
v -0.534819 0.578113 -0.673338 
v -0.538297 0.583234 -0.678651 
v -0.54246 0.591854 -0.68394 
v -0.544232 0.593926 -0.686878 
v -0.54398 0.594621 -0.686036 
v -0.544286 0.594025 -0.686953 
v -0.552694 0.610475 -0.698048 
v -0.630733 0.760527 -0.802162 
v -0.631041 0.759956 -0.803073 
v -0.626026 0.74981 -0.796599 
v -0.557156 0.618692 -0.704158 
v -0.557461 0.618104 -0.705069 
v -0.554446 0.612543 -0.700946 
v -0.562804 0.62909 -0.711891 
v -0.624486 0.74791 -0.794087 
v -0.632923 0.764949 -0.804992 
v -0.622483 0.742705 -0.791999 
v -0.623279 0.745495 -0.792519 
v -0.570072 0.642633 -0.721773 
v -0.570376 0.642052 -0.722679 
v -0.564537 0.631155 -0.714749 
v -0.572791 0.647699 -0.72547 
v -0.634444 0.76684 -0.807465 
v -0.620865 0.740661 -0.78938 
v -0.619118 0.737194 -0.787095 
v -0.619424 0.736624 -0.788002 
v -0.613136 0.724126 -0.779789 
v -0.584349 0.66836 -0.741561 
v -0.582728 0.666444 -0.738883 
v -0.592393 0.684899 -0.751831 
v -0.574505 0.64976 -0.728287 
v -0.642743 0.78384 -0.81809 
v -0.642096 0.783727 -0.816741 
v -0.649444 0.798938 -0.826077 
v -0.625787 0.74933 -0.796288 
v -0.594068 0.686954 -0.754569 
v -0.582654 0.666302 -0.738783 
v -0.583031 0.66587 -0.739784 
v -0.650925 0.800809 -0.828474 
v -0.641242 0.781958 -0.815655 
v -0.642408 0.783153 -0.817661 
v -0.611498 0.722078 -0.77713 
v -0.595114 0.690161 -0.755449 
v -0.595422 0.689575 -0.756367 
v -0.602007 0.703491 -0.764614 
v -0.653201 0.806816 -0.830809 
v -0.653514 0.806246 -0.831729 
v -0.657528 0.815888 -0.836257 
v -0.607243 0.713745 -0.771518 
v -0.60755 0.713166 -0.772431 
v -0.603664 0.705542 -0.767312 
v -0.65899 0.81775 -0.838616 
v -0.664061 0.829765 -0.844408 
v -0.664373 0.829204 -0.845323 
v -0.665495 0.832809 -0.846197 
v -0.666938 0.834661 -0.848519 
v -0.674671 0.852593 -0.857518 
v -0.674988 0.852024 -0.858449 
v -0.674769 0.851544 -0.858181 
v -0.681078 0.866565 -0.865355 
v -0.673345 0.849701 -0.855896 
v -0.695152 0.897871 -0.882306 
v -0.695469 0.89732 -0.883227 
v -0.691208 0.887754 -0.878134 
v -0.685031 0.875301 -0.87014 
v -0.685348 0.874741 -0.871066 
v -0.682483 0.868398 -0.867603 
v -0.688695 0.883401 -0.874575 
v -0.690081 0.885223 -0.876787 
v -0.689257 0.88466 -0.875248 
v -0.697563 0.902022 -0.885731 
v -0.696195 0.900209 -0.883555 
v -0.70358 0.91699 -0.892297 
v -0.705027 0.920325 -0.893989 
v -0.70535 0.919766 -0.894928 
v -0.704929 0.918793 -0.894436 
v -0.710849 0.933744 -0.9008 
v -0.71466 0.942657 -0.905203 
v -0.714983 0.942107 -0.906137 
v -0.712179 0.935538 -0.902903 
v -0.718002 0.950473 -0.909064 
v -0.724062 0.964854 -0.915974 
v -0.724384 0.964312 -0.916903 
v -0.719314 0.952256 -0.911132 
v -0.72504 0.967176 -0.91709 
v -0.726334 0.96895 -0.919123 
v -0.739734 1.0029 -0.933479 
v -0.742149 1.0089 -0.936117 
v -0.741342 1.00553 -0.935822 
v -0.742478 1.00836 -0.937061 
v -0.745465 1.01714 -0.939739 
v -0.733223 0.986937 -0.926274 
v -0.733553 0.986388 -0.927223 
v -0.733239 0.985619 -0.926876 
v -0.738771 1.00051 -0.932427 
v -0.731963 0.983855 -0.924877 
v -0.740029 1.00226 -0.934391 
v -0.746705 1.01889 -0.941668 
v -0.75085 1.03074 -0.945528 
v -0.751179 1.0302 -0.946468 
v -0.752043 1.03375 -0.946812 
v -0.759712 1.05206 -0.955509 
v -0.759319 1.05246 -0.95449 
v -0.764858 1.06691 -0.960244 
v -0.753266 1.03549 -0.948707 
v -0.766045 1.06862 -0.962072 
v -0.758508 1.05034 -0.953647 
v -0.759656 1.05192 -0.955449 
v -0.806032 1.18061 -1.00032 
v -0.767556 1.07407 -0.962996 
v -0.767893 1.07354 -0.963953 
v -0.771094 1.08346 -0.966603 
v -0.805436 1.1804 -0.999125 
v -0.798295 1.15936 -0.992744 
v -0.798642 1.15884 -0.993713 
v -0.795998 1.15115 -0.99131 
v -0.799986 1.16427 -0.994286 
v -0.775574 1.09556 -0.971082 
v -0.775911 1.09503 -0.972035 
v -0.772263 1.08516 -0.968398 
v -0.777215 1.09999 -0.972723 
v -0.804958 1.17896 -0.998711 
v -0.805788 1.17989 -1.0001 
v -0.801073 1.16592 -0.995924 
v -0.784358 1.11819 -0.980332 
v -0.783374 1.11692 -0.978747 
v -0.789117 1.133 -0.984244 
v -0.778368 1.10168 -0.974485 
v -0.778959 1.10478 -0.974429 
v -0.783223 1.1165 -0.978603 
v -0.783713 1.11641 -0.979702 
v -0.780331 1.10709 -0.976401 
v -0.794897 1.14949 -0.989645 
v -0.79094 1.1382 -0.985948 
v -0.791286 1.13768 -0.986921 
v -0.790235 1.13467 -0.985941 
v -0.173366 0.0542333 -0.189241 
v -0.172776 0.0547091 -0.188371 
v -0.177911 0.0553149 -0.185119 
v -0.168128 0.0536878 -0.192393 
v -0.167562 0.0541661 -0.191507 
v -0.14646 0.0521421 -0.203807 
v -0.145996 0.0526276 -0.202868 
v -0.151488 0.0529167 -0.200209 
v -0.14088 0.051916 -0.206354 
v -0.140442 0.0524026 -0.205403 
v -0.135243 0.0517544 -0.208774 
v -0.134831 0.0522418 -0.207812 
v -0.129551 0.0516574 -0.211067 
v -0.129166 0.0521453 -0.210094 
v -0.118018 0.0516574 -0.215265 
v -0.117687 0.0521453 -0.214272 
v -0.12345 0.0521131 -0.212248 
v -0.112183 0.0517544 -0.217167 
v -0.11188 0.0522418 -0.216166 
v -0.162815 0.0532055 -0.195427 
v -0.162274 0.0536861 -0.194527 
v -0.157431 0.052787 -0.198342 
v -0.156915 0.0532696 -0.197429 
v -0.151978 0.0524325 -0.201136 
v -0.123808 0.0516251 -0.213231 
v -0.106309 0.051916 -0.218937 
v -0.106033 0.0524026 -0.217927 
v -0.100398 0.0521421 -0.220572 
v -0.10015 0.0526276 -0.219555 
v -0.0704237 0.0542333 -0.226709 
v -0.0703162 0.0547091 -0.225663 
v -0.0763262 0.0541661 -0.224715 
v -0.0643712 0.054842 -0.227523 
v -0.0642921 0.0553149 -0.226473 
v -0.094454 0.0524325 -0.222073 
v -0.0942337 0.0529167 -0.221048 
v -0.0884809 0.052787 -0.223438 
v -0.0882887 0.0532696 -0.222407 
v -0.0824823 0.0532055 -0.224666 
v -0.0823183 0.0536861 -0.223629 
v -0.076462 0.0536878 -0.225757 
v -0.0400939 0.0578989 -0.229383 
v -0.0401287 0.0583574 -0.228324 
v -0.046172 0.0575048 -0.22807 
v -0.0392407 0.0580241 -0.229408 
v -0.197612 0.0583574 -0.171005 
v -0.193504 0.0570422 -0.175502 
v -0.192819 0.0575048 -0.174695 
v -0.0583082 0.0555133 -0.228198 
v -0.0582575 0.055983 -0.227145 
v -0.0522384 0.0562468 -0.228733 
v -0.0522162 0.0567131 -0.227677 
v -0.0461657 0.0570422 -0.229128 
v -0.0388592 0.0585443 -0.22836 
v -0.198319 0.0578989 -0.171794 
v -0.188598 0.0562468 -0.179102 
v -0.187936 0.0567131 -0.178279 
v -0.183604 0.0555133 -0.182594 
v -0.182966 0.055983 -0.181754 
v -0.178526 0.054842 -0.185974 
v -0.805551 1.23675 -1.03756 
v -0.792724 1.23306 -1.05066 
v -0.779569 1.22954 -1.06348 
v -0.766093 1.2262 -1.076 
v -0.752305 1.22304 -1.08823 
v -0.723829 1.21727 -1.11177 
v -0.738214 1.22006 -1.10016 
v -0.69421 1.21223 -1.13404 
v -0.709157 1.21466 -1.12307 
v -0.678995 1.21 -1.14468 
v -0.663522 1.20795 -1.15498 
v -0.647801 1.2061 -1.16493 
v -0.615654 1.20297 -1.18378 
v -0.631842 1.20444 -1.17454 
v -0.599248 1.20169 -1.19266 
v -0.582633 1.20061 -1.20118 
v -0.565821 1.19973 -1.20931 
v -0.548821 1.19904 -1.21707 
v -0.514302 1.19825 -1.23143 
v -0.531645 1.19855 -1.22445 
v -0.496804 1.19815 -1.23803 
v -0.479161 1.19825 -1.24423 
v -0.461385 1.19855 -1.25002 
v -0.443486 1.19904 -1.25541 
v -0.425476 1.19973 -1.2604 
v -0.389167 1.20169 -1.26913 
v -0.407366 1.20061 -1.26497 
v -0.352547 1.20444 -1.27619 
v -0.37089 1.20297 -1.27287 
v -0.334149 1.2061 -1.27909 
v -0.297234 1.21 -1.28363 
v -0.315708 1.20795 -1.28157 
v -0.278741 1.21223 -1.28526 
v -0.260238 1.21466 -1.28646 
v -0.241738 1.21727 -1.28724 
v -0.223252 1.22006 -1.28759 
v -0.204791 1.22304 -1.28751 
v -0.186368 1.2262 -1.28701 
v -0.167993 1.22954 -1.28607 
v -0.149678 1.23306 -1.28471 
v -0.131434 1.23675 -1.28292 
v -0.110133 1.22079 -1.27185 
v -0.107042 1.20097 -1.26265 
v -0.0403427 0.0666585 -0.239433 
v -0.0409291 0.0699218 -0.243848 
v -0.043795 0.085871 -0.265429 
v -0.0471736 0.105145 -0.291195 
v -0.0454311 0.0952042 -0.277906 
v -0.0504777 0.124475 -0.316726 
v -0.049802 0.120522 -0.311505 
v -0.0537068 0.143858 -0.342016 
v -0.0540337 0.145872 -0.344613 
v -0.05686 0.163289 -0.36706 
v -0.0581184 0.171255 -0.3772 
v -0.0599369 0.182766 -0.391854 
v -0.0629369 0.202286 -0.416394 
v -0.0620667 0.196624 -0.409275 
v -0.0658595 0.221845 -0.440675 
v -0.065877 0.221966 -0.440823 
v -0.0687042 0.241442 -0.464695 
v -0.0695316 0.247315 -0.471801 
v -0.0714705 0.261074 -0.48845 
v -0.074158 0.280738 -0.511937 
v -0.0730476 0.272613 -0.502233 
v -0.0767663 0.300434 -0.535154 
v -0.0764245 0.297853 -0.532111 
v -0.079295 0.320159 -0.558097 
v -0.0796532 0.323048 -0.561412 
v -0.0817438 0.339911 -0.580763 
v -0.0841121 0.35969 -0.603152 
v -0.0849028 0.366534 -0.610793 
v -0.0827348 0.348187 -0.590131 
v -0.0863998 0.379493 -0.62526 
v -0.0872077 0.386666 -0.633191 
v -0.0856778 0.373244 -0.618283 
v -0.0892596 0.40534 -0.65365 
v -0.0884777 0.398224 -0.645854 
v -0.0912369 0.424011 -0.673832 
v -0.0931395 0.442679 -0.693736 
v -0.0911411 0.423106 -0.672854 
v -0.0936531 0.447924 -0.69925 
v -0.0949674 0.461344 -0.713362 
v -0.0967207 0.480004 -0.73271 
v -0.0960285 0.472638 -0.725072 
v -0.0983991 0.49866 -0.751778 
v -0.100003 0.51731 -0.770567 
v -0.0982712 0.497238 -0.750325 
v -0.100367 0.521754 -0.774979 
v -0.101532 0.535955 -0.789076 
v -0.102985 0.554594 -0.807305 
v -0.102328 0.54616 -0.799057 
v -0.104706 0.578113 -0.829886 
v -0.104364 0.573227 -0.825253 
v -0.104158 0.570443 -0.822571 
v -0.105668 0.591854 -0.84292 
v -0.10585 0.594621 -0.845503 
v -0.106896 0.610475 -0.860305 
v -0.107406 0.618692 -0.867854 
v -0.10805 0.62909 -0.877408 
v -0.109128 0.647699 -0.894229 
v -0.108834 0.642633 -0.88965 
v -0.11013 0.666302 -0.910768 
v -0.110137 0.666444 -0.910892 
v -0.111057 0.684899 -0.927023 
v -0.111298 0.690161 -0.931544 
v -0.111908 0.703491 -0.942995 
v -0.112683 0.722078 -0.958684 
v -0.112335 0.713745 -0.95165 
v -0.113549 0.745495 -0.978045 
v -0.113381 0.740661 -0.974089 
v -0.113251 0.737194 -0.971215 
v -0.113633 0.74791 -0.980022 
v -0.11418 0.764949 -0.993799 
v -0.114038 0.760527 -0.990223 
v -0.114661 0.781958 -1.00731 
v -0.114704 0.783727 -1.0087 
v -0.115077 0.798938 -1.02057 
v -0.11524 0.806816 -1.02661 
v -0.115428 0.815888 -1.03357 
v -0.115714 0.832809 -1.0463 
v -0.115663 0.829765 -1.04401 
v -0.115935 0.849701 -1.05878 
v -0.115962 0.852593 -1.06087 
v -0.116092 0.866565 -1.07099 
v -0.116185 0.88466 -1.08383 
v -0.116183 0.883401 -1.08295 
v -0.116139 0.875301 -1.0772 
v -0.11621 0.900209 -1.09465 
v -0.116206 0.897871 -1.09303 
v -0.116172 0.91699 -1.1061 
v -0.116151 0.920325 -1.10832 
v -0.116069 0.933744 -1.11728 
v -0.115901 0.950473 -1.12821 
v -0.11598 0.942657 -1.1231 
v -0.115669 0.967176 -1.13888 
v -0.115701 0.964854 -1.1374 
v -0.115371 0.983855 -1.1493 
v -0.115009 1.00051 -1.15946 
v -0.114947 1.0029 -1.16088 
v -0.115304 0.986937 -1.15118 
v -0.114793 1.0089 -1.16446 
v -0.114581 1.01714 -1.16936 
v -0.114088 1.03375 -1.17901 
v -0.114178 1.03074 -1.17726 
v -0.11353 1.05034 -1.1884 
v -0.11345 1.05246 -1.18957 
v -0.112906 1.06691 -1.19754 
v -0.112608 1.07407 -1.20138 
v -0.112216 1.08346 -1.20641 
v -0.11146 1.09999 -1.21504 
v -0.111222 1.10478 -1.21747 
v -0.111663 1.09556 -1.21273 
v -0.110638 1.1165 -1.2234 
v -0.110616 1.11692 -1.22361 
v -0.109749 1.133 -1.23151 
v -0.109448 1.1382 -1.23399 
v -0.108793 1.14949 -1.23937 
v -0.107878 1.16427 -1.24619 
v -0.108182 1.15936 -1.24392 
v -0.106913 1.17896 -1.25278 
v -0.106814 1.1804 -1.2534 
v -0.1059 1.19357 -1.25912 
v -0.113272 1.24062 -1.28071 
v -0.802262 1.21692 -1.02875 
v -0.789438 1.21323 -1.04185 
v -0.776285 1.20971 -1.05466 
v -0.762812 1.20637 -1.06718 
v -0.749027 1.20321 -1.07941 
v -0.734939 1.20024 -1.09134 
v -0.720557 1.19744 -1.10295 
v -0.705889 1.19483 -1.11424 
v -0.690944 1.19241 -1.12521 
v -0.675733 1.19017 -1.13585 
v -0.660263 1.18813 -1.14614 
v -0.644546 1.18628 -1.1561 
v -0.62859 1.18461 -1.1657 
v -0.612405 1.18315 -1.17494 
v -0.596003 1.18187 -1.18382 
v -0.579392 1.18079 -1.19233 
v -0.562583 1.17991 -1.20047 
v -0.545587 1.17922 -1.20822 
v -0.528414 1.17872 -1.2156 
v -0.511075 1.17843 -1.22258 
v -0.493581 1.17833 -1.22917 
v -0.475942 1.17843 -1.23537 
v -0.45817 1.17872 -1.24116 
v -0.440275 1.17922 -1.24655 
v -0.422269 1.17991 -1.25154 
v -0.404163 1.18079 -1.25611 
v -0.385967 1.18187 -1.26027 
v -0.367695 1.18315 -1.26401 
v -0.349355 1.18461 -1.26733 
v -0.330962 1.18628 -1.27023 
v -0.312524 1.18813 -1.27271 
v -0.294055 1.19017 -1.27477 
v -0.275565 1.19241 -1.2764 
v -0.257067 1.19483 -1.2776 
v -0.238571 1.19744 -1.27838 
v -0.220089 1.20024 -1.27873 
v -0.201632 1.20321 -1.27865 
v -0.183212 1.20637 -1.27814 
v -0.164841 1.20971 -1.27721 
v -0.14653 1.21323 -1.27585 
v -0.12829 1.21692 -1.27406 
v -0.798724 1.19711 -1.01971 
v -0.785908 1.19342 -1.0328 
v -0.772764 1.18991 -1.0456 
v -0.759299 1.18657 -1.05812 
v -0.745524 1.18341 -1.07034 
v -0.731445 1.18044 -1.08225 
v -0.717072 1.17764 -1.09386 
v -0.702413 1.17503 -1.10514 
v -0.687478 1.17261 -1.1161 
v -0.672276 1.17038 -1.12673 
v -0.656817 1.16834 -1.13702 
v -0.641109 1.16648 -1.14697 
v -0.625164 1.16482 -1.15656 
v -0.60899 1.16335 -1.1658 
v -0.592598 1.16208 -1.17468 
v -0.575998 1.161 -1.18318 
v -0.5592 1.16012 -1.19131 
v -0.542215 1.15943 -1.19906 
v -0.525053 1.15894 -1.20643 
v -0.507725 1.15864 -1.21341 
v -0.490242 1.15854 -1.22 
v -0.472615 1.15864 -1.22619 
v -0.454854 1.15894 -1.23198 
v -0.436971 1.15943 -1.23737 
v -0.418976 1.16012 -1.24235 
v -0.400882 1.161 -1.24692 
v -0.382698 1.16208 -1.25107 
v -0.364437 1.16335 -1.25481 
v -0.34611 1.16482 -1.25813 
v -0.327728 1.16648 -1.26103 
v -0.309303 1.16834 -1.26351 
v -0.290845 1.17038 -1.26556 
v -0.272368 1.17261 -1.26719 
v -0.253881 1.17503 -1.2684 
v -0.235397 1.17764 -1.26917 
v -0.216927 1.18044 -1.26952 
v -0.198482 1.18341 -1.26944 
v -0.180074 1.18657 -1.26894 
v -0.161715 1.18991 -1.268 
v -0.143416 1.19342 -1.26664 
v -0.125188 1.19711 -1.26486 
v -0.794908 1.17716 -1.01036 
v -0.782106 1.17347 -1.02343 
v -0.768976 1.16996 -1.03622 
v -0.755527 1.16663 -1.04872 
v -0.741766 1.16347 -1.06093 
v -0.727702 1.1605 -1.07283 
v -0.713344 1.15771 -1.08443 
v -0.698702 1.15511 -1.0957 
v -0.683783 1.15269 -1.10665 
v -0.668597 1.15046 -1.11727 
v -0.653155 1.14841 -1.12755 
v -0.637464 1.14656 -1.13748 
v -0.621536 1.1449 -1.14707 
v -0.60538 1.14344 -1.15629 
v -0.589005 1.14217 -1.16516 
v -0.572423 1.14109 -1.17365 
v -0.555644 1.1402 -1.18178 
v -0.538677 1.13952 -1.18952 
v -0.521534 1.13903 -1.19688 
v -0.504225 1.13873 -1.20385 
v -0.486761 1.13863 -1.21044 
v -0.469152 1.13873 -1.21662 
v -0.451411 1.13903 -1.2224 
v -0.433547 1.13952 -1.22779 
v -0.415572 1.1402 -1.23276 
v -0.397497 1.14109 -1.23732 
v -0.379333 1.14217 -1.24147 
v -0.361092 1.14344 -1.24521 
v -0.342784 1.1449 -1.24852 
v -0.324422 1.14656 -1.25142 
v -0.306017 1.14841 -1.2539 
v -0.287579 1.15046 -1.25595 
v -0.269122 1.15269 -1.25758 
v -0.250655 1.15511 -1.25878 
v -0.232191 1.15771 -1.25955 
v -0.213741 1.1605 -1.2599 
v -0.195316 1.16347 -1.25982 
v -0.176928 1.16663 -1.25932 
v -0.158589 1.16996 -1.25839 
v -0.140309 1.17347 -1.25703 
v -0.790811 1.15706 -1.0007 
v -0.778029 1.15338 -1.01375 
v -0.764919 1.14988 -1.02652 
v -0.75149 1.14655 -1.03901 
v -0.73775 1.1434 -1.0512 
v -0.723708 1.14043 -1.06308 
v -0.709372 1.13764 -1.07466 
v -0.694752 1.13504 -1.08591 
v -0.679856 1.13263 -1.09685 
v -0.664694 1.1304 -1.10745 
v -0.649274 1.12836 -1.11771 
v -0.633608 1.12652 -1.12763 
v -0.617704 1.12486 -1.1372 
v -0.601572 1.12339 -1.14641 
v -0.585223 1.12212 -1.15526 
v -0.568666 1.12105 -1.16375 
v -0.551912 1.12017 -1.17186 
v -0.534971 1.11948 -1.17959 
v -0.517854 1.11899 -1.18694 
v -0.500572 1.11869 -1.1939 
v -0.483134 1.1186 -1.20047 
v -0.465553 1.11869 -1.20665 
v -0.447838 1.11899 -1.21242 
v -0.430002 1.11948 -1.2178 
v -0.412054 1.12017 -1.22276 
v -0.394006 1.12105 -1.22732 
v -0.37587 1.12212 -1.23146 
v -0.357657 1.12339 -1.23519 
v -0.339377 1.12486 -1.2385 
v -0.321043 1.12652 -1.2414 
v -0.302666 1.12836 -1.24387 
v -0.284257 1.1304 -1.24592 
v -0.265827 1.13263 -1.24754 
v -0.247389 1.13504 -1.24874 
v -0.228953 1.13764 -1.24951 
v -0.210531 1.14043 -1.24986 
v -0.192134 1.1434 -1.24978 
v -0.173775 1.14655 -1.24928 
v -0.155463 1.14988 -1.24835 
v -0.122101 1.17716 -1.25524 
v -0.137212 1.15338 -1.24699 
v -0.78643 1.13682 -0.990731 
v -0.773673 1.13315 -1.00376 
v -0.760589 1.12965 -1.0165 
v -0.747186 1.12633 -1.02896 
v -0.733474 1.12319 -1.04112 
v -0.719459 1.12022 -1.05299 
v -0.705152 1.11744 -1.06454 
v -0.69056 1.11485 -1.07577 
v -0.675694 1.11244 -1.08668 
v -0.660562 1.11022 -1.09726 
v -0.645173 1.10818 -1.10751 
v -0.629537 1.10634 -1.11741 
v -0.613665 1.10468 -1.12696 
v -0.597565 1.10322 -1.13615 
v -0.581248 1.10195 -1.14499 
v -0.564724 1.10088 -1.15345 
v -0.548003 1.1 -1.16155 
v -0.531096 1.09931 -1.16926 
v -0.514013 1.09883 -1.1766 
v -0.496764 1.09853 -1.18355 
v -0.479361 1.09843 -1.19011 
v -0.461814 1.09853 -1.19627 
v -0.444135 1.09883 -1.20203 
v -0.426333 1.09931 -1.20739 
v -0.408421 1.1 -1.21235 
v -0.390409 1.10088 -1.2169 
v -0.372309 1.10195 -1.22103 
v -0.354132 1.10322 -1.22476 
v -0.335888 1.10468 -1.22806 
v -0.317591 1.10634 -1.23095 
v -0.29925 1.10818 -1.23341 
v -0.280877 1.11022 -1.23546 
v -0.262484 1.11244 -1.23708 
v -0.244082 1.11485 -1.23828 
v -0.225682 1.11744 -1.23905 
v -0.207296 1.12022 -1.2394 
v -0.188936 1.12319 -1.23932 
v -0.170613 1.12633 -1.23882 
v -0.152338 1.12965 -1.23789 
v -0.119031 1.15706 -1.24521 
v -0.134122 1.13315 -1.23653 
v -0.78176 1.11644 -0.980442 
v -0.769034 1.11278 -0.993435 
v -0.755982 1.10929 -1.00615 
v -0.742612 1.10597 -1.01858 
v -0.728933 1.10284 -1.03071 
v -0.714953 1.09988 -1.04254 
v -0.70068 1.09711 -1.05407 
v -0.686124 1.09452 -1.06528 
v -0.671294 1.09211 -1.07616 
v -0.656198 1.0899 -1.08672 
v -0.640847 1.08787 -1.09693 
v -0.62525 1.08603 -1.10681 
v -0.609416 1.08438 -1.11634 
v -0.593355 1.08292 -1.12551 
v -0.577078 1.08166 -1.13432 
v -0.560594 1.08058 -1.14277 
v -0.543914 1.07971 -1.15084 
v -0.527048 1.07902 -1.15854 
v -0.510006 1.07853 -1.16586 
v -0.4928 1.07824 -1.17279 
v -0.475439 1.07814 -1.17933 
v -0.457935 1.07824 -1.18548 
v -0.440299 1.07853 -1.19123 
v -0.422541 1.07902 -1.19658 
v -0.404672 1.07971 -1.20152 
v -0.386704 1.08058 -1.20606 
v -0.368648 1.08166 -1.21018 
v -0.350515 1.08292 -1.2139 
v -0.332316 1.08438 -1.21719 
v -0.314063 1.08603 -1.22007 
v -0.295767 1.08787 -1.22253 
v -0.277439 1.0899 -1.22457 
v -0.25909 1.09211 -1.22619 
v -0.240733 1.09452 -1.22739 
v -0.222378 1.09711 -1.22816 
v -0.204037 1.09988 -1.2285 
v -0.185722 1.10284 -1.22842 
v -0.167443 1.10597 -1.22792 
v -0.149213 1.10929 -1.227 
v -0.115977 1.13682 -1.23476 
v -0.131041 1.11278 -1.22565 
v -0.764109 1.09226 -0.982786 
v -0.751095 1.08878 -0.995464 
v -0.737764 1.08547 -1.00786 
v -0.724124 1.08235 -1.01996 
v -0.710184 1.0794 -1.03175 
v -0.695953 1.07663 -1.04324 
v -0.68144 1.07405 -1.05442 
v -0.666652 1.07165 -1.06527 
v -0.651601 1.06944 -1.0758 
v -0.636294 1.06742 -1.08599 
v -0.620742 1.06558 -1.09583 
v -0.604954 1.06394 -1.10533 
v -0.58894 1.06249 -1.11448 
v -0.57271 1.06123 -1.12326 
v -0.556274 1.06016 -1.13168 
v -0.539643 1.05928 -1.13974 
v -0.522826 1.0586 -1.14741 
v -0.505834 1.05811 -1.15471 
v -0.488677 1.05782 -1.16162 
v -0.471367 1.05772 -1.16814 
v -0.453914 1.05782 -1.17427 
v -0.436329 1.05811 -1.18001 
v -0.418622 1.0586 -1.18534 
v -0.400805 1.05928 -1.19027 
v -0.38289 1.06016 -1.19479 
v -0.364886 1.06123 -1.19891 
v -0.346806 1.06249 -1.20261 
v -0.32866 1.06394 -1.20589 
v -0.310459 1.06558 -1.20877 
v -0.292216 1.06742 -1.21122 
v -0.273941 1.06944 -1.21325 
v -0.255646 1.07165 -1.21487 
v -0.237342 1.07405 -1.21606 
v -0.219041 1.07663 -1.21683 
v -0.200753 1.0794 -1.21717 
v -0.182491 1.08235 -1.21709 
v -0.164266 1.08547 -1.21659 
v -0.146088 1.08878 -1.21567 
v -0.758893 1.07159 -0.971806 
v -0.745923 1.06812 -0.98444 
v -0.732637 1.06483 -0.996791 
v -0.719044 1.06171 -1.00885 
v -0.705151 1.05878 -1.02061 
v -0.690968 1.05602 -1.03206 
v -0.676504 1.05345 -1.0432 
v -0.661767 1.05106 -1.05401 
v -0.646766 1.04885 -1.0645 
v -0.631511 1.04684 -1.07466 
v -0.616012 1.04501 -1.08447 
v -0.600277 1.04337 -1.09394 
v -0.584318 1.04192 -1.10305 
v -0.568142 1.04066 -1.11181 
v -0.551762 1.0396 -1.1202 
v -0.535187 1.03873 -1.12822 
v -0.518427 1.03805 -1.13587 
v -0.501492 1.03756 -1.14314 
v -0.484394 1.03727 -1.15003 
v -0.467142 1.03717 -1.15653 
v -0.449748 1.03727 -1.16264 
v -0.432222 1.03756 -1.16836 
v -0.414576 1.03805 -1.17367 
v -0.396819 1.03873 -1.17859 
v -0.378964 1.0396 -1.18309 
v -0.361021 1.04066 -1.18719 
v -0.343002 1.04192 -1.19088 
v -0.324918 1.04337 -1.19416 
v -0.306779 1.04501 -1.19702 
v -0.288597 1.04684 -1.19947 
v -0.270385 1.04885 -1.20149 
v -0.252151 1.05106 -1.2031 
v -0.233909 1.05345 -1.20429 
v -0.21567 1.05602 -1.20505 
v -0.197444 1.05878 -1.2054 
v -0.179244 1.06171 -1.20532 
v -0.16108 1.06483 -1.20482 
v -0.127969 1.09226 -1.21432 
v -0.142964 1.06812 -1.2039 
v -0.753383 1.05077 -0.960489 
v -0.740464 1.04732 -0.973075 
v -0.727229 1.04404 -0.985377 
v -0.713688 1.04094 -0.997388 
v -0.69985 1.03801 -1.0091 
v -0.685722 1.03527 -1.02051 
v -0.671313 1.0327 -1.0316 
v -0.656633 1.03032 -1.04238 
v -0.641691 1.02813 -1.05283 
v -0.626495 1.02612 -1.06294 
v -0.611055 1.0243 -1.07272 
v -0.595382 1.02266 -1.08215 
v -0.579484 1.02122 -1.09123 
v -0.563372 1.01997 -1.09995 
v -0.547055 1.01891 -1.10831 
v -0.530544 1.01804 -1.1163 
v -0.513848 1.01736 -1.12392 
v -0.496979 1.01688 -1.13116 
v -0.479947 1.01659 -1.13803 
v -0.462763 1.01649 -1.1445 
v -0.445436 1.01659 -1.15059 
v -0.427978 1.01688 -1.15628 
v -0.4104 1.01736 -1.16157 
v -0.392712 1.01804 -1.16647 
v -0.374926 1.01891 -1.17096 
v -0.357053 1.01997 -1.17504 
v -0.339104 1.02122 -1.17872 
v -0.321089 1.02266 -1.18198 
v -0.303021 1.0243 -1.18483 
v -0.28491 1.02612 -1.18727 
v -0.266767 1.02813 -1.18929 
v -0.248605 1.03032 -1.19089 
v -0.230434 1.0327 -1.19207 
v -0.212265 1.03527 -1.19283 
v -0.19411 1.03801 -1.19318 
v -0.17598 1.04094 -1.1931 
v -0.157886 1.04404 -1.1926 
v -0.124907 1.07159 -1.20256 
v -0.13984 1.04732 -1.19168 
v -0.747575 1.02981 -0.948831 
v -0.734712 1.02637 -0.961362 
v -0.721536 1.02311 -0.973611 
v -0.708054 1.02002 -0.98557 
v -0.694276 1.0171 -0.997231 
v -0.68021 1.01437 -1.00859 
v -0.665864 1.01182 -1.01963 
v -0.651249 1.00945 -1.03036 
v -0.636371 1.00726 -1.04076 
v -0.621242 1.00526 -1.05083 
v -0.60587 1.00345 -1.06057 
v -0.590265 1.00182 -1.06996 
v -0.574437 1.00039 -1.079 
v -0.558395 0.99914 -1.08768 
v -0.54215 0.998084 -1.096 
v -0.525711 0.997219 -1.10396 
v -0.509089 0.996545 -1.11155 
v -0.492294 0.996064 -1.11876 
v -0.475336 0.995775 -1.12559 
v -0.458226 0.995679 -1.13204 
v -0.440976 0.995775 -1.1381 
v -0.423594 0.996064 -1.14376 
v -0.406093 0.996545 -1.14904 
v -0.388483 0.997219 -1.15391 
v -0.370775 0.998084 -1.15838 
v -0.35298 0.99914 -1.16245 
v -0.335109 1.00039 -1.1661 
v -0.317173 1.00182 -1.16935 
v -0.299184 1.00345 -1.17219 
v -0.281152 1.00526 -1.17462 
v -0.263089 1.00726 -1.17663 
v -0.245006 1.00945 -1.17822 
v -0.226914 1.01182 -1.1794 
v -0.208825 1.01437 -1.18016 
v -0.19075 1.0171 -1.1805 
v -0.172699 1.02002 -1.18042 
v -0.154685 1.02311 -1.17993 
v -0.121853 1.05077 -1.19035 
v -0.136718 1.02637 -1.17901 
v -0.741465 1.0087 -0.936829 
v -0.728665 1.00527 -0.949299 
v -0.715553 1.00202 -0.961487 
v -0.702137 0.998949 -0.973388 
v -0.688426 0.996051 -0.984992 
v -0.674429 0.993331 -0.996294 
v -0.660154 0.990791 -1.00729 
v -0.64561 0.988434 -1.01796 
v -0.630805 0.986259 -1.02831 
v -0.61575 0.984269 -1.03833 
v -0.600453 0.982464 -1.04802 
v -0.584925 0.980847 -1.05736 
v -0.569174 0.979417 -1.06636 
v -0.553211 0.978176 -1.075 
v -0.537045 0.977125 -1.08328 
v -0.520686 0.976264 -1.0912 
v -0.504145 0.975594 -1.09875 
v -0.487432 0.975115 -1.10593 
v -0.470558 0.974828 -1.11272 
v -0.453532 0.974732 -1.11914 
v -0.436365 0.974828 -1.12517 
v -0.419069 0.975115 -1.13081 
v -0.401653 0.975594 -1.13605 
v -0.384129 0.976264 -1.1409 
v -0.366508 0.977125 -1.14535 
v -0.3488 0.978176 -1.1494 
v -0.331016 0.979417 -1.15304 
v -0.313168 0.980847 -1.15627 
v -0.295267 0.982464 -1.1591 
v -0.277324 0.984269 -1.16151 
v -0.259349 0.986259 -1.16351 
v -0.241355 0.988434 -1.1651 
v -0.223351 0.990791 -1.16627 
v -0.205351 0.993331 -1.16702 
v -0.187363 0.996051 -1.16736 
v -0.169401 0.998949 -1.16729 
v -0.151475 1.00202 -1.16679 
v -0.118809 1.02981 -1.17768 
v -0.133596 1.00527 -1.16589 
v -0.722318 0.984027 -0.936879 
v -0.709277 0.980795 -0.949002 
v -0.695934 0.977737 -0.960838 
v -0.682298 0.974854 -0.972379 
v -0.668376 0.972149 -0.98362 
v -0.654178 0.969623 -0.994552 
v -0.639713 0.967278 -1.00517 
v -0.624989 0.965115 -1.01546 
v -0.610015 0.963136 -1.02543 
v -0.594801 0.961341 -1.03506 
v -0.579357 0.959732 -1.04436 
v -0.563692 0.958311 -1.0533 
v -0.547815 0.957077 -1.0619 
v -0.531736 0.956031 -1.07014 
v -0.515467 0.955175 -1.07801 
v -0.499015 0.954508 -1.08552 
v -0.482393 0.954032 -1.09266 
v -0.46561 0.953746 -1.09942 
v -0.448676 0.953651 -1.1058 
v -0.431603 0.953746 -1.1118 
v -0.4144 0.954032 -1.11741 
v -0.397079 0.954508 -1.12262 
v -0.37965 0.955175 -1.12744 
v -0.362124 0.956031 -1.13187 
v -0.344512 0.957077 -1.13589 
v -0.326825 0.958311 -1.13952 
v -0.309074 0.959732 -1.14273 
v -0.29127 0.961341 -1.14554 
v -0.273424 0.963136 -1.14794 
v -0.255547 0.965115 -1.14993 
v -0.23765 0.967278 -1.15151 
v -0.219744 0.969623 -1.15267 
v -0.201841 0.972149 -1.15342 
v -0.183951 0.974854 -1.15376 
v -0.166086 0.977737 -1.15369 
v -0.148257 0.980795 -1.1532 
v -0.715667 0.96263 -0.9241 
v -0.702704 0.959417 -0.936151 
v -0.68944 0.956377 -0.947916 
v -0.675885 0.953511 -0.959389 
v -0.662047 0.950823 -0.970562 
v -0.647934 0.948312 -0.981429 
v -0.633555 0.945981 -0.991982 
v -0.618919 0.943831 -1.00222 
v -0.604034 0.941863 -1.01212 
v -0.588911 0.940079 -1.0217 
v -0.573559 0.93848 -1.03094 
v -0.557987 0.937067 -1.03983 
v -0.542205 0.93584 -1.04837 
v -0.526223 0.934801 -1.05656 
v -0.51005 0.93395 -1.06439 
v -0.493697 0.933287 -1.07185 
v -0.477174 0.932813 -1.07895 
v -0.460491 0.932529 -1.08567 
v -0.443658 0.932434 -1.09201 
v -0.426687 0.932529 -1.09797 
v -0.409587 0.932813 -1.10355 
v -0.392369 0.933287 -1.10874 
v -0.375044 0.93395 -1.11353 
v -0.357623 0.934801 -1.11793 
v -0.340116 0.93584 -1.12193 
v -0.322534 0.937067 -1.12553 
v -0.304889 0.93848 -1.12872 
v -0.287191 0.940079 -1.13152 
v -0.269451 0.941863 -1.1339 
v -0.251681 0.943831 -1.13588 
v -0.233891 0.945981 -1.13745 
v -0.216092 0.948312 -1.13861 
v -0.198296 0.950823 -1.13935 
v -0.180513 0.953511 -1.13969 
v -0.162754 0.956377 -1.13961 
v -0.130475 0.984027 -1.15229 
v -0.145032 0.959417 -1.13913 
v -0.708708 0.941081 -0.910957 
v -0.69583 0.937889 -0.922929 
v -0.682653 0.934869 -0.934617 
v -0.669187 0.932022 -0.946015 
v -0.655439 0.929351 -0.957115 
v -0.641417 0.926856 -0.967911 
v -0.627132 0.92454 -0.978396 
v -0.612592 0.922404 -0.988563 
v -0.597805 0.92045 -0.998406 
v -0.58278 0.918677 -1.00792 
v -0.567528 0.917089 -1.0171 
v -0.552058 0.915685 -1.02593 
v -0.536379 0.914466 -1.03442 
v -0.520501 0.913434 -1.04255 
v -0.504434 0.912588 -1.05033 
v -0.488187 0.91193 -1.05775 
v -0.471772 0.911459 -1.06479 
v -0.455198 0.911177 -1.07147 
v -0.438476 0.911083 -1.07777 
v -0.421615 0.911177 -1.0837 
v -0.404626 0.911459 -1.08923 
v -0.387521 0.91193 -1.09439 
v -0.370309 0.912588 -1.09915 
v -0.353002 0.913434 -1.10352 
v -0.335609 0.914466 -1.10749 
v -0.318142 0.915685 -1.11107 
v -0.300612 0.917089 -1.11424 
v -0.28303 0.918677 -1.11702 
v -0.265406 0.92045 -1.11939 
v -0.247751 0.922404 -1.12135 
v -0.230077 0.92454 -1.12291 
v -0.212395 0.926856 -1.12406 
v -0.194715 0.929351 -1.1248 
v -0.177048 0.932022 -1.12514 
v -0.159406 0.934869 -1.12506 
v -0.127356 0.96263 -1.13823 
v -0.141799 0.937889 -1.12458 
v -0.701438 0.91938 -0.897445 
v -0.688651 0.916211 -0.909331 
v -0.675568 0.913212 -0.920936 
v -0.662197 0.910386 -0.932253 
v -0.648547 0.907733 -0.943275 
v -0.634625 0.905257 -0.953994 
v -0.620442 0.902957 -0.964404 
v -0.606004 0.900836 -0.974499 
v -0.591322 0.898896 -0.984272 
v -0.576405 0.897136 -0.993717 
v -0.561261 0.895558 -1.00283 
v -0.545901 0.894164 -1.0116 
v -0.530333 0.892954 -1.02003 
v -0.514568 0.891929 -1.02811 
v -0.498615 0.89109 -1.03583 
v -0.482485 0.890436 -1.04319 
v -0.466186 0.889969 -1.05019 
v -0.44973 0.889689 -1.05682 
v -0.433126 0.889595 -1.06308 
v -0.416385 0.889689 -1.06896 
v -0.399517 0.889969 -1.07445 
v -0.382534 0.890436 -1.07957 
v -0.365444 0.89109 -1.0843 
v -0.34826 0.891929 -1.08864 
v -0.330991 0.892954 -1.09258 
v -0.313648 0.894164 -1.09613 
v -0.296243 0.895558 -1.09929 
v -0.278785 0.897136 -1.10204 
v -0.261286 0.898896 -1.1044 
v -0.243757 0.900836 -1.10635 
v -0.226209 0.902957 -1.10789 
v -0.208652 0.905257 -1.10904 
v -0.191098 0.907733 -1.10977 
v -0.173557 0.910386 -1.1101 
v -0.15604 0.913212 -1.11003 
v -0.124238 0.941081 -1.12369 
v -0.138558 0.916211 -1.10955 
v -0.693851 0.897526 -0.883559 
v -0.681163 0.894382 -0.895354 
v -0.668181 0.891406 -0.90687 
v -0.654913 0.888602 -0.9181 
v -0.641368 0.88597 -0.929036 
v -0.627554 0.883512 -0.939673 
v -0.61348 0.88123 -0.950003 
v -0.599154 0.879126 -0.96002 
v -0.584585 0.8772 -0.969717 
v -0.569782 0.875454 -0.97909 
v -0.554755 0.873889 -0.988131 
v -0.539513 0.872505 -0.996836 
v -0.524066 0.871305 -1.0052 
v -0.508422 0.870287 -1.01321 
v -0.492592 0.869454 -1.02088 
v -0.476586 0.868806 -1.02818 
v -0.460413 0.868342 -1.03513 
v -0.444083 0.868064 -1.04171 
v -0.427607 0.867971 -1.04791 
v -0.410996 0.868064 -1.05375 
v -0.394258 0.868342 -1.05921 
v -0.377405 0.868806 -1.06428 
v -0.360447 0.869454 -1.06897 
v -0.343395 0.870287 -1.07328 
v -0.326259 0.871305 -1.07719 
v -0.30905 0.872505 -1.08072 
v -0.291779 0.873889 -1.08385 
v -0.274456 0.875454 -1.08658 
v -0.257092 0.8772 -1.08891 
v -0.239698 0.879126 -1.09085 
v -0.222285 0.88123 -1.09239 
v -0.204864 0.883512 -1.09352 
v -0.187444 0.88597 -1.09425 
v -0.170038 0.888602 -1.09458 
v -0.152656 0.891406 -1.09451 
v -0.121122 0.91938 -1.10866 
v -0.135309 0.894382 -1.09403 
v -0.673363 0.872401 -0.880993 
v -0.660489 0.869451 -0.892413 
v -0.647331 0.866669 -0.903549 
v -0.633899 0.864059 -0.914395 
v -0.6202 0.861622 -0.924942 
v -0.606243 0.859359 -0.935186 
v -0.592036 0.857272 -0.94512 
v -0.577588 0.855363 -0.954737 
v -0.562909 0.853631 -0.964031 
v -0.548007 0.852079 -0.972997 
v -0.532892 0.850707 -0.98163 
v -0.517573 0.849516 -0.989923 
v -0.50206 0.848508 -0.997871 
v -0.486362 0.847681 -1.00547 
v -0.470488 0.847038 -1.01272 
v -0.45445 0.846579 -1.0196 
v -0.438257 0.846303 -1.02613 
v -0.421918 0.846211 -1.03228 
v -0.405445 0.846303 -1.03807 
v -0.388846 0.846579 -1.04348 
v -0.372134 0.847038 -1.04851 
v -0.355317 0.847681 -1.05317 
v -0.338407 0.848508 -1.05744 
v -0.321414 0.849516 -1.06132 
v -0.304348 0.850707 -1.06481 
v -0.287221 0.852079 -1.06792 
v -0.270042 0.853631 -1.07063 
v -0.252823 0.855363 -1.07294 
v -0.235574 0.857272 -1.07486 
v -0.218305 0.859359 -1.07638 
v -0.201029 0.861622 -1.07751 
v -0.183755 0.864059 -1.07823 
v -0.166494 0.866669 -1.07856 
v -0.149256 0.869451 -1.07849 
v -0.665245 0.850269 -0.866243 
v -0.652487 0.847345 -0.877561 
v -0.639448 0.844589 -0.888597 
v -0.626136 0.842002 -0.899345 
v -0.612559 0.839587 -0.909799 
v -0.598727 0.837344 -0.919951 
v -0.584648 0.835276 -0.929795 
v -0.57033 0.833383 -0.939326 
v -0.555783 0.831667 -0.948537 
v -0.541014 0.830129 -0.957423 
v -0.526035 0.82877 -0.965977 
v -0.510853 0.82759 -0.974196 
v -0.495479 0.82659 -0.982073 
v -0.479922 0.825771 -0.989604 
v -0.464191 0.825134 -0.996784 
v -0.448296 0.824678 -1.00361 
v -0.432248 0.824405 -1.01007 
v -0.416056 0.824314 -1.01618 
v -0.39973 0.824405 -1.02191 
v -0.383281 0.824678 -1.02727 
v -0.366718 0.825134 -1.03226 
v -0.350052 0.825771 -1.03687 
v -0.333294 0.82659 -1.0411 
v -0.316453 0.82759 -1.04495 
v -0.29954 0.82877 -1.04841 
v -0.282566 0.830129 -1.05149 
v -0.265542 0.831667 -1.05418 
v -0.248477 0.833383 -1.05647 
v -0.231382 0.835276 -1.05837 
v -0.214269 0.837344 -1.05988 
v -0.197147 0.839587 -1.061 
v -0.180028 0.842002 -1.06172 
v -0.162922 0.844589 -1.06204 
v -0.132054 0.872401 -1.07801 
v -0.145839 0.847345 -1.06197 
v -0.656808 0.827986 -0.851101 
v -0.644172 0.82509 -0.862309 
v -0.631258 0.82236 -0.873239 
v -0.618075 0.819798 -0.883884 
v -0.604629 0.817406 -0.894236 
v -0.59093 0.815185 -0.904291 
v -0.576987 0.813137 -0.91404 
v -0.562807 0.811263 -0.923479 
v -0.548399 0.809563 -0.932602 
v -0.533773 0.80804 -0.941402 
v -0.518938 0.806693 -0.949874 
v -0.503903 0.805525 -0.958013 
v -0.488677 0.804534 -0.965815 
v -0.473269 0.803724 -0.973273 
v -0.45769 0.803092 -0.980384 
v -0.441948 0.802641 -0.987143 
v -0.426055 0.80237 -0.993546 
v -0.410019 0.80228 -0.999589 
v -0.39385 0.80237 -1.00527 
v -0.377559 0.802641 -1.01058 
v -0.361156 0.803092 -1.01552 
v -0.344651 0.803724 -1.02009 
v -0.328054 0.804534 -1.02428 
v -0.311375 0.805525 -1.02809 
v -0.294625 0.806693 -1.03152 
v -0.277815 0.80804 -1.03456 
v -0.260954 0.809563 -1.03722 
v -0.244054 0.811263 -1.0395 
v -0.227124 0.813137 -1.04138 
v -0.210176 0.815185 -1.04287 
v -0.193219 0.817406 -1.04398 
v -0.176265 0.819798 -1.04469 
v -0.159323 0.82236 -1.04501 
v -0.128791 0.850269 -1.0615 
v -0.142405 0.82509 -1.04494 
v -0.648045 0.805551 -0.835561 
v -0.63554 0.802684 -0.846654 
v -0.62276 0.799983 -0.857471 
v -0.609712 0.797448 -0.868005 
v -0.596406 0.79508 -0.878251 
v -0.582848 0.792882 -0.888202 
v -0.569049 0.790855 -0.897851 
v -0.555015 0.789 -0.907192 
v -0.540756 0.787318 -0.91622 
v -0.526282 0.78581 -0.924929 
v -0.511599 0.784478 -0.933314 
v -0.496719 0.783321 -0.94137 
v -0.48165 0.782341 -0.94909 
v -0.466402 0.781539 -0.956472 
v -0.450983 0.780914 -0.963509 
v -0.435405 0.780468 -0.970199 
v -0.419675 0.7802 -0.976535 
v -0.403805 0.78011 -0.982516 
v -0.387803 0.7802 -0.988136 
v -0.37168 0.780468 -0.993392 
v -0.355446 0.780914 -0.998282 
v -0.339112 0.781539 -1.0028 
v -0.322686 0.782341 -1.00695 
v -0.30618 0.783321 -1.01072 
v -0.289603 0.784478 -1.01411 
v -0.272966 0.78581 -1.01713 
v -0.25628 0.787318 -1.01976 
v -0.239554 0.789 -1.02201 
v -0.222799 0.790855 -1.02388 
v -0.206025 0.792882 -1.02535 
v -0.189244 0.79508 -1.02645 
v -0.172464 0.797448 -1.02715 
v -0.155698 0.799983 -1.02747 
v -0.125521 0.827986 -1.04447 
v -0.138954 0.802684 -1.0274 
v -0.638955 0.782964 -0.81962 
v -0.626588 0.780129 -0.83059 
v -0.613948 0.777458 -0.841288 
v -0.601045 0.77495 -0.851706 
v -0.587885 0.772609 -0.861838 
v -0.574478 0.770436 -0.871679 
v -0.56083 0.768431 -0.881221 
v -0.546952 0.766596 -0.89046 
v -0.532851 0.764933 -0.899388 
v -0.518536 0.763442 -0.908001 
v -0.504016 0.762124 -0.916293 
v -0.4893 0.76098 -0.92426 
v -0.474398 0.760011 -0.931895 
v -0.459318 0.759217 -0.939195 
v -0.444069 0.7586 -0.946155 
v -0.428663 0.758158 -0.95277 
v -0.413107 0.757893 -0.959037 
v -0.397412 0.757805 -0.964951 
v -0.381587 0.757893 -0.970509 
v -0.365642 0.758158 -0.975708 
v -0.349588 0.7586 -0.980543 
v -0.333433 0.759217 -0.985013 
v -0.317189 0.760011 -0.989114 
v -0.300865 0.76098 -0.992844 
v -0.284471 0.762124 -0.996201 
v -0.268018 0.763442 -0.999182 
v -0.251516 0.764933 -1.00179 
v -0.234975 0.766596 -1.00401 
v -0.218405 0.768431 -1.00585 
v -0.201817 0.770436 -1.00732 
v -0.185221 0.772609 -1.0084 
v -0.168627 0.77495 -1.00909 
v -0.152045 0.777458 -1.00941 
v -0.122245 0.805551 -1.02694 
v -0.135487 0.780129 -1.00934 
v -0.629532 0.760226 -0.803273 
v -0.617311 0.757425 -0.814114 
v -0.60482 0.754785 -0.824685 
v -0.592069 0.752307 -0.834981 
v -0.579065 0.749994 -0.844994 
v -0.565815 0.747846 -0.854718 
v -0.552329 0.745865 -0.864148 
v -0.538614 0.744052 -0.873277 
v -0.524679 0.742408 -0.8821 
v -0.510533 0.740934 -0.890612 
v -0.496185 0.739632 -0.898806 
v -0.481643 0.738502 -0.906679 
v -0.466916 0.737544 -0.914224 
v -0.452014 0.73676 -0.921438 
v -0.436945 0.736149 -0.928316 
v -0.42172 0.735713 -0.934853 
v -0.406348 0.735451 -0.941046 
v -0.390838 0.735364 -0.94689 
v -0.3752 0.735451 -0.952383 
v -0.359443 0.735713 -0.95752 
v -0.343578 0.736149 -0.962299 
v -0.327614 0.73676 -0.966716 
v -0.311562 0.737544 -0.970768 
v -0.29543 0.738502 -0.974454 
v -0.27923 0.739632 -0.977771 
v -0.262971 0.740934 -0.980717 
v -0.246663 0.742408 -0.98329 
v -0.230317 0.744052 -0.985488 
v -0.213943 0.745865 -0.987311 
v -0.19755 0.747846 -0.988756 
v -0.18115 0.749994 -0.989823 
v -0.164752 0.752307 -0.990512 
v -0.148366 0.754785 -0.990821 
v -0.118962 0.782964 -1.00888 
v -0.132003 0.757425 -0.990751 
v -0.607705 0.734572 -0.797221 
v -0.595372 0.731965 -0.80766 
v -0.582782 0.729519 -0.817826 
v -0.569941 0.727234 -0.827713 
v -0.556858 0.725113 -0.837315 
v -0.543541 0.723157 -0.846626 
v -0.529999 0.721367 -0.855641 
v -0.51624 0.719744 -0.864353 
v -0.502271 0.718289 -0.872757 
v -0.488103 0.717003 -0.880848 
v -0.473744 0.715887 -0.888622 
v -0.459202 0.714941 -0.896072 
v -0.444488 0.714167 -0.903195 
v -0.429609 0.713564 -0.909987 
v -0.414576 0.713133 -0.916442 
v -0.399397 0.712875 -0.922556 
v -0.384082 0.712788 -0.928327 
v -0.36864 0.712875 -0.933751 
v -0.353082 0.713133 -0.938823 
v -0.337416 0.713564 -0.943542 
v -0.321653 0.714167 -0.947903 
v -0.305803 0.714941 -0.951905 
v -0.289874 0.715887 -0.955545 
v -0.273878 0.717003 -0.95882 
v -0.257823 0.718289 -0.961729 
v -0.241721 0.719744 -0.964269 
v -0.22558 0.721367 -0.96644 
v -0.209412 0.723157 -0.968239 
v -0.193226 0.725113 -0.969666 
v -0.177031 0.727234 -0.97072 
v -0.16084 0.729519 -0.9714 
v -0.14466 0.731965 -0.971706 
v -0.597769 0.711572 -0.779908 
v -0.585601 0.708999 -0.790207 
v -0.573179 0.706586 -0.800237 
v -0.56051 0.704332 -0.809991 
v -0.547602 0.702239 -0.819465 
v -0.534464 0.700309 -0.828651 
v -0.521103 0.698543 -0.837545 
v -0.507528 0.696942 -0.84614 
v -0.493747 0.695506 -0.854432 
v -0.479769 0.694238 -0.862415 
v -0.465602 0.693137 -0.870084 
v -0.451255 0.692204 -0.877435 
v -0.436738 0.69144 -0.884463 
v -0.422058 0.690845 -0.891163 
v -0.407226 0.69042 -0.897531 
v -0.392251 0.690165 -0.903564 
v -0.377141 0.69008 -0.909258 
v -0.361906 0.690165 -0.914609 
v -0.346557 0.69042 -0.919613 
v -0.331101 0.690845 -0.924269 
v -0.315549 0.69144 -0.928572 
v -0.299911 0.692204 -0.93252 
v -0.284196 0.693137 -0.936111 
v -0.268413 0.694238 -0.939342 
v -0.252574 0.695506 -0.942212 
v -0.236687 0.696942 -0.944718 
v -0.220763 0.698543 -0.94686 
v -0.204811 0.700309 -0.948635 
v -0.188842 0.702239 -0.950043 
v -0.172865 0.704332 -0.951083 
v -0.15689 0.706586 -0.951753 
v -0.128503 0.734572 -0.971637 
v -0.140927 0.708999 -0.952055 
v -0.587496 0.688424 -0.762171 
v -0.575502 0.685888 -0.772323 
v -0.563257 0.683509 -0.78221 
v -0.550769 0.681287 -0.791825 
v -0.538045 0.679225 -0.801164 
v -0.525094 0.677322 -0.810219 
v -0.511924 0.675581 -0.818986 
v -0.498542 0.674003 -0.827459 
v -0.484958 0.672588 -0.835632 
v -0.471179 0.671337 -0.843502 
v -0.457214 0.670252 -0.851062 
v -0.443072 0.669332 -0.858307 
v -0.428761 0.668579 -0.865235 
v -0.414291 0.667993 -0.87184 
v -0.39967 0.667574 -0.878117 
v -0.384908 0.667322 -0.884064 
v -0.370014 0.667238 -0.889677 
v -0.354997 0.667322 -0.894951 
v -0.339866 0.667574 -0.899885 
v -0.32463 0.667993 -0.904473 
v -0.3093 0.668579 -0.908715 
v -0.293885 0.669332 -0.912607 
v -0.278394 0.670252 -0.916147 
v -0.262836 0.671337 -0.919332 
v -0.247223 0.672588 -0.922161 
v -0.231563 0.674003 -0.924632 
v -0.215865 0.675581 -0.926743 
v -0.200141 0.677322 -0.928493 
v -0.184399 0.679225 -0.92988 
v -0.16865 0.681287 -0.930905 
v -0.152903 0.683509 -0.931566 
v -0.124986 0.711572 -0.951987 
v -0.137167 0.685888 -0.931864 
v -0.576886 0.665131 -0.744006 
v -0.565073 0.662633 -0.754004 
v -0.553014 0.66029 -0.763741 
v -0.540715 0.658102 -0.773211 
v -0.528184 0.656071 -0.782408 
v -0.515429 0.654197 -0.791326 
v -0.502459 0.652482 -0.79996 
v -0.48928 0.650928 -0.808304 
v -0.475901 0.649534 -0.816354 
v -0.462331 0.648303 -0.824104 
v -0.448578 0.647234 -0.831549 
v -0.43465 0.646328 -0.838685 
v -0.420556 0.645586 -0.845508 
v -0.406305 0.645009 -0.852012 
v -0.391906 0.644596 -0.858195 
v -0.377368 0.644349 -0.864052 
v -0.362699 0.644266 -0.869579 
v -0.347909 0.644349 -0.874774 
v -0.333008 0.644596 -0.879632 
v -0.318003 0.645009 -0.884152 
v -0.302905 0.645586 -0.888329 
v -0.287724 0.646328 -0.892162 
v -0.272467 0.647234 -0.895648 
v -0.257146 0.648303 -0.898785 
v -0.241769 0.649534 -0.901571 
v -0.226346 0.650928 -0.904004 
v -0.210887 0.652482 -0.906083 
v -0.195401 0.654197 -0.907807 
v -0.179897 0.656071 -0.909174 
v -0.164387 0.658102 -0.910183 
v -0.148878 0.66029 -0.910834 
v -0.121454 0.688424 -0.931797 
v -0.133381 0.662633 -0.911127 
v -0.565933 0.641693 -0.72541 
v -0.55431 0.639236 -0.735247 
v -0.542445 0.636931 -0.744827 
v -0.530344 0.634778 -0.754144 
v -0.518015 0.632779 -0.763193 
v -0.505466 0.630936 -0.771968 
v -0.492704 0.629249 -0.780463 
v -0.479737 0.627719 -0.788673 
v -0.466574 0.626348 -0.796593 
v -0.453222 0.625136 -0.804218 
v -0.43969 0.624084 -0.811543 
v -0.425987 0.623193 -0.818565 
v -0.41212 0.622463 -0.825277 
v -0.398099 0.621895 -0.831677 
v -0.383931 0.621489 -0.83776 
v -0.369627 0.621246 -0.843523 
v -0.355195 0.621164 -0.848961 
v -0.340643 0.621246 -0.854072 
v -0.325981 0.621489 -0.858852 
v -0.311218 0.621895 -0.863299 
v -0.296364 0.622463 -0.867409 
v -0.281426 0.623193 -0.87118 
v -0.266416 0.624084 -0.87461 
v -0.251341 0.625136 -0.877697 
v -0.236211 0.626348 -0.880438 
v -0.221037 0.627719 -0.882832 
v -0.205826 0.629249 -0.884877 
v -0.19059 0.630936 -0.886573 
v -0.175336 0.632779 -0.887918 
v -0.160075 0.634778 -0.888911 
v -0.144816 0.636931 -0.889552 
v -0.117906 0.665131 -0.911061 
v -0.129569 0.639236 -0.88984 
v -0.554635 0.618113 -0.706378 
v -0.543211 0.615698 -0.716047 
v -0.531549 0.613432 -0.725464 
v -0.519655 0.611316 -0.734622 
v -0.507536 0.609351 -0.743516 
v -0.495202 0.607539 -0.752141 
v -0.482658 0.605881 -0.76049 
v -0.469913 0.604378 -0.76856 
v -0.456974 0.60303 -0.776345 
v -0.443851 0.601839 -0.78384 
v -0.43055 0.600805 -0.79104 
v -0.417081 0.599929 -0.797941 
v -0.403451 0.599212 -0.804539 
v -0.38967 0.598654 -0.810829 
v -0.375745 0.598255 -0.816808 
v -0.361685 0.598015 -0.822472 
v -0.347499 0.597935 -0.827818 
v -0.333196 0.598015 -0.832841 
v -0.318785 0.598255 -0.83754 
v -0.304275 0.598654 -0.841911 
v -0.289674 0.599212 -0.84595 
v -0.274992 0.599929 -0.849657 
v -0.260238 0.600805 -0.853029 
v -0.245421 0.601839 -0.856062 
v -0.23055 0.60303 -0.858757 
v -0.215635 0.604378 -0.86111 
v -0.200684 0.605881 -0.86312 
v -0.185708 0.607539 -0.864787 
v -0.170715 0.609351 -0.866109 
v -0.155715 0.611316 -0.867085 
v -0.140717 0.613432 -0.867715 
v -0.114343 0.641693 -0.889775 
v -0.12573 0.615698 -0.867998 
v -0.542988 0.594392 -0.68691 
v -0.531772 0.592021 -0.696403 
v -0.520321 0.589796 -0.705649 
v -0.508643 0.587719 -0.714641 
v -0.496745 0.58579 -0.723373 
v -0.484634 0.584011 -0.731841 
v -0.472317 0.582382 -0.74004 
v -0.459804 0.580906 -0.747963 
v -0.4471 0.579583 -0.755606 
v -0.434215 0.578414 -0.762965 
v -0.421156 0.577399 -0.770035 
v -0.407931 0.576539 -0.776811 
v -0.394548 0.575834 -0.783289 
v -0.381017 0.575286 -0.789465 
v -0.367344 0.574894 -0.795336 
v -0.35354 0.574659 -0.800897 
v -0.339611 0.574581 -0.806146 
v -0.325568 0.574659 -0.811078 
v -0.311418 0.574894 -0.815691 
v -0.297171 0.575286 -0.819983 
v -0.282835 0.575834 -0.823949 
v -0.268419 0.576539 -0.827589 
v -0.253933 0.577399 -0.830899 
v -0.239385 0.578414 -0.833878 
v -0.224784 0.579583 -0.836523 
v -0.210139 0.580906 -0.838833 
v -0.19546 0.582382 -0.840807 
v -0.180756 0.584011 -0.842444 
v -0.166035 0.58579 -0.843742 
v -0.151307 0.587719 -0.8447 
v -0.136581 0.589796 -0.845319 
v -0.110764 0.618113 -0.867934 
v -0.121866 0.592021 -0.845596 
v -0.51999 0.568208 -0.676311 
v -0.50876 0.566026 -0.685379 
v -0.497307 0.563988 -0.694197 
v -0.485637 0.562096 -0.702762 
v -0.473759 0.560352 -0.711067 
v -0.46168 0.558755 -0.719108 
v -0.449408 0.557307 -0.726878 
v -0.436949 0.556009 -0.734375 
v -0.424311 0.554862 -0.741592 
v -0.411504 0.553867 -0.748525 
v -0.398533 0.553024 -0.755171 
v -0.385409 0.552333 -0.761524 
v -0.372137 0.551795 -0.767582 
v -0.358728 0.551411 -0.773339 
v -0.345189 0.55118 -0.778793 
v -0.331529 0.551103 -0.783941 
v -0.317756 0.55118 -0.788778 
v -0.303879 0.551411 -0.793303 
v -0.289906 0.551795 -0.797511 
v -0.275846 0.552333 -0.801402 
v -0.261708 0.553024 -0.804971 
v -0.247501 0.553867 -0.808217 
v -0.233233 0.554862 -0.811139 
v -0.218913 0.556009 -0.813733 
v -0.20455 0.557307 -0.815999 
v -0.190154 0.558755 -0.817935 
v -0.175732 0.560352 -0.81954 
v -0.161295 0.562096 -0.820813 
v -0.14685 0.563988 -0.821753 
v -0.132408 0.566026 -0.822359 
v -0.507864 0.544261 -0.655769 
v -0.496863 0.542123 -0.664651 
v -0.485643 0.540127 -0.67329 
v -0.474212 0.538274 -0.681679 
v -0.462577 0.536565 -0.689815 
v -0.450745 0.535001 -0.697691 
v -0.438723 0.533583 -0.705303 
v -0.426518 0.532311 -0.712646 
v -0.414139 0.531188 -0.719716 
v -0.401593 0.530213 -0.726508 
v -0.388888 0.529387 -0.733017 
v -0.376031 0.52871 -0.739241 
v -0.363031 0.528183 -0.745175 
v -0.349896 0.527807 -0.750815 
v -0.336633 0.527581 -0.756158 
v -0.323252 0.527505 -0.7612 
v -0.309761 0.527581 -0.765938 
v -0.296167 0.527807 -0.77037 
v -0.282479 0.528183 -0.774493 
v -0.268707 0.52871 -0.778304 
v -0.254857 0.529387 -0.7818 
v -0.24094 0.530213 -0.784981 
v -0.226963 0.531188 -0.787842 
v -0.212936 0.532311 -0.790384 
v -0.198867 0.533583 -0.792603 
v -0.184765 0.535001 -0.7945 
v -0.170638 0.536565 -0.796072 
v -0.156495 0.538274 -0.797319 
v -0.142346 0.540127 -0.79824 
v -0.117977 0.568208 -0.822632 
v -0.128199 0.542123 -0.798834 
v -0.495389 0.520183 -0.634774 
v -0.484627 0.518092 -0.643464 
v -0.47365 0.516139 -0.651915 
v -0.462467 0.514326 -0.660123 
v -0.451084 0.512654 -0.668082 
v -0.439508 0.511123 -0.675787 
v -0.427747 0.509736 -0.683235 
v -0.415807 0.508492 -0.690419 
v -0.403696 0.507393 -0.697335 
v -0.391422 0.506439 -0.70398 
v -0.378992 0.505631 -0.710348 
v -0.366414 0.504969 -0.716437 
v -0.353696 0.504454 -0.722242 
v -0.340845 0.504085 -0.72776 
v -0.32787 0.503864 -0.732987 
v -0.314779 0.503791 -0.73792 
v -0.30158 0.503864 -0.742556 
v -0.288281 0.504085 -0.746892 
v -0.27489 0.504454 -0.750925 
v -0.261416 0.504969 -0.754653 
v -0.247866 0.505631 -0.758074 
v -0.234251 0.506439 -0.761185 
v -0.220577 0.507393 -0.763985 
v -0.206854 0.508492 -0.766471 
v -0.19309 0.509736 -0.768643 
v -0.179293 0.511123 -0.770498 
v -0.165472 0.512654 -0.772036 
v -0.151636 0.514326 -0.773256 
v -0.137794 0.516139 -0.774157 
v -0.114062 0.544261 -0.799101 
v -0.123953 0.518092 -0.774738 
v -0.482565 0.495977 -0.613324 
v -0.47205 0.493934 -0.621814 
v -0.461326 0.492026 -0.630071 
v -0.4504 0.490255 -0.63809 
v -0.439279 0.488621 -0.645867 
v -0.427969 0.487126 -0.653395 
v -0.416478 0.485771 -0.660671 
v -0.404813 0.484555 -0.667689 
v -0.392981 0.483482 -0.674447 
v -0.380989 0.482549 -0.680939 
v -0.368845 0.48176 -0.687161 
v -0.356556 0.481113 -0.69311 
v -0.34413 0.48061 -0.698781 
v -0.331575 0.48025 -0.704172 
v -0.318899 0.480034 -0.709279 
v -0.306109 0.479962 -0.714098 
v -0.293213 0.480034 -0.718627 
v -0.28022 0.48025 -0.722864 
v -0.267137 0.48061 -0.726804 
v -0.253972 0.481113 -0.730447 
v -0.240735 0.48176 -0.733789 
v -0.227433 0.482549 -0.736828 
v -0.214073 0.483482 -0.739564 
v -0.200666 0.484555 -0.741993 
v -0.187218 0.485771 -0.744115 
v -0.173739 0.487126 -0.745927 
v -0.160236 0.488621 -0.74743 
v -0.146718 0.490255 -0.748622 
v -0.133194 0.492026 -0.749502 
v -0.110123 0.520183 -0.774999 
v -0.119671 0.493934 -0.75007 
v -0.469389 0.471647 -0.591419 
v -0.459131 0.469654 -0.599702 
v -0.448669 0.467793 -0.607757 
v -0.43801 0.466065 -0.615581 
v -0.42716 0.464471 -0.623167 
v -0.416126 0.463012 -0.630511 
v -0.404916 0.46169 -0.63761 
v -0.393535 0.460505 -0.644457 
v -0.381992 0.459457 -0.651049 
v -0.370293 0.458548 -0.657383 
v -0.358445 0.457777 -0.663453 
v -0.346456 0.457146 -0.669257 
v -0.334334 0.456655 -0.67479 
v -0.322085 0.456304 -0.680049 
v -0.309718 0.456093 -0.685031 
v -0.29724 0.456023 -0.689733 
v -0.284659 0.456093 -0.694152 
v -0.271983 0.456304 -0.698284 
v -0.25922 0.456655 -0.702129 
v -0.246377 0.457146 -0.705682 
v -0.233463 0.457777 -0.708943 
v -0.220485 0.458548 -0.711908 
v -0.207452 0.459457 -0.714577 
v -0.194371 0.460505 -0.716947 
v -0.181252 0.46169 -0.719016 
v -0.168102 0.463012 -0.720785 
v -0.154929 0.464471 -0.722251 
v -0.141741 0.466065 -0.723414 
v -0.128547 0.467793 -0.724272 
v -0.106159 0.495977 -0.750325 
v -0.115354 0.469654 -0.724826 
v -0.45586 0.447198 -0.569057 
v -0.445867 0.445256 -0.577125 
v -0.435676 0.443443 -0.584972 
v -0.425294 0.44176 -0.592592 
v -0.414725 0.440207 -0.599982 
v -0.403978 0.438787 -0.607136 
v -0.393058 0.437498 -0.61405 
v -0.381972 0.436344 -0.62072 
v -0.370728 0.435323 -0.627141 
v -0.359332 0.434437 -0.633311 
v -0.347791 0.433687 -0.639223 
v -0.336114 0.433072 -0.644877 
v -0.324305 0.432594 -0.650266 
v -0.312374 0.432252 -0.655389 
v -0.300328 0.432047 -0.660242 
v -0.288174 0.431978 -0.664822 
v -0.275919 0.432047 -0.669126 
v -0.263571 0.432252 -0.673152 
v -0.251139 0.432594 -0.676897 
v -0.238629 0.433072 -0.680358 
v -0.226049 0.433687 -0.683534 
v -0.213408 0.434437 -0.686423 
v -0.200713 0.435323 -0.689022 
v -0.187971 0.436344 -0.69133 
v -0.175192 0.437498 -0.693347 
v -0.162383 0.438787 -0.695069 
v -0.149551 0.440207 -0.696497 
v -0.136705 0.44176 -0.69763 
v -0.123853 0.443443 -0.698466 
v -0.102172 0.471647 -0.725075 
v -0.111002 0.445256 -0.699006 
v -0.441976 0.422633 -0.546237 
v -0.432258 0.420744 -0.554083 
v -0.422348 0.418981 -0.561714 
v -0.412251 0.417344 -0.569124 
v -0.401974 0.415835 -0.57631 
v -0.391522 0.414453 -0.583267 
v -0.380903 0.413201 -0.589991 
v -0.370123 0.412078 -0.596477 
v -0.359189 0.411085 -0.602722 
v -0.348107 0.410224 -0.608721 
v -0.336884 0.409494 -0.614471 
v -0.325527 0.408896 -0.619969 
v -0.314045 0.408431 -0.62521 
v -0.302442 0.408099 -0.630192 
v -0.290728 0.407899 -0.634911 
v -0.278908 0.407833 -0.639365 
v -0.266991 0.407899 -0.643551 
v -0.254983 0.408099 -0.647465 
v -0.242893 0.408431 -0.651107 
v -0.230728 0.408896 -0.654473 
v -0.218495 0.409494 -0.657562 
v -0.206201 0.410224 -0.660371 
v -0.193856 0.411085 -0.662898 
v -0.181465 0.412078 -0.665143 
v -0.169038 0.413201 -0.667104 
v -0.156581 0.414453 -0.668779 
v -0.144103 0.415835 -0.670168 
v -0.131611 0.417344 -0.671269 
v -0.119113 0.418981 -0.672082 
v -0.0981619 0.447198 -0.699248 
v -0.106617 0.420744 -0.672607 
v -0.427736 0.397957 -0.52296 
v -0.418303 0.396124 -0.530576 
v -0.408683 0.394413 -0.537983 
v -0.398882 0.392824 -0.545177 
v -0.388906 0.391358 -0.552153 
v -0.37876 0.390017 -0.558906 
v -0.368452 0.388801 -0.565433 
v -0.357987 0.387711 -0.571729 
v -0.347373 0.386748 -0.577791 
v -0.336615 0.385912 -0.583615 
v -0.325721 0.385203 -0.589196 
v -0.314698 0.384623 -0.594533 
v -0.303551 0.384172 -0.59962 
v -0.292288 0.383849 -0.604456 
v -0.280917 0.383655 -0.609037 
v -0.269443 0.383591 -0.613361 
v -0.257875 0.383655 -0.617424 
v -0.246219 0.383849 -0.621224 
v -0.234483 0.384172 -0.624759 
v -0.222674 0.384623 -0.628027 
v -0.210799 0.385203 -0.631025 
v -0.198866 0.385912 -0.633751 
v -0.186882 0.386748 -0.636205 
v -0.174854 0.387711 -0.638384 
v -0.162791 0.388801 -0.640287 
v -0.150699 0.390017 -0.641914 
v -0.138586 0.391358 -0.643262 
v -0.12646 0.392824 -0.644331 
v -0.114328 0.394413 -0.64512 
v -0.0941296 0.422633 -0.672843 
v -0.102197 0.396124 -0.64563 
v -0.41314 0.373177 -0.499227 
v -0.404001 0.371401 -0.506605 
v -0.394681 0.369743 -0.513782 
v -0.385185 0.368204 -0.520751 
v -0.375519 0.366784 -0.527509 
v -0.36569 0.365484 -0.534052 
v -0.355703 0.364306 -0.540376 
v -0.345565 0.36325 -0.546476 
v -0.335281 0.362317 -0.552349 
v -0.324859 0.361507 -0.557991 
v -0.314304 0.360821 -0.563399 
v -0.303624 0.360259 -0.568569 
v -0.292825 0.359821 -0.573498 
v -0.281913 0.359508 -0.578183 
v -0.270896 0.359321 -0.582622 
v -0.25978 0.359258 -0.58681 
v -0.248572 0.359321 -0.590747 
v -0.237279 0.359508 -0.594429 
v -0.225909 0.359821 -0.597853 
v -0.214468 0.360259 -0.601019 
v -0.202963 0.360821 -0.603924 
v -0.191401 0.361507 -0.606565 
v -0.179791 0.362317 -0.608943 
v -0.168138 0.36325 -0.611054 
v -0.15645 0.364306 -0.612898 
v -0.144735 0.365484 -0.614473 
v -0.133 0.366784 -0.615779 
v -0.121252 0.368204 -0.616815 
v -0.109497 0.369743 -0.61758 
v -0.0900757 0.397957 -0.645859 
v -0.0977449 0.371401 -0.618073 
v -0.389352 0.346581 -0.482171 
v -0.380341 0.344978 -0.48911 
v -0.37116 0.34349 -0.495848 
v -0.361816 0.342117 -0.502382 
v -0.352312 0.340861 -0.508707 
v -0.342657 0.339722 -0.514821 
v -0.332855 0.338701 -0.520719 
v -0.322913 0.337799 -0.526397 
v -0.312836 0.337015 -0.531851 
v -0.302632 0.336352 -0.53708 
v -0.292306 0.335809 -0.542078 
v -0.281866 0.335385 -0.546844 
v -0.271316 0.335083 -0.551373 
v -0.260664 0.334902 -0.555665 
v -0.249917 0.334841 -0.559714 
v -0.239082 0.334902 -0.56352 
v -0.228164 0.335083 -0.56708 
v -0.217171 0.335385 -0.570391 
v -0.206109 0.335809 -0.573451 
v -0.194986 0.336352 -0.57626 
v -0.183809 0.337015 -0.578814 
v -0.172584 0.337799 -0.581112 
v -0.161318 0.338701 -0.583153 
v -0.150018 0.339722 -0.584936 
v -0.138692 0.340861 -0.586459 
v -0.127346 0.342117 -0.587722 
v -0.115987 0.34349 -0.588723 
v -0.104623 0.344978 -0.589463 
v -0.374356 0.321671 -0.457277 
v -0.365664 0.320125 -0.463969 
v -0.356809 0.318689 -0.470469 
v -0.347795 0.317365 -0.476772 
v -0.338628 0.316153 -0.482873 
v -0.329314 0.315055 -0.488771 
v -0.319859 0.31407 -0.494459 
v -0.310269 0.3132 -0.499936 
v -0.300549 0.312444 -0.505198 
v -0.290706 0.311804 -0.510241 
v -0.280746 0.31128 -0.515063 
v -0.270675 0.310872 -0.51966 
v -0.260499 0.31058 -0.524029 
v -0.250224 0.310405 -0.528168 
v -0.239857 0.310347 -0.532075 
v -0.229405 0.310405 -0.535746 
v -0.218874 0.31058 -0.539179 
v -0.20827 0.310872 -0.542373 
v -0.1976 0.31128 -0.545326 
v -0.186871 0.311804 -0.548034 
v -0.176089 0.312444 -0.550498 
v -0.165261 0.3132 -0.552715 
v -0.154394 0.31407 -0.554684 
v -0.143494 0.315055 -0.556403 
v -0.132569 0.316153 -0.557873 
v -0.121625 0.317365 -0.559091 
v -0.110668 0.318689 -0.560057 
v -0.093261 0.346581 -0.58994 
v -0.0997066 0.320125 -0.56077 
v -0.359015 0.296679 -0.431924 
v -0.350651 0.295191 -0.438364 
v -0.342131 0.29381 -0.444618 
v -0.333457 0.292535 -0.450682 
v -0.324637 0.29137 -0.456553 
v -0.315676 0.290312 -0.462228 
v -0.306578 0.289365 -0.467701 
v -0.29735 0.288527 -0.472971 
v -0.287998 0.2878 -0.478034 
v -0.278527 0.287185 -0.482887 
v -0.268943 0.28668 -0.487526 
v -0.259253 0.286288 -0.491949 
v -0.249462 0.286007 -0.496153 
v -0.239575 0.285838 -0.500136 
v -0.229601 0.285782 -0.503895 
v -0.219544 0.285838 -0.507427 
v -0.20941 0.286007 -0.510731 
v -0.199207 0.286288 -0.513804 
v -0.188941 0.28668 -0.516644 
v -0.178617 0.287185 -0.519251 
v -0.168243 0.2878 -0.521621 
v -0.157824 0.288527 -0.523755 
v -0.147368 0.289365 -0.525649 
v -0.136881 0.290312 -0.527304 
v -0.126368 0.29137 -0.528717 
v -0.115838 0.292535 -0.529889 
v -0.105296 0.29381 -0.530819 
v -0.0887464 0.321671 -0.56123 
v -0.0947482 0.295191 -0.531505 
v -0.343329 0.271612 -0.406118 
v -0.335304 0.270184 -0.412297 
v -0.327128 0.268859 -0.418298 
v -0.318806 0.267636 -0.424117 
v -0.310342 0.266517 -0.429751 
v -0.301743 0.265503 -0.435196 
v -0.293013 0.264594 -0.440448 
v -0.284159 0.26379 -0.445505 
v -0.275185 0.263093 -0.450363 
v -0.266097 0.262502 -0.45502 
v -0.2569 0.262018 -0.459471 
v -0.247602 0.261641 -0.463715 
v -0.238206 0.261372 -0.46775 
v -0.22872 0.26121 -0.471571 
v -0.219149 0.261156 -0.475178 
v -0.209498 0.26121 -0.478567 
v -0.199775 0.261372 -0.481738 
v -0.189985 0.261641 -0.484686 
v -0.180133 0.262018 -0.487412 
v -0.170227 0.262502 -0.489913 
v -0.160272 0.263093 -0.492188 
v -0.150275 0.26379 -0.494235 
v -0.140242 0.264594 -0.496053 
v -0.130178 0.265503 -0.49764 
v -0.120091 0.266517 -0.498997 
v -0.109986 0.267636 -0.500121 
v -0.0998703 0.268859 -0.501013 
v -0.0842024 0.296679 -0.531948 
v -0.0897495 0.270184 -0.501672 
v -0.327302 0.24648 -0.379863 
v -0.319625 0.245114 -0.385775 
v -0.311803 0.243846 -0.391515 
v -0.303841 0.242676 -0.397082 
v -0.295745 0.241606 -0.402472 
v -0.287518 0.240636 -0.407681 
v -0.279167 0.239766 -0.412706 
v -0.270696 0.238997 -0.417543 
v -0.262111 0.23833 -0.422191 
v -0.253417 0.237764 -0.426645 
v -0.244619 0.237301 -0.430904 
v -0.235723 0.236941 -0.434964 
v -0.226735 0.236683 -0.438824 
v -0.21766 0.236529 -0.44248 
v -0.208503 0.236477 -0.44593 
v -0.199271 0.236529 -0.449173 
v -0.189969 0.236683 -0.452205 
v -0.180603 0.236941 -0.455027 
v -0.171179 0.237301 -0.457634 
v -0.161702 0.237764 -0.460027 
v -0.152178 0.23833 -0.462203 
v -0.142614 0.238997 -0.464161 
v -0.133016 0.239766 -0.4659 
v -0.123389 0.240636 -0.467419 
v -0.113738 0.241606 -0.468717 
v -0.104072 0.242676 -0.469793 
v -0.0943942 0.243846 -0.470646 
v -0.0796301 0.271612 -0.502097 
v -0.084712 0.245114 -0.471276 
v -0.310937 0.221292 -0.353166 
v -0.303617 0.21999 -0.358802 
v -0.296159 0.218781 -0.364276 
v -0.288568 0.217666 -0.369584 
v -0.280848 0.216646 -0.374722 
v -0.273004 0.21572 -0.379689 
v -0.265042 0.214891 -0.38448 
v -0.256965 0.214158 -0.389092 
v -0.248779 0.213522 -0.393523 
v -0.24049 0.212983 -0.397771 
v -0.232102 0.212541 -0.401831 
v -0.22362 0.212198 -0.405702 
v -0.21505 0.211952 -0.409382 
v -0.206398 0.211804 -0.412868 
v -0.197667 0.211755 -0.416158 
v -0.188865 0.211804 -0.419249 
v -0.179996 0.211952 -0.422141 
v -0.171065 0.212198 -0.424831 
v -0.16208 0.212541 -0.427317 
v -0.153044 0.212983 -0.429598 
v -0.143964 0.213522 -0.431673 
v -0.134845 0.214158 -0.43354 
v -0.125693 0.214891 -0.435198 
v -0.116514 0.21572 -0.436647 
v -0.107313 0.216646 -0.437884 
v -0.0980961 0.217666 -0.43891 
v -0.088869 0.218781 -0.439723 
v -0.0750312 0.24648 -0.471682 
v -0.0796375 0.21999 -0.440324 
v -0.294237 0.196061 -0.326034 
v -0.287284 0.194824 -0.331388 
v -0.280199 0.193675 -0.336587 
v -0.272989 0.192616 -0.341629 
v -0.265656 0.191647 -0.34651 
v -0.258205 0.190768 -0.351228 
v -0.250641 0.18998 -0.355779 
v -0.242969 0.189284 -0.36016 
v -0.235194 0.18868 -0.364369 
v -0.22732 0.188168 -0.368403 
v -0.219352 0.187748 -0.372261 
v -0.211296 0.187422 -0.375938 
v -0.203155 0.187188 -0.379433 
v -0.194936 0.187048 -0.382744 
v -0.186643 0.187002 -0.385869 
v -0.178282 0.187048 -0.388806 
v -0.169857 0.187188 -0.391553 
v -0.161374 0.187422 -0.394108 
v -0.152839 0.187748 -0.396469 
v -0.144256 0.188168 -0.398636 
v -0.135631 0.18868 -0.400607 
v -0.126969 0.189284 -0.402381 
v -0.118276 0.18998 -0.403956 
v -0.109556 0.190768 -0.405331 
v -0.100816 0.191647 -0.406507 
v -0.0920615 0.192616 -0.407481 
v -0.0832968 0.193675 -0.408254 
v -0.0704072 0.221292 -0.440711 
v -0.0745278 0.194824 -0.408824 
v -0.277207 0.170797 -0.298476 
v -0.27063 0.169627 -0.303541 
v -0.263929 0.168541 -0.308459 
v -0.257109 0.167539 -0.313228 
v -0.250172 0.166622 -0.317845 
v -0.243125 0.165791 -0.322307 
v -0.23597 0.165046 -0.326612 
v -0.228714 0.164387 -0.330756 
v -0.221359 0.163815 -0.334738 
v -0.213911 0.163331 -0.338554 
v -0.206374 0.162934 -0.342202 
v -0.198753 0.162626 -0.34568 
v -0.191053 0.162405 -0.348987 
v -0.183279 0.162272 -0.352119 
v -0.175435 0.162228 -0.355074 
v -0.167526 0.162272 -0.357852 
v -0.159557 0.162405 -0.36045 
v -0.151533 0.162626 -0.362867 
v -0.143459 0.162934 -0.365101 
v -0.135341 0.163331 -0.367151 
v -0.127182 0.163815 -0.369015 
v -0.118989 0.164387 -0.370693 
v -0.110766 0.165046 -0.372182 
v -0.102519 0.165791 -0.373484 
v -0.0942516 0.166622 -0.374595 
v -0.0859703 0.167539 -0.375517 
v -0.0776798 0.168541 -0.376248 
v -0.0657601 0.196061 -0.409193 
v -0.0693853 0.169627 -0.376788 
v -0.259854 0.145515 -0.270505 
v -0.253663 0.144414 -0.275272 
v -0.247355 0.143391 -0.279902 
v -0.240934 0.142448 -0.284391 
v -0.234404 0.141585 -0.288738 
v -0.227769 0.140802 -0.292939 
v -0.221034 0.140101 -0.296991 
v -0.214203 0.139481 -0.300892 
v -0.207279 0.138943 -0.304641 
v -0.200268 0.138487 -0.308233 
v -0.193173 0.138113 -0.311668 
v -0.185999 0.137823 -0.314942 
v -0.17875 0.137615 -0.318054 
v -0.171431 0.13749 -0.321003 
v -0.164046 0.137448 -0.323786 
v -0.156601 0.13749 -0.326401 
v -0.149099 0.137615 -0.328846 
v -0.141546 0.137823 -0.331122 
v -0.133945 0.138113 -0.333225 
v -0.126302 0.138487 -0.335154 
v -0.118622 0.138943 -0.336909 
v -0.110909 0.139481 -0.338488 
v -0.103168 0.140101 -0.339891 
v -0.0954038 0.140802 -0.341116 
v -0.0876214 0.141585 -0.342162 
v -0.0798254 0.142448 -0.34303 
v -0.0720208 0.143391 -0.343718 
v -0.061092 0.170797 -0.377136 
v -0.0642124 0.144414 -0.344226 
v -0.242185 0.12023 -0.242131 
v -0.236389 0.119198 -0.246595 
v -0.230482 0.118241 -0.25093 
v -0.224471 0.117358 -0.255133 
v -0.218357 0.11655 -0.259203 
v -0.212145 0.115817 -0.263136 
v -0.20584 0.11516 -0.26693 
v -0.199443 0.11458 -0.270583 
v -0.192961 0.114076 -0.274092 
v -0.186396 0.113649 -0.277455 
v -0.179754 0.113299 -0.280671 
v -0.173037 0.113027 -0.283737 
v -0.16625 0.112833 -0.286651 
v -0.159397 0.112716 -0.289411 
v -0.152484 0.112677 -0.292017 
v -0.145513 0.112716 -0.294465 
v -0.138489 0.112833 -0.296755 
v -0.131417 0.113027 -0.298885 
v -0.124301 0.113299 -0.300854 
v -0.117145 0.113649 -0.302661 
v -0.109954 0.114076 -0.304304 
v -0.102733 0.11458 -0.305783 
v -0.0954849 0.11516 -0.307096 
v -0.0882155 0.115817 -0.308243 
v -0.080929 0.11655 -0.309222 
v -0.0736299 0.117358 -0.310035 
v -0.0663227 0.118241 -0.310679 
v -0.0564051 0.145515 -0.344554 
v -0.059012 0.119198 -0.311155 
v -0.22421 0.0949571 -0.213372 
v -0.218817 0.0939976 -0.217525 
v -0.213322 0.0931067 -0.221558 
v -0.207728 0.0922851 -0.225469 
v -0.20204 0.0915332 -0.229255 
v -0.196261 0.0908514 -0.232914 
v -0.190394 0.0902403 -0.236444 
v -0.184443 0.0897002 -0.239843 
v -0.178412 0.0892315 -0.243108 
v -0.172304 0.0888343 -0.246237 
v -0.166124 0.088509 -0.249229 
v -0.159875 0.0882558 -0.252081 
v -0.15356 0.0880749 -0.254793 
v -0.147185 0.0879662 -0.257361 
v -0.140752 0.08793 -0.259785 
v -0.134266 0.0879662 -0.262063 
v -0.127732 0.0880749 -0.264194 
v -0.121152 0.0882558 -0.266175 
v -0.114531 0.088509 -0.268007 
v -0.107873 0.0888343 -0.269688 
v -0.101183 0.0892315 -0.271217 
v -0.0944643 0.0897002 -0.272593 
v -0.0877212 0.0902403 -0.273814 
v -0.0809578 0.0908514 -0.274881 
v -0.0741785 0.0915332 -0.275793 
v -0.0673875 0.0922851 -0.276549 
v -0.060589 0.0931067 -0.277148 
v -0.0517022 0.12023 -0.311462 
v -0.0537871 0.0939976 -0.277591 
v -0.205938 0.0697156 -0.184245 
v -0.200957 0.0688295 -0.18808 
v -0.195882 0.0680067 -0.191805 
v -0.190716 0.0672479 -0.195417 
v -0.185463 0.0665534 -0.198914 
v -0.180126 0.0659238 -0.202293 
v -0.174707 0.0653594 -0.205554 
v -0.169211 0.0648606 -0.208692 
v -0.163641 0.0644277 -0.211708 
v -0.158 0.0640609 -0.214598 
v -0.152292 0.0637605 -0.217361 
v -0.14652 0.0635266 -0.219995 
v -0.140689 0.0633595 -0.222499 
v -0.1348 0.0632591 -0.224872 
v -0.128859 0.0632257 -0.22711 
v -0.122869 0.0632591 -0.229214 
v -0.116834 0.0633595 -0.231182 
v -0.110757 0.0635266 -0.233012 
v -0.104643 0.0637605 -0.234704 
v -0.0984938 0.0640609 -0.236256 
v -0.0923149 0.0644277 -0.237668 
v -0.0861096 0.0648606 -0.238939 
v -0.0798818 0.0653594 -0.240067 
v -0.0736354 0.0659238 -0.241053 
v -0.0673743 0.0665534 -0.241895 
v -0.0611023 0.0672479 -0.242593 
v -0.0548234 0.0680067 -0.243146 
v -0.0469862 0.0949571 -0.277876 
v -0.0485415 0.0688295 -0.243555 
v -0.0422604 0.0697156 -0.243819 
v -0.0860013 0.373177 -0.618295 
v -0.107172 0.594392 -0.845534 
v -0.115673 0.760226 -0.990302 
v -0.118008 0.897526 -1.09315 
v -0.115775 1.0087 -1.16456 
v -0.112941 1.11644 -1.22387 
v -0.566223 1.19931 -1.21013 
v -0.583058 1.20019 -1.20198 
v -0.599694 1.20127 -1.19345 
v -0.694783 1.21183 -1.13476 
v -0.709751 1.21426 -1.12377 
v -0.724441 1.21687 -1.11246 
v -0.371032 1.20255 -1.27377 
v -0.389333 1.20127 -1.27002 
v -0.407557 1.20019 -1.26586 
v -0.443725 1.19862 -1.25629 
v -0.461648 1.19812 -1.25089 
v -0.479447 1.19783 -1.24509 
v -0.514635 1.19783 -1.23228 
v -0.532001 1.19812 -1.22528 
v -0.5492 1.19862 -1.2179 
v -0.738846 1.21967 -1.10083 
v -0.425691 1.19931 -1.26128 
v -0.497114 1.19773 -1.23888 
v -0.616122 1.20255 -1.18456 
v -0.632332 1.20402 -1.1753 
v -0.648312 1.20569 -1.16569 
v -0.664054 1.20754 -1.15572 
v -0.679548 1.20959 -1.14541 
v -0.241708 1.21687 -1.28816 
v -0.260233 1.21426 -1.28738 
v -0.27876 1.21183 -1.28618 
v -0.352664 1.20402 -1.27709 
v -0.752956 1.22265 -1.08889 
v -0.766762 1.22582 -1.07664 
v -0.780256 1.22916 -1.06409 
v -0.223197 1.21967 -1.28851 
v -0.315776 1.20754 -1.28248 
v -0.334242 1.20569 -1.28 
v -0.793429 1.23268 -1.05126 
v -0.806273 1.23638 -1.03815 
v -0.297278 1.20959 -1.28454 
v -0.149525 1.23268 -1.28562 
v -0.167864 1.22916 -1.28699 
v -0.186264 1.22582 -1.28792 
v -0.204712 1.22265 -1.28843 
v -0.113071 1.24025 -1.28162 
v -0.131256 1.23638 -1.28383 
v -0.10993 1.22041 -1.27275 
v -0.106838 1.20059 -1.26355 
v -0.106105 1.19522 -1.26102 
v -0.107126 1.18061 -1.2547 
v -0.106011 1.19524 -1.26101 
v -0.108097 1.16592 -1.24815 
v -0.107174 1.17989 -1.25438 
v -0.10902 1.15115 -1.24135 
v -0.108539 1.15884 -1.24489 
v -0.109984 1.13467 -1.23353 
v -0.11088 1.11819 -1.22546 
v -0.109808 1.13768 -1.23496 
v -0.11171 1.10168 -1.21713 
v -0.111438 1.10709 -1.21986 
v -0.112474 1.08516 -1.20854 
v -0.112018 1.09503 -1.21367 
v -0.113172 1.06862 -1.1997 
v -0.113804 1.05206 -1.1906 
v -0.112964 1.07354 -1.20233 
v -0.113809 1.05192 -1.19052 
v -0.11437 1.03549 -1.18125 
v -0.114872 1.01889 -1.17164 
v -0.11453 1.0302 -1.17819 
v -0.115308 1.00226 -1.16177 
v -0.115222 1.00553 -1.16371 
v -0.115679 0.985619 -1.15165 
v -0.115984 0.96895 -1.14127 
v -0.115661 0.986388 -1.15212 
v -0.116226 0.952256 -1.13064 
v -0.116051 0.964312 -1.13832 
v -0.116402 0.935538 -1.11975 
v -0.116333 0.942107 -1.12403 
v -0.116514 0.918793 -1.1086 
v -0.116561 0.902022 -1.0972 
v -0.116507 0.919766 -1.10925 
v -0.116543 0.885223 -1.08554 
v -0.116545 0.887754 -1.08729 
v -0.11646 0.868398 -1.07362 
v -0.116491 0.874741 -1.07811 
v -0.116313 0.851544 -1.06144 
v -0.116101 0.834661 -1.04901 
v -0.116317 0.852024 -1.06179 
v -0.115824 0.81775 -1.03631 
v -0.116012 0.829204 -1.04491 
v -0.115483 0.800809 -1.02336 
v -0.115076 0.78384 -1.01015 
v -0.115592 0.806246 -1.02752 
v -0.114605 0.76684 -0.996671 
v -0.115057 0.783153 -1.0096 
v -0.114388 0.759956 -0.991119 
v -0.114068 0.74981 -0.982936 
v -0.114051 0.74933 -0.982544 
v -0.113825 0.742705 -0.977135 
v -0.113137 0.724126 -0.961773 
v -0.1136 0.736624 -0.972107 
v -0.112373 0.705542 -0.946127 
v -0.112686 0.713166 -0.952546 
v -0.111533 0.686954 -0.930198 
v -0.110617 0.66836 -0.913985 
v -0.111651 0.689575 -0.932445 
v -0.110484 0.66587 -0.911777 
v -0.109626 0.64976 -0.89749 
v -0.108559 0.631155 -0.880712 
v -0.109184 0.642052 -0.890539 
v -0.107417 0.612543 -0.863651 
v -0.107758 0.618104 -0.868748 
v -0.106206 0.594025 -0.846401 
v -0.106199 0.593926 -0.846309 
v -0.105457 0.583234 -0.836191 
v -0.104907 0.575302 -0.828686 
v -0.103539 0.556672 -0.810781 
v -0.104507 0.569859 -0.823455 
v -0.102096 0.538035 -0.792596 
v -0.102679 0.545568 -0.799946 
v -0.100579 0.519393 -0.77413 
v -0.0989864 0.500746 -0.755384 
v -0.100722 0.521153 -0.775873 
v -0.0986202 0.496648 -0.751205 
v -0.0973192 0.482093 -0.736359 
v -0.0955773 0.463435 -0.717055 
v -0.0963807 0.47204 -0.725958 
v -0.0937607 0.444773 -0.697473 
v -0.0918695 0.426107 -0.677612 
v -0.0940084 0.447318 -0.700143 
v -0.0899036 0.407438 -0.657474 
v -0.0914909 0.422512 -0.673734 
v -0.0888308 0.397621 -0.646741 
v -0.0878631 0.388766 -0.637059 
v -0.0868944 0.380132 -0.627525 
v -0.0862936 0.374917 -0.62171 
v -0.084612 0.360324 -0.605434 
v -0.0860312 0.372641 -0.619171 
v -0.0822489 0.340541 -0.583062 
v -0.0830897 0.34758 -0.591022 
v -0.0798054 0.320785 -0.560411 
v -0.0772819 0.301056 -0.537485 
v -0.0800098 0.322437 -0.562306 
v -0.0767788 0.297248 -0.533001 
v -0.0746787 0.281355 -0.514284 
v -0.0719963 0.261686 -0.490812 
v -0.0734036 0.272005 -0.503126 
v -0.0692351 0.242049 -0.467072 
v -0.0663954 0.222446 -0.443067 
v -0.0698894 0.246702 -0.472698 
v -0.0662331 0.221358 -0.441717 
v -0.0634778 0.202881 -0.418799 
v -0.0604826 0.183354 -0.394273 
v -0.0624242 0.196012 -0.410172 
v -0.0574105 0.16387 -0.369492 
v -0.0584777 0.170639 -0.3781 
v -0.0542619 0.144431 -0.344459 
v -0.0510374 0.12504 -0.31918 
v -0.0543949 0.145252 -0.345516 
v -0.0477377 0.1057 -0.293659 
v -0.0501614 0.119905 -0.312405 
v -0.0443634 0.0864164 -0.267902 
v -0.0457922 0.0945822 -0.278809 
v -0.0409152 0.0671927 -0.241913 
v -0.0412921 0.0692939 -0.244754 
v -0.116556 0.89732 -1.09393 
v -0.115148 1.00836 -1.16539 
v -0.11097 1.11641 -1.22456 
v -0.206568 0.0691526 -0.18491 
v -0.201566 0.0682628 -0.188761 
v -0.196469 0.0674366 -0.192502 
v -0.191282 0.0666746 -0.196129 
v -0.186007 0.0659772 -0.19964 
v -0.180647 0.065345 -0.203034 
v -0.175206 0.0647782 -0.206308 
v -0.169687 0.0642773 -0.20946 
v -0.164093 0.0638426 -0.212488 
v -0.158429 0.0634743 -0.21539 
v -0.152697 0.0631726 -0.218165 
v -0.146901 0.0629378 -0.22081 
v -0.141045 0.0627699 -0.223324 
v -0.135132 0.0626692 -0.225706 
v -0.129167 0.0626356 -0.227954 
v -0.123152 0.0626692 -0.230067 
v -0.117091 0.0627699 -0.232043 
v -0.110989 0.0629378 -0.233881 
v -0.104849 0.0631726 -0.23558 
v -0.0986742 0.0634743 -0.237139 
v -0.0924695 0.0638426 -0.238557 
v -0.0862383 0.0642773 -0.239832 
v -0.0799845 0.0647782 -0.240965 
v -0.073712 0.065345 -0.241955 
v -0.0674248 0.0659772 -0.242801 
v -0.0611266 0.0666746 -0.243502 
v -0.0548214 0.0674366 -0.244057 
v -0.0485132 0.0682628 -0.244468 
v -0.0422059 0.0691526 -0.244733 
v -0.219424 0.0934338 -0.218206 
v -0.213908 0.0925395 -0.222254 
v -0.208293 0.0917147 -0.22618 
v -0.202583 0.0909599 -0.229981 
v -0.196782 0.0902756 -0.233655 
v -0.190892 0.0896621 -0.237198 
v -0.184918 0.0891199 -0.24061 
v -0.178864 0.0886494 -0.243887 
v -0.172733 0.0882507 -0.247029 
v -0.166529 0.0879242 -0.250032 
v -0.160255 0.08767 -0.252895 
v -0.153917 0.0874883 -0.255617 
v -0.147517 0.0873793 -0.258195 
v -0.141059 0.0873429 -0.260629 
v -0.134549 0.0873793 -0.262915 
v -0.127989 0.0874883 -0.265054 
v -0.121383 0.08767 -0.267044 
v -0.114737 0.0879242 -0.268883 
v -0.108054 0.0882507 -0.27057 
v -0.101338 0.0886494 -0.272105 
v -0.0945931 0.0891199 -0.273485 
v -0.087824 0.0896621 -0.274712 
v -0.0810346 0.0902756 -0.275783 
v -0.0742292 0.0909599 -0.276698 
v -0.067412 0.0917147 -0.277457 
v -0.0605873 0.0925395 -0.278059 
v -0.0537593 0.0934338 -0.278503 
v -0.0469321 0.094397 -0.27879 
v -0.236995 0.118637 -0.247275 
v -0.224838 0.094397 -0.214037 
v -0.231068 0.117676 -0.251625 
v -0.225035 0.11679 -0.255844 
v -0.218899 0.115979 -0.259928 
v -0.212665 0.115244 -0.263875 
v -0.206337 0.114585 -0.267683 
v -0.199918 0.114002 -0.271349 
v -0.193412 0.113496 -0.27487 
v -0.186824 0.113068 -0.278246 
v -0.180158 0.112717 -0.281473 
v -0.173417 0.112444 -0.28455 
v -0.166606 0.112249 -0.287474 
v -0.159729 0.112132 -0.290245 
v -0.15279 0.112092 -0.292859 
v -0.145794 0.112132 -0.295316 
v -0.138746 0.112249 -0.297615 
v -0.131648 0.112444 -0.299752 
v -0.124507 0.112717 -0.301728 
v -0.117325 0.113068 -0.303541 
v -0.110109 0.113496 -0.30519 
v -0.102861 0.114002 -0.306674 
v -0.0955877 0.114585 -0.307992 
v -0.0882924 0.115244 -0.309143 
v -0.0809798 0.115979 -0.310126 
v -0.0736546 0.11679 -0.310942 
v -0.0663213 0.117676 -0.311588 
v -0.0589844 0.118637 -0.312066 
v -0.0516485 0.119672 -0.312374 
v -0.254268 0.143855 -0.275951 
v -0.242813 0.119672 -0.242796 
v -0.247939 0.142829 -0.280596 
v -0.241497 0.141882 -0.285101 
v -0.234945 0.141016 -0.289462 
v -0.228288 0.140231 -0.293677 
v -0.221531 0.139527 -0.297743 
v -0.214676 0.138905 -0.301657 
v -0.20773 0.138365 -0.305418 
v -0.200695 0.137908 -0.309022 
v -0.193576 0.137533 -0.312468 
v -0.186378 0.137242 -0.315754 
v -0.179105 0.137033 -0.318876 
v -0.171762 0.136908 -0.321835 
v -0.164353 0.136866 -0.324627 
v -0.156882 0.136908 -0.32725 
v -0.149355 0.137033 -0.329704 
v -0.141777 0.137242 -0.331987 
v -0.134151 0.137533 -0.334097 
v -0.126482 0.137908 -0.336033 
v -0.118776 0.138365 -0.337794 
v -0.111038 0.138905 -0.339379 
v -0.103271 0.139527 -0.340786 
v -0.0954807 0.140231 -0.342015 
v -0.0876722 0.141016 -0.343065 
v -0.0798502 0.141882 -0.343935 
v -0.0720195 0.142829 -0.344626 
v -0.0641851 0.143855 -0.345136 
v -0.0563517 0.14496 -0.345465 
v -0.271234 0.16907 -0.304218 
v -0.26048 0.14496 -0.271168 
v -0.264512 0.167981 -0.309152 
v -0.25767 0.166976 -0.313936 
v -0.250712 0.166056 -0.318568 
v -0.243643 0.165222 -0.323044 
v -0.236466 0.164474 -0.327362 
v -0.229186 0.163814 -0.331519 
v -0.221809 0.16324 -0.335513 
v -0.214337 0.162754 -0.339341 
v -0.206777 0.162356 -0.343001 
v -0.199132 0.162047 -0.34649 
v -0.191408 0.161825 -0.349807 
v -0.183609 0.161692 -0.352949 
v -0.17574 0.161648 -0.355914 
v -0.167806 0.161692 -0.3587 
v -0.159813 0.161825 -0.361307 
v -0.151764 0.162047 -0.363731 
v -0.143665 0.162356 -0.365972 
v -0.135521 0.162754 -0.368028 
v -0.127336 0.16324 -0.369898 
v -0.119118 0.163814 -0.371581 
v -0.110869 0.164474 -0.373076 
v -0.102595 0.165222 -0.374381 
v -0.0943025 0.166056 -0.375496 
v -0.0859952 0.166976 -0.376421 
v -0.0776787 0.167981 -0.377154 
v -0.0693582 0.16907 -0.377695 
v -0.0610388 0.170244 -0.378045 
v -0.287886 0.194269 -0.332064 
v -0.277832 0.170244 -0.299138 
v -0.280781 0.193117 -0.337279 
v -0.273549 0.192054 -0.342336 
v -0.266194 0.191082 -0.347231 
v -0.258722 0.190201 -0.351963 
v -0.251136 0.189411 -0.356527 
v -0.243441 0.188712 -0.360921 
v -0.235643 0.188106 -0.365143 
v -0.227745 0.187593 -0.369189 
v -0.219754 0.187172 -0.373058 
v -0.211673 0.186845 -0.376746 
v -0.203509 0.186611 -0.380252 
v -0.195265 0.18647 -0.383573 
v -0.186948 0.186423 -0.386707 
v -0.178562 0.18647 -0.389652 
v -0.170112 0.186611 -0.392407 
v -0.161604 0.186845 -0.39497 
v -0.153044 0.187172 -0.397338 
v -0.144435 0.187593 -0.399512 
v -0.135785 0.188106 -0.401488 
v -0.127097 0.188712 -0.403267 
v -0.118378 0.189411 -0.404847 
v -0.109633 0.190201 -0.406226 
v -0.100867 0.191082 -0.407405 
v -0.0920863 0.192054 -0.408383 
v -0.0832957 0.193117 -0.409158 
v -0.0745008 0.194269 -0.40973 
v -0.0657071 0.195509 -0.410099 
v -0.304218 0.219437 -0.359477 
v -0.29486 0.195509 -0.326694 
v -0.296739 0.218224 -0.364966 
v -0.289127 0.217106 -0.370289 
v -0.281385 0.216083 -0.375442 
v -0.27352 0.215155 -0.380422 
v -0.265535 0.214323 -0.385226 
v -0.257435 0.213588 -0.389852 
v -0.249227 0.21295 -0.394295 
v -0.240914 0.212409 -0.398555 
v -0.232503 0.211967 -0.402626 
v -0.223997 0.211622 -0.406509 
v -0.215403 0.211376 -0.410199 
v -0.206726 0.211228 -0.413694 
v -0.197971 0.211179 -0.416993 
v -0.189144 0.211228 -0.420094 
v -0.18025 0.211376 -0.422993 
v -0.171295 0.211622 -0.425691 
v -0.162284 0.211967 -0.428184 
v -0.153223 0.212409 -0.430472 
v -0.144117 0.21295 -0.432552 
v -0.134973 0.213588 -0.434425 
v -0.125795 0.214323 -0.436087 
v -0.11659 0.215155 -0.43754 
v -0.107364 0.216083 -0.43878 
v -0.0981209 0.217106 -0.439809 
v -0.088868 0.218224 -0.440625 
v -0.0796105 0.219437 -0.441227 
v -0.0703544 0.220743 -0.441616 
v -0.320225 0.244562 -0.386447 
v -0.311559 0.220743 -0.353825 
v -0.312382 0.243291 -0.392204 
v -0.304399 0.242118 -0.397786 
v -0.296281 0.241045 -0.403189 
v -0.288032 0.240072 -0.408412 
v -0.279659 0.2392 -0.41345 
v -0.271165 0.238429 -0.418301 
v -0.262557 0.23776 -0.422961 
v -0.25384 0.237193 -0.427427 
v -0.245019 0.236728 -0.431697 
v -0.236099 0.236367 -0.435769 
v -0.227087 0.236109 -0.439638 
v -0.217988 0.235954 -0.443304 
v -0.208807 0.235902 -0.446764 
v -0.19955 0.235954 -0.450015 
v -0.190223 0.236109 -0.453056 
v -0.180832 0.236367 -0.455884 
v -0.171382 0.236728 -0.458499 
v -0.16188 0.237193 -0.460898 
v -0.152332 0.23776 -0.46308 
v -0.142742 0.238429 -0.465043 
v -0.133118 0.2392 -0.466787 
v -0.123465 0.240072 -0.46831 
v -0.113789 0.241045 -0.469611 
v -0.104096 0.242118 -0.47069 
v -0.0943932 0.243291 -0.471545 
v -0.0846852 0.244562 -0.472177 
v -0.0749785 0.245932 -0.472585 
v -0.335903 0.269634 -0.412968 
v -0.327923 0.245932 -0.38052 
v -0.327705 0.268305 -0.418985 
v -0.319362 0.267079 -0.424819 
v -0.310877 0.265958 -0.430467 
v -0.302256 0.264941 -0.435925 
v -0.293504 0.264029 -0.441191 
v -0.284627 0.263223 -0.446261 
v -0.27563 0.262524 -0.451131 
v -0.266519 0.261932 -0.4558 
v -0.257299 0.261446 -0.460263 
v -0.247977 0.261069 -0.464518 
v -0.238557 0.260799 -0.468562 
v -0.229047 0.260637 -0.472393 
v -0.219451 0.260583 -0.476009 
v -0.209776 0.260637 -0.479407 
v -0.200028 0.260799 -0.482586 
v -0.190213 0.261069 -0.485542 
v -0.180336 0.261446 -0.488275 
v -0.170405 0.261932 -0.490782 
v -0.160425 0.262524 -0.493063 
v -0.150402 0.263223 -0.495115 
v -0.140343 0.264029 -0.496937 
v -0.130254 0.264941 -0.498529 
v -0.120141 0.265958 -0.499889 
v -0.110011 0.267079 -0.501016 
v -0.0998693 0.268305 -0.50191 
v -0.0897227 0.269634 -0.502571 
v -0.0795776 0.271065 -0.502997 
v -0.351248 0.294642 -0.439033 
v -0.343948 0.271065 -0.406774 
v -0.342706 0.293257 -0.445303 
v -0.334012 0.29198 -0.451382 
v -0.325171 0.290811 -0.457267 
v -0.316187 0.289752 -0.462955 
v -0.307067 0.288802 -0.468442 
v -0.297817 0.287962 -0.473725 
v -0.288442 0.287233 -0.4788 
v -0.278948 0.286616 -0.483665 
v -0.269341 0.28611 -0.488315 
v -0.259627 0.285717 -0.492749 
v -0.249812 0.285436 -0.496964 
v -0.239902 0.285267 -0.500956 
v -0.229903 0.28521 -0.504724 
v -0.219821 0.285267 -0.508265 
v -0.209663 0.285436 -0.511576 
v -0.199435 0.285717 -0.514657 
v -0.189144 0.28611 -0.517505 
v -0.178795 0.286616 -0.520117 
v -0.168395 0.287233 -0.522494 
v -0.157951 0.287962 -0.524632 
v -0.14747 0.288802 -0.526531 
v -0.136957 0.289752 -0.52819 
v -0.126419 0.290811 -0.529607 
v -0.115862 0.29198 -0.530782 
v -0.105295 0.293257 -0.531713 
v -0.0947215 0.294642 -0.532401 
v -0.08415 0.296133 -0.532845 
v -0.366259 0.319578 -0.464637 
v -0.359632 0.296133 -0.432578 
v -0.357383 0.318139 -0.471152 
v -0.348348 0.316811 -0.477469 
v -0.33916 0.315597 -0.483586 
v -0.329824 0.314495 -0.489497 
v -0.320347 0.313508 -0.495199 
v -0.310735 0.312636 -0.500688 
v -0.300992 0.311879 -0.505963 
v -0.291126 0.311237 -0.511018 
v -0.281143 0.310712 -0.51585 
v -0.271048 0.310303 -0.520458 
v -0.260848 0.31001 -0.524838 
v -0.250549 0.309835 -0.528986 
v -0.240159 0.309776 -0.532902 
v -0.229682 0.309835 -0.536581 
v -0.219126 0.31001 -0.540023 
v -0.208497 0.310303 -0.543224 
v -0.197802 0.310712 -0.546184 
v -0.187048 0.311237 -0.548899 
v -0.176241 0.311879 -0.551368 
v -0.165388 0.312636 -0.55359 
v -0.154495 0.313508 -0.555564 
v -0.14357 0.314495 -0.557288 
v -0.132619 0.315597 -0.55876 
v -0.121649 0.316811 -0.559981 
v -0.110667 0.318139 -0.560949 
v -0.09968 0.319578 -0.561664 
v -0.0886942 0.321128 -0.562126 
v -0.380935 0.344432 -0.489776 
v -0.374972 0.321128 -0.457929 
v -0.371733 0.342941 -0.496529 
v -0.362368 0.341565 -0.503078 
v -0.352843 0.340306 -0.509418 
v -0.343166 0.339164 -0.515545 
v -0.333342 0.338141 -0.521456 
v -0.323377 0.337237 -0.527147 
v -0.313278 0.336452 -0.532614 
v -0.303051 0.335787 -0.537854 
v -0.292702 0.335242 -0.542864 
v -0.282238 0.334818 -0.54764 
v -0.271665 0.334515 -0.55218 
v -0.260989 0.334333 -0.556481 
v -0.250218 0.334272 -0.560539 
v -0.239358 0.334333 -0.564354 
v -0.228415 0.334515 -0.567921 
v -0.217398 0.334818 -0.57124 
v -0.206311 0.335242 -0.574307 
v -0.195163 0.335787 -0.577122 
v -0.18396 0.336452 -0.579682 
v -0.17271 0.337237 -0.581985 
v -0.161419 0.338141 -0.584031 
v -0.150094 0.339164 -0.585818 
v -0.138742 0.340306 -0.587344 
v -0.12737 0.341565 -0.58861 
v -0.115986 0.342941 -0.589614 
v -0.104597 0.344432 -0.590355 
v -0.0932089 0.346039 -0.590833 
v -0.395273 0.369199 -0.514447 
v -0.389966 0.346039 -0.482822 
v -0.385757 0.367656 -0.521431 
v -0.37607 0.366233 -0.528204 
v -0.36622 0.364931 -0.534761 
v -0.356211 0.36375 -0.541098 
v -0.34605 0.362692 -0.547212 
v -0.335745 0.361757 -0.553097 
v -0.3253 0.360945 -0.558752 
v -0.314722 0.360257 -0.564171 
v -0.304019 0.359694 -0.569353 
v -0.293196 0.359255 -0.574293 
v -0.282261 0.358942 -0.578988 
v -0.271219 0.358754 -0.583436 
v -0.260079 0.358691 -0.587634 
v -0.248847 0.358754 -0.591579 
v -0.23753 0.358942 -0.595268 
v -0.226135 0.359255 -0.598701 
v -0.214669 0.359694 -0.601873 
v -0.203139 0.360257 -0.604784 
v -0.191553 0.360945 -0.607432 
v -0.179917 0.361757 -0.609814 
v -0.168239 0.362692 -0.61193 
v -0.156526 0.36375 -0.613778 
v -0.144785 0.364931 -0.615357 
v -0.133025 0.366233 -0.616666 
v -0.121251 0.367656 -0.617704 
v -0.109471 0.369199 -0.61847 
v -0.097693 0.370861 -0.618965 
v -0.409274 0.39387 -0.538647 
v -0.404614 0.370861 -0.507255 
v -0.399453 0.392278 -0.545856 
v -0.389455 0.390809 -0.552846 
v -0.379288 0.389465 -0.559614 
v -0.368959 0.388247 -0.566154 
v -0.358472 0.387155 -0.572464 
v -0.347836 0.386189 -0.578538 
v -0.337055 0.385351 -0.584374 
v -0.326139 0.384642 -0.589967 
v -0.315092 0.38406 -0.595315 
v -0.303922 0.383608 -0.600413 
v -0.292635 0.383284 -0.605259 
v -0.28124 0.38309 -0.60985 
v -0.269742 0.383025 -0.614183 
v -0.25815 0.38309 -0.618254 
v -0.24647 0.383284 -0.622062 
v -0.234709 0.383608 -0.625605 
v -0.222875 0.38406 -0.628879 
v -0.210975 0.384642 -0.631883 
v -0.199017 0.385351 -0.634616 
v -0.187008 0.386189 -0.637075 
v -0.174955 0.387155 -0.639258 
v -0.162866 0.388247 -0.641166 
v -0.150749 0.389465 -0.642795 
v -0.138611 0.390809 -0.644146 
v -0.126459 0.392278 -0.645217 
v -0.114301 0.39387 -0.646009 
v -0.102145 0.395585 -0.646519 
v -0.432869 0.420207 -0.55473 
v -0.418914 0.395585 -0.531224 
v -0.428367 0.397422 -0.523592 
v -0.422938 0.418441 -0.562376 
v -0.412821 0.4168 -0.569802 
v -0.402523 0.415288 -0.577002 
v -0.39205 0.413903 -0.583974 
v -0.381409 0.412648 -0.590711 
v -0.370607 0.411523 -0.59721 
v -0.35965 0.410528 -0.603468 
v -0.348546 0.409665 -0.609479 
v -0.3373 0.408934 -0.615241 
v -0.325921 0.408335 -0.62075 
v -0.314415 0.407869 -0.626001 
v -0.302789 0.407536 -0.630993 
v -0.29105 0.407336 -0.635722 
v -0.279206 0.407269 -0.640185 
v -0.267265 0.407336 -0.644379 
v -0.255233 0.407536 -0.648302 
v -0.243118 0.407869 -0.651951 
v -0.230928 0.408335 -0.655324 
v -0.21867 0.408934 -0.658419 
v -0.206352 0.409665 -0.661233 
v -0.193982 0.410528 -0.663766 
v -0.181566 0.411523 -0.666016 
v -0.169113 0.412648 -0.66798 
v -0.156631 0.413903 -0.669659 
v -0.144128 0.415288 -0.67105 
v -0.13161 0.4168 -0.672154 
v -0.119087 0.418441 -0.672969 
v -0.106565 0.420207 -0.673495 
v -0.0940527 0.422099 -0.673731 
v -0.0899986 0.397422 -0.646748 
v -0.446476 0.444721 -0.577771 
v -0.442605 0.422099 -0.546868 
v -0.436265 0.442904 -0.585633 
v -0.425862 0.441218 -0.593269 
v -0.415273 0.439662 -0.600673 
v -0.404504 0.438239 -0.607841 
v -0.393563 0.436948 -0.614769 
v -0.382455 0.435791 -0.621452 
v -0.371189 0.434768 -0.627886 
v -0.35977 0.433881 -0.634067 
v -0.348207 0.433129 -0.639992 
v -0.336506 0.432513 -0.645656 
v -0.324675 0.432034 -0.651056 
v -0.31272 0.431691 -0.656189 
v -0.30065 0.431486 -0.661052 
v -0.288472 0.431417 -0.665641 
v -0.276193 0.431486 -0.669954 
v -0.263821 0.431691 -0.673987 
v -0.251364 0.432034 -0.677739 
v -0.238829 0.432513 -0.681208 
v -0.226225 0.433129 -0.68439 
v -0.213559 0.433881 -0.687284 
v -0.200838 0.434768 -0.689889 
v -0.188072 0.435791 -0.692202 
v -0.175267 0.436948 -0.694222 
v -0.162433 0.438239 -0.695948 
v -0.149576 0.439662 -0.697379 
v -0.136704 0.441218 -0.698513 
v -0.123827 0.442904 -0.699351 
v -0.110951 0.444721 -0.699892 
v -0.0980853 0.446666 -0.700135 
v -0.459739 0.469121 -0.600347 
v -0.456488 0.446666 -0.569687 
v -0.449257 0.467256 -0.608418 
v -0.438577 0.465525 -0.616256 
v -0.427706 0.463928 -0.623857 
v -0.416652 0.462466 -0.631216 
v -0.40542 0.461142 -0.638327 
v -0.394017 0.459954 -0.645188 
v -0.382452 0.458904 -0.651793 
v -0.37073 0.457993 -0.658139 
v -0.35886 0.457221 -0.66422 
v -0.346848 0.456589 -0.670035 
v -0.334702 0.456097 -0.675579 
v -0.32243 0.455745 -0.680848 
v -0.31004 0.455534 -0.68584 
v -0.297538 0.455464 -0.690551 
v -0.284933 0.455534 -0.694978 
v -0.272233 0.455745 -0.699119 
v -0.259445 0.456097 -0.70297 
v -0.246577 0.456589 -0.706531 
v -0.233638 0.457221 -0.709798 
v -0.220635 0.457993 -0.712769 
v -0.207577 0.458904 -0.715442 
v -0.194472 0.459954 -0.717817 
v -0.181327 0.461142 -0.71989 
v -0.168152 0.462466 -0.721662 
v -0.154953 0.463928 -0.723131 
v -0.14174 0.465525 -0.724296 
v -0.128521 0.467256 -0.725156 
v -0.115303 0.469121 -0.725711 
v -0.102096 0.471118 -0.725961 
v -0.472657 0.493403 -0.622459 
v -0.470017 0.471118 -0.592048 
v -0.461913 0.491492 -0.630731 
v -0.450967 0.489717 -0.638766 
v -0.439825 0.48808 -0.646556 
v -0.428494 0.486582 -0.654098 
v -0.416982 0.485224 -0.661388 
v -0.405295 0.484007 -0.66842 
v -0.39344 0.482931 -0.67519 
v -0.381426 0.481997 -0.681694 
v -0.369259 0.481206 -0.687927 
v -0.356947 0.480558 -0.693887 
v -0.344498 0.480054 -0.699569 
v -0.33192 0.479693 -0.70497 
v -0.31922 0.479477 -0.710087 
v -0.306406 0.479405 -0.714915 
v -0.293486 0.479477 -0.719453 
v -0.280469 0.479693 -0.723697 
v -0.267361 0.480054 -0.727645 
v -0.254173 0.480558 -0.731294 
v -0.24091 0.481206 -0.734643 
v -0.227583 0.481997 -0.737688 
v -0.214199 0.482931 -0.740428 
v -0.200766 0.484007 -0.742862 
v -0.187293 0.485224 -0.744988 
v -0.173789 0.486582 -0.746804 
v -0.160261 0.48808 -0.748309 
v -0.146718 0.489717 -0.749503 
v -0.133168 0.491492 -0.750385 
v -0.119621 0.493403 -0.750954 
v -0.106083 0.49545 -0.751209 
v -0.485233 0.517563 -0.644108 
v -0.483192 0.49545 -0.613953 
v -0.474237 0.515607 -0.652575 
v -0.463033 0.513791 -0.660797 
v -0.451629 0.512115 -0.668771 
v -0.440033 0.510582 -0.676491 
v -0.42825 0.509192 -0.683951 
v -0.416288 0.507946 -0.691148 
v -0.404155 0.506845 -0.698077 
v -0.391858 0.50589 -0.704734 
v -0.379406 0.50508 -0.711114 
v -0.366805 0.504417 -0.717214 
v -0.354064 0.5039 -0.72303 
v -0.34119 0.503531 -0.728558 
v -0.328191 0.50331 -0.733794 
v -0.315076 0.503236 -0.738736 
v -0.301853 0.50331 -0.74338 
v -0.288529 0.503531 -0.747724 
v -0.275114 0.5039 -0.751765 
v -0.261616 0.504417 -0.7555 
v -0.248042 0.50508 -0.758927 
v -0.234401 0.50589 -0.762044 
v -0.220703 0.506845 -0.764849 
v -0.206955 0.507946 -0.767339 
v -0.193165 0.509192 -0.769515 
v -0.179343 0.510582 -0.771374 
v -0.165497 0.512115 -0.772915 
v -0.151636 0.513791 -0.774137 
v -0.137768 0.515607 -0.775039 
v -0.123902 0.517563 -0.775621 
v -0.110047 0.519658 -0.775883 
v -0.497468 0.541598 -0.665295 
v -0.496015 0.519658 -0.635402 
v -0.486229 0.539598 -0.673949 
v -0.474778 0.537742 -0.682354 
v -0.463122 0.536029 -0.690504 
v -0.451268 0.534462 -0.698394 
v -0.439225 0.533042 -0.706019 
v -0.426999 0.531768 -0.713376 
v -0.414598 0.530643 -0.720458 
v -0.402029 0.529666 -0.727262 
v -0.389301 0.528838 -0.733783 
v -0.376422 0.52816 -0.740018 
v -0.363399 0.527633 -0.745962 
v -0.35024 0.527256 -0.751612 
v -0.336954 0.527029 -0.756964 
v -0.323549 0.526954 -0.762016 
v -0.310033 0.527029 -0.766763 
v -0.296415 0.527256 -0.771203 
v -0.282704 0.527633 -0.775333 
v -0.268907 0.52816 -0.77915 
v -0.255033 0.528838 -0.782653 
v -0.241091 0.529666 -0.785839 
v -0.227089 0.530643 -0.788705 
v -0.213037 0.531768 -0.791251 
v -0.198943 0.533042 -0.793475 
v -0.184815 0.534462 -0.795375 
v -0.170663 0.536029 -0.79695 
v -0.156496 0.537742 -0.798199 
v -0.142321 0.539598 -0.799121 
v -0.128149 0.541598 -0.799716 
v -0.113987 0.543739 -0.799984 
v -0.509365 0.565503 -0.686023 
v -0.508489 0.543739 -0.656397 
v -0.497892 0.563462 -0.694857 
v -0.486202 0.561567 -0.703436 
v -0.474304 0.559819 -0.711756 
v -0.462204 0.558219 -0.71981 
v -0.449909 0.556769 -0.727595 
v -0.437429 0.555469 -0.735104 
v -0.42477 0.55432 -0.742334 
v -0.41194 0.553323 -0.749279 
v -0.398947 0.552478 -0.755936 
v -0.385799 0.551786 -0.762301 
v -0.372505 0.551247 -0.768369 
v -0.359072 0.550862 -0.774136 
v -0.34551 0.550631 -0.7796 
v -0.331826 0.550554 -0.784756 
v -0.318029 0.550631 -0.789602 
v -0.304128 0.550862 -0.794135 
v -0.29013 0.551247 -0.798351 
v -0.276046 0.551786 -0.802248 
v -0.261883 0.552478 -0.805823 
v -0.247651 0.553323 -0.809075 
v -0.233358 0.55432 -0.812002 
v -0.219014 0.555469 -0.814601 
v -0.204626 0.556769 -0.81687 
v -0.190205 0.558219 -0.81881 
v -0.175758 0.559819 -0.820418 
v -0.161296 0.561567 -0.821693 
v -0.146826 0.563462 -0.822634 
v -0.132359 0.565503 -0.823242 
v -0.117902 0.567689 -0.823515 
v -0.520926 0.589276 -0.706293 
v -0.520615 0.567689 -0.676939 
v -0.509228 0.587195 -0.7153 
v -0.497309 0.585263 -0.724047 
v -0.485177 0.58348 -0.73253 
v -0.47284 0.58185 -0.740742 
v -0.460305 0.580371 -0.748679 
v -0.44758 0.579046 -0.756336 
v -0.434673 0.577874 -0.763707 
v -0.421591 0.576857 -0.770789 
v -0.408344 0.575996 -0.777576 
v -0.394939 0.57529 -0.784065 
v -0.381384 0.574741 -0.790252 
v -0.367688 0.574349 -0.796133 
v -0.35386 0.574113 -0.801703 
v -0.339908 0.574035 -0.806961 
v -0.325841 0.574113 -0.811902 
v -0.311667 0.574349 -0.816523 
v -0.297395 0.574741 -0.820821 
v -0.283035 0.57529 -0.824795 
v -0.268595 0.575996 -0.828441 
v -0.254084 0.576857 -0.831756 
v -0.239511 0.577874 -0.83474 
v -0.224885 0.579046 -0.83739 
v -0.210215 0.580371 -0.839704 
v -0.195511 0.58185 -0.841682 
v -0.180782 0.58348 -0.843321 
v -0.166036 0.585263 -0.844621 
v -0.151283 0.587195 -0.845581 
v -0.136532 0.589276 -0.8462 
v -0.121792 0.591505 -0.846479 
v -0.543835 0.615184 -0.716675 
v -0.532396 0.591505 -0.697031 
v -0.543631 0.59388 -0.687522 
v -0.532153 0.612914 -0.726108 
v -0.520239 0.610795 -0.735281 
v -0.5081 0.608827 -0.74419 
v -0.495745 0.607012 -0.752829 
v -0.48318 0.605351 -0.761193 
v -0.470414 0.603845 -0.769276 
v -0.457454 0.602495 -0.777074 
v -0.444309 0.601302 -0.784581 
v -0.430986 0.600267 -0.791793 
v -0.417494 0.599389 -0.798706 
v -0.403841 0.598671 -0.805315 
v -0.390037 0.598111 -0.811616 
v -0.376088 0.597712 -0.817605 
v -0.362005 0.597472 -0.823278 
v -0.347796 0.597392 -0.828633 
v -0.333469 0.597472 -0.833665 
v -0.319034 0.597712 -0.838371 
v -0.304499 0.598111 -0.842749 
v -0.289874 0.598671 -0.846796 
v -0.275167 0.599389 -0.850509 
v -0.260389 0.600267 -0.853886 
v -0.245547 0.601302 -0.856924 
v -0.230651 0.602495 -0.859623 
v -0.215711 0.603845 -0.86198 
v -0.200736 0.605351 -0.863994 
v -0.185735 0.607012 -0.865664 
v -0.170717 0.608827 -0.866988 
v -0.155691 0.610795 -0.867965 
v -0.140668 0.612914 -0.868596 
v -0.125657 0.615184 -0.86888 
v -0.110666 0.617603 -0.868816 
v -0.107073 0.59388 -0.846416 
v -0.554933 0.638725 -0.735875 
v -0.555277 0.617603 -0.70699 
v -0.543049 0.636416 -0.74547 
v -0.530928 0.634259 -0.754803 
v -0.518579 0.632257 -0.763867 
v -0.506009 0.630411 -0.772656 
v -0.493226 0.628721 -0.781165 
v -0.480238 0.627189 -0.789388 
v -0.467053 0.625815 -0.797321 
v -0.453679 0.624602 -0.804959 
v -0.440125 0.623548 -0.812297 
v -0.426399 0.622656 -0.819329 
v -0.41251 0.621925 -0.826053 
v -0.398466 0.621356 -0.832463 
v -0.384275 0.620949 -0.838556 
v -0.369947 0.620705 -0.844328 
v -0.355491 0.620623 -0.849776 
v -0.340916 0.620705 -0.854895 
v -0.32623 0.620949 -0.859683 
v -0.311443 0.621356 -0.864137 
v -0.296564 0.621925 -0.868254 
v -0.281602 0.622656 -0.872031 
v -0.266566 0.623548 -0.875467 
v -0.251467 0.624602 -0.878558 
v -0.236313 0.625815 -0.881304 
v -0.221113 0.627189 -0.883702 
v -0.205878 0.628721 -0.885751 
v -0.190616 0.630411 -0.887449 
v -0.175338 0.632257 -0.888796 
v -0.160052 0.634259 -0.889791 
v -0.144768 0.636416 -0.890433 
v -0.129495 0.638725 -0.890721 
v -0.114244 0.641186 -0.890656 
v -0.565695 0.662125 -0.754632 
v -0.566575 0.641186 -0.726022 
v -0.553617 0.659778 -0.764385 
v -0.541298 0.657586 -0.77387 
v -0.528747 0.655551 -0.783081 
v -0.515972 0.653675 -0.792014 
v -0.50298 0.651957 -0.800662 
v -0.48978 0.6504 -0.80902 
v -0.47638 0.649005 -0.817083 
v -0.462788 0.647771 -0.824845 
v -0.449012 0.6467 -0.832302 
v -0.435062 0.645793 -0.83945 
v -0.420946 0.64505 -0.846283 
v -0.406672 0.644472 -0.852798 
v -0.39225 0.644058 -0.858991 
v -0.377688 0.64381 -0.864857 
v -0.362995 0.643728 -0.870394 
v -0.348182 0.64381 -0.875596 
v -0.333256 0.644058 -0.880463 
v -0.318227 0.644472 -0.884989 
v -0.303105 0.64505 -0.889174 
v -0.287899 0.645793 -0.893013 
v -0.272618 0.6467 -0.896504 
v -0.257272 0.647771 -0.899646 
v -0.24187 0.649005 -0.902437 
v -0.226423 0.6504 -0.904874 
v -0.210939 0.651957 -0.906956 
v -0.195428 0.653675 -0.908683 
v -0.179899 0.655551 -0.910052 
v -0.164364 0.657586 -0.911063 
v -0.14883 0.659778 -0.911715 
v -0.133308 0.662125 -0.912008 
v -0.117808 0.664626 -0.911942 
v -0.576124 0.685382 -0.772951 
v -0.577527 0.664626 -0.744618 
v -0.56386 0.682999 -0.782853 
v -0.551352 0.680774 -0.792484 
v -0.538608 0.678708 -0.801837 
v -0.525636 0.676802 -0.810907 
v -0.512445 0.675059 -0.819688 
v -0.499042 0.673478 -0.828174 
v -0.485436 0.67206 -0.836361 
v -0.471635 0.670808 -0.844242 
v -0.457648 0.669721 -0.851814 
v -0.443484 0.6688 -0.859072 
v -0.429151 0.668045 -0.86601 
v -0.414658 0.667458 -0.872625 
v -0.400014 0.667038 -0.878913 
v -0.385228 0.666787 -0.884869 
v -0.37031 0.666703 -0.890491 
v -0.355269 0.666787 -0.895774 
v -0.340114 0.667038 -0.900715 
v -0.324855 0.667458 -0.905311 
v -0.3095 0.668045 -0.909559 
v -0.29406 0.6688 -0.913457 
v -0.278545 0.669721 -0.917003 
v -0.262963 0.670808 -0.920193 
v -0.247325 0.67206 -0.923026 
v -0.23164 0.673478 -0.925501 
v -0.215918 0.675059 -0.927615 
v -0.200168 0.676802 -0.929368 
v -0.184401 0.678708 -0.930758 
v -0.168627 0.680774 -0.931785 
v -0.152855 0.682999 -0.932447 
v -0.137095 0.685382 -0.932745 
v -0.121356 0.687922 -0.932678 
v -0.586222 0.708496 -0.790835 
v -0.588137 0.687922 -0.762783 
v -0.573781 0.706079 -0.800881 
v -0.561092 0.703821 -0.81065 
v -0.548165 0.701725 -0.820139 
v -0.535006 0.699792 -0.829339 
v -0.521624 0.698023 -0.838247 
v -0.508028 0.69642 -0.846856 
v -0.494225 0.694982 -0.85516 
v -0.480225 0.693711 -0.863156 
v -0.466036 0.692608 -0.870837 
v -0.451667 0.691674 -0.878199 
v -0.437127 0.690909 -0.885238 
v -0.422425 0.690313 -0.891948 
v -0.407569 0.689887 -0.898327 
v -0.392571 0.689632 -0.904369 
v -0.377437 0.689547 -0.910072 
v -0.362179 0.689632 -0.915431 
v -0.346805 0.689887 -0.920443 
v -0.331325 0.690313 -0.925106 
v -0.315749 0.690909 -0.929416 
v -0.300086 0.691674 -0.93337 
v -0.284347 0.692608 -0.936967 
v -0.26854 0.693711 -0.940203 
v -0.252676 0.694982 -0.943077 
v -0.236764 0.69642 -0.945587 
v -0.220815 0.698023 -0.947732 
v -0.204839 0.699792 -0.94951 
v -0.188844 0.701725 -0.95092 
v -0.172842 0.703821 -0.951962 
v -0.156842 0.706079 -0.952634 
v -0.140855 0.708496 -0.952936 
v -0.124889 0.711072 -0.952868 
v -0.595993 0.731465 -0.808288 
v -0.598409 0.711072 -0.78052 
v -0.583383 0.729014 -0.81847 
v -0.570523 0.726726 -0.828372 
v -0.55742 0.724602 -0.837989 
v -0.544083 0.722643 -0.847314 
v -0.53052 0.72085 -0.856343 
v -0.516739 0.719224 -0.865068 
v -0.502749 0.717767 -0.873486 
v -0.488559 0.716479 -0.881589 
v -0.474178 0.715362 -0.889375 
v -0.459614 0.714415 -0.896837 
v -0.444877 0.713639 -0.903971 
v -0.429975 0.713035 -0.910772 
v -0.414919 0.712604 -0.917237 
v -0.399716 0.712345 -0.923362 
v -0.384378 0.712258 -0.929141 
v -0.368913 0.712345 -0.934573 
v -0.353331 0.712604 -0.939654 
v -0.337641 0.713035 -0.944379 
v -0.321854 0.713639 -0.948748 
v -0.305979 0.714415 -0.952755 
v -0.290026 0.715362 -0.956401 
v -0.274004 0.716479 -0.959681 
v -0.257925 0.717767 -0.962594 
v -0.241798 0.719224 -0.965139 
v -0.225633 0.72085 -0.967312 
v -0.20944 0.722643 -0.969115 
v -0.193228 0.724602 -0.970544 
v -0.177009 0.726726 -0.971599 
v -0.160793 0.729014 -0.97228 
v -0.144588 0.731465 -0.972586 
v -0.128406 0.734076 -0.972517 
v -0.605441 0.754287 -0.825314 
v -0.608345 0.734076 -0.797834 
v -0.592671 0.751806 -0.835625 
v -0.579647 0.749489 -0.845653 
v -0.566377 0.747338 -0.855393 
v -0.55287 0.745353 -0.864837 
v -0.539135 0.743538 -0.87398 
v -0.525179 0.741891 -0.882816 
v -0.511011 0.740416 -0.891341 
v -0.496641 0.739112 -0.899548 
v -0.482077 0.73798 -0.907432 
v -0.467327 0.73702 -0.914989 
v -0.452403 0.736235 -0.922214 
v -0.437312 0.735624 -0.929102 
v -0.422064 0.735187 -0.935649 
v -0.406668 0.734924 -0.941851 
v -0.391134 0.734837 -0.947704 
v -0.375472 0.734924 -0.953205 
v -0.359692 0.735187 -0.95835 
v -0.343803 0.735624 -0.963136 
v -0.327815 0.736235 -0.96756 
v -0.311738 0.73702 -0.971619 
v -0.295582 0.73798 -0.97531 
v -0.279357 0.739112 -0.978632 
v -0.263073 0.740416 -0.981583 
v -0.246741 0.741891 -0.984159 
v -0.23037 0.743538 -0.986361 
v -0.213971 0.745353 -0.988186 
v -0.197554 0.747338 -0.989633 
v -0.181128 0.749489 -0.990702 
v -0.164705 0.751806 -0.991392 
v -0.148295 0.754287 -0.991702 
v -0.131907 0.756932 -0.991632 
v -0.627227 0.779639 -0.831203 
v -0.61795 0.756932 -0.814727 
v -0.63019 0.759737 -0.803869 
v -0.614569 0.776963 -0.841917 
v -0.601646 0.774452 -0.852351 
v -0.588467 0.772107 -0.862499 
v -0.575039 0.769931 -0.872354 
v -0.561372 0.767923 -0.881911 
v -0.547472 0.766085 -0.891163 
v -0.53335 0.76442 -0.900104 
v -0.519014 0.762926 -0.90873 
v -0.504472 0.761606 -0.917035 
v -0.489734 0.760461 -0.925013 
v -0.474809 0.759491 -0.93266 
v -0.459707 0.758696 -0.939971 
v -0.444436 0.758077 -0.946941 
v -0.429006 0.757635 -0.953566 
v -0.413427 0.757369 -0.959843 
v -0.397708 0.757281 -0.965766 
v -0.38186 0.757369 -0.971332 
v -0.365891 0.757635 -0.976538 
v -0.349813 0.758077 -0.981381 
v -0.333634 0.758696 -0.985858 
v -0.317365 0.759491 -0.989965 
v -0.301017 0.760461 -0.993701 
v -0.284599 0.761606 -0.997062 
v -0.268121 0.762926 -1.00005 
v -0.251594 0.76442 -1.00266 
v -0.235028 0.766085 -1.00488 
v -0.218434 0.767923 -1.00673 
v -0.201821 0.769931 -1.00819 
v -0.1852 0.772107 -1.00928 
v -0.168581 0.774452 -1.00997 
v -0.151975 0.776963 -1.01029 
v -0.135391 0.779639 -1.01022 
v -0.118841 0.782478 -1.00976 
v -0.115552 0.759737 -0.991182 
v -0.63618 0.802197 -0.847268 
v -0.639613 0.782478 -0.820217 
v -0.62338 0.799492 -0.858101 
v -0.610313 0.796953 -0.868651 
v -0.596987 0.794582 -0.878912 
v -0.58341 0.792381 -0.888877 
v -0.56959 0.79035 -0.89854 
v -0.555535 0.788493 -0.907896 
v -0.541256 0.786808 -0.916937 
v -0.526759 0.785298 -0.925659 
v -0.512056 0.783964 -0.934057 
v -0.497153 0.782805 -0.942124 
v -0.482062 0.781824 -0.949856 
v -0.466791 0.78102 -0.957248 
v -0.45135 0.780395 -0.964296 
v -0.435748 0.779948 -0.970995 
v -0.419995 0.779679 -0.977341 
v -0.404101 0.77959 -0.983331 
v -0.388076 0.779679 -0.988959 
v -0.371929 0.779948 -0.994223 
v -0.355672 0.780395 -0.99912 
v -0.339313 0.78102 -1.00365 
v -0.322863 0.781824 -1.0078 
v -0.306332 0.782805 -1.01158 
v -0.289731 0.783964 -1.01498 
v -0.273069 0.785298 -1.01799 
v -0.256358 0.786808 -1.02063 
v -0.239607 0.788493 -1.02288 
v -0.222828 0.79035 -1.02475 
v -0.206029 0.792381 -1.02623 
v -0.189223 0.794582 -1.02733 
v -0.172419 0.796953 -1.02803 
v -0.155628 0.799492 -1.02835 
v -0.138859 0.802197 -1.02828 
v -0.122125 0.805068 -1.02782 
v -0.644811 0.824606 -0.862924 
v -0.648703 0.805068 -0.836159 
v -0.631879 0.821872 -0.87387 
v -0.618676 0.819307 -0.88453 
v -0.605211 0.816911 -0.894898 
v -0.591492 0.814687 -0.904967 
v -0.577528 0.812636 -0.914731 
v -0.563327 0.810759 -0.924184 
v -0.548899 0.809057 -0.933319 
v -0.534251 0.807531 -0.942132 
v -0.519394 0.806183 -0.950617 
v -0.504337 0.805012 -0.958768 
v -0.489089 0.804021 -0.966581 
v -0.473659 0.803209 -0.97405 
v -0.458056 0.802577 -0.981172 
v -0.442292 0.802125 -0.987941 
v -0.426375 0.801854 -0.994353 
v -0.410316 0.801763 -1.0004 
v -0.394123 0.801854 -1.00609 
v -0.377809 0.802125 -1.01141 
v -0.361381 0.802577 -1.01636 
v -0.344852 0.803209 -1.02093 
v -0.328231 0.804021 -1.02513 
v -0.311528 0.805012 -1.02895 
v -0.294754 0.806183 -1.03238 
v -0.277919 0.807531 -1.03543 
v -0.261033 0.809057 -1.03809 
v -0.244108 0.810759 -1.04037 
v -0.227154 0.812636 -1.04226 
v -0.21018 0.814687 -1.04375 
v -0.193199 0.816911 -1.04486 
v -0.17622 0.819307 -1.04557 
v -0.159254 0.821872 -1.04589 
v -0.142311 0.824606 -1.04582 
v -0.125402 0.827507 -1.04535 
v -0.653126 0.846865 -0.878177 
v -0.657465 0.827507 -0.851699 
v -0.640068 0.844105 -0.889229 
v -0.626737 0.841515 -0.899993 
v -0.613141 0.839096 -0.910461 
v -0.599289 0.83685 -0.920628 
v -0.585189 0.834779 -0.930487 
v -0.570851 0.832883 -0.940031 
v -0.556282 0.831165 -0.949256 
v -0.541493 0.829624 -0.958154 
v -0.526491 0.828263 -0.966722 
v -0.511288 0.827081 -0.974952 
v -0.495891 0.82608 -0.982841 
v -0.480311 0.82526 -0.990383 
v -0.464558 0.824622 -0.997573 
v -0.44864 0.824166 -1.00441 
v -0.432569 0.823892 -1.01088 
v -0.416353 0.823801 -1.01699 
v -0.400004 0.823892 -1.02273 
v -0.38353 0.824166 -1.02811 
v -0.366944 0.824622 -1.0331 
v -0.350254 0.82526 -1.03772 
v -0.333471 0.82608 -1.04196 
v -0.316606 0.827081 -1.04581 
v -0.299669 0.828263 -1.04928 
v -0.28267 0.829624 -1.05236 
v -0.265621 0.831165 -1.05505 
v -0.248531 0.832883 -1.05735 
v -0.231412 0.834779 -1.05925 
v -0.214274 0.83685 -1.06076 
v -0.197128 0.839096 -1.06188 
v -0.179984 0.841515 -1.0626 
v -0.162853 0.844105 -1.06292 
v -0.145745 0.846865 -1.06285 
v -0.128672 0.849794 -1.06238 
v -0.661128 0.868975 -0.89303 
v -0.665903 0.849794 -0.866843 
v -0.647952 0.86619 -0.904183 
v -0.634501 0.863576 -0.915043 
v -0.620782 0.861135 -0.925607 
v -0.606805 0.858869 -0.935865 
v -0.592577 0.856779 -0.945813 
v -0.578109 0.854867 -0.955444 
v -0.563409 0.853133 -0.964751 
v -0.548486 0.851578 -0.97373 
v -0.533349 0.850204 -0.982375 
v -0.518008 0.849012 -0.99068 
v -0.502472 0.848002 -0.99864 
v -0.486752 0.847174 -1.00625 
v -0.470856 0.84653 -1.01351 
v -0.454795 0.84607 -1.0204 
v -0.438578 0.845794 -1.02693 
v -0.422216 0.845702 -1.0331 
v -0.405719 0.845794 -1.03889 
v -0.389097 0.84607 -1.04431 
v -0.37236 0.84653 -1.04935 
v -0.355519 0.847174 -1.05401 
v -0.338585 0.848002 -1.05829 
v -0.321567 0.849012 -1.06218 
v -0.304477 0.850204 -1.06568 
v -0.287325 0.851578 -1.06879 
v -0.270122 0.853133 -1.0715 
v -0.252878 0.854867 -1.07382 
v -0.235604 0.856779 -1.07574 
v -0.218311 0.858869 -1.07727 
v -0.20101 0.861135 -1.07839 
v -0.183711 0.863576 -1.07912 
v -0.166425 0.86619 -1.07944 
v -0.149163 0.868975 -1.07937 
v -0.131936 0.87193 -1.0789 
v -0.668821 0.890935 -0.907489 
v -0.674021 0.87193 -0.881594 
v -0.655534 0.888126 -0.918734 
v -0.64197 0.88549 -0.929686 
v -0.628136 0.883029 -0.940338 
v -0.614042 0.880744 -0.950683 
v -0.599695 0.878637 -0.960714 
v -0.585106 0.876708 -0.970425 
v -0.570283 0.874959 -0.979811 
v -0.555234 0.873392 -0.988865 
v -0.539971 0.872007 -0.997582 
v -0.524501 0.870804 -1.00596 
v -0.508835 0.869786 -1.01398 
v -0.492983 0.868951 -1.02166 
v -0.476953 0.868302 -1.02897 
v -0.460757 0.867838 -1.03593 
v -0.444405 0.867559 -1.04252 
v -0.427906 0.867466 -1.04873 
v -0.41127 0.867559 -1.05458 
v -0.394509 0.867838 -1.06004 
v -0.377632 0.868302 -1.06512 
v -0.36065 0.868951 -1.06982 
v -0.343574 0.869786 -1.07413 
v -0.326413 0.870804 -1.07805 
v -0.30918 0.872007 -1.08158 
v -0.291884 0.873392 -1.08472 
v -0.274537 0.874959 -1.08745 
v -0.257148 0.876708 -1.08979 
v -0.23973 0.878637 -1.09173 
v -0.222292 0.880744 -1.09327 
v -0.204845 0.883029 -1.0944 
v -0.187401 0.88549 -1.09514 
v -0.169971 0.888126 -1.09547 
v -0.152564 0.890935 -1.09539 
v -0.135192 0.893914 -1.09491 
v -0.68931 0.915747 -0.909935 
v -0.681822 0.893914 -0.895957 
v -0.694528 0.897064 -0.884145 
v -0.676208 0.912745 -0.921557 
v -0.662819 0.909914 -0.932889 
v -0.649149 0.907258 -0.943926 
v -0.635208 0.904778 -0.954661 
v -0.621004 0.902475 -0.965085 
v -0.606547 0.900351 -0.975194 
v -0.591844 0.898408 -0.984981 
v -0.576906 0.896646 -0.99444 
v -0.561741 0.895066 -1.00356 
v -0.546359 0.89367 -1.01235 
v -0.530769 0.892458 -1.02079 
v -0.514982 0.891432 -1.02888 
v -0.499006 0.890591 -1.03661 
v -0.482853 0.889936 -1.04398 
v -0.466531 0.889469 -1.05099 
v -0.450052 0.889188 -1.05763 
v -0.433425 0.889094 -1.0639 
v -0.41666 0.889188 -1.06978 
v -0.399769 0.889469 -1.07529 
v -0.382761 0.889936 -1.08041 
v -0.365647 0.890591 -1.08515 
v -0.348439 0.891432 -1.08949 
v -0.331145 0.892458 -1.09345 
v -0.313778 0.89367 -1.097 
v -0.296348 0.895066 -1.10016 
v -0.278866 0.896646 -1.10292 
v -0.261343 0.898408 -1.10527 
v -0.243789 0.900351 -1.10723 
v -0.226216 0.902475 -1.10878 
v -0.208634 0.904778 -1.10992 
v -0.191055 0.907258 -1.11066 
v -0.173489 0.909914 -1.11099 
v -0.155948 0.912745 -1.11092 
v -0.138441 0.915747 -1.11043 
v -0.120981 0.918921 -1.10955 
v -0.117866 0.897064 -1.09403 
v -0.696489 0.93743 -0.923534 
v -0.702114 0.918921 -0.898032 
v -0.683294 0.934405 -0.935238 
v -0.669808 0.931555 -0.946652 
v -0.656041 0.92888 -0.957768 
v -0.642 0.926382 -0.968579 
v -0.627695 0.924062 -0.979078 
v -0.613134 0.921924 -0.98926 
v -0.598326 0.919966 -0.999116 
v -0.583281 0.918191 -1.00864 
v -0.568008 0.9166 -1.01783 
v -0.552516 0.915194 -1.02668 
v -0.536815 0.913974 -1.03518 
v -0.520915 0.91294 -1.04333 
v -0.504825 0.912093 -1.05111 
v -0.488556 0.911434 -1.05854 
v -0.472118 0.910963 -1.0656 
v -0.455521 0.91068 -1.07228 
v -0.438775 0.910586 -1.0786 
v -0.42189 0.91068 -1.08453 
v -0.404878 0.910963 -1.09007 
v -0.387749 0.911434 -1.09523 
v -0.370513 0.912093 -1.1 
v -0.353181 0.91294 -1.10438 
v -0.335764 0.913974 -1.10836 
v -0.318273 0.915194 -1.11194 
v -0.300719 0.9166 -1.11512 
v -0.283112 0.918191 -1.1179 
v -0.265463 0.919966 -1.12027 
v -0.247784 0.921924 -1.12224 
v -0.230085 0.924062 -1.1238 
v -0.212378 0.926382 -1.12495 
v -0.194673 0.92888 -1.12569 
v -0.176981 0.931555 -1.12603 
v -0.159314 0.934405 -1.12595 
v -0.141683 0.93743 -1.12547 
v -0.124097 0.940626 -1.12457 
v -0.703363 0.958962 -0.936757 
v -0.709385 0.940626 -0.911545 
v -0.690081 0.955917 -0.948539 
v -0.676508 0.953048 -0.960028 
v -0.66265 0.950355 -0.971216 
v -0.648517 0.947841 -0.982098 
v -0.634118 0.945507 -0.992666 
v -0.619462 0.943354 -1.00291 
v -0.604557 0.941383 -1.01284 
v -0.589413 0.939597 -1.02242 
v -0.574039 0.937996 -1.03167 
v -0.558446 0.93658 -1.04058 
v -0.542642 0.935352 -1.04914 
v -0.526637 0.934311 -1.05734 
v -0.510442 0.933459 -1.06518 
v -0.494066 0.932796 -1.07265 
v -0.47752 0.932321 -1.07975 
v -0.460814 0.932037 -1.08648 
v -0.443958 0.931942 -1.09284 
v -0.426963 0.932037 -1.09881 
v -0.409839 0.932321 -1.10439 
v -0.392597 0.932796 -1.10958 
v -0.375248 0.933459 -1.11438 
v -0.357803 0.934311 -1.11879 
v -0.340272 0.935352 -1.12279 
v -0.322666 0.93658 -1.1264 
v -0.304996 0.937996 -1.1296 
v -0.287273 0.939597 -1.13239 
v -0.269509 0.941383 -1.13478 
v -0.251714 0.943354 -1.13676 
v -0.233899 0.945507 -1.13833 
v -0.216075 0.947841 -1.13949 
v -0.198254 0.950355 -1.14024 
v -0.180447 0.953048 -1.14058 
v -0.162664 0.955917 -1.1405 
v -0.144917 0.958962 -1.14002 
v -0.127216 0.962179 -1.13912 
v -0.709936 0.980344 -0.94961 
v -0.716344 0.962179 -0.92469 
v -0.696575 0.977281 -0.961462 
v -0.68292 0.974395 -0.97302 
v -0.668979 0.971686 -0.984276 
v -0.654762 0.969157 -0.995223 
v -0.640277 0.966808 -1.00585 
v -0.625532 0.964642 -1.01616 
v -0.610538 0.96266 -1.02614 
v -0.595303 0.960863 -1.03579 
v -0.579837 0.959252 -1.0451 
v -0.56415 0.957829 -1.05406 
v -0.548252 0.956593 -1.06266 
v -0.532151 0.955546 -1.07091 
v -0.515859 0.954689 -1.0788 
v -0.499385 0.954021 -1.08632 
v -0.48274 0.953544 -1.09346 
v -0.465933 0.953258 -1.10023 
v -0.448977 0.953162 -1.10662 
v -0.43188 0.953258 -1.11263 
v -0.414653 0.953544 -1.11825 
v -0.397308 0.954021 -1.12347 
v -0.379855 0.954689 -1.1283 
v -0.362305 0.955546 -1.13273 
v -0.344669 0.956593 -1.13676 
v -0.326957 0.957829 -1.14039 
v -0.309182 0.959252 -1.14361 
v -0.291353 0.960863 -1.14642 
v -0.273482 0.96266 -1.14882 
v -0.25558 0.964642 -1.15082 
v -0.237658 0.966808 -1.1524 
v -0.219728 0.969157 -1.15356 
v -0.2018 0.971686 -1.15432 
v -0.183886 0.974395 -1.15465 
v -0.165996 0.977281 -1.15458 
v -0.148143 0.980344 -1.15409 
v -0.130336 0.983581 -1.15318 
v -0.716213 1.00158 -0.962097 
v -0.722995 0.983581 -0.937471 
v -0.702779 0.998498 -0.974014 
v -0.689049 0.995596 -0.985634 
v -0.675033 0.992873 -0.996951 
v -0.660738 0.990329 -1.00796 
v -0.646174 0.987968 -1.01865 
v -0.631349 0.985791 -1.02901 
v -0.616273 0.983798 -1.03905 
v -0.600956 0.981991 -1.04875 
v -0.585406 0.980371 -1.0581 
v -0.569633 0.97894 -1.06711 
v -0.553648 0.977697 -1.07576 
v -0.53746 0.976644 -1.08406 
v -0.521079 0.975782 -1.09199 
v -0.504515 0.975111 -1.09955 
v -0.487779 0.974632 -1.10673 
v -0.470882 0.974344 -1.11354 
v -0.453832 0.974248 -1.11997 
v -0.436642 0.974344 -1.126 
v -0.419322 0.974632 -1.13165 
v -0.401883 0.975111 -1.1369 
v -0.384335 0.975782 -1.14176 
v -0.366689 0.976644 -1.14621 
v -0.348957 0.977697 -1.15027 
v -0.331149 0.97894 -1.15391 
v -0.313277 0.980371 -1.15715 
v -0.295351 0.981991 -1.15998 
v -0.277383 0.983798 -1.16239 
v -0.259383 0.985791 -1.1644 
v -0.241364 0.987968 -1.16599 
v -0.223336 0.990329 -1.16716 
v -0.205311 0.992873 -1.16792 
v -0.187299 0.995596 -1.16826 
v -0.169312 0.998498 -1.16818 
v -0.151361 1.00158 -1.16769 
v -0.133457 1.00483 -1.16678 
v -0.735391 1.02593 -0.961957 
v -0.729343 1.00483 -0.949892 
v -0.742161 1.00826 -0.937405 
v -0.722196 1.02266 -0.974222 
v -0.708696 1.01957 -0.986197 
v -0.694899 1.01665 -0.997875 
v -0.680814 1.01392 -1.00925 
v -0.666449 1.01136 -1.02031 
v -0.651813 1.00899 -1.03105 
v -0.636916 1.0068 -1.04147 
v -0.621766 1.0048 -1.05155 
v -0.606373 1.00298 -1.0613 
v -0.590747 1.00135 -1.0707 
v -0.574897 0.999914 -1.07975 
v -0.558833 0.998666 -1.08845 
v -0.542566 0.997608 -1.09678 
v -0.526104 0.996741 -1.10475 
v -0.509459 0.996067 -1.11235 
v -0.492641 0.995585 -1.11957 
v -0.475661 0.995296 -1.12641 
v -0.458528 0.995199 -1.13287 
v -0.441253 0.995296 -1.13893 
v -0.423848 0.995585 -1.14461 
v -0.406323 0.996067 -1.14989 
v -0.388689 0.996741 -1.15477 
v -0.370957 0.997608 -1.15924 
v -0.353137 0.998666 -1.16331 
v -0.335242 0.999914 -1.16698 
v -0.317282 1.00135 -1.17023 
v -0.299268 1.00298 -1.17307 
v -0.281212 1.0048 -1.1755 
v -0.263124 1.0068 -1.17752 
v -0.245016 1.00899 -1.17911 
v -0.2269 1.01136 -1.18029 
v -0.208786 1.01392 -1.18105 
v -0.190686 1.01665 -1.18139 
v -0.17261 1.01957 -1.18132 
v -0.154571 1.02266 -1.18082 
v -0.13658 1.02593 -1.17991 
v -0.118647 1.02938 -1.17857 
v -0.115612 1.00826 -1.16545 
v -0.741143 1.04689 -0.973671 
v -0.748272 1.02938 -0.949409 
v -0.72789 1.0436 -0.98599 
v -0.714331 1.04049 -0.998018 
v -0.700474 1.03756 -1.00975 
v -0.686327 1.03482 -1.02117 
v -0.671898 1.03225 -1.03228 
v -0.657198 1.02987 -1.04307 
v -0.642236 1.02767 -1.05353 
v -0.627019 1.02566 -1.06366 
v -0.611559 1.02383 -1.07345 
v -0.595864 1.0222 -1.08289 
v -0.579945 1.02075 -1.09198 
v -0.56381 1.0195 -1.10072 
v -0.547471 1.01844 -1.10909 
v -0.530938 1.01757 -1.11709 
v -0.51422 1.01689 -1.12472 
v -0.497328 1.0164 -1.13198 
v -0.480273 1.01611 -1.13885 
v -0.463064 1.01602 -1.14533 
v -0.445714 1.01611 -1.15142 
v -0.428233 1.0164 -1.15712 
v -0.410631 1.01689 -1.16243 
v -0.392919 1.01757 -1.16733 
v -0.375109 1.01844 -1.17182 
v -0.357211 1.0195 -1.17591 
v -0.339238 1.02075 -1.17959 
v -0.321199 1.0222 -1.18286 
v -0.303106 1.02383 -1.18572 
v -0.28497 1.02566 -1.18815 
v -0.266803 1.02767 -1.19018 
v -0.248616 1.02987 -1.19178 
v -0.23042 1.03225 -1.19296 
v -0.212226 1.03482 -1.19373 
v -0.194047 1.03756 -1.19407 
v -0.175892 1.04049 -1.19399 
v -0.157774 1.0436 -1.1935 
v -0.139703 1.04689 -1.19258 
v -0.121692 1.05035 -1.19124 
v -0.746603 1.06769 -0.985039 
v -0.75408 1.05035 -0.961068 
v -0.733299 1.0644 -0.997406 
v -0.719687 1.06128 -1.00948 
v -0.705776 1.05833 -1.02125 
v -0.691574 1.05557 -1.03272 
v -0.67709 1.053 -1.04387 
v -0.662333 1.05061 -1.05471 
v -0.647312 1.0484 -1.06521 
v -0.632036 1.04638 -1.07538 
v -0.616516 1.04455 -1.0852 
v -0.60076 1.04291 -1.09468 
v -0.584779 1.04146 -1.10381 
v -0.568582 1.0402 -1.11258 
v -0.552179 1.03913 -1.12098 
v -0.535581 1.03826 -1.12902 
v -0.518799 1.03758 -1.13668 
v -0.501841 1.03709 -1.14396 
v -0.48472 1.0368 -1.15086 
v -0.467445 1.0367 -1.15737 
v -0.450027 1.0368 -1.16348 
v -0.432478 1.03709 -1.1692 
v -0.414807 1.03758 -1.17453 
v -0.397027 1.03826 -1.17945 
v -0.379148 1.03913 -1.18396 
v -0.36118 1.0402 -1.18807 
v -0.343137 1.04146 -1.19176 
v -0.325028 1.04291 -1.19504 
v -0.306865 1.04455 -1.19791 
v -0.288658 1.04638 -1.20036 
v -0.270421 1.0484 -1.20238 
v -0.252163 1.05061 -1.20399 
v -0.233896 1.053 -1.20518 
v -0.215632 1.05557 -1.20595 
v -0.197382 1.05833 -1.20629 
v -0.179157 1.06128 -1.20622 
v -0.160968 1.0644 -1.20572 
v -0.142828 1.06769 -1.2048 
v -0.124746 1.07116 -1.20345 
v -0.751775 1.08835 -0.996064 
v -0.759591 1.07116 -0.972387 
v -0.738426 1.08504 -1.00847 
v -0.724768 1.08191 -1.02059 
v -0.71081 1.07896 -1.0324 
v -0.696559 1.07619 -1.04391 
v -0.682026 1.07361 -1.0551 
v -0.667219 1.07121 -1.06597 
v -0.652147 1.06899 -1.07651 
v -0.63682 1.06697 -1.08671 
v -0.621247 1.06513 -1.09657 
v -0.605438 1.06348 -1.10608 
v -0.589402 1.06203 -1.11524 
v -0.57315 1.06077 -1.12404 
v -0.556692 1.05969 -1.13247 
v -0.540038 1.05882 -1.14053 
v -0.523198 1.05814 -1.14822 
v -0.506183 1.05765 -1.15552 
v -0.489004 1.05736 -1.16244 
v -0.47167 1.05726 -1.16898 
v -0.454194 1.05736 -1.17511 
v -0.436585 1.05765 -1.18085 
v -0.418854 1.05814 -1.18619 
v -0.401014 1.05882 -1.19113 
v -0.383074 1.05969 -1.19566 
v -0.365046 1.06077 -1.19978 
v -0.346941 1.06203 -1.20349 
v -0.32877 1.06348 -1.20678 
v -0.310546 1.06513 -1.20965 
v -0.292278 1.06697 -1.21211 
v -0.273978 1.06899 -1.21415 
v -0.255659 1.07121 -1.21576 
v -0.23733 1.07361 -1.21696 
v -0.219004 1.07619 -1.21772 
v -0.200692 1.07896 -1.21807 
v -0.182405 1.08191 -1.21799 
v -0.164155 1.08504 -1.21749 
v -0.145953 1.08835 -1.21657 
v -0.12781 1.09184 -1.21522 
v -0.756663 1.10887 -1.00675 
v -0.764807 1.09184 -0.98337 
v -0.743275 1.10555 -1.0192 
v -0.729578 1.10241 -1.03135 
v -0.715579 1.09945 -1.0432 
v -0.701287 1.09667 -1.05474 
v -0.686711 1.09408 -1.06596 
v -0.671861 1.09167 -1.07686 
v -0.656745 1.08945 -1.08743 
v -0.641374 1.08742 -1.09766 
v -0.625755 1.08558 -1.10755 
v -0.6099 1.08393 -1.11709 
v -0.593818 1.08247 -1.12627 
v -0.577519 1.0812 -1.1351 
v -0.561013 1.08013 -1.14355 
v -0.54431 1.07925 -1.15164 
v -0.527421 1.07856 -1.15935 
v -0.510357 1.07807 -1.16667 
v -0.493127 1.07778 -1.17362 
v -0.475743 1.07768 -1.18017 
v -0.458216 1.07778 -1.18632 
v -0.440556 1.07807 -1.19208 
v -0.422774 1.07856 -1.19744 
v -0.404881 1.07925 -1.20239 
v -0.386889 1.08013 -1.20693 
v -0.368809 1.0812 -1.21106 
v -0.350651 1.08247 -1.21478 
v -0.332428 1.08393 -1.21808 
v -0.31415 1.08558 -1.22096 
v -0.295829 1.08742 -1.22343 
v -0.277476 1.08945 -1.22547 
v -0.259103 1.09167 -1.22709 
v -0.240722 1.09408 -1.22829 
v -0.222342 1.09667 -1.22906 
v -0.203977 1.09945 -1.2294 
v -0.185637 1.10241 -1.22933 
v -0.167333 1.10555 -1.22882 
v -0.149078 1.10887 -1.2279 
v -0.130883 1.11236 -1.22654 
v -0.774372 1.13274 -1.00434 
v -0.769733 1.11236 -0.994021 
v -0.782476 1.11603 -0.98101 
v -0.761271 1.12924 -1.01711 
v -0.74785 1.12591 -1.02958 
v -0.734119 1.12277 -1.04176 
v -0.720086 1.1198 -1.05364 
v -0.70576 1.11702 -1.06521 
v -0.691148 1.11442 -1.07646 
v -0.676262 1.112 -1.08738 
v -0.661109 1.10978 -1.09798 
v -0.6457 1.10774 -1.10824 
v -0.630044 1.10589 -1.11815 
v -0.61415 1.10424 -1.12771 
v -0.598028 1.10277 -1.13692 
v -0.58169 1.1015 -1.14576 
v -0.565143 1.10043 -1.15424 
v -0.5484 1.09955 -1.16235 
v -0.53147 1.09886 -1.17007 
v -0.514364 1.09837 -1.17742 
v -0.497092 1.09808 -1.18438 
v -0.479666 1.09798 -1.19094 
v -0.462096 1.09808 -1.19711 
v -0.444392 1.09837 -1.20289 
v -0.426567 1.09886 -1.20826 
v -0.408631 1.09955 -1.21322 
v -0.390595 1.10043 -1.21777 
v -0.372471 1.1015 -1.22191 
v -0.354269 1.10277 -1.22564 
v -0.336001 1.10424 -1.22895 
v -0.317679 1.10589 -1.23184 
v -0.299313 1.10774 -1.23431 
v -0.280916 1.10978 -1.23636 
v -0.262498 1.112 -1.23798 
v -0.244071 1.11442 -1.23918 
v -0.225647 1.11702 -1.23995 
v -0.207237 1.1198 -1.2403 
v -0.188852 1.12277 -1.24022 
v -0.170504 1.12591 -1.23972 
v -0.152204 1.12924 -1.23879 
v -0.133964 1.13274 -1.23743 
v -0.115795 1.13642 -1.23565 
v -0.112758 1.11603 -1.22477 
v -0.778729 1.15298 -1.01434 
v -0.787147 1.13642 -0.991302 
v -0.765602 1.14947 -1.02713 
v -0.752155 1.14614 -1.03963 
v -0.738397 1.14298 -1.05184 
v -0.724336 1.14001 -1.06374 
v -0.709981 1.13722 -1.07533 
v -0.695341 1.13462 -1.0866 
v -0.680425 1.1322 -1.09755 
v -0.665242 1.12997 -1.10816 
v -0.649803 1.12793 -1.11844 
v -0.634115 1.12608 -1.12837 
v -0.61819 1.12442 -1.13796 
v -0.602037 1.12295 -1.14718 
v -0.585665 1.12168 -1.15604 
v -0.569086 1.1206 -1.16454 
v -0.55231 1.11972 -1.17266 
v -0.535347 1.11903 -1.1804 
v -0.518207 1.11854 -1.18776 
v -0.500901 1.11825 -1.19473 
v -0.48344 1.11815 -1.20131 
v -0.465835 1.11825 -1.2075 
v -0.448097 1.11854 -1.21328 
v -0.430236 1.11903 -1.21866 
v -0.412265 1.11972 -1.22363 
v -0.394193 1.1206 -1.22819 
v -0.376033 1.12168 -1.23234 
v -0.357795 1.12295 -1.23608 
v -0.339491 1.12442 -1.23939 
v -0.321132 1.12608 -1.24229 
v -0.30273 1.12793 -1.24476 
v -0.284297 1.12997 -1.24682 
v -0.265842 1.1322 -1.24844 
v -0.247379 1.13462 -1.24964 
v -0.228919 1.13722 -1.25042 
v -0.210472 1.14001 -1.25077 
v -0.192051 1.14298 -1.25069 
v -0.173666 1.14614 -1.25018 
v -0.155331 1.14947 -1.24925 
v -0.137055 1.15298 -1.24789 
v -0.11885 1.15666 -1.24611 
v -0.782807 1.17307 -1.02403 
v -0.791529 1.15666 -1.00128 
v -0.76966 1.16956 -1.03683 
v -0.756192 1.16622 -1.04935 
v -0.742413 1.16306 -1.06157 
v -0.728331 1.16009 -1.07349 
v -0.713954 1.15729 -1.0851 
v -0.699292 1.15468 -1.09639 
v -0.684353 1.15226 -1.10736 
v -0.669147 1.15003 -1.11799 
v -0.653684 1.14798 -1.12828 
v -0.637972 1.14613 -1.13823 
v -0.622023 1.14447 -1.14783 
v -0.605845 1.143 -1.15706 
v -0.589449 1.14173 -1.16594 
v -0.572844 1.14065 -1.17445 
v -0.556042 1.13976 -1.18258 
v -0.539053 1.13908 -1.19034 
v -0.521887 1.13858 -1.19771 
v -0.504555 1.13829 -1.20469 
v -0.487068 1.13819 -1.21128 
v -0.469436 1.13829 -1.21747 
v -0.45167 1.13858 -1.22326 
v -0.433783 1.13908 -1.22865 
v -0.415783 1.13976 -1.23363 
v -0.397684 1.14065 -1.2382 
v -0.379496 1.14173 -1.24236 
v -0.361231 1.143 -1.2461 
v -0.342899 1.14447 -1.24942 
v -0.324512 1.14613 -1.25232 
v -0.306082 1.14798 -1.2548 
v -0.28762 1.15003 -1.25685 
v -0.269138 1.15226 -1.25848 
v -0.250646 1.15468 -1.25968 
v -0.232158 1.15729 -1.26046 
v -0.213683 1.16009 -1.26081 
v -0.195234 1.16306 -1.26073 
v -0.176821 1.16622 -1.26023 
v -0.158457 1.16956 -1.25929 
v -0.140153 1.17307 -1.25793 
v -0.121921 1.17677 -1.25615 
v -0.78661 1.19303 -1.03339 
v -0.795626 1.17677 -1.01094 
v -0.773448 1.18951 -1.04621 
v -0.759966 1.18617 -1.05875 
v -0.746172 1.18301 -1.07098 
v -0.732074 1.18003 -1.08291 
v -0.717682 1.17723 -1.09453 
v -0.703004 1.17462 -1.10584 
v -0.688049 1.1722 -1.11681 
v -0.672827 1.16996 -1.12746 
v -0.657347 1.16791 -1.13776 
v -0.641618 1.16606 -1.14772 
v -0.625652 1.16439 -1.15733 
v -0.609456 1.16292 -1.16657 
v -0.593042 1.16165 -1.17546 
v -0.57642 1.16057 -1.18398 
v -0.5596 1.15968 -1.19212 
v -0.542592 1.15899 -1.19988 
v -0.525408 1.1585 -1.20726 
v -0.508057 1.15821 -1.21425 
v -0.49055 1.15811 -1.22085 
v -0.472899 1.15821 -1.22705 
v -0.455115 1.1585 -1.23285 
v -0.437208 1.15899 -1.23824 
v -0.419189 1.15968 -1.24322 
v -0.40107 1.16057 -1.2478 
v -0.382862 1.16165 -1.25196 
v -0.364577 1.16292 -1.2557 
v -0.346225 1.16439 -1.25903 
v -0.327819 1.16606 -1.26193 
v -0.309369 1.16791 -1.26441 
v -0.290887 1.16996 -1.26647 
v -0.272385 1.1722 -1.2681 
v -0.253873 1.17462 -1.26931 
v -0.235364 1.17723 -1.27008 
v -0.21687 1.18003 -1.27043 
v -0.1984 1.18301 -1.27035 
v -0.179968 1.18617 -1.26985 
v -0.161585 1.18951 -1.26891 
v -0.143261 1.19303 -1.26755 
v -0.125008 1.19672 -1.26576 
v -0.802982 1.21654 -1.02934 
v -0.799443 1.19672 -1.02029 
v -0.790141 1.21285 -1.04245 
v -0.776971 1.20933 -1.05528 
v -0.76348 1.20598 -1.06782 
v -0.749677 1.20282 -1.08006 
v -0.73557 1.19984 -1.092 
v -0.721169 1.19704 -1.10363 
v -0.706481 1.19442 -1.11494 
v -0.691516 1.192 -1.12592 
v -0.676284 1.18976 -1.13657 
v -0.660794 1.18771 -1.14688 
v -0.645056 1.18586 -1.15685 
v -0.629079 1.18419 -1.16646 
v -0.612873 1.18272 -1.17572 
v -0.596448 1.18145 -1.18461 
v -0.579815 1.18036 -1.19313 
v -0.562984 1.17948 -1.20128 
v -0.545965 1.17879 -1.20904 
v -0.52877 1.1783 -1.21643 
v -0.511408 1.178 -1.22342 
v -0.49389 1.1779 -1.23002 
v -0.476228 1.178 -1.23623 
v -0.458432 1.1783 -1.24203 
v -0.440513 1.17879 -1.24743 
v -0.422483 1.17948 -1.25241 
v -0.404352 1.18036 -1.25699 
v -0.386133 1.18145 -1.26116 
v -0.367835 1.18272 -1.2649 
v -0.349472 1.18419 -1.26823 
v -0.331054 1.18586 -1.27113 
v -0.312592 1.18771 -1.27362 
v -0.294098 1.18976 -1.27568 
v -0.275583 1.192 -1.27731 
v -0.25706 1.19442 -1.27851 
v -0.238539 1.19704 -1.27929 
v -0.220033 1.19984 -1.27964 
v -0.201552 1.20282 -1.27956 
v -0.183107 1.20598 -1.27905 
v -0.164712 1.20933 -1.27812 
v -0.146376 1.21285 -1.27676 
v -0.128112 1.21654 -1.27497 
v -0.106045 1.1953 -1.26085 
vn 0.144544 -0.906308 0.397131 
vn -0.65881 0.211309 0.722024 
vn -0.893097 -0.177742 0.413262 
vn 0.144544 -0.906308 0.397131 
vn 0.738293 0.365998 0.566541 
vn 0.736084 0.379305 0.560631 
vn 0.719432 0.384459 0.578454 
vn 0.721639 0.371152 0.584366 
vn 0.702331 0.389382 0.595913 
vn 0.704536 0.376076 0.601827 
vn 0.684793 0.394071 0.612998 
vn 0.686996 0.380766 0.618914 
vn 0.666827 0.398524 0.629699 
vn 0.669028 0.385219 0.635616 
vn 0.648445 0.402737 0.646004 
vn 0.650644 0.389433 0.651923 
vn 0.629659 0.406708 0.661905 
vn 0.612676 0.397131 0.683312 
vn 0.631856 0.393404 0.667825 
vn 0.61048 0.410435 0.67739 
vn 0.590921 0.413914 0.69245 
vn 0.573183 0.403843 0.713002 
vn 0.593114 0.400611 0.698374 
vn 0.570993 0.417145 0.707077 
vn 0.550708 0.420125 0.72126 
vn 0.552897 0.406823 0.727187 
vn 0.53008 0.422852 0.734991 
vn 0.532266 0.40955 0.740919 
vn 0.509121 0.425324 0.748261 
vn 0.511305 0.412022 0.754191 
vn 0.487844 0.42754 0.761063 
vn 0.468442 0.416198 0.779321 
vn 0.490026 0.414239 0.766995 
vn 0.466263 0.429499 0.773388 
vn 0.44439 0.431199 0.785229 
vn 0.446567 0.417898 0.791163 
vn 0.42224 0.432639 0.796578 
vn 0.424415 0.419338 0.802513 
vn 0.399826 0.433819 0.807428 
vn 0.401998 0.420518 0.813364 
vn 0.377162 0.434737 0.817773 
vn 0.379332 0.421437 0.82371 
vn 0.354263 0.435394 0.827605 
vn 0.333306 0.422487 0.842859 
vn 0.35643 0.422093 0.833544 
vn 0.331142 0.435788 0.83692 
vn 0.307813 0.435919 0.84571 
vn 0.309976 0.422618 0.851651 
vn 0.284292 0.435788 0.853971 
vn 0.286452 0.422487 0.859913 
vn 0.260593 0.435394 0.861698 
vn 0.26275 0.422093 0.86764 
vn 0.236731 0.434737 0.868885 
vn 0.238885 0.421437 0.874829 
vn 0.21272 0.433819 0.875529 
vn 0.214872 0.420518 0.881473 
vn 0.188576 0.432639 0.881625 
vn 0.166459 0.417898 0.893114 
vn 0.190725 0.419338 0.887569 
vn 0.164313 0.431199 0.887169 
vn 0.139946 0.429499 0.892158 
vn 0.117633 0.414239 0.902535 
vn 0.14209 0.416198 0.898103 
vn 0.115492 0.42754 0.896589 
vn 0.0909638 0.425324 0.900458 
vn 0.0931025 0.412022 0.906405 
vn 0.0663781 0.422852 0.903765 
vn 0.0438832 0.406823 0.912453 
vn 0.0685141 0.40955 0.909711 
vn 0.0417498 0.420125 0.906505 
vn 0.0170942 0.417145 0.908679 
vn 0.0192249 0.403843 0.914626 
vn -0.00757327 0.413914 0.910284 
vn -0.00544528 0.400611 0.916232 
vn -0.0322374 0.410435 0.91132 
vn -0.0301121 0.397131 0.917268 
vn -0.0568828 0.406708 0.911786 
vn -0.0547602 0.393404 0.917733 
vn -0.0814942 0.402737 0.911681 
vn -0.0793742 0.389433 0.917628 
vn -0.106056 0.398524 0.911005 
vn -0.103939 0.385219 0.916953 
vn -0.130554 0.394071 0.90976 
vn -0.128439 0.380766 0.915708 
vn -0.154971 0.389382 0.907946 
vn -0.152859 0.376076 0.913893 
vn -0.179294 0.384459 0.905563 
vn -0.177185 0.371152 0.911511 
vn -0.203506 0.379305 0.902615 
vn 0.733768 0.392249 0.55473 
vn 0.717121 0.397401 0.572547 
vn 0.700026 0.402322 0.590001 
vn 0.682493 0.40701 0.60708 
vn 0.664533 0.411461 0.623776 
vn 0.646157 0.415673 0.640076 
vn 0.627377 0.419643 0.655971 
vn 0.608204 0.423368 0.671451 
vn 0.588651 0.426847 0.686507 
vn 0.568729 0.430077 0.701129 
vn 0.548451 0.433056 0.715307 
vn 0.527829 0.435782 0.729034 
vn 0.506877 0.438253 0.742301 
vn 0.485607 0.440469 0.755098 
vn 0.464032 0.442427 0.76742 
vn 0.442166 0.444126 0.779257 
vn 0.420023 0.445566 0.790602 
vn 0.397616 0.446745 0.801449 
vn 0.37496 0.447663 0.81179 
vn 0.352067 0.44832 0.821619 
vn 0.328953 0.448713 0.830931 
vn 0.305633 0.448845 0.839719 
vn 0.282119 0.448713 0.847977 
vn 0.258427 0.44832 0.855701 
vn 0.234573 0.447663 0.862886 
vn 0.210569 0.446745 0.869528 
vn 0.186433 0.445566 0.875622 
vn 0.162177 0.444126 0.881164 
vn 0.137819 0.442427 0.886151 
vn 0.113372 0.440469 0.890581 
vn 0.0888516 0.438253 0.894449 
vn 0.0642737 0.435782 0.897755 
vn 0.0396532 0.433056 0.900495 
vn 0.0150054 0.430077 0.902668 
vn -0.00965435 0.426847 0.904272 
vn -0.0343107 0.423368 0.905308 
vn -0.0589483 0.419643 0.905773 
vn -0.0835519 0.415673 0.905668 
vn -0.108106 0.411461 0.904993 
vn -0.132596 0.40701 0.903748 
vn -0.157006 0.402322 0.901935 
vn -0.181321 0.397401 0.899553 
vn -0.205526 0.392249 0.896605 
vn 0.714696 0.410086 0.566604 
vn 0.697609 0.415005 0.584048 
vn 0.680085 0.41969 0.601119 
vn 0.662134 0.424139 0.617806 
vn 0.643768 0.428349 0.634098 
vn 0.624998 0.432317 0.649985 
vn 0.605835 0.43604 0.665457 
vn 0.586291 0.439517 0.680505 
vn 0.56638 0.442745 0.695119 
vn 0.546112 0.445722 0.70929 
vn 0.525501 0.448447 0.72301 
vn 0.50456 0.450917 0.73627 
vn 0.4833 0.453132 0.749061 
vn 0.461737 0.455089 0.761376 
vn 0.439883 0.456787 0.773207 
vn 0.417751 0.458226 0.784546 
vn 0.395356 0.459405 0.795387 
vn 0.372711 0.460323 0.805723 
vn 0.34983 0.460978 0.815548 
vn 0.326728 0.461372 0.824854 
vn 0.303419 0.461503 0.833638 
vn 0.279918 0.461372 0.841892 
vn 0.256238 0.460978 0.849612 
vn 0.232396 0.460323 0.856794 
vn 0.208405 0.459405 0.863432 
vn 0.184281 0.458226 0.869522 
vn 0.160038 0.456787 0.875062 
vn 0.135692 0.455089 0.880047 
vn 0.111257 0.453132 0.884474 
vn 0.08675 0.450917 0.88834 
vn 0.0621848 0.448447 0.891644 
vn 0.0375769 0.445722 0.894382 
vn 0.0129419 0.442745 0.896554 
vn -0.0117051 0.439517 0.898158 
vn -0.0363488 0.43604 0.899193 
vn -0.0609737 0.432317 0.899658 
vn -0.0855646 0.428349 0.899553 
vn -0.110106 0.424139 0.898879 
vn -0.134583 0.41969 0.897634 
vn -0.158981 0.415005 0.895821 
vn 0.712162 0.422514 0.56063 
vn 0.695088 0.42743 0.578063 
vn 0.677576 0.432112 0.595122 
vn 0.659638 0.436558 0.611797 
vn 0.641285 0.440764 0.628077 
vn 0.622528 0.444729 0.643953 
vn 0.603378 0.44845 0.659414 
vn 0.583849 0.451925 0.674451 
vn 0.563951 0.45515 0.689055 
vn 0.543698 0.458126 0.703216 
vn 0.523102 0.460848 0.716927 
vn 0.502175 0.463317 0.730177 
vn 0.480931 0.46553 0.742959 
vn 0.459382 0.467485 0.755265 
vn 0.437543 0.469183 0.767088 
vn 0.415427 0.470621 0.778419 
vn 0.393048 0.471799 0.789252 
vn 0.370419 0.472716 0.799581 
vn 0.347555 0.473371 0.809398 
vn 0.324469 0.473764 0.818699 
vn 0.301177 0.473895 0.827476 
vn 0.277692 0.473764 0.835724 
vn 0.254029 0.473371 0.843439 
vn 0.230203 0.472716 0.850615 
vn 0.20623 0.471799 0.857249 
vn 0.182122 0.470621 0.863335 
vn 0.157897 0.469183 0.868871 
vn 0.133568 0.467485 0.873852 
vn 0.109151 0.46553 0.878276 
vn 0.0846604 0.463317 0.88214 
vn 0.0601125 0.460848 0.885441 
vn 0.035522 0.458126 0.888177 
vn 0.0109044 0.45515 0.890348 
vn -0.0137252 0.451925 0.891951 
vn -0.0383515 0.44845 0.892985 
vn -0.062959 0.444729 0.893449 
vn -0.0875325 0.440764 0.893345 
vn -0.112057 0.436558 0.892671 
vn -0.136517 0.432112 0.891427 
vn -0.183283 0.410086 0.893441 
vn -0.160897 0.42743 0.889616 
vn 0.709528 0.434687 0.554633 
vn 0.692468 0.439598 0.57205 
vn 0.674972 0.444276 0.589094 
vn 0.65705 0.448718 0.605754 
vn 0.638713 0.452921 0.62202 
vn 0.619973 0.456882 0.637881 
vn 0.60084 0.4606 0.653329 
vn 0.581328 0.464071 0.668353 
vn 0.561448 0.467294 0.682944 
vn 0.541213 0.470267 0.697092 
vn 0.520635 0.472987 0.71079 
vn 0.499727 0.475453 0.724029 
vn 0.478502 0.477664 0.736799 
vn 0.456972 0.479618 0.749095 
vn 0.435153 0.481314 0.760907 
vn 0.413057 0.482751 0.772228 
vn 0.390697 0.483928 0.783052 
vn 0.368088 0.484844 0.793371 
vn 0.345244 0.485498 0.80318 
vn 0.322179 0.485891 0.812472 
vn 0.298907 0.486022 0.821241 
vn 0.275443 0.485891 0.829482 
vn 0.251802 0.485498 0.83719 
vn 0.227997 0.484844 0.84436 
vn 0.204045 0.483928 0.850988 
vn 0.179959 0.482751 0.857069 
vn 0.155755 0.481314 0.862599 
vn 0.131447 0.479618 0.867576 
vn 0.107052 0.477664 0.871996 
vn 0.0825837 0.475453 0.875856 
vn 0.0580577 0.472987 0.879155 
vn 0.0334891 0.470267 0.881889 
vn 0.00889333 0.467294 0.884057 
vn -0.0157144 0.464071 0.885658 
vn -0.0403187 0.4606 0.886692 
vn -0.0649043 0.456882 0.887156 
vn -0.089456 0.452921 0.887051 
vn -0.113958 0.448718 0.886378 
vn -0.138397 0.444276 0.885136 
vn -0.185182 0.422514 0.887237 
vn -0.162755 0.439598 0.883326 
vn 0.706798 0.446606 0.548617 
vn 0.689756 0.451512 0.566015 
vn 0.672279 0.456185 0.583041 
vn 0.654376 0.460622 0.599683 
vn 0.636058 0.46482 0.615932 
vn 0.617338 0.468777 0.631777 
vn 0.598226 0.472491 0.647208 
vn 0.578735 0.475959 0.662216 
vn 0.558876 0.479178 0.676791 
vn 0.538662 0.482148 0.690925 
vn 0.518106 0.484865 0.704608 
vn 0.49722 0.487329 0.717832 
vn 0.476017 0.489537 0.730589 
vn 0.454511 0.491489 0.742872 
vn 0.432715 0.493183 0.754671 
vn 0.410642 0.494618 0.76598 
vn 0.388306 0.495794 0.776793 
vn 0.365721 0.496709 0.787101 
vn 0.342902 0.497363 0.796899 
vn 0.319861 0.497756 0.806181 
vn 0.296614 0.497886 0.814941 
vn 0.273175 0.497756 0.823174 
vn 0.249559 0.497363 0.830873 
vn 0.22578 0.496709 0.838036 
vn 0.201853 0.495794 0.844656 
vn 0.177793 0.494618 0.850731 
vn 0.153614 0.493183 0.856255 
vn 0.129333 0.491489 0.861227 
vn 0.104963 0.489537 0.865642 
vn 0.0805211 0.487329 0.869498 
vn 0.0560212 0.484865 0.872793 
vn 0.0314788 0.482148 0.875524 
vn 0.00690917 0.479178 0.87769 
vn -0.0176723 0.475959 0.87929 
vn -0.0422504 0.472491 0.880322 
vn -0.0668099 0.468777 0.880786 
vn -0.0913355 0.46482 0.880682 
vn -0.115812 0.460622 0.880009 
vn -0.140224 0.456185 0.878768 
vn -0.187018 0.434687 0.880949 
vn -0.164556 0.451512 0.87696 
vn 0.686958 0.463172 0.559965 
vn 0.669502 0.467839 0.576969 
vn 0.651621 0.472271 0.593591 
vn 0.633326 0.476464 0.60982 
vn 0.614629 0.480417 0.625645 
vn 0.59554 0.484126 0.641057 
vn 0.576073 0.487589 0.656046 
vn 0.556239 0.490805 0.670604 
vn 0.53605 0.49377 0.68472 
vn 0.515519 0.496484 0.698386 
vn 0.494659 0.498945 0.711594 
vn 0.473482 0.501151 0.724336 
vn 0.452003 0.5031 0.736603 
vn 0.430233 0.504792 0.748388 
vn 0.408188 0.506226 0.759683 
vn 0.385879 0.5074 0.770482 
vn 0.363322 0.508314 0.780778 
vn 0.340531 0.508967 0.790564 
vn 0.317519 0.509359 0.799835 
vn 0.2943 0.50949 0.808584 
vn 0.27089 0.509359 0.816806 
vn 0.247303 0.508967 0.824496 
vn 0.223553 0.508314 0.83165 
vn 0.199656 0.5074 0.838262 
vn 0.175625 0.506226 0.844329 
vn 0.151477 0.504792 0.849847 
vn 0.127225 0.5031 0.854812 
vn 0.102886 0.501151 0.859222 
vn 0.0784735 0.498945 0.863073 
vn 0.0540037 0.496484 0.866364 
vn 0.0294915 0.49377 0.869092 
vn 0.00495222 0.490805 0.871256 
vn -0.019599 0.487589 0.872853 
vn -0.0441468 0.484126 0.873884 
vn -0.068676 0.480417 0.874347 
vn -0.0931713 0.476464 0.874243 
vn -0.117618 0.472271 0.873571 
vn -0.141999 0.467839 0.872332 
vn 0.684079 0.474582 0.553903 
vn 0.666647 0.479243 0.570884 
vn 0.648791 0.483668 0.587482 
vn 0.630522 0.487855 0.603688 
vn 0.61185 0.491802 0.619492 
vn 0.592788 0.495506 0.634882 
vn 0.573348 0.498965 0.649851 
vn 0.553542 0.502176 0.664388 
vn 0.533381 0.505137 0.678484 
vn 0.512879 0.507848 0.692132 
vn 0.492047 0.510305 0.705321 
vn 0.4709 0.512508 0.718045 
vn 0.449451 0.514454 0.730295 
vn 0.427712 0.516144 0.742063 
vn 0.405697 0.517576 0.753343 
vn 0.383419 0.518748 0.764127 
vn 0.360894 0.519661 0.774408 
vn 0.338134 0.520313 0.784181 
vn 0.315154 0.520704 0.793439 
vn 0.291968 0.520835 0.802176 
vn 0.268591 0.520704 0.810386 
vn 0.245036 0.520313 0.818066 
vn 0.221319 0.519661 0.825209 
vn 0.197455 0.518748 0.831813 
vn 0.173458 0.517576 0.837871 
vn 0.149343 0.516144 0.843381 
vn 0.125125 0.514454 0.84834 
vn 0.10082 0.512508 0.852743 
vn 0.0764416 0.510305 0.85659 
vn 0.0520059 0.507848 0.859876 
vn 0.0275279 0.505137 0.8626 
vn 0.00302277 0.502176 0.86476 
vn -0.0214942 0.498965 0.866356 
vn -0.0460079 0.495506 0.867385 
vn -0.0705029 0.491802 0.867848 
vn -0.0949642 0.487855 0.867744 
vn -0.119376 0.483668 0.867072 
vn -0.166302 0.463172 0.870526 
vn -0.143724 0.479243 0.865835 
vn 0.681125 0.485743 0.547835 
vn 0.66372 0.490397 0.564789 
vn 0.645891 0.494815 0.581362 
vn 0.62765 0.498996 0.597543 
vn 0.609008 0.502937 0.613322 
vn 0.589975 0.506635 0.628689 
vn 0.570565 0.510089 0.643634 
vn 0.550789 0.513295 0.658149 
vn 0.53066 0.516252 0.672224 
vn 0.510189 0.518958 0.68585 
vn 0.48939 0.521411 0.699019 
vn 0.468276 0.52361 0.711723 
vn 0.446859 0.525554 0.723954 
vn 0.425154 0.527241 0.735704 
vn 0.403173 0.528671 0.746967 
vn 0.38093 0.529841 0.757734 
vn 0.358439 0.530752 0.768 
vn 0.335714 0.531404 0.777757 
vn 0.31277 0.531795 0.787 
vn 0.28962 0.531925 0.795724 
vn 0.266278 0.531795 0.803922 
vn 0.24276 0.531404 0.811589 
vn 0.21908 0.530752 0.818722 
vn 0.195253 0.529841 0.825315 
vn 0.171293 0.528671 0.831364 
vn 0.147215 0.527241 0.836866 
vn 0.123035 0.525554 0.841817 
vn 0.0987669 0.52361 0.846213 
vn 0.0744264 0.521411 0.850054 
vn 0.0500285 0.518958 0.853335 
vn 0.0255883 0.516252 0.856055 
vn 0.00112102 0.513295 0.858212 
vn -0.0233581 0.510089 0.859805 
vn -0.0478339 0.506635 0.860832 
vn -0.0722911 0.502937 0.861294 
vn -0.0967145 0.498996 0.86119 
vn -0.121089 0.494815 0.86052 
vn -0.167993 0.474582 0.864032 
vn -0.145399 0.490397 0.859285 
vn 0.678101 0.496659 0.541765 
vn 0.660725 0.501305 0.558691 
vn 0.642927 0.505716 0.575236 
vn 0.624717 0.50989 0.591389 
vn 0.606106 0.513824 0.607141 
vn 0.587105 0.517516 0.622482 
vn 0.567728 0.520963 0.637402 
vn 0.547986 0.524164 0.651893 
vn 0.52789 0.527116 0.665944 
vn 0.507454 0.529818 0.679547 
vn 0.48669 0.532267 0.692694 
vn 0.465612 0.534462 0.705376 
vn 0.444231 0.536403 0.717587 
vn 0.422563 0.538087 0.729317 
vn 0.400619 0.539514 0.74056 
vn 0.378414 0.540683 0.751309 
vn 0.355961 0.541592 0.761557 
vn 0.333275 0.542242 0.771298 
vn 0.310369 0.542633 0.780526 
vn 0.287258 0.542763 0.789235 
vn 0.263956 0.542633 0.797419 
vn 0.240478 0.542242 0.805074 
vn 0.216838 0.541592 0.812194 
vn 0.193051 0.540683 0.818776 
vn 0.169131 0.539514 0.824815 
vn 0.145094 0.538087 0.830307 
vn 0.120955 0.536403 0.83525 
vn 0.0967279 0.534462 0.839639 
vn 0.0724286 0.532267 0.843473 
vn 0.0480719 0.529818 0.846748 
vn 0.023673 0.527116 0.849464 
vn -0.000752853 0.524164 0.851617 
vn -0.0251906 0.520963 0.853207 
vn -0.0496249 0.517516 0.854233 
vn -0.0740408 0.513824 0.854695 
vn -0.0984229 0.50989 0.854591 
vn -0.122756 0.505716 0.853922 
vn -0.16963 0.485743 0.857484 
vn -0.147025 0.501305 0.852688 
vn 0.675012 0.507333 0.535698 
vn 0.657669 0.51197 0.552593 
vn 0.639903 0.516373 0.569108 
vn 0.621726 0.520539 0.585232 
vn 0.603149 0.524466 0.600955 
vn 0.584184 0.528151 0.616268 
vn 0.564842 0.531592 0.63116 
vn 0.545135 0.534787 0.645624 
vn 0.525076 0.537734 0.659649 
vn 0.504678 0.54043 0.673228 
vn 0.483952 0.542875 0.68635 
vn 0.462912 0.545067 0.69901 
vn 0.441571 0.547004 0.711198 
vn 0.419942 0.548685 0.722907 
vn 0.398038 0.550109 0.734129 
vn 0.375874 0.551275 0.744859 
vn 0.353462 0.552184 0.755088 
vn 0.330817 0.552833 0.764811 
vn 0.307954 0.553222 0.774022 
vn 0.284885 0.553352 0.782715 
vn 0.261626 0.553222 0.790884 
vn 0.23819 0.552833 0.798525 
vn 0.214594 0.552184 0.805632 
vn 0.19085 0.551275 0.812202 
vn 0.166974 0.550109 0.81823 
vn 0.142981 0.548685 0.823712 
vn 0.118886 0.547004 0.828645 
vn 0.0947036 0.545067 0.833027 
vn 0.0704487 0.542875 0.836853 
vn 0.0461366 0.54043 0.840123 
vn 0.0217824 0.537734 0.842833 
vn -0.00259874 0.534787 0.844983 
vn -0.0269917 0.531592 0.84657 
vn -0.0513814 0.528151 0.847594 
vn -0.0757525 0.524466 0.848055 
vn -0.10009 0.520539 0.847951 
vn -0.124379 0.516373 0.847283 
vn -0.171215 0.496659 0.850891 
vn -0.148603 0.51197 0.846052 
vn 0.654555 0.522395 0.5465 
vn 0.636824 0.526789 0.562982 
vn 0.618682 0.530947 0.579074 
vn 0.600142 0.534867 0.594767 
vn 0.581214 0.538545 0.610049 
vn 0.56191 0.541979 0.624913 
vn 0.542242 0.545167 0.639348 
vn 0.522223 0.548108 0.653346 
vn 0.501864 0.550799 0.666897 
vn 0.481179 0.553239 0.679995 
vn 0.46018 0.555427 0.692629 
vn 0.438881 0.55736 0.704793 
vn 0.417294 0.559038 0.716479 
vn 0.395434 0.560459 0.72768 
vn 0.373313 0.561623 0.738388 
vn 0.350945 0.56253 0.748597 
vn 0.328345 0.563177 0.758301 
vn 0.305526 0.563566 0.767494 
vn 0.282503 0.563696 0.77617 
vn 0.259289 0.563566 0.784323 
vn 0.2359 0.563177 0.791949 
vn 0.212349 0.56253 0.799042 
vn 0.188652 0.561623 0.805599 
vn 0.164824 0.560459 0.811615 
vn 0.140878 0.559038 0.817086 
vn 0.11683 0.55736 0.82201 
vn 0.0926947 0.555427 0.826383 
vn 0.0684875 0.553239 0.830202 
vn 0.0442231 0.550799 0.833465 
vn 0.0199167 0.548108 0.83617 
vn -0.00441659 0.545167 0.838316 
vn -0.0287617 0.541979 0.8399 
vn -0.0531035 0.538545 0.840922 
vn -0.0774268 0.534867 0.841381 
vn -0.101716 0.530947 0.841278 
vn -0.125957 0.526789 0.840611 
vn 0.651388 0.532584 0.540415 
vn 0.633694 0.536969 0.556863 
vn 0.615591 0.541118 0.572922 
vn 0.597089 0.545029 0.588581 
vn 0.5782 0.548699 0.603832 
vn 0.558937 0.552127 0.618665 
vn 0.53931 0.555308 0.633069 
vn 0.519333 0.558243 0.647038 
vn 0.499017 0.560929 0.660561 
vn 0.478375 0.563364 0.673631 
vn 0.45742 0.565546 0.686239 
vn 0.436165 0.567475 0.698378 
vn 0.414624 0.56915 0.710039 
vn 0.392809 0.570568 0.721217 
vn 0.370734 0.57173 0.731902 
vn 0.348413 0.572634 0.74209 
vn 0.32586 0.573281 0.751774 
vn 0.303089 0.573669 0.760948 
vn 0.280113 0.573798 0.769605 
vn 0.256948 0.573669 0.777741 
vn 0.233608 0.573281 0.785351 
vn 0.210107 0.572634 0.79243 
vn 0.186459 0.57173 0.798973 
vn 0.16268 0.570568 0.804976 
vn 0.138784 0.56915 0.810437 
vn 0.114787 0.567475 0.81535 
vn 0.0907021 0.565546 0.819714 
vn 0.0665454 0.563364 0.823525 
vn 0.0423317 0.560929 0.826781 
vn 0.0180761 0.558243 0.82948 
vn -0.00620637 0.555308 0.831621 
vn -0.0305006 0.552127 0.833202 
vn -0.0547915 0.548699 0.834222 
vn -0.079064 0.545029 0.834681 
vn -0.103303 0.541118 0.834577 
vn -0.150135 0.522395 0.839383 
vn -0.127493 0.536969 0.833912 
vn 0.648173 0.542539 0.534343 
vn 0.630519 0.546915 0.550754 
vn 0.612455 0.551055 0.566778 
vn 0.593994 0.554957 0.582403 
vn 0.575148 0.55862 0.59762 
vn 0.555927 0.562039 0.61242 
vn 0.536343 0.565214 0.626793 
vn 0.51641 0.568142 0.64073 
vn 0.496139 0.570822 0.654224 
vn 0.475542 0.573251 0.667265 
vn 0.454634 0.575429 0.679845 
vn 0.433426 0.577354 0.691957 
vn 0.411932 0.579025 0.703593 
vn 0.390165 0.58044 0.714745 
vn 0.368139 0.581599 0.725407 
vn 0.345868 0.582502 0.735573 
vn 0.323365 0.583147 0.745235 
vn 0.300644 0.583534 0.754388 
vn 0.277719 0.583663 0.763027 
vn 0.254605 0.583534 0.771145 
vn 0.231316 0.583147 0.778738 
vn 0.207867 0.582502 0.785801 
vn 0.184272 0.581599 0.79233 
vn 0.160545 0.58044 0.79832 
vn 0.136702 0.579025 0.803768 
vn 0.112758 0.577354 0.808671 
vn 0.0887262 0.575429 0.813025 
vn 0.0646229 0.573251 0.816827 
vn 0.0404627 0.570822 0.820076 
vn 0.0162607 0.568142 0.82277 
vn -0.00796813 0.565214 0.824906 
vn -0.0322087 0.562039 0.826483 
vn -0.0564459 0.55862 0.827501 
vn -0.0806648 0.554957 0.827959 
vn -0.10485 0.551055 0.827856 
vn -0.15162 0.532584 0.832686 
vn -0.128987 0.546915 0.827192 
vn 0.644915 0.552266 0.528287 
vn 0.627301 0.556631 0.54466 
vn 0.60928 0.560762 0.560646 
vn 0.590862 0.564655 0.576235 
vn 0.572059 0.568309 0.591417 
vn 0.552882 0.57172 0.606182 
vn 0.533345 0.574888 0.620522 
vn 0.513458 0.577809 0.634427 
vn 0.493234 0.580483 0.647889 
vn 0.472685 0.582907 0.6609 
vn 0.451825 0.585079 0.673451 
vn 0.430667 0.587 0.685535 
vn 0.409223 0.588666 0.697143 
vn 0.387506 0.590079 0.70827 
vn 0.365532 0.591235 0.718907 
vn 0.343312 0.592135 0.729049 
vn 0.320861 0.592779 0.738689 
vn 0.298193 0.593165 0.747821 
vn 0.275321 0.593294 0.756439 
vn 0.252261 0.593165 0.764539 
vn 0.229027 0.592779 0.772114 
vn 0.205632 0.592135 0.779161 
vn 0.182091 0.591235 0.785674 
vn 0.15842 0.590079 0.79165 
vn 0.134632 0.588666 0.797086 
vn 0.110743 0.587 0.801977 
vn 0.0867677 0.585079 0.806321 
vn 0.0627204 0.582907 0.810115 
vn 0.0386164 0.580483 0.813356 
vn 0.0144706 0.577809 0.816044 
vn -0.00970193 0.574888 0.818175 
vn -0.0338862 0.57172 0.819748 
vn -0.0580671 0.568309 0.820764 
vn -0.0822297 0.564655 0.82122 
vn -0.106359 0.560762 0.821117 
vn -0.153061 0.542539 0.825968 
vn -0.13044 0.556631 0.820455 
vn 0.641617 0.561767 0.52225 
vn 0.624046 0.566122 0.538584 
vn 0.606068 0.570243 0.554531 
vn 0.587695 0.574126 0.570082 
vn 0.568938 0.577771 0.585227 
vn 0.549808 0.581174 0.599956 
vn 0.530318 0.584334 0.614261 
vn 0.510479 0.587248 0.628132 
vn 0.490304 0.589915 0.641562 
vn 0.469806 0.592333 0.654541 
vn 0.448997 0.594501 0.667061 
vn 0.42789 0.596417 0.679115 
vn 0.406498 0.598079 0.690696 
vn 0.384834 0.599488 0.701795 
vn 0.362913 0.600642 0.712407 
vn 0.340747 0.60154 0.722524 
vn 0.318351 0.602182 0.732141 
vn 0.295738 0.602567 0.74125 
vn 0.272922 0.602695 0.749848 
vn 0.249918 0.602567 0.757928 
vn 0.22674 0.602182 0.765484 
vn 0.203402 0.60154 0.772514 
vn 0.179919 0.600642 0.779011 
vn 0.156305 0.599488 0.784973 
vn 0.132575 0.598079 0.790395 
vn 0.108744 0.596417 0.795275 
vn 0.0848271 0.594501 0.799608 
vn 0.0608383 0.592333 0.803393 
vn 0.0367929 0.589915 0.806626 
vn 0.0127059 0.587248 0.809307 
vn -0.0114079 0.584334 0.811433 
vn -0.0355333 0.581174 0.813003 
vn -0.0596554 0.577771 0.814016 
vn -0.0837592 0.574126 0.814471 
vn -0.10783 0.570243 0.814369 
vn -0.154457 0.552266 0.819235 
vn -0.131852 0.566122 0.813708 
vn 0.620757 0.575391 0.532528 
vn 0.602825 0.579501 0.548435 
vn 0.584498 0.583375 0.563946 
vn 0.565789 0.587011 0.579053 
vn 0.546707 0.590405 0.593745 
vn 0.527266 0.593557 0.608013 
vn 0.507478 0.596464 0.62185 
vn 0.487354 0.599124 0.635245 
vn 0.466908 0.601536 0.648191 
vn 0.446151 0.603698 0.66068 
vn 0.425098 0.605609 0.672703 
vn 0.40376 0.607267 0.684255 
vn 0.382152 0.608672 0.695326 
vn 0.360286 0.609823 0.705911 
vn 0.338176 0.610719 0.716002 
vn 0.315837 0.611359 0.725594 
vn 0.293281 0.611743 0.734681 
vn 0.270523 0.611872 0.743257 
vn 0.247578 0.611743 0.751316 
vn 0.224458 0.611359 0.758853 
vn 0.201179 0.610719 0.765865 
vn 0.177756 0.609823 0.772346 
vn 0.154202 0.608672 0.778293 
vn 0.130532 0.607267 0.783701 
vn 0.106762 0.605609 0.788568 
vn 0.0829049 0.603698 0.792891 
vn 0.0589769 0.601536 0.796666 
vn 0.0349925 0.599124 0.799891 
vn 0.0109665 0.596464 0.802565 
vn -0.0130861 0.593557 0.804686 
vn -0.0371504 0.590405 0.806252 
vn -0.0612114 0.587011 0.807262 
vn -0.0852541 0.583375 0.807716 
vn -0.109264 0.579501 0.807614 
vn 0.617437 0.584442 0.526496 
vn 0.599553 0.588542 0.542361 
vn 0.581274 0.592405 0.557831 
vn 0.562614 0.596031 0.572898 
vn 0.543583 0.599417 0.587552 
vn 0.524193 0.602561 0.601783 
vn 0.504457 0.60546 0.615582 
vn 0.484386 0.608113 0.628943 
vn 0.463993 0.610518 0.641855 
vn 0.443292 0.612675 0.65431 
vn 0.422293 0.614581 0.666302 
vn 0.401012 0.616235 0.677823 
vn 0.37946 0.617636 0.688865 
vn 0.357652 0.618784 0.699422 
vn 0.335601 0.619677 0.709487 
vn 0.31332 0.620316 0.719054 
vn 0.290824 0.620699 0.728117 
vn 0.268126 0.620827 0.73667 
vn 0.245241 0.620699 0.744708 
vn 0.222182 0.620316 0.752226 
vn 0.198964 0.619677 0.759219 
vn 0.175602 0.618784 0.765683 
vn 0.152111 0.617636 0.771614 
vn 0.128503 0.616235 0.777008 
vn 0.104795 0.614581 0.781862 
vn 0.0810015 0.612675 0.786173 
vn 0.0571365 0.610518 0.789938 
vn 0.0332152 0.608113 0.793155 
vn 0.00925244 0.60546 0.795822 
vn -0.0147368 0.602561 0.797937 
vn -0.0387378 0.599417 0.799499 
vn -0.0627354 0.596031 0.800507 
vn -0.0867148 0.592405 0.80096 
vn -0.133225 0.575391 0.806955 
vn -0.110661 0.588542 0.800858 
vn 0.614091 0.59328 0.520491 
vn 0.596255 0.597369 0.536312 
vn 0.578027 0.601222 0.551741 
vn 0.559417 0.604838 0.566766 
vn 0.540438 0.608214 0.58138 
vn 0.521101 0.611349 0.595572 
vn 0.501418 0.614241 0.609334 
vn 0.481402 0.616886 0.622658 
vn 0.461065 0.619285 0.635535 
vn 0.44042 0.621436 0.647957 
vn 0.419479 0.623336 0.659916 
vn 0.398256 0.624986 0.671405 
vn 0.376763 0.626384 0.682417 
vn 0.355014 0.627528 0.692945 
vn 0.333023 0.628419 0.702983 
vn 0.310803 0.629056 0.712524 
vn 0.288368 0.629438 0.721562 
vn 0.265732 0.629566 0.730092 
vn 0.242909 0.629438 0.738108 
vn 0.219913 0.629056 0.745605 
vn 0.196759 0.628419 0.752579 
vn 0.17346 0.627528 0.759026 
vn 0.150032 0.626384 0.76494 
vn 0.12649 0.624986 0.77032 
vn 0.102846 0.623336 0.775161 
vn 0.0791172 0.621436 0.77946 
vn 0.0553172 0.619285 0.783215 
vn 0.0314611 0.616886 0.786423 
vn 0.00756365 0.614241 0.789083 
vn -0.0163603 0.611349 0.791192 
vn -0.0402958 0.608214 0.792749 
vn -0.064228 0.604838 0.793754 
vn -0.088142 0.601222 0.794206 
vn -0.134559 0.584442 0.800201 
vn -0.112023 0.597369 0.794104 
vn 0.610721 0.601909 0.514514 
vn 0.592935 0.605986 0.530291 
vn 0.574758 0.609828 0.545676 
vn 0.556201 0.613434 0.560659 
vn 0.537275 0.616801 0.575232 
vn 0.517993 0.619927 0.589384 
vn 0.498366 0.62281 0.603108 
vn 0.478406 0.625449 0.616394 
vn 0.458126 0.627841 0.629234 
vn 0.437539 0.629986 0.641621 
vn 0.416657 0.631881 0.653547 
vn 0.395493 0.633526 0.665004 
vn 0.37406 0.634919 0.675985 
vn 0.352373 0.636061 0.686484 
vn 0.330443 0.636949 0.696493 
vn 0.308286 0.637584 0.706007 
vn 0.285914 0.637966 0.71502 
vn 0.263342 0.638093 0.723525 
vn 0.240583 0.637966 0.731519 
vn 0.217652 0.637584 0.738995 
vn 0.194563 0.636949 0.74595 
vn 0.17133 0.636061 0.752378 
vn 0.147968 0.634919 0.758276 
vn 0.124491 0.633526 0.763641 
vn 0.100915 0.631881 0.768468 
vn 0.0772522 0.629986 0.772755 
vn 0.0535192 0.627841 0.776499 
vn 0.0297302 0.625449 0.779698 
vn 0.00590001 0.62281 0.782351 
vn -0.0179566 0.619927 0.784454 
vn -0.0418248 0.616801 0.786007 
vn -0.0656897 0.613434 0.787009 
vn -0.0895364 0.609828 0.78746 
vn -0.135856 0.59328 0.793449 
vn -0.11335 0.605986 0.787358 
vn 0.607331 0.610333 0.508569 
vn 0.589597 0.614398 0.5243 
vn 0.571472 0.618229 0.539641 
vn 0.552969 0.621825 0.554581 
vn 0.534098 0.625182 0.569111 
vn 0.514871 0.628299 0.583222 
vn 0.495301 0.631174 0.596906 
vn 0.475399 0.633805 0.610154 
vn 0.455178 0.63619 0.622957 
vn 0.43465 0.638328 0.635308 
vn 0.413828 0.640218 0.647199 
vn 0.392726 0.641858 0.658623 
vn 0.371356 0.643248 0.669572 
vn 0.349731 0.644386 0.680041 
vn 0.327865 0.645272 0.690021 
vn 0.305772 0.645905 0.699507 
vn 0.283464 0.646285 0.708494 
vn 0.260957 0.646412 0.716975 
vn 0.238265 0.646285 0.724945 
vn 0.2154 0.645905 0.7324 
vn 0.192378 0.645272 0.739334 
vn 0.169212 0.644386 0.745744 
vn 0.145918 0.643248 0.751625 
vn 0.122509 0.641858 0.756974 
vn 0.0990007 0.640218 0.761787 
vn 0.075407 0.638328 0.766062 
vn 0.0517427 0.63619 0.769795 
vn 0.0280226 0.633805 0.772985 
vn 0.00426138 0.631174 0.77563 
vn -0.0195261 0.628299 0.777727 
vn -0.0433252 0.625182 0.779275 
vn -0.067121 0.621825 0.780275 
vn -0.0908987 0.618229 0.780724 
vn -0.137116 0.601909 0.786705 
vn -0.114644 0.614398 0.780623 
vn 0.603923 0.618557 0.502657 
vn 0.586242 0.62261 0.518342 
vn 0.568171 0.62643 0.533636 
vn 0.549723 0.630014 0.548532 
vn 0.530908 0.633361 0.563019 
vn 0.511738 0.636469 0.577088 
vn 0.492226 0.639336 0.590731 
vn 0.472384 0.641959 0.60394 
vn 0.452223 0.644337 0.616705 
vn 0.431756 0.646469 0.629019 
vn 0.410996 0.648353 0.640875 
vn 0.389957 0.649988 0.652265 
vn 0.36865 0.651373 0.663182 
vn 0.347089 0.652508 0.673619 
vn 0.325289 0.653391 0.683569 
vn 0.303261 0.654023 0.693027 
vn 0.28102 0.654402 0.701987 
vn 0.25858 0.654528 0.710443 
vn 0.235955 0.654402 0.71839 
vn 0.213158 0.654023 0.725822 
vn 0.190204 0.653391 0.732736 
vn 0.167108 0.652508 0.739127 
vn 0.143883 0.651373 0.74499 
vn 0.120544 0.649988 0.750323 
vn 0.0971051 0.648353 0.755122 
vn 0.0735816 0.646469 0.759384 
vn 0.0499877 0.644337 0.763106 
vn 0.0263381 0.641959 0.766287 
vn 0.0026476 0.639336 0.768923 
vn -0.0210692 0.636469 0.771014 
vn -0.0447974 0.633361 0.772558 
vn -0.0685224 0.630014 0.773555 
vn -0.0922294 0.62643 0.774002 
vn -0.138341 0.610333 0.779971 
vn -0.115904 0.62261 0.773902 
vn 0.582873 0.630625 0.512417 
vn 0.564858 0.634433 0.527665 
vn 0.546465 0.638007 0.542515 
vn 0.527708 0.641344 0.556958 
vn 0.508597 0.644442 0.570985 
vn 0.489144 0.6473 0.584586 
vn 0.469362 0.649915 0.597754 
vn 0.449263 0.652286 0.610481 
vn 0.428858 0.654411 0.622757 
vn 0.408162 0.656289 0.634577 
vn 0.387187 0.65792 0.645932 
vn 0.365945 0.659301 0.656816 
vn 0.34445 0.660432 0.667221 
vn 0.322716 0.661313 0.677141 
vn 0.300755 0.661942 0.68657 
vn 0.278582 0.66232 0.695503 
vn 0.256211 0.662446 0.703933 
vn 0.233654 0.66232 0.711855 
vn 0.210927 0.661942 0.719265 
vn 0.188043 0.661313 0.726158 
vn 0.165017 0.660432 0.732529 
vn 0.141863 0.659301 0.738375 
vn 0.118595 0.65792 0.743691 
vn 0.095228 0.656289 0.748476 
vn 0.0717761 0.654411 0.752725 
vn 0.0482542 0.652286 0.756436 
vn 0.0246768 0.649915 0.759606 
vn 0.00105847 0.6473 0.762235 
vn -0.022586 0.644442 0.76432 
vn -0.0462419 0.641344 0.765859 
vn -0.0698945 0.638007 0.766852 
vn -0.0935292 0.634433 0.767299 
vn 0.579494 0.638448 0.506529 
vn 0.561534 0.642244 0.52173 
vn 0.543199 0.645807 0.536533 
vn 0.5245 0.649133 0.550931 
vn 0.505449 0.652222 0.564914 
vn 0.486057 0.655071 0.578473 
vn 0.466337 0.657678 0.5916 
vn 0.4463 0.660041 0.604286 
vn 0.425959 0.66216 0.616525 
vn 0.405328 0.664032 0.628308 
vn 0.384417 0.665658 0.639627 
vn 0.363242 0.667034 0.650477 
vn 0.341814 0.668162 0.66085 
vn 0.320148 0.66904 0.670739 
vn 0.298256 0.669668 0.680139 
vn 0.276152 0.670044 0.689044 
vn 0.25385 0.67017 0.697447 
vn 0.231364 0.670044 0.705345 
vn 0.208708 0.669668 0.712732 
vn 0.185895 0.66904 0.719603 
vn 0.162941 0.668162 0.725954 
vn 0.139859 0.667034 0.731782 
vn 0.116664 0.665658 0.737082 
vn 0.0933695 0.664032 0.741851 
vn 0.0699909 0.66216 0.746087 
vn 0.0465423 0.660041 0.749786 
vn 0.0230384 0.657678 0.752947 
vn -0.000506232 0.655071 0.755567 
vn -0.0240769 0.652222 0.757645 
vn -0.047659 0.649133 0.75918 
vn -0.0712379 0.645807 0.76017 
vn -0.117131 0.630625 0.767198 
vn -0.0947989 0.642244 0.760615 
vn 0.576105 0.646083 0.500678 
vn 0.558203 0.649868 0.515831 
vn 0.539927 0.653419 0.530587 
vn 0.521288 0.656735 0.544939 
vn 0.502297 0.659814 0.558877 
vn 0.482967 0.662653 0.572393 
vn 0.463309 0.665252 0.585478 
vn 0.443336 0.667608 0.598124 
vn 0.42306 0.66972 0.610324 
vn 0.402494 0.671586 0.622069 
vn 0.381651 0.673206 0.633353 
vn 0.360543 0.674579 0.644168 
vn 0.339183 0.675703 0.654507 
vn 0.317586 0.676578 0.664365 
vn 0.295763 0.677204 0.673735 
vn 0.27373 0.677579 0.682612 
vn 0.251499 0.677704 0.690989 
vn 0.229085 0.677579 0.698861 
vn 0.206501 0.677204 0.706224 
vn 0.183761 0.676578 0.713074 
vn 0.16088 0.675703 0.719405 
vn 0.137871 0.674579 0.725214 
vn 0.11475 0.673206 0.730497 
vn 0.09153 0.671586 0.735251 
vn 0.0682258 0.66972 0.739473 
vn 0.0448519 0.667608 0.743161 
vn 0.0214229 0.665252 0.746312 
vn -0.00204676 0.662653 0.748924 
vn -0.0255424 0.659814 0.750995 
vn -0.0490494 0.656735 0.752525 
vn -0.0725531 0.653419 0.753512 
vn -0.118327 0.638448 0.760515 
vn -0.096039 0.649868 0.753955 
vn 0.572711 0.653536 0.494867 
vn 0.554867 0.657308 0.50997 
vn 0.53665 0.660848 0.524679 
vn 0.518071 0.664153 0.538984 
vn 0.499142 0.667222 0.552877 
vn 0.479875 0.670052 0.566349 
vn 0.460281 0.672642 0.579391 
vn 0.440373 0.67499 0.591996 
vn 0.420163 0.677095 0.604156 
vn 0.399664 0.678956 0.615863 
vn 0.378888 0.680571 0.62711 
vn 0.357848 0.681939 0.63789 
vn 0.336558 0.683059 0.648196 
vn 0.315031 0.683932 0.658022 
vn 0.293279 0.684555 0.667362 
vn 0.271318 0.684929 0.676209 
vn 0.249159 0.685054 0.684559 
vn 0.226817 0.684929 0.692406 
vn 0.204307 0.684555 0.699745 
vn 0.181641 0.683932 0.706572 
vn 0.158834 0.683059 0.712883 
vn 0.1359 0.681939 0.718673 
vn 0.112854 0.680571 0.723939 
vn 0.0897094 0.678956 0.728678 
vn 0.0664809 0.677095 0.732886 
vn 0.0431829 0.67499 0.736562 
vn 0.01983 0.672642 0.739702 
vn -0.00356337 0.670052 0.742306 
vn -0.0269827 0.667222 0.74437 
vn -0.0504133 0.664153 0.745895 
vn -0.0738407 0.660848 0.746879 
vn -0.119493 0.646083 0.753855 
vn -0.0972504 0.657308 0.747321 
vn 0.569312 0.660809 0.489096 
vn 0.551527 0.664569 0.504149 
vn 0.53337 0.668097 0.518809 
vn 0.514853 0.671391 0.533067 
vn 0.495986 0.67445 0.546914 
vn 0.476783 0.677271 0.560341 
vn 0.457254 0.679853 0.573341 
vn 0.437411 0.682193 0.585904 
vn 0.417268 0.684291 0.598024 
vn 0.396837 0.686146 0.609692 
vn 0.37613 0.687755 0.620902 
vn 0.35516 0.689119 0.631646 
vn 0.33394 0.690235 0.641918 
vn 0.312484 0.691105 0.651712 
vn 0.290805 0.691726 0.66102 
vn 0.268916 0.692099 0.669838 
vn 0.24683 0.692223 0.67816 
vn 0.224563 0.692099 0.685981 
vn 0.202126 0.691726 0.693296 
vn 0.179535 0.691105 0.700101 
vn 0.156804 0.690235 0.706391 
vn 0.133946 0.689119 0.712161 
vn 0.110976 0.687755 0.71741 
vn 0.0879079 0.686146 0.722133 
vn 0.0647562 0.684291 0.726328 
vn 0.0415353 0.682193 0.729991 
vn 0.0182596 0.679853 0.733121 
vn -0.00505637 0.677271 0.735716 
vn -0.0283982 0.67445 0.737774 
vn -0.0517513 0.671391 0.739294 
vn -0.0751013 0.668097 0.740274 
vn -0.120628 0.653536 0.747222 
vn -0.0984335 0.664569 0.740715 
vn 0.565911 0.667909 0.483366 
vn 0.548185 0.671656 0.498369 
vn 0.53009 0.675172 0.512979 
vn 0.511635 0.678455 0.527189 
vn 0.492832 0.681503 0.54099 
vn 0.473693 0.684315 0.554372 
vn 0.454229 0.686888 0.567328 
vn 0.434454 0.689221 0.579849 
vn 0.414378 0.691312 0.591928 
vn 0.394016 0.69316 0.603557 
vn 0.373378 0.694764 0.614729 
vn 0.352479 0.696123 0.625437 
vn 0.331331 0.697236 0.635675 
vn 0.309946 0.698102 0.645435 
vn 0.28834 0.698721 0.654712 
vn 0.266524 0.699093 0.663501 
vn 0.244513 0.699217 0.671795 
vn 0.222321 0.699093 0.67959 
vn 0.19996 0.698721 0.68688 
vn 0.177445 0.698102 0.693662 
vn 0.15479 0.697236 0.69993 
vn 0.132009 0.696123 0.705682 
vn 0.109116 0.694764 0.710913 
vn 0.0861256 0.69316 0.71562 
vn 0.0630517 0.691312 0.7198 
vn 0.0399089 0.689221 0.723452 
vn 0.0167115 0.686888 0.726571 
vn -0.00652606 0.684315 0.729157 
vn -0.0297894 0.681503 0.731208 
vn -0.053064 0.678455 0.732723 
vn -0.0763354 0.675172 0.7337 
vn -0.121733 0.660809 0.740616 
vn -0.0995891 0.671656 0.734139 
vn 0.562509 0.674838 0.477679 
vn 0.544844 0.678572 0.49263 
vn 0.52681 0.682077 0.507191 
vn 0.508418 0.685349 0.521353 
vn 0.489679 0.688386 0.535106 
vn 0.470606 0.691188 0.548442 
vn 0.451209 0.693752 0.561354 
vn 0.431501 0.696077 0.573832 
vn 0.411494 0.698161 0.58587 
vn 0.391201 0.700003 0.597459 
vn 0.370634 0.701602 0.608593 
vn 0.349806 0.702956 0.619265 
vn 0.32873 0.704065 0.629467 
vn 0.307419 0.704929 0.639194 
vn 0.285886 0.705546 0.64844 
vn 0.264145 0.705916 0.657199 
vn 0.242209 0.70604 0.665464 
vn 0.220092 0.705916 0.673232 
vn 0.197808 0.705546 0.680498 
vn 0.17537 0.704929 0.687256 
vn 0.152792 0.704065 0.693503 
vn 0.130089 0.702956 0.699235 
vn 0.107274 0.701602 0.704448 
vn 0.0843624 0.700003 0.70914 
vn 0.0613674 0.698161 0.713306 
vn 0.0383036 0.696077 0.716944 
vn 0.0151854 0.693752 0.720053 
vn -0.00797278 0.691188 0.722631 
vn -0.0311566 0.688386 0.724675 
vn -0.0543517 0.685349 0.726184 
vn -0.0775437 0.682077 0.727158 
vn -0.122811 0.667909 0.73404 
vn -0.100718 0.678572 0.727596 
vn 0.541504 0.685323 0.486935 
vn 0.523533 0.688815 0.501445 
vn 0.505204 0.692076 0.515557 
vn 0.486531 0.695103 0.529263 
vn 0.467523 0.697896 0.542553 
vn 0.448193 0.700451 0.55542 
vn 0.428554 0.702767 0.567855 
vn 0.408616 0.704844 0.579851 
vn 0.388393 0.70668 0.5914 
vn 0.367898 0.708273 0.602496 
vn 0.347142 0.709622 0.61313 
vn 0.326139 0.710728 0.623297 
vn 0.304902 0.711588 0.632991 
vn 0.283444 0.712203 0.642204 
vn 0.261778 0.712572 0.650932 
vn 0.239918 0.712695 0.65917 
vn 0.217878 0.712572 0.666911 
vn 0.195671 0.712203 0.674151 
vn 0.17331 0.711588 0.680886 
vn 0.150811 0.710728 0.687112 
vn 0.128186 0.709622 0.692824 
vn 0.105451 0.708273 0.698019 
vn 0.0826183 0.70668 0.702693 
vn 0.059703 0.704844 0.706845 
vn 0.0367192 0.702767 0.710471 
vn 0.0136811 0.700451 0.71357 
vn -0.00939686 0.697896 0.716138 
vn -0.0325004 0.695103 0.718175 
vn -0.0556151 0.692076 0.719679 
vn -0.0787267 0.688815 0.720649 
vn 0.538167 0.691913 0.481282 
vn 0.520259 0.695393 0.495742 
vn 0.501995 0.698642 0.509804 
vn 0.483387 0.701659 0.523462 
vn 0.464446 0.704441 0.536706 
vn 0.445184 0.706987 0.549527 
vn 0.425614 0.709296 0.561919 
vn 0.405746 0.711365 0.573873 
vn 0.385594 0.713194 0.585381 
vn 0.365171 0.714782 0.596438 
vn 0.344488 0.716126 0.607035 
vn 0.323559 0.717228 0.617166 
vn 0.302396 0.718085 0.626825 
vn 0.281013 0.718698 0.636007 
vn 0.259424 0.719066 0.644704 
vn 0.237641 0.719189 0.652912 
vn 0.215678 0.719066 0.660626 
vn 0.193549 0.718698 0.667841 
vn 0.171267 0.718085 0.674553 
vn 0.148846 0.717228 0.680756 
vn 0.126301 0.716126 0.686448 
vn 0.103646 0.714782 0.691625 
vn 0.0808933 0.713194 0.696283 
vn 0.0580585 0.711365 0.700421 
vn 0.0351554 0.709296 0.704034 
vn 0.0121982 0.706987 0.707121 
vn -0.0107987 0.704441 0.709681 
vn -0.0338211 0.701659 0.71171 
vn -0.0568546 0.698642 0.713209 
vn -0.101821 0.685323 0.721086 
vn -0.079885 0.695393 0.714176 
vn 0.534835 0.698345 0.475674 
vn 0.51699 0.701813 0.490082 
vn 0.498791 0.70505 0.504094 
vn 0.480249 0.708056 0.517703 
vn 0.461376 0.710829 0.5309 
vn 0.442183 0.713366 0.543676 
vn 0.422682 0.715666 0.556023 
vn 0.402885 0.717728 0.567935 
vn 0.382805 0.719551 0.579402 
vn 0.362454 0.721133 0.590419 
vn 0.341844 0.722473 0.600979 
vn 0.32099 0.72357 0.611074 
vn 0.299902 0.724425 0.620699 
vn 0.278596 0.725035 0.629848 
vn 0.257083 0.725402 0.638514 
vn 0.235377 0.725524 0.646693 
vn 0.213492 0.725402 0.65438 
vn 0.191442 0.725035 0.661569 
vn 0.169239 0.724425 0.668257 
vn 0.146899 0.72357 0.674438 
vn 0.124434 0.722473 0.68011 
vn 0.101859 0.721133 0.685268 
vn 0.0791873 0.719551 0.68991 
vn 0.0564337 0.717728 0.694033 
vn 0.033612 0.715666 0.697633 
vn 0.0107365 0.713366 0.70071 
vn -0.0121786 0.710829 0.70326 
vn -0.0351191 0.708056 0.705282 
vn -0.0580707 0.70505 0.706776 
vn -0.102898 0.691913 0.714611 
vn -0.0810192 0.701813 0.707739 
vn 0.531508 0.704625 0.470109 
vn 0.513728 0.70808 0.484466 
vn 0.495594 0.711306 0.498428 
vn 0.477119 0.714301 0.511988 
vn 0.458314 0.717063 0.525137 
vn 0.439189 0.719591 0.537867 
vn 0.419759 0.721883 0.55017 
vn 0.400033 0.723938 0.562038 
vn 0.380025 0.725754 0.573465 
vn 0.359747 0.72733 0.584442 
vn 0.339212 0.728665 0.594964 
vn 0.318432 0.729759 0.605023 
vn 0.297421 0.73061 0.614613 
vn 0.276191 0.731219 0.623729 
vn 0.254755 0.731584 0.632364 
vn 0.233128 0.731706 0.640514 
vn 0.211322 0.731584 0.648173 
vn 0.189351 0.731219 0.655336 
vn 0.167228 0.73061 0.661999 
vn 0.144968 0.729759 0.668159 
vn 0.122584 0.728665 0.67381 
vn 0.10009 0.72733 0.67895 
vn 0.0775001 0.725754 0.683575 
vn 0.0548283 0.723938 0.687683 
vn 0.0320888 0.721883 0.69127 
vn 0.00929562 0.719591 0.694336 
vn -0.0135371 0.717063 0.696877 
vn -0.036395 0.714301 0.698892 
vn -0.059264 0.711306 0.70038 
vn -0.10395 0.698345 0.708173 
vn -0.0821299 0.70808 0.70134 
vn 0.528188 0.710756 0.46459 
vn 0.510473 0.714198 0.478894 
vn 0.492405 0.717412 0.492805 
vn 0.473997 0.720397 0.506316 
vn 0.45526 0.723149 0.519417 
vn 0.436205 0.725668 0.532101 
vn 0.416845 0.727952 0.544359 
vn 0.397191 0.729999 0.556184 
vn 0.377256 0.731808 0.567569 
vn 0.357052 0.733378 0.578507 
vn 0.336591 0.734709 0.58899 
vn 0.315887 0.735798 0.599012 
vn 0.294952 0.736647 0.608568 
vn 0.2738 0.737253 0.61765 
vn 0.252442 0.737617 0.626254 
vn 0.230893 0.737738 0.634374 
vn 0.209167 0.737617 0.642005 
vn 0.187275 0.737253 0.649143 
vn 0.165233 0.736647 0.655782 
vn 0.143054 0.735798 0.661919 
vn 0.120751 0.734709 0.667549 
vn 0.0983393 0.733378 0.67267 
vn 0.0758316 0.731808 0.677279 
vn 0.0532423 0.729999 0.681371 
vn 0.0305855 0.727952 0.684946 
vn 0.00787521 0.725668 0.688 
vn -0.0148744 0.723149 0.690532 
vn -0.0376492 0.720397 0.69254 
vn -0.0604351 0.717412 0.694023 
vn -0.104978 0.704625 0.701772 
vn -0.0832178 0.714198 0.694979 
vn 0.524876 0.716742 0.459115 
vn 0.507225 0.720172 0.473366 
vn 0.489224 0.723374 0.487226 
vn 0.470884 0.726348 0.500687 
vn 0.452215 0.72909 0.51374 
vn 0.433231 0.7316 0.526377 
vn 0.413942 0.733875 0.538591 
vn 0.39436 0.735914 0.550373 
vn 0.374498 0.737717 0.561716 
vn 0.354368 0.739282 0.572613 
vn 0.333983 0.740607 0.583058 
vn 0.313355 0.741693 0.593043 
vn 0.292497 0.742538 0.602564 
vn 0.271422 0.743142 0.611613 
vn 0.250143 0.743505 0.620185 
vn 0.228673 0.743625 0.628275 
vn 0.207027 0.743505 0.635878 
vn 0.185216 0.743142 0.642989 
vn 0.163255 0.742538 0.649604 
vn 0.141157 0.741693 0.655718 
vn 0.118936 0.740607 0.661328 
vn 0.0966065 0.739282 0.666431 
vn 0.0741815 0.737717 0.671022 
vn 0.0516753 0.735914 0.6751 
vn 0.0291017 0.733875 0.678661 
vn 0.00647492 0.7316 0.681704 
vn -0.0161911 0.72909 0.684226 
vn -0.0388822 0.726348 0.686227 
vn -0.0615843 0.723374 0.687704 
vn -0.105983 0.710756 0.695409 
vn -0.0842833 0.720172 0.688657 
vn 0.521572 0.722588 0.453684 
vn 0.503987 0.726005 0.467882 
vn 0.486052 0.729196 0.481692 
vn 0.46778 0.732158 0.495103 
vn 0.449181 0.73489 0.508107 
vn 0.430267 0.737391 0.520697 
vn 0.411049 0.739657 0.532865 
vn 0.39154 0.741689 0.544603 
vn 0.371752 0.743485 0.555904 
vn 0.351697 0.745044 0.566761 
vn 0.331387 0.746365 0.577167 
vn 0.310836 0.747446 0.587116 
vn 0.290055 0.748288 0.596601 
vn 0.269058 0.74889 0.605616 
vn 0.247858 0.749251 0.614157 
vn 0.226468 0.749372 0.622217 
vn 0.204902 0.749251 0.629792 
vn 0.183172 0.74889 0.636876 
vn 0.161292 0.748288 0.643467 
vn 0.139277 0.747446 0.649558 
vn 0.117138 0.746365 0.655147 
vn 0.0948915 0.745044 0.660231 
vn 0.0725498 0.743485 0.664805 
vn 0.050127 0.741689 0.668868 
vn 0.0276372 0.739657 0.672416 
vn 0.00509436 0.737391 0.675447 
vn -0.0174875 0.73489 0.677961 
vn -0.0400945 0.732158 0.679954 
vn -0.0627123 0.729196 0.681425 
vn -0.106965 0.716742 0.689086 
vn -0.0853271 0.726005 0.682375 
vn 0.518277 0.728298 0.448298 
vn 0.500757 0.731702 0.462443 
vn 0.48289 0.734881 0.4762 
vn 0.464686 0.737832 0.489561 
vn 0.446157 0.740554 0.502517 
vn 0.427314 0.743045 0.51506 
vn 0.408168 0.745303 0.527183 
vn 0.388732 0.747328 0.538877 
vn 0.369018 0.749117 0.550136 
vn 0.349038 0.75067 0.560952 
vn 0.328804 0.751986 0.571319 
vn 0.30833 0.753063 0.58123 
vn 0.287627 0.753902 0.590679 
vn 0.266709 0.754502 0.599661 
vn 0.245588 0.754862 0.60817 
vn 0.224278 0.754982 0.6162 
vn 0.202793 0.754862 0.623746 
vn 0.181144 0.754502 0.630804 
vn 0.159346 0.753902 0.63737 
vn 0.137413 0.753063 0.643439 
vn 0.115358 0.751986 0.649007 
vn 0.0931941 0.75067 0.654071 
vn 0.070936 0.749117 0.658629 
vn 0.0485972 0.747328 0.662676 
vn 0.0261916 0.745303 0.666211 
vn 0.00373315 0.743045 0.669231 
vn -0.0187642 0.740554 0.671735 
vn -0.0412865 0.737832 0.67372 
vn -0.0638197 0.734881 0.675187 
vn -0.107925 0.722588 0.682802 
vn -0.0863498 0.731702 0.676133 
vn 0.514992 0.733876 0.442956 
vn 0.497538 0.737267 0.457048 
vn 0.479739 0.740434 0.470753 
vn 0.461603 0.743374 0.484063 
vn 0.443144 0.746086 0.49697 
vn 0.424372 0.748567 0.509466 
vn 0.405299 0.750817 0.521543 
vn 0.385936 0.752834 0.533193 
vn 0.366296 0.754616 0.544409 
vn 0.346392 0.756163 0.555184 
vn 0.326235 0.757474 0.565512 
vn 0.305837 0.758548 0.575386 
vn 0.285213 0.759383 0.5848 
vn 0.264373 0.759981 0.593748 
vn 0.243333 0.760339 0.602224 
vn 0.222103 0.760459 0.610224 
vn 0.200699 0.760339 0.617742 
vn 0.179132 0.759981 0.624773 
vn 0.157416 0.759383 0.631314 
vn 0.135566 0.758548 0.63736 
vn 0.113594 0.757474 0.642907 
vn 0.091514 0.756163 0.647952 
vn 0.0693399 0.754616 0.652492 
vn 0.0470855 0.752834 0.656524 
vn 0.0247645 0.750817 0.660046 
vn 0.00239085 0.748567 0.663055 
vn -0.0200215 0.746086 0.665549 
vn -0.0424588 0.743374 0.667527 
vn -0.0649069 0.740434 0.668988 
vn -0.108863 0.728298 0.676558 
vn -0.0873519 0.737267 0.66993 
vn 0.49433 0.742704 0.451696 
vn 0.476598 0.745859 0.465349 
vn 0.458531 0.748787 0.478609 
vn 0.440142 0.751489 0.491466 
vn 0.421442 0.753961 0.503915 
vn 0.402441 0.756202 0.515945 
vn 0.383152 0.758211 0.527551 
vn 0.363587 0.759987 0.538724 
vn 0.343759 0.761528 0.549459 
vn 0.323678 0.762834 0.559747 
vn 0.303358 0.763903 0.569583 
vn 0.282812 0.764736 0.578961 
vn 0.262052 0.765331 0.587875 
vn 0.241092 0.765688 0.596319 
vn 0.219943 0.765807 0.604289 
vn 0.19862 0.765688 0.611778 
vn 0.177135 0.765331 0.618783 
vn 0.155502 0.764736 0.625298 
vn 0.133735 0.763903 0.631321 
vn 0.111847 0.762834 0.636847 
vn 0.0898509 0.761528 0.641873 
vn 0.0677613 0.759987 0.646396 
vn 0.0455915 0.758211 0.650413 
vn 0.0233555 0.756202 0.653921 
vn 0.00106704 0.753961 0.656918 
vn -0.02126 0.751489 0.659403 
vn -0.0436118 0.748787 0.661374 
vn -0.0659745 0.745859 0.662829 
vn 0.491132 0.748017 0.446387 
vn 0.473468 0.751159 0.459987 
vn 0.455471 0.754077 0.473196 
vn 0.437152 0.756768 0.486005 
vn 0.418523 0.75923 0.498405 
vn 0.399595 0.761463 0.51039 
vn 0.380381 0.763464 0.521951 
vn 0.360891 0.765233 0.533081 
vn 0.341138 0.766769 0.543774 
vn 0.321135 0.768069 0.554024 
vn 0.300893 0.769135 0.563822 
vn 0.280426 0.769964 0.573164 
vn 0.259745 0.770557 0.582044 
vn 0.238865 0.770912 0.590455 
vn 0.217798 0.771031 0.598394 
vn 0.196556 0.770912 0.605855 
vn 0.175154 0.770557 0.612832 
vn 0.153604 0.769964 0.619323 
vn 0.13192 0.769135 0.625323 
vn 0.110116 0.768069 0.630828 
vn 0.0882045 0.766769 0.635835 
vn 0.0661996 0.765233 0.64034 
vn 0.0441149 0.763464 0.644341 
vn 0.0219642 0.761463 0.647836 
vn -0.000238735 0.75923 0.650822 
vn -0.0224802 0.756768 0.653297 
vn -0.0447462 0.754077 0.65526 
vn -0.0883341 0.742704 0.663768 
vn -0.0670231 0.751159 0.65671 
vn 0.487945 0.753209 0.44112 
vn 0.470349 0.756339 0.454668 
vn 0.452422 0.759246 0.467826 
vn 0.434174 0.761926 0.480585 
vn 0.415617 0.764379 0.492937 
vn 0.396762 0.766603 0.504875 
vn 0.377622 0.768597 0.516392 
vn 0.358207 0.770359 0.527479 
vn 0.338531 0.771888 0.538131 
vn 0.318605 0.773184 0.548341 
vn 0.298441 0.774245 0.558101 
vn 0.278053 0.775071 0.567407 
vn 0.257452 0.775662 0.576253 
vn 0.236653 0.776016 0.584632 
vn 0.215667 0.776134 0.59254 
vn 0.194507 0.776016 0.599971 
vn 0.173188 0.775662 0.606922 
vn 0.151722 0.775071 0.613388 
vn 0.130122 0.774245 0.619365 
vn 0.108401 0.773184 0.624848 
vn 0.0865745 0.771888 0.629836 
vn 0.0646547 0.770359 0.634324 
vn 0.0426553 0.768597 0.63831 
vn 0.0205902 0.766603 0.641791 
vn -0.00152695 0.764379 0.644765 
vn -0.0236824 0.761926 0.647231 
vn -0.0458624 0.759246 0.649186 
vn -0.0892969 0.748017 0.657645 
vn -0.0680532 0.756339 0.65063 
vn 0.484768 0.758285 0.435894 
vn 0.467241 0.761403 0.44939 
vn 0.449384 0.764298 0.462496 
vn 0.431207 0.766968 0.475206 
vn 0.412722 0.769412 0.48751 
vn 0.393941 0.771627 0.499402 
vn 0.374875 0.773613 0.510873 
vn 0.355536 0.775368 0.521918 
vn 0.335936 0.776892 0.532528 
vn 0.316087 0.778182 0.542698 
vn 0.296002 0.779239 0.55242 
vn 0.275694 0.780062 0.56169 
vn 0.255173 0.78065 0.570501 
vn 0.234455 0.781003 0.578848 
vn 0.21355 0.781121 0.586725 
vn 0.192473 0.781003 0.594128 
vn 0.171237 0.78065 0.601051 
vn 0.149854 0.780062 0.607492 
vn 0.128338 0.779239 0.613445 
vn 0.106702 0.778182 0.618908 
vn 0.0849605 0.776892 0.623876 
vn 0.0631259 0.775368 0.628346 
vn 0.0412122 0.773613 0.632317 
vn 0.019233 0.771627 0.635784 
vn -0.00279809 0.769412 0.638747 
vn -0.0248673 0.766968 0.641203 
vn -0.046961 0.764298 0.643151 
vn -0.0902409 0.753209 0.651562 
vn -0.0690654 0.761403 0.644589 
vn 0.481603 0.763249 0.430709 
vn 0.464145 0.766355 0.444151 
vn 0.446357 0.769238 0.457207 
vn 0.428251 0.771898 0.469866 
vn 0.409839 0.774332 0.482122 
vn 0.391132 0.776539 0.493968 
vn 0.37214 0.778517 0.505394 
vn 0.352877 0.780265 0.516395 
vn 0.333354 0.781783 0.526964 
vn 0.313583 0.783068 0.537094 
vn 0.293577 0.784121 0.546779 
vn 0.273348 0.784941 0.556012 
vn 0.252908 0.785526 0.564788 
vn 0.23227 0.785878 0.573102 
vn 0.211448 0.785995 0.580948 
vn 0.190454 0.785878 0.588322 
vn 0.1693 0.785526 0.595219 
vn 0.148001 0.784941 0.601634 
vn 0.12657 0.784121 0.607564 
vn 0.105019 0.783068 0.613005 
vn 0.083362 0.781783 0.617954 
vn 0.061613 0.780265 0.622407 
vn 0.0397852 0.778517 0.626362 
vn 0.0178921 0.776539 0.629816 
vn -0.00405268 0.774332 0.632767 
vn -0.0260354 0.771898 0.635213 
vn -0.0480426 0.769238 0.637153 
vn -0.0911668 0.758285 0.645517 
vn -0.0700603 0.766355 0.638586 
vn 0.478449 0.768104 0.425563 
vn 0.461059 0.771197 0.438952 
vn 0.443342 0.77407 0.451956 
vn 0.425307 0.776719 0.464566 
vn 0.406968 0.779143 0.476774 
vn 0.388334 0.781341 0.488572 
vn 0.369418 0.783312 0.499954 
vn 0.35023 0.785053 0.510911 
vn 0.330784 0.786565 0.521438 
vn 0.311092 0.787845 0.531528 
vn 0.291164 0.788894 0.541175 
vn 0.271015 0.78971 0.550372 
vn 0.250656 0.790294 0.559113 
vn 0.230099 0.790644 0.567394 
vn 0.209359 0.790761 0.57521 
vn 0.188448 0.790644 0.582554 
vn 0.167378 0.790294 0.589424 
vn 0.146163 0.78971 0.595814 
vn 0.124816 0.788894 0.601721 
vn 0.10335 0.787845 0.60714 
vn 0.0817786 0.786565 0.612069 
vn 0.0601154 0.785053 0.616504 
vn 0.0383737 0.783312 0.620444 
vn 0.0165669 0.781341 0.623884 
vn -0.00529125 0.779143 0.626824 
vn -0.0271873 0.776719 0.62926 
vn -0.0491076 0.77407 0.631193 
vn -0.0920751 0.763249 0.639511 
vn -0.0710385 0.771197 0.63262 
vn 0.475304 0.772854 0.420455 
vn 0.457984 0.775936 0.433791 
vn 0.440337 0.778797 0.446743 
vn 0.422374 0.781435 0.459303 
vn 0.404107 0.78385 0.471462 
vn 0.385548 0.786039 0.483214 
vn 0.366706 0.788002 0.49455 
vn 0.347595 0.789736 0.505464 
vn 0.328227 0.791242 0.515949 
vn 0.308612 0.792517 0.525999 
vn 0.288764 0.793562 0.535607 
vn 0.268694 0.794375 0.544768 
vn 0.248416 0.794956 0.553475 
vn 0.227942 0.795305 0.561723 
vn 0.207284 0.795421 0.569507 
vn 0.186455 0.795305 0.576823 
vn 0.165469 0.794956 0.583665 
vn 0.144338 0.794375 0.59003 
vn 0.123076 0.793562 0.595913 
vn 0.101695 0.792517 0.601311 
vn 0.0802097 0.791242 0.60622 
vn 0.0586325 0.789736 0.610638 
vn 0.0369772 0.788002 0.614562 
vn 0.015257 0.786039 0.617988 
vn -0.00651436 0.78385 0.620916 
vn -0.0283234 0.781435 0.623343 
vn -0.0501567 0.778797 0.625268 
vn -0.0929664 0.768104 0.633541 
vn -0.0720005 0.775936 0.62669 
vn 0.47217 0.777504 0.415383 
vn 0.454919 0.780573 0.428666 
vn 0.437342 0.783423 0.441566 
vn 0.419452 0.786051 0.454076 
vn 0.401258 0.788456 0.466186 
vn 0.382772 0.790636 0.477891 
vn 0.364006 0.792591 0.489182 
vn 0.344972 0.794319 0.500052 
vn 0.32568 0.795818 0.510496 
vn 0.306144 0.797088 0.520505 
vn 0.286375 0.798129 0.530075 
vn 0.266386 0.798939 0.539199 
vn 0.246189 0.799518 0.547871 
vn 0.225796 0.799865 0.556086 
vn 0.205221 0.799981 0.56384 
vn 0.184476 0.799865 0.571126 
vn 0.163573 0.799518 0.577941 
vn 0.142527 0.798939 0.58428 
vn 0.12135 0.798129 0.59014 
vn 0.100054 0.797088 0.595516 
vn 0.0786548 0.795818 0.600406 
vn 0.0571639 0.794319 0.604806 
vn 0.0355951 0.792591 0.608714 
vn 0.0139617 0.790636 0.612127 
vn -0.00772261 0.788456 0.615043 
vn -0.0294445 0.786051 0.61746 
vn -0.0511905 0.783423 0.619378 
vn -0.0938413 0.772854 0.627607 
vn -0.072947 0.780573 0.620793 
vn 0.469045 0.782057 0.410345 
vn 0.451863 0.785114 0.423575 
vn 0.434358 0.787952 0.436424 
vn 0.416539 0.790569 0.448883 
vn 0.398418 0.792965 0.460945 
vn 0.380007 0.795136 0.472602 
vn 0.361317 0.797083 0.483848 
vn 0.342359 0.798804 0.494675 
vn 0.323145 0.800297 0.505076 
vn 0.303687 0.801563 0.515045 
vn 0.283998 0.802599 0.524576 
vn 0.264089 0.803405 0.533663 
vn 0.243973 0.803982 0.542301 
vn 0.223663 0.804328 0.550483 
vn 0.20317 0.804443 0.558205 
vn 0.182508 0.804328 0.565462 
vn 0.16169 0.803982 0.572249 
vn 0.140728 0.803405 0.578563 
vn 0.119636 0.802599 0.584399 
vn 0.0984268 0.801563 0.589754 
vn 0.0771132 0.800297 0.594624 
vn 0.0557088 0.798804 0.599007 
vn 0.0342267 0.797083 0.602899 
vn 0.0126805 0.795136 0.606298 
vn -0.00891662 0.792965 0.609202 
vn -0.0305511 0.790569 0.61161 
vn -0.0522096 0.787952 0.613519 
vn -0.0947005 0.777504 0.621707 
vn -0.0738786 0.785114 0.61493 
vn 0.465929 0.786517 0.405341 
vn 0.448816 0.789561 0.418517 
vn 0.431382 0.792388 0.431313 
vn 0.413635 0.794995 0.443722 
vn 0.395588 0.797381 0.455735 
vn 0.377251 0.799544 0.467345 
vn 0.358636 0.801483 0.478545 
vn 0.339755 0.803196 0.489328 
vn 0.320619 0.804684 0.499688 
vn 0.301241 0.805944 0.509617 
vn 0.281631 0.806976 0.519109 
vn 0.261803 0.807779 0.528159 
vn 0.241768 0.808353 0.536762 
vn 0.22154 0.808698 0.544911 
vn 0.20113 0.808813 0.552601 
vn 0.180552 0.808698 0.559829 
vn 0.159818 0.808353 0.566589 
vn 0.138942 0.807779 0.572877 
vn 0.117935 0.806976 0.57869 
vn 0.0968116 0.805944 0.584023 
vn 0.0755843 0.804684 0.588873 
vn 0.0542666 0.803196 0.593238 
vn 0.0328716 0.801483 0.597114 
vn 0.0114126 0.799544 0.6005 
vn -0.0100971 0.797381 0.603392 
vn -0.0316439 0.794995 0.60579 
vn -0.0532147 0.792388 0.607692 
vn -0.0955446 0.782057 0.615839 
vn -0.0747959 0.789561 0.609096 
vn 0.46282 0.790888 0.400367 
vn 0.445777 0.79392 0.413489 
vn 0.428413 0.796735 0.426233 
vn 0.410739 0.799332 0.438591 
vn 0.392766 0.801708 0.450555 
vn 0.374504 0.803862 0.462118 
vn 0.355965 0.805793 0.473273 
vn 0.337161 0.807499 0.484012 
vn 0.318103 0.808981 0.494329 
vn 0.298803 0.810236 0.504217 
vn 0.279274 0.811263 0.513671 
vn 0.259526 0.812064 0.522684 
vn 0.239574 0.812635 0.531252 
vn 0.219428 0.812979 0.539367 
vn 0.199101 0.813093 0.547027 
vn 0.178607 0.812979 0.554225 
vn 0.157958 0.812635 0.560957 
vn 0.137166 0.812064 0.56722 
vn 0.116245 0.811263 0.573008 
vn 0.095208 0.810236 0.57832 
vn 0.0740673 0.808981 0.58315 
vn 0.0528365 0.807499 0.587497 
vn 0.0315287 0.805793 0.591358 
vn 0.0101573 0.803862 0.594729 
vn -0.0112646 0.801708 0.59761 
vn -0.0327236 0.799332 0.599998 
vn -0.0542064 0.796735 0.601892 
vn -0.0963741 0.786517 0.610002 
vn -0.0756996 0.79392 0.603291 
vn 0.459717 0.795175 0.39542 
vn 0.442744 0.798194 0.408489 
vn 0.425452 0.800998 0.421181 
vn 0.40785 0.803583 0.433488 
vn 0.389951 0.80595 0.445403 
vn 0.371764 0.808095 0.456918 
vn 0.353301 0.810018 0.468027 
vn 0.334574 0.811718 0.478722 
vn 0.315595 0.813193 0.488996 
vn 0.296374 0.814443 0.498844 
vn 0.276925 0.815466 0.508259 
vn 0.257259 0.816263 0.517236 
vn 0.237388 0.816833 0.525768 
vn 0.217325 0.817174 0.53385 
vn 0.197082 0.817288 0.541478 
vn 0.176672 0.817174 0.548647 
vn 0.156107 0.816833 0.555351 
vn 0.135401 0.816263 0.561588 
vn 0.114566 0.815466 0.567353 
vn 0.0936152 0.814443 0.572642 
vn 0.0725613 0.813193 0.577453 
vn 0.0514177 0.811718 0.581782 
vn 0.0301975 0.810018 0.585627 
vn 0.00891381 0.808095 0.588985 
vn -0.0124201 0.80595 0.591854 
vn -0.0337909 0.803583 0.594232 
vn -0.0551855 0.800998 0.596118 
vn -0.0971898 0.790888 0.604193 
vn -0.0765904 0.798194 0.597511 
vn 0.458321 0.79708 0.3932 
vn 0.44138 0.800094 0.406244 
vn 0.424119 0.802892 0.418912 
vn 0.406551 0.805473 0.431197 
vn 0.388684 0.807834 0.443089 
vn 0.370531 0.809976 0.454583 
vn 0.352103 0.811895 0.465671 
vn 0.333411 0.813592 0.476346 
vn 0.314467 0.815064 0.486602 
vn 0.295282 0.816312 0.496431 
vn 0.275869 0.817333 0.505829 
vn 0.256239 0.818129 0.514788 
vn 0.236405 0.818697 0.523304 
vn 0.21638 0.819038 0.531372 
vn 0.196175 0.819152 0.538986 
vn 0.175803 0.819038 0.546141 
vn 0.155277 0.818697 0.552833 
vn 0.134609 0.818129 0.559058 
vn 0.113813 0.817333 0.564812 
vn 0.0929007 0.816312 0.570092 
vn 0.0718861 0.815064 0.574894 
vn 0.0507819 0.813592 0.579215 
vn 0.0296012 0.811895 0.583052 
vn 0.00835716 0.809976 0.586404 
vn -0.012937 0.807834 0.589268 
vn -0.034268 0.805473 0.591641 
vn -0.0556227 0.802892 0.593524 
vn -0.0979923 0.795175 0.59841 
vn -0.0769877 0.800094 0.594914 
vn -0.0983498 0.79708 0.595811 
vn -0.102837 0.796419 0.595937 
vn -0.102598 0.795058 0.597793 
vn -0.102531 0.794507 0.598537 
vn -0.102199 0.791783 0.602192 
vn -0.102003 0.788422 0.606618 
vn -0.102106 0.790164 0.60433 
vn -0.101977 0.78498 0.611071 
vn -0.101983 0.78569 0.610156 
vn -0.102098 0.781455 0.615551 
vn -0.102124 0.781085 0.616017 
vn -0.102347 0.777849 0.620061 
vn -0.102496 0.776351 0.621912 
vn -0.102708 0.77416 0.624602 
vn -0.103171 0.770387 0.629174 
vn -0.103038 0.771491 0.627842 
vn -0.103724 0.766528 0.633779 
vn -0.103728 0.766504 0.633807 
vn -0.104361 0.762582 0.638418 
vn -0.104576 0.761386 0.639809 
vn -0.105075 0.758547 0.643091 
vn -0.105861 0.754419 0.6478 
vn -0.105538 0.756137 0.645847 
vn -0.106713 0.750197 0.652546 
vn -0.106602 0.750757 0.651921 
vn -0.10763 0.745878 0.65733 
vn -0.107773 0.745239 0.658031 
vn -0.108607 0.741458 0.662151 
vn -0.109643 0.736935 0.667012 
vn -0.110022 0.735349 0.668698 
vn -0.109042 0.73958 0.664177 
vn -0.110736 0.732305 0.671913 
vn -0.111145 0.730603 0.673696 
vn -0.10978 0.733876 0.670354 
vn -0.110392 0.73378 0.670358 
vn -0.112243 0.726105 0.67836 
vn -0.111826 0.727833 0.676575 
vn -0.113387 0.721511 0.683056 
vn -0.114577 0.716818 0.687782 
vn -0.113332 0.721737 0.682827 
vn -0.114925 0.715484 0.689112 
vn -0.115812 0.712023 0.69254 
vn -0.117092 0.707123 0.697329 
vn -0.116588 0.709073 0.69543 
vn -0.118416 0.702114 0.702149 
vn -0.119784 0.696994 0.707001 
vn -0.118315 0.702501 0.701779 
vn -0.120122 0.69576 0.708159 
vn -0.121197 0.69176 0.711885 
vn -0.122654 0.686407 0.7168 
vn -0.121996 0.688848 0.714567 
vn -0.124562 0.679479 0.723044 
vn -0.124155 0.680932 0.721746 
vn -0.123932 0.68176 0.721002 
vn -0.12386 0.674838 0.727497 
vn -0.125702 0.675332 0.726722 
vn -0.125939 0.674491 0.727462 
vn -0.127294 0.669603 0.73173 
vn -0.128019 0.667036 0.733944 
vn -0.128932 0.66374 0.736767 
vn -0.130617 0.657741 0.741833 
vn -0.13016 0.659391 0.740447 
vn -0.132349 0.6516 0.746928 
vn -0.132363 0.651552 0.746967 
vn -0.13413 0.645313 0.752051 
vn -0.134649 0.643511 0.753501 
vn -0.135959 0.638877 0.7572 
vn -0.137838 0.632285 0.762375 
vn -0.136997 0.635265 0.760046 
vn -0.140279 0.623753 0.768931 
vn -0.139767 0.625535 0.767575 
vn -0.139408 0.62681 0.7666 
vn -0.13953 0.618557 0.773252 
vn -0.140534 0.622857 0.76961 
vn -0.142369 0.616461 0.774407 
vn -0.141894 0.618138 0.773157 
vn -0.144245 0.609933 0.779215 
vn -0.144445 0.609247 0.779714 
vn -0.146163 0.603268 0.784031 
vn -0.147077 0.600128 0.786266 
vn -0.148125 0.596464 0.788854 
vn -0.150131 0.589517 0.793682 
vn -0.149771 0.590781 0.792809 
vn -0.152182 0.582424 0.798513 
vn -0.152542 0.581196 0.799338 
vn -0.154278 0.575182 0.803346 
vn -0.156585 0.567229 0.808537 
vn -0.15642 0.567787 0.808177 
vn -0.155391 0.57137 0.805847 
vn -0.155811 0.561767 0.81249 
vn -0.15861 0.560237 0.813006 
vn -0.158306 0.5613 0.812331 
vn -0.160847 0.552526 0.817828 
vn -0.161304 0.550976 0.818783 
vn -0.163134 0.544652 0.822643 
vn -0.165471 0.536612 0.827446 
vn -0.164381 0.540396 0.825198 
vn -0.167859 0.528401 0.832235 
vn -0.167528 0.529556 0.831568 
vn -0.170299 0.520016 0.837008 
vn -0.172792 0.511453 0.841759 
vn -0.17316 0.510209 0.842438 
vn -0.170762 0.518449 0.837885 
vn -0.172749 0.507333 0.844258 
vn -0.17408 0.50707 0.844142 
vn -0.17534 0.502709 0.846487 
vn -0.177942 0.493779 0.851187 
vn -0.177472 0.495417 0.850333 
vn -0.180602 0.484659 0.855855 
vn -0.180951 0.483483 0.856447 
vn -0.183319 0.475347 0.860488 
vn -0.184524 0.471263 0.862474 
vn -0.186096 0.465838 0.86508 
vn -0.188933 0.456127 0.869628 
vn -0.189778 0.453276 0.870933 
vn -0.188176 0.458756 0.868408 
vn -0.188794 0.446606 0.874586 
vn -0.191832 0.446212 0.874125 
vn -0.191908 0.445957 0.874239 
vn -0.194794 0.436089 0.878568 
vn -0.195753 0.432857 0.879952 
vn -0.197821 0.425752 0.882951 
vn -0.200593 0.416293 0.886827 
vn -0.199676 0.41946 0.885541 
vn -0.203406 0.406706 0.890627 
vn -0.203688 0.405759 0.890994 
vn -0.206258 0.396993 0.894346 
vn 0.732877 0.396993 0.552529 
vn 0.728302 0.406706 0.551513 
vn 0.723705 0.416293 0.55041 
vn 0.728754 0.405759 0.551613 
vn 0.719089 0.425752 0.549223 
vn 0.722175 0.41946 0.550015 
vn 0.713954 0.436089 0.547811 
vn 0.715578 0.432857 0.548255 
vn 0.70896 0.445957 0.54635 
vn 0.708829 0.446212 0.546312 
vn 0.705203 0.453276 0.545187 
vn 0.703717 0.456127 0.54473 
vn 0.698621 0.465838 0.54307 
vn 0.702353 0.458756 0.544283 
vn 0.693542 0.475347 0.541336 
vn 0.695742 0.471263 0.542084 
vn 0.688482 0.484659 0.539534 
vn 0.683444 0.493779 0.537668 
vn 0.68913 0.483483 0.539763 
vn 0.678429 0.502709 0.535741 
vn 0.682535 0.495417 0.537316 
vn 0.673439 0.511453 0.533756 
vn 0.674157 0.510209 0.53404 
vn 0.668475 0.520016 0.531719 
vn 0.663538 0.528401 0.529632 
vn 0.669393 0.518449 0.532093 
vn 0.662855 0.529556 0.529333 
vn 0.65863 0.536612 0.527498 
vn 0.653752 0.544652 0.52532 
vn 0.65635 0.540396 0.526476 
vn 0.648906 0.552526 0.523102 
vn 0.644092 0.560237 0.520846 
vn 0.64987 0.550976 0.52354 
vn 0.639669 0.567229 0.518725 
vn 0.639311 0.567787 0.518555 
vn 0.634564 0.575182 0.516231 
vn 0.637025 0.57137 0.517431 
vn 0.629852 0.582424 0.513876 
vn 0.625176 0.589517 0.511493 
vn 0.630659 0.581196 0.514277 
vn 0.620536 0.596464 0.509084 
vn 0.624339 0.590781 0.511056 
vn 0.615933 0.603268 0.50665 
vn 0.618069 0.600128 0.507776 
vn 0.611368 0.609933 0.504194 
vn 0.60684 0.616461 0.501718 
vn 0.611842 0.609247 0.504448 
vn 0.605672 0.618138 0.501065 
vn 0.602351 0.622857 0.499222 
vn 0.601719 0.623753 0.498866 
vn 0.600456 0.625535 0.498156 
vn 0.599554 0.62681 0.497639 
vn 0.595635 0.632285 0.495413 
vn 0.590869 0.638877 0.492656 
vn 0.593494 0.635265 0.494169 
vn 0.586158 0.645313 0.489887 
vn 0.587488 0.643511 0.490665 
vn 0.581502 0.6516 0.487107 
vn 0.5769 0.657741 0.484318 
vn 0.581537 0.651552 0.487128 
vn 0.572352 0.66374 0.48152 
vn 0.575658 0.659391 0.48355 
vn 0.56786 0.669603 0.478714 
vn 0.569838 0.667036 0.479945 
vn 0.564079 0.674491 0.476316 
vn 0.563422 0.675332 0.475902 
vn 0.560184 0.679479 0.473817 
vn 0.559038 0.680932 0.473084 
vn 0.558388 0.68176 0.472658 
vn 0.554708 0.686407 0.47026 
vn 0.550433 0.69176 0.467432 
vn 0.552769 0.688848 0.468973 
vn 0.546211 0.696994 0.464599 
vn 0.542044 0.702114 0.461761 
vn 0.547214 0.69576 0.465268 
vn 0.54173 0.702501 0.461543 
vn 0.537932 0.707123 0.45892 
vn 0.533873 0.712023 0.456073 
vn 0.536325 0.709073 0.457789 
vn 0.529869 0.716818 0.453223 
vn 0.525919 0.721511 0.450367 
vn 0.53099 0.715484 0.454018 
vn 0.52573 0.721737 0.450227 
vn 0.522025 0.726105 0.447506 
vn 0.516726 0.732305 0.443535 
vn 0.520558 0.727833 0.446406 
vn 0.518185 0.730603 0.444639 
vn 0.512739 0.736935 0.440484 
vn 0.514113 0.735349 0.441531 
vn 0.508821 0.741458 0.437426 
vn 0.510456 0.73958 0.438698 
vn 0.504972 0.745878 0.434361 
vn 0.501196 0.750197 0.431286 
vn 0.505533 0.745239 0.434805 
vn 0.500709 0.750757 0.430878 
vn 0.497492 0.754419 0.428198 
vn 0.493863 0.758547 0.425095 
vn 0.495989 0.756137 0.426909 
vn 0.490312 0.762582 0.421974 
vn 0.491372 0.761386 0.422902 
vn 0.486843 0.766528 0.41883 
vn 0.483459 0.770387 0.415658 
vn 0.486864 0.766504 0.418849 
vn 0.480165 0.77416 0.412453 
vn 0.482501 0.771491 0.414723 
vn 0.47697 0.777849 0.409207 
vn 0.478274 0.776351 0.410529 
vn 0.47388 0.781455 0.405913 
vn 0.470907 0.78498 0.402558 
vn 0.4742 0.781085 0.406252 
vn 0.470325 0.78569 0.401853 
vn 0.468065 0.788422 0.39913 
vn 0.465371 0.791783 0.395614 
vn 0.466673 0.790164 0.397311 
vn 0.462848 0.795058 0.391987 
vn 0.463276 0.794507 0.3926 
vn 0.461839 0.796419 0.390412 
vn 0.515463 0.73378 0.442565 
vn 0.643426 0.5613 0.520525 
vn 0.675958 0.50707 0.534754 
vn -0.2014 0.365998 0.908561 
vn -0.144544 0.906308 -0.397131 
vn -0.459745 -0.795136 -0.395466 
vn -0.442772 -0.798155 -0.408535 
vn -0.44142 -0.800037 -0.406311 
vn -0.425479 -0.800959 -0.421227 
vn -0.424159 -0.802836 -0.41898 
vn -0.407877 -0.803545 -0.433535 
vn -0.406589 -0.805417 -0.431265 
vn -0.389976 -0.805911 -0.44545 
vn -0.388722 -0.807778 -0.443158 
vn -0.371789 -0.808056 -0.456966 
vn -0.370568 -0.80992 -0.454653 
vn -0.353326 -0.80998 -0.468075 
vn -0.352139 -0.811839 -0.465741 
vn -0.334598 -0.811679 -0.47877 
vn -0.333446 -0.813536 -0.476417 
vn -0.315618 -0.813155 -0.489045 
vn -0.3145 -0.815009 -0.486673 
vn -0.296396 -0.814404 -0.498893 
vn -0.295314 -0.816256 -0.496503 
vn -0.276946 -0.815428 -0.508309 
vn -0.2759 -0.817278 -0.505901 
vn -0.257279 -0.816225 -0.517285 
vn -0.25627 -0.818073 -0.514861 
vn -0.237408 -0.816794 -0.525818 
vn -0.236435 -0.818642 -0.523378 
vn -0.217344 -0.817136 -0.533901 
vn -0.216408 -0.818983 -0.531446 
vn -0.1971 -0.81725 -0.541529 
vn -0.196202 -0.819097 -0.53906 
vn -0.17669 -0.817136 -0.548698 
vn -0.175829 -0.818983 -0.546215 
vn -0.156124 -0.816794 -0.555403 
vn -0.155301 -0.818642 -0.552908 
vn -0.135417 -0.816225 -0.56164 
vn -0.134632 -0.818073 -0.559133 
vn -0.114581 -0.815428 -0.567405 
vn -0.113835 -0.817278 -0.564888 
vn -0.0936297 -0.814404 -0.572694 
vn -0.092922 -0.816256 -0.570168 
vn -0.0725751 -0.813155 -0.577505 
vn -0.0719062 -0.815009 -0.57497 
vn -0.0514307 -0.811679 -0.581835 
vn -0.0508008 -0.813536 -0.579291 
vn -0.0302097 -0.80998 -0.585679 
vn -0.0296189 -0.811839 -0.583129 
vn -0.00892516 -0.808056 -0.589037 
vn -0.00837372 -0.80992 -0.586481 
vn 0.0124095 -0.805911 -0.591907 
vn 0.0129216 -0.807778 -0.589345 
vn 0.0337812 -0.803545 -0.594285 
vn 0.0342539 -0.805417 -0.591719 
vn 0.0551765 -0.800959 -0.596171 
vn 0.0556097 -0.802836 -0.593601 
vn 0.0765823 -0.798155 -0.597564 
vn 0.0769759 -0.800037 -0.594992 
vn 0.097985 -0.795136 -0.598463 
vn 0.0983392 -0.797023 -0.595889 
vn -0.445805 -0.793881 -0.413534 
vn -0.42844 -0.796696 -0.426279 
vn -0.410765 -0.799293 -0.438637 
vn -0.392791 -0.801669 -0.450602 
vn -0.374529 -0.803823 -0.462165 
vn -0.355989 -0.805754 -0.47332 
vn -0.337184 -0.807461 -0.48406 
vn -0.318126 -0.808942 -0.494377 
vn -0.298825 -0.810197 -0.504266 
vn -0.279295 -0.811225 -0.51372 
vn -0.259547 -0.812025 -0.522734 
vn -0.239593 -0.812597 -0.531301 
vn -0.219447 -0.81294 -0.539417 
vn -0.19912 -0.813055 -0.547077 
vn -0.178625 -0.81294 -0.554275 
vn -0.157975 -0.812597 -0.561008 
vn -0.137182 -0.812025 -0.567271 
vn -0.116261 -0.811225 -0.57306 
vn -0.0952224 -0.810197 -0.578371 
vn -0.074081 -0.808942 -0.583202 
vn -0.0528494 -0.807461 -0.587549 
vn -0.0315408 -0.805754 -0.59141 
vn -0.0101686 -0.803823 -0.594781 
vn 0.0112541 -0.801669 -0.597662 
vn 0.0327139 -0.799293 -0.600051 
vn 0.0541975 -0.796696 -0.601945 
vn 0.0756915 -0.793881 -0.603343 
vn 0.0971825 -0.790849 -0.604246 
vn -0.448844 -0.789522 -0.418562 
vn -0.462848 -0.790849 -0.400411 
vn -0.431408 -0.792349 -0.431359 
vn -0.413661 -0.794956 -0.443768 
vn -0.395613 -0.797342 -0.455781 
vn -0.377276 -0.799505 -0.467392 
vn -0.35866 -0.801444 -0.478592 
vn -0.339778 -0.803157 -0.489376 
vn -0.320642 -0.804645 -0.499735 
vn -0.301262 -0.805905 -0.509665 
vn -0.281652 -0.806937 -0.519158 
vn -0.261823 -0.80774 -0.528208 
vn -0.241788 -0.808315 -0.536811 
vn -0.221559 -0.808659 -0.54496 
vn -0.201149 -0.808774 -0.552651 
vn -0.18057 -0.808659 -0.559879 
vn -0.159835 -0.808315 -0.566639 
vn -0.138958 -0.80774 -0.572928 
vn -0.11795 -0.806937 -0.57874 
vn -0.0968259 -0.805905 -0.584074 
vn -0.0755979 -0.804645 -0.588924 
vn -0.0542794 -0.803157 -0.593289 
vn -0.0328836 -0.801444 -0.597166 
vn -0.0114238 -0.799505 -0.600551 
vn 0.0100866 -0.797342 -0.603444 
vn 0.0316342 -0.794956 -0.605842 
vn 0.0532058 -0.792349 -0.607744 
vn 0.0747877 -0.789522 -0.609148 
vn 0.0963668 -0.786478 -0.610054 
vn -0.45189 -0.785074 -0.42362 
vn -0.465957 -0.786478 -0.405385 
vn -0.434384 -0.787912 -0.436469 
vn -0.416564 -0.79053 -0.448928 
vn -0.398443 -0.792925 -0.460991 
vn -0.380031 -0.795097 -0.472648 
vn -0.36134 -0.797044 -0.483895 
vn -0.342382 -0.798765 -0.494722 
vn -0.323167 -0.800258 -0.505124 
vn -0.303709 -0.801524 -0.515093 
vn -0.284019 -0.80256 -0.524625 
vn -0.264109 -0.803366 -0.533712 
vn -0.243993 -0.803943 -0.54235 
vn -0.223681 -0.804289 -0.550532 
vn -0.203188 -0.804404 -0.558255 
vn -0.182525 -0.804289 -0.565512 
vn -0.161707 -0.803943 -0.572299 
vn -0.140744 -0.803366 -0.578613 
vn -0.119651 -0.80256 -0.58445 
vn -0.0984411 -0.801524 -0.589805 
vn -0.0771268 -0.800258 -0.594675 
vn -0.0557216 -0.798765 -0.599057 
vn -0.0342388 -0.797044 -0.60295 
vn -0.0126917 -0.795097 -0.606349 
vn 0.00890615 -0.792925 -0.609254 
vn 0.0305414 -0.79053 -0.611661 
vn 0.0522007 -0.787912 -0.613571 
vn 0.0738704 -0.785074 -0.614981 
vn 0.0955372 -0.782017 -0.615891 
vn -0.454946 -0.780533 -0.42871 
vn -0.469073 -0.782017 -0.41039 
vn -0.437368 -0.783383 -0.441611 
vn -0.419477 -0.786011 -0.454121 
vn -0.401283 -0.788416 -0.466232 
vn -0.382796 -0.790597 -0.477937 
vn -0.36403 -0.792551 -0.489229 
vn -0.344995 -0.794279 -0.500099 
vn -0.325702 -0.795779 -0.510543 
vn -0.306166 -0.797049 -0.520553 
vn -0.286396 -0.798089 -0.530123 
vn -0.266406 -0.798899 -0.539247 
vn -0.246208 -0.799478 -0.54792 
vn -0.225815 -0.799826 -0.556135 
vn -0.205239 -0.799942 -0.563889 
vn -0.184493 -0.799826 -0.571175 
vn -0.16359 -0.799478 -0.577991 
vn -0.142543 -0.798899 -0.58433 
vn -0.121365 -0.798089 -0.59019 
vn -0.100069 -0.797049 -0.595566 
vn -0.0786683 -0.795779 -0.600456 
vn -0.0571766 -0.794279 -0.604857 
vn -0.035607 -0.792551 -0.608765 
vn -0.013973 -0.790597 -0.612178 
vn 0.00771214 -0.788416 -0.615094 
vn 0.0294348 -0.786011 -0.617512 
vn 0.0511815 -0.783383 -0.619429 
vn 0.0729388 -0.780533 -0.620845 
vn 0.0946931 -0.777464 -0.621758 
vn -0.45801 -0.775895 -0.433835 
vn -0.472198 -0.777464 -0.415427 
vn -0.440363 -0.778756 -0.446788 
vn -0.4224 -0.781395 -0.459348 
vn -0.404132 -0.78381 -0.471508 
vn -0.385572 -0.785999 -0.48326 
vn -0.36673 -0.787962 -0.494596 
vn -0.347618 -0.789696 -0.505511 
vn -0.328249 -0.791202 -0.515997 
vn -0.308633 -0.792477 -0.526047 
vn -0.288784 -0.793522 -0.535655 
vn -0.268714 -0.794335 -0.544816 
vn -0.248435 -0.794916 -0.553523 
vn -0.22796 -0.795265 -0.561772 
vn -0.207302 -0.795381 -0.569556 
vn -0.186472 -0.795265 -0.576872 
vn -0.165485 -0.794916 -0.583715 
vn -0.144354 -0.794335 -0.590079 
vn -0.123091 -0.793522 -0.595963 
vn -0.101709 -0.792477 -0.601361 
vn -0.0802232 -0.791202 -0.606271 
vn -0.0586453 -0.789696 -0.610688 
vn -0.0369891 -0.787962 -0.614612 
vn -0.0152683 -0.785999 -0.618039 
vn 0.00650387 -0.78381 -0.620967 
vn 0.0283137 -0.781395 -0.623394 
vn 0.0501477 -0.778756 -0.625319 
vn 0.0719923 -0.775895 -0.626741 
vn 0.0938339 -0.772814 -0.627658 
vn -0.461085 -0.771156 -0.438997 
vn -0.475332 -0.772814 -0.420499 
vn -0.443367 -0.774029 -0.452001 
vn -0.425333 -0.776678 -0.464611 
vn -0.406992 -0.779103 -0.476819 
vn -0.388358 -0.781301 -0.488618 
vn -0.369441 -0.783271 -0.5 
vn -0.350253 -0.785013 -0.510958 
vn -0.330806 -0.786524 -0.521485 
vn -0.311113 -0.787805 -0.531576 
vn -0.291185 -0.788853 -0.541222 
vn -0.271035 -0.78967 -0.55042 
vn -0.250675 -0.790253 -0.559162 
vn -0.230118 -0.790604 -0.567443 
vn -0.209377 -0.79072 -0.575259 
vn -0.188465 -0.790604 -0.582604 
vn -0.167394 -0.790253 -0.589473 
vn -0.146178 -0.78967 -0.595864 
vn -0.124831 -0.788853 -0.60177 
vn -0.103364 -0.787805 -0.60719 
vn -0.0817921 -0.786524 -0.612119 
vn -0.0601281 -0.785013 -0.616555 
vn -0.0383857 -0.783271 -0.620494 
vn -0.0165782 -0.781301 -0.623935 
vn 0.00528074 -0.779103 -0.626874 
vn 0.0271775 -0.776678 -0.629311 
vn 0.0490986 -0.774029 -0.631244 
vn 0.0710302 -0.771156 -0.632671 
vn 0.0929589 -0.768063 -0.633592 
vn -0.464171 -0.766313 -0.444196 
vn -0.478475 -0.768063 -0.425607 
vn -0.446383 -0.769197 -0.457251 
vn -0.428276 -0.771857 -0.469911 
vn -0.409863 -0.774291 -0.482168 
vn -0.391155 -0.776498 -0.494013 
vn -0.372163 -0.778476 -0.50544 
vn -0.3529 -0.780224 -0.516442 
vn -0.333376 -0.781742 -0.527011 
vn -0.313604 -0.783027 -0.537141 
vn -0.293597 -0.78408 -0.546826 
vn -0.273367 -0.7849 -0.55606 
vn -0.252927 -0.785486 -0.564836 
vn -0.232289 -0.785837 -0.573151 
vn -0.211466 -0.785955 -0.580997 
vn -0.190471 -0.785837 -0.588371 
vn -0.169317 -0.785486 -0.595268 
vn -0.148017 -0.7849 -0.601684 
vn -0.126584 -0.78408 -0.607614 
vn -0.105033 -0.783027 -0.613055 
vn -0.0833755 -0.781742 -0.618004 
vn -0.0616257 -0.780224 -0.622457 
vn -0.0397972 -0.778476 -0.626412 
vn -0.0179033 -0.776498 -0.629866 
vn 0.00404214 -0.774291 -0.632817 
vn 0.0260256 -0.771857 -0.635264 
vn 0.0480335 -0.769197 -0.637204 
vn 0.070052 -0.766313 -0.638637 
vn 0.0920675 -0.763207 -0.639561 
vn -0.467267 -0.761361 -0.449434 
vn -0.48163 -0.763207 -0.430753 
vn -0.449409 -0.764256 -0.462541 
vn -0.431232 -0.766927 -0.47525 
vn -0.412746 -0.76937 -0.487555 
vn -0.393964 -0.771586 -0.499447 
vn -0.374898 -0.773572 -0.510919 
vn -0.355558 -0.775327 -0.521964 
vn -0.335958 -0.77685 -0.532575 
vn -0.316108 -0.778141 -0.542745 
vn -0.296023 -0.779198 -0.552468 
vn -0.275713 -0.780021 -0.561738 
vn -0.255192 -0.780609 -0.570549 
vn -0.234473 -0.780962 -0.578896 
vn -0.213568 -0.78108 -0.586773 
vn -0.19249 -0.780962 -0.594176 
vn -0.171253 -0.780609 -0.6011 
vn -0.14987 -0.780021 -0.607541 
vn -0.128353 -0.779198 -0.613495 
vn -0.106717 -0.778141 -0.618957 
vn -0.084974 -0.77685 -0.623925 
vn -0.0631387 -0.775327 -0.628396 
vn -0.0412242 -0.773572 -0.632367 
vn -0.0192443 -0.771586 -0.635834 
vn 0.00278752 -0.76937 -0.638797 
vn 0.0248575 -0.766927 -0.641253 
vn 0.0469519 -0.764256 -0.643201 
vn 0.069057 -0.761361 -0.64464 
vn 0.0911591 -0.758243 -0.645568 
vn -0.470375 -0.756297 -0.454712 
vn -0.484795 -0.758243 -0.435938 
vn -0.452447 -0.759203 -0.46787 
vn -0.434198 -0.761884 -0.480629 
vn -0.415641 -0.764337 -0.492982 
vn -0.396786 -0.766561 -0.504921 
vn -0.377644 -0.768555 -0.516438 
vn -0.358229 -0.770317 -0.527526 
vn -0.338552 -0.771847 -0.538178 
vn -0.318625 -0.773142 -0.548388 
vn -0.298461 -0.774203 -0.558149 
vn -0.278072 -0.77503 -0.567455 
vn -0.257471 -0.77562 -0.5763 
vn -0.236671 -0.775974 -0.58468 
vn -0.215684 -0.776093 -0.592588 
vn -0.194524 -0.775974 -0.60002 
vn -0.173204 -0.77562 -0.606971 
vn -0.151737 -0.77503 -0.613437 
vn -0.130136 -0.774203 -0.619414 
vn -0.108415 -0.773142 -0.624898 
vn -0.086588 -0.771847 -0.629885 
vn -0.0646674 -0.770317 -0.634373 
vn -0.0426674 -0.768555 -0.638359 
vn -0.0206015 -0.766561 -0.641841 
vn 0.00151635 -0.764337 -0.644815 
vn 0.0236725 -0.761884 -0.647281 
vn 0.0458533 -0.759203 -0.649236 
vn 0.0680447 -0.756297 -0.65068 
vn 0.0902332 -0.753166 -0.651612 
vn -0.473493 -0.751116 -0.460031 
vn -0.487971 -0.753166 -0.441163 
vn -0.455496 -0.754034 -0.47324 
vn -0.437177 -0.756725 -0.486049 
vn -0.418547 -0.759188 -0.49845 
vn -0.399619 -0.76142 -0.510435 
vn -0.380403 -0.763422 -0.521996 
vn -0.360913 -0.765191 -0.533127 
vn -0.34116 -0.766726 -0.543821 
vn -0.321155 -0.768027 -0.55407 
vn -0.300913 -0.769092 -0.563869 
vn -0.280445 -0.769922 -0.573211 
vn -0.259764 -0.770514 -0.582091 
vn -0.238883 -0.77087 -0.590503 
vn -0.217815 -0.770989 -0.598442 
vn -0.196573 -0.77087 -0.605903 
vn -0.17517 -0.770514 -0.612881 
vn -0.15362 -0.769922 -0.619372 
vn -0.131935 -0.769092 -0.625372 
vn -0.11013 -0.768027 -0.630877 
vn -0.088218 -0.766726 -0.635884 
vn -0.0662124 -0.765191 -0.64039 
vn -0.044127 -0.763422 -0.644391 
vn -0.0219756 -0.76142 -0.647886 
vn 0.000228104 -0.759188 -0.650872 
vn 0.0224702 -0.756725 -0.653347 
vn 0.044737 -0.754034 -0.65531 
vn 0.0670146 -0.751116 -0.65676 
vn 0.0892891 -0.747973 -0.657695 
vn -0.476623 -0.745815 -0.465393 
vn -0.491158 -0.747973 -0.44643 
vn -0.458556 -0.748744 -0.478653 
vn -0.440167 -0.751446 -0.491511 
vn -0.421465 -0.753918 -0.503959 
vn -0.402464 -0.756159 -0.51599 
vn -0.383175 -0.758168 -0.527596 
vn -0.363609 -0.759944 -0.53877 
vn -0.34378 -0.761485 -0.549505 
vn -0.323699 -0.762791 -0.559794 
vn -0.303378 -0.76386 -0.56963 
vn -0.282832 -0.764693 -0.579009 
vn -0.262071 -0.765288 -0.587923 
vn -0.24111 -0.765645 -0.596367 
vn -0.21996 -0.765764 -0.604337 
vn -0.198637 -0.765645 -0.611826 
vn -0.177151 -0.765288 -0.618831 
vn -0.155518 -0.764693 -0.625347 
vn -0.13375 -0.76386 -0.63137 
vn -0.111861 -0.762791 -0.636896 
vn -0.0898643 -0.761485 -0.641923 
vn -0.067774 -0.759944 -0.646445 
vn -0.0456036 -0.758168 -0.650462 
vn -0.0233669 -0.756159 -0.653971 
vn -0.0010777 -0.753918 -0.656968 
vn 0.0212501 -0.751446 -0.659453 
vn 0.0436026 -0.748744 -0.661424 
vn 0.0659659 -0.745815 -0.662879 
vn 0.0883262 -0.74266 -0.663818 
vn -0.479764 -0.74039 -0.470797 
vn -0.494356 -0.74266 -0.451739 
vn -0.461628 -0.74333 -0.484107 
vn -0.443168 -0.746042 -0.497015 
vn -0.424395 -0.748523 -0.509511 
vn -0.405322 -0.750773 -0.521588 
vn -0.385958 -0.75279 -0.533238 
vn -0.366318 -0.754573 -0.544455 
vn -0.346413 -0.75612 -0.55523 
vn -0.326255 -0.757431 -0.565558 
vn -0.305857 -0.758504 -0.575433 
vn -0.285232 -0.75934 -0.584847 
vn -0.264392 -0.759937 -0.593795 
vn -0.243351 -0.760296 -0.602272 
vn -0.222121 -0.760415 -0.610271 
vn -0.200715 -0.760296 -0.61779 
vn -0.179148 -0.759937 -0.624821 
vn -0.157432 -0.75934 -0.631362 
vn -0.135581 -0.758504 -0.637408 
vn -0.113608 -0.757431 -0.642956 
vn -0.0915274 -0.75612 -0.648001 
vn -0.0693526 -0.754573 -0.652541 
vn -0.0470975 -0.75279 -0.656573 
vn -0.0247759 -0.750773 -0.660095 
vn -0.00240153 -0.748523 -0.663104 
vn 0.0200116 -0.746042 -0.665598 
vn 0.0424495 -0.74333 -0.667577 
vn 0.0648982 -0.74039 -0.669037 
vn 0.0873439 -0.737223 -0.66998 
vn -0.482915 -0.734837 -0.476244 
vn -0.497564 -0.737223 -0.457091 
vn -0.464711 -0.737788 -0.489605 
vn -0.446181 -0.74051 -0.502561 
vn -0.427337 -0.743001 -0.515105 
vn -0.408191 -0.745259 -0.527227 
vn -0.388754 -0.747284 -0.538922 
vn -0.36904 -0.749073 -0.550181 
vn -0.349059 -0.750626 -0.560997 
vn -0.328825 -0.751942 -0.571365 
vn -0.30835 -0.753019 -0.581276 
vn -0.287646 -0.753858 -0.590726 
vn -0.266727 -0.754458 -0.599708 
vn -0.245606 -0.754818 -0.608217 
vn -0.224296 -0.754938 -0.616247 
vn -0.202809 -0.754818 -0.623794 
vn -0.18116 -0.754458 -0.630852 
vn -0.159362 -0.753858 -0.637418 
vn -0.137428 -0.753019 -0.643487 
vn -0.115372 -0.751942 -0.649055 
vn -0.0932075 -0.750626 -0.65412 
vn -0.0709487 -0.749073 -0.658677 
vn -0.0486092 -0.747284 -0.662725 
vn -0.026203 -0.745259 -0.66626 
vn -0.00374384 -0.743001 -0.66928 
vn 0.0187542 -0.74051 -0.671784 
vn 0.0412771 -0.737788 -0.67377 
vn 0.063811 -0.734837 -0.675236 
vn 0.0863417 -0.731658 -0.676182 
vn -0.504012 -0.72596 -0.467925 
vn -0.500783 -0.731658 -0.462486 
vn -0.518303 -0.728253 -0.44834 
vn -0.486077 -0.729151 -0.481735 
vn -0.467804 -0.732113 -0.495146 
vn -0.449205 -0.734845 -0.508151 
vn -0.43029 -0.737346 -0.520742 
vn -0.411072 -0.739613 -0.53291 
vn -0.391562 -0.741645 -0.544648 
vn -0.371774 -0.743441 -0.55595 
vn -0.351718 -0.745 -0.566807 
vn -0.331408 -0.74632 -0.577213 
vn -0.310855 -0.747402 -0.587162 
vn -0.290074 -0.748244 -0.596647 
vn -0.269077 -0.748846 -0.605663 
vn -0.247876 -0.749207 -0.614204 
vn -0.226486 -0.749328 -0.622264 
vn -0.204918 -0.749207 -0.629839 
vn -0.183188 -0.748846 -0.636924 
vn -0.161308 -0.748244 -0.643514 
vn -0.139291 -0.747402 -0.649606 
vn -0.117152 -0.74632 -0.655195 
vn -0.0949049 -0.745 -0.660279 
vn -0.0725624 -0.743441 -0.664854 
vn -0.050139 -0.741645 -0.668916 
vn -0.0276486 -0.739613 -0.672464 
vn -0.00510507 -0.737346 -0.675496 
vn 0.0174775 -0.734845 -0.678009 
vn 0.0400851 -0.732113 -0.680002 
vn 0.0627036 -0.729151 -0.681474 
vn 0.085319 -0.72596 -0.682424 
vn 0.107917 -0.722543 -0.682851 
vn 0.108855 -0.728253 -0.676607 
vn -0.50725 -0.720126 -0.473408 
vn -0.521598 -0.722543 -0.453726 
vn -0.489249 -0.723329 -0.487269 
vn -0.470908 -0.726302 -0.50073 
vn -0.452239 -0.729045 -0.513784 
vn -0.433254 -0.731554 -0.526421 
vn -0.413964 -0.73383 -0.538635 
vn -0.394382 -0.735869 -0.550417 
vn -0.374519 -0.737672 -0.561761 
vn -0.354389 -0.739237 -0.572658 
vn -0.334003 -0.740562 -0.583103 
vn -0.313374 -0.741648 -0.593089 
vn -0.292516 -0.742493 -0.60261 
vn -0.27144 -0.743097 -0.611659 
vn -0.250161 -0.74346 -0.620232 
vn -0.22869 -0.743581 -0.628322 
vn -0.207043 -0.74346 -0.635925 
vn -0.185232 -0.743097 -0.643036 
vn -0.16327 -0.742493 -0.649651 
vn -0.141171 -0.741648 -0.655766 
vn -0.11895 -0.740562 -0.661376 
vn -0.0966198 -0.739237 -0.666478 
vn -0.0741942 -0.737672 -0.67107 
vn -0.0516873 -0.735869 -0.675148 
vn -0.0291131 -0.73383 -0.678709 
vn -0.00648562 -0.731554 -0.681752 
vn 0.016181 -0.729045 -0.684275 
vn 0.0388728 -0.726302 -0.686275 
vn 0.0615755 -0.723329 -0.687753 
vn 0.0842752 -0.720126 -0.688706 
vn 0.106958 -0.716696 -0.689134 
vn -0.510497 -0.714152 -0.478936 
vn -0.524901 -0.716696 -0.459157 
vn -0.492429 -0.717366 -0.492848 
vn -0.474021 -0.720351 -0.506359 
vn -0.455283 -0.723103 -0.51946 
vn -0.436228 -0.725622 -0.532144 
vn -0.416867 -0.727906 -0.544403 
vn -0.397213 -0.729953 -0.556229 
vn -0.377277 -0.731763 -0.567614 
vn -0.357072 -0.733333 -0.578552 
vn -0.336611 -0.734664 -0.589035 
vn -0.315907 -0.735753 -0.599058 
vn -0.294971 -0.736601 -0.608613 
vn -0.273818 -0.737208 -0.617696 
vn -0.25246 -0.737572 -0.6263 
vn -0.23091 -0.737693 -0.634421 
vn -0.209183 -0.737572 -0.642052 
vn -0.187291 -0.737208 -0.649189 
vn -0.165248 -0.736601 -0.655829 
vn -0.143068 -0.735753 -0.661966 
vn -0.120765 -0.734664 -0.667597 
vn -0.0983525 -0.733333 -0.672718 
vn -0.0758441 -0.731763 -0.677326 
vn -0.0532542 -0.729953 -0.681419 
vn -0.0305968 -0.727906 -0.684994 
vn -0.0078859 -0.725622 -0.688048 
vn 0.0148643 -0.723103 -0.69058 
vn 0.0376398 -0.720351 -0.692588 
vn 0.0604263 -0.717366 -0.694071 
vn 0.0832096 -0.714152 -0.695027 
vn 0.105976 -0.71071 -0.695457 
vn -0.513752 -0.708033 -0.484507 
vn -0.528213 -0.71071 -0.464631 
vn -0.495618 -0.71126 -0.49847 
vn -0.477142 -0.714255 -0.51203 
vn -0.458336 -0.717017 -0.52518 
vn -0.439212 -0.719546 -0.53791 
vn -0.41978 -0.721838 -0.550214 
vn -0.400054 -0.723892 -0.562082 
vn -0.380046 -0.725708 -0.573509 
vn -0.359767 -0.727284 -0.584487 
vn -0.339232 -0.72862 -0.595009 
vn -0.318451 -0.729713 -0.605068 
vn -0.297439 -0.730565 -0.614658 
vn -0.276209 -0.731173 -0.623774 
vn -0.254773 -0.731538 -0.63241 
vn -0.233145 -0.73166 -0.64056 
vn -0.211338 -0.731538 -0.648219 
vn -0.189366 -0.731173 -0.655382 
vn -0.167243 -0.730565 -0.662046 
vn -0.144982 -0.729713 -0.668205 
vn -0.122598 -0.72862 -0.673857 
vn -0.100103 -0.727284 -0.678997 
vn -0.0775126 -0.725708 -0.683622 
vn -0.0548402 -0.723892 -0.68773 
vn -0.0321001 -0.721838 -0.691318 
vn -0.00930628 -0.719546 -0.694383 
vn 0.013527 -0.717017 -0.696924 
vn 0.0363856 -0.714255 -0.698939 
vn 0.0592552 -0.71126 -0.700427 
vn 0.0821217 -0.708033 -0.701388 
vn 0.104971 -0.704578 -0.701819 
vn -0.517014 -0.701766 -0.490123 
vn -0.531533 -0.704578 -0.470151 
vn -0.498815 -0.705004 -0.504136 
vn -0.480272 -0.70801 -0.517745 
vn -0.461398 -0.710783 -0.530942 
vn -0.442205 -0.71332 -0.543719 
vn -0.422703 -0.71562 -0.556066 
vn -0.402906 -0.717682 -0.567978 
vn -0.382825 -0.719505 -0.579446 
vn -0.362473 -0.721087 -0.590463 
vn -0.341864 -0.722427 -0.601023 
vn -0.321008 -0.723524 -0.611119 
vn -0.29992 -0.724379 -0.620744 
vn -0.278613 -0.724989 -0.629893 
vn -0.2571 -0.725356 -0.63856 
vn -0.235394 -0.725478 -0.646739 
vn -0.213508 -0.725356 -0.654426 
vn -0.191457 -0.724989 -0.661615 
vn -0.169254 -0.724379 -0.668303 
vn -0.146913 -0.723524 -0.674484 
vn -0.124448 -0.722427 -0.680156 
vn -0.101872 -0.721087 -0.685315 
vn -0.0791997 -0.719505 -0.689957 
vn -0.0564455 -0.717682 -0.694079 
vn -0.0336232 -0.71562 -0.69768 
vn -0.0107471 -0.71332 -0.700756 
vn 0.0121686 -0.710783 -0.703307 
vn 0.0351097 -0.70801 -0.705329 
vn 0.0580619 -0.705004 -0.706823 
vn 0.081011 -0.701766 -0.707786 
vn 0.103943 -0.698299 -0.70822 
vn -0.520283 -0.695346 -0.495782 
vn -0.534859 -0.698299 -0.475715 
vn -0.502018 -0.698595 -0.509846 
vn -0.483409 -0.701612 -0.523503 
vn -0.464468 -0.704394 -0.536747 
vn -0.445206 -0.706941 -0.549569 
vn -0.425635 -0.709249 -0.561961 
vn -0.405767 -0.711319 -0.573915 
vn -0.385614 -0.713148 -0.585424 
vn -0.36519 -0.714735 -0.596481 
vn -0.344507 -0.71608 -0.607078 
vn -0.323577 -0.717182 -0.61721 
vn -0.302414 -0.718039 -0.62687 
vn -0.281031 -0.718652 -0.636051 
vn -0.259441 -0.71902 -0.644749 
vn -0.237657 -0.719143 -0.652957 
vn -0.215693 -0.71902 -0.660671 
vn -0.193564 -0.718652 -0.667886 
vn -0.171281 -0.718039 -0.674598 
vn -0.148861 -0.717182 -0.680802 
vn -0.126315 -0.71608 -0.686494 
vn -0.103659 -0.714735 -0.691671 
vn -0.0809056 -0.713148 -0.696329 
vn -0.0580702 -0.711319 -0.700467 
vn -0.0351665 -0.709249 -0.70408 
vn -0.0122088 -0.706941 -0.707167 
vn 0.0107887 -0.704394 -0.709727 
vn 0.0338117 -0.701612 -0.711756 
vn 0.0568458 -0.698595 -0.713255 
vn 0.0798767 -0.695346 -0.714223 
vn 0.10289 -0.691866 -0.714657 
vn -0.523556 -0.688769 -0.501485 
vn -0.538191 -0.691866 -0.481323 
vn -0.505227 -0.692029 -0.515598 
vn -0.486553 -0.695057 -0.529304 
vn -0.467545 -0.697849 -0.542594 
vn -0.448214 -0.700404 -0.555462 
vn -0.428574 -0.702721 -0.567897 
vn -0.408636 -0.704798 -0.579893 
vn -0.388413 -0.706633 -0.591443 
vn -0.367917 -0.708226 -0.602538 
vn -0.347161 -0.709576 -0.613173 
vn -0.326157 -0.710681 -0.623341 
vn -0.304919 -0.711542 -0.633034 
vn -0.283461 -0.712157 -0.642248 
vn -0.261795 -0.712526 -0.650976 
vn -0.239934 -0.712649 -0.659214 
vn -0.217893 -0.712526 -0.666955 
vn -0.195686 -0.712157 -0.674196 
vn -0.173325 -0.711542 -0.680931 
vn -0.150825 -0.710681 -0.687156 
vn -0.1282 -0.709576 -0.692868 
vn -0.105464 -0.708226 -0.698064 
vn -0.0826305 -0.706633 -0.702739 
vn -0.0597146 -0.704798 -0.706891 
vn -0.0367302 -0.702721 -0.710517 
vn -0.0136916 -0.700404 -0.713615 
vn 0.00938694 -0.697849 -0.716183 
vn 0.032491 -0.695057 -0.71822 
vn 0.0556063 -0.692029 -0.719724 
vn 0.0787184 -0.688769 -0.720695 
vn 0.101813 -0.685276 -0.721131 
vn -0.526832 -0.68203 -0.507231 
vn -0.541528 -0.685276 -0.486974 
vn -0.50844 -0.685302 -0.521392 
vn -0.489701 -0.68834 -0.535146 
vn -0.470627 -0.691142 -0.548483 
vn -0.451229 -0.693706 -0.561395 
vn -0.431521 -0.696031 -0.573873 
vn -0.411514 -0.698115 -0.585911 
vn -0.39122 -0.699957 -0.597501 
vn -0.370653 -0.701555 -0.608635 
vn -0.349824 -0.70291 -0.619307 
vn -0.328748 -0.704019 -0.62951 
vn -0.307436 -0.704882 -0.639237 
vn -0.285903 -0.705499 -0.648483 
vn -0.264161 -0.70587 -0.657242 
vn -0.242225 -0.705993 -0.665508 
vn -0.220107 -0.70587 -0.673276 
vn -0.197822 -0.705499 -0.680541 
vn -0.175384 -0.704882 -0.6873 
vn -0.152806 -0.704019 -0.693547 
vn -0.130102 -0.70291 -0.699279 
vn -0.107287 -0.701555 -0.704493 
vn -0.0843744 -0.699957 -0.709184 
vn -0.0613788 -0.698115 -0.71335 
vn -0.0383145 -0.696031 -0.716989 
vn -0.0151958 -0.693706 -0.720098 
vn 0.00796295 -0.691142 -0.722675 
vn 0.0311474 -0.68834 -0.724719 
vn 0.054343 -0.685302 -0.726229 
vn 0.0775355 -0.68203 -0.727203 
vn 0.10071 -0.678526 -0.72764 
vn -0.548208 -0.671609 -0.498407 
vn -0.544867 -0.678526 -0.492669 
vn -0.562532 -0.674791 -0.477718 
vn -0.530112 -0.675125 -0.513018 
vn -0.511656 -0.678409 -0.527229 
vn -0.492853 -0.681457 -0.541029 
vn -0.473713 -0.684269 -0.554412 
vn -0.454249 -0.686841 -0.567368 
vn -0.434473 -0.689174 -0.579889 
vn -0.414398 -0.691265 -0.591969 
vn -0.394034 -0.693114 -0.603598 
vn -0.373397 -0.694718 -0.61477 
vn -0.352497 -0.696077 -0.625479 
vn -0.331348 -0.69719 -0.635716 
vn -0.309963 -0.698056 -0.645477 
vn -0.288356 -0.698675 -0.654754 
vn -0.26654 -0.699047 -0.663543 
vn -0.244529 -0.699171 -0.671837 
vn -0.222336 -0.699047 -0.679632 
vn -0.199974 -0.698675 -0.686923 
vn -0.177459 -0.698056 -0.693705 
vn -0.154803 -0.69719 -0.699973 
vn -0.132022 -0.696077 -0.705725 
vn -0.109128 -0.694718 -0.710956 
vn -0.0861374 -0.693114 -0.715663 
vn -0.0630631 -0.691265 -0.719844 
vn -0.0399197 -0.689174 -0.723495 
vn -0.0167218 -0.686841 -0.726615 
vn 0.00651633 -0.684269 -0.729201 
vn 0.0297802 -0.681457 -0.731252 
vn 0.0530553 -0.678409 -0.732767 
vn 0.0763272 -0.675125 -0.733744 
vn 0.0995815 -0.671609 -0.734183 
vn 0.122804 -0.667862 -0.734084 
vn 0.123853 -0.674791 -0.727542 
vn -0.551549 -0.664522 -0.504187 
vn -0.565933 -0.667862 -0.483404 
vn -0.533391 -0.66805 -0.518847 
vn -0.514874 -0.671345 -0.533105 
vn -0.496007 -0.674404 -0.546953 
vn -0.476803 -0.677225 -0.56038 
vn -0.457273 -0.679806 -0.57338 
vn -0.437431 -0.682147 -0.585944 
vn -0.417287 -0.684245 -0.598064 
vn -0.396855 -0.686099 -0.609732 
vn -0.376148 -0.687709 -0.620942 
vn -0.355177 -0.689072 -0.631687 
vn -0.333957 -0.690189 -0.641959 
vn -0.312501 -0.691059 -0.651753 
vn -0.290821 -0.69168 -0.661061 
vn -0.268931 -0.692053 -0.66988 
vn -0.246845 -0.692177 -0.678202 
vn -0.224577 -0.692053 -0.686023 
vn -0.20214 -0.69168 -0.693338 
vn -0.179549 -0.691059 -0.700143 
vn -0.156817 -0.690189 -0.706433 
vn -0.133959 -0.689072 -0.712204 
vn -0.110988 -0.687709 -0.717453 
vn -0.0879196 -0.686099 -0.722176 
vn -0.0647674 -0.684245 -0.72637 
vn -0.041546 -0.682147 -0.730034 
vn -0.0182698 -0.679806 -0.733164 
vn 0.00504673 -0.677225 -0.735759 
vn 0.0283891 -0.674404 -0.737817 
vn 0.0517427 -0.671345 -0.739337 
vn 0.0750932 -0.66805 -0.740317 
vn 0.0984259 -0.664522 -0.740758 
vn 0.121726 -0.660763 -0.740659 
vn -0.554888 -0.657261 -0.510007 
vn -0.569334 -0.660763 -0.489133 
vn -0.536671 -0.660801 -0.524716 
vn -0.518091 -0.664106 -0.539021 
vn -0.499162 -0.667175 -0.552915 
vn -0.479894 -0.670006 -0.566387 
vn -0.4603 -0.672596 -0.57943 
vn -0.440392 -0.674944 -0.592035 
vn -0.420181 -0.677049 -0.604195 
vn -0.399681 -0.67891 -0.615903 
vn -0.378905 -0.680525 -0.62715 
vn -0.357865 -0.681893 -0.63793 
vn -0.336575 -0.683013 -0.648236 
vn -0.315047 -0.683885 -0.658062 
vn -0.293295 -0.684509 -0.667402 
vn -0.271333 -0.684883 -0.67625 
vn -0.249174 -0.685008 -0.6846 
vn -0.226832 -0.684883 -0.692447 
vn -0.204321 -0.684509 -0.699786 
vn -0.181654 -0.683885 -0.706613 
vn -0.158847 -0.683013 -0.712924 
vn -0.135913 -0.681893 -0.718714 
vn -0.112866 -0.680525 -0.72398 
vn -0.0897209 -0.67891 -0.728719 
vn -0.0664919 -0.677049 -0.732928 
vn -0.0431934 -0.674944 -0.736604 
vn -0.01984 -0.672596 -0.739744 
vn 0.00355382 -0.670006 -0.742348 
vn 0.0269736 -0.667175 -0.744412 
vn 0.0504047 -0.664106 -0.745937 
vn 0.0738326 -0.660801 -0.746921 
vn 0.0972428 -0.657261 -0.747363 
vn 0.120621 -0.653489 -0.747264 
vn -0.558224 -0.649821 -0.515867 
vn -0.572732 -0.653489 -0.494904 
vn -0.539947 -0.653372 -0.530624 
vn -0.521307 -0.656689 -0.544976 
vn -0.502316 -0.659767 -0.558914 
vn -0.482986 -0.662607 -0.572431 
vn -0.463328 -0.665206 -0.585516 
vn -0.443354 -0.667562 -0.598162 
vn -0.423078 -0.669674 -0.610362 
vn -0.402512 -0.67154 -0.622108 
vn -0.381668 -0.67316 -0.633392 
vn -0.360559 -0.674533 -0.644207 
vn -0.339199 -0.675657 -0.654547 
vn -0.317601 -0.676532 -0.664405 
vn -0.295779 -0.677158 -0.673775 
vn -0.273745 -0.677533 -0.682651 
vn -0.251514 -0.677658 -0.691028 
vn -0.229099 -0.677533 -0.698901 
vn -0.206514 -0.677158 -0.706264 
vn -0.183774 -0.676532 -0.713114 
vn -0.160893 -0.675657 -0.719445 
vn -0.137884 -0.674533 -0.725254 
vn -0.114762 -0.67316 -0.730537 
vn -0.0915413 -0.67154 -0.735292 
vn -0.0682366 -0.669674 -0.739514 
vn -0.0448623 -0.667562 -0.743202 
vn -0.0214328 -0.665206 -0.746353 
vn 0.00203731 -0.662607 -0.748965 
vn 0.0255334 -0.659767 -0.751036 
vn 0.0490408 -0.656689 -0.752566 
vn 0.0725451 -0.653372 -0.753553 
vn 0.0960315 -0.649821 -0.753996 
vn 0.119485 -0.646037 -0.753896 
vn -0.561554 -0.642198 -0.521765 
vn -0.576126 -0.646037 -0.500714 
vn -0.543219 -0.64576 -0.536569 
vn -0.52452 -0.649087 -0.550967 
vn -0.505468 -0.652176 -0.56495 
vn -0.486076 -0.655025 -0.57851 
vn -0.466355 -0.657631 -0.591637 
vn -0.446318 -0.659995 -0.604324 
vn -0.425977 -0.662114 -0.616562 
vn -0.405345 -0.663986 -0.628345 
vn -0.384434 -0.665612 -0.639665 
vn -0.363258 -0.666989 -0.650515 
vn -0.34183 -0.668116 -0.660888 
vn -0.320163 -0.668994 -0.670777 
vn -0.298271 -0.669622 -0.680178 
vn -0.276166 -0.669998 -0.689082 
vn -0.253864 -0.670124 -0.697486 
vn -0.231378 -0.669998 -0.705384 
vn -0.208721 -0.669622 -0.712771 
vn -0.185908 -0.668994 -0.719642 
vn -0.162954 -0.668116 -0.725994 
vn -0.139871 -0.666989 -0.731821 
vn -0.116675 -0.665612 -0.737121 
vn -0.0933807 -0.663986 -0.741891 
vn -0.0700015 -0.662114 -0.746127 
vn -0.0465525 -0.659995 -0.749826 
vn -0.0230482 -0.657631 -0.752987 
vn 0.000496893 -0.655025 -0.755607 
vn 0.024068 -0.652176 -0.757686 
vn 0.0476506 -0.649087 -0.75922 
vn 0.0712299 -0.64576 -0.76021 
vn 0.0947913 -0.642198 -0.760655 
vn 0.11832 -0.638401 -0.760555 
vn -0.564877 -0.634387 -0.5277 
vn -0.579514 -0.638401 -0.506564 
vn -0.546484 -0.637961 -0.542551 
vn -0.527727 -0.641298 -0.556994 
vn -0.508615 -0.644396 -0.57102 
vn -0.489162 -0.647254 -0.584622 
vn -0.46938 -0.649869 -0.59779 
vn -0.44928 -0.65224 -0.610517 
vn -0.428875 -0.654365 -0.622794 
vn -0.408179 -0.656243 -0.634614 
vn -0.387203 -0.657874 -0.645969 
vn -0.365961 -0.659255 -0.656853 
vn -0.344465 -0.660386 -0.667258 
vn -0.322731 -0.661267 -0.677179 
vn -0.30077 -0.661896 -0.686608 
vn -0.278596 -0.662274 -0.695541 
vn -0.256224 -0.6624 -0.703971 
vn -0.233668 -0.662274 -0.711893 
vn -0.21094 -0.661896 -0.719303 
vn -0.188056 -0.661267 -0.726196 
vn -0.165029 -0.660386 -0.732568 
vn -0.141875 -0.659255 -0.738413 
vn -0.118606 -0.657874 -0.74373 
vn -0.0952389 -0.656243 -0.748515 
vn -0.0717866 -0.654365 -0.752764 
vn -0.0482643 -0.65224 -0.756475 
vn -0.0246864 -0.649869 -0.759645 
vn -0.00106769 -0.647254 -0.762274 
vn 0.0225772 -0.644396 -0.764359 
vn 0.0462335 -0.641298 -0.765898 
vn 0.0698866 -0.637961 -0.766891 
vn 0.0935217 -0.634387 -0.767338 
vn 0.117124 -0.630578 -0.767237 
vn -0.56819 -0.626384 -0.53367 
vn -0.582893 -0.630578 -0.512452 
vn -0.549741 -0.629968 -0.548566 
vn -0.530926 -0.633316 -0.563053 
vn -0.511756 -0.636423 -0.577123 
vn -0.492244 -0.63929 -0.590766 
vn -0.472401 -0.641913 -0.603975 
vn -0.452239 -0.644291 -0.61674 
vn -0.431772 -0.646423 -0.629055 
vn -0.411012 -0.648307 -0.640911 
vn -0.389972 -0.649942 -0.652301 
vn -0.368665 -0.651328 -0.663218 
vn -0.347104 -0.652463 -0.673655 
vn -0.325303 -0.653346 -0.683606 
vn -0.303275 -0.653977 -0.693064 
vn -0.281034 -0.654356 -0.702024 
vn -0.258594 -0.654483 -0.71048 
vn -0.235968 -0.654356 -0.718427 
vn -0.213171 -0.653977 -0.725859 
vn -0.190217 -0.653346 -0.732773 
vn -0.16712 -0.652463 -0.739164 
vn -0.143894 -0.651328 -0.745028 
vn -0.120555 -0.649942 -0.750361 
vn -0.0971158 -0.648307 -0.75516 
vn -0.0735919 -0.646423 -0.759422 
vn -0.0499976 -0.644291 -0.763144 
vn -0.0263476 -0.641913 -0.766325 
vn -0.00265669 -0.63929 -0.768961 
vn 0.0210605 -0.636423 -0.771052 
vn 0.0447891 -0.633316 -0.772596 
vn 0.0685145 -0.629968 -0.773593 
vn 0.0922219 -0.626384 -0.774041 
vn 0.115897 -0.622564 -0.77394 
vn -0.589615 -0.614352 -0.524333 
vn -0.586261 -0.622564 -0.518375 
vn -0.603943 -0.618511 -0.50269 
vn -0.57149 -0.618184 -0.539674 
vn -0.552986 -0.621779 -0.554614 
vn -0.534115 -0.625137 -0.569144 
vn -0.514888 -0.628254 -0.583256 
vn -0.495318 -0.631129 -0.59694 
vn -0.475415 -0.633759 -0.610188 
vn -0.455194 -0.636145 -0.622991 
vn -0.434666 -0.638283 -0.635343 
vn -0.413844 -0.640173 -0.647234 
vn -0.392741 -0.641813 -0.658658 
vn -0.37137 -0.643203 -0.669608 
vn -0.349745 -0.644341 -0.680076 
vn -0.327879 -0.645227 -0.690056 
vn -0.305785 -0.64586 -0.699543 
vn -0.283478 -0.64624 -0.70853 
vn -0.260971 -0.646367 -0.717011 
vn -0.238277 -0.64624 -0.724981 
vn -0.215412 -0.64586 -0.732436 
vn -0.19239 -0.645227 -0.73937 
vn -0.169224 -0.644341 -0.74578 
vn -0.145929 -0.643203 -0.751662 
vn -0.12252 -0.641813 -0.75701 
vn -0.0990112 -0.640173 -0.761824 
vn -0.0754171 -0.638283 -0.766099 
vn -0.0517524 -0.636145 -0.769832 
vn -0.0280319 -0.633759 -0.773022 
vn -0.00427032 -0.631129 -0.775666 
vn 0.0195176 -0.628254 -0.777764 
vn 0.043317 -0.625137 -0.779312 
vn 0.0671132 -0.621779 -0.780312 
vn 0.0908913 -0.618184 -0.780761 
vn 0.114637 -0.614352 -0.78066 
vn 0.138334 -0.610288 -0.780008 
vn 0.139524 -0.618511 -0.77329 
vn -0.592953 -0.605941 -0.530323 
vn -0.60735 -0.610288 -0.508601 
vn -0.574776 -0.609783 -0.545708 
vn -0.556218 -0.613389 -0.560692 
vn -0.537292 -0.616756 -0.575264 
vn -0.518009 -0.619882 -0.589417 
vn -0.498382 -0.622766 -0.603141 
vn -0.478422 -0.625404 -0.616427 
vn -0.458142 -0.627796 -0.629268 
vn -0.437554 -0.629941 -0.641655 
vn -0.416672 -0.631836 -0.653581 
vn -0.395508 -0.633481 -0.665038 
vn -0.374075 -0.634875 -0.676019 
vn -0.352387 -0.636016 -0.686518 
vn -0.330457 -0.636905 -0.696528 
vn -0.308299 -0.63754 -0.706042 
vn -0.285927 -0.637921 -0.715054 
vn -0.263354 -0.638048 -0.72356 
vn -0.240595 -0.637921 -0.731554 
vn -0.217664 -0.63754 -0.73903 
vn -0.194574 -0.636905 -0.745985 
vn -0.171341 -0.636016 -0.752413 
vn -0.147979 -0.634875 -0.758312 
vn -0.124502 -0.633481 -0.763676 
vn -0.100925 -0.631836 -0.768503 
vn -0.0772621 -0.629941 -0.772791 
vn -0.0535287 -0.627796 -0.776535 
vn -0.0297393 -0.625404 -0.779734 
vn -0.00590877 -0.622766 -0.782386 
vn 0.0179482 -0.619882 -0.78449 
vn 0.0418167 -0.616756 -0.786043 
vn 0.065682 -0.613389 -0.787045 
vn 0.0895291 -0.609783 -0.787495 
vn 0.113343 -0.605941 -0.787394 
vn 0.13711 -0.601864 -0.786741 
vn -0.596272 -0.597324 -0.536343 
vn -0.610739 -0.601864 -0.514546 
vn -0.578043 -0.601177 -0.551772 
vn -0.559433 -0.604793 -0.566797 
vn -0.540454 -0.60817 -0.581411 
vn -0.521117 -0.611305 -0.595604 
vn -0.501434 -0.614196 -0.609366 
vn -0.481418 -0.616842 -0.62269 
vn -0.46108 -0.619241 -0.635567 
vn -0.440435 -0.621392 -0.647989 
vn -0.419493 -0.623292 -0.659948 
vn -0.39827 -0.624942 -0.671438 
vn -0.376777 -0.626339 -0.68245 
vn -0.355027 -0.627484 -0.692979 
vn -0.333036 -0.628375 -0.703016 
vn -0.310815 -0.629012 -0.712557 
vn -0.28838 -0.629394 -0.721595 
vn -0.265744 -0.629522 -0.730125 
vn -0.242921 -0.629394 -0.738141 
vn -0.219924 -0.629012 -0.745639 
vn -0.19677 -0.628375 -0.752613 
vn -0.173471 -0.627484 -0.75906 
vn -0.150043 -0.626339 -0.764975 
vn -0.1265 -0.624942 -0.770354 
vn -0.102856 -0.623292 -0.775195 
vn -0.0791268 -0.621392 -0.779494 
vn -0.0553265 -0.619241 -0.783249 
vn -0.03147 -0.616842 -0.786457 
vn -0.00757222 -0.614196 -0.789117 
vn 0.016352 -0.611305 -0.791226 
vn 0.0402879 -0.60817 -0.792784 
vn 0.0642204 -0.604793 -0.793789 
vn 0.0881348 -0.601177 -0.794241 
vn 0.112016 -0.597324 -0.794139 
vn 0.13585 -0.593236 -0.793484 
vn -0.599569 -0.588498 -0.542391 
vn -0.614108 -0.593236 -0.520521 
vn -0.58129 -0.592362 -0.557861 
vn -0.562629 -0.595988 -0.572928 
vn -0.543598 -0.599373 -0.587582 
vn -0.524208 -0.602517 -0.601813 
vn -0.504472 -0.605416 -0.615613 
vn -0.484401 -0.608069 -0.628973 
vn -0.464008 -0.610475 -0.641886 
vn -0.443306 -0.612631 -0.654342 
vn -0.422307 -0.614537 -0.666334 
vn -0.401025 -0.616191 -0.677855 
vn -0.379474 -0.617593 -0.688897 
vn -0.357665 -0.61874 -0.699454 
vn -0.335613 -0.619634 -0.709519 
vn -0.313332 -0.620272 -0.719086 
vn -0.290836 -0.620656 -0.728149 
vn -0.268138 -0.620784 -0.736702 
vn -0.245252 -0.620656 -0.74474 
vn -0.222193 -0.620272 -0.752258 
vn -0.198975 -0.619634 -0.759251 
vn -0.175613 -0.61874 -0.765716 
vn -0.152121 -0.617593 -0.771647 
vn -0.128513 -0.616191 -0.777041 
vn -0.104805 -0.614537 -0.781895 
vn -0.0810108 -0.612631 -0.786206 
vn -0.0571455 -0.610475 -0.789971 
vn -0.0332239 -0.608069 -0.793188 
vn -0.00926079 -0.605416 -0.795855 
vn 0.0147288 -0.602517 -0.79797 
vn 0.03873 -0.599373 -0.799532 
vn 0.062728 -0.595988 -0.80054 
vn 0.0867077 -0.592362 -0.800993 
vn 0.110654 -0.588498 -0.800891 
vn 0.134553 -0.584398 -0.800234 
vn -0.60284 -0.579458 -0.548463 
vn -0.617454 -0.584398 -0.526526 
vn -0.584513 -0.583332 -0.563975 
vn -0.565803 -0.586968 -0.579082 
vn -0.546722 -0.590362 -0.593774 
vn -0.527281 -0.593514 -0.608043 
vn -0.507492 -0.596421 -0.621879 
vn -0.487368 -0.599081 -0.635275 
vn -0.466922 -0.601493 -0.648221 
vn -0.446165 -0.603655 -0.66071 
vn -0.425111 -0.605566 -0.672734 
vn -0.403773 -0.607225 -0.684285 
vn -0.382164 -0.60863 -0.695356 
vn -0.360298 -0.60978 -0.705941 
vn -0.338188 -0.610676 -0.716033 
vn -0.315849 -0.611317 -0.725625 
vn -0.293293 -0.611701 -0.734712 
vn -0.270535 -0.611829 -0.743288 
vn -0.247588 -0.611701 -0.751347 
vn -0.224469 -0.611317 -0.758885 
vn -0.20119 -0.610676 -0.765896 
vn -0.177766 -0.60978 -0.772378 
vn -0.154212 -0.60863 -0.778324 
vn -0.130542 -0.607225 -0.783733 
vn -0.106771 -0.605566 -0.7886 
vn -0.0829139 -0.603655 -0.792922 
vn -0.0589856 -0.601493 -0.796697 
vn -0.0350009 -0.599081 -0.799923 
vn -0.0109746 -0.596421 -0.802597 
vn 0.0130783 -0.593514 -0.804717 
vn 0.0371429 -0.590362 -0.806283 
vn 0.0612041 -0.586968 -0.807294 
vn 0.0852471 -0.583332 -0.807748 
vn 0.109257 -0.579458 -0.807645 
vn 0.133219 -0.575348 -0.806987 
vn -0.606083 -0.570201 -0.554558 
vn -0.620772 -0.575348 -0.532556 
vn -0.587709 -0.574085 -0.570109 
vn -0.568952 -0.577729 -0.585254 
vn -0.549822 -0.581133 -0.599984 
vn -0.530332 -0.584293 -0.614289 
vn -0.510493 -0.587207 -0.62816 
vn -0.490318 -0.589874 -0.64159 
vn -0.469819 -0.592292 -0.654569 
vn -0.449009 -0.594459 -0.66709 
vn -0.427902 -0.596375 -0.679144 
vn -0.40651 -0.598038 -0.690725 
vn -0.384846 -0.599446 -0.701824 
vn -0.362925 -0.6006 -0.712436 
vn -0.340759 -0.601498 -0.722553 
vn -0.318362 -0.60214 -0.73217 
vn -0.295749 -0.602525 -0.74128 
vn -0.272933 -0.602654 -0.749877 
vn -0.249929 -0.602525 -0.757957 
vn -0.22675 -0.60214 -0.765514 
vn -0.203412 -0.601498 -0.772543 
vn -0.179929 -0.6006 -0.779041 
vn -0.156315 -0.599446 -0.785003 
vn -0.132585 -0.598038 -0.790425 
vn -0.108753 -0.596375 -0.795305 
vn -0.0848358 -0.594459 -0.799638 
vn -0.0608467 -0.592292 -0.803423 
vn -0.036801 -0.589874 -0.806656 
vn -0.0127137 -0.587207 -0.809337 
vn 0.0114003 -0.584293 -0.811463 
vn 0.035526 -0.581133 -0.813033 
vn 0.0596484 -0.577729 -0.814046 
vn 0.0837525 -0.574085 -0.814501 
vn 0.107823 -0.570201 -0.814399 
vn 0.131846 -0.56608 -0.813738 
vn -0.627315 -0.556591 -0.544686 
vn -0.624061 -0.56608 -0.538611 
vn -0.641632 -0.561725 -0.522277 
vn -0.609293 -0.560721 -0.560672 
vn -0.590875 -0.564615 -0.576261 
vn -0.572072 -0.568268 -0.591443 
vn -0.552895 -0.57168 -0.606208 
vn -0.533357 -0.574848 -0.620548 
vn -0.51347 -0.577769 -0.634454 
vn -0.493246 -0.580442 -0.647916 
vn -0.472697 -0.582866 -0.660927 
vn -0.451837 -0.585039 -0.673478 
vn -0.430678 -0.58696 -0.685562 
vn -0.409234 -0.588626 -0.69717 
vn -0.387518 -0.590038 -0.708297 
vn -0.365543 -0.591195 -0.718935 
vn -0.343323 -0.592095 -0.729077 
vn -0.320871 -0.592739 -0.738717 
vn -0.298203 -0.593125 -0.747849 
vn -0.275332 -0.593254 -0.756467 
vn -0.252271 -0.593125 -0.764567 
vn -0.229036 -0.592739 -0.772142 
vn -0.205641 -0.592095 -0.779189 
vn -0.1821 -0.591195 -0.785702 
vn -0.158429 -0.590038 -0.791679 
vn -0.134641 -0.588626 -0.797114 
vn -0.110752 -0.58696 -0.802005 
vn -0.0867759 -0.585039 -0.806349 
vn -0.0627284 -0.582866 -0.810143 
vn -0.0386241 -0.580442 -0.813385 
vn -0.0144781 -0.577769 -0.816072 
vn 0.00969468 -0.574848 -0.818203 
vn 0.0338792 -0.57168 -0.819777 
vn 0.0580603 -0.568268 -0.820792 
vn 0.0822231 -0.564615 -0.821249 
vn 0.106353 -0.560721 -0.821146 
vn 0.130434 -0.556591 -0.820484 
vn 0.154451 -0.552225 -0.819263 
vn 0.155805 -0.561725 -0.81252 
vn -0.630531 -0.546876 -0.550779 
vn -0.644929 -0.552225 -0.528312 
vn -0.612468 -0.551016 -0.566802 
vn -0.594007 -0.554919 -0.582427 
vn -0.57516 -0.558581 -0.597644 
vn -0.555939 -0.562 -0.612444 
vn -0.536355 -0.565175 -0.626818 
vn -0.516421 -0.568103 -0.640755 
vn -0.49615 -0.570783 -0.654249 
vn -0.475554 -0.573213 -0.66729 
vn -0.454645 -0.57539 -0.67987 
vn -0.433437 -0.577315 -0.691982 
vn -0.411943 -0.578986 -0.703618 
vn -0.390176 -0.580401 -0.714771 
vn -0.36815 -0.581561 -0.725433 
vn -0.345878 -0.582463 -0.735599 
vn -0.323374 -0.583108 -0.745261 
vn -0.300653 -0.583495 -0.754414 
vn -0.277729 -0.583624 -0.763053 
vn -0.254614 -0.583495 -0.771171 
vn -0.231325 -0.583108 -0.778764 
vn -0.207876 -0.582463 -0.785827 
vn -0.18428 -0.581561 -0.792356 
vn -0.160554 -0.580401 -0.798346 
vn -0.136711 -0.578986 -0.803794 
vn -0.112766 -0.577315 -0.808697 
vn -0.088734 -0.57539 -0.813051 
vn -0.0646305 -0.573213 -0.816854 
vn -0.0404701 -0.570783 -0.820103 
vn -0.0162678 -0.568103 -0.822796 
vn 0.00796119 -0.565175 -0.824933 
vn 0.032202 -0.562 -0.82651 
vn 0.0564394 -0.558581 -0.827528 
vn 0.0806585 -0.554919 -0.827985 
vn 0.104844 -0.551016 -0.827882 
vn 0.128981 -0.546876 -0.827219 
vn 0.153055 -0.5425 -0.825995 
vn -0.633706 -0.536931 -0.556886 
vn -0.648186 -0.5425 -0.534367 
vn -0.615602 -0.541081 -0.572944 
vn -0.5971 -0.544992 -0.588604 
vn -0.578212 -0.548662 -0.603855 
vn -0.558948 -0.552089 -0.618688 
vn -0.539321 -0.555271 -0.633093 
vn -0.519344 -0.558206 -0.647062 
vn -0.499027 -0.560891 -0.660585 
vn -0.478385 -0.563326 -0.673655 
vn -0.45743 -0.565509 -0.686263 
vn -0.436175 -0.567438 -0.698402 
vn -0.414634 -0.569112 -0.710063 
vn -0.392818 -0.570531 -0.721241 
vn -0.370744 -0.571693 -0.731927 
vn -0.348422 -0.572597 -0.742115 
vn -0.325869 -0.573244 -0.751799 
vn -0.303098 -0.573632 -0.760972 
vn -0.280122 -0.573761 -0.76963 
vn -0.256957 -0.573632 -0.777766 
vn -0.233616 -0.573244 -0.785376 
vn -0.210115 -0.572597 -0.792455 
vn -0.186467 -0.571693 -0.798998 
vn -0.162688 -0.570531 -0.805001 
vn -0.138792 -0.569112 -0.810461 
vn -0.114794 -0.567438 -0.815375 
vn -0.0907094 -0.565509 -0.819739 
vn -0.0665526 -0.563326 -0.82355 
vn -0.0423387 -0.560891 -0.826806 
vn -0.0180829 -0.558206 -0.829505 
vn 0.00619976 -0.555271 -0.831646 
vn 0.0304942 -0.552089 -0.833227 
vn 0.0547853 -0.548662 -0.834247 
vn 0.079058 -0.544992 -0.834706 
vn 0.103297 -0.541081 -0.834602 
vn 0.127488 -0.536931 -0.833937 
vn 0.151615 -0.532546 -0.832711 
vn -0.636834 -0.526754 -0.563003 
vn -0.6514 -0.532546 -0.540438 
vn -0.618693 -0.530912 -0.579096 
vn -0.600152 -0.534831 -0.594788 
vn -0.581224 -0.538509 -0.610071 
vn -0.56192 -0.541943 -0.624935 
vn -0.542252 -0.545132 -0.63937 
vn -0.522233 -0.548073 -0.653368 
vn -0.501874 -0.550764 -0.66692 
vn -0.481189 -0.553204 -0.680017 
vn -0.46019 -0.555391 -0.692651 
vn -0.438891 -0.557324 -0.704815 
vn -0.417304 -0.559002 -0.716501 
vn -0.395443 -0.560424 -0.727702 
vn -0.373322 -0.561588 -0.73841 
vn -0.350954 -0.562494 -0.74862 
vn -0.328354 -0.563142 -0.758324 
vn -0.305535 -0.563531 -0.767517 
vn -0.282511 -0.56366 -0.776192 
vn -0.259297 -0.563531 -0.784346 
vn -0.235908 -0.563142 -0.791972 
vn -0.212357 -0.562494 -0.799065 
vn -0.18866 -0.561588 -0.805622 
vn -0.164831 -0.560424 -0.811638 
vn -0.140885 -0.559002 -0.81711 
vn -0.116837 -0.557324 -0.822033 
vn -0.0927017 -0.555391 -0.826406 
vn -0.0684943 -0.553204 -0.830225 
vn -0.0442297 -0.550764 -0.833488 
vn -0.0199232 -0.548073 -0.836193 
vn 0.00441031 -0.545132 -0.838339 
vn 0.0287556 -0.541943 -0.839923 
vn 0.0530975 -0.538509 -0.840945 
vn 0.077421 -0.534831 -0.841405 
vn 0.101711 -0.530912 -0.841301 
vn 0.125952 -0.526754 -0.840635 
vn 0.150129 -0.522359 -0.839406 
vn -0.639913 -0.516339 -0.569127 
vn -0.654566 -0.522359 -0.546521 
vn -0.621736 -0.520505 -0.585251 
vn -0.603158 -0.524432 -0.600975 
vn -0.584193 -0.528117 -0.616288 
vn -0.564851 -0.531558 -0.631181 
vn -0.545145 -0.534753 -0.645644 
vn -0.525086 -0.5377 -0.65967 
vn -0.504687 -0.540396 -0.673248 
vn -0.483961 -0.542841 -0.686371 
vn -0.462921 -0.545033 -0.69903 
vn -0.44158 -0.54697 -0.711218 
vn -0.41995 -0.548651 -0.722927 
vn -0.398047 -0.550075 -0.73415 
vn -0.375882 -0.551242 -0.74488 
vn -0.35347 -0.55215 -0.755109 
vn -0.330825 -0.552799 -0.764832 
vn -0.307961 -0.553188 -0.774043 
vn -0.284893 -0.553318 -0.782736 
vn -0.261633 -0.553188 -0.790905 
vn -0.238198 -0.552799 -0.798546 
vn -0.214601 -0.55215 -0.805653 
vn -0.190857 -0.551242 -0.812223 
vn -0.166981 -0.550075 -0.818251 
vn -0.142988 -0.548651 -0.823733 
vn -0.118893 -0.54697 -0.828667 
vn -0.0947101 -0.545033 -0.833048 
vn -0.0704551 -0.542841 -0.836875 
vn -0.0461429 -0.540396 -0.840144 
vn -0.0217885 -0.5377 -0.842855 
vn 0.00259281 -0.534753 -0.845004 
vn 0.026986 -0.531558 -0.846592 
vn 0.0513757 -0.528117 -0.847616 
vn 0.075747 -0.524432 -0.848076 
vn 0.100085 -0.520505 -0.847973 
vn 0.124374 -0.516339 -0.847305 
vn 0.148598 -0.511936 -0.846073 
vn -0.660734 -0.501273 -0.558709 
vn -0.657679 -0.511936 -0.552613 
vn -0.675022 -0.507299 -0.535717 
vn -0.642936 -0.505684 -0.575254 
vn -0.624725 -0.509858 -0.591408 
vn -0.606114 -0.513792 -0.60716 
vn -0.587114 -0.517484 -0.622501 
vn -0.567737 -0.520931 -0.637421 
vn -0.547994 -0.524132 -0.651911 
vn -0.527898 -0.527084 -0.665962 
vn -0.507462 -0.529785 -0.679566 
vn -0.486698 -0.532235 -0.692713 
vn -0.46562 -0.53443 -0.705395 
vn -0.444239 -0.536371 -0.717606 
vn -0.42257 -0.538055 -0.729336 
vn -0.400626 -0.539482 -0.740579 
vn -0.378421 -0.540651 -0.751328 
vn -0.355968 -0.54156 -0.761577 
vn -0.333282 -0.54221 -0.771318 
vn -0.310376 -0.542601 -0.780545 
vn -0.287265 -0.542731 -0.789254 
vn -0.263963 -0.542601 -0.797438 
vn -0.240485 -0.54221 -0.805093 
vn -0.216844 -0.54156 -0.812214 
vn -0.193057 -0.540651 -0.818795 
vn -0.169138 -0.539482 -0.824834 
vn -0.145101 -0.538055 -0.830327 
vn -0.120961 -0.536371 -0.835269 
vn -0.096734 -0.53443 -0.839659 
vn -0.0724345 -0.532235 -0.843492 
vn -0.0480777 -0.529785 -0.846768 
vn -0.0236787 -0.527084 -0.849483 
vn 0.000747297 -0.524132 -0.851637 
vn 0.0251851 -0.520931 -0.853227 
vn 0.0496196 -0.517484 -0.854253 
vn 0.0740356 -0.513792 -0.854714 
vn 0.0984178 -0.509858 -0.85461 
vn 0.122751 -0.505684 -0.853941 
vn 0.147021 -0.501273 -0.852708 
vn 0.171211 -0.496627 -0.85091 
vn 0.172744 -0.507299 -0.844279 
vn -0.663728 -0.490367 -0.564806 
vn -0.67811 -0.496627 -0.541783 
vn -0.645899 -0.494785 -0.581379 
vn -0.627658 -0.498966 -0.59756 
vn -0.609015 -0.502907 -0.613339 
vn -0.589983 -0.506605 -0.628706 
vn -0.570573 -0.510059 -0.643651 
vn -0.550797 -0.513265 -0.658166 
vn -0.530667 -0.516222 -0.672241 
vn -0.510196 -0.518928 -0.685867 
vn -0.489397 -0.521381 -0.699036 
vn -0.468283 -0.52358 -0.711741 
vn -0.446866 -0.525524 -0.723972 
vn -0.425161 -0.527211 -0.735722 
vn -0.40318 -0.528641 -0.746984 
vn -0.380937 -0.529811 -0.757751 
vn -0.358446 -0.530722 -0.768017 
vn -0.335721 -0.531374 -0.777775 
vn -0.312776 -0.531765 -0.787018 
vn -0.289626 -0.531895 -0.795741 
vn -0.266285 -0.531765 -0.80394 
vn -0.242767 -0.531374 -0.811607 
vn -0.219086 -0.530722 -0.81874 
vn -0.195259 -0.529811 -0.825333 
vn -0.171299 -0.528641 -0.831382 
vn -0.147221 -0.527211 -0.836884 
vn -0.123041 -0.525524 -0.841834 
vn -0.0987725 -0.52358 -0.846231 
vn -0.0744319 -0.521381 -0.850072 
vn -0.0500339 -0.518928 -0.853353 
vn -0.0255936 -0.516222 -0.856073 
vn -0.00112618 -0.513265 -0.85823 
vn 0.0233531 -0.510059 -0.859823 
vn 0.0478289 -0.506605 -0.86085 
vn 0.0722862 -0.502907 -0.861312 
vn 0.0967098 -0.498966 -0.861208 
vn 0.121084 -0.494785 -0.860538 
vn 0.145395 -0.490367 -0.859303 
vn 0.169626 -0.485713 -0.857502 
vn -0.666654 -0.479215 -0.570899 
vn -0.681133 -0.485713 -0.547851 
vn -0.648798 -0.48364 -0.587497 
vn -0.630529 -0.487828 -0.603704 
vn -0.611857 -0.491775 -0.619507 
vn -0.592795 -0.495478 -0.634897 
vn -0.573355 -0.498937 -0.649866 
vn -0.553548 -0.502148 -0.664403 
vn -0.533388 -0.50511 -0.6785 
vn -0.512885 -0.50782 -0.692147 
vn -0.492054 -0.510277 -0.705337 
vn -0.470907 -0.51248 -0.718061 
vn -0.449457 -0.514427 -0.730311 
vn -0.427718 -0.516116 -0.742079 
vn -0.405703 -0.517548 -0.753359 
vn -0.383426 -0.51872 -0.764143 
vn -0.3609 -0.519633 -0.774424 
vn -0.33814 -0.520285 -0.784197 
vn -0.31516 -0.520677 -0.793454 
vn -0.291974 -0.520807 -0.802191 
vn -0.268596 -0.520677 -0.810402 
vn -0.245042 -0.520285 -0.818082 
vn -0.221325 -0.519633 -0.825225 
vn -0.19746 -0.51872 -0.831829 
vn -0.173463 -0.517548 -0.837887 
vn -0.149348 -0.516116 -0.843397 
vn -0.125131 -0.514427 -0.848356 
vn -0.100825 -0.51248 -0.85276 
vn -0.0764466 -0.510277 -0.856606 
vn -0.0520108 -0.50782 -0.859892 
vn -0.0275327 -0.50511 -0.862616 
vn -0.0030275 -0.502148 -0.864776 
vn 0.0214896 -0.498937 -0.866372 
vn 0.0460033 -0.495478 -0.867401 
vn 0.0704985 -0.491775 -0.867864 
vn 0.0949598 -0.487828 -0.86776 
vn 0.119372 -0.48364 -0.867089 
vn 0.14372 -0.479215 -0.865851 
vn 0.167989 -0.474554 -0.864048 
vn -0.669508 -0.467814 -0.576983 
vn -0.684086 -0.474554 -0.553918 
vn -0.651627 -0.472246 -0.593605 
vn -0.633332 -0.476439 -0.609833 
vn -0.614635 -0.480391 -0.625658 
vn -0.595546 -0.4841 -0.641071 
vn -0.576079 -0.487564 -0.65606 
vn -0.556245 -0.490779 -0.670617 
vn -0.536056 -0.493745 -0.684734 
vn -0.515525 -0.496459 -0.6984 
vn -0.494664 -0.49892 -0.711608 
vn -0.473488 -0.501125 -0.72435 
vn -0.452008 -0.503075 -0.736617 
vn -0.430239 -0.504767 -0.748402 
vn -0.408193 -0.5062 -0.759697 
vn -0.385885 -0.507375 -0.770496 
vn -0.363328 -0.508288 -0.780792 
vn -0.340536 -0.508942 -0.790578 
vn -0.317524 -0.509334 -0.799849 
vn -0.294305 -0.509464 -0.808598 
vn -0.270895 -0.509334 -0.81682 
vn -0.247308 -0.508942 -0.82451 
vn -0.223558 -0.508288 -0.831664 
vn -0.19966 -0.507375 -0.838276 
vn -0.17563 -0.5062 -0.844343 
vn -0.151481 -0.504767 -0.849861 
vn -0.12723 -0.503075 -0.854826 
vn -0.10289 -0.501125 -0.859236 
vn -0.078478 -0.49892 -0.863088 
vn -0.0540081 -0.496459 -0.866378 
vn -0.0294959 -0.493745 -0.869106 
vn -0.0049565 -0.490779 -0.87127 
vn 0.0195948 -0.487564 -0.872868 
vn 0.0441427 -0.4841 -0.873898 
vn 0.0686719 -0.480391 -0.874362 
vn 0.0931673 -0.476439 -0.874257 
vn 0.117614 -0.472246 -0.873585 
vn 0.141996 -0.467814 -0.872346 
vn 0.166298 -0.463147 -0.87054 
vn -0.672284 -0.456162 -0.583053 
vn -0.686964 -0.463147 -0.559978 
vn -0.654381 -0.460599 -0.599695 
vn -0.636063 -0.464797 -0.615944 
vn -0.617343 -0.468755 -0.631789 
vn -0.598231 -0.472468 -0.64722 
vn -0.57874 -0.475936 -0.662228 
vn -0.558881 -0.479156 -0.676803 
vn -0.538667 -0.482125 -0.690937 
vn -0.518111 -0.484842 -0.70462 
vn -0.497225 -0.487306 -0.717844 
vn -0.476022 -0.489514 -0.730601 
vn -0.454516 -0.491466 -0.742884 
vn -0.43272 -0.49316 -0.754683 
vn -0.410647 -0.494596 -0.765992 
vn -0.388311 -0.495771 -0.776805 
vn -0.365726 -0.496686 -0.787113 
vn -0.342906 -0.49734 -0.796911 
vn -0.319866 -0.497733 -0.806193 
vn -0.296619 -0.497864 -0.814953 
vn -0.27318 -0.497733 -0.823186 
vn -0.249563 -0.49734 -0.830886 
vn -0.225784 -0.496686 -0.838048 
vn -0.201857 -0.495771 -0.844668 
vn -0.177797 -0.494596 -0.850743 
vn -0.153618 -0.49316 -0.856268 
vn -0.129337 -0.491466 -0.861239 
vn -0.104967 -0.489514 -0.865654 
vn -0.0805251 -0.487306 -0.869511 
vn -0.0560251 -0.484842 -0.872805 
vn -0.0314826 -0.482125 -0.875537 
vn -0.00691296 -0.479156 -0.877703 
vn 0.0176686 -0.475936 -0.879302 
vn 0.0422468 -0.472468 -0.880334 
vn 0.0668063 -0.468755 -0.880798 
vn 0.0913319 -0.464797 -0.880694 
vn 0.115808 -0.460599 -0.880021 
vn 0.14022 -0.456162 -0.87878 
vn 0.164553 -0.451489 -0.876972 
vn -0.692473 -0.439578 -0.57206 
vn -0.689762 -0.451489 -0.566027 
vn -0.706803 -0.446583 -0.548629 
vn -0.674976 -0.444256 -0.589104 
vn -0.657054 -0.448698 -0.605764 
vn -0.638717 -0.452901 -0.62203 
vn -0.619977 -0.456863 -0.637891 
vn -0.600845 -0.46058 -0.653339 
vn -0.581332 -0.464052 -0.668363 
vn -0.561452 -0.467274 -0.682954 
vn -0.541217 -0.470247 -0.697102 
vn -0.520639 -0.472967 -0.7108 
vn -0.499731 -0.475434 -0.724039 
vn -0.478506 -0.477644 -0.73681 
vn -0.456976 -0.479598 -0.749105 
vn -0.435157 -0.481294 -0.760917 
vn -0.41306 -0.482731 -0.772238 
vn -0.390701 -0.483908 -0.783062 
vn -0.368092 -0.484824 -0.793381 
vn -0.345248 -0.485479 -0.80319 
vn -0.322183 -0.485872 -0.812482 
vn -0.298911 -0.486003 -0.821251 
vn -0.275447 -0.485872 -0.829492 
vn -0.251805 -0.485479 -0.8372 
vn -0.228001 -0.484824 -0.84437 
vn -0.204048 -0.483908 -0.850998 
vn -0.179962 -0.482731 -0.857079 
vn -0.155758 -0.481294 -0.862609 
vn -0.131451 -0.479598 -0.867586 
vn -0.107056 -0.477644 -0.872006 
vn -0.0825871 -0.475434 -0.875867 
vn -0.058061 -0.472967 -0.879165 
vn -0.0334924 -0.470247 -0.881899 
vn -0.0088966 -0.467274 -0.884068 
vn 0.0157111 -0.464052 -0.885669 
vn 0.0403155 -0.46058 -0.886702 
vn 0.0649012 -0.456863 -0.887166 
vn 0.0894529 -0.452901 -0.887062 
vn 0.113955 -0.448698 -0.886388 
vn 0.138393 -0.444256 -0.885146 
vn 0.162752 -0.439578 -0.883336 
vn 0.187016 -0.434667 -0.880959 
vn 0.188791 -0.446583 -0.874598 
vn -0.695091 -0.427413 -0.578071 
vn -0.709532 -0.434667 -0.554643 
vn -0.67758 -0.432095 -0.59513 
vn -0.659641 -0.436541 -0.611805 
vn -0.641288 -0.440748 -0.628085 
vn -0.622531 -0.444713 -0.643961 
vn -0.603382 -0.448434 -0.659422 
vn -0.583852 -0.451908 -0.674459 
vn -0.563955 -0.455134 -0.689063 
vn -0.543701 -0.458109 -0.703225 
vn -0.523105 -0.460832 -0.716935 
vn -0.502178 -0.4633 -0.730185 
vn -0.480934 -0.465513 -0.742967 
vn -0.459386 -0.467469 -0.755273 
vn -0.437547 -0.469166 -0.767096 
vn -0.415431 -0.470604 -0.778427 
vn -0.393051 -0.471782 -0.789261 
vn -0.370422 -0.472699 -0.799589 
vn -0.347558 -0.473354 -0.809407 
vn -0.324472 -0.473748 -0.818707 
vn -0.30118 -0.473879 -0.827484 
vn -0.277695 -0.473748 -0.835732 
vn -0.254032 -0.473354 -0.843447 
vn -0.230206 -0.472699 -0.850624 
vn -0.206232 -0.471782 -0.857257 
vn -0.182125 -0.470604 -0.863343 
vn -0.157899 -0.469166 -0.868879 
vn -0.13357 -0.467469 -0.87386 
vn -0.109153 -0.465513 -0.878284 
vn -0.0846632 -0.4633 -0.882148 
vn -0.0601152 -0.460832 -0.885449 
vn -0.0355248 -0.458109 -0.888186 
vn -0.0109071 -0.455134 -0.890356 
vn 0.0137226 -0.451908 -0.891959 
vn 0.0383488 -0.448434 -0.892993 
vn 0.0629564 -0.444713 -0.893458 
vn 0.0875299 -0.440748 -0.893353 
vn 0.112054 -0.436541 -0.892679 
vn 0.136514 -0.432095 -0.891436 
vn 0.160894 -0.427413 -0.889624 
vn 0.185179 -0.422498 -0.887245 
vn -0.697612 -0.414992 -0.584054 
vn -0.712166 -0.422498 -0.560638 
vn -0.680088 -0.419677 -0.601125 
vn -0.662137 -0.424126 -0.617812 
vn -0.64377 -0.428336 -0.634104 
vn -0.625 -0.432304 -0.649991 
vn -0.605837 -0.436027 -0.665463 
vn -0.586294 -0.439504 -0.680511 
vn -0.566382 -0.442732 -0.695125 
vn -0.546115 -0.44571 -0.709297 
vn -0.525504 -0.448434 -0.723016 
vn -0.504562 -0.450904 -0.736276 
vn -0.483303 -0.453119 -0.749067 
vn -0.461739 -0.455076 -0.761382 
vn -0.439885 -0.456775 -0.773213 
vn -0.417753 -0.458214 -0.784552 
vn -0.395358 -0.459392 -0.795393 
vn -0.372713 -0.46031 -0.805729 
vn -0.349832 -0.460966 -0.815554 
vn -0.32673 -0.461359 -0.824861 
vn -0.303422 -0.46149 -0.833644 
vn -0.27992 -0.461359 -0.841898 
vn -0.256241 -0.460966 -0.849618 
vn -0.232398 -0.46031 -0.8568 
vn -0.208407 -0.459392 -0.863438 
vn -0.184283 -0.458214 -0.869529 
vn -0.16004 -0.456775 -0.875068 
vn -0.135694 -0.455076 -0.880053 
vn -0.11126 -0.453119 -0.88448 
vn -0.0867522 -0.450904 -0.888346 
vn -0.0621869 -0.448434 -0.89165 
vn -0.0375791 -0.44571 -0.894388 
vn -0.012944 -0.442732 -0.89656 
vn 0.0117031 -0.439504 -0.898164 
vn 0.0363467 -0.436027 -0.899199 
vn 0.0609717 -0.432304 -0.899664 
vn 0.0855626 -0.428336 -0.89956 
vn 0.110104 -0.424126 -0.898885 
vn 0.134581 -0.419677 -0.897641 
vn 0.158979 -0.414992 -0.895828 
vn 0.183281 -0.410073 -0.893447 
vn -0.700027 -0.402313 -0.590005 
vn -0.714698 -0.410073 -0.56661 
vn -0.682494 -0.407001 -0.607085 
vn -0.664534 -0.411452 -0.62378 
vn -0.646158 -0.415664 -0.64008 
vn -0.627378 -0.419634 -0.655975 
vn -0.608206 -0.42336 -0.671456 
vn -0.588652 -0.426838 -0.686511 
vn -0.56873 -0.430068 -0.701133 
vn -0.548452 -0.433047 -0.715312 
vn -0.527831 -0.435773 -0.729038 
vn -0.506878 -0.438244 -0.742305 
vn -0.485608 -0.44046 -0.755103 
vn -0.464034 -0.442418 -0.767424 
vn -0.442168 -0.444117 -0.779261 
vn -0.420025 -0.445557 -0.790606 
vn -0.397618 -0.446737 -0.801453 
vn -0.374961 -0.447655 -0.811794 
vn -0.352069 -0.448311 -0.821623 
vn -0.328955 -0.448704 -0.830935 
vn -0.305634 -0.448836 -0.839723 
vn -0.282121 -0.448704 -0.847981 
vn -0.258429 -0.448311 -0.855706 
vn -0.234574 -0.447655 -0.862891 
vn -0.210571 -0.446737 -0.869532 
vn -0.186434 -0.445557 -0.875626 
vn -0.162179 -0.444117 -0.881168 
vn -0.13782 -0.442418 -0.886156 
vn -0.113373 -0.44046 -0.890585 
vn -0.0888531 -0.438244 -0.894454 
vn -0.0642751 -0.435773 -0.897759 
vn -0.0396546 -0.433047 -0.900499 
vn -0.0150068 -0.430068 -0.902672 
vn 0.0096529 -0.426838 -0.904276 
vn 0.0343093 -0.42336 -0.905312 
vn 0.0589469 -0.419634 -0.905777 
vn 0.0835505 -0.415664 -0.905672 
vn 0.108105 -0.411452 -0.904997 
vn 0.132594 -0.407001 -0.903753 
vn 0.157004 -0.402313 -0.901939 
vn 0.181319 -0.397392 -0.899557 
vn -0.736085 -0.3793 -0.560634 
vn -0.719433 -0.384454 -0.578456 
vn -0.717123 -0.397392 -0.572551 
vn -0.702332 -0.389377 -0.595915 
vn -0.684793 -0.394066 -0.613001 
vn -0.666828 -0.398519 -0.629701 
vn -0.648446 -0.402732 -0.646007 
vn -0.62966 -0.406703 -0.661907 
vn -0.610481 -0.41043 -0.677392 
vn -0.590922 -0.41391 -0.692452 
vn -0.570994 -0.41714 -0.707079 
vn -0.550709 -0.42012 -0.721262 
vn -0.530081 -0.422847 -0.734993 
vn -0.509122 -0.425319 -0.748264 
vn -0.487845 -0.427536 -0.761065 
vn -0.466264 -0.429494 -0.77339 
vn -0.444391 -0.431194 -0.785231 
vn -0.422241 -0.432635 -0.79658 
vn -0.399827 -0.433814 -0.80743 
vn -0.377163 -0.434733 -0.817775 
vn -0.354264 -0.435389 -0.827607 
vn -0.331142 -0.435783 -0.836922 
vn -0.307814 -0.435914 -0.845712 
vn -0.284293 -0.435783 -0.853973 
vn -0.260594 -0.435389 -0.8617 
vn -0.236732 -0.434733 -0.868888 
vn -0.212721 -0.433814 -0.875531 
vn -0.188577 -0.432635 -0.881627 
vn -0.164314 -0.431194 -0.887171 
vn -0.139947 -0.429494 -0.89216 
vn -0.115492 -0.427536 -0.896591 
vn -0.0909646 -0.425319 -0.90046 
vn -0.0663789 -0.422847 -0.903767 
vn -0.0417506 -0.42012 -0.906508 
vn -0.017095 -0.41714 -0.908681 
vn 0.00757252 -0.41391 -0.910286 
vn 0.0322367 -0.41043 -0.911322 
vn 0.0568821 -0.406703 -0.911788 
vn 0.0814935 -0.402732 -0.911683 
vn 0.106056 -0.398519 -0.911008 
vn 0.130553 -0.394066 -0.909762 
vn 0.154971 -0.389377 -0.907948 
vn 0.179293 -0.384454 -0.905566 
vn 0.203506 -0.3793 -0.902617 
vn 0.205524 -0.39224 -0.896609 
vn -0.721639 -0.371152 -0.584366 
vn -0.704536 -0.376076 -0.601827 
vn -0.686996 -0.380766 -0.618914 
vn -0.669028 -0.385219 -0.635616 
vn -0.650644 -0.389433 -0.651923 
vn -0.631856 -0.393404 -0.667825 
vn -0.612676 -0.397131 -0.683312 
vn -0.593114 -0.400611 -0.698374 
vn -0.573183 -0.403843 -0.713002 
vn -0.552897 -0.406823 -0.727187 
vn -0.532266 -0.40955 -0.740919 
vn -0.511305 -0.412022 -0.754191 
vn -0.490026 -0.414239 -0.766995 
vn -0.468442 -0.416198 -0.779321 
vn -0.446567 -0.417898 -0.791163 
vn -0.424415 -0.419338 -0.802513 
vn -0.401998 -0.420518 -0.813364 
vn -0.379332 -0.421437 -0.82371 
vn -0.35643 -0.422093 -0.833544 
vn -0.333306 -0.422487 -0.842859 
vn -0.309976 -0.422618 -0.851651 
vn -0.286452 -0.422487 -0.859913 
vn -0.26275 -0.422093 -0.86764 
vn -0.238885 -0.421437 -0.874829 
vn -0.214872 -0.420518 -0.881473 
vn -0.190725 -0.419338 -0.887569 
vn -0.166459 -0.417898 -0.893114 
vn -0.14209 -0.416198 -0.898103 
vn -0.117633 -0.414239 -0.902535 
vn -0.0931025 -0.412022 -0.906405 
vn -0.0685141 -0.40955 -0.909711 
vn -0.0438832 -0.406823 -0.912453 
vn -0.0192249 -0.403843 -0.914626 
vn 0.00544528 -0.400611 -0.916232 
vn 0.0301121 -0.397131 -0.917268 
vn 0.0547602 -0.393404 -0.917733 
vn 0.0793742 -0.389433 -0.917628 
vn 0.103939 -0.385219 -0.916953 
vn 0.128439 -0.380766 -0.915708 
vn 0.152859 -0.376076 -0.913893 
vn 0.177185 -0.371152 -0.911511 
vn 0.2014 -0.365998 -0.908561 
vn 0.20593 -0.395701 -0.894994 
vn 0.203076 -0.40543 -0.891284 
vn 0.206055 -0.395674 -0.894977 
vn 0.200261 -0.415033 -0.887492 
vn 0.202938 -0.405908 -0.891097 
vn 0.197487 -0.424509 -0.883624 
vn 0.198936 -0.419601 -0.885641 
vn 0.194458 -0.434862 -0.87925 
vn 0.191494 -0.445002 -0.874816 
vn 0.195013 -0.432993 -0.880049 
vn 0.188593 -0.454934 -0.870326 
vn 0.189547 -0.451707 -0.871798 
vn 0.185753 -0.464661 -0.865786 
vn 0.187454 -0.458878 -0.8685 
vn 0.182974 -0.474187 -0.861201 
vn 0.180254 -0.483516 -0.856575 
vn 0.183803 -0.471381 -0.862564 
vn 0.180231 -0.483598 -0.856534 
vn 0.177592 -0.492653 -0.851912 
vn 0.174986 -0.5016 -0.847217 
vn 0.176765 -0.495525 -0.850417 
vn 0.172435 -0.510362 -0.842495 
vn 0.172939 -0.508657 -0.843422 
vn 0.169939 -0.518942 -0.837747 
vn 0.167495 -0.527344 -0.832979 
vn 0.170054 -0.51855 -0.837966 
vn 0.165103 -0.535572 -0.828193 
vn 0.166832 -0.529652 -0.831646 
vn 0.162762 -0.543629 -0.823393 
vn 0.163684 -0.540489 -0.825275 
vn 0.160471 -0.55152 -0.818581 
vn 0.158229 -0.559247 -0.813761 
vn 0.160605 -0.551067 -0.81886 
vn 0.156035 -0.566814 -0.808934 
vn 0.156367 -0.565687 -0.809659 
vn 0.153888 -0.574225 -0.804105 
vn 0.154699 -0.571455 -0.80592 
vn 0.151787 -0.581483 -0.799273 
vn 0.149731 -0.588592 -0.794443 
vn 0.151847 -0.581279 -0.79941 
vn 0.14772 -0.595555 -0.789616 
vn 0.149084 -0.59086 -0.79288 
vn 0.145753 -0.602375 -0.784793 
vn 0.143828 -0.609056 -0.779977 
vn 0.146386 -0.600207 -0.786335 
vn 0.141946 -0.615601 -0.775169 
vn 0.143752 -0.609324 -0.779782 
vn 0.141203 -0.618213 -0.773223 
vn 0.140105 -0.622012 -0.770371 
vn 0.140054 -0.622191 -0.770236 
vn 0.13935 -0.624645 -0.768375 
vn 0.137412 -0.631416 -0.763172 
vn 0.138717 -0.626884 -0.766664 
vn 0.135524 -0.638027 -0.757994 
vn 0.1363 -0.635339 -0.76011 
vn 0.133686 -0.644483 -0.752841 
vn 0.131897 -0.650789 -0.747714 
vn 0.133946 -0.643584 -0.753563 
vn 0.131664 -0.651624 -0.747028 
vn 0.130155 -0.656949 -0.742616 
vn 0.12846 -0.662967 -0.737545 
vn 0.129454 -0.659463 -0.740506 
vn 0.126811 -0.668847 -0.732504 
vn 0.127305 -0.667108 -0.734003 
vn 0.125216 -0.674564 -0.727519 
vn 0.125207 -0.674594 -0.727493 
vn 0.124314 -0.677839 -0.724624 
vn 0.123649 -0.680212 -0.722512 
vn 0.122135 -0.685703 -0.717561 
vn 0.123208 -0.681832 -0.721058 
vn 0.120665 -0.691073 -0.712642 
vn 0.121261 -0.688921 -0.714622 
vn 0.119239 -0.696324 -0.707754 
vn 0.117857 -0.70146 -0.702897 
vn 0.119375 -0.695834 -0.708212 
vn 0.117564 -0.702575 -0.701831 
vn 0.116518 -0.706484 -0.698072 
vn 0.115223 -0.7114 -0.693278 
vn 0.115822 -0.709149 -0.69548 
vn 0.113971 -0.71621 -0.688515 
vn 0.112764 -0.720919 -0.683784 
vn 0.114143 -0.715562 -0.689161 
vn 0.111601 -0.725528 -0.679084 
vn 0.112541 -0.721816 -0.682874 
vn 0.111014 -0.727915 -0.676621 
vn 0.110483 -0.73004 -0.674414 
vn 0.109981 -0.732095 -0.672265 
vn 0.10969 -0.733329 -0.670967 
vn 0.108869 -0.736734 -0.667361 
vn 0.109562 -0.733865 -0.670402 
vn 0.107812 -0.741267 -0.662496 
vn 0.108189 -0.739668 -0.664218 
vn 0.106811 -0.745696 -0.657669 
vn 0.10587 -0.750025 -0.652882 
vn 0.106895 -0.74533 -0.65807 
vn 0.105701 -0.750851 -0.651958 
vn 0.104989 -0.754257 -0.648131 
vn 0.104174 -0.758394 -0.643418 
vn 0.104604 -0.756237 -0.645883 
vn 0.103427 -0.76244 -0.63874 
vn 0.102754 -0.766396 -0.634097 
vn 0.103606 -0.76149 -0.639843 
vn 0.102721 -0.766614 -0.633839 
vn 0.10216 -0.770266 -0.629487 
vn 0.101653 -0.77405 -0.62491 
vn 0.101983 -0.771607 -0.627871 
vn 0.101241 -0.777751 -0.620365 
vn 0.101386 -0.776475 -0.621938 
vn 0.100936 -0.781371 -0.615851 
vn 0.100751 -0.784909 -0.611365 
vn 0.100949 -0.781219 -0.61604 
vn 0.100705 -0.788366 -0.606908 
vn 0.10074 -0.785834 -0.610177 
vn 0.100818 -0.791743 -0.602477 
vn 0.100771 -0.790322 -0.604348 
vn 0.10112 -0.795037 -0.598073 
vn 0.101087 -0.79468 -0.598552 
vn -0.458362 -0.797023 -0.393266 
vn -0.460717 -0.796582 -0.391403 
vn -0.461896 -0.795037 -0.393152 
vn -0.462179 -0.79468 -0.39354 
vn -0.464496 -0.791743 -0.39672 
vn -0.465663 -0.790322 -0.398183 
vn -0.467257 -0.788366 -0.400187 
vn -0.470158 -0.784909 -0.403571 
vn -0.469386 -0.785834 -0.402668 
vn -0.473182 -0.781371 -0.406889 
vn -0.473314 -0.781219 -0.407025 
vn -0.476318 -0.777751 -0.410151 
vn -0.47744 -0.776475 -0.411263 
vn -0.479555 -0.77405 -0.413368 
vn -0.482886 -0.770266 -0.416548 
vn -0.481711 -0.771607 -0.415423 
vn -0.486304 -0.766396 -0.419697 
vn -0.489804 -0.76244 -0.422821 
vn -0.486113 -0.766614 -0.419521 
vn -0.490649 -0.76149 -0.423552 
vn -0.493383 -0.758394 -0.425925 
vn -0.497037 -0.754257 -0.429012 
vn -0.495296 -0.756237 -0.427537 
vn -0.500765 -0.750025 -0.432085 
vn -0.500042 -0.750851 -0.431486 
vn -0.504564 -0.745696 -0.435147 
vn -0.504886 -0.74533 -0.4354 
vn -0.508432 -0.741267 -0.438201 
vn -0.509829 -0.739668 -0.439278 
vn -0.51237 -0.736734 -0.441248 
vn -0.515317 -0.733329 -0.443483 
vn -0.514856 -0.733865 -0.443132 
vn -0.516375 -0.732095 -0.444291 
vn -0.51814 -0.73004 -0.445614 
vn -0.519965 -0.727915 -0.446963 
vn -0.521998 -0.725528 -0.448473 
vn -0.52591 -0.720919 -0.451326 
vn -0.525154 -0.721816 -0.450772 
vn -0.529876 -0.71621 -0.454174 
vn -0.530422 -0.715562 -0.454558 
vn -0.533896 -0.7114 -0.457018 
vn -0.53797 -0.706484 -0.459857 
vn -0.535771 -0.709149 -0.45832 
vn -0.542097 -0.70146 -0.462693 
vn -0.541188 -0.702575 -0.462065 
vn -0.546278 -0.696324 -0.465525 
vn -0.546676 -0.695834 -0.46579 
vn -0.550513 -0.691073 -0.468353 
vn -0.552241 -0.688921 -0.469487 
vn -0.554801 -0.685703 -0.471177 
vn -0.559142 -0.680212 -0.473996 
vn -0.56101 -0.677839 -0.475187 
vn -0.55787 -0.681832 -0.473166 
vn -0.563538 -0.674594 -0.47681 
vn -0.563561 -0.674564 -0.476825 
vn -0.567987 -0.668847 -0.479618 
vn -0.569329 -0.667108 -0.480449 
vn -0.572491 -0.662967 -0.48242 
vn -0.577048 -0.656949 -0.485215 
vn -0.575156 -0.659463 -0.484049 
vn -0.58166 -0.650789 -0.488001 
vn -0.581041 -0.651624 -0.487624 
vn -0.586326 -0.644483 -0.490778 
vn -0.58699 -0.643584 -0.491164 
vn -0.591047 -0.638027 -0.493543 
vn -0.593001 -0.635339 -0.494666 
vn -0.595821 -0.631416 -0.496297 
vn -0.60065 -0.624645 -0.499037 
vn -0.602386 -0.622191 -0.50001 
vn -0.599066 -0.626884 -0.498133 
vn -0.602512 -0.622012 -0.500081 
vn -0.605186 -0.618213 -0.501559 
vn -0.607006 -0.615601 -0.502573 
vn -0.611538 -0.609056 -0.505046 
vn -0.616108 -0.602375 -0.507498 
vn -0.611355 -0.609324 -0.504945 
vn -0.617584 -0.600207 -0.508273 
vn -0.620715 -0.595555 -0.509928 
vn -0.625359 -0.588592 -0.512333 
vn -0.623858 -0.59086 -0.511552 
vn -0.630039 -0.581483 -0.514712 
vn -0.630173 -0.581279 -0.514778 
vn -0.634753 -0.574225 -0.517062 
vn -0.639503 -0.566814 -0.519382 
vn -0.640222 -0.565687 -0.519724 
vn -0.636542 -0.571455 -0.517932 
vn -0.644286 -0.559247 -0.521669 
vn -0.642946 -0.561386 -0.521025 
vn -0.649102 -0.55152 -0.52392 
vn -0.649383 -0.551067 -0.524048 
vn -0.65395 -0.543629 -0.526134 
vn -0.655866 -0.540489 -0.526983 
vn -0.658829 -0.535572 -0.528306 
vn -0.663737 -0.527344 -0.530435 
vn -0.662373 -0.529652 -0.52984 
vn -0.668674 -0.518942 -0.532517 
vn -0.673638 -0.510362 -0.534549 
vn -0.67462 -0.508657 -0.534936 
vn -0.668903 -0.51855 -0.53261 
vn -0.675469 -0.507174 -0.535271 
vn -0.678628 -0.5016 -0.536528 
vn -0.683642 -0.492653 -0.538449 
vn -0.682048 -0.495525 -0.537835 
vn -0.688678 -0.483516 -0.540309 
vn -0.693736 -0.474187 -0.542105 
vn -0.688634 -0.483598 -0.540293 
vn -0.695247 -0.471381 -0.542615 
vn -0.698812 -0.464661 -0.543831 
vn -0.703905 -0.454934 -0.545484 
vn -0.705583 -0.451707 -0.545998 
vn -0.701859 -0.458878 -0.544816 
vn -0.709014 -0.445002 -0.547058 
vn -0.708464 -0.446085 -0.546888 
vn -0.714135 -0.434862 -0.54855 
vn -0.715074 -0.432993 -0.548805 
vn -0.719266 -0.424509 -0.549953 
vn -0.721673 -0.419601 -0.550567 
vn -0.723878 -0.415033 -0.551133 
vn -0.73377 -0.39224 -0.554734 
vn -0.733042 -0.395701 -0.553236 
vn -0.728471 -0.40543 -0.552228 
vn -0.728246 -0.405908 -0.552174 
vn -0.733127 -0.395674 -0.553143 
vn 0.101341 -0.796582 -0.595975 
vn 0.157617 -0.561386 -0.812406 
vn 0.173374 -0.507174 -0.844225 
vn 0.191183 -0.446085 -0.874332 
vn -0.738293 -0.365998 -0.566541 
vn 0.968785 0.211309 0.129627 
vn 0.949792 -0.177742 -0.257494 
vn 0.144544 -0.906308 0.397131 
usemtl 0.647059_0.647059_0.647059_0.000000_0.000000
o mesh0
f 1//1 2//1 3//1 
o mesh1
f 4//2 3//2 2//2 
f 4//2 5//2 6//2 
f 7//2 6//2 8//2 
f 6//2 7//2 4//2 
f 2//2 5//2 4//2 
f 8//2 9//2 7//2 
f 2//2 10//2 5//2 
o mesh2
f 11//3 12//3 13//3 
f 12//3 11//3 14//3 
f 15//3 16//3 17//3 
f 16//3 15//3 18//3 
f 14//3 17//3 12//3 
f 19//3 20//3 21//3 
f 22//3 23//3 24//3 
f 23//3 22//3 25//3 
f 18//3 24//3 16//3 
f 21//3 13//3 19//3 
f 25//3 26//3 23//3 
f 13//3 21//3 11//3 
f 27//3 28//3 29//3 
f 28//3 27//3 30//3 
f 26//3 25//3 31//3 
f 17//3 14//3 15//3 
f 32//3 33//3 34//3 
f 33//3 32//3 35//3 
f 30//3 34//3 28//3 
f 24//3 18//3 22//3 
f 36//3 37//3 38//3 
f 37//3 36//3 39//3 
f 35//3 38//3 33//3 
f 31//3 29//3 26//3 
f 40//3 41//3 42//3 
f 39//3 43//3 37//3 
f 29//3 31//3 27//3 
f 42//3 44//3 40//3 
f 45//3 46//3 43//3 
f 34//3 30//3 32//3 
f 47//3 48//3 44//3 
f 48//3 47//3 49//3 
f 46//3 45//3 41//3 
f 38//3 35//3 36//3 
f 50//3 51//3 52//3 
f 53//3 54//3 55//3 
f 54//3 53//3 56//3 
f 49//3 55//3 48//3 
f 43//3 39//3 45//3 
f 57//3 58//3 59//3 
f 58//3 57//3 60//3 
f 51//3 61//3 52//3 
f 62//3 63//3 64//3 
f 63//3 62//3 65//3 
f 56//3 64//3 54//3 
f 40//3 46//3 41//3 
f 60//3 66//3 58//3 
f 67//3 68//3 69//3 
f 70//3 71//3 50//3 
f 68//3 67//3 71//3 
f 65//3 72//3 63//3 
f 44//3 42//3 47//3 
f 73//3 74//3 66//3 
f 69//3 59//3 67//3 
f 71//3 70//3 68//3 
f 75//3 76//3 77//3 
f 76//3 75//3 78//3 
f 72//3 65//3 79//3 
f 55//3 49//3 53//3 
f 80//3 81//3 82//3 
f 66//3 60//3 73//3 
f 52//3 70//3 50//3 
f 83//3 84//3 85//3 
f 84//3 83//3 61//3 
f 78//3 85//3 76//3 
f 64//3 56//3 62//3 
f 82//3 86//3 80//3 
f 59//3 69//3 57//3 
f 61//3 51//3 84//3 
f 79//3 77//3 72//3 
f 87//3 88//3 86//3 
f 88//3 87//3 89//3 
f 73//3 81//3 74//3 
f 77//3 79//3 75//3 
f 90//3 91//3 92//3 
f 91//3 90//3 93//3 
f 89//3 92//3 88//3 
f 85//3 78//3 83//3 
f 94//3 95//3 96//3 
f 93//3 96//3 91//3 
f 80//3 74//3 81//3 
f 97//3 98//3 99//3 
f 96//3 93//3 94//3 
f 86//3 82//3 87//3 
f 100//3 101//3 102//3 
f 101//3 100//3 103//3 
f 99//3 102//3 97//3 
f 92//3 89//3 90//3 
f 104//3 105//3 106//3 
f 105//3 104//3 107//3 
f 103//3 106//3 101//3 
f 94//3 98//3 95//3 
f 108//3 109//3 110//3 
f 111//3 109//3 112//3 
f 107//3 112//3 105//3 
f 97//3 95//3 98//3 
f 113//3 114//3 108//3 
f 115//3 116//3 114//3 
f 112//3 107//3 111//3 
f 102//3 99//3 100//3 
f 117//3 118//3 116//3 
f 118//3 117//3 119//3 
f 114//3 113//3 115//3 
f 106//3 103//3 104//3 
f 120//3 121//3 122//3 
f 123//3 124//3 125//3 
f 124//3 123//3 126//3 
f 119//3 125//3 118//3 
f 111//3 110//3 109//3 
f 122//3 127//3 120//3 
f 121//3 120//3 128//3 
f 129//3 130//3 127//3 
f 131//3 132//3 133//3 
f 132//3 131//3 134//3 
f 126//3 133//3 124//3 
f 110//3 113//3 108//3 
f 128//3 135//3 121//3 
f 129//3 136//3 130//3 
f 137//3 138//3 139//3 
f 138//3 137//3 136//3 
f 140//3 141//3 142//3 
f 134//3 143//3 132//3 
f 116//3 115//3 117//3 
f 144//3 145//3 146//3 
f 127//3 147//3 129//3 
f 136//3 129//3 138//3 
f 142//3 148//3 140//3 
f 149//3 150//3 143//3 
f 125//3 119//3 123//3 
f 146//3 151//3 144//3 
f 152//3 153//3 135//3 
f 139//3 154//3 137//3 
f 155//3 156//3 148//3 
f 156//3 155//3 157//3 
f 150//3 149//3 141//3 
f 133//3 126//3 131//3 
f 158//3 159//3 151//3 
f 159//3 158//3 160//3 
f 153//3 152//3 145//3 
f 122//3 147//3 127//3 
f 161//3 162//3 163//3 
f 162//3 161//3 154//3 
f 157//3 163//3 156//3 
f 143//3 134//3 149//3 
f 160//3 164//3 159//3 
f 135//3 128//3 152//3 
f 154//3 139//3 162//3 
f 140//3 150//3 141//3 
f 165//3 166//3 164//3 
f 166//3 165//3 167//3 
f 144//3 153//3 145//3 
f 148//3 142//3 155//3 
f 167//3 168//3 166//3 
f 163//3 157//3 161//3 
f 169//3 170//3 171//3 
f 170//3 169//3 172//3 
f 168//3 167//3 173//3 
f 151//3 146//3 158//3 
f 174//3 175//3 176//3 
f 177//3 178//3 179//3 
f 178//3 177//3 180//3 
f 172//3 179//3 170//3 
f 164//3 160//3 165//3 
f 181//3 180//3 182//3 
f 176//3 182//3 174//3 
f 180//3 181//3 178//3 
f 173//3 171//3 168//3 
f 183//3 184//3 185//3 
f 174//3 184//3 175//3 
f 171//3 173//3 169//3 
f 186//3 187//3 188//3 
f 187//3 186//3 189//3 
f 185//3 188//3 183//3 
f 179//3 172//3 177//3 
f 190//3 191//3 192//3 
f 191//3 190//3 193//3 
f 189//3 192//3 187//3 
f 182//3 176//3 181//3 
f 194//3 195//3 196//3 
f 195//3 194//3 197//3 
f 193//3 196//3 191//3 
f 183//3 175//3 184//3 
f 197//3 198//3 195//3 
f 188//3 185//3 186//3 
f 199//3 200//3 201//3 
f 202//3 200//3 203//3 
f 204//3 205//3 206//3 
f 205//3 204//3 207//3 
f 198//3 197//3 208//3 
f 192//3 189//3 190//3 
f 209//3 207//3 199//3 
f 203//3 210//3 202//3 
f 207//3 209//3 205//3 
f 196//3 193//3 194//3 
f 211//3 212//3 210//3 
f 212//3 211//3 213//3 
f 202//3 201//3 200//3 
f 208//3 206//3 198//3 
f 214//3 215//3 216//3 
f 213//3 217//3 212//3 
f 206//3 208//3 204//3 
f 216//3 218//3 214//3 
f 219//3 220//3 217//3 
f 201//3 209//3 199//3 
f 1//3 221//3 10//3 
f 222//3 223//3 218//3 
f 223//3 222//3 224//3 
f 220//3 219//3 215//3 
f 210//3 203//3 211//3 
f 221//3 225//3 10//3 
f 226//3 227//3 228//3 
f 227//3 226//3 229//3 
f 230//3 231//3 232//3 
f 231//3 230//3 233//3 
f 224//3 232//3 223//3 
f 217//3 213//3 219//3 
f 10//3 2//3 1//3 
f 234//3 235//3 236//3 
f 229//3 236//3 227//3 
f 237//3 238//3 239//3 
f 240//3 233//3 241//3 
f 242//3 243//3 244//3 
f 233//3 240//3 231//3 
f 214//3 220//3 215//3 
f 235//3 234//3 225//3 
f 228//3 245//3 226//3 
f 246//3 247//3 248//3 
f 247//3 246//3 245//3 
f 239//3 248//3 237//3 
f 244//3 241//3 242//3 
f 218//3 216//3 222//3 
f 236//3 229//3 234//3 
f 245//3 228//3 247//3 
f 243//3 242//3 238//3 
f 232//3 224//3 230//3 
f 248//3 239//3 246//3 
f 241//3 244//3 240//3 
f 237//3 243//3 238//3 
f 221//3 235//3 225//3 
o mesh3
f 249//4 250//4 251//4 
f 252//4 253//4 250//4 
f 254//4 255//4 256//4 
f 257//4 258//4 255//4 
f 259//4 260//4 258//4 
f 261//4 262//4 260//4 
f 263//4 264//4 265//4 
f 266//4 267//4 264//4 
f 250//4 249//4 252//4 
f 268//4 269//4 253//4 
f 270//4 271//4 269//4 
f 272//4 256//4 271//4 
f 255//4 254//4 257//4 
f 260//4 259//4 261//4 
f 273//4 265//4 262//4 
f 264//4 263//4 266//4 
f 253//4 252//4 268//4 
f 271//4 270//4 272//4 
f 258//4 257//4 259//4 
f 265//4 273//4 263//4 
f 274//4 275//4 267//4 
f 276//4 277//4 275//4 
f 278//4 279//4 280//4 
f 281//4 282//4 279//4 
f 269//4 268//4 270//4 
f 262//4 261//4 273//4 
f 275//4 274//4 276//4 
f 283//4 284//4 277//4 
f 285//4 286//4 284//4 
f 287//4 288//4 286//4 
f 289//4 280//4 288//4 
f 279//4 278//4 281//4 
f 290//4 291//4 292//4 
f 291//4 290//4 293//4 
f 294//4 20//4 19//4 
f 295//4 296//4 294//4 
f 256//4 272//4 254//4 
f 277//4 276//4 283//4 
f 286//4 285//4 287//4 
f 280//4 289//4 278//4 
f 297//4 298//4 282//4 
f 299//4 300//4 298//4 
f 301//4 292//4 300//4 
f 293//4 302//4 291//4 
f 294//4 303//4 295//4 
f 304//4 305//4 296//4 
f 306//4 307//4 305//4 
f 308//4 251//4 307//4 
f 267//4 266//4 274//4 
f 288//4 287//4 289//4 
f 298//4 297//4 299//4 
f 292//4 301//4 290//4 
f 296//4 295//4 304//4 
f 307//4 306//4 308//4 
f 284//4 283//4 285//4 
f 300//4 299//4 301//4 
f 305//4 304//4 306//4 
f 282//4 281//4 297//4 
f 251//4 308//4 249//4 
f 19//4 303//4 294//4 
o mesh4
f 8//5 6//6 472//7 
f 309//8 472//7 473//9 
f 310//10 473//9 474//11 
f 311//12 474//11 475//13 
f 312//14 475//13 476//15 
f 313//16 476//15 477//17 
f 314//18 315//19 477//17 
f 314//18 478//20 479//21 
f 316//22 317//23 479//21 
f 316//22 480//24 481//25 
f 318//26 481//25 482//27 
f 319//28 482//27 483//29 
f 320//30 483//29 484//31 
f 321//32 322//33 484//31 
f 321//32 485//34 486//35 
f 323//36 486//35 487//37 
f 324//38 487//37 488//39 
f 325//40 488//39 489//41 
f 326//42 489//41 490//43 
f 327//44 328//45 490//43 
f 327//44 491//46 492//47 
f 329//48 492//47 493//49 
f 330//50 493//49 494//51 
f 331//52 494//51 495//53 
f 332//54 495//53 496//55 
f 333//56 496//55 497//57 
f 334//58 335//59 497//57 
f 334//58 498//60 499//61 
f 336//62 337//63 499//61 
f 336//62 500//64 501//65 
f 338//66 501//65 502//67 
f 339//68 340//69 502//67 
f 339//68 503//70 504//71 
f 341//72 504//71 505//73 
f 342//74 505//73 506//75 
f 343//76 506//75 507//77 
f 344//78 507//77 508//79 
f 345//80 508//79 509//81 
f 346//82 509//81 510//83 
f 347//84 510//83 511//85 
f 348//86 511//85 512//87 
f 349//88 512//87 350//89 
f 472//7 6//6 5//90 
f 473//9 472//7 513//91 
f 474//11 473//9 514//92 
f 475//13 474//11 515//93 
f 476//15 475//13 516//94 
f 477//17 476//15 517//95 
f 478//20 477//17 518//96 
f 479//21 478//20 519//97 
f 480//24 479//21 520//98 
f 481//25 480//24 521//99 
f 482//27 481//25 522//100 
f 483//29 482//27 523//101 
f 484//31 483//29 524//102 
f 485//34 484//31 525//103 
f 486//35 485//34 526//104 
f 487//37 486//35 527//105 
f 488//39 487//37 528//106 
f 489//41 488//39 529//107 
f 490//43 489//41 530//108 
f 491//46 490//43 531//109 
f 492//47 491//46 532//110 
f 493//49 492//47 533//111 
f 494//51 493//49 534//112 
f 495//53 494//51 535//113 
f 496//55 495//53 536//114 
f 497//57 496//55 537//115 
f 498//60 497//57 538//116 
f 499//61 498//60 539//117 
f 500//64 499//61 540//118 
f 501//65 500//64 541//119 
f 502//67 501//65 542//120 
f 503//70 502//67 543//121 
f 504//71 503//70 544//122 
f 505//73 504//71 545//123 
f 506//75 505//73 546//124 
f 507//77 506//75 547//125 
f 508//79 507//77 548//126 
f 509//81 508//79 549//127 
f 510//83 509//81 550//128 
f 511//85 510//83 551//129 
f 512//87 511//85 552//130 
f 512//87 553//131 351//132 
f 514//92 513//91 554//133 
f 515//93 514//92 555//134 
f 516//94 515//93 556//135 
f 517//95 516//94 557//136 
f 518//96 517//95 558//137 
f 519//97 518//96 559//138 
f 520//98 519//97 560//139 
f 521//99 520//98 561//140 
f 522//100 521//99 562//141 
f 523//101 522//100 563//142 
f 524//102 523//101 564//143 
f 525//103 524//102 565//144 
f 526//104 525//103 566//145 
f 527//105 526//104 567//146 
f 528//106 527//105 568//147 
f 529//107 528//106 569//148 
f 530//108 529//107 570//149 
f 531//109 530//108 571//150 
f 532//110 531//109 572//151 
f 533//111 532//110 573//152 
f 534//112 533//111 574//153 
f 535//113 534//112 575//154 
f 536//114 535//113 576//155 
f 537//115 536//114 577//156 
f 538//116 537//115 578//157 
f 539//117 538//116 579//158 
f 540//118 539//117 580//159 
f 541//119 540//118 581//160 
f 542//120 541//119 582//161 
f 543//121 542//120 583//162 
f 544//122 543//121 584//163 
f 545//123 544//122 585//164 
f 546//124 545//123 586//165 
f 547//125 546//124 587//166 
f 548//126 547//125 588//167 
f 549//127 548//126 589//168 
f 550//128 549//127 590//169 
f 551//129 550//128 591//170 
f 552//130 551//129 592//171 
f 553//131 552//130 593//172 
f 555//134 554//133 594//173 
f 556//135 555//134 595//174 
f 557//136 556//135 596//175 
f 558//137 557//136 597//176 
f 559//138 558//137 598//177 
f 560//139 559//138 599//178 
f 561//140 560//139 600//179 
f 562//141 561//140 601//180 
f 563//142 562//141 602//181 
f 564//143 563//142 603//182 
f 565//144 564//143 604//183 
f 566//145 565//144 605//184 
f 567//146 566//145 606//185 
f 568//147 567//146 607//186 
f 569//148 568//147 608//187 
f 570//149 569//148 609//188 
f 571//150 570//149 610//189 
f 572//151 571//150 611//190 
f 573//152 572//151 612//191 
f 574//153 573//152 613//192 
f 575//154 574//153 614//193 
f 576//155 575//154 615//194 
f 577//156 576//155 616//195 
f 578//157 577//156 617//196 
f 579//158 578//157 618//197 
f 580//159 579//158 619//198 
f 581//160 580//159 620//199 
f 582//161 581//160 621//200 
f 583//162 582//161 622//201 
f 584//163 583//162 623//202 
f 585//164 584//163 624//203 
f 586//165 585//164 625//204 
f 587//166 586//165 626//205 
f 588//167 587//166 627//206 
f 589//168 588//167 628//207 
f 590//169 589//168 629//208 
f 591//170 590//169 630//209 
f 592//171 591//170 631//210 
f 593//172 592//171 632//211 
f 633//212 593//172 634//213 
f 595//174 594//173 635//214 
f 596//175 595//174 636//215 
f 597//176 596//175 637//216 
f 598//177 597//176 638//217 
f 599//178 598//177 639//218 
f 600//179 599//178 640//219 
f 601//180 600//179 641//220 
f 602//181 601//180 642//221 
f 603//182 602//181 643//222 
f 604//183 603//182 644//223 
f 605//184 604//183 645//224 
f 606//185 605//184 646//225 
f 607//186 606//185 647//226 
f 608//187 607//186 648//227 
f 609//188 608//187 649//228 
f 610//189 609//188 650//229 
f 611//190 610//189 651//230 
f 612//191 611//190 652//231 
f 613//192 612//191 653//232 
f 614//193 613//192 654//233 
f 615//194 614//193 655//234 
f 616//195 615//194 656//235 
f 617//196 616//195 657//236 
f 618//197 617//196 658//237 
f 619//198 618//197 659//238 
f 620//199 619//198 660//239 
f 621//200 620//199 661//240 
f 622//201 621//200 662//241 
f 623//202 622//201 663//242 
f 624//203 623//202 664//243 
f 625//204 624//203 665//244 
f 626//205 625//204 666//245 
f 627//206 626//205 667//246 
f 628//207 627//206 668//247 
f 629//208 628//207 669//248 
f 630//209 629//208 670//249 
f 631//210 630//209 671//250 
f 632//211 631//210 672//251 
f 634//213 632//211 673//252 
f 674//253 634//213 675//254 
f 636//215 635//214 676//255 
f 637//216 636//215 677//256 
f 638//217 637//216 678//257 
f 639//218 638//217 679//258 
f 640//219 639//218 680//259 
f 641//220 640//219 681//260 
f 642//221 641//220 682//261 
f 643//222 642//221 683//262 
f 644//223 643//222 684//263 
f 645//224 644//223 685//264 
f 646//225 645//224 686//265 
f 647//226 646//225 687//266 
f 648//227 647//226 688//267 
f 649//228 648//227 689//268 
f 650//229 649//228 690//269 
f 651//230 650//229 691//270 
f 652//231 651//230 692//271 
f 653//232 652//231 693//272 
f 654//233 653//232 694//273 
f 655//234 654//233 695//274 
f 656//235 655//234 696//275 
f 657//236 656//235 697//276 
f 658//237 657//236 698//277 
f 659//238 658//237 699//278 
f 660//239 659//238 700//279 
f 661//240 660//239 701//280 
f 662//241 661//240 702//281 
f 663//242 662//241 703//282 
f 664//243 663//242 704//283 
f 665//244 664//243 705//284 
f 666//245 665//244 706//285 
f 667//246 666//245 707//286 
f 668//247 667//246 708//287 
f 669//248 668//247 709//288 
f 670//249 669//248 710//289 
f 671//250 670//249 711//290 
f 672//251 671//250 712//291 
f 673//252 672//251 713//292 
f 675//254 673//252 714//293 
f 715//294 675//254 716//295 
f 678//257 677//256 717//296 
f 679//258 678//257 718//297 
f 680//259 679//258 719//298 
f 681//260 680//259 720//299 
f 682//261 681//260 721//300 
f 683//262 682//261 722//301 
f 684//263 683//262 723//302 
f 685//264 684//263 724//303 
f 686//265 685//264 725//304 
f 687//266 686//265 726//305 
f 688//267 687//266 727//306 
f 689//268 688//267 728//307 
f 690//269 689//268 729//308 
f 691//270 690//269 730//309 
f 692//271 691//270 731//310 
f 693//272 692//271 732//311 
f 694//273 693//272 733//312 
f 695//274 694//273 734//313 
f 696//275 695//274 735//314 
f 697//276 696//275 736//315 
f 698//277 697//276 737//316 
f 699//278 698//277 738//317 
f 700//279 699//278 739//318 
f 701//280 700//279 740//319 
f 702//281 701//280 741//320 
f 703//282 702//281 742//321 
f 704//283 703//282 743//322 
f 705//284 704//283 744//323 
f 706//285 705//284 745//324 
f 707//286 706//285 746//325 
f 708//287 707//286 747//326 
f 709//288 708//287 748//327 
f 710//289 709//288 749//328 
f 711//290 710//289 750//329 
f 712//291 711//290 751//330 
f 713//292 712//291 752//331 
f 714//293 713//292 753//332 
f 716//295 714//293 754//333 
f 718//297 717//296 755//334 
f 719//298 718//297 756//335 
f 720//299 719//298 757//336 
f 721//300 720//299 758//337 
f 722//301 721//300 759//338 
f 723//302 722//301 760//339 
f 724//303 723//302 761//340 
f 725//304 724//303 762//341 
f 726//305 725//304 763//342 
f 727//306 726//305 764//343 
f 728//307 727//306 765//344 
f 729//308 728//307 766//345 
f 730//309 729//308 767//346 
f 731//310 730//309 768//347 
f 732//311 731//310 769//348 
f 733//312 732//311 770//349 
f 734//313 733//312 771//350 
f 735//314 734//313 772//351 
f 736//315 735//314 773//352 
f 737//316 736//315 774//353 
f 738//317 737//316 775//354 
f 739//318 738//317 776//355 
f 740//319 739//318 777//356 
f 741//320 740//319 778//357 
f 742//321 741//320 779//358 
f 743//322 742//321 780//359 
f 744//323 743//322 781//360 
f 745//324 744//323 782//361 
f 746//325 745//324 783//362 
f 747//326 746//325 784//363 
f 748//327 747//326 785//364 
f 749//328 748//327 786//365 
f 750//329 749//328 787//366 
f 751//330 750//329 788//367 
f 752//331 751//330 789//368 
f 753//332 752//331 790//369 
f 754//333 753//332 791//370 
f 792//371 754//333 793//372 
f 756//335 755//334 794//373 
f 757//336 756//335 795//374 
f 758//337 757//336 796//375 
f 759//338 758//337 797//376 
f 760//339 759//338 798//377 
f 761//340 760//339 799//378 
f 762//341 761//340 800//379 
f 763//342 762//341 801//380 
f 764//343 763//342 802//381 
f 765//344 764//343 803//382 
f 766//345 765//344 804//383 
f 767//346 766//345 805//384 
f 768//347 767//346 806//385 
f 769//348 768//347 807//386 
f 770//349 769//348 808//387 
f 771//350 770//349 809//388 
f 772//351 771//350 810//389 
f 773//352 772//351 811//390 
f 774//353 773//352 812//391 
f 775//354 774//353 813//392 
f 776//355 775//354 814//393 
f 777//356 776//355 815//394 
f 778//357 777//356 816//395 
f 779//358 778//357 817//396 
f 780//359 779//358 818//397 
f 781//360 780//359 819//398 
f 782//361 781//360 820//399 
f 783//362 782//361 821//400 
f 784//363 783//362 822//401 
f 785//364 784//363 823//402 
f 786//365 785//364 824//403 
f 787//366 786//365 825//404 
f 788//367 787//366 826//405 
f 789//368 788//367 827//406 
f 790//369 789//368 828//407 
f 791//370 790//369 829//408 
f 793//372 791//370 830//409 
f 831//410 793//372 832//411 
f 795//374 794//373 833//412 
f 796//375 795//374 834//413 
f 797//376 796//375 835//414 
f 798//377 797//376 836//415 
f 799//378 798//377 837//416 
f 800//379 799//378 838//417 
f 801//380 800//379 839//418 
f 802//381 801//380 840//419 
f 803//382 802//381 841//420 
f 804//383 803//382 842//421 
f 805//384 804//383 843//422 
f 806//385 805//384 844//423 
f 807//386 806//385 845//424 
f 808//387 807//386 846//425 
f 809//388 808//387 847//426 
f 810//389 809//388 848//427 
f 811//390 810//389 849//428 
f 812//391 811//390 850//429 
f 813//392 812//391 851//430 
f 814//393 813//392 852//431 
f 815//394 814//393 853//432 
f 816//395 815//394 854//433 
f 817//396 816//395 855//434 
f 818//397 817//396 856//435 
f 819//398 818//397 857//436 
f 820//399 819//398 858//437 
f 821//400 820//399 859//438 
f 822//401 821//400 860//439 
f 823//402 822//401 861//440 
f 824//403 823//402 862//441 
f 825//404 824//403 863//442 
f 826//405 825//404 864//443 
f 827//406 826//405 865//444 
f 828//407 827//406 866//445 
f 829//408 828//407 867//446 
f 830//409 829//408 868//447 
f 832//411 830//409 869//448 
f 870//449 832//411 871//450 
f 834//413 833//412 872//451 
f 835//414 834//413 873//452 
f 836//415 835//414 874//453 
f 837//416 836//415 875//454 
f 838//417 837//416 876//455 
f 839//418 838//417 877//456 
f 840//419 839//418 878//457 
f 841//420 840//419 879//458 
f 842//421 841//420 880//459 
f 843//422 842//421 881//460 
f 844//423 843//422 882//461 
f 845//424 844//423 883//462 
f 846//425 845//424 884//463 
f 847//426 846//425 885//464 
f 848//427 847//426 886//465 
f 849//428 848//427 887//466 
f 850//429 849//428 888//467 
f 851//430 850//429 889//468 
f 852//431 851//430 890//469 
f 853//432 852//431 891//470 
f 854//433 853//432 892//471 
f 855//434 854//433 893//472 
f 856//435 855//434 894//473 
f 857//436 856//435 895//474 
f 858//437 857//436 896//475 
f 859//438 858//437 897//476 
f 860//439 859//438 898//477 
f 861//440 860//439 899//478 
f 862//441 861//440 900//479 
f 863//442 862//441 901//480 
f 864//443 863//442 902//481 
f 865//444 864//443 903//482 
f 866//445 865//444 904//483 
f 867//446 866//445 905//484 
f 868//447 867//446 906//485 
f 869//448 868//447 907//486 
f 871//450 869//448 908//487 
f 909//488 871//450 910//489 
f 874//453 873//452 911//490 
f 875//454 874//453 912//491 
f 876//455 875//454 913//492 
f 877//456 876//455 914//493 
f 878//457 877//456 915//494 
f 879//458 878//457 916//495 
f 880//459 879//458 917//496 
f 881//460 880//459 918//497 
f 882//461 881//460 919//498 
f 883//462 882//461 920//499 
f 884//463 883//462 921//500 
f 885//464 884//463 922//501 
f 886//465 885//464 923//502 
f 887//466 886//465 924//503 
f 888//467 887//466 925//504 
f 889//468 888//467 926//505 
f 890//469 889//468 927//506 
f 891//470 890//469 928//507 
f 892//471 891//470 929//508 
f 893//472 892//471 930//509 
f 894//473 893//472 931//510 
f 895//474 894//473 932//511 
f 896//475 895//474 933//512 
f 897//476 896//475 934//513 
f 898//477 897//476 935//514 
f 899//478 898//477 936//515 
f 900//479 899//478 937//516 
f 901//480 900//479 938//517 
f 902//481 901//480 939//518 
f 903//482 902//481 940//519 
f 904//483 903//482 941//520 
f 905//484 904//483 942//521 
f 906//485 905//484 943//522 
f 907//486 906//485 944//523 
f 908//487 907//486 945//524 
f 910//489 908//487 946//525 
f 912//491 911//490 947//526 
f 913//492 912//491 948//527 
f 914//493 913//492 949//528 
f 915//494 914//493 950//529 
f 916//495 915//494 951//530 
f 917//496 916//495 952//531 
f 918//497 917//496 953//532 
f 919//498 918//497 954//533 
f 920//499 919//498 955//534 
f 921//500 920//499 956//535 
f 922//501 921//500 957//536 
f 923//502 922//501 958//537 
f 924//503 923//502 959//538 
f 925//504 924//503 960//539 
f 926//505 925//504 961//540 
f 927//506 926//505 962//541 
f 928//507 927//506 963//542 
f 929//508 928//507 964//543 
f 930//509 929//508 965//544 
f 931//510 930//509 966//545 
f 932//511 931//510 967//546 
f 933//512 932//511 968//547 
f 934//513 933//512 969//548 
f 935//514 934//513 970//549 
f 936//515 935//514 971//550 
f 937//516 936//515 972//551 
f 938//517 937//516 973//552 
f 939//518 938//517 974//553 
f 940//519 939//518 975//554 
f 941//520 940//519 976//555 
f 942//521 941//520 977//556 
f 943//522 942//521 978//557 
f 944//523 943//522 979//558 
f 945//524 944//523 980//559 
f 946//525 945//524 981//560 
f 982//561 946//525 983//562 
f 948//527 947//526 984//563 
f 949//528 948//527 985//564 
f 950//529 949//528 986//565 
f 951//530 950//529 987//566 
f 952//531 951//530 988//567 
f 953//532 952//531 989//568 
f 954//533 953//532 990//569 
f 955//534 954//533 991//570 
f 956//535 955//534 992//571 
f 957//536 956//535 993//572 
f 958//537 957//536 994//573 
f 959//538 958//537 995//574 
f 960//539 959//538 996//575 
f 961//540 960//539 997//576 
f 962//541 961//540 998//577 
f 963//542 962//541 999//578 
f 964//543 963//542 1000//579 
f 965//544 964//543 1001//580 
f 966//545 965//544 1002//581 
f 967//546 966//545 1003//582 
f 968//547 967//546 1004//583 
f 969//548 968//547 1005//584 
f 970//549 969//548 1006//585 
f 971//550 970//549 1007//586 
f 972//551 971//550 1008//587 
f 973//552 972//551 1009//588 
f 974//553 973//552 1010//589 
f 975//554 974//553 1011//590 
f 976//555 975//554 1012//591 
f 977//556 976//555 1013//592 
f 978//557 977//556 1014//593 
f 979//558 978//557 1015//594 
f 980//559 979//558 1016//595 
f 981//560 980//559 1017//596 
f 983//562 981//560 1018//597 
f 1019//598 983//562 1020//599 
f 985//564 984//563 1021//600 
f 986//565 985//564 1022//601 
f 987//566 986//565 1023//602 
f 988//567 987//566 1024//603 
f 989//568 988//567 1025//604 
f 990//569 989//568 1026//605 
f 991//570 990//569 1027//606 
f 992//571 991//570 1028//607 
f 993//572 992//571 1029//608 
f 994//573 993//572 1030//609 
f 995//574 994//573 1031//610 
f 996//575 995//574 1032//611 
f 997//576 996//575 1033//612 
f 998//577 997//576 1034//613 
f 999//578 998//577 1035//614 
f 1000//579 999//578 1036//615 
f 1001//580 1000//579 1037//616 
f 1002//581 1001//580 1038//617 
f 1003//582 1002//581 1039//618 
f 1004//583 1003//582 1040//619 
f 1005//584 1004//583 1041//620 
f 1006//585 1005//584 1042//621 
f 1007//586 1006//585 1043//622 
f 1008//587 1007//586 1044//623 
f 1009//588 1008//587 1045//624 
f 1010//589 1009//588 1046//625 
f 1011//590 1010//589 1047//626 
f 1012//591 1011//590 1048//627 
f 1013//592 1012//591 1049//628 
f 1014//593 1013//592 1050//629 
f 1015//594 1014//593 1051//630 
f 1016//595 1015//594 1052//631 
f 1017//596 1016//595 1053//632 
f 1018//597 1017//596 1054//633 
f 1020//599 1018//597 1055//634 
f 1056//635 1020//599 1057//636 
f 1022//601 1021//600 1058//637 
f 1023//602 1022//601 1059//638 
f 1024//603 1023//602 1060//639 
f 1025//604 1024//603 1061//640 
f 1026//605 1025//604 1062//641 
f 1027//606 1026//605 1063//642 
f 1028//607 1027//606 1064//643 
f 1029//608 1028//607 1065//644 
f 1030//609 1029//608 1066//645 
f 1031//610 1030//609 1067//646 
f 1032//611 1031//610 1068//647 
f 1033//612 1032//611 1069//648 
f 1034//613 1033//612 1070//649 
f 1035//614 1034//613 1071//650 
f 1036//615 1035//614 1072//651 
f 1037//616 1036//615 1073//652 
f 1038//617 1037//616 1074//653 
f 1039//618 1038//617 1075//654 
f 1040//619 1039//618 1076//655 
f 1041//620 1040//619 1077//656 
f 1042//621 1041//620 1078//657 
f 1043//622 1042//621 1079//658 
f 1044//623 1043//622 1080//659 
f 1045//624 1044//623 1081//660 
f 1046//625 1045//624 1082//661 
f 1047//626 1046//625 1083//662 
f 1048//627 1047//626 1084//663 
f 1049//628 1048//627 1085//664 
f 1050//629 1049//628 1086//665 
f 1051//630 1050//629 1087//666 
f 1052//631 1051//630 1088//667 
f 1053//632 1052//631 1089//668 
f 1054//633 1053//632 1090//669 
f 1055//634 1054//633 1091//670 
f 1057//636 1055//634 1092//671 
f 1093//672 1057//636 1094//673 
f 1060//639 1059//638 1095//674 
f 1061//640 1060//639 1096//675 
f 1062//641 1061//640 1097//676 
f 1063//642 1062//641 1098//677 
f 1064//643 1063//642 1099//678 
f 1065//644 1064//643 1100//679 
f 1066//645 1065//644 1101//680 
f 1067//646 1066//645 1102//681 
f 1068//647 1067//646 1103//682 
f 1069//648 1068//647 1104//683 
f 1070//649 1069//648 1105//684 
f 1071//650 1070//649 1106//685 
f 1072//651 1071//650 1107//686 
f 1073//652 1072//651 1108//687 
f 1074//653 1073//652 1109//688 
f 1075//654 1074//653 1110//689 
f 1076//655 1075//654 1111//690 
f 1077//656 1076//655 1112//691 
f 1078//657 1077//656 1113//692 
f 1079//658 1078//657 1114//693 
f 1080//659 1079//658 1115//694 
f 1081//660 1080//659 1116//695 
f 1082//661 1081//660 1117//696 
f 1083//662 1082//661 1118//697 
f 1084//663 1083//662 1119//698 
f 1085//664 1084//663 1120//699 
f 1086//665 1085//664 1121//700 
f 1087//666 1086//665 1122//701 
f 1088//667 1087//666 1123//702 
f 1089//668 1088//667 1124//703 
f 1090//669 1089//668 1125//704 
f 1091//670 1090//669 1126//705 
f 1092//671 1091//670 1127//706 
f 1094//673 1092//671 1128//707 
f 1096//675 1095//674 1129//708 
f 1097//676 1096//675 1130//709 
f 1098//677 1097//676 1131//710 
f 1099//678 1098//677 1132//711 
f 1100//679 1099//678 1133//712 
f 1101//680 1100//679 1134//713 
f 1102//681 1101//680 1135//714 
f 1103//682 1102//681 1136//715 
f 1104//683 1103//682 1137//716 
f 1105//684 1104//683 1138//717 
f 1106//685 1105//684 1139//718 
f 1107//686 1106//685 1140//719 
f 1108//687 1107//686 1141//720 
f 1109//688 1108//687 1142//721 
f 1110//689 1109//688 1143//722 
f 1111//690 1110//689 1144//723 
f 1112//691 1111//690 1145//724 
f 1113//692 1112//691 1146//725 
f 1114//693 1113//692 1147//726 
f 1115//694 1114//693 1148//727 
f 1116//695 1115//694 1149//728 
f 1117//696 1116//695 1150//729 
f 1118//697 1117//696 1151//730 
f 1119//698 1118//697 1152//731 
f 1120//699 1119//698 1153//732 
f 1121//700 1120//699 1154//733 
f 1122//701 1121//700 1155//734 
f 1123//702 1122//701 1156//735 
f 1124//703 1123//702 1157//736 
f 1125//704 1124//703 1158//737 
f 1126//705 1125//704 1159//738 
f 1127//706 1126//705 1160//739 
f 1128//707 1127//706 1161//740 
f 1162//741 1128//707 1163//742 
f 1130//709 1129//708 1164//743 
f 1131//710 1130//709 1165//744 
f 1132//711 1131//710 1166//745 
f 1133//712 1132//711 1167//746 
f 1134//713 1133//712 1168//747 
f 1135//714 1134//713 1169//748 
f 1136//715 1135//714 1170//749 
f 1137//716 1136//715 1171//750 
f 1138//717 1137//716 1172//751 
f 1139//718 1138//717 1173//752 
f 1140//719 1139//718 1174//753 
f 1141//720 1140//719 1175//754 
f 1142//721 1141//720 1176//755 
f 1143//722 1142//721 1177//756 
f 1144//723 1143//722 1178//757 
f 1145//724 1144//723 1179//758 
f 1146//725 1145//724 1180//759 
f 1147//726 1146//725 1181//760 
f 1148//727 1147//726 1182//761 
f 1149//728 1148//727 1183//762 
f 1150//729 1149//728 1184//763 
f 1151//730 1150//729 1185//764 
f 1152//731 1151//730 1186//765 
f 1153//732 1152//731 1187//766 
f 1154//733 1153//732 1188//767 
f 1155//734 1154//733 1189//768 
f 1156//735 1155//734 1190//769 
f 1157//736 1156//735 1191//770 
f 1158//737 1157//736 1192//771 
f 1159//738 1158//737 1193//772 
f 1160//739 1159//738 1194//773 
f 1161//740 1160//739 1195//774 
f 1163//742 1161//740 1196//775 
f 1197//776 1163//742 1198//777 
f 1165//744 1164//743 1199//778 
f 1166//745 1165//744 1200//779 
f 1167//746 1166//745 1201//780 
f 1168//747 1167//746 1202//781 
f 1169//748 1168//747 1203//782 
f 1170//749 1169//748 1204//783 
f 1171//750 1170//749 1205//784 
f 1172//751 1171//750 1206//785 
f 1173//752 1172//751 1207//786 
f 1174//753 1173//752 1208//787 
f 1175//754 1174//753 1209//788 
f 1176//755 1175//754 1210//789 
f 1177//756 1176//755 1211//790 
f 1178//757 1177//756 1212//791 
f 1179//758 1178//757 1213//792 
f 1180//759 1179//758 1214//793 
f 1181//760 1180//759 1215//794 
f 1182//761 1181//760 1216//795 
f 1183//762 1182//761 1217//796 
f 1184//763 1183//762 1218//797 
f 1185//764 1184//763 1219//798 
f 1186//765 1185//764 1220//799 
f 1187//766 1186//765 1221//800 
f 1188//767 1187//766 1222//801 
f 1189//768 1188//767 1223//802 
f 1190//769 1189//768 1224//803 
f 1191//770 1190//769 1225//804 
f 1192//771 1191//770 1226//805 
f 1193//772 1192//771 1227//806 
f 1194//773 1193//772 1228//807 
f 1195//774 1194//773 1229//808 
f 1196//775 1195//774 1230//809 
f 1198//777 1196//775 1231//810 
f 1232//811 1198//777 1233//812 
f 1200//779 1199//778 1234//813 
f 1201//780 1200//779 1235//814 
f 1202//781 1201//780 1236//815 
f 1203//782 1202//781 1237//816 
f 1204//783 1203//782 1238//817 
f 1205//784 1204//783 1239//818 
f 1206//785 1205//784 1240//819 
f 1207//786 1206//785 1241//820 
f 1208//787 1207//786 1242//821 
f 1209//788 1208//787 1243//822 
f 1210//789 1209//788 1244//823 
f 1211//790 1210//789 1245//824 
f 1212//791 1211//790 1246//825 
f 1213//792 1212//791 1247//826 
f 1214//793 1213//792 1248//827 
f 1215//794 1214//793 1249//828 
f 1216//795 1215//794 1250//829 
f 1217//796 1216//795 1251//830 
f 1218//797 1217//796 1252//831 
f 1219//798 1218//797 1253//832 
f 1220//799 1219//798 1254//833 
f 1221//800 1220//799 1255//834 
f 1222//801 1221//800 1256//835 
f 1223//802 1222//801 1257//836 
f 1224//803 1223//802 1258//837 
f 1225//804 1224//803 1259//838 
f 1226//805 1225//804 1260//839 
f 1227//806 1226//805 1261//840 
f 1228//807 1227//806 1262//841 
f 1229//808 1228//807 1263//842 
f 1230//809 1229//808 1264//843 
f 1231//810 1230//809 1265//844 
f 1233//812 1231//810 1266//845 
f 1267//846 1233//812 1268//847 
f 1235//814 1234//813 1269//848 
f 1236//815 1235//814 1270//849 
f 1237//816 1236//815 1271//850 
f 1238//817 1237//816 1272//851 
f 1239//818 1238//817 1273//852 
f 1240//819 1239//818 1274//853 
f 1241//820 1240//819 1275//854 
f 1242//821 1241//820 1276//855 
f 1243//822 1242//821 1277//856 
f 1244//823 1243//822 1278//857 
f 1245//824 1244//823 1279//858 
f 1246//825 1245//824 1280//859 
f 1247//826 1246//825 1281//860 
f 1248//827 1247//826 1282//861 
f 1249//828 1248//827 1283//862 
f 1250//829 1249//828 1284//863 
f 1251//830 1250//829 1285//864 
f 1252//831 1251//830 1286//865 
f 1253//832 1252//831 1287//866 
f 1254//833 1253//832 1288//867 
f 1255//834 1254//833 1289//868 
f 1256//835 1255//834 1290//869 
f 1257//836 1256//835 1291//870 
f 1258//837 1257//836 1292//871 
f 1259//838 1258//837 1293//872 
f 1260//839 1259//838 1294//873 
f 1261//840 1260//839 1295//874 
f 1262//841 1261//840 1296//875 
f 1263//842 1262//841 1297//876 
f 1264//843 1263//842 1298//877 
f 1265//844 1264//843 1299//878 
f 1266//845 1265//844 1300//879 
f 1268//847 1266//845 1301//880 
f 1302//881 1268//847 1303//882 
f 1271//850 1270//849 1304//883 
f 1272//851 1271//850 1305//884 
f 1273//852 1272//851 1306//885 
f 1274//853 1273//852 1307//886 
f 1275//854 1274//853 1308//887 
f 1276//855 1275//854 1309//888 
f 1277//856 1276//855 1310//889 
f 1278//857 1277//856 1311//890 
f 1279//858 1278//857 1312//891 
f 1280//859 1279//858 1313//892 
f 1281//860 1280//859 1314//893 
f 1282//861 1281//860 1315//894 
f 1283//862 1282//861 1316//895 
f 1284//863 1283//862 1317//896 
f 1285//864 1284//863 1318//897 
f 1286//865 1285//864 1319//898 
f 1287//866 1286//865 1320//899 
f 1288//867 1287//866 1321//900 
f 1289//868 1288//867 1322//901 
f 1290//869 1289//868 1323//902 
f 1291//870 1290//869 1324//903 
f 1292//871 1291//870 1325//904 
f 1293//872 1292//871 1326//905 
f 1294//873 1293//872 1327//906 
f 1295//874 1294//873 1328//907 
f 1296//875 1295//874 1329//908 
f 1297//876 1296//875 1330//909 
f 1298//877 1297//876 1331//910 
f 1299//878 1298//877 1332//911 
f 1300//879 1299//878 1333//912 
f 1301//880 1300//879 1334//913 
f 1303//882 1301//880 1335//914 
f 1305//884 1304//883 1336//915 
f 1306//885 1305//884 1337//916 
f 1307//886 1306//885 1338//917 
f 1308//887 1307//886 1339//918 
f 1309//888 1308//887 1340//919 
f 1310//889 1309//888 1341//920 
f 1311//890 1310//889 1342//921 
f 1312//891 1311//890 1343//922 
f 1313//892 1312//891 1344//923 
f 1314//893 1313//892 1345//924 
f 1315//894 1314//893 1346//925 
f 1316//895 1315//894 1347//926 
f 1317//896 1316//895 1348//927 
f 1318//897 1317//896 1349//928 
f 1319//898 1318//897 1350//929 
f 1320//899 1319//898 1351//930 
f 1321//900 1320//899 1352//931 
f 1322//901 1321//900 1353//932 
f 1323//902 1322//901 1354//933 
f 1324//903 1323//902 1355//934 
f 1325//904 1324//903 1356//935 
f 1326//905 1325//904 1357//936 
f 1327//906 1326//905 1358//937 
f 1328//907 1327//906 1359//938 
f 1329//908 1328//907 1360//939 
f 1330//909 1329//908 1361//940 
f 1331//910 1330//909 1362//941 
f 1332//911 1331//910 1363//942 
f 1333//912 1332//911 1364//943 
f 1334//913 1333//912 1365//944 
f 1335//914 1334//913 1366//945 
f 1367//946 1335//914 1368//947 
f 1337//916 1336//915 1369//948 
f 1338//917 1337//916 1370//949 
f 1339//918 1338//917 1371//950 
f 1340//919 1339//918 1372//951 
f 1341//920 1340//919 1373//952 
f 1342//921 1341//920 1374//953 
f 1343//922 1342//921 1375//954 
f 1344//923 1343//922 1376//955 
f 1345//924 1344//923 1377//956 
f 1346//925 1345//924 1378//957 
f 1347//926 1346//925 1379//958 
f 1348//927 1347//926 1380//959 
f 1349//928 1348//927 1381//960 
f 1350//929 1349//928 1382//961 
f 1351//930 1350//929 1383//962 
f 1352//931 1351//930 1384//963 
f 1353//932 1352//931 1385//964 
f 1354//933 1353//932 1386//965 
f 1355//934 1354//933 1387//966 
f 1356//935 1355//934 1388//967 
f 1357//936 1356//935 1389//968 
f 1358//937 1357//936 1390//969 
f 1359//938 1358//937 1391//970 
f 1360//939 1359//938 1392//971 
f 1361//940 1360//939 1393//972 
f 1362//941 1361//940 1394//973 
f 1363//942 1362//941 1395//974 
f 1364//943 1363//942 1396//975 
f 1365//944 1364//943 1397//976 
f 1366//945 1365//944 1398//977 
f 1368//947 1366//945 1399//978 
f 1400//979 1368//947 1401//980 
f 1370//949 1369//948 1402//981 
f 1371//950 1370//949 1403//982 
f 1372//951 1371//950 1404//983 
f 1373//952 1372//951 1405//984 
f 1374//953 1373//952 1406//985 
f 1375//954 1374//953 1407//986 
f 1376//955 1375//954 1408//987 
f 1377//956 1376//955 1409//988 
f 1378//957 1377//956 1410//989 
f 1379//958 1378//957 1411//990 
f 1380//959 1379//958 1412//991 
f 1381//960 1380//959 1413//992 
f 1382//961 1381//960 1414//993 
f 1383//962 1382//961 1415//994 
f 1384//963 1383//962 1416//995 
f 1385//964 1384//963 1417//996 
f 1386//965 1385//964 1418//997 
f 1387//966 1386//965 1419//998 
f 1388//967 1387//966 1420//999 
f 1389//968 1388//967 1421//1000 
f 1390//969 1389//968 1422//1001 
f 1391//970 1390//969 1423//1002 
f 1392//971 1391//970 1424//1003 
f 1393//972 1392//971 1425//1004 
f 1394//973 1393//972 1426//1005 
f 1395//974 1394//973 1427//1006 
f 1396//975 1395//974 1428//1007 
f 1397//976 1396//975 1429//1008 
f 1398//977 1397//976 1430//1009 
f 1399//978 1398//977 1431//1010 
f 1401//980 1399//978 1432//1011 
f 1433//1012 1401//980 1434//1013 
f 1403//982 1402//981 1435//1014 
f 1404//983 1403//982 1436//1015 
f 1405//984 1404//983 1437//1016 
f 1406//985 1405//984 1438//1017 
f 1407//986 1406//985 1439//1018 
f 1408//987 1407//986 1440//1019 
f 1409//988 1408//987 1441//1020 
f 1410//989 1409//988 1442//1021 
f 1411//990 1410//989 1443//1022 
f 1412//991 1411//990 1444//1023 
f 1413//992 1412//991 1445//1024 
f 1414//993 1413//992 1446//1025 
f 1415//994 1414//993 1447//1026 
f 1416//995 1415//994 1448//1027 
f 1417//996 1416//995 1449//1028 
f 1418//997 1417//996 1450//1029 
f 1419//998 1418//997 1451//1030 
f 1420//999 1419//998 1452//1031 
f 1421//1000 1420//999 1453//1032 
f 1422//1001 1421//1000 1454//1033 
f 1423//1002 1422//1001 1455//1034 
f 1424//1003 1423//1002 1456//1035 
f 1425//1004 1424//1003 1457//1036 
f 1426//1005 1425//1004 1458//1037 
f 1427//1006 1426//1005 1459//1038 
f 1428//1007 1427//1006 1460//1039 
f 1429//1008 1428//1007 1461//1040 
f 1430//1009 1429//1008 1462//1041 
f 1431//1010 1430//1009 1463//1042 
f 1432//1011 1431//1010 1464//1043 
f 1434//1013 1432//1011 1465//1044 
f 1466//1045 1434//1013 1467//1046 
f 1436//1015 1435//1014 1468//1047 
f 1437//1016 1436//1015 1469//1048 
f 1438//1017 1437//1016 1470//1049 
f 1439//1018 1438//1017 1471//1050 
f 1440//1019 1439//1018 1472//1051 
f 1441//1020 1440//1019 1473//1052 
f 1442//1021 1441//1020 1474//1053 
f 1443//1022 1442//1021 1475//1054 
f 1444//1023 1443//1022 1476//1055 
f 1445//1024 1444//1023 1477//1056 
f 1446//1025 1445//1024 1478//1057 
f 1447//1026 1446//1025 1479//1058 
f 1448//1027 1447//1026 1480//1059 
f 1449//1028 1448//1027 1481//1060 
f 1450//1029 1449//1028 1482//1061 
f 1451//1030 1450//1029 1483//1062 
f 1452//1031 1451//1030 1484//1063 
f 1453//1032 1452//1031 1485//1064 
f 1454//1033 1453//1032 1486//1065 
f 1455//1034 1454//1033 1487//1066 
f 1456//1035 1455//1034 1488//1067 
f 1457//1036 1456//1035 1489//1068 
f 1458//1037 1457//1036 1490//1069 
f 1459//1038 1458//1037 1491//1070 
f 1460//1039 1459//1038 1492//1071 
f 1461//1040 1460//1039 1493//1072 
f 1462//1041 1461//1040 1494//1073 
f 1463//1042 1462//1041 1495//1074 
f 1464//1043 1463//1042 1496//1075 
f 1465//1044 1464//1043 1497//1076 
f 1467//1046 1465//1044 1498//1077 
f 1499//1078 1467//1046 1500//1079 
f 1469//1048 1468//1047 1501//1080 
f 1470//1049 1469//1048 1502//1081 
f 1471//1050 1470//1049 1503//1082 
f 1472//1051 1471//1050 1504//1083 
f 1473//1052 1472//1051 1505//1084 
f 1474//1053 1473//1052 1506//1085 
f 1475//1054 1474//1053 1507//1086 
f 1476//1055 1475//1054 1508//1087 
f 1477//1056 1476//1055 1509//1088 
f 1478//1057 1477//1056 1510//1089 
f 1479//1058 1478//1057 1511//1090 
f 1480//1059 1479//1058 1512//1091 
f 1481//1060 1480//1059 1513//1092 
f 1482//1061 1481//1060 1514//1093 
f 1483//1062 1482//1061 1515//1094 
f 1484//1063 1483//1062 1516//1095 
f 1485//1064 1484//1063 1517//1096 
f 1486//1065 1485//1064 1518//1097 
f 1487//1066 1486//1065 1519//1098 
f 1488//1067 1487//1066 1520//1099 
f 1489//1068 1488//1067 1521//1100 
f 1490//1069 1489//1068 1522//1101 
f 1491//1070 1490//1069 1523//1102 
f 1492//1071 1491//1070 1524//1103 
f 1493//1072 1492//1071 1525//1104 
f 1494//1073 1493//1072 1526//1105 
f 1495//1074 1494//1073 1527//1106 
f 1496//1075 1495//1074 1528//1107 
f 1497//1076 1496//1075 1529//1108 
f 1498//1077 1497//1076 1530//1109 
f 1500//1079 1498//1077 1531//1110 
f 1532//1111 1500//1079 1533//1112 
f 1503//1082 1502//1081 1534//1113 
f 1504//1083 1503//1082 1535//1114 
f 1505//1084 1504//1083 1536//1115 
f 1506//1085 1505//1084 1537//1116 
f 1507//1086 1506//1085 1538//1117 
f 1508//1087 1507//1086 1539//1118 
f 1509//1088 1508//1087 1540//1119 
f 1510//1089 1509//1088 1541//1120 
f 1511//1090 1510//1089 1542//1121 
f 1512//1091 1511//1090 1543//1122 
f 1513//1092 1512//1091 1544//1123 
f 1514//1093 1513//1092 1545//1124 
f 1515//1094 1514//1093 1546//1125 
f 1516//1095 1515//1094 1547//1126 
f 1517//1096 1516//1095 1548//1127 
f 1518//1097 1517//1096 1549//1128 
f 1519//1098 1518//1097 1550//1129 
f 1520//1099 1519//1098 1551//1130 
f 1521//1100 1520//1099 1552//1131 
f 1522//1101 1521//1100 1553//1132 
f 1523//1102 1522//1101 1554//1133 
f 1524//1103 1523//1102 1555//1134 
f 1525//1104 1524//1103 1556//1135 
f 1526//1105 1525//1104 1557//1136 
f 1527//1106 1526//1105 1558//1137 
f 1528//1107 1527//1106 1559//1138 
f 1529//1108 1528//1107 1560//1139 
f 1530//1109 1529//1108 1561//1140 
f 1531//1110 1530//1109 1562//1141 
f 1533//1112 1531//1110 1563//1142 
f 1535//1114 1534//1113 1564//1143 
f 1536//1115 1535//1114 1565//1144 
f 1537//1116 1536//1115 1566//1145 
f 1538//1117 1537//1116 1567//1146 
f 1539//1118 1538//1117 1568//1147 
f 1540//1119 1539//1118 1569//1148 
f 1541//1120 1540//1119 1570//1149 
f 1542//1121 1541//1120 1571//1150 
f 1543//1122 1542//1121 1572//1151 
f 1544//1123 1543//1122 1573//1152 
f 1545//1124 1544//1123 1574//1153 
f 1546//1125 1545//1124 1575//1154 
f 1547//1126 1546//1125 1576//1155 
f 1548//1127 1547//1126 1577//1156 
f 1549//1128 1548//1127 1578//1157 
f 1550//1129 1549//1128 1579//1158 
f 1551//1130 1550//1129 1580//1159 
f 1552//1131 1551//1130 1581//1160 
f 1553//1132 1552//1131 1582//1161 
f 1554//1133 1553//1132 1583//1162 
f 1555//1134 1554//1133 1584//1163 
f 1556//1135 1555//1134 1585//1164 
f 1557//1136 1556//1135 1586//1165 
f 1558//1137 1557//1136 1587//1166 
f 1559//1138 1558//1137 1588//1167 
f 1560//1139 1559//1138 1589//1168 
f 1561//1140 1560//1139 1590//1169 
f 1562//1141 1561//1140 1591//1170 
f 1563//1142 1562//1141 1592//1171 
f 1593//1172 1563//1142 1594//1173 
f 1565//1144 1564//1143 1595//1174 
f 1566//1145 1565//1144 1596//1175 
f 1567//1146 1566//1145 1597//1176 
f 1568//1147 1567//1146 1598//1177 
f 1569//1148 1568//1147 1599//1178 
f 1570//1149 1569//1148 1600//1179 
f 1571//1150 1570//1149 1601//1180 
f 1572//1151 1571//1150 1602//1181 
f 1573//1152 1572//1151 1603//1182 
f 1574//1153 1573//1152 1604//1183 
f 1575//1154 1574//1153 1605//1184 
f 1576//1155 1575//1154 1606//1185 
f 1577//1156 1576//1155 1607//1186 
f 1578//1157 1577//1156 1608//1187 
f 1579//1158 1578//1157 1609//1188 
f 1580//1159 1579//1158 1610//1189 
f 1581//1160 1580//1159 1611//1190 
f 1582//1161 1581//1160 1612//1191 
f 1583//1162 1582//1161 1613//1192 
f 1584//1163 1583//1162 1614//1193 
f 1585//1164 1584//1163 1615//1194 
f 1586//1165 1585//1164 1616//1195 
f 1587//1166 1586//1165 1617//1196 
f 1588//1167 1587//1166 1618//1197 
f 1589//1168 1588//1167 1619//1198 
f 1590//1169 1589//1168 1620//1199 
f 1591//1170 1590//1169 1621//1200 
f 1592//1171 1591//1170 1622//1201 
f 1594//1173 1592//1171 1623//1202 
f 1624//1203 1594//1173 1625//1204 
f 1596//1175 1595//1174 1626//1205 
f 1597//1176 1596//1175 1627//1206 
f 1598//1177 1597//1176 1628//1207 
f 1599//1178 1598//1177 1629//1208 
f 1600//1179 1599//1178 1630//1209 
f 1601//1180 1600//1179 1631//1210 
f 1602//1181 1601//1180 1632//1211 
f 1603//1182 1602//1181 1633//1212 
f 1604//1183 1603//1182 1634//1213 
f 1605//1184 1604//1183 1635//1214 
f 1606//1185 1605//1184 1636//1215 
f 1607//1186 1606//1185 1637//1216 
f 1608//1187 1607//1186 1638//1217 
f 1609//1188 1608//1187 1639//1218 
f 1610//1189 1609//1188 1640//1219 
f 1611//1190 1610//1189 1641//1220 
f 1612//1191 1611//1190 1642//1221 
f 1613//1192 1612//1191 1643//1222 
f 1614//1193 1613//1192 1644//1223 
f 1615//1194 1614//1193 1645//1224 
f 1616//1195 1615//1194 1646//1225 
f 1617//1196 1616//1195 1647//1226 
f 1618//1197 1617//1196 1648//1227 
f 1619//1198 1618//1197 1649//1228 
f 1620//1199 1619//1198 1650//1229 
f 1621//1200 1620//1199 1651//1230 
f 1622//1201 1621//1200 1652//1231 
f 1623//1202 1622//1201 1653//1232 
f 1625//1204 1623//1202 1654//1233 
f 1655//1234 1625//1204 1656//1235 
f 1627//1206 1626//1205 1657//1236 
f 1628//1207 1627//1206 1658//1237 
f 1629//1208 1628//1207 1659//1238 
f 1630//1209 1629//1208 1660//1239 
f 1631//1210 1630//1209 1661//1240 
f 1632//1211 1631//1210 1662//1241 
f 1633//1212 1632//1211 1663//1242 
f 1634//1213 1633//1212 1664//1243 
f 1635//1214 1634//1213 1665//1244 
f 1636//1215 1635//1214 1666//1245 
f 1637//1216 1636//1215 1667//1246 
f 1638//1217 1637//1216 1668//1247 
f 1639//1218 1638//1217 1669//1248 
f 1640//1219 1639//1218 1670//1249 
f 1641//1220 1640//1219 1671//1250 
f 1642//1221 1641//1220 1672//1251 
f 1643//1222 1642//1221 1673//1252 
f 1644//1223 1643//1222 1674//1253 
f 1645//1224 1644//1223 1675//1254 
f 1646//1225 1645//1224 1676//1255 
f 1647//1226 1646//1225 1677//1256 
f 1648//1227 1647//1226 1678//1257 
f 1649//1228 1648//1227 1679//1258 
f 1650//1229 1649//1228 1680//1259 
f 1651//1230 1650//1229 1681//1260 
f 1652//1231 1651//1230 1682//1261 
f 1653//1232 1652//1231 1683//1262 
f 1654//1233 1653//1232 1684//1263 
f 1656//1235 1654//1233 1685//1264 
f 1686//1265 1656//1235 1687//1266 
f 1658//1237 1657//1236 1688//1267 
f 1659//1238 1658//1237 1689//1268 
f 1660//1239 1659//1238 1690//1269 
f 1661//1240 1660//1239 1691//1270 
f 1662//1241 1661//1240 1692//1271 
f 1663//1242 1662//1241 1693//1272 
f 1664//1243 1663//1242 1694//1273 
f 1665//1244 1664//1243 1695//1274 
f 1666//1245 1665//1244 1696//1275 
f 1667//1246 1666//1245 1697//1276 
f 1668//1247 1667//1246 1698//1277 
f 1669//1248 1668//1247 1699//1278 
f 1670//1249 1669//1248 1700//1279 
f 1671//1250 1670//1249 1701//1280 
f 1672//1251 1671//1250 1702//1281 
f 1673//1252 1672//1251 1703//1282 
f 1674//1253 1673//1252 1704//1283 
f 1675//1254 1674//1253 1705//1284 
f 1676//1255 1675//1254 1706//1285 
f 1677//1256 1676//1255 1707//1286 
f 1678//1257 1677//1256 1708//1287 
f 1679//1258 1678//1257 1709//1288 
f 1680//1259 1679//1258 1710//1289 
f 1681//1260 1680//1259 1711//1290 
f 1682//1261 1681//1260 1712//1291 
f 1683//1262 1682//1261 1713//1292 
f 1684//1263 1683//1262 1714//1293 
f 1685//1264 1684//1263 1715//1294 
f 1687//1266 1685//1264 1716//1295 
f 1717//1296 1687//1266 1718//1297 
f 1689//1268 1688//1267 1719//1298 
f 1690//1269 1689//1268 1720//1299 
f 1691//1270 1690//1269 1721//1300 
f 1692//1271 1691//1270 1722//1301 
f 1693//1272 1692//1271 1723//1302 
f 1694//1273 1693//1272 1724//1303 
f 1695//1274 1694//1273 1725//1304 
f 1696//1275 1695//1274 1726//1305 
f 1697//1276 1696//1275 1727//1306 
f 1698//1277 1697//1276 1728//1307 
f 1699//1278 1698//1277 1729//1308 
f 1700//1279 1699//1278 1730//1309 
f 1701//1280 1700//1279 1731//1310 
f 1702//1281 1701//1280 1732//1311 
f 1703//1282 1702//1281 1733//1312 
f 1704//1283 1703//1282 1734//1313 
f 1705//1284 1704//1283 1735//1314 
f 1706//1285 1705//1284 1736//1315 
f 1707//1286 1706//1285 1737//1316 
f 1708//1287 1707//1286 1738//1317 
f 1709//1288 1708//1287 1739//1318 
f 1710//1289 1709//1288 1740//1319 
f 1711//1290 1710//1289 1741//1320 
f 1712//1291 1711//1290 1742//1321 
f 1713//1292 1712//1291 1743//1322 
f 1714//1293 1713//1292 1744//1323 
f 1715//1294 1714//1293 1745//1324 
f 1716//1295 1715//1294 1746//1325 
f 1718//1297 1716//1295 1747//1326 
f 1748//1327 1718//1297 1749//1328 
f 1720//1299 1719//1298 1750//1329 
f 1721//1300 1720//1299 1751//1330 
f 1722//1301 1721//1300 1752//1331 
f 1723//1302 1722//1301 1753//1332 
f 1724//1303 1723//1302 1754//1333 
f 1725//1304 1724//1303 1755//1334 
f 1726//1305 1725//1304 1756//1335 
f 1727//1306 1726//1305 1757//1336 
f 1728//1307 1727//1306 1758//1337 
f 1729//1308 1728//1307 1759//1338 
f 1730//1309 1729//1308 1760//1339 
f 1731//1310 1730//1309 1761//1340 
f 1732//1311 1731//1310 1762//1341 
f 1733//1312 1732//1311 1763//1342 
f 1734//1313 1733//1312 1764//1343 
f 1735//1314 1734//1313 1765//1344 
f 1736//1315 1735//1314 1766//1345 
f 1737//1316 1736//1315 1767//1346 
f 1738//1317 1737//1316 1768//1347 
f 1739//1318 1738//1317 1769//1348 
f 1740//1319 1739//1318 1770//1349 
f 1741//1320 1740//1319 1771//1350 
f 1742//1321 1741//1320 1772//1351 
f 1743//1322 1742//1321 1773//1352 
f 1744//1323 1743//1322 1774//1353 
f 1745//1324 1744//1323 1775//1354 
f 1746//1325 1745//1324 1776//1355 
f 1747//1326 1746//1325 1777//1356 
f 1749//1328 1747//1326 1778//1357 
f 1779//1358 1749//1328 1780//1359 
f 1751//1330 1750//1329 1781//1360 
f 1752//1331 1751//1330 1782//1361 
f 1753//1332 1752//1331 1783//1362 
f 1754//1333 1753//1332 1784//1363 
f 1755//1334 1754//1333 1785//1364 
f 1756//1335 1755//1334 1786//1365 
f 1757//1336 1756//1335 1787//1366 
f 1758//1337 1757//1336 1788//1367 
f 1759//1338 1758//1337 1789//1368 
f 1760//1339 1759//1338 1790//1369 
f 1761//1340 1760//1339 1791//1370 
f 1762//1341 1761//1340 1792//1371 
f 1763//1342 1762//1341 1793//1372 
f 1764//1343 1763//1342 1794//1373 
f 1765//1344 1764//1343 1795//1374 
f 1766//1345 1765//1344 1796//1375 
f 1767//1346 1766//1345 1797//1376 
f 1768//1347 1767//1346 1798//1377 
f 1769//1348 1768//1347 1799//1378 
f 1770//1349 1769//1348 1800//1379 
f 1771//1350 1770//1349 1801//1380 
f 1772//1351 1771//1350 1802//1381 
f 1773//1352 1772//1351 1803//1382 
f 1774//1353 1773//1352 1804//1383 
f 1775//1354 1774//1353 1805//1384 
f 1776//1355 1775//1354 1806//1385 
f 1777//1356 1776//1355 1807//1386 
f 1778//1357 1777//1356 1808//1387 
f 1780//1359 1778//1357 1809//1388 
f 1810//1389 1780//1359 1811//1390 
f 1783//1362 1782//1361 1812//1391 
f 1784//1363 1783//1362 1813//1392 
f 1785//1364 1784//1363 1814//1393 
f 1786//1365 1785//1364 1815//1394 
f 1787//1366 1786//1365 1816//1395 
f 1788//1367 1787//1366 1817//1396 
f 1789//1368 1788//1367 1818//1397 
f 1790//1369 1789//1368 1819//1398 
f 1791//1370 1790//1369 1820//1399 
f 1792//1371 1791//1370 1821//1400 
f 1793//1372 1792//1371 1822//1401 
f 1794//1373 1793//1372 1823//1402 
f 1795//1374 1794//1373 1824//1403 
f 1796//1375 1795//1374 1825//1404 
f 1797//1376 1796//1375 1826//1405 
f 1798//1377 1797//1376 1827//1406 
f 1799//1378 1798//1377 1828//1407 
f 1800//1379 1799//1378 1829//1408 
f 1801//1380 1800//1379 1830//1409 
f 1802//1381 1801//1380 1831//1410 
f 1803//1382 1802//1381 1832//1411 
f 1804//1383 1803//1382 1833//1412 
f 1805//1384 1804//1383 1834//1413 
f 1806//1385 1805//1384 1835//1414 
f 1807//1386 1806//1385 1836//1415 
f 1808//1387 1807//1386 1837//1416 
f 1809//1388 1808//1387 1838//1417 
f 1811//1390 1809//1388 1839//1418 
f 1813//1392 1812//1391 1840//1419 
f 1814//1393 1813//1392 1841//1420 
f 1815//1394 1814//1393 1842//1421 
f 1816//1395 1815//1394 1843//1422 
f 1817//1396 1816//1395 1844//1423 
f 1818//1397 1817//1396 1845//1424 
f 1819//1398 1818//1397 1846//1425 
f 1820//1399 1819//1398 1847//1426 
f 1821//1400 1820//1399 1848//1427 
f 1822//1401 1821//1400 1849//1428 
f 1823//1402 1822//1401 1850//1429 
f 1824//1403 1823//1402 1851//1430 
f 1825//1404 1824//1403 1852//1431 
f 1826//1405 1825//1404 1853//1432 
f 1827//1406 1826//1405 1854//1433 
f 1828//1407 1827//1406 1855//1434 
f 1829//1408 1828//1407 1856//1435 
f 1830//1409 1829//1408 1857//1436 
f 1831//1410 1830//1409 1858//1437 
f 1832//1411 1831//1410 1859//1438 
f 1833//1412 1832//1411 1860//1439 
f 1834//1413 1833//1412 1861//1440 
f 1835//1414 1834//1413 1862//1441 
f 1836//1415 1835//1414 1863//1442 
f 1837//1416 1836//1415 1864//1443 
f 1838//1417 1837//1416 1865//1444 
f 1839//1418 1838//1417 1866//1445 
f 1867//1446 1839//1418 1868//1447 
f 1841//1420 1840//1419 1869//1448 
f 1842//1421 1841//1420 1870//1449 
f 1843//1422 1842//1421 1871//1450 
f 1844//1423 1843//1422 1872//1451 
f 1845//1424 1844//1423 1873//1452 
f 1846//1425 1845//1424 1874//1453 
f 1847//1426 1846//1425 1875//1454 
f 1848//1427 1847//1426 1876//1455 
f 1849//1428 1848//1427 1877//1456 
f 1850//1429 1849//1428 1878//1457 
f 1851//1430 1850//1429 1879//1458 
f 1852//1431 1851//1430 1880//1459 
f 1853//1432 1852//1431 1881//1460 
f 1854//1433 1853//1432 1882//1461 
f 1855//1434 1854//1433 1883//1462 
f 1856//1435 1855//1434 1884//1463 
f 1857//1436 1856//1435 1885//1464 
f 1858//1437 1857//1436 1886//1465 
f 1859//1438 1858//1437 1887//1466 
f 1860//1439 1859//1438 1888//1467 
f 1861//1440 1860//1439 1889//1468 
f 1862//1441 1861//1440 1890//1469 
f 1863//1442 1862//1441 1891//1470 
f 1864//1443 1863//1442 1892//1471 
f 1865//1444 1864//1443 1893//1472 
f 1866//1445 1865//1444 1894//1473 
f 1868//1447 1866//1445 1895//1474 
f 1896//1475 1868//1447 1897//1476 
f 1870//1449 1869//1448 1898//1477 
f 1871//1450 1870//1449 1899//1478 
f 1872//1451 1871//1450 1900//1479 
f 1873//1452 1872//1451 1901//1480 
f 1874//1453 1873//1452 1902//1481 
f 1875//1454 1874//1453 1903//1482 
f 1876//1455 1875//1454 1904//1483 
f 1877//1456 1876//1455 1905//1484 
f 1878//1457 1877//1456 1906//1485 
f 1879//1458 1878//1457 1907//1486 
f 1880//1459 1879//1458 1908//1487 
f 1881//1460 1880//1459 1909//1488 
f 1882//1461 1881//1460 1910//1489 
f 1883//1462 1882//1461 1911//1490 
f 1884//1463 1883//1462 1912//1491 
f 1885//1464 1884//1463 1913//1492 
f 1886//1465 1885//1464 1914//1493 
f 1887//1466 1886//1465 1915//1494 
f 1888//1467 1887//1466 1916//1495 
f 1889//1468 1888//1467 1917//1496 
f 1890//1469 1889//1468 1918//1497 
f 1891//1470 1890//1469 1919//1498 
f 1892//1471 1891//1470 1920//1499 
f 1893//1472 1892//1471 1921//1500 
f 1894//1473 1893//1472 1922//1501 
f 1895//1474 1894//1473 1923//1502 
f 1897//1476 1895//1474 1924//1503 
f 1925//1504 1897//1476 1926//1505 
f 1899//1478 1898//1477 1927//1506 
f 1900//1479 1899//1478 1928//1507 
f 1901//1480 1900//1479 1929//1508 
f 1902//1481 1901//1480 1930//1509 
f 1903//1482 1902//1481 1931//1510 
f 1904//1483 1903//1482 1932//1511 
f 1905//1484 1904//1483 1933//1512 
f 1906//1485 1905//1484 1934//1513 
f 1907//1486 1906//1485 1935//1514 
f 1908//1487 1907//1486 1936//1515 
f 1909//1488 1908//1487 1937//1516 
f 1910//1489 1909//1488 1938//1517 
f 1911//1490 1910//1489 1939//1518 
f 1912//1491 1911//1490 1940//1519 
f 1913//1492 1912//1491 1941//1520 
f 1914//1493 1913//1492 1942//1521 
f 1915//1494 1914//1493 1943//1522 
f 1916//1495 1915//1494 1944//1523 
f 1917//1496 1916//1495 1945//1524 
f 1918//1497 1917//1496 1946//1525 
f 1919//1498 1918//1497 1947//1526 
f 1920//1499 1919//1498 1948//1527 
f 1921//1500 1920//1499 1949//1528 
f 1922//1501 1921//1500 1950//1529 
f 1923//1502 1922//1501 1951//1530 
f 1924//1503 1923//1502 1952//1531 
f 1926//1505 1924//1503 1953//1532 
f 1954//1533 1926//1505 1955//1534 
f 1928//1507 1927//1506 1956//1535 
f 1929//1508 1928//1507 1957//1536 
f 1930//1509 1929//1508 1958//1537 
f 1931//1510 1930//1509 1959//1538 
f 1932//1511 1931//1510 1960//1539 
f 1933//1512 1932//1511 1961//1540 
f 1934//1513 1933//1512 1962//1541 
f 1935//1514 1934//1513 1963//1542 
f 1936//1515 1935//1514 1964//1543 
f 1937//1516 1936//1515 1965//1544 
f 1938//1517 1937//1516 1966//1545 
f 1939//1518 1938//1517 1967//1546 
f 1940//1519 1939//1518 1968//1547 
f 1941//1520 1940//1519 1969//1548 
f 1942//1521 1941//1520 1970//1549 
f 1943//1522 1942//1521 1971//1550 
f 1944//1523 1943//1522 1972//1551 
f 1945//1524 1944//1523 1973//1552 
f 1946//1525 1945//1524 1974//1553 
f 1947//1526 1946//1525 1975//1554 
f 1948//1527 1947//1526 1976//1555 
f 1949//1528 1948//1527 1977//1556 
f 1950//1529 1949//1528 1978//1557 
f 1951//1530 1950//1529 1979//1558 
f 1952//1531 1951//1530 1980//1559 
f 1953//1532 1952//1531 1981//1560 
f 1955//1534 1953//1532 1982//1561 
f 1983//1562 1955//1534 1984//1563 
f 1957//1536 1956//1535 1985//1564 
f 1958//1537 1957//1536 1986//1565 
f 1959//1538 1958//1537 1987//1566 
f 1960//1539 1959//1538 1988//1567 
f 1961//1540 1960//1539 1989//1568 
f 1962//1541 1961//1540 1990//1569 
f 1963//1542 1962//1541 1991//1570 
f 1964//1543 1963//1542 1992//1571 
f 1965//1544 1964//1543 1993//1572 
f 1966//1545 1965//1544 1994//1573 
f 1967//1546 1966//1545 1995//1574 
f 1968//1547 1967//1546 1996//1575 
f 1969//1548 1968//1547 1997//1576 
f 1970//1549 1969//1548 1998//1577 
f 1971//1550 1970//1549 1999//1578 
f 1972//1551 1971//1550 2000//1579 
f 1973//1552 1972//1551 2001//1580 
f 1974//1553 1973//1552 2002//1581 
f 1975//1554 1974//1553 2003//1582 
f 1976//1555 1975//1554 2004//1583 
f 1977//1556 1976//1555 2005//1584 
f 1978//1557 1977//1556 2006//1585 
f 1979//1558 1978//1557 2007//1586 
f 1980//1559 1979//1558 2008//1587 
f 1981//1560 1980//1559 2009//1588 
f 1982//1561 1981//1560 2010//1589 
f 1984//1563 1982//1561 2011//1590 
f 2012//1591 1984//1563 2013//1592 
f 1986//1565 1985//1564 2014//1593 
f 1987//1566 1986//1565 2015//1594 
f 1988//1567 1987//1566 2016//1595 
f 1989//1568 1988//1567 2017//1596 
f 1990//1569 1989//1568 2018//1597 
f 1991//1570 1990//1569 2019//1598 
f 1992//1571 1991//1570 2020//1599 
f 1993//1572 1992//1571 2021//1600 
f 1994//1573 1993//1572 2022//1601 
f 1995//1574 1994//1573 2023//1602 
f 1996//1575 1995//1574 2024//1603 
f 1997//1576 1996//1575 2025//1604 
f 1998//1577 1997//1576 2026//1605 
f 1999//1578 1998//1577 2027//1606 
f 2000//1579 1999//1578 2028//1607 
f 2001//1580 2000//1579 2029//1608 
f 2002//1581 2001//1580 2030//1609 
f 2003//1582 2002//1581 2031//1610 
f 2004//1583 2003//1582 2032//1611 
f 2005//1584 2004//1583 2033//1612 
f 2006//1585 2005//1584 2034//1613 
f 2007//1586 2006//1585 2035//1614 
f 2008//1587 2007//1586 2036//1615 
f 2009//1588 2008//1587 2037//1616 
f 2010//1589 2009//1588 2038//1617 
f 2011//1590 2010//1589 2039//1618 
f 2013//1592 2011//1590 2040//1619 
f 2041//1620 2013//1592 2042//1621 
f 2015//1594 2014//1593 2043//1622 
f 2016//1595 2015//1594 2044//1623 
f 2017//1596 2016//1595 2045//1624 
f 2018//1597 2017//1596 2046//1625 
f 2019//1598 2018//1597 2047//1626 
f 2020//1599 2019//1598 2048//1627 
f 2021//1600 2020//1599 2049//1628 
f 2022//1601 2021//1600 2050//1629 
f 2023//1602 2022//1601 2051//1630 
f 2024//1603 2023//1602 2052//1631 
f 2025//1604 2024//1603 2053//1632 
f 2026//1605 2025//1604 2054//1633 
f 2027//1606 2026//1605 2055//1634 
f 2028//1607 2027//1606 2056//1635 
f 2029//1608 2028//1607 2057//1636 
f 2030//1609 2029//1608 2058//1637 
f 2031//1610 2030//1609 2059//1638 
f 2032//1611 2031//1610 2060//1639 
f 2033//1612 2032//1611 2061//1640 
f 2034//1613 2033//1612 2062//1641 
f 2035//1614 2034//1613 2063//1642 
f 2036//1615 2035//1614 2064//1643 
f 2037//1616 2036//1615 2065//1644 
f 2038//1617 2037//1616 2066//1645 
f 2039//1618 2038//1617 2067//1646 
f 2040//1619 2039//1618 2068//1647 
f 2042//1621 2040//1619 2069//1648 
f 2070//1649 2042//1621 2071//1650 
f 2044//1623 2043//1622 2072//1651 
f 2045//1624 2044//1623 2073//1652 
f 2046//1625 2045//1624 2074//1653 
f 2047//1626 2046//1625 2075//1654 
f 2048//1627 2047//1626 2076//1655 
f 2049//1628 2048//1627 2077//1656 
f 2050//1629 2049//1628 2078//1657 
f 2051//1630 2050//1629 2079//1658 
f 2052//1631 2051//1630 2080//1659 
f 2053//1632 2052//1631 2081//1660 
f 2054//1633 2053//1632 2082//1661 
f 2055//1634 2054//1633 2083//1662 
f 2056//1635 2055//1634 2084//1663 
f 2057//1636 2056//1635 2085//1664 
f 2058//1637 2057//1636 2086//1665 
f 2059//1638 2058//1637 2087//1666 
f 2060//1639 2059//1638 2088//1667 
f 2061//1640 2060//1639 2089//1668 
f 2062//1641 2061//1640 2090//1669 
f 2063//1642 2062//1641 2091//1670 
f 2064//1643 2063//1642 2092//1671 
f 2065//1644 2064//1643 2093//1672 
f 2066//1645 2065//1644 2094//1673 
f 2067//1646 2066//1645 2095//1674 
f 2068//1647 2067//1646 2096//1675 
f 2069//1648 2068//1647 2097//1676 
f 2071//1650 2069//1648 2098//1677 
f 2099//1678 2071//1650 2100//1679 
f 2073//1652 2072//1651 2101//1680 
f 2074//1653 2073//1652 2102//1681 
f 2075//1654 2074//1653 2103//1682 
f 2076//1655 2075//1654 2104//1683 
f 2077//1656 2076//1655 2105//1684 
f 2078//1657 2077//1656 2106//1685 
f 2079//1658 2078//1657 2107//1686 
f 2080//1659 2079//1658 2108//1687 
f 2081//1660 2080//1659 2109//1688 
f 2082//1661 2081//1660 2110//1689 
f 2083//1662 2082//1661 2111//1690 
f 2084//1663 2083//1662 2112//1691 
f 2085//1664 2084//1663 2113//1692 
f 2086//1665 2085//1664 2114//1693 
f 2087//1666 2086//1665 2115//1694 
f 2088//1667 2087//1666 2116//1695 
f 2089//1668 2088//1667 2117//1696 
f 2090//1669 2089//1668 2118//1697 
f 2091//1670 2090//1669 2119//1698 
f 2092//1671 2091//1670 2120//1699 
f 2093//1672 2092//1671 2121//1700 
f 2094//1673 2093//1672 2122//1701 
f 2095//1674 2094//1673 2123//1702 
f 2096//1675 2095//1674 2124//1703 
f 2097//1676 2096//1675 2125//1704 
f 2098//1677 2097//1676 2126//1705 
f 2100//1679 2098//1677 2127//1706 
f 2128//1707 2100//1679 2129//1708 
f 2102//1681 2101//1680 2130//1709 
f 2103//1682 2102//1681 2131//1710 
f 2104//1683 2103//1682 2132//1711 
f 2105//1684 2104//1683 2133//1712 
f 2106//1685 2105//1684 2134//1713 
f 2107//1686 2106//1685 2135//1714 
f 2108//1687 2107//1686 2136//1715 
f 2109//1688 2108//1687 2137//1716 
f 2110//1689 2109//1688 2138//1717 
f 2111//1690 2110//1689 2139//1718 
f 2112//1691 2111//1690 2140//1719 
f 2113//1692 2112//1691 2141//1720 
f 2114//1693 2113//1692 2142//1721 
f 2115//1694 2114//1693 2143//1722 
f 2116//1695 2115//1694 2144//1723 
f 2117//1696 2116//1695 2145//1724 
f 2118//1697 2117//1696 2146//1725 
f 2119//1698 2118//1697 2147//1726 
f 2120//1699 2119//1698 2148//1727 
f 2121//1700 2120//1699 2149//1728 
f 2122//1701 2121//1700 2150//1729 
f 2123//1702 2122//1701 2151//1730 
f 2124//1703 2123//1702 2152//1731 
f 2125//1704 2124//1703 2153//1732 
f 2126//1705 2125//1704 2154//1733 
f 2127//1706 2126//1705 2155//1734 
f 2129//1708 2127//1706 2156//1735 
f 2157//1736 2129//1708 2158//1737 
f 2131//1710 2130//1709 294//1738 
f 2132//1711 2131//1710 296//1739 
f 2133//1712 2132//1711 305//1740 
f 2134//1713 2133//1712 307//1741 
f 2135//1714 2134//1713 251//1742 
f 2136//1715 2135//1714 250//1743 
f 2137//1716 2136//1715 253//1744 
f 2138//1717 2137//1716 269//1745 
f 2139//1718 2138//1717 271//1746 
f 2140//1719 2139//1718 256//1747 
f 2141//1720 2140//1719 255//1748 
f 2142//1721 2141//1720 258//1749 
f 2142//1721 260//1750 262//1751 
f 2144//1723 2143//1722 262//1751 
f 2145//1724 2144//1723 265//1752 
f 2146//1725 2145//1724 264//1753 
f 2147//1726 2146//1725 267//1754 
f 2148//1727 2147//1726 275//1755 
f 2149//1728 2148//1727 277//1756 
f 2150//1729 2149//1728 284//1757 
f 2151//1730 2150//1729 286//1758 
f 2152//1731 2151//1730 288//1759 
f 2153//1732 2152//1731 280//1760 
f 2154//1733 2153//1732 279//1761 
f 2155//1734 2154//1733 282//1762 
f 2156//1735 2155//1734 298//1763 
f 2158//1737 2156//1735 300//1764 
f 2159//1765 2158//1737 292//1766 
f 291//1767 302//1768 352//1769 
f 352//1769 2159//1765 291//1767 
f 2159//1765 353//1770 354//1771 
f 354//1771 2157//1736 2159//1765 
f 2128//1707 2157//1736 355//1772 
f 2157//1736 356//1773 355//1772 
f 2099//1678 2128//1707 357//1774 
f 2128//1707 358//1775 357//1774 
f 357//1774 359//1776 2099//1678 
f 2099//1678 360//1777 361//1778 
f 361//1778 2070//1649 2099//1678 
f 2070//1649 362//1779 363//1780 
f 363//1780 2041//1620 2070//1649 
f 2012//1591 2041//1620 364//1781 
f 2041//1620 365//1782 364//1781 
f 364//1781 366//1783 2012//1591 
f 2012//1591 367//1784 368//1785 
f 368//1785 1983//1562 2012//1591 
f 1983//1562 369//1786 370//1787 
f 370//1787 1954//1533 1983//1562 
f 1925//1504 1954//1533 371//1788 
f 1954//1533 372//1789 371//1788 
f 1896//1475 1925//1504 373//1790 
f 1925//1504 374//1791 373//1790 
f 373//1790 375//1792 1896//1475 
f 1896//1475 376//1793 377//1794 
f 377//1794 1867//1446 1896//1475 
f 1811//1390 378//1795 379//1796 
f 1867//1446 380//1797 378//1795 
f 378//1795 1811//1390 1867//1446 
f 1810//1389 381//1798 382//1799 
f 2160//1800 383//1801 381//1798 
f 381//1798 1810//1389 2160//1800 
f 1779//1358 1810//1389 384//1802 
f 1810//1389 385//1803 384//1802 
f 1779//1358 386//1804 387//1805 
f 1779//1358 388//1806 386//1804 
f 387//1805 1748//1327 1779//1358 
f 1748//1327 389//1807 390//1808 
f 390//1808 1717//1296 1748//1327 
f 1686//1265 1717//1296 391//1809 
f 1717//1296 392//1810 391//1809 
f 1686//1265 393//1811 394//1812 
f 1686//1265 395//1813 393//1811 
f 394//1812 1655//1234 1686//1265 
f 1655//1234 396//1814 397//1815 
f 397//1815 1624//1203 1655//1234 
f 1593//1172 1624//1203 398//1816 
f 1624//1203 399//1817 398//1816 
f 1533//1112 1593//1172 400//1818 
f 1593//1172 401//1819 400//1818 
f 1593//1172 402//1820 401//1819 
f 2161//1821 400//1818 403//1822 
f 2161//1821 404//1823 405//1824 
f 405//1824 1532//1111 2161//1821 
f 1532//1111 406//1825 407//1826 
f 407//1826 1499//1078 1532//1111 
f 1466//1045 1499//1078 408//1827 
f 1499//1078 409//1828 408//1827 
f 408//1827 410//1829 1466//1045 
f 1466//1045 411//1830 412//1831 
f 412//1831 1433//1012 1466//1045 
f 1433//1012 413//1832 414//1833 
f 414//1833 1400//979 1433//1012 
f 1367//946 1400//979 415//1834 
f 1400//979 416//1835 415//1834 
f 1303//882 1367//946 417//1836 
f 1367//946 418//1837 417//1836 
f 1367//946 419//1838 418//1837 
f 2162//1839 417//1836 420//1840 
f 1302//881 2162//1839 421//1841 
f 2162//1839 422//1842 421//1841 
f 421//1841 423//1843 1302//881 
f 1302//881 424//1844 425//1845 
f 425//1845 1267//846 1302//881 
f 1267//846 426//1846 427//1847 
f 427//1847 1232//811 1267//846 
f 1197//776 1232//811 428//1848 
f 1232//811 429//1849 428//1848 
f 428//1848 430//1850 1197//776 
f 1197//776 431//1851 432//1852 
f 432//1852 1162//741 1197//776 
f 1094//673 1162//741 433//1853 
f 1162//741 434//1854 433//1853 
f 1162//741 435//1855 434//1854 
f 1093//672 2163//1856 436//1857 
f 2163//1856 437//1858 436//1857 
f 436//1857 438//1859 1093//672 
f 1093//672 439//1860 440//1861 
f 440//1861 1056//635 1093//672 
f 1019//598 1056//635 441//1862 
f 1056//635 442//1863 441//1862 
f 982//561 1019//598 443//1864 
f 1019//598 444//1865 443//1864 
f 443//1864 445//1866 982//561 
f 910//489 446//1867 447//1868 
f 982//561 448//1869 446//1867 
f 446//1867 910//489 982//561 
f 2164//1870 449//1871 450//1872 
f 450//1872 909//488 2164//1870 
f 870//449 909//488 451//1873 
f 909//488 452//1874 451//1873 
f 451//1873 453//1875 870//449 
f 870//449 454//1876 455//1877 
f 455//1877 831//410 870//449 
f 831//410 456//1878 457//1879 
f 457//1879 792//371 831//410 
f 716//295 792//371 458//1880 
f 458//1880 459//1881 716//295 
f 792//371 460//1882 458//1880 
f 2165//1883 459//1881 461//1884 
f 2165//1883 462//1885 463//1886 
f 463//1886 715//294 2165//1883 
f 715//294 464//1887 465//1888 
f 465//1888 674//253 715//294 
f 633//212 674//253 466//1889 
f 674//253 467//1890 466//1889 
f 466//1889 468//1891 633//212 
f 633//212 469//1892 470//1893 
f 470//1893 553//131 633//212 
f 554//133 513//91 10//1894 
f 513//91 5//90 10//1894 
f 554//133 234//1895 229//1896 
f 229//1896 594//173 554//133 
f 554//133 225//1897 234//1895 
f 635//214 594//173 245//1898 
f 594//173 226//1899 245//1898 
f 676//255 635//214 239//1900 
f 635//214 246//1901 239//1900 
f 676//255 238//1902 242//1903 
f 677//256 241//1904 233//1905 
f 677//256 676//255 241//1904 
f 233//1905 717//296 677//256 
f 755//334 717//296 224//1906 
f 717//296 230//1907 224//1906 
f 794//373 755//334 216//1908 
f 755//334 222//1909 216//1908 
f 794//373 219//1910 213//1911 
f 213//1911 833//412 794//373 
f 794//373 215//1912 219//1910 
f 872//451 833//412 203//1913 
f 833//412 211//1914 203//1913 
f 911//490 873//452 207//1915 
f 873//452 872//451 199//1916 
f 199//1916 207//1915 873//452 
f 911//490 208//1917 197//1918 
f 197//1918 947//526 911//490 
f 911//490 204//1919 208//1917 
f 947//526 194//1920 193//1921 
f 193//1921 984//563 947//526 
f 1021//600 984//563 189//1922 
f 984//563 190//1923 189//1922 
f 1021//600 185//1924 184//1925 
f 184//1925 1058//637 1021//600 
f 1021//600 186//1926 185//1924 
f 1059//638 1058//637 182//1927 
f 182//1927 1095//674 1059//638 
f 182//1927 180//1928 1095//674 
f 1129//708 1095//674 172//1929 
f 1095//674 177//1930 172//1929 
f 1129//708 173//1931 167//1932 
f 167//1932 1164//743 1129//708 
f 1129//708 169//1933 173//1931 
f 1199//778 1164//743 160//1934 
f 1164//743 165//1935 160//1934 
f 1234//813 1199//778 146//1936 
f 1199//778 158//1937 146//1936 
f 1234//813 152//1938 128//1939 
f 128//1939 1269//848 1234//813 
f 1234//813 145//1940 152//1938 
f 1269//848 120//1941 127//1942 
f 1270//849 1269//848 130//1943 
f 130//1943 1304//883 1270//849 
f 130//1943 136//1944 1304//883 
f 1304//883 137//1945 154//1946 
f 154//1946 1336//915 1304//883 
f 1369//948 1336//915 157//1947 
f 1336//915 161//1948 157//1947 
f 1402//981 1369//948 142//1949 
f 1369//948 155//1950 142//1949 
f 1402//981 149//1951 134//1952 
f 134//1952 1435//1014 1402//981 
f 1402//981 141//1953 149//1951 
f 1468//1047 1435//1014 126//1954 
f 1435//1014 131//1955 126//1954 
f 1501//1080 1468//1047 119//1956 
f 1468//1047 123//1957 119//1956 
f 1501//1080 117//1958 115//1959 
f 1502//1081 1501//1080 113//1960 
f 113//1960 1534//1113 1502//1081 
f 113//1960 110//1961 1534//1113 
f 1534//1113 111//1962 107//1963 
f 107//1963 1564//1143 1534//1113 
f 1595//1174 1564//1143 103//1964 
f 1564//1143 104//1965 103//1964 
f 1626//1205 1595//1174 99//1966 
f 99//1966 98//1967 1626//1205 
f 1595//1174 100//1968 99//1966 
f 1626//1205 94//1969 93//1970 
f 93//1970 1657//1236 1626//1205 
f 1688//1267 1657//1236 89//1971 
f 1657//1236 90//1972 89//1971 
f 1719//1298 1688//1267 82//1973 
f 82//1973 81//1974 1719//1298 
f 1688//1267 87//1975 82//1973 
f 1719//1298 73//1976 60//1977 
f 60//1977 1750//1329 1719//1298 
f 1781//1360 1750//1329 68//1978 
f 1750//1329 57//1979 69//1980 
f 69//1980 68//1978 1750//1329 
f 1812//1391 1782//1361 61//1981 
f 1782//1361 1781//1360 52//1982 
f 52//1982 61//1981 1782//1361 
f 1840//1419 1812//1391 78//1983 
f 1812//1391 83//1984 78//1983 
f 1840//1419 79//1985 65//1986 
f 65//1986 1869//1448 1840//1419 
f 1840//1419 75//1987 79//1985 
f 1869//1448 62//1988 56//1989 
f 56//1989 1898//1477 1869//1448 
f 1927//1506 1898//1477 49//1990 
f 1898//1477 53//1991 49//1990 
f 1956//1535 1927//1506 42//1992 
f 1927//1506 47//1993 42//1992 
f 1956//1535 45//1994 39//1995 
f 39//1995 1985//1564 1956//1535 
f 1956//1535 41//1996 45//1994 
f 2014//1593 1985//1564 35//1997 
f 1985//1564 36//1998 35//1997 
f 2043//1622 2014//1593 30//1999 
f 2014//1593 32//2000 30//1999 
f 2043//1622 31//2001 25//2002 
f 25//2002 2072//1651 2043//1622 
f 2043//1622 27//2003 31//2001 
f 2072//1651 22//2004 18//2005 
f 18//2005 2101//1680 2072//1651 
f 2130//1709 2101//1680 14//2006 
f 2101//1680 15//2007 14//2006 
f 294//1738 2130//1709 21//2008 
f 2130//1709 11//2009 21//2008 
f 21//2008 20//2010 294//1738 
f 14//2006 11//2009 2130//1709 
f 18//2005 15//2007 2101//1680 
f 25//2002 22//2004 2072//1651 
f 30//1999 27//2003 2043//1622 
f 35//1997 32//2000 2014//1593 
f 39//1995 36//1998 1985//1564 
f 42//1992 41//1996 1956//1535 
f 49//1990 47//1993 1927//1506 
f 56//1989 53//1991 1898//1477 
f 65//1986 62//1988 1869//1448 
f 78//1983 75//1987 1840//1419 
f 61//1981 83//1984 1812//1391 
f 52//1982 1781//1360 70//2011 
f 68//1978 70//2011 1781//1360 
f 60//1977 57//1979 1750//1329 
f 81//1974 73//1976 1719//1298 
f 89//1971 87//1975 1688//1267 
f 93//1970 90//1972 1657//1236 
f 98//1967 94//1969 1626//1205 
f 103//1964 100//1968 1595//1174 
f 107//1963 104//1965 1564//1143 
f 110//1961 111//1962 1534//1113 
f 115//1959 113//1960 1501//1080 
f 119//1956 117//1958 1501//1080 
f 126//1954 123//1957 1468//1047 
f 134//1952 131//1955 1435//1014 
f 142//1949 141//1953 1402//981 
f 157//1947 155//1950 1369//948 
f 154//1946 161//1948 1336//915 
f 136//1944 137//1945 1304//883 
f 127//1942 130//1943 1269//848 
f 128//1939 120//1941 1269//848 
f 146//1936 145//1940 1234//813 
f 160//1934 158//1937 1199//778 
f 167//1932 165//1935 1164//743 
f 172//1929 169//1933 1129//708 
f 180//1928 177//1930 1095//674 
f 182//1927 1058//637 174//2012 
f 184//1925 174//2012 1058//637 
f 189//1922 186//1926 1021//600 
f 193//1921 190//1923 984//563 
f 197//1918 194//1920 947//526 
f 207//1915 204//1919 911//490 
f 199//1916 872//451 200//2013 
f 203//1913 200//2013 872//451 
f 213//1911 211//1914 833//412 
f 216//1908 215//1912 794//373 
f 224//1906 222//1909 755//334 
f 233//1905 230//1907 717//296 
f 242//1903 241//1904 676//255 
f 239//1900 238//1902 676//255 
f 245//1898 246//1901 635//214 
f 229//1896 226//1899 594//173 
f 10//1894 225//1897 554//133 
f 470//1893 351//132 553//131 
f 468//1891 469//1892 633//212 
f 465//1888 467//1890 674//253 
f 463//1886 464//1887 715//294 
f 461//1884 462//1885 2165//1883 
f 459//1881 2165//1883 716//295 
f 457//1879 460//1882 792//371 
f 455//1877 456//1878 831//410 
f 453//1875 454//1876 870//449 
f 450//1872 452//1874 909//488 
f 449//1871 2164//1870 447//1868 
f 447//1868 2164//1870 910//489 
f 445//1866 448//1869 982//561 
f 441//1862 444//1865 1019//598 
f 440//1861 442//1863 1056//635 
f 438//1859 439//1860 1093//672 
f 437//1858 2163//1856 433//1853 
f 433//1853 2163//1856 1094//673 
f 432//1852 435//1855 1162//741 
f 430//1850 431//1851 1197//776 
f 427//1847 429//1849 1232//811 
f 425//1845 426//1846 1267//846 
f 423//1843 424//1844 1302//881 
f 420//1840 422//1842 2162//1839 
f 417//1836 2162//1839 1303//882 
f 415//1834 419//1838 1367//946 
f 414//1833 416//1835 1400//979 
f 412//1831 413//1832 1433//1012 
f 410//1829 411//1830 1466//1045 
f 407//1826 409//1828 1499//1078 
f 405//1824 406//1825 1532//1111 
f 403//1822 404//1823 2161//1821 
f 400//1818 2161//1821 1533//1112 
f 398//1816 402//1820 1593//1172 
f 397//1815 399//1817 1624//1203 
f 394//1812 396//1814 1655//1234 
f 391//1809 395//1813 1686//1265 
f 390//1808 392//1810 1717//1296 
f 387//1805 389//1807 1748//1327 
f 384//1802 388//1806 1779//1358 
f 382//1799 385//1803 1810//1389 
f 383//1801 2160//1800 379//1796 
f 379//1796 2160//1800 1811//1390 
f 377//1794 380//1797 1867//1446 
f 375//1792 376//1793 1896//1475 
f 371//1788 374//1791 1925//1504 
f 370//1787 372//1789 1954//1533 
f 368//1785 369//1786 1983//1562 
f 366//1783 367//1784 2012//1591 
f 363//1780 365//1782 2041//1620 
f 361//1778 362//1779 2070//1649 
f 359//1776 360//1777 2099//1678 
f 355//1772 358//1775 2128//1707 
f 354//1771 356//1773 2157//1736 
f 352//1769 353//1770 2159//1765 
f 292//1766 291//1767 2159//1765 
f 300//1764 292//1766 2158//1737 
f 298//1763 300//1764 2156//1735 
f 282//1762 298//1763 2155//1734 
f 279//1761 282//1762 2154//1733 
f 280//1760 279//1761 2153//1732 
f 288//1759 280//1760 2152//1731 
f 286//1758 288//1759 2151//1730 
f 284//1757 286//1758 2150//1729 
f 277//1756 284//1757 2149//1728 
f 275//1755 277//1756 2148//1727 
f 267//1754 275//1755 2147//1726 
f 264//1753 267//1754 2146//1725 
f 265//1752 264//1753 2145//1724 
f 262//1751 265//1752 2144//1723 
f 262//1751 2143//1722 2142//1721 
f 258//1749 260//1750 2142//1721 
f 255//1748 258//1749 2141//1720 
f 256//1747 255//1748 2140//1719 
f 271//1746 256//1747 2139//1718 
f 269//1745 271//1746 2138//1717 
f 253//1744 269//1745 2137//1716 
f 250//1743 253//1744 2136//1715 
f 251//1742 250//1743 2135//1714 
f 307//1741 251//1742 2134//1713 
f 305//1740 307//1741 2133//1712 
f 296//1739 305//1740 2132//1711 
f 294//1738 296//1739 2131//1710 
f 2158//1737 2159//1765 2157//1736 
f 2156//1735 2158//1737 2129//1708 
f 2155//1734 2156//1735 2127//1706 
f 2154//1733 2155//1734 2126//1705 
f 2153//1732 2154//1733 2125//1704 
f 2152//1731 2153//1732 2124//1703 
f 2151//1730 2152//1731 2123//1702 
f 2150//1729 2151//1730 2122//1701 
f 2149//1728 2150//1729 2121//1700 
f 2148//1727 2149//1728 2120//1699 
f 2147//1726 2148//1727 2119//1698 
f 2146//1725 2147//1726 2118//1697 
f 2145//1724 2146//1725 2117//1696 
f 2144//1723 2145//1724 2116//1695 
f 2143//1722 2144//1723 2115//1694 
f 2142//1721 2143//1722 2114//1693 
f 2141//1720 2142//1721 2113//1692 
f 2140//1719 2141//1720 2112//1691 
f 2139//1718 2140//1719 2111//1690 
f 2138//1717 2139//1718 2110//1689 
f 2137//1716 2138//1717 2109//1688 
f 2136//1715 2137//1716 2108//1687 
f 2135//1714 2136//1715 2107//1686 
f 2134//1713 2135//1714 2106//1685 
f 2133//1712 2134//1713 2105//1684 
f 2132//1711 2133//1712 2104//1683 
f 2131//1710 2132//1711 2103//1682 
f 2130//1709 2131//1710 2102//1681 
f 2129//1708 2157//1736 2128//1707 
f 2127//1706 2129//1708 2100//1679 
f 2126//1705 2127//1706 2098//1677 
f 2125//1704 2126//1705 2097//1676 
f 2124//1703 2125//1704 2096//1675 
f 2123//1702 2124//1703 2095//1674 
f 2122//1701 2123//1702 2094//1673 
f 2121//1700 2122//1701 2093//1672 
f 2120//1699 2121//1700 2092//1671 
f 2119//1698 2120//1699 2091//1670 
f 2118//1697 2119//1698 2090//1669 
f 2117//1696 2118//1697 2089//1668 
f 2116//1695 2117//1696 2088//1667 
f 2115//1694 2116//1695 2087//1666 
f 2114//1693 2115//1694 2086//1665 
f 2113//1692 2114//1693 2085//1664 
f 2112//1691 2113//1692 2084//1663 
f 2111//1690 2112//1691 2083//1662 
f 2110//1689 2111//1690 2082//1661 
f 2109//1688 2110//1689 2081//1660 
f 2108//1687 2109//1688 2080//1659 
f 2107//1686 2108//1687 2079//1658 
f 2106//1685 2107//1686 2078//1657 
f 2105//1684 2106//1685 2077//1656 
f 2104//1683 2105//1684 2076//1655 
f 2103//1682 2104//1683 2075//1654 
f 2102//1681 2103//1682 2074//1653 
f 2101//1680 2102//1681 2073//1652 
f 2100//1679 2128//1707 2099//1678 
f 2098//1677 2100//1679 2071//1650 
f 2097//1676 2098//1677 2069//1648 
f 2096//1675 2097//1676 2068//1647 
f 2095//1674 2096//1675 2067//1646 
f 2094//1673 2095//1674 2066//1645 
f 2093//1672 2094//1673 2065//1644 
f 2092//1671 2093//1672 2064//1643 
f 2091//1670 2092//1671 2063//1642 
f 2090//1669 2091//1670 2062//1641 
f 2089//1668 2090//1669 2061//1640 
f 2088//1667 2089//1668 2060//1639 
f 2087//1666 2088//1667 2059//1638 
f 2086//1665 2087//1666 2058//1637 
f 2085//1664 2086//1665 2057//1636 
f 2084//1663 2085//1664 2056//1635 
f 2083//1662 2084//1663 2055//1634 
f 2082//1661 2083//1662 2054//1633 
f 2081//1660 2082//1661 2053//1632 
f 2080//1659 2081//1660 2052//1631 
f 2079//1658 2080//1659 2051//1630 
f 2078//1657 2079//1658 2050//1629 
f 2077//1656 2078//1657 2049//1628 
f 2076//1655 2077//1656 2048//1627 
f 2075//1654 2076//1655 2047//1626 
f 2074//1653 2075//1654 2046//1625 
f 2073//1652 2074//1653 2045//1624 
f 2072//1651 2073//1652 2044//1623 
f 2071//1650 2099//1678 2070//1649 
f 2069//1648 2071//1650 2042//1621 
f 2068//1647 2069//1648 2040//1619 
f 2067//1646 2068//1647 2039//1618 
f 2066//1645 2067//1646 2038//1617 
f 2065//1644 2066//1645 2037//1616 
f 2064//1643 2065//1644 2036//1615 
f 2063//1642 2064//1643 2035//1614 
f 2062//1641 2063//1642 2034//1613 
f 2061//1640 2062//1641 2033//1612 
f 2060//1639 2061//1640 2032//1611 
f 2059//1638 2060//1639 2031//1610 
f 2058//1637 2059//1638 2030//1609 
f 2057//1636 2058//1637 2029//1608 
f 2056//1635 2057//1636 2028//1607 
f 2055//1634 2056//1635 2027//1606 
f 2054//1633 2055//1634 2026//1605 
f 2053//1632 2054//1633 2025//1604 
f 2052//1631 2053//1632 2024//1603 
f 2051//1630 2052//1631 2023//1602 
f 2050//1629 2051//1630 2022//1601 
f 2049//1628 2050//1629 2021//1600 
f 2048//1627 2049//1628 2020//1599 
f 2047//1626 2048//1627 2019//1598 
f 2046//1625 2047//1626 2018//1597 
f 2045//1624 2046//1625 2017//1596 
f 2044//1623 2045//1624 2016//1595 
f 2043//1622 2044//1623 2015//1594 
f 2042//1621 2070//1649 2041//1620 
f 2040//1619 2042//1621 2013//1592 
f 2039//1618 2040//1619 2011//1590 
f 2038//1617 2039//1618 2010//1589 
f 2037//1616 2038//1617 2009//1588 
f 2036//1615 2037//1616 2008//1587 
f 2035//1614 2036//1615 2007//1586 
f 2034//1613 2035//1614 2006//1585 
f 2033//1612 2034//1613 2005//1584 
f 2032//1611 2033//1612 2004//1583 
f 2031//1610 2032//1611 2003//1582 
f 2030//1609 2031//1610 2002//1581 
f 2029//1608 2030//1609 2001//1580 
f 2028//1607 2029//1608 2000//1579 
f 2027//1606 2028//1607 1999//1578 
f 2026//1605 2027//1606 1998//1577 
f 2025//1604 2026//1605 1997//1576 
f 2024//1603 2025//1604 1996//1575 
f 2023//1602 2024//1603 1995//1574 
f 2022//1601 2023//1602 1994//1573 
f 2021//1600 2022//1601 1993//1572 
f 2020//1599 2021//1600 1992//1571 
f 2019//1598 2020//1599 1991//1570 
f 2018//1597 2019//1598 1990//1569 
f 2017//1596 2018//1597 1989//1568 
f 2016//1595 2017//1596 1988//1567 
f 2015//1594 2016//1595 1987//1566 
f 2014//1593 2015//1594 1986//1565 
f 2013//1592 2041//1620 2012//1591 
f 2011//1590 2013//1592 1984//1563 
f 2010//1589 2011//1590 1982//1561 
f 2009//1588 2010//1589 1981//1560 
f 2008//1587 2009//1588 1980//1559 
f 2007//1586 2008//1587 1979//1558 
f 2006//1585 2007//1586 1978//1557 
f 2005//1584 2006//1585 1977//1556 
f 2004//1583 2005//1584 1976//1555 
f 2003//1582 2004//1583 1975//1554 
f 2002//1581 2003//1582 1974//1553 
f 2001//1580 2002//1581 1973//1552 
f 2000//1579 2001//1580 1972//1551 
f 1999//1578 2000//1579 1971//1550 
f 1998//1577 1999//1578 1970//1549 
f 1997//1576 1998//1577 1969//1548 
f 1996//1575 1997//1576 1968//1547 
f 1995//1574 1996//1575 1967//1546 
f 1994//1573 1995//1574 1966//1545 
f 1993//1572 1994//1573 1965//1544 
f 1992//1571 1993//1572 1964//1543 
f 1991//1570 1992//1571 1963//1542 
f 1990//1569 1991//1570 1962//1541 
f 1989//1568 1990//1569 1961//1540 
f 1988//1567 1989//1568 1960//1539 
f 1987//1566 1988//1567 1959//1538 
f 1986//1565 1987//1566 1958//1537 
f 1985//1564 1986//1565 1957//1536 
f 1984//1563 2012//1591 1983//1562 
f 1982//1561 1984//1563 1955//1534 
f 1981//1560 1982//1561 1953//1532 
f 1980//1559 1981//1560 1952//1531 
f 1979//1558 1980//1559 1951//1530 
f 1978//1557 1979//1558 1950//1529 
f 1977//1556 1978//1557 1949//1528 
f 1976//1555 1977//1556 1948//1527 
f 1975//1554 1976//1555 1947//1526 
f 1974//1553 1975//1554 1946//1525 
f 1973//1552 1974//1553 1945//1524 
f 1972//1551 1973//1552 1944//1523 
f 1971//1550 1972//1551 1943//1522 
f 1970//1549 1971//1550 1942//1521 
f 1969//1548 1970//1549 1941//1520 
f 1968//1547 1969//1548 1940//1519 
f 1967//1546 1968//1547 1939//1518 
f 1966//1545 1967//1546 1938//1517 
f 1965//1544 1966//1545 1937//1516 
f 1964//1543 1965//1544 1936//1515 
f 1963//1542 1964//1543 1935//1514 
f 1962//1541 1963//1542 1934//1513 
f 1961//1540 1962//1541 1933//1512 
f 1960//1539 1961//1540 1932//1511 
f 1959//1538 1960//1539 1931//1510 
f 1958//1537 1959//1538 1930//1509 
f 1957//1536 1958//1537 1929//1508 
f 1956//1535 1957//1536 1928//1507 
f 1955//1534 1983//1562 1954//1533 
f 1953//1532 1955//1534 1926//1505 
f 1952//1531 1953//1532 1924//1503 
f 1951//1530 1952//1531 1923//1502 
f 1950//1529 1951//1530 1922//1501 
f 1949//1528 1950//1529 1921//1500 
f 1948//1527 1949//1528 1920//1499 
f 1947//1526 1948//1527 1919//1498 
f 1946//1525 1947//1526 1918//1497 
f 1945//1524 1946//1525 1917//1496 
f 1944//1523 1945//1524 1916//1495 
f 1943//1522 1944//1523 1915//1494 
f 1942//1521 1943//1522 1914//1493 
f 1941//1520 1942//1521 1913//1492 
f 1940//1519 1941//1520 1912//1491 
f 1939//1518 1940//1519 1911//1490 
f 1938//1517 1939//1518 1910//1489 
f 1937//1516 1938//1517 1909//1488 
f 1936//1515 1937//1516 1908//1487 
f 1935//1514 1936//1515 1907//1486 
f 1934//1513 1935//1514 1906//1485 
f 1933//1512 1934//1513 1905//1484 
f 1932//1511 1933//1512 1904//1483 
f 1931//1510 1932//1511 1903//1482 
f 1930//1509 1931//1510 1902//1481 
f 1929//1508 1930//1509 1901//1480 
f 1928//1507 1929//1508 1900//1479 
f 1927//1506 1928//1507 1899//1478 
f 1926//1505 1954//1533 1925//1504 
f 1924//1503 1926//1505 1897//1476 
f 1923//1502 1924//1503 1895//1474 
f 1922//1501 1923//1502 1894//1473 
f 1921//1500 1922//1501 1893//1472 
f 1920//1499 1921//1500 1892//1471 
f 1919//1498 1920//1499 1891//1470 
f 1918//1497 1919//1498 1890//1469 
f 1917//1496 1918//1497 1889//1468 
f 1916//1495 1917//1496 1888//1467 
f 1915//1494 1916//1495 1887//1466 
f 1914//1493 1915//1494 1886//1465 
f 1913//1492 1914//1493 1885//1464 
f 1912//1491 1913//1492 1884//1463 
f 1911//1490 1912//1491 1883//1462 
f 1910//1489 1911//1490 1882//1461 
f 1909//1488 1910//1489 1881//1460 
f 1908//1487 1909//1488 1880//1459 
f 1907//1486 1908//1487 1879//1458 
f 1906//1485 1907//1486 1878//1457 
f 1905//1484 1906//1485 1877//1456 
f 1904//1483 1905//1484 1876//1455 
f 1903//1482 1904//1483 1875//1454 
f 1902//1481 1903//1482 1874//1453 
f 1901//1480 1902//1481 1873//1452 
f 1900//1479 1901//1480 1872//1451 
f 1899//1478 1900//1479 1871//1450 
f 1898//1477 1899//1478 1870//1449 
f 1897//1476 1925//1504 1896//1475 
f 1895//1474 1897//1476 1868//1447 
f 1894//1473 1895//1474 1866//1445 
f 1893//1472 1894//1473 1865//1444 
f 1892//1471 1893//1472 1864//1443 
f 1891//1470 1892//1471 1863//1442 
f 1890//1469 1891//1470 1862//1441 
f 1889//1468 1890//1469 1861//1440 
f 1888//1467 1889//1468 1860//1439 
f 1887//1466 1888//1467 1859//1438 
f 1886//1465 1887//1466 1858//1437 
f 1885//1464 1886//1465 1857//1436 
f 1884//1463 1885//1464 1856//1435 
f 1883//1462 1884//1463 1855//1434 
f 1882//1461 1883//1462 1854//1433 
f 1881//1460 1882//1461 1853//1432 
f 1880//1459 1881//1460 1852//1431 
f 1879//1458 1880//1459 1851//1430 
f 1878//1457 1879//1458 1850//1429 
f 1877//1456 1878//1457 1849//1428 
f 1876//1455 1877//1456 1848//1427 
f 1875//1454 1876//1455 1847//1426 
f 1874//1453 1875//1454 1846//1425 
f 1873//1452 1874//1453 1845//1424 
f 1872//1451 1873//1452 1844//1423 
f 1871//1450 1872//1451 1843//1422 
f 1870//1449 1871//1450 1842//1421 
f 1869//1448 1870//1449 1841//1420 
f 1868//1447 1896//1475 1867//1446 
f 1866//1445 1868//1447 1839//1418 
f 1865//1444 1866//1445 1838//1417 
f 1864//1443 1865//1444 1837//1416 
f 1863//1442 1864//1443 1836//1415 
f 1862//1441 1863//1442 1835//1414 
f 1861//1440 1862//1441 1834//1413 
f 1860//1439 1861//1440 1833//1412 
f 1859//1438 1860//1439 1832//1411 
f 1858//1437 1859//1438 1831//1410 
f 1857//1436 1858//1437 1830//1409 
f 1856//1435 1857//1436 1829//1408 
f 1855//1434 1856//1435 1828//1407 
f 1854//1433 1855//1434 1827//1406 
f 1853//1432 1854//1433 1826//1405 
f 1852//1431 1853//1432 1825//1404 
f 1851//1430 1852//1431 1824//1403 
f 1850//1429 1851//1430 1823//1402 
f 1849//1428 1850//1429 1822//1401 
f 1848//1427 1849//1428 1821//1400 
f 1847//1426 1848//1427 1820//1399 
f 1846//1425 1847//1426 1819//1398 
f 1845//1424 1846//1425 1818//1397 
f 1844//1423 1845//1424 1817//1396 
f 1843//1422 1844//1423 1816//1395 
f 1842//1421 1843//1422 1815//1394 
f 1841//1420 1842//1421 1814//1393 
f 1840//1419 1841//1420 1813//1392 
f 1839//1418 1867//1446 1811//1390 
f 1838//1417 1839//1418 1809//1388 
f 1837//1416 1838//1417 1808//1387 
f 1836//1415 1837//1416 1807//1386 
f 1835//1414 1836//1415 1806//1385 
f 1834//1413 1835//1414 1805//1384 
f 1833//1412 1834//1413 1804//1383 
f 1832//1411 1833//1412 1803//1382 
f 1831//1410 1832//1411 1802//1381 
f 1830//1409 1831//1410 1801//1380 
f 1829//1408 1830//1409 1800//1379 
f 1828//1407 1829//1408 1799//1378 
f 1827//1406 1828//1407 1798//1377 
f 1826//1405 1827//1406 1797//1376 
f 1825//1404 1826//1405 1796//1375 
f 1824//1403 1825//1404 1795//1374 
f 1823//1402 1824//1403 1794//1373 
f 1822//1401 1823//1402 1793//1372 
f 1821//1400 1822//1401 1792//1371 
f 1820//1399 1821//1400 1791//1370 
f 1819//1398 1820//1399 1790//1369 
f 1818//1397 1819//1398 1789//1368 
f 1817//1396 1818//1397 1788//1367 
f 1816//1395 1817//1396 1787//1366 
f 1815//1394 1816//1395 1786//1365 
f 1814//1393 1815//1394 1785//1364 
f 1813//1392 1814//1393 1784//1363 
f 1812//1391 1813//1392 1783//1362 
f 1811//1390 2160//1800 1810//1389 
f 1809//1388 1811//1390 1780//1359 
f 1808//1387 1809//1388 1778//1357 
f 1807//1386 1808//1387 1777//1356 
f 1806//1385 1807//1386 1776//1355 
f 1805//1384 1806//1385 1775//1354 
f 1804//1383 1805//1384 1774//1353 
f 1803//1382 1804//1383 1773//1352 
f 1802//1381 1803//1382 1772//1351 
f 1801//1380 1802//1381 1771//1350 
f 1800//1379 1801//1380 1770//1349 
f 1799//1378 1800//1379 1769//1348 
f 1798//1377 1799//1378 1768//1347 
f 1797//1376 1798//1377 1767//1346 
f 1796//1375 1797//1376 1766//1345 
f 1795//1374 1796//1375 1765//1344 
f 1794//1373 1795//1374 1764//1343 
f 1793//1372 1794//1373 1763//1342 
f 1792//1371 1793//1372 1762//1341 
f 1791//1370 1792//1371 1761//1340 
f 1790//1369 1791//1370 1760//1339 
f 1789//1368 1790//1369 1759//1338 
f 1788//1367 1789//1368 1758//1337 
f 1787//1366 1788//1367 1757//1336 
f 1786//1365 1787//1366 1756//1335 
f 1785//1364 1786//1365 1755//1334 
f 1784//1363 1785//1364 1754//1333 
f 1783//1362 1784//1363 1753//1332 
f 1782//1361 1783//1362 1752//1331 
f 1781//1360 1782//1361 1751//1330 
f 1780//1359 1810//1389 1779//1358 
f 1778//1357 1780//1359 1749//1328 
f 1777//1356 1778//1357 1747//1326 
f 1776//1355 1777//1356 1746//1325 
f 1775//1354 1776//1355 1745//1324 
f 1774//1353 1775//1354 1744//1323 
f 1773//1352 1774//1353 1743//1322 
f 1772//1351 1773//1352 1742//1321 
f 1771//1350 1772//1351 1741//1320 
f 1770//1349 1771//1350 1740//1319 
f 1769//1348 1770//1349 1739//1318 
f 1768//1347 1769//1348 1738//1317 
f 1767//1346 1768//1347 1737//1316 
f 1766//1345 1767//1346 1736//1315 
f 1765//1344 1766//1345 1735//1314 
f 1764//1343 1765//1344 1734//1313 
f 1763//1342 1764//1343 1733//1312 
f 1762//1341 1763//1342 1732//1311 
f 1761//1340 1762//1341 1731//1310 
f 1760//1339 1761//1340 1730//1309 
f 1759//1338 1760//1339 1729//1308 
f 1758//1337 1759//1338 1728//1307 
f 1757//1336 1758//1337 1727//1306 
f 1756//1335 1757//1336 1726//1305 
f 1755//1334 1756//1335 1725//1304 
f 1754//1333 1755//1334 1724//1303 
f 1753//1332 1754//1333 1723//1302 
f 1752//1331 1753//1332 1722//1301 
f 1751//1330 1752//1331 1721//1300 
f 1750//1329 1751//1330 1720//1299 
f 1749//1328 1779//1358 1748//1327 
f 1747//1326 1749//1328 1718//1297 
f 1746//1325 1747//1326 1716//1295 
f 1745//1324 1746//1325 1715//1294 
f 1744//1323 1745//1324 1714//1293 
f 1743//1322 1744//1323 1713//1292 
f 1742//1321 1743//1322 1712//1291 
f 1741//1320 1742//1321 1711//1290 
f 1740//1319 1741//1320 1710//1289 
f 1739//1318 1740//1319 1709//1288 
f 1738//1317 1739//1318 1708//1287 
f 1737//1316 1738//1317 1707//1286 
f 1736//1315 1737//1316 1706//1285 
f 1735//1314 1736//1315 1705//1284 
f 1734//1313 1735//1314 1704//1283 
f 1733//1312 1734//1313 1703//1282 
f 1732//1311 1733//1312 1702//1281 
f 1731//1310 1732//1311 1701//1280 
f 1730//1309 1731//1310 1700//1279 
f 1729//1308 1730//1309 1699//1278 
f 1728//1307 1729//1308 1698//1277 
f 1727//1306 1728//1307 1697//1276 
f 1726//1305 1727//1306 1696//1275 
f 1725//1304 1726//1305 1695//1274 
f 1724//1303 1725//1304 1694//1273 
f 1723//1302 1724//1303 1693//1272 
f 1722//1301 1723//1302 1692//1271 
f 1721//1300 1722//1301 1691//1270 
f 1720//1299 1721//1300 1690//1269 
f 1719//1298 1720//1299 1689//1268 
f 1718//1297 1748//1327 1717//1296 
f 1716//1295 1718//1297 1687//1266 
f 1715//1294 1716//1295 1685//1264 
f 1714//1293 1715//1294 1684//1263 
f 1713//1292 1714//1293 1683//1262 
f 1712//1291 1713//1292 1682//1261 
f 1711//1290 1712//1291 1681//1260 
f 1710//1289 1711//1290 1680//1259 
f 1709//1288 1710//1289 1679//1258 
f 1708//1287 1709//1288 1678//1257 
f 1707//1286 1708//1287 1677//1256 
f 1706//1285 1707//1286 1676//1255 
f 1705//1284 1706//1285 1675//1254 
f 1704//1283 1705//1284 1674//1253 
f 1703//1282 1704//1283 1673//1252 
f 1702//1281 1703//1282 1672//1251 
f 1701//1280 1702//1281 1671//1250 
f 1700//1279 1701//1280 1670//1249 
f 1699//1278 1700//1279 1669//1248 
f 1698//1277 1699//1278 1668//1247 
f 1697//1276 1698//1277 1667//1246 
f 1696//1275 1697//1276 1666//1245 
f 1695//1274 1696//1275 1665//1244 
f 1694//1273 1695//1274 1664//1243 
f 1693//1272 1694//1273 1663//1242 
f 1692//1271 1693//1272 1662//1241 
f 1691//1270 1692//1271 1661//1240 
f 1690//1269 1691//1270 1660//1239 
f 1689//1268 1690//1269 1659//1238 
f 1688//1267 1689//1268 1658//1237 
f 1687//1266 1717//1296 1686//1265 
f 1685//1264 1687//1266 1656//1235 
f 1684//1263 1685//1264 1654//1233 
f 1683//1262 1684//1263 1653//1232 
f 1682//1261 1683//1262 1652//1231 
f 1681//1260 1682//1261 1651//1230 
f 1680//1259 1681//1260 1650//1229 
f 1679//1258 1680//1259 1649//1228 
f 1678//1257 1679//1258 1648//1227 
f 1677//1256 1678//1257 1647//1226 
f 1676//1255 1677//1256 1646//1225 
f 1675//1254 1676//1255 1645//1224 
f 1674//1253 1675//1254 1644//1223 
f 1673//1252 1674//1253 1643//1222 
f 1672//1251 1673//1252 1642//1221 
f 1671//1250 1672//1251 1641//1220 
f 1670//1249 1671//1250 1640//1219 
f 1669//1248 1670//1249 1639//1218 
f 1668//1247 1669//1248 1638//1217 
f 1667//1246 1668//1247 1637//1216 
f 1666//1245 1667//1246 1636//1215 
f 1665//1244 1666//1245 1635//1214 
f 1664//1243 1665//1244 1634//1213 
f 1663//1242 1664//1243 1633//1212 
f 1662//1241 1663//1242 1632//1211 
f 1661//1240 1662//1241 1631//1210 
f 1660//1239 1661//1240 1630//1209 
f 1659//1238 1660//1239 1629//1208 
f 1658//1237 1659//1238 1628//1207 
f 1657//1236 1658//1237 1627//1206 
f 1656//1235 1686//1265 1655//1234 
f 1654//1233 1656//1235 1625//1204 
f 1653//1232 1654//1233 1623//1202 
f 1652//1231 1653//1232 1622//1201 
f 1651//1230 1652//1231 1621//1200 
f 1650//1229 1651//1230 1620//1199 
f 1649//1228 1650//1229 1619//1198 
f 1648//1227 1649//1228 1618//1197 
f 1647//1226 1648//1227 1617//1196 
f 1646//1225 1647//1226 1616//1195 
f 1645//1224 1646//1225 1615//1194 
f 1644//1223 1645//1224 1614//1193 
f 1643//1222 1644//1223 1613//1192 
f 1642//1221 1643//1222 1612//1191 
f 1641//1220 1642//1221 1611//1190 
f 1640//1219 1641//1220 1610//1189 
f 1639//1218 1640//1219 1609//1188 
f 1638//1217 1639//1218 1608//1187 
f 1637//1216 1638//1217 1607//1186 
f 1636//1215 1637//1216 1606//1185 
f 1635//1214 1636//1215 1605//1184 
f 1634//1213 1635//1214 1604//1183 
f 1633//1212 1634//1213 1603//1182 
f 1632//1211 1633//1212 1602//1181 
f 1631//1210 1632//1211 1601//1180 
f 1630//1209 1631//1210 1600//1179 
f 1629//1208 1630//1209 1599//1178 
f 1628//1207 1629//1208 1598//1177 
f 1627//1206 1628//1207 1597//1176 
f 1626//1205 1627//1206 1596//1175 
f 1625//1204 1655//1234 1624//1203 
f 1623//1202 1625//1204 1594//1173 
f 1622//1201 1623//1202 1592//1171 
f 1621//1200 1622//1201 1591//1170 
f 1620//1199 1621//1200 1590//1169 
f 1619//1198 1620//1199 1589//1168 
f 1618//1197 1619//1198 1588//1167 
f 1617//1196 1618//1197 1587//1166 
f 1616//1195 1617//1196 1586//1165 
f 1615//1194 1616//1195 1585//1164 
f 1614//1193 1615//1194 1584//1163 
f 1613//1192 1614//1193 1583//1162 
f 1612//1191 1613//1192 1582//1161 
f 1611//1190 1612//1191 1581//1160 
f 1610//1189 1611//1190 1580//1159 
f 1609//1188 1610//1189 1579//1158 
f 1608//1187 1609//1188 1578//1157 
f 1607//1186 1608//1187 1577//1156 
f 1606//1185 1607//1186 1576//1155 
f 1605//1184 1606//1185 1575//1154 
f 1604//1183 1605//1184 1574//1153 
f 1603//1182 1604//1183 1573//1152 
f 1602//1181 1603//1182 1572//1151 
f 1601//1180 1602//1181 1571//1150 
f 1600//1179 1601//1180 1570//1149 
f 1599//1178 1600//1179 1569//1148 
f 1598//1177 1599//1178 1568//1147 
f 1597//1176 1598//1177 1567//1146 
f 1596//1175 1597//1176 1566//1145 
f 1595//1174 1596//1175 1565//1144 
f 1594//1173 1624//1203 1593//1172 
f 1592//1171 1594//1173 1563//1142 
f 1591//1170 1592//1171 1562//1141 
f 1590//1169 1591//1170 1561//1140 
f 1589//1168 1590//1169 1560//1139 
f 1588//1167 1589//1168 1559//1138 
f 1587//1166 1588//1167 1558//1137 
f 1586//1165 1587//1166 1557//1136 
f 1585//1164 1586//1165 1556//1135 
f 1584//1163 1585//1164 1555//1134 
f 1583//1162 1584//1163 1554//1133 
f 1582//1161 1583//1162 1553//1132 
f 1581//1160 1582//1161 1552//1131 
f 1580//1159 1581//1160 1551//1130 
f 1579//1158 1580//1159 1550//1129 
f 1578//1157 1579//1158 1549//1128 
f 1577//1156 1578//1157 1548//1127 
f 1576//1155 1577//1156 1547//1126 
f 1575//1154 1576//1155 1546//1125 
f 1574//1153 1575//1154 1545//1124 
f 1573//1152 1574//1153 1544//1123 
f 1572//1151 1573//1152 1543//1122 
f 1571//1150 1572//1151 1542//1121 
f 1570//1149 1571//1150 1541//1120 
f 1569//1148 1570//1149 1540//1119 
f 1568//1147 1569//1148 1539//1118 
f 1567//1146 1568//1147 1538//1117 
f 1566//1145 1567//1146 1537//1116 
f 1565//1144 1566//1145 1536//1115 
f 1564//1143 1565//1144 1535//1114 
f 1563//1142 1593//1172 1533//1112 
f 1562//1141 1563//1142 1531//1110 
f 1561//1140 1562//1141 1530//1109 
f 1560//1139 1561//1140 1529//1108 
f 1559//1138 1560//1139 1528//1107 
f 1558//1137 1559//1138 1527//1106 
f 1557//1136 1558//1137 1526//1105 
f 1556//1135 1557//1136 1525//1104 
f 1555//1134 1556//1135 1524//1103 
f 1554//1133 1555//1134 1523//1102 
f 1553//1132 1554//1133 1522//1101 
f 1552//1131 1553//1132 1521//1100 
f 1551//1130 1552//1131 1520//1099 
f 1550//1129 1551//1130 1519//1098 
f 1549//1128 1550//1129 1518//1097 
f 1548//1127 1549//1128 1517//1096 
f 1547//1126 1548//1127 1516//1095 
f 1546//1125 1547//1126 1515//1094 
f 1545//1124 1546//1125 1514//1093 
f 1544//1123 1545//1124 1513//1092 
f 1543//1122 1544//1123 1512//1091 
f 1542//1121 1543//1122 1511//1090 
f 1541//1120 1542//1121 1510//1089 
f 1540//1119 1541//1120 1509//1088 
f 1539//1118 1540//1119 1508//1087 
f 1538//1117 1539//1118 1507//1086 
f 1537//1116 1538//1117 1506//1085 
f 1536//1115 1537//1116 1505//1084 
f 1535//1114 1536//1115 1504//1083 
f 1534//1113 1535//1114 1503//1082 
f 1533//1112 2161//1821 1532//1111 
f 1531//1110 1533//1112 1500//1079 
f 1530//1109 1531//1110 1498//1077 
f 1529//1108 1530//1109 1497//1076 
f 1528//1107 1529//1108 1496//1075 
f 1527//1106 1528//1107 1495//1074 
f 1526//1105 1527//1106 1494//1073 
f 1525//1104 1526//1105 1493//1072 
f 1524//1103 1525//1104 1492//1071 
f 1523//1102 1524//1103 1491//1070 
f 1522//1101 1523//1102 1490//1069 
f 1521//1100 1522//1101 1489//1068 
f 1520//1099 1521//1100 1488//1067 
f 1519//1098 1520//1099 1487//1066 
f 1518//1097 1519//1098 1486//1065 
f 1517//1096 1518//1097 1485//1064 
f 1516//1095 1517//1096 1484//1063 
f 1515//1094 1516//1095 1483//1062 
f 1514//1093 1515//1094 1482//1061 
f 1513//1092 1514//1093 1481//1060 
f 1512//1091 1513//1092 1480//1059 
f 1511//1090 1512//1091 1479//1058 
f 1510//1089 1511//1090 1478//1057 
f 1509//1088 1510//1089 1477//1056 
f 1508//1087 1509//1088 1476//1055 
f 1507//1086 1508//1087 1475//1054 
f 1506//1085 1507//1086 1474//1053 
f 1505//1084 1506//1085 1473//1052 
f 1504//1083 1505//1084 1472//1051 
f 1503//1082 1504//1083 1471//1050 
f 1502//1081 1503//1082 1470//1049 
f 1501//1080 1502//1081 1469//1048 
f 1500//1079 1532//1111 1499//1078 
f 1498//1077 1500//1079 1467//1046 
f 1497//1076 1498//1077 1465//1044 
f 1496//1075 1497//1076 1464//1043 
f 1495//1074 1496//1075 1463//1042 
f 1494//1073 1495//1074 1462//1041 
f 1493//1072 1494//1073 1461//1040 
f 1492//1071 1493//1072 1460//1039 
f 1491//1070 1492//1071 1459//1038 
f 1490//1069 1491//1070 1458//1037 
f 1489//1068 1490//1069 1457//1036 
f 1488//1067 1489//1068 1456//1035 
f 1487//1066 1488//1067 1455//1034 
f 1486//1065 1487//1066 1454//1033 
f 1485//1064 1486//1065 1453//1032 
f 1484//1063 1485//1064 1452//1031 
f 1483//1062 1484//1063 1451//1030 
f 1482//1061 1483//1062 1450//1029 
f 1481//1060 1482//1061 1449//1028 
f 1480//1059 1481//1060 1448//1027 
f 1479//1058 1480//1059 1447//1026 
f 1478//1057 1479//1058 1446//1025 
f 1477//1056 1478//1057 1445//1024 
f 1476//1055 1477//1056 1444//1023 
f 1475//1054 1476//1055 1443//1022 
f 1474//1053 1475//1054 1442//1021 
f 1473//1052 1474//1053 1441//1020 
f 1472//1051 1473//1052 1440//1019 
f 1471//1050 1472//1051 1439//1018 
f 1470//1049 1471//1050 1438//1017 
f 1469//1048 1470//1049 1437//1016 
f 1468//1047 1469//1048 1436//1015 
f 1467//1046 1499//1078 1466//1045 
f 1465//1044 1467//1046 1434//1013 
f 1464//1043 1465//1044 1432//1011 
f 1463//1042 1464//1043 1431//1010 
f 1462//1041 1463//1042 1430//1009 
f 1461//1040 1462//1041 1429//1008 
f 1460//1039 1461//1040 1428//1007 
f 1459//1038 1460//1039 1427//1006 
f 1458//1037 1459//1038 1426//1005 
f 1457//1036 1458//1037 1425//1004 
f 1456//1035 1457//1036 1424//1003 
f 1455//1034 1456//1035 1423//1002 
f 1454//1033 1455//1034 1422//1001 
f 1453//1032 1454//1033 1421//1000 
f 1452//1031 1453//1032 1420//999 
f 1451//1030 1452//1031 1419//998 
f 1450//1029 1451//1030 1418//997 
f 1449//1028 1450//1029 1417//996 
f 1448//1027 1449//1028 1416//995 
f 1447//1026 1448//1027 1415//994 
f 1446//1025 1447//1026 1414//993 
f 1445//1024 1446//1025 1413//992 
f 1444//1023 1445//1024 1412//991 
f 1443//1022 1444//1023 1411//990 
f 1442//1021 1443//1022 1410//989 
f 1441//1020 1442//1021 1409//988 
f 1440//1019 1441//1020 1408//987 
f 1439//1018 1440//1019 1407//986 
f 1438//1017 1439//1018 1406//985 
f 1437//1016 1438//1017 1405//984 
f 1436//1015 1437//1016 1404//983 
f 1435//1014 1436//1015 1403//982 
f 1434//1013 1466//1045 1433//1012 
f 1432//1011 1434//1013 1401//980 
f 1431//1010 1432//1011 1399//978 
f 1430//1009 1431//1010 1398//977 
f 1429//1008 1430//1009 1397//976 
f 1428//1007 1429//1008 1396//975 
f 1427//1006 1428//1007 1395//974 
f 1426//1005 1427//1006 1394//973 
f 1425//1004 1426//1005 1393//972 
f 1424//1003 1425//1004 1392//971 
f 1423//1002 1424//1003 1391//970 
f 1422//1001 1423//1002 1390//969 
f 1421//1000 1422//1001 1389//968 
f 1420//999 1421//1000 1388//967 
f 1419//998 1420//999 1387//966 
f 1418//997 1419//998 1386//965 
f 1417//996 1418//997 1385//964 
f 1416//995 1417//996 1384//963 
f 1415//994 1416//995 1383//962 
f 1414//993 1415//994 1382//961 
f 1413//992 1414//993 1381//960 
f 1412//991 1413//992 1380//959 
f 1411//990 1412//991 1379//958 
f 1410//989 1411//990 1378//957 
f 1409//988 1410//989 1377//956 
f 1408//987 1409//988 1376//955 
f 1407//986 1408//987 1375//954 
f 1406//985 1407//986 1374//953 
f 1405//984 1406//985 1373//952 
f 1404//983 1405//984 1372//951 
f 1403//982 1404//983 1371//950 
f 1402//981 1403//982 1370//949 
f 1401//980 1433//1012 1400//979 
f 1399//978 1401//980 1368//947 
f 1398//977 1399//978 1366//945 
f 1397//976 1398//977 1365//944 
f 1396//975 1397//976 1364//943 
f 1395//974 1396//975 1363//942 
f 1394//973 1395//974 1362//941 
f 1393//972 1394//973 1361//940 
f 1392//971 1393//972 1360//939 
f 1391//970 1392//971 1359//938 
f 1390//969 1391//970 1358//937 
f 1389//968 1390//969 1357//936 
f 1388//967 1389//968 1356//935 
f 1387//966 1388//967 1355//934 
f 1386//965 1387//966 1354//933 
f 1385//964 1386//965 1353//932 
f 1384//963 1385//964 1352//931 
f 1383//962 1384//963 1351//930 
f 1382//961 1383//962 1350//929 
f 1381//960 1382//961 1349//928 
f 1380//959 1381//960 1348//927 
f 1379//958 1380//959 1347//926 
f 1378//957 1379//958 1346//925 
f 1377//956 1378//957 1345//924 
f 1376//955 1377//956 1344//923 
f 1375//954 1376//955 1343//922 
f 1374//953 1375//954 1342//921 
f 1373//952 1374//953 1341//920 
f 1372//951 1373//952 1340//919 
f 1371//950 1372//951 1339//918 
f 1370//949 1371//950 1338//917 
f 1369//948 1370//949 1337//916 
f 1368//947 1400//979 1367//946 
f 1366//945 1368//947 1335//914 
f 1365//944 1366//945 1334//913 
f 1364//943 1365//944 1333//912 
f 1363//942 1364//943 1332//911 
f 1362//941 1363//942 1331//910 
f 1361//940 1362//941 1330//909 
f 1360//939 1361//940 1329//908 
f 1359//938 1360//939 1328//907 
f 1358//937 1359//938 1327//906 
f 1357//936 1358//937 1326//905 
f 1356//935 1357//936 1325//904 
f 1355//934 1356//935 1324//903 
f 1354//933 1355//934 1323//902 
f 1353//932 1354//933 1322//901 
f 1352//931 1353//932 1321//900 
f 1351//930 1352//931 1320//899 
f 1350//929 1351//930 1319//898 
f 1349//928 1350//929 1318//897 
f 1348//927 1349//928 1317//896 
f 1347//926 1348//927 1316//895 
f 1346//925 1347//926 1315//894 
f 1345//924 1346//925 1314//893 
f 1344//923 1345//924 1313//892 
f 1343//922 1344//923 1312//891 
f 1342//921 1343//922 1311//890 
f 1341//920 1342//921 1310//889 
f 1340//919 1341//920 1309//888 
f 1339//918 1340//919 1308//887 
f 1338//917 1339//918 1307//886 
f 1337//916 1338//917 1306//885 
f 1336//915 1337//916 1305//884 
f 1335//914 1367//946 1303//882 
f 1334//913 1335//914 1301//880 
f 1333//912 1334//913 1300//879 
f 1332//911 1333//912 1299//878 
f 1331//910 1332//911 1298//877 
f 1330//909 1331//910 1297//876 
f 1329//908 1330//909 1296//875 
f 1328//907 1329//908 1295//874 
f 1327//906 1328//907 1294//873 
f 1326//905 1327//906 1293//872 
f 1325//904 1326//905 1292//871 
f 1324//903 1325//904 1291//870 
f 1323//902 1324//903 1290//869 
f 1322//901 1323//902 1289//868 
f 1321//900 1322//901 1288//867 
f 1320//899 1321//900 1287//866 
f 1319//898 1320//899 1286//865 
f 1318//897 1319//898 1285//864 
f 1317//896 1318//897 1284//863 
f 1316//895 1317//896 1283//862 
f 1315//894 1316//895 1282//861 
f 1314//893 1315//894 1281//860 
f 1313//892 1314//893 1280//859 
f 1312//891 1313//892 1279//858 
f 1311//890 1312//891 1278//857 
f 1310//889 1311//890 1277//856 
f 1309//888 1310//889 1276//855 
f 1308//887 1309//888 1275//854 
f 1307//886 1308//887 1274//853 
f 1306//885 1307//886 1273//852 
f 1305//884 1306//885 1272//851 
f 1304//883 1305//884 1271//850 
f 1303//882 2162//1839 1302//881 
f 1301//880 1303//882 1268//847 
f 1300//879 1301//880 1266//845 
f 1299//878 1300//879 1265//844 
f 1298//877 1299//878 1264//843 
f 1297//876 1298//877 1263//842 
f 1296//875 1297//876 1262//841 
f 1295//874 1296//875 1261//840 
f 1294//873 1295//874 1260//839 
f 1293//872 1294//873 1259//838 
f 1292//871 1293//872 1258//837 
f 1291//870 1292//871 1257//836 
f 1290//869 1291//870 1256//835 
f 1289//868 1290//869 1255//834 
f 1288//867 1289//868 1254//833 
f 1287//866 1288//867 1253//832 
f 1286//865 1287//866 1252//831 
f 1285//864 1286//865 1251//830 
f 1284//863 1285//864 1250//829 
f 1283//862 1284//863 1249//828 
f 1282//861 1283//862 1248//827 
f 1281//860 1282//861 1247//826 
f 1280//859 1281//860 1246//825 
f 1279//858 1280//859 1245//824 
f 1278//857 1279//858 1244//823 
f 1277//856 1278//857 1243//822 
f 1276//855 1277//856 1242//821 
f 1275//854 1276//855 1241//820 
f 1274//853 1275//854 1240//819 
f 1273//852 1274//853 1239//818 
f 1272//851 1273//852 1238//817 
f 1271//850 1272//851 1237//816 
f 1270//849 1271//850 1236//815 
f 1269//848 1270//849 1235//814 
f 1268//847 1302//881 1267//846 
f 1266//845 1268//847 1233//812 
f 1265//844 1266//845 1231//810 
f 1264//843 1265//844 1230//809 
f 1263//842 1264//843 1229//808 
f 1262//841 1263//842 1228//807 
f 1261//840 1262//841 1227//806 
f 1260//839 1261//840 1226//805 
f 1259//838 1260//839 1225//804 
f 1258//837 1259//838 1224//803 
f 1257//836 1258//837 1223//802 
f 1256//835 1257//836 1222//801 
f 1255//834 1256//835 1221//800 
f 1254//833 1255//834 1220//799 
f 1253//832 1254//833 1219//798 
f 1252//831 1253//832 1218//797 
f 1251//830 1252//831 1217//796 
f 1250//829 1251//830 1216//795 
f 1249//828 1250//829 1215//794 
f 1248//827 1249//828 1214//793 
f 1247//826 1248//827 1213//792 
f 1246//825 1247//826 1212//791 
f 1245//824 1246//825 1211//790 
f 1244//823 1245//824 1210//789 
f 1243//822 1244//823 1209//788 
f 1242//821 1243//822 1208//787 
f 1241//820 1242//821 1207//786 
f 1240//819 1241//820 1206//785 
f 1239//818 1240//819 1205//784 
f 1238//817 1239//818 1204//783 
f 1237//816 1238//817 1203//782 
f 1236//815 1237//816 1202//781 
f 1235//814 1236//815 1201//780 
f 1234//813 1235//814 1200//779 
f 1233//812 1267//846 1232//811 
f 1231//810 1233//812 1198//777 
f 1230//809 1231//810 1196//775 
f 1229//808 1230//809 1195//774 
f 1228//807 1229//808 1194//773 
f 1227//806 1228//807 1193//772 
f 1226//805 1227//806 1192//771 
f 1225//804 1226//805 1191//770 
f 1224//803 1225//804 1190//769 
f 1223//802 1224//803 1189//768 
f 1222//801 1223//802 1188//767 
f 1221//800 1222//801 1187//766 
f 1220//799 1221//800 1186//765 
f 1219//798 1220//799 1185//764 
f 1218//797 1219//798 1184//763 
f 1217//796 1218//797 1183//762 
f 1216//795 1217//796 1182//761 
f 1215//794 1216//795 1181//760 
f 1214//793 1215//794 1180//759 
f 1213//792 1214//793 1179//758 
f 1212//791 1213//792 1178//757 
f 1211//790 1212//791 1177//756 
f 1210//789 1211//790 1176//755 
f 1209//788 1210//789 1175//754 
f 1208//787 1209//788 1174//753 
f 1207//786 1208//787 1173//752 
f 1206//785 1207//786 1172//751 
f 1205//784 1206//785 1171//750 
f 1204//783 1205//784 1170//749 
f 1203//782 1204//783 1169//748 
f 1202//781 1203//782 1168//747 
f 1201//780 1202//781 1167//746 
f 1200//779 1201//780 1166//745 
f 1199//778 1200//779 1165//744 
f 1198//777 1232//811 1197//776 
f 1196//775 1198//777 1163//742 
f 1195//774 1196//775 1161//740 
f 1194//773 1195//774 1160//739 
f 1193//772 1194//773 1159//738 
f 1192//771 1193//772 1158//737 
f 1191//770 1192//771 1157//736 
f 1190//769 1191//770 1156//735 
f 1189//768 1190//769 1155//734 
f 1188//767 1189//768 1154//733 
f 1187//766 1188//767 1153//732 
f 1186//765 1187//766 1152//731 
f 1185//764 1186//765 1151//730 
f 1184//763 1185//764 1150//729 
f 1183//762 1184//763 1149//728 
f 1182//761 1183//762 1148//727 
f 1181//760 1182//761 1147//726 
f 1180//759 1181//760 1146//725 
f 1179//758 1180//759 1145//724 
f 1178//757 1179//758 1144//723 
f 1177//756 1178//757 1143//722 
f 1176//755 1177//756 1142//721 
f 1175//754 1176//755 1141//720 
f 1174//753 1175//754 1140//719 
f 1173//752 1174//753 1139//718 
f 1172//751 1173//752 1138//717 
f 1171//750 1172//751 1137//716 
f 1170//749 1171//750 1136//715 
f 1169//748 1170//749 1135//714 
f 1168//747 1169//748 1134//713 
f 1167//746 1168//747 1133//712 
f 1166//745 1167//746 1132//711 
f 1165//744 1166//745 1131//710 
f 1164//743 1165//744 1130//709 
f 1163//742 1197//776 1162//741 
f 1161//740 1163//742 1128//707 
f 1160//739 1161//740 1127//706 
f 1159//738 1160//739 1126//705 
f 1158//737 1159//738 1125//704 
f 1157//736 1158//737 1124//703 
f 1156//735 1157//736 1123//702 
f 1155//734 1156//735 1122//701 
f 1154//733 1155//734 1121//700 
f 1153//732 1154//733 1120//699 
f 1152//731 1153//732 1119//698 
f 1151//730 1152//731 1118//697 
f 1150//729 1151//730 1117//696 
f 1149//728 1150//729 1116//695 
f 1148//727 1149//728 1115//694 
f 1147//726 1148//727 1114//693 
f 1146//725 1147//726 1113//692 
f 1145//724 1146//725 1112//691 
f 1144//723 1145//724 1111//690 
f 1143//722 1144//723 1110//689 
f 1142//721 1143//722 1109//688 
f 1141//720 1142//721 1108//687 
f 1140//719 1141//720 1107//686 
f 1139//718 1140//719 1106//685 
f 1138//717 1139//718 1105//684 
f 1137//716 1138//717 1104//683 
f 1136//715 1137//716 1103//682 
f 1135//714 1136//715 1102//681 
f 1134//713 1135//714 1101//680 
f 1133//712 1134//713 1100//679 
f 1132//711 1133//712 1099//678 
f 1131//710 1132//711 1098//677 
f 1130//709 1131//710 1097//676 
f 1129//708 1130//709 1096//675 
f 1128//707 1162//741 1094//673 
f 1127//706 1128//707 1092//671 
f 1126//705 1127//706 1091//670 
f 1125//704 1126//705 1090//669 
f 1124//703 1125//704 1089//668 
f 1123//702 1124//703 1088//667 
f 1122//701 1123//702 1087//666 
f 1121//700 1122//701 1086//665 
f 1120//699 1121//700 1085//664 
f 1119//698 1120//699 1084//663 
f 1118//697 1119//698 1083//662 
f 1117//696 1118//697 1082//661 
f 1116//695 1117//696 1081//660 
f 1115//694 1116//695 1080//659 
f 1114//693 1115//694 1079//658 
f 1113//692 1114//693 1078//657 
f 1112//691 1113//692 1077//656 
f 1111//690 1112//691 1076//655 
f 1110//689 1111//690 1075//654 
f 1109//688 1110//689 1074//653 
f 1108//687 1109//688 1073//652 
f 1107//686 1108//687 1072//651 
f 1106//685 1107//686 1071//650 
f 1105//684 1106//685 1070//649 
f 1104//683 1105//684 1069//648 
f 1103//682 1104//683 1068//647 
f 1102//681 1103//682 1067//646 
f 1101//680 1102//681 1066//645 
f 1100//679 1101//680 1065//644 
f 1099//678 1100//679 1064//643 
f 1098//677 1099//678 1063//642 
f 1097//676 1098//677 1062//641 
f 1096//675 1097//676 1061//640 
f 1095//674 1096//675 1060//639 
f 1094//673 2163//1856 1093//672 
f 1092//671 1094//673 1057//636 
f 1091//670 1092//671 1055//634 
f 1090//669 1091//670 1054//633 
f 1089//668 1090//669 1053//632 
f 1088//667 1089//668 1052//631 
f 1087//666 1088//667 1051//630 
f 1086//665 1087//666 1050//629 
f 1085//664 1086//665 1049//628 
f 1084//663 1085//664 1048//627 
f 1083//662 1084//663 1047//626 
f 1082//661 1083//662 1046//625 
f 1081//660 1082//661 1045//624 
f 1080//659 1081//660 1044//623 
f 1079//658 1080//659 1043//622 
f 1078//657 1079//658 1042//621 
f 1077//656 1078//657 1041//620 
f 1076//655 1077//656 1040//619 
f 1075//654 1076//655 1039//618 
f 1074//653 1075//654 1038//617 
f 1073//652 1074//653 1037//616 
f 1072//651 1073//652 1036//615 
f 1071//650 1072//651 1035//614 
f 1070//649 1071//650 1034//613 
f 1069//648 1070//649 1033//612 
f 1068//647 1069//648 1032//611 
f 1067//646 1068//647 1031//610 
f 1066//645 1067//646 1030//609 
f 1065//644 1066//645 1029//608 
f 1064//643 1065//644 1028//607 
f 1063//642 1064//643 1027//606 
f 1062//641 1063//642 1026//605 
f 1061//640 1062//641 1025//604 
f 1060//639 1061//640 1024//603 
f 1059//638 1060//639 1023//602 
f 1058//637 1059//638 1022//601 
f 1057//636 1093//672 1056//635 
f 1055//634 1057//636 1020//599 
f 1054//633 1055//634 1018//597 
f 1053//632 1054//633 1017//596 
f 1052//631 1053//632 1016//595 
f 1051//630 1052//631 1015//594 
f 1050//629 1051//630 1014//593 
f 1049//628 1050//629 1013//592 
f 1048//627 1049//628 1012//591 
f 1047//626 1048//627 1011//590 
f 1046//625 1047//626 1010//589 
f 1045//624 1046//625 1009//588 
f 1044//623 1045//624 1008//587 
f 1043//622 1044//623 1007//586 
f 1042//621 1043//622 1006//585 
f 1041//620 1042//621 1005//584 
f 1040//619 1041//620 1004//583 
f 1039//618 1040//619 1003//582 
f 1038//617 1039//618 1002//581 
f 1037//616 1038//617 1001//580 
f 1036//615 1037//616 1000//579 
f 1035//614 1036//615 999//578 
f 1034//613 1035//614 998//577 
f 1033//612 1034//613 997//576 
f 1032//611 1033//612 996//575 
f 1031//610 1032//611 995//574 
f 1030//609 1031//610 994//573 
f 1029//608 1030//609 993//572 
f 1028//607 1029//608 992//571 
f 1027//606 1028//607 991//570 
f 1026//605 1027//606 990//569 
f 1025//604 1026//605 989//568 
f 1024//603 1025//604 988//567 
f 1023//602 1024//603 987//566 
f 1022//601 1023//602 986//565 
f 1021//600 1022//601 985//564 
f 1020//599 1056//635 1019//598 
f 1018//597 1020//599 983//562 
f 1017//596 1018//597 981//560 
f 1016//595 1017//596 980//559 
f 1015//594 1016//595 979//558 
f 1014//593 1015//594 978//557 
f 1013//592 1014//593 977//556 
f 1012//591 1013//592 976//555 
f 1011//590 1012//591 975//554 
f 1010//589 1011//590 974//553 
f 1009//588 1010//589 973//552 
f 1008//587 1009//588 972//551 
f 1007//586 1008//587 971//550 
f 1006//585 1007//586 970//549 
f 1005//584 1006//585 969//548 
f 1004//583 1005//584 968//547 
f 1003//582 1004//583 967//546 
f 1002//581 1003//582 966//545 
f 1001//580 1002//581 965//544 
f 1000//579 1001//580 964//543 
f 999//578 1000//579 963//542 
f 998//577 999//578 962//541 
f 997//576 998//577 961//540 
f 996//575 997//576 960//539 
f 995//574 996//575 959//538 
f 994//573 995//574 958//537 
f 993//572 994//573 957//536 
f 992//571 993//572 956//535 
f 991//570 992//571 955//534 
f 990//569 991//570 954//533 
f 989//568 990//569 953//532 
f 988//567 989//568 952//531 
f 987//566 988//567 951//530 
f 986//565 987//566 950//529 
f 985//564 986//565 949//528 
f 984//563 985//564 948//527 
f 983//562 1019//598 982//561 
f 981//560 983//562 946//525 
f 980//559 981//560 945//524 
f 979//558 980//559 944//523 
f 978//557 979//558 943//522 
f 977//556 978//557 942//521 
f 976//555 977//556 941//520 
f 975//554 976//555 940//519 
f 974//553 975//554 939//518 
f 973//552 974//553 938//517 
f 972//551 973//552 937//516 
f 971//550 972//551 936//515 
f 970//549 971//550 935//514 
f 969//548 970//549 934//513 
f 968//547 969//548 933//512 
f 967//546 968//547 932//511 
f 966//545 967//546 931//510 
f 965//544 966//545 930//509 
f 964//543 965//544 929//508 
f 963//542 964//543 928//507 
f 962//541 963//542 927//506 
f 961//540 962//541 926//505 
f 960//539 961//540 925//504 
f 959//538 960//539 924//503 
f 958//537 959//538 923//502 
f 957//536 958//537 922//501 
f 956//535 957//536 921//500 
f 955//534 956//535 920//499 
f 954//533 955//534 919//498 
f 953//532 954//533 918//497 
f 952//531 953//532 917//496 
f 951//530 952//531 916//495 
f 950//529 951//530 915//494 
f 949//528 950//529 914//493 
f 948//527 949//528 913//492 
f 947//526 948//527 912//491 
f 946//525 982//561 910//489 
f 945//524 946//525 908//487 
f 944//523 945//524 907//486 
f 943//522 944//523 906//485 
f 942//521 943//522 905//484 
f 941//520 942//521 904//483 
f 940//519 941//520 903//482 
f 939//518 940//519 902//481 
f 938//517 939//518 901//480 
f 937//516 938//517 900//479 
f 936//515 937//516 899//478 
f 935//514 936//515 898//477 
f 934//513 935//514 897//476 
f 933//512 934//513 896//475 
f 932//511 933//512 895//474 
f 931//510 932//511 894//473 
f 930//509 931//510 893//472 
f 929//508 930//509 892//471 
f 928//507 929//508 891//470 
f 927//506 928//507 890//469 
f 926//505 927//506 889//468 
f 925//504 926//505 888//467 
f 924//503 925//504 887//466 
f 923//502 924//503 886//465 
f 922//501 923//502 885//464 
f 921//500 922//501 884//463 
f 920//499 921//500 883//462 
f 919//498 920//499 882//461 
f 918//497 919//498 881//460 
f 917//496 918//497 880//459 
f 916//495 917//496 879//458 
f 915//494 916//495 878//457 
f 914//493 915//494 877//456 
f 913//492 914//493 876//455 
f 912//491 913//492 875//454 
f 911//490 912//491 874//453 
f 910//489 2164//1870 909//488 
f 908//487 910//489 871//450 
f 907//486 908//487 869//448 
f 906//485 907//486 868//447 
f 905//484 906//485 867//446 
f 904//483 905//484 866//445 
f 903//482 904//483 865//444 
f 902//481 903//482 864//443 
f 901//480 902//481 863//442 
f 900//479 901//480 862//441 
f 899//478 900//479 861//440 
f 898//477 899//478 860//439 
f 897//476 898//477 859//438 
f 896//475 897//476 858//437 
f 895//474 896//475 857//436 
f 894//473 895//474 856//435 
f 893//472 894//473 855//434 
f 892//471 893//472 854//433 
f 891//470 892//471 853//432 
f 890//469 891//470 852//431 
f 889//468 890//469 851//430 
f 888//467 889//468 850//429 
f 887//466 888//467 849//428 
f 886//465 887//466 848//427 
f 885//464 886//465 847//426 
f 884//463 885//464 846//425 
f 883//462 884//463 845//424 
f 882//461 883//462 844//423 
f 881//460 882//461 843//422 
f 880//459 881//460 842//421 
f 879//458 880//459 841//420 
f 878//457 879//458 840//419 
f 877//456 878//457 839//418 
f 876//455 877//456 838//417 
f 875//454 876//455 837//416 
f 874//453 875//454 836//415 
f 873//452 874//453 835//414 
f 872//451 873//452 834//413 
f 871//450 909//488 870//449 
f 869//448 871//450 832//411 
f 868//447 869//448 830//409 
f 867//446 868//447 829//408 
f 866//445 867//446 828//407 
f 865//444 866//445 827//406 
f 864//443 865//444 826//405 
f 863//442 864//443 825//404 
f 862//441 863//442 824//403 
f 861//440 862//441 823//402 
f 860//439 861//440 822//401 
f 859//438 860//439 821//400 
f 858//437 859//438 820//399 
f 857//436 858//437 819//398 
f 856//435 857//436 818//397 
f 855//434 856//435 817//396 
f 854//433 855//434 816//395 
f 853//432 854//433 815//394 
f 852//431 853//432 814//393 
f 851//430 852//431 813//392 
f 850//429 851//430 812//391 
f 849//428 850//429 811//390 
f 848//427 849//428 810//389 
f 847//426 848//427 809//388 
f 846//425 847//426 808//387 
f 845//424 846//425 807//386 
f 844//423 845//424 806//385 
f 843//422 844//423 805//384 
f 842//421 843//422 804//383 
f 841//420 842//421 803//382 
f 840//419 841//420 802//381 
f 839//418 840//419 801//380 
f 838//417 839//418 800//379 
f 837//416 838//417 799//378 
f 836//415 837//416 798//377 
f 835//414 836//415 797//376 
f 834//413 835//414 796//375 
f 833//412 834//413 795//374 
f 832//411 870//449 831//410 
f 830//409 832//411 793//372 
f 829//408 830//409 791//370 
f 828//407 829//408 790//369 
f 827//406 828//407 789//368 
f 826//405 827//406 788//367 
f 825//404 826//405 787//366 
f 824//403 825//404 786//365 
f 823//402 824//403 785//364 
f 822//401 823//402 784//363 
f 821//400 822//401 783//362 
f 820//399 821//400 782//361 
f 819//398 820//399 781//360 
f 818//397 819//398 780//359 
f 817//396 818//397 779//358 
f 816//395 817//396 778//357 
f 815//394 816//395 777//356 
f 814//393 815//394 776//355 
f 813//392 814//393 775//354 
f 812//391 813//392 774//353 
f 811//390 812//391 773//352 
f 810//389 811//390 772//351 
f 809//388 810//389 771//350 
f 808//387 809//388 770//349 
f 807//386 808//387 769//348 
f 806//385 807//386 768//347 
f 805//384 806//385 767//346 
f 804//383 805//384 766//345 
f 803//382 804//383 765//344 
f 802//381 803//382 764//343 
f 801//380 802//381 763//342 
f 800//379 801//380 762//341 
f 799//378 800//379 761//340 
f 798//377 799//378 760//339 
f 797//376 798//377 759//338 
f 796//375 797//376 758//337 
f 795//374 796//375 757//336 
f 794//373 795//374 756//335 
f 793//372 831//410 792//371 
f 791//370 793//372 754//333 
f 790//369 791//370 753//332 
f 789//368 790//369 752//331 
f 788//367 789//368 751//330 
f 787//366 788//367 750//329 
f 786//365 787//366 749//328 
f 785//364 786//365 748//327 
f 784//363 785//364 747//326 
f 783//362 784//363 746//325 
f 782//361 783//362 745//324 
f 781//360 782//361 744//323 
f 780//359 781//360 743//322 
f 779//358 780//359 742//321 
f 778//357 779//358 741//320 
f 777//356 778//357 740//319 
f 776//355 777//356 739//318 
f 775//354 776//355 738//317 
f 774//353 775//354 737//316 
f 773//352 774//353 736//315 
f 772//351 773//352 735//314 
f 771//350 772//351 734//313 
f 770//349 771//350 733//312 
f 769//348 770//349 732//311 
f 768//347 769//348 731//310 
f 767//346 768//347 730//309 
f 766//345 767//346 729//308 
f 765//344 766//345 728//307 
f 764//343 765//344 727//306 
f 763//342 764//343 726//305 
f 762//341 763//342 725//304 
f 761//340 762//341 724//303 
f 760//339 761//340 723//302 
f 759//338 760//339 722//301 
f 758//337 759//338 721//300 
f 757//336 758//337 720//299 
f 756//335 757//336 719//298 
f 755//334 756//335 718//297 
f 754//333 792//371 716//295 
f 753//332 754//333 714//293 
f 752//331 753//332 713//292 
f 751//330 752//331 712//291 
f 750//329 751//330 711//290 
f 749//328 750//329 710//289 
f 748//327 749//328 709//288 
f 747//326 748//327 708//287 
f 746//325 747//326 707//286 
f 745//324 746//325 706//285 
f 744//323 745//324 705//284 
f 743//322 744//323 704//283 
f 742//321 743//322 703//282 
f 741//320 742//321 702//281 
f 740//319 741//320 701//280 
f 739//318 740//319 700//279 
f 738//317 739//318 699//278 
f 737//316 738//317 698//277 
f 736//315 737//316 697//276 
f 735//314 736//315 696//275 
f 734//313 735//314 695//274 
f 733//312 734//313 694//273 
f 732//311 733//312 693//272 
f 731//310 732//311 692//271 
f 730//309 731//310 691//270 
f 729//308 730//309 690//269 
f 728//307 729//308 689//268 
f 727//306 728//307 688//267 
f 726//305 727//306 687//266 
f 725//304 726//305 686//265 
f 724//303 725//304 685//264 
f 723//302 724//303 684//263 
f 722//301 723//302 683//262 
f 721//300 722//301 682//261 
f 720//299 721//300 681//260 
f 719//298 720//299 680//259 
f 718//297 719//298 679//258 
f 717//296 718//297 678//257 
f 716//295 2165//1883 715//294 
f 714//293 716//295 675//254 
f 713//292 714//293 673//252 
f 712//291 713//292 672//251 
f 711//290 712//291 671//250 
f 710//289 711//290 670//249 
f 709//288 710//289 669//248 
f 708//287 709//288 668//247 
f 707//286 708//287 667//246 
f 706//285 707//286 666//245 
f 705//284 706//285 665//244 
f 704//283 705//284 664//243 
f 703//282 704//283 663//242 
f 702//281 703//282 662//241 
f 701//280 702//281 661//240 
f 700//279 701//280 660//239 
f 699//278 700//279 659//238 
f 698//277 699//278 658//237 
f 697//276 698//277 657//236 
f 696//275 697//276 656//235 
f 695//274 696//275 655//234 
f 694//273 695//274 654//233 
f 693//272 694//273 653//232 
f 692//271 693//272 652//231 
f 691//270 692//271 651//230 
f 690//269 691//270 650//229 
f 689//268 690//269 649//228 
f 688//267 689//268 648//227 
f 687//266 688//267 647//226 
f 686//265 687//266 646//225 
f 685//264 686//265 645//224 
f 684//263 685//264 644//223 
f 683//262 684//263 643//222 
f 682//261 683//262 642//221 
f 681//260 682//261 641//220 
f 680//259 681//260 640//219 
f 679//258 680//259 639//218 
f 678//257 679//258 638//217 
f 677//256 678//257 637//216 
f 676//255 677//256 636//215 
f 675//254 715//294 674//253 
f 673//252 675//254 634//213 
f 672//251 673//252 632//211 
f 671//250 672//251 631//210 
f 670//249 671//250 630//209 
f 669//248 670//249 629//208 
f 668//247 669//248 628//207 
f 667//246 668//247 627//206 
f 666//245 667//246 626//205 
f 665//244 666//245 625//204 
f 664//243 665//244 624//203 
f 663//242 664//243 623//202 
f 662//241 663//242 622//201 
f 661//240 662//241 621//200 
f 660//239 661//240 620//199 
f 659//238 660//239 619//198 
f 658//237 659//238 618//197 
f 657//236 658//237 617//196 
f 656//235 657//236 616//195 
f 655//234 656//235 615//194 
f 654//233 655//234 614//193 
f 653//232 654//233 613//192 
f 652//231 653//232 612//191 
f 651//230 652//231 611//190 
f 650//229 651//230 610//189 
f 649//228 650//229 609//188 
f 648//227 649//228 608//187 
f 647//226 648//227 607//186 
f 646//225 647//226 606//185 
f 645//224 646//225 605//184 
f 644//223 645//224 604//183 
f 643//222 644//223 603//182 
f 642//221 643//222 602//181 
f 641//220 642//221 601//180 
f 640//219 641//220 600//179 
f 639//218 640//219 599//178 
f 638//217 639//218 598//177 
f 637//216 638//217 597//176 
f 636//215 637//216 596//175 
f 635//214 636//215 595//174 
f 634//213 674//253 633//212 
f 632//211 634//213 593//172 
f 631//210 632//211 592//171 
f 630//209 631//210 591//170 
f 629//208 630//209 590//169 
f 628//207 629//208 589//168 
f 627//206 628//207 588//167 
f 626//205 627//206 587//166 
f 625//204 626//205 586//165 
f 624//203 625//204 585//164 
f 623//202 624//203 584//163 
f 622//201 623//202 583//162 
f 621//200 622//201 582//161 
f 620//199 621//200 581//160 
f 619//198 620//199 580//159 
f 618//197 619//198 579//158 
f 617//196 618//197 578//157 
f 616//195 617//196 577//156 
f 615//194 616//195 576//155 
f 614//193 615//194 575//154 
f 613//192 614//193 574//153 
f 612//191 613//192 573//152 
f 611//190 612//191 572//151 
f 610//189 611//190 571//150 
f 609//188 610//189 570//149 
f 608//187 609//188 569//148 
f 607//186 608//187 568//147 
f 606//185 607//186 567//146 
f 605//184 606//185 566//145 
f 604//183 605//184 565//144 
f 603//182 604//183 564//143 
f 602//181 603//182 563//142 
f 601//180 602//181 562//141 
f 600//179 601//180 561//140 
f 599//178 600//179 560//139 
f 598//177 599//178 559//138 
f 597//176 598//177 558//137 
f 596//175 597//176 557//136 
f 595//174 596//175 556//135 
f 594//173 595//174 555//134 
f 593//172 633//212 553//131 
f 592//171 593//172 552//130 
f 591//170 592//171 551//129 
f 590//169 591//170 550//128 
f 589//168 590//169 549//127 
f 588//167 589//168 548//126 
f 587//166 588//167 547//125 
f 586//165 587//166 546//124 
f 585//164 586//165 545//123 
f 584//163 585//164 544//122 
f 583//162 584//163 543//121 
f 582//161 583//162 542//120 
f 581//160 582//161 541//119 
f 580//159 581//160 540//118 
f 579//158 580//159 539//117 
f 578//157 579//158 538//116 
f 577//156 578//157 537//115 
f 576//155 577//156 536//114 
f 575//154 576//155 535//113 
f 574//153 575//154 534//112 
f 573//152 574//153 533//111 
f 572//151 573//152 532//110 
f 571//150 572//151 531//109 
f 570//149 571//150 530//108 
f 569//148 570//149 529//107 
f 568//147 569//148 528//106 
f 567//146 568//147 527//105 
f 566//145 567//146 526//104 
f 565//144 566//145 525//103 
f 564//143 565//144 524//102 
f 563//142 564//143 523//101 
f 562//141 563//142 522//100 
f 561//140 562//141 521//99 
f 560//139 561//140 520//98 
f 559//138 560//139 519//97 
f 558//137 559//138 518//96 
f 557//136 558//137 517//95 
f 556//135 557//136 516//94 
f 555//134 556//135 515//93 
f 554//133 555//134 514//92 
f 351//132 350//89 512//87 
f 552//130 553//131 512//87 
f 551//129 552//130 511//85 
f 550//128 551//129 510//83 
f 549//127 550//128 509//81 
f 548//126 549//127 508//79 
f 547//125 548//126 507//77 
f 546//124 547//125 506//75 
f 545//123 546//124 505//73 
f 544//122 545//123 504//71 
f 543//121 544//122 503//70 
f 542//120 543//121 502//67 
f 541//119 542//120 501//65 
f 540//118 541//119 500//64 
f 539//117 540//118 499//61 
f 538//116 539//117 498//60 
f 537//115 538//116 497//57 
f 536//114 537//115 496//55 
f 535//113 536//114 495//53 
f 534//112 535//113 494//51 
f 533//111 534//112 493//49 
f 532//110 533//111 492//47 
f 531//109 532//110 491//46 
f 530//108 531//109 490//43 
f 529//107 530//108 489//41 
f 528//106 529//107 488//39 
f 527//105 528//106 487//37 
f 526//104 527//105 486//35 
f 525//103 526//104 485//34 
f 524//102 525//103 484//31 
f 523//101 524//102 483//29 
f 522//100 523//101 482//27 
f 521//99 522//100 481//25 
f 520//98 521//99 480//24 
f 519//97 520//98 479//21 
f 518//96 519//97 478//20 
f 517//95 518//96 477//17 
f 516//94 517//95 476//15 
f 515//93 516//94 475//13 
f 514//92 515//93 474//11 
f 513//91 514//92 473//9 
f 5//90 513//91 472//7 
f 350//89 471//2014 349//88 
f 512//87 349//88 348//86 
f 511//85 348//86 347//84 
f 510//83 347//84 346//82 
f 509//81 346//82 345//80 
f 508//79 345//80 344//78 
f 507//77 344//78 343//76 
f 506//75 343//76 342//74 
f 505//73 342//74 341//72 
f 504//71 341//72 339//68 
f 502//67 503//70 339//68 
f 502//67 340//69 338//66 
f 501//65 338//66 336//62 
f 499//61 500//64 336//62 
f 499//61 337//63 334//58 
f 497//57 498//60 334//58 
f 497//57 335//59 333//56 
f 496//55 333//56 332//54 
f 495//53 332//54 331//52 
f 494//51 331//52 330//50 
f 493//49 330//50 329//48 
f 492//47 329//48 327//44 
f 490//43 491//46 327//44 
f 490//43 328//45 326//42 
f 489//41 326//42 325//40 
f 488//39 325//40 324//38 
f 487//37 324//38 323//36 
f 486//35 323//36 321//32 
f 484//31 485//34 321//32 
f 484//31 322//33 320//30 
f 483//29 320//30 319//28 
f 482//27 319//28 318//26 
f 481//25 318//26 316//22 
f 479//21 480//24 316//22 
f 479//21 317//23 314//18 
f 477//17 478//20 314//18 
f 477//17 315//19 313//16 
f 476//15 313//16 312//14 
f 475//13 312//14 311//12 
f 474//11 311//12 310//10 
f 473//9 310//10 309//8 
f 472//7 309//8 8//5 
o mesh5
f 2166//2015 2167//2015 324//2015 
f 2167//2015 2168//2015 323//2015 
f 2169//2015 2170//2015 317//2015 
f 2170//2015 2171//2015 314//2015 
f 2172//2015 2173//2015 334//2015 
f 2173//2015 2174//2015 335//2015 
f 2175//2015 2176//2015 331//2015 
f 2176//2015 2177//2015 330//2015 
f 2178//2015 2179//2015 328//2015 
f 2179//2015 2180//2015 326//2015 
f 2180//2015 2166//2015 325//2015 
f 323//2015 324//2015 2167//2015 
f 314//2015 317//2015 2170//2015 
f 2171//2015 2181//2015 315//2015 
f 335//2015 334//2015 2173//2015 
f 2174//2015 2182//2015 333//2015 
f 330//2015 331//2015 2176//2015 
f 2177//2015 2183//2015 329//2015 
f 2183//2015 2178//2015 327//2015 
f 326//2015 328//2015 2179//2015 
f 324//2015 325//2015 2166//2015 
f 2168//2015 2184//2015 321//2015 
f 2184//2015 2185//2015 322//2015 
f 2185//2015 2186//2015 320//2015 
f 2186//2015 2187//2015 319//2015 
f 2187//2015 2188//2015 318//2015 
f 2188//2015 2169//2015 316//2015 
f 315//2015 314//2015 2171//2015 
f 2189//2015 2190//2015 342//2015 
f 2190//2015 2191//2015 341//2015 
f 2192//2015 2172//2015 337//2015 
f 333//2015 335//2015 2174//2015 
f 2182//2015 2175//2015 332//2015 
f 329//2015 330//2015 2177//2015 
f 328//2015 327//2015 2178//2015 
f 321//2015 323//2015 2168//2015 
f 320//2015 322//2015 2185//2015 
f 318//2015 319//2015 2187//2015 
f 317//2015 316//2015 2169//2015 
f 2181//2015 2193//2015 313//2015 
f 2193//2015 2194//2015 312//2015 
f 2194//2015 2195//2015 311//2015 
f 2196//2015 2189//2015 343//2015 
f 341//2015 342//2015 2190//2015 
f 2197//2015 2198//2015 338//2015 
f 2198//2015 2192//2015 336//2015 
f 334//2015 337//2015 2172//2015 
f 331//2015 332//2015 2175//2015 
f 325//2015 326//2015 2180//2015 
f 319//2015 320//2015 2186//2015 
f 313//2015 315//2015 2181//2015 
f 311//2015 312//2015 2194//2015 
f 2195//2015 2199//2015 310//2015 
f 2199//2015 2200//2015 309//2015 
f 342//2015 343//2015 2189//2015 
f 2191//2015 2201//2015 339//2015 
f 2201//2015 2197//2015 340//2015 
f 336//2015 338//2015 2198//2015 
f 332//2015 333//2015 2182//2015 
f 322//2015 321//2015 2184//2015 
f 312//2015 313//2015 2193//2015 
f 309//2015 310//2015 2199//2015 
f 339//2015 341//2015 2191//2015 
f 338//2015 340//2015 2197//2015 
f 327//2015 329//2015 2183//2015 
f 310//2015 311//2015 2195//2015 
f 2202//2015 2203//2015 347//2015 
f 2203//2015 2204//2015 346//2015 
f 2204//2015 2205//2015 345//2015 
f 2205//2015 2196//2015 344//2015 
f 340//2015 339//2015 2201//2015 
f 316//2015 318//2015 2188//2015 
f 346//2015 347//2015 2203//2015 
f 344//2015 345//2015 2205//2015 
f 337//2015 336//2015 2192//2015 
f 2200//2015 9//2015 8//2015 
f 2206//2015 2207//2015 349//2015 
f 2207//2015 2202//2015 348//2015 
f 345//2015 346//2015 2204//2015 
f 8//2015 309//2015 2200//2015 
f 348//2015 349//2015 2207//2015 
f 343//2015 344//2015 2196//2015 
f 347//2015 348//2015 2202//2015 
f 349//2015 471//2015 2206//2015 
o mesh6
f 2330//2016 2331//2017 295//2018 
f 2331//2017 2332//2019 304//2020 
f 2332//2019 2333//2021 306//2022 
f 2333//2021 2334//2023 308//2024 
f 2335//2025 249//2026 308//2024 
f 2335//2025 2336//2027 252//2028 
f 2337//2029 268//2030 252//2028 
f 2338//2031 270//2032 268//2030 
f 2338//2031 2339//2033 272//2034 
f 2339//2033 2340//2035 254//2036 
f 2341//2037 257//2038 254//2036 
f 2342//2039 259//2040 257//2038 
f 2342//2039 2343//2041 261//2042 
f 2343//2041 2344//2043 273//2044 
f 2345//2045 263//2046 273//2044 
f 2346//2047 266//2048 263//2046 
f 2346//2047 2347//2049 274//2050 
f 2348//2051 276//2052 274//2050 
f 2349//2053 283//2054 276//2052 
f 2349//2053 2350//2055 285//2056 
f 2351//2057 287//2058 285//2056 
f 2351//2057 2352//2059 289//2060 
f 2353//2061 278//2062 289//2060 
f 2354//2063 281//2064 278//2062 
f 2354//2063 2355//2065 297//2066 
f 2356//2067 299//2068 297//2066 
f 2357//2069 301//2070 299//2068 
f 2357//2069 2358//2071 290//2072 
f 2359//2073 2331//2017 2330//2016 
f 2360//2074 2332//2019 2331//2017 
f 2361//2075 2333//2021 2332//2019 
f 2362//2076 2334//2023 2333//2021 
f 2363//2077 2335//2025 2334//2023 
f 2364//2078 2336//2027 2335//2025 
f 2365//2079 2337//2029 2336//2027 
f 2366//2080 2338//2031 2337//2029 
f 2367//2081 2339//2033 2338//2031 
f 2368//2082 2340//2035 2339//2033 
f 2369//2083 2341//2037 2340//2035 
f 2370//2084 2342//2039 2341//2037 
f 2371//2085 2343//2041 2342//2039 
f 2372//2086 2344//2043 2343//2041 
f 2373//2087 2345//2045 2344//2043 
f 2374//2088 2346//2047 2345//2045 
f 2375//2089 2347//2049 2346//2047 
f 2376//2090 2348//2051 2347//2049 
f 2377//2091 2349//2053 2348//2051 
f 2378//2092 2350//2055 2349//2053 
f 2379//2093 2351//2057 2350//2055 
f 2380//2094 2352//2059 2351//2057 
f 2381//2095 2353//2061 2352//2059 
f 2382//2096 2354//2063 2353//2061 
f 2383//2097 2355//2065 2354//2063 
f 2384//2098 2356//2067 2355//2065 
f 2385//2099 2357//2069 2356//2067 
f 2386//2100 2358//2071 2357//2069 
f 2387//2101 2359//2073 2388//2102 
f 2389//2103 2360//2074 2359//2073 
f 2390//2104 2361//2075 2360//2074 
f 2391//2105 2362//2076 2361//2075 
f 2392//2106 2363//2077 2362//2076 
f 2393//2107 2364//2078 2363//2077 
f 2394//2108 2365//2079 2364//2078 
f 2395//2109 2366//2080 2365//2079 
f 2396//2110 2367//2081 2366//2080 
f 2397//2111 2368//2082 2367//2081 
f 2398//2112 2369//2083 2368//2082 
f 2399//2113 2370//2084 2369//2083 
f 2400//2114 2371//2085 2370//2084 
f 2401//2115 2372//2086 2371//2085 
f 2402//2116 2373//2087 2372//2086 
f 2403//2117 2374//2088 2373//2087 
f 2404//2118 2375//2089 2374//2088 
f 2405//2119 2376//2090 2375//2089 
f 2406//2120 2377//2091 2376//2090 
f 2407//2121 2378//2092 2377//2091 
f 2408//2122 2379//2093 2378//2092 
f 2409//2123 2380//2094 2379//2093 
f 2410//2124 2381//2095 2380//2094 
f 2411//2125 2382//2096 2381//2095 
f 2412//2126 2383//2097 2382//2096 
f 2413//2127 2384//2098 2383//2097 
f 2414//2128 2385//2099 2384//2098 
f 2415//2129 2386//2100 2385//2099 
f 2416//2130 2387//2101 2417//2131 
f 2418//2132 2389//2103 2387//2101 
f 2419//2133 2390//2104 2389//2103 
f 2420//2134 2391//2105 2390//2104 
f 2421//2135 2392//2106 2391//2105 
f 2422//2136 2393//2107 2392//2106 
f 2423//2137 2394//2108 2393//2107 
f 2424//2138 2395//2109 2394//2108 
f 2425//2139 2396//2110 2395//2109 
f 2426//2140 2397//2111 2396//2110 
f 2427//2141 2398//2112 2397//2111 
f 2428//2142 2399//2113 2398//2112 
f 2429//2143 2400//2114 2399//2113 
f 2430//2144 2401//2115 2400//2114 
f 2431//2145 2402//2116 2401//2115 
f 2432//2146 2403//2117 2402//2116 
f 2433//2147 2404//2118 2403//2117 
f 2434//2148 2405//2119 2404//2118 
f 2435//2149 2406//2120 2405//2119 
f 2436//2150 2407//2121 2406//2120 
f 2437//2151 2408//2122 2407//2121 
f 2438//2152 2409//2123 2408//2122 
f 2439//2153 2410//2124 2409//2123 
f 2440//2154 2411//2125 2410//2124 
f 2441//2155 2412//2126 2411//2125 
f 2442//2156 2413//2127 2412//2126 
f 2443//2157 2414//2128 2413//2127 
f 2444//2158 2415//2129 2414//2128 
f 2445//2159 2416//2130 2446//2160 
f 2447//2161 2418//2132 2416//2130 
f 2448//2162 2419//2133 2418//2132 
f 2449//2163 2420//2134 2419//2133 
f 2450//2164 2421//2135 2420//2134 
f 2451//2165 2422//2136 2421//2135 
f 2452//2166 2423//2137 2422//2136 
f 2453//2167 2424//2138 2423//2137 
f 2454//2168 2425//2139 2424//2138 
f 2455//2169 2426//2140 2425//2139 
f 2456//2170 2427//2141 2426//2140 
f 2457//2171 2428//2142 2427//2141 
f 2458//2172 2429//2143 2428//2142 
f 2459//2173 2430//2144 2429//2143 
f 2460//2174 2431//2145 2430//2144 
f 2461//2175 2432//2146 2431//2145 
f 2462//2176 2433//2147 2432//2146 
f 2463//2177 2434//2148 2433//2147 
f 2464//2178 2435//2149 2434//2148 
f 2465//2179 2436//2150 2435//2149 
f 2466//2180 2437//2151 2436//2150 
f 2467//2181 2438//2152 2437//2151 
f 2468//2182 2439//2153 2438//2152 
f 2469//2183 2440//2154 2439//2153 
f 2470//2184 2441//2155 2440//2154 
f 2471//2185 2442//2156 2441//2155 
f 2472//2186 2443//2157 2442//2156 
f 2473//2187 2444//2158 2443//2157 
f 2474//2188 2445//2159 2475//2189 
f 2476//2190 2447//2161 2445//2159 
f 2477//2191 2448//2162 2447//2161 
f 2478//2192 2449//2163 2448//2162 
f 2479//2193 2450//2164 2449//2163 
f 2480//2194 2451//2165 2450//2164 
f 2481//2195 2452//2166 2451//2165 
f 2482//2196 2453//2167 2452//2166 
f 2483//2197 2454//2168 2453//2167 
f 2484//2198 2455//2169 2454//2168 
f 2485//2199 2456//2170 2455//2169 
f 2486//2200 2457//2171 2456//2170 
f 2487//2201 2458//2172 2457//2171 
f 2488//2202 2459//2173 2458//2172 
f 2489//2203 2460//2174 2459//2173 
f 2490//2204 2461//2175 2460//2174 
f 2491//2205 2462//2176 2461//2175 
f 2492//2206 2463//2177 2462//2176 
f 2493//2207 2464//2178 2463//2177 
f 2494//2208 2465//2179 2464//2178 
f 2495//2209 2466//2180 2465//2179 
f 2496//2210 2467//2181 2466//2180 
f 2497//2211 2468//2182 2467//2181 
f 2498//2212 2469//2183 2468//2182 
f 2499//2213 2470//2184 2469//2183 
f 2500//2214 2471//2185 2470//2184 
f 2501//2215 2472//2186 2471//2185 
f 2502//2216 2473//2187 2472//2186 
f 2503//2217 2474//2188 2504//2218 
f 2505//2219 2476//2190 2474//2188 
f 2506//2220 2477//2191 2476//2190 
f 2507//2221 2478//2192 2477//2191 
f 2508//2222 2479//2193 2478//2192 
f 2509//2223 2480//2194 2479//2193 
f 2510//2224 2481//2195 2480//2194 
f 2511//2225 2482//2196 2481//2195 
f 2512//2226 2483//2197 2482//2196 
f 2513//2227 2484//2198 2483//2197 
f 2514//2228 2485//2199 2484//2198 
f 2515//2229 2486//2200 2485//2199 
f 2516//2230 2487//2201 2486//2200 
f 2517//2231 2488//2202 2487//2201 
f 2518//2232 2489//2203 2488//2202 
f 2519//2233 2490//2204 2489//2203 
f 2520//2234 2491//2205 2490//2204 
f 2521//2235 2492//2206 2491//2205 
f 2522//2236 2493//2207 2492//2206 
f 2523//2237 2494//2208 2493//2207 
f 2524//2238 2495//2209 2494//2208 
f 2525//2239 2496//2210 2495//2209 
f 2526//2240 2497//2211 2496//2210 
f 2527//2241 2498//2212 2497//2211 
f 2528//2242 2499//2213 2498//2212 
f 2529//2243 2500//2214 2499//2213 
f 2530//2244 2501//2215 2500//2214 
f 2531//2245 2502//2216 2501//2215 
f 2532//2246 2503//2217 2533//2247 
f 2534//2248 2505//2219 2503//2217 
f 2535//2249 2506//2220 2505//2219 
f 2536//2250 2507//2221 2506//2220 
f 2537//2251 2508//2222 2507//2221 
f 2538//2252 2509//2223 2508//2222 
f 2539//2253 2510//2224 2509//2223 
f 2540//2254 2511//2225 2510//2224 
f 2541//2255 2512//2226 2511//2225 
f 2542//2256 2513//2227 2512//2226 
f 2543//2257 2514//2228 2513//2227 
f 2544//2258 2515//2229 2514//2228 
f 2545//2259 2516//2230 2515//2229 
f 2546//2260 2517//2231 2516//2230 
f 2547//2261 2518//2232 2517//2231 
f 2548//2262 2519//2233 2518//2232 
f 2549//2263 2520//2234 2519//2233 
f 2550//2264 2521//2235 2520//2234 
f 2551//2265 2522//2236 2521//2235 
f 2552//2266 2523//2237 2522//2236 
f 2553//2267 2524//2238 2523//2237 
f 2554//2268 2525//2239 2524//2238 
f 2555//2269 2526//2240 2525//2239 
f 2556//2270 2527//2241 2526//2240 
f 2557//2271 2528//2242 2527//2241 
f 2558//2272 2529//2243 2528//2242 
f 2559//2273 2530//2244 2529//2243 
f 2560//2274 2531//2245 2530//2244 
f 2561//2275 2532//2246 2562//2276 
f 2563//2277 2534//2248 2532//2246 
f 2564//2278 2535//2249 2534//2248 
f 2565//2279 2536//2250 2535//2249 
f 2566//2280 2537//2251 2536//2250 
f 2567//2281 2538//2252 2537//2251 
f 2568//2282 2539//2253 2538//2252 
f 2569//2283 2540//2254 2539//2253 
f 2570//2284 2541//2255 2540//2254 
f 2571//2285 2542//2256 2541//2255 
f 2572//2286 2543//2257 2542//2256 
f 2573//2287 2544//2258 2543//2257 
f 2574//2288 2545//2259 2544//2258 
f 2575//2289 2546//2260 2545//2259 
f 2576//2290 2547//2261 2546//2260 
f 2577//2291 2548//2262 2547//2261 
f 2578//2292 2549//2263 2548//2262 
f 2579//2293 2550//2264 2549//2263 
f 2580//2294 2551//2265 2550//2264 
f 2581//2295 2552//2266 2551//2265 
f 2582//2296 2553//2267 2552//2266 
f 2583//2297 2554//2268 2553//2267 
f 2584//2298 2555//2269 2554//2268 
f 2585//2299 2556//2270 2555//2269 
f 2586//2300 2557//2271 2556//2270 
f 2587//2301 2558//2272 2557//2271 
f 2588//2302 2559//2273 2558//2272 
f 2589//2303 2560//2274 2559//2273 
f 2590//2304 2561//2275 2591//2305 
f 2592//2306 2563//2277 2561//2275 
f 2593//2307 2564//2278 2563//2277 
f 2594//2308 2565//2279 2564//2278 
f 2595//2309 2566//2280 2565//2279 
f 2596//2310 2567//2281 2566//2280 
f 2597//2311 2568//2282 2567//2281 
f 2598//2312 2569//2283 2568//2282 
f 2599//2313 2570//2284 2569//2283 
f 2600//2314 2571//2285 2570//2284 
f 2601//2315 2572//2286 2571//2285 
f 2602//2316 2573//2287 2572//2286 
f 2603//2317 2574//2288 2573//2287 
f 2604//2318 2575//2289 2574//2288 
f 2605//2319 2576//2290 2575//2289 
f 2606//2320 2577//2291 2576//2290 
f 2607//2321 2578//2292 2577//2291 
f 2608//2322 2579//2293 2578//2292 
f 2609//2323 2580//2294 2579//2293 
f 2610//2324 2581//2295 2580//2294 
f 2611//2325 2582//2296 2581//2295 
f 2612//2326 2583//2297 2582//2296 
f 2613//2327 2584//2298 2583//2297 
f 2614//2328 2585//2299 2584//2298 
f 2615//2329 2586//2300 2585//2299 
f 2616//2330 2587//2301 2586//2300 
f 2617//2331 2588//2302 2587//2301 
f 2618//2332 2589//2303 2588//2302 
f 2619//2333 2590//2304 2620//2334 
f 2621//2335 2592//2306 2590//2304 
f 2622//2336 2593//2307 2592//2306 
f 2623//2337 2594//2308 2593//2307 
f 2624//2338 2595//2309 2594//2308 
f 2625//2339 2596//2310 2595//2309 
f 2626//2340 2597//2311 2596//2310 
f 2627//2341 2598//2312 2597//2311 
f 2628//2342 2599//2313 2598//2312 
f 2629//2343 2600//2314 2599//2313 
f 2630//2344 2601//2315 2600//2314 
f 2631//2345 2602//2316 2601//2315 
f 2632//2346 2603//2317 2602//2316 
f 2633//2347 2604//2318 2603//2317 
f 2634//2348 2605//2319 2604//2318 
f 2635//2349 2606//2320 2605//2319 
f 2636//2350 2607//2321 2606//2320 
f 2637//2351 2608//2322 2607//2321 
f 2638//2352 2609//2323 2608//2322 
f 2639//2353 2610//2324 2609//2323 
f 2640//2354 2611//2325 2610//2324 
f 2641//2355 2612//2326 2611//2325 
f 2642//2356 2613//2327 2612//2326 
f 2643//2357 2614//2328 2613//2327 
f 2644//2358 2615//2329 2614//2328 
f 2645//2359 2616//2330 2615//2329 
f 2646//2360 2617//2331 2616//2330 
f 2647//2361 2618//2332 2617//2331 
f 2648//2362 2619//2333 2649//2363 
f 2650//2364 2621//2335 2619//2333 
f 2651//2365 2622//2336 2621//2335 
f 2652//2366 2623//2337 2622//2336 
f 2653//2367 2624//2338 2623//2337 
f 2654//2368 2625//2339 2624//2338 
f 2655//2369 2626//2340 2625//2339 
f 2656//2370 2627//2341 2626//2340 
f 2657//2371 2628//2342 2627//2341 
f 2658//2372 2629//2343 2628//2342 
f 2659//2373 2630//2344 2629//2343 
f 2660//2374 2631//2345 2630//2344 
f 2661//2375 2632//2346 2631//2345 
f 2662//2376 2633//2347 2632//2346 
f 2663//2377 2634//2348 2633//2347 
f 2664//2378 2635//2349 2634//2348 
f 2665//2379 2636//2350 2635//2349 
f 2666//2380 2637//2351 2636//2350 
f 2667//2381 2638//2352 2637//2351 
f 2668//2382 2639//2353 2638//2352 
f 2669//2383 2640//2354 2639//2353 
f 2670//2384 2641//2355 2640//2354 
f 2671//2385 2642//2356 2641//2355 
f 2672//2386 2643//2357 2642//2356 
f 2673//2387 2644//2358 2643//2357 
f 2674//2388 2645//2359 2644//2358 
f 2675//2389 2646//2360 2645//2359 
f 2676//2390 2647//2361 2646//2360 
f 2677//2391 2648//2362 2678//2392 
f 2679//2393 2650//2364 2648//2362 
f 2680//2394 2651//2365 2650//2364 
f 2681//2395 2652//2366 2651//2365 
f 2682//2396 2653//2367 2652//2366 
f 2683//2397 2654//2368 2653//2367 
f 2684//2398 2655//2369 2654//2368 
f 2685//2399 2656//2370 2655//2369 
f 2686//2400 2657//2371 2656//2370 
f 2687//2401 2658//2372 2657//2371 
f 2688//2402 2659//2373 2658//2372 
f 2689//2403 2660//2374 2659//2373 
f 2690//2404 2661//2375 2660//2374 
f 2691//2405 2662//2376 2661//2375 
f 2692//2406 2663//2377 2662//2376 
f 2693//2407 2664//2378 2663//2377 
f 2694//2408 2665//2379 2664//2378 
f 2695//2409 2666//2380 2665//2379 
f 2696//2410 2667//2381 2666//2380 
f 2697//2411 2668//2382 2667//2381 
f 2698//2412 2669//2383 2668//2382 
f 2699//2413 2670//2384 2669//2383 
f 2700//2414 2671//2385 2670//2384 
f 2701//2415 2672//2386 2671//2385 
f 2702//2416 2673//2387 2672//2386 
f 2703//2417 2674//2388 2673//2387 
f 2704//2418 2675//2389 2674//2388 
f 2705//2419 2676//2390 2675//2389 
f 2706//2420 2677//2391 2707//2421 
f 2708//2422 2679//2393 2677//2391 
f 2709//2423 2680//2394 2679//2393 
f 2710//2424 2681//2395 2680//2394 
f 2711//2425 2682//2396 2681//2395 
f 2712//2426 2683//2397 2682//2396 
f 2713//2427 2684//2398 2683//2397 
f 2714//2428 2685//2399 2684//2398 
f 2715//2429 2686//2400 2685//2399 
f 2716//2430 2687//2401 2686//2400 
f 2717//2431 2688//2402 2687//2401 
f 2718//2432 2689//2403 2688//2402 
f 2719//2433 2690//2404 2689//2403 
f 2720//2434 2691//2405 2690//2404 
f 2721//2435 2692//2406 2691//2405 
f 2722//2436 2693//2407 2692//2406 
f 2723//2437 2694//2408 2693//2407 
f 2724//2438 2695//2409 2694//2408 
f 2725//2439 2696//2410 2695//2409 
f 2726//2440 2697//2411 2696//2410 
f 2727//2441 2698//2412 2697//2411 
f 2728//2442 2699//2413 2698//2412 
f 2729//2443 2700//2414 2699//2413 
f 2730//2444 2701//2415 2700//2414 
f 2731//2445 2702//2416 2701//2415 
f 2732//2446 2703//2417 2702//2416 
f 2733//2447 2704//2418 2703//2417 
f 2734//2448 2705//2419 2704//2418 
f 2735//2449 2736//2450 2737//2451 
f 2738//2452 2706//2420 2736//2450 
f 2739//2453 2708//2422 2706//2420 
f 2740//2454 2709//2423 2708//2422 
f 2741//2455 2710//2424 2709//2423 
f 2742//2456 2711//2425 2710//2424 
f 2743//2457 2712//2426 2711//2425 
f 2744//2458 2713//2427 2712//2426 
f 2745//2459 2714//2428 2713//2427 
f 2746//2460 2715//2429 2714//2428 
f 2747//2461 2716//2430 2715//2429 
f 2748//2462 2717//2431 2716//2430 
f 2749//2463 2718//2432 2717//2431 
f 2750//2464 2719//2433 2718//2432 
f 2751//2465 2720//2434 2719//2433 
f 2752//2466 2721//2435 2720//2434 
f 2753//2467 2722//2436 2721//2435 
f 2754//2468 2723//2437 2722//2436 
f 2755//2469 2724//2438 2723//2437 
f 2756//2470 2725//2439 2724//2438 
f 2757//2471 2726//2440 2725//2439 
f 2758//2472 2727//2441 2726//2440 
f 2759//2473 2728//2442 2727//2441 
f 2760//2474 2729//2443 2728//2442 
f 2761//2475 2730//2444 2729//2443 
f 2762//2476 2731//2445 2730//2444 
f 2763//2477 2732//2446 2731//2445 
f 2764//2478 2733//2447 2732//2446 
f 2765//2479 2734//2448 2733//2447 
f 2766//2480 2767//2481 2734//2448 
f 2768//2482 2735//2449 2769//2483 
f 2770//2484 2738//2452 2735//2449 
f 2771//2485 2739//2453 2738//2452 
f 2772//2486 2740//2454 2739//2453 
f 2773//2487 2741//2455 2740//2454 
f 2774//2488 2742//2456 2741//2455 
f 2775//2489 2743//2457 2742//2456 
f 2776//2490 2744//2458 2743//2457 
f 2777//2491 2745//2459 2744//2458 
f 2778//2492 2746//2460 2745//2459 
f 2779//2493 2747//2461 2746//2460 
f 2780//2494 2748//2462 2747//2461 
f 2781//2495 2749//2463 2748//2462 
f 2782//2496 2750//2464 2749//2463 
f 2783//2497 2751//2465 2750//2464 
f 2784//2498 2752//2466 2751//2465 
f 2785//2499 2753//2467 2752//2466 
f 2786//2500 2754//2468 2753//2467 
f 2787//2501 2755//2469 2754//2468 
f 2788//2502 2756//2470 2755//2469 
f 2789//2503 2757//2471 2756//2470 
f 2790//2504 2758//2472 2757//2471 
f 2791//2505 2759//2473 2758//2472 
f 2792//2506 2760//2474 2759//2473 
f 2793//2507 2761//2475 2760//2474 
f 2794//2508 2762//2476 2761//2475 
f 2795//2509 2763//2477 2762//2476 
f 2796//2510 2764//2478 2763//2477 
f 2797//2511 2765//2479 2764//2478 
f 2798//2512 2766//2480 2765//2479 
f 2799//2513 2768//2482 2800//2514 
f 2801//2515 2770//2484 2768//2482 
f 2802//2516 2771//2485 2770//2484 
f 2803//2517 2772//2486 2771//2485 
f 2804//2518 2773//2487 2772//2486 
f 2805//2519 2774//2488 2773//2487 
f 2806//2520 2775//2489 2774//2488 
f 2807//2521 2776//2490 2775//2489 
f 2808//2522 2777//2491 2776//2490 
f 2809//2523 2778//2492 2777//2491 
f 2810//2524 2779//2493 2778//2492 
f 2811//2525 2780//2494 2779//2493 
f 2812//2526 2781//2495 2780//2494 
f 2813//2527 2782//2496 2781//2495 
f 2814//2528 2783//2497 2782//2496 
f 2815//2529 2784//2498 2783//2497 
f 2816//2530 2785//2499 2784//2498 
f 2817//2531 2786//2500 2785//2499 
f 2818//2532 2787//2501 2786//2500 
f 2819//2533 2788//2502 2787//2501 
f 2820//2534 2789//2503 2788//2502 
f 2821//2535 2790//2504 2789//2503 
f 2822//2536 2791//2505 2790//2504 
f 2823//2537 2792//2506 2791//2505 
f 2824//2538 2793//2507 2792//2506 
f 2825//2539 2794//2508 2793//2507 
f 2826//2540 2795//2509 2794//2508 
f 2827//2541 2796//2510 2795//2509 
f 2828//2542 2797//2511 2796//2510 
f 2829//2543 2798//2512 2797//2511 
f 2830//2544 2799//2513 2831//2545 
f 2832//2546 2801//2515 2799//2513 
f 2833//2547 2802//2516 2801//2515 
f 2834//2548 2803//2517 2802//2516 
f 2835//2549 2804//2518 2803//2517 
f 2836//2550 2805//2519 2804//2518 
f 2837//2551 2806//2520 2805//2519 
f 2838//2552 2807//2521 2806//2520 
f 2839//2553 2808//2522 2807//2521 
f 2840//2554 2809//2523 2808//2522 
f 2841//2555 2810//2524 2809//2523 
f 2842//2556 2811//2525 2810//2524 
f 2843//2557 2812//2526 2811//2525 
f 2844//2558 2813//2527 2812//2526 
f 2845//2559 2814//2528 2813//2527 
f 2846//2560 2815//2529 2814//2528 
f 2847//2561 2816//2530 2815//2529 
f 2848//2562 2817//2531 2816//2530 
f 2849//2563 2818//2532 2817//2531 
f 2850//2564 2819//2533 2818//2532 
f 2851//2565 2820//2534 2819//2533 
f 2852//2566 2821//2535 2820//2534 
f 2853//2567 2822//2536 2821//2535 
f 2854//2568 2823//2537 2822//2536 
f 2855//2569 2824//2538 2823//2537 
f 2856//2570 2825//2539 2824//2538 
f 2857//2571 2826//2540 2825//2539 
f 2858//2572 2827//2541 2826//2540 
f 2859//2573 2828//2542 2827//2541 
f 2860//2574 2829//2543 2828//2542 
f 2861//2575 2830//2544 2862//2576 
f 2863//2577 2832//2546 2830//2544 
f 2864//2578 2833//2547 2832//2546 
f 2865//2579 2834//2548 2833//2547 
f 2866//2580 2835//2549 2834//2548 
f 2867//2581 2836//2550 2835//2549 
f 2868//2582 2837//2551 2836//2550 
f 2869//2583 2838//2552 2837//2551 
f 2870//2584 2839//2553 2838//2552 
f 2871//2585 2840//2554 2839//2553 
f 2872//2586 2841//2555 2840//2554 
f 2873//2587 2842//2556 2841//2555 
f 2874//2588 2843//2557 2842//2556 
f 2875//2589 2844//2558 2843//2557 
f 2876//2590 2845//2559 2844//2558 
f 2877//2591 2846//2560 2845//2559 
f 2878//2592 2847//2561 2846//2560 
f 2879//2593 2848//2562 2847//2561 
f 2880//2594 2849//2563 2848//2562 
f 2881//2595 2850//2564 2849//2563 
f 2882//2596 2851//2565 2850//2564 
f 2883//2597 2852//2566 2851//2565 
f 2884//2598 2853//2567 2852//2566 
f 2885//2599 2854//2568 2853//2567 
f 2886//2600 2855//2569 2854//2568 
f 2887//2601 2856//2570 2855//2569 
f 2888//2602 2857//2571 2856//2570 
f 2889//2603 2858//2572 2857//2571 
f 2890//2604 2859//2573 2858//2572 
f 2891//2605 2860//2574 2859//2573 
f 2892//2606 2861//2575 2893//2607 
f 2894//2608 2863//2577 2861//2575 
f 2895//2609 2864//2578 2863//2577 
f 2896//2610 2865//2579 2864//2578 
f 2897//2611 2866//2580 2865//2579 
f 2898//2612 2867//2581 2866//2580 
f 2899//2613 2868//2582 2867//2581 
f 2900//2614 2869//2583 2868//2582 
f 2901//2615 2870//2584 2869//2583 
f 2902//2616 2871//2585 2870//2584 
f 2903//2617 2872//2586 2871//2585 
f 2904//2618 2873//2587 2872//2586 
f 2905//2619 2874//2588 2873//2587 
f 2906//2620 2875//2589 2874//2588 
f 2907//2621 2876//2590 2875//2589 
f 2908//2622 2877//2591 2876//2590 
f 2909//2623 2878//2592 2877//2591 
f 2910//2624 2879//2593 2878//2592 
f 2911//2625 2880//2594 2879//2593 
f 2912//2626 2881//2595 2880//2594 
f 2913//2627 2882//2596 2881//2595 
f 2914//2628 2883//2597 2882//2596 
f 2915//2629 2884//2598 2883//2597 
f 2916//2630 2885//2599 2884//2598 
f 2917//2631 2886//2600 2885//2599 
f 2918//2632 2887//2601 2886//2600 
f 2919//2633 2888//2602 2887//2601 
f 2920//2634 2889//2603 2888//2602 
f 2921//2635 2890//2604 2889//2603 
f 2922//2636 2891//2605 2890//2604 
f 2923//2637 2892//2606 2924//2638 
f 2925//2639 2894//2608 2892//2606 
f 2926//2640 2895//2609 2894//2608 
f 2927//2641 2896//2610 2895//2609 
f 2928//2642 2897//2611 2896//2610 
f 2929//2643 2898//2612 2897//2611 
f 2930//2644 2899//2613 2898//2612 
f 2931//2645 2900//2614 2899//2613 
f 2932//2646 2901//2615 2900//2614 
f 2933//2647 2902//2616 2901//2615 
f 2934//2648 2903//2617 2902//2616 
f 2935//2649 2904//2618 2903//2617 
f 2936//2650 2905//2619 2904//2618 
f 2937//2651 2906//2620 2905//2619 
f 2938//2652 2907//2621 2906//2620 
f 2939//2653 2908//2622 2907//2621 
f 2940//2654 2909//2623 2908//2622 
f 2941//2655 2910//2624 2909//2623 
f 2942//2656 2911//2625 2910//2624 
f 2943//2657 2912//2626 2911//2625 
f 2944//2658 2913//2627 2912//2626 
f 2945//2659 2914//2628 2913//2627 
f 2946//2660 2915//2629 2914//2628 
f 2947//2661 2916//2630 2915//2629 
f 2948//2662 2917//2631 2916//2630 
f 2949//2663 2918//2632 2917//2631 
f 2950//2664 2919//2633 2918//2632 
f 2951//2665 2920//2634 2919//2633 
f 2952//2666 2921//2635 2920//2634 
f 2953//2667 2922//2636 2921//2635 
f 2954//2668 2923//2637 2955//2669 
f 2956//2670 2925//2639 2923//2637 
f 2957//2671 2926//2640 2925//2639 
f 2958//2672 2927//2641 2926//2640 
f 2959//2673 2928//2642 2927//2641 
f 2960//2674 2929//2643 2928//2642 
f 2961//2675 2930//2644 2929//2643 
f 2962//2676 2931//2645 2930//2644 
f 2963//2677 2932//2646 2931//2645 
f 2964//2678 2933//2647 2932//2646 
f 2965//2679 2934//2648 2933//2647 
f 2966//2680 2935//2649 2934//2648 
f 2967//2681 2936//2650 2935//2649 
f 2968//2682 2937//2651 2936//2650 
f 2969//2683 2938//2652 2937//2651 
f 2970//2684 2939//2653 2938//2652 
f 2971//2685 2940//2654 2939//2653 
f 2972//2686 2941//2655 2940//2654 
f 2973//2687 2942//2656 2941//2655 
f 2974//2688 2943//2657 2942//2656 
f 2975//2689 2944//2658 2943//2657 
f 2976//2690 2945//2659 2944//2658 
f 2977//2691 2946//2660 2945//2659 
f 2978//2692 2947//2661 2946//2660 
f 2979//2693 2948//2662 2947//2661 
f 2980//2694 2949//2663 2948//2662 
f 2981//2695 2950//2664 2949//2663 
f 2982//2696 2951//2665 2950//2664 
f 2983//2697 2952//2666 2951//2665 
f 2984//2698 2953//2667 2952//2666 
f 2985//2699 2986//2700 2987//2701 
f 2988//2702 2954//2668 2986//2700 
f 2989//2703 2956//2670 2954//2668 
f 2990//2704 2957//2671 2956//2670 
f 2991//2705 2958//2672 2957//2671 
f 2992//2706 2959//2673 2958//2672 
f 2993//2707 2960//2674 2959//2673 
f 2994//2708 2961//2675 2960//2674 
f 2995//2709 2962//2676 2961//2675 
f 2996//2710 2963//2677 2962//2676 
f 2997//2711 2964//2678 2963//2677 
f 2998//2712 2965//2679 2964//2678 
f 2999//2713 2966//2680 2965//2679 
f 3000//2714 2967//2681 2966//2680 
f 3001//2715 2968//2682 2967//2681 
f 3002//2716 2969//2683 2968//2682 
f 3003//2717 2970//2684 2969//2683 
f 3004//2718 2971//2685 2970//2684 
f 3005//2719 2972//2686 2971//2685 
f 3006//2720 2973//2687 2972//2686 
f 3007//2721 2974//2688 2973//2687 
f 3008//2722 2975//2689 2974//2688 
f 3009//2723 2976//2690 2975//2689 
f 3010//2724 2977//2691 2976//2690 
f 3011//2725 2978//2692 2977//2691 
f 3012//2726 2979//2693 2978//2692 
f 3013//2727 2980//2694 2979//2693 
f 3014//2728 2981//2695 2980//2694 
f 3015//2729 2982//2696 2981//2695 
f 3016//2730 2983//2697 2982//2696 
f 3017//2731 2984//2698 2983//2697 
f 3018//2732 3019//2733 2984//2698 
f 3020//2734 2985//2699 3021//2735 
f 3022//2736 2988//2702 2985//2699 
f 3023//2737 2989//2703 2988//2702 
f 3024//2738 2990//2704 2989//2703 
f 3025//2739 2991//2705 2990//2704 
f 3026//2740 2992//2706 2991//2705 
f 3027//2741 2993//2707 2992//2706 
f 3028//2742 2994//2708 2993//2707 
f 3029//2743 2995//2709 2994//2708 
f 3030//2744 2996//2710 2995//2709 
f 3031//2745 2997//2711 2996//2710 
f 3032//2746 2998//2712 2997//2711 
f 3033//2747 2999//2713 2998//2712 
f 3034//2748 3000//2714 2999//2713 
f 3035//2749 3001//2715 3000//2714 
f 3036//2750 3002//2716 3001//2715 
f 3037//2751 3003//2717 3002//2716 
f 3038//2752 3004//2718 3003//2717 
f 3039//2753 3005//2719 3004//2718 
f 3040//2754 3006//2720 3005//2719 
f 3041//2755 3007//2721 3006//2720 
f 3042//2756 3008//2722 3007//2721 
f 3043//2757 3009//2723 3008//2722 
f 3044//2758 3010//2724 3009//2723 
f 3045//2759 3011//2725 3010//2724 
f 3046//2760 3012//2726 3011//2725 
f 3047//2761 3013//2727 3012//2726 
f 3048//2762 3014//2728 3013//2727 
f 3049//2763 3015//2729 3014//2728 
f 3050//2764 3016//2730 3015//2729 
f 3051//2765 3017//2731 3016//2730 
f 3052//2766 3018//2732 3017//2731 
f 3053//2767 3020//2734 3054//2768 
f 3055//2769 3022//2736 3020//2734 
f 3056//2770 3023//2737 3022//2736 
f 3057//2771 3024//2738 3023//2737 
f 3058//2772 3025//2739 3024//2738 
f 3059//2773 3026//2740 3025//2739 
f 3060//2774 3027//2741 3026//2740 
f 3061//2775 3028//2742 3027//2741 
f 3062//2776 3029//2743 3028//2742 
f 3063//2777 3030//2744 3029//2743 
f 3064//2778 3031//2745 3030//2744 
f 3065//2779 3032//2746 3031//2745 
f 3066//2780 3033//2747 3032//2746 
f 3067//2781 3034//2748 3033//2747 
f 3068//2782 3035//2749 3034//2748 
f 3069//2783 3036//2750 3035//2749 
f 3070//2784 3037//2751 3036//2750 
f 3071//2785 3038//2752 3037//2751 
f 3072//2786 3039//2753 3038//2752 
f 3073//2787 3040//2754 3039//2753 
f 3074//2788 3041//2755 3040//2754 
f 3075//2789 3042//2756 3041//2755 
f 3076//2790 3043//2757 3042//2756 
f 3077//2791 3044//2758 3043//2757 
f 3078//2792 3045//2759 3044//2758 
f 3079//2793 3046//2760 3045//2759 
f 3080//2794 3047//2761 3046//2760 
f 3081//2795 3048//2762 3047//2761 
f 3082//2796 3049//2763 3048//2762 
f 3083//2797 3050//2764 3049//2763 
f 3084//2798 3051//2765 3050//2764 
f 3085//2799 3052//2766 3051//2765 
f 3086//2800 3053//2767 3087//2801 
f 3088//2802 3055//2769 3053//2767 
f 3089//2803 3056//2770 3055//2769 
f 3090//2804 3057//2771 3056//2770 
f 3091//2805 3058//2772 3057//2771 
f 3092//2806 3059//2773 3058//2772 
f 3093//2807 3060//2774 3059//2773 
f 3094//2808 3061//2775 3060//2774 
f 3095//2809 3062//2776 3061//2775 
f 3096//2810 3063//2777 3062//2776 
f 3097//2811 3064//2778 3063//2777 
f 3098//2812 3065//2779 3064//2778 
f 3099//2813 3066//2780 3065//2779 
f 3100//2814 3067//2781 3066//2780 
f 3101//2815 3068//2782 3067//2781 
f 3102//2816 3069//2783 3068//2782 
f 3103//2817 3070//2784 3069//2783 
f 3104//2818 3071//2785 3070//2784 
f 3105//2819 3072//2786 3071//2785 
f 3106//2820 3073//2787 3072//2786 
f 3107//2821 3074//2788 3073//2787 
f 3108//2822 3075//2789 3074//2788 
f 3109//2823 3076//2790 3075//2789 
f 3110//2824 3077//2791 3076//2790 
f 3111//2825 3078//2792 3077//2791 
f 3112//2826 3079//2793 3078//2792 
f 3113//2827 3080//2794 3079//2793 
f 3114//2828 3081//2795 3080//2794 
f 3115//2829 3082//2796 3081//2795 
f 3116//2830 3083//2797 3082//2796 
f 3117//2831 3084//2798 3083//2797 
f 3118//2832 3085//2799 3084//2798 
f 3119//2833 3086//2800 3120//2834 
f 3121//2835 3088//2802 3086//2800 
f 3122//2836 3089//2803 3088//2802 
f 3123//2837 3090//2804 3089//2803 
f 3124//2838 3091//2805 3090//2804 
f 3125//2839 3092//2806 3091//2805 
f 3126//2840 3093//2807 3092//2806 
f 3127//2841 3094//2808 3093//2807 
f 3128//2842 3095//2809 3094//2808 
f 3129//2843 3096//2810 3095//2809 
f 3130//2844 3097//2811 3096//2810 
f 3131//2845 3098//2812 3097//2811 
f 3132//2846 3099//2813 3098//2812 
f 3133//2847 3100//2814 3099//2813 
f 3134//2848 3101//2815 3100//2814 
f 3135//2849 3102//2816 3101//2815 
f 3136//2850 3103//2817 3102//2816 
f 3137//2851 3104//2818 3103//2817 
f 3138//2852 3105//2819 3104//2818 
f 3139//2853 3106//2820 3105//2819 
f 3140//2854 3107//2821 3106//2820 
f 3141//2855 3108//2822 3107//2821 
f 3142//2856 3109//2823 3108//2822 
f 3143//2857 3110//2824 3109//2823 
f 3144//2858 3111//2825 3110//2824 
f 3145//2859 3112//2826 3111//2825 
f 3146//2860 3113//2827 3112//2826 
f 3147//2861 3114//2828 3113//2827 
f 3148//2862 3115//2829 3114//2828 
f 3149//2863 3116//2830 3115//2829 
f 3150//2864 3117//2831 3116//2830 
f 3151//2865 3118//2832 3117//2831 
f 3152//2866 3119//2833 3153//2867 
f 3154//2868 3121//2835 3119//2833 
f 3155//2869 3122//2836 3121//2835 
f 3156//2870 3123//2837 3122//2836 
f 3157//2871 3124//2838 3123//2837 
f 3158//2872 3125//2839 3124//2838 
f 3159//2873 3126//2840 3125//2839 
f 3160//2874 3127//2841 3126//2840 
f 3161//2875 3128//2842 3127//2841 
f 3162//2876 3129//2843 3128//2842 
f 3163//2877 3130//2844 3129//2843 
f 3164//2878 3131//2845 3130//2844 
f 3165//2879 3132//2846 3131//2845 
f 3166//2880 3133//2847 3132//2846 
f 3167//2881 3134//2848 3133//2847 
f 3168//2882 3135//2849 3134//2848 
f 3169//2883 3136//2850 3135//2849 
f 3170//2884 3137//2851 3136//2850 
f 3171//2885 3138//2852 3137//2851 
f 3172//2886 3139//2853 3138//2852 
f 3173//2887 3140//2854 3139//2853 
f 3174//2888 3141//2855 3140//2854 
f 3175//2889 3142//2856 3141//2855 
f 3176//2890 3143//2857 3142//2856 
f 3177//2891 3144//2858 3143//2857 
f 3178//2892 3145//2859 3144//2858 
f 3179//2893 3146//2860 3145//2859 
f 3180//2894 3147//2861 3146//2860 
f 3181//2895 3148//2862 3147//2861 
f 3182//2896 3149//2863 3148//2862 
f 3183//2897 3150//2864 3149//2863 
f 3184//2898 3151//2865 3150//2864 
f 3185//2899 3152//2866 3186//2900 
f 3187//2901 3154//2868 3152//2866 
f 3188//2902 3155//2869 3154//2868 
f 3189//2903 3156//2870 3155//2869 
f 3190//2904 3157//2871 3156//2870 
f 3191//2905 3158//2872 3157//2871 
f 3192//2906 3159//2873 3158//2872 
f 3193//2907 3160//2874 3159//2873 
f 3194//2908 3161//2875 3160//2874 
f 3195//2909 3162//2876 3161//2875 
f 3196//2910 3163//2877 3162//2876 
f 3197//2911 3164//2878 3163//2877 
f 3198//2912 3165//2879 3164//2878 
f 3199//2913 3166//2880 3165//2879 
f 3200//2914 3167//2881 3166//2880 
f 3201//2915 3168//2882 3167//2881 
f 3202//2916 3169//2883 3168//2882 
f 3203//2917 3170//2884 3169//2883 
f 3204//2918 3171//2885 3170//2884 
f 3205//2919 3172//2886 3171//2885 
f 3206//2920 3173//2887 3172//2886 
f 3207//2921 3174//2888 3173//2887 
f 3208//2922 3175//2889 3174//2888 
f 3209//2923 3176//2890 3175//2889 
f 3210//2924 3177//2891 3176//2890 
f 3211//2925 3178//2892 3177//2891 
f 3212//2926 3179//2893 3178//2892 
f 3213//2927 3180//2894 3179//2893 
f 3214//2928 3181//2895 3180//2894 
f 3215//2929 3182//2896 3181//2895 
f 3216//2930 3183//2897 3182//2896 
f 3217//2931 3184//2898 3183//2897 
f 3218//2932 3219//2933 3220//2934 
f 3221//2935 3185//2899 3219//2933 
f 3222//2936 3187//2901 3185//2899 
f 3223//2937 3188//2902 3187//2901 
f 3224//2938 3189//2903 3188//2902 
f 3225//2939 3190//2904 3189//2903 
f 3226//2940 3191//2905 3190//2904 
f 3227//2941 3192//2906 3191//2905 
f 3228//2942 3193//2907 3192//2906 
f 3229//2943 3194//2908 3193//2907 
f 3230//2944 3195//2909 3194//2908 
f 3231//2945 3196//2910 3195//2909 
f 3232//2946 3197//2911 3196//2910 
f 3233//2947 3198//2912 3197//2911 
f 3234//2948 3199//2913 3198//2912 
f 3235//2949 3200//2914 3199//2913 
f 3236//2950 3201//2915 3200//2914 
f 3237//2951 3202//2916 3201//2915 
f 3238//2952 3203//2917 3202//2916 
f 3239//2953 3204//2918 3203//2917 
f 3240//2954 3205//2919 3204//2918 
f 3241//2955 3206//2920 3205//2919 
f 3242//2956 3207//2921 3206//2920 
f 3243//2957 3208//2922 3207//2921 
f 3244//2958 3209//2923 3208//2922 
f 3245//2959 3210//2924 3209//2923 
f 3246//2960 3211//2925 3210//2924 
f 3247//2961 3212//2926 3211//2925 
f 3248//2962 3213//2927 3212//2926 
f 3249//2963 3214//2928 3213//2927 
f 3250//2964 3215//2929 3214//2928 
f 3251//2965 3216//2930 3215//2929 
f 3252//2966 3217//2931 3216//2930 
f 3253//2967 3254//2968 3217//2931 
f 3255//2969 3218//2932 3256//2970 
f 3257//2971 3221//2935 3218//2932 
f 3258//2972 3222//2936 3221//2935 
f 3259//2973 3223//2937 3222//2936 
f 3260//2974 3224//2938 3223//2937 
f 3261//2975 3225//2939 3224//2938 
f 3262//2976 3226//2940 3225//2939 
f 3263//2977 3227//2941 3226//2940 
f 3264//2978 3228//2942 3227//2941 
f 3265//2979 3229//2943 3228//2942 
f 3266//2980 3230//2944 3229//2943 
f 3267//2981 3231//2945 3230//2944 
f 3268//2982 3232//2946 3231//2945 
f 3269//2983 3233//2947 3232//2946 
f 3270//2984 3234//2948 3233//2947 
f 3271//2985 3235//2949 3234//2948 
f 3272//2986 3236//2950 3235//2949 
f 3273//2987 3237//2951 3236//2950 
f 3274//2988 3238//2952 3237//2951 
f 3275//2989 3239//2953 3238//2952 
f 3276//2990 3240//2954 3239//2953 
f 3277//2991 3241//2955 3240//2954 
f 3278//2992 3242//2956 3241//2955 
f 3279//2993 3243//2957 3242//2956 
f 3280//2994 3244//2958 3243//2957 
f 3281//2995 3245//2959 3244//2958 
f 3282//2996 3246//2960 3245//2959 
f 3283//2997 3247//2961 3246//2960 
f 3284//2998 3248//2962 3247//2961 
f 3285//2999 3249//2963 3248//2962 
f 3286//3000 3250//2964 3249//2963 
f 3287//3001 3251//2965 3250//2964 
f 3288//3002 3252//2966 3251//2965 
f 3289//3003 3253//2967 3252//2966 
f 3290//3004 3255//2969 3291//3005 
f 3292//3006 3257//2971 3255//2969 
f 3293//3007 3258//2972 3257//2971 
f 3294//3008 3259//2973 3258//2972 
f 3295//3009 3260//2974 3259//2973 
f 3296//3010 3261//2975 3260//2974 
f 3297//3011 3262//2976 3261//2975 
f 3298//3012 3263//2977 3262//2976 
f 3299//3013 3264//2978 3263//2977 
f 3300//3014 3265//2979 3264//2978 
f 3301//3015 3266//2980 3265//2979 
f 3302//3016 3267//2981 3266//2980 
f 3303//3017 3268//2982 3267//2981 
f 3304//3018 3269//2983 3268//2982 
f 3305//3019 3270//2984 3269//2983 
f 3306//3020 3271//2985 3270//2984 
f 3307//3021 3272//2986 3271//2985 
f 3308//3022 3273//2987 3272//2986 
f 3309//3023 3274//2988 3273//2987 
f 3310//3024 3275//2989 3274//2988 
f 3311//3025 3276//2990 3275//2989 
f 3312//3026 3277//2991 3276//2990 
f 3313//3027 3278//2992 3277//2991 
f 3314//3028 3279//2993 3278//2992 
f 3315//3029 3280//2994 3279//2993 
f 3316//3030 3281//2995 3280//2994 
f 3317//3031 3282//2996 3281//2995 
f 3318//3032 3283//2997 3282//2996 
f 3319//3033 3284//2998 3283//2997 
f 3320//3034 3285//2999 3284//2998 
f 3321//3035 3286//3000 3285//2999 
f 3322//3036 3287//3001 3286//3000 
f 3323//3037 3288//3002 3287//3001 
f 3324//3038 3289//3003 3288//3002 
f 3325//3039 3290//3004 3326//3040 
f 3327//3041 3292//3006 3290//3004 
f 3328//3042 3293//3007 3292//3006 
f 3329//3043 3294//3008 3293//3007 
f 3330//3044 3295//3009 3294//3008 
f 3331//3045 3296//3010 3295//3009 
f 3332//3046 3297//3011 3296//3010 
f 3333//3047 3298//3012 3297//3011 
f 3334//3048 3299//3013 3298//3012 
f 3335//3049 3300//3014 3299//3013 
f 3336//3050 3301//3015 3300//3014 
f 3337//3051 3302//3016 3301//3015 
f 3338//3052 3303//3017 3302//3016 
f 3339//3053 3304//3018 3303//3017 
f 3340//3054 3305//3019 3304//3018 
f 3341//3055 3306//3020 3305//3019 
f 3342//3056 3307//3021 3306//3020 
f 3343//3057 3308//3022 3307//3021 
f 3344//3058 3309//3023 3308//3022 
f 3345//3059 3310//3024 3309//3023 
f 3346//3060 3311//3025 3310//3024 
f 3347//3061 3312//3026 3311//3025 
f 3348//3062 3313//3027 3312//3026 
f 3349//3063 3314//3028 3313//3027 
f 3350//3064 3315//3029 3314//3028 
f 3351//3065 3316//3030 3315//3029 
f 3352//3066 3317//3031 3316//3030 
f 3353//3067 3318//3032 3317//3031 
f 3354//3068 3319//3033 3318//3032 
f 3355//3069 3320//3034 3319//3033 
f 3356//3070 3321//3035 3320//3034 
f 3357//3071 3322//3036 3321//3035 
f 3358//3072 3323//3037 3322//3036 
f 3359//3073 3324//3038 3323//3037 
f 3360//3074 3325//3039 3361//3075 
f 3362//3076 3327//3041 3325//3039 
f 3363//3077 3328//3042 3327//3041 
f 3364//3078 3329//3043 3328//3042 
f 3365//3079 3330//3044 3329//3043 
f 3366//3080 3331//3045 3330//3044 
f 3367//3081 3332//3046 3331//3045 
f 3368//3082 3333//3047 3332//3046 
f 3369//3083 3334//3048 3333//3047 
f 3370//3084 3335//3049 3334//3048 
f 3371//3085 3336//3050 3335//3049 
f 3372//3086 3337//3051 3336//3050 
f 3373//3087 3338//3052 3337//3051 
f 3374//3088 3339//3053 3338//3052 
f 3375//3089 3340//3054 3339//3053 
f 3376//3090 3341//3055 3340//3054 
f 3377//3091 3342//3056 3341//3055 
f 3378//3092 3343//3057 3342//3056 
f 3379//3093 3344//3058 3343//3057 
f 3380//3094 3345//3059 3344//3058 
f 3381//3095 3346//3060 3345//3059 
f 3382//3096 3347//3061 3346//3060 
f 3383//3097 3348//3062 3347//3061 
f 3384//3098 3349//3063 3348//3062 
f 3385//3099 3350//3064 3349//3063 
f 3386//3100 3351//3065 3350//3064 
f 3387//3101 3352//3066 3351//3065 
f 3388//3102 3353//3067 3352//3066 
f 3389//3103 3354//3068 3353//3067 
f 3390//3104 3355//3069 3354//3068 
f 3391//3105 3356//3070 3355//3069 
f 3392//3106 3357//3071 3356//3070 
f 3393//3107 3358//3072 3357//3071 
f 3394//3108 3359//3073 3358//3072 
f 3395//3109 3360//3074 3396//3110 
f 3397//3111 3362//3076 3360//3074 
f 3398//3112 3363//3077 3362//3076 
f 3399//3113 3364//3078 3363//3077 
f 3400//3114 3365//3079 3364//3078 
f 3401//3115 3366//3080 3365//3079 
f 3402//3116 3367//3081 3366//3080 
f 3403//3117 3368//3082 3367//3081 
f 3404//3118 3369//3083 3368//3082 
f 3405//3119 3370//3084 3369//3083 
f 3406//3120 3371//3085 3370//3084 
f 3407//3121 3372//3086 3371//3085 
f 3408//3122 3373//3087 3372//3086 
f 3409//3123 3374//3088 3373//3087 
f 3410//3124 3375//3089 3374//3088 
f 3411//3125 3376//3090 3375//3089 
f 3412//3126 3377//3091 3376//3090 
f 3413//3127 3378//3092 3377//3091 
f 3414//3128 3379//3093 3378//3092 
f 3415//3129 3380//3094 3379//3093 
f 3416//3130 3381//3095 3380//3094 
f 3417//3131 3382//3096 3381//3095 
f 3418//3132 3383//3097 3382//3096 
f 3419//3133 3384//3098 3383//3097 
f 3420//3134 3385//3099 3384//3098 
f 3421//3135 3386//3100 3385//3099 
f 3422//3136 3387//3101 3386//3100 
f 3423//3137 3388//3102 3387//3101 
f 3424//3138 3389//3103 3388//3102 
f 3425//3139 3390//3104 3389//3103 
f 3426//3140 3391//3105 3390//3104 
f 3427//3141 3392//3106 3391//3105 
f 3428//3142 3393//3107 3392//3106 
f 3429//3143 3394//3108 3393//3107 
f 3430//3144 3431//3145 3432//3146 
f 3433//3147 3395//3109 3431//3145 
f 3434//3148 3397//3111 3395//3109 
f 3435//3149 3398//3112 3397//3111 
f 3436//3150 3399//3113 3398//3112 
f 3437//3151 3400//3114 3399//3113 
f 3438//3152 3401//3115 3400//3114 
f 3439//3153 3402//3116 3401//3115 
f 3440//3154 3403//3117 3402//3116 
f 3441//3155 3404//3118 3403//3117 
f 3442//3156 3405//3119 3404//3118 
f 3443//3157 3406//3120 3405//3119 
f 3444//3158 3407//3121 3406//3120 
f 3445//3159 3408//3122 3407//3121 
f 3446//3160 3409//3123 3408//3122 
f 3447//3161 3410//3124 3409//3123 
f 3448//3162 3411//3125 3410//3124 
f 3449//3163 3412//3126 3411//3125 
f 3450//3164 3413//3127 3412//3126 
f 3451//3165 3414//3128 3413//3127 
f 3452//3166 3415//3129 3414//3128 
f 3453//3167 3416//3130 3415//3129 
f 3454//3168 3417//3131 3416//3130 
f 3455//3169 3418//3132 3417//3131 
f 3456//3170 3419//3133 3418//3132 
f 3457//3171 3420//3134 3419//3133 
f 3458//3172 3421//3135 3420//3134 
f 3459//3173 3422//3136 3421//3135 
f 3460//3174 3423//3137 3422//3136 
f 3461//3175 3424//3138 3423//3137 
f 3462//3176 3425//3139 3424//3138 
f 3463//3177 3426//3140 3425//3139 
f 3464//3178 3427//3141 3426//3140 
f 3465//3179 3428//3142 3427//3141 
f 3466//3180 3429//3143 3428//3142 
f 3467//3181 3468//3182 3429//3143 
f 3469//3183 3430//3144 3470//3184 
f 3471//3185 3433//3147 3430//3144 
f 3472//3186 3434//3148 3433//3147 
f 3473//3187 3435//3149 3434//3148 
f 3474//3188 3436//3150 3435//3149 
f 3475//3189 3437//3151 3436//3150 
f 3476//3190 3438//3152 3437//3151 
f 3477//3191 3439//3153 3438//3152 
f 3478//3192 3440//3154 3439//3153 
f 3479//3193 3441//3155 3440//3154 
f 3480//3194 3442//3156 3441//3155 
f 3481//3195 3443//3157 3442//3156 
f 3482//3196 3444//3158 3443//3157 
f 3483//3197 3445//3159 3444//3158 
f 3484//3198 3446//3160 3445//3159 
f 3485//3199 3447//3161 3446//3160 
f 3486//3200 3448//3162 3447//3161 
f 3487//3201 3449//3163 3448//3162 
f 3488//3202 3450//3164 3449//3163 
f 3489//3203 3451//3165 3450//3164 
f 3490//3204 3452//3166 3451//3165 
f 3491//3205 3453//3167 3452//3166 
f 3492//3206 3454//3168 3453//3167 
f 3493//3207 3455//3169 3454//3168 
f 3494//3208 3456//3170 3455//3169 
f 3495//3209 3457//3171 3456//3170 
f 3496//3210 3458//3172 3457//3171 
f 3497//3211 3459//3173 3458//3172 
f 3498//3212 3460//3174 3459//3173 
f 3499//3213 3461//3175 3460//3174 
f 3500//3214 3462//3176 3461//3175 
f 3501//3215 3463//3177 3462//3176 
f 3502//3216 3464//3178 3463//3177 
f 3503//3217 3465//3179 3464//3178 
f 3504//3218 3466//3180 3465//3179 
f 3505//3219 3467//3181 3466//3180 
f 3506//3220 3469//3183 3507//3221 
f 3508//3222 3471//3185 3469//3183 
f 3509//3223 3472//3186 3471//3185 
f 3510//3224 3473//3187 3472//3186 
f 3511//3225 3474//3188 3473//3187 
f 3512//3226 3475//3189 3474//3188 
f 3513//3227 3476//3190 3475//3189 
f 3514//3228 3477//3191 3476//3190 
f 3515//3229 3478//3192 3477//3191 
f 3516//3230 3479//3193 3478//3192 
f 3517//3231 3480//3194 3479//3193 
f 3518//3232 3481//3195 3480//3194 
f 3519//3233 3482//3196 3481//3195 
f 3520//3234 3483//3197 3482//3196 
f 3521//3235 3484//3198 3483//3197 
f 3522//3236 3485//3199 3484//3198 
f 3523//3237 3486//3200 3485//3199 
f 3524//3238 3487//3201 3486//3200 
f 3525//3239 3488//3202 3487//3201 
f 3526//3240 3489//3203 3488//3202 
f 3527//3241 3490//3204 3489//3203 
f 3528//3242 3491//3205 3490//3204 
f 3529//3243 3492//3206 3491//3205 
f 3530//3244 3493//3207 3492//3206 
f 3531//3245 3494//3208 3493//3207 
f 3532//3246 3495//3209 3494//3208 
f 3533//3247 3496//3210 3495//3209 
f 3534//3248 3497//3211 3496//3210 
f 3535//3249 3498//3212 3497//3211 
f 3536//3250 3499//3213 3498//3212 
f 3537//3251 3500//3214 3499//3213 
f 3538//3252 3501//3215 3500//3214 
f 3539//3253 3502//3216 3501//3215 
f 3540//3254 3503//3217 3502//3216 
f 3541//3255 3504//3218 3503//3217 
f 3542//3256 3505//3219 3504//3218 
f 3543//3257 3506//3220 3544//3258 
f 3545//3259 3508//3222 3506//3220 
f 3546//3260 3509//3223 3508//3222 
f 3547//3261 3510//3224 3509//3223 
f 3548//3262 3511//3225 3510//3224 
f 3549//3263 3512//3226 3511//3225 
f 3550//3264 3513//3227 3512//3226 
f 3551//3265 3514//3228 3513//3227 
f 3552//3266 3515//3229 3514//3228 
f 3553//3267 3516//3230 3515//3229 
f 3554//3268 3517//3231 3516//3230 
f 3555//3269 3518//3232 3517//3231 
f 3556//3270 3519//3233 3518//3232 
f 3557//3271 3520//3234 3519//3233 
f 3558//3272 3521//3235 3520//3234 
f 3559//3273 3522//3236 3521//3235 
f 3560//3274 3523//3237 3522//3236 
f 3561//3275 3524//3238 3523//3237 
f 3562//3276 3525//3239 3524//3238 
f 3563//3277 3526//3240 3525//3239 
f 3564//3278 3527//3241 3526//3240 
f 3565//3279 3528//3242 3527//3241 
f 3566//3280 3529//3243 3528//3242 
f 3567//3281 3530//3244 3529//3243 
f 3568//3282 3531//3245 3530//3244 
f 3569//3283 3532//3246 3531//3245 
f 3570//3284 3533//3247 3532//3246 
f 3571//3285 3534//3248 3533//3247 
f 3572//3286 3535//3249 3534//3248 
f 3573//3287 3536//3250 3535//3249 
f 3574//3288 3537//3251 3536//3250 
f 3575//3289 3538//3252 3537//3251 
f 3576//3290 3539//3253 3538//3252 
f 3577//3291 3540//3254 3539//3253 
f 3578//3292 3541//3255 3540//3254 
f 3579//3293 3542//3256 3541//3255 
f 3580//3294 3543//3257 3581//3295 
f 3582//3296 3545//3259 3543//3257 
f 3583//3297 3546//3260 3545//3259 
f 3584//3298 3547//3261 3546//3260 
f 3585//3299 3548//3262 3547//3261 
f 3586//3300 3549//3263 3548//3262 
f 3587//3301 3550//3264 3549//3263 
f 3588//3302 3551//3265 3550//3264 
f 3589//3303 3552//3266 3551//3265 
f 3590//3304 3553//3267 3552//3266 
f 3591//3305 3554//3268 3553//3267 
f 3592//3306 3555//3269 3554//3268 
f 3593//3307 3556//3270 3555//3269 
f 3594//3308 3557//3271 3556//3270 
f 3595//3309 3558//3272 3557//3271 
f 3596//3310 3559//3273 3558//3272 
f 3597//3311 3560//3274 3559//3273 
f 3598//3312 3561//3275 3560//3274 
f 3599//3313 3562//3276 3561//3275 
f 3600//3314 3563//3277 3562//3276 
f 3601//3315 3564//3278 3563//3277 
f 3602//3316 3565//3279 3564//3278 
f 3603//3317 3566//3280 3565//3279 
f 3604//3318 3567//3281 3566//3280 
f 3605//3319 3568//3282 3567//3281 
f 3606//3320 3569//3283 3568//3282 
f 3607//3321 3570//3284 3569//3283 
f 3608//3322 3571//3285 3570//3284 
f 3609//3323 3572//3286 3571//3285 
f 3610//3324 3573//3287 3572//3286 
f 3611//3325 3574//3288 3573//3287 
f 3612//3326 3575//3289 3574//3288 
f 3613//3327 3576//3290 3575//3289 
f 3614//3328 3577//3291 3576//3290 
f 3615//3329 3578//3292 3577//3291 
f 3616//3330 3579//3293 3578//3292 
f 3617//3331 3618//3332 3619//3333 
f 3620//3334 3580//3294 3618//3332 
f 3621//3335 3582//3296 3580//3294 
f 3622//3336 3583//3297 3582//3296 
f 3623//3337 3584//3298 3583//3297 
f 3624//3338 3585//3299 3584//3298 
f 3625//3339 3586//3300 3585//3299 
f 3626//3340 3587//3301 3586//3300 
f 3627//3341 3588//3302 3587//3301 
f 3628//3342 3589//3303 3588//3302 
f 3629//3343 3590//3304 3589//3303 
f 3630//3344 3591//3305 3590//3304 
f 3631//3345 3592//3306 3591//3305 
f 3632//3346 3593//3307 3592//3306 
f 3633//3347 3594//3308 3593//3307 
f 3634//3348 3595//3309 3594//3308 
f 3635//3349 3596//3310 3595//3309 
f 3636//3350 3597//3311 3596//3310 
f 3637//3351 3598//3312 3597//3311 
f 3638//3352 3599//3313 3598//3312 
f 3639//3353 3600//3314 3599//3313 
f 3640//3354 3601//3315 3600//3314 
f 3641//3355 3602//3316 3601//3315 
f 3642//3356 3603//3317 3602//3316 
f 3643//3357 3604//3318 3603//3317 
f 3644//3358 3605//3319 3604//3318 
f 3645//3359 3606//3320 3605//3319 
f 3646//3360 3607//3321 3606//3320 
f 3647//3361 3608//3322 3607//3321 
f 3648//3362 3609//3323 3608//3322 
f 3649//3363 3610//3324 3609//3323 
f 3650//3364 3611//3325 3610//3324 
f 3651//3365 3612//3326 3611//3325 
f 3652//3366 3613//3327 3612//3326 
f 3653//3367 3614//3328 3613//3327 
f 3654//3368 3615//3329 3614//3328 
f 3655//3369 3616//3330 3615//3329 
f 3656//3370 3657//3371 3616//3330 
f 3658//3372 3617//3331 3659//3373 
f 3660//3374 3620//3334 3617//3331 
f 3661//3375 3621//3335 3620//3334 
f 3662//3376 3622//3336 3621//3335 
f 3663//3377 3623//3337 3622//3336 
f 3664//3378 3624//3338 3623//3337 
f 3665//3379 3625//3339 3624//3338 
f 3666//3380 3626//3340 3625//3339 
f 3667//3381 3627//3341 3626//3340 
f 3668//3382 3628//3342 3627//3341 
f 3669//3383 3629//3343 3628//3342 
f 3670//3384 3630//3344 3629//3343 
f 3671//3385 3631//3345 3630//3344 
f 3672//3386 3632//3346 3631//3345 
f 3673//3387 3633//3347 3632//3346 
f 3674//3388 3634//3348 3633//3347 
f 3675//3389 3635//3349 3634//3348 
f 3676//3390 3636//3350 3635//3349 
f 3677//3391 3637//3351 3636//3350 
f 3678//3392 3638//3352 3637//3351 
f 3679//3393 3639//3353 3638//3352 
f 3680//3394 3640//3354 3639//3353 
f 3681//3395 3641//3355 3640//3354 
f 3682//3396 3642//3356 3641//3355 
f 3683//3397 3643//3357 3642//3356 
f 3684//3398 3644//3358 3643//3357 
f 3685//3399 3645//3359 3644//3358 
f 3686//3400 3646//3360 3645//3359 
f 3687//3401 3647//3361 3646//3360 
f 3688//3402 3648//3362 3647//3361 
f 3689//3403 3649//3363 3648//3362 
f 3690//3404 3650//3364 3649//3363 
f 3691//3405 3651//3365 3650//3364 
f 3692//3406 3652//3366 3651//3365 
f 3693//3407 3653//3367 3652//3366 
f 3694//3408 3654//3368 3653//3367 
f 3695//3409 3655//3369 3654//3368 
f 3696//3410 3656//3370 3655//3369 
f 3697//3411 3658//3372 3698//3412 
f 3699//3413 3660//3374 3658//3372 
f 3700//3414 3661//3375 3660//3374 
f 3701//3415 3662//3376 3661//3375 
f 3702//3416 3663//3377 3662//3376 
f 3703//3417 3664//3378 3663//3377 
f 3704//3418 3665//3379 3664//3378 
f 3705//3419 3666//3380 3665//3379 
f 3706//3420 3667//3381 3666//3380 
f 3707//3421 3668//3382 3667//3381 
f 3708//3422 3669//3383 3668//3382 
f 3709//3423 3670//3384 3669//3383 
f 3710//3424 3671//3385 3670//3384 
f 3711//3425 3672//3386 3671//3385 
f 3712//3426 3673//3387 3672//3386 
f 3713//3427 3674//3388 3673//3387 
f 3714//3428 3675//3389 3674//3388 
f 3715//3429 3676//3390 3675//3389 
f 3716//3430 3677//3391 3676//3390 
f 3717//3431 3678//3392 3677//3391 
f 3718//3432 3679//3393 3678//3392 
f 3719//3433 3680//3394 3679//3393 
f 3720//3434 3681//3395 3680//3394 
f 3721//3435 3682//3396 3681//3395 
f 3722//3436 3683//3397 3682//3396 
f 3723//3437 3684//3398 3683//3397 
f 3724//3438 3685//3399 3684//3398 
f 3725//3439 3686//3400 3685//3399 
f 3726//3440 3687//3401 3686//3400 
f 3727//3441 3688//3402 3687//3401 
f 3728//3442 3689//3403 3688//3402 
f 3729//3443 3690//3404 3689//3403 
f 3730//3444 3691//3405 3690//3404 
f 3731//3445 3692//3406 3691//3405 
f 3732//3446 3693//3407 3692//3406 
f 3733//3447 3694//3408 3693//3407 
f 3734//3448 3695//3409 3694//3408 
f 3735//3449 3696//3410 3695//3409 
f 3736//3450 3697//3411 3737//3451 
f 3738//3452 3699//3413 3697//3411 
f 3739//3453 3700//3414 3699//3413 
f 3740//3454 3701//3415 3700//3414 
f 3741//3455 3702//3416 3701//3415 
f 3742//3456 3703//3417 3702//3416 
f 3743//3457 3704//3418 3703//3417 
f 3744//3458 3705//3419 3704//3418 
f 3745//3459 3706//3420 3705//3419 
f 3746//3460 3707//3421 3706//3420 
f 3747//3461 3708//3422 3707//3421 
f 3748//3462 3709//3423 3708//3422 
f 3749//3463 3710//3424 3709//3423 
f 3750//3464 3711//3425 3710//3424 
f 3751//3465 3712//3426 3711//3425 
f 3752//3466 3713//3427 3712//3426 
f 3753//3467 3714//3428 3713//3427 
f 3754//3468 3715//3429 3714//3428 
f 3755//3469 3716//3430 3715//3429 
f 3756//3470 3717//3431 3716//3430 
f 3757//3471 3718//3432 3717//3431 
f 3758//3472 3719//3433 3718//3432 
f 3759//3473 3720//3434 3719//3433 
f 3760//3474 3721//3435 3720//3434 
f 3761//3475 3722//3436 3721//3435 
f 3762//3476 3723//3437 3722//3436 
f 3763//3477 3724//3438 3723//3437 
f 3764//3478 3725//3439 3724//3438 
f 3765//3479 3726//3440 3725//3439 
f 3766//3480 3727//3441 3726//3440 
f 3767//3481 3728//3442 3727//3441 
f 3768//3482 3729//3443 3728//3442 
f 3769//3483 3730//3444 3729//3443 
f 3770//3484 3731//3445 3730//3444 
f 3771//3485 3732//3446 3731//3445 
f 3772//3486 3733//3447 3732//3446 
f 3773//3487 3734//3448 3733//3447 
f 3774//3488 3735//3449 3734//3448 
f 3775//3489 3736//3450 3776//3490 
f 3777//3491 3738//3452 3736//3450 
f 3778//3492 3739//3453 3738//3452 
f 3779//3493 3740//3454 3739//3453 
f 3780//3494 3741//3455 3740//3454 
f 3781//3495 3742//3456 3741//3455 
f 3782//3496 3743//3457 3742//3456 
f 3783//3497 3744//3458 3743//3457 
f 3784//3498 3745//3459 3744//3458 
f 3785//3499 3746//3460 3745//3459 
f 3786//3500 3747//3461 3746//3460 
f 3787//3501 3748//3462 3747//3461 
f 3788//3502 3749//3463 3748//3462 
f 3789//3503 3750//3464 3749//3463 
f 3790//3504 3751//3465 3750//3464 
f 3791//3505 3752//3466 3751//3465 
f 3792//3506 3753//3467 3752//3466 
f 3793//3507 3754//3468 3753//3467 
f 3794//3508 3755//3469 3754//3468 
f 3795//3509 3756//3470 3755//3469 
f 3796//3510 3757//3471 3756//3470 
f 3797//3511 3758//3472 3757//3471 
f 3798//3512 3759//3473 3758//3472 
f 3799//3513 3760//3474 3759//3473 
f 3800//3514 3761//3475 3760//3474 
f 3801//3515 3762//3476 3761//3475 
f 3802//3516 3763//3477 3762//3476 
f 3803//3517 3764//3478 3763//3477 
f 3804//3518 3765//3479 3764//3478 
f 3805//3519 3766//3480 3765//3479 
f 3806//3520 3767//3481 3766//3480 
f 3807//3521 3768//3482 3767//3481 
f 3808//3522 3769//3483 3768//3482 
f 3809//3523 3770//3484 3769//3483 
f 3810//3524 3771//3485 3770//3484 
f 3811//3525 3772//3486 3771//3485 
f 3812//3526 3773//3487 3772//3486 
f 3813//3527 3774//3488 3773//3487 
f 3814//3528 3815//3529 3816//3530 
f 3817//3531 3775//3489 3815//3529 
f 3818//3532 3777//3491 3775//3489 
f 3819//3533 3778//3492 3777//3491 
f 3820//3534 3779//3493 3778//3492 
f 3821//3535 3780//3494 3779//3493 
f 3822//3536 3781//3495 3780//3494 
f 3823//3537 3782//3496 3781//3495 
f 3824//3538 3783//3497 3782//3496 
f 3825//3539 3784//3498 3783//3497 
f 3826//3540 3785//3499 3784//3498 
f 3827//3541 3786//3500 3785//3499 
f 3828//3542 3787//3501 3786//3500 
f 3829//3543 3788//3502 3787//3501 
f 3830//3544 3789//3503 3788//3502 
f 3831//3545 3790//3504 3789//3503 
f 3832//3546 3791//3505 3790//3504 
f 3833//3547 3792//3506 3791//3505 
f 3834//3548 3793//3507 3792//3506 
f 3835//3549 3794//3508 3793//3507 
f 3836//3550 3795//3509 3794//3508 
f 3837//3551 3796//3510 3795//3509 
f 3838//3552 3797//3511 3796//3510 
f 3839//3553 3798//3512 3797//3511 
f 3840//3554 3799//3513 3798//3512 
f 3841//3555 3800//3514 3799//3513 
f 3842//3556 3801//3515 3800//3514 
f 3843//3557 3802//3516 3801//3515 
f 3844//3558 3803//3517 3802//3516 
f 3845//3559 3804//3518 3803//3517 
f 3846//3560 3805//3519 3804//3518 
f 3847//3561 3806//3520 3805//3519 
f 3848//3562 3807//3521 3806//3520 
f 3849//3563 3808//3522 3807//3521 
f 3850//3564 3809//3523 3808//3522 
f 3851//3565 3810//3524 3809//3523 
f 3852//3566 3811//3525 3810//3524 
f 3853//3567 3812//3526 3811//3525 
f 3854//3568 3813//3527 3812//3526 
f 3855//3569 3856//3570 3813//3527 
f 3857//3571 3814//3528 3858//3572 
f 3859//3573 3817//3531 3814//3528 
f 3860//3574 3818//3532 3817//3531 
f 3861//3575 3819//3533 3818//3532 
f 3862//3576 3820//3534 3819//3533 
f 3863//3577 3821//3535 3820//3534 
f 3864//3578 3822//3536 3821//3535 
f 3865//3579 3823//3537 3822//3536 
f 3866//3580 3824//3538 3823//3537 
f 3867//3581 3825//3539 3824//3538 
f 3868//3582 3826//3540 3825//3539 
f 3869//3583 3827//3541 3826//3540 
f 3870//3584 3828//3542 3827//3541 
f 3871//3585 3829//3543 3828//3542 
f 3872//3586 3830//3544 3829//3543 
f 3873//3587 3831//3545 3830//3544 
f 3874//3588 3832//3546 3831//3545 
f 3875//3589 3833//3547 3832//3546 
f 3876//3590 3834//3548 3833//3547 
f 3877//3591 3835//3549 3834//3548 
f 3878//3592 3836//3550 3835//3549 
f 3879//3593 3837//3551 3836//3550 
f 3880//3594 3838//3552 3837//3551 
f 3881//3595 3839//3553 3838//3552 
f 3882//3596 3840//3554 3839//3553 
f 3883//3597 3841//3555 3840//3554 
f 3884//3598 3842//3556 3841//3555 
f 3885//3599 3843//3557 3842//3556 
f 3886//3600 3844//3558 3843//3557 
f 3887//3601 3845//3559 3844//3558 
f 3888//3602 3846//3560 3845//3559 
f 3889//3603 3847//3561 3846//3560 
f 3890//3604 3848//3562 3847//3561 
f 3891//3605 3849//3563 3848//3562 
f 3892//3606 3850//3564 3849//3563 
f 3893//3607 3851//3565 3850//3564 
f 3894//3608 3852//3566 3851//3565 
f 3895//3609 3853//3567 3852//3566 
f 3896//3610 3854//3568 3853//3567 
f 3897//3611 3855//3569 3854//3568 
f 3898//3612 3857//3571 3899//3613 
f 3900//3614 3859//3573 3857//3571 
f 3901//3615 3860//3574 3859//3573 
f 3902//3616 3861//3575 3860//3574 
f 3903//3617 3862//3576 3861//3575 
f 3904//3618 3863//3577 3862//3576 
f 3905//3619 3864//3578 3863//3577 
f 3906//3620 3865//3579 3864//3578 
f 3907//3621 3866//3580 3865//3579 
f 3908//3622 3867//3581 3866//3580 
f 3909//3623 3868//3582 3867//3581 
f 3910//3624 3869//3583 3868//3582 
f 3911//3625 3870//3584 3869//3583 
f 3912//3626 3871//3585 3870//3584 
f 3913//3627 3872//3586 3871//3585 
f 3914//3628 3873//3587 3872//3586 
f 3915//3629 3874//3588 3873//3587 
f 3916//3630 3875//3589 3874//3588 
f 3917//3631 3876//3590 3875//3589 
f 3918//3632 3877//3591 3876//3590 
f 3919//3633 3878//3592 3877//3591 
f 3920//3634 3879//3593 3878//3592 
f 3921//3635 3880//3594 3879//3593 
f 3922//3636 3881//3595 3880//3594 
f 3923//3637 3882//3596 3881//3595 
f 3924//3638 3883//3597 3882//3596 
f 3925//3639 3884//3598 3883//3597 
f 3926//3640 3885//3599 3884//3598 
f 3927//3641 3886//3600 3885//3599 
f 3928//3642 3887//3601 3886//3600 
f 3929//3643 3888//3602 3887//3601 
f 3930//3644 3889//3603 3888//3602 
f 3931//3645 3890//3604 3889//3603 
f 3932//3646 3891//3605 3890//3604 
f 3933//3647 3892//3606 3891//3605 
f 3934//3648 3893//3607 3892//3606 
f 3935//3649 3894//3608 3893//3607 
f 3936//3650 3895//3609 3894//3608 
f 3937//3651 3896//3610 3895//3609 
f 3938//3652 3897//3611 3896//3610 
f 3939//3653 3898//3612 3940//3654 
f 3941//3655 3900//3614 3898//3612 
f 3942//3656 3901//3615 3900//3614 
f 3943//3657 3902//3616 3901//3615 
f 3944//3658 3903//3617 3902//3616 
f 3945//3659 3904//3618 3903//3617 
f 3946//3660 3905//3619 3904//3618 
f 3947//3661 3906//3620 3905//3619 
f 3948//3662 3907//3621 3906//3620 
f 3949//3663 3908//3622 3907//3621 
f 3950//3664 3909//3623 3908//3622 
f 3951//3665 3910//3624 3909//3623 
f 3952//3666 3911//3625 3910//3624 
f 3953//3667 3912//3626 3911//3625 
f 3954//3668 3913//3627 3912//3626 
f 3955//3669 3914//3628 3913//3627 
f 3956//3670 3915//3629 3914//3628 
f 3957//3671 3916//3630 3915//3629 
f 3958//3672 3917//3631 3916//3630 
f 3959//3673 3918//3632 3917//3631 
f 3960//3674 3919//3633 3918//3632 
f 3961//3675 3920//3634 3919//3633 
f 3962//3676 3921//3635 3920//3634 
f 3963//3677 3922//3636 3921//3635 
f 3964//3678 3923//3637 3922//3636 
f 3965//3679 3924//3638 3923//3637 
f 3966//3680 3925//3639 3924//3638 
f 3967//3681 3926//3640 3925//3639 
f 3968//3682 3927//3641 3926//3640 
f 3969//3683 3928//3642 3927//3641 
f 3970//3684 3929//3643 3928//3642 
f 3971//3685 3930//3644 3929//3643 
f 3972//3686 3931//3645 3930//3644 
f 3973//3687 3932//3646 3931//3645 
f 3974//3688 3933//3647 3932//3646 
f 3975//3689 3934//3648 3933//3647 
f 3976//3690 3935//3649 3934//3648 
f 3977//3691 3936//3650 3935//3649 
f 3978//3692 3937//3651 3936//3650 
f 3979//3693 3938//3652 3937//3651 
f 7//3694 3980//3695 3981//3696 
f 3982//3697 3939//3653 3981//3696 
f 3983//3698 3941//3655 3939//3653 
f 3984//3699 3942//3656 3941//3655 
f 3985//3700 3943//3657 3942//3656 
f 3986//3701 3944//3658 3943//3657 
f 3987//3702 3945//3659 3944//3658 
f 3988//3703 3946//3660 3945//3659 
f 3989//3704 3947//3661 3946//3660 
f 3990//3705 3948//3662 3947//3661 
f 3991//3706 3949//3663 3948//3662 
f 3992//3707 3950//3664 3949//3663 
f 3993//3708 3951//3665 3950//3664 
f 3994//3709 3952//3666 3951//3665 
f 3995//3710 3953//3667 3952//3666 
f 3996//3711 3954//3668 3953//3667 
f 3997//3712 3955//3669 3954//3668 
f 3998//3713 3956//3670 3955//3669 
f 3999//3714 3957//3671 3956//3670 
f 4000//3715 3958//3672 3957//3671 
f 4001//3716 3959//3673 3958//3672 
f 4002//3717 3960//3674 3959//3673 
f 4003//3718 3961//3675 3960//3674 
f 4004//3719 3962//3676 3961//3675 
f 4005//3720 3963//3677 3962//3676 
f 4006//3721 3964//3678 3963//3677 
f 4007//3722 3965//3679 3964//3678 
f 4008//3723 3966//3680 3965//3679 
f 4009//3724 3967//3681 3966//3680 
f 4010//3725 3968//3682 3967//3681 
f 4011//3726 3969//3683 3968//3682 
f 4012//3727 3970//3684 3969//3683 
f 4013//3728 3971//3685 3970//3684 
f 4014//3729 3972//3686 3971//3685 
f 4015//3730 3973//3687 3972//3686 
f 4016//3731 3974//3688 3973//3687 
f 4017//3732 3975//3689 3974//3688 
f 4018//3733 3976//3690 3975//3689 
f 4019//3734 3977//3691 3976//3690 
f 4020//3735 3978//3692 3977//3691 
f 4021//3736 3979//3693 3978//3692 
f 4021//3736 2208//3737 2209//3738 
f 2200//3739 3980//3695 7//3694 
f 2199//3740 3982//3697 3980//3695 
f 2195//3741 3983//3698 3982//3697 
f 2194//3742 3984//3699 3983//3698 
f 2193//3743 3985//3700 3984//3699 
f 2181//3744 3986//3701 3985//3700 
f 2171//3745 3987//3702 3986//3701 
f 2170//3746 3988//3703 3987//3702 
f 2169//3747 3989//3704 3988//3703 
f 2188//3748 3990//3705 3989//3704 
f 2187//3749 3991//3706 3990//3705 
f 2186//3750 3992//3707 3991//3706 
f 2185//3751 3993//3708 3992//3707 
f 2184//3752 3994//3709 3993//3708 
f 2184//3752 2168//3753 3995//3710 
f 2167//3754 3996//3711 3995//3710 
f 2166//3755 3997//3712 3996//3711 
f 2180//3756 3998//3713 3997//3712 
f 2179//3757 3999//3714 3998//3713 
f 2178//3758 4000//3715 3999//3714 
f 2183//3759 4001//3716 4000//3715 
f 2177//3760 4002//3717 4001//3716 
f 2176//3761 4003//3718 4002//3717 
f 2175//3762 4004//3719 4003//3718 
f 2182//3763 4005//3720 4004//3719 
f 2174//3764 4006//3721 4005//3720 
f 2173//3765 4007//3722 4006//3721 
f 2172//3766 4008//3723 4007//3722 
f 2192//3767 4009//3724 4008//3723 
f 2198//3768 4010//3725 4009//3724 
f 2197//3769 4011//3726 4010//3725 
f 2201//3770 4012//3727 4011//3726 
f 2191//3771 4013//3728 4012//3727 
f 2190//3772 4014//3729 4013//3728 
f 2189//3773 4015//3730 4014//3729 
f 2196//3774 4016//3731 4015//3730 
f 2205//3775 4017//3732 4016//3731 
f 2204//3776 4018//3733 4017//3732 
f 2204//3776 2203//3777 4019//3734 
f 2202//3778 4020//3735 4019//3734 
f 2207//3779 4021//3736 4020//3735 
f 2206//3780 2208//3737 4021//3736 
f 3979//3693 2210//3781 2211//3782 
f 2211//3782 3938//3652 3979//3693 
f 2209//3738 2212//3783 2210//3781 
f 2210//3781 3979//3693 2209//3738 
f 3897//3611 3938//3652 2213//3784 
f 3938//3652 2214//3785 2213//3784 
f 3855//3569 3897//3611 2215//3786 
f 3897//3611 2216//3787 2215//3786 
f 3855//3569 2217//3788 2218//3789 
f 2218//3789 3856//3570 3855//3569 
f 3855//3569 2219//3790 2217//3788 
f 3774//3488 3813//3527 2220//3791 
f 3813//3527 3856//3570 2221//3792 
f 2221//3792 2220//3791 3813//3527 
f 3735//3449 3774//3488 2222//3793 
f 3774//3488 2223//3794 2222//3793 
f 3696//3410 3735//3449 2224//3795 
f 2224//3795 2225//3796 3696//3410 
f 3735//3449 2226//3797 2224//3795 
f 3696//3410 2227//3798 2228//3799 
f 2228//3799 3656//3370 3696//3410 
f 3657//3371 3656//3370 2229//3800 
f 3656//3370 2230//3801 2229//3800 
f 3579//3293 3616//3330 2231//3802 
f 3616//3330 3657//3371 2232//3803 
f 2232//3803 2231//3802 3616//3330 
f 3579//3293 2233//3804 2234//3805 
f 2234//3805 3542//3256 3579//3293 
f 3579//3293 2235//3806 2233//3804 
f 3505//3219 3542//3256 2236//3807 
f 3542//3256 2237//3808 2236//3807 
f 3467//3181 3505//3219 2238//3809 
f 3505//3219 2239//3810 2238//3809 
f 3467//3181 2240//3811 2241//3812 
f 2241//3812 3468//3182 3467//3181 
f 3467//3181 2242//3813 2240//3811 
f 3394//3108 3429//3143 2243//3814 
f 3429//3143 3468//3182 2244//3815 
f 2244//3815 2243//3814 3429//3143 
f 3359//3073 3394//3108 2245//3816 
f 3394//3108 2246//3817 2245//3816 
f 3359//3073 2247//3818 2248//3819 
f 2248//3819 3324//3038 3359//3073 
f 3359//3073 2249//3820 2247//3818 
f 3289//3003 3324//3038 2250//3821 
f 3324//3038 2251//3822 2250//3821 
f 3253//2967 3289//3003 2252//3823 
f 2252//3823 2253//3824 3253//2967 
f 3289//3003 2254//3825 2252//3823 
f 3254//2968 3253//2967 2255//3826 
f 3253//2967 2256//3827 2255//3826 
f 3254//2968 2257//3828 2258//3829 
f 3184//2898 3217//2931 2259//3830 
f 3217//2931 3254//2968 2259//3830 
f 2259//3830 2260//3831 3184//2898 
f 3151//2865 3184//2898 2261//3832 
f 3184//2898 2262//3833 2261//3832 
f 3118//2832 3151//2865 2263//3834 
f 3151//2865 2264//3835 2263//3834 
f 3118//2832 2265//3836 2266//3837 
f 2266//3837 3085//2799 3118//2832 
f 3118//2832 2267//3838 2265//3836 
f 3085//2799 2268//3839 2269//3840 
f 2269//3840 3052//2766 3085//2799 
f 3018//2732 3052//2766 2270//3841 
f 3052//2766 2271//3842 2270//3841 
f 3019//2733 3018//2732 2272//3843 
f 3018//2732 2273//3844 2272//3843 
f 3019//2733 2274//3845 2275//3846 
f 2953//2667 2984//2698 2276//3847 
f 2984//2698 3019//2733 2276//3847 
f 2276//3847 2277//3848 2953//2667 
f 2922//2636 2953//2667 2278//3849 
f 2953//2667 2279//3850 2278//3849 
f 2891//2605 2922//2636 2280//3851 
f 2922//2636 2281//3852 2280//3851 
f 2891//2605 2282//3853 2283//3854 
f 2283//3854 2860//2574 2891//2605 
f 2891//2605 2284//3855 2282//3853 
f 2860//2574 2285//3856 2286//3857 
f 2286//3857 2829//2543 2860//2574 
f 2798//2512 2829//2543 2287//3858 
f 2829//2543 2288//3859 2287//3858 
f 2798//2512 2289//3860 2290//3861 
f 2290//3861 2766//2480 2798//2512 
f 2798//2512 2291//3862 2289//3860 
f 2767//2481 2766//2480 2292//3863 
f 2766//2480 2293//3864 2292//3863 
f 2767//2481 2294//3865 2295//3866 
f 2295//3866 2296//3867 2767//2481 
f 2734//2448 2767//2481 2297//3868 
f 2297//3868 2705//2419 2734//2448 
f 2676//2390 2705//2419 2298//3869 
f 2705//2419 2299//3870 2298//3869 
f 2647//2361 2676//2390 2300//3871 
f 2676//2390 2301//3872 2300//3871 
f 2647//2361 2302//3873 2303//3874 
f 2303//3874 2618//2332 2647//2361 
f 2647//2361 2304//3875 2302//3873 
f 2618//2332 2305//3876 2306//3877 
f 2306//3877 2589//2303 2618//2332 
f 2560//2274 2589//2303 2307//3878 
f 2589//2303 2308//3879 2307//3878 
f 2531//2245 2560//2274 2309//3880 
f 2309//3880 2310//3881 2531//2245 
f 2560//2274 2311//3882 2309//3880 
f 2531//2245 2312//3883 2313//3884 
f 2313//3884 2502//2216 2531//2245 
f 2473//2187 2502//2216 2314//3885 
f 2502//2216 2315//3886 2314//3885 
f 2444//2158 2473//2187 2316//3887 
f 2473//2187 2317//3888 2316//3887 
f 2444//2158 2318//3889 2319//3890 
f 2319//3890 2415//2129 2444//2158 
f 2444//2158 2320//3891 2318//3889 
f 2386//2100 2415//2129 2321//3892 
f 2415//2129 2322//3893 2321//3892 
f 2358//2071 2386//2100 2323//3894 
f 2386//2100 2324//3895 2323//3894 
f 290//2072 2358//2071 2325//3896 
f 2358//2071 2326//3897 2325//3896 
f 303//3898 19//3899 13//3900 
f 13//3900 2330//2016 303//3898 
f 2330//2016 12//3901 17//3902 
f 17//3902 2388//2102 2330//2016 
f 2388//2102 16//3903 24//3904 
f 24//3904 2417//2131 2388//2102 
f 2446//2160 2417//2131 26//3905 
f 2417//2131 23//3906 26//3905 
f 26//3905 29//3907 2446//2160 
f 2446//2160 28//3908 34//3909 
f 34//3909 2475//2189 2446//2160 
f 2475//2189 33//3910 38//3911 
f 38//3911 2504//2218 2475//2189 
f 2533//2247 2504//2218 43//3912 
f 2504//2218 37//3913 43//3912 
f 2533//2247 40//3914 44//3915 
f 2533//2247 46//3916 40//3914 
f 44//3915 2562//2276 2533//2247 
f 2562//2276 48//3917 55//3918 
f 55//3918 2591//2305 2562//2276 
f 2620//2334 2591//2305 64//3919 
f 2591//2305 54//3920 64//3919 
f 2649//2363 2620//2334 72//3921 
f 2620//2334 63//3922 72//3921 
f 72//3921 77//3923 2649//2363 
f 2649//2363 76//3924 85//3925 
f 85//3925 2678//2392 2649//2363 
f 2678//2392 84//3926 51//3927 
f 51//3927 2707//2421 2678//2392 
f 2736//2450 2707//2421 71//3928 
f 2707//2421 50//3929 71//3928 
f 2737//2451 67//3930 59//3931 
f 2737//2451 71//3928 67//3930 
f 2737//2451 58//3932 66//3933 
f 66//3933 2769//2483 2737//2451 
f 2800//2514 2769//2483 80//3934 
f 2769//2483 74//3935 80//3934 
f 80//3934 86//3936 2800//2514 
f 2800//2514 88//3937 92//3938 
f 92//3938 2831//2545 2800//2514 
f 2862//2576 2831//2545 96//3939 
f 2831//2545 91//3940 96//3939 
f 2893//2607 2862//2576 97//3941 
f 2862//2576 95//3942 97//3941 
f 97//3941 102//3943 2893//2607 
f 2893//2607 101//3944 106//3945 
f 106//3945 2924//2638 2893//2607 
f 2924//2638 105//3946 112//3947 
f 112//3947 2955//2669 2924//2638 
f 2955//2669 108//3948 114//3949 
f 114//3949 2986//2700 2955//2669 
f 2955//2669 109//3950 108//3948 
f 2987//2701 114//3949 116//3951 
f 2987//2701 118//3952 125//3953 
f 125//3953 3021//2735 2987//2701 
f 3021//2735 124//3954 133//3955 
f 133//3955 3054//2768 3021//2735 
f 3087//2801 3054//2768 143//3956 
f 3054//2768 132//3957 143//3956 
f 3120//2834 3087//2801 140//3958 
f 3087//2801 150//3959 140//3958 
f 140//3958 148//3960 3120//2834 
f 3120//2834 156//3961 163//3962 
f 163//3962 3153//2867 3120//2834 
f 3153//2867 162//3963 139//3964 
f 139//3964 3186//2900 3153//2867 
f 3186//2900 129//3965 147//3966 
f 147//3966 3219//2933 3186//2900 
f 3186//2900 138//3967 129//3965 
f 3220//2934 147//3966 122//3968 
f 3220//2934 121//3969 135//3970 
f 135//3970 3256//2970 3220//2934 
f 3256//2970 144//3971 151//3972 
f 3256//2970 153//3973 144//3971 
f 151//3972 3291//3005 3256//2970 
f 3291//3005 159//3974 164//3975 
f 164//3975 3326//3040 3291//3005 
f 3361//3075 3326//3040 168//3976 
f 3326//3040 166//3977 168//3976 
f 168//3976 171//3978 3361//3075 
f 3361//3075 170//3979 179//3980 
f 179//3980 3396//3110 3361//3075 
f 3431//3145 181//3981 176//3982 
f 3396//3110 178//3983 181//3981 
f 181//3981 3431//3145 3396//3110 
f 3470//3184 3432//3146 183//3984 
f 3432//3146 175//3985 183//3984 
f 183//3984 188//3986 3470//3184 
f 3470//3184 187//3987 192//3988 
f 192//3988 3507//3221 3470//3184 
f 3507//3221 191//3989 196//3990 
f 196//3990 3544//3258 3507//3221 
f 3581//3295 3544//3258 198//3991 
f 3544//3258 195//3992 198//3991 
f 198//3991 206//3993 3581//3295 
f 3618//3332 209//3994 201//3995 
f 3581//3295 205//3996 209//3994 
f 209//3994 3618//3332 3581//3295 
f 3619//3333 202//3997 210//3998 
f 210//3998 3659//3373 3619//3333 
f 3698//3412 3659//3373 217//3999 
f 3659//3373 212//4000 217//3999 
f 3698//3412 214//4001 218//4002 
f 3698//3412 220//4003 214//4001 
f 218//4002 3737//3451 3698//3412 
f 3737//3451 223//4004 232//4005 
f 232//4005 3776//3490 3737//3451 
f 3815//3529 240//4006 244//4007 
f 3776//3490 231//4008 240//4006 
f 240//4006 3815//3529 3776//3490 
f 3858//3572 3816//3530 237//4009 
f 3816//3530 243//4010 237//4009 
f 237//4009 248//4011 3858//3572 
f 3858//3572 247//4012 228//4013 
f 228//4013 3899//3613 3858//3572 
f 3899//3613 227//4014 236//4015 
f 236//4015 3940//3654 3899//3613 
f 4//4016 3981//3696 1//4017 
f 3981//3696 3940//3654 221//4018 
f 3940//3654 235//4019 221//4018 
f 221//4018 1//4017 3981//3696 
f 1//4017 3//4020 4//4016 
f 236//4015 235//4019 3940//3654 
f 228//4013 227//4014 3899//3613 
f 248//4011 247//4012 3858//3572 
f 243//4010 3816//3530 244//4007 
f 244//4007 3816//3530 3815//3529 
f 232//4005 231//4008 3776//3490 
f 218//4002 223//4004 3737//3451 
f 217//3999 220//4003 3698//3412 
f 210//3998 212//4000 3659//3373 
f 202//3997 3619//3333 201//3995 
f 201//3995 3619//3333 3618//3332 
f 206//3993 205//3996 3581//3295 
f 196//3990 195//3992 3544//3258 
f 192//3988 191//3989 3507//3221 
f 188//3986 187//3987 3470//3184 
f 175//3985 3432//3146 176//3982 
f 176//3982 3432//3146 3431//3145 
f 179//3980 178//3983 3396//3110 
f 171//3978 170//3979 3361//3075 
f 164//3975 166//3977 3326//3040 
f 151//3972 159//3974 3291//3005 
f 135//3970 153//3973 3256//2970 
f 122//3968 121//3969 3220//2934 
f 147//3966 3220//2934 3219//2933 
f 139//3964 138//3967 3186//2900 
f 163//3962 162//3963 3153//2867 
f 148//3960 156//3961 3120//2834 
f 143//3956 150//3959 3087//2801 
f 133//3955 132//3957 3054//2768 
f 125//3953 124//3954 3021//2735 
f 116//3951 118//3952 2987//2701 
f 114//3949 2987//2701 2986//2700 
f 112//3947 109//3950 2955//2669 
f 106//3945 105//3946 2924//2638 
f 102//3943 101//3944 2893//2607 
f 96//3939 95//3942 2862//2576 
f 92//3938 91//3940 2831//2545 
f 86//3936 88//3937 2800//2514 
f 66//3933 74//3935 2769//2483 
f 59//3931 58//3932 2737//2451 
f 71//3928 2737//2451 2736//2450 
f 51//3927 50//3929 2707//2421 
f 85//3925 84//3926 2678//2392 
f 77//3923 76//3924 2649//2363 
f 64//3919 63//3922 2620//2334 
f 55//3918 54//3920 2591//2305 
f 44//3915 48//3917 2562//2276 
f 43//3912 46//3916 2533//2247 
f 38//3911 37//3913 2504//2218 
f 34//3909 33//3910 2475//2189 
f 29//3907 28//3908 2446//2160 
f 24//3904 23//3906 2417//2131 
f 17//3902 16//3903 2388//2102 
f 13//3900 12//3901 2330//2016 
f 2325//3896 293//4021 290//2072 
f 2323//3894 2326//3897 2358//2071 
f 2321//3892 2324//3895 2386//2100 
f 2319//3890 2322//3893 2415//2129 
f 2316//3887 2320//3891 2444//2158 
f 2314//3885 2317//3888 2473//2187 
f 2313//3884 2315//3886 2502//2216 
f 2310//3881 2312//3883 2531//2245 
f 2307//3878 2311//3882 2560//2274 
f 2306//3877 2308//3879 2589//2303 
f 2303//3874 2305//3876 2618//2332 
f 2300//3871 2304//3875 2647//2361 
f 2298//3869 2301//3872 2676//2390 
f 2297//3868 2299//3870 2705//2419 
f 2296//3867 2297//3868 2767//2481 
f 2292//3863 2294//3865 2767//2481 
f 2290//3861 2293//3864 2766//2480 
f 2287//3858 2291//3862 2798//2512 
f 2286//3857 2288//3859 2829//2543 
f 2283//3854 2285//3856 2860//2574 
f 2280//3851 2284//3855 2891//2605 
f 2278//3849 2281//3852 2922//2636 
f 2277//3848 2279//3850 2953//2667 
f 2275//3846 2276//3847 3019//2733 
f 2272//3843 2274//3845 3019//2733 
f 2270//3841 2273//3844 3018//2732 
f 2269//3840 2271//3842 3052//2766 
f 2266//3837 2268//3839 3085//2799 
f 2263//3834 2267//3838 3118//2832 
f 2261//3832 2264//3835 3151//2865 
f 2260//3831 2262//3833 3184//2898 
f 2258//3829 2259//3830 3254//2968 
f 2255//3826 2257//3828 3254//2968 
f 2253//3824 2256//3827 3253//2967 
f 2250//3821 2254//3825 3289//3003 
f 2248//3819 2251//3822 3324//3038 
f 2245//3816 2249//3820 3359//3073 
f 2243//3814 2246//3817 3394//3108 
f 2244//3815 3468//3182 2327//4022 
f 2241//3812 2327//4022 3468//3182 
f 2238//3809 2242//3813 3467//3181 
f 2236//3807 2239//3810 3505//3219 
f 2234//3805 2237//3808 3542//3256 
f 2231//3802 2235//3806 3579//3293 
f 2232//3803 3657//3371 2328//4023 
f 2229//3800 2328//4023 3657//3371 
f 2228//3799 2230//3801 3656//3370 
f 2225//3796 2227//3798 3696//3410 
f 2222//3793 2226//3797 3735//3449 
f 2220//3791 2223//3794 3774//3488 
f 2221//3792 3856//3570 2329//4024 
f 2218//3789 2329//4024 3856//3570 
f 2215//3786 2219//3790 3855//3569 
f 2213//3784 2216//3787 3897//3611 
f 2211//3782 2214//3785 3938//3652 
f 4021//3736 2207//3779 2206//3780 
f 4020//3735 2202//3778 2207//3779 
f 4019//3734 2203//3777 2202//3778 
f 4019//3734 4018//3733 2204//3776 
f 4017//3732 2205//3775 2204//3776 
f 4016//3731 2196//3774 2205//3775 
f 4015//3730 2189//3773 2196//3774 
f 4014//3729 2190//3772 2189//3773 
f 4013//3728 2191//3771 2190//3772 
f 4012//3727 2201//3770 2191//3771 
f 4011//3726 2197//3769 2201//3770 
f 4010//3725 2198//3768 2197//3769 
f 4009//3724 2192//3767 2198//3768 
f 4008//3723 2172//3766 2192//3767 
f 4007//3722 2173//3765 2172//3766 
f 4006//3721 2174//3764 2173//3765 
f 4005//3720 2182//3763 2174//3764 
f 4004//3719 2175//3762 2182//3763 
f 4003//3718 2176//3761 2175//3762 
f 4002//3717 2177//3760 2176//3761 
f 4001//3716 2183//3759 2177//3760 
f 4000//3715 2178//3758 2183//3759 
f 3999//3714 2179//3757 2178//3758 
f 3998//3713 2180//3756 2179//3757 
f 3997//3712 2166//3755 2180//3756 
f 3996//3711 2167//3754 2166//3755 
f 3995//3710 2168//3753 2167//3754 
f 3995//3710 3994//3709 2184//3752 
f 3993//3708 2185//3751 2184//3752 
f 3992//3707 2186//3750 2185//3751 
f 3991//3706 2187//3749 2186//3750 
f 3990//3705 2188//3748 2187//3749 
f 3989//3704 2169//3747 2188//3748 
f 3988//3703 2170//3746 2169//3747 
f 3987//3702 2171//3745 2170//3746 
f 3986//3701 2181//3744 2171//3745 
f 3985//3700 2193//3743 2181//3744 
f 3984//3699 2194//3742 2193//3743 
f 3983//3698 2195//3741 2194//3742 
f 3982//3697 2199//3740 2195//3741 
f 3980//3695 2200//3739 2199//3740 
f 7//3694 9//4025 2200//3739 
f 2209//3738 3979//3693 4021//3736 
f 3978//3692 4020//3735 4021//3736 
f 3977//3691 4019//3734 4020//3735 
f 3976//3690 4018//3733 4019//3734 
f 3975//3689 4017//3732 4018//3733 
f 3974//3688 4016//3731 4017//3732 
f 3973//3687 4015//3730 4016//3731 
f 3972//3686 4014//3729 4015//3730 
f 3971//3685 4013//3728 4014//3729 
f 3970//3684 4012//3727 4013//3728 
f 3969//3683 4011//3726 4012//3727 
f 3968//3682 4010//3725 4011//3726 
f 3967//3681 4009//3724 4010//3725 
f 3966//3680 4008//3723 4009//3724 
f 3965//3679 4007//3722 4008//3723 
f 3964//3678 4006//3721 4007//3722 
f 3963//3677 4005//3720 4006//3721 
f 3962//3676 4004//3719 4005//3720 
f 3961//3675 4003//3718 4004//3719 
f 3960//3674 4002//3717 4003//3718 
f 3959//3673 4001//3716 4002//3717 
f 3958//3672 4000//3715 4001//3716 
f 3957//3671 3999//3714 4000//3715 
f 3956//3670 3998//3713 3999//3714 
f 3955//3669 3997//3712 3998//3713 
f 3954//3668 3996//3711 3997//3712 
f 3953//3667 3995//3710 3996//3711 
f 3952//3666 3994//3709 3995//3710 
f 3951//3665 3993//3708 3994//3709 
f 3950//3664 3992//3707 3993//3708 
f 3949//3663 3991//3706 3992//3707 
f 3948//3662 3990//3705 3991//3706 
f 3947//3661 3989//3704 3990//3705 
f 3946//3660 3988//3703 3989//3704 
f 3945//3659 3987//3702 3988//3703 
f 3944//3658 3986//3701 3987//3702 
f 3943//3657 3985//3700 3986//3701 
f 3942//3656 3984//3699 3985//3700 
f 3941//3655 3983//3698 3984//3699 
f 3939//3653 3982//3697 3983//3698 
f 3981//3696 3980//3695 3982//3697 
f 3981//3696 4//4016 7//3694 
f 3937//3651 3978//3692 3979//3693 
f 3936//3650 3977//3691 3978//3692 
f 3935//3649 3976//3690 3977//3691 
f 3934//3648 3975//3689 3976//3690 
f 3933//3647 3974//3688 3975//3689 
f 3932//3646 3973//3687 3974//3688 
f 3931//3645 3972//3686 3973//3687 
f 3930//3644 3971//3685 3972//3686 
f 3929//3643 3970//3684 3971//3685 
f 3928//3642 3969//3683 3970//3684 
f 3927//3641 3968//3682 3969//3683 
f 3926//3640 3967//3681 3968//3682 
f 3925//3639 3966//3680 3967//3681 
f 3924//3638 3965//3679 3966//3680 
f 3923//3637 3964//3678 3965//3679 
f 3922//3636 3963//3677 3964//3678 
f 3921//3635 3962//3676 3963//3677 
f 3920//3634 3961//3675 3962//3676 
f 3919//3633 3960//3674 3961//3675 
f 3918//3632 3959//3673 3960//3674 
f 3917//3631 3958//3672 3959//3673 
f 3916//3630 3957//3671 3958//3672 
f 3915//3629 3956//3670 3957//3671 
f 3914//3628 3955//3669 3956//3670 
f 3913//3627 3954//3668 3955//3669 
f 3912//3626 3953//3667 3954//3668 
f 3911//3625 3952//3666 3953//3667 
f 3910//3624 3951//3665 3952//3666 
f 3909//3623 3950//3664 3951//3665 
f 3908//3622 3949//3663 3950//3664 
f 3907//3621 3948//3662 3949//3663 
f 3906//3620 3947//3661 3948//3662 
f 3905//3619 3946//3660 3947//3661 
f 3904//3618 3945//3659 3946//3660 
f 3903//3617 3944//3658 3945//3659 
f 3902//3616 3943//3657 3944//3658 
f 3901//3615 3942//3656 3943//3657 
f 3900//3614 3941//3655 3942//3656 
f 3898//3612 3939//3653 3941//3655 
f 3940//3654 3981//3696 3939//3653 
f 3896//3610 3937//3651 3938//3652 
f 3895//3609 3936//3650 3937//3651 
f 3894//3608 3935//3649 3936//3650 
f 3893//3607 3934//3648 3935//3649 
f 3892//3606 3933//3647 3934//3648 
f 3891//3605 3932//3646 3933//3647 
f 3890//3604 3931//3645 3932//3646 
f 3889//3603 3930//3644 3931//3645 
f 3888//3602 3929//3643 3930//3644 
f 3887//3601 3928//3642 3929//3643 
f 3886//3600 3927//3641 3928//3642 
f 3885//3599 3926//3640 3927//3641 
f 3884//3598 3925//3639 3926//3640 
f 3883//3597 3924//3638 3925//3639 
f 3882//3596 3923//3637 3924//3638 
f 3881//3595 3922//3636 3923//3637 
f 3880//3594 3921//3635 3922//3636 
f 3879//3593 3920//3634 3921//3635 
f 3878//3592 3919//3633 3920//3634 
f 3877//3591 3918//3632 3919//3633 
f 3876//3590 3917//3631 3918//3632 
f 3875//3589 3916//3630 3917//3631 
f 3874//3588 3915//3629 3916//3630 
f 3873//3587 3914//3628 3915//3629 
f 3872//3586 3913//3627 3914//3628 
f 3871//3585 3912//3626 3913//3627 
f 3870//3584 3911//3625 3912//3626 
f 3869//3583 3910//3624 3911//3625 
f 3868//3582 3909//3623 3910//3624 
f 3867//3581 3908//3622 3909//3623 
f 3866//3580 3907//3621 3908//3622 
f 3865//3579 3906//3620 3907//3621 
f 3864//3578 3905//3619 3906//3620 
f 3863//3577 3904//3618 3905//3619 
f 3862//3576 3903//3617 3904//3618 
f 3861//3575 3902//3616 3903//3617 
f 3860//3574 3901//3615 3902//3616 
f 3859//3573 3900//3614 3901//3615 
f 3857//3571 3898//3612 3900//3614 
f 3899//3613 3940//3654 3898//3612 
f 3854//3568 3896//3610 3897//3611 
f 3853//3567 3895//3609 3896//3610 
f 3852//3566 3894//3608 3895//3609 
f 3851//3565 3893//3607 3894//3608 
f 3850//3564 3892//3606 3893//3607 
f 3849//3563 3891//3605 3892//3606 
f 3848//3562 3890//3604 3891//3605 
f 3847//3561 3889//3603 3890//3604 
f 3846//3560 3888//3602 3889//3603 
f 3845//3559 3887//3601 3888//3602 
f 3844//3558 3886//3600 3887//3601 
f 3843//3557 3885//3599 3886//3600 
f 3842//3556 3884//3598 3885//3599 
f 3841//3555 3883//3597 3884//3598 
f 3840//3554 3882//3596 3883//3597 
f 3839//3553 3881//3595 3882//3596 
f 3838//3552 3880//3594 3881//3595 
f 3837//3551 3879//3593 3880//3594 
f 3836//3550 3878//3592 3879//3593 
f 3835//3549 3877//3591 3878//3592 
f 3834//3548 3876//3590 3877//3591 
f 3833//3547 3875//3589 3876//3590 
f 3832//3546 3874//3588 3875//3589 
f 3831//3545 3873//3587 3874//3588 
f 3830//3544 3872//3586 3873//3587 
f 3829//3543 3871//3585 3872//3586 
f 3828//3542 3870//3584 3871//3585 
f 3827//3541 3869//3583 3870//3584 
f 3826//3540 3868//3582 3869//3583 
f 3825//3539 3867//3581 3868//3582 
f 3824//3538 3866//3580 3867//3581 
f 3823//3537 3865//3579 3866//3580 
f 3822//3536 3864//3578 3865//3579 
f 3821//3535 3863//3577 3864//3578 
f 3820//3534 3862//3576 3863//3577 
f 3819//3533 3861//3575 3862//3576 
f 3818//3532 3860//3574 3861//3575 
f 3817//3531 3859//3573 3860//3574 
f 3814//3528 3857//3571 3859//3573 
f 3858//3572 3899//3613 3857//3571 
f 3813//3527 3854//3568 3855//3569 
f 3812//3526 3853//3567 3854//3568 
f 3811//3525 3852//3566 3853//3567 
f 3810//3524 3851//3565 3852//3566 
f 3809//3523 3850//3564 3851//3565 
f 3808//3522 3849//3563 3850//3564 
f 3807//3521 3848//3562 3849//3563 
f 3806//3520 3847//3561 3848//3562 
f 3805//3519 3846//3560 3847//3561 
f 3804//3518 3845//3559 3846//3560 
f 3803//3517 3844//3558 3845//3559 
f 3802//3516 3843//3557 3844//3558 
f 3801//3515 3842//3556 3843//3557 
f 3800//3514 3841//3555 3842//3556 
f 3799//3513 3840//3554 3841//3555 
f 3798//3512 3839//3553 3840//3554 
f 3797//3511 3838//3552 3839//3553 
f 3796//3510 3837//3551 3838//3552 
f 3795//3509 3836//3550 3837//3551 
f 3794//3508 3835//3549 3836//3550 
f 3793//3507 3834//3548 3835//3549 
f 3792//3506 3833//3547 3834//3548 
f 3791//3505 3832//3546 3833//3547 
f 3790//3504 3831//3545 3832//3546 
f 3789//3503 3830//3544 3831//3545 
f 3788//3502 3829//3543 3830//3544 
f 3787//3501 3828//3542 3829//3543 
f 3786//3500 3827//3541 3828//3542 
f 3785//3499 3826//3540 3827//3541 
f 3784//3498 3825//3539 3826//3540 
f 3783//3497 3824//3538 3825//3539 
f 3782//3496 3823//3537 3824//3538 
f 3781//3495 3822//3536 3823//3537 
f 3780//3494 3821//3535 3822//3536 
f 3779//3493 3820//3534 3821//3535 
f 3778//3492 3819//3533 3820//3534 
f 3777//3491 3818//3532 3819//3533 
f 3775//3489 3817//3531 3818//3532 
f 3815//3529 3814//3528 3817//3531 
f 3816//3530 3858//3572 3814//3528 
f 3773//3487 3812//3526 3813//3527 
f 3772//3486 3811//3525 3812//3526 
f 3771//3485 3810//3524 3811//3525 
f 3770//3484 3809//3523 3810//3524 
f 3769//3483 3808//3522 3809//3523 
f 3768//3482 3807//3521 3808//3522 
f 3767//3481 3806//3520 3807//3521 
f 3766//3480 3805//3519 3806//3520 
f 3765//3479 3804//3518 3805//3519 
f 3764//3478 3803//3517 3804//3518 
f 3763//3477 3802//3516 3803//3517 
f 3762//3476 3801//3515 3802//3516 
f 3761//3475 3800//3514 3801//3515 
f 3760//3474 3799//3513 3800//3514 
f 3759//3473 3798//3512 3799//3513 
f 3758//3472 3797//3511 3798//3512 
f 3757//3471 3796//3510 3797//3511 
f 3756//3470 3795//3509 3796//3510 
f 3755//3469 3794//3508 3795//3509 
f 3754//3468 3793//3507 3794//3508 
f 3753//3467 3792//3506 3793//3507 
f 3752//3466 3791//3505 3792//3506 
f 3751//3465 3790//3504 3791//3505 
f 3750//3464 3789//3503 3790//3504 
f 3749//3463 3788//3502 3789//3503 
f 3748//3462 3787//3501 3788//3502 
f 3747//3461 3786//3500 3787//3501 
f 3746//3460 3785//3499 3786//3500 
f 3745//3459 3784//3498 3785//3499 
f 3744//3458 3783//3497 3784//3498 
f 3743//3457 3782//3496 3783//3497 
f 3742//3456 3781//3495 3782//3496 
f 3741//3455 3780//3494 3781//3495 
f 3740//3454 3779//3493 3780//3494 
f 3739//3453 3778//3492 3779//3493 
f 3738//3452 3777//3491 3778//3492 
f 3736//3450 3775//3489 3777//3491 
f 3776//3490 3815//3529 3775//3489 
f 3734//3448 3773//3487 3774//3488 
f 3733//3447 3772//3486 3773//3487 
f 3732//3446 3771//3485 3772//3486 
f 3731//3445 3770//3484 3771//3485 
f 3730//3444 3769//3483 3770//3484 
f 3729//3443 3768//3482 3769//3483 
f 3728//3442 3767//3481 3768//3482 
f 3727//3441 3766//3480 3767//3481 
f 3726//3440 3765//3479 3766//3480 
f 3725//3439 3764//3478 3765//3479 
f 3724//3438 3763//3477 3764//3478 
f 3723//3437 3762//3476 3763//3477 
f 3722//3436 3761//3475 3762//3476 
f 3721//3435 3760//3474 3761//3475 
f 3720//3434 3759//3473 3760//3474 
f 3719//3433 3758//3472 3759//3473 
f 3718//3432 3757//3471 3758//3472 
f 3717//3431 3756//3470 3757//3471 
f 3716//3430 3755//3469 3756//3470 
f 3715//3429 3754//3468 3755//3469 
f 3714//3428 3753//3467 3754//3468 
f 3713//3427 3752//3466 3753//3467 
f 3712//3426 3751//3465 3752//3466 
f 3711//3425 3750//3464 3751//3465 
f 3710//3424 3749//3463 3750//3464 
f 3709//3423 3748//3462 3749//3463 
f 3708//3422 3747//3461 3748//3462 
f 3707//3421 3746//3460 3747//3461 
f 3706//3420 3745//3459 3746//3460 
f 3705//3419 3744//3458 3745//3459 
f 3704//3418 3743//3457 3744//3458 
f 3703//3417 3742//3456 3743//3457 
f 3702//3416 3741//3455 3742//3456 
f 3701//3415 3740//3454 3741//3455 
f 3700//3414 3739//3453 3740//3454 
f 3699//3413 3738//3452 3739//3453 
f 3697//3411 3736//3450 3738//3452 
f 3737//3451 3776//3490 3736//3450 
f 3695//3409 3734//3448 3735//3449 
f 3694//3408 3733//3447 3734//3448 
f 3693//3407 3732//3446 3733//3447 
f 3692//3406 3731//3445 3732//3446 
f 3691//3405 3730//3444 3731//3445 
f 3690//3404 3729//3443 3730//3444 
f 3689//3403 3728//3442 3729//3443 
f 3688//3402 3727//3441 3728//3442 
f 3687//3401 3726//3440 3727//3441 
f 3686//3400 3725//3439 3726//3440 
f 3685//3399 3724//3438 3725//3439 
f 3684//3398 3723//3437 3724//3438 
f 3683//3397 3722//3436 3723//3437 
f 3682//3396 3721//3435 3722//3436 
f 3681//3395 3720//3434 3721//3435 
f 3680//3394 3719//3433 3720//3434 
f 3679//3393 3718//3432 3719//3433 
f 3678//3392 3717//3431 3718//3432 
f 3677//3391 3716//3430 3717//3431 
f 3676//3390 3715//3429 3716//3430 
f 3675//3389 3714//3428 3715//3429 
f 3674//3388 3713//3427 3714//3428 
f 3673//3387 3712//3426 3713//3427 
f 3672//3386 3711//3425 3712//3426 
f 3671//3385 3710//3424 3711//3425 
f 3670//3384 3709//3423 3710//3424 
f 3669//3383 3708//3422 3709//3423 
f 3668//3382 3707//3421 3708//3422 
f 3667//3381 3706//3420 3707//3421 
f 3666//3380 3705//3419 3706//3420 
f 3665//3379 3704//3418 3705//3419 
f 3664//3378 3703//3417 3704//3418 
f 3663//3377 3702//3416 3703//3417 
f 3662//3376 3701//3415 3702//3416 
f 3661//3375 3700//3414 3701//3415 
f 3660//3374 3699//3413 3700//3414 
f 3658//3372 3697//3411 3699//3413 
f 3698//3412 3737//3451 3697//3411 
f 3655//3369 3695//3409 3696//3410 
f 3654//3368 3694//3408 3695//3409 
f 3653//3367 3693//3407 3694//3408 
f 3652//3366 3692//3406 3693//3407 
f 3651//3365 3691//3405 3692//3406 
f 3650//3364 3690//3404 3691//3405 
f 3649//3363 3689//3403 3690//3404 
f 3648//3362 3688//3402 3689//3403 
f 3647//3361 3687//3401 3688//3402 
f 3646//3360 3686//3400 3687//3401 
f 3645//3359 3685//3399 3686//3400 
f 3644//3358 3684//3398 3685//3399 
f 3643//3357 3683//3397 3684//3398 
f 3642//3356 3682//3396 3683//3397 
f 3641//3355 3681//3395 3682//3396 
f 3640//3354 3680//3394 3681//3395 
f 3639//3353 3679//3393 3680//3394 
f 3638//3352 3678//3392 3679//3393 
f 3637//3351 3677//3391 3678//3392 
f 3636//3350 3676//3390 3677//3391 
f 3635//3349 3675//3389 3676//3390 
f 3634//3348 3674//3388 3675//3389 
f 3633//3347 3673//3387 3674//3388 
f 3632//3346 3672//3386 3673//3387 
f 3631//3345 3671//3385 3672//3386 
f 3630//3344 3670//3384 3671//3385 
f 3629//3343 3669//3383 3670//3384 
f 3628//3342 3668//3382 3669//3383 
f 3627//3341 3667//3381 3668//3382 
f 3626//3340 3666//3380 3667//3381 
f 3625//3339 3665//3379 3666//3380 
f 3624//3338 3664//3378 3665//3379 
f 3623//3337 3663//3377 3664//3378 
f 3622//3336 3662//3376 3663//3377 
f 3621//3335 3661//3375 3662//3376 
f 3620//3334 3660//3374 3661//3375 
f 3617//3331 3658//3372 3660//3374 
f 3659//3373 3698//3412 3658//3372 
f 3616//3330 3655//3369 3656//3370 
f 3615//3329 3654//3368 3655//3369 
f 3614//3328 3653//3367 3654//3368 
f 3613//3327 3652//3366 3653//3367 
f 3612//3326 3651//3365 3652//3366 
f 3611//3325 3650//3364 3651//3365 
f 3610//3324 3649//3363 3650//3364 
f 3609//3323 3648//3362 3649//3363 
f 3608//3322 3647//3361 3648//3362 
f 3607//3321 3646//3360 3647//3361 
f 3606//3320 3645//3359 3646//3360 
f 3605//3319 3644//3358 3645//3359 
f 3604//3318 3643//3357 3644//3358 
f 3603//3317 3642//3356 3643//3357 
f 3602//3316 3641//3355 3642//3356 
f 3601//3315 3640//3354 3641//3355 
f 3600//3314 3639//3353 3640//3354 
f 3599//3313 3638//3352 3639//3353 
f 3598//3312 3637//3351 3638//3352 
f 3597//3311 3636//3350 3637//3351 
f 3596//3310 3635//3349 3636//3350 
f 3595//3309 3634//3348 3635//3349 
f 3594//3308 3633//3347 3634//3348 
f 3593//3307 3632//3346 3633//3347 
f 3592//3306 3631//3345 3632//3346 
f 3591//3305 3630//3344 3631//3345 
f 3590//3304 3629//3343 3630//3344 
f 3589//3303 3628//3342 3629//3343 
f 3588//3302 3627//3341 3628//3342 
f 3587//3301 3626//3340 3627//3341 
f 3586//3300 3625//3339 3626//3340 
f 3585//3299 3624//3338 3625//3339 
f 3584//3298 3623//3337 3624//3338 
f 3583//3297 3622//3336 3623//3337 
f 3582//3296 3621//3335 3622//3336 
f 3580//3294 3620//3334 3621//3335 
f 3618//3332 3617//3331 3620//3334 
f 3619//3333 3659//3373 3617//3331 
f 3578//3292 3615//3329 3616//3330 
f 3577//3291 3614//3328 3615//3329 
f 3576//3290 3613//3327 3614//3328 
f 3575//3289 3612//3326 3613//3327 
f 3574//3288 3611//3325 3612//3326 
f 3573//3287 3610//3324 3611//3325 
f 3572//3286 3609//3323 3610//3324 
f 3571//3285 3608//3322 3609//3323 
f 3570//3284 3607//3321 3608//3322 
f 3569//3283 3606//3320 3607//3321 
f 3568//3282 3605//3319 3606//3320 
f 3567//3281 3604//3318 3605//3319 
f 3566//3280 3603//3317 3604//3318 
f 3565//3279 3602//3316 3603//3317 
f 3564//3278 3601//3315 3602//3316 
f 3563//3277 3600//3314 3601//3315 
f 3562//3276 3599//3313 3600//3314 
f 3561//3275 3598//3312 3599//3313 
f 3560//3274 3597//3311 3598//3312 
f 3559//3273 3596//3310 3597//3311 
f 3558//3272 3595//3309 3596//3310 
f 3557//3271 3594//3308 3595//3309 
f 3556//3270 3593//3307 3594//3308 
f 3555//3269 3592//3306 3593//3307 
f 3554//3268 3591//3305 3592//3306 
f 3553//3267 3590//3304 3591//3305 
f 3552//3266 3589//3303 3590//3304 
f 3551//3265 3588//3302 3589//3303 
f 3550//3264 3587//3301 3588//3302 
f 3549//3263 3586//3300 3587//3301 
f 3548//3262 3585//3299 3586//3300 
f 3547//3261 3584//3298 3585//3299 
f 3546//3260 3583//3297 3584//3298 
f 3545//3259 3582//3296 3583//3297 
f 3543//3257 3580//3294 3582//3296 
f 3581//3295 3618//3332 3580//3294 
f 3541//3255 3578//3292 3579//3293 
f 3540//3254 3577//3291 3578//3292 
f 3539//3253 3576//3290 3577//3291 
f 3538//3252 3575//3289 3576//3290 
f 3537//3251 3574//3288 3575//3289 
f 3536//3250 3573//3287 3574//3288 
f 3535//3249 3572//3286 3573//3287 
f 3534//3248 3571//3285 3572//3286 
f 3533//3247 3570//3284 3571//3285 
f 3532//3246 3569//3283 3570//3284 
f 3531//3245 3568//3282 3569//3283 
f 3530//3244 3567//3281 3568//3282 
f 3529//3243 3566//3280 3567//3281 
f 3528//3242 3565//3279 3566//3280 
f 3527//3241 3564//3278 3565//3279 
f 3526//3240 3563//3277 3564//3278 
f 3525//3239 3562//3276 3563//3277 
f 3524//3238 3561//3275 3562//3276 
f 3523//3237 3560//3274 3561//3275 
f 3522//3236 3559//3273 3560//3274 
f 3521//3235 3558//3272 3559//3273 
f 3520//3234 3557//3271 3558//3272 
f 3519//3233 3556//3270 3557//3271 
f 3518//3232 3555//3269 3556//3270 
f 3517//3231 3554//3268 3555//3269 
f 3516//3230 3553//3267 3554//3268 
f 3515//3229 3552//3266 3553//3267 
f 3514//3228 3551//3265 3552//3266 
f 3513//3227 3550//3264 3551//3265 
f 3512//3226 3549//3263 3550//3264 
f 3511//3225 3548//3262 3549//3263 
f 3510//3224 3547//3261 3548//3262 
f 3509//3223 3546//3260 3547//3261 
f 3508//3222 3545//3259 3546//3260 
f 3506//3220 3543//3257 3545//3259 
f 3544//3258 3581//3295 3543//3257 
f 3504//3218 3541//3255 3542//3256 
f 3503//3217 3540//3254 3541//3255 
f 3502//3216 3539//3253 3540//3254 
f 3501//3215 3538//3252 3539//3253 
f 3500//3214 3537//3251 3538//3252 
f 3499//3213 3536//3250 3537//3251 
f 3498//3212 3535//3249 3536//3250 
f 3497//3211 3534//3248 3535//3249 
f 3496//3210 3533//3247 3534//3248 
f 3495//3209 3532//3246 3533//3247 
f 3494//3208 3531//3245 3532//3246 
f 3493//3207 3530//3244 3531//3245 
f 3492//3206 3529//3243 3530//3244 
f 3491//3205 3528//3242 3529//3243 
f 3490//3204 3527//3241 3528//3242 
f 3489//3203 3526//3240 3527//3241 
f 3488//3202 3525//3239 3526//3240 
f 3487//3201 3524//3238 3525//3239 
f 3486//3200 3523//3237 3524//3238 
f 3485//3199 3522//3236 3523//3237 
f 3484//3198 3521//3235 3522//3236 
f 3483//3197 3520//3234 3521//3235 
f 3482//3196 3519//3233 3520//3234 
f 3481//3195 3518//3232 3519//3233 
f 3480//3194 3517//3231 3518//3232 
f 3479//3193 3516//3230 3517//3231 
f 3478//3192 3515//3229 3516//3230 
f 3477//3191 3514//3228 3515//3229 
f 3476//3190 3513//3227 3514//3228 
f 3475//3189 3512//3226 3513//3227 
f 3474//3188 3511//3225 3512//3226 
f 3473//3187 3510//3224 3511//3225 
f 3472//3186 3509//3223 3510//3224 
f 3471//3185 3508//3222 3509//3223 
f 3469//3183 3506//3220 3508//3222 
f 3507//3221 3544//3258 3506//3220 
f 3466//3180 3504//3218 3505//3219 
f 3465//3179 3503//3217 3504//3218 
f 3464//3178 3502//3216 3503//3217 
f 3463//3177 3501//3215 3502//3216 
f 3462//3176 3500//3214 3501//3215 
f 3461//3175 3499//3213 3500//3214 
f 3460//3174 3498//3212 3499//3213 
f 3459//3173 3497//3211 3498//3212 
f 3458//3172 3496//3210 3497//3211 
f 3457//3171 3495//3209 3496//3210 
f 3456//3170 3494//3208 3495//3209 
f 3455//3169 3493//3207 3494//3208 
f 3454//3168 3492//3206 3493//3207 
f 3453//3167 3491//3205 3492//3206 
f 3452//3166 3490//3204 3491//3205 
f 3451//3165 3489//3203 3490//3204 
f 3450//3164 3488//3202 3489//3203 
f 3449//3163 3487//3201 3488//3202 
f 3448//3162 3486//3200 3487//3201 
f 3447//3161 3485//3199 3486//3200 
f 3446//3160 3484//3198 3485//3199 
f 3445//3159 3483//3197 3484//3198 
f 3444//3158 3482//3196 3483//3197 
f 3443//3157 3481//3195 3482//3196 
f 3442//3156 3480//3194 3481//3195 
f 3441//3155 3479//3193 3480//3194 
f 3440//3154 3478//3192 3479//3193 
f 3439//3153 3477//3191 3478//3192 
f 3438//3152 3476//3190 3477//3191 
f 3437//3151 3475//3189 3476//3190 
f 3436//3150 3474//3188 3475//3189 
f 3435//3149 3473//3187 3474//3188 
f 3434//3148 3472//3186 3473//3187 
f 3433//3147 3471//3185 3472//3186 
f 3430//3144 3469//3183 3471//3185 
f 3470//3184 3507//3221 3469//3183 
f 3429//3143 3466//3180 3467//3181 
f 3428//3142 3465//3179 3466//3180 
f 3427//3141 3464//3178 3465//3179 
f 3426//3140 3463//3177 3464//3178 
f 3425//3139 3462//3176 3463//3177 
f 3424//3138 3461//3175 3462//3176 
f 3423//3137 3460//3174 3461//3175 
f 3422//3136 3459//3173 3460//3174 
f 3421//3135 3458//3172 3459//3173 
f 3420//3134 3457//3171 3458//3172 
f 3419//3133 3456//3170 3457//3171 
f 3418//3132 3455//3169 3456//3170 
f 3417//3131 3454//3168 3455//3169 
f 3416//3130 3453//3167 3454//3168 
f 3415//3129 3452//3166 3453//3167 
f 3414//3128 3451//3165 3452//3166 
f 3413//3127 3450//3164 3451//3165 
f 3412//3126 3449//3163 3450//3164 
f 3411//3125 3448//3162 3449//3163 
f 3410//3124 3447//3161 3448//3162 
f 3409//3123 3446//3160 3447//3161 
f 3408//3122 3445//3159 3446//3160 
f 3407//3121 3444//3158 3445//3159 
f 3406//3120 3443//3157 3444//3158 
f 3405//3119 3442//3156 3443//3157 
f 3404//3118 3441//3155 3442//3156 
f 3403//3117 3440//3154 3441//3155 
f 3402//3116 3439//3153 3440//3154 
f 3401//3115 3438//3152 3439//3153 
f 3400//3114 3437//3151 3438//3152 
f 3399//3113 3436//3150 3437//3151 
f 3398//3112 3435//3149 3436//3150 
f 3397//3111 3434//3148 3435//3149 
f 3395//3109 3433//3147 3434//3148 
f 3431//3145 3430//3144 3433//3147 
f 3432//3146 3470//3184 3430//3144 
f 3393//3107 3428//3142 3429//3143 
f 3392//3106 3427//3141 3428//3142 
f 3391//3105 3426//3140 3427//3141 
f 3390//3104 3425//3139 3426//3140 
f 3389//3103 3424//3138 3425//3139 
f 3388//3102 3423//3137 3424//3138 
f 3387//3101 3422//3136 3423//3137 
f 3386//3100 3421//3135 3422//3136 
f 3385//3099 3420//3134 3421//3135 
f 3384//3098 3419//3133 3420//3134 
f 3383//3097 3418//3132 3419//3133 
f 3382//3096 3417//3131 3418//3132 
f 3381//3095 3416//3130 3417//3131 
f 3380//3094 3415//3129 3416//3130 
f 3379//3093 3414//3128 3415//3129 
f 3378//3092 3413//3127 3414//3128 
f 3377//3091 3412//3126 3413//3127 
f 3376//3090 3411//3125 3412//3126 
f 3375//3089 3410//3124 3411//3125 
f 3374//3088 3409//3123 3410//3124 
f 3373//3087 3408//3122 3409//3123 
f 3372//3086 3407//3121 3408//3122 
f 3371//3085 3406//3120 3407//3121 
f 3370//3084 3405//3119 3406//3120 
f 3369//3083 3404//3118 3405//3119 
f 3368//3082 3403//3117 3404//3118 
f 3367//3081 3402//3116 3403//3117 
f 3366//3080 3401//3115 3402//3116 
f 3365//3079 3400//3114 3401//3115 
f 3364//3078 3399//3113 3400//3114 
f 3363//3077 3398//3112 3399//3113 
f 3362//3076 3397//3111 3398//3112 
f 3360//3074 3395//3109 3397//3111 
f 3396//3110 3431//3145 3395//3109 
f 3358//3072 3393//3107 3394//3108 
f 3357//3071 3392//3106 3393//3107 
f 3356//3070 3391//3105 3392//3106 
f 3355//3069 3390//3104 3391//3105 
f 3354//3068 3389//3103 3390//3104 
f 3353//3067 3388//3102 3389//3103 
f 3352//3066 3387//3101 3388//3102 
f 3351//3065 3386//3100 3387//3101 
f 3350//3064 3385//3099 3386//3100 
f 3349//3063 3384//3098 3385//3099 
f 3348//3062 3383//3097 3384//3098 
f 3347//3061 3382//3096 3383//3097 
f 3346//3060 3381//3095 3382//3096 
f 3345//3059 3380//3094 3381//3095 
f 3344//3058 3379//3093 3380//3094 
f 3343//3057 3378//3092 3379//3093 
f 3342//3056 3377//3091 3378//3092 
f 3341//3055 3376//3090 3377//3091 
f 3340//3054 3375//3089 3376//3090 
f 3339//3053 3374//3088 3375//3089 
f 3338//3052 3373//3087 3374//3088 
f 3337//3051 3372//3086 3373//3087 
f 3336//3050 3371//3085 3372//3086 
f 3335//3049 3370//3084 3371//3085 
f 3334//3048 3369//3083 3370//3084 
f 3333//3047 3368//3082 3369//3083 
f 3332//3046 3367//3081 3368//3082 
f 3331//3045 3366//3080 3367//3081 
f 3330//3044 3365//3079 3366//3080 
f 3329//3043 3364//3078 3365//3079 
f 3328//3042 3363//3077 3364//3078 
f 3327//3041 3362//3076 3363//3077 
f 3325//3039 3360//3074 3362//3076 
f 3361//3075 3396//3110 3360//3074 
f 3323//3037 3358//3072 3359//3073 
f 3322//3036 3357//3071 3358//3072 
f 3321//3035 3356//3070 3357//3071 
f 3320//3034 3355//3069 3356//3070 
f 3319//3033 3354//3068 3355//3069 
f 3318//3032 3353//3067 3354//3068 
f 3317//3031 3352//3066 3353//3067 
f 3316//3030 3351//3065 3352//3066 
f 3315//3029 3350//3064 3351//3065 
f 3314//3028 3349//3063 3350//3064 
f 3313//3027 3348//3062 3349//3063 
f 3312//3026 3347//3061 3348//3062 
f 3311//3025 3346//3060 3347//3061 
f 3310//3024 3345//3059 3346//3060 
f 3309//3023 3344//3058 3345//3059 
f 3308//3022 3343//3057 3344//3058 
f 3307//3021 3342//3056 3343//3057 
f 3306//3020 3341//3055 3342//3056 
f 3305//3019 3340//3054 3341//3055 
f 3304//3018 3339//3053 3340//3054 
f 3303//3017 3338//3052 3339//3053 
f 3302//3016 3337//3051 3338//3052 
f 3301//3015 3336//3050 3337//3051 
f 3300//3014 3335//3049 3336//3050 
f 3299//3013 3334//3048 3335//3049 
f 3298//3012 3333//3047 3334//3048 
f 3297//3011 3332//3046 3333//3047 
f 3296//3010 3331//3045 3332//3046 
f 3295//3009 3330//3044 3331//3045 
f 3294//3008 3329//3043 3330//3044 
f 3293//3007 3328//3042 3329//3043 
f 3292//3006 3327//3041 3328//3042 
f 3290//3004 3325//3039 3327//3041 
f 3326//3040 3361//3075 3325//3039 
f 3288//3002 3323//3037 3324//3038 
f 3287//3001 3322//3036 3323//3037 
f 3286//3000 3321//3035 3322//3036 
f 3285//2999 3320//3034 3321//3035 
f 3284//2998 3319//3033 3320//3034 
f 3283//2997 3318//3032 3319//3033 
f 3282//2996 3317//3031 3318//3032 
f 3281//2995 3316//3030 3317//3031 
f 3280//2994 3315//3029 3316//3030 
f 3279//2993 3314//3028 3315//3029 
f 3278//2992 3313//3027 3314//3028 
f 3277//2991 3312//3026 3313//3027 
f 3276//2990 3311//3025 3312//3026 
f 3275//2989 3310//3024 3311//3025 
f 3274//2988 3309//3023 3310//3024 
f 3273//2987 3308//3022 3309//3023 
f 3272//2986 3307//3021 3308//3022 
f 3271//2985 3306//3020 3307//3021 
f 3270//2984 3305//3019 3306//3020 
f 3269//2983 3304//3018 3305//3019 
f 3268//2982 3303//3017 3304//3018 
f 3267//2981 3302//3016 3303//3017 
f 3266//2980 3301//3015 3302//3016 
f 3265//2979 3300//3014 3301//3015 
f 3264//2978 3299//3013 3300//3014 
f 3263//2977 3298//3012 3299//3013 
f 3262//2976 3297//3011 3298//3012 
f 3261//2975 3296//3010 3297//3011 
f 3260//2974 3295//3009 3296//3010 
f 3259//2973 3294//3008 3295//3009 
f 3258//2972 3293//3007 3294//3008 
f 3257//2971 3292//3006 3293//3007 
f 3255//2969 3290//3004 3292//3006 
f 3291//3005 3326//3040 3290//3004 
f 3252//2966 3288//3002 3289//3003 
f 3251//2965 3287//3001 3288//3002 
f 3250//2964 3286//3000 3287//3001 
f 3249//2963 3285//2999 3286//3000 
f 3248//2962 3284//2998 3285//2999 
f 3247//2961 3283//2997 3284//2998 
f 3246//2960 3282//2996 3283//2997 
f 3245//2959 3281//2995 3282//2996 
f 3244//2958 3280//2994 3281//2995 
f 3243//2957 3279//2993 3280//2994 
f 3242//2956 3278//2992 3279//2993 
f 3241//2955 3277//2991 3278//2992 
f 3240//2954 3276//2990 3277//2991 
f 3239//2953 3275//2989 3276//2990 
f 3238//2952 3274//2988 3275//2989 
f 3237//2951 3273//2987 3274//2988 
f 3236//2950 3272//2986 3273//2987 
f 3235//2949 3271//2985 3272//2986 
f 3234//2948 3270//2984 3271//2985 
f 3233//2947 3269//2983 3270//2984 
f 3232//2946 3268//2982 3269//2983 
f 3231//2945 3267//2981 3268//2982 
f 3230//2944 3266//2980 3267//2981 
f 3229//2943 3265//2979 3266//2980 
f 3228//2942 3264//2978 3265//2979 
f 3227//2941 3263//2977 3264//2978 
f 3226//2940 3262//2976 3263//2977 
f 3225//2939 3261//2975 3262//2976 
f 3224//2938 3260//2974 3261//2975 
f 3223//2937 3259//2973 3260//2974 
f 3222//2936 3258//2972 3259//2973 
f 3221//2935 3257//2971 3258//2972 
f 3218//2932 3255//2969 3257//2971 
f 3256//2970 3291//3005 3255//2969 
f 3217//2931 3252//2966 3253//2967 
f 3216//2930 3251//2965 3252//2966 
f 3215//2929 3250//2964 3251//2965 
f 3214//2928 3249//2963 3250//2964 
f 3213//2927 3248//2962 3249//2963 
f 3212//2926 3247//2961 3248//2962 
f 3211//2925 3246//2960 3247//2961 
f 3210//2924 3245//2959 3246//2960 
f 3209//2923 3244//2958 3245//2959 
f 3208//2922 3243//2957 3244//2958 
f 3207//2921 3242//2956 3243//2957 
f 3206//2920 3241//2955 3242//2956 
f 3205//2919 3240//2954 3241//2955 
f 3204//2918 3239//2953 3240//2954 
f 3203//2917 3238//2952 3239//2953 
f 3202//2916 3237//2951 3238//2952 
f 3201//2915 3236//2950 3237//2951 
f 3200//2914 3235//2949 3236//2950 
f 3199//2913 3234//2948 3235//2949 
f 3198//2912 3233//2947 3234//2948 
f 3197//2911 3232//2946 3233//2947 
f 3196//2910 3231//2945 3232//2946 
f 3195//2909 3230//2944 3231//2945 
f 3194//2908 3229//2943 3230//2944 
f 3193//2907 3228//2942 3229//2943 
f 3192//2906 3227//2941 3228//2942 
f 3191//2905 3226//2940 3227//2941 
f 3190//2904 3225//2939 3226//2940 
f 3189//2903 3224//2938 3225//2939 
f 3188//2902 3223//2937 3224//2938 
f 3187//2901 3222//2936 3223//2937 
f 3185//2899 3221//2935 3222//2936 
f 3219//2933 3218//2932 3221//2935 
f 3220//2934 3256//2970 3218//2932 
f 3183//2897 3216//2930 3217//2931 
f 3182//2896 3215//2929 3216//2930 
f 3181//2895 3214//2928 3215//2929 
f 3180//2894 3213//2927 3214//2928 
f 3179//2893 3212//2926 3213//2927 
f 3178//2892 3211//2925 3212//2926 
f 3177//2891 3210//2924 3211//2925 
f 3176//2890 3209//2923 3210//2924 
f 3175//2889 3208//2922 3209//2923 
f 3174//2888 3207//2921 3208//2922 
f 3173//2887 3206//2920 3207//2921 
f 3172//2886 3205//2919 3206//2920 
f 3171//2885 3204//2918 3205//2919 
f 3170//2884 3203//2917 3204//2918 
f 3169//2883 3202//2916 3203//2917 
f 3168//2882 3201//2915 3202//2916 
f 3167//2881 3200//2914 3201//2915 
f 3166//2880 3199//2913 3200//2914 
f 3165//2879 3198//2912 3199//2913 
f 3164//2878 3197//2911 3198//2912 
f 3163//2877 3196//2910 3197//2911 
f 3162//2876 3195//2909 3196//2910 
f 3161//2875 3194//2908 3195//2909 
f 3160//2874 3193//2907 3194//2908 
f 3159//2873 3192//2906 3193//2907 
f 3158//2872 3191//2905 3192//2906 
f 3157//2871 3190//2904 3191//2905 
f 3156//2870 3189//2903 3190//2904 
f 3155//2869 3188//2902 3189//2903 
f 3154//2868 3187//2901 3188//2902 
f 3152//2866 3185//2899 3187//2901 
f 3186//2900 3219//2933 3185//2899 
f 3150//2864 3183//2897 3184//2898 
f 3149//2863 3182//2896 3183//2897 
f 3148//2862 3181//2895 3182//2896 
f 3147//2861 3180//2894 3181//2895 
f 3146//2860 3179//2893 3180//2894 
f 3145//2859 3178//2892 3179//2893 
f 3144//2858 3177//2891 3178//2892 
f 3143//2857 3176//2890 3177//2891 
f 3142//2856 3175//2889 3176//2890 
f 3141//2855 3174//2888 3175//2889 
f 3140//2854 3173//2887 3174//2888 
f 3139//2853 3172//2886 3173//2887 
f 3138//2852 3171//2885 3172//2886 
f 3137//2851 3170//2884 3171//2885 
f 3136//2850 3169//2883 3170//2884 
f 3135//2849 3168//2882 3169//2883 
f 3134//2848 3167//2881 3168//2882 
f 3133//2847 3166//2880 3167//2881 
f 3132//2846 3165//2879 3166//2880 
f 3131//2845 3164//2878 3165//2879 
f 3130//2844 3163//2877 3164//2878 
f 3129//2843 3162//2876 3163//2877 
f 3128//2842 3161//2875 3162//2876 
f 3127//2841 3160//2874 3161//2875 
f 3126//2840 3159//2873 3160//2874 
f 3125//2839 3158//2872 3159//2873 
f 3124//2838 3157//2871 3158//2872 
f 3123//2837 3156//2870 3157//2871 
f 3122//2836 3155//2869 3156//2870 
f 3121//2835 3154//2868 3155//2869 
f 3119//2833 3152//2866 3154//2868 
f 3153//2867 3186//2900 3152//2866 
f 3117//2831 3150//2864 3151//2865 
f 3116//2830 3149//2863 3150//2864 
f 3115//2829 3148//2862 3149//2863 
f 3114//2828 3147//2861 3148//2862 
f 3113//2827 3146//2860 3147//2861 
f 3112//2826 3145//2859 3146//2860 
f 3111//2825 3144//2858 3145//2859 
f 3110//2824 3143//2857 3144//2858 
f 3109//2823 3142//2856 3143//2857 
f 3108//2822 3141//2855 3142//2856 
f 3107//2821 3140//2854 3141//2855 
f 3106//2820 3139//2853 3140//2854 
f 3105//2819 3138//2852 3139//2853 
f 3104//2818 3137//2851 3138//2852 
f 3103//2817 3136//2850 3137//2851 
f 3102//2816 3135//2849 3136//2850 
f 3101//2815 3134//2848 3135//2849 
f 3100//2814 3133//2847 3134//2848 
f 3099//2813 3132//2846 3133//2847 
f 3098//2812 3131//2845 3132//2846 
f 3097//2811 3130//2844 3131//2845 
f 3096//2810 3129//2843 3130//2844 
f 3095//2809 3128//2842 3129//2843 
f 3094//2808 3127//2841 3128//2842 
f 3093//2807 3126//2840 3127//2841 
f 3092//2806 3125//2839 3126//2840 
f 3091//2805 3124//2838 3125//2839 
f 3090//2804 3123//2837 3124//2838 
f 3089//2803 3122//2836 3123//2837 
f 3088//2802 3121//2835 3122//2836 
f 3086//2800 3119//2833 3121//2835 
f 3120//2834 3153//2867 3119//2833 
f 3084//2798 3117//2831 3118//2832 
f 3083//2797 3116//2830 3117//2831 
f 3082//2796 3115//2829 3116//2830 
f 3081//2795 3114//2828 3115//2829 
f 3080//2794 3113//2827 3114//2828 
f 3079//2793 3112//2826 3113//2827 
f 3078//2792 3111//2825 3112//2826 
f 3077//2791 3110//2824 3111//2825 
f 3076//2790 3109//2823 3110//2824 
f 3075//2789 3108//2822 3109//2823 
f 3074//2788 3107//2821 3108//2822 
f 3073//2787 3106//2820 3107//2821 
f 3072//2786 3105//2819 3106//2820 
f 3071//2785 3104//2818 3105//2819 
f 3070//2784 3103//2817 3104//2818 
f 3069//2783 3102//2816 3103//2817 
f 3068//2782 3101//2815 3102//2816 
f 3067//2781 3100//2814 3101//2815 
f 3066//2780 3099//2813 3100//2814 
f 3065//2779 3098//2812 3099//2813 
f 3064//2778 3097//2811 3098//2812 
f 3063//2777 3096//2810 3097//2811 
f 3062//2776 3095//2809 3096//2810 
f 3061//2775 3094//2808 3095//2809 
f 3060//2774 3093//2807 3094//2808 
f 3059//2773 3092//2806 3093//2807 
f 3058//2772 3091//2805 3092//2806 
f 3057//2771 3090//2804 3091//2805 
f 3056//2770 3089//2803 3090//2804 
f 3055//2769 3088//2802 3089//2803 
f 3053//2767 3086//2800 3088//2802 
f 3087//2801 3120//2834 3086//2800 
f 3051//2765 3084//2798 3085//2799 
f 3050//2764 3083//2797 3084//2798 
f 3049//2763 3082//2796 3083//2797 
f 3048//2762 3081//2795 3082//2796 
f 3047//2761 3080//2794 3081//2795 
f 3046//2760 3079//2793 3080//2794 
f 3045//2759 3078//2792 3079//2793 
f 3044//2758 3077//2791 3078//2792 
f 3043//2757 3076//2790 3077//2791 
f 3042//2756 3075//2789 3076//2790 
f 3041//2755 3074//2788 3075//2789 
f 3040//2754 3073//2787 3074//2788 
f 3039//2753 3072//2786 3073//2787 
f 3038//2752 3071//2785 3072//2786 
f 3037//2751 3070//2784 3071//2785 
f 3036//2750 3069//2783 3070//2784 
f 3035//2749 3068//2782 3069//2783 
f 3034//2748 3067//2781 3068//2782 
f 3033//2747 3066//2780 3067//2781 
f 3032//2746 3065//2779 3066//2780 
f 3031//2745 3064//2778 3065//2779 
f 3030//2744 3063//2777 3064//2778 
f 3029//2743 3062//2776 3063//2777 
f 3028//2742 3061//2775 3062//2776 
f 3027//2741 3060//2774 3061//2775 
f 3026//2740 3059//2773 3060//2774 
f 3025//2739 3058//2772 3059//2773 
f 3024//2738 3057//2771 3058//2772 
f 3023//2737 3056//2770 3057//2771 
f 3022//2736 3055//2769 3056//2770 
f 3020//2734 3053//2767 3055//2769 
f 3054//2768 3087//2801 3053//2767 
f 3017//2731 3051//2765 3052//2766 
f 3016//2730 3050//2764 3051//2765 
f 3015//2729 3049//2763 3050//2764 
f 3014//2728 3048//2762 3049//2763 
f 3013//2727 3047//2761 3048//2762 
f 3012//2726 3046//2760 3047//2761 
f 3011//2725 3045//2759 3046//2760 
f 3010//2724 3044//2758 3045//2759 
f 3009//2723 3043//2757 3044//2758 
f 3008//2722 3042//2756 3043//2757 
f 3007//2721 3041//2755 3042//2756 
f 3006//2720 3040//2754 3041//2755 
f 3005//2719 3039//2753 3040//2754 
f 3004//2718 3038//2752 3039//2753 
f 3003//2717 3037//2751 3038//2752 
f 3002//2716 3036//2750 3037//2751 
f 3001//2715 3035//2749 3036//2750 
f 3000//2714 3034//2748 3035//2749 
f 2999//2713 3033//2747 3034//2748 
f 2998//2712 3032//2746 3033//2747 
f 2997//2711 3031//2745 3032//2746 
f 2996//2710 3030//2744 3031//2745 
f 2995//2709 3029//2743 3030//2744 
f 2994//2708 3028//2742 3029//2743 
f 2993//2707 3027//2741 3028//2742 
f 2992//2706 3026//2740 3027//2741 
f 2991//2705 3025//2739 3026//2740 
f 2990//2704 3024//2738 3025//2739 
f 2989//2703 3023//2737 3024//2738 
f 2988//2702 3022//2736 3023//2737 
f 2985//2699 3020//2734 3022//2736 
f 3021//2735 3054//2768 3020//2734 
f 2984//2698 3017//2731 3018//2732 
f 2983//2697 3016//2730 3017//2731 
f 2982//2696 3015//2729 3016//2730 
f 2981//2695 3014//2728 3015//2729 
f 2980//2694 3013//2727 3014//2728 
f 2979//2693 3012//2726 3013//2727 
f 2978//2692 3011//2725 3012//2726 
f 2977//2691 3010//2724 3011//2725 
f 2976//2690 3009//2723 3010//2724 
f 2975//2689 3008//2722 3009//2723 
f 2974//2688 3007//2721 3008//2722 
f 2973//2687 3006//2720 3007//2721 
f 2972//2686 3005//2719 3006//2720 
f 2971//2685 3004//2718 3005//2719 
f 2970//2684 3003//2717 3004//2718 
f 2969//2683 3002//2716 3003//2717 
f 2968//2682 3001//2715 3002//2716 
f 2967//2681 3000//2714 3001//2715 
f 2966//2680 2999//2713 3000//2714 
f 2965//2679 2998//2712 2999//2713 
f 2964//2678 2997//2711 2998//2712 
f 2963//2677 2996//2710 2997//2711 
f 2962//2676 2995//2709 2996//2710 
f 2961//2675 2994//2708 2995//2709 
f 2960//2674 2993//2707 2994//2708 
f 2959//2673 2992//2706 2993//2707 
f 2958//2672 2991//2705 2992//2706 
f 2957//2671 2990//2704 2991//2705 
f 2956//2670 2989//2703 2990//2704 
f 2954//2668 2988//2702 2989//2703 
f 2986//2700 2985//2699 2988//2702 
f 2987//2701 3021//2735 2985//2699 
f 2952//2666 2983//2697 2984//2698 
f 2951//2665 2982//2696 2983//2697 
f 2950//2664 2981//2695 2982//2696 
f 2949//2663 2980//2694 2981//2695 
f 2948//2662 2979//2693 2980//2694 
f 2947//2661 2978//2692 2979//2693 
f 2946//2660 2977//2691 2978//2692 
f 2945//2659 2976//2690 2977//2691 
f 2944//2658 2975//2689 2976//2690 
f 2943//2657 2974//2688 2975//2689 
f 2942//2656 2973//2687 2974//2688 
f 2941//2655 2972//2686 2973//2687 
f 2940//2654 2971//2685 2972//2686 
f 2939//2653 2970//2684 2971//2685 
f 2938//2652 2969//2683 2970//2684 
f 2937//2651 2968//2682 2969//2683 
f 2936//2650 2967//2681 2968//2682 
f 2935//2649 2966//2680 2967//2681 
f 2934//2648 2965//2679 2966//2680 
f 2933//2647 2964//2678 2965//2679 
f 2932//2646 2963//2677 2964//2678 
f 2931//2645 2962//2676 2963//2677 
f 2930//2644 2961//2675 2962//2676 
f 2929//2643 2960//2674 2961//2675 
f 2928//2642 2959//2673 2960//2674 
f 2927//2641 2958//2672 2959//2673 
f 2926//2640 2957//2671 2958//2672 
f 2925//2639 2956//2670 2957//2671 
f 2923//2637 2954//2668 2956//2670 
f 2955//2669 2986//2700 2954//2668 
f 2921//2635 2952//2666 2953//2667 
f 2920//2634 2951//2665 2952//2666 
f 2919//2633 2950//2664 2951//2665 
f 2918//2632 2949//2663 2950//2664 
f 2917//2631 2948//2662 2949//2663 
f 2916//2630 2947//2661 2948//2662 
f 2915//2629 2946//2660 2947//2661 
f 2914//2628 2945//2659 2946//2660 
f 2913//2627 2944//2658 2945//2659 
f 2912//2626 2943//2657 2944//2658 
f 2911//2625 2942//2656 2943//2657 
f 2910//2624 2941//2655 2942//2656 
f 2909//2623 2940//2654 2941//2655 
f 2908//2622 2939//2653 2940//2654 
f 2907//2621 2938//2652 2939//2653 
f 2906//2620 2937//2651 2938//2652 
f 2905//2619 2936//2650 2937//2651 
f 2904//2618 2935//2649 2936//2650 
f 2903//2617 2934//2648 2935//2649 
f 2902//2616 2933//2647 2934//2648 
f 2901//2615 2932//2646 2933//2647 
f 2900//2614 2931//2645 2932//2646 
f 2899//2613 2930//2644 2931//2645 
f 2898//2612 2929//2643 2930//2644 
f 2897//2611 2928//2642 2929//2643 
f 2896//2610 2927//2641 2928//2642 
f 2895//2609 2926//2640 2927//2641 
f 2894//2608 2925//2639 2926//2640 
f 2892//2606 2923//2637 2925//2639 
f 2924//2638 2955//2669 2923//2637 
f 2890//2604 2921//2635 2922//2636 
f 2889//2603 2920//2634 2921//2635 
f 2888//2602 2919//2633 2920//2634 
f 2887//2601 2918//2632 2919//2633 
f 2886//2600 2917//2631 2918//2632 
f 2885//2599 2916//2630 2917//2631 
f 2884//2598 2915//2629 2916//2630 
f 2883//2597 2914//2628 2915//2629 
f 2882//2596 2913//2627 2914//2628 
f 2881//2595 2912//2626 2913//2627 
f 2880//2594 2911//2625 2912//2626 
f 2879//2593 2910//2624 2911//2625 
f 2878//2592 2909//2623 2910//2624 
f 2877//2591 2908//2622 2909//2623 
f 2876//2590 2907//2621 2908//2622 
f 2875//2589 2906//2620 2907//2621 
f 2874//2588 2905//2619 2906//2620 
f 2873//2587 2904//2618 2905//2619 
f 2872//2586 2903//2617 2904//2618 
f 2871//2585 2902//2616 2903//2617 
f 2870//2584 2901//2615 2902//2616 
f 2869//2583 2900//2614 2901//2615 
f 2868//2582 2899//2613 2900//2614 
f 2867//2581 2898//2612 2899//2613 
f 2866//2580 2897//2611 2898//2612 
f 2865//2579 2896//2610 2897//2611 
f 2864//2578 2895//2609 2896//2610 
f 2863//2577 2894//2608 2895//2609 
f 2861//2575 2892//2606 2894//2608 
f 2893//2607 2924//2638 2892//2606 
f 2859//2573 2890//2604 2891//2605 
f 2858//2572 2889//2603 2890//2604 
f 2857//2571 2888//2602 2889//2603 
f 2856//2570 2887//2601 2888//2602 
f 2855//2569 2886//2600 2887//2601 
f 2854//2568 2885//2599 2886//2600 
f 2853//2567 2884//2598 2885//2599 
f 2852//2566 2883//2597 2884//2598 
f 2851//2565 2882//2596 2883//2597 
f 2850//2564 2881//2595 2882//2596 
f 2849//2563 2880//2594 2881//2595 
f 2848//2562 2879//2593 2880//2594 
f 2847//2561 2878//2592 2879//2593 
f 2846//2560 2877//2591 2878//2592 
f 2845//2559 2876//2590 2877//2591 
f 2844//2558 2875//2589 2876//2590 
f 2843//2557 2874//2588 2875//2589 
f 2842//2556 2873//2587 2874//2588 
f 2841//2555 2872//2586 2873//2587 
f 2840//2554 2871//2585 2872//2586 
f 2839//2553 2870//2584 2871//2585 
f 2838//2552 2869//2583 2870//2584 
f 2837//2551 2868//2582 2869//2583 
f 2836//2550 2867//2581 2868//2582 
f 2835//2549 2866//2580 2867//2581 
f 2834//2548 2865//2579 2866//2580 
f 2833//2547 2864//2578 2865//2579 
f 2832//2546 2863//2577 2864//2578 
f 2830//2544 2861//2575 2863//2577 
f 2862//2576 2893//2607 2861//2575 
f 2828//2542 2859//2573 2860//2574 
f 2827//2541 2858//2572 2859//2573 
f 2826//2540 2857//2571 2858//2572 
f 2825//2539 2856//2570 2857//2571 
f 2824//2538 2855//2569 2856//2570 
f 2823//2537 2854//2568 2855//2569 
f 2822//2536 2853//2567 2854//2568 
f 2821//2535 2852//2566 2853//2567 
f 2820//2534 2851//2565 2852//2566 
f 2819//2533 2850//2564 2851//2565 
f 2818//2532 2849//2563 2850//2564 
f 2817//2531 2848//2562 2849//2563 
f 2816//2530 2847//2561 2848//2562 
f 2815//2529 2846//2560 2847//2561 
f 2814//2528 2845//2559 2846//2560 
f 2813//2527 2844//2558 2845//2559 
f 2812//2526 2843//2557 2844//2558 
f 2811//2525 2842//2556 2843//2557 
f 2810//2524 2841//2555 2842//2556 
f 2809//2523 2840//2554 2841//2555 
f 2808//2522 2839//2553 2840//2554 
f 2807//2521 2838//2552 2839//2553 
f 2806//2520 2837//2551 2838//2552 
f 2805//2519 2836//2550 2837//2551 
f 2804//2518 2835//2549 2836//2550 
f 2803//2517 2834//2548 2835//2549 
f 2802//2516 2833//2547 2834//2548 
f 2801//2515 2832//2546 2833//2547 
f 2799//2513 2830//2544 2832//2546 
f 2831//2545 2862//2576 2830//2544 
f 2797//2511 2828//2542 2829//2543 
f 2796//2510 2827//2541 2828//2542 
f 2795//2509 2826//2540 2827//2541 
f 2794//2508 2825//2539 2826//2540 
f 2793//2507 2824//2538 2825//2539 
f 2792//2506 2823//2537 2824//2538 
f 2791//2505 2822//2536 2823//2537 
f 2790//2504 2821//2535 2822//2536 
f 2789//2503 2820//2534 2821//2535 
f 2788//2502 2819//2533 2820//2534 
f 2787//2501 2818//2532 2819//2533 
f 2786//2500 2817//2531 2818//2532 
f 2785//2499 2816//2530 2817//2531 
f 2784//2498 2815//2529 2816//2530 
f 2783//2497 2814//2528 2815//2529 
f 2782//2496 2813//2527 2814//2528 
f 2781//2495 2812//2526 2813//2527 
f 2780//2494 2811//2525 2812//2526 
f 2779//2493 2810//2524 2811//2525 
f 2778//2492 2809//2523 2810//2524 
f 2777//2491 2808//2522 2809//2523 
f 2776//2490 2807//2521 2808//2522 
f 2775//2489 2806//2520 2807//2521 
f 2774//2488 2805//2519 2806//2520 
f 2773//2487 2804//2518 2805//2519 
f 2772//2486 2803//2517 2804//2518 
f 2771//2485 2802//2516 2803//2517 
f 2770//2484 2801//2515 2802//2516 
f 2768//2482 2799//2513 2801//2515 
f 2800//2514 2831//2545 2799//2513 
f 2765//2479 2797//2511 2798//2512 
f 2764//2478 2796//2510 2797//2511 
f 2763//2477 2795//2509 2796//2510 
f 2762//2476 2794//2508 2795//2509 
f 2761//2475 2793//2507 2794//2508 
f 2760//2474 2792//2506 2793//2507 
f 2759//2473 2791//2505 2792//2506 
f 2758//2472 2790//2504 2791//2505 
f 2757//2471 2789//2503 2790//2504 
f 2756//2470 2788//2502 2789//2503 
f 2755//2469 2787//2501 2788//2502 
f 2754//2468 2786//2500 2787//2501 
f 2753//2467 2785//2499 2786//2500 
f 2752//2466 2784//2498 2785//2499 
f 2751//2465 2783//2497 2784//2498 
f 2750//2464 2782//2496 2783//2497 
f 2749//2463 2781//2495 2782//2496 
f 2748//2462 2780//2494 2781//2495 
f 2747//2461 2779//2493 2780//2494 
f 2746//2460 2778//2492 2779//2493 
f 2745//2459 2777//2491 2778//2492 
f 2744//2458 2776//2490 2777//2491 
f 2743//2457 2775//2489 2776//2490 
f 2742//2456 2774//2488 2775//2489 
f 2741//2455 2773//2487 2774//2488 
f 2740//2454 2772//2486 2773//2487 
f 2739//2453 2771//2485 2772//2486 
f 2738//2452 2770//2484 2771//2485 
f 2735//2449 2768//2482 2770//2484 
f 2769//2483 2800//2514 2768//2482 
f 2734//2448 2765//2479 2766//2480 
f 2733//2447 2764//2478 2765//2479 
f 2732//2446 2763//2477 2764//2478 
f 2731//2445 2762//2476 2763//2477 
f 2730//2444 2761//2475 2762//2476 
f 2729//2443 2760//2474 2761//2475 
f 2728//2442 2759//2473 2760//2474 
f 2727//2441 2758//2472 2759//2473 
f 2726//2440 2757//2471 2758//2472 
f 2725//2439 2756//2470 2757//2471 
f 2724//2438 2755//2469 2756//2470 
f 2723//2437 2754//2468 2755//2469 
f 2722//2436 2753//2467 2754//2468 
f 2721//2435 2752//2466 2753//2467 
f 2720//2434 2751//2465 2752//2466 
f 2719//2433 2750//2464 2751//2465 
f 2718//2432 2749//2463 2750//2464 
f 2717//2431 2748//2462 2749//2463 
f 2716//2430 2747//2461 2748//2462 
f 2715//2429 2746//2460 2747//2461 
f 2714//2428 2745//2459 2746//2460 
f 2713//2427 2744//2458 2745//2459 
f 2712//2426 2743//2457 2744//2458 
f 2711//2425 2742//2456 2743//2457 
f 2710//2424 2741//2455 2742//2456 
f 2709//2423 2740//2454 2741//2455 
f 2708//2422 2739//2453 2740//2454 
f 2706//2420 2738//2452 2739//2453 
f 2736//2450 2735//2449 2738//2452 
f 2737//2451 2769//2483 2735//2449 
f 2704//2418 2733//2447 2734//2448 
f 2703//2417 2732//2446 2733//2447 
f 2702//2416 2731//2445 2732//2446 
f 2701//2415 2730//2444 2731//2445 
f 2700//2414 2729//2443 2730//2444 
f 2699//2413 2728//2442 2729//2443 
f 2698//2412 2727//2441 2728//2442 
f 2697//2411 2726//2440 2727//2441 
f 2696//2410 2725//2439 2726//2440 
f 2695//2409 2724//2438 2725//2439 
f 2694//2408 2723//2437 2724//2438 
f 2693//2407 2722//2436 2723//2437 
f 2692//2406 2721//2435 2722//2436 
f 2691//2405 2720//2434 2721//2435 
f 2690//2404 2719//2433 2720//2434 
f 2689//2403 2718//2432 2719//2433 
f 2688//2402 2717//2431 2718//2432 
f 2687//2401 2716//2430 2717//2431 
f 2686//2400 2715//2429 2716//2430 
f 2685//2399 2714//2428 2715//2429 
f 2684//2398 2713//2427 2714//2428 
f 2683//2397 2712//2426 2713//2427 
f 2682//2396 2711//2425 2712//2426 
f 2681//2395 2710//2424 2711//2425 
f 2680//2394 2709//2423 2710//2424 
f 2679//2393 2708//2422 2709//2423 
f 2677//2391 2706//2420 2708//2422 
f 2707//2421 2736//2450 2706//2420 
f 2675//2389 2704//2418 2705//2419 
f 2674//2388 2703//2417 2704//2418 
f 2673//2387 2702//2416 2703//2417 
f 2672//2386 2701//2415 2702//2416 
f 2671//2385 2700//2414 2701//2415 
f 2670//2384 2699//2413 2700//2414 
f 2669//2383 2698//2412 2699//2413 
f 2668//2382 2697//2411 2698//2412 
f 2667//2381 2696//2410 2697//2411 
f 2666//2380 2695//2409 2696//2410 
f 2665//2379 2694//2408 2695//2409 
f 2664//2378 2693//2407 2694//2408 
f 2663//2377 2692//2406 2693//2407 
f 2662//2376 2691//2405 2692//2406 
f 2661//2375 2690//2404 2691//2405 
f 2660//2374 2689//2403 2690//2404 
f 2659//2373 2688//2402 2689//2403 
f 2658//2372 2687//2401 2688//2402 
f 2657//2371 2686//2400 2687//2401 
f 2656//2370 2685//2399 2686//2400 
f 2655//2369 2684//2398 2685//2399 
f 2654//2368 2683//2397 2684//2398 
f 2653//2367 2682//2396 2683//2397 
f 2652//2366 2681//2395 2682//2396 
f 2651//2365 2680//2394 2681//2395 
f 2650//2364 2679//2393 2680//2394 
f 2648//2362 2677//2391 2679//2393 
f 2678//2392 2707//2421 2677//2391 
f 2646//2360 2675//2389 2676//2390 
f 2645//2359 2674//2388 2675//2389 
f 2644//2358 2673//2387 2674//2388 
f 2643//2357 2672//2386 2673//2387 
f 2642//2356 2671//2385 2672//2386 
f 2641//2355 2670//2384 2671//2385 
f 2640//2354 2669//2383 2670//2384 
f 2639//2353 2668//2382 2669//2383 
f 2638//2352 2667//2381 2668//2382 
f 2637//2351 2666//2380 2667//2381 
f 2636//2350 2665//2379 2666//2380 
f 2635//2349 2664//2378 2665//2379 
f 2634//2348 2663//2377 2664//2378 
f 2633//2347 2662//2376 2663//2377 
f 2632//2346 2661//2375 2662//2376 
f 2631//2345 2660//2374 2661//2375 
f 2630//2344 2659//2373 2660//2374 
f 2629//2343 2658//2372 2659//2373 
f 2628//2342 2657//2371 2658//2372 
f 2627//2341 2656//2370 2657//2371 
f 2626//2340 2655//2369 2656//2370 
f 2625//2339 2654//2368 2655//2369 
f 2624//2338 2653//2367 2654//2368 
f 2623//2337 2652//2366 2653//2367 
f 2622//2336 2651//2365 2652//2366 
f 2621//2335 2650//2364 2651//2365 
f 2619//2333 2648//2362 2650//2364 
f 2649//2363 2678//2392 2648//2362 
f 2617//2331 2646//2360 2647//2361 
f 2616//2330 2645//2359 2646//2360 
f 2615//2329 2644//2358 2645//2359 
f 2614//2328 2643//2357 2644//2358 
f 2613//2327 2642//2356 2643//2357 
f 2612//2326 2641//2355 2642//2356 
f 2611//2325 2640//2354 2641//2355 
f 2610//2324 2639//2353 2640//2354 
f 2609//2323 2638//2352 2639//2353 
f 2608//2322 2637//2351 2638//2352 
f 2607//2321 2636//2350 2637//2351 
f 2606//2320 2635//2349 2636//2350 
f 2605//2319 2634//2348 2635//2349 
f 2604//2318 2633//2347 2634//2348 
f 2603//2317 2632//2346 2633//2347 
f 2602//2316 2631//2345 2632//2346 
f 2601//2315 2630//2344 2631//2345 
f 2600//2314 2629//2343 2630//2344 
f 2599//2313 2628//2342 2629//2343 
f 2598//2312 2627//2341 2628//2342 
f 2597//2311 2626//2340 2627//2341 
f 2596//2310 2625//2339 2626//2340 
f 2595//2309 2624//2338 2625//2339 
f 2594//2308 2623//2337 2624//2338 
f 2593//2307 2622//2336 2623//2337 
f 2592//2306 2621//2335 2622//2336 
f 2590//2304 2619//2333 2621//2335 
f 2620//2334 2649//2363 2619//2333 
f 2588//2302 2617//2331 2618//2332 
f 2587//2301 2616//2330 2617//2331 
f 2586//2300 2615//2329 2616//2330 
f 2585//2299 2614//2328 2615//2329 
f 2584//2298 2613//2327 2614//2328 
f 2583//2297 2612//2326 2613//2327 
f 2582//2296 2611//2325 2612//2326 
f 2581//2295 2610//2324 2611//2325 
f 2580//2294 2609//2323 2610//2324 
f 2579//2293 2608//2322 2609//2323 
f 2578//2292 2607//2321 2608//2322 
f 2577//2291 2606//2320 2607//2321 
f 2576//2290 2605//2319 2606//2320 
f 2575//2289 2604//2318 2605//2319 
f 2574//2288 2603//2317 2604//2318 
f 2573//2287 2602//2316 2603//2317 
f 2572//2286 2601//2315 2602//2316 
f 2571//2285 2600//2314 2601//2315 
f 2570//2284 2599//2313 2600//2314 
f 2569//2283 2598//2312 2599//2313 
f 2568//2282 2597//2311 2598//2312 
f 2567//2281 2596//2310 2597//2311 
f 2566//2280 2595//2309 2596//2310 
f 2565//2279 2594//2308 2595//2309 
f 2564//2278 2593//2307 2594//2308 
f 2563//2277 2592//2306 2593//2307 
f 2561//2275 2590//2304 2592//2306 
f 2591//2305 2620//2334 2590//2304 
f 2559//2273 2588//2302 2589//2303 
f 2558//2272 2587//2301 2588//2302 
f 2557//2271 2586//2300 2587//2301 
f 2556//2270 2585//2299 2586//2300 
f 2555//2269 2584//2298 2585//2299 
f 2554//2268 2583//2297 2584//2298 
f 2553//2267 2582//2296 2583//2297 
f 2552//2266 2581//2295 2582//2296 
f 2551//2265 2580//2294 2581//2295 
f 2550//2264 2579//2293 2580//2294 
f 2549//2263 2578//2292 2579//2293 
f 2548//2262 2577//2291 2578//2292 
f 2547//2261 2576//2290 2577//2291 
f 2546//2260 2575//2289 2576//2290 
f 2545//2259 2574//2288 2575//2289 
f 2544//2258 2573//2287 2574//2288 
f 2543//2257 2572//2286 2573//2287 
f 2542//2256 2571//2285 2572//2286 
f 2541//2255 2570//2284 2571//2285 
f 2540//2254 2569//2283 2570//2284 
f 2539//2253 2568//2282 2569//2283 
f 2538//2252 2567//2281 2568//2282 
f 2537//2251 2566//2280 2567//2281 
f 2536//2250 2565//2279 2566//2280 
f 2535//2249 2564//2278 2565//2279 
f 2534//2248 2563//2277 2564//2278 
f 2532//2246 2561//2275 2563//2277 
f 2562//2276 2591//2305 2561//2275 
f 2530//2244 2559//2273 2560//2274 
f 2529//2243 2558//2272 2559//2273 
f 2528//2242 2557//2271 2558//2272 
f 2527//2241 2556//2270 2557//2271 
f 2526//2240 2555//2269 2556//2270 
f 2525//2239 2554//2268 2555//2269 
f 2524//2238 2553//2267 2554//2268 
f 2523//2237 2552//2266 2553//2267 
f 2522//2236 2551//2265 2552//2266 
f 2521//2235 2550//2264 2551//2265 
f 2520//2234 2549//2263 2550//2264 
f 2519//2233 2548//2262 2549//2263 
f 2518//2232 2547//2261 2548//2262 
f 2517//2231 2546//2260 2547//2261 
f 2516//2230 2545//2259 2546//2260 
f 2515//2229 2544//2258 2545//2259 
f 2514//2228 2543//2257 2544//2258 
f 2513//2227 2542//2256 2543//2257 
f 2512//2226 2541//2255 2542//2256 
f 2511//2225 2540//2254 2541//2255 
f 2510//2224 2539//2253 2540//2254 
f 2509//2223 2538//2252 2539//2253 
f 2508//2222 2537//2251 2538//2252 
f 2507//2221 2536//2250 2537//2251 
f 2506//2220 2535//2249 2536//2250 
f 2505//2219 2534//2248 2535//2249 
f 2503//2217 2532//2246 2534//2248 
f 2533//2247 2562//2276 2532//2246 
f 2501//2215 2530//2244 2531//2245 
f 2500//2214 2529//2243 2530//2244 
f 2499//2213 2528//2242 2529//2243 
f 2498//2212 2527//2241 2528//2242 
f 2497//2211 2526//2240 2527//2241 
f 2496//2210 2525//2239 2526//2240 
f 2495//2209 2524//2238 2525//2239 
f 2494//2208 2523//2237 2524//2238 
f 2493//2207 2522//2236 2523//2237 
f 2492//2206 2521//2235 2522//2236 
f 2491//2205 2520//2234 2521//2235 
f 2490//2204 2519//2233 2520//2234 
f 2489//2203 2518//2232 2519//2233 
f 2488//2202 2517//2231 2518//2232 
f 2487//2201 2516//2230 2517//2231 
f 2486//2200 2515//2229 2516//2230 
f 2485//2199 2514//2228 2515//2229 
f 2484//2198 2513//2227 2514//2228 
f 2483//2197 2512//2226 2513//2227 
f 2482//2196 2511//2225 2512//2226 
f 2481//2195 2510//2224 2511//2225 
f 2480//2194 2509//2223 2510//2224 
f 2479//2193 2508//2222 2509//2223 
f 2478//2192 2507//2221 2508//2222 
f 2477//2191 2506//2220 2507//2221 
f 2476//2190 2505//2219 2506//2220 
f 2474//2188 2503//2217 2505//2219 
f 2504//2218 2533//2247 2503//2217 
f 2472//2186 2501//2215 2502//2216 
f 2471//2185 2500//2214 2501//2215 
f 2470//2184 2499//2213 2500//2214 
f 2469//2183 2498//2212 2499//2213 
f 2468//2182 2497//2211 2498//2212 
f 2467//2181 2496//2210 2497//2211 
f 2466//2180 2495//2209 2496//2210 
f 2465//2179 2494//2208 2495//2209 
f 2464//2178 2493//2207 2494//2208 
f 2463//2177 2492//2206 2493//2207 
f 2462//2176 2491//2205 2492//2206 
f 2461//2175 2490//2204 2491//2205 
f 2460//2174 2489//2203 2490//2204 
f 2459//2173 2488//2202 2489//2203 
f 2458//2172 2487//2201 2488//2202 
f 2457//2171 2486//2200 2487//2201 
f 2456//2170 2485//2199 2486//2200 
f 2455//2169 2484//2198 2485//2199 
f 2454//2168 2483//2197 2484//2198 
f 2453//2167 2482//2196 2483//2197 
f 2452//2166 2481//2195 2482//2196 
f 2451//2165 2480//2194 2481//2195 
f 2450//2164 2479//2193 2480//2194 
f 2449//2163 2478//2192 2479//2193 
f 2448//2162 2477//2191 2478//2192 
f 2447//2161 2476//2190 2477//2191 
f 2445//2159 2474//2188 2476//2190 
f 2475//2189 2504//2218 2474//2188 
f 2443//2157 2472//2186 2473//2187 
f 2442//2156 2471//2185 2472//2186 
f 2441//2155 2470//2184 2471//2185 
f 2440//2154 2469//2183 2470//2184 
f 2439//2153 2468//2182 2469//2183 
f 2438//2152 2467//2181 2468//2182 
f 2437//2151 2466//2180 2467//2181 
f 2436//2150 2465//2179 2466//2180 
f 2435//2149 2464//2178 2465//2179 
f 2434//2148 2463//2177 2464//2178 
f 2433//2147 2462//2176 2463//2177 
f 2432//2146 2461//2175 2462//2176 
f 2431//2145 2460//2174 2461//2175 
f 2430//2144 2459//2173 2460//2174 
f 2429//2143 2458//2172 2459//2173 
f 2428//2142 2457//2171 2458//2172 
f 2427//2141 2456//2170 2457//2171 
f 2426//2140 2455//2169 2456//2170 
f 2425//2139 2454//2168 2455//2169 
f 2424//2138 2453//2167 2454//2168 
f 2423//2137 2452//2166 2453//2167 
f 2422//2136 2451//2165 2452//2166 
f 2421//2135 2450//2164 2451//2165 
f 2420//2134 2449//2163 2450//2164 
f 2419//2133 2448//2162 2449//2163 
f 2418//2132 2447//2161 2448//2162 
f 2416//2130 2445//2159 2447//2161 
f 2446//2160 2475//2189 2445//2159 
f 2414//2128 2443//2157 2444//2158 
f 2413//2127 2442//2156 2443//2157 
f 2412//2126 2441//2155 2442//2156 
f 2411//2125 2440//2154 2441//2155 
f 2410//2124 2439//2153 2440//2154 
f 2409//2123 2438//2152 2439//2153 
f 2408//2122 2437//2151 2438//2152 
f 2407//2121 2436//2150 2437//2151 
f 2406//2120 2435//2149 2436//2150 
f 2405//2119 2434//2148 2435//2149 
f 2404//2118 2433//2147 2434//2148 
f 2403//2117 2432//2146 2433//2147 
f 2402//2116 2431//2145 2432//2146 
f 2401//2115 2430//2144 2431//2145 
f 2400//2114 2429//2143 2430//2144 
f 2399//2113 2428//2142 2429//2143 
f 2398//2112 2427//2141 2428//2142 
f 2397//2111 2426//2140 2427//2141 
f 2396//2110 2425//2139 2426//2140 
f 2395//2109 2424//2138 2425//2139 
f 2394//2108 2423//2137 2424//2138 
f 2393//2107 2422//2136 2423//2137 
f 2392//2106 2421//2135 2422//2136 
f 2391//2105 2420//2134 2421//2135 
f 2390//2104 2419//2133 2420//2134 
f 2389//2103 2418//2132 2419//2133 
f 2387//2101 2416//2130 2418//2132 
f 2417//2131 2446//2160 2416//2130 
f 2385//2099 2414//2128 2415//2129 
f 2384//2098 2413//2127 2414//2128 
f 2383//2097 2412//2126 2413//2127 
f 2382//2096 2411//2125 2412//2126 
f 2381//2095 2410//2124 2411//2125 
f 2380//2094 2409//2123 2410//2124 
f 2379//2093 2408//2122 2409//2123 
f 2378//2092 2407//2121 2408//2122 
f 2377//2091 2406//2120 2407//2121 
f 2376//2090 2405//2119 2406//2120 
f 2375//2089 2404//2118 2405//2119 
f 2374//2088 2403//2117 2404//2118 
f 2373//2087 2402//2116 2403//2117 
f 2372//2086 2401//2115 2402//2116 
f 2371//2085 2400//2114 2401//2115 
f 2370//2084 2399//2113 2400//2114 
f 2369//2083 2398//2112 2399//2113 
f 2368//2082 2397//2111 2398//2112 
f 2367//2081 2396//2110 2397//2111 
f 2366//2080 2395//2109 2396//2110 
f 2365//2079 2394//2108 2395//2109 
f 2364//2078 2393//2107 2394//2108 
f 2363//2077 2392//2106 2393//2107 
f 2362//2076 2391//2105 2392//2106 
f 2361//2075 2390//2104 2391//2105 
f 2360//2074 2389//2103 2390//2104 
f 2359//2073 2387//2101 2389//2103 
f 2388//2102 2417//2131 2387//2101 
f 2357//2069 2385//2099 2386//2100 
f 2356//2067 2384//2098 2385//2099 
f 2355//2065 2383//2097 2384//2098 
f 2354//2063 2382//2096 2383//2097 
f 2353//2061 2381//2095 2382//2096 
f 2352//2059 2380//2094 2381//2095 
f 2351//2057 2379//2093 2380//2094 
f 2350//2055 2378//2092 2379//2093 
f 2349//2053 2377//2091 2378//2092 
f 2348//2051 2376//2090 2377//2091 
f 2347//2049 2375//2089 2376//2090 
f 2346//2047 2374//2088 2375//2089 
f 2345//2045 2373//2087 2374//2088 
f 2344//2043 2372//2086 2373//2087 
f 2343//2041 2371//2085 2372//2086 
f 2342//2039 2370//2084 2371//2085 
f 2341//2037 2369//2083 2370//2084 
f 2340//2035 2368//2082 2369//2083 
f 2339//2033 2367//2081 2368//2082 
f 2338//2031 2366//2080 2367//2081 
f 2337//2029 2365//2079 2366//2080 
f 2336//2027 2364//2078 2365//2079 
f 2335//2025 2363//2077 2364//2078 
f 2334//2023 2362//2076 2363//2077 
f 2333//2021 2361//2075 2362//2076 
f 2332//2019 2360//2074 2361//2075 
f 2331//2017 2359//2073 2360//2074 
f 2330//2016 2388//2102 2359//2073 
f 290//2072 301//2070 2357//2069 
f 299//2068 2356//2067 2357//2069 
f 297//2066 2355//2065 2356//2067 
f 297//2066 281//2064 2354//2063 
f 278//2062 2353//2061 2354//2063 
f 289//2060 2352//2059 2353//2061 
f 289//2060 287//2058 2351//2057 
f 285//2056 2350//2055 2351//2057 
f 285//2056 283//2054 2349//2053 
f 276//2052 2348//2051 2349//2053 
f 274//2050 2347//2049 2348//2051 
f 274//2050 266//2048 2346//2047 
f 263//2046 2345//2045 2346//2047 
f 273//2044 2344//2043 2345//2045 
f 273//2044 261//2042 2343//2041 
f 261//2042 259//2040 2342//2039 
f 257//2038 2341//2037 2342//2039 
f 254//2036 2340//2035 2341//2037 
f 254//2036 272//2034 2339//2033 
f 272//2034 270//2032 2338//2031 
f 268//2030 2337//2029 2338//2031 
f 252//2028 2336//2027 2337//2029 
f 252//2028 249//2026 2335//2025 
f 308//2024 2334//2023 2335//2025 
f 308//2024 306//2022 2333//2021 
f 306//2022 304//2020 2332//2019 
f 304//2020 295//2018 2331//2017 
f 295//2018 303//3898 2330//2016 
o mesh7
f 2209//4026 2208//4026 350//4026 
f 2209//4026 351//4026 4022//4026 
f 4022//4026 2212//4026 2209//4026 
f 2208//4026 2206//4026 471//4026 
f 471//4026 350//4026 2208//4026 
f 351//4026 470//4026 4022//4026 
f 350//4026 351//4026 2209//4026 
o mesh8
f 2326//4027 2323//4027 354//4027 
f 353//4027 352//4027 2325//4027 
f 293//4027 2325//4027 352//4027 
f 2325//4027 2326//4027 353//4027 
f 2324//4027 2321//4027 355//4027 
f 356//4027 354//4027 2323//4027 
f 354//4027 353//4027 2326//4027 
f 2323//4027 2324//4027 356//4027 
f 2322//4027 2319//4027 357//4027 
f 358//4027 355//4027 2321//4027 
f 355//4027 356//4027 2324//4027 
f 2321//4027 2322//4027 358//4027 
f 357//4027 358//4027 2322//4027 
f 2319//4027 2318//4027 359//4027 
f 2320//4027 2316//4027 361//4027 
f 360//4027 359//4027 2318//4027 
f 359//4027 357//4027 2319//4027 
f 2318//4027 2320//4027 360//4027 
f 2317//4027 2314//4027 363//4027 
f 362//4027 361//4027 2316//4027 
f 361//4027 360//4027 2320//4027 
f 2316//4027 2317//4027 362//4027 
f 2315//4027 2313//4027 364//4027 
f 365//4027 363//4027 2314//4027 
f 363//4027 362//4027 2317//4027 
f 2314//4027 2315//4027 365//4027 
f 2310//4027 2309//4027 368//4027 
f 364//4027 365//4027 2315//4027 
f 366//4027 364//4027 2313//4027 
f 367//4027 2312//4027 2310//4027 
f 2313//4027 2312//4027 366//4027 
f 368//4027 367//4027 2310//4027 
f 2311//4027 2307//4027 370//4027 
f 369//4027 368//4027 2309//4027 
f 367//4027 366//4027 2312//4027 
f 2309//4027 2311//4027 369//4027 
f 2308//4027 2306//4027 371//4027 
f 372//4027 370//4027 2307//4027 
f 2299//4027 383//4027 379//4027 
f 370//4027 369//4027 2311//4027 
f 2307//4027 2308//4027 372//4027 
f 2305//4027 2303//4027 373//4027 
f 374//4027 371//4027 2306//4027 
f 379//4027 2298//4027 2299//4027 
f 2294//4027 2292//4027 384//4027 
f 385//4027 382//4027 2295//4027 
f 371//4027 372//4027 2308//4027 
f 2306//4027 2305//4027 374//4027 
f 381//4027 383//4027 2297//4027 
f 379//4027 378//4027 2298//4027 
f 2296//4027 2295//4027 382//4027 
f 2295//4027 2294//4027 385//4027 
f 373//4027 374//4027 2305//4027 
f 2303//4027 2302//4027 375//4027 
f 2304//4027 2300//4027 377//4027 
f 376//4027 375//4027 2302//4027 
f 2299//4027 2297//4027 383//4027 
f 384//4027 385//4027 2294//4027 
f 388//4027 384//4027 2292//4027 
f 375//4027 373//4027 2303//4027 
f 2302//4027 2304//4027 376//4027 
f 2301//4027 2298//4027 378//4027 
f 380//4027 377//4027 2300//4027 
f 382//4027 381//4027 2296//4027 
f 2293//4027 386//4027 388//4027 
f 2290//4027 2289//4027 387//4027 
f 377//4027 376//4027 2304//4027 
f 2300//4027 2301//4027 380//4027 
f 2292//4027 2293//4027 388//4027 
f 386//4027 2293//4027 2290//4027 
f 378//4027 380//4027 2301//4027 
f 387//4027 386//4027 2290//4027 
f 2291//4027 2287//4027 390//4027 
f 389//4027 387//4027 2289//4027 
f 2297//4027 2296//4027 381//4027 
f 2289//4027 2291//4027 389//4027 
f 2288//4027 2286//4027 391//4027 
f 392//4027 390//4027 2287//4027 
f 390//4027 389//4027 2291//4027 
f 2287//4027 2288//4027 392//4027 
f 395//4027 391//4027 2286//4027 
f 391//4027 392//4027 2288//4027 
f 2285//4027 393//4027 395//4027 
f 2283//4027 2282//4027 394//4027 
f 2286//4027 2285//4027 395//4027 
f 393//4027 2285//4027 2283//4027 
f 2284//4027 2280//4027 397//4027 
f 396//4027 394//4027 2282//4027 
f 394//4027 393//4027 2283//4027 
f 2282//4027 2284//4027 396//4027 
f 2281//4027 2278//4027 398//4027 
f 399//4027 397//4027 2280//4027 
f 397//4027 396//4027 2284//4027 
f 2280//4027 2281//4027 399//4027 
f 402//4027 398//4027 2278//4027 
f 2277//4027 400//4027 401//4027 
f 398//4027 399//4027 2281//4027 
f 2279//4027 401//4027 402//4027 
f 403//4027 400//4027 2276//4027 
f 401//4027 2279//4027 2277//4027 
f 2278//4027 2279//4027 402//4027 
f 2277//4027 2276//4027 400//4027 
f 2274//4027 2272//4027 405//4027 
f 404//4027 403//4027 2275//4027 
f 2276//4027 2275//4027 403//4027 
f 2275//4027 2274//4027 404//4027 
f 2273//4027 2270//4027 407//4027 
f 406//4027 405//4027 2272//4027 
f 422//4027 420//4027 2258//4027 
f 405//4027 404//4027 2274//4027 
f 2272//4027 2273//4027 406//4027 
f 2271//4027 2269//4027 408//4027 
f 409//4027 407//4027 2270//4027 
f 2260//4027 2259//4027 420//4027 
f 2257//4027 2255//4027 421//4027 
f 420//4027 2259//4027 2258//4027 
f 407//4027 406//4027 2273//4027 
f 2270//4027 2271//4027 409//4027 
f 2266//4027 2265//4027 412//4027 
f 2262//4027 2260//4027 418//4027 
f 419//4027 415//4027 2261//4027 
f 420//4027 417//4027 2260//4027 
f 2258//4027 2257//4027 422//4027 
f 408//4027 409//4027 2271//4027 
f 410//4027 408//4027 2269//4027 
f 411//4027 2268//4027 2266//4027 
f 2261//4027 2262//4027 419//4027 
f 421//4027 422//4027 2257//4027 
f 2253//4027 2252//4027 425//4027 
f 2269//4027 2268//4027 410//4027 
f 412//4027 411//4027 2266//4027 
f 2267//4027 2263//4027 414//4027 
f 413//4027 412//4027 2265//4027 
f 417//4027 418//4027 2260//4027 
f 423//4027 421//4027 2255//4027 
f 424//4027 2256//4027 2253//4027 
f 411//4027 410//4027 2268//4027 
f 2265//4027 2267//4027 413//4027 
f 2264//4027 2261//4027 415//4027 
f 416//4027 414//4027 2263//4027 
f 2255//4027 2256//4027 423//4027 
f 425//4027 424//4027 2253//4027 
f 2254//4027 2250//4027 427//4027 
f 426//4027 425//4027 2252//4027 
f 414//4027 413//4027 2267//4027 
f 2263//4027 2264//4027 416//4027 
f 424//4027 423//4027 2256//4027 
f 2252//4027 2254//4027 426//4027 
f 415//4027 416//4027 2264//4027 
f 427//4027 426//4027 2254//4027 
f 2251//4027 2248//4027 428//4027 
f 429//4027 427//4027 2250//4027 
f 418//4027 419//4027 2262//4027 
f 2250//4027 2251//4027 429//4027 
f 428//4027 429//4027 2251//4027 
f 2248//4027 2247//4027 430//4027 
f 2249//4027 2245//4027 432//4027 
f 431//4027 430//4027 2247//4027 
f 430//4027 428//4027 2248//4027 
f 2247//4027 2249//4027 431//4027 
f 2246//4027 2243//4027 434//4027 
f 435//4027 432//4027 2245//4027 
f 437//4027 433//4027 2244//4027 
f 432//4027 431//4027 2249//4027 
f 2245//4027 2246//4027 435//4027 
f 2327//4027 436//4027 437//4027 
f 2243//4027 2244//4027 433//4027 
f 434//4027 435//4027 2246//4027 
f 433//4027 434//4027 2243//4027 
f 2241//4027 2240//4027 438//4027 
f 2244//4027 2327//4027 437//4027 
f 436//4027 2327//4027 2241//4027 
f 2242//4027 2238//4027 440//4027 
f 439//4027 438//4027 2240//4027 
f 438//4027 436//4027 2241//4027 
f 2240//4027 2242//4027 439//4027 
f 2239//4027 2236//4027 441//4027 
f 442//4027 440//4027 2238//4027 
f 440//4027 439//4027 2242//4027 
f 2238//4027 2239//4027 442//4027 
f 2237//4027 2234//4027 443//4027 
f 444//4027 441//4027 2236//4027 
f 441//4027 442//4027 2239//4027 
f 2236//4027 2237//4027 444//4027 
f 443//4027 444//4027 2237//4027 
f 2234//4027 2233//4027 445//4027 
f 2235//4027 2231//4027 446//4027 
f 448//4027 445//4027 2233//4027 
f 2328//4027 2229//4027 450//4027 
f 447//4027 2231//4027 2232//4027 
f 445//4027 443//4027 2234//4027 
f 2233//4027 2235//4027 448//4027 
f 449//4027 2232//4027 2328//4027 
f 2232//4027 449//4027 447//4027 
f 446//4027 448//4027 2235//4027 
f 447//4027 446//4027 2231//4027 
f 2230//4027 2228//4027 451//4027 
f 452//4027 450//4027 2229//4027 
f 450//4027 449//4027 2328//4027 
f 2229//4027 2230//4027 452//4027 
f 2225//4027 2224//4027 455//4027 
f 451//4027 452//4027 2230//4027 
f 453//4027 451//4027 2228//4027 
f 454//4027 2227//4027 2225//4027 
f 2228//4027 2227//4027 453//4027 
f 455//4027 454//4027 2225//4027 
f 2226//4027 2222//4027 457//4027 
f 456//4027 455//4027 2224//4027 
f 2210//4027 4022//4027 470//4027 
f 454//4027 453//4027 2227//4027 
f 2224//4027 2226//4027 456//4027 
f 2223//4027 2220//4027 458//4027 
f 460//4027 457//4027 2222//4027 
f 2216//4027 2213//4027 466//4027 
f 467//4027 465//4027 2215//4027 
f 470//4027 2211//4027 2210//4027 
f 457//4027 456//4027 2226//4027 
f 2222//4027 2223//4027 460//4027 
f 461//4027 459//4027 2221//4027 
f 2220//4027 2221//4027 459//4027 
f 2218//4027 2217//4027 463//4027 
f 2215//4027 2216//4027 467//4027 
f 468//4027 466//4027 2213//4027 
f 469//4027 2214//4027 2211//4027 
f 458//4027 460//4027 2223//4027 
f 459//4027 458//4027 2220//4027 
f 462//4027 2329//4027 2218//4027 
f 2219//4027 2215//4027 465//4027 
f 464//4027 463//4027 2217//4027 
f 2213//4027 2214//4027 468//4027 
f 470//4027 469//4027 2211//4027 
f 2221//4027 2329//4027 461//4027 
f 463//4027 462//4027 2218//4027 
f 2217//4027 2219//4027 464//4027 
f 469//4027 468//4027 2214//4027 
f 462//4027 461//4027 2329//4027 
f 466//4027 467//4027 2216//4027 
f 465//4027 464//4027 2219//4027 
f 352//4027 302//4027 293//4027 
o mesh9
f 4022//4028 2210//4028 2212//4028 
