# OBJ generated by ONSHAPE BY PTC INC, 1.213 Units = meters
mtllib wing5.mtl
g Part 6
v 1.0045 1.19522 -0.810874 
v 1.00434 1.1953 -0.810815 
v 1.00443 1.19524 -0.810938 
v 1.00691 1.20059 -0.81194 
v 1.00635 1.20097 -0.811203 
v 1.01539 1.22079 -0.81475 
v 1.01595 1.22041 -0.815487 
v 1.0242 1.24062 -0.818042 
v 1.02476 1.24025 -0.81878 
v 1.00292 1.19357 -0.809814 
v 0.183412 0.0699218 -0.206977 
v 0.184339 0.0692939 -0.207281 
v 0.181921 0.0671927 -0.205744 
v 0.201786 0.085871 -0.218653 
v 0.212395 0.0952042 -0.22542 
v 0.213319 0.0945822 -0.225724 
v 0.204045 0.0864164 -0.219808 
v 0.223695 0.105145 -0.232628 
v 0.171265 0.0580241 -0.198988 
v 0.170216 0.0585443 -0.198607 
v 0.179653 0.0666585 -0.204588 
v 0.240943 0.120522 -0.243669 
v 0.241864 0.119905 -0.243972 
v 0.225946 0.1057 -0.233779 
v 0.245377 0.124475 -0.246507 
v 0.247617 0.12504 -0.247656 
v 0.269025 0.145872 -0.261708 
v 0.269949 0.145252 -0.262013 
v 0.269054 0.144431 -0.261435 
v 0.288038 0.163289 -0.273972 
v 0.266826 0.143858 -0.26029 
v 0.296614 0.171255 -0.279526 
v 0.297535 0.170639 -0.27983 
v 0.290254 0.16387 -0.275114 
v 0.309009 0.182766 -0.287553 
v 0.323723 0.196624 -0.297119 
v 0.32464 0.196012 -0.297422 
v 0.311213 0.183354 -0.288689 
v 0.329736 0.202286 -0.301028 
v 0.352391 0.222446 -0.315524 
v 0.35034 0.221966 -0.314479 
v 0.370444 0.241442 -0.327658 
v 0.331926 0.202881 -0.30216 
v 0.372606 0.242049 -0.328779 
v 0.350215 0.221845 -0.314397 
v 0.351253 0.221358 -0.314781 
v 0.376419 0.247315 -0.331592 
v 0.377336 0.246702 -0.331894 
v 0.390419 0.261074 -0.340808 
v 0.499916 0.372641 -0.413679 
v 0.488481 0.360324 -0.405937 
v 0.492774 0.366534 -0.409159 
v 0.401991 0.272613 -0.348459 
v 0.402904 0.272005 -0.348761 
v 0.392567 0.261686 -0.341924 
v 0.410139 0.280738 -0.353847 
v 0.521929 0.398224 -0.428957 
v 0.522836 0.397621 -0.429256 
v 0.514797 0.388766 -0.423774 
v 0.528404 0.40534 -0.433369 
v 0.486412 0.35969 -0.404853 
v 0.42705 0.297853 -0.365078 
v 0.427959 0.297248 -0.365378 
v 0.412271 0.281355 -0.354956 
v 0.4296 0.300434 -0.366772 
v 0.531747 0.407438 -0.435334 
v 0.506871 0.380132 -0.418388 
v 0.504818 0.379493 -0.417311 
v 0.511413 0.386666 -0.421791 
v 0.499009 0.373244 -0.41338 
v 0.50203 0.374917 -0.415111 
v 0.431717 0.301056 -0.367875 
v 0.544325 0.423106 -0.444272 
v 0.545224 0.422512 -0.44457 
v 0.451571 0.323048 -0.381439 
v 0.452485 0.322437 -0.38174 
v 0.450902 0.320785 -0.380679 
v 0.467739 0.339911 -0.392276 
v 0.448801 0.320159 -0.379582 
v 0.548438 0.426107 -0.446772 
v 0.545135 0.424011 -0.444827 
v 0.561606 0.442679 -0.456164 
v 0.475552 0.348187 -0.397539 
v 0.476463 0.34758 -0.397839 
v 0.469824 0.340541 -0.393367 
v 0.564868 0.444773 -0.45809 
v 0.56616 0.447924 -0.459315 
v 0.567072 0.447318 -0.459616 
v 0.577815 0.461344 -0.467379 
v 0.587467 0.472638 -0.474093 
v 0.588373 0.47204 -0.474393 
v 0.581037 0.463435 -0.469286 
v 0.593763 0.480004 -0.478472 
v 0.608254 0.497238 -0.488607 
v 0.609153 0.496648 -0.488906 
v 0.596944 0.482093 -0.48036 
v 0.61259 0.500746 -0.491312 
v 0.60945 0.49866 -0.489444 
v 0.624874 0.51731 -0.500293 
v 0.628487 0.521754 -0.502849 
v 0.6294 0.521153 -0.503152 
v 0.627973 0.519393 -0.502141 
v 0.640035 0.535955 -0.511019 
v 0.648192 0.54616 -0.516824 
v 0.649099 0.545568 -0.517126 
v 0.643094 0.538035 -0.512848 
v 0.654934 0.554594 -0.521622 
v 0.672547 0.575302 -0.533894 
v 0.668283 0.569859 -0.530837 
v 0.669569 0.573227 -0.532103 
v 0.667382 0.570443 -0.530537 
v 0.657952 0.556672 -0.523433 
v 0.673338 0.578113 -0.534819 
v 0.678651 0.583234 -0.538297 
v 0.68394 0.591854 -0.54246 
v 0.686878 0.593926 -0.544232 
v 0.686036 0.594621 -0.54398 
v 0.686953 0.594025 -0.544286 
v 0.698048 0.610475 -0.552694 
v 0.802162 0.760527 -0.630733 
v 0.803073 0.759956 -0.631041 
v 0.796599 0.74981 -0.626026 
v 0.704158 0.618692 -0.557156 
v 0.705069 0.618104 -0.557461 
v 0.700946 0.612543 -0.554446 
v 0.711891 0.62909 -0.562804 
v 0.794087 0.74791 -0.624486 
v 0.804992 0.764949 -0.632923 
v 0.791999 0.742705 -0.622483 
v 0.792519 0.745495 -0.623279 
v 0.721773 0.642633 -0.570072 
v 0.722679 0.642052 -0.570376 
v 0.714749 0.631155 -0.564537 
v 0.72547 0.647699 -0.572791 
v 0.807465 0.76684 -0.634444 
v 0.78938 0.740661 -0.620865 
v 0.787095 0.737194 -0.619118 
v 0.788002 0.736624 -0.619424 
v 0.779789 0.724126 -0.613136 
v 0.741561 0.66836 -0.584349 
v 0.738883 0.666444 -0.582728 
v 0.751831 0.684899 -0.592393 
v 0.728287 0.64976 -0.574505 
v 0.81809 0.78384 -0.642743 
v 0.816741 0.783727 -0.642096 
v 0.826077 0.798938 -0.649444 
v 0.796288 0.74933 -0.625787 
v 0.754569 0.686954 -0.594068 
v 0.738783 0.666302 -0.582654 
v 0.739784 0.66587 -0.583031 
v 0.828474 0.800809 -0.650925 
v 0.815655 0.781958 -0.641242 
v 0.817661 0.783153 -0.642408 
v 0.77713 0.722078 -0.611498 
v 0.755449 0.690161 -0.595114 
v 0.756367 0.689575 -0.595422 
v 0.764614 0.703491 -0.602007 
v 0.830809 0.806816 -0.653201 
v 0.831729 0.806246 -0.653514 
v 0.836257 0.815888 -0.657528 
v 0.771518 0.713745 -0.607243 
v 0.772431 0.713166 -0.60755 
v 0.767312 0.705542 -0.603664 
v 0.838616 0.81775 -0.65899 
v 0.844408 0.829765 -0.664061 
v 0.845323 0.829204 -0.664373 
v 0.846197 0.832809 -0.665495 
v 0.848519 0.834661 -0.666938 
v 0.857518 0.852593 -0.674671 
v 0.858449 0.852024 -0.674988 
v 0.858181 0.851544 -0.674769 
v 0.865355 0.866565 -0.681078 
v 0.855896 0.849701 -0.673345 
v 0.882306 0.897871 -0.695152 
v 0.883227 0.89732 -0.695469 
v 0.878134 0.887754 -0.691208 
v 0.87014 0.875301 -0.685031 
v 0.871066 0.874741 -0.685348 
v 0.867603 0.868398 -0.682483 
v 0.874575 0.883401 -0.688695 
v 0.876787 0.885223 -0.690081 
v 0.875248 0.88466 -0.689257 
v 0.885731 0.902022 -0.697563 
v 0.883555 0.900209 -0.696195 
v 0.892297 0.91699 -0.70358 
v 0.893989 0.920325 -0.705027 
v 0.894928 0.919766 -0.70535 
v 0.894436 0.918793 -0.704929 
v 0.9008 0.933744 -0.710849 
v 0.905203 0.942657 -0.71466 
v 0.906137 0.942107 -0.714983 
v 0.902903 0.935538 -0.712179 
v 0.909064 0.950473 -0.718002 
v 0.915974 0.964854 -0.724062 
v 0.916903 0.964312 -0.724384 
v 0.911132 0.952256 -0.719314 
v 0.91709 0.967176 -0.72504 
v 0.919123 0.96895 -0.726334 
v 0.933479 1.0029 -0.739734 
v 0.936117 1.0089 -0.742149 
v 0.935822 1.00553 -0.741342 
v 0.937061 1.00836 -0.742478 
v 0.939739 1.01714 -0.745465 
v 0.926274 0.986937 -0.733223 
v 0.927223 0.986388 -0.733553 
v 0.926876 0.985619 -0.733239 
v 0.932427 1.00051 -0.738771 
v 0.924877 0.983855 -0.731963 
v 0.934391 1.00226 -0.740029 
v 0.941668 1.01889 -0.746705 
v 0.945528 1.03074 -0.75085 
v 0.946468 1.0302 -0.751179 
v 0.946812 1.03375 -0.752043 
v 0.955509 1.05206 -0.759712 
v 0.95449 1.05246 -0.759319 
v 0.960244 1.06691 -0.764858 
v 0.948707 1.03549 -0.753266 
v 0.962072 1.06862 -0.766045 
v 0.953647 1.05034 -0.758508 
v 0.955449 1.05192 -0.759656 
v 1.00032 1.18061 -0.806032 
v 0.962996 1.07407 -0.767556 
v 0.963953 1.07354 -0.767893 
v 0.966603 1.08346 -0.771094 
v 0.999125 1.1804 -0.805436 
v 0.992744 1.15936 -0.798295 
v 0.993713 1.15884 -0.798642 
v 0.99131 1.15115 -0.795998 
v 0.994286 1.16427 -0.799986 
v 0.971082 1.09556 -0.775574 
v 0.972035 1.09503 -0.775911 
v 0.968398 1.08516 -0.772263 
v 0.972723 1.09999 -0.777215 
v 0.998711 1.17896 -0.804958 
v 1.0001 1.17989 -0.805788 
v 0.995924 1.16592 -0.801073 
v 0.980332 1.11819 -0.784358 
v 0.978747 1.11692 -0.783374 
v 0.984244 1.133 -0.789117 
v 0.974485 1.10168 -0.778368 
v 0.974429 1.10478 -0.778959 
v 0.978603 1.1165 -0.783223 
v 0.979702 1.11641 -0.783713 
v 0.976401 1.10709 -0.780331 
v 0.989645 1.14949 -0.794897 
v 0.985948 1.1382 -0.79094 
v 0.986921 1.13768 -0.791286 
v 0.985941 1.13467 -0.790235 
v 0.203807 0.0521421 -0.14646 
v 0.202868 0.0526276 -0.145996 
v 0.200209 0.0529167 -0.151488 
v 0.206354 0.051916 -0.14088 
v 0.205403 0.0524026 -0.140442 
v 0.189241 0.0542333 -0.173366 
v 0.188371 0.0547091 -0.172776 
v 0.185119 0.0553149 -0.177911 
v 0.192393 0.0536878 -0.168128 
v 0.191507 0.0541661 -0.167562 
v 0.195427 0.0532055 -0.162815 
v 0.194527 0.0536861 -0.162274 
v 0.198342 0.052787 -0.157431 
v 0.197429 0.0532696 -0.156915 
v 0.201136 0.0524325 -0.151978 
v 0.208774 0.0517544 -0.135243 
v 0.207812 0.0522418 -0.134831 
v 0.211067 0.0516574 -0.129551 
v 0.210094 0.0521453 -0.129166 
v 0.179102 0.0562468 -0.188598 
v 0.178279 0.0567131 -0.187936 
v 0.174695 0.0575048 -0.192819 
v 0.182594 0.0555133 -0.183604 
v 0.181754 0.055983 -0.182966 
v 0.185974 0.054842 -0.178526 
v 0.213231 0.0516251 -0.123808 
v 0.212248 0.0521131 -0.12345 
v 0.215265 0.0516574 -0.118018 
v 0.214272 0.0521453 -0.117687 
v 0.217167 0.0517544 -0.112183 
v 0.216166 0.0522418 -0.11188 
v 0.222073 0.0524325 -0.094454 
v 0.221048 0.0529167 -0.0942337 
v 0.219555 0.0526276 -0.10015 
v 0.223438 0.052787 -0.0884809 
v 0.222407 0.0532696 -0.0882887 
v 0.218937 0.051916 -0.106309 
v 0.217927 0.0524026 -0.106033 
v 0.220572 0.0521421 -0.100398 
v 0.224666 0.0532055 -0.0824823 
v 0.223629 0.0536861 -0.0823183 
v 0.225757 0.0536878 -0.076462 
v 0.224715 0.0541661 -0.0763262 
v 0.226709 0.0542333 -0.0704237 
v 0.225663 0.0547091 -0.0703162 
v 0.227523 0.054842 -0.0643712 
v 0.226473 0.0553149 -0.0642921 
v 0.228198 0.0555133 -0.0583082 
v 0.227145 0.055983 -0.0582575 
v 0.228733 0.0562468 -0.0522384 
v 0.227677 0.0567131 -0.0522162 
v 0.229128 0.0570422 -0.0461657 
v 0.22807 0.0575048 -0.046172 
v 0.171005 0.0583574 -0.197612 
v 0.175502 0.0570422 -0.193504 
v 0.229383 0.0578989 -0.0400939 
v 0.228324 0.0583574 -0.0401287 
v 0.229408 0.0580241 -0.0392407 
v 0.171794 0.0578989 -0.198319 
v 0.22836 0.0585443 -0.0388592 
v 1.03756 1.23675 -0.805551 
v 1.05066 1.23306 -0.792724 
v 1.076 1.2262 -0.766093 
v 1.06348 1.22954 -0.779569 
v 1.08823 1.22304 -0.752305 
v 1.10016 1.22006 -0.738214 
v 1.11177 1.21727 -0.723829 
v 1.13404 1.21223 -0.69421 
v 1.12307 1.21466 -0.709157 
v 1.14468 1.21 -0.678995 
v 1.15498 1.20795 -0.663522 
v 1.16493 1.2061 -0.647801 
v 1.18378 1.20297 -0.615654 
v 1.17454 1.20444 -0.631842 
v 1.20118 1.20061 -0.582633 
v 1.19266 1.20169 -0.599248 
v 1.21707 1.19904 -0.548821 
v 1.20931 1.19973 -0.565821 
v 1.22445 1.19855 -0.531645 
v 1.23803 1.19815 -0.496804 
v 1.23143 1.19825 -0.514302 
v 1.24423 1.19825 -0.479161 
v 1.25002 1.19855 -0.461385 
v 1.2604 1.19973 -0.425476 
v 1.25541 1.19904 -0.443486 
v 1.26913 1.20169 -0.389167 
v 1.26497 1.20061 -0.407366 
v 1.27287 1.20297 -0.37089 
v 1.27619 1.20444 -0.352547 
v 1.27909 1.2061 -0.334149 
v 1.28157 1.20795 -0.315708 
v 1.28526 1.21223 -0.278741 
v 1.28363 1.21 -0.297234 
v 1.28646 1.21466 -0.260238 
v 1.28759 1.22006 -0.223252 
v 1.28724 1.21727 -0.241738 
v 1.28751 1.22304 -0.204791 
v 1.28607 1.22954 -0.167993 
v 1.28701 1.2262 -0.186368 
v 1.28471 1.23306 -0.149678 
v 1.28292 1.23675 -0.131434 
v 1.27185 1.22079 -0.110133 
v 0.239433 0.0666585 -0.0403427 
v 0.243848 0.0699218 -0.0409291 
v 0.265429 0.085871 -0.043795 
v 0.291195 0.105145 -0.0471736 
v 0.277906 0.0952042 -0.0454311 
v 0.316726 0.124475 -0.0504777 
v 0.311505 0.120522 -0.049802 
v 0.342016 0.143858 -0.0537068 
v 0.344613 0.145872 -0.0540337 
v 0.36706 0.163289 -0.05686 
v 0.3772 0.171255 -0.0581184 
v 0.391854 0.182766 -0.0599369 
v 0.416394 0.202286 -0.0629369 
v 0.409275 0.196624 -0.0620667 
v 0.440675 0.221845 -0.0658595 
v 0.440823 0.221966 -0.065877 
v 0.464695 0.241442 -0.0687042 
v 0.471801 0.247315 -0.0695316 
v 0.48845 0.261074 -0.0714705 
v 0.511937 0.280738 -0.074158 
v 0.502233 0.272613 -0.0730476 
v 0.535154 0.300434 -0.0767663 
v 0.532111 0.297853 -0.0764245 
v 0.558097 0.320159 -0.079295 
v 0.561412 0.323048 -0.0796532 
v 0.580763 0.339911 -0.0817438 
v 0.603152 0.35969 -0.0841121 
v 0.610793 0.366534 -0.0849028 
v 0.590131 0.348187 -0.0827348 
v 0.62526 0.379493 -0.0863998 
v 0.633191 0.386666 -0.0872077 
v 0.618283 0.373244 -0.0856778 
v 0.65365 0.40534 -0.0892596 
v 0.645854 0.398224 -0.0884777 
v 0.673832 0.424011 -0.0912369 
v 0.693736 0.442679 -0.0931395 
v 0.672854 0.423106 -0.0911411 
v 0.69925 0.447924 -0.0936531 
v 0.713362 0.461344 -0.0949674 
v 0.73271 0.480004 -0.0967207 
v 0.725072 0.472638 -0.0960285 
v 0.751778 0.49866 -0.0983991 
v 0.770567 0.51731 -0.100003 
v 0.750325 0.497238 -0.0982712 
v 0.774979 0.521754 -0.100367 
v 0.789076 0.535955 -0.101532 
v 0.807305 0.554594 -0.102985 
v 0.799057 0.54616 -0.102328 
v 0.829886 0.578113 -0.104706 
v 0.825253 0.573227 -0.104364 
v 0.822571 0.570443 -0.104158 
v 0.84292 0.591854 -0.105668 
v 0.845503 0.594621 -0.10585 
v 0.860305 0.610475 -0.106896 
v 0.867854 0.618692 -0.107406 
v 0.877408 0.62909 -0.10805 
v 0.894229 0.647699 -0.109128 
v 0.88965 0.642633 -0.108834 
v 0.910768 0.666302 -0.11013 
v 0.910892 0.666444 -0.110137 
v 0.927023 0.684899 -0.111057 
v 0.931544 0.690161 -0.111298 
v 0.942995 0.703491 -0.111908 
v 0.958684 0.722078 -0.112683 
v 0.95165 0.713745 -0.112335 
v 0.978045 0.745495 -0.113549 
v 0.974089 0.740661 -0.113381 
v 0.971215 0.737194 -0.113251 
v 0.980022 0.74791 -0.113633 
v 0.993799 0.764949 -0.11418 
v 0.990223 0.760527 -0.114038 
v 1.00731 0.781958 -0.114661 
v 1.0087 0.783727 -0.114704 
v 1.02057 0.798938 -0.115077 
v 1.02661 0.806816 -0.11524 
v 1.03357 0.815888 -0.115428 
v 1.0463 0.832809 -0.115714 
v 1.04401 0.829765 -0.115663 
v 1.05878 0.849701 -0.115935 
v 1.06087 0.852593 -0.115962 
v 1.07099 0.866565 -0.116092 
v 1.08383 0.88466 -0.116185 
v 1.08295 0.883401 -0.116183 
v 1.0772 0.875301 -0.116139 
v 1.09465 0.900209 -0.11621 
v 1.09303 0.897871 -0.116206 
v 1.1061 0.91699 -0.116172 
v 1.10832 0.920325 -0.116151 
v 1.11728 0.933744 -0.116069 
v 1.12821 0.950473 -0.115901 
v 1.1231 0.942657 -0.11598 
v 1.13888 0.967176 -0.115669 
v 1.1374 0.964854 -0.115701 
v 1.1493 0.983855 -0.115371 
v 1.15946 1.00051 -0.115009 
v 1.16088 1.0029 -0.114947 
v 1.15118 0.986937 -0.115304 
v 1.16446 1.0089 -0.114793 
v 1.16936 1.01714 -0.114581 
v 1.17901 1.03375 -0.114088 
v 1.17726 1.03074 -0.114178 
v 1.1884 1.05034 -0.11353 
v 1.18957 1.05246 -0.11345 
v 1.19754 1.06691 -0.112906 
v 1.20138 1.07407 -0.112608 
v 1.20641 1.08346 -0.112216 
v 1.21504 1.09999 -0.11146 
v 1.21747 1.10478 -0.111222 
v 1.21273 1.09556 -0.111663 
v 1.2234 1.1165 -0.110638 
v 1.22361 1.11692 -0.110616 
v 1.23151 1.133 -0.109749 
v 1.23399 1.1382 -0.109448 
v 1.23937 1.14949 -0.108793 
v 1.24619 1.16427 -0.107878 
v 1.24392 1.15936 -0.108182 
v 1.25278 1.17896 -0.106913 
v 1.2534 1.1804 -0.106814 
v 1.25912 1.19357 -0.1059 
v 1.26265 1.20097 -0.107042 
v 1.28071 1.24062 -0.113272 
v 1.02875 1.21692 -0.802262 
v 1.04185 1.21323 -0.789438 
v 1.05466 1.20971 -0.776285 
v 1.06718 1.20637 -0.762812 
v 1.07941 1.20321 -0.749027 
v 1.09134 1.20024 -0.734939 
v 1.10295 1.19744 -0.720557 
v 1.11424 1.19483 -0.705889 
v 1.12521 1.19241 -0.690944 
v 1.13585 1.19017 -0.675733 
v 1.14614 1.18813 -0.660263 
v 1.1561 1.18628 -0.644546 
v 1.1657 1.18461 -0.62859 
v 1.17494 1.18315 -0.612405 
v 1.18382 1.18187 -0.596003 
v 1.19233 1.18079 -0.579392 
v 1.20047 1.17991 -0.562583 
v 1.20822 1.17922 -0.545587 
v 1.2156 1.17872 -0.528414 
v 1.22258 1.17843 -0.511075 
v 1.22917 1.17833 -0.493581 
v 1.23537 1.17843 -0.475942 
v 1.24116 1.17872 -0.45817 
v 1.24655 1.17922 -0.440275 
v 1.25154 1.17991 -0.422269 
v 1.25611 1.18079 -0.404163 
v 1.26027 1.18187 -0.385967 
v 1.26401 1.18315 -0.367695 
v 1.26733 1.18461 -0.349355 
v 1.27023 1.18628 -0.330962 
v 1.27271 1.18813 -0.312524 
v 1.27477 1.19017 -0.294055 
v 1.2764 1.19241 -0.275565 
v 1.2776 1.19483 -0.257067 
v 1.27838 1.19744 -0.238571 
v 1.27873 1.20024 -0.220089 
v 1.27865 1.20321 -0.201632 
v 1.27814 1.20637 -0.183212 
v 1.27721 1.20971 -0.164841 
v 1.27585 1.21323 -0.14653 
v 1.27406 1.21692 -0.12829 
v 1.01971 1.19711 -0.798724 
v 1.0328 1.19342 -0.785908 
v 1.0456 1.18991 -0.772764 
v 1.05812 1.18657 -0.759299 
v 1.07034 1.18341 -0.745524 
v 1.08225 1.18044 -0.731445 
v 1.09386 1.17764 -0.717072 
v 1.10514 1.17503 -0.702413 
v 1.1161 1.17261 -0.687478 
v 1.12673 1.17038 -0.672276 
v 1.13702 1.16834 -0.656817 
v 1.14697 1.16648 -0.641109 
v 1.15656 1.16482 -0.625164 
v 1.1658 1.16335 -0.60899 
v 1.17468 1.16208 -0.592598 
v 1.18318 1.161 -0.575998 
v 1.19131 1.16012 -0.5592 
v 1.19906 1.15943 -0.542215 
v 1.20643 1.15894 -0.525053 
v 1.21341 1.15864 -0.507725 
v 1.22 1.15854 -0.490242 
v 1.22619 1.15864 -0.472615 
v 1.23198 1.15894 -0.454854 
v 1.23737 1.15943 -0.436971 
v 1.24235 1.16012 -0.418976 
v 1.24692 1.161 -0.400882 
v 1.25107 1.16208 -0.382698 
v 1.25481 1.16335 -0.364437 
v 1.25813 1.16482 -0.34611 
v 1.26103 1.16648 -0.327728 
v 1.26351 1.16834 -0.309303 
v 1.26556 1.17038 -0.290845 
v 1.26719 1.17261 -0.272368 
v 1.2684 1.17503 -0.253881 
v 1.26917 1.17764 -0.235397 
v 1.26952 1.18044 -0.216927 
v 1.26944 1.18341 -0.198482 
v 1.26894 1.18657 -0.180074 
v 1.268 1.18991 -0.161715 
v 1.26664 1.19342 -0.143416 
v 1.26486 1.19711 -0.125188 
v 1.01036 1.17716 -0.794908 
v 1.02343 1.17347 -0.782106 
v 1.03622 1.16996 -0.768976 
v 1.04872 1.16663 -0.755527 
v 1.06093 1.16347 -0.741766 
v 1.07283 1.1605 -0.727702 
v 1.08443 1.15771 -0.713344 
v 1.0957 1.15511 -0.698702 
v 1.10665 1.15269 -0.683783 
v 1.11727 1.15046 -0.668597 
v 1.12755 1.14841 -0.653155 
v 1.13748 1.14656 -0.637464 
v 1.14707 1.1449 -0.621536 
v 1.15629 1.14344 -0.60538 
v 1.16516 1.14217 -0.589005 
v 1.17365 1.14109 -0.572423 
v 1.18178 1.1402 -0.555644 
v 1.18952 1.13952 -0.538677 
v 1.19688 1.13903 -0.521534 
v 1.20385 1.13873 -0.504225 
v 1.21044 1.13863 -0.486761 
v 1.21662 1.13873 -0.469152 
v 1.2224 1.13903 -0.451411 
v 1.22779 1.13952 -0.433547 
v 1.23276 1.1402 -0.415572 
v 1.23732 1.14109 -0.397497 
v 1.24147 1.14217 -0.379333 
v 1.24521 1.14344 -0.361092 
v 1.24852 1.1449 -0.342784 
v 1.25142 1.14656 -0.324422 
v 1.2539 1.14841 -0.306017 
v 1.25595 1.15046 -0.287579 
v 1.25758 1.15269 -0.269122 
v 1.25878 1.15511 -0.250655 
v 1.25955 1.15771 -0.232191 
v 1.2599 1.1605 -0.213741 
v 1.25982 1.16347 -0.195316 
v 1.25932 1.16663 -0.176928 
v 1.25839 1.16996 -0.158589 
v 1.25703 1.17347 -0.140309 
v 1.0007 1.15706 -0.790811 
v 1.01375 1.15338 -0.778029 
v 1.02652 1.14988 -0.764919 
v 1.03901 1.14655 -0.75149 
v 1.0512 1.1434 -0.73775 
v 1.06308 1.14043 -0.723708 
v 1.07466 1.13764 -0.709372 
v 1.08591 1.13504 -0.694752 
v 1.09685 1.13263 -0.679856 
v 1.10745 1.1304 -0.664694 
v 1.11771 1.12836 -0.649274 
v 1.12763 1.12652 -0.633608 
v 1.1372 1.12486 -0.617704 
v 1.14641 1.12339 -0.601572 
v 1.15526 1.12212 -0.585223 
v 1.16375 1.12105 -0.568666 
v 1.17186 1.12017 -0.551912 
v 1.17959 1.11948 -0.534971 
v 1.18694 1.11899 -0.517854 
v 1.1939 1.11869 -0.500572 
v 1.20047 1.1186 -0.483134 
v 1.20665 1.11869 -0.465553 
v 1.21242 1.11899 -0.447838 
v 1.2178 1.11948 -0.430002 
v 1.22276 1.12017 -0.412054 
v 1.22732 1.12105 -0.394006 
v 1.23146 1.12212 -0.37587 
v 1.23519 1.12339 -0.357657 
v 1.2385 1.12486 -0.339377 
v 1.2414 1.12652 -0.321043 
v 1.24387 1.12836 -0.302666 
v 1.24592 1.1304 -0.284257 
v 1.24754 1.13263 -0.265827 
v 1.24874 1.13504 -0.247389 
v 1.24951 1.13764 -0.228953 
v 1.24986 1.14043 -0.210531 
v 1.24978 1.1434 -0.192134 
v 1.24928 1.14655 -0.173775 
v 1.24835 1.14988 -0.155463 
v 1.25524 1.17716 -0.122101 
v 1.24699 1.15338 -0.137212 
v 0.990731 1.13682 -0.78643 
v 1.00376 1.13315 -0.773673 
v 1.0165 1.12965 -0.760589 
v 1.02896 1.12633 -0.747186 
v 1.04112 1.12319 -0.733474 
v 1.05299 1.12022 -0.719459 
v 1.06454 1.11744 -0.705152 
v 1.07577 1.11485 -0.69056 
v 1.08668 1.11244 -0.675694 
v 1.09726 1.11022 -0.660562 
v 1.10751 1.10818 -0.645173 
v 1.11741 1.10634 -0.629537 
v 1.12696 1.10468 -0.613665 
v 1.13615 1.10322 -0.597565 
v 1.14499 1.10195 -0.581248 
v 1.15345 1.10088 -0.564724 
v 1.16155 1.1 -0.548003 
v 1.16926 1.09931 -0.531096 
v 1.1766 1.09883 -0.514013 
v 1.18355 1.09853 -0.496764 
v 1.19011 1.09843 -0.479361 
v 1.19627 1.09853 -0.461814 
v 1.20203 1.09883 -0.444135 
v 1.20739 1.09931 -0.426333 
v 1.21235 1.1 -0.408421 
v 1.2169 1.10088 -0.390409 
v 1.22103 1.10195 -0.372309 
v 1.22476 1.10322 -0.354132 
v 1.22806 1.10468 -0.335888 
v 1.23095 1.10634 -0.317591 
v 1.23341 1.10818 -0.29925 
v 1.23546 1.11022 -0.280877 
v 1.23708 1.11244 -0.262484 
v 1.23828 1.11485 -0.244082 
v 1.23905 1.11744 -0.225682 
v 1.2394 1.12022 -0.207296 
v 1.23932 1.12319 -0.188936 
v 1.23882 1.12633 -0.170613 
v 1.23789 1.12965 -0.152338 
v 1.24521 1.15706 -0.119031 
v 1.23653 1.13315 -0.134122 
v 0.980442 1.11644 -0.78176 
v 0.993435 1.11278 -0.769034 
v 1.00615 1.10929 -0.755982 
v 1.01858 1.10597 -0.742612 
v 1.03071 1.10284 -0.728933 
v 1.04254 1.09988 -0.714953 
v 1.05407 1.09711 -0.70068 
v 1.06528 1.09452 -0.686124 
v 1.07616 1.09211 -0.671294 
v 1.08672 1.0899 -0.656198 
v 1.09693 1.08787 -0.640847 
v 1.10681 1.08603 -0.62525 
v 1.11634 1.08438 -0.609416 
v 1.12551 1.08292 -0.593355 
v 1.13432 1.08166 -0.577078 
v 1.14277 1.08058 -0.560594 
v 1.15084 1.07971 -0.543914 
v 1.15854 1.07902 -0.527048 
v 1.16586 1.07853 -0.510006 
v 1.17279 1.07824 -0.4928 
v 1.17933 1.07814 -0.475439 
v 1.18548 1.07824 -0.457935 
v 1.19123 1.07853 -0.440299 
v 1.19658 1.07902 -0.422541 
v 1.20152 1.07971 -0.404672 
v 1.20606 1.08058 -0.386704 
v 1.21018 1.08166 -0.368648 
v 1.2139 1.08292 -0.350515 
v 1.21719 1.08438 -0.332316 
v 1.22007 1.08603 -0.314063 
v 1.22253 1.08787 -0.295767 
v 1.22457 1.0899 -0.277439 
v 1.22619 1.09211 -0.25909 
v 1.22739 1.09452 -0.240733 
v 1.22816 1.09711 -0.222378 
v 1.2285 1.09988 -0.204037 
v 1.22842 1.10284 -0.185722 
v 1.22792 1.10597 -0.167443 
v 1.227 1.10929 -0.149213 
v 1.23476 1.13682 -0.115977 
v 1.22565 1.11278 -0.131041 
v 0.982786 1.09226 -0.764109 
v 0.995464 1.08878 -0.751095 
v 1.00786 1.08547 -0.737764 
v 1.01996 1.08235 -0.724124 
v 1.03175 1.0794 -0.710184 
v 1.04324 1.07663 -0.695953 
v 1.05442 1.07405 -0.68144 
v 1.06527 1.07165 -0.666652 
v 1.0758 1.06944 -0.651601 
v 1.08599 1.06742 -0.636294 
v 1.09583 1.06558 -0.620742 
v 1.10533 1.06394 -0.604954 
v 1.11448 1.06249 -0.58894 
v 1.12326 1.06123 -0.57271 
v 1.13168 1.06016 -0.556274 
v 1.13974 1.05928 -0.539643 
v 1.14741 1.0586 -0.522826 
v 1.15471 1.05811 -0.505834 
v 1.16162 1.05782 -0.488677 
v 1.16814 1.05772 -0.471367 
v 1.17427 1.05782 -0.453914 
v 1.18001 1.05811 -0.436329 
v 1.18534 1.0586 -0.418622 
v 1.19027 1.05928 -0.400805 
v 1.19479 1.06016 -0.38289 
v 1.19891 1.06123 -0.364886 
v 1.20261 1.06249 -0.346806 
v 1.20589 1.06394 -0.32866 
v 1.20877 1.06558 -0.310459 
v 1.21122 1.06742 -0.292216 
v 1.21325 1.06944 -0.273941 
v 1.21487 1.07165 -0.255646 
v 1.21606 1.07405 -0.237342 
v 1.21683 1.07663 -0.219041 
v 1.21717 1.0794 -0.200753 
v 1.21709 1.08235 -0.182491 
v 1.21659 1.08547 -0.164266 
v 1.21567 1.08878 -0.146088 
v 0.971806 1.07159 -0.758893 
v 0.98444 1.06812 -0.745923 
v 0.996791 1.06483 -0.732637 
v 1.00885 1.06171 -0.719044 
v 1.02061 1.05878 -0.705151 
v 1.03206 1.05602 -0.690968 
v 1.0432 1.05345 -0.676504 
v 1.05401 1.05106 -0.661767 
v 1.0645 1.04885 -0.646766 
v 1.07466 1.04684 -0.631511 
v 1.08447 1.04501 -0.616012 
v 1.09394 1.04337 -0.600277 
v 1.10305 1.04192 -0.584318 
v 1.11181 1.04066 -0.568142 
v 1.1202 1.0396 -0.551762 
v 1.12822 1.03873 -0.535187 
v 1.13587 1.03805 -0.518427 
v 1.14314 1.03756 -0.501492 
v 1.15003 1.03727 -0.484394 
v 1.15653 1.03717 -0.467142 
v 1.16264 1.03727 -0.449748 
v 1.16836 1.03756 -0.432222 
v 1.17367 1.03805 -0.414576 
v 1.17859 1.03873 -0.396819 
v 1.18309 1.0396 -0.378964 
v 1.18719 1.04066 -0.361021 
v 1.19088 1.04192 -0.343002 
v 1.19416 1.04337 -0.324918 
v 1.19702 1.04501 -0.306779 
v 1.19947 1.04684 -0.288597 
v 1.20149 1.04885 -0.270385 
v 1.2031 1.05106 -0.252151 
v 1.20429 1.05345 -0.233909 
v 1.20505 1.05602 -0.21567 
v 1.2054 1.05878 -0.197444 
v 1.20532 1.06171 -0.179244 
v 1.20482 1.06483 -0.16108 
v 1.21432 1.09226 -0.127969 
v 1.2039 1.06812 -0.142964 
v 0.960489 1.05077 -0.753383 
v 0.973075 1.04732 -0.740464 
v 0.985377 1.04404 -0.727229 
v 0.997388 1.04094 -0.713688 
v 1.0091 1.03801 -0.69985 
v 1.02051 1.03527 -0.685722 
v 1.0316 1.0327 -0.671313 
v 1.04238 1.03032 -0.656633 
v 1.05283 1.02813 -0.641691 
v 1.06294 1.02612 -0.626495 
v 1.07272 1.0243 -0.611055 
v 1.08215 1.02266 -0.595382 
v 1.09123 1.02122 -0.579484 
v 1.09995 1.01997 -0.563372 
v 1.10831 1.01891 -0.547055 
v 1.1163 1.01804 -0.530544 
v 1.12392 1.01736 -0.513848 
v 1.13116 1.01688 -0.496979 
v 1.13803 1.01659 -0.479947 
v 1.1445 1.01649 -0.462763 
v 1.15059 1.01659 -0.445436 
v 1.15628 1.01688 -0.427978 
v 1.16157 1.01736 -0.4104 
v 1.16647 1.01804 -0.392712 
v 1.17096 1.01891 -0.374926 
v 1.17504 1.01997 -0.357053 
v 1.17872 1.02122 -0.339104 
v 1.18198 1.02266 -0.321089 
v 1.18483 1.0243 -0.303021 
v 1.18727 1.02612 -0.28491 
v 1.18929 1.02813 -0.266767 
v 1.19089 1.03032 -0.248605 
v 1.19207 1.0327 -0.230434 
v 1.19283 1.03527 -0.212265 
v 1.19318 1.03801 -0.19411 
v 1.1931 1.04094 -0.17598 
v 1.1926 1.04404 -0.157886 
v 1.20256 1.07159 -0.124907 
v 1.19168 1.04732 -0.13984 
v 0.948831 1.02981 -0.747575 
v 0.961362 1.02637 -0.734712 
v 0.973611 1.02311 -0.721536 
v 0.98557 1.02002 -0.708054 
v 0.997231 1.0171 -0.694276 
v 1.00859 1.01437 -0.68021 
v 1.01963 1.01182 -0.665864 
v 1.03036 1.00945 -0.651249 
v 1.04076 1.00726 -0.636371 
v 1.05083 1.00526 -0.621242 
v 1.06057 1.00345 -0.60587 
v 1.06996 1.00182 -0.590265 
v 1.079 1.00039 -0.574437 
v 1.08768 0.99914 -0.558395 
v 1.096 0.998084 -0.54215 
v 1.10396 0.997219 -0.525711 
v 1.11155 0.996545 -0.509089 
v 1.11876 0.996064 -0.492294 
v 1.12559 0.995775 -0.475336 
v 1.13204 0.995679 -0.458226 
v 1.1381 0.995775 -0.440976 
v 1.14376 0.996064 -0.423594 
v 1.14904 0.996545 -0.406093 
v 1.15391 0.997219 -0.388483 
v 1.15838 0.998084 -0.370775 
v 1.16245 0.99914 -0.35298 
v 1.1661 1.00039 -0.335109 
v 1.16935 1.00182 -0.317173 
v 1.17219 1.00345 -0.299184 
v 1.17462 1.00526 -0.281152 
v 1.17663 1.00726 -0.263089 
v 1.17822 1.00945 -0.245006 
v 1.1794 1.01182 -0.226914 
v 1.18016 1.01437 -0.208825 
v 1.1805 1.0171 -0.19075 
v 1.18042 1.02002 -0.172699 
v 1.17993 1.02311 -0.154685 
v 1.19035 1.05077 -0.121853 
v 1.17901 1.02637 -0.136718 
v 0.936829 1.0087 -0.741465 
v 0.949299 1.00527 -0.728665 
v 0.961487 1.00202 -0.715553 
v 0.973388 0.998949 -0.702137 
v 0.984992 0.996051 -0.688426 
v 0.996294 0.993331 -0.674429 
v 1.00729 0.990791 -0.660154 
v 1.01796 0.988434 -0.64561 
v 1.02831 0.986259 -0.630805 
v 1.03833 0.984269 -0.61575 
v 1.04802 0.982464 -0.600453 
v 1.05736 0.980847 -0.584925 
v 1.06636 0.979417 -0.569174 
v 1.075 0.978176 -0.553211 
v 1.08328 0.977125 -0.537045 
v 1.0912 0.976264 -0.520686 
v 1.09875 0.975594 -0.504145 
v 1.10593 0.975115 -0.487432 
v 1.11272 0.974828 -0.470558 
v 1.11914 0.974732 -0.453532 
v 1.12517 0.974828 -0.436365 
v 1.13081 0.975115 -0.419069 
v 1.13605 0.975594 -0.401653 
v 1.1409 0.976264 -0.384129 
v 1.14535 0.977125 -0.366508 
v 1.1494 0.978176 -0.3488 
v 1.15304 0.979417 -0.331016 
v 1.15627 0.980847 -0.313168 
v 1.1591 0.982464 -0.295267 
v 1.16151 0.984269 -0.277324 
v 1.16351 0.986259 -0.259349 
v 1.1651 0.988434 -0.241355 
v 1.16627 0.990791 -0.223351 
v 1.16702 0.993331 -0.205351 
v 1.16736 0.996051 -0.187363 
v 1.16729 0.998949 -0.169401 
v 1.16679 1.00202 -0.151475 
v 1.17768 1.02981 -0.118809 
v 1.16589 1.00527 -0.133596 
v 0.936879 0.984027 -0.722318 
v 0.949002 0.980795 -0.709277 
v 0.960838 0.977737 -0.695934 
v 0.972379 0.974854 -0.682298 
v 0.98362 0.972149 -0.668376 
v 0.994552 0.969623 -0.654178 
v 1.00517 0.967278 -0.639713 
v 1.01546 0.965115 -0.624989 
v 1.02543 0.963136 -0.610015 
v 1.03506 0.961341 -0.594801 
v 1.04436 0.959732 -0.579357 
v 1.0533 0.958311 -0.563692 
v 1.0619 0.957077 -0.547815 
v 1.07014 0.956031 -0.531736 
v 1.07801 0.955175 -0.515467 
v 1.08552 0.954508 -0.499015 
v 1.09266 0.954032 -0.482393 
v 1.09942 0.953746 -0.46561 
v 1.1058 0.953651 -0.448676 
v 1.1118 0.953746 -0.431603 
v 1.11741 0.954032 -0.4144 
v 1.12262 0.954508 -0.397079 
v 1.12744 0.955175 -0.37965 
v 1.13187 0.956031 -0.362124 
v 1.13589 0.957077 -0.344512 
v 1.13952 0.958311 -0.326825 
v 1.14273 0.959732 -0.309074 
v 1.14554 0.961341 -0.29127 
v 1.14794 0.963136 -0.273424 
v 1.14993 0.965115 -0.255547 
v 1.15151 0.967278 -0.23765 
v 1.15267 0.969623 -0.219744 
v 1.15342 0.972149 -0.201841 
v 1.15376 0.974854 -0.183951 
v 1.15369 0.977737 -0.166086 
v 1.1532 0.980795 -0.148257 
v 0.9241 0.96263 -0.715667 
v 0.936151 0.959417 -0.702704 
v 0.947916 0.956377 -0.68944 
v 0.959389 0.953511 -0.675885 
v 0.970562 0.950823 -0.662047 
v 0.981429 0.948312 -0.647934 
v 0.991982 0.945981 -0.633555 
v 1.00222 0.943831 -0.618919 
v 1.01212 0.941863 -0.604034 
v 1.0217 0.940079 -0.588911 
v 1.03094 0.93848 -0.573559 
v 1.03983 0.937067 -0.557987 
v 1.04837 0.93584 -0.542205 
v 1.05656 0.934801 -0.526223 
v 1.06439 0.93395 -0.51005 
v 1.07185 0.933287 -0.493697 
v 1.07895 0.932813 -0.477174 
v 1.08567 0.932529 -0.460491 
v 1.09201 0.932434 -0.443658 
v 1.09797 0.932529 -0.426687 
v 1.10355 0.932813 -0.409587 
v 1.10874 0.933287 -0.392369 
v 1.11353 0.93395 -0.375044 
v 1.11793 0.934801 -0.357623 
v 1.12193 0.93584 -0.340116 
v 1.12553 0.937067 -0.322534 
v 1.12872 0.93848 -0.304889 
v 1.13152 0.940079 -0.287191 
v 1.1339 0.941863 -0.269451 
v 1.13588 0.943831 -0.251681 
v 1.13745 0.945981 -0.233891 
v 1.13861 0.948312 -0.216092 
v 1.13935 0.950823 -0.198296 
v 1.13969 0.953511 -0.180513 
v 1.13961 0.956377 -0.162754 
v 1.15229 0.984027 -0.130475 
v 1.13913 0.959417 -0.145032 
v 0.910957 0.941081 -0.708708 
v 0.922929 0.937889 -0.69583 
v 0.934617 0.934869 -0.682653 
v 0.946015 0.932022 -0.669187 
v 0.957115 0.929351 -0.655439 
v 0.967911 0.926856 -0.641417 
v 0.978396 0.92454 -0.627132 
v 0.988563 0.922404 -0.612592 
v 0.998406 0.92045 -0.597805 
v 1.00792 0.918677 -0.58278 
v 1.0171 0.917089 -0.567528 
v 1.02593 0.915685 -0.552058 
v 1.03442 0.914466 -0.536379 
v 1.04255 0.913434 -0.520501 
v 1.05033 0.912588 -0.504434 
v 1.05775 0.91193 -0.488187 
v 1.06479 0.911459 -0.471772 
v 1.07147 0.911177 -0.455198 
v 1.07777 0.911083 -0.438476 
v 1.0837 0.911177 -0.421615 
v 1.08923 0.911459 -0.404626 
v 1.09439 0.91193 -0.387521 
v 1.09915 0.912588 -0.370309 
v 1.10352 0.913434 -0.353002 
v 1.10749 0.914466 -0.335609 
v 1.11107 0.915685 -0.318142 
v 1.11424 0.917089 -0.300612 
v 1.11702 0.918677 -0.28303 
v 1.11939 0.92045 -0.265406 
v 1.12135 0.922404 -0.247751 
v 1.12291 0.92454 -0.230077 
v 1.12406 0.926856 -0.212395 
v 1.1248 0.929351 -0.194715 
v 1.12514 0.932022 -0.177048 
v 1.12506 0.934869 -0.159406 
v 1.13823 0.96263 -0.127356 
v 1.12458 0.937889 -0.141799 
v 0.897445 0.91938 -0.701438 
v 0.909331 0.916211 -0.688651 
v 0.920936 0.913212 -0.675568 
v 0.932253 0.910386 -0.662197 
v 0.943275 0.907733 -0.648547 
v 0.953994 0.905257 -0.634625 
v 0.964404 0.902957 -0.620442 
v 0.974499 0.900836 -0.606004 
v 0.984272 0.898896 -0.591322 
v 0.993717 0.897136 -0.576405 
v 1.00283 0.895558 -0.561261 
v 1.0116 0.894164 -0.545901 
v 1.02003 0.892954 -0.530333 
v 1.02811 0.891929 -0.514568 
v 1.03583 0.89109 -0.498615 
v 1.04319 0.890436 -0.482485 
v 1.05019 0.889969 -0.466186 
v 1.05682 0.889689 -0.44973 
v 1.06308 0.889595 -0.433126 
v 1.06896 0.889689 -0.416385 
v 1.07445 0.889969 -0.399517 
v 1.07957 0.890436 -0.382534 
v 1.0843 0.89109 -0.365444 
v 1.08864 0.891929 -0.34826 
v 1.09258 0.892954 -0.330991 
v 1.09613 0.894164 -0.313648 
v 1.09929 0.895558 -0.296243 
v 1.10204 0.897136 -0.278785 
v 1.1044 0.898896 -0.261286 
v 1.10635 0.900836 -0.243757 
v 1.10789 0.902957 -0.226209 
v 1.10904 0.905257 -0.208652 
v 1.10977 0.907733 -0.191098 
v 1.1101 0.910386 -0.173557 
v 1.11003 0.913212 -0.15604 
v 1.12369 0.941081 -0.124238 
v 1.10955 0.916211 -0.138558 
v 0.883559 0.897526 -0.693851 
v 0.895354 0.894382 -0.681163 
v 0.90687 0.891406 -0.668181 
v 0.9181 0.888602 -0.654913 
v 0.929036 0.88597 -0.641368 
v 0.939673 0.883512 -0.627554 
v 0.950003 0.88123 -0.61348 
v 0.96002 0.879126 -0.599154 
v 0.969717 0.8772 -0.584585 
v 0.97909 0.875454 -0.569782 
v 0.988131 0.873889 -0.554755 
v 0.996836 0.872505 -0.539513 
v 1.0052 0.871305 -0.524066 
v 1.01321 0.870287 -0.508422 
v 1.02088 0.869454 -0.492592 
v 1.02818 0.868806 -0.476586 
v 1.03513 0.868342 -0.460413 
v 1.04171 0.868064 -0.444083 
v 1.04791 0.867971 -0.427607 
v 1.05375 0.868064 -0.410996 
v 1.05921 0.868342 -0.394258 
v 1.06428 0.868806 -0.377405 
v 1.06897 0.869454 -0.360447 
v 1.07328 0.870287 -0.343395 
v 1.07719 0.871305 -0.326259 
v 1.08072 0.872505 -0.30905 
v 1.08385 0.873889 -0.291779 
v 1.08658 0.875454 -0.274456 
v 1.08891 0.8772 -0.257092 
v 1.09085 0.879126 -0.239698 
v 1.09239 0.88123 -0.222285 
v 1.09352 0.883512 -0.204864 
v 1.09425 0.88597 -0.187444 
v 1.09458 0.888602 -0.170038 
v 1.09451 0.891406 -0.152656 
v 1.10866 0.91938 -0.121122 
v 1.09403 0.894382 -0.135309 
v 0.880993 0.872401 -0.673363 
v 0.892413 0.869451 -0.660489 
v 0.903549 0.866669 -0.647331 
v 0.914395 0.864059 -0.633899 
v 0.924942 0.861622 -0.6202 
v 0.935186 0.859359 -0.606243 
v 0.94512 0.857272 -0.592036 
v 0.954737 0.855363 -0.577588 
v 0.964031 0.853631 -0.562909 
v 0.972997 0.852079 -0.548007 
v 0.98163 0.850707 -0.532892 
v 0.989923 0.849516 -0.517573 
v 0.997871 0.848508 -0.50206 
v 1.00547 0.847681 -0.486362 
v 1.01272 0.847038 -0.470488 
v 1.0196 0.846579 -0.45445 
v 1.02613 0.846303 -0.438257 
v 1.03228 0.846211 -0.421918 
v 1.03807 0.846303 -0.405445 
v 1.04348 0.846579 -0.388846 
v 1.04851 0.847038 -0.372134 
v 1.05317 0.847681 -0.355317 
v 1.05744 0.848508 -0.338407 
v 1.06132 0.849516 -0.321414 
v 1.06481 0.850707 -0.304348 
v 1.06792 0.852079 -0.287221 
v 1.07063 0.853631 -0.270042 
v 1.07294 0.855363 -0.252823 
v 1.07486 0.857272 -0.235574 
v 1.07638 0.859359 -0.218305 
v 1.07751 0.861622 -0.201029 
v 1.07823 0.864059 -0.183755 
v 1.07856 0.866669 -0.166494 
v 1.07849 0.869451 -0.149256 
v 0.866243 0.850269 -0.665245 
v 0.877561 0.847345 -0.652487 
v 0.888597 0.844589 -0.639448 
v 0.899345 0.842002 -0.626136 
v 0.909799 0.839587 -0.612559 
v 0.919951 0.837344 -0.598727 
v 0.929795 0.835276 -0.584648 
v 0.939326 0.833383 -0.57033 
v 0.948537 0.831667 -0.555783 
v 0.957423 0.830129 -0.541014 
v 0.965977 0.82877 -0.526035 
v 0.974196 0.82759 -0.510853 
v 0.982073 0.82659 -0.495479 
v 0.989604 0.825771 -0.479922 
v 0.996784 0.825134 -0.464191 
v 1.00361 0.824678 -0.448296 
v 1.01007 0.824405 -0.432248 
v 1.01618 0.824314 -0.416056 
v 1.02191 0.824405 -0.39973 
v 1.02727 0.824678 -0.383281 
v 1.03226 0.825134 -0.366718 
v 1.03687 0.825771 -0.350052 
v 1.0411 0.82659 -0.333294 
v 1.04495 0.82759 -0.316453 
v 1.04841 0.82877 -0.29954 
v 1.05149 0.830129 -0.282566 
v 1.05418 0.831667 -0.265542 
v 1.05647 0.833383 -0.248477 
v 1.05837 0.835276 -0.231382 
v 1.05988 0.837344 -0.214269 
v 1.061 0.839587 -0.197147 
v 1.06172 0.842002 -0.180028 
v 1.06204 0.844589 -0.162922 
v 1.07801 0.872401 -0.132054 
v 1.06197 0.847345 -0.145839 
v 0.851101 0.827986 -0.656808 
v 0.862309 0.82509 -0.644172 
v 0.873239 0.82236 -0.631258 
v 0.883884 0.819798 -0.618075 
v 0.894236 0.817406 -0.604629 
v 0.904291 0.815185 -0.59093 
v 0.91404 0.813137 -0.576987 
v 0.923479 0.811263 -0.562807 
v 0.932602 0.809563 -0.548399 
v 0.941402 0.80804 -0.533773 
v 0.949874 0.806693 -0.518938 
v 0.958013 0.805525 -0.503903 
v 0.965815 0.804534 -0.488677 
v 0.973273 0.803724 -0.473269 
v 0.980384 0.803092 -0.45769 
v 0.987143 0.802641 -0.441948 
v 0.993546 0.80237 -0.426055 
v 0.999589 0.80228 -0.410019 
v 1.00527 0.80237 -0.39385 
v 1.01058 0.802641 -0.377559 
v 1.01552 0.803092 -0.361156 
v 1.02009 0.803724 -0.344651 
v 1.02428 0.804534 -0.328054 
v 1.02809 0.805525 -0.311375 
v 1.03152 0.806693 -0.294625 
v 1.03456 0.80804 -0.277815 
v 1.03722 0.809563 -0.260954 
v 1.0395 0.811263 -0.244054 
v 1.04138 0.813137 -0.227124 
v 1.04287 0.815185 -0.210176 
v 1.04398 0.817406 -0.193219 
v 1.04469 0.819798 -0.176265 
v 1.04501 0.82236 -0.159323 
v 1.0615 0.850269 -0.128791 
v 1.04494 0.82509 -0.142405 
v 0.835561 0.805551 -0.648045 
v 0.846654 0.802684 -0.63554 
v 0.857471 0.799983 -0.62276 
v 0.868005 0.797448 -0.609712 
v 0.878251 0.79508 -0.596406 
v 0.888202 0.792882 -0.582848 
v 0.897851 0.790855 -0.569049 
v 0.907192 0.789 -0.555015 
v 0.91622 0.787318 -0.540756 
v 0.924929 0.78581 -0.526282 
v 0.933314 0.784478 -0.511599 
v 0.94137 0.783321 -0.496719 
v 0.94909 0.782341 -0.48165 
v 0.956472 0.781539 -0.466402 
v 0.963509 0.780914 -0.450983 
v 0.970199 0.780468 -0.435405 
v 0.976535 0.7802 -0.419675 
v 0.982516 0.78011 -0.403805 
v 0.988136 0.7802 -0.387803 
v 0.993392 0.780468 -0.37168 
v 0.998282 0.780914 -0.355446 
v 1.0028 0.781539 -0.339112 
v 1.00695 0.782341 -0.322686 
v 1.01072 0.783321 -0.30618 
v 1.01411 0.784478 -0.289603 
v 1.01713 0.78581 -0.272966 
v 1.01976 0.787318 -0.25628 
v 1.02201 0.789 -0.239554 
v 1.02388 0.790855 -0.222799 
v 1.02535 0.792882 -0.206025 
v 1.02645 0.79508 -0.189244 
v 1.02715 0.797448 -0.172464 
v 1.02747 0.799983 -0.155698 
v 1.04447 0.827986 -0.125521 
v 1.0274 0.802684 -0.138954 
v 0.81962 0.782964 -0.638955 
v 0.83059 0.780129 -0.626588 
v 0.841288 0.777458 -0.613948 
v 0.851706 0.77495 -0.601045 
v 0.861838 0.772609 -0.587885 
v 0.871679 0.770436 -0.574478 
v 0.881221 0.768431 -0.56083 
v 0.89046 0.766596 -0.546952 
v 0.899388 0.764933 -0.532851 
v 0.908001 0.763442 -0.518536 
v 0.916293 0.762124 -0.504016 
v 0.92426 0.76098 -0.4893 
v 0.931895 0.760011 -0.474398 
v 0.939195 0.759217 -0.459318 
v 0.946155 0.7586 -0.444069 
v 0.95277 0.758158 -0.428663 
v 0.959037 0.757893 -0.413107 
v 0.964951 0.757805 -0.397412 
v 0.970509 0.757893 -0.381587 
v 0.975708 0.758158 -0.365642 
v 0.980543 0.7586 -0.349588 
v 0.985013 0.759217 -0.333433 
v 0.989114 0.760011 -0.317189 
v 0.992844 0.76098 -0.300865 
v 0.996201 0.762124 -0.284471 
v 0.999182 0.763442 -0.268018 
v 1.00179 0.764933 -0.251516 
v 1.00401 0.766596 -0.234975 
v 1.00585 0.768431 -0.218405 
v 1.00732 0.770436 -0.201817 
v 1.0084 0.772609 -0.185221 
v 1.00909 0.77495 -0.168627 
v 1.00941 0.777458 -0.152045 
v 1.02694 0.805551 -0.122245 
v 1.00934 0.780129 -0.135487 
v 0.803273 0.760226 -0.629532 
v 0.814114 0.757425 -0.617311 
v 0.824685 0.754785 -0.60482 
v 0.834981 0.752307 -0.592069 
v 0.844994 0.749994 -0.579065 
v 0.854718 0.747846 -0.565815 
v 0.864148 0.745865 -0.552329 
v 0.873277 0.744052 -0.538614 
v 0.8821 0.742408 -0.524679 
v 0.890612 0.740934 -0.510533 
v 0.898806 0.739632 -0.496185 
v 0.906679 0.738502 -0.481643 
v 0.914224 0.737544 -0.466916 
v 0.921438 0.73676 -0.452014 
v 0.928316 0.736149 -0.436945 
v 0.934853 0.735713 -0.42172 
v 0.941046 0.735451 -0.406348 
v 0.94689 0.735364 -0.390838 
v 0.952383 0.735451 -0.3752 
v 0.95752 0.735713 -0.359443 
v 0.962299 0.736149 -0.343578 
v 0.966716 0.73676 -0.327614 
v 0.970768 0.737544 -0.311562 
v 0.974454 0.738502 -0.29543 
v 0.977771 0.739632 -0.27923 
v 0.980717 0.740934 -0.262971 
v 0.98329 0.742408 -0.246663 
v 0.985488 0.744052 -0.230317 
v 0.987311 0.745865 -0.213943 
v 0.988756 0.747846 -0.19755 
v 0.989823 0.749994 -0.18115 
v 0.990512 0.752307 -0.164752 
v 0.990821 0.754785 -0.148366 
v 1.00888 0.782964 -0.118962 
v 0.990751 0.757425 -0.132003 
v 0.797221 0.734572 -0.607705 
v 0.80766 0.731965 -0.595372 
v 0.817826 0.729519 -0.582782 
v 0.827713 0.727234 -0.569941 
v 0.837315 0.725113 -0.556858 
v 0.846626 0.723157 -0.543541 
v 0.855641 0.721367 -0.529999 
v 0.864353 0.719744 -0.51624 
v 0.872757 0.718289 -0.502271 
v 0.880848 0.717003 -0.488103 
v 0.888622 0.715887 -0.473744 
v 0.896072 0.714941 -0.459202 
v 0.903195 0.714167 -0.444488 
v 0.909987 0.713564 -0.429609 
v 0.916442 0.713133 -0.414576 
v 0.922556 0.712875 -0.399397 
v 0.928327 0.712788 -0.384082 
v 0.933751 0.712875 -0.36864 
v 0.938823 0.713133 -0.353082 
v 0.943542 0.713564 -0.337416 
v 0.947903 0.714167 -0.321653 
v 0.951905 0.714941 -0.305803 
v 0.955545 0.715887 -0.289874 
v 0.95882 0.717003 -0.273878 
v 0.961729 0.718289 -0.257823 
v 0.964269 0.719744 -0.241721 
v 0.96644 0.721367 -0.22558 
v 0.968239 0.723157 -0.209412 
v 0.969666 0.725113 -0.193226 
v 0.97072 0.727234 -0.177031 
v 0.9714 0.729519 -0.16084 
v 0.971706 0.731965 -0.14466 
v 0.779908 0.711572 -0.597769 
v 0.790207 0.708999 -0.585601 
v 0.800237 0.706586 -0.573179 
v 0.809991 0.704332 -0.56051 
v 0.819465 0.702239 -0.547602 
v 0.828651 0.700309 -0.534464 
v 0.837545 0.698543 -0.521103 
v 0.84614 0.696942 -0.507528 
v 0.854432 0.695506 -0.493747 
v 0.862415 0.694238 -0.479769 
v 0.870084 0.693137 -0.465602 
v 0.877435 0.692204 -0.451255 
v 0.884463 0.69144 -0.436738 
v 0.891163 0.690845 -0.422058 
v 0.897531 0.69042 -0.407226 
v 0.903564 0.690165 -0.392251 
v 0.909258 0.69008 -0.377141 
v 0.914609 0.690165 -0.361906 
v 0.919613 0.69042 -0.346557 
v 0.924269 0.690845 -0.331101 
v 0.928572 0.69144 -0.315549 
v 0.93252 0.692204 -0.299911 
v 0.936111 0.693137 -0.284196 
v 0.939342 0.694238 -0.268413 
v 0.942212 0.695506 -0.252574 
v 0.944718 0.696942 -0.236687 
v 0.94686 0.698543 -0.220763 
v 0.948635 0.700309 -0.204811 
v 0.950043 0.702239 -0.188842 
v 0.951083 0.704332 -0.172865 
v 0.951753 0.706586 -0.15689 
v 0.971637 0.734572 -0.128503 
v 0.952055 0.708999 -0.140927 
v 0.762171 0.688424 -0.587496 
v 0.772323 0.685888 -0.575502 
v 0.78221 0.683509 -0.563257 
v 0.791825 0.681287 -0.550769 
v 0.801164 0.679225 -0.538045 
v 0.810219 0.677322 -0.525094 
v 0.818986 0.675581 -0.511924 
v 0.827459 0.674003 -0.498542 
v 0.835632 0.672588 -0.484958 
v 0.843502 0.671337 -0.471179 
v 0.851062 0.670252 -0.457214 
v 0.858307 0.669332 -0.443072 
v 0.865235 0.668579 -0.428761 
v 0.87184 0.667993 -0.414291 
v 0.878117 0.667574 -0.39967 
v 0.884064 0.667322 -0.384908 
v 0.889677 0.667238 -0.370014 
v 0.894951 0.667322 -0.354997 
v 0.899885 0.667574 -0.339866 
v 0.904473 0.667993 -0.32463 
v 0.908715 0.668579 -0.3093 
v 0.912607 0.669332 -0.293885 
v 0.916147 0.670252 -0.278394 
v 0.919332 0.671337 -0.262836 
v 0.922161 0.672588 -0.247223 
v 0.924632 0.674003 -0.231563 
v 0.926743 0.675581 -0.215865 
v 0.928493 0.677322 -0.200141 
v 0.92988 0.679225 -0.184399 
v 0.930905 0.681287 -0.16865 
v 0.931566 0.683509 -0.152903 
v 0.951987 0.711572 -0.124986 
v 0.931864 0.685888 -0.137167 
v 0.744006 0.665131 -0.576886 
v 0.754004 0.662633 -0.565073 
v 0.763741 0.66029 -0.553014 
v 0.773211 0.658102 -0.540715 
v 0.782408 0.656071 -0.528184 
v 0.791326 0.654197 -0.515429 
v 0.79996 0.652482 -0.502459 
v 0.808304 0.650928 -0.48928 
v 0.816354 0.649534 -0.475901 
v 0.824104 0.648303 -0.462331 
v 0.831549 0.647234 -0.448578 
v 0.838685 0.646328 -0.43465 
v 0.845508 0.645586 -0.420556 
v 0.852012 0.645009 -0.406305 
v 0.858195 0.644596 -0.391906 
v 0.864052 0.644349 -0.377368 
v 0.869579 0.644266 -0.362699 
v 0.874774 0.644349 -0.347909 
v 0.879632 0.644596 -0.333008 
v 0.884152 0.645009 -0.318003 
v 0.888329 0.645586 -0.302905 
v 0.892162 0.646328 -0.287724 
v 0.895648 0.647234 -0.272467 
v 0.898785 0.648303 -0.257146 
v 0.901571 0.649534 -0.241769 
v 0.904004 0.650928 -0.226346 
v 0.906083 0.652482 -0.210887 
v 0.907807 0.654197 -0.195401 
v 0.909174 0.656071 -0.179897 
v 0.910183 0.658102 -0.164387 
v 0.910834 0.66029 -0.148878 
v 0.931797 0.688424 -0.121454 
v 0.911127 0.662633 -0.133381 
v 0.72541 0.641693 -0.565933 
v 0.735247 0.639236 -0.55431 
v 0.744827 0.636931 -0.542445 
v 0.754144 0.634778 -0.530344 
v 0.763193 0.632779 -0.518015 
v 0.771968 0.630936 -0.505466 
v 0.780463 0.629249 -0.492704 
v 0.788673 0.627719 -0.479737 
v 0.796593 0.626348 -0.466574 
v 0.804218 0.625136 -0.453222 
v 0.811543 0.624084 -0.43969 
v 0.818565 0.623193 -0.425987 
v 0.825277 0.622463 -0.41212 
v 0.831677 0.621895 -0.398099 
v 0.83776 0.621489 -0.383931 
v 0.843523 0.621246 -0.369627 
v 0.848961 0.621164 -0.355195 
v 0.854072 0.621246 -0.340643 
v 0.858852 0.621489 -0.325981 
v 0.863299 0.621895 -0.311218 
v 0.867409 0.622463 -0.296364 
v 0.87118 0.623193 -0.281426 
v 0.87461 0.624084 -0.266416 
v 0.877697 0.625136 -0.251341 
v 0.880438 0.626348 -0.236211 
v 0.882832 0.627719 -0.221037 
v 0.884877 0.629249 -0.205826 
v 0.886573 0.630936 -0.19059 
v 0.887918 0.632779 -0.175336 
v 0.888911 0.634778 -0.160075 
v 0.889552 0.636931 -0.144816 
v 0.911061 0.665131 -0.117906 
v 0.88984 0.639236 -0.129569 
v 0.706378 0.618113 -0.554635 
v 0.716047 0.615698 -0.543211 
v 0.725464 0.613432 -0.531549 
v 0.734622 0.611316 -0.519655 
v 0.743516 0.609351 -0.507536 
v 0.752141 0.607539 -0.495202 
v 0.76049 0.605881 -0.482658 
v 0.76856 0.604378 -0.469913 
v 0.776345 0.60303 -0.456974 
v 0.78384 0.601839 -0.443851 
v 0.79104 0.600805 -0.43055 
v 0.797941 0.599929 -0.417081 
v 0.804539 0.599212 -0.403451 
v 0.810829 0.598654 -0.38967 
v 0.816808 0.598255 -0.375745 
v 0.822472 0.598015 -0.361685 
v 0.827818 0.597935 -0.347499 
v 0.832841 0.598015 -0.333196 
v 0.83754 0.598255 -0.318785 
v 0.841911 0.598654 -0.304275 
v 0.84595 0.599212 -0.289674 
v 0.849657 0.599929 -0.274992 
v 0.853029 0.600805 -0.260238 
v 0.856062 0.601839 -0.245421 
v 0.858757 0.60303 -0.23055 
v 0.86111 0.604378 -0.215635 
v 0.86312 0.605881 -0.200684 
v 0.864787 0.607539 -0.185708 
v 0.866109 0.609351 -0.170715 
v 0.867085 0.611316 -0.155715 
v 0.867715 0.613432 -0.140717 
v 0.889775 0.641693 -0.114343 
v 0.867998 0.615698 -0.12573 
v 0.68691 0.594392 -0.542988 
v 0.696403 0.592021 -0.531772 
v 0.705649 0.589796 -0.520321 
v 0.714641 0.587719 -0.508643 
v 0.723373 0.58579 -0.496745 
v 0.731841 0.584011 -0.484634 
v 0.74004 0.582382 -0.472317 
v 0.747963 0.580906 -0.459804 
v 0.755606 0.579583 -0.4471 
v 0.762965 0.578414 -0.434215 
v 0.770035 0.577399 -0.421156 
v 0.776811 0.576539 -0.407931 
v 0.783289 0.575834 -0.394548 
v 0.789465 0.575286 -0.381017 
v 0.795336 0.574894 -0.367344 
v 0.800897 0.574659 -0.35354 
v 0.806146 0.574581 -0.339611 
v 0.811078 0.574659 -0.325568 
v 0.815691 0.574894 -0.311418 
v 0.819983 0.575286 -0.297171 
v 0.823949 0.575834 -0.282835 
v 0.827589 0.576539 -0.268419 
v 0.830899 0.577399 -0.253933 
v 0.833878 0.578414 -0.239385 
v 0.836523 0.579583 -0.224784 
v 0.838833 0.580906 -0.210139 
v 0.840807 0.582382 -0.19546 
v 0.842444 0.584011 -0.180756 
v 0.843742 0.58579 -0.166035 
v 0.8447 0.587719 -0.151307 
v 0.845319 0.589796 -0.136581 
v 0.867934 0.618113 -0.110764 
v 0.845596 0.592021 -0.121866 
v 0.676311 0.568208 -0.51999 
v 0.685379 0.566026 -0.50876 
v 0.694197 0.563988 -0.497307 
v 0.702762 0.562096 -0.485637 
v 0.711067 0.560352 -0.473759 
v 0.719108 0.558755 -0.46168 
v 0.726878 0.557307 -0.449408 
v 0.734375 0.556009 -0.436949 
v 0.741592 0.554862 -0.424311 
v 0.748525 0.553867 -0.411504 
v 0.755171 0.553024 -0.398533 
v 0.761524 0.552333 -0.385409 
v 0.767582 0.551795 -0.372137 
v 0.773339 0.551411 -0.358728 
v 0.778793 0.55118 -0.345189 
v 0.783941 0.551103 -0.331529 
v 0.788778 0.55118 -0.317756 
v 0.793303 0.551411 -0.303879 
v 0.797511 0.551795 -0.289906 
v 0.801402 0.552333 -0.275846 
v 0.804971 0.553024 -0.261708 
v 0.808217 0.553867 -0.247501 
v 0.811139 0.554862 -0.233233 
v 0.813733 0.556009 -0.218913 
v 0.815999 0.557307 -0.20455 
v 0.817935 0.558755 -0.190154 
v 0.81954 0.560352 -0.175732 
v 0.820813 0.562096 -0.161295 
v 0.821753 0.563988 -0.14685 
v 0.822359 0.566026 -0.132408 
v 0.655769 0.544261 -0.507864 
v 0.664651 0.542123 -0.496863 
v 0.67329 0.540127 -0.485643 
v 0.681679 0.538274 -0.474212 
v 0.689815 0.536565 -0.462577 
v 0.697691 0.535001 -0.450745 
v 0.705303 0.533583 -0.438723 
v 0.712646 0.532311 -0.426518 
v 0.719716 0.531188 -0.414139 
v 0.726508 0.530213 -0.401593 
v 0.733017 0.529387 -0.388888 
v 0.739241 0.52871 -0.376031 
v 0.745175 0.528183 -0.363031 
v 0.750815 0.527807 -0.349896 
v 0.756158 0.527581 -0.336633 
v 0.7612 0.527505 -0.323252 
v 0.765938 0.527581 -0.309761 
v 0.77037 0.527807 -0.296167 
v 0.774493 0.528183 -0.282479 
v 0.778304 0.52871 -0.268707 
v 0.7818 0.529387 -0.254857 
v 0.784981 0.530213 -0.24094 
v 0.787842 0.531188 -0.226963 
v 0.790384 0.532311 -0.212936 
v 0.792603 0.533583 -0.198867 
v 0.7945 0.535001 -0.184765 
v 0.796072 0.536565 -0.170638 
v 0.797319 0.538274 -0.156495 
v 0.79824 0.540127 -0.142346 
v 0.822632 0.568208 -0.117977 
v 0.798834 0.542123 -0.128199 
v 0.634774 0.520183 -0.495389 
v 0.643464 0.518092 -0.484627 
v 0.651915 0.516139 -0.47365 
v 0.660123 0.514326 -0.462467 
v 0.668082 0.512654 -0.451084 
v 0.675787 0.511123 -0.439508 
v 0.683235 0.509736 -0.427747 
v 0.690419 0.508492 -0.415807 
v 0.697335 0.507393 -0.403696 
v 0.70398 0.506439 -0.391422 
v 0.710348 0.505631 -0.378992 
v 0.716437 0.504969 -0.366414 
v 0.722242 0.504454 -0.353696 
v 0.72776 0.504085 -0.340845 
v 0.732987 0.503864 -0.32787 
v 0.73792 0.503791 -0.314779 
v 0.742556 0.503864 -0.30158 
v 0.746892 0.504085 -0.288281 
v 0.750925 0.504454 -0.27489 
v 0.754653 0.504969 -0.261416 
v 0.758074 0.505631 -0.247866 
v 0.761185 0.506439 -0.234251 
v 0.763985 0.507393 -0.220577 
v 0.766471 0.508492 -0.206854 
v 0.768643 0.509736 -0.19309 
v 0.770498 0.511123 -0.179293 
v 0.772036 0.512654 -0.165472 
v 0.773256 0.514326 -0.151636 
v 0.774157 0.516139 -0.137794 
v 0.799101 0.544261 -0.114062 
v 0.774738 0.518092 -0.123953 
v 0.613324 0.495977 -0.482565 
v 0.621814 0.493934 -0.47205 
v 0.630071 0.492026 -0.461326 
v 0.63809 0.490255 -0.4504 
v 0.645867 0.488621 -0.439279 
v 0.653395 0.487126 -0.427969 
v 0.660671 0.485771 -0.416478 
v 0.667689 0.484555 -0.404813 
v 0.674447 0.483482 -0.392981 
v 0.680939 0.482549 -0.380989 
v 0.687161 0.48176 -0.368845 
v 0.69311 0.481113 -0.356556 
v 0.698781 0.48061 -0.34413 
v 0.704172 0.48025 -0.331575 
v 0.709279 0.480034 -0.318899 
v 0.714098 0.479962 -0.306109 
v 0.718627 0.480034 -0.293213 
v 0.722864 0.48025 -0.28022 
v 0.726804 0.48061 -0.267137 
v 0.730447 0.481113 -0.253972 
v 0.733789 0.48176 -0.240735 
v 0.736828 0.482549 -0.227433 
v 0.739564 0.483482 -0.214073 
v 0.741993 0.484555 -0.200666 
v 0.744115 0.485771 -0.187218 
v 0.745927 0.487126 -0.173739 
v 0.74743 0.488621 -0.160236 
v 0.748622 0.490255 -0.146718 
v 0.749502 0.492026 -0.133194 
v 0.774999 0.520183 -0.110123 
v 0.75007 0.493934 -0.119671 
v 0.591419 0.471647 -0.469389 
v 0.599702 0.469654 -0.459131 
v 0.607757 0.467793 -0.448669 
v 0.615581 0.466065 -0.43801 
v 0.623167 0.464471 -0.42716 
v 0.630511 0.463012 -0.416126 
v 0.63761 0.46169 -0.404916 
v 0.644457 0.460505 -0.393535 
v 0.651049 0.459457 -0.381992 
v 0.657383 0.458548 -0.370293 
v 0.663453 0.457777 -0.358445 
v 0.669257 0.457146 -0.346456 
v 0.67479 0.456655 -0.334334 
v 0.680049 0.456304 -0.322085 
v 0.685031 0.456093 -0.309718 
v 0.689733 0.456023 -0.29724 
v 0.694152 0.456093 -0.284659 
v 0.698284 0.456304 -0.271983 
v 0.702129 0.456655 -0.25922 
v 0.705682 0.457146 -0.246377 
v 0.708943 0.457777 -0.233463 
v 0.711908 0.458548 -0.220485 
v 0.714577 0.459457 -0.207452 
v 0.716947 0.460505 -0.194371 
v 0.719016 0.46169 -0.181252 
v 0.720785 0.463012 -0.168102 
v 0.722251 0.464471 -0.154929 
v 0.723414 0.466065 -0.141741 
v 0.724272 0.467793 -0.128547 
v 0.750325 0.495977 -0.106159 
v 0.724826 0.469654 -0.115354 
v 0.569057 0.447198 -0.45586 
v 0.577125 0.445256 -0.445867 
v 0.584972 0.443443 -0.435676 
v 0.592592 0.44176 -0.425294 
v 0.599982 0.440207 -0.414725 
v 0.607136 0.438787 -0.403978 
v 0.61405 0.437498 -0.393058 
v 0.62072 0.436344 -0.381972 
v 0.627141 0.435323 -0.370728 
v 0.633311 0.434437 -0.359332 
v 0.639223 0.433687 -0.347791 
v 0.644877 0.433072 -0.336114 
v 0.650266 0.432594 -0.324305 
v 0.655389 0.432252 -0.312374 
v 0.660242 0.432047 -0.300328 
v 0.664822 0.431978 -0.288174 
v 0.669126 0.432047 -0.275919 
v 0.673152 0.432252 -0.263571 
v 0.676897 0.432594 -0.251139 
v 0.680358 0.433072 -0.238629 
v 0.683534 0.433687 -0.226049 
v 0.686423 0.434437 -0.213408 
v 0.689022 0.435323 -0.200713 
v 0.69133 0.436344 -0.187971 
v 0.693347 0.437498 -0.175192 
v 0.695069 0.438787 -0.162383 
v 0.696497 0.440207 -0.149551 
v 0.69763 0.44176 -0.136705 
v 0.698466 0.443443 -0.123853 
v 0.725075 0.471647 -0.102172 
v 0.699006 0.445256 -0.111002 
v 0.546237 0.422633 -0.441976 
v 0.554083 0.420744 -0.432258 
v 0.561714 0.418981 -0.422348 
v 0.569124 0.417344 -0.412251 
v 0.57631 0.415835 -0.401974 
v 0.583267 0.414453 -0.391522 
v 0.589991 0.413201 -0.380903 
v 0.596477 0.412078 -0.370123 
v 0.602722 0.411085 -0.359189 
v 0.608721 0.410224 -0.348107 
v 0.614471 0.409494 -0.336884 
v 0.619969 0.408896 -0.325527 
v 0.62521 0.408431 -0.314045 
v 0.630192 0.408099 -0.302442 
v 0.634911 0.407899 -0.290728 
v 0.639365 0.407833 -0.278908 
v 0.643551 0.407899 -0.266991 
v 0.647465 0.408099 -0.254983 
v 0.651107 0.408431 -0.242893 
v 0.654473 0.408896 -0.230728 
v 0.657562 0.409494 -0.218495 
v 0.660371 0.410224 -0.206201 
v 0.662898 0.411085 -0.193856 
v 0.665143 0.412078 -0.181465 
v 0.667104 0.413201 -0.169038 
v 0.668779 0.414453 -0.156581 
v 0.670168 0.415835 -0.144103 
v 0.671269 0.417344 -0.131611 
v 0.672082 0.418981 -0.119113 
v 0.699248 0.447198 -0.0981619 
v 0.672607 0.420744 -0.106617 
v 0.52296 0.397957 -0.427736 
v 0.530576 0.396124 -0.418303 
v 0.537983 0.394413 -0.408683 
v 0.545177 0.392824 -0.398882 
v 0.552153 0.391358 -0.388906 
v 0.558906 0.390017 -0.37876 
v 0.565433 0.388801 -0.368452 
v 0.571729 0.387711 -0.357987 
v 0.577791 0.386748 -0.347373 
v 0.583615 0.385912 -0.336615 
v 0.589196 0.385203 -0.325721 
v 0.594533 0.384623 -0.314698 
v 0.59962 0.384172 -0.303551 
v 0.604456 0.383849 -0.292288 
v 0.609037 0.383655 -0.280917 
v 0.613361 0.383591 -0.269443 
v 0.617424 0.383655 -0.257875 
v 0.621224 0.383849 -0.246219 
v 0.624759 0.384172 -0.234483 
v 0.628027 0.384623 -0.222674 
v 0.631025 0.385203 -0.210799 
v 0.633751 0.385912 -0.198866 
v 0.636205 0.386748 -0.186882 
v 0.638384 0.387711 -0.174854 
v 0.640287 0.388801 -0.162791 
v 0.641914 0.390017 -0.150699 
v 0.643262 0.391358 -0.138586 
v 0.644331 0.392824 -0.12646 
v 0.64512 0.394413 -0.114328 
v 0.672843 0.422633 -0.0941296 
v 0.64563 0.396124 -0.102197 
v 0.499227 0.373177 -0.41314 
v 0.506605 0.371401 -0.404001 
v 0.513782 0.369743 -0.394681 
v 0.520751 0.368204 -0.385185 
v 0.527509 0.366784 -0.375519 
v 0.534052 0.365484 -0.36569 
v 0.540376 0.364306 -0.355703 
v 0.546476 0.36325 -0.345565 
v 0.552349 0.362317 -0.335281 
v 0.557991 0.361507 -0.324859 
v 0.563399 0.360821 -0.314304 
v 0.568569 0.360259 -0.303624 
v 0.573498 0.359821 -0.292825 
v 0.578183 0.359508 -0.281913 
v 0.582622 0.359321 -0.270896 
v 0.58681 0.359258 -0.25978 
v 0.590747 0.359321 -0.248572 
v 0.594429 0.359508 -0.237279 
v 0.597853 0.359821 -0.225909 
v 0.601019 0.360259 -0.214468 
v 0.603924 0.360821 -0.202963 
v 0.606565 0.361507 -0.191401 
v 0.608943 0.362317 -0.179791 
v 0.611054 0.36325 -0.168138 
v 0.612898 0.364306 -0.15645 
v 0.614473 0.365484 -0.144735 
v 0.615779 0.366784 -0.133 
v 0.616815 0.368204 -0.121252 
v 0.61758 0.369743 -0.109497 
v 0.645859 0.397957 -0.0900757 
v 0.618073 0.371401 -0.0977449 
v 0.482171 0.346581 -0.389352 
v 0.48911 0.344978 -0.380341 
v 0.495848 0.34349 -0.37116 
v 0.502382 0.342117 -0.361816 
v 0.508707 0.340861 -0.352312 
v 0.514821 0.339722 -0.342657 
v 0.520719 0.338701 -0.332855 
v 0.526397 0.337799 -0.322913 
v 0.531851 0.337015 -0.312836 
v 0.53708 0.336352 -0.302632 
v 0.542078 0.335809 -0.292306 
v 0.546844 0.335385 -0.281866 
v 0.551373 0.335083 -0.271316 
v 0.555665 0.334902 -0.260664 
v 0.559714 0.334841 -0.249917 
v 0.56352 0.334902 -0.239082 
v 0.56708 0.335083 -0.228164 
v 0.570391 0.335385 -0.217171 
v 0.573451 0.335809 -0.206109 
v 0.57626 0.336352 -0.194986 
v 0.578814 0.337015 -0.183809 
v 0.581112 0.337799 -0.172584 
v 0.583153 0.338701 -0.161318 
v 0.584936 0.339722 -0.150018 
v 0.586459 0.340861 -0.138692 
v 0.587722 0.342117 -0.127346 
v 0.588723 0.34349 -0.115987 
v 0.589463 0.344978 -0.104623 
v 0.457277 0.321671 -0.374356 
v 0.463969 0.320125 -0.365664 
v 0.470469 0.318689 -0.356809 
v 0.476772 0.317365 -0.347795 
v 0.482873 0.316153 -0.338628 
v 0.488771 0.315055 -0.329314 
v 0.494459 0.31407 -0.319859 
v 0.499936 0.3132 -0.310269 
v 0.505198 0.312444 -0.300549 
v 0.510241 0.311804 -0.290706 
v 0.515063 0.31128 -0.280746 
v 0.51966 0.310872 -0.270675 
v 0.524029 0.31058 -0.260499 
v 0.528168 0.310405 -0.250224 
v 0.532075 0.310347 -0.239857 
v 0.535746 0.310405 -0.229405 
v 0.539179 0.31058 -0.218874 
v 0.542373 0.310872 -0.20827 
v 0.545326 0.31128 -0.1976 
v 0.548034 0.311804 -0.186871 
v 0.550498 0.312444 -0.176089 
v 0.552715 0.3132 -0.165261 
v 0.554684 0.31407 -0.154394 
v 0.556403 0.315055 -0.143494 
v 0.557873 0.316153 -0.132569 
v 0.559091 0.317365 -0.121625 
v 0.560057 0.318689 -0.110668 
v 0.58994 0.346581 -0.093261 
v 0.56077 0.320125 -0.0997066 
v 0.431924 0.296679 -0.359015 
v 0.438364 0.295191 -0.350651 
v 0.444618 0.29381 -0.342131 
v 0.450682 0.292535 -0.333457 
v 0.456553 0.29137 -0.324637 
v 0.462228 0.290312 -0.315676 
v 0.467701 0.289365 -0.306578 
v 0.472971 0.288527 -0.29735 
v 0.478034 0.2878 -0.287998 
v 0.482887 0.287185 -0.278527 
v 0.487526 0.28668 -0.268943 
v 0.491949 0.286288 -0.259253 
v 0.496153 0.286007 -0.249462 
v 0.500136 0.285838 -0.239575 
v 0.503895 0.285782 -0.229601 
v 0.507427 0.285838 -0.219544 
v 0.510731 0.286007 -0.20941 
v 0.513804 0.286288 -0.199207 
v 0.516644 0.28668 -0.188941 
v 0.519251 0.287185 -0.178617 
v 0.521621 0.2878 -0.168243 
v 0.523755 0.288527 -0.157824 
v 0.525649 0.289365 -0.147368 
v 0.527304 0.290312 -0.136881 
v 0.528717 0.29137 -0.126368 
v 0.529889 0.292535 -0.115838 
v 0.530819 0.29381 -0.105296 
v 0.56123 0.321671 -0.0887464 
v 0.531505 0.295191 -0.0947482 
v 0.406118 0.271612 -0.343329 
v 0.412297 0.270184 -0.335304 
v 0.418298 0.268859 -0.327128 
v 0.424117 0.267636 -0.318806 
v 0.429751 0.266517 -0.310342 
v 0.435196 0.265503 -0.301743 
v 0.440448 0.264594 -0.293013 
v 0.445505 0.26379 -0.284159 
v 0.450363 0.263093 -0.275185 
v 0.45502 0.262502 -0.266097 
v 0.459471 0.262018 -0.2569 
v 0.463715 0.261641 -0.247602 
v 0.46775 0.261372 -0.238206 
v 0.471571 0.26121 -0.22872 
v 0.475178 0.261156 -0.219149 
v 0.478567 0.26121 -0.209498 
v 0.481738 0.261372 -0.199775 
v 0.484686 0.261641 -0.189985 
v 0.487412 0.262018 -0.180133 
v 0.489913 0.262502 -0.170227 
v 0.492188 0.263093 -0.160272 
v 0.494235 0.26379 -0.150275 
v 0.496053 0.264594 -0.140242 
v 0.49764 0.265503 -0.130178 
v 0.498997 0.266517 -0.120091 
v 0.500121 0.267636 -0.109986 
v 0.501013 0.268859 -0.0998703 
v 0.531948 0.296679 -0.0842024 
v 0.501672 0.270184 -0.0897495 
v 0.379863 0.24648 -0.327302 
v 0.385775 0.245114 -0.319625 
v 0.391515 0.243846 -0.311803 
v 0.397082 0.242676 -0.303841 
v 0.402472 0.241606 -0.295745 
v 0.407681 0.240636 -0.287518 
v 0.412706 0.239766 -0.279167 
v 0.417543 0.238997 -0.270696 
v 0.422191 0.23833 -0.262111 
v 0.426645 0.237764 -0.253417 
v 0.430904 0.237301 -0.244619 
v 0.434964 0.236941 -0.235723 
v 0.438824 0.236683 -0.226735 
v 0.44248 0.236529 -0.21766 
v 0.44593 0.236477 -0.208503 
v 0.449173 0.236529 -0.199271 
v 0.452205 0.236683 -0.189969 
v 0.455027 0.236941 -0.180603 
v 0.457634 0.237301 -0.171179 
v 0.460027 0.237764 -0.161702 
v 0.462203 0.23833 -0.152178 
v 0.464161 0.238997 -0.142614 
v 0.4659 0.239766 -0.133016 
v 0.467419 0.240636 -0.123389 
v 0.468717 0.241606 -0.113738 
v 0.469793 0.242676 -0.104072 
v 0.470646 0.243846 -0.0943942 
v 0.502097 0.271612 -0.0796301 
v 0.471276 0.245114 -0.084712 
v 0.353166 0.221292 -0.310937 
v 0.358802 0.21999 -0.303617 
v 0.364276 0.218781 -0.296159 
v 0.369584 0.217666 -0.288568 
v 0.374722 0.216646 -0.280848 
v 0.379689 0.21572 -0.273004 
v 0.38448 0.214891 -0.265042 
v 0.389092 0.214158 -0.256965 
v 0.393523 0.213522 -0.248779 
v 0.397771 0.212983 -0.24049 
v 0.401831 0.212541 -0.232102 
v 0.405702 0.212198 -0.22362 
v 0.409382 0.211952 -0.21505 
v 0.412868 0.211804 -0.206398 
v 0.416158 0.211755 -0.197667 
v 0.419249 0.211804 -0.188865 
v 0.422141 0.211952 -0.179996 
v 0.424831 0.212198 -0.171065 
v 0.427317 0.212541 -0.16208 
v 0.429598 0.212983 -0.153044 
v 0.431673 0.213522 -0.143964 
v 0.43354 0.214158 -0.134845 
v 0.435198 0.214891 -0.125693 
v 0.436647 0.21572 -0.116514 
v 0.437884 0.216646 -0.107313 
v 0.43891 0.217666 -0.0980961 
v 0.439723 0.218781 -0.088869 
v 0.471682 0.24648 -0.0750312 
v 0.440324 0.21999 -0.0796375 
v 0.326034 0.196061 -0.294237 
v 0.331388 0.194824 -0.287284 
v 0.336587 0.193675 -0.280199 
v 0.341629 0.192616 -0.272989 
v 0.34651 0.191647 -0.265656 
v 0.351228 0.190768 -0.258205 
v 0.355779 0.18998 -0.250641 
v 0.36016 0.189284 -0.242969 
v 0.364369 0.18868 -0.235194 
v 0.368403 0.188168 -0.22732 
v 0.372261 0.187748 -0.219352 
v 0.375938 0.187422 -0.211296 
v 0.379433 0.187188 -0.203155 
v 0.382744 0.187048 -0.194936 
v 0.385869 0.187002 -0.186643 
v 0.388806 0.187048 -0.178282 
v 0.391553 0.187188 -0.169857 
v 0.394108 0.187422 -0.161374 
v 0.396469 0.187748 -0.152839 
v 0.398636 0.188168 -0.144256 
v 0.400607 0.18868 -0.135631 
v 0.402381 0.189284 -0.126969 
v 0.403956 0.18998 -0.118276 
v 0.405331 0.190768 -0.109556 
v 0.406507 0.191647 -0.100816 
v 0.407481 0.192616 -0.0920615 
v 0.408254 0.193675 -0.0832968 
v 0.440711 0.221292 -0.0704072 
v 0.408824 0.194824 -0.0745278 
v 0.298476 0.170797 -0.277207 
v 0.303541 0.169627 -0.27063 
v 0.308459 0.168541 -0.263929 
v 0.313228 0.167539 -0.257109 
v 0.317845 0.166622 -0.250172 
v 0.322307 0.165791 -0.243125 
v 0.326612 0.165046 -0.23597 
v 0.330756 0.164387 -0.228714 
v 0.334738 0.163815 -0.221359 
v 0.338554 0.163331 -0.213911 
v 0.342202 0.162934 -0.206374 
v 0.34568 0.162626 -0.198753 
v 0.348987 0.162405 -0.191053 
v 0.352119 0.162272 -0.183279 
v 0.355074 0.162228 -0.175435 
v 0.357852 0.162272 -0.167526 
v 0.36045 0.162405 -0.159557 
v 0.362867 0.162626 -0.151533 
v 0.365101 0.162934 -0.143459 
v 0.367151 0.163331 -0.135341 
v 0.369015 0.163815 -0.127182 
v 0.370693 0.164387 -0.118989 
v 0.372182 0.165046 -0.110766 
v 0.373484 0.165791 -0.102519 
v 0.374595 0.166622 -0.0942516 
v 0.375517 0.167539 -0.0859703 
v 0.376248 0.168541 -0.0776798 
v 0.409193 0.196061 -0.0657601 
v 0.376788 0.169627 -0.0693853 
v 0.270505 0.145515 -0.259854 
v 0.275272 0.144414 -0.253663 
v 0.279902 0.143391 -0.247355 
v 0.284391 0.142448 -0.240934 
v 0.288738 0.141585 -0.234404 
v 0.292939 0.140802 -0.227769 
v 0.296991 0.140101 -0.221034 
v 0.300892 0.139481 -0.214203 
v 0.304641 0.138943 -0.207279 
v 0.308233 0.138487 -0.200268 
v 0.311668 0.138113 -0.193173 
v 0.314942 0.137823 -0.185999 
v 0.318054 0.137615 -0.17875 
v 0.321003 0.13749 -0.171431 
v 0.323786 0.137448 -0.164046 
v 0.326401 0.13749 -0.156601 
v 0.328846 0.137615 -0.149099 
v 0.331122 0.137823 -0.141546 
v 0.333225 0.138113 -0.133945 
v 0.335154 0.138487 -0.126302 
v 0.336909 0.138943 -0.118622 
v 0.338488 0.139481 -0.110909 
v 0.339891 0.140101 -0.103168 
v 0.341116 0.140802 -0.0954038 
v 0.342162 0.141585 -0.0876214 
v 0.34303 0.142448 -0.0798254 
v 0.343718 0.143391 -0.0720208 
v 0.377136 0.170797 -0.061092 
v 0.344226 0.144414 -0.0642124 
v 0.242131 0.12023 -0.242185 
v 0.246595 0.119198 -0.236389 
v 0.25093 0.118241 -0.230482 
v 0.255133 0.117358 -0.224471 
v 0.259203 0.11655 -0.218357 
v 0.263136 0.115817 -0.212145 
v 0.26693 0.11516 -0.20584 
v 0.270583 0.11458 -0.199443 
v 0.274092 0.114076 -0.192961 
v 0.277455 0.113649 -0.186396 
v 0.280671 0.113299 -0.179754 
v 0.283737 0.113027 -0.173037 
v 0.286651 0.112833 -0.16625 
v 0.289411 0.112716 -0.159397 
v 0.292017 0.112677 -0.152484 
v 0.294465 0.112716 -0.145513 
v 0.296755 0.112833 -0.138489 
v 0.298885 0.113027 -0.131417 
v 0.300854 0.113299 -0.124301 
v 0.302661 0.113649 -0.117145 
v 0.304304 0.114076 -0.109954 
v 0.305783 0.11458 -0.102733 
v 0.307096 0.11516 -0.0954849 
v 0.308243 0.115817 -0.0882155 
v 0.309222 0.11655 -0.080929 
v 0.310035 0.117358 -0.0736299 
v 0.310679 0.118241 -0.0663227 
v 0.344554 0.145515 -0.0564051 
v 0.311155 0.119198 -0.059012 
v 0.213372 0.0949571 -0.22421 
v 0.217525 0.0939976 -0.218817 
v 0.221558 0.0931067 -0.213322 
v 0.225469 0.0922851 -0.207728 
v 0.229255 0.0915332 -0.20204 
v 0.232914 0.0908514 -0.196261 
v 0.236444 0.0902403 -0.190394 
v 0.239843 0.0897002 -0.184443 
v 0.243108 0.0892315 -0.178412 
v 0.246237 0.0888343 -0.172304 
v 0.249229 0.088509 -0.166124 
v 0.252081 0.0882558 -0.159875 
v 0.254793 0.0880749 -0.15356 
v 0.257361 0.0879662 -0.147185 
v 0.259785 0.08793 -0.140752 
v 0.262063 0.0879662 -0.134266 
v 0.264194 0.0880749 -0.127732 
v 0.266175 0.0882558 -0.121152 
v 0.268007 0.088509 -0.114531 
v 0.269688 0.0888343 -0.107873 
v 0.271217 0.0892315 -0.101183 
v 0.272593 0.0897002 -0.0944643 
v 0.273814 0.0902403 -0.0877212 
v 0.274881 0.0908514 -0.0809578 
v 0.275793 0.0915332 -0.0741785 
v 0.276549 0.0922851 -0.0673875 
v 0.277148 0.0931067 -0.060589 
v 0.311462 0.12023 -0.0517022 
v 0.277591 0.0939976 -0.0537871 
v 0.184245 0.0697156 -0.205938 
v 0.18808 0.0688295 -0.200957 
v 0.191805 0.0680067 -0.195882 
v 0.195417 0.0672479 -0.190716 
v 0.198914 0.0665534 -0.185463 
v 0.202293 0.0659238 -0.180126 
v 0.205554 0.0653594 -0.174707 
v 0.208692 0.0648606 -0.169211 
v 0.211708 0.0644277 -0.163641 
v 0.214598 0.0640609 -0.158 
v 0.217361 0.0637605 -0.152292 
v 0.219995 0.0635266 -0.14652 
v 0.222499 0.0633595 -0.140689 
v 0.224872 0.0632591 -0.1348 
v 0.22711 0.0632257 -0.128859 
v 0.229214 0.0632591 -0.122869 
v 0.231182 0.0633595 -0.116834 
v 0.233012 0.0635266 -0.110757 
v 0.234704 0.0637605 -0.104643 
v 0.236256 0.0640609 -0.0984938 
v 0.237668 0.0644277 -0.0923149 
v 0.238939 0.0648606 -0.0861096 
v 0.240067 0.0653594 -0.0798818 
v 0.241053 0.0659238 -0.0736354 
v 0.241895 0.0665534 -0.0673743 
v 0.242593 0.0672479 -0.0611023 
v 0.243146 0.0680067 -0.0548234 
v 0.277876 0.0949571 -0.0469862 
v 0.243555 0.0688295 -0.0485415 
v 0.243819 0.0697156 -0.0422604 
v 0.618295 0.373177 -0.0860013 
v 0.845534 0.594392 -0.107172 
v 0.990302 0.760226 -0.115673 
v 1.09315 0.897526 -0.118008 
v 1.16456 1.0087 -0.115775 
v 1.22387 1.11644 -0.112941 
v 1.23228 1.19783 -0.514635 
v 1.22528 1.19812 -0.532001 
v 1.28562 1.23268 -0.149525 
v 1.28699 1.22916 -0.167864 
v 1.28792 1.22582 -0.186264 
v 1.28843 1.22265 -0.204712 
v 1.28816 1.21687 -0.241708 
v 1.28738 1.21426 -0.260233 
v 1.28248 1.20754 -0.315776 
v 1.28 1.20569 -0.334242 
v 1.26128 1.19931 -0.425691 
v 1.25629 1.19862 -0.443725 
v 1.25089 1.19812 -0.461648 
v 1.24509 1.19783 -0.479447 
v 1.23888 1.19773 -0.497114 
v 1.19345 1.20127 -0.599694 
v 1.18456 1.20255 -0.616122 
v 1.1753 1.20402 -0.632332 
v 1.16569 1.20569 -0.648312 
v 1.11246 1.21687 -0.724441 
v 1.10083 1.21967 -0.738846 
v 1.28618 1.21183 -0.27876 
v 1.27709 1.20402 -0.352664 
v 1.27377 1.20255 -0.371032 
v 1.27002 1.20127 -0.389333 
v 1.26586 1.20019 -0.407557 
v 1.15572 1.20754 -0.664054 
v 1.14541 1.20959 -0.679548 
v 1.12377 1.21426 -0.709751 
v 1.28851 1.21967 -0.223197 
v 1.28454 1.20959 -0.297278 
v 1.21013 1.19931 -0.566223 
v 1.20198 1.20019 -0.583058 
v 1.13476 1.21183 -0.694783 
v 1.2179 1.19862 -0.5492 
v 1.08889 1.22265 -0.752956 
v 1.07664 1.22582 -0.766762 
v 1.06409 1.22916 -0.780256 
v 1.05126 1.23268 -0.793429 
v 1.03815 1.23638 -0.806273 
v 1.28383 1.23638 -0.131256 
v 1.28162 1.24025 -0.113071 
v 1.27275 1.22041 -0.10993 
v 1.26355 1.20059 -0.106838 
v 1.26102 1.19522 -0.106105 
v 1.2547 1.18061 -0.107126 
v 1.26101 1.19524 -0.106011 
v 1.24815 1.16592 -0.108097 
v 1.25438 1.17989 -0.107174 
v 1.24135 1.15115 -0.10902 
v 1.24489 1.15884 -0.108539 
v 1.23353 1.13467 -0.109984 
v 1.22546 1.11819 -0.11088 
v 1.23496 1.13768 -0.109808 
v 1.21713 1.10168 -0.11171 
v 1.21986 1.10709 -0.111438 
v 1.20854 1.08516 -0.112474 
v 1.21367 1.09503 -0.112018 
v 1.1997 1.06862 -0.113172 
v 1.1906 1.05206 -0.113804 
v 1.20233 1.07354 -0.112964 
v 1.19052 1.05192 -0.113809 
v 1.18125 1.03549 -0.11437 
v 1.17164 1.01889 -0.114872 
v 1.17819 1.0302 -0.11453 
v 1.16177 1.00226 -0.115308 
v 1.16371 1.00553 -0.115222 
v 1.15165 0.985619 -0.115679 
v 1.14127 0.96895 -0.115984 
v 1.15212 0.986388 -0.115661 
v 1.13064 0.952256 -0.116226 
v 1.13832 0.964312 -0.116051 
v 1.11975 0.935538 -0.116402 
v 1.12403 0.942107 -0.116333 
v 1.1086 0.918793 -0.116514 
v 1.0972 0.902022 -0.116561 
v 1.10925 0.919766 -0.116507 
v 1.08554 0.885223 -0.116543 
v 1.08729 0.887754 -0.116545 
v 1.07362 0.868398 -0.11646 
v 1.07811 0.874741 -0.116491 
v 1.06144 0.851544 -0.116313 
v 1.04901 0.834661 -0.116101 
v 1.06179 0.852024 -0.116317 
v 1.03631 0.81775 -0.115824 
v 1.04491 0.829204 -0.116012 
v 1.02336 0.800809 -0.115483 
v 1.01015 0.78384 -0.115076 
v 1.02752 0.806246 -0.115592 
v 0.996671 0.76684 -0.114605 
v 1.0096 0.783153 -0.115057 
v 0.991119 0.759956 -0.114388 
v 0.982936 0.74981 -0.114068 
v 0.982544 0.74933 -0.114051 
v 0.977135 0.742705 -0.113825 
v 0.961773 0.724126 -0.113137 
v 0.972107 0.736624 -0.1136 
v 0.946127 0.705542 -0.112373 
v 0.952546 0.713166 -0.112686 
v 0.930198 0.686954 -0.111533 
v 0.913985 0.66836 -0.110617 
v 0.932445 0.689575 -0.111651 
v 0.911777 0.66587 -0.110484 
v 0.89749 0.64976 -0.109626 
v 0.880712 0.631155 -0.108559 
v 0.890539 0.642052 -0.109184 
v 0.863651 0.612543 -0.107417 
v 0.868748 0.618104 -0.107758 
v 0.846401 0.594025 -0.106206 
v 0.846309 0.593926 -0.106199 
v 0.836191 0.583234 -0.105457 
v 0.828686 0.575302 -0.104907 
v 0.810781 0.556672 -0.103539 
v 0.823455 0.569859 -0.104507 
v 0.792596 0.538035 -0.102096 
v 0.799946 0.545568 -0.102679 
v 0.77413 0.519393 -0.100579 
v 0.755384 0.500746 -0.0989864 
v 0.775873 0.521153 -0.100722 
v 0.751205 0.496648 -0.0986202 
v 0.736359 0.482093 -0.0973192 
v 0.717055 0.463435 -0.0955773 
v 0.725958 0.47204 -0.0963807 
v 0.697473 0.444773 -0.0937607 
v 0.677612 0.426107 -0.0918695 
v 0.700143 0.447318 -0.0940084 
v 0.657474 0.407438 -0.0899036 
v 0.673734 0.422512 -0.0914909 
v 0.646741 0.397621 -0.0888308 
v 0.637059 0.388766 -0.0878631 
v 0.627525 0.380132 -0.0868944 
v 0.62171 0.374917 -0.0862936 
v 0.605434 0.360324 -0.084612 
v 0.619171 0.372641 -0.0860312 
v 0.583062 0.340541 -0.0822489 
v 0.591022 0.34758 -0.0830897 
v 0.560411 0.320785 -0.0798054 
v 0.537485 0.301056 -0.0772819 
v 0.562306 0.322437 -0.0800098 
v 0.533001 0.297248 -0.0767788 
v 0.514284 0.281355 -0.0746787 
v 0.490812 0.261686 -0.0719963 
v 0.503126 0.272005 -0.0734036 
v 0.467072 0.242049 -0.0692351 
v 0.443067 0.222446 -0.0663954 
v 0.472698 0.246702 -0.0698894 
v 0.441717 0.221358 -0.0662331 
v 0.418799 0.202881 -0.0634778 
v 0.394273 0.183354 -0.0604826 
v 0.410172 0.196012 -0.0624242 
v 0.369492 0.16387 -0.0574105 
v 0.3781 0.170639 -0.0584777 
v 0.344459 0.144431 -0.0542619 
v 0.31918 0.12504 -0.0510374 
v 0.345516 0.145252 -0.0543949 
v 0.293659 0.1057 -0.0477377 
v 0.312405 0.119905 -0.0501614 
v 0.267902 0.0864164 -0.0443634 
v 0.278809 0.0945822 -0.0457922 
v 0.241913 0.0671927 -0.0409152 
v 0.244754 0.0692939 -0.0412921 
v 1.09393 0.89732 -0.116556 
v 1.16539 1.00836 -0.115148 
v 1.22456 1.11641 -0.11097 
v 0.18491 0.0691526 -0.206568 
v 0.188761 0.0682628 -0.201566 
v 0.192502 0.0674366 -0.196469 
v 0.196129 0.0666746 -0.191282 
v 0.19964 0.0659772 -0.186007 
v 0.203034 0.065345 -0.180647 
v 0.206308 0.0647782 -0.175206 
v 0.20946 0.0642773 -0.169687 
v 0.212488 0.0638426 -0.164093 
v 0.21539 0.0634743 -0.158429 
v 0.218165 0.0631726 -0.152697 
v 0.22081 0.0629378 -0.146901 
v 0.223324 0.0627699 -0.141045 
v 0.225706 0.0626692 -0.135132 
v 0.227954 0.0626356 -0.129167 
v 0.230067 0.0626692 -0.123152 
v 0.232043 0.0627699 -0.117091 
v 0.233881 0.0629378 -0.110989 
v 0.23558 0.0631726 -0.104849 
v 0.237139 0.0634743 -0.0986742 
v 0.238557 0.0638426 -0.0924695 
v 0.239832 0.0642773 -0.0862383 
v 0.240965 0.0647782 -0.0799845 
v 0.241955 0.065345 -0.073712 
v 0.242801 0.0659772 -0.0674248 
v 0.243502 0.0666746 -0.0611266 
v 0.244057 0.0674366 -0.0548214 
v 0.244468 0.0682628 -0.0485132 
v 0.244733 0.0691526 -0.0422059 
v 0.218206 0.0934338 -0.219424 
v 0.222254 0.0925395 -0.213908 
v 0.22618 0.0917147 -0.208293 
v 0.229981 0.0909599 -0.202583 
v 0.233655 0.0902756 -0.196782 
v 0.237198 0.0896621 -0.190892 
v 0.24061 0.0891199 -0.184918 
v 0.243887 0.0886494 -0.178864 
v 0.247029 0.0882507 -0.172733 
v 0.250032 0.0879242 -0.166529 
v 0.252895 0.08767 -0.160255 
v 0.255617 0.0874883 -0.153917 
v 0.258195 0.0873793 -0.147517 
v 0.260629 0.0873429 -0.141059 
v 0.262915 0.0873793 -0.134549 
v 0.265054 0.0874883 -0.127989 
v 0.267044 0.08767 -0.121383 
v 0.268883 0.0879242 -0.114737 
v 0.27057 0.0882507 -0.108054 
v 0.272105 0.0886494 -0.101338 
v 0.273485 0.0891199 -0.0945931 
v 0.274712 0.0896621 -0.087824 
v 0.275783 0.0902756 -0.0810346 
v 0.276698 0.0909599 -0.0742292 
v 0.277457 0.0917147 -0.067412 
v 0.278059 0.0925395 -0.0605873 
v 0.278503 0.0934338 -0.0537593 
v 0.27879 0.094397 -0.0469321 
v 0.247275 0.118637 -0.236995 
v 0.214037 0.094397 -0.224838 
v 0.251625 0.117676 -0.231068 
v 0.255844 0.11679 -0.225035 
v 0.259928 0.115979 -0.218899 
v 0.263875 0.115244 -0.212665 
v 0.267683 0.114585 -0.206337 
v 0.271349 0.114002 -0.199918 
v 0.27487 0.113496 -0.193412 
v 0.278246 0.113068 -0.186824 
v 0.281473 0.112717 -0.180158 
v 0.28455 0.112444 -0.173417 
v 0.287474 0.112249 -0.166606 
v 0.290245 0.112132 -0.159729 
v 0.292859 0.112092 -0.15279 
v 0.295316 0.112132 -0.145794 
v 0.297615 0.112249 -0.138746 
v 0.299752 0.112444 -0.131648 
v 0.301728 0.112717 -0.124507 
v 0.303541 0.113068 -0.117325 
v 0.30519 0.113496 -0.110109 
v 0.306674 0.114002 -0.102861 
v 0.307992 0.114585 -0.0955877 
v 0.309143 0.115244 -0.0882924 
v 0.310126 0.115979 -0.0809798 
v 0.310942 0.11679 -0.0736546 
v 0.311588 0.117676 -0.0663213 
v 0.312066 0.118637 -0.0589844 
v 0.312374 0.119672 -0.0516485 
v 0.275951 0.143855 -0.254268 
v 0.242796 0.119672 -0.242813 
v 0.280596 0.142829 -0.247939 
v 0.285101 0.141882 -0.241497 
v 0.289462 0.141016 -0.234945 
v 0.293677 0.140231 -0.228288 
v 0.297743 0.139527 -0.221531 
v 0.301657 0.138905 -0.214676 
v 0.305418 0.138365 -0.20773 
v 0.309022 0.137908 -0.200695 
v 0.312468 0.137533 -0.193576 
v 0.315754 0.137242 -0.186378 
v 0.318876 0.137033 -0.179105 
v 0.321835 0.136908 -0.171762 
v 0.324627 0.136866 -0.164353 
v 0.32725 0.136908 -0.156882 
v 0.329704 0.137033 -0.149355 
v 0.331987 0.137242 -0.141777 
v 0.334097 0.137533 -0.134151 
v 0.336033 0.137908 -0.126482 
v 0.337794 0.138365 -0.118776 
v 0.339379 0.138905 -0.111038 
v 0.340786 0.139527 -0.103271 
v 0.342015 0.140231 -0.0954807 
v 0.343065 0.141016 -0.0876722 
v 0.343935 0.141882 -0.0798502 
v 0.344626 0.142829 -0.0720195 
v 0.345136 0.143855 -0.0641851 
v 0.345465 0.14496 -0.0563517 
v 0.304218 0.16907 -0.271234 
v 0.271168 0.14496 -0.26048 
v 0.309152 0.167981 -0.264512 
v 0.313936 0.166976 -0.25767 
v 0.318568 0.166056 -0.250712 
v 0.323044 0.165222 -0.243643 
v 0.327362 0.164474 -0.236466 
v 0.331519 0.163814 -0.229186 
v 0.335513 0.16324 -0.221809 
v 0.339341 0.162754 -0.214337 
v 0.343001 0.162356 -0.206777 
v 0.34649 0.162047 -0.199132 
v 0.349807 0.161825 -0.191408 
v 0.352949 0.161692 -0.183609 
v 0.355914 0.161648 -0.17574 
v 0.3587 0.161692 -0.167806 
v 0.361307 0.161825 -0.159813 
v 0.363731 0.162047 -0.151764 
v 0.365972 0.162356 -0.143665 
v 0.368028 0.162754 -0.135521 
v 0.369898 0.16324 -0.127336 
v 0.371581 0.163814 -0.119118 
v 0.373076 0.164474 -0.110869 
v 0.374381 0.165222 -0.102595 
v 0.375496 0.166056 -0.0943025 
v 0.376421 0.166976 -0.0859952 
v 0.377154 0.167981 -0.0776787 
v 0.377695 0.16907 -0.0693582 
v 0.378045 0.170244 -0.0610388 
v 0.332064 0.194269 -0.287886 
v 0.299138 0.170244 -0.277832 
v 0.337279 0.193117 -0.280781 
v 0.342336 0.192054 -0.273549 
v 0.347231 0.191082 -0.266194 
v 0.351963 0.190201 -0.258722 
v 0.356527 0.189411 -0.251136 
v 0.360921 0.188712 -0.243441 
v 0.365143 0.188106 -0.235643 
v 0.369189 0.187593 -0.227745 
v 0.373058 0.187172 -0.219754 
v 0.376746 0.186845 -0.211673 
v 0.380252 0.186611 -0.203509 
v 0.383573 0.18647 -0.195265 
v 0.386707 0.186423 -0.186948 
v 0.389652 0.18647 -0.178562 
v 0.392407 0.186611 -0.170112 
v 0.39497 0.186845 -0.161604 
v 0.397338 0.187172 -0.153044 
v 0.399512 0.187593 -0.144435 
v 0.401488 0.188106 -0.135785 
v 0.403267 0.188712 -0.127097 
v 0.404847 0.189411 -0.118378 
v 0.406226 0.190201 -0.109633 
v 0.407405 0.191082 -0.100867 
v 0.408383 0.192054 -0.0920863 
v 0.409158 0.193117 -0.0832957 
v 0.40973 0.194269 -0.0745008 
v 0.410099 0.195509 -0.0657071 
v 0.359477 0.219437 -0.304218 
v 0.326694 0.195509 -0.29486 
v 0.364966 0.218224 -0.296739 
v 0.370289 0.217106 -0.289127 
v 0.375442 0.216083 -0.281385 
v 0.380422 0.215155 -0.27352 
v 0.385226 0.214323 -0.265535 
v 0.389852 0.213588 -0.257435 
v 0.394295 0.21295 -0.249227 
v 0.398555 0.212409 -0.240914 
v 0.402626 0.211967 -0.232503 
v 0.406509 0.211622 -0.223997 
v 0.410199 0.211376 -0.215403 
v 0.413694 0.211228 -0.206726 
v 0.416993 0.211179 -0.197971 
v 0.420094 0.211228 -0.189144 
v 0.422993 0.211376 -0.18025 
v 0.425691 0.211622 -0.171295 
v 0.428184 0.211967 -0.162284 
v 0.430472 0.212409 -0.153223 
v 0.432552 0.21295 -0.144117 
v 0.434425 0.213588 -0.134973 
v 0.436087 0.214323 -0.125795 
v 0.43754 0.215155 -0.11659 
v 0.43878 0.216083 -0.107364 
v 0.439809 0.217106 -0.0981209 
v 0.440625 0.218224 -0.088868 
v 0.441227 0.219437 -0.0796105 
v 0.441616 0.220743 -0.0703544 
v 0.386447 0.244562 -0.320225 
v 0.353825 0.220743 -0.311559 
v 0.392204 0.243291 -0.312382 
v 0.397786 0.242118 -0.304399 
v 0.403189 0.241045 -0.296281 
v 0.408412 0.240072 -0.288032 
v 0.41345 0.2392 -0.279659 
v 0.418301 0.238429 -0.271165 
v 0.422961 0.23776 -0.262557 
v 0.427427 0.237193 -0.25384 
v 0.431697 0.236728 -0.245019 
v 0.435769 0.236367 -0.236099 
v 0.439638 0.236109 -0.227087 
v 0.443304 0.235954 -0.217988 
v 0.446764 0.235902 -0.208807 
v 0.450015 0.235954 -0.19955 
v 0.453056 0.236109 -0.190223 
v 0.455884 0.236367 -0.180832 
v 0.458499 0.236728 -0.171382 
v 0.460898 0.237193 -0.16188 
v 0.46308 0.23776 -0.152332 
v 0.465043 0.238429 -0.142742 
v 0.466787 0.2392 -0.133118 
v 0.46831 0.240072 -0.123465 
v 0.469611 0.241045 -0.113789 
v 0.47069 0.242118 -0.104096 
v 0.471545 0.243291 -0.0943932 
v 0.472177 0.244562 -0.0846852 
v 0.472585 0.245932 -0.0749785 
v 0.412968 0.269634 -0.335903 
v 0.38052 0.245932 -0.327923 
v 0.418985 0.268305 -0.327705 
v 0.424819 0.267079 -0.319362 
v 0.430467 0.265958 -0.310877 
v 0.435925 0.264941 -0.302256 
v 0.441191 0.264029 -0.293504 
v 0.446261 0.263223 -0.284627 
v 0.451131 0.262524 -0.27563 
v 0.4558 0.261932 -0.266519 
v 0.460263 0.261446 -0.257299 
v 0.464518 0.261069 -0.247977 
v 0.468562 0.260799 -0.238557 
v 0.472393 0.260637 -0.229047 
v 0.476009 0.260583 -0.219451 
v 0.479407 0.260637 -0.209776 
v 0.482586 0.260799 -0.200028 
v 0.485542 0.261069 -0.190213 
v 0.488275 0.261446 -0.180336 
v 0.490782 0.261932 -0.170405 
v 0.493063 0.262524 -0.160425 
v 0.495115 0.263223 -0.150402 
v 0.496937 0.264029 -0.140343 
v 0.498529 0.264941 -0.130254 
v 0.499889 0.265958 -0.120141 
v 0.501016 0.267079 -0.110011 
v 0.50191 0.268305 -0.0998693 
v 0.502571 0.269634 -0.0897227 
v 0.502997 0.271065 -0.0795776 
v 0.439033 0.294642 -0.351248 
v 0.406774 0.271065 -0.343948 
v 0.445303 0.293257 -0.342706 
v 0.451382 0.29198 -0.334012 
v 0.457267 0.290811 -0.325171 
v 0.462955 0.289752 -0.316187 
v 0.468442 0.288802 -0.307067 
v 0.473725 0.287962 -0.297817 
v 0.4788 0.287233 -0.288442 
v 0.483665 0.286616 -0.278948 
v 0.488315 0.28611 -0.269341 
v 0.492749 0.285717 -0.259627 
v 0.496964 0.285436 -0.249812 
v 0.500956 0.285267 -0.239902 
v 0.504724 0.28521 -0.229903 
v 0.508265 0.285267 -0.219821 
v 0.511576 0.285436 -0.209663 
v 0.514657 0.285717 -0.199435 
v 0.517505 0.28611 -0.189144 
v 0.520117 0.286616 -0.178795 
v 0.522494 0.287233 -0.168395 
v 0.524632 0.287962 -0.157951 
v 0.526531 0.288802 -0.14747 
v 0.52819 0.289752 -0.136957 
v 0.529607 0.290811 -0.126419 
v 0.530782 0.29198 -0.115862 
v 0.531713 0.293257 -0.105295 
v 0.532401 0.294642 -0.0947215 
v 0.532845 0.296133 -0.08415 
v 0.464637 0.319578 -0.366259 
v 0.432578 0.296133 -0.359632 
v 0.471152 0.318139 -0.357383 
v 0.477469 0.316811 -0.348348 
v 0.483586 0.315597 -0.33916 
v 0.489497 0.314495 -0.329824 
v 0.495199 0.313508 -0.320347 
v 0.500688 0.312636 -0.310735 
v 0.505963 0.311879 -0.300992 
v 0.511018 0.311237 -0.291126 
v 0.51585 0.310712 -0.281143 
v 0.520458 0.310303 -0.271048 
v 0.524838 0.31001 -0.260848 
v 0.528986 0.309835 -0.250549 
v 0.532902 0.309776 -0.240159 
v 0.536581 0.309835 -0.229682 
v 0.540023 0.31001 -0.219126 
v 0.543224 0.310303 -0.208497 
v 0.546184 0.310712 -0.197802 
v 0.548899 0.311237 -0.187048 
v 0.551368 0.311879 -0.176241 
v 0.55359 0.312636 -0.165388 
v 0.555564 0.313508 -0.154495 
v 0.557288 0.314495 -0.14357 
v 0.55876 0.315597 -0.132619 
v 0.559981 0.316811 -0.121649 
v 0.560949 0.318139 -0.110667 
v 0.561664 0.319578 -0.09968 
v 0.562126 0.321128 -0.0886942 
v 0.489776 0.344432 -0.380935 
v 0.457929 0.321128 -0.374972 
v 0.496529 0.342941 -0.371733 
v 0.503078 0.341565 -0.362368 
v 0.509418 0.340306 -0.352843 
v 0.515545 0.339164 -0.343166 
v 0.521456 0.338141 -0.333342 
v 0.527147 0.337237 -0.323377 
v 0.532614 0.336452 -0.313278 
v 0.537854 0.335787 -0.303051 
v 0.542864 0.335242 -0.292702 
v 0.54764 0.334818 -0.282238 
v 0.55218 0.334515 -0.271665 
v 0.556481 0.334333 -0.260989 
v 0.560539 0.334272 -0.250218 
v 0.564354 0.334333 -0.239358 
v 0.567921 0.334515 -0.228415 
v 0.57124 0.334818 -0.217398 
v 0.574307 0.335242 -0.206311 
v 0.577122 0.335787 -0.195163 
v 0.579682 0.336452 -0.18396 
v 0.581985 0.337237 -0.17271 
v 0.584031 0.338141 -0.161419 
v 0.585818 0.339164 -0.150094 
v 0.587344 0.340306 -0.138742 
v 0.58861 0.341565 -0.12737 
v 0.589614 0.342941 -0.115986 
v 0.590355 0.344432 -0.104597 
v 0.590833 0.346039 -0.0932089 
v 0.514447 0.369199 -0.395273 
v 0.482822 0.346039 -0.389966 
v 0.521431 0.367656 -0.385757 
v 0.528204 0.366233 -0.37607 
v 0.534761 0.364931 -0.36622 
v 0.541098 0.36375 -0.356211 
v 0.547212 0.362692 -0.34605 
v 0.553097 0.361757 -0.335745 
v 0.558752 0.360945 -0.3253 
v 0.564171 0.360257 -0.314722 
v 0.569353 0.359694 -0.304019 
v 0.574293 0.359255 -0.293196 
v 0.578988 0.358942 -0.282261 
v 0.583436 0.358754 -0.271219 
v 0.587634 0.358691 -0.260079 
v 0.591579 0.358754 -0.248847 
v 0.595268 0.358942 -0.23753 
v 0.598701 0.359255 -0.226135 
v 0.601873 0.359694 -0.214669 
v 0.604784 0.360257 -0.203139 
v 0.607432 0.360945 -0.191553 
v 0.609814 0.361757 -0.179917 
v 0.61193 0.362692 -0.168239 
v 0.613778 0.36375 -0.156526 
v 0.615357 0.364931 -0.144785 
v 0.616666 0.366233 -0.133025 
v 0.617704 0.367656 -0.121251 
v 0.61847 0.369199 -0.109471 
v 0.618965 0.370861 -0.097693 
v 0.538647 0.39387 -0.409274 
v 0.507255 0.370861 -0.404614 
v 0.545856 0.392278 -0.399453 
v 0.552846 0.390809 -0.389455 
v 0.559614 0.389465 -0.379288 
v 0.566154 0.388247 -0.368959 
v 0.572464 0.387155 -0.358472 
v 0.578538 0.386189 -0.347836 
v 0.584374 0.385351 -0.337055 
v 0.589967 0.384642 -0.326139 
v 0.595315 0.38406 -0.315092 
v 0.600413 0.383608 -0.303922 
v 0.605259 0.383284 -0.292635 
v 0.60985 0.38309 -0.28124 
v 0.614183 0.383025 -0.269742 
v 0.618254 0.38309 -0.25815 
v 0.622062 0.383284 -0.24647 
v 0.625605 0.383608 -0.234709 
v 0.628879 0.38406 -0.222875 
v 0.631883 0.384642 -0.210975 
v 0.634616 0.385351 -0.199017 
v 0.637075 0.386189 -0.187008 
v 0.639258 0.387155 -0.174955 
v 0.641166 0.388247 -0.162866 
v 0.642795 0.389465 -0.150749 
v 0.644146 0.390809 -0.138611 
v 0.645217 0.392278 -0.126459 
v 0.646009 0.39387 -0.114301 
v 0.646519 0.395585 -0.102145 
v 0.55473 0.420207 -0.432869 
v 0.531224 0.395585 -0.418914 
v 0.523592 0.397422 -0.428367 
v 0.562376 0.418441 -0.422938 
v 0.569802 0.4168 -0.412821 
v 0.577002 0.415288 -0.402523 
v 0.583974 0.413903 -0.39205 
v 0.590711 0.412648 -0.381409 
v 0.59721 0.411523 -0.370607 
v 0.603468 0.410528 -0.35965 
v 0.609479 0.409665 -0.348546 
v 0.615241 0.408934 -0.3373 
v 0.62075 0.408335 -0.325921 
v 0.626001 0.407869 -0.314415 
v 0.630993 0.407536 -0.302789 
v 0.635722 0.407336 -0.29105 
v 0.640185 0.407269 -0.279206 
v 0.644379 0.407336 -0.267265 
v 0.648302 0.407536 -0.255233 
v 0.651951 0.407869 -0.243118 
v 0.655324 0.408335 -0.230928 
v 0.658419 0.408934 -0.21867 
v 0.661233 0.409665 -0.206352 
v 0.663766 0.410528 -0.193982 
v 0.666016 0.411523 -0.181566 
v 0.66798 0.412648 -0.169113 
v 0.669659 0.413903 -0.156631 
v 0.67105 0.415288 -0.144128 
v 0.672154 0.4168 -0.13161 
v 0.672969 0.418441 -0.119087 
v 0.673495 0.420207 -0.106565 
v 0.673731 0.422099 -0.0940527 
v 0.646748 0.397422 -0.0899986 
v 0.577771 0.444721 -0.446476 
v 0.546868 0.422099 -0.442605 
v 0.585633 0.442904 -0.436265 
v 0.593269 0.441218 -0.425862 
v 0.600673 0.439662 -0.415273 
v 0.607841 0.438239 -0.404504 
v 0.614769 0.436948 -0.393563 
v 0.621452 0.435791 -0.382455 
v 0.627886 0.434768 -0.371189 
v 0.634067 0.433881 -0.35977 
v 0.639992 0.433129 -0.348207 
v 0.645656 0.432513 -0.336506 
v 0.651056 0.432034 -0.324675 
v 0.656189 0.431691 -0.31272 
v 0.661052 0.431486 -0.30065 
v 0.665641 0.431417 -0.288472 
v 0.669954 0.431486 -0.276193 
v 0.673987 0.431691 -0.263821 
v 0.677739 0.432034 -0.251364 
v 0.681208 0.432513 -0.238829 
v 0.68439 0.433129 -0.226225 
v 0.687284 0.433881 -0.213559 
v 0.689889 0.434768 -0.200838 
v 0.692202 0.435791 -0.188072 
v 0.694222 0.436948 -0.175267 
v 0.695948 0.438239 -0.162433 
v 0.697379 0.439662 -0.149576 
v 0.698513 0.441218 -0.136704 
v 0.699351 0.442904 -0.123827 
v 0.699892 0.444721 -0.110951 
v 0.700135 0.446666 -0.0980853 
v 0.600347 0.469121 -0.459739 
v 0.569687 0.446666 -0.456488 
v 0.608418 0.467256 -0.449257 
v 0.616256 0.465525 -0.438577 
v 0.623857 0.463928 -0.427706 
v 0.631216 0.462466 -0.416652 
v 0.638327 0.461142 -0.40542 
v 0.645188 0.459954 -0.394017 
v 0.651793 0.458904 -0.382452 
v 0.658139 0.457993 -0.37073 
v 0.66422 0.457221 -0.35886 
v 0.670035 0.456589 -0.346848 
v 0.675579 0.456097 -0.334702 
v 0.680848 0.455745 -0.32243 
v 0.68584 0.455534 -0.31004 
v 0.690551 0.455464 -0.297538 
v 0.694978 0.455534 -0.284933 
v 0.699119 0.455745 -0.272233 
v 0.70297 0.456097 -0.259445 
v 0.706531 0.456589 -0.246577 
v 0.709798 0.457221 -0.233638 
v 0.712769 0.457993 -0.220635 
v 0.715442 0.458904 -0.207577 
v 0.717817 0.459954 -0.194472 
v 0.71989 0.461142 -0.181327 
v 0.721662 0.462466 -0.168152 
v 0.723131 0.463928 -0.154953 
v 0.724296 0.465525 -0.14174 
v 0.725156 0.467256 -0.128521 
v 0.725711 0.469121 -0.115303 
v 0.725961 0.471118 -0.102096 
v 0.622459 0.493403 -0.472657 
v 0.592048 0.471118 -0.470017 
v 0.630731 0.491492 -0.461913 
v 0.638766 0.489717 -0.450967 
v 0.646556 0.48808 -0.439825 
v 0.654098 0.486582 -0.428494 
v 0.661388 0.485224 -0.416982 
v 0.66842 0.484007 -0.405295 
v 0.67519 0.482931 -0.39344 
v 0.681694 0.481997 -0.381426 
v 0.687927 0.481206 -0.369259 
v 0.693887 0.480558 -0.356947 
v 0.699569 0.480054 -0.344498 
v 0.70497 0.479693 -0.33192 
v 0.710087 0.479477 -0.31922 
v 0.714915 0.479405 -0.306406 
v 0.719453 0.479477 -0.293486 
v 0.723697 0.479693 -0.280469 
v 0.727645 0.480054 -0.267361 
v 0.731294 0.480558 -0.254173 
v 0.734643 0.481206 -0.24091 
v 0.737688 0.481997 -0.227583 
v 0.740428 0.482931 -0.214199 
v 0.742862 0.484007 -0.200766 
v 0.744988 0.485224 -0.187293 
v 0.746804 0.486582 -0.173789 
v 0.748309 0.48808 -0.160261 
v 0.749503 0.489717 -0.146718 
v 0.750385 0.491492 -0.133168 
v 0.750954 0.493403 -0.119621 
v 0.751209 0.49545 -0.106083 
v 0.644108 0.517563 -0.485233 
v 0.613953 0.49545 -0.483192 
v 0.652575 0.515607 -0.474237 
v 0.660797 0.513791 -0.463033 
v 0.668771 0.512115 -0.451629 
v 0.676491 0.510582 -0.440033 
v 0.683951 0.509192 -0.42825 
v 0.691148 0.507946 -0.416288 
v 0.698077 0.506845 -0.404155 
v 0.704734 0.50589 -0.391858 
v 0.711114 0.50508 -0.379406 
v 0.717214 0.504417 -0.366805 
v 0.72303 0.5039 -0.354064 
v 0.728558 0.503531 -0.34119 
v 0.733794 0.50331 -0.328191 
v 0.738736 0.503236 -0.315076 
v 0.74338 0.50331 -0.301853 
v 0.747724 0.503531 -0.288529 
v 0.751765 0.5039 -0.275114 
v 0.7555 0.504417 -0.261616 
v 0.758927 0.50508 -0.248042 
v 0.762044 0.50589 -0.234401 
v 0.764849 0.506845 -0.220703 
v 0.767339 0.507946 -0.206955 
v 0.769515 0.509192 -0.193165 
v 0.771374 0.510582 -0.179343 
v 0.772915 0.512115 -0.165497 
v 0.774137 0.513791 -0.151636 
v 0.775039 0.515607 -0.137768 
v 0.775621 0.517563 -0.123902 
v 0.775883 0.519658 -0.110047 
v 0.665295 0.541598 -0.497468 
v 0.635402 0.519658 -0.496015 
v 0.673949 0.539598 -0.486229 
v 0.682354 0.537742 -0.474778 
v 0.690504 0.536029 -0.463122 
v 0.698394 0.534462 -0.451268 
v 0.706019 0.533042 -0.439225 
v 0.713376 0.531768 -0.426999 
v 0.720458 0.530643 -0.414598 
v 0.727262 0.529666 -0.402029 
v 0.733783 0.528838 -0.389301 
v 0.740018 0.52816 -0.376422 
v 0.745962 0.527633 -0.363399 
v 0.751612 0.527256 -0.35024 
v 0.756964 0.527029 -0.336954 
v 0.762016 0.526954 -0.323549 
v 0.766763 0.527029 -0.310033 
v 0.771203 0.527256 -0.296415 
v 0.775333 0.527633 -0.282704 
v 0.77915 0.52816 -0.268907 
v 0.782653 0.528838 -0.255033 
v 0.785839 0.529666 -0.241091 
v 0.788705 0.530643 -0.227089 
v 0.791251 0.531768 -0.213037 
v 0.793475 0.533042 -0.198943 
v 0.795375 0.534462 -0.184815 
v 0.79695 0.536029 -0.170663 
v 0.798199 0.537742 -0.156496 
v 0.799121 0.539598 -0.142321 
v 0.799716 0.541598 -0.128149 
v 0.799984 0.543739 -0.113987 
v 0.686023 0.565503 -0.509365 
v 0.656397 0.543739 -0.508489 
v 0.694857 0.563462 -0.497892 
v 0.703436 0.561567 -0.486202 
v 0.711756 0.559819 -0.474304 
v 0.71981 0.558219 -0.462204 
v 0.727595 0.556769 -0.449909 
v 0.735104 0.555469 -0.437429 
v 0.742334 0.55432 -0.42477 
v 0.749279 0.553323 -0.41194 
v 0.755936 0.552478 -0.398947 
v 0.762301 0.551786 -0.385799 
v 0.768369 0.551247 -0.372505 
v 0.774136 0.550862 -0.359072 
v 0.7796 0.550631 -0.34551 
v 0.784756 0.550554 -0.331826 
v 0.789602 0.550631 -0.318029 
v 0.794135 0.550862 -0.304128 
v 0.798351 0.551247 -0.29013 
v 0.802248 0.551786 -0.276046 
v 0.805823 0.552478 -0.261883 
v 0.809075 0.553323 -0.247651 
v 0.812002 0.55432 -0.233358 
v 0.814601 0.555469 -0.219014 
v 0.81687 0.556769 -0.204626 
v 0.81881 0.558219 -0.190205 
v 0.820418 0.559819 -0.175758 
v 0.821693 0.561567 -0.161296 
v 0.822634 0.563462 -0.146826 
v 0.823242 0.565503 -0.132359 
v 0.823515 0.567689 -0.117902 
v 0.706293 0.589276 -0.520926 
v 0.676939 0.567689 -0.520615 
v 0.7153 0.587195 -0.509228 
v 0.724047 0.585263 -0.497309 
v 0.73253 0.58348 -0.485177 
v 0.740742 0.58185 -0.47284 
v 0.748679 0.580371 -0.460305 
v 0.756336 0.579046 -0.44758 
v 0.763707 0.577874 -0.434673 
v 0.770789 0.576857 -0.421591 
v 0.777576 0.575996 -0.408344 
v 0.784065 0.57529 -0.394939 
v 0.790252 0.574741 -0.381384 
v 0.796133 0.574349 -0.367688 
v 0.801703 0.574113 -0.35386 
v 0.806961 0.574035 -0.339908 
v 0.811902 0.574113 -0.325841 
v 0.816523 0.574349 -0.311667 
v 0.820821 0.574741 -0.297395 
v 0.824795 0.57529 -0.283035 
v 0.828441 0.575996 -0.268595 
v 0.831756 0.576857 -0.254084 
v 0.83474 0.577874 -0.239511 
v 0.83739 0.579046 -0.224885 
v 0.839704 0.580371 -0.210215 
v 0.841682 0.58185 -0.195511 
v 0.843321 0.58348 -0.180782 
v 0.844621 0.585263 -0.166036 
v 0.845581 0.587195 -0.151283 
v 0.8462 0.589276 -0.136532 
v 0.846479 0.591505 -0.121792 
v 0.716675 0.615184 -0.543835 
v 0.697031 0.591505 -0.532396 
v 0.687522 0.59388 -0.543631 
v 0.726108 0.612914 -0.532153 
v 0.735281 0.610795 -0.520239 
v 0.74419 0.608827 -0.5081 
v 0.752829 0.607012 -0.495745 
v 0.761193 0.605351 -0.48318 
v 0.769276 0.603845 -0.470414 
v 0.777074 0.602495 -0.457454 
v 0.784581 0.601302 -0.444309 
v 0.791793 0.600267 -0.430986 
v 0.798706 0.599389 -0.417494 
v 0.805315 0.598671 -0.403841 
v 0.811616 0.598111 -0.390037 
v 0.817605 0.597712 -0.376088 
v 0.823278 0.597472 -0.362005 
v 0.828633 0.597392 -0.347796 
v 0.833665 0.597472 -0.333469 
v 0.838371 0.597712 -0.319034 
v 0.842749 0.598111 -0.304499 
v 0.846796 0.598671 -0.289874 
v 0.850509 0.599389 -0.275167 
v 0.853886 0.600267 -0.260389 
v 0.856924 0.601302 -0.245547 
v 0.859623 0.602495 -0.230651 
v 0.86198 0.603845 -0.215711 
v 0.863994 0.605351 -0.200736 
v 0.865664 0.607012 -0.185735 
v 0.866988 0.608827 -0.170717 
v 0.867965 0.610795 -0.155691 
v 0.868596 0.612914 -0.140668 
v 0.86888 0.615184 -0.125657 
v 0.868816 0.617603 -0.110666 
v 0.846416 0.59388 -0.107073 
v 0.735875 0.638725 -0.554933 
v 0.70699 0.617603 -0.555277 
v 0.74547 0.636416 -0.543049 
v 0.754803 0.634259 -0.530928 
v 0.763867 0.632257 -0.518579 
v 0.772656 0.630411 -0.506009 
v 0.781165 0.628721 -0.493226 
v 0.789388 0.627189 -0.480238 
v 0.797321 0.625815 -0.467053 
v 0.804959 0.624602 -0.453679 
v 0.812297 0.623548 -0.440125 
v 0.819329 0.622656 -0.426399 
v 0.826053 0.621925 -0.41251 
v 0.832463 0.621356 -0.398466 
v 0.838556 0.620949 -0.384275 
v 0.844328 0.620705 -0.369947 
v 0.849776 0.620623 -0.355491 
v 0.854895 0.620705 -0.340916 
v 0.859683 0.620949 -0.32623 
v 0.864137 0.621356 -0.311443 
v 0.868254 0.621925 -0.296564 
v 0.872031 0.622656 -0.281602 
v 0.875467 0.623548 -0.266566 
v 0.878558 0.624602 -0.251467 
v 0.881304 0.625815 -0.236313 
v 0.883702 0.627189 -0.221113 
v 0.885751 0.628721 -0.205878 
v 0.887449 0.630411 -0.190616 
v 0.888796 0.632257 -0.175338 
v 0.889791 0.634259 -0.160052 
v 0.890433 0.636416 -0.144768 
v 0.890721 0.638725 -0.129495 
v 0.890656 0.641186 -0.114244 
v 0.754632 0.662125 -0.565695 
v 0.726022 0.641186 -0.566575 
v 0.764385 0.659778 -0.553617 
v 0.77387 0.657586 -0.541298 
v 0.783081 0.655551 -0.528747 
v 0.792014 0.653675 -0.515972 
v 0.800662 0.651957 -0.50298 
v 0.80902 0.6504 -0.48978 
v 0.817083 0.649005 -0.47638 
v 0.824845 0.647771 -0.462788 
v 0.832302 0.6467 -0.449012 
v 0.83945 0.645793 -0.435062 
v 0.846283 0.64505 -0.420946 
v 0.852798 0.644472 -0.406672 
v 0.858991 0.644058 -0.39225 
v 0.864857 0.64381 -0.377688 
v 0.870394 0.643728 -0.362995 
v 0.875596 0.64381 -0.348182 
v 0.880463 0.644058 -0.333256 
v 0.884989 0.644472 -0.318227 
v 0.889174 0.64505 -0.303105 
v 0.893013 0.645793 -0.287899 
v 0.896504 0.6467 -0.272618 
v 0.899646 0.647771 -0.257272 
v 0.902437 0.649005 -0.24187 
v 0.904874 0.6504 -0.226423 
v 0.906956 0.651957 -0.210939 
v 0.908683 0.653675 -0.195428 
v 0.910052 0.655551 -0.179899 
v 0.911063 0.657586 -0.164364 
v 0.911715 0.659778 -0.14883 
v 0.912008 0.662125 -0.133308 
v 0.911942 0.664626 -0.117808 
v 0.772951 0.685382 -0.576124 
v 0.744618 0.664626 -0.577527 
v 0.782853 0.682999 -0.56386 
v 0.792484 0.680774 -0.551352 
v 0.801837 0.678708 -0.538608 
v 0.810907 0.676802 -0.525636 
v 0.819688 0.675059 -0.512445 
v 0.828174 0.673478 -0.499042 
v 0.836361 0.67206 -0.485436 
v 0.844242 0.670808 -0.471635 
v 0.851814 0.669721 -0.457648 
v 0.859072 0.6688 -0.443484 
v 0.86601 0.668045 -0.429151 
v 0.872625 0.667458 -0.414658 
v 0.878913 0.667038 -0.400014 
v 0.884869 0.666787 -0.385228 
v 0.890491 0.666703 -0.37031 
v 0.895774 0.666787 -0.355269 
v 0.900715 0.667038 -0.340114 
v 0.905311 0.667458 -0.324855 
v 0.909559 0.668045 -0.3095 
v 0.913457 0.6688 -0.29406 
v 0.917003 0.669721 -0.278545 
v 0.920193 0.670808 -0.262963 
v 0.923026 0.67206 -0.247325 
v 0.925501 0.673478 -0.23164 
v 0.927615 0.675059 -0.215918 
v 0.929368 0.676802 -0.200168 
v 0.930758 0.678708 -0.184401 
v 0.931785 0.680774 -0.168627 
v 0.932447 0.682999 -0.152855 
v 0.932745 0.685382 -0.137095 
v 0.932678 0.687922 -0.121356 
v 0.790835 0.708496 -0.586222 
v 0.762783 0.687922 -0.588137 
v 0.800881 0.706079 -0.573781 
v 0.81065 0.703821 -0.561092 
v 0.820139 0.701725 -0.548165 
v 0.829339 0.699792 -0.535006 
v 0.838247 0.698023 -0.521624 
v 0.846856 0.69642 -0.508028 
v 0.85516 0.694982 -0.494225 
v 0.863156 0.693711 -0.480225 
v 0.870837 0.692608 -0.466036 
v 0.878199 0.691674 -0.451667 
v 0.885238 0.690909 -0.437127 
v 0.891948 0.690313 -0.422425 
v 0.898327 0.689887 -0.407569 
v 0.904369 0.689632 -0.392571 
v 0.910072 0.689547 -0.377437 
v 0.915431 0.689632 -0.362179 
v 0.920443 0.689887 -0.346805 
v 0.925106 0.690313 -0.331325 
v 0.929416 0.690909 -0.315749 
v 0.93337 0.691674 -0.300086 
v 0.936967 0.692608 -0.284347 
v 0.940203 0.693711 -0.26854 
v 0.943077 0.694982 -0.252676 
v 0.945587 0.69642 -0.236764 
v 0.947732 0.698023 -0.220815 
v 0.94951 0.699792 -0.204839 
v 0.95092 0.701725 -0.188844 
v 0.951962 0.703821 -0.172842 
v 0.952634 0.706079 -0.156842 
v 0.952936 0.708496 -0.140855 
v 0.952868 0.711072 -0.124889 
v 0.808288 0.731465 -0.595993 
v 0.78052 0.711072 -0.598409 
v 0.81847 0.729014 -0.583383 
v 0.828372 0.726726 -0.570523 
v 0.837989 0.724602 -0.55742 
v 0.847314 0.722643 -0.544083 
v 0.856343 0.72085 -0.53052 
v 0.865068 0.719224 -0.516739 
v 0.873486 0.717767 -0.502749 
v 0.881589 0.716479 -0.488559 
v 0.889375 0.715362 -0.474178 
v 0.896837 0.714415 -0.459614 
v 0.903971 0.713639 -0.444877 
v 0.910772 0.713035 -0.429975 
v 0.917237 0.712604 -0.414919 
v 0.923362 0.712345 -0.399716 
v 0.929141 0.712258 -0.384378 
v 0.934573 0.712345 -0.368913 
v 0.939654 0.712604 -0.353331 
v 0.944379 0.713035 -0.337641 
v 0.948748 0.713639 -0.321854 
v 0.952755 0.714415 -0.305979 
v 0.956401 0.715362 -0.290026 
v 0.959681 0.716479 -0.274004 
v 0.962594 0.717767 -0.257925 
v 0.965139 0.719224 -0.241798 
v 0.967312 0.72085 -0.225633 
v 0.969115 0.722643 -0.20944 
v 0.970544 0.724602 -0.193228 
v 0.971599 0.726726 -0.177009 
v 0.97228 0.729014 -0.160793 
v 0.972586 0.731465 -0.144588 
v 0.972517 0.734076 -0.128406 
v 0.825314 0.754287 -0.605441 
v 0.797834 0.734076 -0.608345 
v 0.835625 0.751806 -0.592671 
v 0.845653 0.749489 -0.579647 
v 0.855393 0.747338 -0.566377 
v 0.864837 0.745353 -0.55287 
v 0.87398 0.743538 -0.539135 
v 0.882816 0.741891 -0.525179 
v 0.891341 0.740416 -0.511011 
v 0.899548 0.739112 -0.496641 
v 0.907432 0.73798 -0.482077 
v 0.914989 0.73702 -0.467327 
v 0.922214 0.736235 -0.452403 
v 0.929102 0.735624 -0.437312 
v 0.935649 0.735187 -0.422064 
v 0.941851 0.734924 -0.406668 
v 0.947704 0.734837 -0.391134 
v 0.953205 0.734924 -0.375472 
v 0.95835 0.735187 -0.359692 
v 0.963136 0.735624 -0.343803 
v 0.96756 0.736235 -0.327815 
v 0.971619 0.73702 -0.311738 
v 0.97531 0.73798 -0.295582 
v 0.978632 0.739112 -0.279357 
v 0.981583 0.740416 -0.263073 
v 0.984159 0.741891 -0.246741 
v 0.986361 0.743538 -0.23037 
v 0.988186 0.745353 -0.213971 
v 0.989633 0.747338 -0.197554 
v 0.990702 0.749489 -0.181128 
v 0.991392 0.751806 -0.164705 
v 0.991702 0.754287 -0.148295 
v 0.991632 0.756932 -0.131907 
v 0.831203 0.779639 -0.627227 
v 0.814727 0.756932 -0.61795 
v 0.803869 0.759737 -0.63019 
v 0.841917 0.776963 -0.614569 
v 0.852351 0.774452 -0.601646 
v 0.862499 0.772107 -0.588467 
v 0.872354 0.769931 -0.575039 
v 0.881911 0.767923 -0.561372 
v 0.891163 0.766085 -0.547472 
v 0.900104 0.76442 -0.53335 
v 0.90873 0.762926 -0.519014 
v 0.917035 0.761606 -0.504472 
v 0.925013 0.760461 -0.489734 
v 0.93266 0.759491 -0.474809 
v 0.939971 0.758696 -0.459707 
v 0.946941 0.758077 -0.444436 
v 0.953566 0.757635 -0.429006 
v 0.959843 0.757369 -0.413427 
v 0.965766 0.757281 -0.397708 
v 0.971332 0.757369 -0.38186 
v 0.976538 0.757635 -0.365891 
v 0.981381 0.758077 -0.349813 
v 0.985858 0.758696 -0.333634 
v 0.989965 0.759491 -0.317365 
v 0.993701 0.760461 -0.301017 
v 0.997062 0.761606 -0.284599 
v 1.00005 0.762926 -0.268121 
v 1.00266 0.76442 -0.251594 
v 1.00488 0.766085 -0.235028 
v 1.00673 0.767923 -0.218434 
v 1.00819 0.769931 -0.201821 
v 1.00928 0.772107 -0.1852 
v 1.00997 0.774452 -0.168581 
v 1.01029 0.776963 -0.151975 
v 1.01022 0.779639 -0.135391 
v 1.00976 0.782478 -0.118841 
v 0.991182 0.759737 -0.115552 
v 0.847268 0.802197 -0.63618 
v 0.820217 0.782478 -0.639613 
v 0.858101 0.799492 -0.62338 
v 0.868651 0.796953 -0.610313 
v 0.878912 0.794582 -0.596987 
v 0.888877 0.792381 -0.58341 
v 0.89854 0.79035 -0.56959 
v 0.907896 0.788493 -0.555535 
v 0.916937 0.786808 -0.541256 
v 0.925659 0.785298 -0.526759 
v 0.934057 0.783964 -0.512056 
v 0.942124 0.782805 -0.497153 
v 0.949856 0.781824 -0.482062 
v 0.957248 0.78102 -0.466791 
v 0.964296 0.780395 -0.45135 
v 0.970995 0.779948 -0.435748 
v 0.977341 0.779679 -0.419995 
v 0.983331 0.77959 -0.404101 
v 0.988959 0.779679 -0.388076 
v 0.994223 0.779948 -0.371929 
v 0.99912 0.780395 -0.355672 
v 1.00365 0.78102 -0.339313 
v 1.0078 0.781824 -0.322863 
v 1.01158 0.782805 -0.306332 
v 1.01498 0.783964 -0.289731 
v 1.01799 0.785298 -0.273069 
v 1.02063 0.786808 -0.256358 
v 1.02288 0.788493 -0.239607 
v 1.02475 0.79035 -0.222828 
v 1.02623 0.792381 -0.206029 
v 1.02733 0.794582 -0.189223 
v 1.02803 0.796953 -0.172419 
v 1.02835 0.799492 -0.155628 
v 1.02828 0.802197 -0.138859 
v 1.02782 0.805068 -0.122125 
v 0.862924 0.824606 -0.644811 
v 0.836159 0.805068 -0.648703 
v 0.87387 0.821872 -0.631879 
v 0.88453 0.819307 -0.618676 
v 0.894898 0.816911 -0.605211 
v 0.904967 0.814687 -0.591492 
v 0.914731 0.812636 -0.577528 
v 0.924184 0.810759 -0.563327 
v 0.933319 0.809057 -0.548899 
v 0.942132 0.807531 -0.534251 
v 0.950617 0.806183 -0.519394 
v 0.958768 0.805012 -0.504337 
v 0.966581 0.804021 -0.489089 
v 0.97405 0.803209 -0.473659 
v 0.981172 0.802577 -0.458056 
v 0.987941 0.802125 -0.442292 
v 0.994353 0.801854 -0.426375 
v 1.0004 0.801763 -0.410316 
v 1.00609 0.801854 -0.394123 
v 1.01141 0.802125 -0.377809 
v 1.01636 0.802577 -0.361381 
v 1.02093 0.803209 -0.344852 
v 1.02513 0.804021 -0.328231 
v 1.02895 0.805012 -0.311528 
v 1.03238 0.806183 -0.294754 
v 1.03543 0.807531 -0.277919 
v 1.03809 0.809057 -0.261033 
v 1.04037 0.810759 -0.244108 
v 1.04226 0.812636 -0.227154 
v 1.04375 0.814687 -0.21018 
v 1.04486 0.816911 -0.193199 
v 1.04557 0.819307 -0.17622 
v 1.04589 0.821872 -0.159254 
v 1.04582 0.824606 -0.142311 
v 1.04535 0.827507 -0.125402 
v 0.878177 0.846865 -0.653126 
v 0.851699 0.827507 -0.657465 
v 0.889229 0.844105 -0.640068 
v 0.899993 0.841515 -0.626737 
v 0.910461 0.839096 -0.613141 
v 0.920628 0.83685 -0.599289 
v 0.930487 0.834779 -0.585189 
v 0.940031 0.832883 -0.570851 
v 0.949256 0.831165 -0.556282 
v 0.958154 0.829624 -0.541493 
v 0.966722 0.828263 -0.526491 
v 0.974952 0.827081 -0.511288 
v 0.982841 0.82608 -0.495891 
v 0.990383 0.82526 -0.480311 
v 0.997573 0.824622 -0.464558 
v 1.00441 0.824166 -0.44864 
v 1.01088 0.823892 -0.432569 
v 1.01699 0.823801 -0.416353 
v 1.02273 0.823892 -0.400004 
v 1.02811 0.824166 -0.38353 
v 1.0331 0.824622 -0.366944 
v 1.03772 0.82526 -0.350254 
v 1.04196 0.82608 -0.333471 
v 1.04581 0.827081 -0.316606 
v 1.04928 0.828263 -0.299669 
v 1.05236 0.829624 -0.28267 
v 1.05505 0.831165 -0.265621 
v 1.05735 0.832883 -0.248531 
v 1.05925 0.834779 -0.231412 
v 1.06076 0.83685 -0.214274 
v 1.06188 0.839096 -0.197128 
v 1.0626 0.841515 -0.179984 
v 1.06292 0.844105 -0.162853 
v 1.06285 0.846865 -0.145745 
v 1.06238 0.849794 -0.128672 
v 0.89303 0.868975 -0.661128 
v 0.866843 0.849794 -0.665903 
v 0.904183 0.86619 -0.647952 
v 0.915043 0.863576 -0.634501 
v 0.925607 0.861135 -0.620782 
v 0.935865 0.858869 -0.606805 
v 0.945813 0.856779 -0.592577 
v 0.955444 0.854867 -0.578109 
v 0.964751 0.853133 -0.563409 
v 0.97373 0.851578 -0.548486 
v 0.982375 0.850204 -0.533349 
v 0.99068 0.849012 -0.518008 
v 0.99864 0.848002 -0.502472 
v 1.00625 0.847174 -0.486752 
v 1.01351 0.84653 -0.470856 
v 1.0204 0.84607 -0.454795 
v 1.02693 0.845794 -0.438578 
v 1.0331 0.845702 -0.422216 
v 1.03889 0.845794 -0.405719 
v 1.04431 0.84607 -0.389097 
v 1.04935 0.84653 -0.37236 
v 1.05401 0.847174 -0.355519 
v 1.05829 0.848002 -0.338585 
v 1.06218 0.849012 -0.321567 
v 1.06568 0.850204 -0.304477 
v 1.06879 0.851578 -0.287325 
v 1.0715 0.853133 -0.270122 
v 1.07382 0.854867 -0.252878 
v 1.07574 0.856779 -0.235604 
v 1.07727 0.858869 -0.218311 
v 1.07839 0.861135 -0.20101 
v 1.07912 0.863576 -0.183711 
v 1.07944 0.86619 -0.166425 
v 1.07937 0.868975 -0.149163 
v 1.0789 0.87193 -0.131936 
v 0.907489 0.890935 -0.668821 
v 0.881594 0.87193 -0.674021 
v 0.918734 0.888126 -0.655534 
v 0.929686 0.88549 -0.64197 
v 0.940338 0.883029 -0.628136 
v 0.950683 0.880744 -0.614042 
v 0.960714 0.878637 -0.599695 
v 0.970425 0.876708 -0.585106 
v 0.979811 0.874959 -0.570283 
v 0.988865 0.873392 -0.555234 
v 0.997582 0.872007 -0.539971 
v 1.00596 0.870804 -0.524501 
v 1.01398 0.869786 -0.508835 
v 1.02166 0.868951 -0.492983 
v 1.02897 0.868302 -0.476953 
v 1.03593 0.867838 -0.460757 
v 1.04252 0.867559 -0.444405 
v 1.04873 0.867466 -0.427906 
v 1.05458 0.867559 -0.41127 
v 1.06004 0.867838 -0.394509 
v 1.06512 0.868302 -0.377632 
v 1.06982 0.868951 -0.36065 
v 1.07413 0.869786 -0.343574 
v 1.07805 0.870804 -0.326413 
v 1.08158 0.872007 -0.30918 
v 1.08472 0.873392 -0.291884 
v 1.08745 0.874959 -0.274537 
v 1.08979 0.876708 -0.257148 
v 1.09173 0.878637 -0.23973 
v 1.09327 0.880744 -0.222292 
v 1.0944 0.883029 -0.204845 
v 1.09514 0.88549 -0.187401 
v 1.09547 0.888126 -0.169971 
v 1.09539 0.890935 -0.152564 
v 1.09491 0.893914 -0.135192 
v 0.909935 0.915747 -0.68931 
v 0.895957 0.893914 -0.681822 
v 0.884145 0.897064 -0.694528 
v 0.921557 0.912745 -0.676208 
v 0.932889 0.909914 -0.662819 
v 0.943926 0.907258 -0.649149 
v 0.954661 0.904778 -0.635208 
v 0.965085 0.902475 -0.621004 
v 0.975194 0.900351 -0.606547 
v 0.984981 0.898408 -0.591844 
v 0.99444 0.896646 -0.576906 
v 1.00356 0.895066 -0.561741 
v 1.01235 0.89367 -0.546359 
v 1.02079 0.892458 -0.530769 
v 1.02888 0.891432 -0.514982 
v 1.03661 0.890591 -0.499006 
v 1.04398 0.889936 -0.482853 
v 1.05099 0.889469 -0.466531 
v 1.05763 0.889188 -0.450052 
v 1.0639 0.889094 -0.433425 
v 1.06978 0.889188 -0.41666 
v 1.07529 0.889469 -0.399769 
v 1.08041 0.889936 -0.382761 
v 1.08515 0.890591 -0.365647 
v 1.08949 0.891432 -0.348439 
v 1.09345 0.892458 -0.331145 
v 1.097 0.89367 -0.313778 
v 1.10016 0.895066 -0.296348 
v 1.10292 0.896646 -0.278866 
v 1.10527 0.898408 -0.261343 
v 1.10723 0.900351 -0.243789 
v 1.10878 0.902475 -0.226216 
v 1.10992 0.904778 -0.208634 
v 1.11066 0.907258 -0.191055 
v 1.11099 0.909914 -0.173489 
v 1.11092 0.912745 -0.155948 
v 1.11043 0.915747 -0.138441 
v 1.10955 0.918921 -0.120981 
v 1.09403 0.897064 -0.117866 
v 0.923534 0.93743 -0.696489 
v 0.898032 0.918921 -0.702114 
v 0.935238 0.934405 -0.683294 
v 0.946652 0.931555 -0.669808 
v 0.957768 0.92888 -0.656041 
v 0.968579 0.926382 -0.642 
v 0.979078 0.924062 -0.627695 
v 0.98926 0.921924 -0.613134 
v 0.999116 0.919966 -0.598326 
v 1.00864 0.918191 -0.583281 
v 1.01783 0.9166 -0.568008 
v 1.02668 0.915194 -0.552516 
v 1.03518 0.913974 -0.536815 
v 1.04333 0.91294 -0.520915 
v 1.05111 0.912093 -0.504825 
v 1.05854 0.911434 -0.488556 
v 1.0656 0.910963 -0.472118 
v 1.07228 0.91068 -0.455521 
v 1.0786 0.910586 -0.438775 
v 1.08453 0.91068 -0.42189 
v 1.09007 0.910963 -0.404878 
v 1.09523 0.911434 -0.387749 
v 1.1 0.912093 -0.370513 
v 1.10438 0.91294 -0.353181 
v 1.10836 0.913974 -0.335764 
v 1.11194 0.915194 -0.318273 
v 1.11512 0.9166 -0.300719 
v 1.1179 0.918191 -0.283112 
v 1.12027 0.919966 -0.265463 
v 1.12224 0.921924 -0.247784 
v 1.1238 0.924062 -0.230085 
v 1.12495 0.926382 -0.212378 
v 1.12569 0.92888 -0.194673 
v 1.12603 0.931555 -0.176981 
v 1.12595 0.934405 -0.159314 
v 1.12547 0.93743 -0.141683 
v 1.12457 0.940626 -0.124097 
v 0.936757 0.958962 -0.703363 
v 0.911545 0.940626 -0.709385 
v 0.948539 0.955917 -0.690081 
v 0.960028 0.953048 -0.676508 
v 0.971216 0.950355 -0.66265 
v 0.982098 0.947841 -0.648517 
v 0.992666 0.945507 -0.634118 
v 1.00291 0.943354 -0.619462 
v 1.01284 0.941383 -0.604557 
v 1.02242 0.939597 -0.589413 
v 1.03167 0.937996 -0.574039 
v 1.04058 0.93658 -0.558446 
v 1.04914 0.935352 -0.542642 
v 1.05734 0.934311 -0.526637 
v 1.06518 0.933459 -0.510442 
v 1.07265 0.932796 -0.494066 
v 1.07975 0.932321 -0.47752 
v 1.08648 0.932037 -0.460814 
v 1.09284 0.931942 -0.443958 
v 1.09881 0.932037 -0.426963 
v 1.10439 0.932321 -0.409839 
v 1.10958 0.932796 -0.392597 
v 1.11438 0.933459 -0.375248 
v 1.11879 0.934311 -0.357803 
v 1.12279 0.935352 -0.340272 
v 1.1264 0.93658 -0.322666 
v 1.1296 0.937996 -0.304996 
v 1.13239 0.939597 -0.287273 
v 1.13478 0.941383 -0.269509 
v 1.13676 0.943354 -0.251714 
v 1.13833 0.945507 -0.233899 
v 1.13949 0.947841 -0.216075 
v 1.14024 0.950355 -0.198254 
v 1.14058 0.953048 -0.180447 
v 1.1405 0.955917 -0.162664 
v 1.14002 0.958962 -0.144917 
v 1.13912 0.962179 -0.127216 
v 0.94961 0.980344 -0.709936 
v 0.92469 0.962179 -0.716344 
v 0.961462 0.977281 -0.696575 
v 0.97302 0.974395 -0.68292 
v 0.984276 0.971686 -0.668979 
v 0.995223 0.969157 -0.654762 
v 1.00585 0.966808 -0.640277 
v 1.01616 0.964642 -0.625532 
v 1.02614 0.96266 -0.610538 
v 1.03579 0.960863 -0.595303 
v 1.0451 0.959252 -0.579837 
v 1.05406 0.957829 -0.56415 
v 1.06266 0.956593 -0.548252 
v 1.07091 0.955546 -0.532151 
v 1.0788 0.954689 -0.515859 
v 1.08632 0.954021 -0.499385 
v 1.09346 0.953544 -0.48274 
v 1.10023 0.953258 -0.465933 
v 1.10662 0.953162 -0.448977 
v 1.11263 0.953258 -0.43188 
v 1.11825 0.953544 -0.414653 
v 1.12347 0.954021 -0.397308 
v 1.1283 0.954689 -0.379855 
v 1.13273 0.955546 -0.362305 
v 1.13676 0.956593 -0.344669 
v 1.14039 0.957829 -0.326957 
v 1.14361 0.959252 -0.309182 
v 1.14642 0.960863 -0.291353 
v 1.14882 0.96266 -0.273482 
v 1.15082 0.964642 -0.25558 
v 1.1524 0.966808 -0.237658 
v 1.15356 0.969157 -0.219728 
v 1.15432 0.971686 -0.2018 
v 1.15465 0.974395 -0.183886 
v 1.15458 0.977281 -0.165996 
v 1.15409 0.980344 -0.148143 
v 1.15318 0.983581 -0.130336 
v 0.962097 1.00158 -0.716213 
v 0.937471 0.983581 -0.722995 
v 0.974014 0.998498 -0.702779 
v 0.985634 0.995596 -0.689049 
v 0.996951 0.992873 -0.675033 
v 1.00796 0.990329 -0.660738 
v 1.01865 0.987968 -0.646174 
v 1.02901 0.985791 -0.631349 
v 1.03905 0.983798 -0.616273 
v 1.04875 0.981991 -0.600956 
v 1.0581 0.980371 -0.585406 
v 1.06711 0.97894 -0.569633 
v 1.07576 0.977697 -0.553648 
v 1.08406 0.976644 -0.53746 
v 1.09199 0.975782 -0.521079 
v 1.09955 0.975111 -0.504515 
v 1.10673 0.974632 -0.487779 
v 1.11354 0.974344 -0.470882 
v 1.11997 0.974248 -0.453832 
v 1.126 0.974344 -0.436642 
v 1.13165 0.974632 -0.419322 
v 1.1369 0.975111 -0.401883 
v 1.14176 0.975782 -0.384335 
v 1.14621 0.976644 -0.366689 
v 1.15027 0.977697 -0.348957 
v 1.15391 0.97894 -0.331149 
v 1.15715 0.980371 -0.313277 
v 1.15998 0.981991 -0.295351 
v 1.16239 0.983798 -0.277383 
v 1.1644 0.985791 -0.259383 
v 1.16599 0.987968 -0.241364 
v 1.16716 0.990329 -0.223336 
v 1.16792 0.992873 -0.205311 
v 1.16826 0.995596 -0.187299 
v 1.16818 0.998498 -0.169312 
v 1.16769 1.00158 -0.151361 
v 1.16678 1.00483 -0.133457 
v 0.961957 1.02593 -0.735391 
v 0.949892 1.00483 -0.729343 
v 0.937405 1.00826 -0.742161 
v 0.974222 1.02266 -0.722196 
v 0.986197 1.01957 -0.708696 
v 0.997875 1.01665 -0.694899 
v 1.00925 1.01392 -0.680814 
v 1.02031 1.01136 -0.666449 
v 1.03105 1.00899 -0.651813 
v 1.04147 1.0068 -0.636916 
v 1.05155 1.0048 -0.621766 
v 1.0613 1.00298 -0.606373 
v 1.0707 1.00135 -0.590747 
v 1.07975 0.999914 -0.574897 
v 1.08845 0.998666 -0.558833 
v 1.09678 0.997608 -0.542566 
v 1.10475 0.996741 -0.526104 
v 1.11235 0.996067 -0.509459 
v 1.11957 0.995585 -0.492641 
v 1.12641 0.995296 -0.475661 
v 1.13287 0.995199 -0.458528 
v 1.13893 0.995296 -0.441253 
v 1.14461 0.995585 -0.423848 
v 1.14989 0.996067 -0.406323 
v 1.15477 0.996741 -0.388689 
v 1.15924 0.997608 -0.370957 
v 1.16331 0.998666 -0.353137 
v 1.16698 0.999914 -0.335242 
v 1.17023 1.00135 -0.317282 
v 1.17307 1.00298 -0.299268 
v 1.1755 1.0048 -0.281212 
v 1.17752 1.0068 -0.263124 
v 1.17911 1.00899 -0.245016 
v 1.18029 1.01136 -0.2269 
v 1.18105 1.01392 -0.208786 
v 1.18139 1.01665 -0.190686 
v 1.18132 1.01957 -0.17261 
v 1.18082 1.02266 -0.154571 
v 1.17991 1.02593 -0.13658 
v 1.17857 1.02938 -0.118647 
v 1.16545 1.00826 -0.115612 
v 0.973671 1.04689 -0.741143 
v 0.949409 1.02938 -0.748272 
v 0.98599 1.0436 -0.72789 
v 0.998018 1.04049 -0.714331 
v 1.00975 1.03756 -0.700474 
v 1.02117 1.03482 -0.686327 
v 1.03228 1.03225 -0.671898 
v 1.04307 1.02987 -0.657198 
v 1.05353 1.02767 -0.642236 
v 1.06366 1.02566 -0.627019 
v 1.07345 1.02383 -0.611559 
v 1.08289 1.0222 -0.595864 
v 1.09198 1.02075 -0.579945 
v 1.10072 1.0195 -0.56381 
v 1.10909 1.01844 -0.547471 
v 1.11709 1.01757 -0.530938 
v 1.12472 1.01689 -0.51422 
v 1.13198 1.0164 -0.497328 
v 1.13885 1.01611 -0.480273 
v 1.14533 1.01602 -0.463064 
v 1.15142 1.01611 -0.445714 
v 1.15712 1.0164 -0.428233 
v 1.16243 1.01689 -0.410631 
v 1.16733 1.01757 -0.392919 
v 1.17182 1.01844 -0.375109 
v 1.17591 1.0195 -0.357211 
v 1.17959 1.02075 -0.339238 
v 1.18286 1.0222 -0.321199 
v 1.18572 1.02383 -0.303106 
v 1.18815 1.02566 -0.28497 
v 1.19018 1.02767 -0.266803 
v 1.19178 1.02987 -0.248616 
v 1.19296 1.03225 -0.23042 
v 1.19373 1.03482 -0.212226 
v 1.19407 1.03756 -0.194047 
v 1.19399 1.04049 -0.175892 
v 1.1935 1.0436 -0.157774 
v 1.19258 1.04689 -0.139703 
v 1.19124 1.05035 -0.121692 
v 0.985039 1.06769 -0.746603 
v 0.961068 1.05035 -0.75408 
v 0.997406 1.0644 -0.733299 
v 1.00948 1.06128 -0.719687 
v 1.02125 1.05833 -0.705776 
v 1.03272 1.05557 -0.691574 
v 1.04387 1.053 -0.67709 
v 1.05471 1.05061 -0.662333 
v 1.06521 1.0484 -0.647312 
v 1.07538 1.04638 -0.632036 
v 1.0852 1.04455 -0.616516 
v 1.09468 1.04291 -0.60076 
v 1.10381 1.04146 -0.584779 
v 1.11258 1.0402 -0.568582 
v 1.12098 1.03913 -0.552179 
v 1.12902 1.03826 -0.535581 
v 1.13668 1.03758 -0.518799 
v 1.14396 1.03709 -0.501841 
v 1.15086 1.0368 -0.48472 
v 1.15737 1.0367 -0.467445 
v 1.16348 1.0368 -0.450027 
v 1.1692 1.03709 -0.432478 
v 1.17453 1.03758 -0.414807 
v 1.17945 1.03826 -0.397027 
v 1.18396 1.03913 -0.379148 
v 1.18807 1.0402 -0.36118 
v 1.19176 1.04146 -0.343137 
v 1.19504 1.04291 -0.325028 
v 1.19791 1.04455 -0.306865 
v 1.20036 1.04638 -0.288658 
v 1.20238 1.0484 -0.270421 
v 1.20399 1.05061 -0.252163 
v 1.20518 1.053 -0.233896 
v 1.20595 1.05557 -0.215632 
v 1.20629 1.05833 -0.197382 
v 1.20622 1.06128 -0.179157 
v 1.20572 1.0644 -0.160968 
v 1.2048 1.06769 -0.142828 
v 1.20345 1.07116 -0.124746 
v 0.996064 1.08835 -0.751775 
v 0.972387 1.07116 -0.759591 
v 1.00847 1.08504 -0.738426 
v 1.02059 1.08191 -0.724768 
v 1.0324 1.07896 -0.71081 
v 1.04391 1.07619 -0.696559 
v 1.0551 1.07361 -0.682026 
v 1.06597 1.07121 -0.667219 
v 1.07651 1.06899 -0.652147 
v 1.08671 1.06697 -0.63682 
v 1.09657 1.06513 -0.621247 
v 1.10608 1.06348 -0.605438 
v 1.11524 1.06203 -0.589402 
v 1.12404 1.06077 -0.57315 
v 1.13247 1.05969 -0.556692 
v 1.14053 1.05882 -0.540038 
v 1.14822 1.05814 -0.523198 
v 1.15552 1.05765 -0.506183 
v 1.16244 1.05736 -0.489004 
v 1.16898 1.05726 -0.47167 
v 1.17511 1.05736 -0.454194 
v 1.18085 1.05765 -0.436585 
v 1.18619 1.05814 -0.418854 
v 1.19113 1.05882 -0.401014 
v 1.19566 1.05969 -0.383074 
v 1.19978 1.06077 -0.365046 
v 1.20349 1.06203 -0.346941 
v 1.20678 1.06348 -0.32877 
v 1.20965 1.06513 -0.310546 
v 1.21211 1.06697 -0.292278 
v 1.21415 1.06899 -0.273978 
v 1.21576 1.07121 -0.255659 
v 1.21696 1.07361 -0.23733 
v 1.21772 1.07619 -0.219004 
v 1.21807 1.07896 -0.200692 
v 1.21799 1.08191 -0.182405 
v 1.21749 1.08504 -0.164155 
v 1.21657 1.08835 -0.145953 
v 1.21522 1.09184 -0.12781 
v 1.00675 1.10887 -0.756663 
v 0.98337 1.09184 -0.764807 
v 1.0192 1.10555 -0.743275 
v 1.03135 1.10241 -0.729578 
v 1.0432 1.09945 -0.715579 
v 1.05474 1.09667 -0.701287 
v 1.06596 1.09408 -0.686711 
v 1.07686 1.09167 -0.671861 
v 1.08743 1.08945 -0.656745 
v 1.09766 1.08742 -0.641374 
v 1.10755 1.08558 -0.625755 
v 1.11709 1.08393 -0.6099 
v 1.12627 1.08247 -0.593818 
v 1.1351 1.0812 -0.577519 
v 1.14355 1.08013 -0.561013 
v 1.15164 1.07925 -0.54431 
v 1.15935 1.07856 -0.527421 
v 1.16667 1.07807 -0.510357 
v 1.17362 1.07778 -0.493127 
v 1.18017 1.07768 -0.475743 
v 1.18632 1.07778 -0.458216 
v 1.19208 1.07807 -0.440556 
v 1.19744 1.07856 -0.422774 
v 1.20239 1.07925 -0.404881 
v 1.20693 1.08013 -0.386889 
v 1.21106 1.0812 -0.368809 
v 1.21478 1.08247 -0.350651 
v 1.21808 1.08393 -0.332428 
v 1.22096 1.08558 -0.31415 
v 1.22343 1.08742 -0.295829 
v 1.22547 1.08945 -0.277476 
v 1.22709 1.09167 -0.259103 
v 1.22829 1.09408 -0.240722 
v 1.22906 1.09667 -0.222342 
v 1.2294 1.09945 -0.203977 
v 1.22933 1.10241 -0.185637 
v 1.22882 1.10555 -0.167333 
v 1.2279 1.10887 -0.149078 
v 1.22654 1.11236 -0.130883 
v 1.00434 1.13274 -0.774372 
v 0.994021 1.11236 -0.769733 
v 0.98101 1.11603 -0.782476 
v 1.01711 1.12924 -0.761271 
v 1.02958 1.12591 -0.74785 
v 1.04176 1.12277 -0.734119 
v 1.05364 1.1198 -0.720086 
v 1.06521 1.11702 -0.70576 
v 1.07646 1.11442 -0.691148 
v 1.08738 1.112 -0.676262 
v 1.09798 1.10978 -0.661109 
v 1.10824 1.10774 -0.6457 
v 1.11815 1.10589 -0.630044 
v 1.12771 1.10424 -0.61415 
v 1.13692 1.10277 -0.598028 
v 1.14576 1.1015 -0.58169 
v 1.15424 1.10043 -0.565143 
v 1.16235 1.09955 -0.5484 
v 1.17007 1.09886 -0.53147 
v 1.17742 1.09837 -0.514364 
v 1.18438 1.09808 -0.497092 
v 1.19094 1.09798 -0.479666 
v 1.19711 1.09808 -0.462096 
v 1.20289 1.09837 -0.444392 
v 1.20826 1.09886 -0.426567 
v 1.21322 1.09955 -0.408631 
v 1.21777 1.10043 -0.390595 
v 1.22191 1.1015 -0.372471 
v 1.22564 1.10277 -0.354269 
v 1.22895 1.10424 -0.336001 
v 1.23184 1.10589 -0.317679 
v 1.23431 1.10774 -0.299313 
v 1.23636 1.10978 -0.280916 
v 1.23798 1.112 -0.262498 
v 1.23918 1.11442 -0.244071 
v 1.23995 1.11702 -0.225647 
v 1.2403 1.1198 -0.207237 
v 1.24022 1.12277 -0.188852 
v 1.23972 1.12591 -0.170504 
v 1.23879 1.12924 -0.152204 
v 1.23743 1.13274 -0.133964 
v 1.23565 1.13642 -0.115795 
v 1.22477 1.11603 -0.112758 
v 1.01434 1.15298 -0.778729 
v 0.991302 1.13642 -0.787147 
v 1.02713 1.14947 -0.765602 
v 1.03963 1.14614 -0.752155 
v 1.05184 1.14298 -0.738397 
v 1.06374 1.14001 -0.724336 
v 1.07533 1.13722 -0.709981 
v 1.0866 1.13462 -0.695341 
v 1.09755 1.1322 -0.680425 
v 1.10816 1.12997 -0.665242 
v 1.11844 1.12793 -0.649803 
v 1.12837 1.12608 -0.634115 
v 1.13796 1.12442 -0.61819 
v 1.14718 1.12295 -0.602037 
v 1.15604 1.12168 -0.585665 
v 1.16454 1.1206 -0.569086 
v 1.17266 1.11972 -0.55231 
v 1.1804 1.11903 -0.535347 
v 1.18776 1.11854 -0.518207 
v 1.19473 1.11825 -0.500901 
v 1.20131 1.11815 -0.48344 
v 1.2075 1.11825 -0.465835 
v 1.21328 1.11854 -0.448097 
v 1.21866 1.11903 -0.430236 
v 1.22363 1.11972 -0.412265 
v 1.22819 1.1206 -0.394193 
v 1.23234 1.12168 -0.376033 
v 1.23608 1.12295 -0.357795 
v 1.23939 1.12442 -0.339491 
v 1.24229 1.12608 -0.321132 
v 1.24476 1.12793 -0.30273 
v 1.24682 1.12997 -0.284297 
v 1.24844 1.1322 -0.265842 
v 1.24964 1.13462 -0.247379 
v 1.25042 1.13722 -0.228919 
v 1.25077 1.14001 -0.210472 
v 1.25069 1.14298 -0.192051 
v 1.25018 1.14614 -0.173666 
v 1.24925 1.14947 -0.155331 
v 1.24789 1.15298 -0.137055 
v 1.24611 1.15666 -0.11885 
v 1.02403 1.17307 -0.782807 
v 1.00128 1.15666 -0.791529 
v 1.03683 1.16956 -0.76966 
v 1.04935 1.16622 -0.756192 
v 1.06157 1.16306 -0.742413 
v 1.07349 1.16009 -0.728331 
v 1.0851 1.15729 -0.713954 
v 1.09639 1.15468 -0.699292 
v 1.10736 1.15226 -0.684353 
v 1.11799 1.15003 -0.669147 
v 1.12828 1.14798 -0.653684 
v 1.13823 1.14613 -0.637972 
v 1.14783 1.14447 -0.622023 
v 1.15706 1.143 -0.605845 
v 1.16594 1.14173 -0.589449 
v 1.17445 1.14065 -0.572844 
v 1.18258 1.13976 -0.556042 
v 1.19034 1.13908 -0.539053 
v 1.19771 1.13858 -0.521887 
v 1.20469 1.13829 -0.504555 
v 1.21128 1.13819 -0.487068 
v 1.21747 1.13829 -0.469436 
v 1.22326 1.13858 -0.45167 
v 1.22865 1.13908 -0.433783 
v 1.23363 1.13976 -0.415783 
v 1.2382 1.14065 -0.397684 
v 1.24236 1.14173 -0.379496 
v 1.2461 1.143 -0.361231 
v 1.24942 1.14447 -0.342899 
v 1.25232 1.14613 -0.324512 
v 1.2548 1.14798 -0.306082 
v 1.25685 1.15003 -0.28762 
v 1.25848 1.15226 -0.269138 
v 1.25968 1.15468 -0.250646 
v 1.26046 1.15729 -0.232158 
v 1.26081 1.16009 -0.213683 
v 1.26073 1.16306 -0.195234 
v 1.26023 1.16622 -0.176821 
v 1.25929 1.16956 -0.158457 
v 1.25793 1.17307 -0.140153 
v 1.25615 1.17677 -0.121921 
v 1.03339 1.19303 -0.78661 
v 1.01094 1.17677 -0.795626 
v 1.04621 1.18951 -0.773448 
v 1.05875 1.18617 -0.759966 
v 1.07098 1.18301 -0.746172 
v 1.08291 1.18003 -0.732074 
v 1.09453 1.17723 -0.717682 
v 1.10584 1.17462 -0.703004 
v 1.11681 1.1722 -0.688049 
v 1.12746 1.16996 -0.672827 
v 1.13776 1.16791 -0.657347 
v 1.14772 1.16606 -0.641618 
v 1.15733 1.16439 -0.625652 
v 1.16657 1.16292 -0.609456 
v 1.17546 1.16165 -0.593042 
v 1.18398 1.16057 -0.57642 
v 1.19212 1.15968 -0.5596 
v 1.19988 1.15899 -0.542592 
v 1.20726 1.1585 -0.525408 
v 1.21425 1.15821 -0.508057 
v 1.22085 1.15811 -0.49055 
v 1.22705 1.15821 -0.472899 
v 1.23285 1.1585 -0.455115 
v 1.23824 1.15899 -0.437208 
v 1.24322 1.15968 -0.419189 
v 1.2478 1.16057 -0.40107 
v 1.25196 1.16165 -0.382862 
v 1.2557 1.16292 -0.364577 
v 1.25903 1.16439 -0.346225 
v 1.26193 1.16606 -0.327819 
v 1.26441 1.16791 -0.309369 
v 1.26647 1.16996 -0.290887 
v 1.2681 1.1722 -0.272385 
v 1.26931 1.17462 -0.253873 
v 1.27008 1.17723 -0.235364 
v 1.27043 1.18003 -0.21687 
v 1.27035 1.18301 -0.1984 
v 1.26985 1.18617 -0.179968 
v 1.26891 1.18951 -0.161585 
v 1.26755 1.19303 -0.143261 
v 1.26576 1.19672 -0.125008 
v 1.02934 1.21654 -0.802982 
v 1.02029 1.19672 -0.799443 
v 1.04245 1.21285 -0.790141 
v 1.05528 1.20933 -0.776971 
v 1.06782 1.20598 -0.76348 
v 1.08006 1.20282 -0.749677 
v 1.092 1.19984 -0.73557 
v 1.10363 1.19704 -0.721169 
v 1.11494 1.19442 -0.706481 
v 1.12592 1.192 -0.691516 
v 1.13657 1.18976 -0.676284 
v 1.14688 1.18771 -0.660794 
v 1.15685 1.18586 -0.645056 
v 1.16646 1.18419 -0.629079 
v 1.17572 1.18272 -0.612873 
v 1.18461 1.18145 -0.596448 
v 1.19313 1.18036 -0.579815 
v 1.20128 1.17948 -0.562984 
v 1.20904 1.17879 -0.545965 
v 1.21643 1.1783 -0.52877 
v 1.22342 1.178 -0.511408 
v 1.23002 1.1779 -0.49389 
v 1.23623 1.178 -0.476228 
v 1.24203 1.1783 -0.458432 
v 1.24743 1.17879 -0.440513 
v 1.25241 1.17948 -0.422483 
v 1.25699 1.18036 -0.404352 
v 1.26116 1.18145 -0.386133 
v 1.2649 1.18272 -0.367835 
v 1.26823 1.18419 -0.349472 
v 1.27113 1.18586 -0.331054 
v 1.27362 1.18771 -0.312592 
v 1.27568 1.18976 -0.294098 
v 1.27731 1.192 -0.275583 
v 1.27851 1.19442 -0.25706 
v 1.27929 1.19704 -0.238539 
v 1.27964 1.19984 -0.220033 
v 1.27956 1.20282 -0.201552 
v 1.27905 1.20598 -0.183107 
v 1.27812 1.20933 -0.164712 
v 1.27676 1.21285 -0.146376 
v 1.27497 1.21654 -0.128112 
v 1.26085 1.1953 -0.106045 
vn -0.397131 -0.906308 0.144544 
vn -0.722024 0.211309 -0.65881 
vn -0.413262 -0.177742 -0.893097 
vn -0.397131 -0.906308 0.144544 
vn -0.566541 0.365998 0.738293 
vn -0.560631 0.379305 0.736084 
vn -0.578454 0.384459 0.719432 
vn -0.584366 0.371152 0.721639 
vn -0.595913 0.389382 0.702331 
vn -0.601827 0.376076 0.704536 
vn -0.612998 0.394071 0.684793 
vn -0.635616 0.385219 0.669028 
vn -0.618914 0.380766 0.686996 
vn -0.629699 0.398524 0.666827 
vn -0.646004 0.402737 0.648445 
vn -0.651923 0.389433 0.650644 
vn -0.661905 0.406708 0.629659 
vn -0.667825 0.393404 0.631856 
vn -0.67739 0.410435 0.61048 
vn -0.683312 0.397131 0.612676 
vn -0.69245 0.413914 0.590921 
vn -0.713002 0.403843 0.573183 
vn -0.698374 0.400611 0.593114 
vn -0.707077 0.417145 0.570993 
vn -0.72126 0.420125 0.550708 
vn -0.727187 0.406823 0.552897 
vn -0.734991 0.422852 0.53008 
vn -0.740919 0.40955 0.532266 
vn -0.748261 0.425324 0.509121 
vn -0.754191 0.412022 0.511305 
vn -0.761063 0.42754 0.487844 
vn -0.779321 0.416198 0.468442 
vn -0.766995 0.414239 0.490026 
vn -0.773388 0.429499 0.466263 
vn -0.785229 0.431199 0.44439 
vn -0.802513 0.419338 0.424415 
vn -0.791163 0.417898 0.446567 
vn -0.796578 0.432639 0.42224 
vn -0.807428 0.433819 0.399826 
vn -0.82371 0.421437 0.379332 
vn -0.813364 0.420518 0.401998 
vn -0.833544 0.422093 0.35643 
vn -0.817773 0.434737 0.377162 
vn -0.827605 0.435394 0.354263 
vn -0.83692 0.435788 0.331142 
vn -0.851651 0.422618 0.309976 
vn -0.842859 0.422487 0.333306 
vn -0.84571 0.435919 0.307813 
vn -0.853971 0.435788 0.284292 
vn -0.859913 0.422487 0.286452 
vn -0.861698 0.435394 0.260593 
vn -0.86764 0.422093 0.26275 
vn -0.868885 0.434737 0.236731 
vn -0.881473 0.420518 0.214872 
vn -0.874829 0.421437 0.238885 
vn -0.875529 0.433819 0.21272 
vn -0.881625 0.432639 0.188576 
vn -0.893114 0.417898 0.166459 
vn -0.887569 0.419338 0.190725 
vn -0.898103 0.416198 0.14209 
vn -0.887169 0.431199 0.164313 
vn -0.892158 0.429499 0.139946 
vn -0.896589 0.42754 0.115492 
vn -0.902535 0.414239 0.117633 
vn -0.900458 0.425324 0.0909638 
vn -0.906405 0.412022 0.0931025 
vn -0.903765 0.422852 0.0663781 
vn -0.909711 0.40955 0.0685141 
vn -0.906505 0.420125 0.0417498 
vn -0.914626 0.403843 0.0192249 
vn -0.912453 0.406823 0.0438832 
vn -0.908679 0.417145 0.0170942 
vn -0.910284 0.413914 -0.00757327 
vn -0.916232 0.400611 -0.00544528 
vn -0.91132 0.410435 -0.0322374 
vn -0.917733 0.393404 -0.0547602 
vn -0.917268 0.397131 -0.0301121 
vn -0.911786 0.406708 -0.0568828 
vn -0.911681 0.402737 -0.0814942 
vn -0.917628 0.389433 -0.0793742 
vn -0.911005 0.398524 -0.106056 
vn -0.915708 0.380766 -0.128439 
vn -0.916953 0.385219 -0.103939 
vn -0.913893 0.376076 -0.152859 
vn -0.90976 0.394071 -0.130554 
vn -0.907946 0.389382 -0.154971 
vn -0.905563 0.384459 -0.179294 
vn -0.911511 0.371152 -0.177185 
vn -0.902615 0.379305 -0.203506 
vn -0.55473 0.392249 0.733768 
vn -0.572547 0.397401 0.717121 
vn -0.590001 0.402322 0.700026 
vn -0.60708 0.40701 0.682493 
vn -0.623776 0.411461 0.664533 
vn -0.640076 0.415673 0.646157 
vn -0.655971 0.419643 0.627377 
vn -0.671451 0.423368 0.608204 
vn -0.686507 0.426847 0.588651 
vn -0.701129 0.430077 0.568729 
vn -0.715307 0.433056 0.548451 
vn -0.729034 0.435782 0.527829 
vn -0.742301 0.438253 0.506877 
vn -0.755098 0.440469 0.485607 
vn -0.76742 0.442427 0.464032 
vn -0.779257 0.444126 0.442166 
vn -0.790602 0.445566 0.420023 
vn -0.801449 0.446745 0.397616 
vn -0.81179 0.447663 0.37496 
vn -0.821619 0.44832 0.352067 
vn -0.830931 0.448713 0.328953 
vn -0.839719 0.448845 0.305633 
vn -0.847977 0.448713 0.282119 
vn -0.855701 0.44832 0.258427 
vn -0.862886 0.447663 0.234573 
vn -0.869528 0.446745 0.210569 
vn -0.875622 0.445566 0.186433 
vn -0.881164 0.444126 0.162177 
vn -0.886151 0.442427 0.137819 
vn -0.890581 0.440469 0.113372 
vn -0.894449 0.438253 0.0888516 
vn -0.897755 0.435782 0.0642737 
vn -0.900495 0.433056 0.0396532 
vn -0.902668 0.430077 0.0150054 
vn -0.904272 0.426847 -0.00965435 
vn -0.905308 0.423368 -0.0343107 
vn -0.905773 0.419643 -0.0589483 
vn -0.905668 0.415673 -0.0835519 
vn -0.904993 0.411461 -0.108106 
vn -0.903748 0.40701 -0.132596 
vn -0.901935 0.402322 -0.157006 
vn -0.899553 0.397401 -0.181321 
vn -0.566604 0.410086 0.714696 
vn -0.584048 0.415005 0.697609 
vn -0.601119 0.41969 0.680085 
vn -0.617806 0.424139 0.662134 
vn -0.634098 0.428349 0.643768 
vn -0.649985 0.432317 0.624998 
vn -0.665457 0.43604 0.605835 
vn -0.680505 0.439517 0.586291 
vn -0.695119 0.442745 0.56638 
vn -0.70929 0.445722 0.546112 
vn -0.72301 0.448447 0.525501 
vn -0.73627 0.450917 0.50456 
vn -0.749061 0.453132 0.4833 
vn -0.761376 0.455089 0.461737 
vn -0.773207 0.456787 0.439883 
vn -0.784546 0.458226 0.417751 
vn -0.795387 0.459405 0.395356 
vn -0.805723 0.460323 0.372711 
vn -0.815548 0.460978 0.34983 
vn -0.824854 0.461372 0.326728 
vn -0.833638 0.461503 0.303419 
vn -0.841892 0.461372 0.279918 
vn -0.849612 0.460978 0.256238 
vn -0.856794 0.460323 0.232396 
vn -0.863432 0.459405 0.208405 
vn -0.869522 0.458226 0.184281 
vn -0.875062 0.456787 0.160038 
vn -0.880047 0.455089 0.135692 
vn -0.884474 0.453132 0.111257 
vn -0.88834 0.450917 0.08675 
vn -0.891644 0.448447 0.0621848 
vn -0.894382 0.445722 0.0375769 
vn -0.896554 0.442745 0.0129419 
vn -0.898158 0.439517 -0.0117051 
vn -0.899193 0.43604 -0.0363488 
vn -0.899658 0.432317 -0.0609737 
vn -0.899553 0.428349 -0.0855646 
vn -0.898879 0.424139 -0.110106 
vn -0.897634 0.41969 -0.134583 
vn -0.895821 0.415005 -0.158981 
vn -0.56063 0.422514 0.712162 
vn -0.578063 0.42743 0.695088 
vn -0.595122 0.432112 0.677576 
vn -0.611797 0.436558 0.659638 
vn -0.628077 0.440764 0.641285 
vn -0.643953 0.444729 0.622528 
vn -0.659414 0.44845 0.603378 
vn -0.674451 0.451925 0.583849 
vn -0.689055 0.45515 0.563951 
vn -0.703216 0.458126 0.543698 
vn -0.716927 0.460848 0.523102 
vn -0.730177 0.463317 0.502175 
vn -0.742959 0.46553 0.480931 
vn -0.755265 0.467485 0.459382 
vn -0.767088 0.469183 0.437543 
vn -0.778419 0.470621 0.415427 
vn -0.789252 0.471799 0.393048 
vn -0.799581 0.472716 0.370419 
vn -0.809398 0.473371 0.347555 
vn -0.818699 0.473764 0.324469 
vn -0.827476 0.473895 0.301177 
vn -0.835724 0.473764 0.277692 
vn -0.843439 0.473371 0.254029 
vn -0.850615 0.472716 0.230203 
vn -0.857249 0.471799 0.20623 
vn -0.863335 0.470621 0.182122 
vn -0.868871 0.469183 0.157897 
vn -0.873852 0.467485 0.133568 
vn -0.878276 0.46553 0.109151 
vn -0.88214 0.463317 0.0846604 
vn -0.885441 0.460848 0.0601125 
vn -0.888177 0.458126 0.035522 
vn -0.890348 0.45515 0.0109044 
vn -0.891951 0.451925 -0.0137252 
vn -0.892985 0.44845 -0.0383515 
vn -0.893449 0.444729 -0.062959 
vn -0.893345 0.440764 -0.0875325 
vn -0.892671 0.436558 -0.112057 
vn -0.891427 0.432112 -0.136517 
vn -0.893441 0.410086 -0.183283 
vn -0.889616 0.42743 -0.160897 
vn -0.554633 0.434687 0.709528 
vn -0.57205 0.439598 0.692468 
vn -0.589094 0.444276 0.674972 
vn -0.605754 0.448718 0.65705 
vn -0.62202 0.452921 0.638713 
vn -0.637881 0.456882 0.619973 
vn -0.653329 0.4606 0.60084 
vn -0.668353 0.464071 0.581328 
vn -0.682944 0.467294 0.561448 
vn -0.697092 0.470267 0.541213 
vn -0.71079 0.472987 0.520635 
vn -0.724029 0.475453 0.499727 
vn -0.736799 0.477664 0.478502 
vn -0.749095 0.479618 0.456972 
vn -0.760907 0.481314 0.435153 
vn -0.772228 0.482751 0.413057 
vn -0.783052 0.483928 0.390697 
vn -0.793371 0.484844 0.368088 
vn -0.80318 0.485498 0.345244 
vn -0.812472 0.485891 0.322179 
vn -0.821241 0.486022 0.298907 
vn -0.829482 0.485891 0.275443 
vn -0.83719 0.485498 0.251802 
vn -0.84436 0.484844 0.227997 
vn -0.850988 0.483928 0.204045 
vn -0.857069 0.482751 0.179959 
vn -0.862599 0.481314 0.155755 
vn -0.867576 0.479618 0.131447 
vn -0.871996 0.477664 0.107052 
vn -0.875856 0.475453 0.0825837 
vn -0.879155 0.472987 0.0580577 
vn -0.881889 0.470267 0.0334891 
vn -0.884057 0.467294 0.00889333 
vn -0.885658 0.464071 -0.0157144 
vn -0.886692 0.4606 -0.0403187 
vn -0.887156 0.456882 -0.0649043 
vn -0.887051 0.452921 -0.089456 
vn -0.886378 0.448718 -0.113958 
vn -0.885136 0.444276 -0.138397 
vn -0.887237 0.422514 -0.185182 
vn -0.883326 0.439598 -0.162755 
vn -0.548617 0.446606 0.706798 
vn -0.566015 0.451512 0.689756 
vn -0.583041 0.456185 0.672279 
vn -0.599683 0.460622 0.654376 
vn -0.615932 0.46482 0.636058 
vn -0.631777 0.468777 0.617338 
vn -0.647208 0.472491 0.598226 
vn -0.662216 0.475959 0.578735 
vn -0.676791 0.479178 0.558876 
vn -0.690925 0.482148 0.538662 
vn -0.704608 0.484865 0.518106 
vn -0.717832 0.487329 0.49722 
vn -0.730589 0.489537 0.476017 
vn -0.742872 0.491489 0.454511 
vn -0.754671 0.493183 0.432715 
vn -0.76598 0.494618 0.410642 
vn -0.776793 0.495794 0.388306 
vn -0.787101 0.496709 0.365721 
vn -0.796899 0.497363 0.342902 
vn -0.806181 0.497756 0.319861 
vn -0.814941 0.497886 0.296614 
vn -0.823174 0.497756 0.273175 
vn -0.830873 0.497363 0.249559 
vn -0.838036 0.496709 0.22578 
vn -0.844656 0.495794 0.201853 
vn -0.850731 0.494618 0.177793 
vn -0.856255 0.493183 0.153614 
vn -0.861227 0.491489 0.129333 
vn -0.865642 0.489537 0.104963 
vn -0.869498 0.487329 0.0805211 
vn -0.872793 0.484865 0.0560212 
vn -0.875524 0.482148 0.0314788 
vn -0.87769 0.479178 0.00690917 
vn -0.87929 0.475959 -0.0176723 
vn -0.880322 0.472491 -0.0422504 
vn -0.880786 0.468777 -0.0668099 
vn -0.880682 0.46482 -0.0913355 
vn -0.880009 0.460622 -0.115812 
vn -0.878768 0.456185 -0.140224 
vn -0.880949 0.434687 -0.187018 
vn -0.87696 0.451512 -0.164556 
vn -0.559965 0.463172 0.686958 
vn -0.576969 0.467839 0.669502 
vn -0.593591 0.472271 0.651621 
vn -0.60982 0.476464 0.633326 
vn -0.625645 0.480417 0.614629 
vn -0.641057 0.484126 0.59554 
vn -0.656046 0.487589 0.576073 
vn -0.670604 0.490805 0.556239 
vn -0.68472 0.49377 0.53605 
vn -0.698386 0.496484 0.515519 
vn -0.711594 0.498945 0.494659 
vn -0.724336 0.501151 0.473482 
vn -0.736603 0.5031 0.452003 
vn -0.748388 0.504792 0.430233 
vn -0.759683 0.506226 0.408188 
vn -0.770482 0.5074 0.385879 
vn -0.780778 0.508314 0.363322 
vn -0.790564 0.508967 0.340531 
vn -0.799835 0.509359 0.317519 
vn -0.808584 0.50949 0.2943 
vn -0.816806 0.509359 0.27089 
vn -0.824496 0.508967 0.247303 
vn -0.83165 0.508314 0.223553 
vn -0.838262 0.5074 0.199656 
vn -0.844329 0.506226 0.175625 
vn -0.849847 0.504792 0.151477 
vn -0.854812 0.5031 0.127225 
vn -0.859222 0.501151 0.102886 
vn -0.863073 0.498945 0.0784735 
vn -0.866364 0.496484 0.0540037 
vn -0.869092 0.49377 0.0294915 
vn -0.871256 0.490805 0.00495222 
vn -0.872853 0.487589 -0.019599 
vn -0.873884 0.484126 -0.0441468 
vn -0.874347 0.480417 -0.068676 
vn -0.874243 0.476464 -0.0931713 
vn -0.873571 0.472271 -0.117618 
vn -0.872332 0.467839 -0.141999 
vn -0.553903 0.474582 0.684079 
vn -0.570884 0.479243 0.666647 
vn -0.587482 0.483668 0.648791 
vn -0.603688 0.487855 0.630522 
vn -0.619492 0.491802 0.61185 
vn -0.634882 0.495506 0.592788 
vn -0.649851 0.498965 0.573348 
vn -0.664388 0.502176 0.553542 
vn -0.678484 0.505137 0.533381 
vn -0.692132 0.507848 0.512879 
vn -0.705321 0.510305 0.492047 
vn -0.718045 0.512508 0.4709 
vn -0.730295 0.514454 0.449451 
vn -0.742063 0.516144 0.427712 
vn -0.753343 0.517576 0.405697 
vn -0.764127 0.518748 0.383419 
vn -0.774408 0.519661 0.360894 
vn -0.784181 0.520313 0.338134 
vn -0.793439 0.520704 0.315154 
vn -0.802176 0.520835 0.291968 
vn -0.810386 0.520704 0.268591 
vn -0.818066 0.520313 0.245036 
vn -0.825209 0.519661 0.221319 
vn -0.831813 0.518748 0.197455 
vn -0.837871 0.517576 0.173458 
vn -0.843381 0.516144 0.149343 
vn -0.84834 0.514454 0.125125 
vn -0.852743 0.512508 0.10082 
vn -0.85659 0.510305 0.0764416 
vn -0.859876 0.507848 0.0520059 
vn -0.8626 0.505137 0.0275279 
vn -0.86476 0.502176 0.00302277 
vn -0.866356 0.498965 -0.0214942 
vn -0.867385 0.495506 -0.0460079 
vn -0.867848 0.491802 -0.0705029 
vn -0.867744 0.487855 -0.0949642 
vn -0.867072 0.483668 -0.119376 
vn -0.870526 0.463172 -0.166302 
vn -0.865835 0.479243 -0.143724 
vn -0.547835 0.485743 0.681125 
vn -0.564789 0.490397 0.66372 
vn -0.581362 0.494815 0.645891 
vn -0.597543 0.498996 0.62765 
vn -0.613322 0.502937 0.609008 
vn -0.628689 0.506635 0.589975 
vn -0.643634 0.510089 0.570565 
vn -0.658149 0.513295 0.550789 
vn -0.672224 0.516252 0.53066 
vn -0.68585 0.518958 0.510189 
vn -0.699019 0.521411 0.48939 
vn -0.711723 0.52361 0.468276 
vn -0.723954 0.525554 0.446859 
vn -0.735704 0.527241 0.425154 
vn -0.746967 0.528671 0.403173 
vn -0.757734 0.529841 0.38093 
vn -0.768 0.530752 0.358439 
vn -0.777757 0.531404 0.335714 
vn -0.787 0.531795 0.31277 
vn -0.795724 0.531925 0.28962 
vn -0.803922 0.531795 0.266278 
vn -0.811589 0.531404 0.24276 
vn -0.818722 0.530752 0.21908 
vn -0.825315 0.529841 0.195253 
vn -0.831364 0.528671 0.171293 
vn -0.836866 0.527241 0.147215 
vn -0.841817 0.525554 0.123035 
vn -0.846213 0.52361 0.0987669 
vn -0.850054 0.521411 0.0744264 
vn -0.853335 0.518958 0.0500285 
vn -0.856055 0.516252 0.0255883 
vn -0.858212 0.513295 0.00112102 
vn -0.859805 0.510089 -0.0233581 
vn -0.860832 0.506635 -0.0478339 
vn -0.861294 0.502937 -0.0722911 
vn -0.86119 0.498996 -0.0967145 
vn -0.86052 0.494815 -0.121089 
vn -0.864032 0.474582 -0.167993 
vn -0.859285 0.490397 -0.145399 
vn -0.541765 0.496659 0.678101 
vn -0.558691 0.501305 0.660725 
vn -0.575236 0.505716 0.642927 
vn -0.591389 0.50989 0.624717 
vn -0.607141 0.513824 0.606106 
vn -0.622482 0.517516 0.587105 
vn -0.637402 0.520963 0.567728 
vn -0.651893 0.524164 0.547986 
vn -0.665944 0.527116 0.52789 
vn -0.679547 0.529818 0.507454 
vn -0.692694 0.532267 0.48669 
vn -0.705376 0.534462 0.465612 
vn -0.717587 0.536403 0.444231 
vn -0.729317 0.538087 0.422563 
vn -0.74056 0.539514 0.400619 
vn -0.751309 0.540683 0.378414 
vn -0.761557 0.541592 0.355961 
vn -0.771298 0.542242 0.333275 
vn -0.780526 0.542633 0.310369 
vn -0.789235 0.542763 0.287258 
vn -0.797419 0.542633 0.263956 
vn -0.805074 0.542242 0.240478 
vn -0.812194 0.541592 0.216838 
vn -0.818776 0.540683 0.193051 
vn -0.824815 0.539514 0.169131 
vn -0.830307 0.538087 0.145094 
vn -0.83525 0.536403 0.120955 
vn -0.839639 0.534462 0.0967279 
vn -0.843473 0.532267 0.0724286 
vn -0.846748 0.529818 0.0480719 
vn -0.849464 0.527116 0.023673 
vn -0.851617 0.524164 -0.000752853 
vn -0.853207 0.520963 -0.0251906 
vn -0.854233 0.517516 -0.0496249 
vn -0.854695 0.513824 -0.0740408 
vn -0.854591 0.50989 -0.0984229 
vn -0.853922 0.505716 -0.122756 
vn -0.857484 0.485743 -0.16963 
vn -0.852688 0.501305 -0.147025 
vn -0.535698 0.507333 0.675012 
vn -0.552593 0.51197 0.657669 
vn -0.569108 0.516373 0.639903 
vn -0.585232 0.520539 0.621726 
vn -0.600955 0.524466 0.603149 
vn -0.616268 0.528151 0.584184 
vn -0.63116 0.531592 0.564842 
vn -0.645624 0.534787 0.545135 
vn -0.659649 0.537734 0.525076 
vn -0.673228 0.54043 0.504678 
vn -0.68635 0.542875 0.483952 
vn -0.69901 0.545067 0.462912 
vn -0.711198 0.547004 0.441571 
vn -0.722907 0.548685 0.419942 
vn -0.734129 0.550109 0.398038 
vn -0.744859 0.551275 0.375874 
vn -0.755088 0.552184 0.353462 
vn -0.764811 0.552833 0.330817 
vn -0.774022 0.553222 0.307954 
vn -0.782715 0.553352 0.284885 
vn -0.790884 0.553222 0.261626 
vn -0.798525 0.552833 0.23819 
vn -0.805632 0.552184 0.214594 
vn -0.812202 0.551275 0.19085 
vn -0.81823 0.550109 0.166974 
vn -0.823712 0.548685 0.142981 
vn -0.828645 0.547004 0.118886 
vn -0.833027 0.545067 0.0947036 
vn -0.836853 0.542875 0.0704487 
vn -0.840123 0.54043 0.0461366 
vn -0.842833 0.537734 0.0217824 
vn -0.844983 0.534787 -0.00259874 
vn -0.84657 0.531592 -0.0269917 
vn -0.847594 0.528151 -0.0513814 
vn -0.848055 0.524466 -0.0757525 
vn -0.847951 0.520539 -0.10009 
vn -0.847283 0.516373 -0.124379 
vn -0.850891 0.496659 -0.171215 
vn -0.846052 0.51197 -0.148603 
vn -0.5465 0.522395 0.654555 
vn -0.562982 0.526789 0.636824 
vn -0.579074 0.530947 0.618682 
vn -0.594767 0.534867 0.600142 
vn -0.610049 0.538545 0.581214 
vn -0.624913 0.541979 0.56191 
vn -0.639348 0.545167 0.542242 
vn -0.653346 0.548108 0.522223 
vn -0.666897 0.550799 0.501864 
vn -0.679995 0.553239 0.481179 
vn -0.692629 0.555427 0.46018 
vn -0.704793 0.55736 0.438881 
vn -0.716479 0.559038 0.417294 
vn -0.72768 0.560459 0.395434 
vn -0.738388 0.561623 0.373313 
vn -0.748597 0.56253 0.350945 
vn -0.758301 0.563177 0.328345 
vn -0.767494 0.563566 0.305526 
vn -0.77617 0.563696 0.282503 
vn -0.784323 0.563566 0.259289 
vn -0.791949 0.563177 0.2359 
vn -0.799042 0.56253 0.212349 
vn -0.805599 0.561623 0.188652 
vn -0.811615 0.560459 0.164824 
vn -0.817086 0.559038 0.140878 
vn -0.82201 0.55736 0.11683 
vn -0.826383 0.555427 0.0926947 
vn -0.830202 0.553239 0.0684875 
vn -0.833465 0.550799 0.0442231 
vn -0.83617 0.548108 0.0199167 
vn -0.838316 0.545167 -0.00441659 
vn -0.8399 0.541979 -0.0287617 
vn -0.840922 0.538545 -0.0531035 
vn -0.841381 0.534867 -0.0774268 
vn -0.841278 0.530947 -0.101716 
vn -0.840611 0.526789 -0.125957 
vn -0.540415 0.532584 0.651388 
vn -0.556863 0.536969 0.633694 
vn -0.572922 0.541118 0.615591 
vn -0.588581 0.545029 0.597089 
vn -0.603832 0.548699 0.5782 
vn -0.618665 0.552127 0.558937 
vn -0.633069 0.555308 0.53931 
vn -0.647038 0.558243 0.519333 
vn -0.660561 0.560929 0.499017 
vn -0.673631 0.563364 0.478375 
vn -0.686239 0.565546 0.45742 
vn -0.698378 0.567475 0.436165 
vn -0.710039 0.56915 0.414624 
vn -0.721217 0.570568 0.392809 
vn -0.731902 0.57173 0.370734 
vn -0.74209 0.572634 0.348413 
vn -0.751774 0.573281 0.32586 
vn -0.760948 0.573669 0.303089 
vn -0.769605 0.573798 0.280113 
vn -0.777741 0.573669 0.256948 
vn -0.785351 0.573281 0.233608 
vn -0.79243 0.572634 0.210107 
vn -0.798973 0.57173 0.186459 
vn -0.804976 0.570568 0.16268 
vn -0.810437 0.56915 0.138784 
vn -0.81535 0.567475 0.114787 
vn -0.819714 0.565546 0.0907021 
vn -0.823525 0.563364 0.0665454 
vn -0.826781 0.560929 0.0423317 
vn -0.82948 0.558243 0.0180761 
vn -0.831621 0.555308 -0.00620637 
vn -0.833202 0.552127 -0.0305006 
vn -0.834222 0.548699 -0.0547915 
vn -0.834681 0.545029 -0.079064 
vn -0.834577 0.541118 -0.103303 
vn -0.839383 0.522395 -0.150135 
vn -0.833912 0.536969 -0.127493 
vn -0.534343 0.542539 0.648173 
vn -0.550754 0.546915 0.630519 
vn -0.566778 0.551055 0.612455 
vn -0.582403 0.554957 0.593994 
vn -0.59762 0.55862 0.575148 
vn -0.61242 0.562039 0.555927 
vn -0.626793 0.565214 0.536343 
vn -0.64073 0.568142 0.51641 
vn -0.654224 0.570822 0.496139 
vn -0.667265 0.573251 0.475542 
vn -0.679845 0.575429 0.454634 
vn -0.691957 0.577354 0.433426 
vn -0.703593 0.579025 0.411932 
vn -0.714745 0.58044 0.390165 
vn -0.725407 0.581599 0.368139 
vn -0.735573 0.582502 0.345868 
vn -0.745235 0.583147 0.323365 
vn -0.754388 0.583534 0.300644 
vn -0.763027 0.583663 0.277719 
vn -0.771145 0.583534 0.254605 
vn -0.778738 0.583147 0.231316 
vn -0.785801 0.582502 0.207867 
vn -0.79233 0.581599 0.184272 
vn -0.79832 0.58044 0.160545 
vn -0.803768 0.579025 0.136702 
vn -0.808671 0.577354 0.112758 
vn -0.813025 0.575429 0.0887262 
vn -0.816827 0.573251 0.0646229 
vn -0.820076 0.570822 0.0404627 
vn -0.82277 0.568142 0.0162607 
vn -0.824906 0.565214 -0.00796813 
vn -0.826483 0.562039 -0.0322087 
vn -0.827501 0.55862 -0.0564459 
vn -0.827959 0.554957 -0.0806648 
vn -0.827856 0.551055 -0.10485 
vn -0.832686 0.532584 -0.15162 
vn -0.827192 0.546915 -0.128987 
vn -0.528287 0.552266 0.644915 
vn -0.54466 0.556631 0.627301 
vn -0.560646 0.560762 0.60928 
vn -0.576235 0.564655 0.590862 
vn -0.591417 0.568309 0.572059 
vn -0.606182 0.57172 0.552882 
vn -0.620522 0.574888 0.533345 
vn -0.634427 0.577809 0.513458 
vn -0.647889 0.580483 0.493234 
vn -0.6609 0.582907 0.472685 
vn -0.673451 0.585079 0.451825 
vn -0.685535 0.587 0.430667 
vn -0.697143 0.588666 0.409223 
vn -0.70827 0.590079 0.387506 
vn -0.718907 0.591235 0.365532 
vn -0.729049 0.592135 0.343312 
vn -0.738689 0.592779 0.320861 
vn -0.747821 0.593165 0.298193 
vn -0.756439 0.593294 0.275321 
vn -0.764539 0.593165 0.252261 
vn -0.772114 0.592779 0.229027 
vn -0.779161 0.592135 0.205632 
vn -0.785674 0.591235 0.182091 
vn -0.79165 0.590079 0.15842 
vn -0.797086 0.588666 0.134632 
vn -0.801977 0.587 0.110743 
vn -0.806321 0.585079 0.0867677 
vn -0.810115 0.582907 0.0627204 
vn -0.813356 0.580483 0.0386164 
vn -0.816044 0.577809 0.0144706 
vn -0.818175 0.574888 -0.00970193 
vn -0.819748 0.57172 -0.0338862 
vn -0.820764 0.568309 -0.0580671 
vn -0.82122 0.564655 -0.0822297 
vn -0.821117 0.560762 -0.106359 
vn -0.825968 0.542539 -0.153061 
vn -0.820455 0.556631 -0.13044 
vn -0.52225 0.561767 0.641617 
vn -0.538584 0.566122 0.624046 
vn -0.554531 0.570243 0.606068 
vn -0.570082 0.574126 0.587695 
vn -0.585227 0.577771 0.568938 
vn -0.599956 0.581174 0.549808 
vn -0.614261 0.584334 0.530318 
vn -0.628132 0.587248 0.510479 
vn -0.641562 0.589915 0.490304 
vn -0.654541 0.592333 0.469806 
vn -0.667061 0.594501 0.448997 
vn -0.679115 0.596417 0.42789 
vn -0.690696 0.598079 0.406498 
vn -0.701795 0.599488 0.384834 
vn -0.712407 0.600642 0.362913 
vn -0.722524 0.60154 0.340747 
vn -0.732141 0.602182 0.318351 
vn -0.74125 0.602567 0.295738 
vn -0.749848 0.602695 0.272922 
vn -0.757928 0.602567 0.249918 
vn -0.765484 0.602182 0.22674 
vn -0.772514 0.60154 0.203402 
vn -0.779011 0.600642 0.179919 
vn -0.784973 0.599488 0.156305 
vn -0.790395 0.598079 0.132575 
vn -0.795275 0.596417 0.108744 
vn -0.799608 0.594501 0.0848271 
vn -0.803393 0.592333 0.0608383 
vn -0.806626 0.589915 0.0367929 
vn -0.809307 0.587248 0.0127059 
vn -0.811433 0.584334 -0.0114079 
vn -0.813003 0.581174 -0.0355333 
vn -0.814016 0.577771 -0.0596554 
vn -0.814471 0.574126 -0.0837592 
vn -0.814369 0.570243 -0.10783 
vn -0.819235 0.552266 -0.154457 
vn -0.813708 0.566122 -0.131852 
vn -0.532528 0.575391 0.620757 
vn -0.548435 0.579501 0.602825 
vn -0.563946 0.583375 0.584498 
vn -0.579053 0.587011 0.565789 
vn -0.593745 0.590405 0.546707 
vn -0.608013 0.593557 0.527266 
vn -0.62185 0.596464 0.507478 
vn -0.635245 0.599124 0.487354 
vn -0.648191 0.601536 0.466908 
vn -0.66068 0.603698 0.446151 
vn -0.672703 0.605609 0.425098 
vn -0.684255 0.607267 0.40376 
vn -0.695326 0.608672 0.382152 
vn -0.705911 0.609823 0.360286 
vn -0.716002 0.610719 0.338176 
vn -0.725594 0.611359 0.315837 
vn -0.734681 0.611743 0.293281 
vn -0.743257 0.611872 0.270523 
vn -0.751316 0.611743 0.247578 
vn -0.758853 0.611359 0.224458 
vn -0.765865 0.610719 0.201179 
vn -0.772346 0.609823 0.177756 
vn -0.778293 0.608672 0.154202 
vn -0.783701 0.607267 0.130532 
vn -0.788568 0.605609 0.106762 
vn -0.792891 0.603698 0.0829049 
vn -0.796666 0.601536 0.0589769 
vn -0.799891 0.599124 0.0349925 
vn -0.802565 0.596464 0.0109665 
vn -0.804686 0.593557 -0.0130861 
vn -0.806252 0.590405 -0.0371504 
vn -0.807262 0.587011 -0.0612114 
vn -0.807716 0.583375 -0.0852541 
vn -0.807614 0.579501 -0.109264 
vn -0.526496 0.584442 0.617437 
vn -0.542361 0.588542 0.599553 
vn -0.557831 0.592405 0.581274 
vn -0.572898 0.596031 0.562614 
vn -0.587552 0.599417 0.543583 
vn -0.601783 0.602561 0.524193 
vn -0.615582 0.60546 0.504457 
vn -0.628943 0.608113 0.484386 
vn -0.641855 0.610518 0.463993 
vn -0.65431 0.612675 0.443292 
vn -0.666302 0.614581 0.422293 
vn -0.677823 0.616235 0.401012 
vn -0.688865 0.617636 0.37946 
vn -0.699422 0.618784 0.357652 
vn -0.709487 0.619677 0.335601 
vn -0.719054 0.620316 0.31332 
vn -0.728117 0.620699 0.290824 
vn -0.73667 0.620827 0.268126 
vn -0.744708 0.620699 0.245241 
vn -0.752226 0.620316 0.222182 
vn -0.759219 0.619677 0.198964 
vn -0.765683 0.618784 0.175602 
vn -0.771614 0.617636 0.152111 
vn -0.777008 0.616235 0.128503 
vn -0.781862 0.614581 0.104795 
vn -0.786173 0.612675 0.0810015 
vn -0.789938 0.610518 0.0571365 
vn -0.793155 0.608113 0.0332152 
vn -0.795822 0.60546 0.00925244 
vn -0.797937 0.602561 -0.0147368 
vn -0.799499 0.599417 -0.0387378 
vn -0.800507 0.596031 -0.0627354 
vn -0.80096 0.592405 -0.0867148 
vn -0.806955 0.575391 -0.133225 
vn -0.800858 0.588542 -0.110661 
vn -0.520491 0.59328 0.614091 
vn -0.536312 0.597369 0.596255 
vn -0.551741 0.601222 0.578027 
vn -0.566766 0.604838 0.559417 
vn -0.58138 0.608214 0.540438 
vn -0.595572 0.611349 0.521101 
vn -0.609334 0.614241 0.501418 
vn -0.622658 0.616886 0.481402 
vn -0.635535 0.619285 0.461065 
vn -0.647957 0.621436 0.44042 
vn -0.659916 0.623336 0.419479 
vn -0.671405 0.624986 0.398256 
vn -0.682417 0.626384 0.376763 
vn -0.692945 0.627528 0.355014 
vn -0.702983 0.628419 0.333023 
vn -0.712524 0.629056 0.310803 
vn -0.721562 0.629438 0.288368 
vn -0.730092 0.629566 0.265732 
vn -0.738108 0.629438 0.242909 
vn -0.745605 0.629056 0.219913 
vn -0.752579 0.628419 0.196759 
vn -0.759026 0.627528 0.17346 
vn -0.76494 0.626384 0.150032 
vn -0.77032 0.624986 0.12649 
vn -0.775161 0.623336 0.102846 
vn -0.77946 0.621436 0.0791172 
vn -0.783215 0.619285 0.0553172 
vn -0.786423 0.616886 0.0314611 
vn -0.789083 0.614241 0.00756365 
vn -0.791192 0.611349 -0.0163603 
vn -0.792749 0.608214 -0.0402958 
vn -0.793754 0.604838 -0.064228 
vn -0.794206 0.601222 -0.088142 
vn -0.800201 0.584442 -0.134559 
vn -0.794104 0.597369 -0.112023 
vn -0.514514 0.601909 0.610721 
vn -0.530291 0.605986 0.592935 
vn -0.545676 0.609828 0.574758 
vn -0.560659 0.613434 0.556201 
vn -0.575232 0.616801 0.537275 
vn -0.589384 0.619927 0.517993 
vn -0.603108 0.62281 0.498366 
vn -0.616394 0.625449 0.478406 
vn -0.629234 0.627841 0.458126 
vn -0.641621 0.629986 0.437539 
vn -0.653547 0.631881 0.416657 
vn -0.665004 0.633526 0.395493 
vn -0.675985 0.634919 0.37406 
vn -0.686484 0.636061 0.352373 
vn -0.696493 0.636949 0.330443 
vn -0.706007 0.637584 0.308286 
vn -0.71502 0.637966 0.285914 
vn -0.723525 0.638093 0.263342 
vn -0.731519 0.637966 0.240583 
vn -0.738995 0.637584 0.217652 
vn -0.74595 0.636949 0.194563 
vn -0.752378 0.636061 0.17133 
vn -0.758276 0.634919 0.147968 
vn -0.763641 0.633526 0.124491 
vn -0.768468 0.631881 0.100915 
vn -0.772755 0.629986 0.0772522 
vn -0.776499 0.627841 0.0535192 
vn -0.779698 0.625449 0.0297302 
vn -0.782351 0.62281 0.00590001 
vn -0.784454 0.619927 -0.0179566 
vn -0.786007 0.616801 -0.0418248 
vn -0.787009 0.613434 -0.0656897 
vn -0.78746 0.609828 -0.0895364 
vn -0.793449 0.59328 -0.135856 
vn -0.787358 0.605986 -0.11335 
vn -0.508569 0.610333 0.607331 
vn -0.5243 0.614398 0.589597 
vn -0.539641 0.618229 0.571472 
vn -0.554581 0.621825 0.552969 
vn -0.569111 0.625182 0.534098 
vn -0.583222 0.628299 0.514871 
vn -0.596906 0.631174 0.495301 
vn -0.610154 0.633805 0.475399 
vn -0.622957 0.63619 0.455178 
vn -0.635308 0.638328 0.43465 
vn -0.647199 0.640218 0.413828 
vn -0.658623 0.641858 0.392726 
vn -0.669572 0.643248 0.371356 
vn -0.680041 0.644386 0.349731 
vn -0.690021 0.645272 0.327865 
vn -0.699507 0.645905 0.305772 
vn -0.708494 0.646285 0.283464 
vn -0.716975 0.646412 0.260957 
vn -0.724945 0.646285 0.238265 
vn -0.7324 0.645905 0.2154 
vn -0.739334 0.645272 0.192378 
vn -0.745744 0.644386 0.169212 
vn -0.751625 0.643248 0.145918 
vn -0.756974 0.641858 0.122509 
vn -0.761787 0.640218 0.0990007 
vn -0.766062 0.638328 0.075407 
vn -0.769795 0.63619 0.0517427 
vn -0.772985 0.633805 0.0280226 
vn -0.77563 0.631174 0.00426138 
vn -0.777727 0.628299 -0.0195261 
vn -0.779275 0.625182 -0.0433252 
vn -0.780275 0.621825 -0.067121 
vn -0.780724 0.618229 -0.0908987 
vn -0.786705 0.601909 -0.137116 
vn -0.780623 0.614398 -0.114644 
vn -0.502657 0.618557 0.603923 
vn -0.518342 0.62261 0.586242 
vn -0.533636 0.62643 0.568171 
vn -0.548532 0.630014 0.549723 
vn -0.563019 0.633361 0.530908 
vn -0.577088 0.636469 0.511738 
vn -0.590731 0.639336 0.492226 
vn -0.60394 0.641959 0.472384 
vn -0.616705 0.644337 0.452223 
vn -0.629019 0.646469 0.431756 
vn -0.640875 0.648353 0.410996 
vn -0.652265 0.649988 0.389957 
vn -0.663182 0.651373 0.36865 
vn -0.673619 0.652508 0.347089 
vn -0.683569 0.653391 0.325289 
vn -0.693027 0.654023 0.303261 
vn -0.701987 0.654402 0.28102 
vn -0.710443 0.654528 0.25858 
vn -0.71839 0.654402 0.235955 
vn -0.725822 0.654023 0.213158 
vn -0.732736 0.653391 0.190204 
vn -0.739127 0.652508 0.167108 
vn -0.74499 0.651373 0.143883 
vn -0.750323 0.649988 0.120544 
vn -0.755122 0.648353 0.0971051 
vn -0.759384 0.646469 0.0735816 
vn -0.763106 0.644337 0.0499877 
vn -0.766287 0.641959 0.0263381 
vn -0.768923 0.639336 0.0026476 
vn -0.771014 0.636469 -0.0210692 
vn -0.772558 0.633361 -0.0447974 
vn -0.773555 0.630014 -0.0685224 
vn -0.774002 0.62643 -0.0922294 
vn -0.779971 0.610333 -0.138341 
vn -0.773902 0.62261 -0.115904 
vn -0.512417 0.630625 0.582873 
vn -0.527665 0.634433 0.564858 
vn -0.542515 0.638007 0.546465 
vn -0.556958 0.641344 0.527708 
vn -0.570985 0.644442 0.508597 
vn -0.584586 0.6473 0.489144 
vn -0.597754 0.649915 0.469362 
vn -0.610481 0.652286 0.449263 
vn -0.622757 0.654411 0.428858 
vn -0.634577 0.656289 0.408162 
vn -0.645932 0.65792 0.387187 
vn -0.656816 0.659301 0.365945 
vn -0.667221 0.660432 0.34445 
vn -0.677141 0.661313 0.322716 
vn -0.68657 0.661942 0.300755 
vn -0.695503 0.66232 0.278582 
vn -0.703933 0.662446 0.256211 
vn -0.711855 0.66232 0.233654 
vn -0.719265 0.661942 0.210927 
vn -0.726158 0.661313 0.188043 
vn -0.732529 0.660432 0.165017 
vn -0.738375 0.659301 0.141863 
vn -0.743691 0.65792 0.118595 
vn -0.748476 0.656289 0.095228 
vn -0.752725 0.654411 0.0717761 
vn -0.756436 0.652286 0.0482542 
vn -0.759606 0.649915 0.0246768 
vn -0.762235 0.6473 0.00105847 
vn -0.76432 0.644442 -0.022586 
vn -0.765859 0.641344 -0.0462419 
vn -0.766852 0.638007 -0.0698945 
vn -0.767299 0.634433 -0.0935292 
vn -0.506529 0.638448 0.579494 
vn -0.52173 0.642244 0.561534 
vn -0.536533 0.645807 0.543199 
vn -0.550931 0.649133 0.5245 
vn -0.564914 0.652222 0.505449 
vn -0.578473 0.655071 0.486057 
vn -0.5916 0.657678 0.466337 
vn -0.604286 0.660041 0.4463 
vn -0.616525 0.66216 0.425959 
vn -0.628308 0.664032 0.405328 
vn -0.639627 0.665658 0.384417 
vn -0.650477 0.667034 0.363242 
vn -0.66085 0.668162 0.341814 
vn -0.670739 0.66904 0.320148 
vn -0.680139 0.669668 0.298256 
vn -0.689044 0.670044 0.276152 
vn -0.697447 0.67017 0.25385 
vn -0.705345 0.670044 0.231364 
vn -0.712732 0.669668 0.208708 
vn -0.719603 0.66904 0.185895 
vn -0.725954 0.668162 0.162941 
vn -0.731782 0.667034 0.139859 
vn -0.737082 0.665658 0.116664 
vn -0.741851 0.664032 0.0933695 
vn -0.746087 0.66216 0.0699909 
vn -0.749786 0.660041 0.0465423 
vn -0.752947 0.657678 0.0230384 
vn -0.755567 0.655071 -0.000506232 
vn -0.757645 0.652222 -0.0240769 
vn -0.75918 0.649133 -0.047659 
vn -0.76017 0.645807 -0.0712379 
vn -0.767198 0.630625 -0.117131 
vn -0.760615 0.642244 -0.0947989 
vn -0.500678 0.646083 0.576105 
vn -0.515831 0.649868 0.558203 
vn -0.530587 0.653419 0.539927 
vn -0.544939 0.656735 0.521288 
vn -0.558877 0.659814 0.502297 
vn -0.572393 0.662653 0.482967 
vn -0.585478 0.665252 0.463309 
vn -0.598124 0.667608 0.443336 
vn -0.610324 0.66972 0.42306 
vn -0.622069 0.671586 0.402494 
vn -0.633353 0.673206 0.381651 
vn -0.644168 0.674579 0.360543 
vn -0.654507 0.675703 0.339183 
vn -0.664365 0.676578 0.317586 
vn -0.673735 0.677204 0.295763 
vn -0.682612 0.677579 0.27373 
vn -0.690989 0.677704 0.251499 
vn -0.698861 0.677579 0.229085 
vn -0.706224 0.677204 0.206501 
vn -0.713074 0.676578 0.183761 
vn -0.719405 0.675703 0.16088 
vn -0.725214 0.674579 0.137871 
vn -0.730497 0.673206 0.11475 
vn -0.735251 0.671586 0.09153 
vn -0.739473 0.66972 0.0682258 
vn -0.743161 0.667608 0.0448519 
vn -0.746312 0.665252 0.0214229 
vn -0.748924 0.662653 -0.00204676 
vn -0.750995 0.659814 -0.0255424 
vn -0.752525 0.656735 -0.0490494 
vn -0.753512 0.653419 -0.0725531 
vn -0.760515 0.638448 -0.118327 
vn -0.753955 0.649868 -0.096039 
vn -0.494867 0.653536 0.572711 
vn -0.50997 0.657308 0.554867 
vn -0.524679 0.660848 0.53665 
vn -0.538984 0.664153 0.518071 
vn -0.552877 0.667222 0.499142 
vn -0.566349 0.670052 0.479875 
vn -0.579391 0.672642 0.460281 
vn -0.591996 0.67499 0.440373 
vn -0.604156 0.677095 0.420163 
vn -0.615863 0.678956 0.399664 
vn -0.62711 0.680571 0.378888 
vn -0.63789 0.681939 0.357848 
vn -0.648196 0.683059 0.336558 
vn -0.658022 0.683932 0.315031 
vn -0.667362 0.684555 0.293279 
vn -0.676209 0.684929 0.271318 
vn -0.684559 0.685054 0.249159 
vn -0.692406 0.684929 0.226817 
vn -0.699745 0.684555 0.204307 
vn -0.706572 0.683932 0.181641 
vn -0.712883 0.683059 0.158834 
vn -0.718673 0.681939 0.1359 
vn -0.723939 0.680571 0.112854 
vn -0.728678 0.678956 0.0897094 
vn -0.732886 0.677095 0.0664809 
vn -0.736562 0.67499 0.0431829 
vn -0.739702 0.672642 0.01983 
vn -0.742306 0.670052 -0.00356337 
vn -0.74437 0.667222 -0.0269827 
vn -0.745895 0.664153 -0.0504133 
vn -0.746879 0.660848 -0.0738407 
vn -0.753855 0.646083 -0.119493 
vn -0.747321 0.657308 -0.0972504 
vn -0.489096 0.660809 0.569312 
vn -0.504149 0.664569 0.551527 
vn -0.518809 0.668097 0.53337 
vn -0.533067 0.671391 0.514853 
vn -0.546914 0.67445 0.495986 
vn -0.560341 0.677271 0.476783 
vn -0.573341 0.679853 0.457254 
vn -0.585904 0.682193 0.437411 
vn -0.598024 0.684291 0.417268 
vn -0.609692 0.686146 0.396837 
vn -0.620902 0.687755 0.37613 
vn -0.631646 0.689119 0.35516 
vn -0.641918 0.690235 0.33394 
vn -0.651712 0.691105 0.312484 
vn -0.66102 0.691726 0.290805 
vn -0.669838 0.692099 0.268916 
vn -0.67816 0.692223 0.24683 
vn -0.685981 0.692099 0.224563 
vn -0.693296 0.691726 0.202126 
vn -0.700101 0.691105 0.179535 
vn -0.706391 0.690235 0.156804 
vn -0.712161 0.689119 0.133946 
vn -0.71741 0.687755 0.110976 
vn -0.722133 0.686146 0.0879079 
vn -0.726328 0.684291 0.0647562 
vn -0.729991 0.682193 0.0415353 
vn -0.733121 0.679853 0.0182596 
vn -0.735716 0.677271 -0.00505637 
vn -0.737774 0.67445 -0.0283982 
vn -0.739294 0.671391 -0.0517513 
vn -0.740274 0.668097 -0.0751013 
vn -0.747222 0.653536 -0.120628 
vn -0.740715 0.664569 -0.0984335 
vn -0.483366 0.667909 0.565911 
vn -0.498369 0.671656 0.548185 
vn -0.512979 0.675172 0.53009 
vn -0.527189 0.678455 0.511635 
vn -0.54099 0.681503 0.492832 
vn -0.554372 0.684315 0.473693 
vn -0.567328 0.686888 0.454229 
vn -0.579849 0.689221 0.434454 
vn -0.591928 0.691312 0.414378 
vn -0.603557 0.69316 0.394016 
vn -0.614729 0.694764 0.373378 
vn -0.625437 0.696123 0.352479 
vn -0.635675 0.697236 0.331331 
vn -0.645435 0.698102 0.309946 
vn -0.654712 0.698721 0.28834 
vn -0.663501 0.699093 0.266524 
vn -0.671795 0.699217 0.244513 
vn -0.67959 0.699093 0.222321 
vn -0.68688 0.698721 0.19996 
vn -0.693662 0.698102 0.177445 
vn -0.69993 0.697236 0.15479 
vn -0.705682 0.696123 0.132009 
vn -0.710913 0.694764 0.109116 
vn -0.71562 0.69316 0.0861256 
vn -0.7198 0.691312 0.0630517 
vn -0.723452 0.689221 0.0399089 
vn -0.726571 0.686888 0.0167115 
vn -0.729157 0.684315 -0.00652606 
vn -0.731208 0.681503 -0.0297894 
vn -0.732723 0.678455 -0.053064 
vn -0.7337 0.675172 -0.0763354 
vn -0.740616 0.660809 -0.121733 
vn -0.734139 0.671656 -0.0995891 
vn -0.477679 0.674838 0.562509 
vn -0.49263 0.678572 0.544844 
vn -0.507191 0.682077 0.52681 
vn -0.521353 0.685349 0.508418 
vn -0.535106 0.688386 0.489679 
vn -0.548442 0.691188 0.470606 
vn -0.561354 0.693752 0.451209 
vn -0.573832 0.696077 0.431501 
vn -0.58587 0.698161 0.411494 
vn -0.597459 0.700003 0.391201 
vn -0.608593 0.701602 0.370634 
vn -0.619265 0.702956 0.349806 
vn -0.629467 0.704065 0.32873 
vn -0.639194 0.704929 0.307419 
vn -0.64844 0.705546 0.285886 
vn -0.657199 0.705916 0.264145 
vn -0.665464 0.70604 0.242209 
vn -0.673232 0.705916 0.220092 
vn -0.680498 0.705546 0.197808 
vn -0.687256 0.704929 0.17537 
vn -0.693503 0.704065 0.152792 
vn -0.699235 0.702956 0.130089 
vn -0.704448 0.701602 0.107274 
vn -0.70914 0.700003 0.0843624 
vn -0.713306 0.698161 0.0613674 
vn -0.716944 0.696077 0.0383036 
vn -0.720053 0.693752 0.0151854 
vn -0.722631 0.691188 -0.00797278 
vn -0.724675 0.688386 -0.0311566 
vn -0.726184 0.685349 -0.0543517 
vn -0.727158 0.682077 -0.0775437 
vn -0.73404 0.667909 -0.122811 
vn -0.727596 0.678572 -0.100718 
vn -0.486935 0.685323 0.541504 
vn -0.501445 0.688815 0.523533 
vn -0.515557 0.692076 0.505204 
vn -0.529263 0.695103 0.486531 
vn -0.542553 0.697896 0.467523 
vn -0.55542 0.700451 0.448193 
vn -0.567855 0.702767 0.428554 
vn -0.579851 0.704844 0.408616 
vn -0.5914 0.70668 0.388393 
vn -0.602496 0.708273 0.367898 
vn -0.61313 0.709622 0.347142 
vn -0.623297 0.710728 0.326139 
vn -0.632991 0.711588 0.304902 
vn -0.642204 0.712203 0.283444 
vn -0.650932 0.712572 0.261778 
vn -0.65917 0.712695 0.239918 
vn -0.666911 0.712572 0.217878 
vn -0.674151 0.712203 0.195671 
vn -0.680886 0.711588 0.17331 
vn -0.687112 0.710728 0.150811 
vn -0.692824 0.709622 0.128186 
vn -0.698019 0.708273 0.105451 
vn -0.702693 0.70668 0.0826183 
vn -0.706845 0.704844 0.059703 
vn -0.710471 0.702767 0.0367192 
vn -0.71357 0.700451 0.0136811 
vn -0.716138 0.697896 -0.00939686 
vn -0.718175 0.695103 -0.0325004 
vn -0.719679 0.692076 -0.0556151 
vn -0.720649 0.688815 -0.0787267 
vn -0.481282 0.691913 0.538167 
vn -0.495742 0.695393 0.520259 
vn -0.509804 0.698642 0.501995 
vn -0.523462 0.701659 0.483387 
vn -0.536706 0.704441 0.464446 
vn -0.549527 0.706987 0.445184 
vn -0.561919 0.709296 0.425614 
vn -0.573873 0.711365 0.405746 
vn -0.585381 0.713194 0.385594 
vn -0.596438 0.714782 0.365171 
vn -0.607035 0.716126 0.344488 
vn -0.617166 0.717228 0.323559 
vn -0.626825 0.718085 0.302396 
vn -0.636007 0.718698 0.281013 
vn -0.644704 0.719066 0.259424 
vn -0.652912 0.719189 0.237641 
vn -0.660626 0.719066 0.215678 
vn -0.667841 0.718698 0.193549 
vn -0.674553 0.718085 0.171267 
vn -0.680756 0.717228 0.148846 
vn -0.686448 0.716126 0.126301 
vn -0.691625 0.714782 0.103646 
vn -0.696283 0.713194 0.0808933 
vn -0.700421 0.711365 0.0580585 
vn -0.704034 0.709296 0.0351554 
vn -0.707121 0.706987 0.0121982 
vn -0.709681 0.704441 -0.0107987 
vn -0.71171 0.701659 -0.0338211 
vn -0.713209 0.698642 -0.0568546 
vn -0.721086 0.685323 -0.101821 
vn -0.714176 0.695393 -0.079885 
vn -0.475674 0.698345 0.534835 
vn -0.490082 0.701813 0.51699 
vn -0.504094 0.70505 0.498791 
vn -0.517703 0.708056 0.480249 
vn -0.5309 0.710829 0.461376 
vn -0.543676 0.713366 0.442183 
vn -0.556023 0.715666 0.422682 
vn -0.567935 0.717728 0.402885 
vn -0.579402 0.719551 0.382805 
vn -0.590419 0.721133 0.362454 
vn -0.600979 0.722473 0.341844 
vn -0.611074 0.72357 0.32099 
vn -0.620699 0.724425 0.299902 
vn -0.629848 0.725035 0.278596 
vn -0.638514 0.725402 0.257083 
vn -0.646693 0.725524 0.235377 
vn -0.65438 0.725402 0.213492 
vn -0.661569 0.725035 0.191442 
vn -0.668257 0.724425 0.169239 
vn -0.674438 0.72357 0.146899 
vn -0.68011 0.722473 0.124434 
vn -0.685268 0.721133 0.101859 
vn -0.68991 0.719551 0.0791873 
vn -0.694033 0.717728 0.0564337 
vn -0.697633 0.715666 0.033612 
vn -0.70071 0.713366 0.0107365 
vn -0.70326 0.710829 -0.0121786 
vn -0.705282 0.708056 -0.0351191 
vn -0.706776 0.70505 -0.0580707 
vn -0.714611 0.691913 -0.102898 
vn -0.707739 0.701813 -0.0810192 
vn -0.470109 0.704625 0.531508 
vn -0.484466 0.70808 0.513728 
vn -0.498428 0.711306 0.495594 
vn -0.511988 0.714301 0.477119 
vn -0.525137 0.717063 0.458314 
vn -0.537867 0.719591 0.439189 
vn -0.55017 0.721883 0.419759 
vn -0.562038 0.723938 0.400033 
vn -0.573465 0.725754 0.380025 
vn -0.584442 0.72733 0.359747 
vn -0.594964 0.728665 0.339212 
vn -0.605023 0.729759 0.318432 
vn -0.614613 0.73061 0.297421 
vn -0.623729 0.731219 0.276191 
vn -0.632364 0.731584 0.254755 
vn -0.640514 0.731706 0.233128 
vn -0.648173 0.731584 0.211322 
vn -0.655336 0.731219 0.189351 
vn -0.661999 0.73061 0.167228 
vn -0.668159 0.729759 0.144968 
vn -0.67381 0.728665 0.122584 
vn -0.67895 0.72733 0.10009 
vn -0.683575 0.725754 0.0775001 
vn -0.687683 0.723938 0.0548283 
vn -0.69127 0.721883 0.0320888 
vn -0.694336 0.719591 0.00929562 
vn -0.696877 0.717063 -0.0135371 
vn -0.698892 0.714301 -0.036395 
vn -0.70038 0.711306 -0.059264 
vn -0.708173 0.698345 -0.10395 
vn -0.70134 0.70808 -0.0821299 
vn -0.46459 0.710756 0.528188 
vn -0.478894 0.714198 0.510473 
vn -0.492805 0.717412 0.492405 
vn -0.506316 0.720397 0.473997 
vn -0.519417 0.723149 0.45526 
vn -0.532101 0.725668 0.436205 
vn -0.544359 0.727952 0.416845 
vn -0.556184 0.729999 0.397191 
vn -0.567569 0.731808 0.377256 
vn -0.578507 0.733378 0.357052 
vn -0.58899 0.734709 0.336591 
vn -0.599012 0.735798 0.315887 
vn -0.608568 0.736647 0.294952 
vn -0.61765 0.737253 0.2738 
vn -0.626254 0.737617 0.252442 
vn -0.634374 0.737738 0.230893 
vn -0.642005 0.737617 0.209167 
vn -0.649143 0.737253 0.187275 
vn -0.655782 0.736647 0.165233 
vn -0.661919 0.735798 0.143054 
vn -0.667549 0.734709 0.120751 
vn -0.67267 0.733378 0.0983393 
vn -0.677279 0.731808 0.0758316 
vn -0.681371 0.729999 0.0532423 
vn -0.684946 0.727952 0.0305855 
vn -0.688 0.725668 0.00787521 
vn -0.690532 0.723149 -0.0148744 
vn -0.69254 0.720397 -0.0376492 
vn -0.694023 0.717412 -0.0604351 
vn -0.701772 0.704625 -0.104978 
vn -0.694979 0.714198 -0.0832178 
vn -0.459115 0.716742 0.524876 
vn -0.473366 0.720172 0.507225 
vn -0.487226 0.723374 0.489224 
vn -0.500687 0.726348 0.470884 
vn -0.51374 0.72909 0.452215 
vn -0.526377 0.7316 0.433231 
vn -0.538591 0.733875 0.413942 
vn -0.550373 0.735914 0.39436 
vn -0.561716 0.737717 0.374498 
vn -0.572613 0.739282 0.354368 
vn -0.583058 0.740607 0.333983 
vn -0.593043 0.741693 0.313355 
vn -0.602564 0.742538 0.292497 
vn -0.611613 0.743142 0.271422 
vn -0.620185 0.743505 0.250143 
vn -0.628275 0.743625 0.228673 
vn -0.635878 0.743505 0.207027 
vn -0.642989 0.743142 0.185216 
vn -0.649604 0.742538 0.163255 
vn -0.655718 0.741693 0.141157 
vn -0.661328 0.740607 0.118936 
vn -0.666431 0.739282 0.0966065 
vn -0.671022 0.737717 0.0741815 
vn -0.6751 0.735914 0.0516753 
vn -0.678661 0.733875 0.0291017 
vn -0.681704 0.7316 0.00647492 
vn -0.684226 0.72909 -0.0161911 
vn -0.686227 0.726348 -0.0388822 
vn -0.687704 0.723374 -0.0615843 
vn -0.695409 0.710756 -0.105983 
vn -0.688657 0.720172 -0.0842833 
vn -0.453684 0.722588 0.521572 
vn -0.467882 0.726005 0.503987 
vn -0.481692 0.729196 0.486052 
vn -0.495103 0.732158 0.46778 
vn -0.508107 0.73489 0.449181 
vn -0.520697 0.737391 0.430267 
vn -0.532865 0.739657 0.411049 
vn -0.544603 0.741689 0.39154 
vn -0.555904 0.743485 0.371752 
vn -0.566761 0.745044 0.351697 
vn -0.577167 0.746365 0.331387 
vn -0.587116 0.747446 0.310836 
vn -0.596601 0.748288 0.290055 
vn -0.605616 0.74889 0.269058 
vn -0.614157 0.749251 0.247858 
vn -0.622217 0.749372 0.226468 
vn -0.629792 0.749251 0.204902 
vn -0.636876 0.74889 0.183172 
vn -0.643467 0.748288 0.161292 
vn -0.649558 0.747446 0.139277 
vn -0.655147 0.746365 0.117138 
vn -0.660231 0.745044 0.0948915 
vn -0.664805 0.743485 0.0725498 
vn -0.668868 0.741689 0.050127 
vn -0.672416 0.739657 0.0276372 
vn -0.675447 0.737391 0.00509436 
vn -0.677961 0.73489 -0.0174875 
vn -0.679954 0.732158 -0.0400945 
vn -0.681425 0.729196 -0.0627123 
vn -0.689086 0.716742 -0.106965 
vn -0.682375 0.726005 -0.0853271 
vn -0.448298 0.728298 0.518277 
vn -0.462443 0.731702 0.500757 
vn -0.4762 0.734881 0.48289 
vn -0.489561 0.737832 0.464686 
vn -0.502517 0.740554 0.446157 
vn -0.51506 0.743045 0.427314 
vn -0.527183 0.745303 0.408168 
vn -0.538877 0.747328 0.388732 
vn -0.550136 0.749117 0.369018 
vn -0.560952 0.75067 0.349038 
vn -0.571319 0.751986 0.328804 
vn -0.58123 0.753063 0.30833 
vn -0.590679 0.753902 0.287627 
vn -0.599661 0.754502 0.266709 
vn -0.60817 0.754862 0.245588 
vn -0.6162 0.754982 0.224278 
vn -0.623746 0.754862 0.202793 
vn -0.630804 0.754502 0.181144 
vn -0.63737 0.753902 0.159346 
vn -0.643439 0.753063 0.137413 
vn -0.649007 0.751986 0.115358 
vn -0.654071 0.75067 0.0931941 
vn -0.658629 0.749117 0.070936 
vn -0.662676 0.747328 0.0485972 
vn -0.666211 0.745303 0.0261916 
vn -0.669231 0.743045 0.00373315 
vn -0.671735 0.740554 -0.0187642 
vn -0.67372 0.737832 -0.0412865 
vn -0.675187 0.734881 -0.0638197 
vn -0.682802 0.722588 -0.107925 
vn -0.676133 0.731702 -0.0863498 
vn -0.442956 0.733876 0.514992 
vn -0.457048 0.737267 0.497538 
vn -0.470753 0.740434 0.479739 
vn -0.484063 0.743374 0.461603 
vn -0.49697 0.746086 0.443144 
vn -0.509466 0.748567 0.424372 
vn -0.521543 0.750817 0.405299 
vn -0.533193 0.752834 0.385936 
vn -0.544409 0.754616 0.366296 
vn -0.555184 0.756163 0.346392 
vn -0.565512 0.757474 0.326235 
vn -0.575386 0.758548 0.305837 
vn -0.5848 0.759383 0.285213 
vn -0.593748 0.759981 0.264373 
vn -0.602224 0.760339 0.243333 
vn -0.610224 0.760459 0.222103 
vn -0.617742 0.760339 0.200699 
vn -0.624773 0.759981 0.179132 
vn -0.631314 0.759383 0.157416 
vn -0.63736 0.758548 0.135566 
vn -0.642907 0.757474 0.113594 
vn -0.647952 0.756163 0.091514 
vn -0.652492 0.754616 0.0693399 
vn -0.656524 0.752834 0.0470855 
vn -0.660046 0.750817 0.0247645 
vn -0.663055 0.748567 0.00239085 
vn -0.665549 0.746086 -0.0200215 
vn -0.667527 0.743374 -0.0424588 
vn -0.668988 0.740434 -0.0649069 
vn -0.676558 0.728298 -0.108863 
vn -0.66993 0.737267 -0.0873519 
vn -0.451696 0.742704 0.49433 
vn -0.465349 0.745859 0.476598 
vn -0.478609 0.748787 0.458531 
vn -0.491466 0.751489 0.440142 
vn -0.503915 0.753961 0.421442 
vn -0.515945 0.756202 0.402441 
vn -0.527551 0.758211 0.383152 
vn -0.538724 0.759987 0.363587 
vn -0.549459 0.761528 0.343759 
vn -0.559747 0.762834 0.323678 
vn -0.569583 0.763903 0.303358 
vn -0.578961 0.764736 0.282812 
vn -0.587875 0.765331 0.262052 
vn -0.596319 0.765688 0.241092 
vn -0.604289 0.765807 0.219943 
vn -0.611778 0.765688 0.19862 
vn -0.618783 0.765331 0.177135 
vn -0.625298 0.764736 0.155502 
vn -0.631321 0.763903 0.133735 
vn -0.636847 0.762834 0.111847 
vn -0.641873 0.761528 0.0898509 
vn -0.646396 0.759987 0.0677613 
vn -0.650413 0.758211 0.0455915 
vn -0.653921 0.756202 0.0233555 
vn -0.656918 0.753961 0.00106704 
vn -0.659403 0.751489 -0.02126 
vn -0.661374 0.748787 -0.0436118 
vn -0.662829 0.745859 -0.0659745 
vn -0.446387 0.748017 0.491132 
vn -0.459987 0.751159 0.473468 
vn -0.473196 0.754077 0.455471 
vn -0.486005 0.756768 0.437152 
vn -0.498405 0.75923 0.418523 
vn -0.51039 0.761463 0.399595 
vn -0.521951 0.763464 0.380381 
vn -0.533081 0.765233 0.360891 
vn -0.543774 0.766769 0.341138 
vn -0.554024 0.768069 0.321135 
vn -0.563822 0.769135 0.300893 
vn -0.573164 0.769964 0.280426 
vn -0.582044 0.770557 0.259745 
vn -0.590455 0.770912 0.238865 
vn -0.598394 0.771031 0.217798 
vn -0.605855 0.770912 0.196556 
vn -0.612832 0.770557 0.175154 
vn -0.619323 0.769964 0.153604 
vn -0.625323 0.769135 0.13192 
vn -0.630828 0.768069 0.110116 
vn -0.635835 0.766769 0.0882045 
vn -0.64034 0.765233 0.0661996 
vn -0.644341 0.763464 0.0441149 
vn -0.647836 0.761463 0.0219642 
vn -0.650822 0.75923 -0.000238735 
vn -0.653297 0.756768 -0.0224802 
vn -0.65526 0.754077 -0.0447462 
vn -0.663768 0.742704 -0.0883341 
vn -0.65671 0.751159 -0.0670231 
vn -0.44112 0.753209 0.487945 
vn -0.454668 0.756339 0.470349 
vn -0.467826 0.759246 0.452422 
vn -0.480585 0.761926 0.434174 
vn -0.492937 0.764379 0.415617 
vn -0.504875 0.766603 0.396762 
vn -0.516392 0.768597 0.377622 
vn -0.527479 0.770359 0.358207 
vn -0.538131 0.771888 0.338531 
vn -0.548341 0.773184 0.318605 
vn -0.558101 0.774245 0.298441 
vn -0.567407 0.775071 0.278053 
vn -0.576253 0.775662 0.257452 
vn -0.584632 0.776016 0.236653 
vn -0.59254 0.776134 0.215667 
vn -0.599971 0.776016 0.194507 
vn -0.606922 0.775662 0.173188 
vn -0.613388 0.775071 0.151722 
vn -0.619365 0.774245 0.130122 
vn -0.624848 0.773184 0.108401 
vn -0.629836 0.771888 0.0865745 
vn -0.634324 0.770359 0.0646547 
vn -0.63831 0.768597 0.0426553 
vn -0.641791 0.766603 0.0205902 
vn -0.644765 0.764379 -0.00152695 
vn -0.647231 0.761926 -0.0236824 
vn -0.649186 0.759246 -0.0458624 
vn -0.657645 0.748017 -0.0892969 
vn -0.65063 0.756339 -0.0680532 
vn -0.435894 0.758285 0.484768 
vn -0.44939 0.761403 0.467241 
vn -0.462496 0.764298 0.449384 
vn -0.475206 0.766968 0.431207 
vn -0.48751 0.769412 0.412722 
vn -0.499402 0.771627 0.393941 
vn -0.510873 0.773613 0.374875 
vn -0.521918 0.775368 0.355536 
vn -0.532528 0.776892 0.335936 
vn -0.542698 0.778182 0.316087 
vn -0.55242 0.779239 0.296002 
vn -0.56169 0.780062 0.275694 
vn -0.570501 0.78065 0.255173 
vn -0.578848 0.781003 0.234455 
vn -0.586725 0.781121 0.21355 
vn -0.594128 0.781003 0.192473 
vn -0.601051 0.78065 0.171237 
vn -0.607492 0.780062 0.149854 
vn -0.613445 0.779239 0.128338 
vn -0.618908 0.778182 0.106702 
vn -0.623876 0.776892 0.0849605 
vn -0.628346 0.775368 0.0631259 
vn -0.632317 0.773613 0.0412122 
vn -0.635784 0.771627 0.019233 
vn -0.638747 0.769412 -0.00279809 
vn -0.641203 0.766968 -0.0248673 
vn -0.643151 0.764298 -0.046961 
vn -0.651562 0.753209 -0.0902409 
vn -0.644589 0.761403 -0.0690654 
vn -0.430709 0.763249 0.481603 
vn -0.444151 0.766355 0.464145 
vn -0.457207 0.769238 0.446357 
vn -0.469866 0.771898 0.428251 
vn -0.482122 0.774332 0.409839 
vn -0.493968 0.776539 0.391132 
vn -0.505394 0.778517 0.37214 
vn -0.516395 0.780265 0.352877 
vn -0.526964 0.781783 0.333354 
vn -0.537094 0.783068 0.313583 
vn -0.546779 0.784121 0.293577 
vn -0.556012 0.784941 0.273348 
vn -0.564788 0.785526 0.252908 
vn -0.573102 0.785878 0.23227 
vn -0.580948 0.785995 0.211448 
vn -0.588322 0.785878 0.190454 
vn -0.595219 0.785526 0.1693 
vn -0.601634 0.784941 0.148001 
vn -0.607564 0.784121 0.12657 
vn -0.613005 0.783068 0.105019 
vn -0.617954 0.781783 0.083362 
vn -0.622407 0.780265 0.061613 
vn -0.626362 0.778517 0.0397852 
vn -0.629816 0.776539 0.0178921 
vn -0.632767 0.774332 -0.00405268 
vn -0.635213 0.771898 -0.0260354 
vn -0.637153 0.769238 -0.0480426 
vn -0.645517 0.758285 -0.0911668 
vn -0.638586 0.766355 -0.0700603 
vn -0.425563 0.768104 0.478449 
vn -0.438952 0.771197 0.461059 
vn -0.451956 0.77407 0.443342 
vn -0.464566 0.776719 0.425307 
vn -0.476774 0.779143 0.406968 
vn -0.488572 0.781341 0.388334 
vn -0.499954 0.783312 0.369418 
vn -0.510911 0.785053 0.35023 
vn -0.521438 0.786565 0.330784 
vn -0.531528 0.787845 0.311092 
vn -0.541175 0.788894 0.291164 
vn -0.550372 0.78971 0.271015 
vn -0.559113 0.790294 0.250656 
vn -0.567394 0.790644 0.230099 
vn -0.57521 0.790761 0.209359 
vn -0.582554 0.790644 0.188448 
vn -0.589424 0.790294 0.167378 
vn -0.595814 0.78971 0.146163 
vn -0.601721 0.788894 0.124816 
vn -0.60714 0.787845 0.10335 
vn -0.612069 0.786565 0.0817786 
vn -0.616504 0.785053 0.0601154 
vn -0.620444 0.783312 0.0383737 
vn -0.623884 0.781341 0.0165669 
vn -0.626824 0.779143 -0.00529125 
vn -0.62926 0.776719 -0.0271873 
vn -0.631193 0.77407 -0.0491076 
vn -0.639511 0.763249 -0.0920751 
vn -0.63262 0.771197 -0.0710385 
vn -0.420455 0.772854 0.475304 
vn -0.433791 0.775936 0.457984 
vn -0.446743 0.778797 0.440337 
vn -0.459303 0.781435 0.422374 
vn -0.471462 0.78385 0.404107 
vn -0.483214 0.786039 0.385548 
vn -0.49455 0.788002 0.366706 
vn -0.505464 0.789736 0.347595 
vn -0.515949 0.791242 0.328227 
vn -0.525999 0.792517 0.308612 
vn -0.535607 0.793562 0.288764 
vn -0.544768 0.794375 0.268694 
vn -0.553475 0.794956 0.248416 
vn -0.561723 0.795305 0.227942 
vn -0.569507 0.795421 0.207284 
vn -0.576823 0.795305 0.186455 
vn -0.583665 0.794956 0.165469 
vn -0.59003 0.794375 0.144338 
vn -0.595913 0.793562 0.123076 
vn -0.601311 0.792517 0.101695 
vn -0.60622 0.791242 0.0802097 
vn -0.610638 0.789736 0.0586325 
vn -0.614562 0.788002 0.0369772 
vn -0.617988 0.786039 0.015257 
vn -0.620916 0.78385 -0.00651436 
vn -0.623343 0.781435 -0.0283234 
vn -0.625268 0.778797 -0.0501567 
vn -0.633541 0.768104 -0.0929664 
vn -0.62669 0.775936 -0.0720005 
vn -0.415383 0.777504 0.47217 
vn -0.428666 0.780573 0.454919 
vn -0.441566 0.783423 0.437342 
vn -0.454076 0.786051 0.419452 
vn -0.466186 0.788456 0.401258 
vn -0.477891 0.790636 0.382772 
vn -0.489182 0.792591 0.364006 
vn -0.500052 0.794319 0.344972 
vn -0.510496 0.795818 0.32568 
vn -0.520505 0.797088 0.306144 
vn -0.530075 0.798129 0.286375 
vn -0.539199 0.798939 0.266386 
vn -0.547871 0.799518 0.246189 
vn -0.556086 0.799865 0.225796 
vn -0.56384 0.799981 0.205221 
vn -0.571126 0.799865 0.184476 
vn -0.577941 0.799518 0.163573 
vn -0.58428 0.798939 0.142527 
vn -0.59014 0.798129 0.12135 
vn -0.595516 0.797088 0.100054 
vn -0.600406 0.795818 0.0786548 
vn -0.604806 0.794319 0.0571639 
vn -0.608714 0.792591 0.0355951 
vn -0.612127 0.790636 0.0139617 
vn -0.615043 0.788456 -0.00772261 
vn -0.61746 0.786051 -0.0294445 
vn -0.619378 0.783423 -0.0511905 
vn -0.627607 0.772854 -0.0938413 
vn -0.620793 0.780573 -0.072947 
vn -0.410345 0.782057 0.469045 
vn -0.423575 0.785114 0.451863 
vn -0.436424 0.787952 0.434358 
vn -0.448883 0.790569 0.416539 
vn -0.460945 0.792965 0.398418 
vn -0.472602 0.795136 0.380007 
vn -0.483848 0.797083 0.361317 
vn -0.494675 0.798804 0.342359 
vn -0.505076 0.800297 0.323145 
vn -0.515045 0.801563 0.303687 
vn -0.524576 0.802599 0.283998 
vn -0.533663 0.803405 0.264089 
vn -0.542301 0.803982 0.243973 
vn -0.550483 0.804328 0.223663 
vn -0.558205 0.804443 0.20317 
vn -0.565462 0.804328 0.182508 
vn -0.572249 0.803982 0.16169 
vn -0.578563 0.803405 0.140728 
vn -0.584399 0.802599 0.119636 
vn -0.589754 0.801563 0.0984268 
vn -0.594624 0.800297 0.0771132 
vn -0.599007 0.798804 0.0557088 
vn -0.602899 0.797083 0.0342267 
vn -0.606298 0.795136 0.0126805 
vn -0.609202 0.792965 -0.00891662 
vn -0.61161 0.790569 -0.0305511 
vn -0.613519 0.787952 -0.0522096 
vn -0.621707 0.777504 -0.0947005 
vn -0.61493 0.785114 -0.0738786 
vn -0.405341 0.786517 0.465929 
vn -0.418517 0.789561 0.448816 
vn -0.431313 0.792388 0.431382 
vn -0.443722 0.794995 0.413635 
vn -0.455735 0.797381 0.395588 
vn -0.467345 0.799544 0.377251 
vn -0.478545 0.801483 0.358636 
vn -0.489328 0.803196 0.339755 
vn -0.499688 0.804684 0.320619 
vn -0.509617 0.805944 0.301241 
vn -0.519109 0.806976 0.281631 
vn -0.528159 0.807779 0.261803 
vn -0.536762 0.808353 0.241768 
vn -0.544911 0.808698 0.22154 
vn -0.552601 0.808813 0.20113 
vn -0.559829 0.808698 0.180552 
vn -0.566589 0.808353 0.159818 
vn -0.572877 0.807779 0.138942 
vn -0.57869 0.806976 0.117935 
vn -0.584023 0.805944 0.0968116 
vn -0.588873 0.804684 0.0755843 
vn -0.593238 0.803196 0.0542666 
vn -0.597114 0.801483 0.0328716 
vn -0.6005 0.799544 0.0114126 
vn -0.603392 0.797381 -0.0100971 
vn -0.60579 0.794995 -0.0316439 
vn -0.607692 0.792388 -0.0532147 
vn -0.615839 0.782057 -0.0955446 
vn -0.609096 0.789561 -0.0747959 
vn -0.400367 0.790888 0.46282 
vn -0.413489 0.79392 0.445777 
vn -0.426233 0.796735 0.428413 
vn -0.438591 0.799332 0.410739 
vn -0.450555 0.801708 0.392766 
vn -0.462118 0.803862 0.374504 
vn -0.473273 0.805793 0.355965 
vn -0.484012 0.807499 0.337161 
vn -0.494329 0.808981 0.318103 
vn -0.504217 0.810236 0.298803 
vn -0.513671 0.811263 0.279274 
vn -0.522684 0.812064 0.259526 
vn -0.531252 0.812635 0.239574 
vn -0.539367 0.812979 0.219428 
vn -0.547027 0.813093 0.199101 
vn -0.554225 0.812979 0.178607 
vn -0.560957 0.812635 0.157958 
vn -0.56722 0.812064 0.137166 
vn -0.573008 0.811263 0.116245 
vn -0.57832 0.810236 0.095208 
vn -0.58315 0.808981 0.0740673 
vn -0.587497 0.807499 0.0528365 
vn -0.591358 0.805793 0.0315287 
vn -0.594729 0.803862 0.0101573 
vn -0.59761 0.801708 -0.0112646 
vn -0.599998 0.799332 -0.0327236 
vn -0.601892 0.796735 -0.0542064 
vn -0.610002 0.786517 -0.0963741 
vn -0.603291 0.79392 -0.0756996 
vn -0.39542 0.795175 0.459717 
vn -0.408489 0.798194 0.442744 
vn -0.421181 0.800998 0.425452 
vn -0.433488 0.803583 0.40785 
vn -0.445403 0.80595 0.389951 
vn -0.456918 0.808095 0.371764 
vn -0.468027 0.810018 0.353301 
vn -0.478722 0.811718 0.334574 
vn -0.488996 0.813193 0.315595 
vn -0.498844 0.814443 0.296374 
vn -0.508259 0.815466 0.276925 
vn -0.517236 0.816263 0.257259 
vn -0.525768 0.816833 0.237388 
vn -0.53385 0.817174 0.217325 
vn -0.541478 0.817288 0.197082 
vn -0.548647 0.817174 0.176672 
vn -0.555351 0.816833 0.156107 
vn -0.561588 0.816263 0.135401 
vn -0.567353 0.815466 0.114566 
vn -0.572642 0.814443 0.0936152 
vn -0.577453 0.813193 0.0725613 
vn -0.581782 0.811718 0.0514177 
vn -0.585627 0.810018 0.0301975 
vn -0.588985 0.808095 0.00891381 
vn -0.591854 0.80595 -0.0124201 
vn -0.594232 0.803583 -0.0337909 
vn -0.596118 0.800998 -0.0551855 
vn -0.604193 0.790888 -0.0971898 
vn -0.597511 0.798194 -0.0765904 
vn -0.3932 0.79708 0.458321 
vn -0.406244 0.800094 0.44138 
vn -0.418912 0.802892 0.424119 
vn -0.431197 0.805473 0.406551 
vn -0.443089 0.807834 0.388684 
vn -0.454583 0.809976 0.370531 
vn -0.465671 0.811895 0.352103 
vn -0.476346 0.813592 0.333411 
vn -0.486602 0.815064 0.314467 
vn -0.496431 0.816312 0.295282 
vn -0.505829 0.817333 0.275869 
vn -0.514788 0.818129 0.256239 
vn -0.523304 0.818697 0.236405 
vn -0.531372 0.819038 0.21638 
vn -0.538986 0.819152 0.196175 
vn -0.546141 0.819038 0.175803 
vn -0.552833 0.818697 0.155277 
vn -0.559058 0.818129 0.134609 
vn -0.564812 0.817333 0.113813 
vn -0.570092 0.816312 0.0929007 
vn -0.574894 0.815064 0.0718861 
vn -0.579215 0.813592 0.0507819 
vn -0.583052 0.811895 0.0296012 
vn -0.586404 0.809976 0.00835716 
vn -0.589268 0.807834 -0.012937 
vn -0.591641 0.805473 -0.034268 
vn -0.593524 0.802892 -0.0556227 
vn -0.59841 0.795175 -0.0979923 
vn -0.594914 0.800094 -0.0769877 
vn -0.595811 0.79708 -0.0983498 
vn -0.595937 0.796419 -0.102837 
vn -0.597793 0.795058 -0.102598 
vn -0.598537 0.794507 -0.102531 
vn -0.602192 0.791783 -0.102199 
vn -0.606618 0.788422 -0.102003 
vn -0.60433 0.790164 -0.102106 
vn -0.611071 0.78498 -0.101977 
vn -0.610156 0.78569 -0.101983 
vn -0.615551 0.781455 -0.102098 
vn -0.616017 0.781085 -0.102124 
vn -0.620061 0.777849 -0.102347 
vn -0.621912 0.776351 -0.102496 
vn -0.624602 0.77416 -0.102708 
vn -0.629174 0.770387 -0.103171 
vn -0.627842 0.771491 -0.103038 
vn -0.633779 0.766528 -0.103724 
vn -0.633807 0.766504 -0.103728 
vn -0.638418 0.762582 -0.104361 
vn -0.639809 0.761386 -0.104576 
vn -0.643091 0.758547 -0.105075 
vn -0.6478 0.754419 -0.105861 
vn -0.645847 0.756137 -0.105538 
vn -0.652546 0.750197 -0.106713 
vn -0.651921 0.750757 -0.106602 
vn -0.65733 0.745878 -0.10763 
vn -0.658031 0.745239 -0.107773 
vn -0.662151 0.741458 -0.108607 
vn -0.667012 0.736935 -0.109643 
vn -0.668698 0.735349 -0.110022 
vn -0.664177 0.73958 -0.109042 
vn -0.671913 0.732305 -0.110736 
vn -0.673696 0.730603 -0.111145 
vn -0.670354 0.733876 -0.10978 
vn -0.670358 0.73378 -0.110392 
vn -0.67836 0.726105 -0.112243 
vn -0.676575 0.727833 -0.111826 
vn -0.683056 0.721511 -0.113387 
vn -0.687782 0.716818 -0.114577 
vn -0.682827 0.721737 -0.113332 
vn -0.689112 0.715484 -0.114925 
vn -0.69254 0.712023 -0.115812 
vn -0.697329 0.707123 -0.117092 
vn -0.69543 0.709073 -0.116588 
vn -0.702149 0.702114 -0.118416 
vn -0.707001 0.696994 -0.119784 
vn -0.701779 0.702501 -0.118315 
vn -0.708159 0.69576 -0.120122 
vn -0.711885 0.69176 -0.121197 
vn -0.7168 0.686407 -0.122654 
vn -0.714567 0.688848 -0.121996 
vn -0.723044 0.679479 -0.124562 
vn -0.721746 0.680932 -0.124155 
vn -0.721002 0.68176 -0.123932 
vn -0.727497 0.674838 -0.12386 
vn -0.726722 0.675332 -0.125702 
vn -0.727462 0.674491 -0.125939 
vn -0.73173 0.669603 -0.127294 
vn -0.733944 0.667036 -0.128019 
vn -0.736767 0.66374 -0.128932 
vn -0.741833 0.657741 -0.130617 
vn -0.740447 0.659391 -0.13016 
vn -0.746928 0.6516 -0.132349 
vn -0.746967 0.651552 -0.132363 
vn -0.752051 0.645313 -0.13413 
vn -0.753501 0.643511 -0.134649 
vn -0.7572 0.638877 -0.135959 
vn -0.762375 0.632285 -0.137838 
vn -0.760046 0.635265 -0.136997 
vn -0.768931 0.623753 -0.140279 
vn -0.767575 0.625535 -0.139767 
vn -0.7666 0.62681 -0.139408 
vn -0.773252 0.618557 -0.13953 
vn -0.76961 0.622857 -0.140534 
vn -0.774407 0.616461 -0.142369 
vn -0.773157 0.618138 -0.141894 
vn -0.779215 0.609933 -0.144245 
vn -0.779714 0.609247 -0.144445 
vn -0.784031 0.603268 -0.146163 
vn -0.786266 0.600128 -0.147077 
vn -0.788854 0.596464 -0.148125 
vn -0.793682 0.589517 -0.150131 
vn -0.792809 0.590781 -0.149771 
vn -0.798513 0.582424 -0.152182 
vn -0.799338 0.581196 -0.152542 
vn -0.803346 0.575182 -0.154278 
vn -0.808537 0.567229 -0.156585 
vn -0.808177 0.567787 -0.15642 
vn -0.805847 0.57137 -0.155391 
vn -0.81249 0.561767 -0.155811 
vn -0.813006 0.560237 -0.15861 
vn -0.812331 0.5613 -0.158306 
vn -0.817828 0.552526 -0.160847 
vn -0.818783 0.550976 -0.161304 
vn -0.822643 0.544652 -0.163134 
vn -0.827446 0.536612 -0.165471 
vn -0.825198 0.540396 -0.164381 
vn -0.832235 0.528401 -0.167859 
vn -0.831568 0.529556 -0.167528 
vn -0.837008 0.520016 -0.170299 
vn -0.841759 0.511453 -0.172792 
vn -0.842438 0.510209 -0.17316 
vn -0.837885 0.518449 -0.170762 
vn -0.844258 0.507333 -0.172749 
vn -0.844142 0.50707 -0.17408 
vn -0.846487 0.502709 -0.17534 
vn -0.851187 0.493779 -0.177942 
vn -0.850333 0.495417 -0.177472 
vn -0.855855 0.484659 -0.180602 
vn -0.856447 0.483483 -0.180951 
vn -0.860488 0.475347 -0.183319 
vn -0.862474 0.471263 -0.184524 
vn -0.86508 0.465838 -0.186096 
vn -0.869628 0.456127 -0.188933 
vn -0.870933 0.453276 -0.189778 
vn -0.868408 0.458756 -0.188176 
vn -0.874586 0.446606 -0.188794 
vn -0.874125 0.446212 -0.191832 
vn -0.874239 0.445957 -0.191908 
vn -0.878568 0.436089 -0.194794 
vn -0.879952 0.432857 -0.195753 
vn -0.882951 0.425752 -0.197821 
vn -0.886827 0.416293 -0.200593 
vn -0.885541 0.41946 -0.199676 
vn -0.890627 0.406706 -0.203406 
vn -0.890994 0.405759 -0.203688 
vn -0.894346 0.396993 -0.206258 
vn -0.552529 0.396993 0.732877 
vn -0.551513 0.406706 0.728302 
vn -0.55041 0.416293 0.723705 
vn -0.551613 0.405759 0.728754 
vn -0.549223 0.425752 0.719089 
vn -0.550015 0.41946 0.722175 
vn -0.547811 0.436089 0.713954 
vn -0.548255 0.432857 0.715578 
vn -0.54635 0.445957 0.70896 
vn -0.546312 0.446212 0.708829 
vn -0.545187 0.453276 0.705203 
vn -0.54473 0.456127 0.703717 
vn -0.54307 0.465838 0.698621 
vn -0.544283 0.458756 0.702353 
vn -0.541336 0.475347 0.693542 
vn -0.542084 0.471263 0.695742 
vn -0.539534 0.484659 0.688482 
vn -0.537668 0.493779 0.683444 
vn -0.539763 0.483483 0.68913 
vn -0.535741 0.502709 0.678429 
vn -0.537316 0.495417 0.682535 
vn -0.533756 0.511453 0.673439 
vn -0.53404 0.510209 0.674157 
vn -0.531719 0.520016 0.668475 
vn -0.529632 0.528401 0.663538 
vn -0.532093 0.518449 0.669393 
vn -0.529333 0.529556 0.662855 
vn -0.527498 0.536612 0.65863 
vn -0.52532 0.544652 0.653752 
vn -0.526476 0.540396 0.65635 
vn -0.523102 0.552526 0.648906 
vn -0.520846 0.560237 0.644092 
vn -0.52354 0.550976 0.64987 
vn -0.518725 0.567229 0.639669 
vn -0.518555 0.567787 0.639311 
vn -0.516231 0.575182 0.634564 
vn -0.517431 0.57137 0.637025 
vn -0.513876 0.582424 0.629852 
vn -0.511493 0.589517 0.625176 
vn -0.514277 0.581196 0.630659 
vn -0.509084 0.596464 0.620536 
vn -0.511056 0.590781 0.624339 
vn -0.50665 0.603268 0.615933 
vn -0.507776 0.600128 0.618069 
vn -0.504194 0.609933 0.611368 
vn -0.501718 0.616461 0.60684 
vn -0.504448 0.609247 0.611842 
vn -0.501065 0.618138 0.605672 
vn -0.499222 0.622857 0.602351 
vn -0.498866 0.623753 0.601719 
vn -0.498156 0.625535 0.600456 
vn -0.497639 0.62681 0.599554 
vn -0.495413 0.632285 0.595635 
vn -0.492656 0.638877 0.590869 
vn -0.494169 0.635265 0.593494 
vn -0.489887 0.645313 0.586158 
vn -0.490665 0.643511 0.587488 
vn -0.487107 0.6516 0.581502 
vn -0.484318 0.657741 0.5769 
vn -0.487128 0.651552 0.581537 
vn -0.48152 0.66374 0.572352 
vn -0.48355 0.659391 0.575658 
vn -0.478714 0.669603 0.56786 
vn -0.479945 0.667036 0.569838 
vn -0.476316 0.674491 0.564079 
vn -0.475902 0.675332 0.563422 
vn -0.473817 0.679479 0.560184 
vn -0.473084 0.680932 0.559038 
vn -0.472658 0.68176 0.558388 
vn -0.47026 0.686407 0.554708 
vn -0.467432 0.69176 0.550433 
vn -0.468973 0.688848 0.552769 
vn -0.464599 0.696994 0.546211 
vn -0.461761 0.702114 0.542044 
vn -0.465268 0.69576 0.547214 
vn -0.461543 0.702501 0.54173 
vn -0.45892 0.707123 0.537932 
vn -0.456073 0.712023 0.533873 
vn -0.457789 0.709073 0.536325 
vn -0.453223 0.716818 0.529869 
vn -0.450367 0.721511 0.525919 
vn -0.454018 0.715484 0.53099 
vn -0.450227 0.721737 0.52573 
vn -0.447506 0.726105 0.522025 
vn -0.443535 0.732305 0.516726 
vn -0.446406 0.727833 0.520558 
vn -0.444639 0.730603 0.518185 
vn -0.440484 0.736935 0.512739 
vn -0.441531 0.735349 0.514113 
vn -0.437426 0.741458 0.508821 
vn -0.438698 0.73958 0.510456 
vn -0.434361 0.745878 0.504972 
vn -0.431286 0.750197 0.501196 
vn -0.434805 0.745239 0.505533 
vn -0.430878 0.750757 0.500709 
vn -0.428198 0.754419 0.497492 
vn -0.425095 0.758547 0.493863 
vn -0.426909 0.756137 0.495989 
vn -0.421974 0.762582 0.490312 
vn -0.422902 0.761386 0.491372 
vn -0.41883 0.766528 0.486843 
vn -0.415658 0.770387 0.483459 
vn -0.418849 0.766504 0.486864 
vn -0.412453 0.77416 0.480165 
vn -0.414723 0.771491 0.482501 
vn -0.409207 0.777849 0.47697 
vn -0.410529 0.776351 0.478274 
vn -0.405913 0.781455 0.47388 
vn -0.402558 0.78498 0.470907 
vn -0.406252 0.781085 0.4742 
vn -0.401853 0.78569 0.470325 
vn -0.39913 0.788422 0.468065 
vn -0.395614 0.791783 0.465371 
vn -0.397311 0.790164 0.466673 
vn -0.391987 0.795058 0.462848 
vn -0.3926 0.794507 0.463276 
vn -0.390412 0.796419 0.461839 
vn -0.442565 0.73378 0.515463 
vn -0.520525 0.5613 0.643426 
vn -0.534754 0.50707 0.675958 
vn -0.896605 0.392249 -0.205526 
vn -0.908561 0.365998 -0.2014 
vn 0.397131 0.906308 -0.144544 
vn 0.395466 -0.795136 -0.459745 
vn 0.408535 -0.798155 -0.442772 
vn 0.406311 -0.800037 -0.44142 
vn 0.421227 -0.800959 -0.425479 
vn 0.41898 -0.802836 -0.424159 
vn 0.433535 -0.803545 -0.407877 
vn 0.431265 -0.805417 -0.406589 
vn 0.44545 -0.805911 -0.389976 
vn 0.443158 -0.807778 -0.388722 
vn 0.456966 -0.808056 -0.371789 
vn 0.454653 -0.80992 -0.370568 
vn 0.468075 -0.80998 -0.353326 
vn 0.465741 -0.811839 -0.352139 
vn 0.47877 -0.811679 -0.334598 
vn 0.476417 -0.813536 -0.333446 
vn 0.489045 -0.813155 -0.315618 
vn 0.486673 -0.815009 -0.3145 
vn 0.498893 -0.814404 -0.296396 
vn 0.496503 -0.816256 -0.295314 
vn 0.508309 -0.815428 -0.276946 
vn 0.505901 -0.817278 -0.2759 
vn 0.517285 -0.816225 -0.257279 
vn 0.514861 -0.818073 -0.25627 
vn 0.525818 -0.816794 -0.237408 
vn 0.523378 -0.818642 -0.236435 
vn 0.533901 -0.817136 -0.217344 
vn 0.531446 -0.818983 -0.216408 
vn 0.541529 -0.81725 -0.1971 
vn 0.53906 -0.819097 -0.196202 
vn 0.548698 -0.817136 -0.17669 
vn 0.546215 -0.818983 -0.175829 
vn 0.555403 -0.816794 -0.156124 
vn 0.552908 -0.818642 -0.155301 
vn 0.56164 -0.816225 -0.135417 
vn 0.559133 -0.818073 -0.134632 
vn 0.567405 -0.815428 -0.114581 
vn 0.564888 -0.817278 -0.113835 
vn 0.572694 -0.814404 -0.0936297 
vn 0.570168 -0.816256 -0.092922 
vn 0.577505 -0.813155 -0.0725751 
vn 0.57497 -0.815009 -0.0719062 
vn 0.581835 -0.811679 -0.0514307 
vn 0.579291 -0.813536 -0.0508008 
vn 0.585679 -0.80998 -0.0302097 
vn 0.583129 -0.811839 -0.0296189 
vn 0.589037 -0.808056 -0.00892516 
vn 0.586481 -0.80992 -0.00837372 
vn 0.591907 -0.805911 0.0124095 
vn 0.589345 -0.807778 0.0129216 
vn 0.594285 -0.803545 0.0337812 
vn 0.591719 -0.805417 0.0342539 
vn 0.596171 -0.800959 0.0551765 
vn 0.593601 -0.802836 0.0556097 
vn 0.597564 -0.798155 0.0765823 
vn 0.594992 -0.800037 0.0769759 
vn 0.598463 -0.795136 0.097985 
vn 0.595889 -0.797023 0.0983392 
vn 0.413534 -0.793881 -0.445805 
vn 0.426279 -0.796696 -0.42844 
vn 0.438637 -0.799293 -0.410765 
vn 0.450602 -0.801669 -0.392791 
vn 0.462165 -0.803823 -0.374529 
vn 0.47332 -0.805754 -0.355989 
vn 0.48406 -0.807461 -0.337184 
vn 0.494377 -0.808942 -0.318126 
vn 0.504266 -0.810197 -0.298825 
vn 0.51372 -0.811225 -0.279295 
vn 0.522734 -0.812025 -0.259547 
vn 0.531301 -0.812597 -0.239593 
vn 0.539417 -0.81294 -0.219447 
vn 0.547077 -0.813055 -0.19912 
vn 0.554275 -0.81294 -0.178625 
vn 0.561008 -0.812597 -0.157975 
vn 0.567271 -0.812025 -0.137182 
vn 0.57306 -0.811225 -0.116261 
vn 0.578371 -0.810197 -0.0952224 
vn 0.583202 -0.808942 -0.074081 
vn 0.587549 -0.807461 -0.0528494 
vn 0.59141 -0.805754 -0.0315408 
vn 0.594781 -0.803823 -0.0101686 
vn 0.597662 -0.801669 0.0112541 
vn 0.600051 -0.799293 0.0327139 
vn 0.601945 -0.796696 0.0541975 
vn 0.603343 -0.793881 0.0756915 
vn 0.604246 -0.790849 0.0971825 
vn 0.418562 -0.789522 -0.448844 
vn 0.400411 -0.790849 -0.462848 
vn 0.431359 -0.792349 -0.431408 
vn 0.443768 -0.794956 -0.413661 
vn 0.455781 -0.797342 -0.395613 
vn 0.467392 -0.799505 -0.377276 
vn 0.478592 -0.801444 -0.35866 
vn 0.489376 -0.803157 -0.339778 
vn 0.499735 -0.804645 -0.320642 
vn 0.509665 -0.805905 -0.301262 
vn 0.519158 -0.806937 -0.281652 
vn 0.528208 -0.80774 -0.261823 
vn 0.536811 -0.808315 -0.241788 
vn 0.54496 -0.808659 -0.221559 
vn 0.552651 -0.808774 -0.201149 
vn 0.559879 -0.808659 -0.18057 
vn 0.566639 -0.808315 -0.159835 
vn 0.572928 -0.80774 -0.138958 
vn 0.57874 -0.806937 -0.11795 
vn 0.584074 -0.805905 -0.0968259 
vn 0.588924 -0.804645 -0.0755979 
vn 0.593289 -0.803157 -0.0542794 
vn 0.597166 -0.801444 -0.0328836 
vn 0.600551 -0.799505 -0.0114238 
vn 0.603444 -0.797342 0.0100866 
vn 0.605842 -0.794956 0.0316342 
vn 0.607744 -0.792349 0.0532058 
vn 0.609148 -0.789522 0.0747877 
vn 0.610054 -0.786478 0.0963668 
vn 0.42362 -0.785074 -0.45189 
vn 0.405385 -0.786478 -0.465957 
vn 0.436469 -0.787912 -0.434384 
vn 0.448928 -0.79053 -0.416564 
vn 0.460991 -0.792925 -0.398443 
vn 0.472648 -0.795097 -0.380031 
vn 0.483895 -0.797044 -0.36134 
vn 0.494722 -0.798765 -0.342382 
vn 0.505124 -0.800258 -0.323167 
vn 0.515093 -0.801524 -0.303709 
vn 0.524625 -0.80256 -0.284019 
vn 0.533712 -0.803366 -0.264109 
vn 0.54235 -0.803943 -0.243993 
vn 0.550532 -0.804289 -0.223681 
vn 0.558255 -0.804404 -0.203188 
vn 0.565512 -0.804289 -0.182525 
vn 0.572299 -0.803943 -0.161707 
vn 0.578613 -0.803366 -0.140744 
vn 0.58445 -0.80256 -0.119651 
vn 0.589805 -0.801524 -0.0984411 
vn 0.594675 -0.800258 -0.0771268 
vn 0.599057 -0.798765 -0.0557216 
vn 0.60295 -0.797044 -0.0342388 
vn 0.606349 -0.795097 -0.0126917 
vn 0.609254 -0.792925 0.00890615 
vn 0.611661 -0.79053 0.0305414 
vn 0.613571 -0.787912 0.0522007 
vn 0.614981 -0.785074 0.0738704 
vn 0.615891 -0.782017 0.0955372 
vn 0.42871 -0.780533 -0.454946 
vn 0.41039 -0.782017 -0.469073 
vn 0.441611 -0.783383 -0.437368 
vn 0.454121 -0.786011 -0.419477 
vn 0.466232 -0.788416 -0.401283 
vn 0.477937 -0.790597 -0.382796 
vn 0.489229 -0.792551 -0.36403 
vn 0.500099 -0.794279 -0.344995 
vn 0.510543 -0.795779 -0.325702 
vn 0.520553 -0.797049 -0.306166 
vn 0.530123 -0.798089 -0.286396 
vn 0.539247 -0.798899 -0.266406 
vn 0.54792 -0.799478 -0.246208 
vn 0.556135 -0.799826 -0.225815 
vn 0.563889 -0.799942 -0.205239 
vn 0.571175 -0.799826 -0.184493 
vn 0.577991 -0.799478 -0.16359 
vn 0.58433 -0.798899 -0.142543 
vn 0.59019 -0.798089 -0.121365 
vn 0.595566 -0.797049 -0.100069 
vn 0.600456 -0.795779 -0.0786683 
vn 0.604857 -0.794279 -0.0571766 
vn 0.608765 -0.792551 -0.035607 
vn 0.612178 -0.790597 -0.013973 
vn 0.615094 -0.788416 0.00771214 
vn 0.617512 -0.786011 0.0294348 
vn 0.619429 -0.783383 0.0511815 
vn 0.620845 -0.780533 0.0729388 
vn 0.621758 -0.777464 0.0946931 
vn 0.433835 -0.775895 -0.45801 
vn 0.415427 -0.777464 -0.472198 
vn 0.446788 -0.778756 -0.440363 
vn 0.459348 -0.781395 -0.4224 
vn 0.471508 -0.78381 -0.404132 
vn 0.48326 -0.785999 -0.385572 
vn 0.494596 -0.787962 -0.36673 
vn 0.505511 -0.789696 -0.347618 
vn 0.515997 -0.791202 -0.328249 
vn 0.526047 -0.792477 -0.308633 
vn 0.535655 -0.793522 -0.288784 
vn 0.544816 -0.794335 -0.268714 
vn 0.553523 -0.794916 -0.248435 
vn 0.561772 -0.795265 -0.22796 
vn 0.569556 -0.795381 -0.207302 
vn 0.576872 -0.795265 -0.186472 
vn 0.583715 -0.794916 -0.165485 
vn 0.590079 -0.794335 -0.144354 
vn 0.595963 -0.793522 -0.123091 
vn 0.601361 -0.792477 -0.101709 
vn 0.606271 -0.791202 -0.0802232 
vn 0.610688 -0.789696 -0.0586453 
vn 0.614612 -0.787962 -0.0369891 
vn 0.618039 -0.785999 -0.0152683 
vn 0.620967 -0.78381 0.00650387 
vn 0.623394 -0.781395 0.0283137 
vn 0.625319 -0.778756 0.0501477 
vn 0.626741 -0.775895 0.0719923 
vn 0.627658 -0.772814 0.0938339 
vn 0.438997 -0.771156 -0.461085 
vn 0.420499 -0.772814 -0.475332 
vn 0.452001 -0.774029 -0.443367 
vn 0.464611 -0.776678 -0.425333 
vn 0.476819 -0.779103 -0.406992 
vn 0.488618 -0.781301 -0.388358 
vn 0.5 -0.783271 -0.369441 
vn 0.510958 -0.785013 -0.350253 
vn 0.521485 -0.786524 -0.330806 
vn 0.531576 -0.787805 -0.311113 
vn 0.541222 -0.788853 -0.291185 
vn 0.55042 -0.78967 -0.271035 
vn 0.559162 -0.790253 -0.250675 
vn 0.567443 -0.790604 -0.230118 
vn 0.575259 -0.79072 -0.209377 
vn 0.582604 -0.790604 -0.188465 
vn 0.589473 -0.790253 -0.167394 
vn 0.595864 -0.78967 -0.146178 
vn 0.60177 -0.788853 -0.124831 
vn 0.60719 -0.787805 -0.103364 
vn 0.612119 -0.786524 -0.0817921 
vn 0.616555 -0.785013 -0.0601281 
vn 0.620494 -0.783271 -0.0383857 
vn 0.623935 -0.781301 -0.0165782 
vn 0.626874 -0.779103 0.00528074 
vn 0.629311 -0.776678 0.0271775 
vn 0.631244 -0.774029 0.0490986 
vn 0.632671 -0.771156 0.0710302 
vn 0.633592 -0.768063 0.0929589 
vn 0.444196 -0.766313 -0.464171 
vn 0.425607 -0.768063 -0.478475 
vn 0.457251 -0.769197 -0.446383 
vn 0.469911 -0.771857 -0.428276 
vn 0.482168 -0.774291 -0.409863 
vn 0.494013 -0.776498 -0.391155 
vn 0.50544 -0.778476 -0.372163 
vn 0.516442 -0.780224 -0.3529 
vn 0.527011 -0.781742 -0.333376 
vn 0.537141 -0.783027 -0.313604 
vn 0.546826 -0.78408 -0.293597 
vn 0.55606 -0.7849 -0.273367 
vn 0.564836 -0.785486 -0.252927 
vn 0.573151 -0.785837 -0.232289 
vn 0.580997 -0.785955 -0.211466 
vn 0.588371 -0.785837 -0.190471 
vn 0.595268 -0.785486 -0.169317 
vn 0.601684 -0.7849 -0.148017 
vn 0.607614 -0.78408 -0.126584 
vn 0.613055 -0.783027 -0.105033 
vn 0.618004 -0.781742 -0.0833755 
vn 0.622457 -0.780224 -0.0616257 
vn 0.626412 -0.778476 -0.0397972 
vn 0.629866 -0.776498 -0.0179033 
vn 0.632817 -0.774291 0.00404214 
vn 0.635264 -0.771857 0.0260256 
vn 0.637204 -0.769197 0.0480335 
vn 0.638637 -0.766313 0.070052 
vn 0.639561 -0.763207 0.0920675 
vn 0.449434 -0.761361 -0.467267 
vn 0.430753 -0.763207 -0.48163 
vn 0.462541 -0.764256 -0.449409 
vn 0.47525 -0.766927 -0.431232 
vn 0.487555 -0.76937 -0.412746 
vn 0.499447 -0.771586 -0.393964 
vn 0.510919 -0.773572 -0.374898 
vn 0.521964 -0.775327 -0.355558 
vn 0.532575 -0.77685 -0.335958 
vn 0.542745 -0.778141 -0.316108 
vn 0.552468 -0.779198 -0.296023 
vn 0.561738 -0.780021 -0.275713 
vn 0.570549 -0.780609 -0.255192 
vn 0.578896 -0.780962 -0.234473 
vn 0.586773 -0.78108 -0.213568 
vn 0.594176 -0.780962 -0.19249 
vn 0.6011 -0.780609 -0.171253 
vn 0.607541 -0.780021 -0.14987 
vn 0.613495 -0.779198 -0.128353 
vn 0.618957 -0.778141 -0.106717 
vn 0.623925 -0.77685 -0.084974 
vn 0.628396 -0.775327 -0.0631387 
vn 0.632367 -0.773572 -0.0412242 
vn 0.635834 -0.771586 -0.0192443 
vn 0.638797 -0.76937 0.00278752 
vn 0.641253 -0.766927 0.0248575 
vn 0.643201 -0.764256 0.0469519 
vn 0.64464 -0.761361 0.069057 
vn 0.645568 -0.758243 0.0911591 
vn 0.454712 -0.756297 -0.470375 
vn 0.435938 -0.758243 -0.484795 
vn 0.46787 -0.759203 -0.452447 
vn 0.480629 -0.761884 -0.434198 
vn 0.492982 -0.764337 -0.415641 
vn 0.504921 -0.766561 -0.396786 
vn 0.516438 -0.768555 -0.377644 
vn 0.527526 -0.770317 -0.358229 
vn 0.538178 -0.771847 -0.338552 
vn 0.548388 -0.773142 -0.318625 
vn 0.558149 -0.774203 -0.298461 
vn 0.567455 -0.77503 -0.278072 
vn 0.5763 -0.77562 -0.257471 
vn 0.58468 -0.775974 -0.236671 
vn 0.592588 -0.776093 -0.215684 
vn 0.60002 -0.775974 -0.194524 
vn 0.606971 -0.77562 -0.173204 
vn 0.613437 -0.77503 -0.151737 
vn 0.619414 -0.774203 -0.130136 
vn 0.624898 -0.773142 -0.108415 
vn 0.629885 -0.771847 -0.086588 
vn 0.634373 -0.770317 -0.0646674 
vn 0.638359 -0.768555 -0.0426674 
vn 0.641841 -0.766561 -0.0206015 
vn 0.644815 -0.764337 0.00151635 
vn 0.647281 -0.761884 0.0236725 
vn 0.649236 -0.759203 0.0458533 
vn 0.65068 -0.756297 0.0680447 
vn 0.651612 -0.753166 0.0902332 
vn 0.460031 -0.751116 -0.473493 
vn 0.441163 -0.753166 -0.487971 
vn 0.47324 -0.754034 -0.455496 
vn 0.486049 -0.756725 -0.437177 
vn 0.49845 -0.759188 -0.418547 
vn 0.510435 -0.76142 -0.399619 
vn 0.521996 -0.763422 -0.380403 
vn 0.533127 -0.765191 -0.360913 
vn 0.543821 -0.766726 -0.34116 
vn 0.55407 -0.768027 -0.321155 
vn 0.563869 -0.769092 -0.300913 
vn 0.573211 -0.769922 -0.280445 
vn 0.582091 -0.770514 -0.259764 
vn 0.590503 -0.77087 -0.238883 
vn 0.598442 -0.770989 -0.217815 
vn 0.605903 -0.77087 -0.196573 
vn 0.612881 -0.770514 -0.17517 
vn 0.619372 -0.769922 -0.15362 
vn 0.625372 -0.769092 -0.131935 
vn 0.630877 -0.768027 -0.11013 
vn 0.635884 -0.766726 -0.088218 
vn 0.64039 -0.765191 -0.0662124 
vn 0.644391 -0.763422 -0.044127 
vn 0.647886 -0.76142 -0.0219756 
vn 0.650872 -0.759188 0.000228104 
vn 0.653347 -0.756725 0.0224702 
vn 0.65531 -0.754034 0.044737 
vn 0.65676 -0.751116 0.0670146 
vn 0.657695 -0.747973 0.0892891 
vn 0.465393 -0.745815 -0.476623 
vn 0.44643 -0.747973 -0.491158 
vn 0.478653 -0.748744 -0.458556 
vn 0.491511 -0.751446 -0.440167 
vn 0.503959 -0.753918 -0.421465 
vn 0.51599 -0.756159 -0.402464 
vn 0.527596 -0.758168 -0.383175 
vn 0.53877 -0.759944 -0.363609 
vn 0.549505 -0.761485 -0.34378 
vn 0.559794 -0.762791 -0.323699 
vn 0.56963 -0.76386 -0.303378 
vn 0.579009 -0.764693 -0.282832 
vn 0.587923 -0.765288 -0.262071 
vn 0.596367 -0.765645 -0.24111 
vn 0.604337 -0.765764 -0.21996 
vn 0.611826 -0.765645 -0.198637 
vn 0.618831 -0.765288 -0.177151 
vn 0.625347 -0.764693 -0.155518 
vn 0.63137 -0.76386 -0.13375 
vn 0.636896 -0.762791 -0.111861 
vn 0.641923 -0.761485 -0.0898643 
vn 0.646445 -0.759944 -0.067774 
vn 0.650462 -0.758168 -0.0456036 
vn 0.653971 -0.756159 -0.0233669 
vn 0.656968 -0.753918 -0.0010777 
vn 0.659453 -0.751446 0.0212501 
vn 0.661424 -0.748744 0.0436026 
vn 0.662879 -0.745815 0.0659659 
vn 0.663818 -0.74266 0.0883262 
vn 0.470797 -0.74039 -0.479764 
vn 0.451739 -0.74266 -0.494356 
vn 0.484107 -0.74333 -0.461628 
vn 0.497015 -0.746042 -0.443168 
vn 0.509511 -0.748523 -0.424395 
vn 0.521588 -0.750773 -0.405322 
vn 0.533238 -0.75279 -0.385958 
vn 0.544455 -0.754573 -0.366318 
vn 0.55523 -0.75612 -0.346413 
vn 0.565558 -0.757431 -0.326255 
vn 0.575433 -0.758504 -0.305857 
vn 0.584847 -0.75934 -0.285232 
vn 0.593795 -0.759937 -0.264392 
vn 0.602272 -0.760296 -0.243351 
vn 0.610271 -0.760415 -0.222121 
vn 0.61779 -0.760296 -0.200715 
vn 0.624821 -0.759937 -0.179148 
vn 0.631362 -0.75934 -0.157432 
vn 0.637408 -0.758504 -0.135581 
vn 0.642956 -0.757431 -0.113608 
vn 0.648001 -0.75612 -0.0915274 
vn 0.652541 -0.754573 -0.0693526 
vn 0.656573 -0.75279 -0.0470975 
vn 0.660095 -0.750773 -0.0247759 
vn 0.663104 -0.748523 -0.00240153 
vn 0.665598 -0.746042 0.0200116 
vn 0.667577 -0.74333 0.0424495 
vn 0.669037 -0.74039 0.0648982 
vn 0.66998 -0.737223 0.0873439 
vn 0.476244 -0.734837 -0.482915 
vn 0.457091 -0.737223 -0.497564 
vn 0.489605 -0.737788 -0.464711 
vn 0.502561 -0.74051 -0.446181 
vn 0.515105 -0.743001 -0.427337 
vn 0.527227 -0.745259 -0.408191 
vn 0.538922 -0.747284 -0.388754 
vn 0.550181 -0.749073 -0.36904 
vn 0.560997 -0.750626 -0.349059 
vn 0.571365 -0.751942 -0.328825 
vn 0.581276 -0.753019 -0.30835 
vn 0.590726 -0.753858 -0.287646 
vn 0.599708 -0.754458 -0.266727 
vn 0.608217 -0.754818 -0.245606 
vn 0.616247 -0.754938 -0.224296 
vn 0.623794 -0.754818 -0.202809 
vn 0.630852 -0.754458 -0.18116 
vn 0.637418 -0.753858 -0.159362 
vn 0.643487 -0.753019 -0.137428 
vn 0.649055 -0.751942 -0.115372 
vn 0.65412 -0.750626 -0.0932075 
vn 0.658677 -0.749073 -0.0709487 
vn 0.662725 -0.747284 -0.0486092 
vn 0.66626 -0.745259 -0.026203 
vn 0.66928 -0.743001 -0.00374384 
vn 0.671784 -0.74051 0.0187542 
vn 0.67377 -0.737788 0.0412771 
vn 0.675236 -0.734837 0.063811 
vn 0.676182 -0.731658 0.0863417 
vn 0.467925 -0.72596 -0.504012 
vn 0.462486 -0.731658 -0.500783 
vn 0.44834 -0.728253 -0.518303 
vn 0.481735 -0.729151 -0.486077 
vn 0.495146 -0.732113 -0.467804 
vn 0.508151 -0.734845 -0.449205 
vn 0.520742 -0.737346 -0.43029 
vn 0.53291 -0.739613 -0.411072 
vn 0.544648 -0.741645 -0.391562 
vn 0.55595 -0.743441 -0.371774 
vn 0.566807 -0.745 -0.351718 
vn 0.577213 -0.74632 -0.331408 
vn 0.587162 -0.747402 -0.310855 
vn 0.596647 -0.748244 -0.290074 
vn 0.605663 -0.748846 -0.269077 
vn 0.614204 -0.749207 -0.247876 
vn 0.622264 -0.749328 -0.226486 
vn 0.629839 -0.749207 -0.204918 
vn 0.636924 -0.748846 -0.183188 
vn 0.643514 -0.748244 -0.161308 
vn 0.649606 -0.747402 -0.139291 
vn 0.655195 -0.74632 -0.117152 
vn 0.660279 -0.745 -0.0949049 
vn 0.664854 -0.743441 -0.0725624 
vn 0.668916 -0.741645 -0.050139 
vn 0.672464 -0.739613 -0.0276486 
vn 0.675496 -0.737346 -0.00510507 
vn 0.678009 -0.734845 0.0174775 
vn 0.680002 -0.732113 0.0400851 
vn 0.681474 -0.729151 0.0627036 
vn 0.682424 -0.72596 0.085319 
vn 0.682851 -0.722543 0.107917 
vn 0.676607 -0.728253 0.108855 
vn 0.473408 -0.720126 -0.50725 
vn 0.453726 -0.722543 -0.521598 
vn 0.487269 -0.723329 -0.489249 
vn 0.50073 -0.726302 -0.470908 
vn 0.513784 -0.729045 -0.452239 
vn 0.526421 -0.731554 -0.433254 
vn 0.538635 -0.73383 -0.413964 
vn 0.550417 -0.735869 -0.394382 
vn 0.561761 -0.737672 -0.374519 
vn 0.572658 -0.739237 -0.354389 
vn 0.583103 -0.740562 -0.334003 
vn 0.593089 -0.741648 -0.313374 
vn 0.60261 -0.742493 -0.292516 
vn 0.611659 -0.743097 -0.27144 
vn 0.620232 -0.74346 -0.250161 
vn 0.628322 -0.743581 -0.22869 
vn 0.635925 -0.74346 -0.207043 
vn 0.643036 -0.743097 -0.185232 
vn 0.649651 -0.742493 -0.16327 
vn 0.655766 -0.741648 -0.141171 
vn 0.661376 -0.740562 -0.11895 
vn 0.666478 -0.739237 -0.0966198 
vn 0.67107 -0.737672 -0.0741942 
vn 0.675148 -0.735869 -0.0516873 
vn 0.678709 -0.73383 -0.0291131 
vn 0.681752 -0.731554 -0.00648562 
vn 0.684275 -0.729045 0.016181 
vn 0.686275 -0.726302 0.0388728 
vn 0.687753 -0.723329 0.0615755 
vn 0.688706 -0.720126 0.0842752 
vn 0.689134 -0.716696 0.106958 
vn 0.478936 -0.714152 -0.510497 
vn 0.459157 -0.716696 -0.524901 
vn 0.492848 -0.717366 -0.492429 
vn 0.506359 -0.720351 -0.474021 
vn 0.51946 -0.723103 -0.455283 
vn 0.532144 -0.725622 -0.436228 
vn 0.544403 -0.727906 -0.416867 
vn 0.556229 -0.729953 -0.397213 
vn 0.567614 -0.731763 -0.377277 
vn 0.578552 -0.733333 -0.357072 
vn 0.589035 -0.734664 -0.336611 
vn 0.599058 -0.735753 -0.315907 
vn 0.608613 -0.736601 -0.294971 
vn 0.617696 -0.737208 -0.273818 
vn 0.6263 -0.737572 -0.25246 
vn 0.634421 -0.737693 -0.23091 
vn 0.642052 -0.737572 -0.209183 
vn 0.649189 -0.737208 -0.187291 
vn 0.655829 -0.736601 -0.165248 
vn 0.661966 -0.735753 -0.143068 
vn 0.667597 -0.734664 -0.120765 
vn 0.672718 -0.733333 -0.0983525 
vn 0.677326 -0.731763 -0.0758441 
vn 0.681419 -0.729953 -0.0532542 
vn 0.684994 -0.727906 -0.0305968 
vn 0.688048 -0.725622 -0.0078859 
vn 0.69058 -0.723103 0.0148643 
vn 0.692588 -0.720351 0.0376398 
vn 0.694071 -0.717366 0.0604263 
vn 0.695027 -0.714152 0.0832096 
vn 0.695457 -0.71071 0.105976 
vn 0.484507 -0.708033 -0.513752 
vn 0.464631 -0.71071 -0.528213 
vn 0.49847 -0.71126 -0.495618 
vn 0.51203 -0.714255 -0.477142 
vn 0.52518 -0.717017 -0.458336 
vn 0.53791 -0.719546 -0.439212 
vn 0.550214 -0.721838 -0.41978 
vn 0.562082 -0.723892 -0.400054 
vn 0.573509 -0.725708 -0.380046 
vn 0.584487 -0.727284 -0.359767 
vn 0.595009 -0.72862 -0.339232 
vn 0.605068 -0.729713 -0.318451 
vn 0.614658 -0.730565 -0.297439 
vn 0.623774 -0.731173 -0.276209 
vn 0.63241 -0.731538 -0.254773 
vn 0.64056 -0.73166 -0.233145 
vn 0.648219 -0.731538 -0.211338 
vn 0.655382 -0.731173 -0.189366 
vn 0.662046 -0.730565 -0.167243 
vn 0.668205 -0.729713 -0.144982 
vn 0.673857 -0.72862 -0.122598 
vn 0.678997 -0.727284 -0.100103 
vn 0.683622 -0.725708 -0.0775126 
vn 0.68773 -0.723892 -0.0548402 
vn 0.691318 -0.721838 -0.0321001 
vn 0.694383 -0.719546 -0.00930628 
vn 0.696924 -0.717017 0.013527 
vn 0.698939 -0.714255 0.0363856 
vn 0.700427 -0.71126 0.0592552 
vn 0.701388 -0.708033 0.0821217 
vn 0.701819 -0.704578 0.104971 
vn 0.490123 -0.701766 -0.517014 
vn 0.470151 -0.704578 -0.531533 
vn 0.504136 -0.705004 -0.498815 
vn 0.517745 -0.70801 -0.480272 
vn 0.530942 -0.710783 -0.461398 
vn 0.543719 -0.71332 -0.442205 
vn 0.556066 -0.71562 -0.422703 
vn 0.567978 -0.717682 -0.402906 
vn 0.579446 -0.719505 -0.382825 
vn 0.590463 -0.721087 -0.362473 
vn 0.601023 -0.722427 -0.341864 
vn 0.611119 -0.723524 -0.321008 
vn 0.620744 -0.724379 -0.29992 
vn 0.629893 -0.724989 -0.278613 
vn 0.63856 -0.725356 -0.2571 
vn 0.646739 -0.725478 -0.235394 
vn 0.654426 -0.725356 -0.213508 
vn 0.661615 -0.724989 -0.191457 
vn 0.668303 -0.724379 -0.169254 
vn 0.674484 -0.723524 -0.146913 
vn 0.680156 -0.722427 -0.124448 
vn 0.685315 -0.721087 -0.101872 
vn 0.689957 -0.719505 -0.0791997 
vn 0.694079 -0.717682 -0.0564455 
vn 0.69768 -0.71562 -0.0336232 
vn 0.700756 -0.71332 -0.0107471 
vn 0.703307 -0.710783 0.0121686 
vn 0.705329 -0.70801 0.0351097 
vn 0.706823 -0.705004 0.0580619 
vn 0.707786 -0.701766 0.081011 
vn 0.70822 -0.698299 0.103943 
vn 0.495782 -0.695346 -0.520283 
vn 0.475715 -0.698299 -0.534859 
vn 0.509846 -0.698595 -0.502018 
vn 0.523503 -0.701612 -0.483409 
vn 0.536747 -0.704394 -0.464468 
vn 0.549569 -0.706941 -0.445206 
vn 0.561961 -0.709249 -0.425635 
vn 0.573915 -0.711319 -0.405767 
vn 0.585424 -0.713148 -0.385614 
vn 0.596481 -0.714735 -0.36519 
vn 0.607078 -0.71608 -0.344507 
vn 0.61721 -0.717182 -0.323577 
vn 0.62687 -0.718039 -0.302414 
vn 0.636051 -0.718652 -0.281031 
vn 0.644749 -0.71902 -0.259441 
vn 0.652957 -0.719143 -0.237657 
vn 0.660671 -0.71902 -0.215693 
vn 0.667886 -0.718652 -0.193564 
vn 0.674598 -0.718039 -0.171281 
vn 0.680802 -0.717182 -0.148861 
vn 0.686494 -0.71608 -0.126315 
vn 0.691671 -0.714735 -0.103659 
vn 0.696329 -0.713148 -0.0809056 
vn 0.700467 -0.711319 -0.0580702 
vn 0.70408 -0.709249 -0.0351665 
vn 0.707167 -0.706941 -0.0122088 
vn 0.709727 -0.704394 0.0107887 
vn 0.711756 -0.701612 0.0338117 
vn 0.713255 -0.698595 0.0568458 
vn 0.714223 -0.695346 0.0798767 
vn 0.714657 -0.691866 0.10289 
vn 0.501485 -0.688769 -0.523556 
vn 0.481323 -0.691866 -0.538191 
vn 0.515598 -0.692029 -0.505227 
vn 0.529304 -0.695057 -0.486553 
vn 0.542594 -0.697849 -0.467545 
vn 0.555462 -0.700404 -0.448214 
vn 0.567897 -0.702721 -0.428574 
vn 0.579893 -0.704798 -0.408636 
vn 0.591443 -0.706633 -0.388413 
vn 0.602538 -0.708226 -0.367917 
vn 0.613173 -0.709576 -0.347161 
vn 0.623341 -0.710681 -0.326157 
vn 0.633034 -0.711542 -0.304919 
vn 0.642248 -0.712157 -0.283461 
vn 0.650976 -0.712526 -0.261795 
vn 0.659214 -0.712649 -0.239934 
vn 0.666955 -0.712526 -0.217893 
vn 0.674196 -0.712157 -0.195686 
vn 0.680931 -0.711542 -0.173325 
vn 0.687156 -0.710681 -0.150825 
vn 0.692868 -0.709576 -0.1282 
vn 0.698064 -0.708226 -0.105464 
vn 0.702739 -0.706633 -0.0826305 
vn 0.706891 -0.704798 -0.0597146 
vn 0.710517 -0.702721 -0.0367302 
vn 0.713615 -0.700404 -0.0136916 
vn 0.716183 -0.697849 0.00938694 
vn 0.71822 -0.695057 0.032491 
vn 0.719724 -0.692029 0.0556063 
vn 0.720695 -0.688769 0.0787184 
vn 0.721131 -0.685276 0.101813 
vn 0.507231 -0.68203 -0.526832 
vn 0.486974 -0.685276 -0.541528 
vn 0.521392 -0.685302 -0.50844 
vn 0.535146 -0.68834 -0.489701 
vn 0.548483 -0.691142 -0.470627 
vn 0.561395 -0.693706 -0.451229 
vn 0.573873 -0.696031 -0.431521 
vn 0.585911 -0.698115 -0.411514 
vn 0.597501 -0.699957 -0.39122 
vn 0.608635 -0.701555 -0.370653 
vn 0.619307 -0.70291 -0.349824 
vn 0.62951 -0.704019 -0.328748 
vn 0.639237 -0.704882 -0.307436 
vn 0.648483 -0.705499 -0.285903 
vn 0.657242 -0.70587 -0.264161 
vn 0.665508 -0.705993 -0.242225 
vn 0.673276 -0.70587 -0.220107 
vn 0.680541 -0.705499 -0.197822 
vn 0.6873 -0.704882 -0.175384 
vn 0.693547 -0.704019 -0.152806 
vn 0.699279 -0.70291 -0.130102 
vn 0.704493 -0.701555 -0.107287 
vn 0.709184 -0.699957 -0.0843744 
vn 0.71335 -0.698115 -0.0613788 
vn 0.716989 -0.696031 -0.0383145 
vn 0.720098 -0.693706 -0.0151958 
vn 0.722675 -0.691142 0.00796295 
vn 0.724719 -0.68834 0.0311474 
vn 0.726229 -0.685302 0.054343 
vn 0.727203 -0.68203 0.0775355 
vn 0.72764 -0.678526 0.10071 
vn 0.498407 -0.671609 -0.548208 
vn 0.492669 -0.678526 -0.544867 
vn 0.477718 -0.674791 -0.562532 
vn 0.513018 -0.675125 -0.530112 
vn 0.527229 -0.678409 -0.511656 
vn 0.541029 -0.681457 -0.492853 
vn 0.554412 -0.684269 -0.473713 
vn 0.567368 -0.686841 -0.454249 
vn 0.579889 -0.689174 -0.434473 
vn 0.591969 -0.691265 -0.414398 
vn 0.603598 -0.693114 -0.394034 
vn 0.61477 -0.694718 -0.373397 
vn 0.625479 -0.696077 -0.352497 
vn 0.635716 -0.69719 -0.331348 
vn 0.645477 -0.698056 -0.309963 
vn 0.654754 -0.698675 -0.288356 
vn 0.663543 -0.699047 -0.26654 
vn 0.671837 -0.699171 -0.244529 
vn 0.679632 -0.699047 -0.222336 
vn 0.686923 -0.698675 -0.199974 
vn 0.693705 -0.698056 -0.177459 
vn 0.699973 -0.69719 -0.154803 
vn 0.705725 -0.696077 -0.132022 
vn 0.710956 -0.694718 -0.109128 
vn 0.715663 -0.693114 -0.0861374 
vn 0.719844 -0.691265 -0.0630631 
vn 0.723495 -0.689174 -0.0399197 
vn 0.726615 -0.686841 -0.0167218 
vn 0.729201 -0.684269 0.00651633 
vn 0.731252 -0.681457 0.0297802 
vn 0.732767 -0.678409 0.0530553 
vn 0.733744 -0.675125 0.0763272 
vn 0.734183 -0.671609 0.0995815 
vn 0.734084 -0.667862 0.122804 
vn 0.727542 -0.674791 0.123853 
vn 0.504187 -0.664522 -0.551549 
vn 0.483404 -0.667862 -0.565933 
vn 0.518847 -0.66805 -0.533391 
vn 0.533105 -0.671345 -0.514874 
vn 0.546953 -0.674404 -0.496007 
vn 0.56038 -0.677225 -0.476803 
vn 0.57338 -0.679806 -0.457273 
vn 0.585944 -0.682147 -0.437431 
vn 0.598064 -0.684245 -0.417287 
vn 0.609732 -0.686099 -0.396855 
vn 0.620942 -0.687709 -0.376148 
vn 0.631687 -0.689072 -0.355177 
vn 0.641959 -0.690189 -0.333957 
vn 0.651753 -0.691059 -0.312501 
vn 0.661061 -0.69168 -0.290821 
vn 0.66988 -0.692053 -0.268931 
vn 0.678202 -0.692177 -0.246845 
vn 0.686023 -0.692053 -0.224577 
vn 0.693338 -0.69168 -0.20214 
vn 0.700143 -0.691059 -0.179549 
vn 0.706433 -0.690189 -0.156817 
vn 0.712204 -0.689072 -0.133959 
vn 0.717453 -0.687709 -0.110988 
vn 0.722176 -0.686099 -0.0879196 
vn 0.72637 -0.684245 -0.0647674 
vn 0.730034 -0.682147 -0.041546 
vn 0.733164 -0.679806 -0.0182698 
vn 0.735759 -0.677225 0.00504673 
vn 0.737817 -0.674404 0.0283891 
vn 0.739337 -0.671345 0.0517427 
vn 0.740317 -0.66805 0.0750932 
vn 0.740758 -0.664522 0.0984259 
vn 0.740659 -0.660763 0.121726 
vn 0.510007 -0.657261 -0.554888 
vn 0.489133 -0.660763 -0.569334 
vn 0.524716 -0.660801 -0.536671 
vn 0.539021 -0.664106 -0.518091 
vn 0.552915 -0.667175 -0.499162 
vn 0.566387 -0.670006 -0.479894 
vn 0.57943 -0.672596 -0.4603 
vn 0.592035 -0.674944 -0.440392 
vn 0.604195 -0.677049 -0.420181 
vn 0.615903 -0.67891 -0.399681 
vn 0.62715 -0.680525 -0.378905 
vn 0.63793 -0.681893 -0.357865 
vn 0.648236 -0.683013 -0.336575 
vn 0.658062 -0.683885 -0.315047 
vn 0.667402 -0.684509 -0.293295 
vn 0.67625 -0.684883 -0.271333 
vn 0.6846 -0.685008 -0.249174 
vn 0.692447 -0.684883 -0.226832 
vn 0.699786 -0.684509 -0.204321 
vn 0.706613 -0.683885 -0.181654 
vn 0.712924 -0.683013 -0.158847 
vn 0.718714 -0.681893 -0.135913 
vn 0.72398 -0.680525 -0.112866 
vn 0.728719 -0.67891 -0.0897209 
vn 0.732928 -0.677049 -0.0664919 
vn 0.736604 -0.674944 -0.0431934 
vn 0.739744 -0.672596 -0.01984 
vn 0.742348 -0.670006 0.00355382 
vn 0.744412 -0.667175 0.0269736 
vn 0.745937 -0.664106 0.0504047 
vn 0.746921 -0.660801 0.0738326 
vn 0.747363 -0.657261 0.0972428 
vn 0.747264 -0.653489 0.120621 
vn 0.515867 -0.649821 -0.558224 
vn 0.494904 -0.653489 -0.572732 
vn 0.530624 -0.653372 -0.539947 
vn 0.544976 -0.656689 -0.521307 
vn 0.558914 -0.659767 -0.502316 
vn 0.572431 -0.662607 -0.482986 
vn 0.585516 -0.665206 -0.463328 
vn 0.598162 -0.667562 -0.443354 
vn 0.610362 -0.669674 -0.423078 
vn 0.622108 -0.67154 -0.402512 
vn 0.633392 -0.67316 -0.381668 
vn 0.644207 -0.674533 -0.360559 
vn 0.654547 -0.675657 -0.339199 
vn 0.664405 -0.676532 -0.317601 
vn 0.673775 -0.677158 -0.295779 
vn 0.682651 -0.677533 -0.273745 
vn 0.691028 -0.677658 -0.251514 
vn 0.698901 -0.677533 -0.229099 
vn 0.706264 -0.677158 -0.206514 
vn 0.713114 -0.676532 -0.183774 
vn 0.719445 -0.675657 -0.160893 
vn 0.725254 -0.674533 -0.137884 
vn 0.730537 -0.67316 -0.114762 
vn 0.735292 -0.67154 -0.0915413 
vn 0.739514 -0.669674 -0.0682366 
vn 0.743202 -0.667562 -0.0448623 
vn 0.746353 -0.665206 -0.0214328 
vn 0.748965 -0.662607 0.00203731 
vn 0.751036 -0.659767 0.0255334 
vn 0.752566 -0.656689 0.0490408 
vn 0.753553 -0.653372 0.0725451 
vn 0.753996 -0.649821 0.0960315 
vn 0.753896 -0.646037 0.119485 
vn 0.521765 -0.642198 -0.561554 
vn 0.500714 -0.646037 -0.576126 
vn 0.536569 -0.64576 -0.543219 
vn 0.550967 -0.649087 -0.52452 
vn 0.56495 -0.652176 -0.505468 
vn 0.57851 -0.655025 -0.486076 
vn 0.591637 -0.657631 -0.466355 
vn 0.604324 -0.659995 -0.446318 
vn 0.616562 -0.662114 -0.425977 
vn 0.628345 -0.663986 -0.405345 
vn 0.639665 -0.665612 -0.384434 
vn 0.650515 -0.666989 -0.363258 
vn 0.660888 -0.668116 -0.34183 
vn 0.670777 -0.668994 -0.320163 
vn 0.680178 -0.669622 -0.298271 
vn 0.689082 -0.669998 -0.276166 
vn 0.697486 -0.670124 -0.253864 
vn 0.705384 -0.669998 -0.231378 
vn 0.712771 -0.669622 -0.208721 
vn 0.719642 -0.668994 -0.185908 
vn 0.725994 -0.668116 -0.162954 
vn 0.731821 -0.666989 -0.139871 
vn 0.737121 -0.665612 -0.116675 
vn 0.741891 -0.663986 -0.0933807 
vn 0.746127 -0.662114 -0.0700015 
vn 0.749826 -0.659995 -0.0465525 
vn 0.752987 -0.657631 -0.0230482 
vn 0.755607 -0.655025 0.000496893 
vn 0.757686 -0.652176 0.024068 
vn 0.75922 -0.649087 0.0476506 
vn 0.76021 -0.64576 0.0712299 
vn 0.760655 -0.642198 0.0947913 
vn 0.760555 -0.638401 0.11832 
vn 0.5277 -0.634387 -0.564877 
vn 0.506564 -0.638401 -0.579514 
vn 0.542551 -0.637961 -0.546484 
vn 0.556994 -0.641298 -0.527727 
vn 0.57102 -0.644396 -0.508615 
vn 0.584622 -0.647254 -0.489162 
vn 0.59779 -0.649869 -0.46938 
vn 0.610517 -0.65224 -0.44928 
vn 0.622794 -0.654365 -0.428875 
vn 0.634614 -0.656243 -0.408179 
vn 0.645969 -0.657874 -0.387203 
vn 0.656853 -0.659255 -0.365961 
vn 0.667258 -0.660386 -0.344465 
vn 0.677179 -0.661267 -0.322731 
vn 0.686608 -0.661896 -0.30077 
vn 0.695541 -0.662274 -0.278596 
vn 0.703971 -0.6624 -0.256224 
vn 0.711893 -0.662274 -0.233668 
vn 0.719303 -0.661896 -0.21094 
vn 0.726196 -0.661267 -0.188056 
vn 0.732568 -0.660386 -0.165029 
vn 0.738413 -0.659255 -0.141875 
vn 0.74373 -0.657874 -0.118606 
vn 0.748515 -0.656243 -0.0952389 
vn 0.752764 -0.654365 -0.0717866 
vn 0.756475 -0.65224 -0.0482643 
vn 0.759645 -0.649869 -0.0246864 
vn 0.762274 -0.647254 -0.00106769 
vn 0.764359 -0.644396 0.0225772 
vn 0.765898 -0.641298 0.0462335 
vn 0.766891 -0.637961 0.0698866 
vn 0.767338 -0.634387 0.0935217 
vn 0.767237 -0.630578 0.117124 
vn 0.53367 -0.626384 -0.56819 
vn 0.512452 -0.630578 -0.582893 
vn 0.548566 -0.629968 -0.549741 
vn 0.563053 -0.633316 -0.530926 
vn 0.577123 -0.636423 -0.511756 
vn 0.590766 -0.63929 -0.492244 
vn 0.603975 -0.641913 -0.472401 
vn 0.61674 -0.644291 -0.452239 
vn 0.629055 -0.646423 -0.431772 
vn 0.640911 -0.648307 -0.411012 
vn 0.652301 -0.649942 -0.389972 
vn 0.663218 -0.651328 -0.368665 
vn 0.673655 -0.652463 -0.347104 
vn 0.683606 -0.653346 -0.325303 
vn 0.693064 -0.653977 -0.303275 
vn 0.702024 -0.654356 -0.281034 
vn 0.71048 -0.654483 -0.258594 
vn 0.718427 -0.654356 -0.235968 
vn 0.725859 -0.653977 -0.213171 
vn 0.732773 -0.653346 -0.190217 
vn 0.739164 -0.652463 -0.16712 
vn 0.745028 -0.651328 -0.143894 
vn 0.750361 -0.649942 -0.120555 
vn 0.75516 -0.648307 -0.0971158 
vn 0.759422 -0.646423 -0.0735919 
vn 0.763144 -0.644291 -0.0499976 
vn 0.766325 -0.641913 -0.0263476 
vn 0.768961 -0.63929 -0.00265669 
vn 0.771052 -0.636423 0.0210605 
vn 0.772596 -0.633316 0.0447891 
vn 0.773593 -0.629968 0.0685145 
vn 0.774041 -0.626384 0.0922219 
vn 0.77394 -0.622564 0.115897 
vn 0.524333 -0.614352 -0.589615 
vn 0.518375 -0.622564 -0.586261 
vn 0.50269 -0.618511 -0.603943 
vn 0.539674 -0.618184 -0.57149 
vn 0.554614 -0.621779 -0.552986 
vn 0.569144 -0.625137 -0.534115 
vn 0.583256 -0.628254 -0.514888 
vn 0.59694 -0.631129 -0.495318 
vn 0.610188 -0.633759 -0.475415 
vn 0.622991 -0.636145 -0.455194 
vn 0.635343 -0.638283 -0.434666 
vn 0.647234 -0.640173 -0.413844 
vn 0.658658 -0.641813 -0.392741 
vn 0.669608 -0.643203 -0.37137 
vn 0.680076 -0.644341 -0.349745 
vn 0.690056 -0.645227 -0.327879 
vn 0.699543 -0.64586 -0.305785 
vn 0.70853 -0.64624 -0.283478 
vn 0.717011 -0.646367 -0.260971 
vn 0.724981 -0.64624 -0.238277 
vn 0.732436 -0.64586 -0.215412 
vn 0.73937 -0.645227 -0.19239 
vn 0.74578 -0.644341 -0.169224 
vn 0.751662 -0.643203 -0.145929 
vn 0.75701 -0.641813 -0.12252 
vn 0.761824 -0.640173 -0.0990112 
vn 0.766099 -0.638283 -0.0754171 
vn 0.769832 -0.636145 -0.0517524 
vn 0.773022 -0.633759 -0.0280319 
vn 0.775666 -0.631129 -0.00427032 
vn 0.777764 -0.628254 0.0195176 
vn 0.779312 -0.625137 0.043317 
vn 0.780312 -0.621779 0.0671132 
vn 0.780761 -0.618184 0.0908913 
vn 0.78066 -0.614352 0.114637 
vn 0.780008 -0.610288 0.138334 
vn 0.77329 -0.618511 0.139524 
vn 0.530323 -0.605941 -0.592953 
vn 0.508601 -0.610288 -0.60735 
vn 0.545708 -0.609783 -0.574776 
vn 0.560692 -0.613389 -0.556218 
vn 0.575264 -0.616756 -0.537292 
vn 0.589417 -0.619882 -0.518009 
vn 0.603141 -0.622766 -0.498382 
vn 0.616427 -0.625404 -0.478422 
vn 0.629268 -0.627796 -0.458142 
vn 0.641655 -0.629941 -0.437554 
vn 0.653581 -0.631836 -0.416672 
vn 0.665038 -0.633481 -0.395508 
vn 0.676019 -0.634875 -0.374075 
vn 0.686518 -0.636016 -0.352387 
vn 0.696528 -0.636905 -0.330457 
vn 0.706042 -0.63754 -0.308299 
vn 0.715054 -0.637921 -0.285927 
vn 0.72356 -0.638048 -0.263354 
vn 0.731554 -0.637921 -0.240595 
vn 0.73903 -0.63754 -0.217664 
vn 0.745985 -0.636905 -0.194574 
vn 0.752413 -0.636016 -0.171341 
vn 0.758312 -0.634875 -0.147979 
vn 0.763676 -0.633481 -0.124502 
vn 0.768503 -0.631836 -0.100925 
vn 0.772791 -0.629941 -0.0772621 
vn 0.776535 -0.627796 -0.0535287 
vn 0.779734 -0.625404 -0.0297393 
vn 0.782386 -0.622766 -0.00590877 
vn 0.78449 -0.619882 0.0179482 
vn 0.786043 -0.616756 0.0418167 
vn 0.787045 -0.613389 0.065682 
vn 0.787495 -0.609783 0.0895291 
vn 0.787394 -0.605941 0.113343 
vn 0.786741 -0.601864 0.13711 
vn 0.536343 -0.597324 -0.596272 
vn 0.514546 -0.601864 -0.610739 
vn 0.551772 -0.601177 -0.578043 
vn 0.566797 -0.604793 -0.559433 
vn 0.581411 -0.60817 -0.540454 
vn 0.595604 -0.611305 -0.521117 
vn 0.609366 -0.614196 -0.501434 
vn 0.62269 -0.616842 -0.481418 
vn 0.635567 -0.619241 -0.46108 
vn 0.647989 -0.621392 -0.440435 
vn 0.659948 -0.623292 -0.419493 
vn 0.671438 -0.624942 -0.39827 
vn 0.68245 -0.626339 -0.376777 
vn 0.692979 -0.627484 -0.355027 
vn 0.703016 -0.628375 -0.333036 
vn 0.712557 -0.629012 -0.310815 
vn 0.721595 -0.629394 -0.28838 
vn 0.730125 -0.629522 -0.265744 
vn 0.738141 -0.629394 -0.242921 
vn 0.745639 -0.629012 -0.219924 
vn 0.752613 -0.628375 -0.19677 
vn 0.75906 -0.627484 -0.173471 
vn 0.764975 -0.626339 -0.150043 
vn 0.770354 -0.624942 -0.1265 
vn 0.775195 -0.623292 -0.102856 
vn 0.779494 -0.621392 -0.0791268 
vn 0.783249 -0.619241 -0.0553265 
vn 0.786457 -0.616842 -0.03147 
vn 0.789117 -0.614196 -0.00757222 
vn 0.791226 -0.611305 0.016352 
vn 0.792784 -0.60817 0.0402879 
vn 0.793789 -0.604793 0.0642204 
vn 0.794241 -0.601177 0.0881348 
vn 0.794139 -0.597324 0.112016 
vn 0.793484 -0.593236 0.13585 
vn 0.542391 -0.588498 -0.599569 
vn 0.520521 -0.593236 -0.614108 
vn 0.557861 -0.592362 -0.58129 
vn 0.572928 -0.595988 -0.562629 
vn 0.587582 -0.599373 -0.543598 
vn 0.601813 -0.602517 -0.524208 
vn 0.615613 -0.605416 -0.504472 
vn 0.628973 -0.608069 -0.484401 
vn 0.641886 -0.610475 -0.464008 
vn 0.654342 -0.612631 -0.443306 
vn 0.666334 -0.614537 -0.422307 
vn 0.677855 -0.616191 -0.401025 
vn 0.688897 -0.617593 -0.379474 
vn 0.699454 -0.61874 -0.357665 
vn 0.709519 -0.619634 -0.335613 
vn 0.719086 -0.620272 -0.313332 
vn 0.728149 -0.620656 -0.290836 
vn 0.736702 -0.620784 -0.268138 
vn 0.74474 -0.620656 -0.245252 
vn 0.752258 -0.620272 -0.222193 
vn 0.759251 -0.619634 -0.198975 
vn 0.765716 -0.61874 -0.175613 
vn 0.771647 -0.617593 -0.152121 
vn 0.777041 -0.616191 -0.128513 
vn 0.781895 -0.614537 -0.104805 
vn 0.786206 -0.612631 -0.0810108 
vn 0.789971 -0.610475 -0.0571455 
vn 0.793188 -0.608069 -0.0332239 
vn 0.795855 -0.605416 -0.00926079 
vn 0.79797 -0.602517 0.0147288 
vn 0.799532 -0.599373 0.03873 
vn 0.80054 -0.595988 0.062728 
vn 0.800993 -0.592362 0.0867077 
vn 0.800891 -0.588498 0.110654 
vn 0.800234 -0.584398 0.134553 
vn 0.548463 -0.579458 -0.60284 
vn 0.526526 -0.584398 -0.617454 
vn 0.563975 -0.583332 -0.584513 
vn 0.579082 -0.586968 -0.565803 
vn 0.593774 -0.590362 -0.546722 
vn 0.608043 -0.593514 -0.527281 
vn 0.621879 -0.596421 -0.507492 
vn 0.635275 -0.599081 -0.487368 
vn 0.648221 -0.601493 -0.466922 
vn 0.66071 -0.603655 -0.446165 
vn 0.672734 -0.605566 -0.425111 
vn 0.684285 -0.607225 -0.403773 
vn 0.695356 -0.60863 -0.382164 
vn 0.705941 -0.60978 -0.360298 
vn 0.716033 -0.610676 -0.338188 
vn 0.725625 -0.611317 -0.315849 
vn 0.734712 -0.611701 -0.293293 
vn 0.743288 -0.611829 -0.270535 
vn 0.751347 -0.611701 -0.247588 
vn 0.758885 -0.611317 -0.224469 
vn 0.765896 -0.610676 -0.20119 
vn 0.772378 -0.60978 -0.177766 
vn 0.778324 -0.60863 -0.154212 
vn 0.783733 -0.607225 -0.130542 
vn 0.7886 -0.605566 -0.106771 
vn 0.792922 -0.603655 -0.0829139 
vn 0.796697 -0.601493 -0.0589856 
vn 0.799923 -0.599081 -0.0350009 
vn 0.802597 -0.596421 -0.0109746 
vn 0.804717 -0.593514 0.0130783 
vn 0.806283 -0.590362 0.0371429 
vn 0.807294 -0.586968 0.0612041 
vn 0.807748 -0.583332 0.0852471 
vn 0.807645 -0.579458 0.109257 
vn 0.806987 -0.575348 0.133219 
vn 0.554558 -0.570201 -0.606083 
vn 0.532556 -0.575348 -0.620772 
vn 0.570109 -0.574085 -0.587709 
vn 0.585254 -0.577729 -0.568952 
vn 0.599984 -0.581133 -0.549822 
vn 0.614289 -0.584293 -0.530332 
vn 0.62816 -0.587207 -0.510493 
vn 0.64159 -0.589874 -0.490318 
vn 0.654569 -0.592292 -0.469819 
vn 0.66709 -0.594459 -0.449009 
vn 0.679144 -0.596375 -0.427902 
vn 0.690725 -0.598038 -0.40651 
vn 0.701824 -0.599446 -0.384846 
vn 0.712436 -0.6006 -0.362925 
vn 0.722553 -0.601498 -0.340759 
vn 0.73217 -0.60214 -0.318362 
vn 0.74128 -0.602525 -0.295749 
vn 0.749877 -0.602654 -0.272933 
vn 0.757957 -0.602525 -0.249929 
vn 0.765514 -0.60214 -0.22675 
vn 0.772543 -0.601498 -0.203412 
vn 0.779041 -0.6006 -0.179929 
vn 0.785003 -0.599446 -0.156315 
vn 0.790425 -0.598038 -0.132585 
vn 0.795305 -0.596375 -0.108753 
vn 0.799638 -0.594459 -0.0848358 
vn 0.803423 -0.592292 -0.0608467 
vn 0.806656 -0.589874 -0.036801 
vn 0.809337 -0.587207 -0.0127137 
vn 0.811463 -0.584293 0.0114003 
vn 0.813033 -0.581133 0.035526 
vn 0.814046 -0.577729 0.0596484 
vn 0.814501 -0.574085 0.0837525 
vn 0.814399 -0.570201 0.107823 
vn 0.813738 -0.56608 0.131846 
vn 0.544686 -0.556591 -0.627315 
vn 0.538611 -0.56608 -0.624061 
vn 0.522277 -0.561725 -0.641632 
vn 0.560672 -0.560721 -0.609293 
vn 0.576261 -0.564615 -0.590875 
vn 0.591443 -0.568268 -0.572072 
vn 0.606208 -0.57168 -0.552895 
vn 0.620548 -0.574848 -0.533357 
vn 0.634454 -0.577769 -0.51347 
vn 0.647916 -0.580442 -0.493246 
vn 0.660927 -0.582866 -0.472697 
vn 0.673478 -0.585039 -0.451837 
vn 0.685562 -0.58696 -0.430678 
vn 0.69717 -0.588626 -0.409234 
vn 0.708297 -0.590038 -0.387518 
vn 0.718935 -0.591195 -0.365543 
vn 0.729077 -0.592095 -0.343323 
vn 0.738717 -0.592739 -0.320871 
vn 0.747849 -0.593125 -0.298203 
vn 0.756467 -0.593254 -0.275332 
vn 0.764567 -0.593125 -0.252271 
vn 0.772142 -0.592739 -0.229036 
vn 0.779189 -0.592095 -0.205641 
vn 0.785702 -0.591195 -0.1821 
vn 0.791679 -0.590038 -0.158429 
vn 0.797114 -0.588626 -0.134641 
vn 0.802005 -0.58696 -0.110752 
vn 0.806349 -0.585039 -0.0867759 
vn 0.810143 -0.582866 -0.0627284 
vn 0.813385 -0.580442 -0.0386241 
vn 0.816072 -0.577769 -0.0144781 
vn 0.818203 -0.574848 0.00969468 
vn 0.819777 -0.57168 0.0338792 
vn 0.820792 -0.568268 0.0580603 
vn 0.821249 -0.564615 0.0822231 
vn 0.821146 -0.560721 0.106353 
vn 0.820484 -0.556591 0.130434 
vn 0.819263 -0.552225 0.154451 
vn 0.81252 -0.561725 0.155805 
vn 0.550779 -0.546876 -0.630531 
vn 0.528312 -0.552225 -0.644929 
vn 0.566802 -0.551016 -0.612468 
vn 0.582427 -0.554919 -0.594007 
vn 0.597644 -0.558581 -0.57516 
vn 0.612444 -0.562 -0.555939 
vn 0.626818 -0.565175 -0.536355 
vn 0.640755 -0.568103 -0.516421 
vn 0.654249 -0.570783 -0.49615 
vn 0.66729 -0.573213 -0.475554 
vn 0.67987 -0.57539 -0.454645 
vn 0.691982 -0.577315 -0.433437 
vn 0.703618 -0.578986 -0.411943 
vn 0.714771 -0.580401 -0.390176 
vn 0.725433 -0.581561 -0.36815 
vn 0.735599 -0.582463 -0.345878 
vn 0.745261 -0.583108 -0.323374 
vn 0.754414 -0.583495 -0.300653 
vn 0.763053 -0.583624 -0.277729 
vn 0.771171 -0.583495 -0.254614 
vn 0.778764 -0.583108 -0.231325 
vn 0.785827 -0.582463 -0.207876 
vn 0.792356 -0.581561 -0.18428 
vn 0.798346 -0.580401 -0.160554 
vn 0.803794 -0.578986 -0.136711 
vn 0.808697 -0.577315 -0.112766 
vn 0.813051 -0.57539 -0.088734 
vn 0.816854 -0.573213 -0.0646305 
vn 0.820103 -0.570783 -0.0404701 
vn 0.822796 -0.568103 -0.0162678 
vn 0.824933 -0.565175 0.00796119 
vn 0.82651 -0.562 0.032202 
vn 0.827528 -0.558581 0.0564394 
vn 0.827985 -0.554919 0.0806585 
vn 0.827882 -0.551016 0.104844 
vn 0.827219 -0.546876 0.128981 
vn 0.825995 -0.5425 0.153055 
vn 0.556886 -0.536931 -0.633706 
vn 0.534367 -0.5425 -0.648186 
vn 0.572944 -0.541081 -0.615602 
vn 0.588604 -0.544992 -0.5971 
vn 0.603855 -0.548662 -0.578212 
vn 0.618688 -0.552089 -0.558948 
vn 0.633093 -0.555271 -0.539321 
vn 0.647062 -0.558206 -0.519344 
vn 0.660585 -0.560891 -0.499027 
vn 0.673655 -0.563326 -0.478385 
vn 0.686263 -0.565509 -0.45743 
vn 0.698402 -0.567438 -0.436175 
vn 0.710063 -0.569112 -0.414634 
vn 0.721241 -0.570531 -0.392818 
vn 0.731927 -0.571693 -0.370744 
vn 0.742115 -0.572597 -0.348422 
vn 0.751799 -0.573244 -0.325869 
vn 0.760972 -0.573632 -0.303098 
vn 0.76963 -0.573761 -0.280122 
vn 0.777766 -0.573632 -0.256957 
vn 0.785376 -0.573244 -0.233616 
vn 0.792455 -0.572597 -0.210115 
vn 0.798998 -0.571693 -0.186467 
vn 0.805001 -0.570531 -0.162688 
vn 0.810461 -0.569112 -0.138792 
vn 0.815375 -0.567438 -0.114794 
vn 0.819739 -0.565509 -0.0907094 
vn 0.82355 -0.563326 -0.0665526 
vn 0.826806 -0.560891 -0.0423387 
vn 0.829505 -0.558206 -0.0180829 
vn 0.831646 -0.555271 0.00619976 
vn 0.833227 -0.552089 0.0304942 
vn 0.834247 -0.548662 0.0547853 
vn 0.834706 -0.544992 0.079058 
vn 0.834602 -0.541081 0.103297 
vn 0.833937 -0.536931 0.127488 
vn 0.832711 -0.532546 0.151615 
vn 0.563003 -0.526754 -0.636834 
vn 0.540438 -0.532546 -0.6514 
vn 0.579096 -0.530912 -0.618693 
vn 0.594788 -0.534831 -0.600152 
vn 0.610071 -0.538509 -0.581224 
vn 0.624935 -0.541943 -0.56192 
vn 0.63937 -0.545132 -0.542252 
vn 0.653368 -0.548073 -0.522233 
vn 0.66692 -0.550764 -0.501874 
vn 0.680017 -0.553204 -0.481189 
vn 0.692651 -0.555391 -0.46019 
vn 0.704815 -0.557324 -0.438891 
vn 0.716501 -0.559002 -0.417304 
vn 0.727702 -0.560424 -0.395443 
vn 0.73841 -0.561588 -0.373322 
vn 0.74862 -0.562494 -0.350954 
vn 0.758324 -0.563142 -0.328354 
vn 0.767517 -0.563531 -0.305535 
vn 0.776192 -0.56366 -0.282511 
vn 0.784346 -0.563531 -0.259297 
vn 0.791972 -0.563142 -0.235908 
vn 0.799065 -0.562494 -0.212357 
vn 0.805622 -0.561588 -0.18866 
vn 0.811638 -0.560424 -0.164831 
vn 0.81711 -0.559002 -0.140885 
vn 0.822033 -0.557324 -0.116837 
vn 0.826406 -0.555391 -0.0927017 
vn 0.830225 -0.553204 -0.0684943 
vn 0.833488 -0.550764 -0.0442297 
vn 0.836193 -0.548073 -0.0199232 
vn 0.838339 -0.545132 0.00441031 
vn 0.839923 -0.541943 0.0287556 
vn 0.840945 -0.538509 0.0530975 
vn 0.841405 -0.534831 0.077421 
vn 0.841301 -0.530912 0.101711 
vn 0.840635 -0.526754 0.125952 
vn 0.839406 -0.522359 0.150129 
vn 0.569127 -0.516339 -0.639913 
vn 0.546521 -0.522359 -0.654566 
vn 0.585251 -0.520505 -0.621736 
vn 0.600975 -0.524432 -0.603158 
vn 0.616288 -0.528117 -0.584193 
vn 0.631181 -0.531558 -0.564851 
vn 0.645644 -0.534753 -0.545145 
vn 0.65967 -0.5377 -0.525086 
vn 0.673248 -0.540396 -0.504687 
vn 0.686371 -0.542841 -0.483961 
vn 0.69903 -0.545033 -0.462921 
vn 0.711218 -0.54697 -0.44158 
vn 0.722927 -0.548651 -0.41995 
vn 0.73415 -0.550075 -0.398047 
vn 0.74488 -0.551242 -0.375882 
vn 0.755109 -0.55215 -0.35347 
vn 0.764832 -0.552799 -0.330825 
vn 0.774043 -0.553188 -0.307961 
vn 0.782736 -0.553318 -0.284893 
vn 0.790905 -0.553188 -0.261633 
vn 0.798546 -0.552799 -0.238198 
vn 0.805653 -0.55215 -0.214601 
vn 0.812223 -0.551242 -0.190857 
vn 0.818251 -0.550075 -0.166981 
vn 0.823733 -0.548651 -0.142988 
vn 0.828667 -0.54697 -0.118893 
vn 0.833048 -0.545033 -0.0947101 
vn 0.836875 -0.542841 -0.0704551 
vn 0.840144 -0.540396 -0.0461429 
vn 0.842855 -0.5377 -0.0217885 
vn 0.845004 -0.534753 0.00259281 
vn 0.846592 -0.531558 0.026986 
vn 0.847616 -0.528117 0.0513757 
vn 0.848076 -0.524432 0.075747 
vn 0.847973 -0.520505 0.100085 
vn 0.847305 -0.516339 0.124374 
vn 0.846073 -0.511936 0.148598 
vn 0.558709 -0.501273 -0.660734 
vn 0.552613 -0.511936 -0.657679 
vn 0.535717 -0.507299 -0.675022 
vn 0.575254 -0.505684 -0.642936 
vn 0.591408 -0.509858 -0.624725 
vn 0.60716 -0.513792 -0.606114 
vn 0.622501 -0.517484 -0.587114 
vn 0.637421 -0.520931 -0.567737 
vn 0.651911 -0.524132 -0.547994 
vn 0.665962 -0.527084 -0.527898 
vn 0.679566 -0.529785 -0.507462 
vn 0.692713 -0.532235 -0.486698 
vn 0.705395 -0.53443 -0.46562 
vn 0.717606 -0.536371 -0.444239 
vn 0.729336 -0.538055 -0.42257 
vn 0.740579 -0.539482 -0.400626 
vn 0.751328 -0.540651 -0.378421 
vn 0.761577 -0.54156 -0.355968 
vn 0.771318 -0.54221 -0.333282 
vn 0.780545 -0.542601 -0.310376 
vn 0.789254 -0.542731 -0.287265 
vn 0.797438 -0.542601 -0.263963 
vn 0.805093 -0.54221 -0.240485 
vn 0.812214 -0.54156 -0.216844 
vn 0.818795 -0.540651 -0.193057 
vn 0.824834 -0.539482 -0.169138 
vn 0.830327 -0.538055 -0.145101 
vn 0.835269 -0.536371 -0.120961 
vn 0.839659 -0.53443 -0.096734 
vn 0.843492 -0.532235 -0.0724345 
vn 0.846768 -0.529785 -0.0480777 
vn 0.849483 -0.527084 -0.0236787 
vn 0.851637 -0.524132 0.000747297 
vn 0.853227 -0.520931 0.0251851 
vn 0.854253 -0.517484 0.0496196 
vn 0.854714 -0.513792 0.0740356 
vn 0.85461 -0.509858 0.0984178 
vn 0.853941 -0.505684 0.122751 
vn 0.852708 -0.501273 0.147021 
vn 0.85091 -0.496627 0.171211 
vn 0.844279 -0.507299 0.172744 
vn 0.564806 -0.490367 -0.663728 
vn 0.541783 -0.496627 -0.67811 
vn 0.581379 -0.494785 -0.645899 
vn 0.59756 -0.498966 -0.627658 
vn 0.613339 -0.502907 -0.609015 
vn 0.628706 -0.506605 -0.589983 
vn 0.643651 -0.510059 -0.570573 
vn 0.658166 -0.513265 -0.550797 
vn 0.672241 -0.516222 -0.530667 
vn 0.685867 -0.518928 -0.510196 
vn 0.699036 -0.521381 -0.489397 
vn 0.711741 -0.52358 -0.468283 
vn 0.723972 -0.525524 -0.446866 
vn 0.735722 -0.527211 -0.425161 
vn 0.746984 -0.528641 -0.40318 
vn 0.757751 -0.529811 -0.380937 
vn 0.768017 -0.530722 -0.358446 
vn 0.777775 -0.531374 -0.335721 
vn 0.787018 -0.531765 -0.312776 
vn 0.795741 -0.531895 -0.289626 
vn 0.80394 -0.531765 -0.266285 
vn 0.811607 -0.531374 -0.242767 
vn 0.81874 -0.530722 -0.219086 
vn 0.825333 -0.529811 -0.195259 
vn 0.831382 -0.528641 -0.171299 
vn 0.836884 -0.527211 -0.147221 
vn 0.841834 -0.525524 -0.123041 
vn 0.846231 -0.52358 -0.0987725 
vn 0.850072 -0.521381 -0.0744319 
vn 0.853353 -0.518928 -0.0500339 
vn 0.856073 -0.516222 -0.0255936 
vn 0.85823 -0.513265 -0.00112618 
vn 0.859823 -0.510059 0.0233531 
vn 0.86085 -0.506605 0.0478289 
vn 0.861312 -0.502907 0.0722862 
vn 0.861208 -0.498966 0.0967098 
vn 0.860538 -0.494785 0.121084 
vn 0.859303 -0.490367 0.145395 
vn 0.857502 -0.485713 0.169626 
vn 0.570899 -0.479215 -0.666654 
vn 0.547851 -0.485713 -0.681133 
vn 0.587497 -0.48364 -0.648798 
vn 0.603704 -0.487828 -0.630529 
vn 0.619507 -0.491775 -0.611857 
vn 0.634897 -0.495478 -0.592795 
vn 0.649866 -0.498937 -0.573355 
vn 0.664403 -0.502148 -0.553548 
vn 0.6785 -0.50511 -0.533388 
vn 0.692147 -0.50782 -0.512885 
vn 0.705337 -0.510277 -0.492054 
vn 0.718061 -0.51248 -0.470907 
vn 0.730311 -0.514427 -0.449457 
vn 0.742079 -0.516116 -0.427718 
vn 0.753359 -0.517548 -0.405703 
vn 0.764143 -0.51872 -0.383426 
vn 0.774424 -0.519633 -0.3609 
vn 0.784197 -0.520285 -0.33814 
vn 0.793454 -0.520677 -0.31516 
vn 0.802191 -0.520807 -0.291974 
vn 0.810402 -0.520677 -0.268596 
vn 0.818082 -0.520285 -0.245042 
vn 0.825225 -0.519633 -0.221325 
vn 0.831829 -0.51872 -0.19746 
vn 0.837887 -0.517548 -0.173463 
vn 0.843397 -0.516116 -0.149348 
vn 0.848356 -0.514427 -0.125131 
vn 0.85276 -0.51248 -0.100825 
vn 0.856606 -0.510277 -0.0764466 
vn 0.859892 -0.50782 -0.0520108 
vn 0.862616 -0.50511 -0.0275327 
vn 0.864776 -0.502148 -0.0030275 
vn 0.866372 -0.498937 0.0214896 
vn 0.867401 -0.495478 0.0460033 
vn 0.867864 -0.491775 0.0704985 
vn 0.86776 -0.487828 0.0949598 
vn 0.867089 -0.48364 0.119372 
vn 0.865851 -0.479215 0.14372 
vn 0.864048 -0.474554 0.167989 
vn 0.576983 -0.467814 -0.669508 
vn 0.553918 -0.474554 -0.684086 
vn 0.593605 -0.472246 -0.651627 
vn 0.609833 -0.476439 -0.633332 
vn 0.625658 -0.480391 -0.614635 
vn 0.641071 -0.4841 -0.595546 
vn 0.65606 -0.487564 -0.576079 
vn 0.670617 -0.490779 -0.556245 
vn 0.684734 -0.493745 -0.536056 
vn 0.6984 -0.496459 -0.515525 
vn 0.711608 -0.49892 -0.494664 
vn 0.72435 -0.501125 -0.473488 
vn 0.736617 -0.503075 -0.452008 
vn 0.748402 -0.504767 -0.430239 
vn 0.759697 -0.5062 -0.408193 
vn 0.770496 -0.507375 -0.385885 
vn 0.780792 -0.508288 -0.363328 
vn 0.790578 -0.508942 -0.340536 
vn 0.799849 -0.509334 -0.317524 
vn 0.808598 -0.509464 -0.294305 
vn 0.81682 -0.509334 -0.270895 
vn 0.82451 -0.508942 -0.247308 
vn 0.831664 -0.508288 -0.223558 
vn 0.838276 -0.507375 -0.19966 
vn 0.844343 -0.5062 -0.17563 
vn 0.849861 -0.504767 -0.151481 
vn 0.854826 -0.503075 -0.12723 
vn 0.859236 -0.501125 -0.10289 
vn 0.863088 -0.49892 -0.078478 
vn 0.866378 -0.496459 -0.0540081 
vn 0.869106 -0.493745 -0.0294959 
vn 0.87127 -0.490779 -0.0049565 
vn 0.872868 -0.487564 0.0195948 
vn 0.873898 -0.4841 0.0441427 
vn 0.874362 -0.480391 0.0686719 
vn 0.874257 -0.476439 0.0931673 
vn 0.873585 -0.472246 0.117614 
vn 0.872346 -0.467814 0.141996 
vn 0.87054 -0.463147 0.166298 
vn 0.583053 -0.456162 -0.672284 
vn 0.559978 -0.463147 -0.686964 
vn 0.599695 -0.460599 -0.654381 
vn 0.615944 -0.464797 -0.636063 
vn 0.631789 -0.468755 -0.617343 
vn 0.64722 -0.472468 -0.598231 
vn 0.662228 -0.475936 -0.57874 
vn 0.676803 -0.479156 -0.558881 
vn 0.690937 -0.482125 -0.538667 
vn 0.70462 -0.484842 -0.518111 
vn 0.717844 -0.487306 -0.497225 
vn 0.730601 -0.489514 -0.476022 
vn 0.742884 -0.491466 -0.454516 
vn 0.754683 -0.49316 -0.43272 
vn 0.765992 -0.494596 -0.410647 
vn 0.776805 -0.495771 -0.388311 
vn 0.787113 -0.496686 -0.365726 
vn 0.796911 -0.49734 -0.342906 
vn 0.806193 -0.497733 -0.319866 
vn 0.814953 -0.497864 -0.296619 
vn 0.823186 -0.497733 -0.27318 
vn 0.830886 -0.49734 -0.249563 
vn 0.838048 -0.496686 -0.225784 
vn 0.844668 -0.495771 -0.201857 
vn 0.850743 -0.494596 -0.177797 
vn 0.856268 -0.49316 -0.153618 
vn 0.861239 -0.491466 -0.129337 
vn 0.865654 -0.489514 -0.104967 
vn 0.869511 -0.487306 -0.0805251 
vn 0.872805 -0.484842 -0.0560251 
vn 0.875537 -0.482125 -0.0314826 
vn 0.877703 -0.479156 -0.00691296 
vn 0.879302 -0.475936 0.0176686 
vn 0.880334 -0.472468 0.0422468 
vn 0.880798 -0.468755 0.0668063 
vn 0.880694 -0.464797 0.0913319 
vn 0.880021 -0.460599 0.115808 
vn 0.87878 -0.456162 0.14022 
vn 0.876972 -0.451489 0.164553 
vn 0.57206 -0.439578 -0.692473 
vn 0.566027 -0.451489 -0.689762 
vn 0.548629 -0.446583 -0.706803 
vn 0.589104 -0.444256 -0.674976 
vn 0.605764 -0.448698 -0.657054 
vn 0.62203 -0.452901 -0.638717 
vn 0.637891 -0.456863 -0.619977 
vn 0.653339 -0.46058 -0.600845 
vn 0.668363 -0.464052 -0.581332 
vn 0.682954 -0.467274 -0.561452 
vn 0.697102 -0.470247 -0.541217 
vn 0.7108 -0.472967 -0.520639 
vn 0.724039 -0.475434 -0.499731 
vn 0.73681 -0.477644 -0.478506 
vn 0.749105 -0.479598 -0.456976 
vn 0.760917 -0.481294 -0.435157 
vn 0.772238 -0.482731 -0.41306 
vn 0.783062 -0.483908 -0.390701 
vn 0.793381 -0.484824 -0.368092 
vn 0.80319 -0.485479 -0.345248 
vn 0.812482 -0.485872 -0.322183 
vn 0.821251 -0.486003 -0.298911 
vn 0.829492 -0.485872 -0.275447 
vn 0.8372 -0.485479 -0.251805 
vn 0.84437 -0.484824 -0.228001 
vn 0.850998 -0.483908 -0.204048 
vn 0.857079 -0.482731 -0.179962 
vn 0.862609 -0.481294 -0.155758 
vn 0.867586 -0.479598 -0.131451 
vn 0.872006 -0.477644 -0.107056 
vn 0.875867 -0.475434 -0.0825871 
vn 0.879165 -0.472967 -0.058061 
vn 0.881899 -0.470247 -0.0334924 
vn 0.884068 -0.467274 -0.0088966 
vn 0.885669 -0.464052 0.0157111 
vn 0.886702 -0.46058 0.0403155 
vn 0.887166 -0.456863 0.0649012 
vn 0.887062 -0.452901 0.0894529 
vn 0.886388 -0.448698 0.113955 
vn 0.885146 -0.444256 0.138393 
vn 0.883336 -0.439578 0.162752 
vn 0.880959 -0.434667 0.187016 
vn 0.874598 -0.446583 0.188791 
vn 0.578071 -0.427413 -0.695091 
vn 0.554643 -0.434667 -0.709532 
vn 0.59513 -0.432095 -0.67758 
vn 0.611805 -0.436541 -0.659641 
vn 0.628085 -0.440748 -0.641288 
vn 0.643961 -0.444713 -0.622531 
vn 0.659422 -0.448434 -0.603382 
vn 0.674459 -0.451908 -0.583852 
vn 0.689063 -0.455134 -0.563955 
vn 0.703225 -0.458109 -0.543701 
vn 0.716935 -0.460832 -0.523105 
vn 0.730185 -0.4633 -0.502178 
vn 0.742967 -0.465513 -0.480934 
vn 0.755273 -0.467469 -0.459386 
vn 0.767096 -0.469166 -0.437547 
vn 0.778427 -0.470604 -0.415431 
vn 0.789261 -0.471782 -0.393051 
vn 0.799589 -0.472699 -0.370422 
vn 0.809407 -0.473354 -0.347558 
vn 0.818707 -0.473748 -0.324472 
vn 0.827484 -0.473879 -0.30118 
vn 0.835732 -0.473748 -0.277695 
vn 0.843447 -0.473354 -0.254032 
vn 0.850624 -0.472699 -0.230206 
vn 0.857257 -0.471782 -0.206232 
vn 0.863343 -0.470604 -0.182125 
vn 0.868879 -0.469166 -0.157899 
vn 0.87386 -0.467469 -0.13357 
vn 0.878284 -0.465513 -0.109153 
vn 0.882148 -0.4633 -0.0846632 
vn 0.885449 -0.460832 -0.0601152 
vn 0.888186 -0.458109 -0.0355248 
vn 0.890356 -0.455134 -0.0109071 
vn 0.891959 -0.451908 0.0137226 
vn 0.892993 -0.448434 0.0383488 
vn 0.893458 -0.444713 0.0629564 
vn 0.893353 -0.440748 0.0875299 
vn 0.892679 -0.436541 0.112054 
vn 0.891436 -0.432095 0.136514 
vn 0.889624 -0.427413 0.160894 
vn 0.887245 -0.422498 0.185179 
vn 0.584054 -0.414992 -0.697612 
vn 0.560638 -0.422498 -0.712166 
vn 0.601125 -0.419677 -0.680088 
vn 0.617812 -0.424126 -0.662137 
vn 0.634104 -0.428336 -0.64377 
vn 0.649991 -0.432304 -0.625 
vn 0.665463 -0.436027 -0.605837 
vn 0.680511 -0.439504 -0.586294 
vn 0.695125 -0.442732 -0.566382 
vn 0.709297 -0.44571 -0.546115 
vn 0.723016 -0.448434 -0.525504 
vn 0.736276 -0.450904 -0.504562 
vn 0.749067 -0.453119 -0.483303 
vn 0.761382 -0.455076 -0.461739 
vn 0.773213 -0.456775 -0.439885 
vn 0.784552 -0.458214 -0.417753 
vn 0.795393 -0.459392 -0.395358 
vn 0.805729 -0.46031 -0.372713 
vn 0.815554 -0.460966 -0.349832 
vn 0.824861 -0.461359 -0.32673 
vn 0.833644 -0.46149 -0.303422 
vn 0.841898 -0.461359 -0.27992 
vn 0.849618 -0.460966 -0.256241 
vn 0.8568 -0.46031 -0.232398 
vn 0.863438 -0.459392 -0.208407 
vn 0.869529 -0.458214 -0.184283 
vn 0.875068 -0.456775 -0.16004 
vn 0.880053 -0.455076 -0.135694 
vn 0.88448 -0.453119 -0.11126 
vn 0.888346 -0.450904 -0.0867522 
vn 0.89165 -0.448434 -0.0621869 
vn 0.894388 -0.44571 -0.0375791 
vn 0.89656 -0.442732 -0.012944 
vn 0.898164 -0.439504 0.0117031 
vn 0.899199 -0.436027 0.0363467 
vn 0.899664 -0.432304 0.0609717 
vn 0.89956 -0.428336 0.0855626 
vn 0.898885 -0.424126 0.110104 
vn 0.897641 -0.419677 0.134581 
vn 0.895828 -0.414992 0.158979 
vn 0.893447 -0.410073 0.183281 
vn 0.590005 -0.402313 -0.700027 
vn 0.56661 -0.410073 -0.714698 
vn 0.607085 -0.407001 -0.682494 
vn 0.62378 -0.411452 -0.664534 
vn 0.64008 -0.415664 -0.646158 
vn 0.655975 -0.419634 -0.627378 
vn 0.671456 -0.42336 -0.608206 
vn 0.686511 -0.426838 -0.588652 
vn 0.701133 -0.430068 -0.56873 
vn 0.715312 -0.433047 -0.548452 
vn 0.729038 -0.435773 -0.527831 
vn 0.742305 -0.438244 -0.506878 
vn 0.755103 -0.44046 -0.485608 
vn 0.767424 -0.442418 -0.464034 
vn 0.779261 -0.444117 -0.442168 
vn 0.790606 -0.445557 -0.420025 
vn 0.801453 -0.446737 -0.397618 
vn 0.811794 -0.447655 -0.374961 
vn 0.821623 -0.448311 -0.352069 
vn 0.830935 -0.448704 -0.328955 
vn 0.839723 -0.448836 -0.305634 
vn 0.847981 -0.448704 -0.282121 
vn 0.855706 -0.448311 -0.258429 
vn 0.862891 -0.447655 -0.234574 
vn 0.869532 -0.446737 -0.210571 
vn 0.875626 -0.445557 -0.186434 
vn 0.881168 -0.444117 -0.162179 
vn 0.886156 -0.442418 -0.13782 
vn 0.890585 -0.44046 -0.113373 
vn 0.894454 -0.438244 -0.0888531 
vn 0.897759 -0.435773 -0.0642751 
vn 0.900499 -0.433047 -0.0396546 
vn 0.902672 -0.430068 -0.0150068 
vn 0.904276 -0.426838 0.0096529 
vn 0.905312 -0.42336 0.0343093 
vn 0.905777 -0.419634 0.0589469 
vn 0.905672 -0.415664 0.0835505 
vn 0.904997 -0.411452 0.108105 
vn 0.903753 -0.407001 0.132594 
vn 0.901939 -0.402313 0.157004 
vn 0.899557 -0.397392 0.181319 
vn 0.560634 -0.3793 -0.736085 
vn 0.578456 -0.384454 -0.719433 
vn 0.572551 -0.397392 -0.717123 
vn 0.595915 -0.389377 -0.702332 
vn 0.613001 -0.394066 -0.684793 
vn 0.629701 -0.398519 -0.666828 
vn 0.646007 -0.402732 -0.648446 
vn 0.661907 -0.406703 -0.62966 
vn 0.677392 -0.41043 -0.610481 
vn 0.692452 -0.41391 -0.590922 
vn 0.707079 -0.41714 -0.570994 
vn 0.721262 -0.42012 -0.550709 
vn 0.734993 -0.422847 -0.530081 
vn 0.748264 -0.425319 -0.509122 
vn 0.761065 -0.427536 -0.487845 
vn 0.77339 -0.429494 -0.466264 
vn 0.785231 -0.431194 -0.444391 
vn 0.79658 -0.432635 -0.422241 
vn 0.80743 -0.433814 -0.399827 
vn 0.817775 -0.434733 -0.377163 
vn 0.827607 -0.435389 -0.354264 
vn 0.836922 -0.435783 -0.331142 
vn 0.845712 -0.435914 -0.307814 
vn 0.853973 -0.435783 -0.284293 
vn 0.8617 -0.435389 -0.260594 
vn 0.868888 -0.434733 -0.236732 
vn 0.875531 -0.433814 -0.212721 
vn 0.881627 -0.432635 -0.188577 
vn 0.887171 -0.431194 -0.164314 
vn 0.89216 -0.429494 -0.139947 
vn 0.896591 -0.427536 -0.115492 
vn 0.90046 -0.425319 -0.0909646 
vn 0.903767 -0.422847 -0.0663789 
vn 0.906508 -0.42012 -0.0417506 
vn 0.908681 -0.41714 -0.017095 
vn 0.910286 -0.41391 0.00757252 
vn 0.911322 -0.41043 0.0322367 
vn 0.911788 -0.406703 0.0568821 
vn 0.911683 -0.402732 0.0814935 
vn 0.911008 -0.398519 0.106056 
vn 0.909762 -0.394066 0.130553 
vn 0.907948 -0.389377 0.154971 
vn 0.905566 -0.384454 0.179293 
vn 0.902617 -0.3793 0.203506 
vn 0.896609 -0.39224 0.205524 
vn 0.584366 -0.371152 -0.721639 
vn 0.601827 -0.376076 -0.704536 
vn 0.618914 -0.380766 -0.686996 
vn 0.635616 -0.385219 -0.669028 
vn 0.651923 -0.389433 -0.650644 
vn 0.667825 -0.393404 -0.631856 
vn 0.683312 -0.397131 -0.612676 
vn 0.698374 -0.400611 -0.593114 
vn 0.713002 -0.403843 -0.573183 
vn 0.727187 -0.406823 -0.552897 
vn 0.740919 -0.40955 -0.532266 
vn 0.754191 -0.412022 -0.511305 
vn 0.766995 -0.414239 -0.490026 
vn 0.779321 -0.416198 -0.468442 
vn 0.791163 -0.417898 -0.446567 
vn 0.802513 -0.419338 -0.424415 
vn 0.813364 -0.420518 -0.401998 
vn 0.82371 -0.421437 -0.379332 
vn 0.833544 -0.422093 -0.35643 
vn 0.842859 -0.422487 -0.333306 
vn 0.851651 -0.422618 -0.309976 
vn 0.859913 -0.422487 -0.286452 
vn 0.86764 -0.422093 -0.26275 
vn 0.874829 -0.421437 -0.238885 
vn 0.881473 -0.420518 -0.214872 
vn 0.887569 -0.419338 -0.190725 
vn 0.893114 -0.417898 -0.166459 
vn 0.898103 -0.416198 -0.14209 
vn 0.902535 -0.414239 -0.117633 
vn 0.906405 -0.412022 -0.0931025 
vn 0.909711 -0.40955 -0.0685141 
vn 0.912453 -0.406823 -0.0438832 
vn 0.914626 -0.403843 -0.0192249 
vn 0.916232 -0.400611 0.00544528 
vn 0.917268 -0.397131 0.0301121 
vn 0.917733 -0.393404 0.0547602 
vn 0.917628 -0.389433 0.0793742 
vn 0.916953 -0.385219 0.103939 
vn 0.915708 -0.380766 0.128439 
vn 0.913893 -0.376076 0.152859 
vn 0.911511 -0.371152 0.177185 
vn 0.908561 -0.365998 0.2014 
vn 0.894994 -0.395701 0.20593 
vn 0.891284 -0.40543 0.203076 
vn 0.894977 -0.395674 0.206055 
vn 0.887492 -0.415033 0.200261 
vn 0.891097 -0.405908 0.202938 
vn 0.883624 -0.424509 0.197487 
vn 0.885641 -0.419601 0.198936 
vn 0.87925 -0.434862 0.194458 
vn 0.874816 -0.445002 0.191494 
vn 0.880049 -0.432993 0.195013 
vn 0.870326 -0.454934 0.188593 
vn 0.871798 -0.451707 0.189547 
vn 0.865786 -0.464661 0.185753 
vn 0.8685 -0.458878 0.187454 
vn 0.861201 -0.474187 0.182974 
vn 0.856575 -0.483516 0.180254 
vn 0.862564 -0.471381 0.183803 
vn 0.856534 -0.483598 0.180231 
vn 0.851912 -0.492653 0.177592 
vn 0.847217 -0.5016 0.174986 
vn 0.850417 -0.495525 0.176765 
vn 0.842495 -0.510362 0.172435 
vn 0.843422 -0.508657 0.172939 
vn 0.837747 -0.518942 0.169939 
vn 0.832979 -0.527344 0.167495 
vn 0.837966 -0.51855 0.170054 
vn 0.828193 -0.535572 0.165103 
vn 0.831646 -0.529652 0.166832 
vn 0.823393 -0.543629 0.162762 
vn 0.825275 -0.540489 0.163684 
vn 0.818581 -0.55152 0.160471 
vn 0.813761 -0.559247 0.158229 
vn 0.81886 -0.551067 0.160605 
vn 0.808934 -0.566814 0.156035 
vn 0.809659 -0.565687 0.156367 
vn 0.804105 -0.574225 0.153888 
vn 0.80592 -0.571455 0.154699 
vn 0.799273 -0.581483 0.151787 
vn 0.794443 -0.588592 0.149731 
vn 0.79941 -0.581279 0.151847 
vn 0.789616 -0.595555 0.14772 
vn 0.79288 -0.59086 0.149084 
vn 0.784793 -0.602375 0.145753 
vn 0.779977 -0.609056 0.143828 
vn 0.786335 -0.600207 0.146386 
vn 0.775169 -0.615601 0.141946 
vn 0.779782 -0.609324 0.143752 
vn 0.773223 -0.618213 0.141203 
vn 0.770371 -0.622012 0.140105 
vn 0.770236 -0.622191 0.140054 
vn 0.768375 -0.624645 0.13935 
vn 0.763172 -0.631416 0.137412 
vn 0.766664 -0.626884 0.138717 
vn 0.757994 -0.638027 0.135524 
vn 0.76011 -0.635339 0.1363 
vn 0.752841 -0.644483 0.133686 
vn 0.747714 -0.650789 0.131897 
vn 0.753563 -0.643584 0.133946 
vn 0.747028 -0.651624 0.131664 
vn 0.742616 -0.656949 0.130155 
vn 0.737545 -0.662967 0.12846 
vn 0.740506 -0.659463 0.129454 
vn 0.732504 -0.668847 0.126811 
vn 0.734003 -0.667108 0.127305 
vn 0.727519 -0.674564 0.125216 
vn 0.727493 -0.674594 0.125207 
vn 0.724624 -0.677839 0.124314 
vn 0.722512 -0.680212 0.123649 
vn 0.717561 -0.685703 0.122135 
vn 0.721058 -0.681832 0.123208 
vn 0.712642 -0.691073 0.120665 
vn 0.714622 -0.688921 0.121261 
vn 0.707754 -0.696324 0.119239 
vn 0.702897 -0.70146 0.117857 
vn 0.708212 -0.695834 0.119375 
vn 0.701831 -0.702575 0.117564 
vn 0.698072 -0.706484 0.116518 
vn 0.693278 -0.7114 0.115223 
vn 0.69548 -0.709149 0.115822 
vn 0.688515 -0.71621 0.113971 
vn 0.683784 -0.720919 0.112764 
vn 0.689161 -0.715562 0.114143 
vn 0.679084 -0.725528 0.111601 
vn 0.682874 -0.721816 0.112541 
vn 0.676621 -0.727915 0.111014 
vn 0.674414 -0.73004 0.110483 
vn 0.672265 -0.732095 0.109981 
vn 0.670967 -0.733329 0.10969 
vn 0.667361 -0.736734 0.108869 
vn 0.670402 -0.733865 0.109562 
vn 0.662496 -0.741267 0.107812 
vn 0.664218 -0.739668 0.108189 
vn 0.657669 -0.745696 0.106811 
vn 0.652882 -0.750025 0.10587 
vn 0.65807 -0.74533 0.106895 
vn 0.651958 -0.750851 0.105701 
vn 0.648131 -0.754257 0.104989 
vn 0.643418 -0.758394 0.104174 
vn 0.645883 -0.756237 0.104604 
vn 0.63874 -0.76244 0.103427 
vn 0.634097 -0.766396 0.102754 
vn 0.639843 -0.76149 0.103606 
vn 0.633839 -0.766614 0.102721 
vn 0.629487 -0.770266 0.10216 
vn 0.62491 -0.77405 0.101653 
vn 0.627871 -0.771607 0.101983 
vn 0.620365 -0.777751 0.101241 
vn 0.621938 -0.776475 0.101386 
vn 0.615851 -0.781371 0.100936 
vn 0.611365 -0.784909 0.100751 
vn 0.61604 -0.781219 0.100949 
vn 0.606908 -0.788366 0.100705 
vn 0.610177 -0.785834 0.10074 
vn 0.602477 -0.791743 0.100818 
vn 0.604348 -0.790322 0.100771 
vn 0.598073 -0.795037 0.10112 
vn 0.598552 -0.79468 0.101087 
vn 0.393266 -0.797023 -0.458362 
vn 0.391403 -0.796582 -0.460717 
vn 0.393152 -0.795037 -0.461896 
vn 0.39354 -0.79468 -0.462179 
vn 0.39672 -0.791743 -0.464496 
vn 0.398183 -0.790322 -0.465663 
vn 0.400187 -0.788366 -0.467257 
vn 0.403571 -0.784909 -0.470158 
vn 0.402668 -0.785834 -0.469386 
vn 0.406889 -0.781371 -0.473182 
vn 0.407025 -0.781219 -0.473314 
vn 0.410151 -0.777751 -0.476318 
vn 0.411263 -0.776475 -0.47744 
vn 0.413368 -0.77405 -0.479555 
vn 0.416548 -0.770266 -0.482886 
vn 0.415423 -0.771607 -0.481711 
vn 0.419697 -0.766396 -0.486304 
vn 0.422821 -0.76244 -0.489804 
vn 0.419521 -0.766614 -0.486113 
vn 0.423552 -0.76149 -0.490649 
vn 0.425925 -0.758394 -0.493383 
vn 0.429012 -0.754257 -0.497037 
vn 0.427537 -0.756237 -0.495296 
vn 0.432085 -0.750025 -0.500765 
vn 0.431486 -0.750851 -0.500042 
vn 0.435147 -0.745696 -0.504564 
vn 0.4354 -0.74533 -0.504886 
vn 0.438201 -0.741267 -0.508432 
vn 0.439278 -0.739668 -0.509829 
vn 0.441248 -0.736734 -0.51237 
vn 0.443483 -0.733329 -0.515317 
vn 0.443132 -0.733865 -0.514856 
vn 0.444291 -0.732095 -0.516375 
vn 0.445614 -0.73004 -0.51814 
vn 0.446963 -0.727915 -0.519965 
vn 0.448473 -0.725528 -0.521998 
vn 0.451326 -0.720919 -0.52591 
vn 0.450772 -0.721816 -0.525154 
vn 0.454174 -0.71621 -0.529876 
vn 0.454558 -0.715562 -0.530422 
vn 0.457018 -0.7114 -0.533896 
vn 0.459857 -0.706484 -0.53797 
vn 0.45832 -0.709149 -0.535771 
vn 0.462693 -0.70146 -0.542097 
vn 0.462065 -0.702575 -0.541188 
vn 0.465525 -0.696324 -0.546278 
vn 0.46579 -0.695834 -0.546676 
vn 0.468353 -0.691073 -0.550513 
vn 0.469487 -0.688921 -0.552241 
vn 0.471177 -0.685703 -0.554801 
vn 0.473996 -0.680212 -0.559142 
vn 0.475187 -0.677839 -0.56101 
vn 0.473166 -0.681832 -0.55787 
vn 0.47681 -0.674594 -0.563538 
vn 0.476825 -0.674564 -0.563561 
vn 0.479618 -0.668847 -0.567987 
vn 0.480449 -0.667108 -0.569329 
vn 0.48242 -0.662967 -0.572491 
vn 0.485215 -0.656949 -0.577048 
vn 0.484049 -0.659463 -0.575156 
vn 0.488001 -0.650789 -0.58166 
vn 0.487624 -0.651624 -0.581041 
vn 0.490778 -0.644483 -0.586326 
vn 0.491164 -0.643584 -0.58699 
vn 0.493543 -0.638027 -0.591047 
vn 0.494666 -0.635339 -0.593001 
vn 0.496297 -0.631416 -0.595821 
vn 0.499037 -0.624645 -0.60065 
vn 0.50001 -0.622191 -0.602386 
vn 0.498133 -0.626884 -0.599066 
vn 0.500081 -0.622012 -0.602512 
vn 0.501559 -0.618213 -0.605186 
vn 0.502573 -0.615601 -0.607006 
vn 0.505046 -0.609056 -0.611538 
vn 0.507498 -0.602375 -0.616108 
vn 0.504945 -0.609324 -0.611355 
vn 0.508273 -0.600207 -0.617584 
vn 0.509928 -0.595555 -0.620715 
vn 0.512333 -0.588592 -0.625359 
vn 0.511552 -0.59086 -0.623858 
vn 0.514712 -0.581483 -0.630039 
vn 0.514778 -0.581279 -0.630173 
vn 0.517062 -0.574225 -0.634753 
vn 0.519382 -0.566814 -0.639503 
vn 0.519724 -0.565687 -0.640222 
vn 0.517932 -0.571455 -0.636542 
vn 0.521669 -0.559247 -0.644286 
vn 0.521025 -0.561386 -0.642946 
vn 0.52392 -0.55152 -0.649102 
vn 0.524048 -0.551067 -0.649383 
vn 0.526134 -0.543629 -0.65395 
vn 0.526983 -0.540489 -0.655866 
vn 0.528306 -0.535572 -0.658829 
vn 0.530435 -0.527344 -0.663737 
vn 0.52984 -0.529652 -0.662373 
vn 0.532517 -0.518942 -0.668674 
vn 0.534549 -0.510362 -0.673638 
vn 0.534936 -0.508657 -0.67462 
vn 0.53261 -0.51855 -0.668903 
vn 0.535271 -0.507174 -0.675469 
vn 0.536528 -0.5016 -0.678628 
vn 0.538449 -0.492653 -0.683642 
vn 0.537835 -0.495525 -0.682048 
vn 0.540309 -0.483516 -0.688678 
vn 0.542105 -0.474187 -0.693736 
vn 0.540293 -0.483598 -0.688634 
vn 0.542615 -0.471381 -0.695247 
vn 0.543831 -0.464661 -0.698812 
vn 0.545484 -0.454934 -0.703905 
vn 0.545998 -0.451707 -0.705583 
vn 0.544816 -0.458878 -0.701859 
vn 0.547058 -0.445002 -0.709014 
vn 0.546888 -0.446085 -0.708464 
vn 0.54855 -0.434862 -0.714135 
vn 0.548805 -0.432993 -0.715074 
vn 0.549953 -0.424509 -0.719266 
vn 0.550567 -0.419601 -0.721673 
vn 0.551133 -0.415033 -0.723878 
vn 0.554734 -0.39224 -0.73377 
vn 0.553236 -0.395701 -0.733042 
vn 0.552228 -0.40543 -0.728471 
vn 0.552174 -0.405908 -0.728246 
vn 0.553143 -0.395674 -0.733127 
vn 0.595975 -0.796582 0.101341 
vn 0.812406 -0.561386 0.157617 
vn 0.844225 -0.507174 0.173374 
vn 0.874332 -0.446085 0.191183 
vn 0.566541 -0.365998 -0.738293 
vn -0.129627 0.211309 0.968785 
vn 0.257494 -0.177742 0.949792 
vn -0.397131 -0.906308 0.144544 
usemtl 0.647059_0.647059_0.647059_0.000000_0.000000
o mesh0
f 1//1 2//1 3//1 
o mesh1
f 4//2 3//2 2//2 
f 4//2 5//2 6//2 
f 7//2 6//2 8//2 
f 6//2 7//2 4//2 
f 2//2 5//2 4//2 
f 8//2 9//2 7//2 
f 2//2 10//2 5//2 
o mesh2
f 11//3 12//3 13//3 
f 12//3 11//3 14//3 
f 15//3 16//3 17//3 
f 16//3 15//3 18//3 
f 14//3 17//3 12//3 
f 19//3 20//3 21//3 
f 22//3 23//3 24//3 
f 23//3 22//3 25//3 
f 18//3 24//3 16//3 
f 21//3 13//3 19//3 
f 25//3 26//3 23//3 
f 13//3 21//3 11//3 
f 27//3 28//3 29//3 
f 28//3 27//3 30//3 
f 26//3 25//3 31//3 
f 17//3 14//3 15//3 
f 32//3 33//3 34//3 
f 33//3 32//3 35//3 
f 30//3 34//3 28//3 
f 24//3 18//3 22//3 
f 36//3 37//3 38//3 
f 37//3 36//3 39//3 
f 35//3 38//3 33//3 
f 31//3 29//3 26//3 
f 40//3 41//3 42//3 
f 39//3 43//3 37//3 
f 29//3 31//3 27//3 
f 42//3 44//3 40//3 
f 45//3 46//3 43//3 
f 34//3 30//3 32//3 
f 47//3 48//3 44//3 
f 48//3 47//3 49//3 
f 46//3 45//3 41//3 
f 38//3 35//3 36//3 
f 50//3 51//3 52//3 
f 53//3 54//3 55//3 
f 54//3 53//3 56//3 
f 49//3 55//3 48//3 
f 43//3 39//3 45//3 
f 57//3 58//3 59//3 
f 58//3 57//3 60//3 
f 51//3 61//3 52//3 
f 62//3 63//3 64//3 
f 63//3 62//3 65//3 
f 56//3 64//3 54//3 
f 40//3 46//3 41//3 
f 60//3 66//3 58//3 
f 67//3 68//3 69//3 
f 70//3 71//3 50//3 
f 68//3 67//3 71//3 
f 65//3 72//3 63//3 
f 44//3 42//3 47//3 
f 73//3 74//3 66//3 
f 69//3 59//3 67//3 
f 71//3 70//3 68//3 
f 75//3 76//3 77//3 
f 76//3 75//3 78//3 
f 72//3 65//3 79//3 
f 55//3 49//3 53//3 
f 80//3 81//3 82//3 
f 66//3 60//3 73//3 
f 52//3 70//3 50//3 
f 83//3 84//3 85//3 
f 84//3 83//3 61//3 
f 78//3 85//3 76//3 
f 64//3 56//3 62//3 
f 82//3 86//3 80//3 
f 59//3 69//3 57//3 
f 61//3 51//3 84//3 
f 79//3 77//3 72//3 
f 87//3 88//3 86//3 
f 88//3 87//3 89//3 
f 73//3 81//3 74//3 
f 77//3 79//3 75//3 
f 90//3 91//3 92//3 
f 91//3 90//3 93//3 
f 89//3 92//3 88//3 
f 85//3 78//3 83//3 
f 94//3 95//3 96//3 
f 93//3 96//3 91//3 
f 80//3 74//3 81//3 
f 97//3 98//3 99//3 
f 96//3 93//3 94//3 
f 86//3 82//3 87//3 
f 100//3 101//3 102//3 
f 101//3 100//3 103//3 
f 99//3 102//3 97//3 
f 92//3 89//3 90//3 
f 104//3 105//3 106//3 
f 105//3 104//3 107//3 
f 103//3 106//3 101//3 
f 94//3 98//3 95//3 
f 108//3 109//3 110//3 
f 111//3 109//3 112//3 
f 107//3 112//3 105//3 
f 97//3 95//3 98//3 
f 113//3 114//3 108//3 
f 115//3 116//3 114//3 
f 112//3 107//3 111//3 
f 102//3 99//3 100//3 
f 117//3 118//3 116//3 
f 118//3 117//3 119//3 
f 114//3 113//3 115//3 
f 106//3 103//3 104//3 
f 120//3 121//3 122//3 
f 123//3 124//3 125//3 
f 124//3 123//3 126//3 
f 119//3 125//3 118//3 
f 111//3 110//3 109//3 
f 122//3 127//3 120//3 
f 121//3 120//3 128//3 
f 129//3 130//3 127//3 
f 131//3 132//3 133//3 
f 132//3 131//3 134//3 
f 126//3 133//3 124//3 
f 110//3 113//3 108//3 
f 128//3 135//3 121//3 
f 129//3 136//3 130//3 
f 137//3 138//3 139//3 
f 138//3 137//3 136//3 
f 140//3 141//3 142//3 
f 134//3 143//3 132//3 
f 116//3 115//3 117//3 
f 144//3 145//3 146//3 
f 127//3 147//3 129//3 
f 136//3 129//3 138//3 
f 142//3 148//3 140//3 
f 149//3 150//3 143//3 
f 125//3 119//3 123//3 
f 146//3 151//3 144//3 
f 152//3 153//3 135//3 
f 139//3 154//3 137//3 
f 155//3 156//3 148//3 
f 156//3 155//3 157//3 
f 150//3 149//3 141//3 
f 133//3 126//3 131//3 
f 158//3 159//3 151//3 
f 159//3 158//3 160//3 
f 153//3 152//3 145//3 
f 122//3 147//3 127//3 
f 161//3 162//3 163//3 
f 162//3 161//3 154//3 
f 157//3 163//3 156//3 
f 143//3 134//3 149//3 
f 160//3 164//3 159//3 
f 135//3 128//3 152//3 
f 154//3 139//3 162//3 
f 140//3 150//3 141//3 
f 165//3 166//3 164//3 
f 166//3 165//3 167//3 
f 144//3 153//3 145//3 
f 148//3 142//3 155//3 
f 167//3 168//3 166//3 
f 163//3 157//3 161//3 
f 169//3 170//3 171//3 
f 170//3 169//3 172//3 
f 168//3 167//3 173//3 
f 151//3 146//3 158//3 
f 174//3 175//3 176//3 
f 177//3 178//3 179//3 
f 178//3 177//3 180//3 
f 172//3 179//3 170//3 
f 164//3 160//3 165//3 
f 181//3 180//3 182//3 
f 176//3 182//3 174//3 
f 180//3 181//3 178//3 
f 173//3 171//3 168//3 
f 183//3 184//3 185//3 
f 174//3 184//3 175//3 
f 171//3 173//3 169//3 
f 186//3 187//3 188//3 
f 187//3 186//3 189//3 
f 185//3 188//3 183//3 
f 179//3 172//3 177//3 
f 190//3 191//3 192//3 
f 191//3 190//3 193//3 
f 189//3 192//3 187//3 
f 182//3 176//3 181//3 
f 194//3 195//3 196//3 
f 195//3 194//3 197//3 
f 193//3 196//3 191//3 
f 183//3 175//3 184//3 
f 197//3 198//3 195//3 
f 188//3 185//3 186//3 
f 199//3 200//3 201//3 
f 202//3 200//3 203//3 
f 204//3 205//3 206//3 
f 205//3 204//3 207//3 
f 198//3 197//3 208//3 
f 192//3 189//3 190//3 
f 209//3 207//3 199//3 
f 203//3 210//3 202//3 
f 207//3 209//3 205//3 
f 196//3 193//3 194//3 
f 211//3 212//3 210//3 
f 212//3 211//3 213//3 
f 202//3 201//3 200//3 
f 208//3 206//3 198//3 
f 214//3 215//3 216//3 
f 213//3 217//3 212//3 
f 206//3 208//3 204//3 
f 216//3 218//3 214//3 
f 219//3 220//3 217//3 
f 201//3 209//3 199//3 
f 1//3 221//3 10//3 
f 222//3 223//3 218//3 
f 223//3 222//3 224//3 
f 220//3 219//3 215//3 
f 210//3 203//3 211//3 
f 221//3 225//3 10//3 
f 226//3 227//3 228//3 
f 227//3 226//3 229//3 
f 230//3 231//3 232//3 
f 231//3 230//3 233//3 
f 224//3 232//3 223//3 
f 217//3 213//3 219//3 
f 10//3 2//3 1//3 
f 234//3 235//3 236//3 
f 229//3 236//3 227//3 
f 237//3 238//3 239//3 
f 240//3 233//3 241//3 
f 242//3 243//3 244//3 
f 233//3 240//3 231//3 
f 214//3 220//3 215//3 
f 235//3 234//3 225//3 
f 228//3 245//3 226//3 
f 246//3 247//3 248//3 
f 247//3 246//3 245//3 
f 239//3 248//3 237//3 
f 244//3 241//3 242//3 
f 218//3 216//3 222//3 
f 236//3 229//3 234//3 
f 245//3 228//3 247//3 
f 243//3 242//3 238//3 
f 232//3 224//3 230//3 
f 248//3 239//3 246//3 
f 241//3 244//3 240//3 
f 237//3 243//3 238//3 
f 221//3 235//3 225//3 
o mesh3
f 249//4 250//4 251//4 
f 252//4 253//4 250//4 
f 254//4 255//4 256//4 
f 257//4 258//4 255//4 
f 259//4 260//4 258//4 
f 261//4 262//4 260//4 
f 263//4 251//4 262//4 
f 250//4 249//4 252//4 
f 264//4 265//4 253//4 
f 266//4 267//4 265//4 
f 268//4 269//4 270//4 
f 271//4 272//4 269//4 
f 273//4 256//4 272//4 
f 255//4 254//4 257//4 
f 260//4 259//4 261//4 
f 251//4 263//4 249//4 
f 265//4 264//4 266//4 
f 274//4 275//4 267//4 
f 276//4 277//4 275//4 
f 278//4 279//4 277//4 
f 280//4 281//4 282//4 
f 283//4 284//4 281//4 
f 269//4 268//4 271//4 
f 256//4 273//4 254//4 
f 262//4 261//4 263//4 
f 267//4 266//4 274//4 
f 277//4 276//4 278//4 
f 285//4 286//4 279//4 
f 287//4 282//4 286//4 
f 281//4 280//4 283//4 
f 288//4 289//4 284//4 
f 290//4 291//4 289//4 
f 292//4 293//4 291//4 
f 294//4 295//4 293//4 
f 296//4 297//4 295//4 
f 298//4 299//4 297//4 
f 272//4 271//4 273//4 
f 253//4 252//4 264//4 
f 279//4 278//4 285//4 
f 282//4 287//4 280//4 
f 289//4 288//4 290//4 
f 293//4 292//4 294//4 
f 297//4 296//4 298//4 
f 300//4 301//4 299//4 
f 302//4 20//4 19//4 
f 303//4 270//4 302//4 
f 258//4 257//4 259//4 
f 286//4 285//4 287//4 
f 291//4 290//4 292//4 
f 299//4 298//4 300//4 
f 304//4 305//4 301//4 
f 305//4 304//4 306//4 
f 302//4 307//4 303//4 
f 275//4 274//4 276//4 
f 295//4 294//4 296//4 
f 306//4 308//4 305//4 
f 270//4 303//4 268//4 
f 301//4 300//4 304//4 
f 284//4 283//4 288//4 
f 19//4 307//4 302//4 
o mesh4
f 8//5 6//6 472//7 
f 309//8 472//7 473//9 
f 310//10 473//9 474//11 
f 311//12 312//13 474//11 
f 311//12 475//14 476//15 
f 313//16 476//15 477//17 
f 314//18 477//17 478//19 
f 315//20 478//19 479//21 
f 316//22 317//23 479//21 
f 316//22 480//24 481//25 
f 318//26 481//25 482//27 
f 319//28 482//27 483//29 
f 320//30 483//29 484//31 
f 321//32 322//33 484//31 
f 321//32 485//34 486//35 
f 323//36 324//37 486//35 
f 323//36 487//38 488//39 
f 325//40 326//41 488//39 
f 327//42 325//40 489//43 
f 327//42 490//44 491//45 
f 328//46 329//47 491//45 
f 328//46 492//48 493//49 
f 330//50 493//49 494//51 
f 331//52 494//51 495//53 
f 332//54 333//55 495//53 
f 332//54 496//56 497//57 
f 334//58 335//59 497//57 
f 336//60 334//58 498//61 
f 336//60 499//62 500//63 
f 337//64 500//63 501//65 
f 338//66 501//65 502//67 
f 339//68 502//67 503//69 
f 340//70 341//71 503//69 
f 340//70 504//72 505//73 
f 342//74 505//73 506//75 
f 343//76 344//77 506//75 
f 343//76 507//78 508//79 
f 345//80 508//79 509//81 
f 346//82 347//83 509//81 
f 348//84 346//82 510//85 
f 348//84 511//86 512//87 
f 349//88 512//87 350//89 
f 6//6 5//90 513//91 
f 473//9 472//7 513//91 
f 474//11 473//9 514//92 
f 475//14 474//11 515//93 
f 476//15 475//14 516//94 
f 477//17 476//15 517//95 
f 478//19 477//17 518//96 
f 479//21 478//19 519//97 
f 480//24 479//21 520//98 
f 481//25 480//24 521//99 
f 482//27 481//25 522//100 
f 483//29 482//27 523//101 
f 484//31 483//29 524//102 
f 485//34 484//31 525//103 
f 486//35 485//34 526//104 
f 487//38 486//35 527//105 
f 488//39 487//38 528//106 
f 489//43 488//39 529//107 
f 490//44 489//43 530//108 
f 491//45 490//44 531//109 
f 492//48 491//45 532//110 
f 493//49 492//48 533//111 
f 494//51 493//49 534//112 
f 495//53 494//51 535//113 
f 496//56 495//53 536//114 
f 497//57 496//56 537//115 
f 498//61 497//57 538//116 
f 499//62 498//61 539//117 
f 500//63 499//62 540//118 
f 501//65 500//63 541//119 
f 502//67 501//65 542//120 
f 503//69 502//67 543//121 
f 504//72 503//69 544//122 
f 505//73 504//72 545//123 
f 506//75 505//73 546//124 
f 507//78 506//75 547//125 
f 508//79 507//78 548//126 
f 509//81 508//79 549//127 
f 510//85 509//81 550//128 
f 511//86 510//85 551//129 
f 512//87 511//86 552//130 
f 350//89 512//87 553//131 
f 514//92 513//91 554//132 
f 515//93 514//92 555//133 
f 516//94 515//93 556//134 
f 517//95 516//94 557//135 
f 518//96 517//95 558//136 
f 519//97 518//96 559//137 
f 520//98 519//97 560//138 
f 521//99 520//98 561//139 
f 522//100 521//99 562//140 
f 523//101 522//100 563//141 
f 524//102 523//101 564//142 
f 525//103 524//102 565//143 
f 526//104 525//103 566//144 
f 527//105 526//104 567//145 
f 528//106 527//105 568//146 
f 529//107 528//106 569//147 
f 530//108 529//107 570//148 
f 531//109 530//108 571//149 
f 532//110 531//109 572//150 
f 533//111 532//110 573//151 
f 534//112 533//111 574//152 
f 535//113 534//112 575//153 
f 536//114 535//113 576//154 
f 537//115 536//114 577//155 
f 538//116 537//115 578//156 
f 539//117 538//116 579//157 
f 540//118 539//117 580//158 
f 541//119 540//118 581//159 
f 542//120 541//119 582//160 
f 543//121 542//120 583//161 
f 544//122 543//121 584//162 
f 545//123 544//122 585//163 
f 546//124 545//123 586//164 
f 547//125 546//124 587//165 
f 548//126 547//125 588//166 
f 549//127 548//126 589//167 
f 550//128 549//127 590//168 
f 551//129 550//128 591//169 
f 552//130 551//129 592//170 
f 553//131 552//130 593//171 
f 555//133 554//132 594//172 
f 556//134 555//133 595//173 
f 557//135 556//134 596//174 
f 558//136 557//135 597//175 
f 559//137 558//136 598//176 
f 560//138 559//137 599//177 
f 561//139 560//138 600//178 
f 562//140 561//139 601//179 
f 563//141 562//140 602//180 
f 564//142 563//141 603//181 
f 565//143 564//142 604//182 
f 566//144 565//143 605//183 
f 567//145 566//144 606//184 
f 568//146 567//145 607//185 
f 569//147 568//146 608//186 
f 570//148 569//147 609//187 
f 571//149 570//148 610//188 
f 572//150 571//149 611//189 
f 573//151 572//150 612//190 
f 574//152 573//151 613//191 
f 575//153 574//152 614//192 
f 576//154 575//153 615//193 
f 577//155 576//154 616//194 
f 578//156 577//155 617//195 
f 579//157 578//156 618//196 
f 580//158 579//157 619//197 
f 581//159 580//158 620//198 
f 582//160 581//159 621//199 
f 583//161 582//160 622//200 
f 584//162 583//161 623//201 
f 585//163 584//162 624//202 
f 586//164 585//163 625//203 
f 587//165 586//164 626//204 
f 588//166 587//165 627//205 
f 589//167 588//166 628//206 
f 590//168 589//167 629//207 
f 591//169 590//168 630//208 
f 592//170 591//169 631//209 
f 593//171 592//170 632//210 
f 633//211 593//171 634//212 
f 595//173 594//172 635//213 
f 596//174 595//173 636//214 
f 597//175 596//174 637//215 
f 598//176 597//175 638//216 
f 599//177 598//176 639//217 
f 600//178 599//177 640//218 
f 601//179 600//178 641//219 
f 602//180 601//179 642//220 
f 603//181 602//180 643//221 
f 604//182 603//181 644//222 
f 605//183 604//182 645//223 
f 606//184 605//183 646//224 
f 607//185 606//184 647//225 
f 608//186 607//185 648//226 
f 609//187 608//186 649//227 
f 610//188 609//187 650//228 
f 611//189 610//188 651//229 
f 612//190 611//189 652//230 
f 613//191 612//190 653//231 
f 614//192 613//191 654//232 
f 615//193 614//192 655//233 
f 616//194 615//193 656//234 
f 617//195 616//194 657//235 
f 618//196 617//195 658//236 
f 619//197 618//196 659//237 
f 620//198 619//197 660//238 
f 621//199 620//198 661//239 
f 622//200 621//199 662//240 
f 623//201 622//200 663//241 
f 624//202 623//201 664//242 
f 625//203 624//202 665//243 
f 626//204 625//203 666//244 
f 627//205 626//204 667//245 
f 628//206 627//205 668//246 
f 629//207 628//206 669//247 
f 630//208 629//207 670//248 
f 631//209 630//208 671//249 
f 632//210 631//209 672//250 
f 634//212 632//210 673//251 
f 674//252 634//212 675//253 
f 636//214 635//213 676//254 
f 637//215 636//214 677//255 
f 638//216 637//215 678//256 
f 639//217 638//216 679//257 
f 640//218 639//217 680//258 
f 641//219 640//218 681//259 
f 642//220 641//219 682//260 
f 643//221 642//220 683//261 
f 644//222 643//221 684//262 
f 645//223 644//222 685//263 
f 646//224 645//223 686//264 
f 647//225 646//224 687//265 
f 648//226 647//225 688//266 
f 649//227 648//226 689//267 
f 650//228 649//227 690//268 
f 651//229 650//228 691//269 
f 652//230 651//229 692//270 
f 653//231 652//230 693//271 
f 654//232 653//231 694//272 
f 655//233 654//232 695//273 
f 656//234 655//233 696//274 
f 657//235 656//234 697//275 
f 658//236 657//235 698//276 
f 659//237 658//236 699//277 
f 660//238 659//237 700//278 
f 661//239 660//238 701//279 
f 662//240 661//239 702//280 
f 663//241 662//240 703//281 
f 664//242 663//241 704//282 
f 665//243 664//242 705//283 
f 666//244 665//243 706//284 
f 667//245 666//244 707//285 
f 668//246 667//245 708//286 
f 669//247 668//246 709//287 
f 670//248 669//247 710//288 
f 671//249 670//248 711//289 
f 672//250 671//249 712//290 
f 673//251 672//250 713//291 
f 675//253 673//251 714//292 
f 715//293 675//253 716//294 
f 678//256 677//255 717//295 
f 679//257 678//256 718//296 
f 680//258 679//257 719//297 
f 681//259 680//258 720//298 
f 682//260 681//259 721//299 
f 683//261 682//260 722//300 
f 684//262 683//261 723//301 
f 685//263 684//262 724//302 
f 686//264 685//263 725//303 
f 687//265 686//264 726//304 
f 688//266 687//265 727//305 
f 689//267 688//266 728//306 
f 690//268 689//267 729//307 
f 691//269 690//268 730//308 
f 692//270 691//269 731//309 
f 693//271 692//270 732//310 
f 694//272 693//271 733//311 
f 695//273 694//272 734//312 
f 696//274 695//273 735//313 
f 697//275 696//274 736//314 
f 698//276 697//275 737//315 
f 699//277 698//276 738//316 
f 700//278 699//277 739//317 
f 701//279 700//278 740//318 
f 702//280 701//279 741//319 
f 703//281 702//280 742//320 
f 704//282 703//281 743//321 
f 705//283 704//282 744//322 
f 706//284 705//283 745//323 
f 707//285 706//284 746//324 
f 708//286 707//285 747//325 
f 709//287 708//286 748//326 
f 710//288 709//287 749//327 
f 711//289 710//288 750//328 
f 712//290 711//289 751//329 
f 713//291 712//290 752//330 
f 714//292 713//291 753//331 
f 716//294 714//292 754//332 
f 718//296 717//295 755//333 
f 719//297 718//296 756//334 
f 720//298 719//297 757//335 
f 721//299 720//298 758//336 
f 722//300 721//299 759//337 
f 723//301 722//300 760//338 
f 724//302 723//301 761//339 
f 725//303 724//302 762//340 
f 726//304 725//303 763//341 
f 727//305 726//304 764//342 
f 728//306 727//305 765//343 
f 729//307 728//306 766//344 
f 730//308 729//307 767//345 
f 731//309 730//308 768//346 
f 732//310 731//309 769//347 
f 733//311 732//310 770//348 
f 734//312 733//311 771//349 
f 735//313 734//312 772//350 
f 736//314 735//313 773//351 
f 737//315 736//314 774//352 
f 738//316 737//315 775//353 
f 739//317 738//316 776//354 
f 740//318 739//317 777//355 
f 741//319 740//318 778//356 
f 742//320 741//319 779//357 
f 743//321 742//320 780//358 
f 744//322 743//321 781//359 
f 745//323 744//322 782//360 
f 746//324 745//323 783//361 
f 747//325 746//324 784//362 
f 748//326 747//325 785//363 
f 749//327 748//326 786//364 
f 750//328 749//327 787//365 
f 751//329 750//328 788//366 
f 752//330 751//329 789//367 
f 753//331 752//330 790//368 
f 754//332 753//331 791//369 
f 792//370 754//332 793//371 
f 756//334 755//333 794//372 
f 757//335 756//334 795//373 
f 758//336 757//335 796//374 
f 759//337 758//336 797//375 
f 760//338 759//337 798//376 
f 761//339 760//338 799//377 
f 762//340 761//339 800//378 
f 763//341 762//340 801//379 
f 764//342 763//341 802//380 
f 765//343 764//342 803//381 
f 766//344 765//343 804//382 
f 767//345 766//344 805//383 
f 768//346 767//345 806//384 
f 769//347 768//346 807//385 
f 770//348 769//347 808//386 
f 771//349 770//348 809//387 
f 772//350 771//349 810//388 
f 773//351 772//350 811//389 
f 774//352 773//351 812//390 
f 775//353 774//352 813//391 
f 776//354 775//353 814//392 
f 777//355 776//354 815//393 
f 778//356 777//355 816//394 
f 779//357 778//356 817//395 
f 780//358 779//357 818//396 
f 781//359 780//358 819//397 
f 782//360 781//359 820//398 
f 783//361 782//360 821//399 
f 784//362 783//361 822//400 
f 785//363 784//362 823//401 
f 786//364 785//363 824//402 
f 787//365 786//364 825//403 
f 788//366 787//365 826//404 
f 789//367 788//366 827//405 
f 790//368 789//367 828//406 
f 791//369 790//368 829//407 
f 793//371 791//369 830//408 
f 831//409 793//371 832//410 
f 795//373 794//372 833//411 
f 796//374 795//373 834//412 
f 797//375 796//374 835//413 
f 798//376 797//375 836//414 
f 799//377 798//376 837//415 
f 800//378 799//377 838//416 
f 801//379 800//378 839//417 
f 802//380 801//379 840//418 
f 803//381 802//380 841//419 
f 804//382 803//381 842//420 
f 805//383 804//382 843//421 
f 806//384 805//383 844//422 
f 807//385 806//384 845//423 
f 808//386 807//385 846//424 
f 809//387 808//386 847//425 
f 810//388 809//387 848//426 
f 811//389 810//388 849//427 
f 812//390 811//389 850//428 
f 813//391 812//390 851//429 
f 814//392 813//391 852//430 
f 815//393 814//392 853//431 
f 816//394 815//393 854//432 
f 817//395 816//394 855//433 
f 818//396 817//395 856//434 
f 819//397 818//396 857//435 
f 820//398 819//397 858//436 
f 821//399 820//398 859//437 
f 822//400 821//399 860//438 
f 823//401 822//400 861//439 
f 824//402 823//401 862//440 
f 825//403 824//402 863//441 
f 826//404 825//403 864//442 
f 827//405 826//404 865//443 
f 828//406 827//405 866//444 
f 829//407 828//406 867//445 
f 830//408 829//407 868//446 
f 832//410 830//408 869//447 
f 870//448 832//410 871//449 
f 834//412 833//411 872//450 
f 835//413 834//412 873//451 
f 836//414 835//413 874//452 
f 837//415 836//414 875//453 
f 838//416 837//415 876//454 
f 839//417 838//416 877//455 
f 840//418 839//417 878//456 
f 841//419 840//418 879//457 
f 842//420 841//419 880//458 
f 843//421 842//420 881//459 
f 844//422 843//421 882//460 
f 845//423 844//422 883//461 
f 846//424 845//423 884//462 
f 847//425 846//424 885//463 
f 848//426 847//425 886//464 
f 849//427 848//426 887//465 
f 850//428 849//427 888//466 
f 851//429 850//428 889//467 
f 852//430 851//429 890//468 
f 853//431 852//430 891//469 
f 854//432 853//431 892//470 
f 855//433 854//432 893//471 
f 856//434 855//433 894//472 
f 857//435 856//434 895//473 
f 858//436 857//435 896//474 
f 859//437 858//436 897//475 
f 860//438 859//437 898//476 
f 861//439 860//438 899//477 
f 862//440 861//439 900//478 
f 863//441 862//440 901//479 
f 864//442 863//441 902//480 
f 865//443 864//442 903//481 
f 866//444 865//443 904//482 
f 867//445 866//444 905//483 
f 868//446 867//445 906//484 
f 869//447 868//446 907//485 
f 871//449 869//447 908//486 
f 909//487 871//449 910//488 
f 874//452 873//451 911//489 
f 875//453 874//452 912//490 
f 876//454 875//453 913//491 
f 877//455 876//454 914//492 
f 878//456 877//455 915//493 
f 879//457 878//456 916//494 
f 880//458 879//457 917//495 
f 881//459 880//458 918//496 
f 882//460 881//459 919//497 
f 883//461 882//460 920//498 
f 884//462 883//461 921//499 
f 885//463 884//462 922//500 
f 886//464 885//463 923//501 
f 887//465 886//464 924//502 
f 888//466 887//465 925//503 
f 889//467 888//466 926//504 
f 890//468 889//467 927//505 
f 891//469 890//468 928//506 
f 892//470 891//469 929//507 
f 893//471 892//470 930//508 
f 894//472 893//471 931//509 
f 895//473 894//472 932//510 
f 896//474 895//473 933//511 
f 897//475 896//474 934//512 
f 898//476 897//475 935//513 
f 899//477 898//476 936//514 
f 900//478 899//477 937//515 
f 901//479 900//478 938//516 
f 902//480 901//479 939//517 
f 903//481 902//480 940//518 
f 904//482 903//481 941//519 
f 905//483 904//482 942//520 
f 906//484 905//483 943//521 
f 907//485 906//484 944//522 
f 908//486 907//485 945//523 
f 910//488 908//486 946//524 
f 912//490 911//489 947//525 
f 913//491 912//490 948//526 
f 914//492 913//491 949//527 
f 915//493 914//492 950//528 
f 916//494 915//493 951//529 
f 917//495 916//494 952//530 
f 918//496 917//495 953//531 
f 919//497 918//496 954//532 
f 920//498 919//497 955//533 
f 921//499 920//498 956//534 
f 922//500 921//499 957//535 
f 923//501 922//500 958//536 
f 924//502 923//501 959//537 
f 925//503 924//502 960//538 
f 926//504 925//503 961//539 
f 927//505 926//504 962//540 
f 928//506 927//505 963//541 
f 929//507 928//506 964//542 
f 930//508 929//507 965//543 
f 931//509 930//508 966//544 
f 932//510 931//509 967//545 
f 933//511 932//510 968//546 
f 934//512 933//511 969//547 
f 935//513 934//512 970//548 
f 936//514 935//513 971//549 
f 937//515 936//514 972//550 
f 938//516 937//515 973//551 
f 939//517 938//516 974//552 
f 940//518 939//517 975//553 
f 941//519 940//518 976//554 
f 942//520 941//519 977//555 
f 943//521 942//520 978//556 
f 944//522 943//521 979//557 
f 945//523 944//522 980//558 
f 946//524 945//523 981//559 
f 982//560 946//524 983//561 
f 948//526 947//525 984//562 
f 949//527 948//526 985//563 
f 950//528 949//527 986//564 
f 951//529 950//528 987//565 
f 952//530 951//529 988//566 
f 953//531 952//530 989//567 
f 954//532 953//531 990//568 
f 955//533 954//532 991//569 
f 956//534 955//533 992//570 
f 957//535 956//534 993//571 
f 958//536 957//535 994//572 
f 959//537 958//536 995//573 
f 960//538 959//537 996//574 
f 961//539 960//538 997//575 
f 962//540 961//539 998//576 
f 963//541 962//540 999//577 
f 964//542 963//541 1000//578 
f 965//543 964//542 1001//579 
f 966//544 965//543 1002//580 
f 967//545 966//544 1003//581 
f 968//546 967//545 1004//582 
f 969//547 968//546 1005//583 
f 970//548 969//547 1006//584 
f 971//549 970//548 1007//585 
f 972//550 971//549 1008//586 
f 973//551 972//550 1009//587 
f 974//552 973//551 1010//588 
f 975//553 974//552 1011//589 
f 976//554 975//553 1012//590 
f 977//555 976//554 1013//591 
f 978//556 977//555 1014//592 
f 979//557 978//556 1015//593 
f 980//558 979//557 1016//594 
f 981//559 980//558 1017//595 
f 983//561 981//559 1018//596 
f 1019//597 983//561 1020//598 
f 985//563 984//562 1021//599 
f 986//564 985//563 1022//600 
f 987//565 986//564 1023//601 
f 988//566 987//565 1024//602 
f 989//567 988//566 1025//603 
f 990//568 989//567 1026//604 
f 991//569 990//568 1027//605 
f 992//570 991//569 1028//606 
f 993//571 992//570 1029//607 
f 994//572 993//571 1030//608 
f 995//573 994//572 1031//609 
f 996//574 995//573 1032//610 
f 997//575 996//574 1033//611 
f 998//576 997//575 1034//612 
f 999//577 998//576 1035//613 
f 1000//578 999//577 1036//614 
f 1001//579 1000//578 1037//615 
f 1002//580 1001//579 1038//616 
f 1003//581 1002//580 1039//617 
f 1004//582 1003//581 1040//618 
f 1005//583 1004//582 1041//619 
f 1006//584 1005//583 1042//620 
f 1007//585 1006//584 1043//621 
f 1008//586 1007//585 1044//622 
f 1009//587 1008//586 1045//623 
f 1010//588 1009//587 1046//624 
f 1011//589 1010//588 1047//625 
f 1012//590 1011//589 1048//626 
f 1013//591 1012//590 1049//627 
f 1014//592 1013//591 1050//628 
f 1015//593 1014//592 1051//629 
f 1016//594 1015//593 1052//630 
f 1017//595 1016//594 1053//631 
f 1018//596 1017//595 1054//632 
f 1020//598 1018//596 1055//633 
f 1056//634 1020//598 1057//635 
f 1022//600 1021//599 1058//636 
f 1023//601 1022//600 1059//637 
f 1024//602 1023//601 1060//638 
f 1025//603 1024//602 1061//639 
f 1026//604 1025//603 1062//640 
f 1027//605 1026//604 1063//641 
f 1028//606 1027//605 1064//642 
f 1029//607 1028//606 1065//643 
f 1030//608 1029//607 1066//644 
f 1031//609 1030//608 1067//645 
f 1032//610 1031//609 1068//646 
f 1033//611 1032//610 1069//647 
f 1034//612 1033//611 1070//648 
f 1035//613 1034//612 1071//649 
f 1036//614 1035//613 1072//650 
f 1037//615 1036//614 1073//651 
f 1038//616 1037//615 1074//652 
f 1039//617 1038//616 1075//653 
f 1040//618 1039//617 1076//654 
f 1041//619 1040//618 1077//655 
f 1042//620 1041//619 1078//656 
f 1043//621 1042//620 1079//657 
f 1044//622 1043//621 1080//658 
f 1045//623 1044//622 1081//659 
f 1046//624 1045//623 1082//660 
f 1047//625 1046//624 1083//661 
f 1048//626 1047//625 1084//662 
f 1049//627 1048//626 1085//663 
f 1050//628 1049//627 1086//664 
f 1051//629 1050//628 1087//665 
f 1052//630 1051//629 1088//666 
f 1053//631 1052//630 1089//667 
f 1054//632 1053//631 1090//668 
f 1055//633 1054//632 1091//669 
f 1057//635 1055//633 1092//670 
f 1093//671 1057//635 1094//672 
f 1060//638 1059//637 1095//673 
f 1061//639 1060//638 1096//674 
f 1062//640 1061//639 1097//675 
f 1063//641 1062//640 1098//676 
f 1064//642 1063//641 1099//677 
f 1065//643 1064//642 1100//678 
f 1066//644 1065//643 1101//679 
f 1067//645 1066//644 1102//680 
f 1068//646 1067//645 1103//681 
f 1069//647 1068//646 1104//682 
f 1070//648 1069//647 1105//683 
f 1071//649 1070//648 1106//684 
f 1072//650 1071//649 1107//685 
f 1073//651 1072//650 1108//686 
f 1074//652 1073//651 1109//687 
f 1075//653 1074//652 1110//688 
f 1076//654 1075//653 1111//689 
f 1077//655 1076//654 1112//690 
f 1078//656 1077//655 1113//691 
f 1079//657 1078//656 1114//692 
f 1080//658 1079//657 1115//693 
f 1081//659 1080//658 1116//694 
f 1082//660 1081//659 1117//695 
f 1083//661 1082//660 1118//696 
f 1084//662 1083//661 1119//697 
f 1085//663 1084//662 1120//698 
f 1086//664 1085//663 1121//699 
f 1087//665 1086//664 1122//700 
f 1088//666 1087//665 1123//701 
f 1089//667 1088//666 1124//702 
f 1090//668 1089//667 1125//703 
f 1091//669 1090//668 1126//704 
f 1092//670 1091//669 1127//705 
f 1094//672 1092//670 1128//706 
f 1096//674 1095//673 1129//707 
f 1097//675 1096//674 1130//708 
f 1098//676 1097//675 1131//709 
f 1099//677 1098//676 1132//710 
f 1100//678 1099//677 1133//711 
f 1101//679 1100//678 1134//712 
f 1102//680 1101//679 1135//713 
f 1103//681 1102//680 1136//714 
f 1104//682 1103//681 1137//715 
f 1105//683 1104//682 1138//716 
f 1106//684 1105//683 1139//717 
f 1107//685 1106//684 1140//718 
f 1108//686 1107//685 1141//719 
f 1109//687 1108//686 1142//720 
f 1110//688 1109//687 1143//721 
f 1111//689 1110//688 1144//722 
f 1112//690 1111//689 1145//723 
f 1113//691 1112//690 1146//724 
f 1114//692 1113//691 1147//725 
f 1115//693 1114//692 1148//726 
f 1116//694 1115//693 1149//727 
f 1117//695 1116//694 1150//728 
f 1118//696 1117//695 1151//729 
f 1119//697 1118//696 1152//730 
f 1120//698 1119//697 1153//731 
f 1121//699 1120//698 1154//732 
f 1122//700 1121//699 1155//733 
f 1123//701 1122//700 1156//734 
f 1124//702 1123//701 1157//735 
f 1125//703 1124//702 1158//736 
f 1126//704 1125//703 1159//737 
f 1127//705 1126//704 1160//738 
f 1128//706 1127//705 1161//739 
f 1162//740 1128//706 1163//741 
f 1130//708 1129//707 1164//742 
f 1131//709 1130//708 1165//743 
f 1132//710 1131//709 1166//744 
f 1133//711 1132//710 1167//745 
f 1134//712 1133//711 1168//746 
f 1135//713 1134//712 1169//747 
f 1136//714 1135//713 1170//748 
f 1137//715 1136//714 1171//749 
f 1138//716 1137//715 1172//750 
f 1139//717 1138//716 1173//751 
f 1140//718 1139//717 1174//752 
f 1141//719 1140//718 1175//753 
f 1142//720 1141//719 1176//754 
f 1143//721 1142//720 1177//755 
f 1144//722 1143//721 1178//756 
f 1145//723 1144//722 1179//757 
f 1146//724 1145//723 1180//758 
f 1147//725 1146//724 1181//759 
f 1148//726 1147//725 1182//760 
f 1149//727 1148//726 1183//761 
f 1150//728 1149//727 1184//762 
f 1151//729 1150//728 1185//763 
f 1152//730 1151//729 1186//764 
f 1153//731 1152//730 1187//765 
f 1154//732 1153//731 1188//766 
f 1155//733 1154//732 1189//767 
f 1156//734 1155//733 1190//768 
f 1157//735 1156//734 1191//769 
f 1158//736 1157//735 1192//770 
f 1159//737 1158//736 1193//771 
f 1160//738 1159//737 1194//772 
f 1161//739 1160//738 1195//773 
f 1163//741 1161//739 1196//774 
f 1197//775 1163//741 1198//776 
f 1165//743 1164//742 1199//777 
f 1166//744 1165//743 1200//778 
f 1167//745 1166//744 1201//779 
f 1168//746 1167//745 1202//780 
f 1169//747 1168//746 1203//781 
f 1170//748 1169//747 1204//782 
f 1171//749 1170//748 1205//783 
f 1172//750 1171//749 1206//784 
f 1173//751 1172//750 1207//785 
f 1174//752 1173//751 1208//786 
f 1175//753 1174//752 1209//787 
f 1176//754 1175//753 1210//788 
f 1177//755 1176//754 1211//789 
f 1178//756 1177//755 1212//790 
f 1179//757 1178//756 1213//791 
f 1180//758 1179//757 1214//792 
f 1181//759 1180//758 1215//793 
f 1182//760 1181//759 1216//794 
f 1183//761 1182//760 1217//795 
f 1184//762 1183//761 1218//796 
f 1185//763 1184//762 1219//797 
f 1186//764 1185//763 1220//798 
f 1187//765 1186//764 1221//799 
f 1188//766 1187//765 1222//800 
f 1189//767 1188//766 1223//801 
f 1190//768 1189//767 1224//802 
f 1191//769 1190//768 1225//803 
f 1192//770 1191//769 1226//804 
f 1193//771 1192//770 1227//805 
f 1194//772 1193//771 1228//806 
f 1195//773 1194//772 1229//807 
f 1196//774 1195//773 1230//808 
f 1198//776 1196//774 1231//809 
f 1232//810 1198//776 1233//811 
f 1200//778 1199//777 1234//812 
f 1201//779 1200//778 1235//813 
f 1202//780 1201//779 1236//814 
f 1203//781 1202//780 1237//815 
f 1204//782 1203//781 1238//816 
f 1205//783 1204//782 1239//817 
f 1206//784 1205//783 1240//818 
f 1207//785 1206//784 1241//819 
f 1208//786 1207//785 1242//820 
f 1209//787 1208//786 1243//821 
f 1210//788 1209//787 1244//822 
f 1211//789 1210//788 1245//823 
f 1212//790 1211//789 1246//824 
f 1213//791 1212//790 1247//825 
f 1214//792 1213//791 1248//826 
f 1215//793 1214//792 1249//827 
f 1216//794 1215//793 1250//828 
f 1217//795 1216//794 1251//829 
f 1218//796 1217//795 1252//830 
f 1219//797 1218//796 1253//831 
f 1220//798 1219//797 1254//832 
f 1221//799 1220//798 1255//833 
f 1222//800 1221//799 1256//834 
f 1223//801 1222//800 1257//835 
f 1224//802 1223//801 1258//836 
f 1225//803 1224//802 1259//837 
f 1226//804 1225//803 1260//838 
f 1227//805 1226//804 1261//839 
f 1228//806 1227//805 1262//840 
f 1229//807 1228//806 1263//841 
f 1230//808 1229//807 1264//842 
f 1231//809 1230//808 1265//843 
f 1233//811 1231//809 1266//844 
f 1267//845 1233//811 1268//846 
f 1235//813 1234//812 1269//847 
f 1236//814 1235//813 1270//848 
f 1237//815 1236//814 1271//849 
f 1238//816 1237//815 1272//850 
f 1239//817 1238//816 1273//851 
f 1240//818 1239//817 1274//852 
f 1241//819 1240//818 1275//853 
f 1242//820 1241//819 1276//854 
f 1243//821 1242//820 1277//855 
f 1244//822 1243//821 1278//856 
f 1245//823 1244//822 1279//857 
f 1246//824 1245//823 1280//858 
f 1247//825 1246//824 1281//859 
f 1248//826 1247//825 1282//860 
f 1249//827 1248//826 1283//861 
f 1250//828 1249//827 1284//862 
f 1251//829 1250//828 1285//863 
f 1252//830 1251//829 1286//864 
f 1253//831 1252//830 1287//865 
f 1254//832 1253//831 1288//866 
f 1255//833 1254//832 1289//867 
f 1256//834 1255//833 1290//868 
f 1257//835 1256//834 1291//869 
f 1258//836 1257//835 1292//870 
f 1259//837 1258//836 1293//871 
f 1260//838 1259//837 1294//872 
f 1261//839 1260//838 1295//873 
f 1262//840 1261//839 1296//874 
f 1263//841 1262//840 1297//875 
f 1264//842 1263//841 1298//876 
f 1265//843 1264//842 1299//877 
f 1266//844 1265//843 1300//878 
f 1268//846 1266//844 1301//879 
f 1302//880 1268//846 1303//881 
f 1271//849 1270//848 1304//882 
f 1272//850 1271//849 1305//883 
f 1273//851 1272//850 1306//884 
f 1274//852 1273//851 1307//885 
f 1275//853 1274//852 1308//886 
f 1276//854 1275//853 1309//887 
f 1277//855 1276//854 1310//888 
f 1278//856 1277//855 1311//889 
f 1279//857 1278//856 1312//890 
f 1280//858 1279//857 1313//891 
f 1281//859 1280//858 1314//892 
f 1282//860 1281//859 1315//893 
f 1283//861 1282//860 1316//894 
f 1284//862 1283//861 1317//895 
f 1285//863 1284//862 1318//896 
f 1286//864 1285//863 1319//897 
f 1287//865 1286//864 1320//898 
f 1288//866 1287//865 1321//899 
f 1289//867 1288//866 1322//900 
f 1290//868 1289//867 1323//901 
f 1291//869 1290//868 1324//902 
f 1292//870 1291//869 1325//903 
f 1293//871 1292//870 1326//904 
f 1294//872 1293//871 1327//905 
f 1295//873 1294//872 1328//906 
f 1296//874 1295//873 1329//907 
f 1297//875 1296//874 1330//908 
f 1298//876 1297//875 1331//909 
f 1299//877 1298//876 1332//910 
f 1300//878 1299//877 1333//911 
f 1301//879 1300//878 1334//912 
f 1303//881 1301//879 1335//913 
f 1305//883 1304//882 1336//914 
f 1306//884 1305//883 1337//915 
f 1307//885 1306//884 1338//916 
f 1308//886 1307//885 1339//917 
f 1309//887 1308//886 1340//918 
f 1310//888 1309//887 1341//919 
f 1311//889 1310//888 1342//920 
f 1312//890 1311//889 1343//921 
f 1313//891 1312//890 1344//922 
f 1314//892 1313//891 1345//923 
f 1315//893 1314//892 1346//924 
f 1316//894 1315//893 1347//925 
f 1317//895 1316//894 1348//926 
f 1318//896 1317//895 1349//927 
f 1319//897 1318//896 1350//928 
f 1320//898 1319//897 1351//929 
f 1321//899 1320//898 1352//930 
f 1322//900 1321//899 1353//931 
f 1323//901 1322//900 1354//932 
f 1324//902 1323//901 1355//933 
f 1325//903 1324//902 1356//934 
f 1326//904 1325//903 1357//935 
f 1327//905 1326//904 1358//936 
f 1328//906 1327//905 1359//937 
f 1329//907 1328//906 1360//938 
f 1330//908 1329//907 1361//939 
f 1331//909 1330//908 1362//940 
f 1332//910 1331//909 1363//941 
f 1333//911 1332//910 1364//942 
f 1334//912 1333//911 1365//943 
f 1335//913 1334//912 1366//944 
f 1367//945 1335//913 1368//946 
f 1337//915 1336//914 1369//947 
f 1338//916 1337//915 1370//948 
f 1339//917 1338//916 1371//949 
f 1340//918 1339//917 1372//950 
f 1341//919 1340//918 1373//951 
f 1342//920 1341//919 1374//952 
f 1343//921 1342//920 1375//953 
f 1344//922 1343//921 1376//954 
f 1345//923 1344//922 1377//955 
f 1346//924 1345//923 1378//956 
f 1347//925 1346//924 1379//957 
f 1348//926 1347//925 1380//958 
f 1349//927 1348//926 1381//959 
f 1350//928 1349//927 1382//960 
f 1351//929 1350//928 1383//961 
f 1352//930 1351//929 1384//962 
f 1353//931 1352//930 1385//963 
f 1354//932 1353//931 1386//964 
f 1355//933 1354//932 1387//965 
f 1356//934 1355//933 1388//966 
f 1357//935 1356//934 1389//967 
f 1358//936 1357//935 1390//968 
f 1359//937 1358//936 1391//969 
f 1360//938 1359//937 1392//970 
f 1361//939 1360//938 1393//971 
f 1362//940 1361//939 1394//972 
f 1363//941 1362//940 1395//973 
f 1364//942 1363//941 1396//974 
f 1365//943 1364//942 1397//975 
f 1366//944 1365//943 1398//976 
f 1368//946 1366//944 1399//977 
f 1400//978 1368//946 1401//979 
f 1370//948 1369//947 1402//980 
f 1371//949 1370//948 1403//981 
f 1372//950 1371//949 1404//982 
f 1373//951 1372//950 1405//983 
f 1374//952 1373//951 1406//984 
f 1375//953 1374//952 1407//985 
f 1376//954 1375//953 1408//986 
f 1377//955 1376//954 1409//987 
f 1378//956 1377//955 1410//988 
f 1379//957 1378//956 1411//989 
f 1380//958 1379//957 1412//990 
f 1381//959 1380//958 1413//991 
f 1382//960 1381//959 1414//992 
f 1383//961 1382//960 1415//993 
f 1384//962 1383//961 1416//994 
f 1385//963 1384//962 1417//995 
f 1386//964 1385//963 1418//996 
f 1387//965 1386//964 1419//997 
f 1388//966 1387//965 1420//998 
f 1389//967 1388//966 1421//999 
f 1390//968 1389//967 1422//1000 
f 1391//969 1390//968 1423//1001 
f 1392//970 1391//969 1424//1002 
f 1393//971 1392//970 1425//1003 
f 1394//972 1393//971 1426//1004 
f 1395//973 1394//972 1427//1005 
f 1396//974 1395//973 1428//1006 
f 1397//975 1396//974 1429//1007 
f 1398//976 1397//975 1430//1008 
f 1399//977 1398//976 1431//1009 
f 1401//979 1399//977 1432//1010 
f 1433//1011 1401//979 1434//1012 
f 1403//981 1402//980 1435//1013 
f 1404//982 1403//981 1436//1014 
f 1405//983 1404//982 1437//1015 
f 1406//984 1405//983 1438//1016 
f 1407//985 1406//984 1439//1017 
f 1408//986 1407//985 1440//1018 
f 1409//987 1408//986 1441//1019 
f 1410//988 1409//987 1442//1020 
f 1411//989 1410//988 1443//1021 
f 1412//990 1411//989 1444//1022 
f 1413//991 1412//990 1445//1023 
f 1414//992 1413//991 1446//1024 
f 1415//993 1414//992 1447//1025 
f 1416//994 1415//993 1448//1026 
f 1417//995 1416//994 1449//1027 
f 1418//996 1417//995 1450//1028 
f 1419//997 1418//996 1451//1029 
f 1420//998 1419//997 1452//1030 
f 1421//999 1420//998 1453//1031 
f 1422//1000 1421//999 1454//1032 
f 1423//1001 1422//1000 1455//1033 
f 1424//1002 1423//1001 1456//1034 
f 1425//1003 1424//1002 1457//1035 
f 1426//1004 1425//1003 1458//1036 
f 1427//1005 1426//1004 1459//1037 
f 1428//1006 1427//1005 1460//1038 
f 1429//1007 1428//1006 1461//1039 
f 1430//1008 1429//1007 1462//1040 
f 1431//1009 1430//1008 1463//1041 
f 1432//1010 1431//1009 1464//1042 
f 1434//1012 1432//1010 1465//1043 
f 1466//1044 1434//1012 1467//1045 
f 1436//1014 1435//1013 1468//1046 
f 1437//1015 1436//1014 1469//1047 
f 1438//1016 1437//1015 1470//1048 
f 1439//1017 1438//1016 1471//1049 
f 1440//1018 1439//1017 1472//1050 
f 1441//1019 1440//1018 1473//1051 
f 1442//1020 1441//1019 1474//1052 
f 1443//1021 1442//1020 1475//1053 
f 1444//1022 1443//1021 1476//1054 
f 1445//1023 1444//1022 1477//1055 
f 1446//1024 1445//1023 1478//1056 
f 1447//1025 1446//1024 1479//1057 
f 1448//1026 1447//1025 1480//1058 
f 1449//1027 1448//1026 1481//1059 
f 1450//1028 1449//1027 1482//1060 
f 1451//1029 1450//1028 1483//1061 
f 1452//1030 1451//1029 1484//1062 
f 1453//1031 1452//1030 1485//1063 
f 1454//1032 1453//1031 1486//1064 
f 1455//1033 1454//1032 1487//1065 
f 1456//1034 1455//1033 1488//1066 
f 1457//1035 1456//1034 1489//1067 
f 1458//1036 1457//1035 1490//1068 
f 1459//1037 1458//1036 1491//1069 
f 1460//1038 1459//1037 1492//1070 
f 1461//1039 1460//1038 1493//1071 
f 1462//1040 1461//1039 1494//1072 
f 1463//1041 1462//1040 1495//1073 
f 1464//1042 1463//1041 1496//1074 
f 1465//1043 1464//1042 1497//1075 
f 1467//1045 1465//1043 1498//1076 
f 1499//1077 1467//1045 1500//1078 
f 1469//1047 1468//1046 1501//1079 
f 1470//1048 1469//1047 1502//1080 
f 1471//1049 1470//1048 1503//1081 
f 1472//1050 1471//1049 1504//1082 
f 1473//1051 1472//1050 1505//1083 
f 1474//1052 1473//1051 1506//1084 
f 1475//1053 1474//1052 1507//1085 
f 1476//1054 1475//1053 1508//1086 
f 1477//1055 1476//1054 1509//1087 
f 1478//1056 1477//1055 1510//1088 
f 1479//1057 1478//1056 1511//1089 
f 1480//1058 1479//1057 1512//1090 
f 1481//1059 1480//1058 1513//1091 
f 1482//1060 1481//1059 1514//1092 
f 1483//1061 1482//1060 1515//1093 
f 1484//1062 1483//1061 1516//1094 
f 1485//1063 1484//1062 1517//1095 
f 1486//1064 1485//1063 1518//1096 
f 1487//1065 1486//1064 1519//1097 
f 1488//1066 1487//1065 1520//1098 
f 1489//1067 1488//1066 1521//1099 
f 1490//1068 1489//1067 1522//1100 
f 1491//1069 1490//1068 1523//1101 
f 1492//1070 1491//1069 1524//1102 
f 1493//1071 1492//1070 1525//1103 
f 1494//1072 1493//1071 1526//1104 
f 1495//1073 1494//1072 1527//1105 
f 1496//1074 1495//1073 1528//1106 
f 1497//1075 1496//1074 1529//1107 
f 1498//1076 1497//1075 1530//1108 
f 1500//1078 1498//1076 1531//1109 
f 1532//1110 1500//1078 1533//1111 
f 1503//1081 1502//1080 1534//1112 
f 1504//1082 1503//1081 1535//1113 
f 1505//1083 1504//1082 1536//1114 
f 1506//1084 1505//1083 1537//1115 
f 1507//1085 1506//1084 1538//1116 
f 1508//1086 1507//1085 1539//1117 
f 1509//1087 1508//1086 1540//1118 
f 1510//1088 1509//1087 1541//1119 
f 1511//1089 1510//1088 1542//1120 
f 1512//1090 1511//1089 1543//1121 
f 1513//1091 1512//1090 1544//1122 
f 1514//1092 1513//1091 1545//1123 
f 1515//1093 1514//1092 1546//1124 
f 1516//1094 1515//1093 1547//1125 
f 1517//1095 1516//1094 1548//1126 
f 1518//1096 1517//1095 1549//1127 
f 1519//1097 1518//1096 1550//1128 
f 1520//1098 1519//1097 1551//1129 
f 1521//1099 1520//1098 1552//1130 
f 1522//1100 1521//1099 1553//1131 
f 1523//1101 1522//1100 1554//1132 
f 1524//1102 1523//1101 1555//1133 
f 1525//1103 1524//1102 1556//1134 
f 1526//1104 1525//1103 1557//1135 
f 1527//1105 1526//1104 1558//1136 
f 1528//1106 1527//1105 1559//1137 
f 1529//1107 1528//1106 1560//1138 
f 1530//1108 1529//1107 1561//1139 
f 1531//1109 1530//1108 1562//1140 
f 1533//1111 1531//1109 1563//1141 
f 1535//1113 1534//1112 1564//1142 
f 1536//1114 1535//1113 1565//1143 
f 1537//1115 1536//1114 1566//1144 
f 1538//1116 1537//1115 1567//1145 
f 1539//1117 1538//1116 1568//1146 
f 1540//1118 1539//1117 1569//1147 
f 1541//1119 1540//1118 1570//1148 
f 1542//1120 1541//1119 1571//1149 
f 1543//1121 1542//1120 1572//1150 
f 1544//1122 1543//1121 1573//1151 
f 1545//1123 1544//1122 1574//1152 
f 1546//1124 1545//1123 1575//1153 
f 1547//1125 1546//1124 1576//1154 
f 1548//1126 1547//1125 1577//1155 
f 1549//1127 1548//1126 1578//1156 
f 1550//1128 1549//1127 1579//1157 
f 1551//1129 1550//1128 1580//1158 
f 1552//1130 1551//1129 1581//1159 
f 1553//1131 1552//1130 1582//1160 
f 1554//1132 1553//1131 1583//1161 
f 1555//1133 1554//1132 1584//1162 
f 1556//1134 1555//1133 1585//1163 
f 1557//1135 1556//1134 1586//1164 
f 1558//1136 1557//1135 1587//1165 
f 1559//1137 1558//1136 1588//1166 
f 1560//1138 1559//1137 1589//1167 
f 1561//1139 1560//1138 1590//1168 
f 1562//1140 1561//1139 1591//1169 
f 1563//1141 1562//1140 1592//1170 
f 1593//1171 1563//1141 1594//1172 
f 1565//1143 1564//1142 1595//1173 
f 1566//1144 1565//1143 1596//1174 
f 1567//1145 1566//1144 1597//1175 
f 1568//1146 1567//1145 1598//1176 
f 1569//1147 1568//1146 1599//1177 
f 1570//1148 1569//1147 1600//1178 
f 1571//1149 1570//1148 1601//1179 
f 1572//1150 1571//1149 1602//1180 
f 1573//1151 1572//1150 1603//1181 
f 1574//1152 1573//1151 1604//1182 
f 1575//1153 1574//1152 1605//1183 
f 1576//1154 1575//1153 1606//1184 
f 1577//1155 1576//1154 1607//1185 
f 1578//1156 1577//1155 1608//1186 
f 1579//1157 1578//1156 1609//1187 
f 1580//1158 1579//1157 1610//1188 
f 1581//1159 1580//1158 1611//1189 
f 1582//1160 1581//1159 1612//1190 
f 1583//1161 1582//1160 1613//1191 
f 1584//1162 1583//1161 1614//1192 
f 1585//1163 1584//1162 1615//1193 
f 1586//1164 1585//1163 1616//1194 
f 1587//1165 1586//1164 1617//1195 
f 1588//1166 1587//1165 1618//1196 
f 1589//1167 1588//1166 1619//1197 
f 1590//1168 1589//1167 1620//1198 
f 1591//1169 1590//1168 1621//1199 
f 1592//1170 1591//1169 1622//1200 
f 1594//1172 1592//1170 1623//1201 
f 1624//1202 1594//1172 1625//1203 
f 1596//1174 1595//1173 1626//1204 
f 1597//1175 1596//1174 1627//1205 
f 1598//1176 1597//1175 1628//1206 
f 1599//1177 1598//1176 1629//1207 
f 1600//1178 1599//1177 1630//1208 
f 1601//1179 1600//1178 1631//1209 
f 1602//1180 1601//1179 1632//1210 
f 1603//1181 1602//1180 1633//1211 
f 1604//1182 1603//1181 1634//1212 
f 1605//1183 1604//1182 1635//1213 
f 1606//1184 1605//1183 1636//1214 
f 1607//1185 1606//1184 1637//1215 
f 1608//1186 1607//1185 1638//1216 
f 1609//1187 1608//1186 1639//1217 
f 1610//1188 1609//1187 1640//1218 
f 1611//1189 1610//1188 1641//1219 
f 1612//1190 1611//1189 1642//1220 
f 1613//1191 1612//1190 1643//1221 
f 1614//1192 1613//1191 1644//1222 
f 1615//1193 1614//1192 1645//1223 
f 1616//1194 1615//1193 1646//1224 
f 1617//1195 1616//1194 1647//1225 
f 1618//1196 1617//1195 1648//1226 
f 1619//1197 1618//1196 1649//1227 
f 1620//1198 1619//1197 1650//1228 
f 1621//1199 1620//1198 1651//1229 
f 1622//1200 1621//1199 1652//1230 
f 1623//1201 1622//1200 1653//1231 
f 1625//1203 1623//1201 1654//1232 
f 1655//1233 1625//1203 1656//1234 
f 1627//1205 1626//1204 1657//1235 
f 1628//1206 1627//1205 1658//1236 
f 1629//1207 1628//1206 1659//1237 
f 1630//1208 1629//1207 1660//1238 
f 1631//1209 1630//1208 1661//1239 
f 1632//1210 1631//1209 1662//1240 
f 1633//1211 1632//1210 1663//1241 
f 1634//1212 1633//1211 1664//1242 
f 1635//1213 1634//1212 1665//1243 
f 1636//1214 1635//1213 1666//1244 
f 1637//1215 1636//1214 1667//1245 
f 1638//1216 1637//1215 1668//1246 
f 1639//1217 1638//1216 1669//1247 
f 1640//1218 1639//1217 1670//1248 
f 1641//1219 1640//1218 1671//1249 
f 1642//1220 1641//1219 1672//1250 
f 1643//1221 1642//1220 1673//1251 
f 1644//1222 1643//1221 1674//1252 
f 1645//1223 1644//1222 1675//1253 
f 1646//1224 1645//1223 1676//1254 
f 1647//1225 1646//1224 1677//1255 
f 1648//1226 1647//1225 1678//1256 
f 1649//1227 1648//1226 1679//1257 
f 1650//1228 1649//1227 1680//1258 
f 1651//1229 1650//1228 1681//1259 
f 1652//1230 1651//1229 1682//1260 
f 1653//1231 1652//1230 1683//1261 
f 1654//1232 1653//1231 1684//1262 
f 1656//1234 1654//1232 1685//1263 
f 1686//1264 1656//1234 1687//1265 
f 1658//1236 1657//1235 1688//1266 
f 1659//1237 1658//1236 1689//1267 
f 1660//1238 1659//1237 1690//1268 
f 1661//1239 1660//1238 1691//1269 
f 1662//1240 1661//1239 1692//1270 
f 1663//1241 1662//1240 1693//1271 
f 1664//1242 1663//1241 1694//1272 
f 1665//1243 1664//1242 1695//1273 
f 1666//1244 1665//1243 1696//1274 
f 1667//1245 1666//1244 1697//1275 
f 1668//1246 1667//1245 1698//1276 
f 1669//1247 1668//1246 1699//1277 
f 1670//1248 1669//1247 1700//1278 
f 1671//1249 1670//1248 1701//1279 
f 1672//1250 1671//1249 1702//1280 
f 1673//1251 1672//1250 1703//1281 
f 1674//1252 1673//1251 1704//1282 
f 1675//1253 1674//1252 1705//1283 
f 1676//1254 1675//1253 1706//1284 
f 1677//1255 1676//1254 1707//1285 
f 1678//1256 1677//1255 1708//1286 
f 1679//1257 1678//1256 1709//1287 
f 1680//1258 1679//1257 1710//1288 
f 1681//1259 1680//1258 1711//1289 
f 1682//1260 1681//1259 1712//1290 
f 1683//1261 1682//1260 1713//1291 
f 1684//1262 1683//1261 1714//1292 
f 1685//1263 1684//1262 1715//1293 
f 1687//1265 1685//1263 1716//1294 
f 1717//1295 1687//1265 1718//1296 
f 1689//1267 1688//1266 1719//1297 
f 1690//1268 1689//1267 1720//1298 
f 1691//1269 1690//1268 1721//1299 
f 1692//1270 1691//1269 1722//1300 
f 1693//1271 1692//1270 1723//1301 
f 1694//1272 1693//1271 1724//1302 
f 1695//1273 1694//1272 1725//1303 
f 1696//1274 1695//1273 1726//1304 
f 1697//1275 1696//1274 1727//1305 
f 1698//1276 1697//1275 1728//1306 
f 1699//1277 1698//1276 1729//1307 
f 1700//1278 1699//1277 1730//1308 
f 1701//1279 1700//1278 1731//1309 
f 1702//1280 1701//1279 1732//1310 
f 1703//1281 1702//1280 1733//1311 
f 1704//1282 1703//1281 1734//1312 
f 1705//1283 1704//1282 1735//1313 
f 1706//1284 1705//1283 1736//1314 
f 1707//1285 1706//1284 1737//1315 
f 1708//1286 1707//1285 1738//1316 
f 1709//1287 1708//1286 1739//1317 
f 1710//1288 1709//1287 1740//1318 
f 1711//1289 1710//1288 1741//1319 
f 1712//1290 1711//1289 1742//1320 
f 1713//1291 1712//1290 1743//1321 
f 1714//1292 1713//1291 1744//1322 
f 1715//1293 1714//1292 1745//1323 
f 1716//1294 1715//1293 1746//1324 
f 1718//1296 1716//1294 1747//1325 
f 1748//1326 1718//1296 1749//1327 
f 1720//1298 1719//1297 1750//1328 
f 1721//1299 1720//1298 1751//1329 
f 1722//1300 1721//1299 1752//1330 
f 1723//1301 1722//1300 1753//1331 
f 1724//1302 1723//1301 1754//1332 
f 1725//1303 1724//1302 1755//1333 
f 1726//1304 1725//1303 1756//1334 
f 1727//1305 1726//1304 1757//1335 
f 1728//1306 1727//1305 1758//1336 
f 1729//1307 1728//1306 1759//1337 
f 1730//1308 1729//1307 1760//1338 
f 1731//1309 1730//1308 1761//1339 
f 1732//1310 1731//1309 1762//1340 
f 1733//1311 1732//1310 1763//1341 
f 1734//1312 1733//1311 1764//1342 
f 1735//1313 1734//1312 1765//1343 
f 1736//1314 1735//1313 1766//1344 
f 1737//1315 1736//1314 1767//1345 
f 1738//1316 1737//1315 1768//1346 
f 1739//1317 1738//1316 1769//1347 
f 1740//1318 1739//1317 1770//1348 
f 1741//1319 1740//1318 1771//1349 
f 1742//1320 1741//1319 1772//1350 
f 1743//1321 1742//1320 1773//1351 
f 1744//1322 1743//1321 1774//1352 
f 1745//1323 1744//1322 1775//1353 
f 1746//1324 1745//1323 1776//1354 
f 1747//1325 1746//1324 1777//1355 
f 1749//1327 1747//1325 1778//1356 
f 1779//1357 1749//1327 1780//1358 
f 1751//1329 1750//1328 1781//1359 
f 1752//1330 1751//1329 1782//1360 
f 1753//1331 1752//1330 1783//1361 
f 1754//1332 1753//1331 1784//1362 
f 1755//1333 1754//1332 1785//1363 
f 1756//1334 1755//1333 1786//1364 
f 1757//1335 1756//1334 1787//1365 
f 1758//1336 1757//1335 1788//1366 
f 1759//1337 1758//1336 1789//1367 
f 1760//1338 1759//1337 1790//1368 
f 1761//1339 1760//1338 1791//1369 
f 1762//1340 1761//1339 1792//1370 
f 1763//1341 1762//1340 1793//1371 
f 1764//1342 1763//1341 1794//1372 
f 1765//1343 1764//1342 1795//1373 
f 1766//1344 1765//1343 1796//1374 
f 1767//1345 1766//1344 1797//1375 
f 1768//1346 1767//1345 1798//1376 
f 1769//1347 1768//1346 1799//1377 
f 1770//1348 1769//1347 1800//1378 
f 1771//1349 1770//1348 1801//1379 
f 1772//1350 1771//1349 1802//1380 
f 1773//1351 1772//1350 1803//1381 
f 1774//1352 1773//1351 1804//1382 
f 1775//1353 1774//1352 1805//1383 
f 1776//1354 1775//1353 1806//1384 
f 1777//1355 1776//1354 1807//1385 
f 1778//1356 1777//1355 1808//1386 
f 1780//1358 1778//1356 1809//1387 
f 1810//1388 1780//1358 1811//1389 
f 1783//1361 1782//1360 1812//1390 
f 1784//1362 1783//1361 1813//1391 
f 1785//1363 1784//1362 1814//1392 
f 1786//1364 1785//1363 1815//1393 
f 1787//1365 1786//1364 1816//1394 
f 1788//1366 1787//1365 1817//1395 
f 1789//1367 1788//1366 1818//1396 
f 1790//1368 1789//1367 1819//1397 
f 1791//1369 1790//1368 1820//1398 
f 1792//1370 1791//1369 1821//1399 
f 1793//1371 1792//1370 1822//1400 
f 1794//1372 1793//1371 1823//1401 
f 1795//1373 1794//1372 1824//1402 
f 1796//1374 1795//1373 1825//1403 
f 1797//1375 1796//1374 1826//1404 
f 1798//1376 1797//1375 1827//1405 
f 1799//1377 1798//1376 1828//1406 
f 1800//1378 1799//1377 1829//1407 
f 1801//1379 1800//1378 1830//1408 
f 1802//1380 1801//1379 1831//1409 
f 1803//1381 1802//1380 1832//1410 
f 1804//1382 1803//1381 1833//1411 
f 1805//1383 1804//1382 1834//1412 
f 1806//1384 1805//1383 1835//1413 
f 1807//1385 1806//1384 1836//1414 
f 1808//1386 1807//1385 1837//1415 
f 1809//1387 1808//1386 1838//1416 
f 1811//1389 1809//1387 1839//1417 
f 1813//1391 1812//1390 1840//1418 
f 1814//1392 1813//1391 1841//1419 
f 1815//1393 1814//1392 1842//1420 
f 1816//1394 1815//1393 1843//1421 
f 1817//1395 1816//1394 1844//1422 
f 1818//1396 1817//1395 1845//1423 
f 1819//1397 1818//1396 1846//1424 
f 1820//1398 1819//1397 1847//1425 
f 1821//1399 1820//1398 1848//1426 
f 1822//1400 1821//1399 1849//1427 
f 1823//1401 1822//1400 1850//1428 
f 1824//1402 1823//1401 1851//1429 
f 1825//1403 1824//1402 1852//1430 
f 1826//1404 1825//1403 1853//1431 
f 1827//1405 1826//1404 1854//1432 
f 1828//1406 1827//1405 1855//1433 
f 1829//1407 1828//1406 1856//1434 
f 1830//1408 1829//1407 1857//1435 
f 1831//1409 1830//1408 1858//1436 
f 1832//1410 1831//1409 1859//1437 
f 1833//1411 1832//1410 1860//1438 
f 1834//1412 1833//1411 1861//1439 
f 1835//1413 1834//1412 1862//1440 
f 1836//1414 1835//1413 1863//1441 
f 1837//1415 1836//1414 1864//1442 
f 1838//1416 1837//1415 1865//1443 
f 1839//1417 1838//1416 1866//1444 
f 1867//1445 1839//1417 1868//1446 
f 1841//1419 1840//1418 1869//1447 
f 1842//1420 1841//1419 1870//1448 
f 1843//1421 1842//1420 1871//1449 
f 1844//1422 1843//1421 1872//1450 
f 1845//1423 1844//1422 1873//1451 
f 1846//1424 1845//1423 1874//1452 
f 1847//1425 1846//1424 1875//1453 
f 1848//1426 1847//1425 1876//1454 
f 1849//1427 1848//1426 1877//1455 
f 1850//1428 1849//1427 1878//1456 
f 1851//1429 1850//1428 1879//1457 
f 1852//1430 1851//1429 1880//1458 
f 1853//1431 1852//1430 1881//1459 
f 1854//1432 1853//1431 1882//1460 
f 1855//1433 1854//1432 1883//1461 
f 1856//1434 1855//1433 1884//1462 
f 1857//1435 1856//1434 1885//1463 
f 1858//1436 1857//1435 1886//1464 
f 1859//1437 1858//1436 1887//1465 
f 1860//1438 1859//1437 1888//1466 
f 1861//1439 1860//1438 1889//1467 
f 1862//1440 1861//1439 1890//1468 
f 1863//1441 1862//1440 1891//1469 
f 1864//1442 1863//1441 1892//1470 
f 1865//1443 1864//1442 1893//1471 
f 1866//1444 1865//1443 1894//1472 
f 1868//1446 1866//1444 1895//1473 
f 1896//1474 1868//1446 1897//1475 
f 1870//1448 1869//1447 1898//1476 
f 1871//1449 1870//1448 1899//1477 
f 1872//1450 1871//1449 1900//1478 
f 1873//1451 1872//1450 1901//1479 
f 1874//1452 1873//1451 1902//1480 
f 1875//1453 1874//1452 1903//1481 
f 1876//1454 1875//1453 1904//1482 
f 1877//1455 1876//1454 1905//1483 
f 1878//1456 1877//1455 1906//1484 
f 1879//1457 1878//1456 1907//1485 
f 1880//1458 1879//1457 1908//1486 
f 1881//1459 1880//1458 1909//1487 
f 1882//1460 1881//1459 1910//1488 
f 1883//1461 1882//1460 1911//1489 
f 1884//1462 1883//1461 1912//1490 
f 1885//1463 1884//1462 1913//1491 
f 1886//1464 1885//1463 1914//1492 
f 1887//1465 1886//1464 1915//1493 
f 1888//1466 1887//1465 1916//1494 
f 1889//1467 1888//1466 1917//1495 
f 1890//1468 1889//1467 1918//1496 
f 1891//1469 1890//1468 1919//1497 
f 1892//1470 1891//1469 1920//1498 
f 1893//1471 1892//1470 1921//1499 
f 1894//1472 1893//1471 1922//1500 
f 1895//1473 1894//1472 1923//1501 
f 1897//1475 1895//1473 1924//1502 
f 1925//1503 1897//1475 1926//1504 
f 1899//1477 1898//1476 1927//1505 
f 1900//1478 1899//1477 1928//1506 
f 1901//1479 1900//1478 1929//1507 
f 1902//1480 1901//1479 1930//1508 
f 1903//1481 1902//1480 1931//1509 
f 1904//1482 1903//1481 1932//1510 
f 1905//1483 1904//1482 1933//1511 
f 1906//1484 1905//1483 1934//1512 
f 1907//1485 1906//1484 1935//1513 
f 1908//1486 1907//1485 1936//1514 
f 1909//1487 1908//1486 1937//1515 
f 1910//1488 1909//1487 1938//1516 
f 1911//1489 1910//1488 1939//1517 
f 1912//1490 1911//1489 1940//1518 
f 1913//1491 1912//1490 1941//1519 
f 1914//1492 1913//1491 1942//1520 
f 1915//1493 1914//1492 1943//1521 
f 1916//1494 1915//1493 1944//1522 
f 1917//1495 1916//1494 1945//1523 
f 1918//1496 1917//1495 1946//1524 
f 1919//1497 1918//1496 1947//1525 
f 1920//1498 1919//1497 1948//1526 
f 1921//1499 1920//1498 1949//1527 
f 1922//1500 1921//1499 1950//1528 
f 1923//1501 1922//1500 1951//1529 
f 1924//1502 1923//1501 1952//1530 
f 1926//1504 1924//1502 1953//1531 
f 1954//1532 1926//1504 1955//1533 
f 1928//1506 1927//1505 1956//1534 
f 1929//1507 1928//1506 1957//1535 
f 1930//1508 1929//1507 1958//1536 
f 1931//1509 1930//1508 1959//1537 
f 1932//1510 1931//1509 1960//1538 
f 1933//1511 1932//1510 1961//1539 
f 1934//1512 1933//1511 1962//1540 
f 1935//1513 1934//1512 1963//1541 
f 1936//1514 1935//1513 1964//1542 
f 1937//1515 1936//1514 1965//1543 
f 1938//1516 1937//1515 1966//1544 
f 1939//1517 1938//1516 1967//1545 
f 1940//1518 1939//1517 1968//1546 
f 1941//1519 1940//1518 1969//1547 
f 1942//1520 1941//1519 1970//1548 
f 1943//1521 1942//1520 1971//1549 
f 1944//1522 1943//1521 1972//1550 
f 1945//1523 1944//1522 1973//1551 
f 1946//1524 1945//1523 1974//1552 
f 1947//1525 1946//1524 1975//1553 
f 1948//1526 1947//1525 1976//1554 
f 1949//1527 1948//1526 1977//1555 
f 1950//1528 1949//1527 1978//1556 
f 1951//1529 1950//1528 1979//1557 
f 1952//1530 1951//1529 1980//1558 
f 1953//1531 1952//1530 1981//1559 
f 1955//1533 1953//1531 1982//1560 
f 1983//1561 1955//1533 1984//1562 
f 1957//1535 1956//1534 1985//1563 
f 1958//1536 1957//1535 1986//1564 
f 1959//1537 1958//1536 1987//1565 
f 1960//1538 1959//1537 1988//1566 
f 1961//1539 1960//1538 1989//1567 
f 1962//1540 1961//1539 1990//1568 
f 1963//1541 1962//1540 1991//1569 
f 1964//1542 1963//1541 1992//1570 
f 1965//1543 1964//1542 1993//1571 
f 1966//1544 1965//1543 1994//1572 
f 1967//1545 1966//1544 1995//1573 
f 1968//1546 1967//1545 1996//1574 
f 1969//1547 1968//1546 1997//1575 
f 1970//1548 1969//1547 1998//1576 
f 1971//1549 1970//1548 1999//1577 
f 1972//1550 1971//1549 2000//1578 
f 1973//1551 1972//1550 2001//1579 
f 1974//1552 1973//1551 2002//1580 
f 1975//1553 1974//1552 2003//1581 
f 1976//1554 1975//1553 2004//1582 
f 1977//1555 1976//1554 2005//1583 
f 1978//1556 1977//1555 2006//1584 
f 1979//1557 1978//1556 2007//1585 
f 1980//1558 1979//1557 2008//1586 
f 1981//1559 1980//1558 2009//1587 
f 1982//1560 1981//1559 2010//1588 
f 1984//1562 1982//1560 2011//1589 
f 2012//1590 1984//1562 2013//1591 
f 1986//1564 1985//1563 2014//1592 
f 1987//1565 1986//1564 2015//1593 
f 1988//1566 1987//1565 2016//1594 
f 1989//1567 1988//1566 2017//1595 
f 1990//1568 1989//1567 2018//1596 
f 1991//1569 1990//1568 2019//1597 
f 1992//1570 1991//1569 2020//1598 
f 1993//1571 1992//1570 2021//1599 
f 1994//1572 1993//1571 2022//1600 
f 1995//1573 1994//1572 2023//1601 
f 1996//1574 1995//1573 2024//1602 
f 1997//1575 1996//1574 2025//1603 
f 1998//1576 1997//1575 2026//1604 
f 1999//1577 1998//1576 2027//1605 
f 2000//1578 1999//1577 2028//1606 
f 2001//1579 2000//1578 2029//1607 
f 2002//1580 2001//1579 2030//1608 
f 2003//1581 2002//1580 2031//1609 
f 2004//1582 2003//1581 2032//1610 
f 2005//1583 2004//1582 2033//1611 
f 2006//1584 2005//1583 2034//1612 
f 2007//1585 2006//1584 2035//1613 
f 2008//1586 2007//1585 2036//1614 
f 2009//1587 2008//1586 2037//1615 
f 2010//1588 2009//1587 2038//1616 
f 2011//1589 2010//1588 2039//1617 
f 2013//1591 2011//1589 2040//1618 
f 2041//1619 2013//1591 2042//1620 
f 2015//1593 2014//1592 2043//1621 
f 2016//1594 2015//1593 2044//1622 
f 2017//1595 2016//1594 2045//1623 
f 2018//1596 2017//1595 2046//1624 
f 2019//1597 2018//1596 2047//1625 
f 2020//1598 2019//1597 2048//1626 
f 2021//1599 2020//1598 2049//1627 
f 2022//1600 2021//1599 2050//1628 
f 2023//1601 2022//1600 2051//1629 
f 2024//1602 2023//1601 2052//1630 
f 2025//1603 2024//1602 2053//1631 
f 2026//1604 2025//1603 2054//1632 
f 2027//1605 2026//1604 2055//1633 
f 2028//1606 2027//1605 2056//1634 
f 2029//1607 2028//1606 2057//1635 
f 2030//1608 2029//1607 2058//1636 
f 2031//1609 2030//1608 2059//1637 
f 2032//1610 2031//1609 2060//1638 
f 2033//1611 2032//1610 2061//1639 
f 2034//1612 2033//1611 2062//1640 
f 2035//1613 2034//1612 2063//1641 
f 2036//1614 2035//1613 2064//1642 
f 2037//1615 2036//1614 2065//1643 
f 2038//1616 2037//1615 2066//1644 
f 2039//1617 2038//1616 2067//1645 
f 2040//1618 2039//1617 2068//1646 
f 2042//1620 2040//1618 2069//1647 
f 2070//1648 2042//1620 2071//1649 
f 2044//1622 2043//1621 2072//1650 
f 2045//1623 2044//1622 2073//1651 
f 2046//1624 2045//1623 2074//1652 
f 2047//1625 2046//1624 2075//1653 
f 2048//1626 2047//1625 2076//1654 
f 2049//1627 2048//1626 2077//1655 
f 2050//1628 2049//1627 2078//1656 
f 2051//1629 2050//1628 2079//1657 
f 2052//1630 2051//1629 2080//1658 
f 2053//1631 2052//1630 2081//1659 
f 2054//1632 2053//1631 2082//1660 
f 2055//1633 2054//1632 2083//1661 
f 2056//1634 2055//1633 2084//1662 
f 2057//1635 2056//1634 2085//1663 
f 2058//1636 2057//1635 2086//1664 
f 2059//1637 2058//1636 2087//1665 
f 2060//1638 2059//1637 2088//1666 
f 2061//1639 2060//1638 2089//1667 
f 2062//1640 2061//1639 2090//1668 
f 2063//1641 2062//1640 2091//1669 
f 2064//1642 2063//1641 2092//1670 
f 2065//1643 2064//1642 2093//1671 
f 2066//1644 2065//1643 2094//1672 
f 2067//1645 2066//1644 2095//1673 
f 2068//1646 2067//1645 2096//1674 
f 2069//1647 2068//1646 2097//1675 
f 2071//1649 2069//1647 2098//1676 
f 2099//1677 2071//1649 2100//1678 
f 2073//1651 2072//1650 2101//1679 
f 2074//1652 2073//1651 2102//1680 
f 2075//1653 2074//1652 2103//1681 
f 2076//1654 2075//1653 2104//1682 
f 2077//1655 2076//1654 2105//1683 
f 2078//1656 2077//1655 2106//1684 
f 2079//1657 2078//1656 2107//1685 
f 2080//1658 2079//1657 2108//1686 
f 2081//1659 2080//1658 2109//1687 
f 2082//1660 2081//1659 2110//1688 
f 2083//1661 2082//1660 2111//1689 
f 2084//1662 2083//1661 2112//1690 
f 2085//1663 2084//1662 2113//1691 
f 2086//1664 2085//1663 2114//1692 
f 2087//1665 2086//1664 2115//1693 
f 2088//1666 2087//1665 2116//1694 
f 2089//1667 2088//1666 2117//1695 
f 2090//1668 2089//1667 2118//1696 
f 2091//1669 2090//1668 2119//1697 
f 2092//1670 2091//1669 2120//1698 
f 2093//1671 2092//1670 2121//1699 
f 2094//1672 2093//1671 2122//1700 
f 2095//1673 2094//1672 2123//1701 
f 2096//1674 2095//1673 2124//1702 
f 2097//1675 2096//1674 2125//1703 
f 2098//1676 2097//1675 2126//1704 
f 2100//1678 2098//1676 2127//1705 
f 2128//1706 2100//1678 2129//1707 
f 2102//1680 2101//1679 2130//1708 
f 2103//1681 2102//1680 2131//1709 
f 2104//1682 2103//1681 2132//1710 
f 2105//1683 2104//1682 2133//1711 
f 2106//1684 2105//1683 2134//1712 
f 2107//1685 2106//1684 2135//1713 
f 2108//1686 2107//1685 2136//1714 
f 2109//1687 2108//1686 2137//1715 
f 2110//1688 2109//1687 2138//1716 
f 2111//1689 2110//1688 2139//1717 
f 2112//1690 2111//1689 2140//1718 
f 2113//1691 2112//1690 2141//1719 
f 2114//1692 2113//1691 2142//1720 
f 2115//1693 2114//1692 2143//1721 
f 2116//1694 2115//1693 2144//1722 
f 2117//1695 2116//1694 2145//1723 
f 2118//1696 2117//1695 2146//1724 
f 2119//1697 2118//1696 2147//1725 
f 2120//1698 2119//1697 2148//1726 
f 2121//1699 2120//1698 2149//1727 
f 2122//1700 2121//1699 2150//1728 
f 2123//1701 2122//1700 2151//1729 
f 2124//1702 2123//1701 2152//1730 
f 2125//1703 2124//1702 2153//1731 
f 2126//1704 2125//1703 2154//1732 
f 2127//1705 2126//1704 2155//1733 
f 2129//1707 2127//1705 2156//1734 
f 2157//1735 2129//1707 2158//1736 
f 2131//1709 2130//1708 302//1737 
f 2131//1709 270//1738 269//1739 
f 2133//1711 2132//1710 269//1739 
f 2134//1712 2133//1711 272//1740 
f 2135//1713 2134//1712 256//1741 
f 2136//1714 2135//1713 255//1742 
f 2137//1715 2136//1714 258//1743 
f 2138//1716 2137//1715 260//1744 
f 2139//1717 2138//1716 262//1745 
f 2140//1718 2139//1717 251//1746 
f 2141//1719 2140//1718 250//1747 
f 2141//1719 253//1748 265//1749 
f 2143//1721 2142//1720 265//1749 
f 2144//1722 2143//1721 267//1750 
f 2145//1723 2144//1722 275//1751 
f 2146//1724 2145//1723 277//1752 
f 2147//1725 2146//1724 279//1753 
f 2148//1726 2147//1725 286//1754 
f 2149//1727 2148//1726 282//1755 
f 2150//1728 2149//1727 281//1756 
f 2151//1729 2150//1728 284//1757 
f 2152//1730 2151//1729 289//1758 
f 2153//1731 2152//1730 291//1759 
f 2154//1732 2153//1731 293//1760 
f 2155//1733 2154//1732 295//1761 
f 2156//1734 2155//1733 297//1762 
f 2158//1736 2156//1734 299//1763 
f 2159//1764 2158//1736 301//1765 
f 305//1766 308//1767 351//1768 
f 351//1768 2159//1764 305//1766 
f 2159//1764 352//1769 353//1770 
f 353//1770 2157//1735 2159//1764 
f 2128//1706 2157//1735 354//1771 
f 2157//1735 355//1772 354//1771 
f 2099//1677 2128//1706 356//1773 
f 2128//1706 357//1774 356//1773 
f 356//1773 358//1775 2099//1677 
f 2099//1677 359//1776 360//1777 
f 360//1777 2070//1648 2099//1677 
f 2070//1648 361//1778 362//1779 
f 362//1779 2041//1619 2070//1648 
f 2012//1590 2041//1619 363//1780 
f 2041//1619 364//1781 363//1780 
f 363//1780 365//1782 2012//1590 
f 2012//1590 366//1783 367//1784 
f 367//1784 1983//1561 2012//1590 
f 1983//1561 368//1785 369//1786 
f 369//1786 1954//1532 1983//1561 
f 1925//1503 1954//1532 370//1787 
f 1954//1532 371//1788 370//1787 
f 1896//1474 1925//1503 372//1789 
f 1925//1503 373//1790 372//1789 
f 372//1789 374//1791 1896//1474 
f 1896//1474 375//1792 376//1793 
f 376//1793 1867//1445 1896//1474 
f 1811//1389 377//1794 378//1795 
f 1867//1445 379//1796 377//1794 
f 377//1794 1811//1389 1867//1445 
f 1810//1388 380//1797 381//1798 
f 2160//1799 382//1800 380//1797 
f 380//1797 1810//1388 2160//1799 
f 1779//1357 1810//1388 383//1801 
f 1810//1388 384//1802 383//1801 
f 1779//1357 385//1803 386//1804 
f 1779//1357 387//1805 385//1803 
f 386//1804 1748//1326 1779//1357 
f 1748//1326 388//1806 389//1807 
f 389//1807 1717//1295 1748//1326 
f 1686//1264 1717//1295 390//1808 
f 1717//1295 391//1809 390//1808 
f 1686//1264 392//1810 393//1811 
f 1686//1264 394//1812 392//1810 
f 393//1811 1655//1233 1686//1264 
f 1655//1233 395//1813 396//1814 
f 396//1814 1624//1202 1655//1233 
f 1593//1171 1624//1202 397//1815 
f 1624//1202 398//1816 397//1815 
f 1533//1111 1593//1171 399//1817 
f 1593//1171 400//1818 399//1817 
f 1593//1171 401//1819 400//1818 
f 2161//1820 399//1817 402//1821 
f 2161//1820 403//1822 404//1823 
f 404//1823 1532//1110 2161//1820 
f 1532//1110 405//1824 406//1825 
f 406//1825 1499//1077 1532//1110 
f 1466//1044 1499//1077 407//1826 
f 1499//1077 408//1827 407//1826 
f 407//1826 409//1828 1466//1044 
f 1466//1044 410//1829 411//1830 
f 411//1830 1433//1011 1466//1044 
f 1433//1011 412//1831 413//1832 
f 413//1832 1400//978 1433//1011 
f 1367//945 1400//978 414//1833 
f 1400//978 415//1834 414//1833 
f 1303//881 1367//945 416//1835 
f 1367//945 417//1836 416//1835 
f 1367//945 418//1837 417//1836 
f 2162//1838 416//1835 419//1839 
f 1302//880 2162//1838 420//1840 
f 2162//1838 421//1841 420//1840 
f 420//1840 422//1842 1302//880 
f 1302//880 423//1843 424//1844 
f 424//1844 1267//845 1302//880 
f 1267//845 425//1845 426//1846 
f 426//1846 1232//810 1267//845 
f 1197//775 1232//810 427//1847 
f 1232//810 428//1848 427//1847 
f 427//1847 429//1849 1197//775 
f 1197//775 430//1850 431//1851 
f 431//1851 1162//740 1197//775 
f 1094//672 1162//740 432//1852 
f 1162//740 433//1853 432//1852 
f 1162//740 434//1854 433//1853 
f 1093//671 2163//1855 435//1856 
f 2163//1855 436//1857 435//1856 
f 435//1856 437//1858 1093//671 
f 1093//671 438//1859 439//1860 
f 439//1860 1056//634 1093//671 
f 1019//597 1056//634 440//1861 
f 1056//634 441//1862 440//1861 
f 982//560 1019//597 442//1863 
f 1019//597 443//1864 442//1863 
f 442//1863 444//1865 982//560 
f 910//488 445//1866 446//1867 
f 982//560 447//1868 445//1866 
f 445//1866 910//488 982//560 
f 2164//1869 448//1870 449//1871 
f 449//1871 909//487 2164//1869 
f 870//448 909//487 450//1872 
f 909//487 451//1873 450//1872 
f 450//1872 452//1874 870//448 
f 870//448 453//1875 454//1876 
f 454//1876 831//409 870//448 
f 831//409 455//1877 456//1878 
f 456//1878 792//370 831//409 
f 716//294 792//370 457//1879 
f 457//1879 458//1880 716//294 
f 792//370 459//1881 457//1879 
f 2165//1882 458//1880 460//1883 
f 2165//1882 461//1884 462//1885 
f 462//1885 715//293 2165//1882 
f 715//293 463//1886 464//1887 
f 464//1887 674//252 715//293 
f 633//211 674//252 465//1888 
f 674//252 466//1889 465//1888 
f 465//1888 467//1890 633//211 
f 633//211 468//1891 469//1892 
f 469//1892 553//131 633//211 
f 554//132 513//91 10//1893 
f 513//91 5//90 10//1893 
f 554//132 234//1894 229//1895 
f 229//1895 594//172 554//132 
f 554//132 225//1896 234//1894 
f 635//213 594//172 245//1897 
f 594//172 226//1898 245//1897 
f 676//254 635//213 239//1899 
f 635//213 246//1900 239//1899 
f 676//254 238//1901 242//1902 
f 677//255 241//1903 233//1904 
f 677//255 676//254 241//1903 
f 233//1904 717//295 677//255 
f 755//333 717//295 224//1905 
f 717//295 230//1906 224//1905 
f 794//372 755//333 216//1907 
f 755//333 222//1908 216//1907 
f 794//372 219//1909 213//1910 
f 213//1910 833//411 794//372 
f 794//372 215//1911 219//1909 
f 872//450 833//411 203//1912 
f 833//411 211//1913 203//1912 
f 911//489 873//451 207//1914 
f 873//451 872//450 199//1915 
f 199//1915 207//1914 873//451 
f 911//489 208//1916 197//1917 
f 197//1917 947//525 911//489 
f 911//489 204//1918 208//1916 
f 947//525 194//1919 193//1920 
f 193//1920 984//562 947//525 
f 1021//599 984//562 189//1921 
f 984//562 190//1922 189//1921 
f 1021//599 185//1923 184//1924 
f 184//1924 1058//636 1021//599 
f 1021//599 186//1925 185//1923 
f 1059//637 1058//636 182//1926 
f 182//1926 1095//673 1059//637 
f 182//1926 180//1927 1095//673 
f 1129//707 1095//673 172//1928 
f 1095//673 177//1929 172//1928 
f 1129//707 173//1930 167//1931 
f 167//1931 1164//742 1129//707 
f 1129//707 169//1932 173//1930 
f 1199//777 1164//742 160//1933 
f 1164//742 165//1934 160//1933 
f 1234//812 1199//777 146//1935 
f 1199//777 158//1936 146//1935 
f 1234//812 152//1937 128//1938 
f 128//1938 1269//847 1234//812 
f 1234//812 145//1939 152//1937 
f 1269//847 120//1940 127//1941 
f 1270//848 1269//847 130//1942 
f 130//1942 1304//882 1270//848 
f 130//1942 136//1943 1304//882 
f 1304//882 137//1944 154//1945 
f 154//1945 1336//914 1304//882 
f 1369//947 1336//914 157//1946 
f 1336//914 161//1947 157//1946 
f 1402//980 1369//947 142//1948 
f 1369//947 155//1949 142//1948 
f 1402//980 149//1950 134//1951 
f 134//1951 1435//1013 1402//980 
f 1402//980 141//1952 149//1950 
f 1468//1046 1435//1013 126//1953 
f 1435//1013 131//1954 126//1953 
f 1501//1079 1468//1046 119//1955 
f 1468//1046 123//1956 119//1955 
f 1501//1079 117//1957 115//1958 
f 1502//1080 1501//1079 113//1959 
f 113//1959 1534//1112 1502//1080 
f 113//1959 110//1960 1534//1112 
f 1534//1112 111//1961 107//1962 
f 107//1962 1564//1142 1534//1112 
f 1595//1173 1564//1142 103//1963 
f 1564//1142 104//1964 103//1963 
f 1626//1204 1595//1173 99//1965 
f 99//1965 98//1966 1626//1204 
f 1595//1173 100//1967 99//1965 
f 1626//1204 94//1968 93//1969 
f 93//1969 1657//1235 1626//1204 
f 1688//1266 1657//1235 89//1970 
f 1657//1235 90//1971 89//1970 
f 1719//1297 1688//1266 82//1972 
f 82//1972 81//1973 1719//1297 
f 1688//1266 87//1974 82//1972 
f 1719//1297 73//1975 60//1976 
f 60//1976 1750//1328 1719//1297 
f 1781//1359 1750//1328 68//1977 
f 1750//1328 57//1978 69//1979 
f 69//1979 68//1977 1750//1328 
f 1812//1390 1782//1360 61//1980 
f 1782//1360 1781//1359 52//1981 
f 52//1981 61//1980 1782//1360 
f 1840//1418 1812//1390 78//1982 
f 1812//1390 83//1983 78//1982 
f 1840//1418 79//1984 65//1985 
f 65//1985 1869//1447 1840//1418 
f 1840//1418 75//1986 79//1984 
f 1869//1447 62//1987 56//1988 
f 56//1988 1898//1476 1869//1447 
f 1927//1505 1898//1476 49//1989 
f 1898//1476 53//1990 49//1989 
f 1956//1534 1927//1505 42//1991 
f 1927//1505 47//1992 42//1991 
f 1956//1534 45//1993 39//1994 
f 39//1994 1985//1563 1956//1534 
f 1956//1534 41//1995 45//1993 
f 2014//1592 1985//1563 35//1996 
f 1985//1563 36//1997 35//1996 
f 2043//1621 2014//1592 30//1998 
f 2014//1592 32//1999 30//1998 
f 2043//1621 31//2000 25//2001 
f 25//2001 2072//1650 2043//1621 
f 2043//1621 27//2002 31//2000 
f 2072//1650 22//2003 18//2004 
f 18//2004 2101//1679 2072//1650 
f 2130//1708 2101//1679 14//2005 
f 2101//1679 15//2006 14//2005 
f 302//1737 2130//1708 21//2007 
f 2130//1708 11//2008 21//2007 
f 21//2007 20//2009 302//1737 
f 14//2005 11//2008 2130//1708 
f 18//2004 15//2006 2101//1679 
f 25//2001 22//2003 2072//1650 
f 30//1998 27//2002 2043//1621 
f 35//1996 32//1999 2014//1592 
f 39//1994 36//1997 1985//1563 
f 42//1991 41//1995 1956//1534 
f 49//1989 47//1992 1927//1505 
f 56//1988 53//1990 1898//1476 
f 65//1985 62//1987 1869//1447 
f 78//1982 75//1986 1840//1418 
f 61//1980 83//1983 1812//1390 
f 52//1981 1781//1359 70//2010 
f 68//1977 70//2010 1781//1359 
f 60//1976 57//1978 1750//1328 
f 81//1973 73//1975 1719//1297 
f 89//1970 87//1974 1688//1266 
f 93//1969 90//1971 1657//1235 
f 98//1966 94//1968 1626//1204 
f 103//1963 100//1967 1595//1173 
f 107//1962 104//1964 1564//1142 
f 110//1960 111//1961 1534//1112 
f 115//1958 113//1959 1501//1079 
f 119//1955 117//1957 1501//1079 
f 126//1953 123//1956 1468//1046 
f 134//1951 131//1954 1435//1013 
f 142//1948 141//1952 1402//980 
f 157//1946 155//1949 1369//947 
f 154//1945 161//1947 1336//914 
f 136//1943 137//1944 1304//882 
f 127//1941 130//1942 1269//847 
f 128//1938 120//1940 1269//847 
f 146//1935 145//1939 1234//812 
f 160//1933 158//1936 1199//777 
f 167//1931 165//1934 1164//742 
f 172//1928 169//1932 1129//707 
f 180//1927 177//1929 1095//673 
f 182//1926 1058//636 174//2011 
f 184//1924 174//2011 1058//636 
f 189//1921 186//1925 1021//599 
f 193//1920 190//1922 984//562 
f 197//1917 194//1919 947//525 
f 207//1914 204//1918 911//489 
f 199//1915 872//450 200//2012 
f 203//1912 200//2012 872//450 
f 213//1910 211//1913 833//411 
f 216//1907 215//1911 794//372 
f 224//1905 222//1908 755//333 
f 233//1904 230//1906 717//295 
f 242//1902 241//1903 676//254 
f 239//1899 238//1901 676//254 
f 245//1897 246//1900 635//213 
f 229//1895 226//1898 594//172 
f 10//1893 225//1896 554//132 
f 469//1892 470//2013 553//131 
f 467//1890 468//1891 633//211 
f 464//1887 466//1889 674//252 
f 462//1885 463//1886 715//293 
f 460//1883 461//1884 2165//1882 
f 458//1880 2165//1882 716//294 
f 456//1878 459//1881 792//370 
f 454//1876 455//1877 831//409 
f 452//1874 453//1875 870//448 
f 449//1871 451//1873 909//487 
f 448//1870 2164//1869 446//1867 
f 446//1867 2164//1869 910//488 
f 444//1865 447//1868 982//560 
f 440//1861 443//1864 1019//597 
f 439//1860 441//1862 1056//634 
f 437//1858 438//1859 1093//671 
f 436//1857 2163//1855 432//1852 
f 432//1852 2163//1855 1094//672 
f 431//1851 434//1854 1162//740 
f 429//1849 430//1850 1197//775 
f 426//1846 428//1848 1232//810 
f 424//1844 425//1845 1267//845 
f 422//1842 423//1843 1302//880 
f 419//1839 421//1841 2162//1838 
f 416//1835 2162//1838 1303//881 
f 414//1833 418//1837 1367//945 
f 413//1832 415//1834 1400//978 
f 411//1830 412//1831 1433//1011 
f 409//1828 410//1829 1466//1044 
f 406//1825 408//1827 1499//1077 
f 404//1823 405//1824 1532//1110 
f 402//1821 403//1822 2161//1820 
f 399//1817 2161//1820 1533//1111 
f 397//1815 401//1819 1593//1171 
f 396//1814 398//1816 1624//1202 
f 393//1811 395//1813 1655//1233 
f 390//1808 394//1812 1686//1264 
f 389//1807 391//1809 1717//1295 
f 386//1804 388//1806 1748//1326 
f 383//1801 387//1805 1779//1357 
f 381//1798 384//1802 1810//1388 
f 382//1800 2160//1799 378//1795 
f 378//1795 2160//1799 1811//1389 
f 376//1793 379//1796 1867//1445 
f 374//1791 375//1792 1896//1474 
f 370//1787 373//1790 1925//1503 
f 369//1786 371//1788 1954//1532 
f 367//1784 368//1785 1983//1561 
f 365//1782 366//1783 2012//1590 
f 362//1779 364//1781 2041//1619 
f 360//1777 361//1778 2070//1648 
f 358//1775 359//1776 2099//1677 
f 354//1771 357//1774 2128//1706 
f 353//1770 355//1772 2157//1735 
f 351//1768 352//1769 2159//1764 
f 301//1765 305//1766 2159//1764 
f 299//1763 301//1765 2158//1736 
f 297//1762 299//1763 2156//1734 
f 295//1761 297//1762 2155//1733 
f 293//1760 295//1761 2154//1732 
f 291//1759 293//1760 2153//1731 
f 289//1758 291//1759 2152//1730 
f 284//1757 289//1758 2151//1729 
f 281//1756 284//1757 2150//1728 
f 282//1755 281//1756 2149//1727 
f 286//1754 282//1755 2148//1726 
f 279//1753 286//1754 2147//1725 
f 277//1752 279//1753 2146//1724 
f 275//1751 277//1752 2145//1723 
f 267//1750 275//1751 2144//1722 
f 265//1749 267//1750 2143//1721 
f 265//1749 2142//1720 2141//1719 
f 250//1747 253//1748 2141//1719 
f 251//1746 250//1747 2140//1718 
f 262//1745 251//1746 2139//1717 
f 260//1744 262//1745 2138//1716 
f 258//1743 260//1744 2137//1715 
f 255//1742 258//1743 2136//1714 
f 256//1741 255//1742 2135//1713 
f 272//1740 256//1741 2134//1712 
f 269//1739 272//1740 2133//1711 
f 269//1739 2132//1710 2131//1709 
f 302//1737 270//1738 2131//1709 
f 2158//1736 2159//1764 2157//1735 
f 2156//1734 2158//1736 2129//1707 
f 2155//1733 2156//1734 2127//1705 
f 2154//1732 2155//1733 2126//1704 
f 2153//1731 2154//1732 2125//1703 
f 2152//1730 2153//1731 2124//1702 
f 2151//1729 2152//1730 2123//1701 
f 2150//1728 2151//1729 2122//1700 
f 2149//1727 2150//1728 2121//1699 
f 2148//1726 2149//1727 2120//1698 
f 2147//1725 2148//1726 2119//1697 
f 2146//1724 2147//1725 2118//1696 
f 2145//1723 2146//1724 2117//1695 
f 2144//1722 2145//1723 2116//1694 
f 2143//1721 2144//1722 2115//1693 
f 2142//1720 2143//1721 2114//1692 
f 2141//1719 2142//1720 2113//1691 
f 2140//1718 2141//1719 2112//1690 
f 2139//1717 2140//1718 2111//1689 
f 2138//1716 2139//1717 2110//1688 
f 2137//1715 2138//1716 2109//1687 
f 2136//1714 2137//1715 2108//1686 
f 2135//1713 2136//1714 2107//1685 
f 2134//1712 2135//1713 2106//1684 
f 2133//1711 2134//1712 2105//1683 
f 2132//1710 2133//1711 2104//1682 
f 2131//1709 2132//1710 2103//1681 
f 2130//1708 2131//1709 2102//1680 
f 2129//1707 2157//1735 2128//1706 
f 2127//1705 2129//1707 2100//1678 
f 2126//1704 2127//1705 2098//1676 
f 2125//1703 2126//1704 2097//1675 
f 2124//1702 2125//1703 2096//1674 
f 2123//1701 2124//1702 2095//1673 
f 2122//1700 2123//1701 2094//1672 
f 2121//1699 2122//1700 2093//1671 
f 2120//1698 2121//1699 2092//1670 
f 2119//1697 2120//1698 2091//1669 
f 2118//1696 2119//1697 2090//1668 
f 2117//1695 2118//1696 2089//1667 
f 2116//1694 2117//1695 2088//1666 
f 2115//1693 2116//1694 2087//1665 
f 2114//1692 2115//1693 2086//1664 
f 2113//1691 2114//1692 2085//1663 
f 2112//1690 2113//1691 2084//1662 
f 2111//1689 2112//1690 2083//1661 
f 2110//1688 2111//1689 2082//1660 
f 2109//1687 2110//1688 2081//1659 
f 2108//1686 2109//1687 2080//1658 
f 2107//1685 2108//1686 2079//1657 
f 2106//1684 2107//1685 2078//1656 
f 2105//1683 2106//1684 2077//1655 
f 2104//1682 2105//1683 2076//1654 
f 2103//1681 2104//1682 2075//1653 
f 2102//1680 2103//1681 2074//1652 
f 2101//1679 2102//1680 2073//1651 
f 2100//1678 2128//1706 2099//1677 
f 2098//1676 2100//1678 2071//1649 
f 2097//1675 2098//1676 2069//1647 
f 2096//1674 2097//1675 2068//1646 
f 2095//1673 2096//1674 2067//1645 
f 2094//1672 2095//1673 2066//1644 
f 2093//1671 2094//1672 2065//1643 
f 2092//1670 2093//1671 2064//1642 
f 2091//1669 2092//1670 2063//1641 
f 2090//1668 2091//1669 2062//1640 
f 2089//1667 2090//1668 2061//1639 
f 2088//1666 2089//1667 2060//1638 
f 2087//1665 2088//1666 2059//1637 
f 2086//1664 2087//1665 2058//1636 
f 2085//1663 2086//1664 2057//1635 
f 2084//1662 2085//1663 2056//1634 
f 2083//1661 2084//1662 2055//1633 
f 2082//1660 2083//1661 2054//1632 
f 2081//1659 2082//1660 2053//1631 
f 2080//1658 2081//1659 2052//1630 
f 2079//1657 2080//1658 2051//1629 
f 2078//1656 2079//1657 2050//1628 
f 2077//1655 2078//1656 2049//1627 
f 2076//1654 2077//1655 2048//1626 
f 2075//1653 2076//1654 2047//1625 
f 2074//1652 2075//1653 2046//1624 
f 2073//1651 2074//1652 2045//1623 
f 2072//1650 2073//1651 2044//1622 
f 2071//1649 2099//1677 2070//1648 
f 2069//1647 2071//1649 2042//1620 
f 2068//1646 2069//1647 2040//1618 
f 2067//1645 2068//1646 2039//1617 
f 2066//1644 2067//1645 2038//1616 
f 2065//1643 2066//1644 2037//1615 
f 2064//1642 2065//1643 2036//1614 
f 2063//1641 2064//1642 2035//1613 
f 2062//1640 2063//1641 2034//1612 
f 2061//1639 2062//1640 2033//1611 
f 2060//1638 2061//1639 2032//1610 
f 2059//1637 2060//1638 2031//1609 
f 2058//1636 2059//1637 2030//1608 
f 2057//1635 2058//1636 2029//1607 
f 2056//1634 2057//1635 2028//1606 
f 2055//1633 2056//1634 2027//1605 
f 2054//1632 2055//1633 2026//1604 
f 2053//1631 2054//1632 2025//1603 
f 2052//1630 2053//1631 2024//1602 
f 2051//1629 2052//1630 2023//1601 
f 2050//1628 2051//1629 2022//1600 
f 2049//1627 2050//1628 2021//1599 
f 2048//1626 2049//1627 2020//1598 
f 2047//1625 2048//1626 2019//1597 
f 2046//1624 2047//1625 2018//1596 
f 2045//1623 2046//1624 2017//1595 
f 2044//1622 2045//1623 2016//1594 
f 2043//1621 2044//1622 2015//1593 
f 2042//1620 2070//1648 2041//1619 
f 2040//1618 2042//1620 2013//1591 
f 2039//1617 2040//1618 2011//1589 
f 2038//1616 2039//1617 2010//1588 
f 2037//1615 2038//1616 2009//1587 
f 2036//1614 2037//1615 2008//1586 
f 2035//1613 2036//1614 2007//1585 
f 2034//1612 2035//1613 2006//1584 
f 2033//1611 2034//1612 2005//1583 
f 2032//1610 2033//1611 2004//1582 
f 2031//1609 2032//1610 2003//1581 
f 2030//1608 2031//1609 2002//1580 
f 2029//1607 2030//1608 2001//1579 
f 2028//1606 2029//1607 2000//1578 
f 2027//1605 2028//1606 1999//1577 
f 2026//1604 2027//1605 1998//1576 
f 2025//1603 2026//1604 1997//1575 
f 2024//1602 2025//1603 1996//1574 
f 2023//1601 2024//1602 1995//1573 
f 2022//1600 2023//1601 1994//1572 
f 2021//1599 2022//1600 1993//1571 
f 2020//1598 2021//1599 1992//1570 
f 2019//1597 2020//1598 1991//1569 
f 2018//1596 2019//1597 1990//1568 
f 2017//1595 2018//1596 1989//1567 
f 2016//1594 2017//1595 1988//1566 
f 2015//1593 2016//1594 1987//1565 
f 2014//1592 2015//1593 1986//1564 
f 2013//1591 2041//1619 2012//1590 
f 2011//1589 2013//1591 1984//1562 
f 2010//1588 2011//1589 1982//1560 
f 2009//1587 2010//1588 1981//1559 
f 2008//1586 2009//1587 1980//1558 
f 2007//1585 2008//1586 1979//1557 
f 2006//1584 2007//1585 1978//1556 
f 2005//1583 2006//1584 1977//1555 
f 2004//1582 2005//1583 1976//1554 
f 2003//1581 2004//1582 1975//1553 
f 2002//1580 2003//1581 1974//1552 
f 2001//1579 2002//1580 1973//1551 
f 2000//1578 2001//1579 1972//1550 
f 1999//1577 2000//1578 1971//1549 
f 1998//1576 1999//1577 1970//1548 
f 1997//1575 1998//1576 1969//1547 
f 1996//1574 1997//1575 1968//1546 
f 1995//1573 1996//1574 1967//1545 
f 1994//1572 1995//1573 1966//1544 
f 1993//1571 1994//1572 1965//1543 
f 1992//1570 1993//1571 1964//1542 
f 1991//1569 1992//1570 1963//1541 
f 1990//1568 1991//1569 1962//1540 
f 1989//1567 1990//1568 1961//1539 
f 1988//1566 1989//1567 1960//1538 
f 1987//1565 1988//1566 1959//1537 
f 1986//1564 1987//1565 1958//1536 
f 1985//1563 1986//1564 1957//1535 
f 1984//1562 2012//1590 1983//1561 
f 1982//1560 1984//1562 1955//1533 
f 1981//1559 1982//1560 1953//1531 
f 1980//1558 1981//1559 1952//1530 
f 1979//1557 1980//1558 1951//1529 
f 1978//1556 1979//1557 1950//1528 
f 1977//1555 1978//1556 1949//1527 
f 1976//1554 1977//1555 1948//1526 
f 1975//1553 1976//1554 1947//1525 
f 1974//1552 1975//1553 1946//1524 
f 1973//1551 1974//1552 1945//1523 
f 1972//1550 1973//1551 1944//1522 
f 1971//1549 1972//1550 1943//1521 
f 1970//1548 1971//1549 1942//1520 
f 1969//1547 1970//1548 1941//1519 
f 1968//1546 1969//1547 1940//1518 
f 1967//1545 1968//1546 1939//1517 
f 1966//1544 1967//1545 1938//1516 
f 1965//1543 1966//1544 1937//1515 
f 1964//1542 1965//1543 1936//1514 
f 1963//1541 1964//1542 1935//1513 
f 1962//1540 1963//1541 1934//1512 
f 1961//1539 1962//1540 1933//1511 
f 1960//1538 1961//1539 1932//1510 
f 1959//1537 1960//1538 1931//1509 
f 1958//1536 1959//1537 1930//1508 
f 1957//1535 1958//1536 1929//1507 
f 1956//1534 1957//1535 1928//1506 
f 1955//1533 1983//1561 1954//1532 
f 1953//1531 1955//1533 1926//1504 
f 1952//1530 1953//1531 1924//1502 
f 1951//1529 1952//1530 1923//1501 
f 1950//1528 1951//1529 1922//1500 
f 1949//1527 1950//1528 1921//1499 
f 1948//1526 1949//1527 1920//1498 
f 1947//1525 1948//1526 1919//1497 
f 1946//1524 1947//1525 1918//1496 
f 1945//1523 1946//1524 1917//1495 
f 1944//1522 1945//1523 1916//1494 
f 1943//1521 1944//1522 1915//1493 
f 1942//1520 1943//1521 1914//1492 
f 1941//1519 1942//1520 1913//1491 
f 1940//1518 1941//1519 1912//1490 
f 1939//1517 1940//1518 1911//1489 
f 1938//1516 1939//1517 1910//1488 
f 1937//1515 1938//1516 1909//1487 
f 1936//1514 1937//1515 1908//1486 
f 1935//1513 1936//1514 1907//1485 
f 1934//1512 1935//1513 1906//1484 
f 1933//1511 1934//1512 1905//1483 
f 1932//1510 1933//1511 1904//1482 
f 1931//1509 1932//1510 1903//1481 
f 1930//1508 1931//1509 1902//1480 
f 1929//1507 1930//1508 1901//1479 
f 1928//1506 1929//1507 1900//1478 
f 1927//1505 1928//1506 1899//1477 
f 1926//1504 1954//1532 1925//1503 
f 1924//1502 1926//1504 1897//1475 
f 1923//1501 1924//1502 1895//1473 
f 1922//1500 1923//1501 1894//1472 
f 1921//1499 1922//1500 1893//1471 
f 1920//1498 1921//1499 1892//1470 
f 1919//1497 1920//1498 1891//1469 
f 1918//1496 1919//1497 1890//1468 
f 1917//1495 1918//1496 1889//1467 
f 1916//1494 1917//1495 1888//1466 
f 1915//1493 1916//1494 1887//1465 
f 1914//1492 1915//1493 1886//1464 
f 1913//1491 1914//1492 1885//1463 
f 1912//1490 1913//1491 1884//1462 
f 1911//1489 1912//1490 1883//1461 
f 1910//1488 1911//1489 1882//1460 
f 1909//1487 1910//1488 1881//1459 
f 1908//1486 1909//1487 1880//1458 
f 1907//1485 1908//1486 1879//1457 
f 1906//1484 1907//1485 1878//1456 
f 1905//1483 1906//1484 1877//1455 
f 1904//1482 1905//1483 1876//1454 
f 1903//1481 1904//1482 1875//1453 
f 1902//1480 1903//1481 1874//1452 
f 1901//1479 1902//1480 1873//1451 
f 1900//1478 1901//1479 1872//1450 
f 1899//1477 1900//1478 1871//1449 
f 1898//1476 1899//1477 1870//1448 
f 1897//1475 1925//1503 1896//1474 
f 1895//1473 1897//1475 1868//1446 
f 1894//1472 1895//1473 1866//1444 
f 1893//1471 1894//1472 1865//1443 
f 1892//1470 1893//1471 1864//1442 
f 1891//1469 1892//1470 1863//1441 
f 1890//1468 1891//1469 1862//1440 
f 1889//1467 1890//1468 1861//1439 
f 1888//1466 1889//1467 1860//1438 
f 1887//1465 1888//1466 1859//1437 
f 1886//1464 1887//1465 1858//1436 
f 1885//1463 1886//1464 1857//1435 
f 1884//1462 1885//1463 1856//1434 
f 1883//1461 1884//1462 1855//1433 
f 1882//1460 1883//1461 1854//1432 
f 1881//1459 1882//1460 1853//1431 
f 1880//1458 1881//1459 1852//1430 
f 1879//1457 1880//1458 1851//1429 
f 1878//1456 1879//1457 1850//1428 
f 1877//1455 1878//1456 1849//1427 
f 1876//1454 1877//1455 1848//1426 
f 1875//1453 1876//1454 1847//1425 
f 1874//1452 1875//1453 1846//1424 
f 1873//1451 1874//1452 1845//1423 
f 1872//1450 1873//1451 1844//1422 
f 1871//1449 1872//1450 1843//1421 
f 1870//1448 1871//1449 1842//1420 
f 1869//1447 1870//1448 1841//1419 
f 1868//1446 1896//1474 1867//1445 
f 1866//1444 1868//1446 1839//1417 
f 1865//1443 1866//1444 1838//1416 
f 1864//1442 1865//1443 1837//1415 
f 1863//1441 1864//1442 1836//1414 
f 1862//1440 1863//1441 1835//1413 
f 1861//1439 1862//1440 1834//1412 
f 1860//1438 1861//1439 1833//1411 
f 1859//1437 1860//1438 1832//1410 
f 1858//1436 1859//1437 1831//1409 
f 1857//1435 1858//1436 1830//1408 
f 1856//1434 1857//1435 1829//1407 
f 1855//1433 1856//1434 1828//1406 
f 1854//1432 1855//1433 1827//1405 
f 1853//1431 1854//1432 1826//1404 
f 1852//1430 1853//1431 1825//1403 
f 1851//1429 1852//1430 1824//1402 
f 1850//1428 1851//1429 1823//1401 
f 1849//1427 1850//1428 1822//1400 
f 1848//1426 1849//1427 1821//1399 
f 1847//1425 1848//1426 1820//1398 
f 1846//1424 1847//1425 1819//1397 
f 1845//1423 1846//1424 1818//1396 
f 1844//1422 1845//1423 1817//1395 
f 1843//1421 1844//1422 1816//1394 
f 1842//1420 1843//1421 1815//1393 
f 1841//1419 1842//1420 1814//1392 
f 1840//1418 1841//1419 1813//1391 
f 1839//1417 1867//1445 1811//1389 
f 1838//1416 1839//1417 1809//1387 
f 1837//1415 1838//1416 1808//1386 
f 1836//1414 1837//1415 1807//1385 
f 1835//1413 1836//1414 1806//1384 
f 1834//1412 1835//1413 1805//1383 
f 1833//1411 1834//1412 1804//1382 
f 1832//1410 1833//1411 1803//1381 
f 1831//1409 1832//1410 1802//1380 
f 1830//1408 1831//1409 1801//1379 
f 1829//1407 1830//1408 1800//1378 
f 1828//1406 1829//1407 1799//1377 
f 1827//1405 1828//1406 1798//1376 
f 1826//1404 1827//1405 1797//1375 
f 1825//1403 1826//1404 1796//1374 
f 1824//1402 1825//1403 1795//1373 
f 1823//1401 1824//1402 1794//1372 
f 1822//1400 1823//1401 1793//1371 
f 1821//1399 1822//1400 1792//1370 
f 1820//1398 1821//1399 1791//1369 
f 1819//1397 1820//1398 1790//1368 
f 1818//1396 1819//1397 1789//1367 
f 1817//1395 1818//1396 1788//1366 
f 1816//1394 1817//1395 1787//1365 
f 1815//1393 1816//1394 1786//1364 
f 1814//1392 1815//1393 1785//1363 
f 1813//1391 1814//1392 1784//1362 
f 1812//1390 1813//1391 1783//1361 
f 1811//1389 2160//1799 1810//1388 
f 1809//1387 1811//1389 1780//1358 
f 1808//1386 1809//1387 1778//1356 
f 1807//1385 1808//1386 1777//1355 
f 1806//1384 1807//1385 1776//1354 
f 1805//1383 1806//1384 1775//1353 
f 1804//1382 1805//1383 1774//1352 
f 1803//1381 1804//1382 1773//1351 
f 1802//1380 1803//1381 1772//1350 
f 1801//1379 1802//1380 1771//1349 
f 1800//1378 1801//1379 1770//1348 
f 1799//1377 1800//1378 1769//1347 
f 1798//1376 1799//1377 1768//1346 
f 1797//1375 1798//1376 1767//1345 
f 1796//1374 1797//1375 1766//1344 
f 1795//1373 1796//1374 1765//1343 
f 1794//1372 1795//1373 1764//1342 
f 1793//1371 1794//1372 1763//1341 
f 1792//1370 1793//1371 1762//1340 
f 1791//1369 1792//1370 1761//1339 
f 1790//1368 1791//1369 1760//1338 
f 1789//1367 1790//1368 1759//1337 
f 1788//1366 1789//1367 1758//1336 
f 1787//1365 1788//1366 1757//1335 
f 1786//1364 1787//1365 1756//1334 
f 1785//1363 1786//1364 1755//1333 
f 1784//1362 1785//1363 1754//1332 
f 1783//1361 1784//1362 1753//1331 
f 1782//1360 1783//1361 1752//1330 
f 1781//1359 1782//1360 1751//1329 
f 1780//1358 1810//1388 1779//1357 
f 1778//1356 1780//1358 1749//1327 
f 1777//1355 1778//1356 1747//1325 
f 1776//1354 1777//1355 1746//1324 
f 1775//1353 1776//1354 1745//1323 
f 1774//1352 1775//1353 1744//1322 
f 1773//1351 1774//1352 1743//1321 
f 1772//1350 1773//1351 1742//1320 
f 1771//1349 1772//1350 1741//1319 
f 1770//1348 1771//1349 1740//1318 
f 1769//1347 1770//1348 1739//1317 
f 1768//1346 1769//1347 1738//1316 
f 1767//1345 1768//1346 1737//1315 
f 1766//1344 1767//1345 1736//1314 
f 1765//1343 1766//1344 1735//1313 
f 1764//1342 1765//1343 1734//1312 
f 1763//1341 1764//1342 1733//1311 
f 1762//1340 1763//1341 1732//1310 
f 1761//1339 1762//1340 1731//1309 
f 1760//1338 1761//1339 1730//1308 
f 1759//1337 1760//1338 1729//1307 
f 1758//1336 1759//1337 1728//1306 
f 1757//1335 1758//1336 1727//1305 
f 1756//1334 1757//1335 1726//1304 
f 1755//1333 1756//1334 1725//1303 
f 1754//1332 1755//1333 1724//1302 
f 1753//1331 1754//1332 1723//1301 
f 1752//1330 1753//1331 1722//1300 
f 1751//1329 1752//1330 1721//1299 
f 1750//1328 1751//1329 1720//1298 
f 1749//1327 1779//1357 1748//1326 
f 1747//1325 1749//1327 1718//1296 
f 1746//1324 1747//1325 1716//1294 
f 1745//1323 1746//1324 1715//1293 
f 1744//1322 1745//1323 1714//1292 
f 1743//1321 1744//1322 1713//1291 
f 1742//1320 1743//1321 1712//1290 
f 1741//1319 1742//1320 1711//1289 
f 1740//1318 1741//1319 1710//1288 
f 1739//1317 1740//1318 1709//1287 
f 1738//1316 1739//1317 1708//1286 
f 1737//1315 1738//1316 1707//1285 
f 1736//1314 1737//1315 1706//1284 
f 1735//1313 1736//1314 1705//1283 
f 1734//1312 1735//1313 1704//1282 
f 1733//1311 1734//1312 1703//1281 
f 1732//1310 1733//1311 1702//1280 
f 1731//1309 1732//1310 1701//1279 
f 1730//1308 1731//1309 1700//1278 
f 1729//1307 1730//1308 1699//1277 
f 1728//1306 1729//1307 1698//1276 
f 1727//1305 1728//1306 1697//1275 
f 1726//1304 1727//1305 1696//1274 
f 1725//1303 1726//1304 1695//1273 
f 1724//1302 1725//1303 1694//1272 
f 1723//1301 1724//1302 1693//1271 
f 1722//1300 1723//1301 1692//1270 
f 1721//1299 1722//1300 1691//1269 
f 1720//1298 1721//1299 1690//1268 
f 1719//1297 1720//1298 1689//1267 
f 1718//1296 1748//1326 1717//1295 
f 1716//1294 1718//1296 1687//1265 
f 1715//1293 1716//1294 1685//1263 
f 1714//1292 1715//1293 1684//1262 
f 1713//1291 1714//1292 1683//1261 
f 1712//1290 1713//1291 1682//1260 
f 1711//1289 1712//1290 1681//1259 
f 1710//1288 1711//1289 1680//1258 
f 1709//1287 1710//1288 1679//1257 
f 1708//1286 1709//1287 1678//1256 
f 1707//1285 1708//1286 1677//1255 
f 1706//1284 1707//1285 1676//1254 
f 1705//1283 1706//1284 1675//1253 
f 1704//1282 1705//1283 1674//1252 
f 1703//1281 1704//1282 1673//1251 
f 1702//1280 1703//1281 1672//1250 
f 1701//1279 1702//1280 1671//1249 
f 1700//1278 1701//1279 1670//1248 
f 1699//1277 1700//1278 1669//1247 
f 1698//1276 1699//1277 1668//1246 
f 1697//1275 1698//1276 1667//1245 
f 1696//1274 1697//1275 1666//1244 
f 1695//1273 1696//1274 1665//1243 
f 1694//1272 1695//1273 1664//1242 
f 1693//1271 1694//1272 1663//1241 
f 1692//1270 1693//1271 1662//1240 
f 1691//1269 1692//1270 1661//1239 
f 1690//1268 1691//1269 1660//1238 
f 1689//1267 1690//1268 1659//1237 
f 1688//1266 1689//1267 1658//1236 
f 1687//1265 1717//1295 1686//1264 
f 1685//1263 1687//1265 1656//1234 
f 1684//1262 1685//1263 1654//1232 
f 1683//1261 1684//1262 1653//1231 
f 1682//1260 1683//1261 1652//1230 
f 1681//1259 1682//1260 1651//1229 
f 1680//1258 1681//1259 1650//1228 
f 1679//1257 1680//1258 1649//1227 
f 1678//1256 1679//1257 1648//1226 
f 1677//1255 1678//1256 1647//1225 
f 1676//1254 1677//1255 1646//1224 
f 1675//1253 1676//1254 1645//1223 
f 1674//1252 1675//1253 1644//1222 
f 1673//1251 1674//1252 1643//1221 
f 1672//1250 1673//1251 1642//1220 
f 1671//1249 1672//1250 1641//1219 
f 1670//1248 1671//1249 1640//1218 
f 1669//1247 1670//1248 1639//1217 
f 1668//1246 1669//1247 1638//1216 
f 1667//1245 1668//1246 1637//1215 
f 1666//1244 1667//1245 1636//1214 
f 1665//1243 1666//1244 1635//1213 
f 1664//1242 1665//1243 1634//1212 
f 1663//1241 1664//1242 1633//1211 
f 1662//1240 1663//1241 1632//1210 
f 1661//1239 1662//1240 1631//1209 
f 1660//1238 1661//1239 1630//1208 
f 1659//1237 1660//1238 1629//1207 
f 1658//1236 1659//1237 1628//1206 
f 1657//1235 1658//1236 1627//1205 
f 1656//1234 1686//1264 1655//1233 
f 1654//1232 1656//1234 1625//1203 
f 1653//1231 1654//1232 1623//1201 
f 1652//1230 1653//1231 1622//1200 
f 1651//1229 1652//1230 1621//1199 
f 1650//1228 1651//1229 1620//1198 
f 1649//1227 1650//1228 1619//1197 
f 1648//1226 1649//1227 1618//1196 
f 1647//1225 1648//1226 1617//1195 
f 1646//1224 1647//1225 1616//1194 
f 1645//1223 1646//1224 1615//1193 
f 1644//1222 1645//1223 1614//1192 
f 1643//1221 1644//1222 1613//1191 
f 1642//1220 1643//1221 1612//1190 
f 1641//1219 1642//1220 1611//1189 
f 1640//1218 1641//1219 1610//1188 
f 1639//1217 1640//1218 1609//1187 
f 1638//1216 1639//1217 1608//1186 
f 1637//1215 1638//1216 1607//1185 
f 1636//1214 1637//1215 1606//1184 
f 1635//1213 1636//1214 1605//1183 
f 1634//1212 1635//1213 1604//1182 
f 1633//1211 1634//1212 1603//1181 
f 1632//1210 1633//1211 1602//1180 
f 1631//1209 1632//1210 1601//1179 
f 1630//1208 1631//1209 1600//1178 
f 1629//1207 1630//1208 1599//1177 
f 1628//1206 1629//1207 1598//1176 
f 1627//1205 1628//1206 1597//1175 
f 1626//1204 1627//1205 1596//1174 
f 1625//1203 1655//1233 1624//1202 
f 1623//1201 1625//1203 1594//1172 
f 1622//1200 1623//1201 1592//1170 
f 1621//1199 1622//1200 1591//1169 
f 1620//1198 1621//1199 1590//1168 
f 1619//1197 1620//1198 1589//1167 
f 1618//1196 1619//1197 1588//1166 
f 1617//1195 1618//1196 1587//1165 
f 1616//1194 1617//1195 1586//1164 
f 1615//1193 1616//1194 1585//1163 
f 1614//1192 1615//1193 1584//1162 
f 1613//1191 1614//1192 1583//1161 
f 1612//1190 1613//1191 1582//1160 
f 1611//1189 1612//1190 1581//1159 
f 1610//1188 1611//1189 1580//1158 
f 1609//1187 1610//1188 1579//1157 
f 1608//1186 1609//1187 1578//1156 
f 1607//1185 1608//1186 1577//1155 
f 1606//1184 1607//1185 1576//1154 
f 1605//1183 1606//1184 1575//1153 
f 1604//1182 1605//1183 1574//1152 
f 1603//1181 1604//1182 1573//1151 
f 1602//1180 1603//1181 1572//1150 
f 1601//1179 1602//1180 1571//1149 
f 1600//1178 1601//1179 1570//1148 
f 1599//1177 1600//1178 1569//1147 
f 1598//1176 1599//1177 1568//1146 
f 1597//1175 1598//1176 1567//1145 
f 1596//1174 1597//1175 1566//1144 
f 1595//1173 1596//1174 1565//1143 
f 1594//1172 1624//1202 1593//1171 
f 1592//1170 1594//1172 1563//1141 
f 1591//1169 1592//1170 1562//1140 
f 1590//1168 1591//1169 1561//1139 
f 1589//1167 1590//1168 1560//1138 
f 1588//1166 1589//1167 1559//1137 
f 1587//1165 1588//1166 1558//1136 
f 1586//1164 1587//1165 1557//1135 
f 1585//1163 1586//1164 1556//1134 
f 1584//1162 1585//1163 1555//1133 
f 1583//1161 1584//1162 1554//1132 
f 1582//1160 1583//1161 1553//1131 
f 1581//1159 1582//1160 1552//1130 
f 1580//1158 1581//1159 1551//1129 
f 1579//1157 1580//1158 1550//1128 
f 1578//1156 1579//1157 1549//1127 
f 1577//1155 1578//1156 1548//1126 
f 1576//1154 1577//1155 1547//1125 
f 1575//1153 1576//1154 1546//1124 
f 1574//1152 1575//1153 1545//1123 
f 1573//1151 1574//1152 1544//1122 
f 1572//1150 1573//1151 1543//1121 
f 1571//1149 1572//1150 1542//1120 
f 1570//1148 1571//1149 1541//1119 
f 1569//1147 1570//1148 1540//1118 
f 1568//1146 1569//1147 1539//1117 
f 1567//1145 1568//1146 1538//1116 
f 1566//1144 1567//1145 1537//1115 
f 1565//1143 1566//1144 1536//1114 
f 1564//1142 1565//1143 1535//1113 
f 1563//1141 1593//1171 1533//1111 
f 1562//1140 1563//1141 1531//1109 
f 1561//1139 1562//1140 1530//1108 
f 1560//1138 1561//1139 1529//1107 
f 1559//1137 1560//1138 1528//1106 
f 1558//1136 1559//1137 1527//1105 
f 1557//1135 1558//1136 1526//1104 
f 1556//1134 1557//1135 1525//1103 
f 1555//1133 1556//1134 1524//1102 
f 1554//1132 1555//1133 1523//1101 
f 1553//1131 1554//1132 1522//1100 
f 1552//1130 1553//1131 1521//1099 
f 1551//1129 1552//1130 1520//1098 
f 1550//1128 1551//1129 1519//1097 
f 1549//1127 1550//1128 1518//1096 
f 1548//1126 1549//1127 1517//1095 
f 1547//1125 1548//1126 1516//1094 
f 1546//1124 1547//1125 1515//1093 
f 1545//1123 1546//1124 1514//1092 
f 1544//1122 1545//1123 1513//1091 
f 1543//1121 1544//1122 1512//1090 
f 1542//1120 1543//1121 1511//1089 
f 1541//1119 1542//1120 1510//1088 
f 1540//1118 1541//1119 1509//1087 
f 1539//1117 1540//1118 1508//1086 
f 1538//1116 1539//1117 1507//1085 
f 1537//1115 1538//1116 1506//1084 
f 1536//1114 1537//1115 1505//1083 
f 1535//1113 1536//1114 1504//1082 
f 1534//1112 1535//1113 1503//1081 
f 1533//1111 2161//1820 1532//1110 
f 1531//1109 1533//1111 1500//1078 
f 1530//1108 1531//1109 1498//1076 
f 1529//1107 1530//1108 1497//1075 
f 1528//1106 1529//1107 1496//1074 
f 1527//1105 1528//1106 1495//1073 
f 1526//1104 1527//1105 1494//1072 
f 1525//1103 1526//1104 1493//1071 
f 1524//1102 1525//1103 1492//1070 
f 1523//1101 1524//1102 1491//1069 
f 1522//1100 1523//1101 1490//1068 
f 1521//1099 1522//1100 1489//1067 
f 1520//1098 1521//1099 1488//1066 
f 1519//1097 1520//1098 1487//1065 
f 1518//1096 1519//1097 1486//1064 
f 1517//1095 1518//1096 1485//1063 
f 1516//1094 1517//1095 1484//1062 
f 1515//1093 1516//1094 1483//1061 
f 1514//1092 1515//1093 1482//1060 
f 1513//1091 1514//1092 1481//1059 
f 1512//1090 1513//1091 1480//1058 
f 1511//1089 1512//1090 1479//1057 
f 1510//1088 1511//1089 1478//1056 
f 1509//1087 1510//1088 1477//1055 
f 1508//1086 1509//1087 1476//1054 
f 1507//1085 1508//1086 1475//1053 
f 1506//1084 1507//1085 1474//1052 
f 1505//1083 1506//1084 1473//1051 
f 1504//1082 1505//1083 1472//1050 
f 1503//1081 1504//1082 1471//1049 
f 1502//1080 1503//1081 1470//1048 
f 1501//1079 1502//1080 1469//1047 
f 1500//1078 1532//1110 1499//1077 
f 1498//1076 1500//1078 1467//1045 
f 1497//1075 1498//1076 1465//1043 
f 1496//1074 1497//1075 1464//1042 
f 1495//1073 1496//1074 1463//1041 
f 1494//1072 1495//1073 1462//1040 
f 1493//1071 1494//1072 1461//1039 
f 1492//1070 1493//1071 1460//1038 
f 1491//1069 1492//1070 1459//1037 
f 1490//1068 1491//1069 1458//1036 
f 1489//1067 1490//1068 1457//1035 
f 1488//1066 1489//1067 1456//1034 
f 1487//1065 1488//1066 1455//1033 
f 1486//1064 1487//1065 1454//1032 
f 1485//1063 1486//1064 1453//1031 
f 1484//1062 1485//1063 1452//1030 
f 1483//1061 1484//1062 1451//1029 
f 1482//1060 1483//1061 1450//1028 
f 1481//1059 1482//1060 1449//1027 
f 1480//1058 1481//1059 1448//1026 
f 1479//1057 1480//1058 1447//1025 
f 1478//1056 1479//1057 1446//1024 
f 1477//1055 1478//1056 1445//1023 
f 1476//1054 1477//1055 1444//1022 
f 1475//1053 1476//1054 1443//1021 
f 1474//1052 1475//1053 1442//1020 
f 1473//1051 1474//1052 1441//1019 
f 1472//1050 1473//1051 1440//1018 
f 1471//1049 1472//1050 1439//1017 
f 1470//1048 1471//1049 1438//1016 
f 1469//1047 1470//1048 1437//1015 
f 1468//1046 1469//1047 1436//1014 
f 1467//1045 1499//1077 1466//1044 
f 1465//1043 1467//1045 1434//1012 
f 1464//1042 1465//1043 1432//1010 
f 1463//1041 1464//1042 1431//1009 
f 1462//1040 1463//1041 1430//1008 
f 1461//1039 1462//1040 1429//1007 
f 1460//1038 1461//1039 1428//1006 
f 1459//1037 1460//1038 1427//1005 
f 1458//1036 1459//1037 1426//1004 
f 1457//1035 1458//1036 1425//1003 
f 1456//1034 1457//1035 1424//1002 
f 1455//1033 1456//1034 1423//1001 
f 1454//1032 1455//1033 1422//1000 
f 1453//1031 1454//1032 1421//999 
f 1452//1030 1453//1031 1420//998 
f 1451//1029 1452//1030 1419//997 
f 1450//1028 1451//1029 1418//996 
f 1449//1027 1450//1028 1417//995 
f 1448//1026 1449//1027 1416//994 
f 1447//1025 1448//1026 1415//993 
f 1446//1024 1447//1025 1414//992 
f 1445//1023 1446//1024 1413//991 
f 1444//1022 1445//1023 1412//990 
f 1443//1021 1444//1022 1411//989 
f 1442//1020 1443//1021 1410//988 
f 1441//1019 1442//1020 1409//987 
f 1440//1018 1441//1019 1408//986 
f 1439//1017 1440//1018 1407//985 
f 1438//1016 1439//1017 1406//984 
f 1437//1015 1438//1016 1405//983 
f 1436//1014 1437//1015 1404//982 
f 1435//1013 1436//1014 1403//981 
f 1434//1012 1466//1044 1433//1011 
f 1432//1010 1434//1012 1401//979 
f 1431//1009 1432//1010 1399//977 
f 1430//1008 1431//1009 1398//976 
f 1429//1007 1430//1008 1397//975 
f 1428//1006 1429//1007 1396//974 
f 1427//1005 1428//1006 1395//973 
f 1426//1004 1427//1005 1394//972 
f 1425//1003 1426//1004 1393//971 
f 1424//1002 1425//1003 1392//970 
f 1423//1001 1424//1002 1391//969 
f 1422//1000 1423//1001 1390//968 
f 1421//999 1422//1000 1389//967 
f 1420//998 1421//999 1388//966 
f 1419//997 1420//998 1387//965 
f 1418//996 1419//997 1386//964 
f 1417//995 1418//996 1385//963 
f 1416//994 1417//995 1384//962 
f 1415//993 1416//994 1383//961 
f 1414//992 1415//993 1382//960 
f 1413//991 1414//992 1381//959 
f 1412//990 1413//991 1380//958 
f 1411//989 1412//990 1379//957 
f 1410//988 1411//989 1378//956 
f 1409//987 1410//988 1377//955 
f 1408//986 1409//987 1376//954 
f 1407//985 1408//986 1375//953 
f 1406//984 1407//985 1374//952 
f 1405//983 1406//984 1373//951 
f 1404//982 1405//983 1372//950 
f 1403//981 1404//982 1371//949 
f 1402//980 1403//981 1370//948 
f 1401//979 1433//1011 1400//978 
f 1399//977 1401//979 1368//946 
f 1398//976 1399//977 1366//944 
f 1397//975 1398//976 1365//943 
f 1396//974 1397//975 1364//942 
f 1395//973 1396//974 1363//941 
f 1394//972 1395//973 1362//940 
f 1393//971 1394//972 1361//939 
f 1392//970 1393//971 1360//938 
f 1391//969 1392//970 1359//937 
f 1390//968 1391//969 1358//936 
f 1389//967 1390//968 1357//935 
f 1388//966 1389//967 1356//934 
f 1387//965 1388//966 1355//933 
f 1386//964 1387//965 1354//932 
f 1385//963 1386//964 1353//931 
f 1384//962 1385//963 1352//930 
f 1383//961 1384//962 1351//929 
f 1382//960 1383//961 1350//928 
f 1381//959 1382//960 1349//927 
f 1380//958 1381//959 1348//926 
f 1379//957 1380//958 1347//925 
f 1378//956 1379//957 1346//924 
f 1377//955 1378//956 1345//923 
f 1376//954 1377//955 1344//922 
f 1375//953 1376//954 1343//921 
f 1374//952 1375//953 1342//920 
f 1373//951 1374//952 1341//919 
f 1372//950 1373//951 1340//918 
f 1371//949 1372//950 1339//917 
f 1370//948 1371//949 1338//916 
f 1369//947 1370//948 1337//915 
f 1368//946 1400//978 1367//945 
f 1366//944 1368//946 1335//913 
f 1365//943 1366//944 1334//912 
f 1364//942 1365//943 1333//911 
f 1363//941 1364//942 1332//910 
f 1362//940 1363//941 1331//909 
f 1361//939 1362//940 1330//908 
f 1360//938 1361//939 1329//907 
f 1359//937 1360//938 1328//906 
f 1358//936 1359//937 1327//905 
f 1357//935 1358//936 1326//904 
f 1356//934 1357//935 1325//903 
f 1355//933 1356//934 1324//902 
f 1354//932 1355//933 1323//901 
f 1353//931 1354//932 1322//900 
f 1352//930 1353//931 1321//899 
f 1351//929 1352//930 1320//898 
f 1350//928 1351//929 1319//897 
f 1349//927 1350//928 1318//896 
f 1348//926 1349//927 1317//895 
f 1347//925 1348//926 1316//894 
f 1346//924 1347//925 1315//893 
f 1345//923 1346//924 1314//892 
f 1344//922 1345//923 1313//891 
f 1343//921 1344//922 1312//890 
f 1342//920 1343//921 1311//889 
f 1341//919 1342//920 1310//888 
f 1340//918 1341//919 1309//887 
f 1339//917 1340//918 1308//886 
f 1338//916 1339//917 1307//885 
f 1337//915 1338//916 1306//884 
f 1336//914 1337//915 1305//883 
f 1335//913 1367//945 1303//881 
f 1334//912 1335//913 1301//879 
f 1333//911 1334//912 1300//878 
f 1332//910 1333//911 1299//877 
f 1331//909 1332//910 1298//876 
f 1330//908 1331//909 1297//875 
f 1329//907 1330//908 1296//874 
f 1328//906 1329//907 1295//873 
f 1327//905 1328//906 1294//872 
f 1326//904 1327//905 1293//871 
f 1325//903 1326//904 1292//870 
f 1324//902 1325//903 1291//869 
f 1323//901 1324//902 1290//868 
f 1322//900 1323//901 1289//867 
f 1321//899 1322//900 1288//866 
f 1320//898 1321//899 1287//865 
f 1319//897 1320//898 1286//864 
f 1318//896 1319//897 1285//863 
f 1317//895 1318//896 1284//862 
f 1316//894 1317//895 1283//861 
f 1315//893 1316//894 1282//860 
f 1314//892 1315//893 1281//859 
f 1313//891 1314//892 1280//858 
f 1312//890 1313//891 1279//857 
f 1311//889 1312//890 1278//856 
f 1310//888 1311//889 1277//855 
f 1309//887 1310//888 1276//854 
f 1308//886 1309//887 1275//853 
f 1307//885 1308//886 1274//852 
f 1306//884 1307//885 1273//851 
f 1305//883 1306//884 1272//850 
f 1304//882 1305//883 1271//849 
f 1303//881 2162//1838 1302//880 
f 1301//879 1303//881 1268//846 
f 1300//878 1301//879 1266//844 
f 1299//877 1300//878 1265//843 
f 1298//876 1299//877 1264//842 
f 1297//875 1298//876 1263//841 
f 1296//874 1297//875 1262//840 
f 1295//873 1296//874 1261//839 
f 1294//872 1295//873 1260//838 
f 1293//871 1294//872 1259//837 
f 1292//870 1293//871 1258//836 
f 1291//869 1292//870 1257//835 
f 1290//868 1291//869 1256//834 
f 1289//867 1290//868 1255//833 
f 1288//866 1289//867 1254//832 
f 1287//865 1288//866 1253//831 
f 1286//864 1287//865 1252//830 
f 1285//863 1286//864 1251//829 
f 1284//862 1285//863 1250//828 
f 1283//861 1284//862 1249//827 
f 1282//860 1283//861 1248//826 
f 1281//859 1282//860 1247//825 
f 1280//858 1281//859 1246//824 
f 1279//857 1280//858 1245//823 
f 1278//856 1279//857 1244//822 
f 1277//855 1278//856 1243//821 
f 1276//854 1277//855 1242//820 
f 1275//853 1276//854 1241//819 
f 1274//852 1275//853 1240//818 
f 1273//851 1274//852 1239//817 
f 1272//850 1273//851 1238//816 
f 1271//849 1272//850 1237//815 
f 1270//848 1271//849 1236//814 
f 1269//847 1270//848 1235//813 
f 1268//846 1302//880 1267//845 
f 1266//844 1268//846 1233//811 
f 1265//843 1266//844 1231//809 
f 1264//842 1265//843 1230//808 
f 1263//841 1264//842 1229//807 
f 1262//840 1263//841 1228//806 
f 1261//839 1262//840 1227//805 
f 1260//838 1261//839 1226//804 
f 1259//837 1260//838 1225//803 
f 1258//836 1259//837 1224//802 
f 1257//835 1258//836 1223//801 
f 1256//834 1257//835 1222//800 
f 1255//833 1256//834 1221//799 
f 1254//832 1255//833 1220//798 
f 1253//831 1254//832 1219//797 
f 1252//830 1253//831 1218//796 
f 1251//829 1252//830 1217//795 
f 1250//828 1251//829 1216//794 
f 1249//827 1250//828 1215//793 
f 1248//826 1249//827 1214//792 
f 1247//825 1248//826 1213//791 
f 1246//824 1247//825 1212//790 
f 1245//823 1246//824 1211//789 
f 1244//822 1245//823 1210//788 
f 1243//821 1244//822 1209//787 
f 1242//820 1243//821 1208//786 
f 1241//819 1242//820 1207//785 
f 1240//818 1241//819 1206//784 
f 1239//817 1240//818 1205//783 
f 1238//816 1239//817 1204//782 
f 1237//815 1238//816 1203//781 
f 1236//814 1237//815 1202//780 
f 1235//813 1236//814 1201//779 
f 1234//812 1235//813 1200//778 
f 1233//811 1267//845 1232//810 
f 1231//809 1233//811 1198//776 
f 1230//808 1231//809 1196//774 
f 1229//807 1230//808 1195//773 
f 1228//806 1229//807 1194//772 
f 1227//805 1228//806 1193//771 
f 1226//804 1227//805 1192//770 
f 1225//803 1226//804 1191//769 
f 1224//802 1225//803 1190//768 
f 1223//801 1224//802 1189//767 
f 1222//800 1223//801 1188//766 
f 1221//799 1222//800 1187//765 
f 1220//798 1221//799 1186//764 
f 1219//797 1220//798 1185//763 
f 1218//796 1219//797 1184//762 
f 1217//795 1218//796 1183//761 
f 1216//794 1217//795 1182//760 
f 1215//793 1216//794 1181//759 
f 1214//792 1215//793 1180//758 
f 1213//791 1214//792 1179//757 
f 1212//790 1213//791 1178//756 
f 1211//789 1212//790 1177//755 
f 1210//788 1211//789 1176//754 
f 1209//787 1210//788 1175//753 
f 1208//786 1209//787 1174//752 
f 1207//785 1208//786 1173//751 
f 1206//784 1207//785 1172//750 
f 1205//783 1206//784 1171//749 
f 1204//782 1205//783 1170//748 
f 1203//781 1204//782 1169//747 
f 1202//780 1203//781 1168//746 
f 1201//779 1202//780 1167//745 
f 1200//778 1201//779 1166//744 
f 1199//777 1200//778 1165//743 
f 1198//776 1232//810 1197//775 
f 1196//774 1198//776 1163//741 
f 1195//773 1196//774 1161//739 
f 1194//772 1195//773 1160//738 
f 1193//771 1194//772 1159//737 
f 1192//770 1193//771 1158//736 
f 1191//769 1192//770 1157//735 
f 1190//768 1191//769 1156//734 
f 1189//767 1190//768 1155//733 
f 1188//766 1189//767 1154//732 
f 1187//765 1188//766 1153//731 
f 1186//764 1187//765 1152//730 
f 1185//763 1186//764 1151//729 
f 1184//762 1185//763 1150//728 
f 1183//761 1184//762 1149//727 
f 1182//760 1183//761 1148//726 
f 1181//759 1182//760 1147//725 
f 1180//758 1181//759 1146//724 
f 1179//757 1180//758 1145//723 
f 1178//756 1179//757 1144//722 
f 1177//755 1178//756 1143//721 
f 1176//754 1177//755 1142//720 
f 1175//753 1176//754 1141//719 
f 1174//752 1175//753 1140//718 
f 1173//751 1174//752 1139//717 
f 1172//750 1173//751 1138//716 
f 1171//749 1172//750 1137//715 
f 1170//748 1171//749 1136//714 
f 1169//747 1170//748 1135//713 
f 1168//746 1169//747 1134//712 
f 1167//745 1168//746 1133//711 
f 1166//744 1167//745 1132//710 
f 1165//743 1166//744 1131//709 
f 1164//742 1165//743 1130//708 
f 1163//741 1197//775 1162//740 
f 1161//739 1163//741 1128//706 
f 1160//738 1161//739 1127//705 
f 1159//737 1160//738 1126//704 
f 1158//736 1159//737 1125//703 
f 1157//735 1158//736 1124//702 
f 1156//734 1157//735 1123//701 
f 1155//733 1156//734 1122//700 
f 1154//732 1155//733 1121//699 
f 1153//731 1154//732 1120//698 
f 1152//730 1153//731 1119//697 
f 1151//729 1152//730 1118//696 
f 1150//728 1151//729 1117//695 
f 1149//727 1150//728 1116//694 
f 1148//726 1149//727 1115//693 
f 1147//725 1148//726 1114//692 
f 1146//724 1147//725 1113//691 
f 1145//723 1146//724 1112//690 
f 1144//722 1145//723 1111//689 
f 1143//721 1144//722 1110//688 
f 1142//720 1143//721 1109//687 
f 1141//719 1142//720 1108//686 
f 1140//718 1141//719 1107//685 
f 1139//717 1140//718 1106//684 
f 1138//716 1139//717 1105//683 
f 1137//715 1138//716 1104//682 
f 1136//714 1137//715 1103//681 
f 1135//713 1136//714 1102//680 
f 1134//712 1135//713 1101//679 
f 1133//711 1134//712 1100//678 
f 1132//710 1133//711 1099//677 
f 1131//709 1132//710 1098//676 
f 1130//708 1131//709 1097//675 
f 1129//707 1130//708 1096//674 
f 1128//706 1162//740 1094//672 
f 1127//705 1128//706 1092//670 
f 1126//704 1127//705 1091//669 
f 1125//703 1126//704 1090//668 
f 1124//702 1125//703 1089//667 
f 1123//701 1124//702 1088//666 
f 1122//700 1123//701 1087//665 
f 1121//699 1122//700 1086//664 
f 1120//698 1121//699 1085//663 
f 1119//697 1120//698 1084//662 
f 1118//696 1119//697 1083//661 
f 1117//695 1118//696 1082//660 
f 1116//694 1117//695 1081//659 
f 1115//693 1116//694 1080//658 
f 1114//692 1115//693 1079//657 
f 1113//691 1114//692 1078//656 
f 1112//690 1113//691 1077//655 
f 1111//689 1112//690 1076//654 
f 1110//688 1111//689 1075//653 
f 1109//687 1110//688 1074//652 
f 1108//686 1109//687 1073//651 
f 1107//685 1108//686 1072//650 
f 1106//684 1107//685 1071//649 
f 1105//683 1106//684 1070//648 
f 1104//682 1105//683 1069//647 
f 1103//681 1104//682 1068//646 
f 1102//680 1103//681 1067//645 
f 1101//679 1102//680 1066//644 
f 1100//678 1101//679 1065//643 
f 1099//677 1100//678 1064//642 
f 1098//676 1099//677 1063//641 
f 1097//675 1098//676 1062//640 
f 1096//674 1097//675 1061//639 
f 1095//673 1096//674 1060//638 
f 1094//672 2163//1855 1093//671 
f 1092//670 1094//672 1057//635 
f 1091//669 1092//670 1055//633 
f 1090//668 1091//669 1054//632 
f 1089//667 1090//668 1053//631 
f 1088//666 1089//667 1052//630 
f 1087//665 1088//666 1051//629 
f 1086//664 1087//665 1050//628 
f 1085//663 1086//664 1049//627 
f 1084//662 1085//663 1048//626 
f 1083//661 1084//662 1047//625 
f 1082//660 1083//661 1046//624 
f 1081//659 1082//660 1045//623 
f 1080//658 1081//659 1044//622 
f 1079//657 1080//658 1043//621 
f 1078//656 1079//657 1042//620 
f 1077//655 1078//656 1041//619 
f 1076//654 1077//655 1040//618 
f 1075//653 1076//654 1039//617 
f 1074//652 1075//653 1038//616 
f 1073//651 1074//652 1037//615 
f 1072//650 1073//651 1036//614 
f 1071//649 1072//650 1035//613 
f 1070//648 1071//649 1034//612 
f 1069//647 1070//648 1033//611 
f 1068//646 1069//647 1032//610 
f 1067//645 1068//646 1031//609 
f 1066//644 1067//645 1030//608 
f 1065//643 1066//644 1029//607 
f 1064//642 1065//643 1028//606 
f 1063//641 1064//642 1027//605 
f 1062//640 1063//641 1026//604 
f 1061//639 1062//640 1025//603 
f 1060//638 1061//639 1024//602 
f 1059//637 1060//638 1023//601 
f 1058//636 1059//637 1022//600 
f 1057//635 1093//671 1056//634 
f 1055//633 1057//635 1020//598 
f 1054//632 1055//633 1018//596 
f 1053//631 1054//632 1017//595 
f 1052//630 1053//631 1016//594 
f 1051//629 1052//630 1015//593 
f 1050//628 1051//629 1014//592 
f 1049//627 1050//628 1013//591 
f 1048//626 1049//627 1012//590 
f 1047//625 1048//626 1011//589 
f 1046//624 1047//625 1010//588 
f 1045//623 1046//624 1009//587 
f 1044//622 1045//623 1008//586 
f 1043//621 1044//622 1007//585 
f 1042//620 1043//621 1006//584 
f 1041//619 1042//620 1005//583 
f 1040//618 1041//619 1004//582 
f 1039//617 1040//618 1003//581 
f 1038//616 1039//617 1002//580 
f 1037//615 1038//616 1001//579 
f 1036//614 1037//615 1000//578 
f 1035//613 1036//614 999//577 
f 1034//612 1035//613 998//576 
f 1033//611 1034//612 997//575 
f 1032//610 1033//611 996//574 
f 1031//609 1032//610 995//573 
f 1030//608 1031//609 994//572 
f 1029//607 1030//608 993//571 
f 1028//606 1029//607 992//570 
f 1027//605 1028//606 991//569 
f 1026//604 1027//605 990//568 
f 1025//603 1026//604 989//567 
f 1024//602 1025//603 988//566 
f 1023//601 1024//602 987//565 
f 1022//600 1023//601 986//564 
f 1021//599 1022//600 985//563 
f 1020//598 1056//634 1019//597 
f 1018//596 1020//598 983//561 
f 1017//595 1018//596 981//559 
f 1016//594 1017//595 980//558 
f 1015//593 1016//594 979//557 
f 1014//592 1015//593 978//556 
f 1013//591 1014//592 977//555 
f 1012//590 1013//591 976//554 
f 1011//589 1012//590 975//553 
f 1010//588 1011//589 974//552 
f 1009//587 1010//588 973//551 
f 1008//586 1009//587 972//550 
f 1007//585 1008//586 971//549 
f 1006//584 1007//585 970//548 
f 1005//583 1006//584 969//547 
f 1004//582 1005//583 968//546 
f 1003//581 1004//582 967//545 
f 1002//580 1003//581 966//544 
f 1001//579 1002//580 965//543 
f 1000//578 1001//579 964//542 
f 999//577 1000//578 963//541 
f 998//576 999//577 962//540 
f 997//575 998//576 961//539 
f 996//574 997//575 960//538 
f 995//573 996//574 959//537 
f 994//572 995//573 958//536 
f 993//571 994//572 957//535 
f 992//570 993//571 956//534 
f 991//569 992//570 955//533 
f 990//568 991//569 954//532 
f 989//567 990//568 953//531 
f 988//566 989//567 952//530 
f 987//565 988//566 951//529 
f 986//564 987//565 950//528 
f 985//563 986//564 949//527 
f 984//562 985//563 948//526 
f 983//561 1019//597 982//560 
f 981//559 983//561 946//524 
f 980//558 981//559 945//523 
f 979//557 980//558 944//522 
f 978//556 979//557 943//521 
f 977//555 978//556 942//520 
f 976//554 977//555 941//519 
f 975//553 976//554 940//518 
f 974//552 975//553 939//517 
f 973//551 974//552 938//516 
f 972//550 973//551 937//515 
f 971//549 972//550 936//514 
f 970//548 971//549 935//513 
f 969//547 970//548 934//512 
f 968//546 969//547 933//511 
f 967//545 968//546 932//510 
f 966//544 967//545 931//509 
f 965//543 966//544 930//508 
f 964//542 965//543 929//507 
f 963//541 964//542 928//506 
f 962//540 963//541 927//505 
f 961//539 962//540 926//504 
f 960//538 961//539 925//503 
f 959//537 960//538 924//502 
f 958//536 959//537 923//501 
f 957//535 958//536 922//500 
f 956//534 957//535 921//499 
f 955//533 956//534 920//498 
f 954//532 955//533 919//497 
f 953//531 954//532 918//496 
f 952//530 953//531 917//495 
f 951//529 952//530 916//494 
f 950//528 951//529 915//493 
f 949//527 950//528 914//492 
f 948//526 949//527 913//491 
f 947//525 948//526 912//490 
f 946//524 982//560 910//488 
f 945//523 946//524 908//486 
f 944//522 945//523 907//485 
f 943//521 944//522 906//484 
f 942//520 943//521 905//483 
f 941//519 942//520 904//482 
f 940//518 941//519 903//481 
f 939//517 940//518 902//480 
f 938//516 939//517 901//479 
f 937//515 938//516 900//478 
f 936//514 937//515 899//477 
f 935//513 936//514 898//476 
f 934//512 935//513 897//475 
f 933//511 934//512 896//474 
f 932//510 933//511 895//473 
f 931//509 932//510 894//472 
f 930//508 931//509 893//471 
f 929//507 930//508 892//470 
f 928//506 929//507 891//469 
f 927//505 928//506 890//468 
f 926//504 927//505 889//467 
f 925//503 926//504 888//466 
f 924//502 925//503 887//465 
f 923//501 924//502 886//464 
f 922//500 923//501 885//463 
f 921//499 922//500 884//462 
f 920//498 921//499 883//461 
f 919//497 920//498 882//460 
f 918//496 919//497 881//459 
f 917//495 918//496 880//458 
f 916//494 917//495 879//457 
f 915//493 916//494 878//456 
f 914//492 915//493 877//455 
f 913//491 914//492 876//454 
f 912//490 913//491 875//453 
f 911//489 912//490 874//452 
f 910//488 2164//1869 909//487 
f 908//486 910//488 871//449 
f 907//485 908//486 869//447 
f 906//484 907//485 868//446 
f 905//483 906//484 867//445 
f 904//482 905//483 866//444 
f 903//481 904//482 865//443 
f 902//480 903//481 864//442 
f 901//479 902//480 863//441 
f 900//478 901//479 862//440 
f 899//477 900//478 861//439 
f 898//476 899//477 860//438 
f 897//475 898//476 859//437 
f 896//474 897//475 858//436 
f 895//473 896//474 857//435 
f 894//472 895//473 856//434 
f 893//471 894//472 855//433 
f 892//470 893//471 854//432 
f 891//469 892//470 853//431 
f 890//468 891//469 852//430 
f 889//467 890//468 851//429 
f 888//466 889//467 850//428 
f 887//465 888//466 849//427 
f 886//464 887//465 848//426 
f 885//463 886//464 847//425 
f 884//462 885//463 846//424 
f 883//461 884//462 845//423 
f 882//460 883//461 844//422 
f 881//459 882//460 843//421 
f 880//458 881//459 842//420 
f 879//457 880//458 841//419 
f 878//456 879//457 840//418 
f 877//455 878//456 839//417 
f 876//454 877//455 838//416 
f 875//453 876//454 837//415 
f 874//452 875//453 836//414 
f 873//451 874//452 835//413 
f 872//450 873//451 834//412 
f 871//449 909//487 870//448 
f 869//447 871//449 832//410 
f 868//446 869//447 830//408 
f 867//445 868//446 829//407 
f 866//444 867//445 828//406 
f 865//443 866//444 827//405 
f 864//442 865//443 826//404 
f 863//441 864//442 825//403 
f 862//440 863//441 824//402 
f 861//439 862//440 823//401 
f 860//438 861//439 822//400 
f 859//437 860//438 821//399 
f 858//436 859//437 820//398 
f 857//435 858//436 819//397 
f 856//434 857//435 818//396 
f 855//433 856//434 817//395 
f 854//432 855//433 816//394 
f 853//431 854//432 815//393 
f 852//430 853//431 814//392 
f 851//429 852//430 813//391 
f 850//428 851//429 812//390 
f 849//427 850//428 811//389 
f 848//426 849//427 810//388 
f 847//425 848//426 809//387 
f 846//424 847//425 808//386 
f 845//423 846//424 807//385 
f 844//422 845//423 806//384 
f 843//421 844//422 805//383 
f 842//420 843//421 804//382 
f 841//419 842//420 803//381 
f 840//418 841//419 802//380 
f 839//417 840//418 801//379 
f 838//416 839//417 800//378 
f 837//415 838//416 799//377 
f 836//414 837//415 798//376 
f 835//413 836//414 797//375 
f 834//412 835//413 796//374 
f 833//411 834//412 795//373 
f 832//410 870//448 831//409 
f 830//408 832//410 793//371 
f 829//407 830//408 791//369 
f 828//406 829//407 790//368 
f 827//405 828//406 789//367 
f 826//404 827//405 788//366 
f 825//403 826//404 787//365 
f 824//402 825//403 786//364 
f 823//401 824//402 785//363 
f 822//400 823//401 784//362 
f 821//399 822//400 783//361 
f 820//398 821//399 782//360 
f 819//397 820//398 781//359 
f 818//396 819//397 780//358 
f 817//395 818//396 779//357 
f 816//394 817//395 778//356 
f 815//393 816//394 777//355 
f 814//392 815//393 776//354 
f 813//391 814//392 775//353 
f 812//390 813//391 774//352 
f 811//389 812//390 773//351 
f 810//388 811//389 772//350 
f 809//387 810//388 771//349 
f 808//386 809//387 770//348 
f 807//385 808//386 769//347 
f 806//384 807//385 768//346 
f 805//383 806//384 767//345 
f 804//382 805//383 766//344 
f 803//381 804//382 765//343 
f 802//380 803//381 764//342 
f 801//379 802//380 763//341 
f 800//378 801//379 762//340 
f 799//377 800//378 761//339 
f 798//376 799//377 760//338 
f 797//375 798//376 759//337 
f 796//374 797//375 758//336 
f 795//373 796//374 757//335 
f 794//372 795//373 756//334 
f 793//371 831//409 792//370 
f 791//369 793//371 754//332 
f 790//368 791//369 753//331 
f 789//367 790//368 752//330 
f 788//366 789//367 751//329 
f 787//365 788//366 750//328 
f 786//364 787//365 749//327 
f 785//363 786//364 748//326 
f 784//362 785//363 747//325 
f 783//361 784//362 746//324 
f 782//360 783//361 745//323 
f 781//359 782//360 744//322 
f 780//358 781//359 743//321 
f 779//357 780//358 742//320 
f 778//356 779//357 741//319 
f 777//355 778//356 740//318 
f 776//354 777//355 739//317 
f 775//353 776//354 738//316 
f 774//352 775//353 737//315 
f 773//351 774//352 736//314 
f 772//350 773//351 735//313 
f 771//349 772//350 734//312 
f 770//348 771//349 733//311 
f 769//347 770//348 732//310 
f 768//346 769//347 731//309 
f 767//345 768//346 730//308 
f 766//344 767//345 729//307 
f 765//343 766//344 728//306 
f 764//342 765//343 727//305 
f 763//341 764//342 726//304 
f 762//340 763//341 725//303 
f 761//339 762//340 724//302 
f 760//338 761//339 723//301 
f 759//337 760//338 722//300 
f 758//336 759//337 721//299 
f 757//335 758//336 720//298 
f 756//334 757//335 719//297 
f 755//333 756//334 718//296 
f 754//332 792//370 716//294 
f 753//331 754//332 714//292 
f 752//330 753//331 713//291 
f 751//329 752//330 712//290 
f 750//328 751//329 711//289 
f 749//327 750//328 710//288 
f 748//326 749//327 709//287 
f 747//325 748//326 708//286 
f 746//324 747//325 707//285 
f 745//323 746//324 706//284 
f 744//322 745//323 705//283 
f 743//321 744//322 704//282 
f 742//320 743//321 703//281 
f 741//319 742//320 702//280 
f 740//318 741//319 701//279 
f 739//317 740//318 700//278 
f 738//316 739//317 699//277 
f 737//315 738//316 698//276 
f 736//314 737//315 697//275 
f 735//313 736//314 696//274 
f 734//312 735//313 695//273 
f 733//311 734//312 694//272 
f 732//310 733//311 693//271 
f 731//309 732//310 692//270 
f 730//308 731//309 691//269 
f 729//307 730//308 690//268 
f 728//306 729//307 689//267 
f 727//305 728//306 688//266 
f 726//304 727//305 687//265 
f 725//303 726//304 686//264 
f 724//302 725//303 685//263 
f 723//301 724//302 684//262 
f 722//300 723//301 683//261 
f 721//299 722//300 682//260 
f 720//298 721//299 681//259 
f 719//297 720//298 680//258 
f 718//296 719//297 679//257 
f 717//295 718//296 678//256 
f 716//294 2165//1882 715//293 
f 714//292 716//294 675//253 
f 713//291 714//292 673//251 
f 712//290 713//291 672//250 
f 711//289 712//290 671//249 
f 710//288 711//289 670//248 
f 709//287 710//288 669//247 
f 708//286 709//287 668//246 
f 707//285 708//286 667//245 
f 706//284 707//285 666//244 
f 705//283 706//284 665//243 
f 704//282 705//283 664//242 
f 703//281 704//282 663//241 
f 702//280 703//281 662//240 
f 701//279 702//280 661//239 
f 700//278 701//279 660//238 
f 699//277 700//278 659//237 
f 698//276 699//277 658//236 
f 697//275 698//276 657//235 
f 696//274 697//275 656//234 
f 695//273 696//274 655//233 
f 694//272 695//273 654//232 
f 693//271 694//272 653//231 
f 692//270 693//271 652//230 
f 691//269 692//270 651//229 
f 690//268 691//269 650//228 
f 689//267 690//268 649//227 
f 688//266 689//267 648//226 
f 687//265 688//266 647//225 
f 686//264 687//265 646//224 
f 685//263 686//264 645//223 
f 684//262 685//263 644//222 
f 683//261 684//262 643//221 
f 682//260 683//261 642//220 
f 681//259 682//260 641//219 
f 680//258 681//259 640//218 
f 679//257 680//258 639//217 
f 678//256 679//257 638//216 
f 677//255 678//256 637//215 
f 676//254 677//255 636//214 
f 675//253 715//293 674//252 
f 673//251 675//253 634//212 
f 672//250 673//251 632//210 
f 671//249 672//250 631//209 
f 670//248 671//249 630//208 
f 669//247 670//248 629//207 
f 668//246 669//247 628//206 
f 667//245 668//246 627//205 
f 666//244 667//245 626//204 
f 665//243 666//244 625//203 
f 664//242 665//243 624//202 
f 663//241 664//242 623//201 
f 662//240 663//241 622//200 
f 661//239 662//240 621//199 
f 660//238 661//239 620//198 
f 659//237 660//238 619//197 
f 658//236 659//237 618//196 
f 657//235 658//236 617//195 
f 656//234 657//235 616//194 
f 655//233 656//234 615//193 
f 654//232 655//233 614//192 
f 653//231 654//232 613//191 
f 652//230 653//231 612//190 
f 651//229 652//230 611//189 
f 650//228 651//229 610//188 
f 649//227 650//228 609//187 
f 648//226 649//227 608//186 
f 647//225 648//226 607//185 
f 646//224 647//225 606//184 
f 645//223 646//224 605//183 
f 644//222 645//223 604//182 
f 643//221 644//222 603//181 
f 642//220 643//221 602//180 
f 641//219 642//220 601//179 
f 640//218 641//219 600//178 
f 639//217 640//218 599//177 
f 638//216 639//217 598//176 
f 637//215 638//216 597//175 
f 636//214 637//215 596//174 
f 635//213 636//214 595//173 
f 634//212 674//252 633//211 
f 632//210 634//212 593//171 
f 631//209 632//210 592//170 
f 630//208 631//209 591//169 
f 629//207 630//208 590//168 
f 628//206 629//207 589//167 
f 627//205 628//206 588//166 
f 626//204 627//205 587//165 
f 625//203 626//204 586//164 
f 624//202 625//203 585//163 
f 623//201 624//202 584//162 
f 622//200 623//201 583//161 
f 621//199 622//200 582//160 
f 620//198 621//199 581//159 
f 619//197 620//198 580//158 
f 618//196 619//197 579//157 
f 617//195 618//196 578//156 
f 616//194 617//195 577//155 
f 615//193 616//194 576//154 
f 614//192 615//193 575//153 
f 613//191 614//192 574//152 
f 612//190 613//191 573//151 
f 611//189 612//190 572//150 
f 610//188 611//189 571//149 
f 609//187 610//188 570//148 
f 608//186 609//187 569//147 
f 607//185 608//186 568//146 
f 606//184 607//185 567//145 
f 605//183 606//184 566//144 
f 604//182 605//183 565//143 
f 603//181 604//182 564//142 
f 602//180 603//181 563//141 
f 601//179 602//180 562//140 
f 600//178 601//179 561//139 
f 599//177 600//178 560//138 
f 598//176 599//177 559//137 
f 597//175 598//176 558//136 
f 596//174 597//175 557//135 
f 595//173 596//174 556//134 
f 594//172 595//173 555//133 
f 593//171 633//211 553//131 
f 592//170 593//171 552//130 
f 591//169 592//170 551//129 
f 590//168 591//169 550//128 
f 589//167 590//168 549//127 
f 588//166 589//167 548//126 
f 587//165 588//166 547//125 
f 586//164 587//165 546//124 
f 585//163 586//164 545//123 
f 584//162 585//163 544//122 
f 583//161 584//162 543//121 
f 582//160 583//161 542//120 
f 581//159 582//160 541//119 
f 580//158 581//159 540//118 
f 579//157 580//158 539//117 
f 578//156 579//157 538//116 
f 577//155 578//156 537//115 
f 576//154 577//155 536//114 
f 575//153 576//154 535//113 
f 574//152 575//153 534//112 
f 573//151 574//152 533//111 
f 572//150 573//151 532//110 
f 571//149 572//150 531//109 
f 570//148 571//149 530//108 
f 569//147 570//148 529//107 
f 568//146 569//147 528//106 
f 567//145 568//146 527//105 
f 566//144 567//145 526//104 
f 565//143 566//144 525//103 
f 564//142 565//143 524//102 
f 563//141 564//142 523//101 
f 562//140 563//141 522//100 
f 561//139 562//140 521//99 
f 560//138 561//139 520//98 
f 559//137 560//138 519//97 
f 558//136 559//137 518//96 
f 557//135 558//136 517//95 
f 556//134 557//135 516//94 
f 555//133 556//134 515//93 
f 554//132 555//133 514//92 
f 553//131 470//2013 350//89 
f 552//130 553//131 512//87 
f 551//129 552//130 511//86 
f 550//128 551//129 510//85 
f 549//127 550//128 509//81 
f 548//126 549//127 508//79 
f 547//125 548//126 507//78 
f 546//124 547//125 506//75 
f 545//123 546//124 505//73 
f 544//122 545//123 504//72 
f 543//121 544//122 503//69 
f 542//120 543//121 502//67 
f 541//119 542//120 501//65 
f 540//118 541//119 500//63 
f 539//117 540//118 499//62 
f 538//116 539//117 498//61 
f 537//115 538//116 497//57 
f 536//114 537//115 496//56 
f 535//113 536//114 495//53 
f 534//112 535//113 494//51 
f 533//111 534//112 493//49 
f 532//110 533//111 492//48 
f 531//109 532//110 491//45 
f 530//108 531//109 490//44 
f 529//107 530//108 489//43 
f 528//106 529//107 488//39 
f 527//105 528//106 487//38 
f 526//104 527//105 486//35 
f 525//103 526//104 485//34 
f 524//102 525//103 484//31 
f 523//101 524//102 483//29 
f 522//100 523//101 482//27 
f 521//99 522//100 481//25 
f 520//98 521//99 480//24 
f 519//97 520//98 479//21 
f 518//96 519//97 478//19 
f 517//95 518//96 477//17 
f 516//94 517//95 476//15 
f 515//93 516//94 475//14 
f 514//92 515//93 474//11 
f 513//91 514//92 473//9 
f 513//91 472//7 6//6 
f 350//89 471//2014 349//88 
f 512//87 349//88 348//84 
f 510//85 511//86 348//84 
f 509//81 510//85 346//82 
f 509//81 347//83 345//80 
f 508//79 345//80 343//76 
f 506//75 507//78 343//76 
f 506//75 344//77 342//74 
f 505//73 342//74 340//70 
f 503//69 504//72 340//70 
f 503//69 341//71 339//68 
f 502//67 339//68 338//66 
f 501//65 338//66 337//64 
f 500//63 337//64 336//60 
f 498//61 499//62 336//60 
f 497//57 498//61 334//58 
f 497//57 335//59 332//54 
f 495//53 496//56 332//54 
f 495//53 333//55 331//52 
f 494//51 331//52 330//50 
f 493//49 330//50 328//46 
f 491//45 492//48 328//46 
f 491//45 329//47 327//42 
f 489//43 490//44 327//42 
f 488//39 489//43 325//40 
f 488//39 326//41 323//36 
f 486//35 487//38 323//36 
f 486//35 324//37 321//32 
f 484//31 485//34 321//32 
f 484//31 322//33 320//30 
f 483//29 320//30 319//28 
f 482//27 319//28 318//26 
f 481//25 318//26 316//22 
f 479//21 480//24 316//22 
f 479//21 317//23 315//20 
f 478//19 315//20 314//18 
f 477//17 314//18 313//16 
f 476//15 313//16 311//12 
f 474//11 475//14 311//12 
f 474//11 312//13 310//10 
f 473//9 310//10 309//8 
f 472//7 309//8 8//5 
o mesh5
f 2166//2015 329//2015 328//2015 
f 2167//2015 327//2015 329//2015 
f 2168//2015 348//2015 349//2015 
f 2169//2015 346//2015 348//2015 
f 2170//2015 347//2015 346//2015 
f 2171//2015 345//2015 347//2015 
f 2172//2015 344//2015 343//2015 
f 2173//2015 342//2015 344//2015 
f 2174//2015 339//2015 341//2015 
f 2175//2015 338//2015 339//2015 
f 2176//2015 332//2015 335//2015 
f 2177//2015 333//2015 332//2015 
f 2178//2015 331//2015 333//2015 
f 2179//2015 330//2015 331//2015 
f 2180//2015 328//2015 330//2015 
f 329//2015 2166//2015 2167//2015 
f 2181//2015 324//2015 323//2015 
f 2182//2015 321//2015 324//2015 
f 2183//2015 322//2015 321//2015 
f 2184//2015 320//2015 322//2015 
f 2185//2015 315//2015 317//2015 
f 2186//2015 314//2015 315//2015 
f 348//2015 2168//2015 2169//2015 
f 347//2015 2170//2015 2171//2015 
f 344//2015 2172//2015 2173//2015 
f 2187//2015 340//2015 342//2015 
f 339//2015 2174//2015 2175//2015 
f 2188//2015 337//2015 338//2015 
f 2189//2015 336//2015 337//2015 
f 2190//2015 334//2015 336//2015 
f 2191//2015 335//2015 334//2015 
f 332//2015 2176//2015 2177//2015 
f 331//2015 2178//2015 2179//2015 
f 328//2015 2180//2015 2166//2015 
f 324//2015 2181//2015 2182//2015 
f 322//2015 2183//2015 2184//2015 
f 2192//2015 319//2015 320//2015 
f 2193//2015 318//2015 319//2015 
f 2194//2015 317//2015 316//2015 
f 315//2015 2185//2015 2186//2015 
f 346//2015 2169//2015 2170//2015 
f 2195//2015 343//2015 345//2015 
f 342//2015 2173//2015 2187//2015 
f 2196//2015 341//2015 340//2015 
f 338//2015 2175//2015 2188//2015 
f 336//2015 2189//2015 2190//2015 
f 335//2015 2191//2015 2176//2015 
f 330//2015 2179//2015 2180//2015 
f 2197//2015 326//2015 325//2015 
f 2198//2015 323//2015 326//2015 
f 321//2015 2182//2015 2183//2015 
f 319//2015 2192//2015 2193//2015 
f 2199//2015 316//2015 318//2015 
f 317//2015 2194//2015 2185//2015 
f 345//2015 2171//2015 2195//2015 
f 340//2015 2187//2015 2196//2015 
f 337//2015 2188//2015 2189//2015 
f 333//2015 2177//2015 2178//2015 
f 2200//2015 325//2015 327//2015 
f 326//2015 2197//2015 2198//2015 
f 320//2015 2184//2015 2192//2015 
f 316//2015 2199//2015 2194//2015 
f 2201//2015 313//2015 314//2015 
f 2202//2015 311//2015 313//2015 
f 2203//2015 312//2015 311//2015 
f 2204//2015 310//2015 312//2015 
f 343//2015 2195//2015 2172//2015 
f 334//2015 2190//2015 2191//2015 
f 325//2015 2200//2015 2197//2015 
f 318//2015 2193//2015 2199//2015 
f 313//2015 2201//2015 2202//2015 
f 312//2015 2203//2015 2204//2015 
f 2205//2015 309//2015 310//2015 
f 9//2015 8//2015 309//2015 
f 341//2015 2196//2015 2174//2015 
f 323//2015 2198//2015 2181//2015 
f 311//2015 2202//2015 2203//2015 
f 309//2015 2205//2015 9//2015 
f 327//2015 2167//2015 2200//2015 
f 310//2015 2204//2015 2205//2015 
f 2206//2015 349//2015 471//2015 
f 314//2015 2186//2015 2201//2015 
f 349//2015 2206//2015 2168//2015 
f 471//2015 2207//2015 2206//2015 
o mesh6
f 2330//2016 2331//2017 303//2018 
f 2332//2019 268//2020 303//2018 
f 2333//2021 271//2022 268//2020 
f 2333//2021 2334//2023 273//2024 
f 2335//2025 254//2026 273//2024 
f 2336//2027 257//2028 254//2026 
f 2337//2029 259//2030 257//2028 
f 2338//2031 261//2032 259//2030 
f 2339//2033 263//2034 261//2032 
f 2340//2035 249//2036 263//2034 
f 2340//2035 2341//2037 252//2038 
f 2342//2039 264//2040 252//2038 
f 2343//2041 266//2042 264//2040 
f 2344//2043 274//2044 266//2042 
f 2345//2045 276//2046 274//2044 
f 2346//2047 278//2048 276//2046 
f 2347//2049 285//2050 278//2048 
f 2348//2051 287//2052 285//2050 
f 2349//2053 280//2054 287//2052 
f 2350//2055 283//2056 280//2054 
f 2351//2057 288//2058 283//2056 
f 2352//2059 290//2060 288//2058 
f 2353//2061 292//2062 290//2060 
f 2354//2063 294//2064 292//2062 
f 2355//2065 296//2066 294//2064 
f 2356//2067 298//2068 296//2066 
f 2357//2069 300//2070 298//2068 
f 2358//2071 304//2072 300//2070 
f 2359//2073 2331//2017 2330//2016 
f 2360//2074 2332//2019 2331//2017 
f 2361//2075 2333//2021 2332//2019 
f 2362//2076 2334//2023 2333//2021 
f 2363//2077 2335//2025 2334//2023 
f 2364//2078 2336//2027 2335//2025 
f 2365//2079 2337//2029 2336//2027 
f 2366//2080 2338//2031 2337//2029 
f 2367//2081 2339//2033 2338//2031 
f 2368//2082 2340//2035 2339//2033 
f 2369//2083 2341//2037 2340//2035 
f 2370//2084 2342//2039 2341//2037 
f 2371//2085 2343//2041 2342//2039 
f 2372//2086 2344//2043 2343//2041 
f 2373//2087 2345//2045 2344//2043 
f 2374//2088 2346//2047 2345//2045 
f 2375//2089 2347//2049 2346//2047 
f 2376//2090 2348//2051 2347//2049 
f 2377//2091 2349//2053 2348//2051 
f 2378//2092 2350//2055 2349//2053 
f 2379//2093 2351//2057 2350//2055 
f 2380//2094 2352//2059 2351//2057 
f 2381//2095 2353//2061 2352//2059 
f 2382//2096 2354//2063 2353//2061 
f 2383//2097 2355//2065 2354//2063 
f 2384//2098 2356//2067 2355//2065 
f 2385//2099 2357//2069 2356//2067 
f 2386//2100 2358//2071 2357//2069 
f 2387//2101 2359//2073 2388//2102 
f 2389//2103 2360//2074 2359//2073 
f 2390//2104 2361//2075 2360//2074 
f 2391//2105 2362//2076 2361//2075 
f 2392//2106 2363//2077 2362//2076 
f 2393//2107 2364//2078 2363//2077 
f 2394//2108 2365//2079 2364//2078 
f 2395//2109 2366//2080 2365//2079 
f 2396//2110 2367//2081 2366//2080 
f 2397//2111 2368//2082 2367//2081 
f 2398//2112 2369//2083 2368//2082 
f 2399//2113 2370//2084 2369//2083 
f 2400//2114 2371//2085 2370//2084 
f 2401//2115 2372//2086 2371//2085 
f 2402//2116 2373//2087 2372//2086 
f 2403//2117 2374//2088 2373//2087 
f 2404//2118 2375//2089 2374//2088 
f 2405//2119 2376//2090 2375//2089 
f 2406//2120 2377//2091 2376//2090 
f 2407//2121 2378//2092 2377//2091 
f 2408//2122 2379//2093 2378//2092 
f 2409//2123 2380//2094 2379//2093 
f 2410//2124 2381//2095 2380//2094 
f 2411//2125 2382//2096 2381//2095 
f 2412//2126 2383//2097 2382//2096 
f 2413//2127 2384//2098 2383//2097 
f 2414//2128 2385//2099 2384//2098 
f 2415//2129 2386//2100 2385//2099 
f 2416//2130 2387//2101 2417//2131 
f 2418//2132 2389//2103 2387//2101 
f 2419//2133 2390//2104 2389//2103 
f 2420//2134 2391//2105 2390//2104 
f 2421//2135 2392//2106 2391//2105 
f 2422//2136 2393//2107 2392//2106 
f 2423//2137 2394//2108 2393//2107 
f 2424//2138 2395//2109 2394//2108 
f 2425//2139 2396//2110 2395//2109 
f 2426//2140 2397//2111 2396//2110 
f 2427//2141 2398//2112 2397//2111 
f 2428//2142 2399//2113 2398//2112 
f 2429//2143 2400//2114 2399//2113 
f 2430//2144 2401//2115 2400//2114 
f 2431//2145 2402//2116 2401//2115 
f 2432//2146 2403//2117 2402//2116 
f 2433//2147 2404//2118 2403//2117 
f 2434//2148 2405//2119 2404//2118 
f 2435//2149 2406//2120 2405//2119 
f 2436//2150 2407//2121 2406//2120 
f 2437//2151 2408//2122 2407//2121 
f 2438//2152 2409//2123 2408//2122 
f 2439//2153 2410//2124 2409//2123 
f 2440//2154 2411//2125 2410//2124 
f 2441//2155 2412//2126 2411//2125 
f 2442//2156 2413//2127 2412//2126 
f 2443//2157 2414//2128 2413//2127 
f 2444//2158 2415//2129 2414//2128 
f 2445//2159 2416//2130 2446//2160 
f 2447//2161 2418//2132 2416//2130 
f 2448//2162 2419//2133 2418//2132 
f 2449//2163 2420//2134 2419//2133 
f 2450//2164 2421//2135 2420//2134 
f 2451//2165 2422//2136 2421//2135 
f 2452//2166 2423//2137 2422//2136 
f 2453//2167 2424//2138 2423//2137 
f 2454//2168 2425//2139 2424//2138 
f 2455//2169 2426//2140 2425//2139 
f 2456//2170 2427//2141 2426//2140 
f 2457//2171 2428//2142 2427//2141 
f 2458//2172 2429//2143 2428//2142 
f 2459//2173 2430//2144 2429//2143 
f 2460//2174 2431//2145 2430//2144 
f 2461//2175 2432//2146 2431//2145 
f 2462//2176 2433//2147 2432//2146 
f 2463//2177 2434//2148 2433//2147 
f 2464//2178 2435//2149 2434//2148 
f 2465//2179 2436//2150 2435//2149 
f 2466//2180 2437//2151 2436//2150 
f 2467//2181 2438//2152 2437//2151 
f 2468//2182 2439//2153 2438//2152 
f 2469//2183 2440//2154 2439//2153 
f 2470//2184 2441//2155 2440//2154 
f 2471//2185 2442//2156 2441//2155 
f 2472//2186 2443//2157 2442//2156 
f 2473//2187 2444//2158 2443//2157 
f 2474//2188 2445//2159 2475//2189 
f 2476//2190 2447//2161 2445//2159 
f 2477//2191 2448//2162 2447//2161 
f 2478//2192 2449//2163 2448//2162 
f 2479//2193 2450//2164 2449//2163 
f 2480//2194 2451//2165 2450//2164 
f 2481//2195 2452//2166 2451//2165 
f 2482//2196 2453//2167 2452//2166 
f 2483//2197 2454//2168 2453//2167 
f 2484//2198 2455//2169 2454//2168 
f 2485//2199 2456//2170 2455//2169 
f 2486//2200 2457//2171 2456//2170 
f 2487//2201 2458//2172 2457//2171 
f 2488//2202 2459//2173 2458//2172 
f 2489//2203 2460//2174 2459//2173 
f 2490//2204 2461//2175 2460//2174 
f 2491//2205 2462//2176 2461//2175 
f 2492//2206 2463//2177 2462//2176 
f 2493//2207 2464//2178 2463//2177 
f 2494//2208 2465//2179 2464//2178 
f 2495//2209 2466//2180 2465//2179 
f 2496//2210 2467//2181 2466//2180 
f 2497//2211 2468//2182 2467//2181 
f 2498//2212 2469//2183 2468//2182 
f 2499//2213 2470//2184 2469//2183 
f 2500//2214 2471//2185 2470//2184 
f 2501//2215 2472//2186 2471//2185 
f 2502//2216 2473//2187 2472//2186 
f 2503//2217 2474//2188 2504//2218 
f 2505//2219 2476//2190 2474//2188 
f 2506//2220 2477//2191 2476//2190 
f 2507//2221 2478//2192 2477//2191 
f 2508//2222 2479//2193 2478//2192 
f 2509//2223 2480//2194 2479//2193 
f 2510//2224 2481//2195 2480//2194 
f 2511//2225 2482//2196 2481//2195 
f 2512//2226 2483//2197 2482//2196 
f 2513//2227 2484//2198 2483//2197 
f 2514//2228 2485//2199 2484//2198 
f 2515//2229 2486//2200 2485//2199 
f 2516//2230 2487//2201 2486//2200 
f 2517//2231 2488//2202 2487//2201 
f 2518//2232 2489//2203 2488//2202 
f 2519//2233 2490//2204 2489//2203 
f 2520//2234 2491//2205 2490//2204 
f 2521//2235 2492//2206 2491//2205 
f 2522//2236 2493//2207 2492//2206 
f 2523//2237 2494//2208 2493//2207 
f 2524//2238 2495//2209 2494//2208 
f 2525//2239 2496//2210 2495//2209 
f 2526//2240 2497//2211 2496//2210 
f 2527//2241 2498//2212 2497//2211 
f 2528//2242 2499//2213 2498//2212 
f 2529//2243 2500//2214 2499//2213 
f 2530//2244 2501//2215 2500//2214 
f 2531//2245 2502//2216 2501//2215 
f 2532//2246 2503//2217 2533//2247 
f 2534//2248 2505//2219 2503//2217 
f 2535//2249 2506//2220 2505//2219 
f 2536//2250 2507//2221 2506//2220 
f 2537//2251 2508//2222 2507//2221 
f 2538//2252 2509//2223 2508//2222 
f 2539//2253 2510//2224 2509//2223 
f 2540//2254 2511//2225 2510//2224 
f 2541//2255 2512//2226 2511//2225 
f 2542//2256 2513//2227 2512//2226 
f 2543//2257 2514//2228 2513//2227 
f 2544//2258 2515//2229 2514//2228 
f 2545//2259 2516//2230 2515//2229 
f 2546//2260 2517//2231 2516//2230 
f 2547//2261 2518//2232 2517//2231 
f 2548//2262 2519//2233 2518//2232 
f 2549//2263 2520//2234 2519//2233 
f 2550//2264 2521//2235 2520//2234 
f 2551//2265 2522//2236 2521//2235 
f 2552//2266 2523//2237 2522//2236 
f 2553//2267 2524//2238 2523//2237 
f 2554//2268 2525//2239 2524//2238 
f 2555//2269 2526//2240 2525//2239 
f 2556//2270 2527//2241 2526//2240 
f 2557//2271 2528//2242 2527//2241 
f 2558//2272 2529//2243 2528//2242 
f 2559//2273 2530//2244 2529//2243 
f 2560//2274 2531//2245 2530//2244 
f 2561//2275 2532//2246 2562//2276 
f 2563//2277 2534//2248 2532//2246 
f 2564//2278 2535//2249 2534//2248 
f 2565//2279 2536//2250 2535//2249 
f 2566//2280 2537//2251 2536//2250 
f 2567//2281 2538//2252 2537//2251 
f 2568//2282 2539//2253 2538//2252 
f 2569//2283 2540//2254 2539//2253 
f 2570//2284 2541//2255 2540//2254 
f 2571//2285 2542//2256 2541//2255 
f 2572//2286 2543//2257 2542//2256 
f 2573//2287 2544//2258 2543//2257 
f 2574//2288 2545//2259 2544//2258 
f 2575//2289 2546//2260 2545//2259 
f 2576//2290 2547//2261 2546//2260 
f 2577//2291 2548//2262 2547//2261 
f 2578//2292 2549//2263 2548//2262 
f 2579//2293 2550//2264 2549//2263 
f 2580//2294 2551//2265 2550//2264 
f 2581//2295 2552//2266 2551//2265 
f 2582//2296 2553//2267 2552//2266 
f 2583//2297 2554//2268 2553//2267 
f 2584//2298 2555//2269 2554//2268 
f 2585//2299 2556//2270 2555//2269 
f 2586//2300 2557//2271 2556//2270 
f 2587//2301 2558//2272 2557//2271 
f 2588//2302 2559//2273 2558//2272 
f 2589//2303 2560//2274 2559//2273 
f 2590//2304 2561//2275 2591//2305 
f 2592//2306 2563//2277 2561//2275 
f 2593//2307 2564//2278 2563//2277 
f 2594//2308 2565//2279 2564//2278 
f 2595//2309 2566//2280 2565//2279 
f 2596//2310 2567//2281 2566//2280 
f 2597//2311 2568//2282 2567//2281 
f 2598//2312 2569//2283 2568//2282 
f 2599//2313 2570//2284 2569//2283 
f 2600//2314 2571//2285 2570//2284 
f 2601//2315 2572//2286 2571//2285 
f 2602//2316 2573//2287 2572//2286 
f 2603//2317 2574//2288 2573//2287 
f 2604//2318 2575//2289 2574//2288 
f 2605//2319 2576//2290 2575//2289 
f 2606//2320 2577//2291 2576//2290 
f 2607//2321 2578//2292 2577//2291 
f 2608//2322 2579//2293 2578//2292 
f 2609//2323 2580//2294 2579//2293 
f 2610//2324 2581//2295 2580//2294 
f 2611//2325 2582//2296 2581//2295 
f 2612//2326 2583//2297 2582//2296 
f 2613//2327 2584//2298 2583//2297 
f 2614//2328 2585//2299 2584//2298 
f 2615//2329 2586//2300 2585//2299 
f 2616//2330 2587//2301 2586//2300 
f 2617//2331 2588//2302 2587//2301 
f 2618//2332 2589//2303 2588//2302 
f 2619//2333 2590//2304 2620//2334 
f 2621//2335 2592//2306 2590//2304 
f 2622//2336 2593//2307 2592//2306 
f 2623//2337 2594//2308 2593//2307 
f 2624//2338 2595//2309 2594//2308 
f 2625//2339 2596//2310 2595//2309 
f 2626//2340 2597//2311 2596//2310 
f 2627//2341 2598//2312 2597//2311 
f 2628//2342 2599//2313 2598//2312 
f 2629//2343 2600//2314 2599//2313 
f 2630//2344 2601//2315 2600//2314 
f 2631//2345 2602//2316 2601//2315 
f 2632//2346 2603//2317 2602//2316 
f 2633//2347 2604//2318 2603//2317 
f 2634//2348 2605//2319 2604//2318 
f 2635//2349 2606//2320 2605//2319 
f 2636//2350 2607//2321 2606//2320 
f 2637//2351 2608//2322 2607//2321 
f 2638//2352 2609//2323 2608//2322 
f 2639//2353 2610//2324 2609//2323 
f 2640//2354 2611//2325 2610//2324 
f 2641//2355 2612//2326 2611//2325 
f 2642//2356 2613//2327 2612//2326 
f 2643//2357 2614//2328 2613//2327 
f 2644//2358 2615//2329 2614//2328 
f 2645//2359 2616//2330 2615//2329 
f 2646//2360 2617//2331 2616//2330 
f 2647//2361 2618//2332 2617//2331 
f 2648//2362 2619//2333 2649//2363 
f 2650//2364 2621//2335 2619//2333 
f 2651//2365 2622//2336 2621//2335 
f 2652//2366 2623//2337 2622//2336 
f 2653//2367 2624//2338 2623//2337 
f 2654//2368 2625//2339 2624//2338 
f 2655//2369 2626//2340 2625//2339 
f 2656//2370 2627//2341 2626//2340 
f 2657//2371 2628//2342 2627//2341 
f 2658//2372 2629//2343 2628//2342 
f 2659//2373 2630//2344 2629//2343 
f 2660//2374 2631//2345 2630//2344 
f 2661//2375 2632//2346 2631//2345 
f 2662//2376 2633//2347 2632//2346 
f 2663//2377 2634//2348 2633//2347 
f 2664//2378 2635//2349 2634//2348 
f 2665//2379 2636//2350 2635//2349 
f 2666//2380 2637//2351 2636//2350 
f 2667//2381 2638//2352 2637//2351 
f 2668//2382 2639//2353 2638//2352 
f 2669//2383 2640//2354 2639//2353 
f 2670//2384 2641//2355 2640//2354 
f 2671//2385 2642//2356 2641//2355 
f 2672//2386 2643//2357 2642//2356 
f 2673//2387 2644//2358 2643//2357 
f 2674//2388 2645//2359 2644//2358 
f 2675//2389 2646//2360 2645//2359 
f 2676//2390 2647//2361 2646//2360 
f 2677//2391 2648//2362 2678//2392 
f 2679//2393 2650//2364 2648//2362 
f 2680//2394 2651//2365 2650//2364 
f 2681//2395 2652//2366 2651//2365 
f 2682//2396 2653//2367 2652//2366 
f 2683//2397 2654//2368 2653//2367 
f 2684//2398 2655//2369 2654//2368 
f 2685//2399 2656//2370 2655//2369 
f 2686//2400 2657//2371 2656//2370 
f 2687//2401 2658//2372 2657//2371 
f 2688//2402 2659//2373 2658//2372 
f 2689//2403 2660//2374 2659//2373 
f 2690//2404 2661//2375 2660//2374 
f 2691//2405 2662//2376 2661//2375 
f 2692//2406 2663//2377 2662//2376 
f 2693//2407 2664//2378 2663//2377 
f 2694//2408 2665//2379 2664//2378 
f 2695//2409 2666//2380 2665//2379 
f 2696//2410 2667//2381 2666//2380 
f 2697//2411 2668//2382 2667//2381 
f 2698//2412 2669//2383 2668//2382 
f 2699//2413 2670//2384 2669//2383 
f 2700//2414 2671//2385 2670//2384 
f 2701//2415 2672//2386 2671//2385 
f 2702//2416 2673//2387 2672//2386 
f 2703//2417 2674//2388 2673//2387 
f 2704//2418 2675//2389 2674//2388 
f 2705//2419 2676//2390 2675//2389 
f 2706//2420 2677//2391 2707//2421 
f 2708//2422 2679//2393 2677//2391 
f 2709//2423 2680//2394 2679//2393 
f 2710//2424 2681//2395 2680//2394 
f 2711//2425 2682//2396 2681//2395 
f 2712//2426 2683//2397 2682//2396 
f 2713//2427 2684//2398 2683//2397 
f 2714//2428 2685//2399 2684//2398 
f 2715//2429 2686//2400 2685//2399 
f 2716//2430 2687//2401 2686//2400 
f 2717//2431 2688//2402 2687//2401 
f 2718//2432 2689//2403 2688//2402 
f 2719//2433 2690//2404 2689//2403 
f 2720//2434 2691//2405 2690//2404 
f 2721//2435 2692//2406 2691//2405 
f 2722//2436 2693//2407 2692//2406 
f 2723//2437 2694//2408 2693//2407 
f 2724//2438 2695//2409 2694//2408 
f 2725//2439 2696//2410 2695//2409 
f 2726//2440 2697//2411 2696//2410 
f 2727//2441 2698//2412 2697//2411 
f 2728//2442 2699//2413 2698//2412 
f 2729//2443 2700//2414 2699//2413 
f 2730//2444 2701//2415 2700//2414 
f 2731//2445 2702//2416 2701//2415 
f 2732//2446 2703//2417 2702//2416 
f 2733//2447 2704//2418 2703//2417 
f 2734//2448 2705//2419 2704//2418 
f 2735//2449 2736//2450 2737//2451 
f 2738//2452 2706//2420 2736//2450 
f 2739//2453 2708//2422 2706//2420 
f 2740//2454 2709//2423 2708//2422 
f 2741//2455 2710//2424 2709//2423 
f 2742//2456 2711//2425 2710//2424 
f 2743//2457 2712//2426 2711//2425 
f 2744//2458 2713//2427 2712//2426 
f 2745//2459 2714//2428 2713//2427 
f 2746//2460 2715//2429 2714//2428 
f 2747//2461 2716//2430 2715//2429 
f 2748//2462 2717//2431 2716//2430 
f 2749//2463 2718//2432 2717//2431 
f 2750//2464 2719//2433 2718//2432 
f 2751//2465 2720//2434 2719//2433 
f 2752//2466 2721//2435 2720//2434 
f 2753//2467 2722//2436 2721//2435 
f 2754//2468 2723//2437 2722//2436 
f 2755//2469 2724//2438 2723//2437 
f 2756//2470 2725//2439 2724//2438 
f 2757//2471 2726//2440 2725//2439 
f 2758//2472 2727//2441 2726//2440 
f 2759//2473 2728//2442 2727//2441 
f 2760//2474 2729//2443 2728//2442 
f 2761//2475 2730//2444 2729//2443 
f 2762//2476 2731//2445 2730//2444 
f 2763//2477 2732//2446 2731//2445 
f 2764//2478 2733//2447 2732//2446 
f 2765//2479 2734//2448 2733//2447 
f 2766//2480 2767//2481 2734//2448 
f 2768//2482 2735//2449 2769//2483 
f 2770//2484 2738//2452 2735//2449 
f 2771//2485 2739//2453 2738//2452 
f 2772//2486 2740//2454 2739//2453 
f 2773//2487 2741//2455 2740//2454 
f 2774//2488 2742//2456 2741//2455 
f 2775//2489 2743//2457 2742//2456 
f 2776//2490 2744//2458 2743//2457 
f 2777//2491 2745//2459 2744//2458 
f 2778//2492 2746//2460 2745//2459 
f 2779//2493 2747//2461 2746//2460 
f 2780//2494 2748//2462 2747//2461 
f 2781//2495 2749//2463 2748//2462 
f 2782//2496 2750//2464 2749//2463 
f 2783//2497 2751//2465 2750//2464 
f 2784//2498 2752//2466 2751//2465 
f 2785//2499 2753//2467 2752//2466 
f 2786//2500 2754//2468 2753//2467 
f 2787//2501 2755//2469 2754//2468 
f 2788//2502 2756//2470 2755//2469 
f 2789//2503 2757//2471 2756//2470 
f 2790//2504 2758//2472 2757//2471 
f 2791//2505 2759//2473 2758//2472 
f 2792//2506 2760//2474 2759//2473 
f 2793//2507 2761//2475 2760//2474 
f 2794//2508 2762//2476 2761//2475 
f 2795//2509 2763//2477 2762//2476 
f 2796//2510 2764//2478 2763//2477 
f 2797//2511 2765//2479 2764//2478 
f 2798//2512 2766//2480 2765//2479 
f 2799//2513 2768//2482 2800//2514 
f 2801//2515 2770//2484 2768//2482 
f 2802//2516 2771//2485 2770//2484 
f 2803//2517 2772//2486 2771//2485 
f 2804//2518 2773//2487 2772//2486 
f 2805//2519 2774//2488 2773//2487 
f 2806//2520 2775//2489 2774//2488 
f 2807//2521 2776//2490 2775//2489 
f 2808//2522 2777//2491 2776//2490 
f 2809//2523 2778//2492 2777//2491 
f 2810//2524 2779//2493 2778//2492 
f 2811//2525 2780//2494 2779//2493 
f 2812//2526 2781//2495 2780//2494 
f 2813//2527 2782//2496 2781//2495 
f 2814//2528 2783//2497 2782//2496 
f 2815//2529 2784//2498 2783//2497 
f 2816//2530 2785//2499 2784//2498 
f 2817//2531 2786//2500 2785//2499 
f 2818//2532 2787//2501 2786//2500 
f 2819//2533 2788//2502 2787//2501 
f 2820//2534 2789//2503 2788//2502 
f 2821//2535 2790//2504 2789//2503 
f 2822//2536 2791//2505 2790//2504 
f 2823//2537 2792//2506 2791//2505 
f 2824//2538 2793//2507 2792//2506 
f 2825//2539 2794//2508 2793//2507 
f 2826//2540 2795//2509 2794//2508 
f 2827//2541 2796//2510 2795//2509 
f 2828//2542 2797//2511 2796//2510 
f 2829//2543 2798//2512 2797//2511 
f 2830//2544 2799//2513 2831//2545 
f 2832//2546 2801//2515 2799//2513 
f 2833//2547 2802//2516 2801//2515 
f 2834//2548 2803//2517 2802//2516 
f 2835//2549 2804//2518 2803//2517 
f 2836//2550 2805//2519 2804//2518 
f 2837//2551 2806//2520 2805//2519 
f 2838//2552 2807//2521 2806//2520 
f 2839//2553 2808//2522 2807//2521 
f 2840//2554 2809//2523 2808//2522 
f 2841//2555 2810//2524 2809//2523 
f 2842//2556 2811//2525 2810//2524 
f 2843//2557 2812//2526 2811//2525 
f 2844//2558 2813//2527 2812//2526 
f 2845//2559 2814//2528 2813//2527 
f 2846//2560 2815//2529 2814//2528 
f 2847//2561 2816//2530 2815//2529 
f 2848//2562 2817//2531 2816//2530 
f 2849//2563 2818//2532 2817//2531 
f 2850//2564 2819//2533 2818//2532 
f 2851//2565 2820//2534 2819//2533 
f 2852//2566 2821//2535 2820//2534 
f 2853//2567 2822//2536 2821//2535 
f 2854//2568 2823//2537 2822//2536 
f 2855//2569 2824//2538 2823//2537 
f 2856//2570 2825//2539 2824//2538 
f 2857//2571 2826//2540 2825//2539 
f 2858//2572 2827//2541 2826//2540 
f 2859//2573 2828//2542 2827//2541 
f 2860//2574 2829//2543 2828//2542 
f 2861//2575 2830//2544 2862//2576 
f 2863//2577 2832//2546 2830//2544 
f 2864//2578 2833//2547 2832//2546 
f 2865//2579 2834//2548 2833//2547 
f 2866//2580 2835//2549 2834//2548 
f 2867//2581 2836//2550 2835//2549 
f 2868//2582 2837//2551 2836//2550 
f 2869//2583 2838//2552 2837//2551 
f 2870//2584 2839//2553 2838//2552 
f 2871//2585 2840//2554 2839//2553 
f 2872//2586 2841//2555 2840//2554 
f 2873//2587 2842//2556 2841//2555 
f 2874//2588 2843//2557 2842//2556 
f 2875//2589 2844//2558 2843//2557 
f 2876//2590 2845//2559 2844//2558 
f 2877//2591 2846//2560 2845//2559 
f 2878//2592 2847//2561 2846//2560 
f 2879//2593 2848//2562 2847//2561 
f 2880//2594 2849//2563 2848//2562 
f 2881//2595 2850//2564 2849//2563 
f 2882//2596 2851//2565 2850//2564 
f 2883//2597 2852//2566 2851//2565 
f 2884//2598 2853//2567 2852//2566 
f 2885//2599 2854//2568 2853//2567 
f 2886//2600 2855//2569 2854//2568 
f 2887//2601 2856//2570 2855//2569 
f 2888//2602 2857//2571 2856//2570 
f 2889//2603 2858//2572 2857//2571 
f 2890//2604 2859//2573 2858//2572 
f 2891//2605 2860//2574 2859//2573 
f 2892//2606 2861//2575 2893//2607 
f 2894//2608 2863//2577 2861//2575 
f 2895//2609 2864//2578 2863//2577 
f 2896//2610 2865//2579 2864//2578 
f 2897//2611 2866//2580 2865//2579 
f 2898//2612 2867//2581 2866//2580 
f 2899//2613 2868//2582 2867//2581 
f 2900//2614 2869//2583 2868//2582 
f 2901//2615 2870//2584 2869//2583 
f 2902//2616 2871//2585 2870//2584 
f 2903//2617 2872//2586 2871//2585 
f 2904//2618 2873//2587 2872//2586 
f 2905//2619 2874//2588 2873//2587 
f 2906//2620 2875//2589 2874//2588 
f 2907//2621 2876//2590 2875//2589 
f 2908//2622 2877//2591 2876//2590 
f 2909//2623 2878//2592 2877//2591 
f 2910//2624 2879//2593 2878//2592 
f 2911//2625 2880//2594 2879//2593 
f 2912//2626 2881//2595 2880//2594 
f 2913//2627 2882//2596 2881//2595 
f 2914//2628 2883//2597 2882//2596 
f 2915//2629 2884//2598 2883//2597 
f 2916//2630 2885//2599 2884//2598 
f 2917//2631 2886//2600 2885//2599 
f 2918//2632 2887//2601 2886//2600 
f 2919//2633 2888//2602 2887//2601 
f 2920//2634 2889//2603 2888//2602 
f 2921//2635 2890//2604 2889//2603 
f 2922//2636 2891//2605 2890//2604 
f 2923//2637 2892//2606 2924//2638 
f 2925//2639 2894//2608 2892//2606 
f 2926//2640 2895//2609 2894//2608 
f 2927//2641 2896//2610 2895//2609 
f 2928//2642 2897//2611 2896//2610 
f 2929//2643 2898//2612 2897//2611 
f 2930//2644 2899//2613 2898//2612 
f 2931//2645 2900//2614 2899//2613 
f 2932//2646 2901//2615 2900//2614 
f 2933//2647 2902//2616 2901//2615 
f 2934//2648 2903//2617 2902//2616 
f 2935//2649 2904//2618 2903//2617 
f 2936//2650 2905//2619 2904//2618 
f 2937//2651 2906//2620 2905//2619 
f 2938//2652 2907//2621 2906//2620 
f 2939//2653 2908//2622 2907//2621 
f 2940//2654 2909//2623 2908//2622 
f 2941//2655 2910//2624 2909//2623 
f 2942//2656 2911//2625 2910//2624 
f 2943//2657 2912//2626 2911//2625 
f 2944//2658 2913//2627 2912//2626 
f 2945//2659 2914//2628 2913//2627 
f 2946//2660 2915//2629 2914//2628 
f 2947//2661 2916//2630 2915//2629 
f 2948//2662 2917//2631 2916//2630 
f 2949//2663 2918//2632 2917//2631 
f 2950//2664 2919//2633 2918//2632 
f 2951//2665 2920//2634 2919//2633 
f 2952//2666 2921//2635 2920//2634 
f 2953//2667 2922//2636 2921//2635 
f 2954//2668 2923//2637 2955//2669 
f 2956//2670 2925//2639 2923//2637 
f 2957//2671 2926//2640 2925//2639 
f 2958//2672 2927//2641 2926//2640 
f 2959//2673 2928//2642 2927//2641 
f 2960//2674 2929//2643 2928//2642 
f 2961//2675 2930//2644 2929//2643 
f 2962//2676 2931//2645 2930//2644 
f 2963//2677 2932//2646 2931//2645 
f 2964//2678 2933//2647 2932//2646 
f 2965//2679 2934//2648 2933//2647 
f 2966//2680 2935//2649 2934//2648 
f 2967//2681 2936//2650 2935//2649 
f 2968//2682 2937//2651 2936//2650 
f 2969//2683 2938//2652 2937//2651 
f 2970//2684 2939//2653 2938//2652 
f 2971//2685 2940//2654 2939//2653 
f 2972//2686 2941//2655 2940//2654 
f 2973//2687 2942//2656 2941//2655 
f 2974//2688 2943//2657 2942//2656 
f 2975//2689 2944//2658 2943//2657 
f 2976//2690 2945//2659 2944//2658 
f 2977//2691 2946//2660 2945//2659 
f 2978//2692 2947//2661 2946//2660 
f 2979//2693 2948//2662 2947//2661 
f 2980//2694 2949//2663 2948//2662 
f 2981//2695 2950//2664 2949//2663 
f 2982//2696 2951//2665 2950//2664 
f 2983//2697 2952//2666 2951//2665 
f 2984//2698 2953//2667 2952//2666 
f 2985//2699 2986//2700 2987//2701 
f 2988//2702 2954//2668 2986//2700 
f 2989//2703 2956//2670 2954//2668 
f 2990//2704 2957//2671 2956//2670 
f 2991//2705 2958//2672 2957//2671 
f 2992//2706 2959//2673 2958//2672 
f 2993//2707 2960//2674 2959//2673 
f 2994//2708 2961//2675 2960//2674 
f 2995//2709 2962//2676 2961//2675 
f 2996//2710 2963//2677 2962//2676 
f 2997//2711 2964//2678 2963//2677 
f 2998//2712 2965//2679 2964//2678 
f 2999//2713 2966//2680 2965//2679 
f 3000//2714 2967//2681 2966//2680 
f 3001//2715 2968//2682 2967//2681 
f 3002//2716 2969//2683 2968//2682 
f 3003//2717 2970//2684 2969//2683 
f 3004//2718 2971//2685 2970//2684 
f 3005//2719 2972//2686 2971//2685 
f 3006//2720 2973//2687 2972//2686 
f 3007//2721 2974//2688 2973//2687 
f 3008//2722 2975//2689 2974//2688 
f 3009//2723 2976//2690 2975//2689 
f 3010//2724 2977//2691 2976//2690 
f 3011//2725 2978//2692 2977//2691 
f 3012//2726 2979//2693 2978//2692 
f 3013//2727 2980//2694 2979//2693 
f 3014//2728 2981//2695 2980//2694 
f 3015//2729 2982//2696 2981//2695 
f 3016//2730 2983//2697 2982//2696 
f 3017//2731 2984//2698 2983//2697 
f 3018//2732 3019//2733 2984//2698 
f 3020//2734 2985//2699 3021//2735 
f 3022//2736 2988//2702 2985//2699 
f 3023//2737 2989//2703 2988//2702 
f 3024//2738 2990//2704 2989//2703 
f 3025//2739 2991//2705 2990//2704 
f 3026//2740 2992//2706 2991//2705 
f 3027//2741 2993//2707 2992//2706 
f 3028//2742 2994//2708 2993//2707 
f 3029//2743 2995//2709 2994//2708 
f 3030//2744 2996//2710 2995//2709 
f 3031//2745 2997//2711 2996//2710 
f 3032//2746 2998//2712 2997//2711 
f 3033//2747 2999//2713 2998//2712 
f 3034//2748 3000//2714 2999//2713 
f 3035//2749 3001//2715 3000//2714 
f 3036//2750 3002//2716 3001//2715 
f 3037//2751 3003//2717 3002//2716 
f 3038//2752 3004//2718 3003//2717 
f 3039//2753 3005//2719 3004//2718 
f 3040//2754 3006//2720 3005//2719 
f 3041//2755 3007//2721 3006//2720 
f 3042//2756 3008//2722 3007//2721 
f 3043//2757 3009//2723 3008//2722 
f 3044//2758 3010//2724 3009//2723 
f 3045//2759 3011//2725 3010//2724 
f 3046//2760 3012//2726 3011//2725 
f 3047//2761 3013//2727 3012//2726 
f 3048//2762 3014//2728 3013//2727 
f 3049//2763 3015//2729 3014//2728 
f 3050//2764 3016//2730 3015//2729 
f 3051//2765 3017//2731 3016//2730 
f 3052//2766 3018//2732 3017//2731 
f 3053//2767 3020//2734 3054//2768 
f 3055//2769 3022//2736 3020//2734 
f 3056//2770 3023//2737 3022//2736 
f 3057//2771 3024//2738 3023//2737 
f 3058//2772 3025//2739 3024//2738 
f 3059//2773 3026//2740 3025//2739 
f 3060//2774 3027//2741 3026//2740 
f 3061//2775 3028//2742 3027//2741 
f 3062//2776 3029//2743 3028//2742 
f 3063//2777 3030//2744 3029//2743 
f 3064//2778 3031//2745 3030//2744 
f 3065//2779 3032//2746 3031//2745 
f 3066//2780 3033//2747 3032//2746 
f 3067//2781 3034//2748 3033//2747 
f 3068//2782 3035//2749 3034//2748 
f 3069//2783 3036//2750 3035//2749 
f 3070//2784 3037//2751 3036//2750 
f 3071//2785 3038//2752 3037//2751 
f 3072//2786 3039//2753 3038//2752 
f 3073//2787 3040//2754 3039//2753 
f 3074//2788 3041//2755 3040//2754 
f 3075//2789 3042//2756 3041//2755 
f 3076//2790 3043//2757 3042//2756 
f 3077//2791 3044//2758 3043//2757 
f 3078//2792 3045//2759 3044//2758 
f 3079//2793 3046//2760 3045//2759 
f 3080//2794 3047//2761 3046//2760 
f 3081//2795 3048//2762 3047//2761 
f 3082//2796 3049//2763 3048//2762 
f 3083//2797 3050//2764 3049//2763 
f 3084//2798 3051//2765 3050//2764 
f 3085//2799 3052//2766 3051//2765 
f 3086//2800 3053//2767 3087//2801 
f 3088//2802 3055//2769 3053//2767 
f 3089//2803 3056//2770 3055//2769 
f 3090//2804 3057//2771 3056//2770 
f 3091//2805 3058//2772 3057//2771 
f 3092//2806 3059//2773 3058//2772 
f 3093//2807 3060//2774 3059//2773 
f 3094//2808 3061//2775 3060//2774 
f 3095//2809 3062//2776 3061//2775 
f 3096//2810 3063//2777 3062//2776 
f 3097//2811 3064//2778 3063//2777 
f 3098//2812 3065//2779 3064//2778 
f 3099//2813 3066//2780 3065//2779 
f 3100//2814 3067//2781 3066//2780 
f 3101//2815 3068//2782 3067//2781 
f 3102//2816 3069//2783 3068//2782 
f 3103//2817 3070//2784 3069//2783 
f 3104//2818 3071//2785 3070//2784 
f 3105//2819 3072//2786 3071//2785 
f 3106//2820 3073//2787 3072//2786 
f 3107//2821 3074//2788 3073//2787 
f 3108//2822 3075//2789 3074//2788 
f 3109//2823 3076//2790 3075//2789 
f 3110//2824 3077//2791 3076//2790 
f 3111//2825 3078//2792 3077//2791 
f 3112//2826 3079//2793 3078//2792 
f 3113//2827 3080//2794 3079//2793 
f 3114//2828 3081//2795 3080//2794 
f 3115//2829 3082//2796 3081//2795 
f 3116//2830 3083//2797 3082//2796 
f 3117//2831 3084//2798 3083//2797 
f 3118//2832 3085//2799 3084//2798 
f 3119//2833 3086//2800 3120//2834 
f 3121//2835 3088//2802 3086//2800 
f 3122//2836 3089//2803 3088//2802 
f 3123//2837 3090//2804 3089//2803 
f 3124//2838 3091//2805 3090//2804 
f 3125//2839 3092//2806 3091//2805 
f 3126//2840 3093//2807 3092//2806 
f 3127//2841 3094//2808 3093//2807 
f 3128//2842 3095//2809 3094//2808 
f 3129//2843 3096//2810 3095//2809 
f 3130//2844 3097//2811 3096//2810 
f 3131//2845 3098//2812 3097//2811 
f 3132//2846 3099//2813 3098//2812 
f 3133//2847 3100//2814 3099//2813 
f 3134//2848 3101//2815 3100//2814 
f 3135//2849 3102//2816 3101//2815 
f 3136//2850 3103//2817 3102//2816 
f 3137//2851 3104//2818 3103//2817 
f 3138//2852 3105//2819 3104//2818 
f 3139//2853 3106//2820 3105//2819 
f 3140//2854 3107//2821 3106//2820 
f 3141//2855 3108//2822 3107//2821 
f 3142//2856 3109//2823 3108//2822 
f 3143//2857 3110//2824 3109//2823 
f 3144//2858 3111//2825 3110//2824 
f 3145//2859 3112//2826 3111//2825 
f 3146//2860 3113//2827 3112//2826 
f 3147//2861 3114//2828 3113//2827 
f 3148//2862 3115//2829 3114//2828 
f 3149//2863 3116//2830 3115//2829 
f 3150//2864 3117//2831 3116//2830 
f 3151//2865 3118//2832 3117//2831 
f 3152//2866 3119//2833 3153//2867 
f 3154//2868 3121//2835 3119//2833 
f 3155//2869 3122//2836 3121//2835 
f 3156//2870 3123//2837 3122//2836 
f 3157//2871 3124//2838 3123//2837 
f 3158//2872 3125//2839 3124//2838 
f 3159//2873 3126//2840 3125//2839 
f 3160//2874 3127//2841 3126//2840 
f 3161//2875 3128//2842 3127//2841 
f 3162//2876 3129//2843 3128//2842 
f 3163//2877 3130//2844 3129//2843 
f 3164//2878 3131//2845 3130//2844 
f 3165//2879 3132//2846 3131//2845 
f 3166//2880 3133//2847 3132//2846 
f 3167//2881 3134//2848 3133//2847 
f 3168//2882 3135//2849 3134//2848 
f 3169//2883 3136//2850 3135//2849 
f 3170//2884 3137//2851 3136//2850 
f 3171//2885 3138//2852 3137//2851 
f 3172//2886 3139//2853 3138//2852 
f 3173//2887 3140//2854 3139//2853 
f 3174//2888 3141//2855 3140//2854 
f 3175//2889 3142//2856 3141//2855 
f 3176//2890 3143//2857 3142//2856 
f 3177//2891 3144//2858 3143//2857 
f 3178//2892 3145//2859 3144//2858 
f 3179//2893 3146//2860 3145//2859 
f 3180//2894 3147//2861 3146//2860 
f 3181//2895 3148//2862 3147//2861 
f 3182//2896 3149//2863 3148//2862 
f 3183//2897 3150//2864 3149//2863 
f 3184//2898 3151//2865 3150//2864 
f 3185//2899 3152//2866 3186//2900 
f 3187//2901 3154//2868 3152//2866 
f 3188//2902 3155//2869 3154//2868 
f 3189//2903 3156//2870 3155//2869 
f 3190//2904 3157//2871 3156//2870 
f 3191//2905 3158//2872 3157//2871 
f 3192//2906 3159//2873 3158//2872 
f 3193//2907 3160//2874 3159//2873 
f 3194//2908 3161//2875 3160//2874 
f 3195//2909 3162//2876 3161//2875 
f 3196//2910 3163//2877 3162//2876 
f 3197//2911 3164//2878 3163//2877 
f 3198//2912 3165//2879 3164//2878 
f 3199//2913 3166//2880 3165//2879 
f 3200//2914 3167//2881 3166//2880 
f 3201//2915 3168//2882 3167//2881 
f 3202//2916 3169//2883 3168//2882 
f 3203//2917 3170//2884 3169//2883 
f 3204//2918 3171//2885 3170//2884 
f 3205//2919 3172//2886 3171//2885 
f 3206//2920 3173//2887 3172//2886 
f 3207//2921 3174//2888 3173//2887 
f 3208//2922 3175//2889 3174//2888 
f 3209//2923 3176//2890 3175//2889 
f 3210//2924 3177//2891 3176//2890 
f 3211//2925 3178//2892 3177//2891 
f 3212//2926 3179//2893 3178//2892 
f 3213//2927 3180//2894 3179//2893 
f 3214//2928 3181//2895 3180//2894 
f 3215//2929 3182//2896 3181//2895 
f 3216//2930 3183//2897 3182//2896 
f 3217//2931 3184//2898 3183//2897 
f 3218//2932 3219//2933 3220//2934 
f 3221//2935 3185//2899 3219//2933 
f 3222//2936 3187//2901 3185//2899 
f 3223//2937 3188//2902 3187//2901 
f 3224//2938 3189//2903 3188//2902 
f 3225//2939 3190//2904 3189//2903 
f 3226//2940 3191//2905 3190//2904 
f 3227//2941 3192//2906 3191//2905 
f 3228//2942 3193//2907 3192//2906 
f 3229//2943 3194//2908 3193//2907 
f 3230//2944 3195//2909 3194//2908 
f 3231//2945 3196//2910 3195//2909 
f 3232//2946 3197//2911 3196//2910 
f 3233//2947 3198//2912 3197//2911 
f 3234//2948 3199//2913 3198//2912 
f 3235//2949 3200//2914 3199//2913 
f 3236//2950 3201//2915 3200//2914 
f 3237//2951 3202//2916 3201//2915 
f 3238//2952 3203//2917 3202//2916 
f 3239//2953 3204//2918 3203//2917 
f 3240//2954 3205//2919 3204//2918 
f 3241//2955 3206//2920 3205//2919 
f 3242//2956 3207//2921 3206//2920 
f 3243//2957 3208//2922 3207//2921 
f 3244//2958 3209//2923 3208//2922 
f 3245//2959 3210//2924 3209//2923 
f 3246//2960 3211//2925 3210//2924 
f 3247//2961 3212//2926 3211//2925 
f 3248//2962 3213//2927 3212//2926 
f 3249//2963 3214//2928 3213//2927 
f 3250//2964 3215//2929 3214//2928 
f 3251//2965 3216//2930 3215//2929 
f 3252//2966 3217//2931 3216//2930 
f 3253//2967 3254//2968 3217//2931 
f 3255//2969 3218//2932 3256//2970 
f 3257//2971 3221//2935 3218//2932 
f 3258//2972 3222//2936 3221//2935 
f 3259//2973 3223//2937 3222//2936 
f 3260//2974 3224//2938 3223//2937 
f 3261//2975 3225//2939 3224//2938 
f 3262//2976 3226//2940 3225//2939 
f 3263//2977 3227//2941 3226//2940 
f 3264//2978 3228//2942 3227//2941 
f 3265//2979 3229//2943 3228//2942 
f 3266//2980 3230//2944 3229//2943 
f 3267//2981 3231//2945 3230//2944 
f 3268//2982 3232//2946 3231//2945 
f 3269//2983 3233//2947 3232//2946 
f 3270//2984 3234//2948 3233//2947 
f 3271//2985 3235//2949 3234//2948 
f 3272//2986 3236//2950 3235//2949 
f 3273//2987 3237//2951 3236//2950 
f 3274//2988 3238//2952 3237//2951 
f 3275//2989 3239//2953 3238//2952 
f 3276//2990 3240//2954 3239//2953 
f 3277//2991 3241//2955 3240//2954 
f 3278//2992 3242//2956 3241//2955 
f 3279//2993 3243//2957 3242//2956 
f 3280//2994 3244//2958 3243//2957 
f 3281//2995 3245//2959 3244//2958 
f 3282//2996 3246//2960 3245//2959 
f 3283//2997 3247//2961 3246//2960 
f 3284//2998 3248//2962 3247//2961 
f 3285//2999 3249//2963 3248//2962 
f 3286//3000 3250//2964 3249//2963 
f 3287//3001 3251//2965 3250//2964 
f 3288//3002 3252//2966 3251//2965 
f 3289//3003 3253//2967 3252//2966 
f 3290//3004 3255//2969 3291//3005 
f 3292//3006 3257//2971 3255//2969 
f 3293//3007 3258//2972 3257//2971 
f 3294//3008 3259//2973 3258//2972 
f 3295//3009 3260//2974 3259//2973 
f 3296//3010 3261//2975 3260//2974 
f 3297//3011 3262//2976 3261//2975 
f 3298//3012 3263//2977 3262//2976 
f 3299//3013 3264//2978 3263//2977 
f 3300//3014 3265//2979 3264//2978 
f 3301//3015 3266//2980 3265//2979 
f 3302//3016 3267//2981 3266//2980 
f 3303//3017 3268//2982 3267//2981 
f 3304//3018 3269//2983 3268//2982 
f 3305//3019 3270//2984 3269//2983 
f 3306//3020 3271//2985 3270//2984 
f 3307//3021 3272//2986 3271//2985 
f 3308//3022 3273//2987 3272//2986 
f 3309//3023 3274//2988 3273//2987 
f 3310//3024 3275//2989 3274//2988 
f 3311//3025 3276//2990 3275//2989 
f 3312//3026 3277//2991 3276//2990 
f 3313//3027 3278//2992 3277//2991 
f 3314//3028 3279//2993 3278//2992 
f 3315//3029 3280//2994 3279//2993 
f 3316//3030 3281//2995 3280//2994 
f 3317//3031 3282//2996 3281//2995 
f 3318//3032 3283//2997 3282//2996 
f 3319//3033 3284//2998 3283//2997 
f 3320//3034 3285//2999 3284//2998 
f 3321//3035 3286//3000 3285//2999 
f 3322//3036 3287//3001 3286//3000 
f 3323//3037 3288//3002 3287//3001 
f 3324//3038 3289//3003 3288//3002 
f 3325//3039 3290//3004 3326//3040 
f 3327//3041 3292//3006 3290//3004 
f 3328//3042 3293//3007 3292//3006 
f 3329//3043 3294//3008 3293//3007 
f 3330//3044 3295//3009 3294//3008 
f 3331//3045 3296//3010 3295//3009 
f 3332//3046 3297//3011 3296//3010 
f 3333//3047 3298//3012 3297//3011 
f 3334//3048 3299//3013 3298//3012 
f 3335//3049 3300//3014 3299//3013 
f 3336//3050 3301//3015 3300//3014 
f 3337//3051 3302//3016 3301//3015 
f 3338//3052 3303//3017 3302//3016 
f 3339//3053 3304//3018 3303//3017 
f 3340//3054 3305//3019 3304//3018 
f 3341//3055 3306//3020 3305//3019 
f 3342//3056 3307//3021 3306//3020 
f 3343//3057 3308//3022 3307//3021 
f 3344//3058 3309//3023 3308//3022 
f 3345//3059 3310//3024 3309//3023 
f 3346//3060 3311//3025 3310//3024 
f 3347//3061 3312//3026 3311//3025 
f 3348//3062 3313//3027 3312//3026 
f 3349//3063 3314//3028 3313//3027 
f 3350//3064 3315//3029 3314//3028 
f 3351//3065 3316//3030 3315//3029 
f 3352//3066 3317//3031 3316//3030 
f 3353//3067 3318//3032 3317//3031 
f 3354//3068 3319//3033 3318//3032 
f 3355//3069 3320//3034 3319//3033 
f 3356//3070 3321//3035 3320//3034 
f 3357//3071 3322//3036 3321//3035 
f 3358//3072 3323//3037 3322//3036 
f 3359//3073 3324//3038 3323//3037 
f 3360//3074 3325//3039 3361//3075 
f 3362//3076 3327//3041 3325//3039 
f 3363//3077 3328//3042 3327//3041 
f 3364//3078 3329//3043 3328//3042 
f 3365//3079 3330//3044 3329//3043 
f 3366//3080 3331//3045 3330//3044 
f 3367//3081 3332//3046 3331//3045 
f 3368//3082 3333//3047 3332//3046 
f 3369//3083 3334//3048 3333//3047 
f 3370//3084 3335//3049 3334//3048 
f 3371//3085 3336//3050 3335//3049 
f 3372//3086 3337//3051 3336//3050 
f 3373//3087 3338//3052 3337//3051 
f 3374//3088 3339//3053 3338//3052 
f 3375//3089 3340//3054 3339//3053 
f 3376//3090 3341//3055 3340//3054 
f 3377//3091 3342//3056 3341//3055 
f 3378//3092 3343//3057 3342//3056 
f 3379//3093 3344//3058 3343//3057 
f 3380//3094 3345//3059 3344//3058 
f 3381//3095 3346//3060 3345//3059 
f 3382//3096 3347//3061 3346//3060 
f 3383//3097 3348//3062 3347//3061 
f 3384//3098 3349//3063 3348//3062 
f 3385//3099 3350//3064 3349//3063 
f 3386//3100 3351//3065 3350//3064 
f 3387//3101 3352//3066 3351//3065 
f 3388//3102 3353//3067 3352//3066 
f 3389//3103 3354//3068 3353//3067 
f 3390//3104 3355//3069 3354//3068 
f 3391//3105 3356//3070 3355//3069 
f 3392//3106 3357//3071 3356//3070 
f 3393//3107 3358//3072 3357//3071 
f 3394//3108 3359//3073 3358//3072 
f 3395//3109 3360//3074 3396//3110 
f 3397//3111 3362//3076 3360//3074 
f 3398//3112 3363//3077 3362//3076 
f 3399//3113 3364//3078 3363//3077 
f 3400//3114 3365//3079 3364//3078 
f 3401//3115 3366//3080 3365//3079 
f 3402//3116 3367//3081 3366//3080 
f 3403//3117 3368//3082 3367//3081 
f 3404//3118 3369//3083 3368//3082 
f 3405//3119 3370//3084 3369//3083 
f 3406//3120 3371//3085 3370//3084 
f 3407//3121 3372//3086 3371//3085 
f 3408//3122 3373//3087 3372//3086 
f 3409//3123 3374//3088 3373//3087 
f 3410//3124 3375//3089 3374//3088 
f 3411//3125 3376//3090 3375//3089 
f 3412//3126 3377//3091 3376//3090 
f 3413//3127 3378//3092 3377//3091 
f 3414//3128 3379//3093 3378//3092 
f 3415//3129 3380//3094 3379//3093 
f 3416//3130 3381//3095 3380//3094 
f 3417//3131 3382//3096 3381//3095 
f 3418//3132 3383//3097 3382//3096 
f 3419//3133 3384//3098 3383//3097 
f 3420//3134 3385//3099 3384//3098 
f 3421//3135 3386//3100 3385//3099 
f 3422//3136 3387//3101 3386//3100 
f 3423//3137 3388//3102 3387//3101 
f 3424//3138 3389//3103 3388//3102 
f 3425//3139 3390//3104 3389//3103 
f 3426//3140 3391//3105 3390//3104 
f 3427//3141 3392//3106 3391//3105 
f 3428//3142 3393//3107 3392//3106 
f 3429//3143 3394//3108 3393//3107 
f 3430//3144 3431//3145 3432//3146 
f 3433//3147 3395//3109 3431//3145 
f 3434//3148 3397//3111 3395//3109 
f 3435//3149 3398//3112 3397//3111 
f 3436//3150 3399//3113 3398//3112 
f 3437//3151 3400//3114 3399//3113 
f 3438//3152 3401//3115 3400//3114 
f 3439//3153 3402//3116 3401//3115 
f 3440//3154 3403//3117 3402//3116 
f 3441//3155 3404//3118 3403//3117 
f 3442//3156 3405//3119 3404//3118 
f 3443//3157 3406//3120 3405//3119 
f 3444//3158 3407//3121 3406//3120 
f 3445//3159 3408//3122 3407//3121 
f 3446//3160 3409//3123 3408//3122 
f 3447//3161 3410//3124 3409//3123 
f 3448//3162 3411//3125 3410//3124 
f 3449//3163 3412//3126 3411//3125 
f 3450//3164 3413//3127 3412//3126 
f 3451//3165 3414//3128 3413//3127 
f 3452//3166 3415//3129 3414//3128 
f 3453//3167 3416//3130 3415//3129 
f 3454//3168 3417//3131 3416//3130 
f 3455//3169 3418//3132 3417//3131 
f 3456//3170 3419//3133 3418//3132 
f 3457//3171 3420//3134 3419//3133 
f 3458//3172 3421//3135 3420//3134 
f 3459//3173 3422//3136 3421//3135 
f 3460//3174 3423//3137 3422//3136 
f 3461//3175 3424//3138 3423//3137 
f 3462//3176 3425//3139 3424//3138 
f 3463//3177 3426//3140 3425//3139 
f 3464//3178 3427//3141 3426//3140 
f 3465//3179 3428//3142 3427//3141 
f 3466//3180 3429//3143 3428//3142 
f 3467//3181 3468//3182 3429//3143 
f 3469//3183 3430//3144 3470//3184 
f 3471//3185 3433//3147 3430//3144 
f 3472//3186 3434//3148 3433//3147 
f 3473//3187 3435//3149 3434//3148 
f 3474//3188 3436//3150 3435//3149 
f 3475//3189 3437//3151 3436//3150 
f 3476//3190 3438//3152 3437//3151 
f 3477//3191 3439//3153 3438//3152 
f 3478//3192 3440//3154 3439//3153 
f 3479//3193 3441//3155 3440//3154 
f 3480//3194 3442//3156 3441//3155 
f 3481//3195 3443//3157 3442//3156 
f 3482//3196 3444//3158 3443//3157 
f 3483//3197 3445//3159 3444//3158 
f 3484//3198 3446//3160 3445//3159 
f 3485//3199 3447//3161 3446//3160 
f 3486//3200 3448//3162 3447//3161 
f 3487//3201 3449//3163 3448//3162 
f 3488//3202 3450//3164 3449//3163 
f 3489//3203 3451//3165 3450//3164 
f 3490//3204 3452//3166 3451//3165 
f 3491//3205 3453//3167 3452//3166 
f 3492//3206 3454//3168 3453//3167 
f 3493//3207 3455//3169 3454//3168 
f 3494//3208 3456//3170 3455//3169 
f 3495//3209 3457//3171 3456//3170 
f 3496//3210 3458//3172 3457//3171 
f 3497//3211 3459//3173 3458//3172 
f 3498//3212 3460//3174 3459//3173 
f 3499//3213 3461//3175 3460//3174 
f 3500//3214 3462//3176 3461//3175 
f 3501//3215 3463//3177 3462//3176 
f 3502//3216 3464//3178 3463//3177 
f 3503//3217 3465//3179 3464//3178 
f 3504//3218 3466//3180 3465//3179 
f 3505//3219 3467//3181 3466//3180 
f 3506//3220 3469//3183 3507//3221 
f 3508//3222 3471//3185 3469//3183 
f 3509//3223 3472//3186 3471//3185 
f 3510//3224 3473//3187 3472//3186 
f 3511//3225 3474//3188 3473//3187 
f 3512//3226 3475//3189 3474//3188 
f 3513//3227 3476//3190 3475//3189 
f 3514//3228 3477//3191 3476//3190 
f 3515//3229 3478//3192 3477//3191 
f 3516//3230 3479//3193 3478//3192 
f 3517//3231 3480//3194 3479//3193 
f 3518//3232 3481//3195 3480//3194 
f 3519//3233 3482//3196 3481//3195 
f 3520//3234 3483//3197 3482//3196 
f 3521//3235 3484//3198 3483//3197 
f 3522//3236 3485//3199 3484//3198 
f 3523//3237 3486//3200 3485//3199 
f 3524//3238 3487//3201 3486//3200 
f 3525//3239 3488//3202 3487//3201 
f 3526//3240 3489//3203 3488//3202 
f 3527//3241 3490//3204 3489//3203 
f 3528//3242 3491//3205 3490//3204 
f 3529//3243 3492//3206 3491//3205 
f 3530//3244 3493//3207 3492//3206 
f 3531//3245 3494//3208 3493//3207 
f 3532//3246 3495//3209 3494//3208 
f 3533//3247 3496//3210 3495//3209 
f 3534//3248 3497//3211 3496//3210 
f 3535//3249 3498//3212 3497//3211 
f 3536//3250 3499//3213 3498//3212 
f 3537//3251 3500//3214 3499//3213 
f 3538//3252 3501//3215 3500//3214 
f 3539//3253 3502//3216 3501//3215 
f 3540//3254 3503//3217 3502//3216 
f 3541//3255 3504//3218 3503//3217 
f 3542//3256 3505//3219 3504//3218 
f 3543//3257 3506//3220 3544//3258 
f 3545//3259 3508//3222 3506//3220 
f 3546//3260 3509//3223 3508//3222 
f 3547//3261 3510//3224 3509//3223 
f 3548//3262 3511//3225 3510//3224 
f 3549//3263 3512//3226 3511//3225 
f 3550//3264 3513//3227 3512//3226 
f 3551//3265 3514//3228 3513//3227 
f 3552//3266 3515//3229 3514//3228 
f 3553//3267 3516//3230 3515//3229 
f 3554//3268 3517//3231 3516//3230 
f 3555//3269 3518//3232 3517//3231 
f 3556//3270 3519//3233 3518//3232 
f 3557//3271 3520//3234 3519//3233 
f 3558//3272 3521//3235 3520//3234 
f 3559//3273 3522//3236 3521//3235 
f 3560//3274 3523//3237 3522//3236 
f 3561//3275 3524//3238 3523//3237 
f 3562//3276 3525//3239 3524//3238 
f 3563//3277 3526//3240 3525//3239 
f 3564//3278 3527//3241 3526//3240 
f 3565//3279 3528//3242 3527//3241 
f 3566//3280 3529//3243 3528//3242 
f 3567//3281 3530//3244 3529//3243 
f 3568//3282 3531//3245 3530//3244 
f 3569//3283 3532//3246 3531//3245 
f 3570//3284 3533//3247 3532//3246 
f 3571//3285 3534//3248 3533//3247 
f 3572//3286 3535//3249 3534//3248 
f 3573//3287 3536//3250 3535//3249 
f 3574//3288 3537//3251 3536//3250 
f 3575//3289 3538//3252 3537//3251 
f 3576//3290 3539//3253 3538//3252 
f 3577//3291 3540//3254 3539//3253 
f 3578//3292 3541//3255 3540//3254 
f 3579//3293 3542//3256 3541//3255 
f 3580//3294 3543//3257 3581//3295 
f 3582//3296 3545//3259 3543//3257 
f 3583//3297 3546//3260 3545//3259 
f 3584//3298 3547//3261 3546//3260 
f 3585//3299 3548//3262 3547//3261 
f 3586//3300 3549//3263 3548//3262 
f 3587//3301 3550//3264 3549//3263 
f 3588//3302 3551//3265 3550//3264 
f 3589//3303 3552//3266 3551//3265 
f 3590//3304 3553//3267 3552//3266 
f 3591//3305 3554//3268 3553//3267 
f 3592//3306 3555//3269 3554//3268 
f 3593//3307 3556//3270 3555//3269 
f 3594//3308 3557//3271 3556//3270 
f 3595//3309 3558//3272 3557//3271 
f 3596//3310 3559//3273 3558//3272 
f 3597//3311 3560//3274 3559//3273 
f 3598//3312 3561//3275 3560//3274 
f 3599//3313 3562//3276 3561//3275 
f 3600//3314 3563//3277 3562//3276 
f 3601//3315 3564//3278 3563//3277 
f 3602//3316 3565//3279 3564//3278 
f 3603//3317 3566//3280 3565//3279 
f 3604//3318 3567//3281 3566//3280 
f 3605//3319 3568//3282 3567//3281 
f 3606//3320 3569//3283 3568//3282 
f 3607//3321 3570//3284 3569//3283 
f 3608//3322 3571//3285 3570//3284 
f 3609//3323 3572//3286 3571//3285 
f 3610//3324 3573//3287 3572//3286 
f 3611//3325 3574//3288 3573//3287 
f 3612//3326 3575//3289 3574//3288 
f 3613//3327 3576//3290 3575//3289 
f 3614//3328 3577//3291 3576//3290 
f 3615//3329 3578//3292 3577//3291 
f 3616//3330 3579//3293 3578//3292 
f 3617//3331 3618//3332 3619//3333 
f 3620//3334 3580//3294 3618//3332 
f 3621//3335 3582//3296 3580//3294 
f 3622//3336 3583//3297 3582//3296 
f 3623//3337 3584//3298 3583//3297 
f 3624//3338 3585//3299 3584//3298 
f 3625//3339 3586//3300 3585//3299 
f 3626//3340 3587//3301 3586//3300 
f 3627//3341 3588//3302 3587//3301 
f 3628//3342 3589//3303 3588//3302 
f 3629//3343 3590//3304 3589//3303 
f 3630//3344 3591//3305 3590//3304 
f 3631//3345 3592//3306 3591//3305 
f 3632//3346 3593//3307 3592//3306 
f 3633//3347 3594//3308 3593//3307 
f 3634//3348 3595//3309 3594//3308 
f 3635//3349 3596//3310 3595//3309 
f 3636//3350 3597//3311 3596//3310 
f 3637//3351 3598//3312 3597//3311 
f 3638//3352 3599//3313 3598//3312 
f 3639//3353 3600//3314 3599//3313 
f 3640//3354 3601//3315 3600//3314 
f 3641//3355 3602//3316 3601//3315 
f 3642//3356 3603//3317 3602//3316 
f 3643//3357 3604//3318 3603//3317 
f 3644//3358 3605//3319 3604//3318 
f 3645//3359 3606//3320 3605//3319 
f 3646//3360 3607//3321 3606//3320 
f 3647//3361 3608//3322 3607//3321 
f 3648//3362 3609//3323 3608//3322 
f 3649//3363 3610//3324 3609//3323 
f 3650//3364 3611//3325 3610//3324 
f 3651//3365 3612//3326 3611//3325 
f 3652//3366 3613//3327 3612//3326 
f 3653//3367 3614//3328 3613//3327 
f 3654//3368 3615//3329 3614//3328 
f 3655//3369 3616//3330 3615//3329 
f 3656//3370 3657//3371 3616//3330 
f 3658//3372 3617//3331 3659//3373 
f 3660//3374 3620//3334 3617//3331 
f 3661//3375 3621//3335 3620//3334 
f 3662//3376 3622//3336 3621//3335 
f 3663//3377 3623//3337 3622//3336 
f 3664//3378 3624//3338 3623//3337 
f 3665//3379 3625//3339 3624//3338 
f 3666//3380 3626//3340 3625//3339 
f 3667//3381 3627//3341 3626//3340 
f 3668//3382 3628//3342 3627//3341 
f 3669//3383 3629//3343 3628//3342 
f 3670//3384 3630//3344 3629//3343 
f 3671//3385 3631//3345 3630//3344 
f 3672//3386 3632//3346 3631//3345 
f 3673//3387 3633//3347 3632//3346 
f 3674//3388 3634//3348 3633//3347 
f 3675//3389 3635//3349 3634//3348 
f 3676//3390 3636//3350 3635//3349 
f 3677//3391 3637//3351 3636//3350 
f 3678//3392 3638//3352 3637//3351 
f 3679//3393 3639//3353 3638//3352 
f 3680//3394 3640//3354 3639//3353 
f 3681//3395 3641//3355 3640//3354 
f 3682//3396 3642//3356 3641//3355 
f 3683//3397 3643//3357 3642//3356 
f 3684//3398 3644//3358 3643//3357 
f 3685//3399 3645//3359 3644//3358 
f 3686//3400 3646//3360 3645//3359 
f 3687//3401 3647//3361 3646//3360 
f 3688//3402 3648//3362 3647//3361 
f 3689//3403 3649//3363 3648//3362 
f 3690//3404 3650//3364 3649//3363 
f 3691//3405 3651//3365 3650//3364 
f 3692//3406 3652//3366 3651//3365 
f 3693//3407 3653//3367 3652//3366 
f 3694//3408 3654//3368 3653//3367 
f 3695//3409 3655//3369 3654//3368 
f 3696//3410 3656//3370 3655//3369 
f 3697//3411 3658//3372 3698//3412 
f 3699//3413 3660//3374 3658//3372 
f 3700//3414 3661//3375 3660//3374 
f 3701//3415 3662//3376 3661//3375 
f 3702//3416 3663//3377 3662//3376 
f 3703//3417 3664//3378 3663//3377 
f 3704//3418 3665//3379 3664//3378 
f 3705//3419 3666//3380 3665//3379 
f 3706//3420 3667//3381 3666//3380 
f 3707//3421 3668//3382 3667//3381 
f 3708//3422 3669//3383 3668//3382 
f 3709//3423 3670//3384 3669//3383 
f 3710//3424 3671//3385 3670//3384 
f 3711//3425 3672//3386 3671//3385 
f 3712//3426 3673//3387 3672//3386 
f 3713//3427 3674//3388 3673//3387 
f 3714//3428 3675//3389 3674//3388 
f 3715//3429 3676//3390 3675//3389 
f 3716//3430 3677//3391 3676//3390 
f 3717//3431 3678//3392 3677//3391 
f 3718//3432 3679//3393 3678//3392 
f 3719//3433 3680//3394 3679//3393 
f 3720//3434 3681//3395 3680//3394 
f 3721//3435 3682//3396 3681//3395 
f 3722//3436 3683//3397 3682//3396 
f 3723//3437 3684//3398 3683//3397 
f 3724//3438 3685//3399 3684//3398 
f 3725//3439 3686//3400 3685//3399 
f 3726//3440 3687//3401 3686//3400 
f 3727//3441 3688//3402 3687//3401 
f 3728//3442 3689//3403 3688//3402 
f 3729//3443 3690//3404 3689//3403 
f 3730//3444 3691//3405 3690//3404 
f 3731//3445 3692//3406 3691//3405 
f 3732//3446 3693//3407 3692//3406 
f 3733//3447 3694//3408 3693//3407 
f 3734//3448 3695//3409 3694//3408 
f 3735//3449 3696//3410 3695//3409 
f 3736//3450 3697//3411 3737//3451 
f 3738//3452 3699//3413 3697//3411 
f 3739//3453 3700//3414 3699//3413 
f 3740//3454 3701//3415 3700//3414 
f 3741//3455 3702//3416 3701//3415 
f 3742//3456 3703//3417 3702//3416 
f 3743//3457 3704//3418 3703//3417 
f 3744//3458 3705//3419 3704//3418 
f 3745//3459 3706//3420 3705//3419 
f 3746//3460 3707//3421 3706//3420 
f 3747//3461 3708//3422 3707//3421 
f 3748//3462 3709//3423 3708//3422 
f 3749//3463 3710//3424 3709//3423 
f 3750//3464 3711//3425 3710//3424 
f 3751//3465 3712//3426 3711//3425 
f 3752//3466 3713//3427 3712//3426 
f 3753//3467 3714//3428 3713//3427 
f 3754//3468 3715//3429 3714//3428 
f 3755//3469 3716//3430 3715//3429 
f 3756//3470 3717//3431 3716//3430 
f 3757//3471 3718//3432 3717//3431 
f 3758//3472 3719//3433 3718//3432 
f 3759//3473 3720//3434 3719//3433 
f 3760//3474 3721//3435 3720//3434 
f 3761//3475 3722//3436 3721//3435 
f 3762//3476 3723//3437 3722//3436 
f 3763//3477 3724//3438 3723//3437 
f 3764//3478 3725//3439 3724//3438 
f 3765//3479 3726//3440 3725//3439 
f 3766//3480 3727//3441 3726//3440 
f 3767//3481 3728//3442 3727//3441 
f 3768//3482 3729//3443 3728//3442 
f 3769//3483 3730//3444 3729//3443 
f 3770//3484 3731//3445 3730//3444 
f 3771//3485 3732//3446 3731//3445 
f 3772//3486 3733//3447 3732//3446 
f 3773//3487 3734//3448 3733//3447 
f 3774//3488 3735//3449 3734//3448 
f 3775//3489 3736//3450 3776//3490 
f 3777//3491 3738//3452 3736//3450 
f 3778//3492 3739//3453 3738//3452 
f 3779//3493 3740//3454 3739//3453 
f 3780//3494 3741//3455 3740//3454 
f 3781//3495 3742//3456 3741//3455 
f 3782//3496 3743//3457 3742//3456 
f 3783//3497 3744//3458 3743//3457 
f 3784//3498 3745//3459 3744//3458 
f 3785//3499 3746//3460 3745//3459 
f 3786//3500 3747//3461 3746//3460 
f 3787//3501 3748//3462 3747//3461 
f 3788//3502 3749//3463 3748//3462 
f 3789//3503 3750//3464 3749//3463 
f 3790//3504 3751//3465 3750//3464 
f 3791//3505 3752//3466 3751//3465 
f 3792//3506 3753//3467 3752//3466 
f 3793//3507 3754//3468 3753//3467 
f 3794//3508 3755//3469 3754//3468 
f 3795//3509 3756//3470 3755//3469 
f 3796//3510 3757//3471 3756//3470 
f 3797//3511 3758//3472 3757//3471 
f 3798//3512 3759//3473 3758//3472 
f 3799//3513 3760//3474 3759//3473 
f 3800//3514 3761//3475 3760//3474 
f 3801//3515 3762//3476 3761//3475 
f 3802//3516 3763//3477 3762//3476 
f 3803//3517 3764//3478 3763//3477 
f 3804//3518 3765//3479 3764//3478 
f 3805//3519 3766//3480 3765//3479 
f 3806//3520 3767//3481 3766//3480 
f 3807//3521 3768//3482 3767//3481 
f 3808//3522 3769//3483 3768//3482 
f 3809//3523 3770//3484 3769//3483 
f 3810//3524 3771//3485 3770//3484 
f 3811//3525 3772//3486 3771//3485 
f 3812//3526 3773//3487 3772//3486 
f 3813//3527 3774//3488 3773//3487 
f 3814//3528 3815//3529 3816//3530 
f 3817//3531 3775//3489 3815//3529 
f 3818//3532 3777//3491 3775//3489 
f 3819//3533 3778//3492 3777//3491 
f 3820//3534 3779//3493 3778//3492 
f 3821//3535 3780//3494 3779//3493 
f 3822//3536 3781//3495 3780//3494 
f 3823//3537 3782//3496 3781//3495 
f 3824//3538 3783//3497 3782//3496 
f 3825//3539 3784//3498 3783//3497 
f 3826//3540 3785//3499 3784//3498 
f 3827//3541 3786//3500 3785//3499 
f 3828//3542 3787//3501 3786//3500 
f 3829//3543 3788//3502 3787//3501 
f 3830//3544 3789//3503 3788//3502 
f 3831//3545 3790//3504 3789//3503 
f 3832//3546 3791//3505 3790//3504 
f 3833//3547 3792//3506 3791//3505 
f 3834//3548 3793//3507 3792//3506 
f 3835//3549 3794//3508 3793//3507 
f 3836//3550 3795//3509 3794//3508 
f 3837//3551 3796//3510 3795//3509 
f 3838//3552 3797//3511 3796//3510 
f 3839//3553 3798//3512 3797//3511 
f 3840//3554 3799//3513 3798//3512 
f 3841//3555 3800//3514 3799//3513 
f 3842//3556 3801//3515 3800//3514 
f 3843//3557 3802//3516 3801//3515 
f 3844//3558 3803//3517 3802//3516 
f 3845//3559 3804//3518 3803//3517 
f 3846//3560 3805//3519 3804//3518 
f 3847//3561 3806//3520 3805//3519 
f 3848//3562 3807//3521 3806//3520 
f 3849//3563 3808//3522 3807//3521 
f 3850//3564 3809//3523 3808//3522 
f 3851//3565 3810//3524 3809//3523 
f 3852//3566 3811//3525 3810//3524 
f 3853//3567 3812//3526 3811//3525 
f 3854//3568 3813//3527 3812//3526 
f 3855//3569 3856//3570 3813//3527 
f 3857//3571 3814//3528 3858//3572 
f 3859//3573 3817//3531 3814//3528 
f 3860//3574 3818//3532 3817//3531 
f 3861//3575 3819//3533 3818//3532 
f 3862//3576 3820//3534 3819//3533 
f 3863//3577 3821//3535 3820//3534 
f 3864//3578 3822//3536 3821//3535 
f 3865//3579 3823//3537 3822//3536 
f 3866//3580 3824//3538 3823//3537 
f 3867//3581 3825//3539 3824//3538 
f 3868//3582 3826//3540 3825//3539 
f 3869//3583 3827//3541 3826//3540 
f 3870//3584 3828//3542 3827//3541 
f 3871//3585 3829//3543 3828//3542 
f 3872//3586 3830//3544 3829//3543 
f 3873//3587 3831//3545 3830//3544 
f 3874//3588 3832//3546 3831//3545 
f 3875//3589 3833//3547 3832//3546 
f 3876//3590 3834//3548 3833//3547 
f 3877//3591 3835//3549 3834//3548 
f 3878//3592 3836//3550 3835//3549 
f 3879//3593 3837//3551 3836//3550 
f 3880//3594 3838//3552 3837//3551 
f 3881//3595 3839//3553 3838//3552 
f 3882//3596 3840//3554 3839//3553 
f 3883//3597 3841//3555 3840//3554 
f 3884//3598 3842//3556 3841//3555 
f 3885//3599 3843//3557 3842//3556 
f 3886//3600 3844//3558 3843//3557 
f 3887//3601 3845//3559 3844//3558 
f 3888//3602 3846//3560 3845//3559 
f 3889//3603 3847//3561 3846//3560 
f 3890//3604 3848//3562 3847//3561 
f 3891//3605 3849//3563 3848//3562 
f 3892//3606 3850//3564 3849//3563 
f 3893//3607 3851//3565 3850//3564 
f 3894//3608 3852//3566 3851//3565 
f 3895//3609 3853//3567 3852//3566 
f 3896//3610 3854//3568 3853//3567 
f 3897//3611 3855//3569 3854//3568 
f 3898//3612 3857//3571 3899//3613 
f 3900//3614 3859//3573 3857//3571 
f 3901//3615 3860//3574 3859//3573 
f 3902//3616 3861//3575 3860//3574 
f 3903//3617 3862//3576 3861//3575 
f 3904//3618 3863//3577 3862//3576 
f 3905//3619 3864//3578 3863//3577 
f 3906//3620 3865//3579 3864//3578 
f 3907//3621 3866//3580 3865//3579 
f 3908//3622 3867//3581 3866//3580 
f 3909//3623 3868//3582 3867//3581 
f 3910//3624 3869//3583 3868//3582 
f 3911//3625 3870//3584 3869//3583 
f 3912//3626 3871//3585 3870//3584 
f 3913//3627 3872//3586 3871//3585 
f 3914//3628 3873//3587 3872//3586 
f 3915//3629 3874//3588 3873//3587 
f 3916//3630 3875//3589 3874//3588 
f 3917//3631 3876//3590 3875//3589 
f 3918//3632 3877//3591 3876//3590 
f 3919//3633 3878//3592 3877//3591 
f 3920//3634 3879//3593 3878//3592 
f 3921//3635 3880//3594 3879//3593 
f 3922//3636 3881//3595 3880//3594 
f 3923//3637 3882//3596 3881//3595 
f 3924//3638 3883//3597 3882//3596 
f 3925//3639 3884//3598 3883//3597 
f 3926//3640 3885//3599 3884//3598 
f 3927//3641 3886//3600 3885//3599 
f 3928//3642 3887//3601 3886//3600 
f 3929//3643 3888//3602 3887//3601 
f 3930//3644 3889//3603 3888//3602 
f 3931//3645 3890//3604 3889//3603 
f 3932//3646 3891//3605 3890//3604 
f 3933//3647 3892//3606 3891//3605 
f 3934//3648 3893//3607 3892//3606 
f 3935//3649 3894//3608 3893//3607 
f 3936//3650 3895//3609 3894//3608 
f 3937//3651 3896//3610 3895//3609 
f 3938//3652 3897//3611 3896//3610 
f 3939//3653 3898//3612 3940//3654 
f 3941//3655 3900//3614 3898//3612 
f 3942//3656 3901//3615 3900//3614 
f 3943//3657 3902//3616 3901//3615 
f 3944//3658 3903//3617 3902//3616 
f 3945//3659 3904//3618 3903//3617 
f 3946//3660 3905//3619 3904//3618 
f 3947//3661 3906//3620 3905//3619 
f 3948//3662 3907//3621 3906//3620 
f 3949//3663 3908//3622 3907//3621 
f 3950//3664 3909//3623 3908//3622 
f 3951//3665 3910//3624 3909//3623 
f 3952//3666 3911//3625 3910//3624 
f 3953//3667 3912//3626 3911//3625 
f 3954//3668 3913//3627 3912//3626 
f 3955//3669 3914//3628 3913//3627 
f 3956//3670 3915//3629 3914//3628 
f 3957//3671 3916//3630 3915//3629 
f 3958//3672 3917//3631 3916//3630 
f 3959//3673 3918//3632 3917//3631 
f 3960//3674 3919//3633 3918//3632 
f 3961//3675 3920//3634 3919//3633 
f 3962//3676 3921//3635 3920//3634 
f 3963//3677 3922//3636 3921//3635 
f 3964//3678 3923//3637 3922//3636 
f 3965//3679 3924//3638 3923//3637 
f 3966//3680 3925//3639 3924//3638 
f 3967//3681 3926//3640 3925//3639 
f 3968//3682 3927//3641 3926//3640 
f 3969//3683 3928//3642 3927//3641 
f 3970//3684 3929//3643 3928//3642 
f 3971//3685 3930//3644 3929//3643 
f 3972//3686 3931//3645 3930//3644 
f 3973//3687 3932//3646 3931//3645 
f 3974//3688 3933//3647 3932//3646 
f 3975//3689 3934//3648 3933//3647 
f 3976//3690 3935//3649 3934//3648 
f 3977//3691 3936//3650 3935//3649 
f 3978//3692 3937//3651 3936//3650 
f 3979//3693 3938//3652 3937//3651 
f 7//3694 3980//3695 3981//3696 
f 3982//3697 3939//3653 3981//3696 
f 3983//3698 3941//3655 3939//3653 
f 3984//3699 3942//3656 3941//3655 
f 3985//3700 3943//3657 3942//3656 
f 3986//3701 3944//3658 3943//3657 
f 3987//3702 3945//3659 3944//3658 
f 3988//3703 3946//3660 3945//3659 
f 3989//3704 3947//3661 3946//3660 
f 3990//3705 3948//3662 3947//3661 
f 3991//3706 3949//3663 3948//3662 
f 3992//3707 3950//3664 3949//3663 
f 3993//3708 3951//3665 3950//3664 
f 3994//3709 3952//3666 3951//3665 
f 3995//3710 3953//3667 3952//3666 
f 3996//3711 3954//3668 3953//3667 
f 3997//3712 3955//3669 3954//3668 
f 3998//3713 3956//3670 3955//3669 
f 3999//3714 3957//3671 3956//3670 
f 4000//3715 3958//3672 3957//3671 
f 4001//3716 3959//3673 3958//3672 
f 4002//3717 3960//3674 3959//3673 
f 4003//3718 3961//3675 3960//3674 
f 4004//3719 3962//3676 3961//3675 
f 4005//3720 3963//3677 3962//3676 
f 4006//3721 3964//3678 3963//3677 
f 4007//3722 3965//3679 3964//3678 
f 4008//3723 3966//3680 3965//3679 
f 4009//3724 3967//3681 3966//3680 
f 4010//3725 3968//3682 3967//3681 
f 4011//3726 3969//3683 3968//3682 
f 4012//3727 3970//3684 3969//3683 
f 4013//3728 3971//3685 3970//3684 
f 4014//3729 3972//3686 3971//3685 
f 4015//3730 3973//3687 3972//3686 
f 4016//3731 3974//3688 3973//3687 
f 4017//3732 3975//3689 3974//3688 
f 4018//3733 3976//3690 3975//3689 
f 4019//3734 3977//3691 3976//3690 
f 4020//3735 3978//3692 3977//3691 
f 4021//3736 3979//3693 3978//3692 
f 4021//3736 2208//3737 2209//3738 
f 2205//3739 3980//3695 7//3694 
f 2204//3740 3982//3697 3980//3695 
f 2203//3741 3983//3698 3982//3697 
f 2202//3742 3984//3699 3983//3698 
f 2201//3743 3985//3700 3984//3699 
f 2186//3744 3986//3701 3985//3700 
f 2186//3744 2185//3745 3987//3702 
f 2194//3746 3988//3703 3987//3702 
f 2199//3747 3989//3704 3988//3703 
f 2193//3748 3990//3705 3989//3704 
f 2193//3748 2192//3749 3991//3706 
f 2184//3750 3992//3707 3991//3706 
f 2183//3751 3993//3708 3992//3707 
f 2182//3752 3994//3709 3993//3708 
f 2181//3753 3995//3710 3994//3709 
f 2198//3754 3996//3711 3995//3710 
f 2198//3754 2197//3755 3997//3712 
f 2200//3756 3998//3713 3997//3712 
f 2167//3757 3999//3714 3998//3713 
f 2166//3758 4000//3715 3999//3714 
f 2180//3759 4001//3716 4000//3715 
f 2179//3760 4002//3717 4001//3716 
f 2179//3760 2178//3761 4003//3718 
f 2177//3762 4004//3719 4003//3718 
f 2176//3763 4005//3720 4004//3719 
f 2191//3764 4006//3721 4005//3720 
f 2190//3765 4007//3722 4006//3721 
f 2189//3766 4008//3723 4007//3722 
f 2189//3766 2188//3767 4009//3724 
f 2175//3768 4010//3725 4009//3724 
f 2174//3769 4011//3726 4010//3725 
f 2196//3770 4012//3727 4011//3726 
f 2187//3771 4013//3728 4012//3727 
f 2173//3772 4014//3729 4013//3728 
f 2172//3773 4015//3730 4014//3729 
f 2172//3773 2195//3774 4016//3731 
f 2171//3775 4017//3732 4016//3731 
f 2170//3776 4018//3733 4017//3732 
f 2170//3776 2169//3777 4019//3734 
f 2168//3778 4020//3735 4019//3734 
f 2168//3778 2206//3779 4021//3736 
f 2207//3780 2208//3737 4021//3736 
f 3979//3693 2210//3781 2211//3782 
f 2211//3782 3938//3652 3979//3693 
f 2209//3738 2212//3783 2210//3781 
f 2210//3781 3979//3693 2209//3738 
f 3897//3611 3938//3652 2213//3784 
f 3938//3652 2214//3785 2213//3784 
f 3855//3569 3897//3611 2215//3786 
f 3897//3611 2216//3787 2215//3786 
f 3855//3569 2217//3788 2218//3789 
f 2218//3789 3856//3570 3855//3569 
f 3855//3569 2219//3790 2217//3788 
f 3774//3488 3813//3527 2220//3791 
f 3813//3527 3856//3570 2221//3792 
f 2221//3792 2220//3791 3813//3527 
f 3735//3449 3774//3488 2222//3793 
f 3774//3488 2223//3794 2222//3793 
f 3696//3410 3735//3449 2224//3795 
f 2224//3795 2225//3796 3696//3410 
f 3735//3449 2226//3797 2224//3795 
f 3696//3410 2227//3798 2228//3799 
f 2228//3799 3656//3370 3696//3410 
f 3657//3371 3656//3370 2229//3800 
f 3656//3370 2230//3801 2229//3800 
f 3579//3293 3616//3330 2231//3802 
f 3616//3330 3657//3371 2232//3803 
f 2232//3803 2231//3802 3616//3330 
f 3579//3293 2233//3804 2234//3805 
f 2234//3805 3542//3256 3579//3293 
f 3579//3293 2235//3806 2233//3804 
f 3505//3219 3542//3256 2236//3807 
f 3542//3256 2237//3808 2236//3807 
f 3467//3181 3505//3219 2238//3809 
f 3505//3219 2239//3810 2238//3809 
f 3467//3181 2240//3811 2241//3812 
f 2241//3812 3468//3182 3467//3181 
f 3467//3181 2242//3813 2240//3811 
f 3394//3108 3429//3143 2243//3814 
f 3429//3143 3468//3182 2244//3815 
f 2244//3815 2243//3814 3429//3143 
f 3359//3073 3394//3108 2245//3816 
f 3394//3108 2246//3817 2245//3816 
f 3359//3073 2247//3818 2248//3819 
f 2248//3819 3324//3038 3359//3073 
f 3359//3073 2249//3820 2247//3818 
f 3289//3003 3324//3038 2250//3821 
f 3324//3038 2251//3822 2250//3821 
f 3253//2967 3289//3003 2252//3823 
f 2252//3823 2253//3824 3253//2967 
f 3289//3003 2254//3825 2252//3823 
f 3254//2968 3253//2967 2255//3826 
f 3253//2967 2256//3827 2255//3826 
f 3254//2968 2257//3828 2258//3829 
f 3184//2898 3217//2931 2259//3830 
f 3217//2931 3254//2968 2259//3830 
f 2259//3830 2260//3831 3184//2898 
f 3151//2865 3184//2898 2261//3832 
f 3184//2898 2262//3833 2261//3832 
f 3118//2832 3151//2865 2263//3834 
f 3151//2865 2264//3835 2263//3834 
f 3118//2832 2265//3836 2266//3837 
f 2266//3837 3085//2799 3118//2832 
f 3118//2832 2267//3838 2265//3836 
f 3085//2799 2268//3839 2269//3840 
f 2269//3840 3052//2766 3085//2799 
f 3018//2732 3052//2766 2270//3841 
f 3052//2766 2271//3842 2270//3841 
f 3019//2733 3018//2732 2272//3843 
f 3018//2732 2273//3844 2272//3843 
f 3019//2733 2274//3845 2275//3846 
f 2953//2667 2984//2698 2276//3847 
f 2984//2698 3019//2733 2276//3847 
f 2276//3847 2277//3848 2953//2667 
f 2922//2636 2953//2667 2278//3849 
f 2953//2667 2279//3850 2278//3849 
f 2891//2605 2922//2636 2280//3851 
f 2922//2636 2281//3852 2280//3851 
f 2891//2605 2282//3853 2283//3854 
f 2283//3854 2860//2574 2891//2605 
f 2891//2605 2284//3855 2282//3853 
f 2860//2574 2285//3856 2286//3857 
f 2286//3857 2829//2543 2860//2574 
f 2798//2512 2829//2543 2287//3858 
f 2829//2543 2288//3859 2287//3858 
f 2798//2512 2289//3860 2290//3861 
f 2290//3861 2766//2480 2798//2512 
f 2798//2512 2291//3862 2289//3860 
f 2767//2481 2766//2480 2292//3863 
f 2766//2480 2293//3864 2292//3863 
f 2767//2481 2294//3865 2295//3866 
f 2295//3866 2296//3867 2767//2481 
f 2734//2448 2767//2481 2297//3868 
f 2297//3868 2705//2419 2734//2448 
f 2676//2390 2705//2419 2298//3869 
f 2705//2419 2299//3870 2298//3869 
f 2647//2361 2676//2390 2300//3871 
f 2676//2390 2301//3872 2300//3871 
f 2647//2361 2302//3873 2303//3874 
f 2303//3874 2618//2332 2647//2361 
f 2647//2361 2304//3875 2302//3873 
f 2618//2332 2305//3876 2306//3877 
f 2306//3877 2589//2303 2618//2332 
f 2560//2274 2589//2303 2307//3878 
f 2589//2303 2308//3879 2307//3878 
f 2531//2245 2560//2274 2309//3880 
f 2309//3880 2310//3881 2531//2245 
f 2560//2274 2311//3882 2309//3880 
f 2531//2245 2312//3883 2313//3884 
f 2313//3884 2502//2216 2531//2245 
f 2473//2187 2502//2216 2314//3885 
f 2502//2216 2315//3886 2314//3885 
f 2444//2158 2473//2187 2316//3887 
f 2473//2187 2317//3888 2316//3887 
f 2444//2158 2318//3889 2319//3890 
f 2319//3890 2415//2129 2444//2158 
f 2444//2158 2320//3891 2318//3889 
f 2386//2100 2415//2129 2321//3892 
f 2415//2129 2322//3893 2321//3892 
f 2358//2071 2386//2100 2323//3894 
f 2386//2100 2324//3895 2323//3894 
f 304//2072 2358//2071 2325//3896 
f 2358//2071 2326//3897 2325//3896 
f 307//3898 19//3899 13//3900 
f 13//3900 2330//2016 307//3898 
f 2330//2016 12//3901 17//3902 
f 17//3902 2388//2102 2330//2016 
f 2388//2102 16//3903 24//3904 
f 24//3904 2417//2131 2388//2102 
f 2446//2160 2417//2131 26//3905 
f 2417//2131 23//3906 26//3905 
f 26//3905 29//3907 2446//2160 
f 2446//2160 28//3908 34//3909 
f 34//3909 2475//2189 2446//2160 
f 2475//2189 33//3910 38//3911 
f 38//3911 2504//2218 2475//2189 
f 2533//2247 2504//2218 43//3912 
f 2504//2218 37//3913 43//3912 
f 2533//2247 40//3914 44//3915 
f 2533//2247 46//3916 40//3914 
f 44//3915 2562//2276 2533//2247 
f 2562//2276 48//3917 55//3918 
f 55//3918 2591//2305 2562//2276 
f 2620//2334 2591//2305 64//3919 
f 2591//2305 54//3920 64//3919 
f 2649//2363 2620//2334 72//3921 
f 2620//2334 63//3922 72//3921 
f 72//3921 77//3923 2649//2363 
f 2649//2363 76//3924 85//3925 
f 85//3925 2678//2392 2649//2363 
f 2678//2392 84//3926 51//3927 
f 51//3927 2707//2421 2678//2392 
f 2736//2450 2707//2421 71//3928 
f 2707//2421 50//3929 71//3928 
f 2737//2451 67//3930 59//3931 
f 2737//2451 71//3928 67//3930 
f 2737//2451 58//3932 66//3933 
f 66//3933 2769//2483 2737//2451 
f 2800//2514 2769//2483 80//3934 
f 2769//2483 74//3935 80//3934 
f 80//3934 86//3936 2800//2514 
f 2800//2514 88//3937 92//3938 
f 92//3938 2831//2545 2800//2514 
f 2862//2576 2831//2545 96//3939 
f 2831//2545 91//3940 96//3939 
f 2893//2607 2862//2576 97//3941 
f 2862//2576 95//3942 97//3941 
f 97//3941 102//3943 2893//2607 
f 2893//2607 101//3944 106//3945 
f 106//3945 2924//2638 2893//2607 
f 2924//2638 105//3946 112//3947 
f 112//3947 2955//2669 2924//2638 
f 2955//2669 108//3948 114//3949 
f 114//3949 2986//2700 2955//2669 
f 2955//2669 109//3950 108//3948 
f 2987//2701 114//3949 116//3951 
f 2987//2701 118//3952 125//3953 
f 125//3953 3021//2735 2987//2701 
f 3021//2735 124//3954 133//3955 
f 133//3955 3054//2768 3021//2735 
f 3087//2801 3054//2768 143//3956 
f 3054//2768 132//3957 143//3956 
f 3120//2834 3087//2801 140//3958 
f 3087//2801 150//3959 140//3958 
f 140//3958 148//3960 3120//2834 
f 3120//2834 156//3961 163//3962 
f 163//3962 3153//2867 3120//2834 
f 3153//2867 162//3963 139//3964 
f 139//3964 3186//2900 3153//2867 
f 3186//2900 129//3965 147//3966 
f 147//3966 3219//2933 3186//2900 
f 3186//2900 138//3967 129//3965 
f 3220//2934 147//3966 122//3968 
f 3220//2934 121//3969 135//3970 
f 135//3970 3256//2970 3220//2934 
f 3256//2970 144//3971 151//3972 
f 3256//2970 153//3973 144//3971 
f 151//3972 3291//3005 3256//2970 
f 3291//3005 159//3974 164//3975 
f 164//3975 3326//3040 3291//3005 
f 3361//3075 3326//3040 168//3976 
f 3326//3040 166//3977 168//3976 
f 168//3976 171//3978 3361//3075 
f 3361//3075 170//3979 179//3980 
f 179//3980 3396//3110 3361//3075 
f 3431//3145 181//3981 176//3982 
f 3396//3110 178//3983 181//3981 
f 181//3981 3431//3145 3396//3110 
f 3470//3184 3432//3146 183//3984 
f 3432//3146 175//3985 183//3984 
f 183//3984 188//3986 3470//3184 
f 3470//3184 187//3987 192//3988 
f 192//3988 3507//3221 3470//3184 
f 3507//3221 191//3989 196//3990 
f 196//3990 3544//3258 3507//3221 
f 3581//3295 3544//3258 198//3991 
f 3544//3258 195//3992 198//3991 
f 198//3991 206//3993 3581//3295 
f 3618//3332 209//3994 201//3995 
f 3581//3295 205//3996 209//3994 
f 209//3994 3618//3332 3581//3295 
f 3619//3333 202//3997 210//3998 
f 210//3998 3659//3373 3619//3333 
f 3698//3412 3659//3373 217//3999 
f 3659//3373 212//4000 217//3999 
f 3698//3412 214//4001 218//4002 
f 3698//3412 220//4003 214//4001 
f 218//4002 3737//3451 3698//3412 
f 3737//3451 223//4004 232//4005 
f 232//4005 3776//3490 3737//3451 
f 3815//3529 240//4006 244//4007 
f 3776//3490 231//4008 240//4006 
f 240//4006 3815//3529 3776//3490 
f 3858//3572 3816//3530 237//4009 
f 3816//3530 243//4010 237//4009 
f 237//4009 248//4011 3858//3572 
f 3858//3572 247//4012 228//4013 
f 228//4013 3899//3613 3858//3572 
f 3899//3613 227//4014 236//4015 
f 236//4015 3940//3654 3899//3613 
f 4//4016 3981//3696 1//4017 
f 3981//3696 3940//3654 221//4018 
f 3940//3654 235//4019 221//4018 
f 221//4018 1//4017 3981//3696 
f 1//4017 3//4020 4//4016 
f 236//4015 235//4019 3940//3654 
f 228//4013 227//4014 3899//3613 
f 248//4011 247//4012 3858//3572 
f 243//4010 3816//3530 244//4007 
f 244//4007 3816//3530 3815//3529 
f 232//4005 231//4008 3776//3490 
f 218//4002 223//4004 3737//3451 
f 217//3999 220//4003 3698//3412 
f 210//3998 212//4000 3659//3373 
f 202//3997 3619//3333 201//3995 
f 201//3995 3619//3333 3618//3332 
f 206//3993 205//3996 3581//3295 
f 196//3990 195//3992 3544//3258 
f 192//3988 191//3989 3507//3221 
f 188//3986 187//3987 3470//3184 
f 175//3985 3432//3146 176//3982 
f 176//3982 3432//3146 3431//3145 
f 179//3980 178//3983 3396//3110 
f 171//3978 170//3979 3361//3075 
f 164//3975 166//3977 3326//3040 
f 151//3972 159//3974 3291//3005 
f 135//3970 153//3973 3256//2970 
f 122//3968 121//3969 3220//2934 
f 147//3966 3220//2934 3219//2933 
f 139//3964 138//3967 3186//2900 
f 163//3962 162//3963 3153//2867 
f 148//3960 156//3961 3120//2834 
f 143//3956 150//3959 3087//2801 
f 133//3955 132//3957 3054//2768 
f 125//3953 124//3954 3021//2735 
f 116//3951 118//3952 2987//2701 
f 114//3949 2987//2701 2986//2700 
f 112//3947 109//3950 2955//2669 
f 106//3945 105//3946 2924//2638 
f 102//3943 101//3944 2893//2607 
f 96//3939 95//3942 2862//2576 
f 92//3938 91//3940 2831//2545 
f 86//3936 88//3937 2800//2514 
f 66//3933 74//3935 2769//2483 
f 59//3931 58//3932 2737//2451 
f 71//3928 2737//2451 2736//2450 
f 51//3927 50//3929 2707//2421 
f 85//3925 84//3926 2678//2392 
f 77//3923 76//3924 2649//2363 
f 64//3919 63//3922 2620//2334 
f 55//3918 54//3920 2591//2305 
f 44//3915 48//3917 2562//2276 
f 43//3912 46//3916 2533//2247 
f 38//3911 37//3913 2504//2218 
f 34//3909 33//3910 2475//2189 
f 29//3907 28//3908 2446//2160 
f 24//3904 23//3906 2417//2131 
f 17//3902 16//3903 2388//2102 
f 13//3900 12//3901 2330//2016 
f 2325//3896 306//4021 304//2072 
f 2323//3894 2326//3897 2358//2071 
f 2321//3892 2324//3895 2386//2100 
f 2319//3890 2322//3893 2415//2129 
f 2316//3887 2320//3891 2444//2158 
f 2314//3885 2317//3888 2473//2187 
f 2313//3884 2315//3886 2502//2216 
f 2310//3881 2312//3883 2531//2245 
f 2307//3878 2311//3882 2560//2274 
f 2306//3877 2308//3879 2589//2303 
f 2303//3874 2305//3876 2618//2332 
f 2300//3871 2304//3875 2647//2361 
f 2298//3869 2301//3872 2676//2390 
f 2297//3868 2299//3870 2705//2419 
f 2296//3867 2297//3868 2767//2481 
f 2292//3863 2294//3865 2767//2481 
f 2290//3861 2293//3864 2766//2480 
f 2287//3858 2291//3862 2798//2512 
f 2286//3857 2288//3859 2829//2543 
f 2283//3854 2285//3856 2860//2574 
f 2280//3851 2284//3855 2891//2605 
f 2278//3849 2281//3852 2922//2636 
f 2277//3848 2279//3850 2953//2667 
f 2275//3846 2276//3847 3019//2733 
f 2272//3843 2274//3845 3019//2733 
f 2270//3841 2273//3844 3018//2732 
f 2269//3840 2271//3842 3052//2766 
f 2266//3837 2268//3839 3085//2799 
f 2263//3834 2267//3838 3118//2832 
f 2261//3832 2264//3835 3151//2865 
f 2260//3831 2262//3833 3184//2898 
f 2258//3829 2259//3830 3254//2968 
f 2255//3826 2257//3828 3254//2968 
f 2253//3824 2256//3827 3253//2967 
f 2250//3821 2254//3825 3289//3003 
f 2248//3819 2251//3822 3324//3038 
f 2245//3816 2249//3820 3359//3073 
f 2243//3814 2246//3817 3394//3108 
f 2244//3815 3468//3182 2327//4022 
f 2241//3812 2327//4022 3468//3182 
f 2238//3809 2242//3813 3467//3181 
f 2236//3807 2239//3810 3505//3219 
f 2234//3805 2237//3808 3542//3256 
f 2231//3802 2235//3806 3579//3293 
f 2232//3803 3657//3371 2328//4023 
f 2229//3800 2328//4023 3657//3371 
f 2228//3799 2230//3801 3656//3370 
f 2225//3796 2227//3798 3696//3410 
f 2222//3793 2226//3797 3735//3449 
f 2220//3791 2223//3794 3774//3488 
f 2221//3792 3856//3570 2329//4024 
f 2218//3789 2329//4024 3856//3570 
f 2215//3786 2219//3790 3855//3569 
f 2213//3784 2216//3787 3897//3611 
f 2211//3782 2214//3785 3938//3652 
f 4021//3736 2206//3779 2207//3780 
f 4021//3736 4020//3735 2168//3778 
f 4019//3734 2169//3777 2168//3778 
f 4019//3734 4018//3733 2170//3776 
f 4017//3732 2171//3775 2170//3776 
f 4016//3731 2195//3774 2171//3775 
f 4016//3731 4015//3730 2172//3773 
f 4014//3729 2173//3772 2172//3773 
f 4013//3728 2187//3771 2173//3772 
f 4012//3727 2196//3770 2187//3771 
f 4011//3726 2174//3769 2196//3770 
f 4010//3725 2175//3768 2174//3769 
f 4009//3724 2188//3767 2175//3768 
f 4009//3724 4008//3723 2189//3766 
f 4007//3722 2190//3765 2189//3766 
f 4006//3721 2191//3764 2190//3765 
f 4005//3720 2176//3763 2191//3764 
f 4004//3719 2177//3762 2176//3763 
f 4003//3718 2178//3761 2177//3762 
f 4003//3718 4002//3717 2179//3760 
f 4001//3716 2180//3759 2179//3760 
f 4000//3715 2166//3758 2180//3759 
f 3999//3714 2167//3757 2166//3758 
f 3998//3713 2200//3756 2167//3757 
f 3997//3712 2197//3755 2200//3756 
f 3997//3712 3996//3711 2198//3754 
f 3995//3710 2181//3753 2198//3754 
f 3994//3709 2182//3752 2181//3753 
f 3993//3708 2183//3751 2182//3752 
f 3992//3707 2184//3750 2183//3751 
f 3991//3706 2192//3749 2184//3750 
f 3991//3706 3990//3705 2193//3748 
f 3989//3704 2199//3747 2193//3748 
f 3988//3703 2194//3746 2199//3747 
f 3987//3702 2185//3745 2194//3746 
f 3987//3702 3986//3701 2186//3744 
f 3985//3700 2201//3743 2186//3744 
f 3984//3699 2202//3742 2201//3743 
f 3983//3698 2203//3741 2202//3742 
f 3982//3697 2204//3740 2203//3741 
f 3980//3695 2205//3739 2204//3740 
f 7//3694 9//4025 2205//3739 
f 2209//3738 3979//3693 4021//3736 
f 3978//3692 4020//3735 4021//3736 
f 3977//3691 4019//3734 4020//3735 
f 3976//3690 4018//3733 4019//3734 
f 3975//3689 4017//3732 4018//3733 
f 3974//3688 4016//3731 4017//3732 
f 3973//3687 4015//3730 4016//3731 
f 3972//3686 4014//3729 4015//3730 
f 3971//3685 4013//3728 4014//3729 
f 3970//3684 4012//3727 4013//3728 
f 3969//3683 4011//3726 4012//3727 
f 3968//3682 4010//3725 4011//3726 
f 3967//3681 4009//3724 4010//3725 
f 3966//3680 4008//3723 4009//3724 
f 3965//3679 4007//3722 4008//3723 
f 3964//3678 4006//3721 4007//3722 
f 3963//3677 4005//3720 4006//3721 
f 3962//3676 4004//3719 4005//3720 
f 3961//3675 4003//3718 4004//3719 
f 3960//3674 4002//3717 4003//3718 
f 3959//3673 4001//3716 4002//3717 
f 3958//3672 4000//3715 4001//3716 
f 3957//3671 3999//3714 4000//3715 
f 3956//3670 3998//3713 3999//3714 
f 3955//3669 3997//3712 3998//3713 
f 3954//3668 3996//3711 3997//3712 
f 3953//3667 3995//3710 3996//3711 
f 3952//3666 3994//3709 3995//3710 
f 3951//3665 3993//3708 3994//3709 
f 3950//3664 3992//3707 3993//3708 
f 3949//3663 3991//3706 3992//3707 
f 3948//3662 3990//3705 3991//3706 
f 3947//3661 3989//3704 3990//3705 
f 3946//3660 3988//3703 3989//3704 
f 3945//3659 3987//3702 3988//3703 
f 3944//3658 3986//3701 3987//3702 
f 3943//3657 3985//3700 3986//3701 
f 3942//3656 3984//3699 3985//3700 
f 3941//3655 3983//3698 3984//3699 
f 3939//3653 3982//3697 3983//3698 
f 3981//3696 3980//3695 3982//3697 
f 3981//3696 4//4016 7//3694 
f 3937//3651 3978//3692 3979//3693 
f 3936//3650 3977//3691 3978//3692 
f 3935//3649 3976//3690 3977//3691 
f 3934//3648 3975//3689 3976//3690 
f 3933//3647 3974//3688 3975//3689 
f 3932//3646 3973//3687 3974//3688 
f 3931//3645 3972//3686 3973//3687 
f 3930//3644 3971//3685 3972//3686 
f 3929//3643 3970//3684 3971//3685 
f 3928//3642 3969//3683 3970//3684 
f 3927//3641 3968//3682 3969//3683 
f 3926//3640 3967//3681 3968//3682 
f 3925//3639 3966//3680 3967//3681 
f 3924//3638 3965//3679 3966//3680 
f 3923//3637 3964//3678 3965//3679 
f 3922//3636 3963//3677 3964//3678 
f 3921//3635 3962//3676 3963//3677 
f 3920//3634 3961//3675 3962//3676 
f 3919//3633 3960//3674 3961//3675 
f 3918//3632 3959//3673 3960//3674 
f 3917//3631 3958//3672 3959//3673 
f 3916//3630 3957//3671 3958//3672 
f 3915//3629 3956//3670 3957//3671 
f 3914//3628 3955//3669 3956//3670 
f 3913//3627 3954//3668 3955//3669 
f 3912//3626 3953//3667 3954//3668 
f 3911//3625 3952//3666 3953//3667 
f 3910//3624 3951//3665 3952//3666 
f 3909//3623 3950//3664 3951//3665 
f 3908//3622 3949//3663 3950//3664 
f 3907//3621 3948//3662 3949//3663 
f 3906//3620 3947//3661 3948//3662 
f 3905//3619 3946//3660 3947//3661 
f 3904//3618 3945//3659 3946//3660 
f 3903//3617 3944//3658 3945//3659 
f 3902//3616 3943//3657 3944//3658 
f 3901//3615 3942//3656 3943//3657 
f 3900//3614 3941//3655 3942//3656 
f 3898//3612 3939//3653 3941//3655 
f 3940//3654 3981//3696 3939//3653 
f 3896//3610 3937//3651 3938//3652 
f 3895//3609 3936//3650 3937//3651 
f 3894//3608 3935//3649 3936//3650 
f 3893//3607 3934//3648 3935//3649 
f 3892//3606 3933//3647 3934//3648 
f 3891//3605 3932//3646 3933//3647 
f 3890//3604 3931//3645 3932//3646 
f 3889//3603 3930//3644 3931//3645 
f 3888//3602 3929//3643 3930//3644 
f 3887//3601 3928//3642 3929//3643 
f 3886//3600 3927//3641 3928//3642 
f 3885//3599 3926//3640 3927//3641 
f 3884//3598 3925//3639 3926//3640 
f 3883//3597 3924//3638 3925//3639 
f 3882//3596 3923//3637 3924//3638 
f 3881//3595 3922//3636 3923//3637 
f 3880//3594 3921//3635 3922//3636 
f 3879//3593 3920//3634 3921//3635 
f 3878//3592 3919//3633 3920//3634 
f 3877//3591 3918//3632 3919//3633 
f 3876//3590 3917//3631 3918//3632 
f 3875//3589 3916//3630 3917//3631 
f 3874//3588 3915//3629 3916//3630 
f 3873//3587 3914//3628 3915//3629 
f 3872//3586 3913//3627 3914//3628 
f 3871//3585 3912//3626 3913//3627 
f 3870//3584 3911//3625 3912//3626 
f 3869//3583 3910//3624 3911//3625 
f 3868//3582 3909//3623 3910//3624 
f 3867//3581 3908//3622 3909//3623 
f 3866//3580 3907//3621 3908//3622 
f 3865//3579 3906//3620 3907//3621 
f 3864//3578 3905//3619 3906//3620 
f 3863//3577 3904//3618 3905//3619 
f 3862//3576 3903//3617 3904//3618 
f 3861//3575 3902//3616 3903//3617 
f 3860//3574 3901//3615 3902//3616 
f 3859//3573 3900//3614 3901//3615 
f 3857//3571 3898//3612 3900//3614 
f 3899//3613 3940//3654 3898//3612 
f 3854//3568 3896//3610 3897//3611 
f 3853//3567 3895//3609 3896//3610 
f 3852//3566 3894//3608 3895//3609 
f 3851//3565 3893//3607 3894//3608 
f 3850//3564 3892//3606 3893//3607 
f 3849//3563 3891//3605 3892//3606 
f 3848//3562 3890//3604 3891//3605 
f 3847//3561 3889//3603 3890//3604 
f 3846//3560 3888//3602 3889//3603 
f 3845//3559 3887//3601 3888//3602 
f 3844//3558 3886//3600 3887//3601 
f 3843//3557 3885//3599 3886//3600 
f 3842//3556 3884//3598 3885//3599 
f 3841//3555 3883//3597 3884//3598 
f 3840//3554 3882//3596 3883//3597 
f 3839//3553 3881//3595 3882//3596 
f 3838//3552 3880//3594 3881//3595 
f 3837//3551 3879//3593 3880//3594 
f 3836//3550 3878//3592 3879//3593 
f 3835//3549 3877//3591 3878//3592 
f 3834//3548 3876//3590 3877//3591 
f 3833//3547 3875//3589 3876//3590 
f 3832//3546 3874//3588 3875//3589 
f 3831//3545 3873//3587 3874//3588 
f 3830//3544 3872//3586 3873//3587 
f 3829//3543 3871//3585 3872//3586 
f 3828//3542 3870//3584 3871//3585 
f 3827//3541 3869//3583 3870//3584 
f 3826//3540 3868//3582 3869//3583 
f 3825//3539 3867//3581 3868//3582 
f 3824//3538 3866//3580 3867//3581 
f 3823//3537 3865//3579 3866//3580 
f 3822//3536 3864//3578 3865//3579 
f 3821//3535 3863//3577 3864//3578 
f 3820//3534 3862//3576 3863//3577 
f 3819//3533 3861//3575 3862//3576 
f 3818//3532 3860//3574 3861//3575 
f 3817//3531 3859//3573 3860//3574 
f 3814//3528 3857//3571 3859//3573 
f 3858//3572 3899//3613 3857//3571 
f 3813//3527 3854//3568 3855//3569 
f 3812//3526 3853//3567 3854//3568 
f 3811//3525 3852//3566 3853//3567 
f 3810//3524 3851//3565 3852//3566 
f 3809//3523 3850//3564 3851//3565 
f 3808//3522 3849//3563 3850//3564 
f 3807//3521 3848//3562 3849//3563 
f 3806//3520 3847//3561 3848//3562 
f 3805//3519 3846//3560 3847//3561 
f 3804//3518 3845//3559 3846//3560 
f 3803//3517 3844//3558 3845//3559 
f 3802//3516 3843//3557 3844//3558 
f 3801//3515 3842//3556 3843//3557 
f 3800//3514 3841//3555 3842//3556 
f 3799//3513 3840//3554 3841//3555 
f 3798//3512 3839//3553 3840//3554 
f 3797//3511 3838//3552 3839//3553 
f 3796//3510 3837//3551 3838//3552 
f 3795//3509 3836//3550 3837//3551 
f 3794//3508 3835//3549 3836//3550 
f 3793//3507 3834//3548 3835//3549 
f 3792//3506 3833//3547 3834//3548 
f 3791//3505 3832//3546 3833//3547 
f 3790//3504 3831//3545 3832//3546 
f 3789//3503 3830//3544 3831//3545 
f 3788//3502 3829//3543 3830//3544 
f 3787//3501 3828//3542 3829//3543 
f 3786//3500 3827//3541 3828//3542 
f 3785//3499 3826//3540 3827//3541 
f 3784//3498 3825//3539 3826//3540 
f 3783//3497 3824//3538 3825//3539 
f 3782//3496 3823//3537 3824//3538 
f 3781//3495 3822//3536 3823//3537 
f 3780//3494 3821//3535 3822//3536 
f 3779//3493 3820//3534 3821//3535 
f 3778//3492 3819//3533 3820//3534 
f 3777//3491 3818//3532 3819//3533 
f 3775//3489 3817//3531 3818//3532 
f 3815//3529 3814//3528 3817//3531 
f 3816//3530 3858//3572 3814//3528 
f 3773//3487 3812//3526 3813//3527 
f 3772//3486 3811//3525 3812//3526 
f 3771//3485 3810//3524 3811//3525 
f 3770//3484 3809//3523 3810//3524 
f 3769//3483 3808//3522 3809//3523 
f 3768//3482 3807//3521 3808//3522 
f 3767//3481 3806//3520 3807//3521 
f 3766//3480 3805//3519 3806//3520 
f 3765//3479 3804//3518 3805//3519 
f 3764//3478 3803//3517 3804//3518 
f 3763//3477 3802//3516 3803//3517 
f 3762//3476 3801//3515 3802//3516 
f 3761//3475 3800//3514 3801//3515 
f 3760//3474 3799//3513 3800//3514 
f 3759//3473 3798//3512 3799//3513 
f 3758//3472 3797//3511 3798//3512 
f 3757//3471 3796//3510 3797//3511 
f 3756//3470 3795//3509 3796//3510 
f 3755//3469 3794//3508 3795//3509 
f 3754//3468 3793//3507 3794//3508 
f 3753//3467 3792//3506 3793//3507 
f 3752//3466 3791//3505 3792//3506 
f 3751//3465 3790//3504 3791//3505 
f 3750//3464 3789//3503 3790//3504 
f 3749//3463 3788//3502 3789//3503 
f 3748//3462 3787//3501 3788//3502 
f 3747//3461 3786//3500 3787//3501 
f 3746//3460 3785//3499 3786//3500 
f 3745//3459 3784//3498 3785//3499 
f 3744//3458 3783//3497 3784//3498 
f 3743//3457 3782//3496 3783//3497 
f 3742//3456 3781//3495 3782//3496 
f 3741//3455 3780//3494 3781//3495 
f 3740//3454 3779//3493 3780//3494 
f 3739//3453 3778//3492 3779//3493 
f 3738//3452 3777//3491 3778//3492 
f 3736//3450 3775//3489 3777//3491 
f 3776//3490 3815//3529 3775//3489 
f 3734//3448 3773//3487 3774//3488 
f 3733//3447 3772//3486 3773//3487 
f 3732//3446 3771//3485 3772//3486 
f 3731//3445 3770//3484 3771//3485 
f 3730//3444 3769//3483 3770//3484 
f 3729//3443 3768//3482 3769//3483 
f 3728//3442 3767//3481 3768//3482 
f 3727//3441 3766//3480 3767//3481 
f 3726//3440 3765//3479 3766//3480 
f 3725//3439 3764//3478 3765//3479 
f 3724//3438 3763//3477 3764//3478 
f 3723//3437 3762//3476 3763//3477 
f 3722//3436 3761//3475 3762//3476 
f 3721//3435 3760//3474 3761//3475 
f 3720//3434 3759//3473 3760//3474 
f 3719//3433 3758//3472 3759//3473 
f 3718//3432 3757//3471 3758//3472 
f 3717//3431 3756//3470 3757//3471 
f 3716//3430 3755//3469 3756//3470 
f 3715//3429 3754//3468 3755//3469 
f 3714//3428 3753//3467 3754//3468 
f 3713//3427 3752//3466 3753//3467 
f 3712//3426 3751//3465 3752//3466 
f 3711//3425 3750//3464 3751//3465 
f 3710//3424 3749//3463 3750//3464 
f 3709//3423 3748//3462 3749//3463 
f 3708//3422 3747//3461 3748//3462 
f 3707//3421 3746//3460 3747//3461 
f 3706//3420 3745//3459 3746//3460 
f 3705//3419 3744//3458 3745//3459 
f 3704//3418 3743//3457 3744//3458 
f 3703//3417 3742//3456 3743//3457 
f 3702//3416 3741//3455 3742//3456 
f 3701//3415 3740//3454 3741//3455 
f 3700//3414 3739//3453 3740//3454 
f 3699//3413 3738//3452 3739//3453 
f 3697//3411 3736//3450 3738//3452 
f 3737//3451 3776//3490 3736//3450 
f 3695//3409 3734//3448 3735//3449 
f 3694//3408 3733//3447 3734//3448 
f 3693//3407 3732//3446 3733//3447 
f 3692//3406 3731//3445 3732//3446 
f 3691//3405 3730//3444 3731//3445 
f 3690//3404 3729//3443 3730//3444 
f 3689//3403 3728//3442 3729//3443 
f 3688//3402 3727//3441 3728//3442 
f 3687//3401 3726//3440 3727//3441 
f 3686//3400 3725//3439 3726//3440 
f 3685//3399 3724//3438 3725//3439 
f 3684//3398 3723//3437 3724//3438 
f 3683//3397 3722//3436 3723//3437 
f 3682//3396 3721//3435 3722//3436 
f 3681//3395 3720//3434 3721//3435 
f 3680//3394 3719//3433 3720//3434 
f 3679//3393 3718//3432 3719//3433 
f 3678//3392 3717//3431 3718//3432 
f 3677//3391 3716//3430 3717//3431 
f 3676//3390 3715//3429 3716//3430 
f 3675//3389 3714//3428 3715//3429 
f 3674//3388 3713//3427 3714//3428 
f 3673//3387 3712//3426 3713//3427 
f 3672//3386 3711//3425 3712//3426 
f 3671//3385 3710//3424 3711//3425 
f 3670//3384 3709//3423 3710//3424 
f 3669//3383 3708//3422 3709//3423 
f 3668//3382 3707//3421 3708//3422 
f 3667//3381 3706//3420 3707//3421 
f 3666//3380 3705//3419 3706//3420 
f 3665//3379 3704//3418 3705//3419 
f 3664//3378 3703//3417 3704//3418 
f 3663//3377 3702//3416 3703//3417 
f 3662//3376 3701//3415 3702//3416 
f 3661//3375 3700//3414 3701//3415 
f 3660//3374 3699//3413 3700//3414 
f 3658//3372 3697//3411 3699//3413 
f 3698//3412 3737//3451 3697//3411 
f 3655//3369 3695//3409 3696//3410 
f 3654//3368 3694//3408 3695//3409 
f 3653//3367 3693//3407 3694//3408 
f 3652//3366 3692//3406 3693//3407 
f 3651//3365 3691//3405 3692//3406 
f 3650//3364 3690//3404 3691//3405 
f 3649//3363 3689//3403 3690//3404 
f 3648//3362 3688//3402 3689//3403 
f 3647//3361 3687//3401 3688//3402 
f 3646//3360 3686//3400 3687//3401 
f 3645//3359 3685//3399 3686//3400 
f 3644//3358 3684//3398 3685//3399 
f 3643//3357 3683//3397 3684//3398 
f 3642//3356 3682//3396 3683//3397 
f 3641//3355 3681//3395 3682//3396 
f 3640//3354 3680//3394 3681//3395 
f 3639//3353 3679//3393 3680//3394 
f 3638//3352 3678//3392 3679//3393 
f 3637//3351 3677//3391 3678//3392 
f 3636//3350 3676//3390 3677//3391 
f 3635//3349 3675//3389 3676//3390 
f 3634//3348 3674//3388 3675//3389 
f 3633//3347 3673//3387 3674//3388 
f 3632//3346 3672//3386 3673//3387 
f 3631//3345 3671//3385 3672//3386 
f 3630//3344 3670//3384 3671//3385 
f 3629//3343 3669//3383 3670//3384 
f 3628//3342 3668//3382 3669//3383 
f 3627//3341 3667//3381 3668//3382 
f 3626//3340 3666//3380 3667//3381 
f 3625//3339 3665//3379 3666//3380 
f 3624//3338 3664//3378 3665//3379 
f 3623//3337 3663//3377 3664//3378 
f 3622//3336 3662//3376 3663//3377 
f 3621//3335 3661//3375 3662//3376 
f 3620//3334 3660//3374 3661//3375 
f 3617//3331 3658//3372 3660//3374 
f 3659//3373 3698//3412 3658//3372 
f 3616//3330 3655//3369 3656//3370 
f 3615//3329 3654//3368 3655//3369 
f 3614//3328 3653//3367 3654//3368 
f 3613//3327 3652//3366 3653//3367 
f 3612//3326 3651//3365 3652//3366 
f 3611//3325 3650//3364 3651//3365 
f 3610//3324 3649//3363 3650//3364 
f 3609//3323 3648//3362 3649//3363 
f 3608//3322 3647//3361 3648//3362 
f 3607//3321 3646//3360 3647//3361 
f 3606//3320 3645//3359 3646//3360 
f 3605//3319 3644//3358 3645//3359 
f 3604//3318 3643//3357 3644//3358 
f 3603//3317 3642//3356 3643//3357 
f 3602//3316 3641//3355 3642//3356 
f 3601//3315 3640//3354 3641//3355 
f 3600//3314 3639//3353 3640//3354 
f 3599//3313 3638//3352 3639//3353 
f 3598//3312 3637//3351 3638//3352 
f 3597//3311 3636//3350 3637//3351 
f 3596//3310 3635//3349 3636//3350 
f 3595//3309 3634//3348 3635//3349 
f 3594//3308 3633//3347 3634//3348 
f 3593//3307 3632//3346 3633//3347 
f 3592//3306 3631//3345 3632//3346 
f 3591//3305 3630//3344 3631//3345 
f 3590//3304 3629//3343 3630//3344 
f 3589//3303 3628//3342 3629//3343 
f 3588//3302 3627//3341 3628//3342 
f 3587//3301 3626//3340 3627//3341 
f 3586//3300 3625//3339 3626//3340 
f 3585//3299 3624//3338 3625//3339 
f 3584//3298 3623//3337 3624//3338 
f 3583//3297 3622//3336 3623//3337 
f 3582//3296 3621//3335 3622//3336 
f 3580//3294 3620//3334 3621//3335 
f 3618//3332 3617//3331 3620//3334 
f 3619//3333 3659//3373 3617//3331 
f 3578//3292 3615//3329 3616//3330 
f 3577//3291 3614//3328 3615//3329 
f 3576//3290 3613//3327 3614//3328 
f 3575//3289 3612//3326 3613//3327 
f 3574//3288 3611//3325 3612//3326 
f 3573//3287 3610//3324 3611//3325 
f 3572//3286 3609//3323 3610//3324 
f 3571//3285 3608//3322 3609//3323 
f 3570//3284 3607//3321 3608//3322 
f 3569//3283 3606//3320 3607//3321 
f 3568//3282 3605//3319 3606//3320 
f 3567//3281 3604//3318 3605//3319 
f 3566//3280 3603//3317 3604//3318 
f 3565//3279 3602//3316 3603//3317 
f 3564//3278 3601//3315 3602//3316 
f 3563//3277 3600//3314 3601//3315 
f 3562//3276 3599//3313 3600//3314 
f 3561//3275 3598//3312 3599//3313 
f 3560//3274 3597//3311 3598//3312 
f 3559//3273 3596//3310 3597//3311 
f 3558//3272 3595//3309 3596//3310 
f 3557//3271 3594//3308 3595//3309 
f 3556//3270 3593//3307 3594//3308 
f 3555//3269 3592//3306 3593//3307 
f 3554//3268 3591//3305 3592//3306 
f 3553//3267 3590//3304 3591//3305 
f 3552//3266 3589//3303 3590//3304 
f 3551//3265 3588//3302 3589//3303 
f 3550//3264 3587//3301 3588//3302 
f 3549//3263 3586//3300 3587//3301 
f 3548//3262 3585//3299 3586//3300 
f 3547//3261 3584//3298 3585//3299 
f 3546//3260 3583//3297 3584//3298 
f 3545//3259 3582//3296 3583//3297 
f 3543//3257 3580//3294 3582//3296 
f 3581//3295 3618//3332 3580//3294 
f 3541//3255 3578//3292 3579//3293 
f 3540//3254 3577//3291 3578//3292 
f 3539//3253 3576//3290 3577//3291 
f 3538//3252 3575//3289 3576//3290 
f 3537//3251 3574//3288 3575//3289 
f 3536//3250 3573//3287 3574//3288 
f 3535//3249 3572//3286 3573//3287 
f 3534//3248 3571//3285 3572//3286 
f 3533//3247 3570//3284 3571//3285 
f 3532//3246 3569//3283 3570//3284 
f 3531//3245 3568//3282 3569//3283 
f 3530//3244 3567//3281 3568//3282 
f 3529//3243 3566//3280 3567//3281 
f 3528//3242 3565//3279 3566//3280 
f 3527//3241 3564//3278 3565//3279 
f 3526//3240 3563//3277 3564//3278 
f 3525//3239 3562//3276 3563//3277 
f 3524//3238 3561//3275 3562//3276 
f 3523//3237 3560//3274 3561//3275 
f 3522//3236 3559//3273 3560//3274 
f 3521//3235 3558//3272 3559//3273 
f 3520//3234 3557//3271 3558//3272 
f 3519//3233 3556//3270 3557//3271 
f 3518//3232 3555//3269 3556//3270 
f 3517//3231 3554//3268 3555//3269 
f 3516//3230 3553//3267 3554//3268 
f 3515//3229 3552//3266 3553//3267 
f 3514//3228 3551//3265 3552//3266 
f 3513//3227 3550//3264 3551//3265 
f 3512//3226 3549//3263 3550//3264 
f 3511//3225 3548//3262 3549//3263 
f 3510//3224 3547//3261 3548//3262 
f 3509//3223 3546//3260 3547//3261 
f 3508//3222 3545//3259 3546//3260 
f 3506//3220 3543//3257 3545//3259 
f 3544//3258 3581//3295 3543//3257 
f 3504//3218 3541//3255 3542//3256 
f 3503//3217 3540//3254 3541//3255 
f 3502//3216 3539//3253 3540//3254 
f 3501//3215 3538//3252 3539//3253 
f 3500//3214 3537//3251 3538//3252 
f 3499//3213 3536//3250 3537//3251 
f 3498//3212 3535//3249 3536//3250 
f 3497//3211 3534//3248 3535//3249 
f 3496//3210 3533//3247 3534//3248 
f 3495//3209 3532//3246 3533//3247 
f 3494//3208 3531//3245 3532//3246 
f 3493//3207 3530//3244 3531//3245 
f 3492//3206 3529//3243 3530//3244 
f 3491//3205 3528//3242 3529//3243 
f 3490//3204 3527//3241 3528//3242 
f 3489//3203 3526//3240 3527//3241 
f 3488//3202 3525//3239 3526//3240 
f 3487//3201 3524//3238 3525//3239 
f 3486//3200 3523//3237 3524//3238 
f 3485//3199 3522//3236 3523//3237 
f 3484//3198 3521//3235 3522//3236 
f 3483//3197 3520//3234 3521//3235 
f 3482//3196 3519//3233 3520//3234 
f 3481//3195 3518//3232 3519//3233 
f 3480//3194 3517//3231 3518//3232 
f 3479//3193 3516//3230 3517//3231 
f 3478//3192 3515//3229 3516//3230 
f 3477//3191 3514//3228 3515//3229 
f 3476//3190 3513//3227 3514//3228 
f 3475//3189 3512//3226 3513//3227 
f 3474//3188 3511//3225 3512//3226 
f 3473//3187 3510//3224 3511//3225 
f 3472//3186 3509//3223 3510//3224 
f 3471//3185 3508//3222 3509//3223 
f 3469//3183 3506//3220 3508//3222 
f 3507//3221 3544//3258 3506//3220 
f 3466//3180 3504//3218 3505//3219 
f 3465//3179 3503//3217 3504//3218 
f 3464//3178 3502//3216 3503//3217 
f 3463//3177 3501//3215 3502//3216 
f 3462//3176 3500//3214 3501//3215 
f 3461//3175 3499//3213 3500//3214 
f 3460//3174 3498//3212 3499//3213 
f 3459//3173 3497//3211 3498//3212 
f 3458//3172 3496//3210 3497//3211 
f 3457//3171 3495//3209 3496//3210 
f 3456//3170 3494//3208 3495//3209 
f 3455//3169 3493//3207 3494//3208 
f 3454//3168 3492//3206 3493//3207 
f 3453//3167 3491//3205 3492//3206 
f 3452//3166 3490//3204 3491//3205 
f 3451//3165 3489//3203 3490//3204 
f 3450//3164 3488//3202 3489//3203 
f 3449//3163 3487//3201 3488//3202 
f 3448//3162 3486//3200 3487//3201 
f 3447//3161 3485//3199 3486//3200 
f 3446//3160 3484//3198 3485//3199 
f 3445//3159 3483//3197 3484//3198 
f 3444//3158 3482//3196 3483//3197 
f 3443//3157 3481//3195 3482//3196 
f 3442//3156 3480//3194 3481//3195 
f 3441//3155 3479//3193 3480//3194 
f 3440//3154 3478//3192 3479//3193 
f 3439//3153 3477//3191 3478//3192 
f 3438//3152 3476//3190 3477//3191 
f 3437//3151 3475//3189 3476//3190 
f 3436//3150 3474//3188 3475//3189 
f 3435//3149 3473//3187 3474//3188 
f 3434//3148 3472//3186 3473//3187 
f 3433//3147 3471//3185 3472//3186 
f 3430//3144 3469//3183 3471//3185 
f 3470//3184 3507//3221 3469//3183 
f 3429//3143 3466//3180 3467//3181 
f 3428//3142 3465//3179 3466//3180 
f 3427//3141 3464//3178 3465//3179 
f 3426//3140 3463//3177 3464//3178 
f 3425//3139 3462//3176 3463//3177 
f 3424//3138 3461//3175 3462//3176 
f 3423//3137 3460//3174 3461//3175 
f 3422//3136 3459//3173 3460//3174 
f 3421//3135 3458//3172 3459//3173 
f 3420//3134 3457//3171 3458//3172 
f 3419//3133 3456//3170 3457//3171 
f 3418//3132 3455//3169 3456//3170 
f 3417//3131 3454//3168 3455//3169 
f 3416//3130 3453//3167 3454//3168 
f 3415//3129 3452//3166 3453//3167 
f 3414//3128 3451//3165 3452//3166 
f 3413//3127 3450//3164 3451//3165 
f 3412//3126 3449//3163 3450//3164 
f 3411//3125 3448//3162 3449//3163 
f 3410//3124 3447//3161 3448//3162 
f 3409//3123 3446//3160 3447//3161 
f 3408//3122 3445//3159 3446//3160 
f 3407//3121 3444//3158 3445//3159 
f 3406//3120 3443//3157 3444//3158 
f 3405//3119 3442//3156 3443//3157 
f 3404//3118 3441//3155 3442//3156 
f 3403//3117 3440//3154 3441//3155 
f 3402//3116 3439//3153 3440//3154 
f 3401//3115 3438//3152 3439//3153 
f 3400//3114 3437//3151 3438//3152 
f 3399//3113 3436//3150 3437//3151 
f 3398//3112 3435//3149 3436//3150 
f 3397//3111 3434//3148 3435//3149 
f 3395//3109 3433//3147 3434//3148 
f 3431//3145 3430//3144 3433//3147 
f 3432//3146 3470//3184 3430//3144 
f 3393//3107 3428//3142 3429//3143 
f 3392//3106 3427//3141 3428//3142 
f 3391//3105 3426//3140 3427//3141 
f 3390//3104 3425//3139 3426//3140 
f 3389//3103 3424//3138 3425//3139 
f 3388//3102 3423//3137 3424//3138 
f 3387//3101 3422//3136 3423//3137 
f 3386//3100 3421//3135 3422//3136 
f 3385//3099 3420//3134 3421//3135 
f 3384//3098 3419//3133 3420//3134 
f 3383//3097 3418//3132 3419//3133 
f 3382//3096 3417//3131 3418//3132 
f 3381//3095 3416//3130 3417//3131 
f 3380//3094 3415//3129 3416//3130 
f 3379//3093 3414//3128 3415//3129 
f 3378//3092 3413//3127 3414//3128 
f 3377//3091 3412//3126 3413//3127 
f 3376//3090 3411//3125 3412//3126 
f 3375//3089 3410//3124 3411//3125 
f 3374//3088 3409//3123 3410//3124 
f 3373//3087 3408//3122 3409//3123 
f 3372//3086 3407//3121 3408//3122 
f 3371//3085 3406//3120 3407//3121 
f 3370//3084 3405//3119 3406//3120 
f 3369//3083 3404//3118 3405//3119 
f 3368//3082 3403//3117 3404//3118 
f 3367//3081 3402//3116 3403//3117 
f 3366//3080 3401//3115 3402//3116 
f 3365//3079 3400//3114 3401//3115 
f 3364//3078 3399//3113 3400//3114 
f 3363//3077 3398//3112 3399//3113 
f 3362//3076 3397//3111 3398//3112 
f 3360//3074 3395//3109 3397//3111 
f 3396//3110 3431//3145 3395//3109 
f 3358//3072 3393//3107 3394//3108 
f 3357//3071 3392//3106 3393//3107 
f 3356//3070 3391//3105 3392//3106 
f 3355//3069 3390//3104 3391//3105 
f 3354//3068 3389//3103 3390//3104 
f 3353//3067 3388//3102 3389//3103 
f 3352//3066 3387//3101 3388//3102 
f 3351//3065 3386//3100 3387//3101 
f 3350//3064 3385//3099 3386//3100 
f 3349//3063 3384//3098 3385//3099 
f 3348//3062 3383//3097 3384//3098 
f 3347//3061 3382//3096 3383//3097 
f 3346//3060 3381//3095 3382//3096 
f 3345//3059 3380//3094 3381//3095 
f 3344//3058 3379//3093 3380//3094 
f 3343//3057 3378//3092 3379//3093 
f 3342//3056 3377//3091 3378//3092 
f 3341//3055 3376//3090 3377//3091 
f 3340//3054 3375//3089 3376//3090 
f 3339//3053 3374//3088 3375//3089 
f 3338//3052 3373//3087 3374//3088 
f 3337//3051 3372//3086 3373//3087 
f 3336//3050 3371//3085 3372//3086 
f 3335//3049 3370//3084 3371//3085 
f 3334//3048 3369//3083 3370//3084 
f 3333//3047 3368//3082 3369//3083 
f 3332//3046 3367//3081 3368//3082 
f 3331//3045 3366//3080 3367//3081 
f 3330//3044 3365//3079 3366//3080 
f 3329//3043 3364//3078 3365//3079 
f 3328//3042 3363//3077 3364//3078 
f 3327//3041 3362//3076 3363//3077 
f 3325//3039 3360//3074 3362//3076 
f 3361//3075 3396//3110 3360//3074 
f 3323//3037 3358//3072 3359//3073 
f 3322//3036 3357//3071 3358//3072 
f 3321//3035 3356//3070 3357//3071 
f 3320//3034 3355//3069 3356//3070 
f 3319//3033 3354//3068 3355//3069 
f 3318//3032 3353//3067 3354//3068 
f 3317//3031 3352//3066 3353//3067 
f 3316//3030 3351//3065 3352//3066 
f 3315//3029 3350//3064 3351//3065 
f 3314//3028 3349//3063 3350//3064 
f 3313//3027 3348//3062 3349//3063 
f 3312//3026 3347//3061 3348//3062 
f 3311//3025 3346//3060 3347//3061 
f 3310//3024 3345//3059 3346//3060 
f 3309//3023 3344//3058 3345//3059 
f 3308//3022 3343//3057 3344//3058 
f 3307//3021 3342//3056 3343//3057 
f 3306//3020 3341//3055 3342//3056 
f 3305//3019 3340//3054 3341//3055 
f 3304//3018 3339//3053 3340//3054 
f 3303//3017 3338//3052 3339//3053 
f 3302//3016 3337//3051 3338//3052 
f 3301//3015 3336//3050 3337//3051 
f 3300//3014 3335//3049 3336//3050 
f 3299//3013 3334//3048 3335//3049 
f 3298//3012 3333//3047 3334//3048 
f 3297//3011 3332//3046 3333//3047 
f 3296//3010 3331//3045 3332//3046 
f 3295//3009 3330//3044 3331//3045 
f 3294//3008 3329//3043 3330//3044 
f 3293//3007 3328//3042 3329//3043 
f 3292//3006 3327//3041 3328//3042 
f 3290//3004 3325//3039 3327//3041 
f 3326//3040 3361//3075 3325//3039 
f 3288//3002 3323//3037 3324//3038 
f 3287//3001 3322//3036 3323//3037 
f 3286//3000 3321//3035 3322//3036 
f 3285//2999 3320//3034 3321//3035 
f 3284//2998 3319//3033 3320//3034 
f 3283//2997 3318//3032 3319//3033 
f 3282//2996 3317//3031 3318//3032 
f 3281//2995 3316//3030 3317//3031 
f 3280//2994 3315//3029 3316//3030 
f 3279//2993 3314//3028 3315//3029 
f 3278//2992 3313//3027 3314//3028 
f 3277//2991 3312//3026 3313//3027 
f 3276//2990 3311//3025 3312//3026 
f 3275//2989 3310//3024 3311//3025 
f 3274//2988 3309//3023 3310//3024 
f 3273//2987 3308//3022 3309//3023 
f 3272//2986 3307//3021 3308//3022 
f 3271//2985 3306//3020 3307//3021 
f 3270//2984 3305//3019 3306//3020 
f 3269//2983 3304//3018 3305//3019 
f 3268//2982 3303//3017 3304//3018 
f 3267//2981 3302//3016 3303//3017 
f 3266//2980 3301//3015 3302//3016 
f 3265//2979 3300//3014 3301//3015 
f 3264//2978 3299//3013 3300//3014 
f 3263//2977 3298//3012 3299//3013 
f 3262//2976 3297//3011 3298//3012 
f 3261//2975 3296//3010 3297//3011 
f 3260//2974 3295//3009 3296//3010 
f 3259//2973 3294//3008 3295//3009 
f 3258//2972 3293//3007 3294//3008 
f 3257//2971 3292//3006 3293//3007 
f 3255//2969 3290//3004 3292//3006 
f 3291//3005 3326//3040 3290//3004 
f 3252//2966 3288//3002 3289//3003 
f 3251//2965 3287//3001 3288//3002 
f 3250//2964 3286//3000 3287//3001 
f 3249//2963 3285//2999 3286//3000 
f 3248//2962 3284//2998 3285//2999 
f 3247//2961 3283//2997 3284//2998 
f 3246//2960 3282//2996 3283//2997 
f 3245//2959 3281//2995 3282//2996 
f 3244//2958 3280//2994 3281//2995 
f 3243//2957 3279//2993 3280//2994 
f 3242//2956 3278//2992 3279//2993 
f 3241//2955 3277//2991 3278//2992 
f 3240//2954 3276//2990 3277//2991 
f 3239//2953 3275//2989 3276//2990 
f 3238//2952 3274//2988 3275//2989 
f 3237//2951 3273//2987 3274//2988 
f 3236//2950 3272//2986 3273//2987 
f 3235//2949 3271//2985 3272//2986 
f 3234//2948 3270//2984 3271//2985 
f 3233//2947 3269//2983 3270//2984 
f 3232//2946 3268//2982 3269//2983 
f 3231//2945 3267//2981 3268//2982 
f 3230//2944 3266//2980 3267//2981 
f 3229//2943 3265//2979 3266//2980 
f 3228//2942 3264//2978 3265//2979 
f 3227//2941 3263//2977 3264//2978 
f 3226//2940 3262//2976 3263//2977 
f 3225//2939 3261//2975 3262//2976 
f 3224//2938 3260//2974 3261//2975 
f 3223//2937 3259//2973 3260//2974 
f 3222//2936 3258//2972 3259//2973 
f 3221//2935 3257//2971 3258//2972 
f 3218//2932 3255//2969 3257//2971 
f 3256//2970 3291//3005 3255//2969 
f 3217//2931 3252//2966 3253//2967 
f 3216//2930 3251//2965 3252//2966 
f 3215//2929 3250//2964 3251//2965 
f 3214//2928 3249//2963 3250//2964 
f 3213//2927 3248//2962 3249//2963 
f 3212//2926 3247//2961 3248//2962 
f 3211//2925 3246//2960 3247//2961 
f 3210//2924 3245//2959 3246//2960 
f 3209//2923 3244//2958 3245//2959 
f 3208//2922 3243//2957 3244//2958 
f 3207//2921 3242//2956 3243//2957 
f 3206//2920 3241//2955 3242//2956 
f 3205//2919 3240//2954 3241//2955 
f 3204//2918 3239//2953 3240//2954 
f 3203//2917 3238//2952 3239//2953 
f 3202//2916 3237//2951 3238//2952 
f 3201//2915 3236//2950 3237//2951 
f 3200//2914 3235//2949 3236//2950 
f 3199//2913 3234//2948 3235//2949 
f 3198//2912 3233//2947 3234//2948 
f 3197//2911 3232//2946 3233//2947 
f 3196//2910 3231//2945 3232//2946 
f 3195//2909 3230//2944 3231//2945 
f 3194//2908 3229//2943 3230//2944 
f 3193//2907 3228//2942 3229//2943 
f 3192//2906 3227//2941 3228//2942 
f 3191//2905 3226//2940 3227//2941 
f 3190//2904 3225//2939 3226//2940 
f 3189//2903 3224//2938 3225//2939 
f 3188//2902 3223//2937 3224//2938 
f 3187//2901 3222//2936 3223//2937 
f 3185//2899 3221//2935 3222//2936 
f 3219//2933 3218//2932 3221//2935 
f 3220//2934 3256//2970 3218//2932 
f 3183//2897 3216//2930 3217//2931 
f 3182//2896 3215//2929 3216//2930 
f 3181//2895 3214//2928 3215//2929 
f 3180//2894 3213//2927 3214//2928 
f 3179//2893 3212//2926 3213//2927 
f 3178//2892 3211//2925 3212//2926 
f 3177//2891 3210//2924 3211//2925 
f 3176//2890 3209//2923 3210//2924 
f 3175//2889 3208//2922 3209//2923 
f 3174//2888 3207//2921 3208//2922 
f 3173//2887 3206//2920 3207//2921 
f 3172//2886 3205//2919 3206//2920 
f 3171//2885 3204//2918 3205//2919 
f 3170//2884 3203//2917 3204//2918 
f 3169//2883 3202//2916 3203//2917 
f 3168//2882 3201//2915 3202//2916 
f 3167//2881 3200//2914 3201//2915 
f 3166//2880 3199//2913 3200//2914 
f 3165//2879 3198//2912 3199//2913 
f 3164//2878 3197//2911 3198//2912 
f 3163//2877 3196//2910 3197//2911 
f 3162//2876 3195//2909 3196//2910 
f 3161//2875 3194//2908 3195//2909 
f 3160//2874 3193//2907 3194//2908 
f 3159//2873 3192//2906 3193//2907 
f 3158//2872 3191//2905 3192//2906 
f 3157//2871 3190//2904 3191//2905 
f 3156//2870 3189//2903 3190//2904 
f 3155//2869 3188//2902 3189//2903 
f 3154//2868 3187//2901 3188//2902 
f 3152//2866 3185//2899 3187//2901 
f 3186//2900 3219//2933 3185//2899 
f 3150//2864 3183//2897 3184//2898 
f 3149//2863 3182//2896 3183//2897 
f 3148//2862 3181//2895 3182//2896 
f 3147//2861 3180//2894 3181//2895 
f 3146//2860 3179//2893 3180//2894 
f 3145//2859 3178//2892 3179//2893 
f 3144//2858 3177//2891 3178//2892 
f 3143//2857 3176//2890 3177//2891 
f 3142//2856 3175//2889 3176//2890 
f 3141//2855 3174//2888 3175//2889 
f 3140//2854 3173//2887 3174//2888 
f 3139//2853 3172//2886 3173//2887 
f 3138//2852 3171//2885 3172//2886 
f 3137//2851 3170//2884 3171//2885 
f 3136//2850 3169//2883 3170//2884 
f 3135//2849 3168//2882 3169//2883 
f 3134//2848 3167//2881 3168//2882 
f 3133//2847 3166//2880 3167//2881 
f 3132//2846 3165//2879 3166//2880 
f 3131//2845 3164//2878 3165//2879 
f 3130//2844 3163//2877 3164//2878 
f 3129//2843 3162//2876 3163//2877 
f 3128//2842 3161//2875 3162//2876 
f 3127//2841 3160//2874 3161//2875 
f 3126//2840 3159//2873 3160//2874 
f 3125//2839 3158//2872 3159//2873 
f 3124//2838 3157//2871 3158//2872 
f 3123//2837 3156//2870 3157//2871 
f 3122//2836 3155//2869 3156//2870 
f 3121//2835 3154//2868 3155//2869 
f 3119//2833 3152//2866 3154//2868 
f 3153//2867 3186//2900 3152//2866 
f 3117//2831 3150//2864 3151//2865 
f 3116//2830 3149//2863 3150//2864 
f 3115//2829 3148//2862 3149//2863 
f 3114//2828 3147//2861 3148//2862 
f 3113//2827 3146//2860 3147//2861 
f 3112//2826 3145//2859 3146//2860 
f 3111//2825 3144//2858 3145//2859 
f 3110//2824 3143//2857 3144//2858 
f 3109//2823 3142//2856 3143//2857 
f 3108//2822 3141//2855 3142//2856 
f 3107//2821 3140//2854 3141//2855 
f 3106//2820 3139//2853 3140//2854 
f 3105//2819 3138//2852 3139//2853 
f 3104//2818 3137//2851 3138//2852 
f 3103//2817 3136//2850 3137//2851 
f 3102//2816 3135//2849 3136//2850 
f 3101//2815 3134//2848 3135//2849 
f 3100//2814 3133//2847 3134//2848 
f 3099//2813 3132//2846 3133//2847 
f 3098//2812 3131//2845 3132//2846 
f 3097//2811 3130//2844 3131//2845 
f 3096//2810 3129//2843 3130//2844 
f 3095//2809 3128//2842 3129//2843 
f 3094//2808 3127//2841 3128//2842 
f 3093//2807 3126//2840 3127//2841 
f 3092//2806 3125//2839 3126//2840 
f 3091//2805 3124//2838 3125//2839 
f 3090//2804 3123//2837 3124//2838 
f 3089//2803 3122//2836 3123//2837 
f 3088//2802 3121//2835 3122//2836 
f 3086//2800 3119//2833 3121//2835 
f 3120//2834 3153//2867 3119//2833 
f 3084//2798 3117//2831 3118//2832 
f 3083//2797 3116//2830 3117//2831 
f 3082//2796 3115//2829 3116//2830 
f 3081//2795 3114//2828 3115//2829 
f 3080//2794 3113//2827 3114//2828 
f 3079//2793 3112//2826 3113//2827 
f 3078//2792 3111//2825 3112//2826 
f 3077//2791 3110//2824 3111//2825 
f 3076//2790 3109//2823 3110//2824 
f 3075//2789 3108//2822 3109//2823 
f 3074//2788 3107//2821 3108//2822 
f 3073//2787 3106//2820 3107//2821 
f 3072//2786 3105//2819 3106//2820 
f 3071//2785 3104//2818 3105//2819 
f 3070//2784 3103//2817 3104//2818 
f 3069//2783 3102//2816 3103//2817 
f 3068//2782 3101//2815 3102//2816 
f 3067//2781 3100//2814 3101//2815 
f 3066//2780 3099//2813 3100//2814 
f 3065//2779 3098//2812 3099//2813 
f 3064//2778 3097//2811 3098//2812 
f 3063//2777 3096//2810 3097//2811 
f 3062//2776 3095//2809 3096//2810 
f 3061//2775 3094//2808 3095//2809 
f 3060//2774 3093//2807 3094//2808 
f 3059//2773 3092//2806 3093//2807 
f 3058//2772 3091//2805 3092//2806 
f 3057//2771 3090//2804 3091//2805 
f 3056//2770 3089//2803 3090//2804 
f 3055//2769 3088//2802 3089//2803 
f 3053//2767 3086//2800 3088//2802 
f 3087//2801 3120//2834 3086//2800 
f 3051//2765 3084//2798 3085//2799 
f 3050//2764 3083//2797 3084//2798 
f 3049//2763 3082//2796 3083//2797 
f 3048//2762 3081//2795 3082//2796 
f 3047//2761 3080//2794 3081//2795 
f 3046//2760 3079//2793 3080//2794 
f 3045//2759 3078//2792 3079//2793 
f 3044//2758 3077//2791 3078//2792 
f 3043//2757 3076//2790 3077//2791 
f 3042//2756 3075//2789 3076//2790 
f 3041//2755 3074//2788 3075//2789 
f 3040//2754 3073//2787 3074//2788 
f 3039//2753 3072//2786 3073//2787 
f 3038//2752 3071//2785 3072//2786 
f 3037//2751 3070//2784 3071//2785 
f 3036//2750 3069//2783 3070//2784 
f 3035//2749 3068//2782 3069//2783 
f 3034//2748 3067//2781 3068//2782 
f 3033//2747 3066//2780 3067//2781 
f 3032//2746 3065//2779 3066//2780 
f 3031//2745 3064//2778 3065//2779 
f 3030//2744 3063//2777 3064//2778 
f 3029//2743 3062//2776 3063//2777 
f 3028//2742 3061//2775 3062//2776 
f 3027//2741 3060//2774 3061//2775 
f 3026//2740 3059//2773 3060//2774 
f 3025//2739 3058//2772 3059//2773 
f 3024//2738 3057//2771 3058//2772 
f 3023//2737 3056//2770 3057//2771 
f 3022//2736 3055//2769 3056//2770 
f 3020//2734 3053//2767 3055//2769 
f 3054//2768 3087//2801 3053//2767 
f 3017//2731 3051//2765 3052//2766 
f 3016//2730 3050//2764 3051//2765 
f 3015//2729 3049//2763 3050//2764 
f 3014//2728 3048//2762 3049//2763 
f 3013//2727 3047//2761 3048//2762 
f 3012//2726 3046//2760 3047//2761 
f 3011//2725 3045//2759 3046//2760 
f 3010//2724 3044//2758 3045//2759 
f 3009//2723 3043//2757 3044//2758 
f 3008//2722 3042//2756 3043//2757 
f 3007//2721 3041//2755 3042//2756 
f 3006//2720 3040//2754 3041//2755 
f 3005//2719 3039//2753 3040//2754 
f 3004//2718 3038//2752 3039//2753 
f 3003//2717 3037//2751 3038//2752 
f 3002//2716 3036//2750 3037//2751 
f 3001//2715 3035//2749 3036//2750 
f 3000//2714 3034//2748 3035//2749 
f 2999//2713 3033//2747 3034//2748 
f 2998//2712 3032//2746 3033//2747 
f 2997//2711 3031//2745 3032//2746 
f 2996//2710 3030//2744 3031//2745 
f 2995//2709 3029//2743 3030//2744 
f 2994//2708 3028//2742 3029//2743 
f 2993//2707 3027//2741 3028//2742 
f 2992//2706 3026//2740 3027//2741 
f 2991//2705 3025//2739 3026//2740 
f 2990//2704 3024//2738 3025//2739 
f 2989//2703 3023//2737 3024//2738 
f 2988//2702 3022//2736 3023//2737 
f 2985//2699 3020//2734 3022//2736 
f 3021//2735 3054//2768 3020//2734 
f 2984//2698 3017//2731 3018//2732 
f 2983//2697 3016//2730 3017//2731 
f 2982//2696 3015//2729 3016//2730 
f 2981//2695 3014//2728 3015//2729 
f 2980//2694 3013//2727 3014//2728 
f 2979//2693 3012//2726 3013//2727 
f 2978//2692 3011//2725 3012//2726 
f 2977//2691 3010//2724 3011//2725 
f 2976//2690 3009//2723 3010//2724 
f 2975//2689 3008//2722 3009//2723 
f 2974//2688 3007//2721 3008//2722 
f 2973//2687 3006//2720 3007//2721 
f 2972//2686 3005//2719 3006//2720 
f 2971//2685 3004//2718 3005//2719 
f 2970//2684 3003//2717 3004//2718 
f 2969//2683 3002//2716 3003//2717 
f 2968//2682 3001//2715 3002//2716 
f 2967//2681 3000//2714 3001//2715 
f 2966//2680 2999//2713 3000//2714 
f 2965//2679 2998//2712 2999//2713 
f 2964//2678 2997//2711 2998//2712 
f 2963//2677 2996//2710 2997//2711 
f 2962//2676 2995//2709 2996//2710 
f 2961//2675 2994//2708 2995//2709 
f 2960//2674 2993//2707 2994//2708 
f 2959//2673 2992//2706 2993//2707 
f 2958//2672 2991//2705 2992//2706 
f 2957//2671 2990//2704 2991//2705 
f 2956//2670 2989//2703 2990//2704 
f 2954//2668 2988//2702 2989//2703 
f 2986//2700 2985//2699 2988//2702 
f 2987//2701 3021//2735 2985//2699 
f 2952//2666 2983//2697 2984//2698 
f 2951//2665 2982//2696 2983//2697 
f 2950//2664 2981//2695 2982//2696 
f 2949//2663 2980//2694 2981//2695 
f 2948//2662 2979//2693 2980//2694 
f 2947//2661 2978//2692 2979//2693 
f 2946//2660 2977//2691 2978//2692 
f 2945//2659 2976//2690 2977//2691 
f 2944//2658 2975//2689 2976//2690 
f 2943//2657 2974//2688 2975//2689 
f 2942//2656 2973//2687 2974//2688 
f 2941//2655 2972//2686 2973//2687 
f 2940//2654 2971//2685 2972//2686 
f 2939//2653 2970//2684 2971//2685 
f 2938//2652 2969//2683 2970//2684 
f 2937//2651 2968//2682 2969//2683 
f 2936//2650 2967//2681 2968//2682 
f 2935//2649 2966//2680 2967//2681 
f 2934//2648 2965//2679 2966//2680 
f 2933//2647 2964//2678 2965//2679 
f 2932//2646 2963//2677 2964//2678 
f 2931//2645 2962//2676 2963//2677 
f 2930//2644 2961//2675 2962//2676 
f 2929//2643 2960//2674 2961//2675 
f 2928//2642 2959//2673 2960//2674 
f 2927//2641 2958//2672 2959//2673 
f 2926//2640 2957//2671 2958//2672 
f 2925//2639 2956//2670 2957//2671 
f 2923//2637 2954//2668 2956//2670 
f 2955//2669 2986//2700 2954//2668 
f 2921//2635 2952//2666 2953//2667 
f 2920//2634 2951//2665 2952//2666 
f 2919//2633 2950//2664 2951//2665 
f 2918//2632 2949//2663 2950//2664 
f 2917//2631 2948//2662 2949//2663 
f 2916//2630 2947//2661 2948//2662 
f 2915//2629 2946//2660 2947//2661 
f 2914//2628 2945//2659 2946//2660 
f 2913//2627 2944//2658 2945//2659 
f 2912//2626 2943//2657 2944//2658 
f 2911//2625 2942//2656 2943//2657 
f 2910//2624 2941//2655 2942//2656 
f 2909//2623 2940//2654 2941//2655 
f 2908//2622 2939//2653 2940//2654 
f 2907//2621 2938//2652 2939//2653 
f 2906//2620 2937//2651 2938//2652 
f 2905//2619 2936//2650 2937//2651 
f 2904//2618 2935//2649 2936//2650 
f 2903//2617 2934//2648 2935//2649 
f 2902//2616 2933//2647 2934//2648 
f 2901//2615 2932//2646 2933//2647 
f 2900//2614 2931//2645 2932//2646 
f 2899//2613 2930//2644 2931//2645 
f 2898//2612 2929//2643 2930//2644 
f 2897//2611 2928//2642 2929//2643 
f 2896//2610 2927//2641 2928//2642 
f 2895//2609 2926//2640 2927//2641 
f 2894//2608 2925//2639 2926//2640 
f 2892//2606 2923//2637 2925//2639 
f 2924//2638 2955//2669 2923//2637 
f 2890//2604 2921//2635 2922//2636 
f 2889//2603 2920//2634 2921//2635 
f 2888//2602 2919//2633 2920//2634 
f 2887//2601 2918//2632 2919//2633 
f 2886//2600 2917//2631 2918//2632 
f 2885//2599 2916//2630 2917//2631 
f 2884//2598 2915//2629 2916//2630 
f 2883//2597 2914//2628 2915//2629 
f 2882//2596 2913//2627 2914//2628 
f 2881//2595 2912//2626 2913//2627 
f 2880//2594 2911//2625 2912//2626 
f 2879//2593 2910//2624 2911//2625 
f 2878//2592 2909//2623 2910//2624 
f 2877//2591 2908//2622 2909//2623 
f 2876//2590 2907//2621 2908//2622 
f 2875//2589 2906//2620 2907//2621 
f 2874//2588 2905//2619 2906//2620 
f 2873//2587 2904//2618 2905//2619 
f 2872//2586 2903//2617 2904//2618 
f 2871//2585 2902//2616 2903//2617 
f 2870//2584 2901//2615 2902//2616 
f 2869//2583 2900//2614 2901//2615 
f 2868//2582 2899//2613 2900//2614 
f 2867//2581 2898//2612 2899//2613 
f 2866//2580 2897//2611 2898//2612 
f 2865//2579 2896//2610 2897//2611 
f 2864//2578 2895//2609 2896//2610 
f 2863//2577 2894//2608 2895//2609 
f 2861//2575 2892//2606 2894//2608 
f 2893//2607 2924//2638 2892//2606 
f 2859//2573 2890//2604 2891//2605 
f 2858//2572 2889//2603 2890//2604 
f 2857//2571 2888//2602 2889//2603 
f 2856//2570 2887//2601 2888//2602 
f 2855//2569 2886//2600 2887//2601 
f 2854//2568 2885//2599 2886//2600 
f 2853//2567 2884//2598 2885//2599 
f 2852//2566 2883//2597 2884//2598 
f 2851//2565 2882//2596 2883//2597 
f 2850//2564 2881//2595 2882//2596 
f 2849//2563 2880//2594 2881//2595 
f 2848//2562 2879//2593 2880//2594 
f 2847//2561 2878//2592 2879//2593 
f 2846//2560 2877//2591 2878//2592 
f 2845//2559 2876//2590 2877//2591 
f 2844//2558 2875//2589 2876//2590 
f 2843//2557 2874//2588 2875//2589 
f 2842//2556 2873//2587 2874//2588 
f 2841//2555 2872//2586 2873//2587 
f 2840//2554 2871//2585 2872//2586 
f 2839//2553 2870//2584 2871//2585 
f 2838//2552 2869//2583 2870//2584 
f 2837//2551 2868//2582 2869//2583 
f 2836//2550 2867//2581 2868//2582 
f 2835//2549 2866//2580 2867//2581 
f 2834//2548 2865//2579 2866//2580 
f 2833//2547 2864//2578 2865//2579 
f 2832//2546 2863//2577 2864//2578 
f 2830//2544 2861//2575 2863//2577 
f 2862//2576 2893//2607 2861//2575 
f 2828//2542 2859//2573 2860//2574 
f 2827//2541 2858//2572 2859//2573 
f 2826//2540 2857//2571 2858//2572 
f 2825//2539 2856//2570 2857//2571 
f 2824//2538 2855//2569 2856//2570 
f 2823//2537 2854//2568 2855//2569 
f 2822//2536 2853//2567 2854//2568 
f 2821//2535 2852//2566 2853//2567 
f 2820//2534 2851//2565 2852//2566 
f 2819//2533 2850//2564 2851//2565 
f 2818//2532 2849//2563 2850//2564 
f 2817//2531 2848//2562 2849//2563 
f 2816//2530 2847//2561 2848//2562 
f 2815//2529 2846//2560 2847//2561 
f 2814//2528 2845//2559 2846//2560 
f 2813//2527 2844//2558 2845//2559 
f 2812//2526 2843//2557 2844//2558 
f 2811//2525 2842//2556 2843//2557 
f 2810//2524 2841//2555 2842//2556 
f 2809//2523 2840//2554 2841//2555 
f 2808//2522 2839//2553 2840//2554 
f 2807//2521 2838//2552 2839//2553 
f 2806//2520 2837//2551 2838//2552 
f 2805//2519 2836//2550 2837//2551 
f 2804//2518 2835//2549 2836//2550 
f 2803//2517 2834//2548 2835//2549 
f 2802//2516 2833//2547 2834//2548 
f 2801//2515 2832//2546 2833//2547 
f 2799//2513 2830//2544 2832//2546 
f 2831//2545 2862//2576 2830//2544 
f 2797//2511 2828//2542 2829//2543 
f 2796//2510 2827//2541 2828//2542 
f 2795//2509 2826//2540 2827//2541 
f 2794//2508 2825//2539 2826//2540 
f 2793//2507 2824//2538 2825//2539 
f 2792//2506 2823//2537 2824//2538 
f 2791//2505 2822//2536 2823//2537 
f 2790//2504 2821//2535 2822//2536 
f 2789//2503 2820//2534 2821//2535 
f 2788//2502 2819//2533 2820//2534 
f 2787//2501 2818//2532 2819//2533 
f 2786//2500 2817//2531 2818//2532 
f 2785//2499 2816//2530 2817//2531 
f 2784//2498 2815//2529 2816//2530 
f 2783//2497 2814//2528 2815//2529 
f 2782//2496 2813//2527 2814//2528 
f 2781//2495 2812//2526 2813//2527 
f 2780//2494 2811//2525 2812//2526 
f 2779//2493 2810//2524 2811//2525 
f 2778//2492 2809//2523 2810//2524 
f 2777//2491 2808//2522 2809//2523 
f 2776//2490 2807//2521 2808//2522 
f 2775//2489 2806//2520 2807//2521 
f 2774//2488 2805//2519 2806//2520 
f 2773//2487 2804//2518 2805//2519 
f 2772//2486 2803//2517 2804//2518 
f 2771//2485 2802//2516 2803//2517 
f 2770//2484 2801//2515 2802//2516 
f 2768//2482 2799//2513 2801//2515 
f 2800//2514 2831//2545 2799//2513 
f 2765//2479 2797//2511 2798//2512 
f 2764//2478 2796//2510 2797//2511 
f 2763//2477 2795//2509 2796//2510 
f 2762//2476 2794//2508 2795//2509 
f 2761//2475 2793//2507 2794//2508 
f 2760//2474 2792//2506 2793//2507 
f 2759//2473 2791//2505 2792//2506 
f 2758//2472 2790//2504 2791//2505 
f 2757//2471 2789//2503 2790//2504 
f 2756//2470 2788//2502 2789//2503 
f 2755//2469 2787//2501 2788//2502 
f 2754//2468 2786//2500 2787//2501 
f 2753//2467 2785//2499 2786//2500 
f 2752//2466 2784//2498 2785//2499 
f 2751//2465 2783//2497 2784//2498 
f 2750//2464 2782//2496 2783//2497 
f 2749//2463 2781//2495 2782//2496 
f 2748//2462 2780//2494 2781//2495 
f 2747//2461 2779//2493 2780//2494 
f 2746//2460 2778//2492 2779//2493 
f 2745//2459 2777//2491 2778//2492 
f 2744//2458 2776//2490 2777//2491 
f 2743//2457 2775//2489 2776//2490 
f 2742//2456 2774//2488 2775//2489 
f 2741//2455 2773//2487 2774//2488 
f 2740//2454 2772//2486 2773//2487 
f 2739//2453 2771//2485 2772//2486 
f 2738//2452 2770//2484 2771//2485 
f 2735//2449 2768//2482 2770//2484 
f 2769//2483 2800//2514 2768//2482 
f 2734//2448 2765//2479 2766//2480 
f 2733//2447 2764//2478 2765//2479 
f 2732//2446 2763//2477 2764//2478 
f 2731//2445 2762//2476 2763//2477 
f 2730//2444 2761//2475 2762//2476 
f 2729//2443 2760//2474 2761//2475 
f 2728//2442 2759//2473 2760//2474 
f 2727//2441 2758//2472 2759//2473 
f 2726//2440 2757//2471 2758//2472 
f 2725//2439 2756//2470 2757//2471 
f 2724//2438 2755//2469 2756//2470 
f 2723//2437 2754//2468 2755//2469 
f 2722//2436 2753//2467 2754//2468 
f 2721//2435 2752//2466 2753//2467 
f 2720//2434 2751//2465 2752//2466 
f 2719//2433 2750//2464 2751//2465 
f 2718//2432 2749//2463 2750//2464 
f 2717//2431 2748//2462 2749//2463 
f 2716//2430 2747//2461 2748//2462 
f 2715//2429 2746//2460 2747//2461 
f 2714//2428 2745//2459 2746//2460 
f 2713//2427 2744//2458 2745//2459 
f 2712//2426 2743//2457 2744//2458 
f 2711//2425 2742//2456 2743//2457 
f 2710//2424 2741//2455 2742//2456 
f 2709//2423 2740//2454 2741//2455 
f 2708//2422 2739//2453 2740//2454 
f 2706//2420 2738//2452 2739//2453 
f 2736//2450 2735//2449 2738//2452 
f 2737//2451 2769//2483 2735//2449 
f 2704//2418 2733//2447 2734//2448 
f 2703//2417 2732//2446 2733//2447 
f 2702//2416 2731//2445 2732//2446 
f 2701//2415 2730//2444 2731//2445 
f 2700//2414 2729//2443 2730//2444 
f 2699//2413 2728//2442 2729//2443 
f 2698//2412 2727//2441 2728//2442 
f 2697//2411 2726//2440 2727//2441 
f 2696//2410 2725//2439 2726//2440 
f 2695//2409 2724//2438 2725//2439 
f 2694//2408 2723//2437 2724//2438 
f 2693//2407 2722//2436 2723//2437 
f 2692//2406 2721//2435 2722//2436 
f 2691//2405 2720//2434 2721//2435 
f 2690//2404 2719//2433 2720//2434 
f 2689//2403 2718//2432 2719//2433 
f 2688//2402 2717//2431 2718//2432 
f 2687//2401 2716//2430 2717//2431 
f 2686//2400 2715//2429 2716//2430 
f 2685//2399 2714//2428 2715//2429 
f 2684//2398 2713//2427 2714//2428 
f 2683//2397 2712//2426 2713//2427 
f 2682//2396 2711//2425 2712//2426 
f 2681//2395 2710//2424 2711//2425 
f 2680//2394 2709//2423 2710//2424 
f 2679//2393 2708//2422 2709//2423 
f 2677//2391 2706//2420 2708//2422 
f 2707//2421 2736//2450 2706//2420 
f 2675//2389 2704//2418 2705//2419 
f 2674//2388 2703//2417 2704//2418 
f 2673//2387 2702//2416 2703//2417 
f 2672//2386 2701//2415 2702//2416 
f 2671//2385 2700//2414 2701//2415 
f 2670//2384 2699//2413 2700//2414 
f 2669//2383 2698//2412 2699//2413 
f 2668//2382 2697//2411 2698//2412 
f 2667//2381 2696//2410 2697//2411 
f 2666//2380 2695//2409 2696//2410 
f 2665//2379 2694//2408 2695//2409 
f 2664//2378 2693//2407 2694//2408 
f 2663//2377 2692//2406 2693//2407 
f 2662//2376 2691//2405 2692//2406 
f 2661//2375 2690//2404 2691//2405 
f 2660//2374 2689//2403 2690//2404 
f 2659//2373 2688//2402 2689//2403 
f 2658//2372 2687//2401 2688//2402 
f 2657//2371 2686//2400 2687//2401 
f 2656//2370 2685//2399 2686//2400 
f 2655//2369 2684//2398 2685//2399 
f 2654//2368 2683//2397 2684//2398 
f 2653//2367 2682//2396 2683//2397 
f 2652//2366 2681//2395 2682//2396 
f 2651//2365 2680//2394 2681//2395 
f 2650//2364 2679//2393 2680//2394 
f 2648//2362 2677//2391 2679//2393 
f 2678//2392 2707//2421 2677//2391 
f 2646//2360 2675//2389 2676//2390 
f 2645//2359 2674//2388 2675//2389 
f 2644//2358 2673//2387 2674//2388 
f 2643//2357 2672//2386 2673//2387 
f 2642//2356 2671//2385 2672//2386 
f 2641//2355 2670//2384 2671//2385 
f 2640//2354 2669//2383 2670//2384 
f 2639//2353 2668//2382 2669//2383 
f 2638//2352 2667//2381 2668//2382 
f 2637//2351 2666//2380 2667//2381 
f 2636//2350 2665//2379 2666//2380 
f 2635//2349 2664//2378 2665//2379 
f 2634//2348 2663//2377 2664//2378 
f 2633//2347 2662//2376 2663//2377 
f 2632//2346 2661//2375 2662//2376 
f 2631//2345 2660//2374 2661//2375 
f 2630//2344 2659//2373 2660//2374 
f 2629//2343 2658//2372 2659//2373 
f 2628//2342 2657//2371 2658//2372 
f 2627//2341 2656//2370 2657//2371 
f 2626//2340 2655//2369 2656//2370 
f 2625//2339 2654//2368 2655//2369 
f 2624//2338 2653//2367 2654//2368 
f 2623//2337 2652//2366 2653//2367 
f 2622//2336 2651//2365 2652//2366 
f 2621//2335 2650//2364 2651//2365 
f 2619//2333 2648//2362 2650//2364 
f 2649//2363 2678//2392 2648//2362 
f 2617//2331 2646//2360 2647//2361 
f 2616//2330 2645//2359 2646//2360 
f 2615//2329 2644//2358 2645//2359 
f 2614//2328 2643//2357 2644//2358 
f 2613//2327 2642//2356 2643//2357 
f 2612//2326 2641//2355 2642//2356 
f 2611//2325 2640//2354 2641//2355 
f 2610//2324 2639//2353 2640//2354 
f 2609//2323 2638//2352 2639//2353 
f 2608//2322 2637//2351 2638//2352 
f 2607//2321 2636//2350 2637//2351 
f 2606//2320 2635//2349 2636//2350 
f 2605//2319 2634//2348 2635//2349 
f 2604//2318 2633//2347 2634//2348 
f 2603//2317 2632//2346 2633//2347 
f 2602//2316 2631//2345 2632//2346 
f 2601//2315 2630//2344 2631//2345 
f 2600//2314 2629//2343 2630//2344 
f 2599//2313 2628//2342 2629//2343 
f 2598//2312 2627//2341 2628//2342 
f 2597//2311 2626//2340 2627//2341 
f 2596//2310 2625//2339 2626//2340 
f 2595//2309 2624//2338 2625//2339 
f 2594//2308 2623//2337 2624//2338 
f 2593//2307 2622//2336 2623//2337 
f 2592//2306 2621//2335 2622//2336 
f 2590//2304 2619//2333 2621//2335 
f 2620//2334 2649//2363 2619//2333 
f 2588//2302 2617//2331 2618//2332 
f 2587//2301 2616//2330 2617//2331 
f 2586//2300 2615//2329 2616//2330 
f 2585//2299 2614//2328 2615//2329 
f 2584//2298 2613//2327 2614//2328 
f 2583//2297 2612//2326 2613//2327 
f 2582//2296 2611//2325 2612//2326 
f 2581//2295 2610//2324 2611//2325 
f 2580//2294 2609//2323 2610//2324 
f 2579//2293 2608//2322 2609//2323 
f 2578//2292 2607//2321 2608//2322 
f 2577//2291 2606//2320 2607//2321 
f 2576//2290 2605//2319 2606//2320 
f 2575//2289 2604//2318 2605//2319 
f 2574//2288 2603//2317 2604//2318 
f 2573//2287 2602//2316 2603//2317 
f 2572//2286 2601//2315 2602//2316 
f 2571//2285 2600//2314 2601//2315 
f 2570//2284 2599//2313 2600//2314 
f 2569//2283 2598//2312 2599//2313 
f 2568//2282 2597//2311 2598//2312 
f 2567//2281 2596//2310 2597//2311 
f 2566//2280 2595//2309 2596//2310 
f 2565//2279 2594//2308 2595//2309 
f 2564//2278 2593//2307 2594//2308 
f 2563//2277 2592//2306 2593//2307 
f 2561//2275 2590//2304 2592//2306 
f 2591//2305 2620//2334 2590//2304 
f 2559//2273 2588//2302 2589//2303 
f 2558//2272 2587//2301 2588//2302 
f 2557//2271 2586//2300 2587//2301 
f 2556//2270 2585//2299 2586//2300 
f 2555//2269 2584//2298 2585//2299 
f 2554//2268 2583//2297 2584//2298 
f 2553//2267 2582//2296 2583//2297 
f 2552//2266 2581//2295 2582//2296 
f 2551//2265 2580//2294 2581//2295 
f 2550//2264 2579//2293 2580//2294 
f 2549//2263 2578//2292 2579//2293 
f 2548//2262 2577//2291 2578//2292 
f 2547//2261 2576//2290 2577//2291 
f 2546//2260 2575//2289 2576//2290 
f 2545//2259 2574//2288 2575//2289 
f 2544//2258 2573//2287 2574//2288 
f 2543//2257 2572//2286 2573//2287 
f 2542//2256 2571//2285 2572//2286 
f 2541//2255 2570//2284 2571//2285 
f 2540//2254 2569//2283 2570//2284 
f 2539//2253 2568//2282 2569//2283 
f 2538//2252 2567//2281 2568//2282 
f 2537//2251 2566//2280 2567//2281 
f 2536//2250 2565//2279 2566//2280 
f 2535//2249 2564//2278 2565//2279 
f 2534//2248 2563//2277 2564//2278 
f 2532//2246 2561//2275 2563//2277 
f 2562//2276 2591//2305 2561//2275 
f 2530//2244 2559//2273 2560//2274 
f 2529//2243 2558//2272 2559//2273 
f 2528//2242 2557//2271 2558//2272 
f 2527//2241 2556//2270 2557//2271 
f 2526//2240 2555//2269 2556//2270 
f 2525//2239 2554//2268 2555//2269 
f 2524//2238 2553//2267 2554//2268 
f 2523//2237 2552//2266 2553//2267 
f 2522//2236 2551//2265 2552//2266 
f 2521//2235 2550//2264 2551//2265 
f 2520//2234 2549//2263 2550//2264 
f 2519//2233 2548//2262 2549//2263 
f 2518//2232 2547//2261 2548//2262 
f 2517//2231 2546//2260 2547//2261 
f 2516//2230 2545//2259 2546//2260 
f 2515//2229 2544//2258 2545//2259 
f 2514//2228 2543//2257 2544//2258 
f 2513//2227 2542//2256 2543//2257 
f 2512//2226 2541//2255 2542//2256 
f 2511//2225 2540//2254 2541//2255 
f 2510//2224 2539//2253 2540//2254 
f 2509//2223 2538//2252 2539//2253 
f 2508//2222 2537//2251 2538//2252 
f 2507//2221 2536//2250 2537//2251 
f 2506//2220 2535//2249 2536//2250 
f 2505//2219 2534//2248 2535//2249 
f 2503//2217 2532//2246 2534//2248 
f 2533//2247 2562//2276 2532//2246 
f 2501//2215 2530//2244 2531//2245 
f 2500//2214 2529//2243 2530//2244 
f 2499//2213 2528//2242 2529//2243 
f 2498//2212 2527//2241 2528//2242 
f 2497//2211 2526//2240 2527//2241 
f 2496//2210 2525//2239 2526//2240 
f 2495//2209 2524//2238 2525//2239 
f 2494//2208 2523//2237 2524//2238 
f 2493//2207 2522//2236 2523//2237 
f 2492//2206 2521//2235 2522//2236 
f 2491//2205 2520//2234 2521//2235 
f 2490//2204 2519//2233 2520//2234 
f 2489//2203 2518//2232 2519//2233 
f 2488//2202 2517//2231 2518//2232 
f 2487//2201 2516//2230 2517//2231 
f 2486//2200 2515//2229 2516//2230 
f 2485//2199 2514//2228 2515//2229 
f 2484//2198 2513//2227 2514//2228 
f 2483//2197 2512//2226 2513//2227 
f 2482//2196 2511//2225 2512//2226 
f 2481//2195 2510//2224 2511//2225 
f 2480//2194 2509//2223 2510//2224 
f 2479//2193 2508//2222 2509//2223 
f 2478//2192 2507//2221 2508//2222 
f 2477//2191 2506//2220 2507//2221 
f 2476//2190 2505//2219 2506//2220 
f 2474//2188 2503//2217 2505//2219 
f 2504//2218 2533//2247 2503//2217 
f 2472//2186 2501//2215 2502//2216 
f 2471//2185 2500//2214 2501//2215 
f 2470//2184 2499//2213 2500//2214 
f 2469//2183 2498//2212 2499//2213 
f 2468//2182 2497//2211 2498//2212 
f 2467//2181 2496//2210 2497//2211 
f 2466//2180 2495//2209 2496//2210 
f 2465//2179 2494//2208 2495//2209 
f 2464//2178 2493//2207 2494//2208 
f 2463//2177 2492//2206 2493//2207 
f 2462//2176 2491//2205 2492//2206 
f 2461//2175 2490//2204 2491//2205 
f 2460//2174 2489//2203 2490//2204 
f 2459//2173 2488//2202 2489//2203 
f 2458//2172 2487//2201 2488//2202 
f 2457//2171 2486//2200 2487//2201 
f 2456//2170 2485//2199 2486//2200 
f 2455//2169 2484//2198 2485//2199 
f 2454//2168 2483//2197 2484//2198 
f 2453//2167 2482//2196 2483//2197 
f 2452//2166 2481//2195 2482//2196 
f 2451//2165 2480//2194 2481//2195 
f 2450//2164 2479//2193 2480//2194 
f 2449//2163 2478//2192 2479//2193 
f 2448//2162 2477//2191 2478//2192 
f 2447//2161 2476//2190 2477//2191 
f 2445//2159 2474//2188 2476//2190 
f 2475//2189 2504//2218 2474//2188 
f 2443//2157 2472//2186 2473//2187 
f 2442//2156 2471//2185 2472//2186 
f 2441//2155 2470//2184 2471//2185 
f 2440//2154 2469//2183 2470//2184 
f 2439//2153 2468//2182 2469//2183 
f 2438//2152 2467//2181 2468//2182 
f 2437//2151 2466//2180 2467//2181 
f 2436//2150 2465//2179 2466//2180 
f 2435//2149 2464//2178 2465//2179 
f 2434//2148 2463//2177 2464//2178 
f 2433//2147 2462//2176 2463//2177 
f 2432//2146 2461//2175 2462//2176 
f 2431//2145 2460//2174 2461//2175 
f 2430//2144 2459//2173 2460//2174 
f 2429//2143 2458//2172 2459//2173 
f 2428//2142 2457//2171 2458//2172 
f 2427//2141 2456//2170 2457//2171 
f 2426//2140 2455//2169 2456//2170 
f 2425//2139 2454//2168 2455//2169 
f 2424//2138 2453//2167 2454//2168 
f 2423//2137 2452//2166 2453//2167 
f 2422//2136 2451//2165 2452//2166 
f 2421//2135 2450//2164 2451//2165 
f 2420//2134 2449//2163 2450//2164 
f 2419//2133 2448//2162 2449//2163 
f 2418//2132 2447//2161 2448//2162 
f 2416//2130 2445//2159 2447//2161 
f 2446//2160 2475//2189 2445//2159 
f 2414//2128 2443//2157 2444//2158 
f 2413//2127 2442//2156 2443//2157 
f 2412//2126 2441//2155 2442//2156 
f 2411//2125 2440//2154 2441//2155 
f 2410//2124 2439//2153 2440//2154 
f 2409//2123 2438//2152 2439//2153 
f 2408//2122 2437//2151 2438//2152 
f 2407//2121 2436//2150 2437//2151 
f 2406//2120 2435//2149 2436//2150 
f 2405//2119 2434//2148 2435//2149 
f 2404//2118 2433//2147 2434//2148 
f 2403//2117 2432//2146 2433//2147 
f 2402//2116 2431//2145 2432//2146 
f 2401//2115 2430//2144 2431//2145 
f 2400//2114 2429//2143 2430//2144 
f 2399//2113 2428//2142 2429//2143 
f 2398//2112 2427//2141 2428//2142 
f 2397//2111 2426//2140 2427//2141 
f 2396//2110 2425//2139 2426//2140 
f 2395//2109 2424//2138 2425//2139 
f 2394//2108 2423//2137 2424//2138 
f 2393//2107 2422//2136 2423//2137 
f 2392//2106 2421//2135 2422//2136 
f 2391//2105 2420//2134 2421//2135 
f 2390//2104 2419//2133 2420//2134 
f 2389//2103 2418//2132 2419//2133 
f 2387//2101 2416//2130 2418//2132 
f 2417//2131 2446//2160 2416//2130 
f 2385//2099 2414//2128 2415//2129 
f 2384//2098 2413//2127 2414//2128 
f 2383//2097 2412//2126 2413//2127 
f 2382//2096 2411//2125 2412//2126 
f 2381//2095 2410//2124 2411//2125 
f 2380//2094 2409//2123 2410//2124 
f 2379//2093 2408//2122 2409//2123 
f 2378//2092 2407//2121 2408//2122 
f 2377//2091 2406//2120 2407//2121 
f 2376//2090 2405//2119 2406//2120 
f 2375//2089 2404//2118 2405//2119 
f 2374//2088 2403//2117 2404//2118 
f 2373//2087 2402//2116 2403//2117 
f 2372//2086 2401//2115 2402//2116 
f 2371//2085 2400//2114 2401//2115 
f 2370//2084 2399//2113 2400//2114 
f 2369//2083 2398//2112 2399//2113 
f 2368//2082 2397//2111 2398//2112 
f 2367//2081 2396//2110 2397//2111 
f 2366//2080 2395//2109 2396//2110 
f 2365//2079 2394//2108 2395//2109 
f 2364//2078 2393//2107 2394//2108 
f 2363//2077 2392//2106 2393//2107 
f 2362//2076 2391//2105 2392//2106 
f 2361//2075 2390//2104 2391//2105 
f 2360//2074 2389//2103 2390//2104 
f 2359//2073 2387//2101 2389//2103 
f 2388//2102 2417//2131 2387//2101 
f 2357//2069 2385//2099 2386//2100 
f 2356//2067 2384//2098 2385//2099 
f 2355//2065 2383//2097 2384//2098 
f 2354//2063 2382//2096 2383//2097 
f 2353//2061 2381//2095 2382//2096 
f 2352//2059 2380//2094 2381//2095 
f 2351//2057 2379//2093 2380//2094 
f 2350//2055 2378//2092 2379//2093 
f 2349//2053 2377//2091 2378//2092 
f 2348//2051 2376//2090 2377//2091 
f 2347//2049 2375//2089 2376//2090 
f 2346//2047 2374//2088 2375//2089 
f 2345//2045 2373//2087 2374//2088 
f 2344//2043 2372//2086 2373//2087 
f 2343//2041 2371//2085 2372//2086 
f 2342//2039 2370//2084 2371//2085 
f 2341//2037 2369//2083 2370//2084 
f 2340//2035 2368//2082 2369//2083 
f 2339//2033 2367//2081 2368//2082 
f 2338//2031 2366//2080 2367//2081 
f 2337//2029 2365//2079 2366//2080 
f 2336//2027 2364//2078 2365//2079 
f 2335//2025 2363//2077 2364//2078 
f 2334//2023 2362//2076 2363//2077 
f 2333//2021 2361//2075 2362//2076 
f 2332//2019 2360//2074 2361//2075 
f 2331//2017 2359//2073 2360//2074 
f 2330//2016 2388//2102 2359//2073 
f 300//2070 2357//2069 2358//2071 
f 298//2068 2356//2067 2357//2069 
f 296//2066 2355//2065 2356//2067 
f 294//2064 2354//2063 2355//2065 
f 292//2062 2353//2061 2354//2063 
f 290//2060 2352//2059 2353//2061 
f 288//2058 2351//2057 2352//2059 
f 283//2056 2350//2055 2351//2057 
f 280//2054 2349//2053 2350//2055 
f 287//2052 2348//2051 2349//2053 
f 285//2050 2347//2049 2348//2051 
f 278//2048 2346//2047 2347//2049 
f 276//2046 2345//2045 2346//2047 
f 274//2044 2344//2043 2345//2045 
f 266//2042 2343//2041 2344//2043 
f 264//2040 2342//2039 2343//2041 
f 252//2038 2341//2037 2342//2039 
f 252//2038 249//2036 2340//2035 
f 263//2034 2339//2033 2340//2035 
f 261//2032 2338//2031 2339//2033 
f 259//2030 2337//2029 2338//2031 
f 257//2028 2336//2027 2337//2029 
f 254//2026 2335//2025 2336//2027 
f 273//2024 2334//2023 2335//2025 
f 273//2024 271//2022 2333//2021 
f 268//2020 2332//2019 2333//2021 
f 303//2018 2331//2017 2332//2019 
f 303//2018 307//3898 2330//2016 
o mesh7
f 2209//4026 2208//4026 350//4026 
f 2209//4026 470//4026 4022//4026 
f 4022//4026 2212//4026 2209//4026 
f 2208//4026 2207//4026 471//4026 
f 471//4026 350//4026 2208//4026 
f 470//4026 469//4026 4022//4026 
f 350//4026 470//4026 2209//4026 
o mesh8
f 2326//4027 2323//4027 353//4027 
f 352//4027 351//4027 2325//4027 
f 306//4027 2325//4027 351//4027 
f 2325//4027 2326//4027 352//4027 
f 2324//4027 2321//4027 354//4027 
f 355//4027 353//4027 2323//4027 
f 353//4027 352//4027 2326//4027 
f 2323//4027 2324//4027 355//4027 
f 2322//4027 2319//4027 356//4027 
f 357//4027 354//4027 2321//4027 
f 354//4027 355//4027 2324//4027 
f 2321//4027 2322//4027 357//4027 
f 356//4027 357//4027 2322//4027 
f 2319//4027 2318//4027 358//4027 
f 2320//4027 2316//4027 360//4027 
f 359//4027 358//4027 2318//4027 
f 358//4027 356//4027 2319//4027 
f 2318//4027 2320//4027 359//4027 
f 2317//4027 2314//4027 362//4027 
f 361//4027 360//4027 2316//4027 
f 360//4027 359//4027 2320//4027 
f 2316//4027 2317//4027 361//4027 
f 2315//4027 2313//4027 363//4027 
f 364//4027 362//4027 2314//4027 
f 362//4027 361//4027 2317//4027 
f 2314//4027 2315//4027 364//4027 
f 2310//4027 2309//4027 367//4027 
f 363//4027 364//4027 2315//4027 
f 365//4027 363//4027 2313//4027 
f 366//4027 2312//4027 2310//4027 
f 2313//4027 2312//4027 365//4027 
f 367//4027 366//4027 2310//4027 
f 2311//4027 2307//4027 369//4027 
f 368//4027 367//4027 2309//4027 
f 366//4027 365//4027 2312//4027 
f 2309//4027 2311//4027 368//4027 
f 2308//4027 2306//4027 370//4027 
f 371//4027 369//4027 2307//4027 
f 2299//4027 382//4027 378//4027 
f 369//4027 368//4027 2311//4027 
f 2307//4027 2308//4027 371//4027 
f 2305//4027 2303//4027 372//4027 
f 373//4027 370//4027 2306//4027 
f 378//4027 2298//4027 2299//4027 
f 2294//4027 2292//4027 383//4027 
f 384//4027 381//4027 2295//4027 
f 370//4027 371//4027 2308//4027 
f 2306//4027 2305//4027 373//4027 
f 380//4027 382//4027 2297//4027 
f 378//4027 377//4027 2298//4027 
f 2296//4027 2295//4027 381//4027 
f 2295//4027 2294//4027 384//4027 
f 372//4027 373//4027 2305//4027 
f 2303//4027 2302//4027 374//4027 
f 2304//4027 2300//4027 376//4027 
f 375//4027 374//4027 2302//4027 
f 2299//4027 2297//4027 382//4027 
f 383//4027 384//4027 2294//4027 
f 387//4027 383//4027 2292//4027 
f 374//4027 372//4027 2303//4027 
f 2302//4027 2304//4027 375//4027 
f 2301//4027 2298//4027 377//4027 
f 379//4027 376//4027 2300//4027 
f 381//4027 380//4027 2296//4027 
f 2293//4027 385//4027 387//4027 
f 2290//4027 2289//4027 386//4027 
f 376//4027 375//4027 2304//4027 
f 2300//4027 2301//4027 379//4027 
f 2292//4027 2293//4027 387//4027 
f 385//4027 2293//4027 2290//4027 
f 377//4027 379//4027 2301//4027 
f 386//4027 385//4027 2290//4027 
f 2291//4027 2287//4027 389//4027 
f 388//4027 386//4027 2289//4027 
f 2297//4027 2296//4027 380//4027 
f 2289//4027 2291//4027 388//4027 
f 2288//4027 2286//4027 390//4027 
f 391//4027 389//4027 2287//4027 
f 389//4027 388//4027 2291//4027 
f 2287//4027 2288//4027 391//4027 
f 394//4027 390//4027 2286//4027 
f 390//4027 391//4027 2288//4027 
f 2285//4027 392//4027 394//4027 
f 2283//4027 2282//4027 393//4027 
f 2286//4027 2285//4027 394//4027 
f 392//4027 2285//4027 2283//4027 
f 2284//4027 2280//4027 396//4027 
f 395//4027 393//4027 2282//4027 
f 393//4027 392//4027 2283//4027 
f 2282//4027 2284//4027 395//4027 
f 2281//4027 2278//4027 397//4027 
f 398//4027 396//4027 2280//4027 
f 396//4027 395//4027 2284//4027 
f 2280//4027 2281//4027 398//4027 
f 401//4027 397//4027 2278//4027 
f 2277//4027 399//4027 400//4027 
f 397//4027 398//4027 2281//4027 
f 2279//4027 400//4027 401//4027 
f 402//4027 399//4027 2276//4027 
f 400//4027 2279//4027 2277//4027 
f 2278//4027 2279//4027 401//4027 
f 2277//4027 2276//4027 399//4027 
f 2274//4027 2272//4027 404//4027 
f 403//4027 402//4027 2275//4027 
f 2276//4027 2275//4027 402//4027 
f 2275//4027 2274//4027 403//4027 
f 2273//4027 2270//4027 406//4027 
f 405//4027 404//4027 2272//4027 
f 421//4027 419//4027 2258//4027 
f 404//4027 403//4027 2274//4027 
f 2272//4027 2273//4027 405//4027 
f 2271//4027 2269//4027 407//4027 
f 408//4027 406//4027 2270//4027 
f 2260//4027 2259//4027 419//4027 
f 2257//4027 2255//4027 420//4027 
f 419//4027 2259//4027 2258//4027 
f 406//4027 405//4027 2273//4027 
f 2270//4027 2271//4027 408//4027 
f 2266//4027 2265//4027 411//4027 
f 2262//4027 2260//4027 417//4027 
f 418//4027 414//4027 2261//4027 
f 419//4027 416//4027 2260//4027 
f 2258//4027 2257//4027 421//4027 
f 407//4027 408//4027 2271//4027 
f 409//4027 407//4027 2269//4027 
f 410//4027 2268//4027 2266//4027 
f 2261//4027 2262//4027 418//4027 
f 420//4027 421//4027 2257//4027 
f 2253//4027 2252//4027 424//4027 
f 2269//4027 2268//4027 409//4027 
f 411//4027 410//4027 2266//4027 
f 2267//4027 2263//4027 413//4027 
f 412//4027 411//4027 2265//4027 
f 416//4027 417//4027 2260//4027 
f 422//4027 420//4027 2255//4027 
f 423//4027 2256//4027 2253//4027 
f 410//4027 409//4027 2268//4027 
f 2265//4027 2267//4027 412//4027 
f 2264//4027 2261//4027 414//4027 
f 415//4027 413//4027 2263//4027 
f 2255//4027 2256//4027 422//4027 
f 424//4027 423//4027 2253//4027 
f 2254//4027 2250//4027 426//4027 
f 425//4027 424//4027 2252//4027 
f 413//4027 412//4027 2267//4027 
f 2263//4027 2264//4027 415//4027 
f 423//4027 422//4027 2256//4027 
f 2252//4027 2254//4027 425//4027 
f 414//4027 415//4027 2264//4027 
f 426//4027 425//4027 2254//4027 
f 2251//4027 2248//4027 427//4027 
f 428//4027 426//4027 2250//4027 
f 417//4027 418//4027 2262//4027 
f 2250//4027 2251//4027 428//4027 
f 427//4027 428//4027 2251//4027 
f 2248//4027 2247//4027 429//4027 
f 2249//4027 2245//4027 431//4027 
f 430//4027 429//4027 2247//4027 
f 429//4027 427//4027 2248//4027 
f 2247//4027 2249//4027 430//4027 
f 2246//4027 2243//4027 433//4027 
f 434//4027 431//4027 2245//4027 
f 436//4027 432//4027 2244//4027 
f 431//4027 430//4027 2249//4027 
f 2245//4027 2246//4027 434//4027 
f 2327//4027 435//4027 436//4027 
f 2243//4027 2244//4027 432//4027 
f 433//4027 434//4027 2246//4027 
f 432//4027 433//4027 2243//4027 
f 2241//4027 2240//4027 437//4027 
f 2244//4027 2327//4027 436//4027 
f 435//4027 2327//4027 2241//4027 
f 2242//4027 2238//4027 439//4027 
f 438//4027 437//4027 2240//4027 
f 437//4027 435//4027 2241//4027 
f 2240//4027 2242//4027 438//4027 
f 2239//4027 2236//4027 440//4027 
f 441//4027 439//4027 2238//4027 
f 439//4027 438//4027 2242//4027 
f 2238//4027 2239//4027 441//4027 
f 2237//4027 2234//4027 442//4027 
f 443//4027 440//4027 2236//4027 
f 440//4027 441//4027 2239//4027 
f 2236//4027 2237//4027 443//4027 
f 442//4027 443//4027 2237//4027 
f 2234//4027 2233//4027 444//4027 
f 2235//4027 2231//4027 445//4027 
f 447//4027 444//4027 2233//4027 
f 2328//4027 2229//4027 449//4027 
f 446//4027 2231//4027 2232//4027 
f 444//4027 442//4027 2234//4027 
f 2233//4027 2235//4027 447//4027 
f 448//4027 2232//4027 2328//4027 
f 2232//4027 448//4027 446//4027 
f 445//4027 447//4027 2235//4027 
f 446//4027 445//4027 2231//4027 
f 2230//4027 2228//4027 450//4027 
f 451//4027 449//4027 2229//4027 
f 449//4027 448//4027 2328//4027 
f 2229//4027 2230//4027 451//4027 
f 2225//4027 2224//4027 454//4027 
f 450//4027 451//4027 2230//4027 
f 452//4027 450//4027 2228//4027 
f 453//4027 2227//4027 2225//4027 
f 2228//4027 2227//4027 452//4027 
f 454//4027 453//4027 2225//4027 
f 2226//4027 2222//4027 456//4027 
f 455//4027 454//4027 2224//4027 
f 2210//4027 4022//4027 469//4027 
f 453//4027 452//4027 2227//4027 
f 2224//4027 2226//4027 455//4027 
f 2223//4027 2220//4027 457//4027 
f 459//4027 456//4027 2222//4027 
f 2216//4027 2213//4027 465//4027 
f 466//4027 464//4027 2215//4027 
f 469//4027 2211//4027 2210//4027 
f 456//4027 455//4027 2226//4027 
f 2222//4027 2223//4027 459//4027 
f 460//4027 458//4027 2221//4027 
f 2220//4027 2221//4027 458//4027 
f 2218//4027 2217//4027 462//4027 
f 2215//4027 2216//4027 466//4027 
f 467//4027 465//4027 2213//4027 
f 468//4027 2214//4027 2211//4027 
f 457//4027 459//4027 2223//4027 
f 458//4027 457//4027 2220//4027 
f 461//4027 2329//4027 2218//4027 
f 2219//4027 2215//4027 464//4027 
f 463//4027 462//4027 2217//4027 
f 2213//4027 2214//4027 467//4027 
f 469//4027 468//4027 2211//4027 
f 2221//4027 2329//4027 460//4027 
f 462//4027 461//4027 2218//4027 
f 2217//4027 2219//4027 463//4027 
f 468//4027 467//4027 2214//4027 
f 461//4027 460//4027 2329//4027 
f 465//4027 466//4027 2216//4027 
f 464//4027 463//4027 2219//4027 
f 351//4027 308//4027 306//4027 
o mesh9
f 4022//4028 2210//4028 2212//4028 
