# OBJ generated by ONSHAPE BY PTC INC, 1.213 Units = meters
mtllib wing11.mtl
g Part 12
v -1.0045 1.19522 0.810874 
v -1.00434 1.1953 0.810815 
v -1.00443 1.19524 0.810938 
v -1.00691 1.20059 0.81194 
v -1.00635 1.20097 0.811203 
v -1.01539 1.22079 0.81475 
v -1.01595 1.22041 0.815487 
v -1.0242 1.24062 0.818042 
v -1.02476 1.24025 0.81878 
v -1.00292 1.19357 0.809814 
v -0.183412 0.0699218 0.206977 
v -0.184339 0.0692939 0.207281 
v -0.181921 0.0671927 0.205744 
v -0.201786 0.085871 0.218653 
v -0.212395 0.0952042 0.22542 
v -0.213319 0.0945822 0.225724 
v -0.204045 0.0864164 0.219808 
v -0.223695 0.105145 0.232628 
v -0.171265 0.0580241 0.198988 
v -0.170216 0.0585443 0.198607 
v -0.179653 0.0666585 0.204588 
v -0.240943 0.120522 0.243669 
v -0.241864 0.119905 0.243972 
v -0.225946 0.1057 0.233779 
v -0.245377 0.124475 0.246507 
v -0.247617 0.12504 0.247656 
v -0.269025 0.145872 0.261708 
v -0.269949 0.145252 0.262013 
v -0.269054 0.144431 0.261435 
v -0.288038 0.163289 0.273972 
v -0.266826 0.143858 0.26029 
v -0.296614 0.171255 0.279526 
v -0.297535 0.170639 0.27983 
v -0.290254 0.16387 0.275114 
v -0.309009 0.182766 0.287553 
v -0.323723 0.196624 0.297119 
v -0.32464 0.196012 0.297422 
v -0.311213 0.183354 0.288689 
v -0.329736 0.202286 0.301028 
v -0.352391 0.222446 0.315524 
v -0.35034 0.221966 0.314479 
v -0.370444 0.241442 0.327658 
v -0.331926 0.202881 0.30216 
v -0.372606 0.242049 0.328779 
v -0.350215 0.221845 0.314397 
v -0.351253 0.221358 0.314781 
v -0.376419 0.247315 0.331592 
v -0.377336 0.246702 0.331894 
v -0.390419 0.261074 0.340808 
v -0.499916 0.372641 0.413679 
v -0.488481 0.360324 0.405937 
v -0.492774 0.366534 0.409159 
v -0.401991 0.272613 0.348459 
v -0.402904 0.272005 0.348761 
v -0.392567 0.261686 0.341924 
v -0.410139 0.280738 0.353847 
v -0.521929 0.398224 0.428957 
v -0.522836 0.397621 0.429256 
v -0.514797 0.388766 0.423774 
v -0.528404 0.40534 0.433369 
v -0.486412 0.35969 0.404853 
v -0.42705 0.297853 0.365078 
v -0.427959 0.297248 0.365378 
v -0.412271 0.281355 0.354956 
v -0.4296 0.300434 0.366772 
v -0.531747 0.407438 0.435334 
v -0.506871 0.380132 0.418388 
v -0.504818 0.379493 0.417311 
v -0.511413 0.386666 0.421791 
v -0.499009 0.373244 0.41338 
v -0.50203 0.374917 0.415111 
v -0.431717 0.301056 0.367875 
v -0.544325 0.423106 0.444272 
v -0.545224 0.422512 0.44457 
v -0.451571 0.323048 0.381439 
v -0.452485 0.322437 0.38174 
v -0.450902 0.320785 0.380679 
v -0.467739 0.339911 0.392276 
v -0.448801 0.320159 0.379582 
v -0.548438 0.426107 0.446772 
v -0.545135 0.424011 0.444827 
v -0.561606 0.442679 0.456164 
v -0.475552 0.348187 0.397539 
v -0.476463 0.34758 0.397839 
v -0.469824 0.340541 0.393367 
v -0.564868 0.444773 0.45809 
v -0.56616 0.447924 0.459315 
v -0.567072 0.447318 0.459616 
v -0.577815 0.461344 0.467379 
v -0.587467 0.472638 0.474093 
v -0.588373 0.47204 0.474393 
v -0.581037 0.463435 0.469286 
v -0.593763 0.480004 0.478472 
v -0.608254 0.497238 0.488607 
v -0.609153 0.496648 0.488906 
v -0.596944 0.482093 0.48036 
v -0.61259 0.500746 0.491312 
v -0.60945 0.49866 0.489444 
v -0.624874 0.51731 0.500293 
v -0.628487 0.521754 0.502849 
v -0.6294 0.521153 0.503152 
v -0.627973 0.519393 0.502141 
v -0.640035 0.535955 0.511019 
v -0.648192 0.54616 0.516824 
v -0.649099 0.545568 0.517126 
v -0.643094 0.538035 0.512848 
v -0.654934 0.554594 0.521622 
v -0.672547 0.575302 0.533894 
v -0.668283 0.569859 0.530837 
v -0.669569 0.573227 0.532103 
v -0.667382 0.570443 0.530537 
v -0.657952 0.556672 0.523433 
v -0.673338 0.578113 0.534819 
v -0.678651 0.583234 0.538297 
v -0.68394 0.591854 0.54246 
v -0.686878 0.593926 0.544232 
v -0.686036 0.594621 0.54398 
v -0.686953 0.594025 0.544286 
v -0.698048 0.610475 0.552694 
v -0.802162 0.760527 0.630733 
v -0.803073 0.759956 0.631041 
v -0.796599 0.74981 0.626026 
v -0.704158 0.618692 0.557156 
v -0.705069 0.618104 0.557461 
v -0.700946 0.612543 0.554446 
v -0.711891 0.62909 0.562804 
v -0.794087 0.74791 0.624486 
v -0.804992 0.764949 0.632923 
v -0.791999 0.742705 0.622483 
v -0.792519 0.745495 0.623279 
v -0.721773 0.642633 0.570072 
v -0.722679 0.642052 0.570376 
v -0.714749 0.631155 0.564537 
v -0.72547 0.647699 0.572791 
v -0.807465 0.76684 0.634444 
v -0.78938 0.740661 0.620865 
v -0.787095 0.737194 0.619118 
v -0.788002 0.736624 0.619424 
v -0.779789 0.724126 0.613136 
v -0.741561 0.66836 0.584349 
v -0.738883 0.666444 0.582728 
v -0.751831 0.684899 0.592393 
v -0.728287 0.64976 0.574505 
v -0.81809 0.78384 0.642743 
v -0.816741 0.783727 0.642096 
v -0.826077 0.798938 0.649444 
v -0.796288 0.74933 0.625787 
v -0.754569 0.686954 0.594068 
v -0.738783 0.666302 0.582654 
v -0.739784 0.66587 0.583031 
v -0.828474 0.800809 0.650925 
v -0.815655 0.781958 0.641242 
v -0.817661 0.783153 0.642408 
v -0.77713 0.722078 0.611498 
v -0.755449 0.690161 0.595114 
v -0.756367 0.689575 0.595422 
v -0.764614 0.703491 0.602007 
v -0.830809 0.806816 0.653201 
v -0.831729 0.806246 0.653514 
v -0.836257 0.815888 0.657528 
v -0.771518 0.713745 0.607243 
v -0.772431 0.713166 0.60755 
v -0.767312 0.705542 0.603664 
v -0.838616 0.81775 0.65899 
v -0.844408 0.829765 0.664061 
v -0.845323 0.829204 0.664373 
v -0.846197 0.832809 0.665495 
v -0.848519 0.834661 0.666938 
v -0.857518 0.852593 0.674671 
v -0.858449 0.852024 0.674988 
v -0.858181 0.851544 0.674769 
v -0.865355 0.866565 0.681078 
v -0.855896 0.849701 0.673345 
v -0.882306 0.897871 0.695152 
v -0.883227 0.89732 0.695469 
v -0.878134 0.887754 0.691208 
v -0.87014 0.875301 0.685031 
v -0.871066 0.874741 0.685348 
v -0.867603 0.868398 0.682483 
v -0.874575 0.883401 0.688695 
v -0.876787 0.885223 0.690081 
v -0.875248 0.88466 0.689257 
v -0.885731 0.902022 0.697563 
v -0.883555 0.900209 0.696195 
v -0.892297 0.91699 0.70358 
v -0.893989 0.920325 0.705027 
v -0.894928 0.919766 0.70535 
v -0.894436 0.918793 0.704929 
v -0.9008 0.933744 0.710849 
v -0.905203 0.942657 0.71466 
v -0.906137 0.942107 0.714983 
v -0.902903 0.935538 0.712179 
v -0.909064 0.950473 0.718002 
v -0.915974 0.964854 0.724062 
v -0.916903 0.964312 0.724384 
v -0.911132 0.952256 0.719314 
v -0.91709 0.967176 0.72504 
v -0.919123 0.96895 0.726334 
v -0.933479 1.0029 0.739734 
v -0.936117 1.0089 0.742149 
v -0.935822 1.00553 0.741342 
v -0.937061 1.00836 0.742478 
v -0.939739 1.01714 0.745465 
v -0.926274 0.986937 0.733223 
v -0.927223 0.986388 0.733553 
v -0.926876 0.985619 0.733239 
v -0.932427 1.00051 0.738771 
v -0.924877 0.983855 0.731963 
v -0.934391 1.00226 0.740029 
v -0.941668 1.01889 0.746705 
v -0.945528 1.03074 0.75085 
v -0.946468 1.0302 0.751179 
v -0.946812 1.03375 0.752043 
v -0.955509 1.05206 0.759712 
v -0.95449 1.05246 0.759319 
v -0.960244 1.06691 0.764858 
v -0.948707 1.03549 0.753266 
v -0.962072 1.06862 0.766045 
v -0.953647 1.05034 0.758508 
v -0.955449 1.05192 0.759656 
v -1.00032 1.18061 0.806032 
v -0.962996 1.07407 0.767556 
v -0.963953 1.07354 0.767893 
v -0.966603 1.08346 0.771094 
v -0.999125 1.1804 0.805436 
v -0.992744 1.15936 0.798295 
v -0.993713 1.15884 0.798642 
v -0.99131 1.15115 0.795998 
v -0.994286 1.16427 0.799986 
v -0.971082 1.09556 0.775574 
v -0.972035 1.09503 0.775911 
v -0.968398 1.08516 0.772263 
v -0.972723 1.09999 0.777215 
v -0.998711 1.17896 0.804958 
v -1.0001 1.17989 0.805788 
v -0.995924 1.16592 0.801073 
v -0.980332 1.11819 0.784358 
v -0.978747 1.11692 0.783374 
v -0.984244 1.133 0.789117 
v -0.974485 1.10168 0.778368 
v -0.974429 1.10478 0.778959 
v -0.978603 1.1165 0.783223 
v -0.979702 1.11641 0.783713 
v -0.976401 1.10709 0.780331 
v -0.989645 1.14949 0.794897 
v -0.985948 1.1382 0.79094 
v -0.986921 1.13768 0.791286 
v -0.985941 1.13467 0.790235 
v -0.224666 0.0532055 0.0824823 
v -0.223629 0.0536861 0.0823183 
v -0.222407 0.0532696 0.0882887 
v -0.225757 0.0536878 0.076462 
v -0.224715 0.0541661 0.0763262 
v -0.226709 0.0542333 0.0704237 
v -0.225663 0.0547091 0.0703162 
v -0.222073 0.0524325 0.094454 
v -0.221048 0.0529167 0.0942337 
v -0.219555 0.0526276 0.10015 
v -0.223438 0.052787 0.0884809 
v -0.227523 0.054842 0.0643712 
v -0.226473 0.0553149 0.0642921 
v -0.228198 0.0555133 0.0583082 
v -0.227145 0.055983 0.0582575 
v -0.228733 0.0562468 0.0522384 
v -0.227677 0.0567131 0.0522162 
v -0.185974 0.054842 0.178526 
v -0.185119 0.0553149 0.177911 
v -0.181754 0.055983 0.182966 
v -0.189241 0.0542333 0.173366 
v -0.188371 0.0547091 0.172776 
v -0.195427 0.0532055 0.162815 
v -0.194527 0.0536861 0.162274 
v -0.191507 0.0541661 0.167562 
v -0.198342 0.052787 0.157431 
v -0.197429 0.0532696 0.156915 
v -0.201136 0.0524325 0.151978 
v -0.200209 0.0529167 0.151488 
v -0.203807 0.0521421 0.14646 
v -0.202868 0.0526276 0.145996 
v -0.206354 0.051916 0.14088 
v -0.205403 0.0524026 0.140442 
v -0.208774 0.0517544 0.135243 
v -0.207812 0.0522418 0.134831 
v -0.211067 0.0516574 0.129551 
v -0.210094 0.0521453 0.129166 
v -0.213231 0.0516251 0.123808 
v -0.212248 0.0521131 0.12345 
v -0.215265 0.0516574 0.118018 
v -0.214272 0.0521453 0.117687 
v -0.217167 0.0517544 0.112183 
v -0.216166 0.0522418 0.11188 
v -0.218937 0.051916 0.106309 
v -0.217927 0.0524026 0.106033 
v -0.220572 0.0521421 0.100398 
v -0.229128 0.0570422 0.0461657 
v -0.22807 0.0575048 0.046172 
v -0.171005 0.0583574 0.197612 
v -0.175502 0.0570422 0.193504 
v -0.174695 0.0575048 0.192819 
v -0.179102 0.0562468 0.188598 
v -0.178279 0.0567131 0.187936 
v -0.182594 0.0555133 0.183604 
v -0.192393 0.0536878 0.168128 
v -0.229383 0.0578989 0.0400939 
v -0.228324 0.0583574 0.0401287 
v -0.229408 0.0580241 0.0392407 
v -0.171794 0.0578989 0.198319 
v -0.22836 0.0585443 0.0388592 
v -1.03756 1.23675 0.805551 
v -1.05066 1.23306 0.792724 
v -1.076 1.2262 0.766093 
v -1.06348 1.22954 0.779569 
v -1.08823 1.22304 0.752305 
v -1.10016 1.22006 0.738214 
v -1.11177 1.21727 0.723829 
v -1.13404 1.21223 0.69421 
v -1.12307 1.21466 0.709157 
v -1.14468 1.21 0.678995 
v -1.16493 1.2061 0.647801 
v -1.15498 1.20795 0.663522 
v -1.17454 1.20444 0.631842 
v -1.18378 1.20297 0.615654 
v -1.20118 1.20061 0.582633 
v -1.19266 1.20169 0.599248 
v -1.21707 1.19904 0.548821 
v -1.20931 1.19973 0.565821 
v -1.22445 1.19855 0.531645 
v -1.23803 1.19815 0.496804 
v -1.23143 1.19825 0.514302 
v -1.25002 1.19855 0.461385 
v -1.24423 1.19825 0.479161 
v -1.25541 1.19904 0.443486 
v -1.26497 1.20061 0.407366 
v -1.2604 1.19973 0.425476 
v -1.26913 1.20169 0.389167 
v -1.27619 1.20444 0.352547 
v -1.27287 1.20297 0.37089 
v -1.27909 1.2061 0.334149 
v -1.28157 1.20795 0.315708 
v -1.28526 1.21223 0.278741 
v -1.28363 1.21 0.297234 
v -1.28646 1.21466 0.260238 
v -1.28759 1.22006 0.223252 
v -1.28724 1.21727 0.241738 
v -1.28751 1.22304 0.204791 
v -1.28701 1.2262 0.186368 
v -1.28471 1.23306 0.149678 
v -1.28607 1.22954 0.167993 
v -1.28071 1.24062 0.113272 
v -1.28292 1.23675 0.131434 
v -1.26265 1.20097 0.107042 
v -0.239433 0.0666585 0.0403427 
v -0.243848 0.0699218 0.0409291 
v -0.265429 0.085871 0.043795 
v -0.291195 0.105145 0.0471736 
v -0.277906 0.0952042 0.0454311 
v -0.316726 0.124475 0.0504777 
v -0.311505 0.120522 0.049802 
v -0.342016 0.143858 0.0537068 
v -0.344613 0.145872 0.0540337 
v -0.36706 0.163289 0.05686 
v -0.3772 0.171255 0.0581184 
v -0.391854 0.182766 0.0599369 
v -0.416394 0.202286 0.0629369 
v -0.409275 0.196624 0.0620667 
v -0.440675 0.221845 0.0658595 
v -0.440823 0.221966 0.065877 
v -0.464695 0.241442 0.0687042 
v -0.471801 0.247315 0.0695316 
v -0.48845 0.261074 0.0714705 
v -0.511937 0.280738 0.074158 
v -0.502233 0.272613 0.0730476 
v -0.535154 0.300434 0.0767663 
v -0.532111 0.297853 0.0764245 
v -0.558097 0.320159 0.079295 
v -0.561412 0.323048 0.0796532 
v -0.580763 0.339911 0.0817438 
v -0.603152 0.35969 0.0841121 
v -0.610793 0.366534 0.0849028 
v -0.590131 0.348187 0.0827348 
v -0.62526 0.379493 0.0863998 
v -0.633191 0.386666 0.0872077 
v -0.618283 0.373244 0.0856778 
v -0.65365 0.40534 0.0892596 
v -0.645854 0.398224 0.0884777 
v -0.673832 0.424011 0.0912369 
v -0.693736 0.442679 0.0931395 
v -0.672854 0.423106 0.0911411 
v -0.69925 0.447924 0.0936531 
v -0.713362 0.461344 0.0949674 
v -0.73271 0.480004 0.0967207 
v -0.725072 0.472638 0.0960285 
v -0.751778 0.49866 0.0983991 
v -0.770567 0.51731 0.100003 
v -0.750325 0.497238 0.0982712 
v -0.774979 0.521754 0.100367 
v -0.789076 0.535955 0.101532 
v -0.807305 0.554594 0.102985 
v -0.799057 0.54616 0.102328 
v -0.829886 0.578113 0.104706 
v -0.825253 0.573227 0.104364 
v -0.822571 0.570443 0.104158 
v -0.84292 0.591854 0.105668 
v -0.845503 0.594621 0.10585 
v -0.860305 0.610475 0.106896 
v -0.867854 0.618692 0.107406 
v -0.877408 0.62909 0.10805 
v -0.894229 0.647699 0.109128 
v -0.88965 0.642633 0.108834 
v -0.910768 0.666302 0.11013 
v -0.910892 0.666444 0.110137 
v -0.927023 0.684899 0.111057 
v -0.931544 0.690161 0.111298 
v -0.942995 0.703491 0.111908 
v -0.958684 0.722078 0.112683 
v -0.95165 0.713745 0.112335 
v -0.978045 0.745495 0.113549 
v -0.974089 0.740661 0.113381 
v -0.971215 0.737194 0.113251 
v -0.980022 0.74791 0.113633 
v -0.993799 0.764949 0.11418 
v -0.990223 0.760527 0.114038 
v -1.00731 0.781958 0.114661 
v -1.0087 0.783727 0.114704 
v -1.02057 0.798938 0.115077 
v -1.02661 0.806816 0.11524 
v -1.03357 0.815888 0.115428 
v -1.0463 0.832809 0.115714 
v -1.04401 0.829765 0.115663 
v -1.05878 0.849701 0.115935 
v -1.06087 0.852593 0.115962 
v -1.07099 0.866565 0.116092 
v -1.08383 0.88466 0.116185 
v -1.08295 0.883401 0.116183 
v -1.0772 0.875301 0.116139 
v -1.09465 0.900209 0.11621 
v -1.09303 0.897871 0.116206 
v -1.1061 0.91699 0.116172 
v -1.10832 0.920325 0.116151 
v -1.11728 0.933744 0.116069 
v -1.12821 0.950473 0.115901 
v -1.1231 0.942657 0.11598 
v -1.13888 0.967176 0.115669 
v -1.1374 0.964854 0.115701 
v -1.1493 0.983855 0.115371 
v -1.15946 1.00051 0.115009 
v -1.16088 1.0029 0.114947 
v -1.15118 0.986937 0.115304 
v -1.16446 1.0089 0.114793 
v -1.16936 1.01714 0.114581 
v -1.17901 1.03375 0.114088 
v -1.17726 1.03074 0.114178 
v -1.1884 1.05034 0.11353 
v -1.18957 1.05246 0.11345 
v -1.19754 1.06691 0.112906 
v -1.20138 1.07407 0.112608 
v -1.20641 1.08346 0.112216 
v -1.21504 1.09999 0.11146 
v -1.21747 1.10478 0.111222 
v -1.21273 1.09556 0.111663 
v -1.2234 1.1165 0.110638 
v -1.22361 1.11692 0.110616 
v -1.23151 1.133 0.109749 
v -1.23399 1.1382 0.109448 
v -1.23937 1.14949 0.108793 
v -1.24619 1.16427 0.107878 
v -1.24392 1.15936 0.108182 
v -1.25278 1.17896 0.106913 
v -1.2534 1.1804 0.106814 
v -1.25912 1.19357 0.1059 
v -1.27185 1.22079 0.110133 
v -1.02875 1.21692 0.802262 
v -1.04185 1.21323 0.789438 
v -1.05466 1.20971 0.776285 
v -1.06718 1.20637 0.762812 
v -1.07941 1.20321 0.749027 
v -1.09134 1.20024 0.734939 
v -1.10295 1.19744 0.720557 
v -1.11424 1.19483 0.705889 
v -1.12521 1.19241 0.690944 
v -1.13585 1.19017 0.675733 
v -1.14614 1.18813 0.660263 
v -1.1561 1.18628 0.644546 
v -1.1657 1.18461 0.62859 
v -1.17494 1.18315 0.612405 
v -1.18382 1.18187 0.596003 
v -1.19233 1.18079 0.579392 
v -1.20047 1.17991 0.562583 
v -1.20822 1.17922 0.545587 
v -1.2156 1.17872 0.528414 
v -1.22258 1.17843 0.511075 
v -1.22917 1.17833 0.493581 
v -1.23537 1.17843 0.475942 
v -1.24116 1.17872 0.45817 
v -1.24655 1.17922 0.440275 
v -1.25154 1.17991 0.422269 
v -1.25611 1.18079 0.404163 
v -1.26027 1.18187 0.385967 
v -1.26401 1.18315 0.367695 
v -1.26733 1.18461 0.349355 
v -1.27023 1.18628 0.330962 
v -1.27271 1.18813 0.312524 
v -1.27477 1.19017 0.294055 
v -1.2764 1.19241 0.275565 
v -1.2776 1.19483 0.257067 
v -1.27838 1.19744 0.238571 
v -1.27873 1.20024 0.220089 
v -1.27865 1.20321 0.201632 
v -1.27814 1.20637 0.183212 
v -1.27721 1.20971 0.164841 
v -1.27585 1.21323 0.14653 
v -1.27406 1.21692 0.12829 
v -1.01971 1.19711 0.798724 
v -1.0328 1.19342 0.785908 
v -1.0456 1.18991 0.772764 
v -1.05812 1.18657 0.759299 
v -1.07034 1.18341 0.745524 
v -1.08225 1.18044 0.731445 
v -1.09386 1.17764 0.717072 
v -1.10514 1.17503 0.702413 
v -1.1161 1.17261 0.687478 
v -1.12673 1.17038 0.672276 
v -1.13702 1.16834 0.656817 
v -1.14697 1.16648 0.641109 
v -1.15656 1.16482 0.625164 
v -1.1658 1.16335 0.60899 
v -1.17468 1.16208 0.592598 
v -1.18318 1.161 0.575998 
v -1.19131 1.16012 0.5592 
v -1.19906 1.15943 0.542215 
v -1.20643 1.15894 0.525053 
v -1.21341 1.15864 0.507725 
v -1.22 1.15854 0.490242 
v -1.22619 1.15864 0.472615 
v -1.23198 1.15894 0.454854 
v -1.23737 1.15943 0.436971 
v -1.24235 1.16012 0.418976 
v -1.24692 1.161 0.400882 
v -1.25107 1.16208 0.382698 
v -1.25481 1.16335 0.364437 
v -1.25813 1.16482 0.34611 
v -1.26103 1.16648 0.327728 
v -1.26351 1.16834 0.309303 
v -1.26556 1.17038 0.290845 
v -1.26719 1.17261 0.272368 
v -1.2684 1.17503 0.253881 
v -1.26917 1.17764 0.235397 
v -1.26952 1.18044 0.216927 
v -1.26944 1.18341 0.198482 
v -1.26894 1.18657 0.180074 
v -1.268 1.18991 0.161715 
v -1.26664 1.19342 0.143416 
v -1.26486 1.19711 0.125188 
v -1.01036 1.17716 0.794908 
v -1.02343 1.17347 0.782106 
v -1.03622 1.16996 0.768976 
v -1.04872 1.16663 0.755527 
v -1.06093 1.16347 0.741766 
v -1.07283 1.1605 0.727702 
v -1.08443 1.15771 0.713344 
v -1.0957 1.15511 0.698702 
v -1.10665 1.15269 0.683783 
v -1.11727 1.15046 0.668597 
v -1.12755 1.14841 0.653155 
v -1.13748 1.14656 0.637464 
v -1.14707 1.1449 0.621536 
v -1.15629 1.14344 0.60538 
v -1.16516 1.14217 0.589005 
v -1.17365 1.14109 0.572423 
v -1.18178 1.1402 0.555644 
v -1.18952 1.13952 0.538677 
v -1.19688 1.13903 0.521534 
v -1.20385 1.13873 0.504225 
v -1.21044 1.13863 0.486761 
v -1.21662 1.13873 0.469152 
v -1.2224 1.13903 0.451411 
v -1.22779 1.13952 0.433547 
v -1.23276 1.1402 0.415572 
v -1.23732 1.14109 0.397497 
v -1.24147 1.14217 0.379333 
v -1.24521 1.14344 0.361092 
v -1.24852 1.1449 0.342784 
v -1.25142 1.14656 0.324422 
v -1.2539 1.14841 0.306017 
v -1.25595 1.15046 0.287579 
v -1.25758 1.15269 0.269122 
v -1.25878 1.15511 0.250655 
v -1.25955 1.15771 0.232191 
v -1.2599 1.1605 0.213741 
v -1.25982 1.16347 0.195316 
v -1.25932 1.16663 0.176928 
v -1.25839 1.16996 0.158589 
v -1.25703 1.17347 0.140309 
v -1.0007 1.15706 0.790811 
v -1.01375 1.15338 0.778029 
v -1.02652 1.14988 0.764919 
v -1.03901 1.14655 0.75149 
v -1.0512 1.1434 0.73775 
v -1.06308 1.14043 0.723708 
v -1.07466 1.13764 0.709372 
v -1.08591 1.13504 0.694752 
v -1.09685 1.13263 0.679856 
v -1.10745 1.1304 0.664694 
v -1.11771 1.12836 0.649274 
v -1.12763 1.12652 0.633608 
v -1.1372 1.12486 0.617704 
v -1.14641 1.12339 0.601572 
v -1.15526 1.12212 0.585223 
v -1.16375 1.12105 0.568666 
v -1.17186 1.12017 0.551912 
v -1.17959 1.11948 0.534971 
v -1.18694 1.11899 0.517854 
v -1.1939 1.11869 0.500572 
v -1.20047 1.1186 0.483134 
v -1.20665 1.11869 0.465553 
v -1.21242 1.11899 0.447838 
v -1.2178 1.11948 0.430002 
v -1.22276 1.12017 0.412054 
v -1.22732 1.12105 0.394006 
v -1.23146 1.12212 0.37587 
v -1.23519 1.12339 0.357657 
v -1.2385 1.12486 0.339377 
v -1.2414 1.12652 0.321043 
v -1.24387 1.12836 0.302666 
v -1.24592 1.1304 0.284257 
v -1.24754 1.13263 0.265827 
v -1.24874 1.13504 0.247389 
v -1.24951 1.13764 0.228953 
v -1.24986 1.14043 0.210531 
v -1.24978 1.1434 0.192134 
v -1.24928 1.14655 0.173775 
v -1.24835 1.14988 0.155463 
v -1.25524 1.17716 0.122101 
v -1.24699 1.15338 0.137212 
v -0.990731 1.13682 0.78643 
v -1.00376 1.13315 0.773673 
v -1.0165 1.12965 0.760589 
v -1.02896 1.12633 0.747186 
v -1.04112 1.12319 0.733474 
v -1.05299 1.12022 0.719459 
v -1.06454 1.11744 0.705152 
v -1.07577 1.11485 0.69056 
v -1.08668 1.11244 0.675694 
v -1.09726 1.11022 0.660562 
v -1.10751 1.10818 0.645173 
v -1.11741 1.10634 0.629537 
v -1.12696 1.10468 0.613665 
v -1.13615 1.10322 0.597565 
v -1.14499 1.10195 0.581248 
v -1.15345 1.10088 0.564724 
v -1.16155 1.1 0.548003 
v -1.16926 1.09931 0.531096 
v -1.1766 1.09883 0.514013 
v -1.18355 1.09853 0.496764 
v -1.19011 1.09843 0.479361 
v -1.19627 1.09853 0.461814 
v -1.20203 1.09883 0.444135 
v -1.20739 1.09931 0.426333 
v -1.21235 1.1 0.408421 
v -1.2169 1.10088 0.390409 
v -1.22103 1.10195 0.372309 
v -1.22476 1.10322 0.354132 
v -1.22806 1.10468 0.335888 
v -1.23095 1.10634 0.317591 
v -1.23341 1.10818 0.29925 
v -1.23546 1.11022 0.280877 
v -1.23708 1.11244 0.262484 
v -1.23828 1.11485 0.244082 
v -1.23905 1.11744 0.225682 
v -1.2394 1.12022 0.207296 
v -1.23932 1.12319 0.188936 
v -1.23882 1.12633 0.170613 
v -1.23789 1.12965 0.152338 
v -1.24521 1.15706 0.119031 
v -1.23653 1.13315 0.134122 
v -0.980442 1.11644 0.78176 
v -0.993435 1.11278 0.769034 
v -1.00615 1.10929 0.755982 
v -1.01858 1.10597 0.742612 
v -1.03071 1.10284 0.728933 
v -1.04254 1.09988 0.714953 
v -1.05407 1.09711 0.70068 
v -1.06528 1.09452 0.686124 
v -1.07616 1.09211 0.671294 
v -1.08672 1.0899 0.656198 
v -1.09693 1.08787 0.640847 
v -1.10681 1.08603 0.62525 
v -1.11634 1.08438 0.609416 
v -1.12551 1.08292 0.593355 
v -1.13432 1.08166 0.577078 
v -1.14277 1.08058 0.560594 
v -1.15084 1.07971 0.543914 
v -1.15854 1.07902 0.527048 
v -1.16586 1.07853 0.510006 
v -1.17279 1.07824 0.4928 
v -1.17933 1.07814 0.475439 
v -1.18548 1.07824 0.457935 
v -1.19123 1.07853 0.440299 
v -1.19658 1.07902 0.422541 
v -1.20152 1.07971 0.404672 
v -1.20606 1.08058 0.386704 
v -1.21018 1.08166 0.368648 
v -1.2139 1.08292 0.350515 
v -1.21719 1.08438 0.332316 
v -1.22007 1.08603 0.314063 
v -1.22253 1.08787 0.295767 
v -1.22457 1.0899 0.277439 
v -1.22619 1.09211 0.25909 
v -1.22739 1.09452 0.240733 
v -1.22816 1.09711 0.222378 
v -1.2285 1.09988 0.204037 
v -1.22842 1.10284 0.185722 
v -1.22792 1.10597 0.167443 
v -1.227 1.10929 0.149213 
v -1.23476 1.13682 0.115977 
v -1.22565 1.11278 0.131041 
v -0.982786 1.09226 0.764109 
v -0.995464 1.08878 0.751095 
v -1.00786 1.08547 0.737764 
v -1.01996 1.08235 0.724124 
v -1.03175 1.0794 0.710184 
v -1.04324 1.07663 0.695953 
v -1.05442 1.07405 0.68144 
v -1.06527 1.07165 0.666652 
v -1.0758 1.06944 0.651601 
v -1.08599 1.06742 0.636294 
v -1.09583 1.06558 0.620742 
v -1.10533 1.06394 0.604954 
v -1.11448 1.06249 0.58894 
v -1.12326 1.06123 0.57271 
v -1.13168 1.06016 0.556274 
v -1.13974 1.05928 0.539643 
v -1.14741 1.0586 0.522826 
v -1.15471 1.05811 0.505834 
v -1.16162 1.05782 0.488677 
v -1.16814 1.05772 0.471367 
v -1.17427 1.05782 0.453914 
v -1.18001 1.05811 0.436329 
v -1.18534 1.0586 0.418622 
v -1.19027 1.05928 0.400805 
v -1.19479 1.06016 0.38289 
v -1.19891 1.06123 0.364886 
v -1.20261 1.06249 0.346806 
v -1.20589 1.06394 0.32866 
v -1.20877 1.06558 0.310459 
v -1.21122 1.06742 0.292216 
v -1.21325 1.06944 0.273941 
v -1.21487 1.07165 0.255646 
v -1.21606 1.07405 0.237342 
v -1.21683 1.07663 0.219041 
v -1.21717 1.0794 0.200753 
v -1.21709 1.08235 0.182491 
v -1.21659 1.08547 0.164266 
v -1.21567 1.08878 0.146088 
v -0.971806 1.07159 0.758893 
v -0.98444 1.06812 0.745923 
v -0.996791 1.06483 0.732637 
v -1.00885 1.06171 0.719044 
v -1.02061 1.05878 0.705151 
v -1.03206 1.05602 0.690968 
v -1.0432 1.05345 0.676504 
v -1.05401 1.05106 0.661767 
v -1.0645 1.04885 0.646766 
v -1.07466 1.04684 0.631511 
v -1.08447 1.04501 0.616012 
v -1.09394 1.04337 0.600277 
v -1.10305 1.04192 0.584318 
v -1.11181 1.04066 0.568142 
v -1.1202 1.0396 0.551762 
v -1.12822 1.03873 0.535187 
v -1.13587 1.03805 0.518427 
v -1.14314 1.03756 0.501492 
v -1.15003 1.03727 0.484394 
v -1.15653 1.03717 0.467142 
v -1.16264 1.03727 0.449748 
v -1.16836 1.03756 0.432222 
v -1.17367 1.03805 0.414576 
v -1.17859 1.03873 0.396819 
v -1.18309 1.0396 0.378964 
v -1.18719 1.04066 0.361021 
v -1.19088 1.04192 0.343002 
v -1.19416 1.04337 0.324918 
v -1.19702 1.04501 0.306779 
v -1.19947 1.04684 0.288597 
v -1.20149 1.04885 0.270385 
v -1.2031 1.05106 0.252151 
v -1.20429 1.05345 0.233909 
v -1.20505 1.05602 0.21567 
v -1.2054 1.05878 0.197444 
v -1.20532 1.06171 0.179244 
v -1.20482 1.06483 0.16108 
v -1.21432 1.09226 0.127969 
v -1.2039 1.06812 0.142964 
v -0.960489 1.05077 0.753383 
v -0.973075 1.04732 0.740464 
v -0.985377 1.04404 0.727229 
v -0.997388 1.04094 0.713688 
v -1.0091 1.03801 0.69985 
v -1.02051 1.03527 0.685722 
v -1.0316 1.0327 0.671313 
v -1.04238 1.03032 0.656633 
v -1.05283 1.02813 0.641691 
v -1.06294 1.02612 0.626495 
v -1.07272 1.0243 0.611055 
v -1.08215 1.02266 0.595382 
v -1.09123 1.02122 0.579484 
v -1.09995 1.01997 0.563372 
v -1.10831 1.01891 0.547055 
v -1.1163 1.01804 0.530544 
v -1.12392 1.01736 0.513848 
v -1.13116 1.01688 0.496979 
v -1.13803 1.01659 0.479947 
v -1.1445 1.01649 0.462763 
v -1.15059 1.01659 0.445436 
v -1.15628 1.01688 0.427978 
v -1.16157 1.01736 0.4104 
v -1.16647 1.01804 0.392712 
v -1.17096 1.01891 0.374926 
v -1.17504 1.01997 0.357053 
v -1.17872 1.02122 0.339104 
v -1.18198 1.02266 0.321089 
v -1.18483 1.0243 0.303021 
v -1.18727 1.02612 0.28491 
v -1.18929 1.02813 0.266767 
v -1.19089 1.03032 0.248605 
v -1.19207 1.0327 0.230434 
v -1.19283 1.03527 0.212265 
v -1.19318 1.03801 0.19411 
v -1.1931 1.04094 0.17598 
v -1.1926 1.04404 0.157886 
v -1.20256 1.07159 0.124907 
v -1.19168 1.04732 0.13984 
v -0.948831 1.02981 0.747575 
v -0.961362 1.02637 0.734712 
v -0.973611 1.02311 0.721536 
v -0.98557 1.02002 0.708054 
v -0.997231 1.0171 0.694276 
v -1.00859 1.01437 0.68021 
v -1.01963 1.01182 0.665864 
v -1.03036 1.00945 0.651249 
v -1.04076 1.00726 0.636371 
v -1.05083 1.00526 0.621242 
v -1.06057 1.00345 0.60587 
v -1.06996 1.00182 0.590265 
v -1.079 1.00039 0.574437 
v -1.08768 0.99914 0.558395 
v -1.096 0.998084 0.54215 
v -1.10396 0.997219 0.525711 
v -1.11155 0.996545 0.509089 
v -1.11876 0.996064 0.492294 
v -1.12559 0.995775 0.475336 
v -1.13204 0.995679 0.458226 
v -1.1381 0.995775 0.440976 
v -1.14376 0.996064 0.423594 
v -1.14904 0.996545 0.406093 
v -1.15391 0.997219 0.388483 
v -1.15838 0.998084 0.370775 
v -1.16245 0.99914 0.35298 
v -1.1661 1.00039 0.335109 
v -1.16935 1.00182 0.317173 
v -1.17219 1.00345 0.299184 
v -1.17462 1.00526 0.281152 
v -1.17663 1.00726 0.263089 
v -1.17822 1.00945 0.245006 
v -1.1794 1.01182 0.226914 
v -1.18016 1.01437 0.208825 
v -1.1805 1.0171 0.19075 
v -1.18042 1.02002 0.172699 
v -1.17993 1.02311 0.154685 
v -1.19035 1.05077 0.121853 
v -1.17901 1.02637 0.136718 
v -0.936829 1.0087 0.741465 
v -0.949299 1.00527 0.728665 
v -0.961487 1.00202 0.715553 
v -0.973388 0.998949 0.702137 
v -0.984992 0.996051 0.688426 
v -0.996294 0.993331 0.674429 
v -1.00729 0.990791 0.660154 
v -1.01796 0.988434 0.64561 
v -1.02831 0.986259 0.630805 
v -1.03833 0.984269 0.61575 
v -1.04802 0.982464 0.600453 
v -1.05736 0.980847 0.584925 
v -1.06636 0.979417 0.569174 
v -1.075 0.978176 0.553211 
v -1.08328 0.977125 0.537045 
v -1.0912 0.976264 0.520686 
v -1.09875 0.975594 0.504145 
v -1.10593 0.975115 0.487432 
v -1.11272 0.974828 0.470558 
v -1.11914 0.974732 0.453532 
v -1.12517 0.974828 0.436365 
v -1.13081 0.975115 0.419069 
v -1.13605 0.975594 0.401653 
v -1.1409 0.976264 0.384129 
v -1.14535 0.977125 0.366508 
v -1.1494 0.978176 0.3488 
v -1.15304 0.979417 0.331016 
v -1.15627 0.980847 0.313168 
v -1.1591 0.982464 0.295267 
v -1.16151 0.984269 0.277324 
v -1.16351 0.986259 0.259349 
v -1.1651 0.988434 0.241355 
v -1.16627 0.990791 0.223351 
v -1.16702 0.993331 0.205351 
v -1.16736 0.996051 0.187363 
v -1.16729 0.998949 0.169401 
v -1.16679 1.00202 0.151475 
v -1.17768 1.02981 0.118809 
v -1.16589 1.00527 0.133596 
v -0.936879 0.984027 0.722318 
v -0.949002 0.980795 0.709277 
v -0.960838 0.977737 0.695934 
v -0.972379 0.974854 0.682298 
v -0.98362 0.972149 0.668376 
v -0.994552 0.969623 0.654178 
v -1.00517 0.967278 0.639713 
v -1.01546 0.965115 0.624989 
v -1.02543 0.963136 0.610015 
v -1.03506 0.961341 0.594801 
v -1.04436 0.959732 0.579357 
v -1.0533 0.958311 0.563692 
v -1.0619 0.957077 0.547815 
v -1.07014 0.956031 0.531736 
v -1.07801 0.955175 0.515467 
v -1.08552 0.954508 0.499015 
v -1.09266 0.954032 0.482393 
v -1.09942 0.953746 0.46561 
v -1.1058 0.953651 0.448676 
v -1.1118 0.953746 0.431603 
v -1.11741 0.954032 0.4144 
v -1.12262 0.954508 0.397079 
v -1.12744 0.955175 0.37965 
v -1.13187 0.956031 0.362124 
v -1.13589 0.957077 0.344512 
v -1.13952 0.958311 0.326825 
v -1.14273 0.959732 0.309074 
v -1.14554 0.961341 0.29127 
v -1.14794 0.963136 0.273424 
v -1.14993 0.965115 0.255547 
v -1.15151 0.967278 0.23765 
v -1.15267 0.969623 0.219744 
v -1.15342 0.972149 0.201841 
v -1.15376 0.974854 0.183951 
v -1.15369 0.977737 0.166086 
v -1.1532 0.980795 0.148257 
v -0.9241 0.96263 0.715667 
v -0.936151 0.959417 0.702704 
v -0.947916 0.956377 0.68944 
v -0.959389 0.953511 0.675885 
v -0.970562 0.950823 0.662047 
v -0.981429 0.948312 0.647934 
v -0.991982 0.945981 0.633555 
v -1.00222 0.943831 0.618919 
v -1.01212 0.941863 0.604034 
v -1.0217 0.940079 0.588911 
v -1.03094 0.93848 0.573559 
v -1.03983 0.937067 0.557987 
v -1.04837 0.93584 0.542205 
v -1.05656 0.934801 0.526223 
v -1.06439 0.93395 0.51005 
v -1.07185 0.933287 0.493697 
v -1.07895 0.932813 0.477174 
v -1.08567 0.932529 0.460491 
v -1.09201 0.932434 0.443658 
v -1.09797 0.932529 0.426687 
v -1.10355 0.932813 0.409587 
v -1.10874 0.933287 0.392369 
v -1.11353 0.93395 0.375044 
v -1.11793 0.934801 0.357623 
v -1.12193 0.93584 0.340116 
v -1.12553 0.937067 0.322534 
v -1.12872 0.93848 0.304889 
v -1.13152 0.940079 0.287191 
v -1.1339 0.941863 0.269451 
v -1.13588 0.943831 0.251681 
v -1.13745 0.945981 0.233891 
v -1.13861 0.948312 0.216092 
v -1.13935 0.950823 0.198296 
v -1.13969 0.953511 0.180513 
v -1.13961 0.956377 0.162754 
v -1.15229 0.984027 0.130475 
v -1.13913 0.959417 0.145032 
v -0.910957 0.941081 0.708708 
v -0.922929 0.937889 0.69583 
v -0.934617 0.934869 0.682653 
v -0.946015 0.932022 0.669187 
v -0.957115 0.929351 0.655439 
v -0.967911 0.926856 0.641417 
v -0.978396 0.92454 0.627132 
v -0.988563 0.922404 0.612592 
v -0.998406 0.92045 0.597805 
v -1.00792 0.918677 0.58278 
v -1.0171 0.917089 0.567528 
v -1.02593 0.915685 0.552058 
v -1.03442 0.914466 0.536379 
v -1.04255 0.913434 0.520501 
v -1.05033 0.912588 0.504434 
v -1.05775 0.91193 0.488187 
v -1.06479 0.911459 0.471772 
v -1.07147 0.911177 0.455198 
v -1.07777 0.911083 0.438476 
v -1.0837 0.911177 0.421615 
v -1.08923 0.911459 0.404626 
v -1.09439 0.91193 0.387521 
v -1.09915 0.912588 0.370309 
v -1.10352 0.913434 0.353002 
v -1.10749 0.914466 0.335609 
v -1.11107 0.915685 0.318142 
v -1.11424 0.917089 0.300612 
v -1.11702 0.918677 0.28303 
v -1.11939 0.92045 0.265406 
v -1.12135 0.922404 0.247751 
v -1.12291 0.92454 0.230077 
v -1.12406 0.926856 0.212395 
v -1.1248 0.929351 0.194715 
v -1.12514 0.932022 0.177048 
v -1.12506 0.934869 0.159406 
v -1.13823 0.96263 0.127356 
v -1.12458 0.937889 0.141799 
v -0.897445 0.91938 0.701438 
v -0.909331 0.916211 0.688651 
v -0.920936 0.913212 0.675568 
v -0.932253 0.910386 0.662197 
v -0.943275 0.907733 0.648547 
v -0.953994 0.905257 0.634625 
v -0.964404 0.902957 0.620442 
v -0.974499 0.900836 0.606004 
v -0.984272 0.898896 0.591322 
v -0.993717 0.897136 0.576405 
v -1.00283 0.895558 0.561261 
v -1.0116 0.894164 0.545901 
v -1.02003 0.892954 0.530333 
v -1.02811 0.891929 0.514568 
v -1.03583 0.89109 0.498615 
v -1.04319 0.890436 0.482485 
v -1.05019 0.889969 0.466186 
v -1.05682 0.889689 0.44973 
v -1.06308 0.889595 0.433126 
v -1.06896 0.889689 0.416385 
v -1.07445 0.889969 0.399517 
v -1.07957 0.890436 0.382534 
v -1.0843 0.89109 0.365444 
v -1.08864 0.891929 0.34826 
v -1.09258 0.892954 0.330991 
v -1.09613 0.894164 0.313648 
v -1.09929 0.895558 0.296243 
v -1.10204 0.897136 0.278785 
v -1.1044 0.898896 0.261286 
v -1.10635 0.900836 0.243757 
v -1.10789 0.902957 0.226209 
v -1.10904 0.905257 0.208652 
v -1.10977 0.907733 0.191098 
v -1.1101 0.910386 0.173557 
v -1.11003 0.913212 0.15604 
v -1.12369 0.941081 0.124238 
v -1.10955 0.916211 0.138558 
v -0.883559 0.897526 0.693851 
v -0.895354 0.894382 0.681163 
v -0.90687 0.891406 0.668181 
v -0.9181 0.888602 0.654913 
v -0.929036 0.88597 0.641368 
v -0.939673 0.883512 0.627554 
v -0.950003 0.88123 0.61348 
v -0.96002 0.879126 0.599154 
v -0.969717 0.8772 0.584585 
v -0.97909 0.875454 0.569782 
v -0.988131 0.873889 0.554755 
v -0.996836 0.872505 0.539513 
v -1.0052 0.871305 0.524066 
v -1.01321 0.870287 0.508422 
v -1.02088 0.869454 0.492592 
v -1.02818 0.868806 0.476586 
v -1.03513 0.868342 0.460413 
v -1.04171 0.868064 0.444083 
v -1.04791 0.867971 0.427607 
v -1.05375 0.868064 0.410996 
v -1.05921 0.868342 0.394258 
v -1.06428 0.868806 0.377405 
v -1.06897 0.869454 0.360447 
v -1.07328 0.870287 0.343395 
v -1.07719 0.871305 0.326259 
v -1.08072 0.872505 0.30905 
v -1.08385 0.873889 0.291779 
v -1.08658 0.875454 0.274456 
v -1.08891 0.8772 0.257092 
v -1.09085 0.879126 0.239698 
v -1.09239 0.88123 0.222285 
v -1.09352 0.883512 0.204864 
v -1.09425 0.88597 0.187444 
v -1.09458 0.888602 0.170038 
v -1.09451 0.891406 0.152656 
v -1.10866 0.91938 0.121122 
v -1.09403 0.894382 0.135309 
v -0.880993 0.872401 0.673363 
v -0.892413 0.869451 0.660489 
v -0.903549 0.866669 0.647331 
v -0.914395 0.864059 0.633899 
v -0.924942 0.861622 0.6202 
v -0.935186 0.859359 0.606243 
v -0.94512 0.857272 0.592036 
v -0.954737 0.855363 0.577588 
v -0.964031 0.853631 0.562909 
v -0.972997 0.852079 0.548007 
v -0.98163 0.850707 0.532892 
v -0.989923 0.849516 0.517573 
v -0.997871 0.848508 0.50206 
v -1.00547 0.847681 0.486362 
v -1.01272 0.847038 0.470488 
v -1.0196 0.846579 0.45445 
v -1.02613 0.846303 0.438257 
v -1.03228 0.846211 0.421918 
v -1.03807 0.846303 0.405445 
v -1.04348 0.846579 0.388846 
v -1.04851 0.847038 0.372134 
v -1.05317 0.847681 0.355317 
v -1.05744 0.848508 0.338407 
v -1.06132 0.849516 0.321414 
v -1.06481 0.850707 0.304348 
v -1.06792 0.852079 0.287221 
v -1.07063 0.853631 0.270042 
v -1.07294 0.855363 0.252823 
v -1.07486 0.857272 0.235574 
v -1.07638 0.859359 0.218305 
v -1.07751 0.861622 0.201029 
v -1.07823 0.864059 0.183755 
v -1.07856 0.866669 0.166494 
v -1.07849 0.869451 0.149256 
v -0.866243 0.850269 0.665245 
v -0.877561 0.847345 0.652487 
v -0.888597 0.844589 0.639448 
v -0.899345 0.842002 0.626136 
v -0.909799 0.839587 0.612559 
v -0.919951 0.837344 0.598727 
v -0.929795 0.835276 0.584648 
v -0.939326 0.833383 0.57033 
v -0.948537 0.831667 0.555783 
v -0.957423 0.830129 0.541014 
v -0.965977 0.82877 0.526035 
v -0.974196 0.82759 0.510853 
v -0.982073 0.82659 0.495479 
v -0.989604 0.825771 0.479922 
v -0.996784 0.825134 0.464191 
v -1.00361 0.824678 0.448296 
v -1.01007 0.824405 0.432248 
v -1.01618 0.824314 0.416056 
v -1.02191 0.824405 0.39973 
v -1.02727 0.824678 0.383281 
v -1.03226 0.825134 0.366718 
v -1.03687 0.825771 0.350052 
v -1.0411 0.82659 0.333294 
v -1.04495 0.82759 0.316453 
v -1.04841 0.82877 0.29954 
v -1.05149 0.830129 0.282566 
v -1.05418 0.831667 0.265542 
v -1.05647 0.833383 0.248477 
v -1.05837 0.835276 0.231382 
v -1.05988 0.837344 0.214269 
v -1.061 0.839587 0.197147 
v -1.06172 0.842002 0.180028 
v -1.06204 0.844589 0.162922 
v -1.07801 0.872401 0.132054 
v -1.06197 0.847345 0.145839 
v -0.851101 0.827986 0.656808 
v -0.862309 0.82509 0.644172 
v -0.873239 0.82236 0.631258 
v -0.883884 0.819798 0.618075 
v -0.894236 0.817406 0.604629 
v -0.904291 0.815185 0.59093 
v -0.91404 0.813137 0.576987 
v -0.923479 0.811263 0.562807 
v -0.932602 0.809563 0.548399 
v -0.941402 0.80804 0.533773 
v -0.949874 0.806693 0.518938 
v -0.958013 0.805525 0.503903 
v -0.965815 0.804534 0.488677 
v -0.973273 0.803724 0.473269 
v -0.980384 0.803092 0.45769 
v -0.987143 0.802641 0.441948 
v -0.993546 0.80237 0.426055 
v -0.999589 0.80228 0.410019 
v -1.00527 0.80237 0.39385 
v -1.01058 0.802641 0.377559 
v -1.01552 0.803092 0.361156 
v -1.02009 0.803724 0.344651 
v -1.02428 0.804534 0.328054 
v -1.02809 0.805525 0.311375 
v -1.03152 0.806693 0.294625 
v -1.03456 0.80804 0.277815 
v -1.03722 0.809563 0.260954 
v -1.0395 0.811263 0.244054 
v -1.04138 0.813137 0.227124 
v -1.04287 0.815185 0.210176 
v -1.04398 0.817406 0.193219 
v -1.04469 0.819798 0.176265 
v -1.04501 0.82236 0.159323 
v -1.0615 0.850269 0.128791 
v -1.04494 0.82509 0.142405 
v -0.835561 0.805551 0.648045 
v -0.846654 0.802684 0.63554 
v -0.857471 0.799983 0.62276 
v -0.868005 0.797448 0.609712 
v -0.878251 0.79508 0.596406 
v -0.888202 0.792882 0.582848 
v -0.897851 0.790855 0.569049 
v -0.907192 0.789 0.555015 
v -0.91622 0.787318 0.540756 
v -0.924929 0.78581 0.526282 
v -0.933314 0.784478 0.511599 
v -0.94137 0.783321 0.496719 
v -0.94909 0.782341 0.48165 
v -0.956472 0.781539 0.466402 
v -0.963509 0.780914 0.450983 
v -0.970199 0.780468 0.435405 
v -0.976535 0.7802 0.419675 
v -0.982516 0.78011 0.403805 
v -0.988136 0.7802 0.387803 
v -0.993392 0.780468 0.37168 
v -0.998282 0.780914 0.355446 
v -1.0028 0.781539 0.339112 
v -1.00695 0.782341 0.322686 
v -1.01072 0.783321 0.30618 
v -1.01411 0.784478 0.289603 
v -1.01713 0.78581 0.272966 
v -1.01976 0.787318 0.25628 
v -1.02201 0.789 0.239554 
v -1.02388 0.790855 0.222799 
v -1.02535 0.792882 0.206025 
v -1.02645 0.79508 0.189244 
v -1.02715 0.797448 0.172464 
v -1.02747 0.799983 0.155698 
v -1.04447 0.827986 0.125521 
v -1.0274 0.802684 0.138954 
v -0.81962 0.782964 0.638955 
v -0.83059 0.780129 0.626588 
v -0.841288 0.777458 0.613948 
v -0.851706 0.77495 0.601045 
v -0.861838 0.772609 0.587885 
v -0.871679 0.770436 0.574478 
v -0.881221 0.768431 0.56083 
v -0.89046 0.766596 0.546952 
v -0.899388 0.764933 0.532851 
v -0.908001 0.763442 0.518536 
v -0.916293 0.762124 0.504016 
v -0.92426 0.76098 0.4893 
v -0.931895 0.760011 0.474398 
v -0.939195 0.759217 0.459318 
v -0.946155 0.7586 0.444069 
v -0.95277 0.758158 0.428663 
v -0.959037 0.757893 0.413107 
v -0.964951 0.757805 0.397412 
v -0.970509 0.757893 0.381587 
v -0.975708 0.758158 0.365642 
v -0.980543 0.7586 0.349588 
v -0.985013 0.759217 0.333433 
v -0.989114 0.760011 0.317189 
v -0.992844 0.76098 0.300865 
v -0.996201 0.762124 0.284471 
v -0.999182 0.763442 0.268018 
v -1.00179 0.764933 0.251516 
v -1.00401 0.766596 0.234975 
v -1.00585 0.768431 0.218405 
v -1.00732 0.770436 0.201817 
v -1.0084 0.772609 0.185221 
v -1.00909 0.77495 0.168627 
v -1.00941 0.777458 0.152045 
v -1.02694 0.805551 0.122245 
v -1.00934 0.780129 0.135487 
v -0.803273 0.760226 0.629532 
v -0.814114 0.757425 0.617311 
v -0.824685 0.754785 0.60482 
v -0.834981 0.752307 0.592069 
v -0.844994 0.749994 0.579065 
v -0.854718 0.747846 0.565815 
v -0.864148 0.745865 0.552329 
v -0.873277 0.744052 0.538614 
v -0.8821 0.742408 0.524679 
v -0.890612 0.740934 0.510533 
v -0.898806 0.739632 0.496185 
v -0.906679 0.738502 0.481643 
v -0.914224 0.737544 0.466916 
v -0.921438 0.73676 0.452014 
v -0.928316 0.736149 0.436945 
v -0.934853 0.735713 0.42172 
v -0.941046 0.735451 0.406348 
v -0.94689 0.735364 0.390838 
v -0.952383 0.735451 0.3752 
v -0.95752 0.735713 0.359443 
v -0.962299 0.736149 0.343578 
v -0.966716 0.73676 0.327614 
v -0.970768 0.737544 0.311562 
v -0.974454 0.738502 0.29543 
v -0.977771 0.739632 0.27923 
v -0.980717 0.740934 0.262971 
v -0.98329 0.742408 0.246663 
v -0.985488 0.744052 0.230317 
v -0.987311 0.745865 0.213943 
v -0.988756 0.747846 0.19755 
v -0.989823 0.749994 0.18115 
v -0.990512 0.752307 0.164752 
v -0.990821 0.754785 0.148366 
v -1.00888 0.782964 0.118962 
v -0.990751 0.757425 0.132003 
v -0.797221 0.734572 0.607705 
v -0.80766 0.731965 0.595372 
v -0.817826 0.729519 0.582782 
v -0.827713 0.727234 0.569941 
v -0.837315 0.725113 0.556858 
v -0.846626 0.723157 0.543541 
v -0.855641 0.721367 0.529999 
v -0.864353 0.719744 0.51624 
v -0.872757 0.718289 0.502271 
v -0.880848 0.717003 0.488103 
v -0.888622 0.715887 0.473744 
v -0.896072 0.714941 0.459202 
v -0.903195 0.714167 0.444488 
v -0.909987 0.713564 0.429609 
v -0.916442 0.713133 0.414576 
v -0.922556 0.712875 0.399397 
v -0.928327 0.712788 0.384082 
v -0.933751 0.712875 0.36864 
v -0.938823 0.713133 0.353082 
v -0.943542 0.713564 0.337416 
v -0.947903 0.714167 0.321653 
v -0.951905 0.714941 0.305803 
v -0.955545 0.715887 0.289874 
v -0.95882 0.717003 0.273878 
v -0.961729 0.718289 0.257823 
v -0.964269 0.719744 0.241721 
v -0.96644 0.721367 0.22558 
v -0.968239 0.723157 0.209412 
v -0.969666 0.725113 0.193226 
v -0.97072 0.727234 0.177031 
v -0.9714 0.729519 0.16084 
v -0.971706 0.731965 0.14466 
v -0.779908 0.711572 0.597769 
v -0.790207 0.708999 0.585601 
v -0.800237 0.706586 0.573179 
v -0.809991 0.704332 0.56051 
v -0.819465 0.702239 0.547602 
v -0.828651 0.700309 0.534464 
v -0.837545 0.698543 0.521103 
v -0.84614 0.696942 0.507528 
v -0.854432 0.695506 0.493747 
v -0.862415 0.694238 0.479769 
v -0.870084 0.693137 0.465602 
v -0.877435 0.692204 0.451255 
v -0.884463 0.69144 0.436738 
v -0.891163 0.690845 0.422058 
v -0.897531 0.69042 0.407226 
v -0.903564 0.690165 0.392251 
v -0.909258 0.69008 0.377141 
v -0.914609 0.690165 0.361906 
v -0.919613 0.69042 0.346557 
v -0.924269 0.690845 0.331101 
v -0.928572 0.69144 0.315549 
v -0.93252 0.692204 0.299911 
v -0.936111 0.693137 0.284196 
v -0.939342 0.694238 0.268413 
v -0.942212 0.695506 0.252574 
v -0.944718 0.696942 0.236687 
v -0.94686 0.698543 0.220763 
v -0.948635 0.700309 0.204811 
v -0.950043 0.702239 0.188842 
v -0.951083 0.704332 0.172865 
v -0.951753 0.706586 0.15689 
v -0.971637 0.734572 0.128503 
v -0.952055 0.708999 0.140927 
v -0.762171 0.688424 0.587496 
v -0.772323 0.685888 0.575502 
v -0.78221 0.683509 0.563257 
v -0.791825 0.681287 0.550769 
v -0.801164 0.679225 0.538045 
v -0.810219 0.677322 0.525094 
v -0.818986 0.675581 0.511924 
v -0.827459 0.674003 0.498542 
v -0.835632 0.672588 0.484958 
v -0.843502 0.671337 0.471179 
v -0.851062 0.670252 0.457214 
v -0.858307 0.669332 0.443072 
v -0.865235 0.668579 0.428761 
v -0.87184 0.667993 0.414291 
v -0.878117 0.667574 0.39967 
v -0.884064 0.667322 0.384908 
v -0.889677 0.667238 0.370014 
v -0.894951 0.667322 0.354997 
v -0.899885 0.667574 0.339866 
v -0.904473 0.667993 0.32463 
v -0.908715 0.668579 0.3093 
v -0.912607 0.669332 0.293885 
v -0.916147 0.670252 0.278394 
v -0.919332 0.671337 0.262836 
v -0.922161 0.672588 0.247223 
v -0.924632 0.674003 0.231563 
v -0.926743 0.675581 0.215865 
v -0.928493 0.677322 0.200141 
v -0.92988 0.679225 0.184399 
v -0.930905 0.681287 0.16865 
v -0.931566 0.683509 0.152903 
v -0.951987 0.711572 0.124986 
v -0.931864 0.685888 0.137167 
v -0.744006 0.665131 0.576886 
v -0.754004 0.662633 0.565073 
v -0.763741 0.66029 0.553014 
v -0.773211 0.658102 0.540715 
v -0.782408 0.656071 0.528184 
v -0.791326 0.654197 0.515429 
v -0.79996 0.652482 0.502459 
v -0.808304 0.650928 0.48928 
v -0.816354 0.649534 0.475901 
v -0.824104 0.648303 0.462331 
v -0.831549 0.647234 0.448578 
v -0.838685 0.646328 0.43465 
v -0.845508 0.645586 0.420556 
v -0.852012 0.645009 0.406305 
v -0.858195 0.644596 0.391906 
v -0.864052 0.644349 0.377368 
v -0.869579 0.644266 0.362699 
v -0.874774 0.644349 0.347909 
v -0.879632 0.644596 0.333008 
v -0.884152 0.645009 0.318003 
v -0.888329 0.645586 0.302905 
v -0.892162 0.646328 0.287724 
v -0.895648 0.647234 0.272467 
v -0.898785 0.648303 0.257146 
v -0.901571 0.649534 0.241769 
v -0.904004 0.650928 0.226346 
v -0.906083 0.652482 0.210887 
v -0.907807 0.654197 0.195401 
v -0.909174 0.656071 0.179897 
v -0.910183 0.658102 0.164387 
v -0.910834 0.66029 0.148878 
v -0.931797 0.688424 0.121454 
v -0.911127 0.662633 0.133381 
v -0.72541 0.641693 0.565933 
v -0.735247 0.639236 0.55431 
v -0.744827 0.636931 0.542445 
v -0.754144 0.634778 0.530344 
v -0.763193 0.632779 0.518015 
v -0.771968 0.630936 0.505466 
v -0.780463 0.629249 0.492704 
v -0.788673 0.627719 0.479737 
v -0.796593 0.626348 0.466574 
v -0.804218 0.625136 0.453222 
v -0.811543 0.624084 0.43969 
v -0.818565 0.623193 0.425987 
v -0.825277 0.622463 0.41212 
v -0.831677 0.621895 0.398099 
v -0.83776 0.621489 0.383931 
v -0.843523 0.621246 0.369627 
v -0.848961 0.621164 0.355195 
v -0.854072 0.621246 0.340643 
v -0.858852 0.621489 0.325981 
v -0.863299 0.621895 0.311218 
v -0.867409 0.622463 0.296364 
v -0.87118 0.623193 0.281426 
v -0.87461 0.624084 0.266416 
v -0.877697 0.625136 0.251341 
v -0.880438 0.626348 0.236211 
v -0.882832 0.627719 0.221037 
v -0.884877 0.629249 0.205826 
v -0.886573 0.630936 0.19059 
v -0.887918 0.632779 0.175336 
v -0.888911 0.634778 0.160075 
v -0.889552 0.636931 0.144816 
v -0.911061 0.665131 0.117906 
v -0.88984 0.639236 0.129569 
v -0.706378 0.618113 0.554635 
v -0.716047 0.615698 0.543211 
v -0.725464 0.613432 0.531549 
v -0.734622 0.611316 0.519655 
v -0.743516 0.609351 0.507536 
v -0.752141 0.607539 0.495202 
v -0.76049 0.605881 0.482658 
v -0.76856 0.604378 0.469913 
v -0.776345 0.60303 0.456974 
v -0.78384 0.601839 0.443851 
v -0.79104 0.600805 0.43055 
v -0.797941 0.599929 0.417081 
v -0.804539 0.599212 0.403451 
v -0.810829 0.598654 0.38967 
v -0.816808 0.598255 0.375745 
v -0.822472 0.598015 0.361685 
v -0.827818 0.597935 0.347499 
v -0.832841 0.598015 0.333196 
v -0.83754 0.598255 0.318785 
v -0.841911 0.598654 0.304275 
v -0.84595 0.599212 0.289674 
v -0.849657 0.599929 0.274992 
v -0.853029 0.600805 0.260238 
v -0.856062 0.601839 0.245421 
v -0.858757 0.60303 0.23055 
v -0.86111 0.604378 0.215635 
v -0.86312 0.605881 0.200684 
v -0.864787 0.607539 0.185708 
v -0.866109 0.609351 0.170715 
v -0.867085 0.611316 0.155715 
v -0.867715 0.613432 0.140717 
v -0.889775 0.641693 0.114343 
v -0.867998 0.615698 0.12573 
v -0.68691 0.594392 0.542988 
v -0.696403 0.592021 0.531772 
v -0.705649 0.589796 0.520321 
v -0.714641 0.587719 0.508643 
v -0.723373 0.58579 0.496745 
v -0.731841 0.584011 0.484634 
v -0.74004 0.582382 0.472317 
v -0.747963 0.580906 0.459804 
v -0.755606 0.579583 0.4471 
v -0.762965 0.578414 0.434215 
v -0.770035 0.577399 0.421156 
v -0.776811 0.576539 0.407931 
v -0.783289 0.575834 0.394548 
v -0.789465 0.575286 0.381017 
v -0.795336 0.574894 0.367344 
v -0.800897 0.574659 0.35354 
v -0.806146 0.574581 0.339611 
v -0.811078 0.574659 0.325568 
v -0.815691 0.574894 0.311418 
v -0.819983 0.575286 0.297171 
v -0.823949 0.575834 0.282835 
v -0.827589 0.576539 0.268419 
v -0.830899 0.577399 0.253933 
v -0.833878 0.578414 0.239385 
v -0.836523 0.579583 0.224784 
v -0.838833 0.580906 0.210139 
v -0.840807 0.582382 0.19546 
v -0.842444 0.584011 0.180756 
v -0.843742 0.58579 0.166035 
v -0.8447 0.587719 0.151307 
v -0.845319 0.589796 0.136581 
v -0.867934 0.618113 0.110764 
v -0.845596 0.592021 0.121866 
v -0.676311 0.568208 0.51999 
v -0.685379 0.566026 0.50876 
v -0.694197 0.563988 0.497307 
v -0.702762 0.562096 0.485637 
v -0.711067 0.560352 0.473759 
v -0.719108 0.558755 0.46168 
v -0.726878 0.557307 0.449408 
v -0.734375 0.556009 0.436949 
v -0.741592 0.554862 0.424311 
v -0.748525 0.553867 0.411504 
v -0.755171 0.553024 0.398533 
v -0.761524 0.552333 0.385409 
v -0.767582 0.551795 0.372137 
v -0.773339 0.551411 0.358728 
v -0.778793 0.55118 0.345189 
v -0.783941 0.551103 0.331529 
v -0.788778 0.55118 0.317756 
v -0.793303 0.551411 0.303879 
v -0.797511 0.551795 0.289906 
v -0.801402 0.552333 0.275846 
v -0.804971 0.553024 0.261708 
v -0.808217 0.553867 0.247501 
v -0.811139 0.554862 0.233233 
v -0.813733 0.556009 0.218913 
v -0.815999 0.557307 0.20455 
v -0.817935 0.558755 0.190154 
v -0.81954 0.560352 0.175732 
v -0.820813 0.562096 0.161295 
v -0.821753 0.563988 0.14685 
v -0.822359 0.566026 0.132408 
v -0.655769 0.544261 0.507864 
v -0.664651 0.542123 0.496863 
v -0.67329 0.540127 0.485643 
v -0.681679 0.538274 0.474212 
v -0.689815 0.536565 0.462577 
v -0.697691 0.535001 0.450745 
v -0.705303 0.533583 0.438723 
v -0.712646 0.532311 0.426518 
v -0.719716 0.531188 0.414139 
v -0.726508 0.530213 0.401593 
v -0.733017 0.529387 0.388888 
v -0.739241 0.52871 0.376031 
v -0.745175 0.528183 0.363031 
v -0.750815 0.527807 0.349896 
v -0.756158 0.527581 0.336633 
v -0.7612 0.527505 0.323252 
v -0.765938 0.527581 0.309761 
v -0.77037 0.527807 0.296167 
v -0.774493 0.528183 0.282479 
v -0.778304 0.52871 0.268707 
v -0.7818 0.529387 0.254857 
v -0.784981 0.530213 0.24094 
v -0.787842 0.531188 0.226963 
v -0.790384 0.532311 0.212936 
v -0.792603 0.533583 0.198867 
v -0.7945 0.535001 0.184765 
v -0.796072 0.536565 0.170638 
v -0.797319 0.538274 0.156495 
v -0.79824 0.540127 0.142346 
v -0.822632 0.568208 0.117977 
v -0.798834 0.542123 0.128199 
v -0.634774 0.520183 0.495389 
v -0.643464 0.518092 0.484627 
v -0.651915 0.516139 0.47365 
v -0.660123 0.514326 0.462467 
v -0.668082 0.512654 0.451084 
v -0.675787 0.511123 0.439508 
v -0.683235 0.509736 0.427747 
v -0.690419 0.508492 0.415807 
v -0.697335 0.507393 0.403696 
v -0.70398 0.506439 0.391422 
v -0.710348 0.505631 0.378992 
v -0.716437 0.504969 0.366414 
v -0.722242 0.504454 0.353696 
v -0.72776 0.504085 0.340845 
v -0.732987 0.503864 0.32787 
v -0.73792 0.503791 0.314779 
v -0.742556 0.503864 0.30158 
v -0.746892 0.504085 0.288281 
v -0.750925 0.504454 0.27489 
v -0.754653 0.504969 0.261416 
v -0.758074 0.505631 0.247866 
v -0.761185 0.506439 0.234251 
v -0.763985 0.507393 0.220577 
v -0.766471 0.508492 0.206854 
v -0.768643 0.509736 0.19309 
v -0.770498 0.511123 0.179293 
v -0.772036 0.512654 0.165472 
v -0.773256 0.514326 0.151636 
v -0.774157 0.516139 0.137794 
v -0.799101 0.544261 0.114062 
v -0.774738 0.518092 0.123953 
v -0.613324 0.495977 0.482565 
v -0.621814 0.493934 0.47205 
v -0.630071 0.492026 0.461326 
v -0.63809 0.490255 0.4504 
v -0.645867 0.488621 0.439279 
v -0.653395 0.487126 0.427969 
v -0.660671 0.485771 0.416478 
v -0.667689 0.484555 0.404813 
v -0.674447 0.483482 0.392981 
v -0.680939 0.482549 0.380989 
v -0.687161 0.48176 0.368845 
v -0.69311 0.481113 0.356556 
v -0.698781 0.48061 0.34413 
v -0.704172 0.48025 0.331575 
v -0.709279 0.480034 0.318899 
v -0.714098 0.479962 0.306109 
v -0.718627 0.480034 0.293213 
v -0.722864 0.48025 0.28022 
v -0.726804 0.48061 0.267137 
v -0.730447 0.481113 0.253972 
v -0.733789 0.48176 0.240735 
v -0.736828 0.482549 0.227433 
v -0.739564 0.483482 0.214073 
v -0.741993 0.484555 0.200666 
v -0.744115 0.485771 0.187218 
v -0.745927 0.487126 0.173739 
v -0.74743 0.488621 0.160236 
v -0.748622 0.490255 0.146718 
v -0.749502 0.492026 0.133194 
v -0.774999 0.520183 0.110123 
v -0.75007 0.493934 0.119671 
v -0.591419 0.471647 0.469389 
v -0.599702 0.469654 0.459131 
v -0.607757 0.467793 0.448669 
v -0.615581 0.466065 0.43801 
v -0.623167 0.464471 0.42716 
v -0.630511 0.463012 0.416126 
v -0.63761 0.46169 0.404916 
v -0.644457 0.460505 0.393535 
v -0.651049 0.459457 0.381992 
v -0.657383 0.458548 0.370293 
v -0.663453 0.457777 0.358445 
v -0.669257 0.457146 0.346456 
v -0.67479 0.456655 0.334334 
v -0.680049 0.456304 0.322085 
v -0.685031 0.456093 0.309718 
v -0.689733 0.456023 0.29724 
v -0.694152 0.456093 0.284659 
v -0.698284 0.456304 0.271983 
v -0.702129 0.456655 0.25922 
v -0.705682 0.457146 0.246377 
v -0.708943 0.457777 0.233463 
v -0.711908 0.458548 0.220485 
v -0.714577 0.459457 0.207452 
v -0.716947 0.460505 0.194371 
v -0.719016 0.46169 0.181252 
v -0.720785 0.463012 0.168102 
v -0.722251 0.464471 0.154929 
v -0.723414 0.466065 0.141741 
v -0.724272 0.467793 0.128547 
v -0.750325 0.495977 0.106159 
v -0.724826 0.469654 0.115354 
v -0.569057 0.447198 0.45586 
v -0.577125 0.445256 0.445867 
v -0.584972 0.443443 0.435676 
v -0.592592 0.44176 0.425294 
v -0.599982 0.440207 0.414725 
v -0.607136 0.438787 0.403978 
v -0.61405 0.437498 0.393058 
v -0.62072 0.436344 0.381972 
v -0.627141 0.435323 0.370728 
v -0.633311 0.434437 0.359332 
v -0.639223 0.433687 0.347791 
v -0.644877 0.433072 0.336114 
v -0.650266 0.432594 0.324305 
v -0.655389 0.432252 0.312374 
v -0.660242 0.432047 0.300328 
v -0.664822 0.431978 0.288174 
v -0.669126 0.432047 0.275919 
v -0.673152 0.432252 0.263571 
v -0.676897 0.432594 0.251139 
v -0.680358 0.433072 0.238629 
v -0.683534 0.433687 0.226049 
v -0.686423 0.434437 0.213408 
v -0.689022 0.435323 0.200713 
v -0.69133 0.436344 0.187971 
v -0.693347 0.437498 0.175192 
v -0.695069 0.438787 0.162383 
v -0.696497 0.440207 0.149551 
v -0.69763 0.44176 0.136705 
v -0.698466 0.443443 0.123853 
v -0.725075 0.471647 0.102172 
v -0.699006 0.445256 0.111002 
v -0.546237 0.422633 0.441976 
v -0.554083 0.420744 0.432258 
v -0.561714 0.418981 0.422348 
v -0.569124 0.417344 0.412251 
v -0.57631 0.415835 0.401974 
v -0.583267 0.414453 0.391522 
v -0.589991 0.413201 0.380903 
v -0.596477 0.412078 0.370123 
v -0.602722 0.411085 0.359189 
v -0.608721 0.410224 0.348107 
v -0.614471 0.409494 0.336884 
v -0.619969 0.408896 0.325527 
v -0.62521 0.408431 0.314045 
v -0.630192 0.408099 0.302442 
v -0.634911 0.407899 0.290728 
v -0.639365 0.407833 0.278908 
v -0.643551 0.407899 0.266991 
v -0.647465 0.408099 0.254983 
v -0.651107 0.408431 0.242893 
v -0.654473 0.408896 0.230728 
v -0.657562 0.409494 0.218495 
v -0.660371 0.410224 0.206201 
v -0.662898 0.411085 0.193856 
v -0.665143 0.412078 0.181465 
v -0.667104 0.413201 0.169038 
v -0.668779 0.414453 0.156581 
v -0.670168 0.415835 0.144103 
v -0.671269 0.417344 0.131611 
v -0.672082 0.418981 0.119113 
v -0.699248 0.447198 0.0981619 
v -0.672607 0.420744 0.106617 
v -0.52296 0.397957 0.427736 
v -0.530576 0.396124 0.418303 
v -0.537983 0.394413 0.408683 
v -0.545177 0.392824 0.398882 
v -0.552153 0.391358 0.388906 
v -0.558906 0.390017 0.37876 
v -0.565433 0.388801 0.368452 
v -0.571729 0.387711 0.357987 
v -0.577791 0.386748 0.347373 
v -0.583615 0.385912 0.336615 
v -0.589196 0.385203 0.325721 
v -0.594533 0.384623 0.314698 
v -0.59962 0.384172 0.303551 
v -0.604456 0.383849 0.292288 
v -0.609037 0.383655 0.280917 
v -0.613361 0.383591 0.269443 
v -0.617424 0.383655 0.257875 
v -0.621224 0.383849 0.246219 
v -0.624759 0.384172 0.234483 
v -0.628027 0.384623 0.222674 
v -0.631025 0.385203 0.210799 
v -0.633751 0.385912 0.198866 
v -0.636205 0.386748 0.186882 
v -0.638384 0.387711 0.174854 
v -0.640287 0.388801 0.162791 
v -0.641914 0.390017 0.150699 
v -0.643262 0.391358 0.138586 
v -0.644331 0.392824 0.12646 
v -0.64512 0.394413 0.114328 
v -0.672843 0.422633 0.0941296 
v -0.64563 0.396124 0.102197 
v -0.499227 0.373177 0.41314 
v -0.506605 0.371401 0.404001 
v -0.513782 0.369743 0.394681 
v -0.520751 0.368204 0.385185 
v -0.527509 0.366784 0.375519 
v -0.534052 0.365484 0.36569 
v -0.540376 0.364306 0.355703 
v -0.546476 0.36325 0.345565 
v -0.552349 0.362317 0.335281 
v -0.557991 0.361507 0.324859 
v -0.563399 0.360821 0.314304 
v -0.568569 0.360259 0.303624 
v -0.573498 0.359821 0.292825 
v -0.578183 0.359508 0.281913 
v -0.582622 0.359321 0.270896 
v -0.58681 0.359258 0.25978 
v -0.590747 0.359321 0.248572 
v -0.594429 0.359508 0.237279 
v -0.597853 0.359821 0.225909 
v -0.601019 0.360259 0.214468 
v -0.603924 0.360821 0.202963 
v -0.606565 0.361507 0.191401 
v -0.608943 0.362317 0.179791 
v -0.611054 0.36325 0.168138 
v -0.612898 0.364306 0.15645 
v -0.614473 0.365484 0.144735 
v -0.615779 0.366784 0.133 
v -0.616815 0.368204 0.121252 
v -0.61758 0.369743 0.109497 
v -0.645859 0.397957 0.0900757 
v -0.618073 0.371401 0.0977449 
v -0.482171 0.346581 0.389352 
v -0.48911 0.344978 0.380341 
v -0.495848 0.34349 0.37116 
v -0.502382 0.342117 0.361816 
v -0.508707 0.340861 0.352312 
v -0.514821 0.339722 0.342657 
v -0.520719 0.338701 0.332855 
v -0.526397 0.337799 0.322913 
v -0.531851 0.337015 0.312836 
v -0.53708 0.336352 0.302632 
v -0.542078 0.335809 0.292306 
v -0.546844 0.335385 0.281866 
v -0.551373 0.335083 0.271316 
v -0.555665 0.334902 0.260664 
v -0.559714 0.334841 0.249917 
v -0.56352 0.334902 0.239082 
v -0.56708 0.335083 0.228164 
v -0.570391 0.335385 0.217171 
v -0.573451 0.335809 0.206109 
v -0.57626 0.336352 0.194986 
v -0.578814 0.337015 0.183809 
v -0.581112 0.337799 0.172584 
v -0.583153 0.338701 0.161318 
v -0.584936 0.339722 0.150018 
v -0.586459 0.340861 0.138692 
v -0.587722 0.342117 0.127346 
v -0.588723 0.34349 0.115987 
v -0.589463 0.344978 0.104623 
v -0.457277 0.321671 0.374356 
v -0.463969 0.320125 0.365664 
v -0.470469 0.318689 0.356809 
v -0.476772 0.317365 0.347795 
v -0.482873 0.316153 0.338628 
v -0.488771 0.315055 0.329314 
v -0.494459 0.31407 0.319859 
v -0.499936 0.3132 0.310269 
v -0.505198 0.312444 0.300549 
v -0.510241 0.311804 0.290706 
v -0.515063 0.31128 0.280746 
v -0.51966 0.310872 0.270675 
v -0.524029 0.31058 0.260499 
v -0.528168 0.310405 0.250224 
v -0.532075 0.310347 0.239857 
v -0.535746 0.310405 0.229405 
v -0.539179 0.31058 0.218874 
v -0.542373 0.310872 0.20827 
v -0.545326 0.31128 0.1976 
v -0.548034 0.311804 0.186871 
v -0.550498 0.312444 0.176089 
v -0.552715 0.3132 0.165261 
v -0.554684 0.31407 0.154394 
v -0.556403 0.315055 0.143494 
v -0.557873 0.316153 0.132569 
v -0.559091 0.317365 0.121625 
v -0.560057 0.318689 0.110668 
v -0.58994 0.346581 0.093261 
v -0.56077 0.320125 0.0997066 
v -0.431924 0.296679 0.359015 
v -0.438364 0.295191 0.350651 
v -0.444618 0.29381 0.342131 
v -0.450682 0.292535 0.333457 
v -0.456553 0.29137 0.324637 
v -0.462228 0.290312 0.315676 
v -0.467701 0.289365 0.306578 
v -0.472971 0.288527 0.29735 
v -0.478034 0.2878 0.287998 
v -0.482887 0.287185 0.278527 
v -0.487526 0.28668 0.268943 
v -0.491949 0.286288 0.259253 
v -0.496153 0.286007 0.249462 
v -0.500136 0.285838 0.239575 
v -0.503895 0.285782 0.229601 
v -0.507427 0.285838 0.219544 
v -0.510731 0.286007 0.20941 
v -0.513804 0.286288 0.199207 
v -0.516644 0.28668 0.188941 
v -0.519251 0.287185 0.178617 
v -0.521621 0.2878 0.168243 
v -0.523755 0.288527 0.157824 
v -0.525649 0.289365 0.147368 
v -0.527304 0.290312 0.136881 
v -0.528717 0.29137 0.126368 
v -0.529889 0.292535 0.115838 
v -0.530819 0.29381 0.105296 
v -0.56123 0.321671 0.0887464 
v -0.531505 0.295191 0.0947482 
v -0.406118 0.271612 0.343329 
v -0.412297 0.270184 0.335304 
v -0.418298 0.268859 0.327128 
v -0.424117 0.267636 0.318806 
v -0.429751 0.266517 0.310342 
v -0.435196 0.265503 0.301743 
v -0.440448 0.264594 0.293013 
v -0.445505 0.26379 0.284159 
v -0.450363 0.263093 0.275185 
v -0.45502 0.262502 0.266097 
v -0.459471 0.262018 0.2569 
v -0.463715 0.261641 0.247602 
v -0.46775 0.261372 0.238206 
v -0.471571 0.26121 0.22872 
v -0.475178 0.261156 0.219149 
v -0.478567 0.26121 0.209498 
v -0.481738 0.261372 0.199775 
v -0.484686 0.261641 0.189985 
v -0.487412 0.262018 0.180133 
v -0.489913 0.262502 0.170227 
v -0.492188 0.263093 0.160272 
v -0.494235 0.26379 0.150275 
v -0.496053 0.264594 0.140242 
v -0.49764 0.265503 0.130178 
v -0.498997 0.266517 0.120091 
v -0.500121 0.267636 0.109986 
v -0.501013 0.268859 0.0998703 
v -0.531948 0.296679 0.0842024 
v -0.501672 0.270184 0.0897495 
v -0.379863 0.24648 0.327302 
v -0.385775 0.245114 0.319625 
v -0.391515 0.243846 0.311803 
v -0.397082 0.242676 0.303841 
v -0.402472 0.241606 0.295745 
v -0.407681 0.240636 0.287518 
v -0.412706 0.239766 0.279167 
v -0.417543 0.238997 0.270696 
v -0.422191 0.23833 0.262111 
v -0.426645 0.237764 0.253417 
v -0.430904 0.237301 0.244619 
v -0.434964 0.236941 0.235723 
v -0.438824 0.236683 0.226735 
v -0.44248 0.236529 0.21766 
v -0.44593 0.236477 0.208503 
v -0.449173 0.236529 0.199271 
v -0.452205 0.236683 0.189969 
v -0.455027 0.236941 0.180603 
v -0.457634 0.237301 0.171179 
v -0.460027 0.237764 0.161702 
v -0.462203 0.23833 0.152178 
v -0.464161 0.238997 0.142614 
v -0.4659 0.239766 0.133016 
v -0.467419 0.240636 0.123389 
v -0.468717 0.241606 0.113738 
v -0.469793 0.242676 0.104072 
v -0.470646 0.243846 0.0943942 
v -0.502097 0.271612 0.0796301 
v -0.471276 0.245114 0.084712 
v -0.353166 0.221292 0.310937 
v -0.358802 0.21999 0.303617 
v -0.364276 0.218781 0.296159 
v -0.369584 0.217666 0.288568 
v -0.374722 0.216646 0.280848 
v -0.379689 0.21572 0.273004 
v -0.38448 0.214891 0.265042 
v -0.389092 0.214158 0.256965 
v -0.393523 0.213522 0.248779 
v -0.397771 0.212983 0.24049 
v -0.401831 0.212541 0.232102 
v -0.405702 0.212198 0.22362 
v -0.409382 0.211952 0.21505 
v -0.412868 0.211804 0.206398 
v -0.416158 0.211755 0.197667 
v -0.419249 0.211804 0.188865 
v -0.422141 0.211952 0.179996 
v -0.424831 0.212198 0.171065 
v -0.427317 0.212541 0.16208 
v -0.429598 0.212983 0.153044 
v -0.431673 0.213522 0.143964 
v -0.43354 0.214158 0.134845 
v -0.435198 0.214891 0.125693 
v -0.436647 0.21572 0.116514 
v -0.437884 0.216646 0.107313 
v -0.43891 0.217666 0.0980961 
v -0.439723 0.218781 0.088869 
v -0.471682 0.24648 0.0750312 
v -0.440324 0.21999 0.0796375 
v -0.326034 0.196061 0.294237 
v -0.331388 0.194824 0.287284 
v -0.336587 0.193675 0.280199 
v -0.341629 0.192616 0.272989 
v -0.34651 0.191647 0.265656 
v -0.351228 0.190768 0.258205 
v -0.355779 0.18998 0.250641 
v -0.36016 0.189284 0.242969 
v -0.364369 0.18868 0.235194 
v -0.368403 0.188168 0.22732 
v -0.372261 0.187748 0.219352 
v -0.375938 0.187422 0.211296 
v -0.379433 0.187188 0.203155 
v -0.382744 0.187048 0.194936 
v -0.385869 0.187002 0.186643 
v -0.388806 0.187048 0.178282 
v -0.391553 0.187188 0.169857 
v -0.394108 0.187422 0.161374 
v -0.396469 0.187748 0.152839 
v -0.398636 0.188168 0.144256 
v -0.400607 0.18868 0.135631 
v -0.402381 0.189284 0.126969 
v -0.403956 0.18998 0.118276 
v -0.405331 0.190768 0.109556 
v -0.406507 0.191647 0.100816 
v -0.407481 0.192616 0.0920615 
v -0.408254 0.193675 0.0832968 
v -0.440711 0.221292 0.0704072 
v -0.408824 0.194824 0.0745278 
v -0.298476 0.170797 0.277207 
v -0.303541 0.169627 0.27063 
v -0.308459 0.168541 0.263929 
v -0.313228 0.167539 0.257109 
v -0.317845 0.166622 0.250172 
v -0.322307 0.165791 0.243125 
v -0.326612 0.165046 0.23597 
v -0.330756 0.164387 0.228714 
v -0.334738 0.163815 0.221359 
v -0.338554 0.163331 0.213911 
v -0.342202 0.162934 0.206374 
v -0.34568 0.162626 0.198753 
v -0.348987 0.162405 0.191053 
v -0.352119 0.162272 0.183279 
v -0.355074 0.162228 0.175435 
v -0.357852 0.162272 0.167526 
v -0.36045 0.162405 0.159557 
v -0.362867 0.162626 0.151533 
v -0.365101 0.162934 0.143459 
v -0.367151 0.163331 0.135341 
v -0.369015 0.163815 0.127182 
v -0.370693 0.164387 0.118989 
v -0.372182 0.165046 0.110766 
v -0.373484 0.165791 0.102519 
v -0.374595 0.166622 0.0942516 
v -0.375517 0.167539 0.0859703 
v -0.376248 0.168541 0.0776798 
v -0.409193 0.196061 0.0657601 
v -0.376788 0.169627 0.0693853 
v -0.270505 0.145515 0.259854 
v -0.275272 0.144414 0.253663 
v -0.279902 0.143391 0.247355 
v -0.284391 0.142448 0.240934 
v -0.288738 0.141585 0.234404 
v -0.292939 0.140802 0.227769 
v -0.296991 0.140101 0.221034 
v -0.300892 0.139481 0.214203 
v -0.304641 0.138943 0.207279 
v -0.308233 0.138487 0.200268 
v -0.311668 0.138113 0.193173 
v -0.314942 0.137823 0.185999 
v -0.318054 0.137615 0.17875 
v -0.321003 0.13749 0.171431 
v -0.323786 0.137448 0.164046 
v -0.326401 0.13749 0.156601 
v -0.328846 0.137615 0.149099 
v -0.331122 0.137823 0.141546 
v -0.333225 0.138113 0.133945 
v -0.335154 0.138487 0.126302 
v -0.336909 0.138943 0.118622 
v -0.338488 0.139481 0.110909 
v -0.339891 0.140101 0.103168 
v -0.341116 0.140802 0.0954038 
v -0.342162 0.141585 0.0876214 
v -0.34303 0.142448 0.0798254 
v -0.343718 0.143391 0.0720208 
v -0.377136 0.170797 0.061092 
v -0.344226 0.144414 0.0642124 
v -0.242131 0.12023 0.242185 
v -0.246595 0.119198 0.236389 
v -0.25093 0.118241 0.230482 
v -0.255133 0.117358 0.224471 
v -0.259203 0.11655 0.218357 
v -0.263136 0.115817 0.212145 
v -0.26693 0.11516 0.20584 
v -0.270583 0.11458 0.199443 
v -0.274092 0.114076 0.192961 
v -0.277455 0.113649 0.186396 
v -0.280671 0.113299 0.179754 
v -0.283737 0.113027 0.173037 
v -0.286651 0.112833 0.16625 
v -0.289411 0.112716 0.159397 
v -0.292017 0.112677 0.152484 
v -0.294465 0.112716 0.145513 
v -0.296755 0.112833 0.138489 
v -0.298885 0.113027 0.131417 
v -0.300854 0.113299 0.124301 
v -0.302661 0.113649 0.117145 
v -0.304304 0.114076 0.109954 
v -0.305783 0.11458 0.102733 
v -0.307096 0.11516 0.0954849 
v -0.308243 0.115817 0.0882155 
v -0.309222 0.11655 0.080929 
v -0.310035 0.117358 0.0736299 
v -0.310679 0.118241 0.0663227 
v -0.344554 0.145515 0.0564051 
v -0.311155 0.119198 0.059012 
v -0.213372 0.0949571 0.22421 
v -0.217525 0.0939976 0.218817 
v -0.221558 0.0931067 0.213322 
v -0.225469 0.0922851 0.207728 
v -0.229255 0.0915332 0.20204 
v -0.232914 0.0908514 0.196261 
v -0.236444 0.0902403 0.190394 
v -0.239843 0.0897002 0.184443 
v -0.243108 0.0892315 0.178412 
v -0.246237 0.0888343 0.172304 
v -0.249229 0.088509 0.166124 
v -0.252081 0.0882558 0.159875 
v -0.254793 0.0880749 0.15356 
v -0.257361 0.0879662 0.147185 
v -0.259785 0.08793 0.140752 
v -0.262063 0.0879662 0.134266 
v -0.264194 0.0880749 0.127732 
v -0.266175 0.0882558 0.121152 
v -0.268007 0.088509 0.114531 
v -0.269688 0.0888343 0.107873 
v -0.271217 0.0892315 0.101183 
v -0.272593 0.0897002 0.0944643 
v -0.273814 0.0902403 0.0877212 
v -0.274881 0.0908514 0.0809578 
v -0.275793 0.0915332 0.0741785 
v -0.276549 0.0922851 0.0673875 
v -0.277148 0.0931067 0.060589 
v -0.311462 0.12023 0.0517022 
v -0.277591 0.0939976 0.0537871 
v -0.184245 0.0697156 0.205938 
v -0.18808 0.0688295 0.200957 
v -0.191805 0.0680067 0.195882 
v -0.195417 0.0672479 0.190716 
v -0.198914 0.0665534 0.185463 
v -0.202293 0.0659238 0.180126 
v -0.205554 0.0653594 0.174707 
v -0.208692 0.0648606 0.169211 
v -0.211708 0.0644277 0.163641 
v -0.214598 0.0640609 0.158 
v -0.217361 0.0637605 0.152292 
v -0.219995 0.0635266 0.14652 
v -0.222499 0.0633595 0.140689 
v -0.224872 0.0632591 0.1348 
v -0.22711 0.0632257 0.128859 
v -0.229214 0.0632591 0.122869 
v -0.231182 0.0633595 0.116834 
v -0.233012 0.0635266 0.110757 
v -0.234704 0.0637605 0.104643 
v -0.236256 0.0640609 0.0984938 
v -0.237668 0.0644277 0.0923149 
v -0.238939 0.0648606 0.0861096 
v -0.240067 0.0653594 0.0798818 
v -0.241053 0.0659238 0.0736354 
v -0.241895 0.0665534 0.0673743 
v -0.242593 0.0672479 0.0611023 
v -0.243146 0.0680067 0.0548234 
v -0.277876 0.0949571 0.0469862 
v -0.243555 0.0688295 0.0485415 
v -0.243819 0.0697156 0.0422604 
v -0.618295 0.373177 0.0860013 
v -0.845534 0.594392 0.107172 
v -0.990302 0.760226 0.115673 
v -1.09315 0.897526 0.118008 
v -1.16456 1.0087 0.115775 
v -1.22387 1.11644 0.112941 
v -1.14541 1.20959 0.679548 
v -1.13476 1.21183 0.694783 
v -1.12377 1.21426 0.709751 
v -1.11246 1.21687 0.724441 
v -1.18456 1.20255 0.616122 
v -1.1753 1.20402 0.632332 
v -1.16569 1.20569 0.648312 
v -1.15572 1.20754 0.664054 
v -1.27709 1.20402 0.352664 
v -1.27377 1.20255 0.371032 
v -1.22528 1.19812 0.532001 
v -1.2179 1.19862 0.5492 
v -1.21013 1.19931 0.566223 
v -1.20198 1.20019 0.583058 
v -1.19345 1.20127 0.599694 
v -1.28851 1.21967 0.223197 
v -1.28816 1.21687 0.241708 
v -1.28248 1.20754 0.315776 
v -1.28 1.20569 0.334242 
v -1.27002 1.20127 0.389333 
v -1.26586 1.20019 0.407557 
v -1.26128 1.19931 0.425691 
v -1.25629 1.19862 0.443725 
v -1.25089 1.19812 0.461648 
v -1.23888 1.19773 0.497114 
v -1.23228 1.19783 0.514635 
v -1.10083 1.21967 0.738846 
v -1.08889 1.22265 0.752956 
v -1.07664 1.22582 0.766762 
v -1.06409 1.22916 0.780256 
v -1.05126 1.23268 0.793429 
v -1.03815 1.23638 0.806273 
v -1.28738 1.21426 0.260233 
v -1.28618 1.21183 0.27876 
v -1.28454 1.20959 0.297278 
v -1.24509 1.19783 0.479447 
v -1.28383 1.23638 0.131256 
v -1.28562 1.23268 0.149525 
v -1.28699 1.22916 0.167864 
v -1.28792 1.22582 0.186264 
v -1.28843 1.22265 0.204712 
v -1.28162 1.24025 0.113071 
v -1.27275 1.22041 0.10993 
v -1.26355 1.20059 0.106838 
v -1.26102 1.19522 0.106105 
v -1.2547 1.18061 0.107126 
v -1.26101 1.19524 0.106011 
v -1.24815 1.16592 0.108097 
v -1.25438 1.17989 0.107174 
v -1.24135 1.15115 0.10902 
v -1.24489 1.15884 0.108539 
v -1.23353 1.13467 0.109984 
v -1.22546 1.11819 0.11088 
v -1.23496 1.13768 0.109808 
v -1.21713 1.10168 0.11171 
v -1.21986 1.10709 0.111438 
v -1.20854 1.08516 0.112474 
v -1.21367 1.09503 0.112018 
v -1.1997 1.06862 0.113172 
v -1.1906 1.05206 0.113804 
v -1.20233 1.07354 0.112964 
v -1.19052 1.05192 0.113809 
v -1.18125 1.03549 0.11437 
v -1.17164 1.01889 0.114872 
v -1.17819 1.0302 0.11453 
v -1.16177 1.00226 0.115308 
v -1.16371 1.00553 0.115222 
v -1.15165 0.985619 0.115679 
v -1.14127 0.96895 0.115984 
v -1.15212 0.986388 0.115661 
v -1.13064 0.952256 0.116226 
v -1.13832 0.964312 0.116051 
v -1.11975 0.935538 0.116402 
v -1.12403 0.942107 0.116333 
v -1.1086 0.918793 0.116514 
v -1.0972 0.902022 0.116561 
v -1.10925 0.919766 0.116507 
v -1.08554 0.885223 0.116543 
v -1.08729 0.887754 0.116545 
v -1.07362 0.868398 0.11646 
v -1.07811 0.874741 0.116491 
v -1.06144 0.851544 0.116313 
v -1.04901 0.834661 0.116101 
v -1.06179 0.852024 0.116317 
v -1.03631 0.81775 0.115824 
v -1.04491 0.829204 0.116012 
v -1.02336 0.800809 0.115483 
v -1.01015 0.78384 0.115076 
v -1.02752 0.806246 0.115592 
v -0.996671 0.76684 0.114605 
v -1.0096 0.783153 0.115057 
v -0.991119 0.759956 0.114388 
v -0.982936 0.74981 0.114068 
v -0.982544 0.74933 0.114051 
v -0.977135 0.742705 0.113825 
v -0.961773 0.724126 0.113137 
v -0.972107 0.736624 0.1136 
v -0.946127 0.705542 0.112373 
v -0.952546 0.713166 0.112686 
v -0.930198 0.686954 0.111533 
v -0.913985 0.66836 0.110617 
v -0.932445 0.689575 0.111651 
v -0.911777 0.66587 0.110484 
v -0.89749 0.64976 0.109626 
v -0.880712 0.631155 0.108559 
v -0.890539 0.642052 0.109184 
v -0.863651 0.612543 0.107417 
v -0.868748 0.618104 0.107758 
v -0.846401 0.594025 0.106206 
v -0.846309 0.593926 0.106199 
v -0.836191 0.583234 0.105457 
v -0.828686 0.575302 0.104907 
v -0.810781 0.556672 0.103539 
v -0.823455 0.569859 0.104507 
v -0.792596 0.538035 0.102096 
v -0.799946 0.545568 0.102679 
v -0.77413 0.519393 0.100579 
v -0.755384 0.500746 0.0989864 
v -0.775873 0.521153 0.100722 
v -0.751205 0.496648 0.0986202 
v -0.736359 0.482093 0.0973192 
v -0.717055 0.463435 0.0955773 
v -0.725958 0.47204 0.0963807 
v -0.697473 0.444773 0.0937607 
v -0.677612 0.426107 0.0918695 
v -0.700143 0.447318 0.0940084 
v -0.657474 0.407438 0.0899036 
v -0.673734 0.422512 0.0914909 
v -0.646741 0.397621 0.0888308 
v -0.637059 0.388766 0.0878631 
v -0.627525 0.380132 0.0868944 
v -0.62171 0.374917 0.0862936 
v -0.605434 0.360324 0.084612 
v -0.619171 0.372641 0.0860312 
v -0.583062 0.340541 0.0822489 
v -0.591022 0.34758 0.0830897 
v -0.560411 0.320785 0.0798054 
v -0.537485 0.301056 0.0772819 
v -0.562306 0.322437 0.0800098 
v -0.533001 0.297248 0.0767788 
v -0.514284 0.281355 0.0746787 
v -0.490812 0.261686 0.0719963 
v -0.503126 0.272005 0.0734036 
v -0.467072 0.242049 0.0692351 
v -0.443067 0.222446 0.0663954 
v -0.472698 0.246702 0.0698894 
v -0.441717 0.221358 0.0662331 
v -0.418799 0.202881 0.0634778 
v -0.394273 0.183354 0.0604826 
v -0.410172 0.196012 0.0624242 
v -0.369492 0.16387 0.0574105 
v -0.3781 0.170639 0.0584777 
v -0.344459 0.144431 0.0542619 
v -0.31918 0.12504 0.0510374 
v -0.345516 0.145252 0.0543949 
v -0.293659 0.1057 0.0477377 
v -0.312405 0.119905 0.0501614 
v -0.267902 0.0864164 0.0443634 
v -0.278809 0.0945822 0.0457922 
v -0.241913 0.0671927 0.0409152 
v -0.244754 0.0692939 0.0412921 
v -1.09393 0.89732 0.116556 
v -1.16539 1.00836 0.115148 
v -1.22456 1.11641 0.11097 
v -0.188761 0.0682628 0.201566 
v -0.192502 0.0674366 0.196469 
v -0.196129 0.0666746 0.191282 
v -0.19964 0.0659772 0.186007 
v -0.203034 0.065345 0.180647 
v -0.206308 0.0647782 0.175206 
v -0.20946 0.0642773 0.169687 
v -0.212488 0.0638426 0.164093 
v -0.21539 0.0634743 0.158429 
v -0.218165 0.0631726 0.152697 
v -0.22081 0.0629378 0.146901 
v -0.223324 0.0627699 0.141045 
v -0.225706 0.0626692 0.135132 
v -0.227954 0.0626356 0.129167 
v -0.230067 0.0626692 0.123152 
v -0.232043 0.0627699 0.117091 
v -0.233881 0.0629378 0.110989 
v -0.23558 0.0631726 0.104849 
v -0.237139 0.0634743 0.0986742 
v -0.238557 0.0638426 0.0924695 
v -0.239832 0.0642773 0.0862383 
v -0.240965 0.0647782 0.0799845 
v -0.241955 0.065345 0.073712 
v -0.242801 0.0659772 0.0674248 
v -0.243502 0.0666746 0.0611266 
v -0.244057 0.0674366 0.0548214 
v -0.244468 0.0682628 0.0485132 
v -0.244733 0.0691526 0.0422059 
v -0.218206 0.0934338 0.219424 
v -0.18491 0.0691526 0.206568 
v -0.222254 0.0925395 0.213908 
v -0.22618 0.0917147 0.208293 
v -0.229981 0.0909599 0.202583 
v -0.233655 0.0902756 0.196782 
v -0.237198 0.0896621 0.190892 
v -0.24061 0.0891199 0.184918 
v -0.243887 0.0886494 0.178864 
v -0.247029 0.0882507 0.172733 
v -0.250032 0.0879242 0.166529 
v -0.252895 0.08767 0.160255 
v -0.255617 0.0874883 0.153917 
v -0.258195 0.0873793 0.147517 
v -0.260629 0.0873429 0.141059 
v -0.262915 0.0873793 0.134549 
v -0.265054 0.0874883 0.127989 
v -0.267044 0.08767 0.121383 
v -0.268883 0.0879242 0.114737 
v -0.27057 0.0882507 0.108054 
v -0.272105 0.0886494 0.101338 
v -0.273485 0.0891199 0.0945931 
v -0.274712 0.0896621 0.087824 
v -0.275783 0.0902756 0.0810346 
v -0.276698 0.0909599 0.0742292 
v -0.277457 0.0917147 0.067412 
v -0.278059 0.0925395 0.0605873 
v -0.278503 0.0934338 0.0537593 
v -0.27879 0.094397 0.0469321 
v -0.247275 0.118637 0.236995 
v -0.214037 0.094397 0.224838 
v -0.251625 0.117676 0.231068 
v -0.255844 0.11679 0.225035 
v -0.259928 0.115979 0.218899 
v -0.263875 0.115244 0.212665 
v -0.267683 0.114585 0.206337 
v -0.271349 0.114002 0.199918 
v -0.27487 0.113496 0.193412 
v -0.278246 0.113068 0.186824 
v -0.281473 0.112717 0.180158 
v -0.28455 0.112444 0.173417 
v -0.287474 0.112249 0.166606 
v -0.290245 0.112132 0.159729 
v -0.292859 0.112092 0.15279 
v -0.295316 0.112132 0.145794 
v -0.297615 0.112249 0.138746 
v -0.299752 0.112444 0.131648 
v -0.301728 0.112717 0.124507 
v -0.303541 0.113068 0.117325 
v -0.30519 0.113496 0.110109 
v -0.306674 0.114002 0.102861 
v -0.307992 0.114585 0.0955877 
v -0.309143 0.115244 0.0882924 
v -0.310126 0.115979 0.0809798 
v -0.310942 0.11679 0.0736546 
v -0.311588 0.117676 0.0663213 
v -0.312066 0.118637 0.0589844 
v -0.312374 0.119672 0.0516485 
v -0.275951 0.143855 0.254268 
v -0.242796 0.119672 0.242813 
v -0.280596 0.142829 0.247939 
v -0.285101 0.141882 0.241497 
v -0.289462 0.141016 0.234945 
v -0.293677 0.140231 0.228288 
v -0.297743 0.139527 0.221531 
v -0.301657 0.138905 0.214676 
v -0.305418 0.138365 0.20773 
v -0.309022 0.137908 0.200695 
v -0.312468 0.137533 0.193576 
v -0.315754 0.137242 0.186378 
v -0.318876 0.137033 0.179105 
v -0.321835 0.136908 0.171762 
v -0.324627 0.136866 0.164353 
v -0.32725 0.136908 0.156882 
v -0.329704 0.137033 0.149355 
v -0.331987 0.137242 0.141777 
v -0.334097 0.137533 0.134151 
v -0.336033 0.137908 0.126482 
v -0.337794 0.138365 0.118776 
v -0.339379 0.138905 0.111038 
v -0.340786 0.139527 0.103271 
v -0.342015 0.140231 0.0954807 
v -0.343065 0.141016 0.0876722 
v -0.343935 0.141882 0.0798502 
v -0.344626 0.142829 0.0720195 
v -0.345136 0.143855 0.0641851 
v -0.345465 0.14496 0.0563517 
v -0.304218 0.16907 0.271234 
v -0.271168 0.14496 0.26048 
v -0.309152 0.167981 0.264512 
v -0.313936 0.166976 0.25767 
v -0.318568 0.166056 0.250712 
v -0.323044 0.165222 0.243643 
v -0.327362 0.164474 0.236466 
v -0.331519 0.163814 0.229186 
v -0.335513 0.16324 0.221809 
v -0.339341 0.162754 0.214337 
v -0.343001 0.162356 0.206777 
v -0.34649 0.162047 0.199132 
v -0.349807 0.161825 0.191408 
v -0.352949 0.161692 0.183609 
v -0.355914 0.161648 0.17574 
v -0.3587 0.161692 0.167806 
v -0.361307 0.161825 0.159813 
v -0.363731 0.162047 0.151764 
v -0.365972 0.162356 0.143665 
v -0.368028 0.162754 0.135521 
v -0.369898 0.16324 0.127336 
v -0.371581 0.163814 0.119118 
v -0.373076 0.164474 0.110869 
v -0.374381 0.165222 0.102595 
v -0.375496 0.166056 0.0943025 
v -0.376421 0.166976 0.0859952 
v -0.377154 0.167981 0.0776787 
v -0.377695 0.16907 0.0693582 
v -0.378045 0.170244 0.0610388 
v -0.332064 0.194269 0.287886 
v -0.299138 0.170244 0.277832 
v -0.337279 0.193117 0.280781 
v -0.342336 0.192054 0.273549 
v -0.347231 0.191082 0.266194 
v -0.351963 0.190201 0.258722 
v -0.356527 0.189411 0.251136 
v -0.360921 0.188712 0.243441 
v -0.365143 0.188106 0.235643 
v -0.369189 0.187593 0.227745 
v -0.373058 0.187172 0.219754 
v -0.376746 0.186845 0.211673 
v -0.380252 0.186611 0.203509 
v -0.383573 0.18647 0.195265 
v -0.386707 0.186423 0.186948 
v -0.389652 0.18647 0.178562 
v -0.392407 0.186611 0.170112 
v -0.39497 0.186845 0.161604 
v -0.397338 0.187172 0.153044 
v -0.399512 0.187593 0.144435 
v -0.401488 0.188106 0.135785 
v -0.403267 0.188712 0.127097 
v -0.404847 0.189411 0.118378 
v -0.406226 0.190201 0.109633 
v -0.407405 0.191082 0.100867 
v -0.408383 0.192054 0.0920863 
v -0.409158 0.193117 0.0832957 
v -0.40973 0.194269 0.0745008 
v -0.410099 0.195509 0.0657071 
v -0.359477 0.219437 0.304218 
v -0.326694 0.195509 0.29486 
v -0.364966 0.218224 0.296739 
v -0.370289 0.217106 0.289127 
v -0.375442 0.216083 0.281385 
v -0.380422 0.215155 0.27352 
v -0.385226 0.214323 0.265535 
v -0.389852 0.213588 0.257435 
v -0.394295 0.21295 0.249227 
v -0.398555 0.212409 0.240914 
v -0.402626 0.211967 0.232503 
v -0.406509 0.211622 0.223997 
v -0.410199 0.211376 0.215403 
v -0.413694 0.211228 0.206726 
v -0.416993 0.211179 0.197971 
v -0.420094 0.211228 0.189144 
v -0.422993 0.211376 0.18025 
v -0.425691 0.211622 0.171295 
v -0.428184 0.211967 0.162284 
v -0.430472 0.212409 0.153223 
v -0.432552 0.21295 0.144117 
v -0.434425 0.213588 0.134973 
v -0.436087 0.214323 0.125795 
v -0.43754 0.215155 0.11659 
v -0.43878 0.216083 0.107364 
v -0.439809 0.217106 0.0981209 
v -0.440625 0.218224 0.088868 
v -0.441227 0.219437 0.0796105 
v -0.441616 0.220743 0.0703544 
v -0.386447 0.244562 0.320225 
v -0.353825 0.220743 0.311559 
v -0.392204 0.243291 0.312382 
v -0.397786 0.242118 0.304399 
v -0.403189 0.241045 0.296281 
v -0.408412 0.240072 0.288032 
v -0.41345 0.2392 0.279659 
v -0.418301 0.238429 0.271165 
v -0.422961 0.23776 0.262557 
v -0.427427 0.237193 0.25384 
v -0.431697 0.236728 0.245019 
v -0.435769 0.236367 0.236099 
v -0.439638 0.236109 0.227087 
v -0.443304 0.235954 0.217988 
v -0.446764 0.235902 0.208807 
v -0.450015 0.235954 0.19955 
v -0.453056 0.236109 0.190223 
v -0.455884 0.236367 0.180832 
v -0.458499 0.236728 0.171382 
v -0.460898 0.237193 0.16188 
v -0.46308 0.23776 0.152332 
v -0.465043 0.238429 0.142742 
v -0.466787 0.2392 0.133118 
v -0.46831 0.240072 0.123465 
v -0.469611 0.241045 0.113789 
v -0.47069 0.242118 0.104096 
v -0.471545 0.243291 0.0943932 
v -0.472177 0.244562 0.0846852 
v -0.472585 0.245932 0.0749785 
v -0.412968 0.269634 0.335903 
v -0.38052 0.245932 0.327923 
v -0.418985 0.268305 0.327705 
v -0.424819 0.267079 0.319362 
v -0.430467 0.265958 0.310877 
v -0.435925 0.264941 0.302256 
v -0.441191 0.264029 0.293504 
v -0.446261 0.263223 0.284627 
v -0.451131 0.262524 0.27563 
v -0.4558 0.261932 0.266519 
v -0.460263 0.261446 0.257299 
v -0.464518 0.261069 0.247977 
v -0.468562 0.260799 0.238557 
v -0.472393 0.260637 0.229047 
v -0.476009 0.260583 0.219451 
v -0.479407 0.260637 0.209776 
v -0.482586 0.260799 0.200028 
v -0.485542 0.261069 0.190213 
v -0.488275 0.261446 0.180336 
v -0.490782 0.261932 0.170405 
v -0.493063 0.262524 0.160425 
v -0.495115 0.263223 0.150402 
v -0.496937 0.264029 0.140343 
v -0.498529 0.264941 0.130254 
v -0.499889 0.265958 0.120141 
v -0.501016 0.267079 0.110011 
v -0.50191 0.268305 0.0998693 
v -0.502571 0.269634 0.0897227 
v -0.502997 0.271065 0.0795776 
v -0.439033 0.294642 0.351248 
v -0.406774 0.271065 0.343948 
v -0.445303 0.293257 0.342706 
v -0.451382 0.29198 0.334012 
v -0.457267 0.290811 0.325171 
v -0.462955 0.289752 0.316187 
v -0.468442 0.288802 0.307067 
v -0.473725 0.287962 0.297817 
v -0.4788 0.287233 0.288442 
v -0.483665 0.286616 0.278948 
v -0.488315 0.28611 0.269341 
v -0.492749 0.285717 0.259627 
v -0.496964 0.285436 0.249812 
v -0.500956 0.285267 0.239902 
v -0.504724 0.28521 0.229903 
v -0.508265 0.285267 0.219821 
v -0.511576 0.285436 0.209663 
v -0.514657 0.285717 0.199435 
v -0.517505 0.28611 0.189144 
v -0.520117 0.286616 0.178795 
v -0.522494 0.287233 0.168395 
v -0.524632 0.287962 0.157951 
v -0.526531 0.288802 0.14747 
v -0.52819 0.289752 0.136957 
v -0.529607 0.290811 0.126419 
v -0.530782 0.29198 0.115862 
v -0.531713 0.293257 0.105295 
v -0.532401 0.294642 0.0947215 
v -0.532845 0.296133 0.08415 
v -0.464637 0.319578 0.366259 
v -0.432578 0.296133 0.359632 
v -0.471152 0.318139 0.357383 
v -0.477469 0.316811 0.348348 
v -0.483586 0.315597 0.33916 
v -0.489497 0.314495 0.329824 
v -0.495199 0.313508 0.320347 
v -0.500688 0.312636 0.310735 
v -0.505963 0.311879 0.300992 
v -0.511018 0.311237 0.291126 
v -0.51585 0.310712 0.281143 
v -0.520458 0.310303 0.271048 
v -0.524838 0.31001 0.260848 
v -0.528986 0.309835 0.250549 
v -0.532902 0.309776 0.240159 
v -0.536581 0.309835 0.229682 
v -0.540023 0.31001 0.219126 
v -0.543224 0.310303 0.208497 
v -0.546184 0.310712 0.197802 
v -0.548899 0.311237 0.187048 
v -0.551368 0.311879 0.176241 
v -0.55359 0.312636 0.165388 
v -0.555564 0.313508 0.154495 
v -0.557288 0.314495 0.14357 
v -0.55876 0.315597 0.132619 
v -0.559981 0.316811 0.121649 
v -0.560949 0.318139 0.110667 
v -0.561664 0.319578 0.09968 
v -0.562126 0.321128 0.0886942 
v -0.489776 0.344432 0.380935 
v -0.457929 0.321128 0.374972 
v -0.496529 0.342941 0.371733 
v -0.503078 0.341565 0.362368 
v -0.509418 0.340306 0.352843 
v -0.515545 0.339164 0.343166 
v -0.521456 0.338141 0.333342 
v -0.527147 0.337237 0.323377 
v -0.532614 0.336452 0.313278 
v -0.537854 0.335787 0.303051 
v -0.542864 0.335242 0.292702 
v -0.54764 0.334818 0.282238 
v -0.55218 0.334515 0.271665 
v -0.556481 0.334333 0.260989 
v -0.560539 0.334272 0.250218 
v -0.564354 0.334333 0.239358 
v -0.567921 0.334515 0.228415 
v -0.57124 0.334818 0.217398 
v -0.574307 0.335242 0.206311 
v -0.577122 0.335787 0.195163 
v -0.579682 0.336452 0.18396 
v -0.581985 0.337237 0.17271 
v -0.584031 0.338141 0.161419 
v -0.585818 0.339164 0.150094 
v -0.587344 0.340306 0.138742 
v -0.58861 0.341565 0.12737 
v -0.589614 0.342941 0.115986 
v -0.590355 0.344432 0.104597 
v -0.590833 0.346039 0.0932089 
v -0.514447 0.369199 0.395273 
v -0.482822 0.346039 0.389966 
v -0.521431 0.367656 0.385757 
v -0.528204 0.366233 0.37607 
v -0.534761 0.364931 0.36622 
v -0.541098 0.36375 0.356211 
v -0.547212 0.362692 0.34605 
v -0.553097 0.361757 0.335745 
v -0.558752 0.360945 0.3253 
v -0.564171 0.360257 0.314722 
v -0.569353 0.359694 0.304019 
v -0.574293 0.359255 0.293196 
v -0.578988 0.358942 0.282261 
v -0.583436 0.358754 0.271219 
v -0.587634 0.358691 0.260079 
v -0.591579 0.358754 0.248847 
v -0.595268 0.358942 0.23753 
v -0.598701 0.359255 0.226135 
v -0.601873 0.359694 0.214669 
v -0.604784 0.360257 0.203139 
v -0.607432 0.360945 0.191553 
v -0.609814 0.361757 0.179917 
v -0.61193 0.362692 0.168239 
v -0.613778 0.36375 0.156526 
v -0.615357 0.364931 0.144785 
v -0.616666 0.366233 0.133025 
v -0.617704 0.367656 0.121251 
v -0.61847 0.369199 0.109471 
v -0.618965 0.370861 0.097693 
v -0.538647 0.39387 0.409274 
v -0.507255 0.370861 0.404614 
v -0.545856 0.392278 0.399453 
v -0.552846 0.390809 0.389455 
v -0.559614 0.389465 0.379288 
v -0.566154 0.388247 0.368959 
v -0.572464 0.387155 0.358472 
v -0.578538 0.386189 0.347836 
v -0.584374 0.385351 0.337055 
v -0.589967 0.384642 0.326139 
v -0.595315 0.38406 0.315092 
v -0.600413 0.383608 0.303922 
v -0.605259 0.383284 0.292635 
v -0.60985 0.38309 0.28124 
v -0.614183 0.383025 0.269742 
v -0.618254 0.38309 0.25815 
v -0.622062 0.383284 0.24647 
v -0.625605 0.383608 0.234709 
v -0.628879 0.38406 0.222875 
v -0.631883 0.384642 0.210975 
v -0.634616 0.385351 0.199017 
v -0.637075 0.386189 0.187008 
v -0.639258 0.387155 0.174955 
v -0.641166 0.388247 0.162866 
v -0.642795 0.389465 0.150749 
v -0.644146 0.390809 0.138611 
v -0.645217 0.392278 0.126459 
v -0.646009 0.39387 0.114301 
v -0.646519 0.395585 0.102145 
v -0.55473 0.420207 0.432869 
v -0.531224 0.395585 0.418914 
v -0.523592 0.397422 0.428367 
v -0.562376 0.418441 0.422938 
v -0.569802 0.4168 0.412821 
v -0.577002 0.415288 0.402523 
v -0.583974 0.413903 0.39205 
v -0.590711 0.412648 0.381409 
v -0.59721 0.411523 0.370607 
v -0.603468 0.410528 0.35965 
v -0.609479 0.409665 0.348546 
v -0.615241 0.408934 0.3373 
v -0.62075 0.408335 0.325921 
v -0.626001 0.407869 0.314415 
v -0.630993 0.407536 0.302789 
v -0.635722 0.407336 0.29105 
v -0.640185 0.407269 0.279206 
v -0.644379 0.407336 0.267265 
v -0.648302 0.407536 0.255233 
v -0.651951 0.407869 0.243118 
v -0.655324 0.408335 0.230928 
v -0.658419 0.408934 0.21867 
v -0.661233 0.409665 0.206352 
v -0.663766 0.410528 0.193982 
v -0.666016 0.411523 0.181566 
v -0.66798 0.412648 0.169113 
v -0.669659 0.413903 0.156631 
v -0.67105 0.415288 0.144128 
v -0.672154 0.4168 0.13161 
v -0.672969 0.418441 0.119087 
v -0.673495 0.420207 0.106565 
v -0.673731 0.422099 0.0940527 
v -0.646748 0.397422 0.0899986 
v -0.577771 0.444721 0.446476 
v -0.546868 0.422099 0.442605 
v -0.585633 0.442904 0.436265 
v -0.593269 0.441218 0.425862 
v -0.600673 0.439662 0.415273 
v -0.607841 0.438239 0.404504 
v -0.614769 0.436948 0.393563 
v -0.621452 0.435791 0.382455 
v -0.627886 0.434768 0.371189 
v -0.634067 0.433881 0.35977 
v -0.639992 0.433129 0.348207 
v -0.645656 0.432513 0.336506 
v -0.651056 0.432034 0.324675 
v -0.656189 0.431691 0.31272 
v -0.661052 0.431486 0.30065 
v -0.665641 0.431417 0.288472 
v -0.669954 0.431486 0.276193 
v -0.673987 0.431691 0.263821 
v -0.677739 0.432034 0.251364 
v -0.681208 0.432513 0.238829 
v -0.68439 0.433129 0.226225 
v -0.687284 0.433881 0.213559 
v -0.689889 0.434768 0.200838 
v -0.692202 0.435791 0.188072 
v -0.694222 0.436948 0.175267 
v -0.695948 0.438239 0.162433 
v -0.697379 0.439662 0.149576 
v -0.698513 0.441218 0.136704 
v -0.699351 0.442904 0.123827 
v -0.699892 0.444721 0.110951 
v -0.700135 0.446666 0.0980853 
v -0.600347 0.469121 0.459739 
v -0.569687 0.446666 0.456488 
v -0.608418 0.467256 0.449257 
v -0.616256 0.465525 0.438577 
v -0.623857 0.463928 0.427706 
v -0.631216 0.462466 0.416652 
v -0.638327 0.461142 0.40542 
v -0.645188 0.459954 0.394017 
v -0.651793 0.458904 0.382452 
v -0.658139 0.457993 0.37073 
v -0.66422 0.457221 0.35886 
v -0.670035 0.456589 0.346848 
v -0.675579 0.456097 0.334702 
v -0.680848 0.455745 0.32243 
v -0.68584 0.455534 0.31004 
v -0.690551 0.455464 0.297538 
v -0.694978 0.455534 0.284933 
v -0.699119 0.455745 0.272233 
v -0.70297 0.456097 0.259445 
v -0.706531 0.456589 0.246577 
v -0.709798 0.457221 0.233638 
v -0.712769 0.457993 0.220635 
v -0.715442 0.458904 0.207577 
v -0.717817 0.459954 0.194472 
v -0.71989 0.461142 0.181327 
v -0.721662 0.462466 0.168152 
v -0.723131 0.463928 0.154953 
v -0.724296 0.465525 0.14174 
v -0.725156 0.467256 0.128521 
v -0.725711 0.469121 0.115303 
v -0.725961 0.471118 0.102096 
v -0.622459 0.493403 0.472657 
v -0.592048 0.471118 0.470017 
v -0.630731 0.491492 0.461913 
v -0.638766 0.489717 0.450967 
v -0.646556 0.48808 0.439825 
v -0.654098 0.486582 0.428494 
v -0.661388 0.485224 0.416982 
v -0.66842 0.484007 0.405295 
v -0.67519 0.482931 0.39344 
v -0.681694 0.481997 0.381426 
v -0.687927 0.481206 0.369259 
v -0.693887 0.480558 0.356947 
v -0.699569 0.480054 0.344498 
v -0.70497 0.479693 0.33192 
v -0.710087 0.479477 0.31922 
v -0.714915 0.479405 0.306406 
v -0.719453 0.479477 0.293486 
v -0.723697 0.479693 0.280469 
v -0.727645 0.480054 0.267361 
v -0.731294 0.480558 0.254173 
v -0.734643 0.481206 0.24091 
v -0.737688 0.481997 0.227583 
v -0.740428 0.482931 0.214199 
v -0.742862 0.484007 0.200766 
v -0.744988 0.485224 0.187293 
v -0.746804 0.486582 0.173789 
v -0.748309 0.48808 0.160261 
v -0.749503 0.489717 0.146718 
v -0.750385 0.491492 0.133168 
v -0.750954 0.493403 0.119621 
v -0.751209 0.49545 0.106083 
v -0.644108 0.517563 0.485233 
v -0.613953 0.49545 0.483192 
v -0.652575 0.515607 0.474237 
v -0.660797 0.513791 0.463033 
v -0.668771 0.512115 0.451629 
v -0.676491 0.510582 0.440033 
v -0.683951 0.509192 0.42825 
v -0.691148 0.507946 0.416288 
v -0.698077 0.506845 0.404155 
v -0.704734 0.50589 0.391858 
v -0.711114 0.50508 0.379406 
v -0.717214 0.504417 0.366805 
v -0.72303 0.5039 0.354064 
v -0.728558 0.503531 0.34119 
v -0.733794 0.50331 0.328191 
v -0.738736 0.503236 0.315076 
v -0.74338 0.50331 0.301853 
v -0.747724 0.503531 0.288529 
v -0.751765 0.5039 0.275114 
v -0.7555 0.504417 0.261616 
v -0.758927 0.50508 0.248042 
v -0.762044 0.50589 0.234401 
v -0.764849 0.506845 0.220703 
v -0.767339 0.507946 0.206955 
v -0.769515 0.509192 0.193165 
v -0.771374 0.510582 0.179343 
v -0.772915 0.512115 0.165497 
v -0.774137 0.513791 0.151636 
v -0.775039 0.515607 0.137768 
v -0.775621 0.517563 0.123902 
v -0.775883 0.519658 0.110047 
v -0.665295 0.541598 0.497468 
v -0.635402 0.519658 0.496015 
v -0.673949 0.539598 0.486229 
v -0.682354 0.537742 0.474778 
v -0.690504 0.536029 0.463122 
v -0.698394 0.534462 0.451268 
v -0.706019 0.533042 0.439225 
v -0.713376 0.531768 0.426999 
v -0.720458 0.530643 0.414598 
v -0.727262 0.529666 0.402029 
v -0.733783 0.528838 0.389301 
v -0.740018 0.52816 0.376422 
v -0.745962 0.527633 0.363399 
v -0.751612 0.527256 0.35024 
v -0.756964 0.527029 0.336954 
v -0.762016 0.526954 0.323549 
v -0.766763 0.527029 0.310033 
v -0.771203 0.527256 0.296415 
v -0.775333 0.527633 0.282704 
v -0.77915 0.52816 0.268907 
v -0.782653 0.528838 0.255033 
v -0.785839 0.529666 0.241091 
v -0.788705 0.530643 0.227089 
v -0.791251 0.531768 0.213037 
v -0.793475 0.533042 0.198943 
v -0.795375 0.534462 0.184815 
v -0.79695 0.536029 0.170663 
v -0.798199 0.537742 0.156496 
v -0.799121 0.539598 0.142321 
v -0.799716 0.541598 0.128149 
v -0.799984 0.543739 0.113987 
v -0.686023 0.565503 0.509365 
v -0.656397 0.543739 0.508489 
v -0.694857 0.563462 0.497892 
v -0.703436 0.561567 0.486202 
v -0.711756 0.559819 0.474304 
v -0.71981 0.558219 0.462204 
v -0.727595 0.556769 0.449909 
v -0.735104 0.555469 0.437429 
v -0.742334 0.55432 0.42477 
v -0.749279 0.553323 0.41194 
v -0.755936 0.552478 0.398947 
v -0.762301 0.551786 0.385799 
v -0.768369 0.551247 0.372505 
v -0.774136 0.550862 0.359072 
v -0.7796 0.550631 0.34551 
v -0.784756 0.550554 0.331826 
v -0.789602 0.550631 0.318029 
v -0.794135 0.550862 0.304128 
v -0.798351 0.551247 0.29013 
v -0.802248 0.551786 0.276046 
v -0.805823 0.552478 0.261883 
v -0.809075 0.553323 0.247651 
v -0.812002 0.55432 0.233358 
v -0.814601 0.555469 0.219014 
v -0.81687 0.556769 0.204626 
v -0.81881 0.558219 0.190205 
v -0.820418 0.559819 0.175758 
v -0.821693 0.561567 0.161296 
v -0.822634 0.563462 0.146826 
v -0.823242 0.565503 0.132359 
v -0.823515 0.567689 0.117902 
v -0.706293 0.589276 0.520926 
v -0.676939 0.567689 0.520615 
v -0.7153 0.587195 0.509228 
v -0.724047 0.585263 0.497309 
v -0.73253 0.58348 0.485177 
v -0.740742 0.58185 0.47284 
v -0.748679 0.580371 0.460305 
v -0.756336 0.579046 0.44758 
v -0.763707 0.577874 0.434673 
v -0.770789 0.576857 0.421591 
v -0.777576 0.575996 0.408344 
v -0.784065 0.57529 0.394939 
v -0.790252 0.574741 0.381384 
v -0.796133 0.574349 0.367688 
v -0.801703 0.574113 0.35386 
v -0.806961 0.574035 0.339908 
v -0.811902 0.574113 0.325841 
v -0.816523 0.574349 0.311667 
v -0.820821 0.574741 0.297395 
v -0.824795 0.57529 0.283035 
v -0.828441 0.575996 0.268595 
v -0.831756 0.576857 0.254084 
v -0.83474 0.577874 0.239511 
v -0.83739 0.579046 0.224885 
v -0.839704 0.580371 0.210215 
v -0.841682 0.58185 0.195511 
v -0.843321 0.58348 0.180782 
v -0.844621 0.585263 0.166036 
v -0.845581 0.587195 0.151283 
v -0.8462 0.589276 0.136532 
v -0.846479 0.591505 0.121792 
v -0.716675 0.615184 0.543835 
v -0.697031 0.591505 0.532396 
v -0.687522 0.59388 0.543631 
v -0.726108 0.612914 0.532153 
v -0.735281 0.610795 0.520239 
v -0.74419 0.608827 0.5081 
v -0.752829 0.607012 0.495745 
v -0.761193 0.605351 0.48318 
v -0.769276 0.603845 0.470414 
v -0.777074 0.602495 0.457454 
v -0.784581 0.601302 0.444309 
v -0.791793 0.600267 0.430986 
v -0.798706 0.599389 0.417494 
v -0.805315 0.598671 0.403841 
v -0.811616 0.598111 0.390037 
v -0.817605 0.597712 0.376088 
v -0.823278 0.597472 0.362005 
v -0.828633 0.597392 0.347796 
v -0.833665 0.597472 0.333469 
v -0.838371 0.597712 0.319034 
v -0.842749 0.598111 0.304499 
v -0.846796 0.598671 0.289874 
v -0.850509 0.599389 0.275167 
v -0.853886 0.600267 0.260389 
v -0.856924 0.601302 0.245547 
v -0.859623 0.602495 0.230651 
v -0.86198 0.603845 0.215711 
v -0.863994 0.605351 0.200736 
v -0.865664 0.607012 0.185735 
v -0.866988 0.608827 0.170717 
v -0.867965 0.610795 0.155691 
v -0.868596 0.612914 0.140668 
v -0.86888 0.615184 0.125657 
v -0.868816 0.617603 0.110666 
v -0.846416 0.59388 0.107073 
v -0.735875 0.638725 0.554933 
v -0.70699 0.617603 0.555277 
v -0.74547 0.636416 0.543049 
v -0.754803 0.634259 0.530928 
v -0.763867 0.632257 0.518579 
v -0.772656 0.630411 0.506009 
v -0.781165 0.628721 0.493226 
v -0.789388 0.627189 0.480238 
v -0.797321 0.625815 0.467053 
v -0.804959 0.624602 0.453679 
v -0.812297 0.623548 0.440125 
v -0.819329 0.622656 0.426399 
v -0.826053 0.621925 0.41251 
v -0.832463 0.621356 0.398466 
v -0.838556 0.620949 0.384275 
v -0.844328 0.620705 0.369947 
v -0.849776 0.620623 0.355491 
v -0.854895 0.620705 0.340916 
v -0.859683 0.620949 0.32623 
v -0.864137 0.621356 0.311443 
v -0.868254 0.621925 0.296564 
v -0.872031 0.622656 0.281602 
v -0.875467 0.623548 0.266566 
v -0.878558 0.624602 0.251467 
v -0.881304 0.625815 0.236313 
v -0.883702 0.627189 0.221113 
v -0.885751 0.628721 0.205878 
v -0.887449 0.630411 0.190616 
v -0.888796 0.632257 0.175338 
v -0.889791 0.634259 0.160052 
v -0.890433 0.636416 0.144768 
v -0.890721 0.638725 0.129495 
v -0.890656 0.641186 0.114244 
v -0.754632 0.662125 0.565695 
v -0.726022 0.641186 0.566575 
v -0.764385 0.659778 0.553617 
v -0.77387 0.657586 0.541298 
v -0.783081 0.655551 0.528747 
v -0.792014 0.653675 0.515972 
v -0.800662 0.651957 0.50298 
v -0.80902 0.6504 0.48978 
v -0.817083 0.649005 0.47638 
v -0.824845 0.647771 0.462788 
v -0.832302 0.6467 0.449012 
v -0.83945 0.645793 0.435062 
v -0.846283 0.64505 0.420946 
v -0.852798 0.644472 0.406672 
v -0.858991 0.644058 0.39225 
v -0.864857 0.64381 0.377688 
v -0.870394 0.643728 0.362995 
v -0.875596 0.64381 0.348182 
v -0.880463 0.644058 0.333256 
v -0.884989 0.644472 0.318227 
v -0.889174 0.64505 0.303105 
v -0.893013 0.645793 0.287899 
v -0.896504 0.6467 0.272618 
v -0.899646 0.647771 0.257272 
v -0.902437 0.649005 0.24187 
v -0.904874 0.6504 0.226423 
v -0.906956 0.651957 0.210939 
v -0.908683 0.653675 0.195428 
v -0.910052 0.655551 0.179899 
v -0.911063 0.657586 0.164364 
v -0.911715 0.659778 0.14883 
v -0.912008 0.662125 0.133308 
v -0.911942 0.664626 0.117808 
v -0.772951 0.685382 0.576124 
v -0.744618 0.664626 0.577527 
v -0.782853 0.682999 0.56386 
v -0.792484 0.680774 0.551352 
v -0.801837 0.678708 0.538608 
v -0.810907 0.676802 0.525636 
v -0.819688 0.675059 0.512445 
v -0.828174 0.673478 0.499042 
v -0.836361 0.67206 0.485436 
v -0.844242 0.670808 0.471635 
v -0.851814 0.669721 0.457648 
v -0.859072 0.6688 0.443484 
v -0.86601 0.668045 0.429151 
v -0.872625 0.667458 0.414658 
v -0.878913 0.667038 0.400014 
v -0.884869 0.666787 0.385228 
v -0.890491 0.666703 0.37031 
v -0.895774 0.666787 0.355269 
v -0.900715 0.667038 0.340114 
v -0.905311 0.667458 0.324855 
v -0.909559 0.668045 0.3095 
v -0.913457 0.6688 0.29406 
v -0.917003 0.669721 0.278545 
v -0.920193 0.670808 0.262963 
v -0.923026 0.67206 0.247325 
v -0.925501 0.673478 0.23164 
v -0.927615 0.675059 0.215918 
v -0.929368 0.676802 0.200168 
v -0.930758 0.678708 0.184401 
v -0.931785 0.680774 0.168627 
v -0.932447 0.682999 0.152855 
v -0.932745 0.685382 0.137095 
v -0.932678 0.687922 0.121356 
v -0.790835 0.708496 0.586222 
v -0.762783 0.687922 0.588137 
v -0.800881 0.706079 0.573781 
v -0.81065 0.703821 0.561092 
v -0.820139 0.701725 0.548165 
v -0.829339 0.699792 0.535006 
v -0.838247 0.698023 0.521624 
v -0.846856 0.69642 0.508028 
v -0.85516 0.694982 0.494225 
v -0.863156 0.693711 0.480225 
v -0.870837 0.692608 0.466036 
v -0.878199 0.691674 0.451667 
v -0.885238 0.690909 0.437127 
v -0.891948 0.690313 0.422425 
v -0.898327 0.689887 0.407569 
v -0.904369 0.689632 0.392571 
v -0.910072 0.689547 0.377437 
v -0.915431 0.689632 0.362179 
v -0.920443 0.689887 0.346805 
v -0.925106 0.690313 0.331325 
v -0.929416 0.690909 0.315749 
v -0.93337 0.691674 0.300086 
v -0.936967 0.692608 0.284347 
v -0.940203 0.693711 0.26854 
v -0.943077 0.694982 0.252676 
v -0.945587 0.69642 0.236764 
v -0.947732 0.698023 0.220815 
v -0.94951 0.699792 0.204839 
v -0.95092 0.701725 0.188844 
v -0.951962 0.703821 0.172842 
v -0.952634 0.706079 0.156842 
v -0.952936 0.708496 0.140855 
v -0.952868 0.711072 0.124889 
v -0.808288 0.731465 0.595993 
v -0.78052 0.711072 0.598409 
v -0.81847 0.729014 0.583383 
v -0.828372 0.726726 0.570523 
v -0.837989 0.724602 0.55742 
v -0.847314 0.722643 0.544083 
v -0.856343 0.72085 0.53052 
v -0.865068 0.719224 0.516739 
v -0.873486 0.717767 0.502749 
v -0.881589 0.716479 0.488559 
v -0.889375 0.715362 0.474178 
v -0.896837 0.714415 0.459614 
v -0.903971 0.713639 0.444877 
v -0.910772 0.713035 0.429975 
v -0.917237 0.712604 0.414919 
v -0.923362 0.712345 0.399716 
v -0.929141 0.712258 0.384378 
v -0.934573 0.712345 0.368913 
v -0.939654 0.712604 0.353331 
v -0.944379 0.713035 0.337641 
v -0.948748 0.713639 0.321854 
v -0.952755 0.714415 0.305979 
v -0.956401 0.715362 0.290026 
v -0.959681 0.716479 0.274004 
v -0.962594 0.717767 0.257925 
v -0.965139 0.719224 0.241798 
v -0.967312 0.72085 0.225633 
v -0.969115 0.722643 0.20944 
v -0.970544 0.724602 0.193228 
v -0.971599 0.726726 0.177009 
v -0.97228 0.729014 0.160793 
v -0.972586 0.731465 0.144588 
v -0.972517 0.734076 0.128406 
v -0.825314 0.754287 0.605441 
v -0.797834 0.734076 0.608345 
v -0.835625 0.751806 0.592671 
v -0.845653 0.749489 0.579647 
v -0.855393 0.747338 0.566377 
v -0.864837 0.745353 0.55287 
v -0.87398 0.743538 0.539135 
v -0.882816 0.741891 0.525179 
v -0.891341 0.740416 0.511011 
v -0.899548 0.739112 0.496641 
v -0.907432 0.73798 0.482077 
v -0.914989 0.73702 0.467327 
v -0.922214 0.736235 0.452403 
v -0.929102 0.735624 0.437312 
v -0.935649 0.735187 0.422064 
v -0.941851 0.734924 0.406668 
v -0.947704 0.734837 0.391134 
v -0.953205 0.734924 0.375472 
v -0.95835 0.735187 0.359692 
v -0.963136 0.735624 0.343803 
v -0.96756 0.736235 0.327815 
v -0.971619 0.73702 0.311738 
v -0.97531 0.73798 0.295582 
v -0.978632 0.739112 0.279357 
v -0.981583 0.740416 0.263073 
v -0.984159 0.741891 0.246741 
v -0.986361 0.743538 0.23037 
v -0.988186 0.745353 0.213971 
v -0.989633 0.747338 0.197554 
v -0.990702 0.749489 0.181128 
v -0.991392 0.751806 0.164705 
v -0.991702 0.754287 0.148295 
v -0.991632 0.756932 0.131907 
v -0.831203 0.779639 0.627227 
v -0.814727 0.756932 0.61795 
v -0.803869 0.759737 0.63019 
v -0.841917 0.776963 0.614569 
v -0.852351 0.774452 0.601646 
v -0.862499 0.772107 0.588467 
v -0.872354 0.769931 0.575039 
v -0.881911 0.767923 0.561372 
v -0.891163 0.766085 0.547472 
v -0.900104 0.76442 0.53335 
v -0.90873 0.762926 0.519014 
v -0.917035 0.761606 0.504472 
v -0.925013 0.760461 0.489734 
v -0.93266 0.759491 0.474809 
v -0.939971 0.758696 0.459707 
v -0.946941 0.758077 0.444436 
v -0.953566 0.757635 0.429006 
v -0.959843 0.757369 0.413427 
v -0.965766 0.757281 0.397708 
v -0.971332 0.757369 0.38186 
v -0.976538 0.757635 0.365891 
v -0.981381 0.758077 0.349813 
v -0.985858 0.758696 0.333634 
v -0.989965 0.759491 0.317365 
v -0.993701 0.760461 0.301017 
v -0.997062 0.761606 0.284599 
v -1.00005 0.762926 0.268121 
v -1.00266 0.76442 0.251594 
v -1.00488 0.766085 0.235028 
v -1.00673 0.767923 0.218434 
v -1.00819 0.769931 0.201821 
v -1.00928 0.772107 0.1852 
v -1.00997 0.774452 0.168581 
v -1.01029 0.776963 0.151975 
v -1.01022 0.779639 0.135391 
v -1.00976 0.782478 0.118841 
v -0.991182 0.759737 0.115552 
v -0.847268 0.802197 0.63618 
v -0.820217 0.782478 0.639613 
v -0.858101 0.799492 0.62338 
v -0.868651 0.796953 0.610313 
v -0.878912 0.794582 0.596987 
v -0.888877 0.792381 0.58341 
v -0.89854 0.79035 0.56959 
v -0.907896 0.788493 0.555535 
v -0.916937 0.786808 0.541256 
v -0.925659 0.785298 0.526759 
v -0.934057 0.783964 0.512056 
v -0.942124 0.782805 0.497153 
v -0.949856 0.781824 0.482062 
v -0.957248 0.78102 0.466791 
v -0.964296 0.780395 0.45135 
v -0.970995 0.779948 0.435748 
v -0.977341 0.779679 0.419995 
v -0.983331 0.77959 0.404101 
v -0.988959 0.779679 0.388076 
v -0.994223 0.779948 0.371929 
v -0.99912 0.780395 0.355672 
v -1.00365 0.78102 0.339313 
v -1.0078 0.781824 0.322863 
v -1.01158 0.782805 0.306332 
v -1.01498 0.783964 0.289731 
v -1.01799 0.785298 0.273069 
v -1.02063 0.786808 0.256358 
v -1.02288 0.788493 0.239607 
v -1.02475 0.79035 0.222828 
v -1.02623 0.792381 0.206029 
v -1.02733 0.794582 0.189223 
v -1.02803 0.796953 0.172419 
v -1.02835 0.799492 0.155628 
v -1.02828 0.802197 0.138859 
v -1.02782 0.805068 0.122125 
v -0.862924 0.824606 0.644811 
v -0.836159 0.805068 0.648703 
v -0.87387 0.821872 0.631879 
v -0.88453 0.819307 0.618676 
v -0.894898 0.816911 0.605211 
v -0.904967 0.814687 0.591492 
v -0.914731 0.812636 0.577528 
v -0.924184 0.810759 0.563327 
v -0.933319 0.809057 0.548899 
v -0.942132 0.807531 0.534251 
v -0.950617 0.806183 0.519394 
v -0.958768 0.805012 0.504337 
v -0.966581 0.804021 0.489089 
v -0.97405 0.803209 0.473659 
v -0.981172 0.802577 0.458056 
v -0.987941 0.802125 0.442292 
v -0.994353 0.801854 0.426375 
v -1.0004 0.801763 0.410316 
v -1.00609 0.801854 0.394123 
v -1.01141 0.802125 0.377809 
v -1.01636 0.802577 0.361381 
v -1.02093 0.803209 0.344852 
v -1.02513 0.804021 0.328231 
v -1.02895 0.805012 0.311528 
v -1.03238 0.806183 0.294754 
v -1.03543 0.807531 0.277919 
v -1.03809 0.809057 0.261033 
v -1.04037 0.810759 0.244108 
v -1.04226 0.812636 0.227154 
v -1.04375 0.814687 0.21018 
v -1.04486 0.816911 0.193199 
v -1.04557 0.819307 0.17622 
v -1.04589 0.821872 0.159254 
v -1.04582 0.824606 0.142311 
v -1.04535 0.827507 0.125402 
v -0.878177 0.846865 0.653126 
v -0.851699 0.827507 0.657465 
v -0.889229 0.844105 0.640068 
v -0.899993 0.841515 0.626737 
v -0.910461 0.839096 0.613141 
v -0.920628 0.83685 0.599289 
v -0.930487 0.834779 0.585189 
v -0.940031 0.832883 0.570851 
v -0.949256 0.831165 0.556282 
v -0.958154 0.829624 0.541493 
v -0.966722 0.828263 0.526491 
v -0.974952 0.827081 0.511288 
v -0.982841 0.82608 0.495891 
v -0.990383 0.82526 0.480311 
v -0.997573 0.824622 0.464558 
v -1.00441 0.824166 0.44864 
v -1.01088 0.823892 0.432569 
v -1.01699 0.823801 0.416353 
v -1.02273 0.823892 0.400004 
v -1.02811 0.824166 0.38353 
v -1.0331 0.824622 0.366944 
v -1.03772 0.82526 0.350254 
v -1.04196 0.82608 0.333471 
v -1.04581 0.827081 0.316606 
v -1.04928 0.828263 0.299669 
v -1.05236 0.829624 0.28267 
v -1.05505 0.831165 0.265621 
v -1.05735 0.832883 0.248531 
v -1.05925 0.834779 0.231412 
v -1.06076 0.83685 0.214274 
v -1.06188 0.839096 0.197128 
v -1.0626 0.841515 0.179984 
v -1.06292 0.844105 0.162853 
v -1.06285 0.846865 0.145745 
v -1.06238 0.849794 0.128672 
v -0.89303 0.868975 0.661128 
v -0.866843 0.849794 0.665903 
v -0.904183 0.86619 0.647952 
v -0.915043 0.863576 0.634501 
v -0.925607 0.861135 0.620782 
v -0.935865 0.858869 0.606805 
v -0.945813 0.856779 0.592577 
v -0.955444 0.854867 0.578109 
v -0.964751 0.853133 0.563409 
v -0.97373 0.851578 0.548486 
v -0.982375 0.850204 0.533349 
v -0.99068 0.849012 0.518008 
v -0.99864 0.848002 0.502472 
v -1.00625 0.847174 0.486752 
v -1.01351 0.84653 0.470856 
v -1.0204 0.84607 0.454795 
v -1.02693 0.845794 0.438578 
v -1.0331 0.845702 0.422216 
v -1.03889 0.845794 0.405719 
v -1.04431 0.84607 0.389097 
v -1.04935 0.84653 0.37236 
v -1.05401 0.847174 0.355519 
v -1.05829 0.848002 0.338585 
v -1.06218 0.849012 0.321567 
v -1.06568 0.850204 0.304477 
v -1.06879 0.851578 0.287325 
v -1.0715 0.853133 0.270122 
v -1.07382 0.854867 0.252878 
v -1.07574 0.856779 0.235604 
v -1.07727 0.858869 0.218311 
v -1.07839 0.861135 0.20101 
v -1.07912 0.863576 0.183711 
v -1.07944 0.86619 0.166425 
v -1.07937 0.868975 0.149163 
v -1.0789 0.87193 0.131936 
v -0.907489 0.890935 0.668821 
v -0.881594 0.87193 0.674021 
v -0.918734 0.888126 0.655534 
v -0.929686 0.88549 0.64197 
v -0.940338 0.883029 0.628136 
v -0.950683 0.880744 0.614042 
v -0.960714 0.878637 0.599695 
v -0.970425 0.876708 0.585106 
v -0.979811 0.874959 0.570283 
v -0.988865 0.873392 0.555234 
v -0.997582 0.872007 0.539971 
v -1.00596 0.870804 0.524501 
v -1.01398 0.869786 0.508835 
v -1.02166 0.868951 0.492983 
v -1.02897 0.868302 0.476953 
v -1.03593 0.867838 0.460757 
v -1.04252 0.867559 0.444405 
v -1.04873 0.867466 0.427906 
v -1.05458 0.867559 0.41127 
v -1.06004 0.867838 0.394509 
v -1.06512 0.868302 0.377632 
v -1.06982 0.868951 0.36065 
v -1.07413 0.869786 0.343574 
v -1.07805 0.870804 0.326413 
v -1.08158 0.872007 0.30918 
v -1.08472 0.873392 0.291884 
v -1.08745 0.874959 0.274537 
v -1.08979 0.876708 0.257148 
v -1.09173 0.878637 0.23973 
v -1.09327 0.880744 0.222292 
v -1.0944 0.883029 0.204845 
v -1.09514 0.88549 0.187401 
v -1.09547 0.888126 0.169971 
v -1.09539 0.890935 0.152564 
v -1.09491 0.893914 0.135192 
v -0.909935 0.915747 0.68931 
v -0.895957 0.893914 0.681822 
v -0.884145 0.897064 0.694528 
v -0.921557 0.912745 0.676208 
v -0.932889 0.909914 0.662819 
v -0.943926 0.907258 0.649149 
v -0.954661 0.904778 0.635208 
v -0.965085 0.902475 0.621004 
v -0.975194 0.900351 0.606547 
v -0.984981 0.898408 0.591844 
v -0.99444 0.896646 0.576906 
v -1.00356 0.895066 0.561741 
v -1.01235 0.89367 0.546359 
v -1.02079 0.892458 0.530769 
v -1.02888 0.891432 0.514982 
v -1.03661 0.890591 0.499006 
v -1.04398 0.889936 0.482853 
v -1.05099 0.889469 0.466531 
v -1.05763 0.889188 0.450052 
v -1.0639 0.889094 0.433425 
v -1.06978 0.889188 0.41666 
v -1.07529 0.889469 0.399769 
v -1.08041 0.889936 0.382761 
v -1.08515 0.890591 0.365647 
v -1.08949 0.891432 0.348439 
v -1.09345 0.892458 0.331145 
v -1.097 0.89367 0.313778 
v -1.10016 0.895066 0.296348 
v -1.10292 0.896646 0.278866 
v -1.10527 0.898408 0.261343 
v -1.10723 0.900351 0.243789 
v -1.10878 0.902475 0.226216 
v -1.10992 0.904778 0.208634 
v -1.11066 0.907258 0.191055 
v -1.11099 0.909914 0.173489 
v -1.11092 0.912745 0.155948 
v -1.11043 0.915747 0.138441 
v -1.10955 0.918921 0.120981 
v -1.09403 0.897064 0.117866 
v -0.923534 0.93743 0.696489 
v -0.898032 0.918921 0.702114 
v -0.935238 0.934405 0.683294 
v -0.946652 0.931555 0.669808 
v -0.957768 0.92888 0.656041 
v -0.968579 0.926382 0.642 
v -0.979078 0.924062 0.627695 
v -0.98926 0.921924 0.613134 
v -0.999116 0.919966 0.598326 
v -1.00864 0.918191 0.583281 
v -1.01783 0.9166 0.568008 
v -1.02668 0.915194 0.552516 
v -1.03518 0.913974 0.536815 
v -1.04333 0.91294 0.520915 
v -1.05111 0.912093 0.504825 
v -1.05854 0.911434 0.488556 
v -1.0656 0.910963 0.472118 
v -1.07228 0.91068 0.455521 
v -1.0786 0.910586 0.438775 
v -1.08453 0.91068 0.42189 
v -1.09007 0.910963 0.404878 
v -1.09523 0.911434 0.387749 
v -1.1 0.912093 0.370513 
v -1.10438 0.91294 0.353181 
v -1.10836 0.913974 0.335764 
v -1.11194 0.915194 0.318273 
v -1.11512 0.9166 0.300719 
v -1.1179 0.918191 0.283112 
v -1.12027 0.919966 0.265463 
v -1.12224 0.921924 0.247784 
v -1.1238 0.924062 0.230085 
v -1.12495 0.926382 0.212378 
v -1.12569 0.92888 0.194673 
v -1.12603 0.931555 0.176981 
v -1.12595 0.934405 0.159314 
v -1.12547 0.93743 0.141683 
v -1.12457 0.940626 0.124097 
v -0.936757 0.958962 0.703363 
v -0.911545 0.940626 0.709385 
v -0.948539 0.955917 0.690081 
v -0.960028 0.953048 0.676508 
v -0.971216 0.950355 0.66265 
v -0.982098 0.947841 0.648517 
v -0.992666 0.945507 0.634118 
v -1.00291 0.943354 0.619462 
v -1.01284 0.941383 0.604557 
v -1.02242 0.939597 0.589413 
v -1.03167 0.937996 0.574039 
v -1.04058 0.93658 0.558446 
v -1.04914 0.935352 0.542642 
v -1.05734 0.934311 0.526637 
v -1.06518 0.933459 0.510442 
v -1.07265 0.932796 0.494066 
v -1.07975 0.932321 0.47752 
v -1.08648 0.932037 0.460814 
v -1.09284 0.931942 0.443958 
v -1.09881 0.932037 0.426963 
v -1.10439 0.932321 0.409839 
v -1.10958 0.932796 0.392597 
v -1.11438 0.933459 0.375248 
v -1.11879 0.934311 0.357803 
v -1.12279 0.935352 0.340272 
v -1.1264 0.93658 0.322666 
v -1.1296 0.937996 0.304996 
v -1.13239 0.939597 0.287273 
v -1.13478 0.941383 0.269509 
v -1.13676 0.943354 0.251714 
v -1.13833 0.945507 0.233899 
v -1.13949 0.947841 0.216075 
v -1.14024 0.950355 0.198254 
v -1.14058 0.953048 0.180447 
v -1.1405 0.955917 0.162664 
v -1.14002 0.958962 0.144917 
v -1.13912 0.962179 0.127216 
v -0.94961 0.980344 0.709936 
v -0.92469 0.962179 0.716344 
v -0.961462 0.977281 0.696575 
v -0.97302 0.974395 0.68292 
v -0.984276 0.971686 0.668979 
v -0.995223 0.969157 0.654762 
v -1.00585 0.966808 0.640277 
v -1.01616 0.964642 0.625532 
v -1.02614 0.96266 0.610538 
v -1.03579 0.960863 0.595303 
v -1.0451 0.959252 0.579837 
v -1.05406 0.957829 0.56415 
v -1.06266 0.956593 0.548252 
v -1.07091 0.955546 0.532151 
v -1.0788 0.954689 0.515859 
v -1.08632 0.954021 0.499385 
v -1.09346 0.953544 0.48274 
v -1.10023 0.953258 0.465933 
v -1.10662 0.953162 0.448977 
v -1.11263 0.953258 0.43188 
v -1.11825 0.953544 0.414653 
v -1.12347 0.954021 0.397308 
v -1.1283 0.954689 0.379855 
v -1.13273 0.955546 0.362305 
v -1.13676 0.956593 0.344669 
v -1.14039 0.957829 0.326957 
v -1.14361 0.959252 0.309182 
v -1.14642 0.960863 0.291353 
v -1.14882 0.96266 0.273482 
v -1.15082 0.964642 0.25558 
v -1.1524 0.966808 0.237658 
v -1.15356 0.969157 0.219728 
v -1.15432 0.971686 0.2018 
v -1.15465 0.974395 0.183886 
v -1.15458 0.977281 0.165996 
v -1.15409 0.980344 0.148143 
v -1.15318 0.983581 0.130336 
v -0.962097 1.00158 0.716213 
v -0.937471 0.983581 0.722995 
v -0.974014 0.998498 0.702779 
v -0.985634 0.995596 0.689049 
v -0.996951 0.992873 0.675033 
v -1.00796 0.990329 0.660738 
v -1.01865 0.987968 0.646174 
v -1.02901 0.985791 0.631349 
v -1.03905 0.983798 0.616273 
v -1.04875 0.981991 0.600956 
v -1.0581 0.980371 0.585406 
v -1.06711 0.97894 0.569633 
v -1.07576 0.977697 0.553648 
v -1.08406 0.976644 0.53746 
v -1.09199 0.975782 0.521079 
v -1.09955 0.975111 0.504515 
v -1.10673 0.974632 0.487779 
v -1.11354 0.974344 0.470882 
v -1.11997 0.974248 0.453832 
v -1.126 0.974344 0.436642 
v -1.13165 0.974632 0.419322 
v -1.1369 0.975111 0.401883 
v -1.14176 0.975782 0.384335 
v -1.14621 0.976644 0.366689 
v -1.15027 0.977697 0.348957 
v -1.15391 0.97894 0.331149 
v -1.15715 0.980371 0.313277 
v -1.15998 0.981991 0.295351 
v -1.16239 0.983798 0.277383 
v -1.1644 0.985791 0.259383 
v -1.16599 0.987968 0.241364 
v -1.16716 0.990329 0.223336 
v -1.16792 0.992873 0.205311 
v -1.16826 0.995596 0.187299 
v -1.16818 0.998498 0.169312 
v -1.16769 1.00158 0.151361 
v -1.16678 1.00483 0.133457 
v -0.961957 1.02593 0.735391 
v -0.949892 1.00483 0.729343 
v -0.937405 1.00826 0.742161 
v -0.974222 1.02266 0.722196 
v -0.986197 1.01957 0.708696 
v -0.997875 1.01665 0.694899 
v -1.00925 1.01392 0.680814 
v -1.02031 1.01136 0.666449 
v -1.03105 1.00899 0.651813 
v -1.04147 1.0068 0.636916 
v -1.05155 1.0048 0.621766 
v -1.0613 1.00298 0.606373 
v -1.0707 1.00135 0.590747 
v -1.07975 0.999914 0.574897 
v -1.08845 0.998666 0.558833 
v -1.09678 0.997608 0.542566 
v -1.10475 0.996741 0.526104 
v -1.11235 0.996067 0.509459 
v -1.11957 0.995585 0.492641 
v -1.12641 0.995296 0.475661 
v -1.13287 0.995199 0.458528 
v -1.13893 0.995296 0.441253 
v -1.14461 0.995585 0.423848 
v -1.14989 0.996067 0.406323 
v -1.15477 0.996741 0.388689 
v -1.15924 0.997608 0.370957 
v -1.16331 0.998666 0.353137 
v -1.16698 0.999914 0.335242 
v -1.17023 1.00135 0.317282 
v -1.17307 1.00298 0.299268 
v -1.1755 1.0048 0.281212 
v -1.17752 1.0068 0.263124 
v -1.17911 1.00899 0.245016 
v -1.18029 1.01136 0.2269 
v -1.18105 1.01392 0.208786 
v -1.18139 1.01665 0.190686 
v -1.18132 1.01957 0.17261 
v -1.18082 1.02266 0.154571 
v -1.17991 1.02593 0.13658 
v -1.17857 1.02938 0.118647 
v -1.16545 1.00826 0.115612 
v -0.973671 1.04689 0.741143 
v -0.949409 1.02938 0.748272 
v -0.98599 1.0436 0.72789 
v -0.998018 1.04049 0.714331 
v -1.00975 1.03756 0.700474 
v -1.02117 1.03482 0.686327 
v -1.03228 1.03225 0.671898 
v -1.04307 1.02987 0.657198 
v -1.05353 1.02767 0.642236 
v -1.06366 1.02566 0.627019 
v -1.07345 1.02383 0.611559 
v -1.08289 1.0222 0.595864 
v -1.09198 1.02075 0.579945 
v -1.10072 1.0195 0.56381 
v -1.10909 1.01844 0.547471 
v -1.11709 1.01757 0.530938 
v -1.12472 1.01689 0.51422 
v -1.13198 1.0164 0.497328 
v -1.13885 1.01611 0.480273 
v -1.14533 1.01602 0.463064 
v -1.15142 1.01611 0.445714 
v -1.15712 1.0164 0.428233 
v -1.16243 1.01689 0.410631 
v -1.16733 1.01757 0.392919 
v -1.17182 1.01844 0.375109 
v -1.17591 1.0195 0.357211 
v -1.17959 1.02075 0.339238 
v -1.18286 1.0222 0.321199 
v -1.18572 1.02383 0.303106 
v -1.18815 1.02566 0.28497 
v -1.19018 1.02767 0.266803 
v -1.19178 1.02987 0.248616 
v -1.19296 1.03225 0.23042 
v -1.19373 1.03482 0.212226 
v -1.19407 1.03756 0.194047 
v -1.19399 1.04049 0.175892 
v -1.1935 1.0436 0.157774 
v -1.19258 1.04689 0.139703 
v -1.19124 1.05035 0.121692 
v -0.985039 1.06769 0.746603 
v -0.961068 1.05035 0.75408 
v -0.997406 1.0644 0.733299 
v -1.00948 1.06128 0.719687 
v -1.02125 1.05833 0.705776 
v -1.03272 1.05557 0.691574 
v -1.04387 1.053 0.67709 
v -1.05471 1.05061 0.662333 
v -1.06521 1.0484 0.647312 
v -1.07538 1.04638 0.632036 
v -1.0852 1.04455 0.616516 
v -1.09468 1.04291 0.60076 
v -1.10381 1.04146 0.584779 
v -1.11258 1.0402 0.568582 
v -1.12098 1.03913 0.552179 
v -1.12902 1.03826 0.535581 
v -1.13668 1.03758 0.518799 
v -1.14396 1.03709 0.501841 
v -1.15086 1.0368 0.48472 
v -1.15737 1.0367 0.467445 
v -1.16348 1.0368 0.450027 
v -1.1692 1.03709 0.432478 
v -1.17453 1.03758 0.414807 
v -1.17945 1.03826 0.397027 
v -1.18396 1.03913 0.379148 
v -1.18807 1.0402 0.36118 
v -1.19176 1.04146 0.343137 
v -1.19504 1.04291 0.325028 
v -1.19791 1.04455 0.306865 
v -1.20036 1.04638 0.288658 
v -1.20238 1.0484 0.270421 
v -1.20399 1.05061 0.252163 
v -1.20518 1.053 0.233896 
v -1.20595 1.05557 0.215632 
v -1.20629 1.05833 0.197382 
v -1.20622 1.06128 0.179157 
v -1.20572 1.0644 0.160968 
v -1.2048 1.06769 0.142828 
v -1.20345 1.07116 0.124746 
v -0.996064 1.08835 0.751775 
v -0.972387 1.07116 0.759591 
v -1.00847 1.08504 0.738426 
v -1.02059 1.08191 0.724768 
v -1.0324 1.07896 0.71081 
v -1.04391 1.07619 0.696559 
v -1.0551 1.07361 0.682026 
v -1.06597 1.07121 0.667219 
v -1.07651 1.06899 0.652147 
v -1.08671 1.06697 0.63682 
v -1.09657 1.06513 0.621247 
v -1.10608 1.06348 0.605438 
v -1.11524 1.06203 0.589402 
v -1.12404 1.06077 0.57315 
v -1.13247 1.05969 0.556692 
v -1.14053 1.05882 0.540038 
v -1.14822 1.05814 0.523198 
v -1.15552 1.05765 0.506183 
v -1.16244 1.05736 0.489004 
v -1.16898 1.05726 0.47167 
v -1.17511 1.05736 0.454194 
v -1.18085 1.05765 0.436585 
v -1.18619 1.05814 0.418854 
v -1.19113 1.05882 0.401014 
v -1.19566 1.05969 0.383074 
v -1.19978 1.06077 0.365046 
v -1.20349 1.06203 0.346941 
v -1.20678 1.06348 0.32877 
v -1.20965 1.06513 0.310546 
v -1.21211 1.06697 0.292278 
v -1.21415 1.06899 0.273978 
v -1.21576 1.07121 0.255659 
v -1.21696 1.07361 0.23733 
v -1.21772 1.07619 0.219004 
v -1.21807 1.07896 0.200692 
v -1.21799 1.08191 0.182405 
v -1.21749 1.08504 0.164155 
v -1.21657 1.08835 0.145953 
v -1.21522 1.09184 0.12781 
v -1.00675 1.10887 0.756663 
v -0.98337 1.09184 0.764807 
v -1.0192 1.10555 0.743275 
v -1.03135 1.10241 0.729578 
v -1.0432 1.09945 0.715579 
v -1.05474 1.09667 0.701287 
v -1.06596 1.09408 0.686711 
v -1.07686 1.09167 0.671861 
v -1.08743 1.08945 0.656745 
v -1.09766 1.08742 0.641374 
v -1.10755 1.08558 0.625755 
v -1.11709 1.08393 0.6099 
v -1.12627 1.08247 0.593818 
v -1.1351 1.0812 0.577519 
v -1.14355 1.08013 0.561013 
v -1.15164 1.07925 0.54431 
v -1.15935 1.07856 0.527421 
v -1.16667 1.07807 0.510357 
v -1.17362 1.07778 0.493127 
v -1.18017 1.07768 0.475743 
v -1.18632 1.07778 0.458216 
v -1.19208 1.07807 0.440556 
v -1.19744 1.07856 0.422774 
v -1.20239 1.07925 0.404881 
v -1.20693 1.08013 0.386889 
v -1.21106 1.0812 0.368809 
v -1.21478 1.08247 0.350651 
v -1.21808 1.08393 0.332428 
v -1.22096 1.08558 0.31415 
v -1.22343 1.08742 0.295829 
v -1.22547 1.08945 0.277476 
v -1.22709 1.09167 0.259103 
v -1.22829 1.09408 0.240722 
v -1.22906 1.09667 0.222342 
v -1.2294 1.09945 0.203977 
v -1.22933 1.10241 0.185637 
v -1.22882 1.10555 0.167333 
v -1.2279 1.10887 0.149078 
v -1.22654 1.11236 0.130883 
v -1.00434 1.13274 0.774372 
v -0.994021 1.11236 0.769733 
v -0.98101 1.11603 0.782476 
v -1.01711 1.12924 0.761271 
v -1.02958 1.12591 0.74785 
v -1.04176 1.12277 0.734119 
v -1.05364 1.1198 0.720086 
v -1.06521 1.11702 0.70576 
v -1.07646 1.11442 0.691148 
v -1.08738 1.112 0.676262 
v -1.09798 1.10978 0.661109 
v -1.10824 1.10774 0.6457 
v -1.11815 1.10589 0.630044 
v -1.12771 1.10424 0.61415 
v -1.13692 1.10277 0.598028 
v -1.14576 1.1015 0.58169 
v -1.15424 1.10043 0.565143 
v -1.16235 1.09955 0.5484 
v -1.17007 1.09886 0.53147 
v -1.17742 1.09837 0.514364 
v -1.18438 1.09808 0.497092 
v -1.19094 1.09798 0.479666 
v -1.19711 1.09808 0.462096 
v -1.20289 1.09837 0.444392 
v -1.20826 1.09886 0.426567 
v -1.21322 1.09955 0.408631 
v -1.21777 1.10043 0.390595 
v -1.22191 1.1015 0.372471 
v -1.22564 1.10277 0.354269 
v -1.22895 1.10424 0.336001 
v -1.23184 1.10589 0.317679 
v -1.23431 1.10774 0.299313 
v -1.23636 1.10978 0.280916 
v -1.23798 1.112 0.262498 
v -1.23918 1.11442 0.244071 
v -1.23995 1.11702 0.225647 
v -1.2403 1.1198 0.207237 
v -1.24022 1.12277 0.188852 
v -1.23972 1.12591 0.170504 
v -1.23879 1.12924 0.152204 
v -1.23743 1.13274 0.133964 
v -1.23565 1.13642 0.115795 
v -1.22477 1.11603 0.112758 
v -1.01434 1.15298 0.778729 
v -0.991302 1.13642 0.787147 
v -1.02713 1.14947 0.765602 
v -1.03963 1.14614 0.752155 
v -1.05184 1.14298 0.738397 
v -1.06374 1.14001 0.724336 
v -1.07533 1.13722 0.709981 
v -1.0866 1.13462 0.695341 
v -1.09755 1.1322 0.680425 
v -1.10816 1.12997 0.665242 
v -1.11844 1.12793 0.649803 
v -1.12837 1.12608 0.634115 
v -1.13796 1.12442 0.61819 
v -1.14718 1.12295 0.602037 
v -1.15604 1.12168 0.585665 
v -1.16454 1.1206 0.569086 
v -1.17266 1.11972 0.55231 
v -1.1804 1.11903 0.535347 
v -1.18776 1.11854 0.518207 
v -1.19473 1.11825 0.500901 
v -1.20131 1.11815 0.48344 
v -1.2075 1.11825 0.465835 
v -1.21328 1.11854 0.448097 
v -1.21866 1.11903 0.430236 
v -1.22363 1.11972 0.412265 
v -1.22819 1.1206 0.394193 
v -1.23234 1.12168 0.376033 
v -1.23608 1.12295 0.357795 
v -1.23939 1.12442 0.339491 
v -1.24229 1.12608 0.321132 
v -1.24476 1.12793 0.30273 
v -1.24682 1.12997 0.284297 
v -1.24844 1.1322 0.265842 
v -1.24964 1.13462 0.247379 
v -1.25042 1.13722 0.228919 
v -1.25077 1.14001 0.210472 
v -1.25069 1.14298 0.192051 
v -1.25018 1.14614 0.173666 
v -1.24925 1.14947 0.155331 
v -1.24789 1.15298 0.137055 
v -1.24611 1.15666 0.11885 
v -1.02403 1.17307 0.782807 
v -1.00128 1.15666 0.791529 
v -1.03683 1.16956 0.76966 
v -1.04935 1.16622 0.756192 
v -1.06157 1.16306 0.742413 
v -1.07349 1.16009 0.728331 
v -1.0851 1.15729 0.713954 
v -1.09639 1.15468 0.699292 
v -1.10736 1.15226 0.684353 
v -1.11799 1.15003 0.669147 
v -1.12828 1.14798 0.653684 
v -1.13823 1.14613 0.637972 
v -1.14783 1.14447 0.622023 
v -1.15706 1.143 0.605845 
v -1.16594 1.14173 0.589449 
v -1.17445 1.14065 0.572844 
v -1.18258 1.13976 0.556042 
v -1.19034 1.13908 0.539053 
v -1.19771 1.13858 0.521887 
v -1.20469 1.13829 0.504555 
v -1.21128 1.13819 0.487068 
v -1.21747 1.13829 0.469436 
v -1.22326 1.13858 0.45167 
v -1.22865 1.13908 0.433783 
v -1.23363 1.13976 0.415783 
v -1.2382 1.14065 0.397684 
v -1.24236 1.14173 0.379496 
v -1.2461 1.143 0.361231 
v -1.24942 1.14447 0.342899 
v -1.25232 1.14613 0.324512 
v -1.2548 1.14798 0.306082 
v -1.25685 1.15003 0.28762 
v -1.25848 1.15226 0.269138 
v -1.25968 1.15468 0.250646 
v -1.26046 1.15729 0.232158 
v -1.26081 1.16009 0.213683 
v -1.26073 1.16306 0.195234 
v -1.26023 1.16622 0.176821 
v -1.25929 1.16956 0.158457 
v -1.25793 1.17307 0.140153 
v -1.25615 1.17677 0.121921 
v -1.03339 1.19303 0.78661 
v -1.01094 1.17677 0.795626 
v -1.04621 1.18951 0.773448 
v -1.05875 1.18617 0.759966 
v -1.07098 1.18301 0.746172 
v -1.08291 1.18003 0.732074 
v -1.09453 1.17723 0.717682 
v -1.10584 1.17462 0.703004 
v -1.11681 1.1722 0.688049 
v -1.12746 1.16996 0.672827 
v -1.13776 1.16791 0.657347 
v -1.14772 1.16606 0.641618 
v -1.15733 1.16439 0.625652 
v -1.16657 1.16292 0.609456 
v -1.17546 1.16165 0.593042 
v -1.18398 1.16057 0.57642 
v -1.19212 1.15968 0.5596 
v -1.19988 1.15899 0.542592 
v -1.20726 1.1585 0.525408 
v -1.21425 1.15821 0.508057 
v -1.22085 1.15811 0.49055 
v -1.22705 1.15821 0.472899 
v -1.23285 1.1585 0.455115 
v -1.23824 1.15899 0.437208 
v -1.24322 1.15968 0.419189 
v -1.2478 1.16057 0.40107 
v -1.25196 1.16165 0.382862 
v -1.2557 1.16292 0.364577 
v -1.25903 1.16439 0.346225 
v -1.26193 1.16606 0.327819 
v -1.26441 1.16791 0.309369 
v -1.26647 1.16996 0.290887 
v -1.2681 1.1722 0.272385 
v -1.26931 1.17462 0.253873 
v -1.27008 1.17723 0.235364 
v -1.27043 1.18003 0.21687 
v -1.27035 1.18301 0.1984 
v -1.26985 1.18617 0.179968 
v -1.26891 1.18951 0.161585 
v -1.26755 1.19303 0.143261 
v -1.26576 1.19672 0.125008 
v -1.02934 1.21654 0.802982 
v -1.02029 1.19672 0.799443 
v -1.04245 1.21285 0.790141 
v -1.05528 1.20933 0.776971 
v -1.06782 1.20598 0.76348 
v -1.08006 1.20282 0.749677 
v -1.092 1.19984 0.73557 
v -1.10363 1.19704 0.721169 
v -1.11494 1.19442 0.706481 
v -1.12592 1.192 0.691516 
v -1.13657 1.18976 0.676284 
v -1.14688 1.18771 0.660794 
v -1.15685 1.18586 0.645056 
v -1.16646 1.18419 0.629079 
v -1.17572 1.18272 0.612873 
v -1.18461 1.18145 0.596448 
v -1.19313 1.18036 0.579815 
v -1.20128 1.17948 0.562984 
v -1.20904 1.17879 0.545965 
v -1.21643 1.1783 0.52877 
v -1.22342 1.178 0.511408 
v -1.23002 1.1779 0.49389 
v -1.23623 1.178 0.476228 
v -1.24203 1.1783 0.458432 
v -1.24743 1.17879 0.440513 
v -1.25241 1.17948 0.422483 
v -1.25699 1.18036 0.404352 
v -1.26116 1.18145 0.386133 
v -1.2649 1.18272 0.367835 
v -1.26823 1.18419 0.349472 
v -1.27113 1.18586 0.331054 
v -1.27362 1.18771 0.312592 
v -1.27568 1.18976 0.294098 
v -1.27731 1.192 0.275583 
v -1.27851 1.19442 0.25706 
v -1.27929 1.19704 0.238539 
v -1.27964 1.19984 0.220033 
v -1.27956 1.20282 0.201552 
v -1.27905 1.20598 0.183107 
v -1.27812 1.20933 0.164712 
v -1.27676 1.21285 0.146376 
v -1.27497 1.21654 0.128112 
v -1.26085 1.1953 0.106045 
vn 0.397131 -0.906308 -0.144544 
vn 0.722024 0.211309 0.65881 
vn 0.413262 -0.177742 0.893097 
vn 0.397131 -0.906308 -0.144544 
vn 0.584366 0.371152 -0.721639 
vn 0.566541 0.365998 -0.738293 
vn 0.560631 0.379305 -0.736084 
vn 0.601827 0.376076 -0.704536 
vn 0.578454 0.384459 -0.719432 
vn 0.595913 0.389382 -0.702331 
vn 0.612998 0.394071 -0.684793 
vn 0.635616 0.385219 -0.669028 
vn 0.618914 0.380766 -0.686996 
vn 0.651923 0.389433 -0.650644 
vn 0.629699 0.398524 -0.666827 
vn 0.667825 0.393404 -0.631856 
vn 0.646004 0.402737 -0.648445 
vn 0.683312 0.397131 -0.612676 
vn 0.661905 0.406708 -0.629659 
vn 0.67739 0.410435 -0.61048 
vn 0.69245 0.413914 -0.590921 
vn 0.713002 0.403843 -0.573183 
vn 0.698374 0.400611 -0.593114 
vn 0.727187 0.406823 -0.552897 
vn 0.707077 0.417145 -0.570993 
vn 0.72126 0.420125 -0.550708 
vn 0.734991 0.422852 -0.53008 
vn 0.754191 0.412022 -0.511305 
vn 0.740919 0.40955 -0.532266 
vn 0.766995 0.414239 -0.490026 
vn 0.748261 0.425324 -0.509121 
vn 0.761063 0.42754 -0.487844 
vn 0.773388 0.429499 -0.466263 
vn 0.779321 0.416198 -0.468442 
vn 0.785229 0.431199 -0.44439 
vn 0.802513 0.419338 -0.424415 
vn 0.791163 0.417898 -0.446567 
vn 0.796578 0.432639 -0.42224 
vn 0.807428 0.433819 -0.399826 
vn 0.82371 0.421437 -0.379332 
vn 0.813364 0.420518 -0.401998 
vn 0.833544 0.422093 -0.35643 
vn 0.817773 0.434737 -0.377162 
vn 0.827605 0.435394 -0.354263 
vn 0.83692 0.435788 -0.331142 
vn 0.851651 0.422618 -0.309976 
vn 0.842859 0.422487 -0.333306 
vn 0.84571 0.435919 -0.307813 
vn 0.853971 0.435788 -0.284292 
vn 0.86764 0.422093 -0.26275 
vn 0.859913 0.422487 -0.286452 
vn 0.874829 0.421437 -0.238885 
vn 0.861698 0.435394 -0.260593 
vn 0.868885 0.434737 -0.236731 
vn 0.875529 0.433819 -0.21272 
vn 0.887569 0.419338 -0.190725 
vn 0.881473 0.420518 -0.214872 
vn 0.893114 0.417898 -0.166459 
vn 0.881625 0.432639 -0.188576 
vn 0.887169 0.431199 -0.164313 
vn 0.892158 0.429499 -0.139946 
vn 0.902535 0.414239 -0.117633 
vn 0.898103 0.416198 -0.14209 
vn 0.906405 0.412022 -0.0931025 
vn 0.896589 0.42754 -0.115492 
vn 0.909711 0.40955 -0.0685141 
vn 0.900458 0.425324 -0.0909638 
vn 0.903765 0.422852 -0.0663781 
vn 0.906505 0.420125 -0.0417498 
vn 0.914626 0.403843 -0.0192249 
vn 0.912453 0.406823 -0.0438832 
vn 0.908679 0.417145 -0.0170942 
vn 0.910284 0.413914 0.00757327 
vn 0.916232 0.400611 0.00544528 
vn 0.91132 0.410435 0.0322374 
vn 0.917733 0.393404 0.0547602 
vn 0.917268 0.397131 0.0301121 
vn 0.917628 0.389433 0.0793742 
vn 0.911786 0.406708 0.0568828 
vn 0.911681 0.402737 0.0814942 
vn 0.911005 0.398524 0.106056 
vn 0.916953 0.385219 0.103939 
vn 0.90976 0.394071 0.130554 
vn 0.913893 0.376076 0.152859 
vn 0.915708 0.380766 0.128439 
vn 0.907946 0.389382 0.154971 
vn 0.905563 0.384459 0.179294 
vn 0.908561 0.365998 0.2014 
vn 0.911511 0.371152 0.177185 
vn 0.55473 0.392249 -0.733768 
vn 0.572547 0.397401 -0.717121 
vn 0.590001 0.402322 -0.700026 
vn 0.60708 0.40701 -0.682493 
vn 0.623776 0.411461 -0.664533 
vn 0.640076 0.415673 -0.646157 
vn 0.655971 0.419643 -0.627377 
vn 0.671451 0.423368 -0.608204 
vn 0.686507 0.426847 -0.588651 
vn 0.701129 0.430077 -0.568729 
vn 0.715307 0.433056 -0.548451 
vn 0.729034 0.435782 -0.527829 
vn 0.742301 0.438253 -0.506877 
vn 0.755098 0.440469 -0.485607 
vn 0.76742 0.442427 -0.464032 
vn 0.779257 0.444126 -0.442166 
vn 0.790602 0.445566 -0.420023 
vn 0.801449 0.446745 -0.397616 
vn 0.81179 0.447663 -0.37496 
vn 0.821619 0.44832 -0.352067 
vn 0.830931 0.448713 -0.328953 
vn 0.839719 0.448845 -0.305633 
vn 0.847977 0.448713 -0.282119 
vn 0.855701 0.44832 -0.258427 
vn 0.862886 0.447663 -0.234573 
vn 0.869528 0.446745 -0.210569 
vn 0.875622 0.445566 -0.186433 
vn 0.881164 0.444126 -0.162177 
vn 0.886151 0.442427 -0.137819 
vn 0.890581 0.440469 -0.113372 
vn 0.894449 0.438253 -0.0888516 
vn 0.897755 0.435782 -0.0642737 
vn 0.900495 0.433056 -0.0396532 
vn 0.902668 0.430077 -0.0150054 
vn 0.904272 0.426847 0.00965435 
vn 0.905308 0.423368 0.0343107 
vn 0.905773 0.419643 0.0589483 
vn 0.905668 0.415673 0.0835519 
vn 0.904993 0.411461 0.108106 
vn 0.903748 0.40701 0.132596 
vn 0.901935 0.402322 0.157006 
vn 0.899553 0.397401 0.181321 
vn 0.896605 0.392249 0.205526 
vn 0.566604 0.410086 -0.714696 
vn 0.584048 0.415005 -0.697609 
vn 0.601119 0.41969 -0.680085 
vn 0.617806 0.424139 -0.662134 
vn 0.634098 0.428349 -0.643768 
vn 0.649985 0.432317 -0.624998 
vn 0.665457 0.43604 -0.605835 
vn 0.680505 0.439517 -0.586291 
vn 0.695119 0.442745 -0.56638 
vn 0.70929 0.445722 -0.546112 
vn 0.72301 0.448447 -0.525501 
vn 0.73627 0.450917 -0.50456 
vn 0.749061 0.453132 -0.4833 
vn 0.761376 0.455089 -0.461737 
vn 0.773207 0.456787 -0.439883 
vn 0.784546 0.458226 -0.417751 
vn 0.795387 0.459405 -0.395356 
vn 0.805723 0.460323 -0.372711 
vn 0.815548 0.460978 -0.34983 
vn 0.824854 0.461372 -0.326728 
vn 0.833638 0.461503 -0.303419 
vn 0.841892 0.461372 -0.279918 
vn 0.849612 0.460978 -0.256238 
vn 0.856794 0.460323 -0.232396 
vn 0.863432 0.459405 -0.208405 
vn 0.869522 0.458226 -0.184281 
vn 0.875062 0.456787 -0.160038 
vn 0.880047 0.455089 -0.135692 
vn 0.884474 0.453132 -0.111257 
vn 0.88834 0.450917 -0.08675 
vn 0.891644 0.448447 -0.0621848 
vn 0.894382 0.445722 -0.0375769 
vn 0.896554 0.442745 -0.0129419 
vn 0.898158 0.439517 0.0117051 
vn 0.899193 0.43604 0.0363488 
vn 0.899658 0.432317 0.0609737 
vn 0.899553 0.428349 0.0855646 
vn 0.898879 0.424139 0.110106 
vn 0.897634 0.41969 0.134583 
vn 0.895821 0.415005 0.158981 
vn 0.56063 0.422514 -0.712162 
vn 0.578063 0.42743 -0.695088 
vn 0.595122 0.432112 -0.677576 
vn 0.611797 0.436558 -0.659638 
vn 0.628077 0.440764 -0.641285 
vn 0.643953 0.444729 -0.622528 
vn 0.659414 0.44845 -0.603378 
vn 0.674451 0.451925 -0.583849 
vn 0.689055 0.45515 -0.563951 
vn 0.703216 0.458126 -0.543698 
vn 0.716927 0.460848 -0.523102 
vn 0.730177 0.463317 -0.502175 
vn 0.742959 0.46553 -0.480931 
vn 0.755265 0.467485 -0.459382 
vn 0.767088 0.469183 -0.437543 
vn 0.778419 0.470621 -0.415427 
vn 0.789252 0.471799 -0.393048 
vn 0.799581 0.472716 -0.370419 
vn 0.809398 0.473371 -0.347555 
vn 0.818699 0.473764 -0.324469 
vn 0.827476 0.473895 -0.301177 
vn 0.835724 0.473764 -0.277692 
vn 0.843439 0.473371 -0.254029 
vn 0.850615 0.472716 -0.230203 
vn 0.857249 0.471799 -0.20623 
vn 0.863335 0.470621 -0.182122 
vn 0.868871 0.469183 -0.157897 
vn 0.873852 0.467485 -0.133568 
vn 0.878276 0.46553 -0.109151 
vn 0.88214 0.463317 -0.0846604 
vn 0.885441 0.460848 -0.0601125 
vn 0.888177 0.458126 -0.035522 
vn 0.890348 0.45515 -0.0109044 
vn 0.891951 0.451925 0.0137252 
vn 0.892985 0.44845 0.0383515 
vn 0.893449 0.444729 0.062959 
vn 0.893345 0.440764 0.0875325 
vn 0.892671 0.436558 0.112057 
vn 0.891427 0.432112 0.136517 
vn 0.893441 0.410086 0.183283 
vn 0.889616 0.42743 0.160897 
vn 0.554633 0.434687 -0.709528 
vn 0.57205 0.439598 -0.692468 
vn 0.589094 0.444276 -0.674972 
vn 0.605754 0.448718 -0.65705 
vn 0.62202 0.452921 -0.638713 
vn 0.637881 0.456882 -0.619973 
vn 0.653329 0.4606 -0.60084 
vn 0.668353 0.464071 -0.581328 
vn 0.682944 0.467294 -0.561448 
vn 0.697092 0.470267 -0.541213 
vn 0.71079 0.472987 -0.520635 
vn 0.724029 0.475453 -0.499727 
vn 0.736799 0.477664 -0.478502 
vn 0.749095 0.479618 -0.456972 
vn 0.760907 0.481314 -0.435153 
vn 0.772228 0.482751 -0.413057 
vn 0.783052 0.483928 -0.390697 
vn 0.793371 0.484844 -0.368088 
vn 0.80318 0.485498 -0.345244 
vn 0.812472 0.485891 -0.322179 
vn 0.821241 0.486022 -0.298907 
vn 0.829482 0.485891 -0.275443 
vn 0.83719 0.485498 -0.251802 
vn 0.84436 0.484844 -0.227997 
vn 0.850988 0.483928 -0.204045 
vn 0.857069 0.482751 -0.179959 
vn 0.862599 0.481314 -0.155755 
vn 0.867576 0.479618 -0.131447 
vn 0.871996 0.477664 -0.107052 
vn 0.875856 0.475453 -0.0825837 
vn 0.879155 0.472987 -0.0580577 
vn 0.881889 0.470267 -0.0334891 
vn 0.884057 0.467294 -0.00889333 
vn 0.885658 0.464071 0.0157144 
vn 0.886692 0.4606 0.0403187 
vn 0.887156 0.456882 0.0649043 
vn 0.887051 0.452921 0.089456 
vn 0.886378 0.448718 0.113958 
vn 0.885136 0.444276 0.138397 
vn 0.887237 0.422514 0.185182 
vn 0.883326 0.439598 0.162755 
vn 0.548617 0.446606 -0.706798 
vn 0.566015 0.451512 -0.689756 
vn 0.583041 0.456185 -0.672279 
vn 0.599683 0.460622 -0.654376 
vn 0.615932 0.46482 -0.636058 
vn 0.631777 0.468777 -0.617338 
vn 0.647208 0.472491 -0.598226 
vn 0.662216 0.475959 -0.578735 
vn 0.676791 0.479178 -0.558876 
vn 0.690925 0.482148 -0.538662 
vn 0.704608 0.484865 -0.518106 
vn 0.717832 0.487329 -0.49722 
vn 0.730589 0.489537 -0.476017 
vn 0.742872 0.491489 -0.454511 
vn 0.754671 0.493183 -0.432715 
vn 0.76598 0.494618 -0.410642 
vn 0.776793 0.495794 -0.388306 
vn 0.787101 0.496709 -0.365721 
vn 0.796899 0.497363 -0.342902 
vn 0.806181 0.497756 -0.319861 
vn 0.814941 0.497886 -0.296614 
vn 0.823174 0.497756 -0.273175 
vn 0.830873 0.497363 -0.249559 
vn 0.838036 0.496709 -0.22578 
vn 0.844656 0.495794 -0.201853 
vn 0.850731 0.494618 -0.177793 
vn 0.856255 0.493183 -0.153614 
vn 0.861227 0.491489 -0.129333 
vn 0.865642 0.489537 -0.104963 
vn 0.869498 0.487329 -0.0805211 
vn 0.872793 0.484865 -0.0560212 
vn 0.875524 0.482148 -0.0314788 
vn 0.87769 0.479178 -0.00690917 
vn 0.87929 0.475959 0.0176723 
vn 0.880322 0.472491 0.0422504 
vn 0.880786 0.468777 0.0668099 
vn 0.880682 0.46482 0.0913355 
vn 0.880009 0.460622 0.115812 
vn 0.878768 0.456185 0.140224 
vn 0.880949 0.434687 0.187018 
vn 0.87696 0.451512 0.164556 
vn 0.559965 0.463172 -0.686958 
vn 0.576969 0.467839 -0.669502 
vn 0.593591 0.472271 -0.651621 
vn 0.60982 0.476464 -0.633326 
vn 0.625645 0.480417 -0.614629 
vn 0.641057 0.484126 -0.59554 
vn 0.656046 0.487589 -0.576073 
vn 0.670604 0.490805 -0.556239 
vn 0.68472 0.49377 -0.53605 
vn 0.698386 0.496484 -0.515519 
vn 0.711594 0.498945 -0.494659 
vn 0.724336 0.501151 -0.473482 
vn 0.736603 0.5031 -0.452003 
vn 0.748388 0.504792 -0.430233 
vn 0.759683 0.506226 -0.408188 
vn 0.770482 0.5074 -0.385879 
vn 0.780778 0.508314 -0.363322 
vn 0.790564 0.508967 -0.340531 
vn 0.799835 0.509359 -0.317519 
vn 0.808584 0.50949 -0.2943 
vn 0.816806 0.509359 -0.27089 
vn 0.824496 0.508967 -0.247303 
vn 0.83165 0.508314 -0.223553 
vn 0.838262 0.5074 -0.199656 
vn 0.844329 0.506226 -0.175625 
vn 0.849847 0.504792 -0.151477 
vn 0.854812 0.5031 -0.127225 
vn 0.859222 0.501151 -0.102886 
vn 0.863073 0.498945 -0.0784735 
vn 0.866364 0.496484 -0.0540037 
vn 0.869092 0.49377 -0.0294915 
vn 0.871256 0.490805 -0.00495222 
vn 0.872853 0.487589 0.019599 
vn 0.873884 0.484126 0.0441468 
vn 0.874347 0.480417 0.068676 
vn 0.874243 0.476464 0.0931713 
vn 0.873571 0.472271 0.117618 
vn 0.872332 0.467839 0.141999 
vn 0.553903 0.474582 -0.684079 
vn 0.570884 0.479243 -0.666647 
vn 0.587482 0.483668 -0.648791 
vn 0.603688 0.487855 -0.630522 
vn 0.619492 0.491802 -0.61185 
vn 0.634882 0.495506 -0.592788 
vn 0.649851 0.498965 -0.573348 
vn 0.664388 0.502176 -0.553542 
vn 0.678484 0.505137 -0.533381 
vn 0.692132 0.507848 -0.512879 
vn 0.705321 0.510305 -0.492047 
vn 0.718045 0.512508 -0.4709 
vn 0.730295 0.514454 -0.449451 
vn 0.742063 0.516144 -0.427712 
vn 0.753343 0.517576 -0.405697 
vn 0.764127 0.518748 -0.383419 
vn 0.774408 0.519661 -0.360894 
vn 0.784181 0.520313 -0.338134 
vn 0.793439 0.520704 -0.315154 
vn 0.802176 0.520835 -0.291968 
vn 0.810386 0.520704 -0.268591 
vn 0.818066 0.520313 -0.245036 
vn 0.825209 0.519661 -0.221319 
vn 0.831813 0.518748 -0.197455 
vn 0.837871 0.517576 -0.173458 
vn 0.843381 0.516144 -0.149343 
vn 0.84834 0.514454 -0.125125 
vn 0.852743 0.512508 -0.10082 
vn 0.85659 0.510305 -0.0764416 
vn 0.859876 0.507848 -0.0520059 
vn 0.8626 0.505137 -0.0275279 
vn 0.86476 0.502176 -0.00302277 
vn 0.866356 0.498965 0.0214942 
vn 0.867385 0.495506 0.0460079 
vn 0.867848 0.491802 0.0705029 
vn 0.867744 0.487855 0.0949642 
vn 0.867072 0.483668 0.119376 
vn 0.870526 0.463172 0.166302 
vn 0.865835 0.479243 0.143724 
vn 0.547835 0.485743 -0.681125 
vn 0.564789 0.490397 -0.66372 
vn 0.581362 0.494815 -0.645891 
vn 0.597543 0.498996 -0.62765 
vn 0.613322 0.502937 -0.609008 
vn 0.628689 0.506635 -0.589975 
vn 0.643634 0.510089 -0.570565 
vn 0.658149 0.513295 -0.550789 
vn 0.672224 0.516252 -0.53066 
vn 0.68585 0.518958 -0.510189 
vn 0.699019 0.521411 -0.48939 
vn 0.711723 0.52361 -0.468276 
vn 0.723954 0.525554 -0.446859 
vn 0.735704 0.527241 -0.425154 
vn 0.746967 0.528671 -0.403173 
vn 0.757734 0.529841 -0.38093 
vn 0.768 0.530752 -0.358439 
vn 0.777757 0.531404 -0.335714 
vn 0.787 0.531795 -0.31277 
vn 0.795724 0.531925 -0.28962 
vn 0.803922 0.531795 -0.266278 
vn 0.811589 0.531404 -0.24276 
vn 0.818722 0.530752 -0.21908 
vn 0.825315 0.529841 -0.195253 
vn 0.831364 0.528671 -0.171293 
vn 0.836866 0.527241 -0.147215 
vn 0.841817 0.525554 -0.123035 
vn 0.846213 0.52361 -0.0987669 
vn 0.850054 0.521411 -0.0744264 
vn 0.853335 0.518958 -0.0500285 
vn 0.856055 0.516252 -0.0255883 
vn 0.858212 0.513295 -0.00112102 
vn 0.859805 0.510089 0.0233581 
vn 0.860832 0.506635 0.0478339 
vn 0.861294 0.502937 0.0722911 
vn 0.86119 0.498996 0.0967145 
vn 0.86052 0.494815 0.121089 
vn 0.864032 0.474582 0.167993 
vn 0.859285 0.490397 0.145399 
vn 0.541765 0.496659 -0.678101 
vn 0.558691 0.501305 -0.660725 
vn 0.575236 0.505716 -0.642927 
vn 0.591389 0.50989 -0.624717 
vn 0.607141 0.513824 -0.606106 
vn 0.622482 0.517516 -0.587105 
vn 0.637402 0.520963 -0.567728 
vn 0.651893 0.524164 -0.547986 
vn 0.665944 0.527116 -0.52789 
vn 0.679547 0.529818 -0.507454 
vn 0.692694 0.532267 -0.48669 
vn 0.705376 0.534462 -0.465612 
vn 0.717587 0.536403 -0.444231 
vn 0.729317 0.538087 -0.422563 
vn 0.74056 0.539514 -0.400619 
vn 0.751309 0.540683 -0.378414 
vn 0.761557 0.541592 -0.355961 
vn 0.771298 0.542242 -0.333275 
vn 0.780526 0.542633 -0.310369 
vn 0.789235 0.542763 -0.287258 
vn 0.797419 0.542633 -0.263956 
vn 0.805074 0.542242 -0.240478 
vn 0.812194 0.541592 -0.216838 
vn 0.818776 0.540683 -0.193051 
vn 0.824815 0.539514 -0.169131 
vn 0.830307 0.538087 -0.145094 
vn 0.83525 0.536403 -0.120955 
vn 0.839639 0.534462 -0.0967279 
vn 0.843473 0.532267 -0.0724286 
vn 0.846748 0.529818 -0.0480719 
vn 0.849464 0.527116 -0.023673 
vn 0.851617 0.524164 0.000752853 
vn 0.853207 0.520963 0.0251906 
vn 0.854233 0.517516 0.0496249 
vn 0.854695 0.513824 0.0740408 
vn 0.854591 0.50989 0.0984229 
vn 0.853922 0.505716 0.122756 
vn 0.857484 0.485743 0.16963 
vn 0.852688 0.501305 0.147025 
vn 0.535698 0.507333 -0.675012 
vn 0.552593 0.51197 -0.657669 
vn 0.569108 0.516373 -0.639903 
vn 0.585232 0.520539 -0.621726 
vn 0.600955 0.524466 -0.603149 
vn 0.616268 0.528151 -0.584184 
vn 0.63116 0.531592 -0.564842 
vn 0.645624 0.534787 -0.545135 
vn 0.659649 0.537734 -0.525076 
vn 0.673228 0.54043 -0.504678 
vn 0.68635 0.542875 -0.483952 
vn 0.69901 0.545067 -0.462912 
vn 0.711198 0.547004 -0.441571 
vn 0.722907 0.548685 -0.419942 
vn 0.734129 0.550109 -0.398038 
vn 0.744859 0.551275 -0.375874 
vn 0.755088 0.552184 -0.353462 
vn 0.764811 0.552833 -0.330817 
vn 0.774022 0.553222 -0.307954 
vn 0.782715 0.553352 -0.284885 
vn 0.790884 0.553222 -0.261626 
vn 0.798525 0.552833 -0.23819 
vn 0.805632 0.552184 -0.214594 
vn 0.812202 0.551275 -0.19085 
vn 0.81823 0.550109 -0.166974 
vn 0.823712 0.548685 -0.142981 
vn 0.828645 0.547004 -0.118886 
vn 0.833027 0.545067 -0.0947036 
vn 0.836853 0.542875 -0.0704487 
vn 0.840123 0.54043 -0.0461366 
vn 0.842833 0.537734 -0.0217824 
vn 0.844983 0.534787 0.00259874 
vn 0.84657 0.531592 0.0269917 
vn 0.847594 0.528151 0.0513814 
vn 0.848055 0.524466 0.0757525 
vn 0.847951 0.520539 0.10009 
vn 0.847283 0.516373 0.124379 
vn 0.850891 0.496659 0.171215 
vn 0.846052 0.51197 0.148603 
vn 0.5465 0.522395 -0.654555 
vn 0.562982 0.526789 -0.636824 
vn 0.579074 0.530947 -0.618682 
vn 0.594767 0.534867 -0.600142 
vn 0.610049 0.538545 -0.581214 
vn 0.624913 0.541979 -0.56191 
vn 0.639348 0.545167 -0.542242 
vn 0.653346 0.548108 -0.522223 
vn 0.666897 0.550799 -0.501864 
vn 0.679995 0.553239 -0.481179 
vn 0.692629 0.555427 -0.46018 
vn 0.704793 0.55736 -0.438881 
vn 0.716479 0.559038 -0.417294 
vn 0.72768 0.560459 -0.395434 
vn 0.738388 0.561623 -0.373313 
vn 0.748597 0.56253 -0.350945 
vn 0.758301 0.563177 -0.328345 
vn 0.767494 0.563566 -0.305526 
vn 0.77617 0.563696 -0.282503 
vn 0.784323 0.563566 -0.259289 
vn 0.791949 0.563177 -0.2359 
vn 0.799042 0.56253 -0.212349 
vn 0.805599 0.561623 -0.188652 
vn 0.811615 0.560459 -0.164824 
vn 0.817086 0.559038 -0.140878 
vn 0.82201 0.55736 -0.11683 
vn 0.826383 0.555427 -0.0926947 
vn 0.830202 0.553239 -0.0684875 
vn 0.833465 0.550799 -0.0442231 
vn 0.83617 0.548108 -0.0199167 
vn 0.838316 0.545167 0.00441659 
vn 0.8399 0.541979 0.0287617 
vn 0.840922 0.538545 0.0531035 
vn 0.841381 0.534867 0.0774268 
vn 0.841278 0.530947 0.101716 
vn 0.840611 0.526789 0.125957 
vn 0.540415 0.532584 -0.651388 
vn 0.556863 0.536969 -0.633694 
vn 0.572922 0.541118 -0.615591 
vn 0.588581 0.545029 -0.597089 
vn 0.603832 0.548699 -0.5782 
vn 0.618665 0.552127 -0.558937 
vn 0.633069 0.555308 -0.53931 
vn 0.647038 0.558243 -0.519333 
vn 0.660561 0.560929 -0.499017 
vn 0.673631 0.563364 -0.478375 
vn 0.686239 0.565546 -0.45742 
vn 0.698378 0.567475 -0.436165 
vn 0.710039 0.56915 -0.414624 
vn 0.721217 0.570568 -0.392809 
vn 0.731902 0.57173 -0.370734 
vn 0.74209 0.572634 -0.348413 
vn 0.751774 0.573281 -0.32586 
vn 0.760948 0.573669 -0.303089 
vn 0.769605 0.573798 -0.280113 
vn 0.777741 0.573669 -0.256948 
vn 0.785351 0.573281 -0.233608 
vn 0.79243 0.572634 -0.210107 
vn 0.798973 0.57173 -0.186459 
vn 0.804976 0.570568 -0.16268 
vn 0.810437 0.56915 -0.138784 
vn 0.81535 0.567475 -0.114787 
vn 0.819714 0.565546 -0.0907021 
vn 0.823525 0.563364 -0.0665454 
vn 0.826781 0.560929 -0.0423317 
vn 0.82948 0.558243 -0.0180761 
vn 0.831621 0.555308 0.00620637 
vn 0.833202 0.552127 0.0305006 
vn 0.834222 0.548699 0.0547915 
vn 0.834681 0.545029 0.079064 
vn 0.834577 0.541118 0.103303 
vn 0.839383 0.522395 0.150135 
vn 0.833912 0.536969 0.127493 
vn 0.534343 0.542539 -0.648173 
vn 0.550754 0.546915 -0.630519 
vn 0.566778 0.551055 -0.612455 
vn 0.582403 0.554957 -0.593994 
vn 0.59762 0.55862 -0.575148 
vn 0.61242 0.562039 -0.555927 
vn 0.626793 0.565214 -0.536343 
vn 0.64073 0.568142 -0.51641 
vn 0.654224 0.570822 -0.496139 
vn 0.667265 0.573251 -0.475542 
vn 0.679845 0.575429 -0.454634 
vn 0.691957 0.577354 -0.433426 
vn 0.703593 0.579025 -0.411932 
vn 0.714745 0.58044 -0.390165 
vn 0.725407 0.581599 -0.368139 
vn 0.735573 0.582502 -0.345868 
vn 0.745235 0.583147 -0.323365 
vn 0.754388 0.583534 -0.300644 
vn 0.763027 0.583663 -0.277719 
vn 0.771145 0.583534 -0.254605 
vn 0.778738 0.583147 -0.231316 
vn 0.785801 0.582502 -0.207867 
vn 0.79233 0.581599 -0.184272 
vn 0.79832 0.58044 -0.160545 
vn 0.803768 0.579025 -0.136702 
vn 0.808671 0.577354 -0.112758 
vn 0.813025 0.575429 -0.0887262 
vn 0.816827 0.573251 -0.0646229 
vn 0.820076 0.570822 -0.0404627 
vn 0.82277 0.568142 -0.0162607 
vn 0.824906 0.565214 0.00796813 
vn 0.826483 0.562039 0.0322087 
vn 0.827501 0.55862 0.0564459 
vn 0.827959 0.554957 0.0806648 
vn 0.827856 0.551055 0.10485 
vn 0.832686 0.532584 0.15162 
vn 0.827192 0.546915 0.128987 
vn 0.528287 0.552266 -0.644915 
vn 0.54466 0.556631 -0.627301 
vn 0.560646 0.560762 -0.60928 
vn 0.576235 0.564655 -0.590862 
vn 0.591417 0.568309 -0.572059 
vn 0.606182 0.57172 -0.552882 
vn 0.620522 0.574888 -0.533345 
vn 0.634427 0.577809 -0.513458 
vn 0.647889 0.580483 -0.493234 
vn 0.6609 0.582907 -0.472685 
vn 0.673451 0.585079 -0.451825 
vn 0.685535 0.587 -0.430667 
vn 0.697143 0.588666 -0.409223 
vn 0.70827 0.590079 -0.387506 
vn 0.718907 0.591235 -0.365532 
vn 0.729049 0.592135 -0.343312 
vn 0.738689 0.592779 -0.320861 
vn 0.747821 0.593165 -0.298193 
vn 0.756439 0.593294 -0.275321 
vn 0.764539 0.593165 -0.252261 
vn 0.772114 0.592779 -0.229027 
vn 0.779161 0.592135 -0.205632 
vn 0.785674 0.591235 -0.182091 
vn 0.79165 0.590079 -0.15842 
vn 0.797086 0.588666 -0.134632 
vn 0.801977 0.587 -0.110743 
vn 0.806321 0.585079 -0.0867677 
vn 0.810115 0.582907 -0.0627204 
vn 0.813356 0.580483 -0.0386164 
vn 0.816044 0.577809 -0.0144706 
vn 0.818175 0.574888 0.00970193 
vn 0.819748 0.57172 0.0338862 
vn 0.820764 0.568309 0.0580671 
vn 0.82122 0.564655 0.0822297 
vn 0.821117 0.560762 0.106359 
vn 0.825968 0.542539 0.153061 
vn 0.820455 0.556631 0.13044 
vn 0.52225 0.561767 -0.641617 
vn 0.538584 0.566122 -0.624046 
vn 0.554531 0.570243 -0.606068 
vn 0.570082 0.574126 -0.587695 
vn 0.585227 0.577771 -0.568938 
vn 0.599956 0.581174 -0.549808 
vn 0.614261 0.584334 -0.530318 
vn 0.628132 0.587248 -0.510479 
vn 0.641562 0.589915 -0.490304 
vn 0.654541 0.592333 -0.469806 
vn 0.667061 0.594501 -0.448997 
vn 0.679115 0.596417 -0.42789 
vn 0.690696 0.598079 -0.406498 
vn 0.701795 0.599488 -0.384834 
vn 0.712407 0.600642 -0.362913 
vn 0.722524 0.60154 -0.340747 
vn 0.732141 0.602182 -0.318351 
vn 0.74125 0.602567 -0.295738 
vn 0.749848 0.602695 -0.272922 
vn 0.757928 0.602567 -0.249918 
vn 0.765484 0.602182 -0.22674 
vn 0.772514 0.60154 -0.203402 
vn 0.779011 0.600642 -0.179919 
vn 0.784973 0.599488 -0.156305 
vn 0.790395 0.598079 -0.132575 
vn 0.795275 0.596417 -0.108744 
vn 0.799608 0.594501 -0.0848271 
vn 0.803393 0.592333 -0.0608383 
vn 0.806626 0.589915 -0.0367929 
vn 0.809307 0.587248 -0.0127059 
vn 0.811433 0.584334 0.0114079 
vn 0.813003 0.581174 0.0355333 
vn 0.814016 0.577771 0.0596554 
vn 0.814471 0.574126 0.0837592 
vn 0.814369 0.570243 0.10783 
vn 0.819235 0.552266 0.154457 
vn 0.813708 0.566122 0.131852 
vn 0.532528 0.575391 -0.620757 
vn 0.548435 0.579501 -0.602825 
vn 0.563946 0.583375 -0.584498 
vn 0.579053 0.587011 -0.565789 
vn 0.593745 0.590405 -0.546707 
vn 0.608013 0.593557 -0.527266 
vn 0.62185 0.596464 -0.507478 
vn 0.635245 0.599124 -0.487354 
vn 0.648191 0.601536 -0.466908 
vn 0.66068 0.603698 -0.446151 
vn 0.672703 0.605609 -0.425098 
vn 0.684255 0.607267 -0.40376 
vn 0.695326 0.608672 -0.382152 
vn 0.705911 0.609823 -0.360286 
vn 0.716002 0.610719 -0.338176 
vn 0.725594 0.611359 -0.315837 
vn 0.734681 0.611743 -0.293281 
vn 0.743257 0.611872 -0.270523 
vn 0.751316 0.611743 -0.247578 
vn 0.758853 0.611359 -0.224458 
vn 0.765865 0.610719 -0.201179 
vn 0.772346 0.609823 -0.177756 
vn 0.778293 0.608672 -0.154202 
vn 0.783701 0.607267 -0.130532 
vn 0.788568 0.605609 -0.106762 
vn 0.792891 0.603698 -0.0829049 
vn 0.796666 0.601536 -0.0589769 
vn 0.799891 0.599124 -0.0349925 
vn 0.802565 0.596464 -0.0109665 
vn 0.804686 0.593557 0.0130861 
vn 0.806252 0.590405 0.0371504 
vn 0.807262 0.587011 0.0612114 
vn 0.807716 0.583375 0.0852541 
vn 0.807614 0.579501 0.109264 
vn 0.526496 0.584442 -0.617437 
vn 0.542361 0.588542 -0.599553 
vn 0.557831 0.592405 -0.581274 
vn 0.572898 0.596031 -0.562614 
vn 0.587552 0.599417 -0.543583 
vn 0.601783 0.602561 -0.524193 
vn 0.615582 0.60546 -0.504457 
vn 0.628943 0.608113 -0.484386 
vn 0.641855 0.610518 -0.463993 
vn 0.65431 0.612675 -0.443292 
vn 0.666302 0.614581 -0.422293 
vn 0.677823 0.616235 -0.401012 
vn 0.688865 0.617636 -0.37946 
vn 0.699422 0.618784 -0.357652 
vn 0.709487 0.619677 -0.335601 
vn 0.719054 0.620316 -0.31332 
vn 0.728117 0.620699 -0.290824 
vn 0.73667 0.620827 -0.268126 
vn 0.744708 0.620699 -0.245241 
vn 0.752226 0.620316 -0.222182 
vn 0.759219 0.619677 -0.198964 
vn 0.765683 0.618784 -0.175602 
vn 0.771614 0.617636 -0.152111 
vn 0.777008 0.616235 -0.128503 
vn 0.781862 0.614581 -0.104795 
vn 0.786173 0.612675 -0.0810015 
vn 0.789938 0.610518 -0.0571365 
vn 0.793155 0.608113 -0.0332152 
vn 0.795822 0.60546 -0.00925244 
vn 0.797937 0.602561 0.0147368 
vn 0.799499 0.599417 0.0387378 
vn 0.800507 0.596031 0.0627354 
vn 0.80096 0.592405 0.0867148 
vn 0.806955 0.575391 0.133225 
vn 0.800858 0.588542 0.110661 
vn 0.520491 0.59328 -0.614091 
vn 0.536312 0.597369 -0.596255 
vn 0.551741 0.601222 -0.578027 
vn 0.566766 0.604838 -0.559417 
vn 0.58138 0.608214 -0.540438 
vn 0.595572 0.611349 -0.521101 
vn 0.609334 0.614241 -0.501418 
vn 0.622658 0.616886 -0.481402 
vn 0.635535 0.619285 -0.461065 
vn 0.647957 0.621436 -0.44042 
vn 0.659916 0.623336 -0.419479 
vn 0.671405 0.624986 -0.398256 
vn 0.682417 0.626384 -0.376763 
vn 0.692945 0.627528 -0.355014 
vn 0.702983 0.628419 -0.333023 
vn 0.712524 0.629056 -0.310803 
vn 0.721562 0.629438 -0.288368 
vn 0.730092 0.629566 -0.265732 
vn 0.738108 0.629438 -0.242909 
vn 0.745605 0.629056 -0.219913 
vn 0.752579 0.628419 -0.196759 
vn 0.759026 0.627528 -0.17346 
vn 0.76494 0.626384 -0.150032 
vn 0.77032 0.624986 -0.12649 
vn 0.775161 0.623336 -0.102846 
vn 0.77946 0.621436 -0.0791172 
vn 0.783215 0.619285 -0.0553172 
vn 0.786423 0.616886 -0.0314611 
vn 0.789083 0.614241 -0.00756365 
vn 0.791192 0.611349 0.0163603 
vn 0.792749 0.608214 0.0402958 
vn 0.793754 0.604838 0.064228 
vn 0.794206 0.601222 0.088142 
vn 0.800201 0.584442 0.134559 
vn 0.794104 0.597369 0.112023 
vn 0.514514 0.601909 -0.610721 
vn 0.530291 0.605986 -0.592935 
vn 0.545676 0.609828 -0.574758 
vn 0.560659 0.613434 -0.556201 
vn 0.575232 0.616801 -0.537275 
vn 0.589384 0.619927 -0.517993 
vn 0.603108 0.62281 -0.498366 
vn 0.616394 0.625449 -0.478406 
vn 0.629234 0.627841 -0.458126 
vn 0.641621 0.629986 -0.437539 
vn 0.653547 0.631881 -0.416657 
vn 0.665004 0.633526 -0.395493 
vn 0.675985 0.634919 -0.37406 
vn 0.686484 0.636061 -0.352373 
vn 0.696493 0.636949 -0.330443 
vn 0.706007 0.637584 -0.308286 
vn 0.71502 0.637966 -0.285914 
vn 0.723525 0.638093 -0.263342 
vn 0.731519 0.637966 -0.240583 
vn 0.738995 0.637584 -0.217652 
vn 0.74595 0.636949 -0.194563 
vn 0.752378 0.636061 -0.17133 
vn 0.758276 0.634919 -0.147968 
vn 0.763641 0.633526 -0.124491 
vn 0.768468 0.631881 -0.100915 
vn 0.772755 0.629986 -0.0772522 
vn 0.776499 0.627841 -0.0535192 
vn 0.779698 0.625449 -0.0297302 
vn 0.782351 0.62281 -0.00590001 
vn 0.784454 0.619927 0.0179566 
vn 0.786007 0.616801 0.0418248 
vn 0.787009 0.613434 0.0656897 
vn 0.78746 0.609828 0.0895364 
vn 0.793449 0.59328 0.135856 
vn 0.787358 0.605986 0.11335 
vn 0.508569 0.610333 -0.607331 
vn 0.5243 0.614398 -0.589597 
vn 0.539641 0.618229 -0.571472 
vn 0.554581 0.621825 -0.552969 
vn 0.569111 0.625182 -0.534098 
vn 0.583222 0.628299 -0.514871 
vn 0.596906 0.631174 -0.495301 
vn 0.610154 0.633805 -0.475399 
vn 0.622957 0.63619 -0.455178 
vn 0.635308 0.638328 -0.43465 
vn 0.647199 0.640218 -0.413828 
vn 0.658623 0.641858 -0.392726 
vn 0.669572 0.643248 -0.371356 
vn 0.680041 0.644386 -0.349731 
vn 0.690021 0.645272 -0.327865 
vn 0.699507 0.645905 -0.305772 
vn 0.708494 0.646285 -0.283464 
vn 0.716975 0.646412 -0.260957 
vn 0.724945 0.646285 -0.238265 
vn 0.7324 0.645905 -0.2154 
vn 0.739334 0.645272 -0.192378 
vn 0.745744 0.644386 -0.169212 
vn 0.751625 0.643248 -0.145918 
vn 0.756974 0.641858 -0.122509 
vn 0.761787 0.640218 -0.0990007 
vn 0.766062 0.638328 -0.075407 
vn 0.769795 0.63619 -0.0517427 
vn 0.772985 0.633805 -0.0280226 
vn 0.77563 0.631174 -0.00426138 
vn 0.777727 0.628299 0.0195261 
vn 0.779275 0.625182 0.0433252 
vn 0.780275 0.621825 0.067121 
vn 0.780724 0.618229 0.0908987 
vn 0.786705 0.601909 0.137116 
vn 0.780623 0.614398 0.114644 
vn 0.502657 0.618557 -0.603923 
vn 0.518342 0.62261 -0.586242 
vn 0.533636 0.62643 -0.568171 
vn 0.548532 0.630014 -0.549723 
vn 0.563019 0.633361 -0.530908 
vn 0.577088 0.636469 -0.511738 
vn 0.590731 0.639336 -0.492226 
vn 0.60394 0.641959 -0.472384 
vn 0.616705 0.644337 -0.452223 
vn 0.629019 0.646469 -0.431756 
vn 0.640875 0.648353 -0.410996 
vn 0.652265 0.649988 -0.389957 
vn 0.663182 0.651373 -0.36865 
vn 0.673619 0.652508 -0.347089 
vn 0.683569 0.653391 -0.325289 
vn 0.693027 0.654023 -0.303261 
vn 0.701987 0.654402 -0.28102 
vn 0.710443 0.654528 -0.25858 
vn 0.71839 0.654402 -0.235955 
vn 0.725822 0.654023 -0.213158 
vn 0.732736 0.653391 -0.190204 
vn 0.739127 0.652508 -0.167108 
vn 0.74499 0.651373 -0.143883 
vn 0.750323 0.649988 -0.120544 
vn 0.755122 0.648353 -0.0971051 
vn 0.759384 0.646469 -0.0735816 
vn 0.763106 0.644337 -0.0499877 
vn 0.766287 0.641959 -0.0263381 
vn 0.768923 0.639336 -0.0026476 
vn 0.771014 0.636469 0.0210692 
vn 0.772558 0.633361 0.0447974 
vn 0.773555 0.630014 0.0685224 
vn 0.774002 0.62643 0.0922294 
vn 0.779971 0.610333 0.138341 
vn 0.773902 0.62261 0.115904 
vn 0.512417 0.630625 -0.582873 
vn 0.527665 0.634433 -0.564858 
vn 0.542515 0.638007 -0.546465 
vn 0.556958 0.641344 -0.527708 
vn 0.570985 0.644442 -0.508597 
vn 0.584586 0.6473 -0.489144 
vn 0.597754 0.649915 -0.469362 
vn 0.610481 0.652286 -0.449263 
vn 0.622757 0.654411 -0.428858 
vn 0.634577 0.656289 -0.408162 
vn 0.645932 0.65792 -0.387187 
vn 0.656816 0.659301 -0.365945 
vn 0.667221 0.660432 -0.34445 
vn 0.677141 0.661313 -0.322716 
vn 0.68657 0.661942 -0.300755 
vn 0.695503 0.66232 -0.278582 
vn 0.703933 0.662446 -0.256211 
vn 0.711855 0.66232 -0.233654 
vn 0.719265 0.661942 -0.210927 
vn 0.726158 0.661313 -0.188043 
vn 0.732529 0.660432 -0.165017 
vn 0.738375 0.659301 -0.141863 
vn 0.743691 0.65792 -0.118595 
vn 0.748476 0.656289 -0.095228 
vn 0.752725 0.654411 -0.0717761 
vn 0.756436 0.652286 -0.0482542 
vn 0.759606 0.649915 -0.0246768 
vn 0.762235 0.6473 -0.00105847 
vn 0.76432 0.644442 0.022586 
vn 0.765859 0.641344 0.0462419 
vn 0.766852 0.638007 0.0698945 
vn 0.767299 0.634433 0.0935292 
vn 0.506529 0.638448 -0.579494 
vn 0.52173 0.642244 -0.561534 
vn 0.536533 0.645807 -0.543199 
vn 0.550931 0.649133 -0.5245 
vn 0.564914 0.652222 -0.505449 
vn 0.578473 0.655071 -0.486057 
vn 0.5916 0.657678 -0.466337 
vn 0.604286 0.660041 -0.4463 
vn 0.616525 0.66216 -0.425959 
vn 0.628308 0.664032 -0.405328 
vn 0.639627 0.665658 -0.384417 
vn 0.650477 0.667034 -0.363242 
vn 0.66085 0.668162 -0.341814 
vn 0.670739 0.66904 -0.320148 
vn 0.680139 0.669668 -0.298256 
vn 0.689044 0.670044 -0.276152 
vn 0.697447 0.67017 -0.25385 
vn 0.705345 0.670044 -0.231364 
vn 0.712732 0.669668 -0.208708 
vn 0.719603 0.66904 -0.185895 
vn 0.725954 0.668162 -0.162941 
vn 0.731782 0.667034 -0.139859 
vn 0.737082 0.665658 -0.116664 
vn 0.741851 0.664032 -0.0933695 
vn 0.746087 0.66216 -0.0699909 
vn 0.749786 0.660041 -0.0465423 
vn 0.752947 0.657678 -0.0230384 
vn 0.755567 0.655071 0.000506232 
vn 0.757645 0.652222 0.0240769 
vn 0.75918 0.649133 0.047659 
vn 0.76017 0.645807 0.0712379 
vn 0.767198 0.630625 0.117131 
vn 0.760615 0.642244 0.0947989 
vn 0.500678 0.646083 -0.576105 
vn 0.515831 0.649868 -0.558203 
vn 0.530587 0.653419 -0.539927 
vn 0.544939 0.656735 -0.521288 
vn 0.558877 0.659814 -0.502297 
vn 0.572393 0.662653 -0.482967 
vn 0.585478 0.665252 -0.463309 
vn 0.598124 0.667608 -0.443336 
vn 0.610324 0.66972 -0.42306 
vn 0.622069 0.671586 -0.402494 
vn 0.633353 0.673206 -0.381651 
vn 0.644168 0.674579 -0.360543 
vn 0.654507 0.675703 -0.339183 
vn 0.664365 0.676578 -0.317586 
vn 0.673735 0.677204 -0.295763 
vn 0.682612 0.677579 -0.27373 
vn 0.690989 0.677704 -0.251499 
vn 0.698861 0.677579 -0.229085 
vn 0.706224 0.677204 -0.206501 
vn 0.713074 0.676578 -0.183761 
vn 0.719405 0.675703 -0.16088 
vn 0.725214 0.674579 -0.137871 
vn 0.730497 0.673206 -0.11475 
vn 0.735251 0.671586 -0.09153 
vn 0.739473 0.66972 -0.0682258 
vn 0.743161 0.667608 -0.0448519 
vn 0.746312 0.665252 -0.0214229 
vn 0.748924 0.662653 0.00204676 
vn 0.750995 0.659814 0.0255424 
vn 0.752525 0.656735 0.0490494 
vn 0.753512 0.653419 0.0725531 
vn 0.760515 0.638448 0.118327 
vn 0.753955 0.649868 0.096039 
vn 0.494867 0.653536 -0.572711 
vn 0.50997 0.657308 -0.554867 
vn 0.524679 0.660848 -0.53665 
vn 0.538984 0.664153 -0.518071 
vn 0.552877 0.667222 -0.499142 
vn 0.566349 0.670052 -0.479875 
vn 0.579391 0.672642 -0.460281 
vn 0.591996 0.67499 -0.440373 
vn 0.604156 0.677095 -0.420163 
vn 0.615863 0.678956 -0.399664 
vn 0.62711 0.680571 -0.378888 
vn 0.63789 0.681939 -0.357848 
vn 0.648196 0.683059 -0.336558 
vn 0.658022 0.683932 -0.315031 
vn 0.667362 0.684555 -0.293279 
vn 0.676209 0.684929 -0.271318 
vn 0.684559 0.685054 -0.249159 
vn 0.692406 0.684929 -0.226817 
vn 0.699745 0.684555 -0.204307 
vn 0.706572 0.683932 -0.181641 
vn 0.712883 0.683059 -0.158834 
vn 0.718673 0.681939 -0.1359 
vn 0.723939 0.680571 -0.112854 
vn 0.728678 0.678956 -0.0897094 
vn 0.732886 0.677095 -0.0664809 
vn 0.736562 0.67499 -0.0431829 
vn 0.739702 0.672642 -0.01983 
vn 0.742306 0.670052 0.00356337 
vn 0.74437 0.667222 0.0269827 
vn 0.745895 0.664153 0.0504133 
vn 0.746879 0.660848 0.0738407 
vn 0.753855 0.646083 0.119493 
vn 0.747321 0.657308 0.0972504 
vn 0.489096 0.660809 -0.569312 
vn 0.504149 0.664569 -0.551527 
vn 0.518809 0.668097 -0.53337 
vn 0.533067 0.671391 -0.514853 
vn 0.546914 0.67445 -0.495986 
vn 0.560341 0.677271 -0.476783 
vn 0.573341 0.679853 -0.457254 
vn 0.585904 0.682193 -0.437411 
vn 0.598024 0.684291 -0.417268 
vn 0.609692 0.686146 -0.396837 
vn 0.620902 0.687755 -0.37613 
vn 0.631646 0.689119 -0.35516 
vn 0.641918 0.690235 -0.33394 
vn 0.651712 0.691105 -0.312484 
vn 0.66102 0.691726 -0.290805 
vn 0.669838 0.692099 -0.268916 
vn 0.67816 0.692223 -0.24683 
vn 0.685981 0.692099 -0.224563 
vn 0.693296 0.691726 -0.202126 
vn 0.700101 0.691105 -0.179535 
vn 0.706391 0.690235 -0.156804 
vn 0.712161 0.689119 -0.133946 
vn 0.71741 0.687755 -0.110976 
vn 0.722133 0.686146 -0.0879079 
vn 0.726328 0.684291 -0.0647562 
vn 0.729991 0.682193 -0.0415353 
vn 0.733121 0.679853 -0.0182596 
vn 0.735716 0.677271 0.00505637 
vn 0.737774 0.67445 0.0283982 
vn 0.739294 0.671391 0.0517513 
vn 0.740274 0.668097 0.0751013 
vn 0.747222 0.653536 0.120628 
vn 0.740715 0.664569 0.0984335 
vn 0.483366 0.667909 -0.565911 
vn 0.498369 0.671656 -0.548185 
vn 0.512979 0.675172 -0.53009 
vn 0.527189 0.678455 -0.511635 
vn 0.54099 0.681503 -0.492832 
vn 0.554372 0.684315 -0.473693 
vn 0.567328 0.686888 -0.454229 
vn 0.579849 0.689221 -0.434454 
vn 0.591928 0.691312 -0.414378 
vn 0.603557 0.69316 -0.394016 
vn 0.614729 0.694764 -0.373378 
vn 0.625437 0.696123 -0.352479 
vn 0.635675 0.697236 -0.331331 
vn 0.645435 0.698102 -0.309946 
vn 0.654712 0.698721 -0.28834 
vn 0.663501 0.699093 -0.266524 
vn 0.671795 0.699217 -0.244513 
vn 0.67959 0.699093 -0.222321 
vn 0.68688 0.698721 -0.19996 
vn 0.693662 0.698102 -0.177445 
vn 0.69993 0.697236 -0.15479 
vn 0.705682 0.696123 -0.132009 
vn 0.710913 0.694764 -0.109116 
vn 0.71562 0.69316 -0.0861256 
vn 0.7198 0.691312 -0.0630517 
vn 0.723452 0.689221 -0.0399089 
vn 0.726571 0.686888 -0.0167115 
vn 0.729157 0.684315 0.00652606 
vn 0.731208 0.681503 0.0297894 
vn 0.732723 0.678455 0.053064 
vn 0.7337 0.675172 0.0763354 
vn 0.740616 0.660809 0.121733 
vn 0.734139 0.671656 0.0995891 
vn 0.477679 0.674838 -0.562509 
vn 0.49263 0.678572 -0.544844 
vn 0.507191 0.682077 -0.52681 
vn 0.521353 0.685349 -0.508418 
vn 0.535106 0.688386 -0.489679 
vn 0.548442 0.691188 -0.470606 
vn 0.561354 0.693752 -0.451209 
vn 0.573832 0.696077 -0.431501 
vn 0.58587 0.698161 -0.411494 
vn 0.597459 0.700003 -0.391201 
vn 0.608593 0.701602 -0.370634 
vn 0.619265 0.702956 -0.349806 
vn 0.629467 0.704065 -0.32873 
vn 0.639194 0.704929 -0.307419 
vn 0.64844 0.705546 -0.285886 
vn 0.657199 0.705916 -0.264145 
vn 0.665464 0.70604 -0.242209 
vn 0.673232 0.705916 -0.220092 
vn 0.680498 0.705546 -0.197808 
vn 0.687256 0.704929 -0.17537 
vn 0.693503 0.704065 -0.152792 
vn 0.699235 0.702956 -0.130089 
vn 0.704448 0.701602 -0.107274 
vn 0.70914 0.700003 -0.0843624 
vn 0.713306 0.698161 -0.0613674 
vn 0.716944 0.696077 -0.0383036 
vn 0.720053 0.693752 -0.0151854 
vn 0.722631 0.691188 0.00797278 
vn 0.724675 0.688386 0.0311566 
vn 0.726184 0.685349 0.0543517 
vn 0.727158 0.682077 0.0775437 
vn 0.73404 0.667909 0.122811 
vn 0.727596 0.678572 0.100718 
vn 0.486935 0.685323 -0.541504 
vn 0.501445 0.688815 -0.523533 
vn 0.515557 0.692076 -0.505204 
vn 0.529263 0.695103 -0.486531 
vn 0.542553 0.697896 -0.467523 
vn 0.55542 0.700451 -0.448193 
vn 0.567855 0.702767 -0.428554 
vn 0.579851 0.704844 -0.408616 
vn 0.5914 0.70668 -0.388393 
vn 0.602496 0.708273 -0.367898 
vn 0.61313 0.709622 -0.347142 
vn 0.623297 0.710728 -0.326139 
vn 0.632991 0.711588 -0.304902 
vn 0.642204 0.712203 -0.283444 
vn 0.650932 0.712572 -0.261778 
vn 0.65917 0.712695 -0.239918 
vn 0.666911 0.712572 -0.217878 
vn 0.674151 0.712203 -0.195671 
vn 0.680886 0.711588 -0.17331 
vn 0.687112 0.710728 -0.150811 
vn 0.692824 0.709622 -0.128186 
vn 0.698019 0.708273 -0.105451 
vn 0.702693 0.70668 -0.0826183 
vn 0.706845 0.704844 -0.059703 
vn 0.710471 0.702767 -0.0367192 
vn 0.71357 0.700451 -0.0136811 
vn 0.716138 0.697896 0.00939686 
vn 0.718175 0.695103 0.0325004 
vn 0.719679 0.692076 0.0556151 
vn 0.720649 0.688815 0.0787267 
vn 0.481282 0.691913 -0.538167 
vn 0.495742 0.695393 -0.520259 
vn 0.509804 0.698642 -0.501995 
vn 0.523462 0.701659 -0.483387 
vn 0.536706 0.704441 -0.464446 
vn 0.549527 0.706987 -0.445184 
vn 0.561919 0.709296 -0.425614 
vn 0.573873 0.711365 -0.405746 
vn 0.585381 0.713194 -0.385594 
vn 0.596438 0.714782 -0.365171 
vn 0.607035 0.716126 -0.344488 
vn 0.617166 0.717228 -0.323559 
vn 0.626825 0.718085 -0.302396 
vn 0.636007 0.718698 -0.281013 
vn 0.644704 0.719066 -0.259424 
vn 0.652912 0.719189 -0.237641 
vn 0.660626 0.719066 -0.215678 
vn 0.667841 0.718698 -0.193549 
vn 0.674553 0.718085 -0.171267 
vn 0.680756 0.717228 -0.148846 
vn 0.686448 0.716126 -0.126301 
vn 0.691625 0.714782 -0.103646 
vn 0.696283 0.713194 -0.0808933 
vn 0.700421 0.711365 -0.0580585 
vn 0.704034 0.709296 -0.0351554 
vn 0.707121 0.706987 -0.0121982 
vn 0.709681 0.704441 0.0107987 
vn 0.71171 0.701659 0.0338211 
vn 0.713209 0.698642 0.0568546 
vn 0.721086 0.685323 0.101821 
vn 0.714176 0.695393 0.079885 
vn 0.475674 0.698345 -0.534835 
vn 0.490082 0.701813 -0.51699 
vn 0.504094 0.70505 -0.498791 
vn 0.517703 0.708056 -0.480249 
vn 0.5309 0.710829 -0.461376 
vn 0.543676 0.713366 -0.442183 
vn 0.556023 0.715666 -0.422682 
vn 0.567935 0.717728 -0.402885 
vn 0.579402 0.719551 -0.382805 
vn 0.590419 0.721133 -0.362454 
vn 0.600979 0.722473 -0.341844 
vn 0.611074 0.72357 -0.32099 
vn 0.620699 0.724425 -0.299902 
vn 0.629848 0.725035 -0.278596 
vn 0.638514 0.725402 -0.257083 
vn 0.646693 0.725524 -0.235377 
vn 0.65438 0.725402 -0.213492 
vn 0.661569 0.725035 -0.191442 
vn 0.668257 0.724425 -0.169239 
vn 0.674438 0.72357 -0.146899 
vn 0.68011 0.722473 -0.124434 
vn 0.685268 0.721133 -0.101859 
vn 0.68991 0.719551 -0.0791873 
vn 0.694033 0.717728 -0.0564337 
vn 0.697633 0.715666 -0.033612 
vn 0.70071 0.713366 -0.0107365 
vn 0.70326 0.710829 0.0121786 
vn 0.705282 0.708056 0.0351191 
vn 0.706776 0.70505 0.0580707 
vn 0.714611 0.691913 0.102898 
vn 0.707739 0.701813 0.0810192 
vn 0.470109 0.704625 -0.531508 
vn 0.484466 0.70808 -0.513728 
vn 0.498428 0.711306 -0.495594 
vn 0.511988 0.714301 -0.477119 
vn 0.525137 0.717063 -0.458314 
vn 0.537867 0.719591 -0.439189 
vn 0.55017 0.721883 -0.419759 
vn 0.562038 0.723938 -0.400033 
vn 0.573465 0.725754 -0.380025 
vn 0.584442 0.72733 -0.359747 
vn 0.594964 0.728665 -0.339212 
vn 0.605023 0.729759 -0.318432 
vn 0.614613 0.73061 -0.297421 
vn 0.623729 0.731219 -0.276191 
vn 0.632364 0.731584 -0.254755 
vn 0.640514 0.731706 -0.233128 
vn 0.648173 0.731584 -0.211322 
vn 0.655336 0.731219 -0.189351 
vn 0.661999 0.73061 -0.167228 
vn 0.668159 0.729759 -0.144968 
vn 0.67381 0.728665 -0.122584 
vn 0.67895 0.72733 -0.10009 
vn 0.683575 0.725754 -0.0775001 
vn 0.687683 0.723938 -0.0548283 
vn 0.69127 0.721883 -0.0320888 
vn 0.694336 0.719591 -0.00929562 
vn 0.696877 0.717063 0.0135371 
vn 0.698892 0.714301 0.036395 
vn 0.70038 0.711306 0.059264 
vn 0.708173 0.698345 0.10395 
vn 0.70134 0.70808 0.0821299 
vn 0.46459 0.710756 -0.528188 
vn 0.478894 0.714198 -0.510473 
vn 0.492805 0.717412 -0.492405 
vn 0.506316 0.720397 -0.473997 
vn 0.519417 0.723149 -0.45526 
vn 0.532101 0.725668 -0.436205 
vn 0.544359 0.727952 -0.416845 
vn 0.556184 0.729999 -0.397191 
vn 0.567569 0.731808 -0.377256 
vn 0.578507 0.733378 -0.357052 
vn 0.58899 0.734709 -0.336591 
vn 0.599012 0.735798 -0.315887 
vn 0.608568 0.736647 -0.294952 
vn 0.61765 0.737253 -0.2738 
vn 0.626254 0.737617 -0.252442 
vn 0.634374 0.737738 -0.230893 
vn 0.642005 0.737617 -0.209167 
vn 0.649143 0.737253 -0.187275 
vn 0.655782 0.736647 -0.165233 
vn 0.661919 0.735798 -0.143054 
vn 0.667549 0.734709 -0.120751 
vn 0.67267 0.733378 -0.0983393 
vn 0.677279 0.731808 -0.0758316 
vn 0.681371 0.729999 -0.0532423 
vn 0.684946 0.727952 -0.0305855 
vn 0.688 0.725668 -0.00787521 
vn 0.690532 0.723149 0.0148744 
vn 0.69254 0.720397 0.0376492 
vn 0.694023 0.717412 0.0604351 
vn 0.701772 0.704625 0.104978 
vn 0.694979 0.714198 0.0832178 
vn 0.459115 0.716742 -0.524876 
vn 0.473366 0.720172 -0.507225 
vn 0.487226 0.723374 -0.489224 
vn 0.500687 0.726348 -0.470884 
vn 0.51374 0.72909 -0.452215 
vn 0.526377 0.7316 -0.433231 
vn 0.538591 0.733875 -0.413942 
vn 0.550373 0.735914 -0.39436 
vn 0.561716 0.737717 -0.374498 
vn 0.572613 0.739282 -0.354368 
vn 0.583058 0.740607 -0.333983 
vn 0.593043 0.741693 -0.313355 
vn 0.602564 0.742538 -0.292497 
vn 0.611613 0.743142 -0.271422 
vn 0.620185 0.743505 -0.250143 
vn 0.628275 0.743625 -0.228673 
vn 0.635878 0.743505 -0.207027 
vn 0.642989 0.743142 -0.185216 
vn 0.649604 0.742538 -0.163255 
vn 0.655718 0.741693 -0.141157 
vn 0.661328 0.740607 -0.118936 
vn 0.666431 0.739282 -0.0966065 
vn 0.671022 0.737717 -0.0741815 
vn 0.6751 0.735914 -0.0516753 
vn 0.678661 0.733875 -0.0291017 
vn 0.681704 0.7316 -0.00647492 
vn 0.684226 0.72909 0.0161911 
vn 0.686227 0.726348 0.0388822 
vn 0.687704 0.723374 0.0615843 
vn 0.695409 0.710756 0.105983 
vn 0.688657 0.720172 0.0842833 
vn 0.453684 0.722588 -0.521572 
vn 0.467882 0.726005 -0.503987 
vn 0.481692 0.729196 -0.486052 
vn 0.495103 0.732158 -0.46778 
vn 0.508107 0.73489 -0.449181 
vn 0.520697 0.737391 -0.430267 
vn 0.532865 0.739657 -0.411049 
vn 0.544603 0.741689 -0.39154 
vn 0.555904 0.743485 -0.371752 
vn 0.566761 0.745044 -0.351697 
vn 0.577167 0.746365 -0.331387 
vn 0.587116 0.747446 -0.310836 
vn 0.596601 0.748288 -0.290055 
vn 0.605616 0.74889 -0.269058 
vn 0.614157 0.749251 -0.247858 
vn 0.622217 0.749372 -0.226468 
vn 0.629792 0.749251 -0.204902 
vn 0.636876 0.74889 -0.183172 
vn 0.643467 0.748288 -0.161292 
vn 0.649558 0.747446 -0.139277 
vn 0.655147 0.746365 -0.117138 
vn 0.660231 0.745044 -0.0948915 
vn 0.664805 0.743485 -0.0725498 
vn 0.668868 0.741689 -0.050127 
vn 0.672416 0.739657 -0.0276372 
vn 0.675447 0.737391 -0.00509436 
vn 0.677961 0.73489 0.0174875 
vn 0.679954 0.732158 0.0400945 
vn 0.681425 0.729196 0.0627123 
vn 0.689086 0.716742 0.106965 
vn 0.682375 0.726005 0.0853271 
vn 0.448298 0.728298 -0.518277 
vn 0.462443 0.731702 -0.500757 
vn 0.4762 0.734881 -0.48289 
vn 0.489561 0.737832 -0.464686 
vn 0.502517 0.740554 -0.446157 
vn 0.51506 0.743045 -0.427314 
vn 0.527183 0.745303 -0.408168 
vn 0.538877 0.747328 -0.388732 
vn 0.550136 0.749117 -0.369018 
vn 0.560952 0.75067 -0.349038 
vn 0.571319 0.751986 -0.328804 
vn 0.58123 0.753063 -0.30833 
vn 0.590679 0.753902 -0.287627 
vn 0.599661 0.754502 -0.266709 
vn 0.60817 0.754862 -0.245588 
vn 0.6162 0.754982 -0.224278 
vn 0.623746 0.754862 -0.202793 
vn 0.630804 0.754502 -0.181144 
vn 0.63737 0.753902 -0.159346 
vn 0.643439 0.753063 -0.137413 
vn 0.649007 0.751986 -0.115358 
vn 0.654071 0.75067 -0.0931941 
vn 0.658629 0.749117 -0.070936 
vn 0.662676 0.747328 -0.0485972 
vn 0.666211 0.745303 -0.0261916 
vn 0.669231 0.743045 -0.00373315 
vn 0.671735 0.740554 0.0187642 
vn 0.67372 0.737832 0.0412865 
vn 0.675187 0.734881 0.0638197 
vn 0.682802 0.722588 0.107925 
vn 0.676133 0.731702 0.0863498 
vn 0.442956 0.733876 -0.514992 
vn 0.457048 0.737267 -0.497538 
vn 0.470753 0.740434 -0.479739 
vn 0.484063 0.743374 -0.461603 
vn 0.49697 0.746086 -0.443144 
vn 0.509466 0.748567 -0.424372 
vn 0.521543 0.750817 -0.405299 
vn 0.533193 0.752834 -0.385936 
vn 0.544409 0.754616 -0.366296 
vn 0.555184 0.756163 -0.346392 
vn 0.565512 0.757474 -0.326235 
vn 0.575386 0.758548 -0.305837 
vn 0.5848 0.759383 -0.285213 
vn 0.593748 0.759981 -0.264373 
vn 0.602224 0.760339 -0.243333 
vn 0.610224 0.760459 -0.222103 
vn 0.617742 0.760339 -0.200699 
vn 0.624773 0.759981 -0.179132 
vn 0.631314 0.759383 -0.157416 
vn 0.63736 0.758548 -0.135566 
vn 0.642907 0.757474 -0.113594 
vn 0.647952 0.756163 -0.091514 
vn 0.652492 0.754616 -0.0693399 
vn 0.656524 0.752834 -0.0470855 
vn 0.660046 0.750817 -0.0247645 
vn 0.663055 0.748567 -0.00239085 
vn 0.665549 0.746086 0.0200215 
vn 0.667527 0.743374 0.0424588 
vn 0.668988 0.740434 0.0649069 
vn 0.676558 0.728298 0.108863 
vn 0.66993 0.737267 0.0873519 
vn 0.451696 0.742704 -0.49433 
vn 0.465349 0.745859 -0.476598 
vn 0.478609 0.748787 -0.458531 
vn 0.491466 0.751489 -0.440142 
vn 0.503915 0.753961 -0.421442 
vn 0.515945 0.756202 -0.402441 
vn 0.527551 0.758211 -0.383152 
vn 0.538724 0.759987 -0.363587 
vn 0.549459 0.761528 -0.343759 
vn 0.559747 0.762834 -0.323678 
vn 0.569583 0.763903 -0.303358 
vn 0.578961 0.764736 -0.282812 
vn 0.587875 0.765331 -0.262052 
vn 0.596319 0.765688 -0.241092 
vn 0.604289 0.765807 -0.219943 
vn 0.611778 0.765688 -0.19862 
vn 0.618783 0.765331 -0.177135 
vn 0.625298 0.764736 -0.155502 
vn 0.631321 0.763903 -0.133735 
vn 0.636847 0.762834 -0.111847 
vn 0.641873 0.761528 -0.0898509 
vn 0.646396 0.759987 -0.0677613 
vn 0.650413 0.758211 -0.0455915 
vn 0.653921 0.756202 -0.0233555 
vn 0.656918 0.753961 -0.00106704 
vn 0.659403 0.751489 0.02126 
vn 0.661374 0.748787 0.0436118 
vn 0.662829 0.745859 0.0659745 
vn 0.446387 0.748017 -0.491132 
vn 0.459987 0.751159 -0.473468 
vn 0.473196 0.754077 -0.455471 
vn 0.486005 0.756768 -0.437152 
vn 0.498405 0.75923 -0.418523 
vn 0.51039 0.761463 -0.399595 
vn 0.521951 0.763464 -0.380381 
vn 0.533081 0.765233 -0.360891 
vn 0.543774 0.766769 -0.341138 
vn 0.554024 0.768069 -0.321135 
vn 0.563822 0.769135 -0.300893 
vn 0.573164 0.769964 -0.280426 
vn 0.582044 0.770557 -0.259745 
vn 0.590455 0.770912 -0.238865 
vn 0.598394 0.771031 -0.217798 
vn 0.605855 0.770912 -0.196556 
vn 0.612832 0.770557 -0.175154 
vn 0.619323 0.769964 -0.153604 
vn 0.625323 0.769135 -0.13192 
vn 0.630828 0.768069 -0.110116 
vn 0.635835 0.766769 -0.0882045 
vn 0.64034 0.765233 -0.0661996 
vn 0.644341 0.763464 -0.0441149 
vn 0.647836 0.761463 -0.0219642 
vn 0.650822 0.75923 0.000238735 
vn 0.653297 0.756768 0.0224802 
vn 0.65526 0.754077 0.0447462 
vn 0.663768 0.742704 0.0883341 
vn 0.65671 0.751159 0.0670231 
vn 0.44112 0.753209 -0.487945 
vn 0.454668 0.756339 -0.470349 
vn 0.467826 0.759246 -0.452422 
vn 0.480585 0.761926 -0.434174 
vn 0.492937 0.764379 -0.415617 
vn 0.504875 0.766603 -0.396762 
vn 0.516392 0.768597 -0.377622 
vn 0.527479 0.770359 -0.358207 
vn 0.538131 0.771888 -0.338531 
vn 0.548341 0.773184 -0.318605 
vn 0.558101 0.774245 -0.298441 
vn 0.567407 0.775071 -0.278053 
vn 0.576253 0.775662 -0.257452 
vn 0.584632 0.776016 -0.236653 
vn 0.59254 0.776134 -0.215667 
vn 0.599971 0.776016 -0.194507 
vn 0.606922 0.775662 -0.173188 
vn 0.613388 0.775071 -0.151722 
vn 0.619365 0.774245 -0.130122 
vn 0.624848 0.773184 -0.108401 
vn 0.629836 0.771888 -0.0865745 
vn 0.634324 0.770359 -0.0646547 
vn 0.63831 0.768597 -0.0426553 
vn 0.641791 0.766603 -0.0205902 
vn 0.644765 0.764379 0.00152695 
vn 0.647231 0.761926 0.0236824 
vn 0.649186 0.759246 0.0458624 
vn 0.657645 0.748017 0.0892969 
vn 0.65063 0.756339 0.0680532 
vn 0.435894 0.758285 -0.484768 
vn 0.44939 0.761403 -0.467241 
vn 0.462496 0.764298 -0.449384 
vn 0.475206 0.766968 -0.431207 
vn 0.48751 0.769412 -0.412722 
vn 0.499402 0.771627 -0.393941 
vn 0.510873 0.773613 -0.374875 
vn 0.521918 0.775368 -0.355536 
vn 0.532528 0.776892 -0.335936 
vn 0.542698 0.778182 -0.316087 
vn 0.55242 0.779239 -0.296002 
vn 0.56169 0.780062 -0.275694 
vn 0.570501 0.78065 -0.255173 
vn 0.578848 0.781003 -0.234455 
vn 0.586725 0.781121 -0.21355 
vn 0.594128 0.781003 -0.192473 
vn 0.601051 0.78065 -0.171237 
vn 0.607492 0.780062 -0.149854 
vn 0.613445 0.779239 -0.128338 
vn 0.618908 0.778182 -0.106702 
vn 0.623876 0.776892 -0.0849605 
vn 0.628346 0.775368 -0.0631259 
vn 0.632317 0.773613 -0.0412122 
vn 0.635784 0.771627 -0.019233 
vn 0.638747 0.769412 0.00279809 
vn 0.641203 0.766968 0.0248673 
vn 0.643151 0.764298 0.046961 
vn 0.651562 0.753209 0.0902409 
vn 0.644589 0.761403 0.0690654 
vn 0.430709 0.763249 -0.481603 
vn 0.444151 0.766355 -0.464145 
vn 0.457207 0.769238 -0.446357 
vn 0.469866 0.771898 -0.428251 
vn 0.482122 0.774332 -0.409839 
vn 0.493968 0.776539 -0.391132 
vn 0.505394 0.778517 -0.37214 
vn 0.516395 0.780265 -0.352877 
vn 0.526964 0.781783 -0.333354 
vn 0.537094 0.783068 -0.313583 
vn 0.546779 0.784121 -0.293577 
vn 0.556012 0.784941 -0.273348 
vn 0.564788 0.785526 -0.252908 
vn 0.573102 0.785878 -0.23227 
vn 0.580948 0.785995 -0.211448 
vn 0.588322 0.785878 -0.190454 
vn 0.595219 0.785526 -0.1693 
vn 0.601634 0.784941 -0.148001 
vn 0.607564 0.784121 -0.12657 
vn 0.613005 0.783068 -0.105019 
vn 0.617954 0.781783 -0.083362 
vn 0.622407 0.780265 -0.061613 
vn 0.626362 0.778517 -0.0397852 
vn 0.629816 0.776539 -0.0178921 
vn 0.632767 0.774332 0.00405268 
vn 0.635213 0.771898 0.0260354 
vn 0.637153 0.769238 0.0480426 
vn 0.645517 0.758285 0.0911668 
vn 0.638586 0.766355 0.0700603 
vn 0.425563 0.768104 -0.478449 
vn 0.438952 0.771197 -0.461059 
vn 0.451956 0.77407 -0.443342 
vn 0.464566 0.776719 -0.425307 
vn 0.476774 0.779143 -0.406968 
vn 0.488572 0.781341 -0.388334 
vn 0.499954 0.783312 -0.369418 
vn 0.510911 0.785053 -0.35023 
vn 0.521438 0.786565 -0.330784 
vn 0.531528 0.787845 -0.311092 
vn 0.541175 0.788894 -0.291164 
vn 0.550372 0.78971 -0.271015 
vn 0.559113 0.790294 -0.250656 
vn 0.567394 0.790644 -0.230099 
vn 0.57521 0.790761 -0.209359 
vn 0.582554 0.790644 -0.188448 
vn 0.589424 0.790294 -0.167378 
vn 0.595814 0.78971 -0.146163 
vn 0.601721 0.788894 -0.124816 
vn 0.60714 0.787845 -0.10335 
vn 0.612069 0.786565 -0.0817786 
vn 0.616504 0.785053 -0.0601154 
vn 0.620444 0.783312 -0.0383737 
vn 0.623884 0.781341 -0.0165669 
vn 0.626824 0.779143 0.00529125 
vn 0.62926 0.776719 0.0271873 
vn 0.631193 0.77407 0.0491076 
vn 0.639511 0.763249 0.0920751 
vn 0.63262 0.771197 0.0710385 
vn 0.420455 0.772854 -0.475304 
vn 0.433791 0.775936 -0.457984 
vn 0.446743 0.778797 -0.440337 
vn 0.459303 0.781435 -0.422374 
vn 0.471462 0.78385 -0.404107 
vn 0.483214 0.786039 -0.385548 
vn 0.49455 0.788002 -0.366706 
vn 0.505464 0.789736 -0.347595 
vn 0.515949 0.791242 -0.328227 
vn 0.525999 0.792517 -0.308612 
vn 0.535607 0.793562 -0.288764 
vn 0.544768 0.794375 -0.268694 
vn 0.553475 0.794956 -0.248416 
vn 0.561723 0.795305 -0.227942 
vn 0.569507 0.795421 -0.207284 
vn 0.576823 0.795305 -0.186455 
vn 0.583665 0.794956 -0.165469 
vn 0.59003 0.794375 -0.144338 
vn 0.595913 0.793562 -0.123076 
vn 0.601311 0.792517 -0.101695 
vn 0.60622 0.791242 -0.0802097 
vn 0.610638 0.789736 -0.0586325 
vn 0.614562 0.788002 -0.0369772 
vn 0.617988 0.786039 -0.015257 
vn 0.620916 0.78385 0.00651436 
vn 0.623343 0.781435 0.0283234 
vn 0.625268 0.778797 0.0501567 
vn 0.633541 0.768104 0.0929664 
vn 0.62669 0.775936 0.0720005 
vn 0.415383 0.777504 -0.47217 
vn 0.428666 0.780573 -0.454919 
vn 0.441566 0.783423 -0.437342 
vn 0.454076 0.786051 -0.419452 
vn 0.466186 0.788456 -0.401258 
vn 0.477891 0.790636 -0.382772 
vn 0.489182 0.792591 -0.364006 
vn 0.500052 0.794319 -0.344972 
vn 0.510496 0.795818 -0.32568 
vn 0.520505 0.797088 -0.306144 
vn 0.530075 0.798129 -0.286375 
vn 0.539199 0.798939 -0.266386 
vn 0.547871 0.799518 -0.246189 
vn 0.556086 0.799865 -0.225796 
vn 0.56384 0.799981 -0.205221 
vn 0.571126 0.799865 -0.184476 
vn 0.577941 0.799518 -0.163573 
vn 0.58428 0.798939 -0.142527 
vn 0.59014 0.798129 -0.12135 
vn 0.595516 0.797088 -0.100054 
vn 0.600406 0.795818 -0.0786548 
vn 0.604806 0.794319 -0.0571639 
vn 0.608714 0.792591 -0.0355951 
vn 0.612127 0.790636 -0.0139617 
vn 0.615043 0.788456 0.00772261 
vn 0.61746 0.786051 0.0294445 
vn 0.619378 0.783423 0.0511905 
vn 0.627607 0.772854 0.0938413 
vn 0.620793 0.780573 0.072947 
vn 0.410345 0.782057 -0.469045 
vn 0.423575 0.785114 -0.451863 
vn 0.436424 0.787952 -0.434358 
vn 0.448883 0.790569 -0.416539 
vn 0.460945 0.792965 -0.398418 
vn 0.472602 0.795136 -0.380007 
vn 0.483848 0.797083 -0.361317 
vn 0.494675 0.798804 -0.342359 
vn 0.505076 0.800297 -0.323145 
vn 0.515045 0.801563 -0.303687 
vn 0.524576 0.802599 -0.283998 
vn 0.533663 0.803405 -0.264089 
vn 0.542301 0.803982 -0.243973 
vn 0.550483 0.804328 -0.223663 
vn 0.558205 0.804443 -0.20317 
vn 0.565462 0.804328 -0.182508 
vn 0.572249 0.803982 -0.16169 
vn 0.578563 0.803405 -0.140728 
vn 0.584399 0.802599 -0.119636 
vn 0.589754 0.801563 -0.0984268 
vn 0.594624 0.800297 -0.0771132 
vn 0.599007 0.798804 -0.0557088 
vn 0.602899 0.797083 -0.0342267 
vn 0.606298 0.795136 -0.0126805 
vn 0.609202 0.792965 0.00891662 
vn 0.61161 0.790569 0.0305511 
vn 0.613519 0.787952 0.0522096 
vn 0.621707 0.777504 0.0947005 
vn 0.61493 0.785114 0.0738786 
vn 0.405341 0.786517 -0.465929 
vn 0.418517 0.789561 -0.448816 
vn 0.431313 0.792388 -0.431382 
vn 0.443722 0.794995 -0.413635 
vn 0.455735 0.797381 -0.395588 
vn 0.467345 0.799544 -0.377251 
vn 0.478545 0.801483 -0.358636 
vn 0.489328 0.803196 -0.339755 
vn 0.499688 0.804684 -0.320619 
vn 0.509617 0.805944 -0.301241 
vn 0.519109 0.806976 -0.281631 
vn 0.528159 0.807779 -0.261803 
vn 0.536762 0.808353 -0.241768 
vn 0.544911 0.808698 -0.22154 
vn 0.552601 0.808813 -0.20113 
vn 0.559829 0.808698 -0.180552 
vn 0.566589 0.808353 -0.159818 
vn 0.572877 0.807779 -0.138942 
vn 0.57869 0.806976 -0.117935 
vn 0.584023 0.805944 -0.0968116 
vn 0.588873 0.804684 -0.0755843 
vn 0.593238 0.803196 -0.0542666 
vn 0.597114 0.801483 -0.0328716 
vn 0.6005 0.799544 -0.0114126 
vn 0.603392 0.797381 0.0100971 
vn 0.60579 0.794995 0.0316439 
vn 0.607692 0.792388 0.0532147 
vn 0.615839 0.782057 0.0955446 
vn 0.609096 0.789561 0.0747959 
vn 0.400367 0.790888 -0.46282 
vn 0.413489 0.79392 -0.445777 
vn 0.426233 0.796735 -0.428413 
vn 0.438591 0.799332 -0.410739 
vn 0.450555 0.801708 -0.392766 
vn 0.462118 0.803862 -0.374504 
vn 0.473273 0.805793 -0.355965 
vn 0.484012 0.807499 -0.337161 
vn 0.494329 0.808981 -0.318103 
vn 0.504217 0.810236 -0.298803 
vn 0.513671 0.811263 -0.279274 
vn 0.522684 0.812064 -0.259526 
vn 0.531252 0.812635 -0.239574 
vn 0.539367 0.812979 -0.219428 
vn 0.547027 0.813093 -0.199101 
vn 0.554225 0.812979 -0.178607 
vn 0.560957 0.812635 -0.157958 
vn 0.56722 0.812064 -0.137166 
vn 0.573008 0.811263 -0.116245 
vn 0.57832 0.810236 -0.095208 
vn 0.58315 0.808981 -0.0740673 
vn 0.587497 0.807499 -0.0528365 
vn 0.591358 0.805793 -0.0315287 
vn 0.594729 0.803862 -0.0101573 
vn 0.59761 0.801708 0.0112646 
vn 0.599998 0.799332 0.0327236 
vn 0.601892 0.796735 0.0542064 
vn 0.610002 0.786517 0.0963741 
vn 0.603291 0.79392 0.0756996 
vn 0.39542 0.795175 -0.459717 
vn 0.408489 0.798194 -0.442744 
vn 0.421181 0.800998 -0.425452 
vn 0.433488 0.803583 -0.40785 
vn 0.445403 0.80595 -0.389951 
vn 0.456918 0.808095 -0.371764 
vn 0.468027 0.810018 -0.353301 
vn 0.478722 0.811718 -0.334574 
vn 0.488996 0.813193 -0.315595 
vn 0.498844 0.814443 -0.296374 
vn 0.508259 0.815466 -0.276925 
vn 0.517236 0.816263 -0.257259 
vn 0.525768 0.816833 -0.237388 
vn 0.53385 0.817174 -0.217325 
vn 0.541478 0.817288 -0.197082 
vn 0.548647 0.817174 -0.176672 
vn 0.555351 0.816833 -0.156107 
vn 0.561588 0.816263 -0.135401 
vn 0.567353 0.815466 -0.114566 
vn 0.572642 0.814443 -0.0936152 
vn 0.577453 0.813193 -0.0725613 
vn 0.581782 0.811718 -0.0514177 
vn 0.585627 0.810018 -0.0301975 
vn 0.588985 0.808095 -0.00891381 
vn 0.591854 0.80595 0.0124201 
vn 0.594232 0.803583 0.0337909 
vn 0.596118 0.800998 0.0551855 
vn 0.604193 0.790888 0.0971898 
vn 0.597511 0.798194 0.0765904 
vn 0.3932 0.79708 -0.458321 
vn 0.406244 0.800094 -0.44138 
vn 0.418912 0.802892 -0.424119 
vn 0.431197 0.805473 -0.406551 
vn 0.443089 0.807834 -0.388684 
vn 0.454583 0.809976 -0.370531 
vn 0.465671 0.811895 -0.352103 
vn 0.476346 0.813592 -0.333411 
vn 0.486602 0.815064 -0.314467 
vn 0.496431 0.816312 -0.295282 
vn 0.505829 0.817333 -0.275869 
vn 0.514788 0.818129 -0.256239 
vn 0.523304 0.818697 -0.236405 
vn 0.531372 0.819038 -0.21638 
vn 0.538986 0.819152 -0.196175 
vn 0.546141 0.819038 -0.175803 
vn 0.552833 0.818697 -0.155277 
vn 0.559058 0.818129 -0.134609 
vn 0.564812 0.817333 -0.113813 
vn 0.570092 0.816312 -0.0929007 
vn 0.574894 0.815064 -0.0718861 
vn 0.579215 0.813592 -0.0507819 
vn 0.583052 0.811895 -0.0296012 
vn 0.586404 0.809976 -0.00835716 
vn 0.589268 0.807834 0.012937 
vn 0.591641 0.805473 0.034268 
vn 0.593524 0.802892 0.0556227 
vn 0.59841 0.795175 0.0979923 
vn 0.594914 0.800094 0.0769877 
vn 0.595811 0.79708 0.0983498 
vn 0.595937 0.796419 0.102837 
vn 0.597793 0.795058 0.102598 
vn 0.598537 0.794507 0.102531 
vn 0.602192 0.791783 0.102199 
vn 0.606618 0.788422 0.102003 
vn 0.60433 0.790164 0.102106 
vn 0.611071 0.78498 0.101977 
vn 0.610156 0.78569 0.101983 
vn 0.615551 0.781455 0.102098 
vn 0.616017 0.781085 0.102124 
vn 0.620061 0.777849 0.102347 
vn 0.621912 0.776351 0.102496 
vn 0.624602 0.77416 0.102708 
vn 0.629174 0.770387 0.103171 
vn 0.627842 0.771491 0.103038 
vn 0.633779 0.766528 0.103724 
vn 0.633807 0.766504 0.103728 
vn 0.638418 0.762582 0.104361 
vn 0.639809 0.761386 0.104576 
vn 0.643091 0.758547 0.105075 
vn 0.6478 0.754419 0.105861 
vn 0.645847 0.756137 0.105538 
vn 0.652546 0.750197 0.106713 
vn 0.651921 0.750757 0.106602 
vn 0.65733 0.745878 0.10763 
vn 0.658031 0.745239 0.107773 
vn 0.662151 0.741458 0.108607 
vn 0.667012 0.736935 0.109643 
vn 0.668698 0.735349 0.110022 
vn 0.664177 0.73958 0.109042 
vn 0.671913 0.732305 0.110736 
vn 0.673696 0.730603 0.111145 
vn 0.670354 0.733876 0.10978 
vn 0.670358 0.73378 0.110392 
vn 0.67836 0.726105 0.112243 
vn 0.676575 0.727833 0.111826 
vn 0.683056 0.721511 0.113387 
vn 0.687782 0.716818 0.114577 
vn 0.682827 0.721737 0.113332 
vn 0.689112 0.715484 0.114925 
vn 0.69254 0.712023 0.115812 
vn 0.697329 0.707123 0.117092 
vn 0.69543 0.709073 0.116588 
vn 0.702149 0.702114 0.118416 
vn 0.707001 0.696994 0.119784 
vn 0.701779 0.702501 0.118315 
vn 0.708159 0.69576 0.120122 
vn 0.711885 0.69176 0.121197 
vn 0.7168 0.686407 0.122654 
vn 0.714567 0.688848 0.121996 
vn 0.723044 0.679479 0.124562 
vn 0.721746 0.680932 0.124155 
vn 0.721002 0.68176 0.123932 
vn 0.727497 0.674838 0.12386 
vn 0.726722 0.675332 0.125702 
vn 0.727462 0.674491 0.125939 
vn 0.73173 0.669603 0.127294 
vn 0.733944 0.667036 0.128019 
vn 0.736767 0.66374 0.128932 
vn 0.741833 0.657741 0.130617 
vn 0.740447 0.659391 0.13016 
vn 0.746928 0.6516 0.132349 
vn 0.746967 0.651552 0.132363 
vn 0.752051 0.645313 0.13413 
vn 0.753501 0.643511 0.134649 
vn 0.7572 0.638877 0.135959 
vn 0.762375 0.632285 0.137838 
vn 0.760046 0.635265 0.136997 
vn 0.768931 0.623753 0.140279 
vn 0.767575 0.625535 0.139767 
vn 0.7666 0.62681 0.139408 
vn 0.773252 0.618557 0.13953 
vn 0.76961 0.622857 0.140534 
vn 0.774407 0.616461 0.142369 
vn 0.773157 0.618138 0.141894 
vn 0.779215 0.609933 0.144245 
vn 0.779714 0.609247 0.144445 
vn 0.784031 0.603268 0.146163 
vn 0.786266 0.600128 0.147077 
vn 0.788854 0.596464 0.148125 
vn 0.793682 0.589517 0.150131 
vn 0.792809 0.590781 0.149771 
vn 0.798513 0.582424 0.152182 
vn 0.799338 0.581196 0.152542 
vn 0.803346 0.575182 0.154278 
vn 0.808537 0.567229 0.156585 
vn 0.808177 0.567787 0.15642 
vn 0.805847 0.57137 0.155391 
vn 0.81249 0.561767 0.155811 
vn 0.813006 0.560237 0.15861 
vn 0.812331 0.5613 0.158306 
vn 0.817828 0.552526 0.160847 
vn 0.818783 0.550976 0.161304 
vn 0.822643 0.544652 0.163134 
vn 0.827446 0.536612 0.165471 
vn 0.825198 0.540396 0.164381 
vn 0.832235 0.528401 0.167859 
vn 0.831568 0.529556 0.167528 
vn 0.837008 0.520016 0.170299 
vn 0.841759 0.511453 0.172792 
vn 0.842438 0.510209 0.17316 
vn 0.837885 0.518449 0.170762 
vn 0.844258 0.507333 0.172749 
vn 0.844142 0.50707 0.17408 
vn 0.846487 0.502709 0.17534 
vn 0.851187 0.493779 0.177942 
vn 0.850333 0.495417 0.177472 
vn 0.855855 0.484659 0.180602 
vn 0.856447 0.483483 0.180951 
vn 0.860488 0.475347 0.183319 
vn 0.862474 0.471263 0.184524 
vn 0.86508 0.465838 0.186096 
vn 0.869628 0.456127 0.188933 
vn 0.870933 0.453276 0.189778 
vn 0.868408 0.458756 0.188176 
vn 0.874586 0.446606 0.188794 
vn 0.874125 0.446212 0.191832 
vn 0.874239 0.445957 0.191908 
vn 0.878568 0.436089 0.194794 
vn 0.879952 0.432857 0.195753 
vn 0.882951 0.425752 0.197821 
vn 0.886827 0.416293 0.200593 
vn 0.885541 0.41946 0.199676 
vn 0.890627 0.406706 0.203406 
vn 0.890994 0.405759 0.203688 
vn 0.894346 0.396993 0.206258 
vn 0.552529 0.396993 -0.732877 
vn 0.551513 0.406706 -0.728302 
vn 0.55041 0.416293 -0.723705 
vn 0.551613 0.405759 -0.728754 
vn 0.549223 0.425752 -0.719089 
vn 0.550015 0.41946 -0.722175 
vn 0.547811 0.436089 -0.713954 
vn 0.548255 0.432857 -0.715578 
vn 0.54635 0.445957 -0.70896 
vn 0.546312 0.446212 -0.708829 
vn 0.545187 0.453276 -0.705203 
vn 0.54473 0.456127 -0.703717 
vn 0.54307 0.465838 -0.698621 
vn 0.544283 0.458756 -0.702353 
vn 0.541336 0.475347 -0.693542 
vn 0.542084 0.471263 -0.695742 
vn 0.539534 0.484659 -0.688482 
vn 0.537668 0.493779 -0.683444 
vn 0.539763 0.483483 -0.68913 
vn 0.535741 0.502709 -0.678429 
vn 0.537316 0.495417 -0.682535 
vn 0.533756 0.511453 -0.673439 
vn 0.53404 0.510209 -0.674157 
vn 0.531719 0.520016 -0.668475 
vn 0.529632 0.528401 -0.663538 
vn 0.532093 0.518449 -0.669393 
vn 0.529333 0.529556 -0.662855 
vn 0.527498 0.536612 -0.65863 
vn 0.52532 0.544652 -0.653752 
vn 0.526476 0.540396 -0.65635 
vn 0.523102 0.552526 -0.648906 
vn 0.520846 0.560237 -0.644092 
vn 0.52354 0.550976 -0.64987 
vn 0.518725 0.567229 -0.639669 
vn 0.518555 0.567787 -0.639311 
vn 0.516231 0.575182 -0.634564 
vn 0.517431 0.57137 -0.637025 
vn 0.513876 0.582424 -0.629852 
vn 0.511493 0.589517 -0.625176 
vn 0.514277 0.581196 -0.630659 
vn 0.509084 0.596464 -0.620536 
vn 0.511056 0.590781 -0.624339 
vn 0.50665 0.603268 -0.615933 
vn 0.507776 0.600128 -0.618069 
vn 0.504194 0.609933 -0.611368 
vn 0.501718 0.616461 -0.60684 
vn 0.504448 0.609247 -0.611842 
vn 0.501065 0.618138 -0.605672 
vn 0.499222 0.622857 -0.602351 
vn 0.498866 0.623753 -0.601719 
vn 0.498156 0.625535 -0.600456 
vn 0.497639 0.62681 -0.599554 
vn 0.495413 0.632285 -0.595635 
vn 0.492656 0.638877 -0.590869 
vn 0.494169 0.635265 -0.593494 
vn 0.489887 0.645313 -0.586158 
vn 0.490665 0.643511 -0.587488 
vn 0.487107 0.6516 -0.581502 
vn 0.484318 0.657741 -0.5769 
vn 0.487128 0.651552 -0.581537 
vn 0.48152 0.66374 -0.572352 
vn 0.48355 0.659391 -0.575658 
vn 0.478714 0.669603 -0.56786 
vn 0.479945 0.667036 -0.569838 
vn 0.476316 0.674491 -0.564079 
vn 0.475902 0.675332 -0.563422 
vn 0.473817 0.679479 -0.560184 
vn 0.473084 0.680932 -0.559038 
vn 0.472658 0.68176 -0.558388 
vn 0.47026 0.686407 -0.554708 
vn 0.467432 0.69176 -0.550433 
vn 0.468973 0.688848 -0.552769 
vn 0.464599 0.696994 -0.546211 
vn 0.461761 0.702114 -0.542044 
vn 0.465268 0.69576 -0.547214 
vn 0.461543 0.702501 -0.54173 
vn 0.45892 0.707123 -0.537932 
vn 0.456073 0.712023 -0.533873 
vn 0.457789 0.709073 -0.536325 
vn 0.453223 0.716818 -0.529869 
vn 0.450367 0.721511 -0.525919 
vn 0.454018 0.715484 -0.53099 
vn 0.450227 0.721737 -0.52573 
vn 0.447506 0.726105 -0.522025 
vn 0.443535 0.732305 -0.516726 
vn 0.446406 0.727833 -0.520558 
vn 0.444639 0.730603 -0.518185 
vn 0.440484 0.736935 -0.512739 
vn 0.441531 0.735349 -0.514113 
vn 0.437426 0.741458 -0.508821 
vn 0.438698 0.73958 -0.510456 
vn 0.434361 0.745878 -0.504972 
vn 0.431286 0.750197 -0.501196 
vn 0.434805 0.745239 -0.505533 
vn 0.430878 0.750757 -0.500709 
vn 0.428198 0.754419 -0.497492 
vn 0.425095 0.758547 -0.493863 
vn 0.426909 0.756137 -0.495989 
vn 0.421974 0.762582 -0.490312 
vn 0.422902 0.761386 -0.491372 
vn 0.41883 0.766528 -0.486843 
vn 0.415658 0.770387 -0.483459 
vn 0.418849 0.766504 -0.486864 
vn 0.412453 0.77416 -0.480165 
vn 0.414723 0.771491 -0.482501 
vn 0.409207 0.777849 -0.47697 
vn 0.410529 0.776351 -0.478274 
vn 0.405913 0.781455 -0.47388 
vn 0.402558 0.78498 -0.470907 
vn 0.406252 0.781085 -0.4742 
vn 0.401853 0.78569 -0.470325 
vn 0.39913 0.788422 -0.468065 
vn 0.395614 0.791783 -0.465371 
vn 0.397311 0.790164 -0.466673 
vn 0.391987 0.795058 -0.462848 
vn 0.3926 0.794507 -0.463276 
vn 0.390412 0.796419 -0.461839 
vn 0.442565 0.73378 -0.515463 
vn 0.520525 0.5613 -0.643426 
vn 0.534754 0.50707 -0.675958 
vn 0.902615 0.379305 0.203506 
vn -0.397131 0.906308 0.144544 
vn -0.408535 -0.798155 0.442772 
vn -0.406311 -0.800037 0.44142 
vn -0.393266 -0.797023 0.458362 
vn -0.421227 -0.800959 0.425479 
vn -0.41898 -0.802836 0.424159 
vn -0.433535 -0.803545 0.407877 
vn -0.431265 -0.805417 0.406589 
vn -0.44545 -0.805911 0.389976 
vn -0.443158 -0.807778 0.388722 
vn -0.456966 -0.808056 0.371789 
vn -0.454653 -0.80992 0.370568 
vn -0.468075 -0.80998 0.353326 
vn -0.465741 -0.811839 0.352139 
vn -0.47877 -0.811679 0.334598 
vn -0.476417 -0.813536 0.333446 
vn -0.489045 -0.813155 0.315618 
vn -0.486673 -0.815009 0.3145 
vn -0.498893 -0.814404 0.296396 
vn -0.496503 -0.816256 0.295314 
vn -0.508309 -0.815428 0.276946 
vn -0.505901 -0.817278 0.2759 
vn -0.517285 -0.816225 0.257279 
vn -0.514861 -0.818073 0.25627 
vn -0.525818 -0.816794 0.237408 
vn -0.523378 -0.818642 0.236435 
vn -0.533901 -0.817136 0.217344 
vn -0.531446 -0.818983 0.216408 
vn -0.541529 -0.81725 0.1971 
vn -0.53906 -0.819097 0.196202 
vn -0.548698 -0.817136 0.17669 
vn -0.546215 -0.818983 0.175829 
vn -0.555403 -0.816794 0.156124 
vn -0.552908 -0.818642 0.155301 
vn -0.56164 -0.816225 0.135417 
vn -0.559133 -0.818073 0.134632 
vn -0.567405 -0.815428 0.114581 
vn -0.564888 -0.817278 0.113835 
vn -0.572694 -0.814404 0.0936297 
vn -0.570168 -0.816256 0.092922 
vn -0.577505 -0.813155 0.0725751 
vn -0.57497 -0.815009 0.0719062 
vn -0.581835 -0.811679 0.0514307 
vn -0.579291 -0.813536 0.0508008 
vn -0.585679 -0.80998 0.0302097 
vn -0.583129 -0.811839 0.0296189 
vn -0.589037 -0.808056 0.00892516 
vn -0.586481 -0.80992 0.00837372 
vn -0.591907 -0.805911 -0.0124095 
vn -0.589345 -0.807778 -0.0129216 
vn -0.594285 -0.803545 -0.0337812 
vn -0.591719 -0.805417 -0.0342539 
vn -0.596171 -0.800959 -0.0551765 
vn -0.593601 -0.802836 -0.0556097 
vn -0.597564 -0.798155 -0.0765823 
vn -0.594992 -0.800037 -0.0769759 
vn -0.598463 -0.795136 -0.097985 
vn -0.595889 -0.797023 -0.0983392 
vn -0.413534 -0.793881 0.445805 
vn -0.395466 -0.795136 0.459745 
vn -0.426279 -0.796696 0.42844 
vn -0.438637 -0.799293 0.410765 
vn -0.450602 -0.801669 0.392791 
vn -0.462165 -0.803823 0.374529 
vn -0.47332 -0.805754 0.355989 
vn -0.48406 -0.807461 0.337184 
vn -0.494377 -0.808942 0.318126 
vn -0.504266 -0.810197 0.298825 
vn -0.51372 -0.811225 0.279295 
vn -0.522734 -0.812025 0.259547 
vn -0.531301 -0.812597 0.239593 
vn -0.539417 -0.81294 0.219447 
vn -0.547077 -0.813055 0.19912 
vn -0.554275 -0.81294 0.178625 
vn -0.561008 -0.812597 0.157975 
vn -0.567271 -0.812025 0.137182 
vn -0.57306 -0.811225 0.116261 
vn -0.578371 -0.810197 0.0952224 
vn -0.583202 -0.808942 0.074081 
vn -0.587549 -0.807461 0.0528494 
vn -0.59141 -0.805754 0.0315408 
vn -0.594781 -0.803823 0.0101686 
vn -0.597662 -0.801669 -0.0112541 
vn -0.600051 -0.799293 -0.0327139 
vn -0.601945 -0.796696 -0.0541975 
vn -0.603343 -0.793881 -0.0756915 
vn -0.604246 -0.790849 -0.0971825 
vn -0.418562 -0.789522 0.448844 
vn -0.400411 -0.790849 0.462848 
vn -0.431359 -0.792349 0.431408 
vn -0.443768 -0.794956 0.413661 
vn -0.455781 -0.797342 0.395613 
vn -0.467392 -0.799505 0.377276 
vn -0.478592 -0.801444 0.35866 
vn -0.489376 -0.803157 0.339778 
vn -0.499735 -0.804645 0.320642 
vn -0.509665 -0.805905 0.301262 
vn -0.519158 -0.806937 0.281652 
vn -0.528208 -0.80774 0.261823 
vn -0.536811 -0.808315 0.241788 
vn -0.54496 -0.808659 0.221559 
vn -0.552651 -0.808774 0.201149 
vn -0.559879 -0.808659 0.18057 
vn -0.566639 -0.808315 0.159835 
vn -0.572928 -0.80774 0.138958 
vn -0.57874 -0.806937 0.11795 
vn -0.584074 -0.805905 0.0968259 
vn -0.588924 -0.804645 0.0755979 
vn -0.593289 -0.803157 0.0542794 
vn -0.597166 -0.801444 0.0328836 
vn -0.600551 -0.799505 0.0114238 
vn -0.603444 -0.797342 -0.0100866 
vn -0.605842 -0.794956 -0.0316342 
vn -0.607744 -0.792349 -0.0532058 
vn -0.609148 -0.789522 -0.0747877 
vn -0.610054 -0.786478 -0.0963668 
vn -0.42362 -0.785074 0.45189 
vn -0.405385 -0.786478 0.465957 
vn -0.436469 -0.787912 0.434384 
vn -0.448928 -0.79053 0.416564 
vn -0.460991 -0.792925 0.398443 
vn -0.472648 -0.795097 0.380031 
vn -0.483895 -0.797044 0.36134 
vn -0.494722 -0.798765 0.342382 
vn -0.505124 -0.800258 0.323167 
vn -0.515093 -0.801524 0.303709 
vn -0.524625 -0.80256 0.284019 
vn -0.533712 -0.803366 0.264109 
vn -0.54235 -0.803943 0.243993 
vn -0.550532 -0.804289 0.223681 
vn -0.558255 -0.804404 0.203188 
vn -0.565512 -0.804289 0.182525 
vn -0.572299 -0.803943 0.161707 
vn -0.578613 -0.803366 0.140744 
vn -0.58445 -0.80256 0.119651 
vn -0.589805 -0.801524 0.0984411 
vn -0.594675 -0.800258 0.0771268 
vn -0.599057 -0.798765 0.0557216 
vn -0.60295 -0.797044 0.0342388 
vn -0.606349 -0.795097 0.0126917 
vn -0.609254 -0.792925 -0.00890615 
vn -0.611661 -0.79053 -0.0305414 
vn -0.613571 -0.787912 -0.0522007 
vn -0.614981 -0.785074 -0.0738704 
vn -0.615891 -0.782017 -0.0955372 
vn -0.42871 -0.780533 0.454946 
vn -0.41039 -0.782017 0.469073 
vn -0.441611 -0.783383 0.437368 
vn -0.454121 -0.786011 0.419477 
vn -0.466232 -0.788416 0.401283 
vn -0.477937 -0.790597 0.382796 
vn -0.489229 -0.792551 0.36403 
vn -0.500099 -0.794279 0.344995 
vn -0.510543 -0.795779 0.325702 
vn -0.520553 -0.797049 0.306166 
vn -0.530123 -0.798089 0.286396 
vn -0.539247 -0.798899 0.266406 
vn -0.54792 -0.799478 0.246208 
vn -0.556135 -0.799826 0.225815 
vn -0.563889 -0.799942 0.205239 
vn -0.571175 -0.799826 0.184493 
vn -0.577991 -0.799478 0.16359 
vn -0.58433 -0.798899 0.142543 
vn -0.59019 -0.798089 0.121365 
vn -0.595566 -0.797049 0.100069 
vn -0.600456 -0.795779 0.0786683 
vn -0.604857 -0.794279 0.0571766 
vn -0.608765 -0.792551 0.035607 
vn -0.612178 -0.790597 0.013973 
vn -0.615094 -0.788416 -0.00771214 
vn -0.617512 -0.786011 -0.0294348 
vn -0.619429 -0.783383 -0.0511815 
vn -0.620845 -0.780533 -0.0729388 
vn -0.621758 -0.777464 -0.0946931 
vn -0.433835 -0.775895 0.45801 
vn -0.415427 -0.777464 0.472198 
vn -0.446788 -0.778756 0.440363 
vn -0.459348 -0.781395 0.4224 
vn -0.471508 -0.78381 0.404132 
vn -0.48326 -0.785999 0.385572 
vn -0.494596 -0.787962 0.36673 
vn -0.505511 -0.789696 0.347618 
vn -0.515997 -0.791202 0.328249 
vn -0.526047 -0.792477 0.308633 
vn -0.535655 -0.793522 0.288784 
vn -0.544816 -0.794335 0.268714 
vn -0.553523 -0.794916 0.248435 
vn -0.561772 -0.795265 0.22796 
vn -0.569556 -0.795381 0.207302 
vn -0.576872 -0.795265 0.186472 
vn -0.583715 -0.794916 0.165485 
vn -0.590079 -0.794335 0.144354 
vn -0.595963 -0.793522 0.123091 
vn -0.601361 -0.792477 0.101709 
vn -0.606271 -0.791202 0.0802232 
vn -0.610688 -0.789696 0.0586453 
vn -0.614612 -0.787962 0.0369891 
vn -0.618039 -0.785999 0.0152683 
vn -0.620967 -0.78381 -0.00650387 
vn -0.623394 -0.781395 -0.0283137 
vn -0.625319 -0.778756 -0.0501477 
vn -0.626741 -0.775895 -0.0719923 
vn -0.627658 -0.772814 -0.0938339 
vn -0.438997 -0.771156 0.461085 
vn -0.420499 -0.772814 0.475332 
vn -0.452001 -0.774029 0.443367 
vn -0.464611 -0.776678 0.425333 
vn -0.476819 -0.779103 0.406992 
vn -0.488618 -0.781301 0.388358 
vn -0.5 -0.783271 0.369441 
vn -0.510958 -0.785013 0.350253 
vn -0.521485 -0.786524 0.330806 
vn -0.531576 -0.787805 0.311113 
vn -0.541222 -0.788853 0.291185 
vn -0.55042 -0.78967 0.271035 
vn -0.559162 -0.790253 0.250675 
vn -0.567443 -0.790604 0.230118 
vn -0.575259 -0.79072 0.209377 
vn -0.582604 -0.790604 0.188465 
vn -0.589473 -0.790253 0.167394 
vn -0.595864 -0.78967 0.146178 
vn -0.60177 -0.788853 0.124831 
vn -0.60719 -0.787805 0.103364 
vn -0.612119 -0.786524 0.0817921 
vn -0.616555 -0.785013 0.0601281 
vn -0.620494 -0.783271 0.0383857 
vn -0.623935 -0.781301 0.0165782 
vn -0.626874 -0.779103 -0.00528074 
vn -0.629311 -0.776678 -0.0271775 
vn -0.631244 -0.774029 -0.0490986 
vn -0.632671 -0.771156 -0.0710302 
vn -0.633592 -0.768063 -0.0929589 
vn -0.444196 -0.766313 0.464171 
vn -0.425607 -0.768063 0.478475 
vn -0.457251 -0.769197 0.446383 
vn -0.469911 -0.771857 0.428276 
vn -0.482168 -0.774291 0.409863 
vn -0.494013 -0.776498 0.391155 
vn -0.50544 -0.778476 0.372163 
vn -0.516442 -0.780224 0.3529 
vn -0.527011 -0.781742 0.333376 
vn -0.537141 -0.783027 0.313604 
vn -0.546826 -0.78408 0.293597 
vn -0.55606 -0.7849 0.273367 
vn -0.564836 -0.785486 0.252927 
vn -0.573151 -0.785837 0.232289 
vn -0.580997 -0.785955 0.211466 
vn -0.588371 -0.785837 0.190471 
vn -0.595268 -0.785486 0.169317 
vn -0.601684 -0.7849 0.148017 
vn -0.607614 -0.78408 0.126584 
vn -0.613055 -0.783027 0.105033 
vn -0.618004 -0.781742 0.0833755 
vn -0.622457 -0.780224 0.0616257 
vn -0.626412 -0.778476 0.0397972 
vn -0.629866 -0.776498 0.0179033 
vn -0.632817 -0.774291 -0.00404214 
vn -0.635264 -0.771857 -0.0260256 
vn -0.637204 -0.769197 -0.0480335 
vn -0.638637 -0.766313 -0.070052 
vn -0.639561 -0.763207 -0.0920675 
vn -0.449434 -0.761361 0.467267 
vn -0.430753 -0.763207 0.48163 
vn -0.462541 -0.764256 0.449409 
vn -0.47525 -0.766927 0.431232 
vn -0.487555 -0.76937 0.412746 
vn -0.499447 -0.771586 0.393964 
vn -0.510919 -0.773572 0.374898 
vn -0.521964 -0.775327 0.355558 
vn -0.532575 -0.77685 0.335958 
vn -0.542745 -0.778141 0.316108 
vn -0.552468 -0.779198 0.296023 
vn -0.561738 -0.780021 0.275713 
vn -0.570549 -0.780609 0.255192 
vn -0.578896 -0.780962 0.234473 
vn -0.586773 -0.78108 0.213568 
vn -0.594176 -0.780962 0.19249 
vn -0.6011 -0.780609 0.171253 
vn -0.607541 -0.780021 0.14987 
vn -0.613495 -0.779198 0.128353 
vn -0.618957 -0.778141 0.106717 
vn -0.623925 -0.77685 0.084974 
vn -0.628396 -0.775327 0.0631387 
vn -0.632367 -0.773572 0.0412242 
vn -0.635834 -0.771586 0.0192443 
vn -0.638797 -0.76937 -0.00278752 
vn -0.641253 -0.766927 -0.0248575 
vn -0.643201 -0.764256 -0.0469519 
vn -0.64464 -0.761361 -0.069057 
vn -0.645568 -0.758243 -0.0911591 
vn -0.454712 -0.756297 0.470375 
vn -0.435938 -0.758243 0.484795 
vn -0.46787 -0.759203 0.452447 
vn -0.480629 -0.761884 0.434198 
vn -0.492982 -0.764337 0.415641 
vn -0.504921 -0.766561 0.396786 
vn -0.516438 -0.768555 0.377644 
vn -0.527526 -0.770317 0.358229 
vn -0.538178 -0.771847 0.338552 
vn -0.548388 -0.773142 0.318625 
vn -0.558149 -0.774203 0.298461 
vn -0.567455 -0.77503 0.278072 
vn -0.5763 -0.77562 0.257471 
vn -0.58468 -0.775974 0.236671 
vn -0.592588 -0.776093 0.215684 
vn -0.60002 -0.775974 0.194524 
vn -0.606971 -0.77562 0.173204 
vn -0.613437 -0.77503 0.151737 
vn -0.619414 -0.774203 0.130136 
vn -0.624898 -0.773142 0.108415 
vn -0.629885 -0.771847 0.086588 
vn -0.634373 -0.770317 0.0646674 
vn -0.638359 -0.768555 0.0426674 
vn -0.641841 -0.766561 0.0206015 
vn -0.644815 -0.764337 -0.00151635 
vn -0.647281 -0.761884 -0.0236725 
vn -0.649236 -0.759203 -0.0458533 
vn -0.65068 -0.756297 -0.0680447 
vn -0.651612 -0.753166 -0.0902332 
vn -0.460031 -0.751116 0.473493 
vn -0.441163 -0.753166 0.487971 
vn -0.47324 -0.754034 0.455496 
vn -0.486049 -0.756725 0.437177 
vn -0.49845 -0.759188 0.418547 
vn -0.510435 -0.76142 0.399619 
vn -0.521996 -0.763422 0.380403 
vn -0.533127 -0.765191 0.360913 
vn -0.543821 -0.766726 0.34116 
vn -0.55407 -0.768027 0.321155 
vn -0.563869 -0.769092 0.300913 
vn -0.573211 -0.769922 0.280445 
vn -0.582091 -0.770514 0.259764 
vn -0.590503 -0.77087 0.238883 
vn -0.598442 -0.770989 0.217815 
vn -0.605903 -0.77087 0.196573 
vn -0.612881 -0.770514 0.17517 
vn -0.619372 -0.769922 0.15362 
vn -0.625372 -0.769092 0.131935 
vn -0.630877 -0.768027 0.11013 
vn -0.635884 -0.766726 0.088218 
vn -0.64039 -0.765191 0.0662124 
vn -0.644391 -0.763422 0.044127 
vn -0.647886 -0.76142 0.0219756 
vn -0.650872 -0.759188 -0.000228104 
vn -0.653347 -0.756725 -0.0224702 
vn -0.65531 -0.754034 -0.044737 
vn -0.65676 -0.751116 -0.0670146 
vn -0.657695 -0.747973 -0.0892891 
vn -0.465393 -0.745815 0.476623 
vn -0.44643 -0.747973 0.491158 
vn -0.478653 -0.748744 0.458556 
vn -0.491511 -0.751446 0.440167 
vn -0.503959 -0.753918 0.421465 
vn -0.51599 -0.756159 0.402464 
vn -0.527596 -0.758168 0.383175 
vn -0.53877 -0.759944 0.363609 
vn -0.549505 -0.761485 0.34378 
vn -0.559794 -0.762791 0.323699 
vn -0.56963 -0.76386 0.303378 
vn -0.579009 -0.764693 0.282832 
vn -0.587923 -0.765288 0.262071 
vn -0.596367 -0.765645 0.24111 
vn -0.604337 -0.765764 0.21996 
vn -0.611826 -0.765645 0.198637 
vn -0.618831 -0.765288 0.177151 
vn -0.625347 -0.764693 0.155518 
vn -0.63137 -0.76386 0.13375 
vn -0.636896 -0.762791 0.111861 
vn -0.641923 -0.761485 0.0898643 
vn -0.646445 -0.759944 0.067774 
vn -0.650462 -0.758168 0.0456036 
vn -0.653971 -0.756159 0.0233669 
vn -0.656968 -0.753918 0.0010777 
vn -0.659453 -0.751446 -0.0212501 
vn -0.661424 -0.748744 -0.0436026 
vn -0.662879 -0.745815 -0.0659659 
vn -0.663818 -0.74266 -0.0883262 
vn -0.470797 -0.74039 0.479764 
vn -0.451739 -0.74266 0.494356 
vn -0.484107 -0.74333 0.461628 
vn -0.497015 -0.746042 0.443168 
vn -0.509511 -0.748523 0.424395 
vn -0.521588 -0.750773 0.405322 
vn -0.533238 -0.75279 0.385958 
vn -0.544455 -0.754573 0.366318 
vn -0.55523 -0.75612 0.346413 
vn -0.565558 -0.757431 0.326255 
vn -0.575433 -0.758504 0.305857 
vn -0.584847 -0.75934 0.285232 
vn -0.593795 -0.759937 0.264392 
vn -0.602272 -0.760296 0.243351 
vn -0.610271 -0.760415 0.222121 
vn -0.61779 -0.760296 0.200715 
vn -0.624821 -0.759937 0.179148 
vn -0.631362 -0.75934 0.157432 
vn -0.637408 -0.758504 0.135581 
vn -0.642956 -0.757431 0.113608 
vn -0.648001 -0.75612 0.0915274 
vn -0.652541 -0.754573 0.0693526 
vn -0.656573 -0.75279 0.0470975 
vn -0.660095 -0.750773 0.0247759 
vn -0.663104 -0.748523 0.00240153 
vn -0.665598 -0.746042 -0.0200116 
vn -0.667577 -0.74333 -0.0424495 
vn -0.669037 -0.74039 -0.0648982 
vn -0.66998 -0.737223 -0.0873439 
vn -0.476244 -0.734837 0.482915 
vn -0.457091 -0.737223 0.497564 
vn -0.489605 -0.737788 0.464711 
vn -0.502561 -0.74051 0.446181 
vn -0.515105 -0.743001 0.427337 
vn -0.527227 -0.745259 0.408191 
vn -0.538922 -0.747284 0.388754 
vn -0.550181 -0.749073 0.36904 
vn -0.560997 -0.750626 0.349059 
vn -0.571365 -0.751942 0.328825 
vn -0.581276 -0.753019 0.30835 
vn -0.590726 -0.753858 0.287646 
vn -0.599708 -0.754458 0.266727 
vn -0.608217 -0.754818 0.245606 
vn -0.616247 -0.754938 0.224296 
vn -0.623794 -0.754818 0.202809 
vn -0.630852 -0.754458 0.18116 
vn -0.637418 -0.753858 0.159362 
vn -0.643487 -0.753019 0.137428 
vn -0.649055 -0.751942 0.115372 
vn -0.65412 -0.750626 0.0932075 
vn -0.658677 -0.749073 0.0709487 
vn -0.662725 -0.747284 0.0486092 
vn -0.66626 -0.745259 0.026203 
vn -0.66928 -0.743001 0.00374384 
vn -0.671784 -0.74051 -0.0187542 
vn -0.67377 -0.737788 -0.0412771 
vn -0.675236 -0.734837 -0.063811 
vn -0.676182 -0.731658 -0.0863417 
vn -0.467925 -0.72596 0.504012 
vn -0.462486 -0.731658 0.500783 
vn -0.44834 -0.728253 0.518303 
vn -0.481735 -0.729151 0.486077 
vn -0.495146 -0.732113 0.467804 
vn -0.508151 -0.734845 0.449205 
vn -0.520742 -0.737346 0.43029 
vn -0.53291 -0.739613 0.411072 
vn -0.544648 -0.741645 0.391562 
vn -0.55595 -0.743441 0.371774 
vn -0.566807 -0.745 0.351718 
vn -0.577213 -0.74632 0.331408 
vn -0.587162 -0.747402 0.310855 
vn -0.596647 -0.748244 0.290074 
vn -0.605663 -0.748846 0.269077 
vn -0.614204 -0.749207 0.247876 
vn -0.622264 -0.749328 0.226486 
vn -0.629839 -0.749207 0.204918 
vn -0.636924 -0.748846 0.183188 
vn -0.643514 -0.748244 0.161308 
vn -0.649606 -0.747402 0.139291 
vn -0.655195 -0.74632 0.117152 
vn -0.660279 -0.745 0.0949049 
vn -0.664854 -0.743441 0.0725624 
vn -0.668916 -0.741645 0.050139 
vn -0.672464 -0.739613 0.0276486 
vn -0.675496 -0.737346 0.00510507 
vn -0.678009 -0.734845 -0.0174775 
vn -0.680002 -0.732113 -0.0400851 
vn -0.681474 -0.729151 -0.0627036 
vn -0.682424 -0.72596 -0.085319 
vn -0.682851 -0.722543 -0.107917 
vn -0.676607 -0.728253 -0.108855 
vn -0.473408 -0.720126 0.50725 
vn -0.453726 -0.722543 0.521598 
vn -0.487269 -0.723329 0.489249 
vn -0.50073 -0.726302 0.470908 
vn -0.513784 -0.729045 0.452239 
vn -0.526421 -0.731554 0.433254 
vn -0.538635 -0.73383 0.413964 
vn -0.550417 -0.735869 0.394382 
vn -0.561761 -0.737672 0.374519 
vn -0.572658 -0.739237 0.354389 
vn -0.583103 -0.740562 0.334003 
vn -0.593089 -0.741648 0.313374 
vn -0.60261 -0.742493 0.292516 
vn -0.611659 -0.743097 0.27144 
vn -0.620232 -0.74346 0.250161 
vn -0.628322 -0.743581 0.22869 
vn -0.635925 -0.74346 0.207043 
vn -0.643036 -0.743097 0.185232 
vn -0.649651 -0.742493 0.16327 
vn -0.655766 -0.741648 0.141171 
vn -0.661376 -0.740562 0.11895 
vn -0.666478 -0.739237 0.0966198 
vn -0.67107 -0.737672 0.0741942 
vn -0.675148 -0.735869 0.0516873 
vn -0.678709 -0.73383 0.0291131 
vn -0.681752 -0.731554 0.00648562 
vn -0.684275 -0.729045 -0.016181 
vn -0.686275 -0.726302 -0.0388728 
vn -0.687753 -0.723329 -0.0615755 
vn -0.688706 -0.720126 -0.0842752 
vn -0.689134 -0.716696 -0.106958 
vn -0.478936 -0.714152 0.510497 
vn -0.459157 -0.716696 0.524901 
vn -0.492848 -0.717366 0.492429 
vn -0.506359 -0.720351 0.474021 
vn -0.51946 -0.723103 0.455283 
vn -0.532144 -0.725622 0.436228 
vn -0.544403 -0.727906 0.416867 
vn -0.556229 -0.729953 0.397213 
vn -0.567614 -0.731763 0.377277 
vn -0.578552 -0.733333 0.357072 
vn -0.589035 -0.734664 0.336611 
vn -0.599058 -0.735753 0.315907 
vn -0.608613 -0.736601 0.294971 
vn -0.617696 -0.737208 0.273818 
vn -0.6263 -0.737572 0.25246 
vn -0.634421 -0.737693 0.23091 
vn -0.642052 -0.737572 0.209183 
vn -0.649189 -0.737208 0.187291 
vn -0.655829 -0.736601 0.165248 
vn -0.661966 -0.735753 0.143068 
vn -0.667597 -0.734664 0.120765 
vn -0.672718 -0.733333 0.0983525 
vn -0.677326 -0.731763 0.0758441 
vn -0.681419 -0.729953 0.0532542 
vn -0.684994 -0.727906 0.0305968 
vn -0.688048 -0.725622 0.0078859 
vn -0.69058 -0.723103 -0.0148643 
vn -0.692588 -0.720351 -0.0376398 
vn -0.694071 -0.717366 -0.0604263 
vn -0.695027 -0.714152 -0.0832096 
vn -0.695457 -0.71071 -0.105976 
vn -0.484507 -0.708033 0.513752 
vn -0.464631 -0.71071 0.528213 
vn -0.49847 -0.71126 0.495618 
vn -0.51203 -0.714255 0.477142 
vn -0.52518 -0.717017 0.458336 
vn -0.53791 -0.719546 0.439212 
vn -0.550214 -0.721838 0.41978 
vn -0.562082 -0.723892 0.400054 
vn -0.573509 -0.725708 0.380046 
vn -0.584487 -0.727284 0.359767 
vn -0.595009 -0.72862 0.339232 
vn -0.605068 -0.729713 0.318451 
vn -0.614658 -0.730565 0.297439 
vn -0.623774 -0.731173 0.276209 
vn -0.63241 -0.731538 0.254773 
vn -0.64056 -0.73166 0.233145 
vn -0.648219 -0.731538 0.211338 
vn -0.655382 -0.731173 0.189366 
vn -0.662046 -0.730565 0.167243 
vn -0.668205 -0.729713 0.144982 
vn -0.673857 -0.72862 0.122598 
vn -0.678997 -0.727284 0.100103 
vn -0.683622 -0.725708 0.0775126 
vn -0.68773 -0.723892 0.0548402 
vn -0.691318 -0.721838 0.0321001 
vn -0.694383 -0.719546 0.00930628 
vn -0.696924 -0.717017 -0.013527 
vn -0.698939 -0.714255 -0.0363856 
vn -0.700427 -0.71126 -0.0592552 
vn -0.701388 -0.708033 -0.0821217 
vn -0.701819 -0.704578 -0.104971 
vn -0.490123 -0.701766 0.517014 
vn -0.470151 -0.704578 0.531533 
vn -0.504136 -0.705004 0.498815 
vn -0.517745 -0.70801 0.480272 
vn -0.530942 -0.710783 0.461398 
vn -0.543719 -0.71332 0.442205 
vn -0.556066 -0.71562 0.422703 
vn -0.567978 -0.717682 0.402906 
vn -0.579446 -0.719505 0.382825 
vn -0.590463 -0.721087 0.362473 
vn -0.601023 -0.722427 0.341864 
vn -0.611119 -0.723524 0.321008 
vn -0.620744 -0.724379 0.29992 
vn -0.629893 -0.724989 0.278613 
vn -0.63856 -0.725356 0.2571 
vn -0.646739 -0.725478 0.235394 
vn -0.654426 -0.725356 0.213508 
vn -0.661615 -0.724989 0.191457 
vn -0.668303 -0.724379 0.169254 
vn -0.674484 -0.723524 0.146913 
vn -0.680156 -0.722427 0.124448 
vn -0.685315 -0.721087 0.101872 
vn -0.689957 -0.719505 0.0791997 
vn -0.694079 -0.717682 0.0564455 
vn -0.69768 -0.71562 0.0336232 
vn -0.700756 -0.71332 0.0107471 
vn -0.703307 -0.710783 -0.0121686 
vn -0.705329 -0.70801 -0.0351097 
vn -0.706823 -0.705004 -0.0580619 
vn -0.707786 -0.701766 -0.081011 
vn -0.70822 -0.698299 -0.103943 
vn -0.495782 -0.695346 0.520283 
vn -0.475715 -0.698299 0.534859 
vn -0.509846 -0.698595 0.502018 
vn -0.523503 -0.701612 0.483409 
vn -0.536747 -0.704394 0.464468 
vn -0.549569 -0.706941 0.445206 
vn -0.561961 -0.709249 0.425635 
vn -0.573915 -0.711319 0.405767 
vn -0.585424 -0.713148 0.385614 
vn -0.596481 -0.714735 0.36519 
vn -0.607078 -0.71608 0.344507 
vn -0.61721 -0.717182 0.323577 
vn -0.62687 -0.718039 0.302414 
vn -0.636051 -0.718652 0.281031 
vn -0.644749 -0.71902 0.259441 
vn -0.652957 -0.719143 0.237657 
vn -0.660671 -0.71902 0.215693 
vn -0.667886 -0.718652 0.193564 
vn -0.674598 -0.718039 0.171281 
vn -0.680802 -0.717182 0.148861 
vn -0.686494 -0.71608 0.126315 
vn -0.691671 -0.714735 0.103659 
vn -0.696329 -0.713148 0.0809056 
vn -0.700467 -0.711319 0.0580702 
vn -0.70408 -0.709249 0.0351665 
vn -0.707167 -0.706941 0.0122088 
vn -0.709727 -0.704394 -0.0107887 
vn -0.711756 -0.701612 -0.0338117 
vn -0.713255 -0.698595 -0.0568458 
vn -0.714223 -0.695346 -0.0798767 
vn -0.714657 -0.691866 -0.10289 
vn -0.501485 -0.688769 0.523556 
vn -0.481323 -0.691866 0.538191 
vn -0.515598 -0.692029 0.505227 
vn -0.529304 -0.695057 0.486553 
vn -0.542594 -0.697849 0.467545 
vn -0.555462 -0.700404 0.448214 
vn -0.567897 -0.702721 0.428574 
vn -0.579893 -0.704798 0.408636 
vn -0.591443 -0.706633 0.388413 
vn -0.602538 -0.708226 0.367917 
vn -0.613173 -0.709576 0.347161 
vn -0.623341 -0.710681 0.326157 
vn -0.633034 -0.711542 0.304919 
vn -0.642248 -0.712157 0.283461 
vn -0.650976 -0.712526 0.261795 
vn -0.659214 -0.712649 0.239934 
vn -0.666955 -0.712526 0.217893 
vn -0.674196 -0.712157 0.195686 
vn -0.680931 -0.711542 0.173325 
vn -0.687156 -0.710681 0.150825 
vn -0.692868 -0.709576 0.1282 
vn -0.698064 -0.708226 0.105464 
vn -0.702739 -0.706633 0.0826305 
vn -0.706891 -0.704798 0.0597146 
vn -0.710517 -0.702721 0.0367302 
vn -0.713615 -0.700404 0.0136916 
vn -0.716183 -0.697849 -0.00938694 
vn -0.71822 -0.695057 -0.032491 
vn -0.719724 -0.692029 -0.0556063 
vn -0.720695 -0.688769 -0.0787184 
vn -0.721131 -0.685276 -0.101813 
vn -0.507231 -0.68203 0.526832 
vn -0.486974 -0.685276 0.541528 
vn -0.521392 -0.685302 0.50844 
vn -0.535146 -0.68834 0.489701 
vn -0.548483 -0.691142 0.470627 
vn -0.561395 -0.693706 0.451229 
vn -0.573873 -0.696031 0.431521 
vn -0.585911 -0.698115 0.411514 
vn -0.597501 -0.699957 0.39122 
vn -0.608635 -0.701555 0.370653 
vn -0.619307 -0.70291 0.349824 
vn -0.62951 -0.704019 0.328748 
vn -0.639237 -0.704882 0.307436 
vn -0.648483 -0.705499 0.285903 
vn -0.657242 -0.70587 0.264161 
vn -0.665508 -0.705993 0.242225 
vn -0.673276 -0.70587 0.220107 
vn -0.680541 -0.705499 0.197822 
vn -0.6873 -0.704882 0.175384 
vn -0.693547 -0.704019 0.152806 
vn -0.699279 -0.70291 0.130102 
vn -0.704493 -0.701555 0.107287 
vn -0.709184 -0.699957 0.0843744 
vn -0.71335 -0.698115 0.0613788 
vn -0.716989 -0.696031 0.0383145 
vn -0.720098 -0.693706 0.0151958 
vn -0.722675 -0.691142 -0.00796295 
vn -0.724719 -0.68834 -0.0311474 
vn -0.726229 -0.685302 -0.054343 
vn -0.727203 -0.68203 -0.0775355 
vn -0.72764 -0.678526 -0.10071 
vn -0.498407 -0.671609 0.548208 
vn -0.492669 -0.678526 0.544867 
vn -0.477718 -0.674791 0.562532 
vn -0.513018 -0.675125 0.530112 
vn -0.527229 -0.678409 0.511656 
vn -0.541029 -0.681457 0.492853 
vn -0.554412 -0.684269 0.473713 
vn -0.567368 -0.686841 0.454249 
vn -0.579889 -0.689174 0.434473 
vn -0.591969 -0.691265 0.414398 
vn -0.603598 -0.693114 0.394034 
vn -0.61477 -0.694718 0.373397 
vn -0.625479 -0.696077 0.352497 
vn -0.635716 -0.69719 0.331348 
vn -0.645477 -0.698056 0.309963 
vn -0.654754 -0.698675 0.288356 
vn -0.663543 -0.699047 0.26654 
vn -0.671837 -0.699171 0.244529 
vn -0.679632 -0.699047 0.222336 
vn -0.686923 -0.698675 0.199974 
vn -0.693705 -0.698056 0.177459 
vn -0.699973 -0.69719 0.154803 
vn -0.705725 -0.696077 0.132022 
vn -0.710956 -0.694718 0.109128 
vn -0.715663 -0.693114 0.0861374 
vn -0.719844 -0.691265 0.0630631 
vn -0.723495 -0.689174 0.0399197 
vn -0.726615 -0.686841 0.0167218 
vn -0.729201 -0.684269 -0.00651633 
vn -0.731252 -0.681457 -0.0297802 
vn -0.732767 -0.678409 -0.0530553 
vn -0.733744 -0.675125 -0.0763272 
vn -0.734183 -0.671609 -0.0995815 
vn -0.734084 -0.667862 -0.122804 
vn -0.727542 -0.674791 -0.123853 
vn -0.504187 -0.664522 0.551549 
vn -0.483404 -0.667862 0.565933 
vn -0.518847 -0.66805 0.533391 
vn -0.533105 -0.671345 0.514874 
vn -0.546953 -0.674404 0.496007 
vn -0.56038 -0.677225 0.476803 
vn -0.57338 -0.679806 0.457273 
vn -0.585944 -0.682147 0.437431 
vn -0.598064 -0.684245 0.417287 
vn -0.609732 -0.686099 0.396855 
vn -0.620942 -0.687709 0.376148 
vn -0.631687 -0.689072 0.355177 
vn -0.641959 -0.690189 0.333957 
vn -0.651753 -0.691059 0.312501 
vn -0.661061 -0.69168 0.290821 
vn -0.66988 -0.692053 0.268931 
vn -0.678202 -0.692177 0.246845 
vn -0.686023 -0.692053 0.224577 
vn -0.693338 -0.69168 0.20214 
vn -0.700143 -0.691059 0.179549 
vn -0.706433 -0.690189 0.156817 
vn -0.712204 -0.689072 0.133959 
vn -0.717453 -0.687709 0.110988 
vn -0.722176 -0.686099 0.0879196 
vn -0.72637 -0.684245 0.0647674 
vn -0.730034 -0.682147 0.041546 
vn -0.733164 -0.679806 0.0182698 
vn -0.735759 -0.677225 -0.00504673 
vn -0.737817 -0.674404 -0.0283891 
vn -0.739337 -0.671345 -0.0517427 
vn -0.740317 -0.66805 -0.0750932 
vn -0.740758 -0.664522 -0.0984259 
vn -0.740659 -0.660763 -0.121726 
vn -0.510007 -0.657261 0.554888 
vn -0.489133 -0.660763 0.569334 
vn -0.524716 -0.660801 0.536671 
vn -0.539021 -0.664106 0.518091 
vn -0.552915 -0.667175 0.499162 
vn -0.566387 -0.670006 0.479894 
vn -0.57943 -0.672596 0.4603 
vn -0.592035 -0.674944 0.440392 
vn -0.604195 -0.677049 0.420181 
vn -0.615903 -0.67891 0.399681 
vn -0.62715 -0.680525 0.378905 
vn -0.63793 -0.681893 0.357865 
vn -0.648236 -0.683013 0.336575 
vn -0.658062 -0.683885 0.315047 
vn -0.667402 -0.684509 0.293295 
vn -0.67625 -0.684883 0.271333 
vn -0.6846 -0.685008 0.249174 
vn -0.692447 -0.684883 0.226832 
vn -0.699786 -0.684509 0.204321 
vn -0.706613 -0.683885 0.181654 
vn -0.712924 -0.683013 0.158847 
vn -0.718714 -0.681893 0.135913 
vn -0.72398 -0.680525 0.112866 
vn -0.728719 -0.67891 0.0897209 
vn -0.732928 -0.677049 0.0664919 
vn -0.736604 -0.674944 0.0431934 
vn -0.739744 -0.672596 0.01984 
vn -0.742348 -0.670006 -0.00355382 
vn -0.744412 -0.667175 -0.0269736 
vn -0.745937 -0.664106 -0.0504047 
vn -0.746921 -0.660801 -0.0738326 
vn -0.747363 -0.657261 -0.0972428 
vn -0.747264 -0.653489 -0.120621 
vn -0.515867 -0.649821 0.558224 
vn -0.494904 -0.653489 0.572732 
vn -0.530624 -0.653372 0.539947 
vn -0.544976 -0.656689 0.521307 
vn -0.558914 -0.659767 0.502316 
vn -0.572431 -0.662607 0.482986 
vn -0.585516 -0.665206 0.463328 
vn -0.598162 -0.667562 0.443354 
vn -0.610362 -0.669674 0.423078 
vn -0.622108 -0.67154 0.402512 
vn -0.633392 -0.67316 0.381668 
vn -0.644207 -0.674533 0.360559 
vn -0.654547 -0.675657 0.339199 
vn -0.664405 -0.676532 0.317601 
vn -0.673775 -0.677158 0.295779 
vn -0.682651 -0.677533 0.273745 
vn -0.691028 -0.677658 0.251514 
vn -0.698901 -0.677533 0.229099 
vn -0.706264 -0.677158 0.206514 
vn -0.713114 -0.676532 0.183774 
vn -0.719445 -0.675657 0.160893 
vn -0.725254 -0.674533 0.137884 
vn -0.730537 -0.67316 0.114762 
vn -0.735292 -0.67154 0.0915413 
vn -0.739514 -0.669674 0.0682366 
vn -0.743202 -0.667562 0.0448623 
vn -0.746353 -0.665206 0.0214328 
vn -0.748965 -0.662607 -0.00203731 
vn -0.751036 -0.659767 -0.0255334 
vn -0.752566 -0.656689 -0.0490408 
vn -0.753553 -0.653372 -0.0725451 
vn -0.753996 -0.649821 -0.0960315 
vn -0.753896 -0.646037 -0.119485 
vn -0.521765 -0.642198 0.561554 
vn -0.500714 -0.646037 0.576126 
vn -0.536569 -0.64576 0.543219 
vn -0.550967 -0.649087 0.52452 
vn -0.56495 -0.652176 0.505468 
vn -0.57851 -0.655025 0.486076 
vn -0.591637 -0.657631 0.466355 
vn -0.604324 -0.659995 0.446318 
vn -0.616562 -0.662114 0.425977 
vn -0.628345 -0.663986 0.405345 
vn -0.639665 -0.665612 0.384434 
vn -0.650515 -0.666989 0.363258 
vn -0.660888 -0.668116 0.34183 
vn -0.670777 -0.668994 0.320163 
vn -0.680178 -0.669622 0.298271 
vn -0.689082 -0.669998 0.276166 
vn -0.697486 -0.670124 0.253864 
vn -0.705384 -0.669998 0.231378 
vn -0.712771 -0.669622 0.208721 
vn -0.719642 -0.668994 0.185908 
vn -0.725994 -0.668116 0.162954 
vn -0.731821 -0.666989 0.139871 
vn -0.737121 -0.665612 0.116675 
vn -0.741891 -0.663986 0.0933807 
vn -0.746127 -0.662114 0.0700015 
vn -0.749826 -0.659995 0.0465525 
vn -0.752987 -0.657631 0.0230482 
vn -0.755607 -0.655025 -0.000496893 
vn -0.757686 -0.652176 -0.024068 
vn -0.75922 -0.649087 -0.0476506 
vn -0.76021 -0.64576 -0.0712299 
vn -0.760655 -0.642198 -0.0947913 
vn -0.760555 -0.638401 -0.11832 
vn -0.5277 -0.634387 0.564877 
vn -0.506564 -0.638401 0.579514 
vn -0.542551 -0.637961 0.546484 
vn -0.556994 -0.641298 0.527727 
vn -0.57102 -0.644396 0.508615 
vn -0.584622 -0.647254 0.489162 
vn -0.59779 -0.649869 0.46938 
vn -0.610517 -0.65224 0.44928 
vn -0.622794 -0.654365 0.428875 
vn -0.634614 -0.656243 0.408179 
vn -0.645969 -0.657874 0.387203 
vn -0.656853 -0.659255 0.365961 
vn -0.667258 -0.660386 0.344465 
vn -0.677179 -0.661267 0.322731 
vn -0.686608 -0.661896 0.30077 
vn -0.695541 -0.662274 0.278596 
vn -0.703971 -0.6624 0.256224 
vn -0.711893 -0.662274 0.233668 
vn -0.719303 -0.661896 0.21094 
vn -0.726196 -0.661267 0.188056 
vn -0.732568 -0.660386 0.165029 
vn -0.738413 -0.659255 0.141875 
vn -0.74373 -0.657874 0.118606 
vn -0.748515 -0.656243 0.0952389 
vn -0.752764 -0.654365 0.0717866 
vn -0.756475 -0.65224 0.0482643 
vn -0.759645 -0.649869 0.0246864 
vn -0.762274 -0.647254 0.00106769 
vn -0.764359 -0.644396 -0.0225772 
vn -0.765898 -0.641298 -0.0462335 
vn -0.766891 -0.637961 -0.0698866 
vn -0.767338 -0.634387 -0.0935217 
vn -0.767237 -0.630578 -0.117124 
vn -0.53367 -0.626384 0.56819 
vn -0.512452 -0.630578 0.582893 
vn -0.548566 -0.629968 0.549741 
vn -0.563053 -0.633316 0.530926 
vn -0.577123 -0.636423 0.511756 
vn -0.590766 -0.63929 0.492244 
vn -0.603975 -0.641913 0.472401 
vn -0.61674 -0.644291 0.452239 
vn -0.629055 -0.646423 0.431772 
vn -0.640911 -0.648307 0.411012 
vn -0.652301 -0.649942 0.389972 
vn -0.663218 -0.651328 0.368665 
vn -0.673655 -0.652463 0.347104 
vn -0.683606 -0.653346 0.325303 
vn -0.693064 -0.653977 0.303275 
vn -0.702024 -0.654356 0.281034 
vn -0.71048 -0.654483 0.258594 
vn -0.718427 -0.654356 0.235968 
vn -0.725859 -0.653977 0.213171 
vn -0.732773 -0.653346 0.190217 
vn -0.739164 -0.652463 0.16712 
vn -0.745028 -0.651328 0.143894 
vn -0.750361 -0.649942 0.120555 
vn -0.75516 -0.648307 0.0971158 
vn -0.759422 -0.646423 0.0735919 
vn -0.763144 -0.644291 0.0499976 
vn -0.766325 -0.641913 0.0263476 
vn -0.768961 -0.63929 0.00265669 
vn -0.771052 -0.636423 -0.0210605 
vn -0.772596 -0.633316 -0.0447891 
vn -0.773593 -0.629968 -0.0685145 
vn -0.774041 -0.626384 -0.0922219 
vn -0.77394 -0.622564 -0.115897 
vn -0.524333 -0.614352 0.589615 
vn -0.518375 -0.622564 0.586261 
vn -0.50269 -0.618511 0.603943 
vn -0.539674 -0.618184 0.57149 
vn -0.554614 -0.621779 0.552986 
vn -0.569144 -0.625137 0.534115 
vn -0.583256 -0.628254 0.514888 
vn -0.59694 -0.631129 0.495318 
vn -0.610188 -0.633759 0.475415 
vn -0.622991 -0.636145 0.455194 
vn -0.635343 -0.638283 0.434666 
vn -0.647234 -0.640173 0.413844 
vn -0.658658 -0.641813 0.392741 
vn -0.669608 -0.643203 0.37137 
vn -0.680076 -0.644341 0.349745 
vn -0.690056 -0.645227 0.327879 
vn -0.699543 -0.64586 0.305785 
vn -0.70853 -0.64624 0.283478 
vn -0.717011 -0.646367 0.260971 
vn -0.724981 -0.64624 0.238277 
vn -0.732436 -0.64586 0.215412 
vn -0.73937 -0.645227 0.19239 
vn -0.74578 -0.644341 0.169224 
vn -0.751662 -0.643203 0.145929 
vn -0.75701 -0.641813 0.12252 
vn -0.761824 -0.640173 0.0990112 
vn -0.766099 -0.638283 0.0754171 
vn -0.769832 -0.636145 0.0517524 
vn -0.773022 -0.633759 0.0280319 
vn -0.775666 -0.631129 0.00427032 
vn -0.777764 -0.628254 -0.0195176 
vn -0.779312 -0.625137 -0.043317 
vn -0.780312 -0.621779 -0.0671132 
vn -0.780761 -0.618184 -0.0908913 
vn -0.78066 -0.614352 -0.114637 
vn -0.780008 -0.610288 -0.138334 
vn -0.77329 -0.618511 -0.139524 
vn -0.530323 -0.605941 0.592953 
vn -0.508601 -0.610288 0.60735 
vn -0.545708 -0.609783 0.574776 
vn -0.560692 -0.613389 0.556218 
vn -0.575264 -0.616756 0.537292 
vn -0.589417 -0.619882 0.518009 
vn -0.603141 -0.622766 0.498382 
vn -0.616427 -0.625404 0.478422 
vn -0.629268 -0.627796 0.458142 
vn -0.641655 -0.629941 0.437554 
vn -0.653581 -0.631836 0.416672 
vn -0.665038 -0.633481 0.395508 
vn -0.676019 -0.634875 0.374075 
vn -0.686518 -0.636016 0.352387 
vn -0.696528 -0.636905 0.330457 
vn -0.706042 -0.63754 0.308299 
vn -0.715054 -0.637921 0.285927 
vn -0.72356 -0.638048 0.263354 
vn -0.731554 -0.637921 0.240595 
vn -0.73903 -0.63754 0.217664 
vn -0.745985 -0.636905 0.194574 
vn -0.752413 -0.636016 0.171341 
vn -0.758312 -0.634875 0.147979 
vn -0.763676 -0.633481 0.124502 
vn -0.768503 -0.631836 0.100925 
vn -0.772791 -0.629941 0.0772621 
vn -0.776535 -0.627796 0.0535287 
vn -0.779734 -0.625404 0.0297393 
vn -0.782386 -0.622766 0.00590877 
vn -0.78449 -0.619882 -0.0179482 
vn -0.786043 -0.616756 -0.0418167 
vn -0.787045 -0.613389 -0.065682 
vn -0.787495 -0.609783 -0.0895291 
vn -0.787394 -0.605941 -0.113343 
vn -0.786741 -0.601864 -0.13711 
vn -0.536343 -0.597324 0.596272 
vn -0.514546 -0.601864 0.610739 
vn -0.551772 -0.601177 0.578043 
vn -0.566797 -0.604793 0.559433 
vn -0.581411 -0.60817 0.540454 
vn -0.595604 -0.611305 0.521117 
vn -0.609366 -0.614196 0.501434 
vn -0.62269 -0.616842 0.481418 
vn -0.635567 -0.619241 0.46108 
vn -0.647989 -0.621392 0.440435 
vn -0.659948 -0.623292 0.419493 
vn -0.671438 -0.624942 0.39827 
vn -0.68245 -0.626339 0.376777 
vn -0.692979 -0.627484 0.355027 
vn -0.703016 -0.628375 0.333036 
vn -0.712557 -0.629012 0.310815 
vn -0.721595 -0.629394 0.28838 
vn -0.730125 -0.629522 0.265744 
vn -0.738141 -0.629394 0.242921 
vn -0.745639 -0.629012 0.219924 
vn -0.752613 -0.628375 0.19677 
vn -0.75906 -0.627484 0.173471 
vn -0.764975 -0.626339 0.150043 
vn -0.770354 -0.624942 0.1265 
vn -0.775195 -0.623292 0.102856 
vn -0.779494 -0.621392 0.0791268 
vn -0.783249 -0.619241 0.0553265 
vn -0.786457 -0.616842 0.03147 
vn -0.789117 -0.614196 0.00757222 
vn -0.791226 -0.611305 -0.016352 
vn -0.792784 -0.60817 -0.0402879 
vn -0.793789 -0.604793 -0.0642204 
vn -0.794241 -0.601177 -0.0881348 
vn -0.794139 -0.597324 -0.112016 
vn -0.793484 -0.593236 -0.13585 
vn -0.542391 -0.588498 0.599569 
vn -0.520521 -0.593236 0.614108 
vn -0.557861 -0.592362 0.58129 
vn -0.572928 -0.595988 0.562629 
vn -0.587582 -0.599373 0.543598 
vn -0.601813 -0.602517 0.524208 
vn -0.615613 -0.605416 0.504472 
vn -0.628973 -0.608069 0.484401 
vn -0.641886 -0.610475 0.464008 
vn -0.654342 -0.612631 0.443306 
vn -0.666334 -0.614537 0.422307 
vn -0.677855 -0.616191 0.401025 
vn -0.688897 -0.617593 0.379474 
vn -0.699454 -0.61874 0.357665 
vn -0.709519 -0.619634 0.335613 
vn -0.719086 -0.620272 0.313332 
vn -0.728149 -0.620656 0.290836 
vn -0.736702 -0.620784 0.268138 
vn -0.74474 -0.620656 0.245252 
vn -0.752258 -0.620272 0.222193 
vn -0.759251 -0.619634 0.198975 
vn -0.765716 -0.61874 0.175613 
vn -0.771647 -0.617593 0.152121 
vn -0.777041 -0.616191 0.128513 
vn -0.781895 -0.614537 0.104805 
vn -0.786206 -0.612631 0.0810108 
vn -0.789971 -0.610475 0.0571455 
vn -0.793188 -0.608069 0.0332239 
vn -0.795855 -0.605416 0.00926079 
vn -0.79797 -0.602517 -0.0147288 
vn -0.799532 -0.599373 -0.03873 
vn -0.80054 -0.595988 -0.062728 
vn -0.800993 -0.592362 -0.0867077 
vn -0.800891 -0.588498 -0.110654 
vn -0.800234 -0.584398 -0.134553 
vn -0.548463 -0.579458 0.60284 
vn -0.526526 -0.584398 0.617454 
vn -0.563975 -0.583332 0.584513 
vn -0.579082 -0.586968 0.565803 
vn -0.593774 -0.590362 0.546722 
vn -0.608043 -0.593514 0.527281 
vn -0.621879 -0.596421 0.507492 
vn -0.635275 -0.599081 0.487368 
vn -0.648221 -0.601493 0.466922 
vn -0.66071 -0.603655 0.446165 
vn -0.672734 -0.605566 0.425111 
vn -0.684285 -0.607225 0.403773 
vn -0.695356 -0.60863 0.382164 
vn -0.705941 -0.60978 0.360298 
vn -0.716033 -0.610676 0.338188 
vn -0.725625 -0.611317 0.315849 
vn -0.734712 -0.611701 0.293293 
vn -0.743288 -0.611829 0.270535 
vn -0.751347 -0.611701 0.247588 
vn -0.758885 -0.611317 0.224469 
vn -0.765896 -0.610676 0.20119 
vn -0.772378 -0.60978 0.177766 
vn -0.778324 -0.60863 0.154212 
vn -0.783733 -0.607225 0.130542 
vn -0.7886 -0.605566 0.106771 
vn -0.792922 -0.603655 0.0829139 
vn -0.796697 -0.601493 0.0589856 
vn -0.799923 -0.599081 0.0350009 
vn -0.802597 -0.596421 0.0109746 
vn -0.804717 -0.593514 -0.0130783 
vn -0.806283 -0.590362 -0.0371429 
vn -0.807294 -0.586968 -0.0612041 
vn -0.807748 -0.583332 -0.0852471 
vn -0.807645 -0.579458 -0.109257 
vn -0.806987 -0.575348 -0.133219 
vn -0.554558 -0.570201 0.606083 
vn -0.532556 -0.575348 0.620772 
vn -0.570109 -0.574085 0.587709 
vn -0.585254 -0.577729 0.568952 
vn -0.599984 -0.581133 0.549822 
vn -0.614289 -0.584293 0.530332 
vn -0.62816 -0.587207 0.510493 
vn -0.64159 -0.589874 0.490318 
vn -0.654569 -0.592292 0.469819 
vn -0.66709 -0.594459 0.449009 
vn -0.679144 -0.596375 0.427902 
vn -0.690725 -0.598038 0.40651 
vn -0.701824 -0.599446 0.384846 
vn -0.712436 -0.6006 0.362925 
vn -0.722553 -0.601498 0.340759 
vn -0.73217 -0.60214 0.318362 
vn -0.74128 -0.602525 0.295749 
vn -0.749877 -0.602654 0.272933 
vn -0.757957 -0.602525 0.249929 
vn -0.765514 -0.60214 0.22675 
vn -0.772543 -0.601498 0.203412 
vn -0.779041 -0.6006 0.179929 
vn -0.785003 -0.599446 0.156315 
vn -0.790425 -0.598038 0.132585 
vn -0.795305 -0.596375 0.108753 
vn -0.799638 -0.594459 0.0848358 
vn -0.803423 -0.592292 0.0608467 
vn -0.806656 -0.589874 0.036801 
vn -0.809337 -0.587207 0.0127137 
vn -0.811463 -0.584293 -0.0114003 
vn -0.813033 -0.581133 -0.035526 
vn -0.814046 -0.577729 -0.0596484 
vn -0.814501 -0.574085 -0.0837525 
vn -0.814399 -0.570201 -0.107823 
vn -0.813738 -0.56608 -0.131846 
vn -0.544686 -0.556591 0.627315 
vn -0.538611 -0.56608 0.624061 
vn -0.522277 -0.561725 0.641632 
vn -0.560672 -0.560721 0.609293 
vn -0.576261 -0.564615 0.590875 
vn -0.591443 -0.568268 0.572072 
vn -0.606208 -0.57168 0.552895 
vn -0.620548 -0.574848 0.533357 
vn -0.634454 -0.577769 0.51347 
vn -0.647916 -0.580442 0.493246 
vn -0.660927 -0.582866 0.472697 
vn -0.673478 -0.585039 0.451837 
vn -0.685562 -0.58696 0.430678 
vn -0.69717 -0.588626 0.409234 
vn -0.708297 -0.590038 0.387518 
vn -0.718935 -0.591195 0.365543 
vn -0.729077 -0.592095 0.343323 
vn -0.738717 -0.592739 0.320871 
vn -0.747849 -0.593125 0.298203 
vn -0.756467 -0.593254 0.275332 
vn -0.764567 -0.593125 0.252271 
vn -0.772142 -0.592739 0.229036 
vn -0.779189 -0.592095 0.205641 
vn -0.785702 -0.591195 0.1821 
vn -0.791679 -0.590038 0.158429 
vn -0.797114 -0.588626 0.134641 
vn -0.802005 -0.58696 0.110752 
vn -0.806349 -0.585039 0.0867759 
vn -0.810143 -0.582866 0.0627284 
vn -0.813385 -0.580442 0.0386241 
vn -0.816072 -0.577769 0.0144781 
vn -0.818203 -0.574848 -0.00969468 
vn -0.819777 -0.57168 -0.0338792 
vn -0.820792 -0.568268 -0.0580603 
vn -0.821249 -0.564615 -0.0822231 
vn -0.821146 -0.560721 -0.106353 
vn -0.820484 -0.556591 -0.130434 
vn -0.819263 -0.552225 -0.154451 
vn -0.81252 -0.561725 -0.155805 
vn -0.550779 -0.546876 0.630531 
vn -0.528312 -0.552225 0.644929 
vn -0.566802 -0.551016 0.612468 
vn -0.582427 -0.554919 0.594007 
vn -0.597644 -0.558581 0.57516 
vn -0.612444 -0.562 0.555939 
vn -0.626818 -0.565175 0.536355 
vn -0.640755 -0.568103 0.516421 
vn -0.654249 -0.570783 0.49615 
vn -0.66729 -0.573213 0.475554 
vn -0.67987 -0.57539 0.454645 
vn -0.691982 -0.577315 0.433437 
vn -0.703618 -0.578986 0.411943 
vn -0.714771 -0.580401 0.390176 
vn -0.725433 -0.581561 0.36815 
vn -0.735599 -0.582463 0.345878 
vn -0.745261 -0.583108 0.323374 
vn -0.754414 -0.583495 0.300653 
vn -0.763053 -0.583624 0.277729 
vn -0.771171 -0.583495 0.254614 
vn -0.778764 -0.583108 0.231325 
vn -0.785827 -0.582463 0.207876 
vn -0.792356 -0.581561 0.18428 
vn -0.798346 -0.580401 0.160554 
vn -0.803794 -0.578986 0.136711 
vn -0.808697 -0.577315 0.112766 
vn -0.813051 -0.57539 0.088734 
vn -0.816854 -0.573213 0.0646305 
vn -0.820103 -0.570783 0.0404701 
vn -0.822796 -0.568103 0.0162678 
vn -0.824933 -0.565175 -0.00796119 
vn -0.82651 -0.562 -0.032202 
vn -0.827528 -0.558581 -0.0564394 
vn -0.827985 -0.554919 -0.0806585 
vn -0.827882 -0.551016 -0.104844 
vn -0.827219 -0.546876 -0.128981 
vn -0.825995 -0.5425 -0.153055 
vn -0.556886 -0.536931 0.633706 
vn -0.534367 -0.5425 0.648186 
vn -0.572944 -0.541081 0.615602 
vn -0.588604 -0.544992 0.5971 
vn -0.603855 -0.548662 0.578212 
vn -0.618688 -0.552089 0.558948 
vn -0.633093 -0.555271 0.539321 
vn -0.647062 -0.558206 0.519344 
vn -0.660585 -0.560891 0.499027 
vn -0.673655 -0.563326 0.478385 
vn -0.686263 -0.565509 0.45743 
vn -0.698402 -0.567438 0.436175 
vn -0.710063 -0.569112 0.414634 
vn -0.721241 -0.570531 0.392818 
vn -0.731927 -0.571693 0.370744 
vn -0.742115 -0.572597 0.348422 
vn -0.751799 -0.573244 0.325869 
vn -0.760972 -0.573632 0.303098 
vn -0.76963 -0.573761 0.280122 
vn -0.777766 -0.573632 0.256957 
vn -0.785376 -0.573244 0.233616 
vn -0.792455 -0.572597 0.210115 
vn -0.798998 -0.571693 0.186467 
vn -0.805001 -0.570531 0.162688 
vn -0.810461 -0.569112 0.138792 
vn -0.815375 -0.567438 0.114794 
vn -0.819739 -0.565509 0.0907094 
vn -0.82355 -0.563326 0.0665526 
vn -0.826806 -0.560891 0.0423387 
vn -0.829505 -0.558206 0.0180829 
vn -0.831646 -0.555271 -0.00619976 
vn -0.833227 -0.552089 -0.0304942 
vn -0.834247 -0.548662 -0.0547853 
vn -0.834706 -0.544992 -0.079058 
vn -0.834602 -0.541081 -0.103297 
vn -0.833937 -0.536931 -0.127488 
vn -0.832711 -0.532546 -0.151615 
vn -0.563003 -0.526754 0.636834 
vn -0.540438 -0.532546 0.6514 
vn -0.579096 -0.530912 0.618693 
vn -0.594788 -0.534831 0.600152 
vn -0.610071 -0.538509 0.581224 
vn -0.624935 -0.541943 0.56192 
vn -0.63937 -0.545132 0.542252 
vn -0.653368 -0.548073 0.522233 
vn -0.66692 -0.550764 0.501874 
vn -0.680017 -0.553204 0.481189 
vn -0.692651 -0.555391 0.46019 
vn -0.704815 -0.557324 0.438891 
vn -0.716501 -0.559002 0.417304 
vn -0.727702 -0.560424 0.395443 
vn -0.73841 -0.561588 0.373322 
vn -0.74862 -0.562494 0.350954 
vn -0.758324 -0.563142 0.328354 
vn -0.767517 -0.563531 0.305535 
vn -0.776192 -0.56366 0.282511 
vn -0.784346 -0.563531 0.259297 
vn -0.791972 -0.563142 0.235908 
vn -0.799065 -0.562494 0.212357 
vn -0.805622 -0.561588 0.18866 
vn -0.811638 -0.560424 0.164831 
vn -0.81711 -0.559002 0.140885 
vn -0.822033 -0.557324 0.116837 
vn -0.826406 -0.555391 0.0927017 
vn -0.830225 -0.553204 0.0684943 
vn -0.833488 -0.550764 0.0442297 
vn -0.836193 -0.548073 0.0199232 
vn -0.838339 -0.545132 -0.00441031 
vn -0.839923 -0.541943 -0.0287556 
vn -0.840945 -0.538509 -0.0530975 
vn -0.841405 -0.534831 -0.077421 
vn -0.841301 -0.530912 -0.101711 
vn -0.840635 -0.526754 -0.125952 
vn -0.839406 -0.522359 -0.150129 
vn -0.569127 -0.516339 0.639913 
vn -0.546521 -0.522359 0.654566 
vn -0.585251 -0.520505 0.621736 
vn -0.600975 -0.524432 0.603158 
vn -0.616288 -0.528117 0.584193 
vn -0.631181 -0.531558 0.564851 
vn -0.645644 -0.534753 0.545145 
vn -0.65967 -0.5377 0.525086 
vn -0.673248 -0.540396 0.504687 
vn -0.686371 -0.542841 0.483961 
vn -0.69903 -0.545033 0.462921 
vn -0.711218 -0.54697 0.44158 
vn -0.722927 -0.548651 0.41995 
vn -0.73415 -0.550075 0.398047 
vn -0.74488 -0.551242 0.375882 
vn -0.755109 -0.55215 0.35347 
vn -0.764832 -0.552799 0.330825 
vn -0.774043 -0.553188 0.307961 
vn -0.782736 -0.553318 0.284893 
vn -0.790905 -0.553188 0.261633 
vn -0.798546 -0.552799 0.238198 
vn -0.805653 -0.55215 0.214601 
vn -0.812223 -0.551242 0.190857 
vn -0.818251 -0.550075 0.166981 
vn -0.823733 -0.548651 0.142988 
vn -0.828667 -0.54697 0.118893 
vn -0.833048 -0.545033 0.0947101 
vn -0.836875 -0.542841 0.0704551 
vn -0.840144 -0.540396 0.0461429 
vn -0.842855 -0.5377 0.0217885 
vn -0.845004 -0.534753 -0.00259281 
vn -0.846592 -0.531558 -0.026986 
vn -0.847616 -0.528117 -0.0513757 
vn -0.848076 -0.524432 -0.075747 
vn -0.847973 -0.520505 -0.100085 
vn -0.847305 -0.516339 -0.124374 
vn -0.846073 -0.511936 -0.148598 
vn -0.558709 -0.501273 0.660734 
vn -0.552613 -0.511936 0.657679 
vn -0.535717 -0.507299 0.675022 
vn -0.575254 -0.505684 0.642936 
vn -0.591408 -0.509858 0.624725 
vn -0.60716 -0.513792 0.606114 
vn -0.622501 -0.517484 0.587114 
vn -0.637421 -0.520931 0.567737 
vn -0.651911 -0.524132 0.547994 
vn -0.665962 -0.527084 0.527898 
vn -0.679566 -0.529785 0.507462 
vn -0.692713 -0.532235 0.486698 
vn -0.705395 -0.53443 0.46562 
vn -0.717606 -0.536371 0.444239 
vn -0.729336 -0.538055 0.42257 
vn -0.740579 -0.539482 0.400626 
vn -0.751328 -0.540651 0.378421 
vn -0.761577 -0.54156 0.355968 
vn -0.771318 -0.54221 0.333282 
vn -0.780545 -0.542601 0.310376 
vn -0.789254 -0.542731 0.287265 
vn -0.797438 -0.542601 0.263963 
vn -0.805093 -0.54221 0.240485 
vn -0.812214 -0.54156 0.216844 
vn -0.818795 -0.540651 0.193057 
vn -0.824834 -0.539482 0.169138 
vn -0.830327 -0.538055 0.145101 
vn -0.835269 -0.536371 0.120961 
vn -0.839659 -0.53443 0.096734 
vn -0.843492 -0.532235 0.0724345 
vn -0.846768 -0.529785 0.0480777 
vn -0.849483 -0.527084 0.0236787 
vn -0.851637 -0.524132 -0.000747297 
vn -0.853227 -0.520931 -0.0251851 
vn -0.854253 -0.517484 -0.0496196 
vn -0.854714 -0.513792 -0.0740356 
vn -0.85461 -0.509858 -0.0984178 
vn -0.853941 -0.505684 -0.122751 
vn -0.852708 -0.501273 -0.147021 
vn -0.85091 -0.496627 -0.171211 
vn -0.844279 -0.507299 -0.172744 
vn -0.564806 -0.490367 0.663728 
vn -0.541783 -0.496627 0.67811 
vn -0.581379 -0.494785 0.645899 
vn -0.59756 -0.498966 0.627658 
vn -0.613339 -0.502907 0.609015 
vn -0.628706 -0.506605 0.589983 
vn -0.643651 -0.510059 0.570573 
vn -0.658166 -0.513265 0.550797 
vn -0.672241 -0.516222 0.530667 
vn -0.685867 -0.518928 0.510196 
vn -0.699036 -0.521381 0.489397 
vn -0.711741 -0.52358 0.468283 
vn -0.723972 -0.525524 0.446866 
vn -0.735722 -0.527211 0.425161 
vn -0.746984 -0.528641 0.40318 
vn -0.757751 -0.529811 0.380937 
vn -0.768017 -0.530722 0.358446 
vn -0.777775 -0.531374 0.335721 
vn -0.787018 -0.531765 0.312776 
vn -0.795741 -0.531895 0.289626 
vn -0.80394 -0.531765 0.266285 
vn -0.811607 -0.531374 0.242767 
vn -0.81874 -0.530722 0.219086 
vn -0.825333 -0.529811 0.195259 
vn -0.831382 -0.528641 0.171299 
vn -0.836884 -0.527211 0.147221 
vn -0.841834 -0.525524 0.123041 
vn -0.846231 -0.52358 0.0987725 
vn -0.850072 -0.521381 0.0744319 
vn -0.853353 -0.518928 0.0500339 
vn -0.856073 -0.516222 0.0255936 
vn -0.85823 -0.513265 0.00112618 
vn -0.859823 -0.510059 -0.0233531 
vn -0.86085 -0.506605 -0.0478289 
vn -0.861312 -0.502907 -0.0722862 
vn -0.861208 -0.498966 -0.0967098 
vn -0.860538 -0.494785 -0.121084 
vn -0.859303 -0.490367 -0.145395 
vn -0.857502 -0.485713 -0.169626 
vn -0.570899 -0.479215 0.666654 
vn -0.547851 -0.485713 0.681133 
vn -0.587497 -0.48364 0.648798 
vn -0.603704 -0.487828 0.630529 
vn -0.619507 -0.491775 0.611857 
vn -0.634897 -0.495478 0.592795 
vn -0.649866 -0.498937 0.573355 
vn -0.664403 -0.502148 0.553548 
vn -0.6785 -0.50511 0.533388 
vn -0.692147 -0.50782 0.512885 
vn -0.705337 -0.510277 0.492054 
vn -0.718061 -0.51248 0.470907 
vn -0.730311 -0.514427 0.449457 
vn -0.742079 -0.516116 0.427718 
vn -0.753359 -0.517548 0.405703 
vn -0.764143 -0.51872 0.383426 
vn -0.774424 -0.519633 0.3609 
vn -0.784197 -0.520285 0.33814 
vn -0.793454 -0.520677 0.31516 
vn -0.802191 -0.520807 0.291974 
vn -0.810402 -0.520677 0.268596 
vn -0.818082 -0.520285 0.245042 
vn -0.825225 -0.519633 0.221325 
vn -0.831829 -0.51872 0.19746 
vn -0.837887 -0.517548 0.173463 
vn -0.843397 -0.516116 0.149348 
vn -0.848356 -0.514427 0.125131 
vn -0.85276 -0.51248 0.100825 
vn -0.856606 -0.510277 0.0764466 
vn -0.859892 -0.50782 0.0520108 
vn -0.862616 -0.50511 0.0275327 
vn -0.864776 -0.502148 0.0030275 
vn -0.866372 -0.498937 -0.0214896 
vn -0.867401 -0.495478 -0.0460033 
vn -0.867864 -0.491775 -0.0704985 
vn -0.86776 -0.487828 -0.0949598 
vn -0.867089 -0.48364 -0.119372 
vn -0.865851 -0.479215 -0.14372 
vn -0.864048 -0.474554 -0.167989 
vn -0.576983 -0.467814 0.669508 
vn -0.553918 -0.474554 0.684086 
vn -0.593605 -0.472246 0.651627 
vn -0.609833 -0.476439 0.633332 
vn -0.625658 -0.480391 0.614635 
vn -0.641071 -0.4841 0.595546 
vn -0.65606 -0.487564 0.576079 
vn -0.670617 -0.490779 0.556245 
vn -0.684734 -0.493745 0.536056 
vn -0.6984 -0.496459 0.515525 
vn -0.711608 -0.49892 0.494664 
vn -0.72435 -0.501125 0.473488 
vn -0.736617 -0.503075 0.452008 
vn -0.748402 -0.504767 0.430239 
vn -0.759697 -0.5062 0.408193 
vn -0.770496 -0.507375 0.385885 
vn -0.780792 -0.508288 0.363328 
vn -0.790578 -0.508942 0.340536 
vn -0.799849 -0.509334 0.317524 
vn -0.808598 -0.509464 0.294305 
vn -0.81682 -0.509334 0.270895 
vn -0.82451 -0.508942 0.247308 
vn -0.831664 -0.508288 0.223558 
vn -0.838276 -0.507375 0.19966 
vn -0.844343 -0.5062 0.17563 
vn -0.849861 -0.504767 0.151481 
vn -0.854826 -0.503075 0.12723 
vn -0.859236 -0.501125 0.10289 
vn -0.863088 -0.49892 0.078478 
vn -0.866378 -0.496459 0.0540081 
vn -0.869106 -0.493745 0.0294959 
vn -0.87127 -0.490779 0.0049565 
vn -0.872868 -0.487564 -0.0195948 
vn -0.873898 -0.4841 -0.0441427 
vn -0.874362 -0.480391 -0.0686719 
vn -0.874257 -0.476439 -0.0931673 
vn -0.873585 -0.472246 -0.117614 
vn -0.872346 -0.467814 -0.141996 
vn -0.87054 -0.463147 -0.166298 
vn -0.583053 -0.456162 0.672284 
vn -0.559978 -0.463147 0.686964 
vn -0.599695 -0.460599 0.654381 
vn -0.615944 -0.464797 0.636063 
vn -0.631789 -0.468755 0.617343 
vn -0.64722 -0.472468 0.598231 
vn -0.662228 -0.475936 0.57874 
vn -0.676803 -0.479156 0.558881 
vn -0.690937 -0.482125 0.538667 
vn -0.70462 -0.484842 0.518111 
vn -0.717844 -0.487306 0.497225 
vn -0.730601 -0.489514 0.476022 
vn -0.742884 -0.491466 0.454516 
vn -0.754683 -0.49316 0.43272 
vn -0.765992 -0.494596 0.410647 
vn -0.776805 -0.495771 0.388311 
vn -0.787113 -0.496686 0.365726 
vn -0.796911 -0.49734 0.342906 
vn -0.806193 -0.497733 0.319866 
vn -0.814953 -0.497864 0.296619 
vn -0.823186 -0.497733 0.27318 
vn -0.830886 -0.49734 0.249563 
vn -0.838048 -0.496686 0.225784 
vn -0.844668 -0.495771 0.201857 
vn -0.850743 -0.494596 0.177797 
vn -0.856268 -0.49316 0.153618 
vn -0.861239 -0.491466 0.129337 
vn -0.865654 -0.489514 0.104967 
vn -0.869511 -0.487306 0.0805251 
vn -0.872805 -0.484842 0.0560251 
vn -0.875537 -0.482125 0.0314826 
vn -0.877703 -0.479156 0.00691296 
vn -0.879302 -0.475936 -0.0176686 
vn -0.880334 -0.472468 -0.0422468 
vn -0.880798 -0.468755 -0.0668063 
vn -0.880694 -0.464797 -0.0913319 
vn -0.880021 -0.460599 -0.115808 
vn -0.87878 -0.456162 -0.14022 
vn -0.876972 -0.451489 -0.164553 
vn -0.57206 -0.439578 0.692473 
vn -0.566027 -0.451489 0.689762 
vn -0.548629 -0.446583 0.706803 
vn -0.589104 -0.444256 0.674976 
vn -0.605764 -0.448698 0.657054 
vn -0.62203 -0.452901 0.638717 
vn -0.637891 -0.456863 0.619977 
vn -0.653339 -0.46058 0.600845 
vn -0.668363 -0.464052 0.581332 
vn -0.682954 -0.467274 0.561452 
vn -0.697102 -0.470247 0.541217 
vn -0.7108 -0.472967 0.520639 
vn -0.724039 -0.475434 0.499731 
vn -0.73681 -0.477644 0.478506 
vn -0.749105 -0.479598 0.456976 
vn -0.760917 -0.481294 0.435157 
vn -0.772238 -0.482731 0.41306 
vn -0.783062 -0.483908 0.390701 
vn -0.793381 -0.484824 0.368092 
vn -0.80319 -0.485479 0.345248 
vn -0.812482 -0.485872 0.322183 
vn -0.821251 -0.486003 0.298911 
vn -0.829492 -0.485872 0.275447 
vn -0.8372 -0.485479 0.251805 
vn -0.84437 -0.484824 0.228001 
vn -0.850998 -0.483908 0.204048 
vn -0.857079 -0.482731 0.179962 
vn -0.862609 -0.481294 0.155758 
vn -0.867586 -0.479598 0.131451 
vn -0.872006 -0.477644 0.107056 
vn -0.875867 -0.475434 0.0825871 
vn -0.879165 -0.472967 0.058061 
vn -0.881899 -0.470247 0.0334924 
vn -0.884068 -0.467274 0.0088966 
vn -0.885669 -0.464052 -0.0157111 
vn -0.886702 -0.46058 -0.0403155 
vn -0.887166 -0.456863 -0.0649012 
vn -0.887062 -0.452901 -0.0894529 
vn -0.886388 -0.448698 -0.113955 
vn -0.885146 -0.444256 -0.138393 
vn -0.883336 -0.439578 -0.162752 
vn -0.880959 -0.434667 -0.187016 
vn -0.874598 -0.446583 -0.188791 
vn -0.578071 -0.427413 0.695091 
vn -0.554643 -0.434667 0.709532 
vn -0.59513 -0.432095 0.67758 
vn -0.611805 -0.436541 0.659641 
vn -0.628085 -0.440748 0.641288 
vn -0.643961 -0.444713 0.622531 
vn -0.659422 -0.448434 0.603382 
vn -0.674459 -0.451908 0.583852 
vn -0.689063 -0.455134 0.563955 
vn -0.703225 -0.458109 0.543701 
vn -0.716935 -0.460832 0.523105 
vn -0.730185 -0.4633 0.502178 
vn -0.742967 -0.465513 0.480934 
vn -0.755273 -0.467469 0.459386 
vn -0.767096 -0.469166 0.437547 
vn -0.778427 -0.470604 0.415431 
vn -0.789261 -0.471782 0.393051 
vn -0.799589 -0.472699 0.370422 
vn -0.809407 -0.473354 0.347558 
vn -0.818707 -0.473748 0.324472 
vn -0.827484 -0.473879 0.30118 
vn -0.835732 -0.473748 0.277695 
vn -0.843447 -0.473354 0.254032 
vn -0.850624 -0.472699 0.230206 
vn -0.857257 -0.471782 0.206232 
vn -0.863343 -0.470604 0.182125 
vn -0.868879 -0.469166 0.157899 
vn -0.87386 -0.467469 0.13357 
vn -0.878284 -0.465513 0.109153 
vn -0.882148 -0.4633 0.0846632 
vn -0.885449 -0.460832 0.0601152 
vn -0.888186 -0.458109 0.0355248 
vn -0.890356 -0.455134 0.0109071 
vn -0.891959 -0.451908 -0.0137226 
vn -0.892993 -0.448434 -0.0383488 
vn -0.893458 -0.444713 -0.0629564 
vn -0.893353 -0.440748 -0.0875299 
vn -0.892679 -0.436541 -0.112054 
vn -0.891436 -0.432095 -0.136514 
vn -0.889624 -0.427413 -0.160894 
vn -0.887245 -0.422498 -0.185179 
vn -0.584054 -0.414992 0.697612 
vn -0.560638 -0.422498 0.712166 
vn -0.601125 -0.419677 0.680088 
vn -0.617812 -0.424126 0.662137 
vn -0.634104 -0.428336 0.64377 
vn -0.649991 -0.432304 0.625 
vn -0.665463 -0.436027 0.605837 
vn -0.680511 -0.439504 0.586294 
vn -0.695125 -0.442732 0.566382 
vn -0.709297 -0.44571 0.546115 
vn -0.723016 -0.448434 0.525504 
vn -0.736276 -0.450904 0.504562 
vn -0.749067 -0.453119 0.483303 
vn -0.761382 -0.455076 0.461739 
vn -0.773213 -0.456775 0.439885 
vn -0.784552 -0.458214 0.417753 
vn -0.795393 -0.459392 0.395358 
vn -0.805729 -0.46031 0.372713 
vn -0.815554 -0.460966 0.349832 
vn -0.824861 -0.461359 0.32673 
vn -0.833644 -0.46149 0.303422 
vn -0.841898 -0.461359 0.27992 
vn -0.849618 -0.460966 0.256241 
vn -0.8568 -0.46031 0.232398 
vn -0.863438 -0.459392 0.208407 
vn -0.869529 -0.458214 0.184283 
vn -0.875068 -0.456775 0.16004 
vn -0.880053 -0.455076 0.135694 
vn -0.88448 -0.453119 0.11126 
vn -0.888346 -0.450904 0.0867522 
vn -0.89165 -0.448434 0.0621869 
vn -0.894388 -0.44571 0.0375791 
vn -0.89656 -0.442732 0.012944 
vn -0.898164 -0.439504 -0.0117031 
vn -0.899199 -0.436027 -0.0363467 
vn -0.899664 -0.432304 -0.0609717 
vn -0.89956 -0.428336 -0.0855626 
vn -0.898885 -0.424126 -0.110104 
vn -0.897641 -0.419677 -0.134581 
vn -0.895828 -0.414992 -0.158979 
vn -0.893447 -0.410073 -0.183281 
vn -0.590005 -0.402313 0.700027 
vn -0.56661 -0.410073 0.714698 
vn -0.607085 -0.407001 0.682494 
vn -0.62378 -0.411452 0.664534 
vn -0.64008 -0.415664 0.646158 
vn -0.655975 -0.419634 0.627378 
vn -0.671456 -0.42336 0.608206 
vn -0.686511 -0.426838 0.588652 
vn -0.701133 -0.430068 0.56873 
vn -0.715312 -0.433047 0.548452 
vn -0.729038 -0.435773 0.527831 
vn -0.742305 -0.438244 0.506878 
vn -0.755103 -0.44046 0.485608 
vn -0.767424 -0.442418 0.464034 
vn -0.779261 -0.444117 0.442168 
vn -0.790606 -0.445557 0.420025 
vn -0.801453 -0.446737 0.397618 
vn -0.811794 -0.447655 0.374961 
vn -0.821623 -0.448311 0.352069 
vn -0.830935 -0.448704 0.328955 
vn -0.839723 -0.448836 0.305634 
vn -0.847981 -0.448704 0.282121 
vn -0.855706 -0.448311 0.258429 
vn -0.862891 -0.447655 0.234574 
vn -0.869532 -0.446737 0.210571 
vn -0.875626 -0.445557 0.186434 
vn -0.881168 -0.444117 0.162179 
vn -0.886156 -0.442418 0.13782 
vn -0.890585 -0.44046 0.113373 
vn -0.894454 -0.438244 0.0888531 
vn -0.897759 -0.435773 0.0642751 
vn -0.900499 -0.433047 0.0396546 
vn -0.902672 -0.430068 0.0150068 
vn -0.904276 -0.426838 -0.0096529 
vn -0.905312 -0.42336 -0.0343093 
vn -0.905777 -0.419634 -0.0589469 
vn -0.905672 -0.415664 -0.0835505 
vn -0.904997 -0.411452 -0.108105 
vn -0.903753 -0.407001 -0.132594 
vn -0.901939 -0.402313 -0.157004 
vn -0.899557 -0.397392 -0.181319 
vn -0.578456 -0.384454 0.719433 
vn -0.572551 -0.397392 0.717123 
vn -0.554734 -0.39224 0.73377 
vn -0.595915 -0.389377 0.702332 
vn -0.613001 -0.394066 0.684793 
vn -0.629701 -0.398519 0.666828 
vn -0.646007 -0.402732 0.648446 
vn -0.661907 -0.406703 0.62966 
vn -0.677392 -0.41043 0.610481 
vn -0.692452 -0.41391 0.590922 
vn -0.707079 -0.41714 0.570994 
vn -0.721262 -0.42012 0.550709 
vn -0.734993 -0.422847 0.530081 
vn -0.748264 -0.425319 0.509122 
vn -0.761065 -0.427536 0.487845 
vn -0.77339 -0.429494 0.466264 
vn -0.785231 -0.431194 0.444391 
vn -0.79658 -0.432635 0.422241 
vn -0.80743 -0.433814 0.399827 
vn -0.817775 -0.434733 0.377163 
vn -0.827607 -0.435389 0.354264 
vn -0.836922 -0.435783 0.331142 
vn -0.845712 -0.435914 0.307814 
vn -0.853973 -0.435783 0.284293 
vn -0.8617 -0.435389 0.260594 
vn -0.868888 -0.434733 0.236732 
vn -0.875531 -0.433814 0.212721 
vn -0.881627 -0.432635 0.188577 
vn -0.887171 -0.431194 0.164314 
vn -0.89216 -0.429494 0.139947 
vn -0.896591 -0.427536 0.115492 
vn -0.90046 -0.425319 0.0909646 
vn -0.903767 -0.422847 0.0663789 
vn -0.906508 -0.42012 0.0417506 
vn -0.908681 -0.41714 0.017095 
vn -0.910286 -0.41391 -0.00757252 
vn -0.911322 -0.41043 -0.0322367 
vn -0.911788 -0.406703 -0.0568821 
vn -0.911683 -0.402732 -0.0814935 
vn -0.911008 -0.398519 -0.106056 
vn -0.909762 -0.394066 -0.130553 
vn -0.907948 -0.389377 -0.154971 
vn -0.905566 -0.384454 -0.179293 
vn -0.902617 -0.3793 -0.203506 
vn -0.896609 -0.39224 -0.205524 
vn -0.584366 -0.371152 0.721639 
vn -0.560634 -0.3793 0.736085 
vn -0.601827 -0.376076 0.704536 
vn -0.618914 -0.380766 0.686996 
vn -0.635616 -0.385219 0.669028 
vn -0.651923 -0.389433 0.650644 
vn -0.667825 -0.393404 0.631856 
vn -0.683312 -0.397131 0.612676 
vn -0.698374 -0.400611 0.593114 
vn -0.713002 -0.403843 0.573183 
vn -0.727187 -0.406823 0.552897 
vn -0.740919 -0.40955 0.532266 
vn -0.754191 -0.412022 0.511305 
vn -0.766995 -0.414239 0.490026 
vn -0.779321 -0.416198 0.468442 
vn -0.791163 -0.417898 0.446567 
vn -0.802513 -0.419338 0.424415 
vn -0.813364 -0.420518 0.401998 
vn -0.82371 -0.421437 0.379332 
vn -0.833544 -0.422093 0.35643 
vn -0.842859 -0.422487 0.333306 
vn -0.851651 -0.422618 0.309976 
vn -0.859913 -0.422487 0.286452 
vn -0.86764 -0.422093 0.26275 
vn -0.874829 -0.421437 0.238885 
vn -0.881473 -0.420518 0.214872 
vn -0.887569 -0.419338 0.190725 
vn -0.893114 -0.417898 0.166459 
vn -0.898103 -0.416198 0.14209 
vn -0.902535 -0.414239 0.117633 
vn -0.906405 -0.412022 0.0931025 
vn -0.909711 -0.40955 0.0685141 
vn -0.912453 -0.406823 0.0438832 
vn -0.914626 -0.403843 0.0192249 
vn -0.916232 -0.400611 -0.00544528 
vn -0.917268 -0.397131 -0.0301121 
vn -0.917733 -0.393404 -0.0547602 
vn -0.917628 -0.389433 -0.0793742 
vn -0.916953 -0.385219 -0.103939 
vn -0.915708 -0.380766 -0.128439 
vn -0.913893 -0.376076 -0.152859 
vn -0.911511 -0.371152 -0.177185 
vn -0.908561 -0.365998 -0.2014 
vn -0.894994 -0.395701 -0.20593 
vn -0.891284 -0.40543 -0.203076 
vn -0.894977 -0.395674 -0.206055 
vn -0.887492 -0.415033 -0.200261 
vn -0.891097 -0.405908 -0.202938 
vn -0.883624 -0.424509 -0.197487 
vn -0.885641 -0.419601 -0.198936 
vn -0.87925 -0.434862 -0.194458 
vn -0.874816 -0.445002 -0.191494 
vn -0.880049 -0.432993 -0.195013 
vn -0.870326 -0.454934 -0.188593 
vn -0.871798 -0.451707 -0.189547 
vn -0.865786 -0.464661 -0.185753 
vn -0.8685 -0.458878 -0.187454 
vn -0.861201 -0.474187 -0.182974 
vn -0.856575 -0.483516 -0.180254 
vn -0.862564 -0.471381 -0.183803 
vn -0.856534 -0.483598 -0.180231 
vn -0.851912 -0.492653 -0.177592 
vn -0.847217 -0.5016 -0.174986 
vn -0.850417 -0.495525 -0.176765 
vn -0.842495 -0.510362 -0.172435 
vn -0.843422 -0.508657 -0.172939 
vn -0.837747 -0.518942 -0.169939 
vn -0.832979 -0.527344 -0.167495 
vn -0.837966 -0.51855 -0.170054 
vn -0.828193 -0.535572 -0.165103 
vn -0.831646 -0.529652 -0.166832 
vn -0.823393 -0.543629 -0.162762 
vn -0.825275 -0.540489 -0.163684 
vn -0.818581 -0.55152 -0.160471 
vn -0.813761 -0.559247 -0.158229 
vn -0.81886 -0.551067 -0.160605 
vn -0.808934 -0.566814 -0.156035 
vn -0.809659 -0.565687 -0.156367 
vn -0.804105 -0.574225 -0.153888 
vn -0.80592 -0.571455 -0.154699 
vn -0.799273 -0.581483 -0.151787 
vn -0.794443 -0.588592 -0.149731 
vn -0.79941 -0.581279 -0.151847 
vn -0.789616 -0.595555 -0.14772 
vn -0.79288 -0.59086 -0.149084 
vn -0.784793 -0.602375 -0.145753 
vn -0.779977 -0.609056 -0.143828 
vn -0.786335 -0.600207 -0.146386 
vn -0.775169 -0.615601 -0.141946 
vn -0.779782 -0.609324 -0.143752 
vn -0.773223 -0.618213 -0.141203 
vn -0.770371 -0.622012 -0.140105 
vn -0.770236 -0.622191 -0.140054 
vn -0.768375 -0.624645 -0.13935 
vn -0.763172 -0.631416 -0.137412 
vn -0.766664 -0.626884 -0.138717 
vn -0.757994 -0.638027 -0.135524 
vn -0.76011 -0.635339 -0.1363 
vn -0.752841 -0.644483 -0.133686 
vn -0.747714 -0.650789 -0.131897 
vn -0.753563 -0.643584 -0.133946 
vn -0.747028 -0.651624 -0.131664 
vn -0.742616 -0.656949 -0.130155 
vn -0.737545 -0.662967 -0.12846 
vn -0.740506 -0.659463 -0.129454 
vn -0.732504 -0.668847 -0.126811 
vn -0.734003 -0.667108 -0.127305 
vn -0.727519 -0.674564 -0.125216 
vn -0.727493 -0.674594 -0.125207 
vn -0.724624 -0.677839 -0.124314 
vn -0.722512 -0.680212 -0.123649 
vn -0.717561 -0.685703 -0.122135 
vn -0.721058 -0.681832 -0.123208 
vn -0.712642 -0.691073 -0.120665 
vn -0.714622 -0.688921 -0.121261 
vn -0.707754 -0.696324 -0.119239 
vn -0.702897 -0.70146 -0.117857 
vn -0.708212 -0.695834 -0.119375 
vn -0.701831 -0.702575 -0.117564 
vn -0.698072 -0.706484 -0.116518 
vn -0.693278 -0.7114 -0.115223 
vn -0.69548 -0.709149 -0.115822 
vn -0.688515 -0.71621 -0.113971 
vn -0.683784 -0.720919 -0.112764 
vn -0.689161 -0.715562 -0.114143 
vn -0.679084 -0.725528 -0.111601 
vn -0.682874 -0.721816 -0.112541 
vn -0.676621 -0.727915 -0.111014 
vn -0.674414 -0.73004 -0.110483 
vn -0.672265 -0.732095 -0.109981 
vn -0.670967 -0.733329 -0.10969 
vn -0.667361 -0.736734 -0.108869 
vn -0.670402 -0.733865 -0.109562 
vn -0.662496 -0.741267 -0.107812 
vn -0.664218 -0.739668 -0.108189 
vn -0.657669 -0.745696 -0.106811 
vn -0.652882 -0.750025 -0.10587 
vn -0.65807 -0.74533 -0.106895 
vn -0.651958 -0.750851 -0.105701 
vn -0.648131 -0.754257 -0.104989 
vn -0.643418 -0.758394 -0.104174 
vn -0.645883 -0.756237 -0.104604 
vn -0.63874 -0.76244 -0.103427 
vn -0.634097 -0.766396 -0.102754 
vn -0.639843 -0.76149 -0.103606 
vn -0.633839 -0.766614 -0.102721 
vn -0.629487 -0.770266 -0.10216 
vn -0.62491 -0.77405 -0.101653 
vn -0.627871 -0.771607 -0.101983 
vn -0.620365 -0.777751 -0.101241 
vn -0.621938 -0.776475 -0.101386 
vn -0.615851 -0.781371 -0.100936 
vn -0.611365 -0.784909 -0.100751 
vn -0.61604 -0.781219 -0.100949 
vn -0.606908 -0.788366 -0.100705 
vn -0.610177 -0.785834 -0.10074 
vn -0.602477 -0.791743 -0.100818 
vn -0.604348 -0.790322 -0.100771 
vn -0.598073 -0.795037 -0.10112 
vn -0.598552 -0.79468 -0.101087 
vn -0.391403 -0.796582 0.460717 
vn -0.393152 -0.795037 0.461896 
vn -0.39354 -0.79468 0.462179 
vn -0.39672 -0.791743 0.464496 
vn -0.398183 -0.790322 0.465663 
vn -0.400187 -0.788366 0.467257 
vn -0.403571 -0.784909 0.470158 
vn -0.402668 -0.785834 0.469386 
vn -0.406889 -0.781371 0.473182 
vn -0.407025 -0.781219 0.473314 
vn -0.410151 -0.777751 0.476318 
vn -0.411263 -0.776475 0.47744 
vn -0.413368 -0.77405 0.479555 
vn -0.416548 -0.770266 0.482886 
vn -0.415423 -0.771607 0.481711 
vn -0.419697 -0.766396 0.486304 
vn -0.422821 -0.76244 0.489804 
vn -0.419521 -0.766614 0.486113 
vn -0.423552 -0.76149 0.490649 
vn -0.425925 -0.758394 0.493383 
vn -0.429012 -0.754257 0.497037 
vn -0.427537 -0.756237 0.495296 
vn -0.432085 -0.750025 0.500765 
vn -0.431486 -0.750851 0.500042 
vn -0.435147 -0.745696 0.504564 
vn -0.4354 -0.74533 0.504886 
vn -0.438201 -0.741267 0.508432 
vn -0.439278 -0.739668 0.509829 
vn -0.441248 -0.736734 0.51237 
vn -0.443483 -0.733329 0.515317 
vn -0.443132 -0.733865 0.514856 
vn -0.444291 -0.732095 0.516375 
vn -0.445614 -0.73004 0.51814 
vn -0.446963 -0.727915 0.519965 
vn -0.448473 -0.725528 0.521998 
vn -0.451326 -0.720919 0.52591 
vn -0.450772 -0.721816 0.525154 
vn -0.454174 -0.71621 0.529876 
vn -0.454558 -0.715562 0.530422 
vn -0.457018 -0.7114 0.533896 
vn -0.459857 -0.706484 0.53797 
vn -0.45832 -0.709149 0.535771 
vn -0.462693 -0.70146 0.542097 
vn -0.462065 -0.702575 0.541188 
vn -0.465525 -0.696324 0.546278 
vn -0.46579 -0.695834 0.546676 
vn -0.468353 -0.691073 0.550513 
vn -0.469487 -0.688921 0.552241 
vn -0.471177 -0.685703 0.554801 
vn -0.473996 -0.680212 0.559142 
vn -0.475187 -0.677839 0.56101 
vn -0.473166 -0.681832 0.55787 
vn -0.47681 -0.674594 0.563538 
vn -0.476825 -0.674564 0.563561 
vn -0.479618 -0.668847 0.567987 
vn -0.480449 -0.667108 0.569329 
vn -0.48242 -0.662967 0.572491 
vn -0.485215 -0.656949 0.577048 
vn -0.484049 -0.659463 0.575156 
vn -0.488001 -0.650789 0.58166 
vn -0.487624 -0.651624 0.581041 
vn -0.490778 -0.644483 0.586326 
vn -0.491164 -0.643584 0.58699 
vn -0.493543 -0.638027 0.591047 
vn -0.494666 -0.635339 0.593001 
vn -0.496297 -0.631416 0.595821 
vn -0.499037 -0.624645 0.60065 
vn -0.50001 -0.622191 0.602386 
vn -0.498133 -0.626884 0.599066 
vn -0.500081 -0.622012 0.602512 
vn -0.501559 -0.618213 0.605186 
vn -0.502573 -0.615601 0.607006 
vn -0.505046 -0.609056 0.611538 
vn -0.507498 -0.602375 0.616108 
vn -0.504945 -0.609324 0.611355 
vn -0.508273 -0.600207 0.617584 
vn -0.509928 -0.595555 0.620715 
vn -0.512333 -0.588592 0.625359 
vn -0.511552 -0.59086 0.623858 
vn -0.514712 -0.581483 0.630039 
vn -0.514778 -0.581279 0.630173 
vn -0.517062 -0.574225 0.634753 
vn -0.519382 -0.566814 0.639503 
vn -0.519724 -0.565687 0.640222 
vn -0.517932 -0.571455 0.636542 
vn -0.521669 -0.559247 0.644286 
vn -0.521025 -0.561386 0.642946 
vn -0.52392 -0.55152 0.649102 
vn -0.524048 -0.551067 0.649383 
vn -0.526134 -0.543629 0.65395 
vn -0.526983 -0.540489 0.655866 
vn -0.528306 -0.535572 0.658829 
vn -0.530435 -0.527344 0.663737 
vn -0.52984 -0.529652 0.662373 
vn -0.532517 -0.518942 0.668674 
vn -0.534549 -0.510362 0.673638 
vn -0.534936 -0.508657 0.67462 
vn -0.53261 -0.51855 0.668903 
vn -0.535271 -0.507174 0.675469 
vn -0.536528 -0.5016 0.678628 
vn -0.538449 -0.492653 0.683642 
vn -0.537835 -0.495525 0.682048 
vn -0.540309 -0.483516 0.688678 
vn -0.542105 -0.474187 0.693736 
vn -0.540293 -0.483598 0.688634 
vn -0.542615 -0.471381 0.695247 
vn -0.543831 -0.464661 0.698812 
vn -0.545484 -0.454934 0.703905 
vn -0.545998 -0.451707 0.705583 
vn -0.544816 -0.458878 0.701859 
vn -0.547058 -0.445002 0.709014 
vn -0.546888 -0.446085 0.708464 
vn -0.54855 -0.434862 0.714135 
vn -0.548805 -0.432993 0.715074 
vn -0.549953 -0.424509 0.719266 
vn -0.550567 -0.419601 0.721673 
vn -0.551133 -0.415033 0.723878 
vn -0.553236 -0.395701 0.733042 
vn -0.552228 -0.40543 0.728471 
vn -0.552174 -0.405908 0.728246 
vn -0.553143 -0.395674 0.733127 
vn -0.595975 -0.796582 -0.101341 
vn -0.812406 -0.561386 -0.157617 
vn -0.844225 -0.507174 -0.173374 
vn -0.874332 -0.446085 -0.191183 
vn -0.566541 -0.365998 0.738293 
vn 0.129627 0.211309 -0.968785 
vn -0.257494 -0.177742 -0.949792 
vn 0.397131 -0.906308 -0.144544 
usemtl 0.647059_0.647059_0.647059_0.000000_0.000000
o mesh0
f 1//1 2//1 3//1 
o mesh1
f 4//2 3//2 2//2 
f 4//2 5//2 6//2 
f 7//2 6//2 8//2 
f 6//2 7//2 4//2 
f 2//2 5//2 4//2 
f 8//2 9//2 7//2 
f 2//2 10//2 5//2 
o mesh2
f 11//3 12//3 13//3 
f 12//3 11//3 14//3 
f 15//3 16//3 17//3 
f 16//3 15//3 18//3 
f 14//3 17//3 12//3 
f 19//3 20//3 21//3 
f 22//3 23//3 24//3 
f 23//3 22//3 25//3 
f 18//3 24//3 16//3 
f 21//3 13//3 19//3 
f 25//3 26//3 23//3 
f 13//3 21//3 11//3 
f 27//3 28//3 29//3 
f 28//3 27//3 30//3 
f 26//3 25//3 31//3 
f 17//3 14//3 15//3 
f 32//3 33//3 34//3 
f 33//3 32//3 35//3 
f 30//3 34//3 28//3 
f 24//3 18//3 22//3 
f 36//3 37//3 38//3 
f 37//3 36//3 39//3 
f 35//3 38//3 33//3 
f 31//3 29//3 26//3 
f 40//3 41//3 42//3 
f 39//3 43//3 37//3 
f 29//3 31//3 27//3 
f 42//3 44//3 40//3 
f 45//3 46//3 43//3 
f 34//3 30//3 32//3 
f 47//3 48//3 44//3 
f 48//3 47//3 49//3 
f 46//3 45//3 41//3 
f 38//3 35//3 36//3 
f 50//3 51//3 52//3 
f 53//3 54//3 55//3 
f 54//3 53//3 56//3 
f 49//3 55//3 48//3 
f 43//3 39//3 45//3 
f 57//3 58//3 59//3 
f 58//3 57//3 60//3 
f 51//3 61//3 52//3 
f 62//3 63//3 64//3 
f 63//3 62//3 65//3 
f 56//3 64//3 54//3 
f 40//3 46//3 41//3 
f 60//3 66//3 58//3 
f 67//3 68//3 69//3 
f 70//3 71//3 50//3 
f 68//3 67//3 71//3 
f 65//3 72//3 63//3 
f 44//3 42//3 47//3 
f 73//3 74//3 66//3 
f 69//3 59//3 67//3 
f 71//3 70//3 68//3 
f 75//3 76//3 77//3 
f 76//3 75//3 78//3 
f 72//3 65//3 79//3 
f 55//3 49//3 53//3 
f 80//3 81//3 82//3 
f 66//3 60//3 73//3 
f 52//3 70//3 50//3 
f 83//3 84//3 85//3 
f 84//3 83//3 61//3 
f 78//3 85//3 76//3 
f 64//3 56//3 62//3 
f 82//3 86//3 80//3 
f 59//3 69//3 57//3 
f 61//3 51//3 84//3 
f 79//3 77//3 72//3 
f 87//3 88//3 86//3 
f 88//3 87//3 89//3 
f 73//3 81//3 74//3 
f 77//3 79//3 75//3 
f 90//3 91//3 92//3 
f 91//3 90//3 93//3 
f 89//3 92//3 88//3 
f 85//3 78//3 83//3 
f 94//3 95//3 96//3 
f 93//3 96//3 91//3 
f 80//3 74//3 81//3 
f 97//3 98//3 99//3 
f 96//3 93//3 94//3 
f 86//3 82//3 87//3 
f 100//3 101//3 102//3 
f 101//3 100//3 103//3 
f 99//3 102//3 97//3 
f 92//3 89//3 90//3 
f 104//3 105//3 106//3 
f 105//3 104//3 107//3 
f 103//3 106//3 101//3 
f 94//3 98//3 95//3 
f 108//3 109//3 110//3 
f 111//3 109//3 112//3 
f 107//3 112//3 105//3 
f 97//3 95//3 98//3 
f 113//3 114//3 108//3 
f 115//3 116//3 114//3 
f 112//3 107//3 111//3 
f 102//3 99//3 100//3 
f 117//3 118//3 116//3 
f 118//3 117//3 119//3 
f 114//3 113//3 115//3 
f 106//3 103//3 104//3 
f 120//3 121//3 122//3 
f 123//3 124//3 125//3 
f 124//3 123//3 126//3 
f 119//3 125//3 118//3 
f 111//3 110//3 109//3 
f 122//3 127//3 120//3 
f 121//3 120//3 128//3 
f 129//3 130//3 127//3 
f 131//3 132//3 133//3 
f 132//3 131//3 134//3 
f 126//3 133//3 124//3 
f 110//3 113//3 108//3 
f 128//3 135//3 121//3 
f 129//3 136//3 130//3 
f 137//3 138//3 139//3 
f 138//3 137//3 136//3 
f 140//3 141//3 142//3 
f 134//3 143//3 132//3 
f 116//3 115//3 117//3 
f 144//3 145//3 146//3 
f 127//3 147//3 129//3 
f 136//3 129//3 138//3 
f 142//3 148//3 140//3 
f 149//3 150//3 143//3 
f 125//3 119//3 123//3 
f 146//3 151//3 144//3 
f 152//3 153//3 135//3 
f 139//3 154//3 137//3 
f 155//3 156//3 148//3 
f 156//3 155//3 157//3 
f 150//3 149//3 141//3 
f 133//3 126//3 131//3 
f 158//3 159//3 151//3 
f 159//3 158//3 160//3 
f 153//3 152//3 145//3 
f 122//3 147//3 127//3 
f 161//3 162//3 163//3 
f 162//3 161//3 154//3 
f 157//3 163//3 156//3 
f 143//3 134//3 149//3 
f 160//3 164//3 159//3 
f 135//3 128//3 152//3 
f 154//3 139//3 162//3 
f 140//3 150//3 141//3 
f 165//3 166//3 164//3 
f 166//3 165//3 167//3 
f 144//3 153//3 145//3 
f 148//3 142//3 155//3 
f 167//3 168//3 166//3 
f 163//3 157//3 161//3 
f 169//3 170//3 171//3 
f 170//3 169//3 172//3 
f 168//3 167//3 173//3 
f 151//3 146//3 158//3 
f 174//3 175//3 176//3 
f 177//3 178//3 179//3 
f 178//3 177//3 180//3 
f 172//3 179//3 170//3 
f 164//3 160//3 165//3 
f 181//3 180//3 182//3 
f 176//3 182//3 174//3 
f 180//3 181//3 178//3 
f 173//3 171//3 168//3 
f 183//3 184//3 185//3 
f 174//3 184//3 175//3 
f 171//3 173//3 169//3 
f 186//3 187//3 188//3 
f 187//3 186//3 189//3 
f 185//3 188//3 183//3 
f 179//3 172//3 177//3 
f 190//3 191//3 192//3 
f 191//3 190//3 193//3 
f 189//3 192//3 187//3 
f 182//3 176//3 181//3 
f 194//3 195//3 196//3 
f 195//3 194//3 197//3 
f 193//3 196//3 191//3 
f 183//3 175//3 184//3 
f 197//3 198//3 195//3 
f 188//3 185//3 186//3 
f 199//3 200//3 201//3 
f 202//3 200//3 203//3 
f 204//3 205//3 206//3 
f 205//3 204//3 207//3 
f 198//3 197//3 208//3 
f 192//3 189//3 190//3 
f 209//3 207//3 199//3 
f 203//3 210//3 202//3 
f 207//3 209//3 205//3 
f 196//3 193//3 194//3 
f 211//3 212//3 210//3 
f 212//3 211//3 213//3 
f 202//3 201//3 200//3 
f 208//3 206//3 198//3 
f 214//3 215//3 216//3 
f 213//3 217//3 212//3 
f 206//3 208//3 204//3 
f 216//3 218//3 214//3 
f 219//3 220//3 217//3 
f 201//3 209//3 199//3 
f 1//3 221//3 10//3 
f 222//3 223//3 218//3 
f 223//3 222//3 224//3 
f 220//3 219//3 215//3 
f 210//3 203//3 211//3 
f 221//3 225//3 10//3 
f 226//3 227//3 228//3 
f 227//3 226//3 229//3 
f 230//3 231//3 232//3 
f 231//3 230//3 233//3 
f 224//3 232//3 223//3 
f 217//3 213//3 219//3 
f 10//3 2//3 1//3 
f 234//3 235//3 236//3 
f 229//3 236//3 227//3 
f 237//3 238//3 239//3 
f 240//3 233//3 241//3 
f 242//3 243//3 244//3 
f 233//3 240//3 231//3 
f 214//3 220//3 215//3 
f 235//3 234//3 225//3 
f 228//3 245//3 226//3 
f 246//3 247//3 248//3 
f 247//3 246//3 245//3 
f 239//3 248//3 237//3 
f 244//3 241//3 242//3 
f 218//3 216//3 222//3 
f 236//3 229//3 234//3 
f 245//3 228//3 247//3 
f 243//3 242//3 238//3 
f 232//3 224//3 230//3 
f 248//3 239//3 246//3 
f 241//3 244//3 240//3 
f 237//3 243//3 238//3 
f 221//3 235//3 225//3 
o mesh3
f 249//4 250//4 251//4 
f 252//4 253//4 250//4 
f 250//4 249//4 252//4 
f 254//4 255//4 253//4 
f 256//4 257//4 258//4 
f 259//4 251//4 257//4 
f 253//4 252//4 254//4 
f 260//4 261//4 255//4 
f 262//4 263//4 261//4 
f 264//4 265//4 263//4 
f 266//4 267//4 268//4 
f 269//4 270//4 267//4 
f 271//4 272//4 273//4 
f 274//4 275//4 272//4 
f 276//4 277//4 275//4 
f 278//4 279//4 277//4 
f 280//4 281//4 279//4 
f 282//4 283//4 281//4 
f 284//4 285//4 283//4 
f 286//4 287//4 285//4 
f 288//4 289//4 287//4 
f 290//4 291//4 289//4 
f 292//4 293//4 291//4 
f 294//4 258//4 293//4 
f 257//4 256//4 259//4 
f 255//4 254//4 260//4 
f 263//4 262//4 264//4 
f 295//4 296//4 265//4 
f 297//4 20//4 19//4 
f 298//4 299//4 297//4 
f 300//4 301//4 299//4 
f 302//4 268//4 301//4 
f 267//4 266//4 269//4 
f 303//4 273//4 270//4 
f 272//4 271//4 274//4 
f 277//4 276//4 278//4 
f 281//4 280//4 282//4 
f 285//4 284//4 286//4 
f 289//4 288//4 290//4 
f 293//4 292//4 294//4 
f 251//4 259//4 249//4 
f 265//4 264//4 295//4 
f 304//4 305//4 296//4 
f 305//4 304//4 306//4 
f 297//4 307//4 298//4 
f 301//4 300//4 302//4 
f 270//4 269//4 303//4 
f 275//4 274//4 276//4 
f 283//4 282//4 284//4 
f 291//4 290//4 292//4 
f 261//4 260//4 262//4 
f 306//4 308//4 305//4 
f 299//4 298//4 300//4 
f 273//4 303//4 271//4 
f 287//4 286//4 288//4 
f 296//4 295//4 304//4 
f 268//4 302//4 266//4 
f 258//4 294//4 256//4 
f 279//4 278//4 280//4 
f 19//4 307//4 297//4 
o mesh4
f 309//5 8//6 6//7 
f 310//8 309//5 472//9 
f 310//8 473//10 474//11 
f 311//12 312//13 474//11 
f 313//14 311//12 475//15 
f 314//16 313//14 476//17 
f 315//18 314//16 477//19 
f 315//18 478//20 479//21 
f 316//22 317//23 479//21 
f 318//24 316//22 480//25 
f 318//24 481//26 482//27 
f 319//28 320//29 482//27 
f 321//30 319//28 483//31 
f 321//30 484//32 485//33 
f 322//34 485//33 486//35 
f 323//36 324//37 486//35 
f 323//36 487//38 488//39 
f 325//40 326//41 488//39 
f 327//42 325//40 489//43 
f 327//42 490//44 491//45 
f 328//46 329//47 491//45 
f 328//46 492//48 493//49 
f 330//50 331//51 493//49 
f 332//52 330//50 494//53 
f 332//52 495//54 496//55 
f 333//56 334//57 496//55 
f 335//58 333//56 497//59 
f 335//58 498//60 499//61 
f 336//62 337//63 499//61 
f 338//64 336//62 500//65 
f 339//66 338//64 501//67 
f 339//66 502//68 503//69 
f 340//70 341//71 503//69 
f 340//70 504//72 505//73 
f 342//74 505//73 506//75 
f 343//76 344//77 506//75 
f 345//78 343//76 507//79 
f 345//78 508//80 509//81 
f 346//82 509//81 510//83 
f 347//84 348//85 510//83 
f 347//84 511//86 512//87 
f 349//88 350//89 512//87 
f 6//7 5//90 513//91 
f 473//10 472//9 513//91 
f 474//11 473//10 514//92 
f 475//15 474//11 515//93 
f 476//17 475//15 516//94 
f 477//19 476//17 517//95 
f 478//20 477//19 518//96 
f 479//21 478//20 519//97 
f 480//25 479//21 520//98 
f 481//26 480//25 521//99 
f 482//27 481//26 522//100 
f 483//31 482//27 523//101 
f 484//32 483//31 524//102 
f 485//33 484//32 525//103 
f 486//35 485//33 526//104 
f 487//38 486//35 527//105 
f 488//39 487//38 528//106 
f 489//43 488//39 529//107 
f 490//44 489//43 530//108 
f 491//45 490//44 531//109 
f 492//48 491//45 532//110 
f 493//49 492//48 533//111 
f 494//53 493//49 534//112 
f 495//54 494//53 535//113 
f 496//55 495//54 536//114 
f 497//59 496//55 537//115 
f 498//60 497//59 538//116 
f 499//61 498//60 539//117 
f 500//65 499//61 540//118 
f 501//67 500//65 541//119 
f 502//68 501//67 542//120 
f 503//69 502//68 543//121 
f 504//72 503//69 544//122 
f 505//73 504//72 545//123 
f 506//75 505//73 546//124 
f 507//79 506//75 547//125 
f 508//80 507//79 548//126 
f 509//81 508//80 549//127 
f 510//83 509//81 550//128 
f 511//86 510//83 551//129 
f 512//87 511//86 552//130 
f 512//87 553//131 351//132 
f 514//92 513//91 554//133 
f 515//93 514//92 555//134 
f 516//94 515//93 556//135 
f 517//95 516//94 557//136 
f 518//96 517//95 558//137 
f 519//97 518//96 559//138 
f 520//98 519//97 560//139 
f 521//99 520//98 561//140 
f 522//100 521//99 562//141 
f 523//101 522//100 563//142 
f 524//102 523//101 564//143 
f 525//103 524//102 565//144 
f 526//104 525//103 566//145 
f 527//105 526//104 567//146 
f 528//106 527//105 568//147 
f 529//107 528//106 569//148 
f 530//108 529//107 570//149 
f 531//109 530//108 571//150 
f 532//110 531//109 572//151 
f 533//111 532//110 573//152 
f 534//112 533//111 574//153 
f 535//113 534//112 575//154 
f 536//114 535//113 576//155 
f 537//115 536//114 577//156 
f 538//116 537//115 578//157 
f 539//117 538//116 579//158 
f 540//118 539//117 580//159 
f 541//119 540//118 581//160 
f 542//120 541//119 582//161 
f 543//121 542//120 583//162 
f 544//122 543//121 584//163 
f 545//123 544//122 585//164 
f 546//124 545//123 586//165 
f 547//125 546//124 587//166 
f 548//126 547//125 588//167 
f 549//127 548//126 589//168 
f 550//128 549//127 590//169 
f 551//129 550//128 591//170 
f 552//130 551//129 592//171 
f 553//131 552//130 593//172 
f 555//134 554//133 594//173 
f 556//135 555//134 595//174 
f 557//136 556//135 596//175 
f 558//137 557//136 597//176 
f 559//138 558//137 598//177 
f 560//139 559//138 599//178 
f 561//140 560//139 600//179 
f 562//141 561//140 601//180 
f 563//142 562//141 602//181 
f 564//143 563//142 603//182 
f 565//144 564//143 604//183 
f 566//145 565//144 605//184 
f 567//146 566//145 606//185 
f 568//147 567//146 607//186 
f 569//148 568//147 608//187 
f 570//149 569//148 609//188 
f 571//150 570//149 610//189 
f 572//151 571//150 611//190 
f 573//152 572//151 612//191 
f 574//153 573//152 613//192 
f 575//154 574//153 614//193 
f 576//155 575//154 615//194 
f 577//156 576//155 616//195 
f 578//157 577//156 617//196 
f 579//158 578//157 618//197 
f 580//159 579//158 619//198 
f 581//160 580//159 620//199 
f 582//161 581//160 621//200 
f 583//162 582//161 622//201 
f 584//163 583//162 623//202 
f 585//164 584//163 624//203 
f 586//165 585//164 625//204 
f 587//166 586//165 626//205 
f 588//167 587//166 627//206 
f 589//168 588//167 628//207 
f 590//169 589//168 629//208 
f 591//170 590//169 630//209 
f 592//171 591//170 631//210 
f 593//172 592//171 632//211 
f 633//212 593//172 634//213 
f 595//174 594//173 635//214 
f 596//175 595//174 636//215 
f 597//176 596//175 637//216 
f 598//177 597//176 638//217 
f 599//178 598//177 639//218 
f 600//179 599//178 640//219 
f 601//180 600//179 641//220 
f 602//181 601//180 642//221 
f 603//182 602//181 643//222 
f 604//183 603//182 644//223 
f 605//184 604//183 645//224 
f 606//185 605//184 646//225 
f 607//186 606//185 647//226 
f 608//187 607//186 648//227 
f 609//188 608//187 649//228 
f 610//189 609//188 650//229 
f 611//190 610//189 651//230 
f 612//191 611//190 652//231 
f 613//192 612//191 653//232 
f 614//193 613//192 654//233 
f 615//194 614//193 655//234 
f 616//195 615//194 656//235 
f 617//196 616//195 657//236 
f 618//197 617//196 658//237 
f 619//198 618//197 659//238 
f 620//199 619//198 660//239 
f 621//200 620//199 661//240 
f 622//201 621//200 662//241 
f 623//202 622//201 663//242 
f 624//203 623//202 664//243 
f 625//204 624//203 665//244 
f 626//205 625//204 666//245 
f 627//206 626//205 667//246 
f 628//207 627//206 668//247 
f 629//208 628//207 669//248 
f 630//209 629//208 670//249 
f 631//210 630//209 671//250 
f 632//211 631//210 672//251 
f 634//213 632//211 673//252 
f 674//253 634//213 675//254 
f 636//215 635//214 676//255 
f 637//216 636//215 677//256 
f 638//217 637//216 678//257 
f 639//218 638//217 679//258 
f 640//219 639//218 680//259 
f 641//220 640//219 681//260 
f 642//221 641//220 682//261 
f 643//222 642//221 683//262 
f 644//223 643//222 684//263 
f 645//224 644//223 685//264 
f 646//225 645//224 686//265 
f 647//226 646//225 687//266 
f 648//227 647//226 688//267 
f 649//228 648//227 689//268 
f 650//229 649//228 690//269 
f 651//230 650//229 691//270 
f 652//231 651//230 692//271 
f 653//232 652//231 693//272 
f 654//233 653//232 694//273 
f 655//234 654//233 695//274 
f 656//235 655//234 696//275 
f 657//236 656//235 697//276 
f 658//237 657//236 698//277 
f 659//238 658//237 699//278 
f 660//239 659//238 700//279 
f 661//240 660//239 701//280 
f 662//241 661//240 702//281 
f 663//242 662//241 703//282 
f 664//243 663//242 704//283 
f 665//244 664//243 705//284 
f 666//245 665//244 706//285 
f 667//246 666//245 707//286 
f 668//247 667//246 708//287 
f 669//248 668//247 709//288 
f 670//249 669//248 710//289 
f 671//250 670//249 711//290 
f 672//251 671//250 712//291 
f 673//252 672//251 713//292 
f 675//254 673//252 714//293 
f 715//294 675//254 716//295 
f 678//257 677//256 717//296 
f 679//258 678//257 718//297 
f 680//259 679//258 719//298 
f 681//260 680//259 720//299 
f 682//261 681//260 721//300 
f 683//262 682//261 722//301 
f 684//263 683//262 723//302 
f 685//264 684//263 724//303 
f 686//265 685//264 725//304 
f 687//266 686//265 726//305 
f 688//267 687//266 727//306 
f 689//268 688//267 728//307 
f 690//269 689//268 729//308 
f 691//270 690//269 730//309 
f 692//271 691//270 731//310 
f 693//272 692//271 732//311 
f 694//273 693//272 733//312 
f 695//274 694//273 734//313 
f 696//275 695//274 735//314 
f 697//276 696//275 736//315 
f 698//277 697//276 737//316 
f 699//278 698//277 738//317 
f 700//279 699//278 739//318 
f 701//280 700//279 740//319 
f 702//281 701//280 741//320 
f 703//282 702//281 742//321 
f 704//283 703//282 743//322 
f 705//284 704//283 744//323 
f 706//285 705//284 745//324 
f 707//286 706//285 746//325 
f 708//287 707//286 747//326 
f 709//288 708//287 748//327 
f 710//289 709//288 749//328 
f 711//290 710//289 750//329 
f 712//291 711//290 751//330 
f 713//292 712//291 752//331 
f 714//293 713//292 753//332 
f 716//295 714//293 754//333 
f 718//297 717//296 755//334 
f 719//298 718//297 756//335 
f 720//299 719//298 757//336 
f 721//300 720//299 758//337 
f 722//301 721//300 759//338 
f 723//302 722//301 760//339 
f 724//303 723//302 761//340 
f 725//304 724//303 762//341 
f 726//305 725//304 763//342 
f 727//306 726//305 764//343 
f 728//307 727//306 765//344 
f 729//308 728//307 766//345 
f 730//309 729//308 767//346 
f 731//310 730//309 768//347 
f 732//311 731//310 769//348 
f 733//312 732//311 770//349 
f 734//313 733//312 771//350 
f 735//314 734//313 772//351 
f 736//315 735//314 773//352 
f 737//316 736//315 774//353 
f 738//317 737//316 775//354 
f 739//318 738//317 776//355 
f 740//319 739//318 777//356 
f 741//320 740//319 778//357 
f 742//321 741//320 779//358 
f 743//322 742//321 780//359 
f 744//323 743//322 781//360 
f 745//324 744//323 782//361 
f 746//325 745//324 783//362 
f 747//326 746//325 784//363 
f 748//327 747//326 785//364 
f 749//328 748//327 786//365 
f 750//329 749//328 787//366 
f 751//330 750//329 788//367 
f 752//331 751//330 789//368 
f 753//332 752//331 790//369 
f 754//333 753//332 791//370 
f 792//371 754//333 793//372 
f 756//335 755//334 794//373 
f 757//336 756//335 795//374 
f 758//337 757//336 796//375 
f 759//338 758//337 797//376 
f 760//339 759//338 798//377 
f 761//340 760//339 799//378 
f 762//341 761//340 800//379 
f 763//342 762//341 801//380 
f 764//343 763//342 802//381 
f 765//344 764//343 803//382 
f 766//345 765//344 804//383 
f 767//346 766//345 805//384 
f 768//347 767//346 806//385 
f 769//348 768//347 807//386 
f 770//349 769//348 808//387 
f 771//350 770//349 809//388 
f 772//351 771//350 810//389 
f 773//352 772//351 811//390 
f 774//353 773//352 812//391 
f 775//354 774//353 813//392 
f 776//355 775//354 814//393 
f 777//356 776//355 815//394 
f 778//357 777//356 816//395 
f 779//358 778//357 817//396 
f 780//359 779//358 818//397 
f 781//360 780//359 819//398 
f 782//361 781//360 820//399 
f 783//362 782//361 821//400 
f 784//363 783//362 822//401 
f 785//364 784//363 823//402 
f 786//365 785//364 824//403 
f 787//366 786//365 825//404 
f 788//367 787//366 826//405 
f 789//368 788//367 827//406 
f 790//369 789//368 828//407 
f 791//370 790//369 829//408 
f 793//372 791//370 830//409 
f 831//410 793//372 832//411 
f 795//374 794//373 833//412 
f 796//375 795//374 834//413 
f 797//376 796//375 835//414 
f 798//377 797//376 836//415 
f 799//378 798//377 837//416 
f 800//379 799//378 838//417 
f 801//380 800//379 839//418 
f 802//381 801//380 840//419 
f 803//382 802//381 841//420 
f 804//383 803//382 842//421 
f 805//384 804//383 843//422 
f 806//385 805//384 844//423 
f 807//386 806//385 845//424 
f 808//387 807//386 846//425 
f 809//388 808//387 847//426 
f 810//389 809//388 848//427 
f 811//390 810//389 849//428 
f 812//391 811//390 850//429 
f 813//392 812//391 851//430 
f 814//393 813//392 852//431 
f 815//394 814//393 853//432 
f 816//395 815//394 854//433 
f 817//396 816//395 855//434 
f 818//397 817//396 856//435 
f 819//398 818//397 857//436 
f 820//399 819//398 858//437 
f 821//400 820//399 859//438 
f 822//401 821//400 860//439 
f 823//402 822//401 861//440 
f 824//403 823//402 862//441 
f 825//404 824//403 863//442 
f 826//405 825//404 864//443 
f 827//406 826//405 865//444 
f 828//407 827//406 866//445 
f 829//408 828//407 867//446 
f 830//409 829//408 868//447 
f 832//411 830//409 869//448 
f 870//449 832//411 871//450 
f 834//413 833//412 872//451 
f 835//414 834//413 873//452 
f 836//415 835//414 874//453 
f 837//416 836//415 875//454 
f 838//417 837//416 876//455 
f 839//418 838//417 877//456 
f 840//419 839//418 878//457 
f 841//420 840//419 879//458 
f 842//421 841//420 880//459 
f 843//422 842//421 881//460 
f 844//423 843//422 882//461 
f 845//424 844//423 883//462 
f 846//425 845//424 884//463 
f 847//426 846//425 885//464 
f 848//427 847//426 886//465 
f 849//428 848//427 887//466 
f 850//429 849//428 888//467 
f 851//430 850//429 889//468 
f 852//431 851//430 890//469 
f 853//432 852//431 891//470 
f 854//433 853//432 892//471 
f 855//434 854//433 893//472 
f 856//435 855//434 894//473 
f 857//436 856//435 895//474 
f 858//437 857//436 896//475 
f 859//438 858//437 897//476 
f 860//439 859//438 898//477 
f 861//440 860//439 899//478 
f 862//441 861//440 900//479 
f 863//442 862//441 901//480 
f 864//443 863//442 902//481 
f 865//444 864//443 903//482 
f 866//445 865//444 904//483 
f 867//446 866//445 905//484 
f 868//447 867//446 906//485 
f 869//448 868//447 907//486 
f 871//450 869//448 908//487 
f 909//488 871//450 910//489 
f 874//453 873//452 911//490 
f 875//454 874//453 912//491 
f 876//455 875//454 913//492 
f 877//456 876//455 914//493 
f 878//457 877//456 915//494 
f 879//458 878//457 916//495 
f 880//459 879//458 917//496 
f 881//460 880//459 918//497 
f 882//461 881//460 919//498 
f 883//462 882//461 920//499 
f 884//463 883//462 921//500 
f 885//464 884//463 922//501 
f 886//465 885//464 923//502 
f 887//466 886//465 924//503 
f 888//467 887//466 925//504 
f 889//468 888//467 926//505 
f 890//469 889//468 927//506 
f 891//470 890//469 928//507 
f 892//471 891//470 929//508 
f 893//472 892//471 930//509 
f 894//473 893//472 931//510 
f 895//474 894//473 932//511 
f 896//475 895//474 933//512 
f 897//476 896//475 934//513 
f 898//477 897//476 935//514 
f 899//478 898//477 936//515 
f 900//479 899//478 937//516 
f 901//480 900//479 938//517 
f 902//481 901//480 939//518 
f 903//482 902//481 940//519 
f 904//483 903//482 941//520 
f 905//484 904//483 942//521 
f 906//485 905//484 943//522 
f 907//486 906//485 944//523 
f 908//487 907//486 945//524 
f 910//489 908//487 946//525 
f 912//491 911//490 947//526 
f 913//492 912//491 948//527 
f 914//493 913//492 949//528 
f 915//494 914//493 950//529 
f 916//495 915//494 951//530 
f 917//496 916//495 952//531 
f 918//497 917//496 953//532 
f 919//498 918//497 954//533 
f 920//499 919//498 955//534 
f 921//500 920//499 956//535 
f 922//501 921//500 957//536 
f 923//502 922//501 958//537 
f 924//503 923//502 959//538 
f 925//504 924//503 960//539 
f 926//505 925//504 961//540 
f 927//506 926//505 962//541 
f 928//507 927//506 963//542 
f 929//508 928//507 964//543 
f 930//509 929//508 965//544 
f 931//510 930//509 966//545 
f 932//511 931//510 967//546 
f 933//512 932//511 968//547 
f 934//513 933//512 969//548 
f 935//514 934//513 970//549 
f 936//515 935//514 971//550 
f 937//516 936//515 972//551 
f 938//517 937//516 973//552 
f 939//518 938//517 974//553 
f 940//519 939//518 975//554 
f 941//520 940//519 976//555 
f 942//521 941//520 977//556 
f 943//522 942//521 978//557 
f 944//523 943//522 979//558 
f 945//524 944//523 980//559 
f 946//525 945//524 981//560 
f 982//561 946//525 983//562 
f 948//527 947//526 984//563 
f 949//528 948//527 985//564 
f 950//529 949//528 986//565 
f 951//530 950//529 987//566 
f 952//531 951//530 988//567 
f 953//532 952//531 989//568 
f 954//533 953//532 990//569 
f 955//534 954//533 991//570 
f 956//535 955//534 992//571 
f 957//536 956//535 993//572 
f 958//537 957//536 994//573 
f 959//538 958//537 995//574 
f 960//539 959//538 996//575 
f 961//540 960//539 997//576 
f 962//541 961//540 998//577 
f 963//542 962//541 999//578 
f 964//543 963//542 1000//579 
f 965//544 964//543 1001//580 
f 966//545 965//544 1002//581 
f 967//546 966//545 1003//582 
f 968//547 967//546 1004//583 
f 969//548 968//547 1005//584 
f 970//549 969//548 1006//585 
f 971//550 970//549 1007//586 
f 972//551 971//550 1008//587 
f 973//552 972//551 1009//588 
f 974//553 973//552 1010//589 
f 975//554 974//553 1011//590 
f 976//555 975//554 1012//591 
f 977//556 976//555 1013//592 
f 978//557 977//556 1014//593 
f 979//558 978//557 1015//594 
f 980//559 979//558 1016//595 
f 981//560 980//559 1017//596 
f 983//562 981//560 1018//597 
f 1019//598 983//562 1020//599 
f 985//564 984//563 1021//600 
f 986//565 985//564 1022//601 
f 987//566 986//565 1023//602 
f 988//567 987//566 1024//603 
f 989//568 988//567 1025//604 
f 990//569 989//568 1026//605 
f 991//570 990//569 1027//606 
f 992//571 991//570 1028//607 
f 993//572 992//571 1029//608 
f 994//573 993//572 1030//609 
f 995//574 994//573 1031//610 
f 996//575 995//574 1032//611 
f 997//576 996//575 1033//612 
f 998//577 997//576 1034//613 
f 999//578 998//577 1035//614 
f 1000//579 999//578 1036//615 
f 1001//580 1000//579 1037//616 
f 1002//581 1001//580 1038//617 
f 1003//582 1002//581 1039//618 
f 1004//583 1003//582 1040//619 
f 1005//584 1004//583 1041//620 
f 1006//585 1005//584 1042//621 
f 1007//586 1006//585 1043//622 
f 1008//587 1007//586 1044//623 
f 1009//588 1008//587 1045//624 
f 1010//589 1009//588 1046//625 
f 1011//590 1010//589 1047//626 
f 1012//591 1011//590 1048//627 
f 1013//592 1012//591 1049//628 
f 1014//593 1013//592 1050//629 
f 1015//594 1014//593 1051//630 
f 1016//595 1015//594 1052//631 
f 1017//596 1016//595 1053//632 
f 1018//597 1017//596 1054//633 
f 1020//599 1018//597 1055//634 
f 1056//635 1020//599 1057//636 
f 1022//601 1021//600 1058//637 
f 1023//602 1022//601 1059//638 
f 1024//603 1023//602 1060//639 
f 1025//604 1024//603 1061//640 
f 1026//605 1025//604 1062//641 
f 1027//606 1026//605 1063//642 
f 1028//607 1027//606 1064//643 
f 1029//608 1028//607 1065//644 
f 1030//609 1029//608 1066//645 
f 1031//610 1030//609 1067//646 
f 1032//611 1031//610 1068//647 
f 1033//612 1032//611 1069//648 
f 1034//613 1033//612 1070//649 
f 1035//614 1034//613 1071//650 
f 1036//615 1035//614 1072//651 
f 1037//616 1036//615 1073//652 
f 1038//617 1037//616 1074//653 
f 1039//618 1038//617 1075//654 
f 1040//619 1039//618 1076//655 
f 1041//620 1040//619 1077//656 
f 1042//621 1041//620 1078//657 
f 1043//622 1042//621 1079//658 
f 1044//623 1043//622 1080//659 
f 1045//624 1044//623 1081//660 
f 1046//625 1045//624 1082//661 
f 1047//626 1046//625 1083//662 
f 1048//627 1047//626 1084//663 
f 1049//628 1048//627 1085//664 
f 1050//629 1049//628 1086//665 
f 1051//630 1050//629 1087//666 
f 1052//631 1051//630 1088//667 
f 1053//632 1052//631 1089//668 
f 1054//633 1053//632 1090//669 
f 1055//634 1054//633 1091//670 
f 1057//636 1055//634 1092//671 
f 1093//672 1057//636 1094//673 
f 1060//639 1059//638 1095//674 
f 1061//640 1060//639 1096//675 
f 1062//641 1061//640 1097//676 
f 1063//642 1062//641 1098//677 
f 1064//643 1063//642 1099//678 
f 1065//644 1064//643 1100//679 
f 1066//645 1065//644 1101//680 
f 1067//646 1066//645 1102//681 
f 1068//647 1067//646 1103//682 
f 1069//648 1068//647 1104//683 
f 1070//649 1069//648 1105//684 
f 1071//650 1070//649 1106//685 
f 1072//651 1071//650 1107//686 
f 1073//652 1072//651 1108//687 
f 1074//653 1073//652 1109//688 
f 1075//654 1074//653 1110//689 
f 1076//655 1075//654 1111//690 
f 1077//656 1076//655 1112//691 
f 1078//657 1077//656 1113//692 
f 1079//658 1078//657 1114//693 
f 1080//659 1079//658 1115//694 
f 1081//660 1080//659 1116//695 
f 1082//661 1081//660 1117//696 
f 1083//662 1082//661 1118//697 
f 1084//663 1083//662 1119//698 
f 1085//664 1084//663 1120//699 
f 1086//665 1085//664 1121//700 
f 1087//666 1086//665 1122//701 
f 1088//667 1087//666 1123//702 
f 1089//668 1088//667 1124//703 
f 1090//669 1089//668 1125//704 
f 1091//670 1090//669 1126//705 
f 1092//671 1091//670 1127//706 
f 1094//673 1092//671 1128//707 
f 1096//675 1095//674 1129//708 
f 1097//676 1096//675 1130//709 
f 1098//677 1097//676 1131//710 
f 1099//678 1098//677 1132//711 
f 1100//679 1099//678 1133//712 
f 1101//680 1100//679 1134//713 
f 1102//681 1101//680 1135//714 
f 1103//682 1102//681 1136//715 
f 1104//683 1103//682 1137//716 
f 1105//684 1104//683 1138//717 
f 1106//685 1105//684 1139//718 
f 1107//686 1106//685 1140//719 
f 1108//687 1107//686 1141//720 
f 1109//688 1108//687 1142//721 
f 1110//689 1109//688 1143//722 
f 1111//690 1110//689 1144//723 
f 1112//691 1111//690 1145//724 
f 1113//692 1112//691 1146//725 
f 1114//693 1113//692 1147//726 
f 1115//694 1114//693 1148//727 
f 1116//695 1115//694 1149//728 
f 1117//696 1116//695 1150//729 
f 1118//697 1117//696 1151//730 
f 1119//698 1118//697 1152//731 
f 1120//699 1119//698 1153//732 
f 1121//700 1120//699 1154//733 
f 1122//701 1121//700 1155//734 
f 1123//702 1122//701 1156//735 
f 1124//703 1123//702 1157//736 
f 1125//704 1124//703 1158//737 
f 1126//705 1125//704 1159//738 
f 1127//706 1126//705 1160//739 
f 1128//707 1127//706 1161//740 
f 1162//741 1128//707 1163//742 
f 1130//709 1129//708 1164//743 
f 1131//710 1130//709 1165//744 
f 1132//711 1131//710 1166//745 
f 1133//712 1132//711 1167//746 
f 1134//713 1133//712 1168//747 
f 1135//714 1134//713 1169//748 
f 1136//715 1135//714 1170//749 
f 1137//716 1136//715 1171//750 
f 1138//717 1137//716 1172//751 
f 1139//718 1138//717 1173//752 
f 1140//719 1139//718 1174//753 
f 1141//720 1140//719 1175//754 
f 1142//721 1141//720 1176//755 
f 1143//722 1142//721 1177//756 
f 1144//723 1143//722 1178//757 
f 1145//724 1144//723 1179//758 
f 1146//725 1145//724 1180//759 
f 1147//726 1146//725 1181//760 
f 1148//727 1147//726 1182//761 
f 1149//728 1148//727 1183//762 
f 1150//729 1149//728 1184//763 
f 1151//730 1150//729 1185//764 
f 1152//731 1151//730 1186//765 
f 1153//732 1152//731 1187//766 
f 1154//733 1153//732 1188//767 
f 1155//734 1154//733 1189//768 
f 1156//735 1155//734 1190//769 
f 1157//736 1156//735 1191//770 
f 1158//737 1157//736 1192//771 
f 1159//738 1158//737 1193//772 
f 1160//739 1159//738 1194//773 
f 1161//740 1160//739 1195//774 
f 1163//742 1161//740 1196//775 
f 1197//776 1163//742 1198//777 
f 1165//744 1164//743 1199//778 
f 1166//745 1165//744 1200//779 
f 1167//746 1166//745 1201//780 
f 1168//747 1167//746 1202//781 
f 1169//748 1168//747 1203//782 
f 1170//749 1169//748 1204//783 
f 1171//750 1170//749 1205//784 
f 1172//751 1171//750 1206//785 
f 1173//752 1172//751 1207//786 
f 1174//753 1173//752 1208//787 
f 1175//754 1174//753 1209//788 
f 1176//755 1175//754 1210//789 
f 1177//756 1176//755 1211//790 
f 1178//757 1177//756 1212//791 
f 1179//758 1178//757 1213//792 
f 1180//759 1179//758 1214//793 
f 1181//760 1180//759 1215//794 
f 1182//761 1181//760 1216//795 
f 1183//762 1182//761 1217//796 
f 1184//763 1183//762 1218//797 
f 1185//764 1184//763 1219//798 
f 1186//765 1185//764 1220//799 
f 1187//766 1186//765 1221//800 
f 1188//767 1187//766 1222//801 
f 1189//768 1188//767 1223//802 
f 1190//769 1189//768 1224//803 
f 1191//770 1190//769 1225//804 
f 1192//771 1191//770 1226//805 
f 1193//772 1192//771 1227//806 
f 1194//773 1193//772 1228//807 
f 1195//774 1194//773 1229//808 
f 1196//775 1195//774 1230//809 
f 1198//777 1196//775 1231//810 
f 1232//811 1198//777 1233//812 
f 1200//779 1199//778 1234//813 
f 1201//780 1200//779 1235//814 
f 1202//781 1201//780 1236//815 
f 1203//782 1202//781 1237//816 
f 1204//783 1203//782 1238//817 
f 1205//784 1204//783 1239//818 
f 1206//785 1205//784 1240//819 
f 1207//786 1206//785 1241//820 
f 1208//787 1207//786 1242//821 
f 1209//788 1208//787 1243//822 
f 1210//789 1209//788 1244//823 
f 1211//790 1210//789 1245//824 
f 1212//791 1211//790 1246//825 
f 1213//792 1212//791 1247//826 
f 1214//793 1213//792 1248//827 
f 1215//794 1214//793 1249//828 
f 1216//795 1215//794 1250//829 
f 1217//796 1216//795 1251//830 
f 1218//797 1217//796 1252//831 
f 1219//798 1218//797 1253//832 
f 1220//799 1219//798 1254//833 
f 1221//800 1220//799 1255//834 
f 1222//801 1221//800 1256//835 
f 1223//802 1222//801 1257//836 
f 1224//803 1223//802 1258//837 
f 1225//804 1224//803 1259//838 
f 1226//805 1225//804 1260//839 
f 1227//806 1226//805 1261//840 
f 1228//807 1227//806 1262//841 
f 1229//808 1228//807 1263//842 
f 1230//809 1229//808 1264//843 
f 1231//810 1230//809 1265//844 
f 1233//812 1231//810 1266//845 
f 1267//846 1233//812 1268//847 
f 1235//814 1234//813 1269//848 
f 1236//815 1235//814 1270//849 
f 1237//816 1236//815 1271//850 
f 1238//817 1237//816 1272//851 
f 1239//818 1238//817 1273//852 
f 1240//819 1239//818 1274//853 
f 1241//820 1240//819 1275//854 
f 1242//821 1241//820 1276//855 
f 1243//822 1242//821 1277//856 
f 1244//823 1243//822 1278//857 
f 1245//824 1244//823 1279//858 
f 1246//825 1245//824 1280//859 
f 1247//826 1246//825 1281//860 
f 1248//827 1247//826 1282//861 
f 1249//828 1248//827 1283//862 
f 1250//829 1249//828 1284//863 
f 1251//830 1250//829 1285//864 
f 1252//831 1251//830 1286//865 
f 1253//832 1252//831 1287//866 
f 1254//833 1253//832 1288//867 
f 1255//834 1254//833 1289//868 
f 1256//835 1255//834 1290//869 
f 1257//836 1256//835 1291//870 
f 1258//837 1257//836 1292//871 
f 1259//838 1258//837 1293//872 
f 1260//839 1259//838 1294//873 
f 1261//840 1260//839 1295//874 
f 1262//841 1261//840 1296//875 
f 1263//842 1262//841 1297//876 
f 1264//843 1263//842 1298//877 
f 1265//844 1264//843 1299//878 
f 1266//845 1265//844 1300//879 
f 1268//847 1266//845 1301//880 
f 1302//881 1268//847 1303//882 
f 1271//850 1270//849 1304//883 
f 1272//851 1271//850 1305//884 
f 1273//852 1272//851 1306//885 
f 1274//853 1273//852 1307//886 
f 1275//854 1274//853 1308//887 
f 1276//855 1275//854 1309//888 
f 1277//856 1276//855 1310//889 
f 1278//857 1277//856 1311//890 
f 1279//858 1278//857 1312//891 
f 1280//859 1279//858 1313//892 
f 1281//860 1280//859 1314//893 
f 1282//861 1281//860 1315//894 
f 1283//862 1282//861 1316//895 
f 1284//863 1283//862 1317//896 
f 1285//864 1284//863 1318//897 
f 1286//865 1285//864 1319//898 
f 1287//866 1286//865 1320//899 
f 1288//867 1287//866 1321//900 
f 1289//868 1288//867 1322//901 
f 1290//869 1289//868 1323//902 
f 1291//870 1290//869 1324//903 
f 1292//871 1291//870 1325//904 
f 1293//872 1292//871 1326//905 
f 1294//873 1293//872 1327//906 
f 1295//874 1294//873 1328//907 
f 1296//875 1295//874 1329//908 
f 1297//876 1296//875 1330//909 
f 1298//877 1297//876 1331//910 
f 1299//878 1298//877 1332//911 
f 1300//879 1299//878 1333//912 
f 1301//880 1300//879 1334//913 
f 1303//882 1301//880 1335//914 
f 1305//884 1304//883 1336//915 
f 1306//885 1305//884 1337//916 
f 1307//886 1306//885 1338//917 
f 1308//887 1307//886 1339//918 
f 1309//888 1308//887 1340//919 
f 1310//889 1309//888 1341//920 
f 1311//890 1310//889 1342//921 
f 1312//891 1311//890 1343//922 
f 1313//892 1312//891 1344//923 
f 1314//893 1313//892 1345//924 
f 1315//894 1314//893 1346//925 
f 1316//895 1315//894 1347//926 
f 1317//896 1316//895 1348//927 
f 1318//897 1317//896 1349//928 
f 1319//898 1318//897 1350//929 
f 1320//899 1319//898 1351//930 
f 1321//900 1320//899 1352//931 
f 1322//901 1321//900 1353//932 
f 1323//902 1322//901 1354//933 
f 1324//903 1323//902 1355//934 
f 1325//904 1324//903 1356//935 
f 1326//905 1325//904 1357//936 
f 1327//906 1326//905 1358//937 
f 1328//907 1327//906 1359//938 
f 1329//908 1328//907 1360//939 
f 1330//909 1329//908 1361//940 
f 1331//910 1330//909 1362//941 
f 1332//911 1331//910 1363//942 
f 1333//912 1332//911 1364//943 
f 1334//913 1333//912 1365//944 
f 1335//914 1334//913 1366//945 
f 1367//946 1335//914 1368//947 
f 1337//916 1336//915 1369//948 
f 1338//917 1337//916 1370//949 
f 1339//918 1338//917 1371//950 
f 1340//919 1339//918 1372//951 
f 1341//920 1340//919 1373//952 
f 1342//921 1341//920 1374//953 
f 1343//922 1342//921 1375//954 
f 1344//923 1343//922 1376//955 
f 1345//924 1344//923 1377//956 
f 1346//925 1345//924 1378//957 
f 1347//926 1346//925 1379//958 
f 1348//927 1347//926 1380//959 
f 1349//928 1348//927 1381//960 
f 1350//929 1349//928 1382//961 
f 1351//930 1350//929 1383//962 
f 1352//931 1351//930 1384//963 
f 1353//932 1352//931 1385//964 
f 1354//933 1353//932 1386//965 
f 1355//934 1354//933 1387//966 
f 1356//935 1355//934 1388//967 
f 1357//936 1356//935 1389//968 
f 1358//937 1357//936 1390//969 
f 1359//938 1358//937 1391//970 
f 1360//939 1359//938 1392//971 
f 1361//940 1360//939 1393//972 
f 1362//941 1361//940 1394//973 
f 1363//942 1362//941 1395//974 
f 1364//943 1363//942 1396//975 
f 1365//944 1364//943 1397//976 
f 1366//945 1365//944 1398//977 
f 1368//947 1366//945 1399//978 
f 1400//979 1368//947 1401//980 
f 1370//949 1369//948 1402//981 
f 1371//950 1370//949 1403//982 
f 1372//951 1371//950 1404//983 
f 1373//952 1372//951 1405//984 
f 1374//953 1373//952 1406//985 
f 1375//954 1374//953 1407//986 
f 1376//955 1375//954 1408//987 
f 1377//956 1376//955 1409//988 
f 1378//957 1377//956 1410//989 
f 1379//958 1378//957 1411//990 
f 1380//959 1379//958 1412//991 
f 1381//960 1380//959 1413//992 
f 1382//961 1381//960 1414//993 
f 1383//962 1382//961 1415//994 
f 1384//963 1383//962 1416//995 
f 1385//964 1384//963 1417//996 
f 1386//965 1385//964 1418//997 
f 1387//966 1386//965 1419//998 
f 1388//967 1387//966 1420//999 
f 1389//968 1388//967 1421//1000 
f 1390//969 1389//968 1422//1001 
f 1391//970 1390//969 1423//1002 
f 1392//971 1391//970 1424//1003 
f 1393//972 1392//971 1425//1004 
f 1394//973 1393//972 1426//1005 
f 1395//974 1394//973 1427//1006 
f 1396//975 1395//974 1428//1007 
f 1397//976 1396//975 1429//1008 
f 1398//977 1397//976 1430//1009 
f 1399//978 1398//977 1431//1010 
f 1401//980 1399//978 1432//1011 
f 1433//1012 1401//980 1434//1013 
f 1403//982 1402//981 1435//1014 
f 1404//983 1403//982 1436//1015 
f 1405//984 1404//983 1437//1016 
f 1406//985 1405//984 1438//1017 
f 1407//986 1406//985 1439//1018 
f 1408//987 1407//986 1440//1019 
f 1409//988 1408//987 1441//1020 
f 1410//989 1409//988 1442//1021 
f 1411//990 1410//989 1443//1022 
f 1412//991 1411//990 1444//1023 
f 1413//992 1412//991 1445//1024 
f 1414//993 1413//992 1446//1025 
f 1415//994 1414//993 1447//1026 
f 1416//995 1415//994 1448//1027 
f 1417//996 1416//995 1449//1028 
f 1418//997 1417//996 1450//1029 
f 1419//998 1418//997 1451//1030 
f 1420//999 1419//998 1452//1031 
f 1421//1000 1420//999 1453//1032 
f 1422//1001 1421//1000 1454//1033 
f 1423//1002 1422//1001 1455//1034 
f 1424//1003 1423//1002 1456//1035 
f 1425//1004 1424//1003 1457//1036 
f 1426//1005 1425//1004 1458//1037 
f 1427//1006 1426//1005 1459//1038 
f 1428//1007 1427//1006 1460//1039 
f 1429//1008 1428//1007 1461//1040 
f 1430//1009 1429//1008 1462//1041 
f 1431//1010 1430//1009 1463//1042 
f 1432//1011 1431//1010 1464//1043 
f 1434//1013 1432//1011 1465//1044 
f 1466//1045 1434//1013 1467//1046 
f 1436//1015 1435//1014 1468//1047 
f 1437//1016 1436//1015 1469//1048 
f 1438//1017 1437//1016 1470//1049 
f 1439//1018 1438//1017 1471//1050 
f 1440//1019 1439//1018 1472//1051 
f 1441//1020 1440//1019 1473//1052 
f 1442//1021 1441//1020 1474//1053 
f 1443//1022 1442//1021 1475//1054 
f 1444//1023 1443//1022 1476//1055 
f 1445//1024 1444//1023 1477//1056 
f 1446//1025 1445//1024 1478//1057 
f 1447//1026 1446//1025 1479//1058 
f 1448//1027 1447//1026 1480//1059 
f 1449//1028 1448//1027 1481//1060 
f 1450//1029 1449//1028 1482//1061 
f 1451//1030 1450//1029 1483//1062 
f 1452//1031 1451//1030 1484//1063 
f 1453//1032 1452//1031 1485//1064 
f 1454//1033 1453//1032 1486//1065 
f 1455//1034 1454//1033 1487//1066 
f 1456//1035 1455//1034 1488//1067 
f 1457//1036 1456//1035 1489//1068 
f 1458//1037 1457//1036 1490//1069 
f 1459//1038 1458//1037 1491//1070 
f 1460//1039 1459//1038 1492//1071 
f 1461//1040 1460//1039 1493//1072 
f 1462//1041 1461//1040 1494//1073 
f 1463//1042 1462//1041 1495//1074 
f 1464//1043 1463//1042 1496//1075 
f 1465//1044 1464//1043 1497//1076 
f 1467//1046 1465//1044 1498//1077 
f 1499//1078 1467//1046 1500//1079 
f 1469//1048 1468//1047 1501//1080 
f 1470//1049 1469//1048 1502//1081 
f 1471//1050 1470//1049 1503//1082 
f 1472//1051 1471//1050 1504//1083 
f 1473//1052 1472//1051 1505//1084 
f 1474//1053 1473//1052 1506//1085 
f 1475//1054 1474//1053 1507//1086 
f 1476//1055 1475//1054 1508//1087 
f 1477//1056 1476//1055 1509//1088 
f 1478//1057 1477//1056 1510//1089 
f 1479//1058 1478//1057 1511//1090 
f 1480//1059 1479//1058 1512//1091 
f 1481//1060 1480//1059 1513//1092 
f 1482//1061 1481//1060 1514//1093 
f 1483//1062 1482//1061 1515//1094 
f 1484//1063 1483//1062 1516//1095 
f 1485//1064 1484//1063 1517//1096 
f 1486//1065 1485//1064 1518//1097 
f 1487//1066 1486//1065 1519//1098 
f 1488//1067 1487//1066 1520//1099 
f 1489//1068 1488//1067 1521//1100 
f 1490//1069 1489//1068 1522//1101 
f 1491//1070 1490//1069 1523//1102 
f 1492//1071 1491//1070 1524//1103 
f 1493//1072 1492//1071 1525//1104 
f 1494//1073 1493//1072 1526//1105 
f 1495//1074 1494//1073 1527//1106 
f 1496//1075 1495//1074 1528//1107 
f 1497//1076 1496//1075 1529//1108 
f 1498//1077 1497//1076 1530//1109 
f 1500//1079 1498//1077 1531//1110 
f 1532//1111 1500//1079 1533//1112 
f 1503//1082 1502//1081 1534//1113 
f 1504//1083 1503//1082 1535//1114 
f 1505//1084 1504//1083 1536//1115 
f 1506//1085 1505//1084 1537//1116 
f 1507//1086 1506//1085 1538//1117 
f 1508//1087 1507//1086 1539//1118 
f 1509//1088 1508//1087 1540//1119 
f 1510//1089 1509//1088 1541//1120 
f 1511//1090 1510//1089 1542//1121 
f 1512//1091 1511//1090 1543//1122 
f 1513//1092 1512//1091 1544//1123 
f 1514//1093 1513//1092 1545//1124 
f 1515//1094 1514//1093 1546//1125 
f 1516//1095 1515//1094 1547//1126 
f 1517//1096 1516//1095 1548//1127 
f 1518//1097 1517//1096 1549//1128 
f 1519//1098 1518//1097 1550//1129 
f 1520//1099 1519//1098 1551//1130 
f 1521//1100 1520//1099 1552//1131 
f 1522//1101 1521//1100 1553//1132 
f 1523//1102 1522//1101 1554//1133 
f 1524//1103 1523//1102 1555//1134 
f 1525//1104 1524//1103 1556//1135 
f 1526//1105 1525//1104 1557//1136 
f 1527//1106 1526//1105 1558//1137 
f 1528//1107 1527//1106 1559//1138 
f 1529//1108 1528//1107 1560//1139 
f 1530//1109 1529//1108 1561//1140 
f 1531//1110 1530//1109 1562//1141 
f 1533//1112 1531//1110 1563//1142 
f 1535//1114 1534//1113 1564//1143 
f 1536//1115 1535//1114 1565//1144 
f 1537//1116 1536//1115 1566//1145 
f 1538//1117 1537//1116 1567//1146 
f 1539//1118 1538//1117 1568//1147 
f 1540//1119 1539//1118 1569//1148 
f 1541//1120 1540//1119 1570//1149 
f 1542//1121 1541//1120 1571//1150 
f 1543//1122 1542//1121 1572//1151 
f 1544//1123 1543//1122 1573//1152 
f 1545//1124 1544//1123 1574//1153 
f 1546//1125 1545//1124 1575//1154 
f 1547//1126 1546//1125 1576//1155 
f 1548//1127 1547//1126 1577//1156 
f 1549//1128 1548//1127 1578//1157 
f 1550//1129 1549//1128 1579//1158 
f 1551//1130 1550//1129 1580//1159 
f 1552//1131 1551//1130 1581//1160 
f 1553//1132 1552//1131 1582//1161 
f 1554//1133 1553//1132 1583//1162 
f 1555//1134 1554//1133 1584//1163 
f 1556//1135 1555//1134 1585//1164 
f 1557//1136 1556//1135 1586//1165 
f 1558//1137 1557//1136 1587//1166 
f 1559//1138 1558//1137 1588//1167 
f 1560//1139 1559//1138 1589//1168 
f 1561//1140 1560//1139 1590//1169 
f 1562//1141 1561//1140 1591//1170 
f 1563//1142 1562//1141 1592//1171 
f 1593//1172 1563//1142 1594//1173 
f 1565//1144 1564//1143 1595//1174 
f 1566//1145 1565//1144 1596//1175 
f 1567//1146 1566//1145 1597//1176 
f 1568//1147 1567//1146 1598//1177 
f 1569//1148 1568//1147 1599//1178 
f 1570//1149 1569//1148 1600//1179 
f 1571//1150 1570//1149 1601//1180 
f 1572//1151 1571//1150 1602//1181 
f 1573//1152 1572//1151 1603//1182 
f 1574//1153 1573//1152 1604//1183 
f 1575//1154 1574//1153 1605//1184 
f 1576//1155 1575//1154 1606//1185 
f 1577//1156 1576//1155 1607//1186 
f 1578//1157 1577//1156 1608//1187 
f 1579//1158 1578//1157 1609//1188 
f 1580//1159 1579//1158 1610//1189 
f 1581//1160 1580//1159 1611//1190 
f 1582//1161 1581//1160 1612//1191 
f 1583//1162 1582//1161 1613//1192 
f 1584//1163 1583//1162 1614//1193 
f 1585//1164 1584//1163 1615//1194 
f 1586//1165 1585//1164 1616//1195 
f 1587//1166 1586//1165 1617//1196 
f 1588//1167 1587//1166 1618//1197 
f 1589//1168 1588//1167 1619//1198 
f 1590//1169 1589//1168 1620//1199 
f 1591//1170 1590//1169 1621//1200 
f 1592//1171 1591//1170 1622//1201 
f 1594//1173 1592//1171 1623//1202 
f 1624//1203 1594//1173 1625//1204 
f 1596//1175 1595//1174 1626//1205 
f 1597//1176 1596//1175 1627//1206 
f 1598//1177 1597//1176 1628//1207 
f 1599//1178 1598//1177 1629//1208 
f 1600//1179 1599//1178 1630//1209 
f 1601//1180 1600//1179 1631//1210 
f 1602//1181 1601//1180 1632//1211 
f 1603//1182 1602//1181 1633//1212 
f 1604//1183 1603//1182 1634//1213 
f 1605//1184 1604//1183 1635//1214 
f 1606//1185 1605//1184 1636//1215 
f 1607//1186 1606//1185 1637//1216 
f 1608//1187 1607//1186 1638//1217 
f 1609//1188 1608//1187 1639//1218 
f 1610//1189 1609//1188 1640//1219 
f 1611//1190 1610//1189 1641//1220 
f 1612//1191 1611//1190 1642//1221 
f 1613//1192 1612//1191 1643//1222 
f 1614//1193 1613//1192 1644//1223 
f 1615//1194 1614//1193 1645//1224 
f 1616//1195 1615//1194 1646//1225 
f 1617//1196 1616//1195 1647//1226 
f 1618//1197 1617//1196 1648//1227 
f 1619//1198 1618//1197 1649//1228 
f 1620//1199 1619//1198 1650//1229 
f 1621//1200 1620//1199 1651//1230 
f 1622//1201 1621//1200 1652//1231 
f 1623//1202 1622//1201 1653//1232 
f 1625//1204 1623//1202 1654//1233 
f 1655//1234 1625//1204 1656//1235 
f 1627//1206 1626//1205 1657//1236 
f 1628//1207 1627//1206 1658//1237 
f 1629//1208 1628//1207 1659//1238 
f 1630//1209 1629//1208 1660//1239 
f 1631//1210 1630//1209 1661//1240 
f 1632//1211 1631//1210 1662//1241 
f 1633//1212 1632//1211 1663//1242 
f 1634//1213 1633//1212 1664//1243 
f 1635//1214 1634//1213 1665//1244 
f 1636//1215 1635//1214 1666//1245 
f 1637//1216 1636//1215 1667//1246 
f 1638//1217 1637//1216 1668//1247 
f 1639//1218 1638//1217 1669//1248 
f 1640//1219 1639//1218 1670//1249 
f 1641//1220 1640//1219 1671//1250 
f 1642//1221 1641//1220 1672//1251 
f 1643//1222 1642//1221 1673//1252 
f 1644//1223 1643//1222 1674//1253 
f 1645//1224 1644//1223 1675//1254 
f 1646//1225 1645//1224 1676//1255 
f 1647//1226 1646//1225 1677//1256 
f 1648//1227 1647//1226 1678//1257 
f 1649//1228 1648//1227 1679//1258 
f 1650//1229 1649//1228 1680//1259 
f 1651//1230 1650//1229 1681//1260 
f 1652//1231 1651//1230 1682//1261 
f 1653//1232 1652//1231 1683//1262 
f 1654//1233 1653//1232 1684//1263 
f 1656//1235 1654//1233 1685//1264 
f 1686//1265 1656//1235 1687//1266 
f 1658//1237 1657//1236 1688//1267 
f 1659//1238 1658//1237 1689//1268 
f 1660//1239 1659//1238 1690//1269 
f 1661//1240 1660//1239 1691//1270 
f 1662//1241 1661//1240 1692//1271 
f 1663//1242 1662//1241 1693//1272 
f 1664//1243 1663//1242 1694//1273 
f 1665//1244 1664//1243 1695//1274 
f 1666//1245 1665//1244 1696//1275 
f 1667//1246 1666//1245 1697//1276 
f 1668//1247 1667//1246 1698//1277 
f 1669//1248 1668//1247 1699//1278 
f 1670//1249 1669//1248 1700//1279 
f 1671//1250 1670//1249 1701//1280 
f 1672//1251 1671//1250 1702//1281 
f 1673//1252 1672//1251 1703//1282 
f 1674//1253 1673//1252 1704//1283 
f 1675//1254 1674//1253 1705//1284 
f 1676//1255 1675//1254 1706//1285 
f 1677//1256 1676//1255 1707//1286 
f 1678//1257 1677//1256 1708//1287 
f 1679//1258 1678//1257 1709//1288 
f 1680//1259 1679//1258 1710//1289 
f 1681//1260 1680//1259 1711//1290 
f 1682//1261 1681//1260 1712//1291 
f 1683//1262 1682//1261 1713//1292 
f 1684//1263 1683//1262 1714//1293 
f 1685//1264 1684//1263 1715//1294 
f 1687//1266 1685//1264 1716//1295 
f 1717//1296 1687//1266 1718//1297 
f 1689//1268 1688//1267 1719//1298 
f 1690//1269 1689//1268 1720//1299 
f 1691//1270 1690//1269 1721//1300 
f 1692//1271 1691//1270 1722//1301 
f 1693//1272 1692//1271 1723//1302 
f 1694//1273 1693//1272 1724//1303 
f 1695//1274 1694//1273 1725//1304 
f 1696//1275 1695//1274 1726//1305 
f 1697//1276 1696//1275 1727//1306 
f 1698//1277 1697//1276 1728//1307 
f 1699//1278 1698//1277 1729//1308 
f 1700//1279 1699//1278 1730//1309 
f 1701//1280 1700//1279 1731//1310 
f 1702//1281 1701//1280 1732//1311 
f 1703//1282 1702//1281 1733//1312 
f 1704//1283 1703//1282 1734//1313 
f 1705//1284 1704//1283 1735//1314 
f 1706//1285 1705//1284 1736//1315 
f 1707//1286 1706//1285 1737//1316 
f 1708//1287 1707//1286 1738//1317 
f 1709//1288 1708//1287 1739//1318 
f 1710//1289 1709//1288 1740//1319 
f 1711//1290 1710//1289 1741//1320 
f 1712//1291 1711//1290 1742//1321 
f 1713//1292 1712//1291 1743//1322 
f 1714//1293 1713//1292 1744//1323 
f 1715//1294 1714//1293 1745//1324 
f 1716//1295 1715//1294 1746//1325 
f 1718//1297 1716//1295 1747//1326 
f 1748//1327 1718//1297 1749//1328 
f 1720//1299 1719//1298 1750//1329 
f 1721//1300 1720//1299 1751//1330 
f 1722//1301 1721//1300 1752//1331 
f 1723//1302 1722//1301 1753//1332 
f 1724//1303 1723//1302 1754//1333 
f 1725//1304 1724//1303 1755//1334 
f 1726//1305 1725//1304 1756//1335 
f 1727//1306 1726//1305 1757//1336 
f 1728//1307 1727//1306 1758//1337 
f 1729//1308 1728//1307 1759//1338 
f 1730//1309 1729//1308 1760//1339 
f 1731//1310 1730//1309 1761//1340 
f 1732//1311 1731//1310 1762//1341 
f 1733//1312 1732//1311 1763//1342 
f 1734//1313 1733//1312 1764//1343 
f 1735//1314 1734//1313 1765//1344 
f 1736//1315 1735//1314 1766//1345 
f 1737//1316 1736//1315 1767//1346 
f 1738//1317 1737//1316 1768//1347 
f 1739//1318 1738//1317 1769//1348 
f 1740//1319 1739//1318 1770//1349 
f 1741//1320 1740//1319 1771//1350 
f 1742//1321 1741//1320 1772//1351 
f 1743//1322 1742//1321 1773//1352 
f 1744//1323 1743//1322 1774//1353 
f 1745//1324 1744//1323 1775//1354 
f 1746//1325 1745//1324 1776//1355 
f 1747//1326 1746//1325 1777//1356 
f 1749//1328 1747//1326 1778//1357 
f 1779//1358 1749//1328 1780//1359 
f 1751//1330 1750//1329 1781//1360 
f 1752//1331 1751//1330 1782//1361 
f 1753//1332 1752//1331 1783//1362 
f 1754//1333 1753//1332 1784//1363 
f 1755//1334 1754//1333 1785//1364 
f 1756//1335 1755//1334 1786//1365 
f 1757//1336 1756//1335 1787//1366 
f 1758//1337 1757//1336 1788//1367 
f 1759//1338 1758//1337 1789//1368 
f 1760//1339 1759//1338 1790//1369 
f 1761//1340 1760//1339 1791//1370 
f 1762//1341 1761//1340 1792//1371 
f 1763//1342 1762//1341 1793//1372 
f 1764//1343 1763//1342 1794//1373 
f 1765//1344 1764//1343 1795//1374 
f 1766//1345 1765//1344 1796//1375 
f 1767//1346 1766//1345 1797//1376 
f 1768//1347 1767//1346 1798//1377 
f 1769//1348 1768//1347 1799//1378 
f 1770//1349 1769//1348 1800//1379 
f 1771//1350 1770//1349 1801//1380 
f 1772//1351 1771//1350 1802//1381 
f 1773//1352 1772//1351 1803//1382 
f 1774//1353 1773//1352 1804//1383 
f 1775//1354 1774//1353 1805//1384 
f 1776//1355 1775//1354 1806//1385 
f 1777//1356 1776//1355 1807//1386 
f 1778//1357 1777//1356 1808//1387 
f 1780//1359 1778//1357 1809//1388 
f 1810//1389 1780//1359 1811//1390 
f 1783//1362 1782//1361 1812//1391 
f 1784//1363 1783//1362 1813//1392 
f 1785//1364 1784//1363 1814//1393 
f 1786//1365 1785//1364 1815//1394 
f 1787//1366 1786//1365 1816//1395 
f 1788//1367 1787//1366 1817//1396 
f 1789//1368 1788//1367 1818//1397 
f 1790//1369 1789//1368 1819//1398 
f 1791//1370 1790//1369 1820//1399 
f 1792//1371 1791//1370 1821//1400 
f 1793//1372 1792//1371 1822//1401 
f 1794//1373 1793//1372 1823//1402 
f 1795//1374 1794//1373 1824//1403 
f 1796//1375 1795//1374 1825//1404 
f 1797//1376 1796//1375 1826//1405 
f 1798//1377 1797//1376 1827//1406 
f 1799//1378 1798//1377 1828//1407 
f 1800//1379 1799//1378 1829//1408 
f 1801//1380 1800//1379 1830//1409 
f 1802//1381 1801//1380 1831//1410 
f 1803//1382 1802//1381 1832//1411 
f 1804//1383 1803//1382 1833//1412 
f 1805//1384 1804//1383 1834//1413 
f 1806//1385 1805//1384 1835//1414 
f 1807//1386 1806//1385 1836//1415 
f 1808//1387 1807//1386 1837//1416 
f 1809//1388 1808//1387 1838//1417 
f 1811//1390 1809//1388 1839//1418 
f 1813//1392 1812//1391 1840//1419 
f 1814//1393 1813//1392 1841//1420 
f 1815//1394 1814//1393 1842//1421 
f 1816//1395 1815//1394 1843//1422 
f 1817//1396 1816//1395 1844//1423 
f 1818//1397 1817//1396 1845//1424 
f 1819//1398 1818//1397 1846//1425 
f 1820//1399 1819//1398 1847//1426 
f 1821//1400 1820//1399 1848//1427 
f 1822//1401 1821//1400 1849//1428 
f 1823//1402 1822//1401 1850//1429 
f 1824//1403 1823//1402 1851//1430 
f 1825//1404 1824//1403 1852//1431 
f 1826//1405 1825//1404 1853//1432 
f 1827//1406 1826//1405 1854//1433 
f 1828//1407 1827//1406 1855//1434 
f 1829//1408 1828//1407 1856//1435 
f 1830//1409 1829//1408 1857//1436 
f 1831//1410 1830//1409 1858//1437 
f 1832//1411 1831//1410 1859//1438 
f 1833//1412 1832//1411 1860//1439 
f 1834//1413 1833//1412 1861//1440 
f 1835//1414 1834//1413 1862//1441 
f 1836//1415 1835//1414 1863//1442 
f 1837//1416 1836//1415 1864//1443 
f 1838//1417 1837//1416 1865//1444 
f 1839//1418 1838//1417 1866//1445 
f 1867//1446 1839//1418 1868//1447 
f 1841//1420 1840//1419 1869//1448 
f 1842//1421 1841//1420 1870//1449 
f 1843//1422 1842//1421 1871//1450 
f 1844//1423 1843//1422 1872//1451 
f 1845//1424 1844//1423 1873//1452 
f 1846//1425 1845//1424 1874//1453 
f 1847//1426 1846//1425 1875//1454 
f 1848//1427 1847//1426 1876//1455 
f 1849//1428 1848//1427 1877//1456 
f 1850//1429 1849//1428 1878//1457 
f 1851//1430 1850//1429 1879//1458 
f 1852//1431 1851//1430 1880//1459 
f 1853//1432 1852//1431 1881//1460 
f 1854//1433 1853//1432 1882//1461 
f 1855//1434 1854//1433 1883//1462 
f 1856//1435 1855//1434 1884//1463 
f 1857//1436 1856//1435 1885//1464 
f 1858//1437 1857//1436 1886//1465 
f 1859//1438 1858//1437 1887//1466 
f 1860//1439 1859//1438 1888//1467 
f 1861//1440 1860//1439 1889//1468 
f 1862//1441 1861//1440 1890//1469 
f 1863//1442 1862//1441 1891//1470 
f 1864//1443 1863//1442 1892//1471 
f 1865//1444 1864//1443 1893//1472 
f 1866//1445 1865//1444 1894//1473 
f 1868//1447 1866//1445 1895//1474 
f 1896//1475 1868//1447 1897//1476 
f 1870//1449 1869//1448 1898//1477 
f 1871//1450 1870//1449 1899//1478 
f 1872//1451 1871//1450 1900//1479 
f 1873//1452 1872//1451 1901//1480 
f 1874//1453 1873//1452 1902//1481 
f 1875//1454 1874//1453 1903//1482 
f 1876//1455 1875//1454 1904//1483 
f 1877//1456 1876//1455 1905//1484 
f 1878//1457 1877//1456 1906//1485 
f 1879//1458 1878//1457 1907//1486 
f 1880//1459 1879//1458 1908//1487 
f 1881//1460 1880//1459 1909//1488 
f 1882//1461 1881//1460 1910//1489 
f 1883//1462 1882//1461 1911//1490 
f 1884//1463 1883//1462 1912//1491 
f 1885//1464 1884//1463 1913//1492 
f 1886//1465 1885//1464 1914//1493 
f 1887//1466 1886//1465 1915//1494 
f 1888//1467 1887//1466 1916//1495 
f 1889//1468 1888//1467 1917//1496 
f 1890//1469 1889//1468 1918//1497 
f 1891//1470 1890//1469 1919//1498 
f 1892//1471 1891//1470 1920//1499 
f 1893//1472 1892//1471 1921//1500 
f 1894//1473 1893//1472 1922//1501 
f 1895//1474 1894//1473 1923//1502 
f 1897//1476 1895//1474 1924//1503 
f 1925//1504 1897//1476 1926//1505 
f 1899//1478 1898//1477 1927//1506 
f 1900//1479 1899//1478 1928//1507 
f 1901//1480 1900//1479 1929//1508 
f 1902//1481 1901//1480 1930//1509 
f 1903//1482 1902//1481 1931//1510 
f 1904//1483 1903//1482 1932//1511 
f 1905//1484 1904//1483 1933//1512 
f 1906//1485 1905//1484 1934//1513 
f 1907//1486 1906//1485 1935//1514 
f 1908//1487 1907//1486 1936//1515 
f 1909//1488 1908//1487 1937//1516 
f 1910//1489 1909//1488 1938//1517 
f 1911//1490 1910//1489 1939//1518 
f 1912//1491 1911//1490 1940//1519 
f 1913//1492 1912//1491 1941//1520 
f 1914//1493 1913//1492 1942//1521 
f 1915//1494 1914//1493 1943//1522 
f 1916//1495 1915//1494 1944//1523 
f 1917//1496 1916//1495 1945//1524 
f 1918//1497 1917//1496 1946//1525 
f 1919//1498 1918//1497 1947//1526 
f 1920//1499 1919//1498 1948//1527 
f 1921//1500 1920//1499 1949//1528 
f 1922//1501 1921//1500 1950//1529 
f 1923//1502 1922//1501 1951//1530 
f 1924//1503 1923//1502 1952//1531 
f 1926//1505 1924//1503 1953//1532 
f 1954//1533 1926//1505 1955//1534 
f 1928//1507 1927//1506 1956//1535 
f 1929//1508 1928//1507 1957//1536 
f 1930//1509 1929//1508 1958//1537 
f 1931//1510 1930//1509 1959//1538 
f 1932//1511 1931//1510 1960//1539 
f 1933//1512 1932//1511 1961//1540 
f 1934//1513 1933//1512 1962//1541 
f 1935//1514 1934//1513 1963//1542 
f 1936//1515 1935//1514 1964//1543 
f 1937//1516 1936//1515 1965//1544 
f 1938//1517 1937//1516 1966//1545 
f 1939//1518 1938//1517 1967//1546 
f 1940//1519 1939//1518 1968//1547 
f 1941//1520 1940//1519 1969//1548 
f 1942//1521 1941//1520 1970//1549 
f 1943//1522 1942//1521 1971//1550 
f 1944//1523 1943//1522 1972//1551 
f 1945//1524 1944//1523 1973//1552 
f 1946//1525 1945//1524 1974//1553 
f 1947//1526 1946//1525 1975//1554 
f 1948//1527 1947//1526 1976//1555 
f 1949//1528 1948//1527 1977//1556 
f 1950//1529 1949//1528 1978//1557 
f 1951//1530 1950//1529 1979//1558 
f 1952//1531 1951//1530 1980//1559 
f 1953//1532 1952//1531 1981//1560 
f 1955//1534 1953//1532 1982//1561 
f 1983//1562 1955//1534 1984//1563 
f 1957//1536 1956//1535 1985//1564 
f 1958//1537 1957//1536 1986//1565 
f 1959//1538 1958//1537 1987//1566 
f 1960//1539 1959//1538 1988//1567 
f 1961//1540 1960//1539 1989//1568 
f 1962//1541 1961//1540 1990//1569 
f 1963//1542 1962//1541 1991//1570 
f 1964//1543 1963//1542 1992//1571 
f 1965//1544 1964//1543 1993//1572 
f 1966//1545 1965//1544 1994//1573 
f 1967//1546 1966//1545 1995//1574 
f 1968//1547 1967//1546 1996//1575 
f 1969//1548 1968//1547 1997//1576 
f 1970//1549 1969//1548 1998//1577 
f 1971//1550 1970//1549 1999//1578 
f 1972//1551 1971//1550 2000//1579 
f 1973//1552 1972//1551 2001//1580 
f 1974//1553 1973//1552 2002//1581 
f 1975//1554 1974//1553 2003//1582 
f 1976//1555 1975//1554 2004//1583 
f 1977//1556 1976//1555 2005//1584 
f 1978//1557 1977//1556 2006//1585 
f 1979//1558 1978//1557 2007//1586 
f 1980//1559 1979//1558 2008//1587 
f 1981//1560 1980//1559 2009//1588 
f 1982//1561 1981//1560 2010//1589 
f 1984//1563 1982//1561 2011//1590 
f 2012//1591 1984//1563 2013//1592 
f 1986//1565 1985//1564 2014//1593 
f 1987//1566 1986//1565 2015//1594 
f 1988//1567 1987//1566 2016//1595 
f 1989//1568 1988//1567 2017//1596 
f 1990//1569 1989//1568 2018//1597 
f 1991//1570 1990//1569 2019//1598 
f 1992//1571 1991//1570 2020//1599 
f 1993//1572 1992//1571 2021//1600 
f 1994//1573 1993//1572 2022//1601 
f 1995//1574 1994//1573 2023//1602 
f 1996//1575 1995//1574 2024//1603 
f 1997//1576 1996//1575 2025//1604 
f 1998//1577 1997//1576 2026//1605 
f 1999//1578 1998//1577 2027//1606 
f 2000//1579 1999//1578 2028//1607 
f 2001//1580 2000//1579 2029//1608 
f 2002//1581 2001//1580 2030//1609 
f 2003//1582 2002//1581 2031//1610 
f 2004//1583 2003//1582 2032//1611 
f 2005//1584 2004//1583 2033//1612 
f 2006//1585 2005//1584 2034//1613 
f 2007//1586 2006//1585 2035//1614 
f 2008//1587 2007//1586 2036//1615 
f 2009//1588 2008//1587 2037//1616 
f 2010//1589 2009//1588 2038//1617 
f 2011//1590 2010//1589 2039//1618 
f 2013//1592 2011//1590 2040//1619 
f 2041//1620 2013//1592 2042//1621 
f 2015//1594 2014//1593 2043//1622 
f 2016//1595 2015//1594 2044//1623 
f 2017//1596 2016//1595 2045//1624 
f 2018//1597 2017//1596 2046//1625 
f 2019//1598 2018//1597 2047//1626 
f 2020//1599 2019//1598 2048//1627 
f 2021//1600 2020//1599 2049//1628 
f 2022//1601 2021//1600 2050//1629 
f 2023//1602 2022//1601 2051//1630 
f 2024//1603 2023//1602 2052//1631 
f 2025//1604 2024//1603 2053//1632 
f 2026//1605 2025//1604 2054//1633 
f 2027//1606 2026//1605 2055//1634 
f 2028//1607 2027//1606 2056//1635 
f 2029//1608 2028//1607 2057//1636 
f 2030//1609 2029//1608 2058//1637 
f 2031//1610 2030//1609 2059//1638 
f 2032//1611 2031//1610 2060//1639 
f 2033//1612 2032//1611 2061//1640 
f 2034//1613 2033//1612 2062//1641 
f 2035//1614 2034//1613 2063//1642 
f 2036//1615 2035//1614 2064//1643 
f 2037//1616 2036//1615 2065//1644 
f 2038//1617 2037//1616 2066//1645 
f 2039//1618 2038//1617 2067//1646 
f 2040//1619 2039//1618 2068//1647 
f 2042//1621 2040//1619 2069//1648 
f 2070//1649 2042//1621 2071//1650 
f 2044//1623 2043//1622 2072//1651 
f 2045//1624 2044//1623 2073//1652 
f 2046//1625 2045//1624 2074//1653 
f 2047//1626 2046//1625 2075//1654 
f 2048//1627 2047//1626 2076//1655 
f 2049//1628 2048//1627 2077//1656 
f 2050//1629 2049//1628 2078//1657 
f 2051//1630 2050//1629 2079//1658 
f 2052//1631 2051//1630 2080//1659 
f 2053//1632 2052//1631 2081//1660 
f 2054//1633 2053//1632 2082//1661 
f 2055//1634 2054//1633 2083//1662 
f 2056//1635 2055//1634 2084//1663 
f 2057//1636 2056//1635 2085//1664 
f 2058//1637 2057//1636 2086//1665 
f 2059//1638 2058//1637 2087//1666 
f 2060//1639 2059//1638 2088//1667 
f 2061//1640 2060//1639 2089//1668 
f 2062//1641 2061//1640 2090//1669 
f 2063//1642 2062//1641 2091//1670 
f 2064//1643 2063//1642 2092//1671 
f 2065//1644 2064//1643 2093//1672 
f 2066//1645 2065//1644 2094//1673 
f 2067//1646 2066//1645 2095//1674 
f 2068//1647 2067//1646 2096//1675 
f 2069//1648 2068//1647 2097//1676 
f 2071//1650 2069//1648 2098//1677 
f 2099//1678 2071//1650 2100//1679 
f 2073//1652 2072//1651 2101//1680 
f 2074//1653 2073//1652 2102//1681 
f 2075//1654 2074//1653 2103//1682 
f 2076//1655 2075//1654 2104//1683 
f 2077//1656 2076//1655 2105//1684 
f 2078//1657 2077//1656 2106//1685 
f 2079//1658 2078//1657 2107//1686 
f 2080//1659 2079//1658 2108//1687 
f 2081//1660 2080//1659 2109//1688 
f 2082//1661 2081//1660 2110//1689 
f 2083//1662 2082//1661 2111//1690 
f 2084//1663 2083//1662 2112//1691 
f 2085//1664 2084//1663 2113//1692 
f 2086//1665 2085//1664 2114//1693 
f 2087//1666 2086//1665 2115//1694 
f 2088//1667 2087//1666 2116//1695 
f 2089//1668 2088//1667 2117//1696 
f 2090//1669 2089//1668 2118//1697 
f 2091//1670 2090//1669 2119//1698 
f 2092//1671 2091//1670 2120//1699 
f 2093//1672 2092//1671 2121//1700 
f 2094//1673 2093//1672 2122//1701 
f 2095//1674 2094//1673 2123//1702 
f 2096//1675 2095//1674 2124//1703 
f 2097//1676 2096//1675 2125//1704 
f 2098//1677 2097//1676 2126//1705 
f 2100//1679 2098//1677 2127//1706 
f 2128//1707 2100//1679 2129//1708 
f 2102//1681 2101//1680 2130//1709 
f 2103//1682 2102//1681 2131//1710 
f 2104//1683 2103//1682 2132//1711 
f 2105//1684 2104//1683 2133//1712 
f 2106//1685 2105//1684 2134//1713 
f 2107//1686 2106//1685 2135//1714 
f 2108//1687 2107//1686 2136//1715 
f 2109//1688 2108//1687 2137//1716 
f 2110//1689 2109//1688 2138//1717 
f 2111//1690 2110//1689 2139//1718 
f 2112//1691 2111//1690 2140//1719 
f 2113//1692 2112//1691 2141//1720 
f 2114//1693 2113//1692 2142//1721 
f 2115//1694 2114//1693 2143//1722 
f 2116//1695 2115//1694 2144//1723 
f 2117//1696 2116//1695 2145//1724 
f 2118//1697 2117//1696 2146//1725 
f 2119//1698 2118//1697 2147//1726 
f 2120//1699 2119//1698 2148//1727 
f 2121//1700 2120//1699 2149//1728 
f 2122//1701 2121//1700 2150//1729 
f 2123//1702 2122//1701 2151//1730 
f 2124//1703 2123//1702 2152//1731 
f 2125//1704 2124//1703 2153//1732 
f 2126//1705 2125//1704 2154//1733 
f 2127//1706 2126//1705 2155//1734 
f 2129//1708 2127//1706 2156//1735 
f 2157//1736 2129//1708 2158//1737 
f 2131//1710 2130//1709 297//1738 
f 2131//1710 299//1739 301//1740 
f 2133//1712 2132//1711 301//1740 
f 2134//1713 2133//1712 268//1741 
f 2135//1714 2134//1713 267//1742 
f 2136//1715 2135//1714 270//1743 
f 2136//1715 273//1744 272//1745 
f 2138//1717 2137//1716 272//1745 
f 2138//1717 275//1746 277//1747 
f 2140//1719 2139//1718 277//1747 
f 2141//1720 2140//1719 279//1748 
f 2142//1721 2141//1720 281//1749 
f 2143//1722 2142//1721 283//1750 
f 2144//1723 2143//1722 285//1751 
f 2145//1724 2144//1723 287//1752 
f 2146//1725 2145//1724 289//1753 
f 2146//1725 291//1754 293//1755 
f 2148//1727 2147//1726 293//1755 
f 2148//1727 258//1756 257//1757 
f 2150//1729 2149//1728 257//1757 
f 2151//1730 2150//1729 251//1758 
f 2152//1731 2151//1730 250//1759 
f 2153//1732 2152//1731 253//1760 
f 2154//1733 2153//1732 255//1761 
f 2155//1734 2154//1733 261//1762 
f 2155//1734 263//1763 265//1764 
f 2158//1737 2156//1735 265//1764 
f 2159//1765 2158//1737 296//1766 
f 305//1767 308//1768 352//1769 
f 352//1769 2159//1765 305//1767 
f 2159//1765 353//1770 354//1771 
f 354//1771 2157//1736 2159//1765 
f 2128//1707 2157//1736 355//1772 
f 2157//1736 356//1773 355//1772 
f 2099//1678 2128//1707 357//1774 
f 2128//1707 358//1775 357//1774 
f 357//1774 359//1776 2099//1678 
f 2099//1678 360//1777 361//1778 
f 361//1778 2070//1649 2099//1678 
f 2070//1649 362//1779 363//1780 
f 363//1780 2041//1620 2070//1649 
f 2012//1591 2041//1620 364//1781 
f 2041//1620 365//1782 364//1781 
f 364//1781 366//1783 2012//1591 
f 2012//1591 367//1784 368//1785 
f 368//1785 1983//1562 2012//1591 
f 1983//1562 369//1786 370//1787 
f 370//1787 1954//1533 1983//1562 
f 1925//1504 1954//1533 371//1788 
f 1954//1533 372//1789 371//1788 
f 1896//1475 1925//1504 373//1790 
f 1925//1504 374//1791 373//1790 
f 373//1790 375//1792 1896//1475 
f 1896//1475 376//1793 377//1794 
f 377//1794 1867//1446 1896//1475 
f 1811//1390 378//1795 379//1796 
f 1867//1446 380//1797 378//1795 
f 378//1795 1811//1390 1867//1446 
f 1810//1389 381//1798 382//1799 
f 2160//1800 383//1801 381//1798 
f 381//1798 1810//1389 2160//1800 
f 1779//1358 1810//1389 384//1802 
f 1810//1389 385//1803 384//1802 
f 1779//1358 386//1804 387//1805 
f 1779//1358 388//1806 386//1804 
f 387//1805 1748//1327 1779//1358 
f 1748//1327 389//1807 390//1808 
f 390//1808 1717//1296 1748//1327 
f 1686//1265 1717//1296 391//1809 
f 1717//1296 392//1810 391//1809 
f 1686//1265 393//1811 394//1812 
f 1686//1265 395//1813 393//1811 
f 394//1812 1655//1234 1686//1265 
f 1655//1234 396//1814 397//1815 
f 397//1815 1624//1203 1655//1234 
f 1593//1172 1624//1203 398//1816 
f 1624//1203 399//1817 398//1816 
f 1533//1112 1593//1172 400//1818 
f 1593//1172 401//1819 400//1818 
f 1593//1172 402//1820 401//1819 
f 2161//1821 400//1818 403//1822 
f 2161//1821 404//1823 405//1824 
f 405//1824 1532//1111 2161//1821 
f 1532//1111 406//1825 407//1826 
f 407//1826 1499//1078 1532//1111 
f 1466//1045 1499//1078 408//1827 
f 1499//1078 409//1828 408//1827 
f 408//1827 410//1829 1466//1045 
f 1466//1045 411//1830 412//1831 
f 412//1831 1433//1012 1466//1045 
f 1433//1012 413//1832 414//1833 
f 414//1833 1400//979 1433//1012 
f 1367//946 1400//979 415//1834 
f 1400//979 416//1835 415//1834 
f 1303//882 1367//946 417//1836 
f 1367//946 418//1837 417//1836 
f 1367//946 419//1838 418//1837 
f 2162//1839 417//1836 420//1840 
f 1302//881 2162//1839 421//1841 
f 2162//1839 422//1842 421//1841 
f 421//1841 423//1843 1302//881 
f 1302//881 424//1844 425//1845 
f 425//1845 1267//846 1302//881 
f 1267//846 426//1846 427//1847 
f 427//1847 1232//811 1267//846 
f 1197//776 1232//811 428//1848 
f 1232//811 429//1849 428//1848 
f 428//1848 430//1850 1197//776 
f 1197//776 431//1851 432//1852 
f 432//1852 1162//741 1197//776 
f 1094//673 1162//741 433//1853 
f 1162//741 434//1854 433//1853 
f 1162//741 435//1855 434//1854 
f 1093//672 2163//1856 436//1857 
f 2163//1856 437//1858 436//1857 
f 436//1857 438//1859 1093//672 
f 1093//672 439//1860 440//1861 
f 440//1861 1056//635 1093//672 
f 1019//598 1056//635 441//1862 
f 1056//635 442//1863 441//1862 
f 982//561 1019//598 443//1864 
f 1019//598 444//1865 443//1864 
f 443//1864 445//1866 982//561 
f 910//489 446//1867 447//1868 
f 982//561 448//1869 446//1867 
f 446//1867 910//489 982//561 
f 2164//1870 449//1871 450//1872 
f 450//1872 909//488 2164//1870 
f 870//449 909//488 451//1873 
f 909//488 452//1874 451//1873 
f 451//1873 453//1875 870//449 
f 870//449 454//1876 455//1877 
f 455//1877 831//410 870//449 
f 831//410 456//1878 457//1879 
f 457//1879 792//371 831//410 
f 716//295 792//371 458//1880 
f 458//1880 459//1881 716//295 
f 792//371 460//1882 458//1880 
f 2165//1883 459//1881 461//1884 
f 2165//1883 462//1885 463//1886 
f 463//1886 715//294 2165//1883 
f 715//294 464//1887 465//1888 
f 465//1888 674//253 715//294 
f 633//212 674//253 466//1889 
f 674//253 467//1890 466//1889 
f 466//1889 468//1891 633//212 
f 633//212 469//1892 470//1893 
f 470//1893 553//131 633//212 
f 554//133 513//91 10//1894 
f 513//91 5//90 10//1894 
f 554//133 234//1895 229//1896 
f 229//1896 594//173 554//133 
f 554//133 225//1897 234//1895 
f 635//214 594//173 245//1898 
f 594//173 226//1899 245//1898 
f 676//255 635//214 239//1900 
f 635//214 246//1901 239//1900 
f 676//255 238//1902 242//1903 
f 677//256 241//1904 233//1905 
f 677//256 676//255 241//1904 
f 233//1905 717//296 677//256 
f 755//334 717//296 224//1906 
f 717//296 230//1907 224//1906 
f 794//373 755//334 216//1908 
f 755//334 222//1909 216//1908 
f 794//373 219//1910 213//1911 
f 213//1911 833//412 794//373 
f 794//373 215//1912 219//1910 
f 872//451 833//412 203//1913 
f 833//412 211//1914 203//1913 
f 911//490 873//452 207//1915 
f 873//452 872//451 199//1916 
f 199//1916 207//1915 873//452 
f 911//490 208//1917 197//1918 
f 197//1918 947//526 911//490 
f 911//490 204//1919 208//1917 
f 947//526 194//1920 193//1921 
f 193//1921 984//563 947//526 
f 1021//600 984//563 189//1922 
f 984//563 190//1923 189//1922 
f 1021//600 185//1924 184//1925 
f 184//1925 1058//637 1021//600 
f 1021//600 186//1926 185//1924 
f 1059//638 1058//637 182//1927 
f 182//1927 1095//674 1059//638 
f 182//1927 180//1928 1095//674 
f 1129//708 1095//674 172//1929 
f 1095//674 177//1930 172//1929 
f 1129//708 173//1931 167//1932 
f 167//1932 1164//743 1129//708 
f 1129//708 169//1933 173//1931 
f 1199//778 1164//743 160//1934 
f 1164//743 165//1935 160//1934 
f 1234//813 1199//778 146//1936 
f 1199//778 158//1937 146//1936 
f 1234//813 152//1938 128//1939 
f 128//1939 1269//848 1234//813 
f 1234//813 145//1940 152//1938 
f 1269//848 120//1941 127//1942 
f 1270//849 1269//848 130//1943 
f 130//1943 1304//883 1270//849 
f 130//1943 136//1944 1304//883 
f 1304//883 137//1945 154//1946 
f 154//1946 1336//915 1304//883 
f 1369//948 1336//915 157//1947 
f 1336//915 161//1948 157//1947 
f 1402//981 1369//948 142//1949 
f 1369//948 155//1950 142//1949 
f 1402//981 149//1951 134//1952 
f 134//1952 1435//1014 1402//981 
f 1402//981 141//1953 149//1951 
f 1468//1047 1435//1014 126//1954 
f 1435//1014 131//1955 126//1954 
f 1501//1080 1468//1047 119//1956 
f 1468//1047 123//1957 119//1956 
f 1501//1080 117//1958 115//1959 
f 1502//1081 1501//1080 113//1960 
f 113//1960 1534//1113 1502//1081 
f 113//1960 110//1961 1534//1113 
f 1534//1113 111//1962 107//1963 
f 107//1963 1564//1143 1534//1113 
f 1595//1174 1564//1143 103//1964 
f 1564//1143 104//1965 103//1964 
f 1626//1205 1595//1174 99//1966 
f 99//1966 98//1967 1626//1205 
f 1595//1174 100//1968 99//1966 
f 1626//1205 94//1969 93//1970 
f 93//1970 1657//1236 1626//1205 
f 1688//1267 1657//1236 89//1971 
f 1657//1236 90//1972 89//1971 
f 1719//1298 1688//1267 82//1973 
f 82//1973 81//1974 1719//1298 
f 1688//1267 87//1975 82//1973 
f 1719//1298 73//1976 60//1977 
f 60//1977 1750//1329 1719//1298 
f 1781//1360 1750//1329 68//1978 
f 1750//1329 57//1979 69//1980 
f 69//1980 68//1978 1750//1329 
f 1812//1391 1782//1361 61//1981 
f 1782//1361 1781//1360 52//1982 
f 52//1982 61//1981 1782//1361 
f 1840//1419 1812//1391 78//1983 
f 1812//1391 83//1984 78//1983 
f 1840//1419 79//1985 65//1986 
f 65//1986 1869//1448 1840//1419 
f 1840//1419 75//1987 79//1985 
f 1869//1448 62//1988 56//1989 
f 56//1989 1898//1477 1869//1448 
f 1927//1506 1898//1477 49//1990 
f 1898//1477 53//1991 49//1990 
f 1956//1535 1927//1506 42//1992 
f 1927//1506 47//1993 42//1992 
f 1956//1535 45//1994 39//1995 
f 39//1995 1985//1564 1956//1535 
f 1956//1535 41//1996 45//1994 
f 2014//1593 1985//1564 35//1997 
f 1985//1564 36//1998 35//1997 
f 2043//1622 2014//1593 30//1999 
f 2014//1593 32//2000 30//1999 
f 2043//1622 31//2001 25//2002 
f 25//2002 2072//1651 2043//1622 
f 2043//1622 27//2003 31//2001 
f 2072//1651 22//2004 18//2005 
f 18//2005 2101//1680 2072//1651 
f 2130//1709 2101//1680 14//2006 
f 2101//1680 15//2007 14//2006 
f 297//1738 2130//1709 21//2008 
f 2130//1709 11//2009 21//2008 
f 21//2008 20//2010 297//1738 
f 14//2006 11//2009 2130//1709 
f 18//2005 15//2007 2101//1680 
f 25//2002 22//2004 2072//1651 
f 30//1999 27//2003 2043//1622 
f 35//1997 32//2000 2014//1593 
f 39//1995 36//1998 1985//1564 
f 42//1992 41//1996 1956//1535 
f 49//1990 47//1993 1927//1506 
f 56//1989 53//1991 1898//1477 
f 65//1986 62//1988 1869//1448 
f 78//1983 75//1987 1840//1419 
f 61//1981 83//1984 1812//1391 
f 52//1982 1781//1360 70//2011 
f 68//1978 70//2011 1781//1360 
f 60//1977 57//1979 1750//1329 
f 81//1974 73//1976 1719//1298 
f 89//1971 87//1975 1688//1267 
f 93//1970 90//1972 1657//1236 
f 98//1967 94//1969 1626//1205 
f 103//1964 100//1968 1595//1174 
f 107//1963 104//1965 1564//1143 
f 110//1961 111//1962 1534//1113 
f 115//1959 113//1960 1501//1080 
f 119//1956 117//1958 1501//1080 
f 126//1954 123//1957 1468//1047 
f 134//1952 131//1955 1435//1014 
f 142//1949 141//1953 1402//981 
f 157//1947 155//1950 1369//948 
f 154//1946 161//1948 1336//915 
f 136//1944 137//1945 1304//883 
f 127//1942 130//1943 1269//848 
f 128//1939 120//1941 1269//848 
f 146//1936 145//1940 1234//813 
f 160//1934 158//1937 1199//778 
f 167//1932 165//1935 1164//743 
f 172//1929 169//1933 1129//708 
f 180//1928 177//1930 1095//674 
f 182//1927 1058//637 174//2012 
f 184//1925 174//2012 1058//637 
f 189//1922 186//1926 1021//600 
f 193//1921 190//1923 984//563 
f 197//1918 194//1920 947//526 
f 207//1915 204//1919 911//490 
f 199//1916 872//451 200//2013 
f 203//1913 200//2013 872//451 
f 213//1911 211//1914 833//412 
f 216//1908 215//1912 794//373 
f 224//1906 222//1909 755//334 
f 233//1905 230//1907 717//296 
f 242//1903 241//1904 676//255 
f 239//1900 238//1902 676//255 
f 245//1898 246//1901 635//214 
f 229//1896 226//1899 594//173 
f 10//1894 225//1897 554//133 
f 470//1893 351//132 553//131 
f 468//1891 469//1892 633//212 
f 465//1888 467//1890 674//253 
f 463//1886 464//1887 715//294 
f 461//1884 462//1885 2165//1883 
f 459//1881 2165//1883 716//295 
f 457//1879 460//1882 792//371 
f 455//1877 456//1878 831//410 
f 453//1875 454//1876 870//449 
f 450//1872 452//1874 909//488 
f 449//1871 2164//1870 447//1868 
f 447//1868 2164//1870 910//489 
f 445//1866 448//1869 982//561 
f 441//1862 444//1865 1019//598 
f 440//1861 442//1863 1056//635 
f 438//1859 439//1860 1093//672 
f 437//1858 2163//1856 433//1853 
f 433//1853 2163//1856 1094//673 
f 432//1852 435//1855 1162//741 
f 430//1850 431//1851 1197//776 
f 427//1847 429//1849 1232//811 
f 425//1845 426//1846 1267//846 
f 423//1843 424//1844 1302//881 
f 420//1840 422//1842 2162//1839 
f 417//1836 2162//1839 1303//882 
f 415//1834 419//1838 1367//946 
f 414//1833 416//1835 1400//979 
f 412//1831 413//1832 1433//1012 
f 410//1829 411//1830 1466//1045 
f 407//1826 409//1828 1499//1078 
f 405//1824 406//1825 1532//1111 
f 403//1822 404//1823 2161//1821 
f 400//1818 2161//1821 1533//1112 
f 398//1816 402//1820 1593//1172 
f 397//1815 399//1817 1624//1203 
f 394//1812 396//1814 1655//1234 
f 391//1809 395//1813 1686//1265 
f 390//1808 392//1810 1717//1296 
f 387//1805 389//1807 1748//1327 
f 384//1802 388//1806 1779//1358 
f 382//1799 385//1803 1810//1389 
f 383//1801 2160//1800 379//1796 
f 379//1796 2160//1800 1811//1390 
f 377//1794 380//1797 1867//1446 
f 375//1792 376//1793 1896//1475 
f 371//1788 374//1791 1925//1504 
f 370//1787 372//1789 1954//1533 
f 368//1785 369//1786 1983//1562 
f 366//1783 367//1784 2012//1591 
f 363//1780 365//1782 2041//1620 
f 361//1778 362//1779 2070//1649 
f 359//1776 360//1777 2099//1678 
f 355//1772 358//1775 2128//1707 
f 354//1771 356//1773 2157//1736 
f 352//1769 353//1770 2159//1765 
f 296//1766 305//1767 2159//1765 
f 265//1764 296//1766 2158//1737 
f 265//1764 2156//1735 2155//1734 
f 261//1762 263//1763 2155//1734 
f 255//1761 261//1762 2154//1733 
f 253//1760 255//1761 2153//1732 
f 250//1759 253//1760 2152//1731 
f 251//1758 250//1759 2151//1730 
f 257//1757 251//1758 2150//1729 
f 257//1757 2149//1728 2148//1727 
f 293//1755 258//1756 2148//1727 
f 293//1755 2147//1726 2146//1725 
f 289//1753 291//1754 2146//1725 
f 287//1752 289//1753 2145//1724 
f 285//1751 287//1752 2144//1723 
f 283//1750 285//1751 2143//1722 
f 281//1749 283//1750 2142//1721 
f 279//1748 281//1749 2141//1720 
f 277//1747 279//1748 2140//1719 
f 277//1747 2139//1718 2138//1717 
f 272//1745 275//1746 2138//1717 
f 272//1745 2137//1716 2136//1715 
f 270//1743 273//1744 2136//1715 
f 267//1742 270//1743 2135//1714 
f 268//1741 267//1742 2134//1713 
f 301//1740 268//1741 2133//1712 
f 301//1740 2132//1711 2131//1710 
f 297//1738 299//1739 2131//1710 
f 2158//1737 2159//1765 2157//1736 
f 2156//1735 2158//1737 2129//1708 
f 2155//1734 2156//1735 2127//1706 
f 2154//1733 2155//1734 2126//1705 
f 2153//1732 2154//1733 2125//1704 
f 2152//1731 2153//1732 2124//1703 
f 2151//1730 2152//1731 2123//1702 
f 2150//1729 2151//1730 2122//1701 
f 2149//1728 2150//1729 2121//1700 
f 2148//1727 2149//1728 2120//1699 
f 2147//1726 2148//1727 2119//1698 
f 2146//1725 2147//1726 2118//1697 
f 2145//1724 2146//1725 2117//1696 
f 2144//1723 2145//1724 2116//1695 
f 2143//1722 2144//1723 2115//1694 
f 2142//1721 2143//1722 2114//1693 
f 2141//1720 2142//1721 2113//1692 
f 2140//1719 2141//1720 2112//1691 
f 2139//1718 2140//1719 2111//1690 
f 2138//1717 2139//1718 2110//1689 
f 2137//1716 2138//1717 2109//1688 
f 2136//1715 2137//1716 2108//1687 
f 2135//1714 2136//1715 2107//1686 
f 2134//1713 2135//1714 2106//1685 
f 2133//1712 2134//1713 2105//1684 
f 2132//1711 2133//1712 2104//1683 
f 2131//1710 2132//1711 2103//1682 
f 2130//1709 2131//1710 2102//1681 
f 2129//1708 2157//1736 2128//1707 
f 2127//1706 2129//1708 2100//1679 
f 2126//1705 2127//1706 2098//1677 
f 2125//1704 2126//1705 2097//1676 
f 2124//1703 2125//1704 2096//1675 
f 2123//1702 2124//1703 2095//1674 
f 2122//1701 2123//1702 2094//1673 
f 2121//1700 2122//1701 2093//1672 
f 2120//1699 2121//1700 2092//1671 
f 2119//1698 2120//1699 2091//1670 
f 2118//1697 2119//1698 2090//1669 
f 2117//1696 2118//1697 2089//1668 
f 2116//1695 2117//1696 2088//1667 
f 2115//1694 2116//1695 2087//1666 
f 2114//1693 2115//1694 2086//1665 
f 2113//1692 2114//1693 2085//1664 
f 2112//1691 2113//1692 2084//1663 
f 2111//1690 2112//1691 2083//1662 
f 2110//1689 2111//1690 2082//1661 
f 2109//1688 2110//1689 2081//1660 
f 2108//1687 2109//1688 2080//1659 
f 2107//1686 2108//1687 2079//1658 
f 2106//1685 2107//1686 2078//1657 
f 2105//1684 2106//1685 2077//1656 
f 2104//1683 2105//1684 2076//1655 
f 2103//1682 2104//1683 2075//1654 
f 2102//1681 2103//1682 2074//1653 
f 2101//1680 2102//1681 2073//1652 
f 2100//1679 2128//1707 2099//1678 
f 2098//1677 2100//1679 2071//1650 
f 2097//1676 2098//1677 2069//1648 
f 2096//1675 2097//1676 2068//1647 
f 2095//1674 2096//1675 2067//1646 
f 2094//1673 2095//1674 2066//1645 
f 2093//1672 2094//1673 2065//1644 
f 2092//1671 2093//1672 2064//1643 
f 2091//1670 2092//1671 2063//1642 
f 2090//1669 2091//1670 2062//1641 
f 2089//1668 2090//1669 2061//1640 
f 2088//1667 2089//1668 2060//1639 
f 2087//1666 2088//1667 2059//1638 
f 2086//1665 2087//1666 2058//1637 
f 2085//1664 2086//1665 2057//1636 
f 2084//1663 2085//1664 2056//1635 
f 2083//1662 2084//1663 2055//1634 
f 2082//1661 2083//1662 2054//1633 
f 2081//1660 2082//1661 2053//1632 
f 2080//1659 2081//1660 2052//1631 
f 2079//1658 2080//1659 2051//1630 
f 2078//1657 2079//1658 2050//1629 
f 2077//1656 2078//1657 2049//1628 
f 2076//1655 2077//1656 2048//1627 
f 2075//1654 2076//1655 2047//1626 
f 2074//1653 2075//1654 2046//1625 
f 2073//1652 2074//1653 2045//1624 
f 2072//1651 2073//1652 2044//1623 
f 2071//1650 2099//1678 2070//1649 
f 2069//1648 2071//1650 2042//1621 
f 2068//1647 2069//1648 2040//1619 
f 2067//1646 2068//1647 2039//1618 
f 2066//1645 2067//1646 2038//1617 
f 2065//1644 2066//1645 2037//1616 
f 2064//1643 2065//1644 2036//1615 
f 2063//1642 2064//1643 2035//1614 
f 2062//1641 2063//1642 2034//1613 
f 2061//1640 2062//1641 2033//1612 
f 2060//1639 2061//1640 2032//1611 
f 2059//1638 2060//1639 2031//1610 
f 2058//1637 2059//1638 2030//1609 
f 2057//1636 2058//1637 2029//1608 
f 2056//1635 2057//1636 2028//1607 
f 2055//1634 2056//1635 2027//1606 
f 2054//1633 2055//1634 2026//1605 
f 2053//1632 2054//1633 2025//1604 
f 2052//1631 2053//1632 2024//1603 
f 2051//1630 2052//1631 2023//1602 
f 2050//1629 2051//1630 2022//1601 
f 2049//1628 2050//1629 2021//1600 
f 2048//1627 2049//1628 2020//1599 
f 2047//1626 2048//1627 2019//1598 
f 2046//1625 2047//1626 2018//1597 
f 2045//1624 2046//1625 2017//1596 
f 2044//1623 2045//1624 2016//1595 
f 2043//1622 2044//1623 2015//1594 
f 2042//1621 2070//1649 2041//1620 
f 2040//1619 2042//1621 2013//1592 
f 2039//1618 2040//1619 2011//1590 
f 2038//1617 2039//1618 2010//1589 
f 2037//1616 2038//1617 2009//1588 
f 2036//1615 2037//1616 2008//1587 
f 2035//1614 2036//1615 2007//1586 
f 2034//1613 2035//1614 2006//1585 
f 2033//1612 2034//1613 2005//1584 
f 2032//1611 2033//1612 2004//1583 
f 2031//1610 2032//1611 2003//1582 
f 2030//1609 2031//1610 2002//1581 
f 2029//1608 2030//1609 2001//1580 
f 2028//1607 2029//1608 2000//1579 
f 2027//1606 2028//1607 1999//1578 
f 2026//1605 2027//1606 1998//1577 
f 2025//1604 2026//1605 1997//1576 
f 2024//1603 2025//1604 1996//1575 
f 2023//1602 2024//1603 1995//1574 
f 2022//1601 2023//1602 1994//1573 
f 2021//1600 2022//1601 1993//1572 
f 2020//1599 2021//1600 1992//1571 
f 2019//1598 2020//1599 1991//1570 
f 2018//1597 2019//1598 1990//1569 
f 2017//1596 2018//1597 1989//1568 
f 2016//1595 2017//1596 1988//1567 
f 2015//1594 2016//1595 1987//1566 
f 2014//1593 2015//1594 1986//1565 
f 2013//1592 2041//1620 2012//1591 
f 2011//1590 2013//1592 1984//1563 
f 2010//1589 2011//1590 1982//1561 
f 2009//1588 2010//1589 1981//1560 
f 2008//1587 2009//1588 1980//1559 
f 2007//1586 2008//1587 1979//1558 
f 2006//1585 2007//1586 1978//1557 
f 2005//1584 2006//1585 1977//1556 
f 2004//1583 2005//1584 1976//1555 
f 2003//1582 2004//1583 1975//1554 
f 2002//1581 2003//1582 1974//1553 
f 2001//1580 2002//1581 1973//1552 
f 2000//1579 2001//1580 1972//1551 
f 1999//1578 2000//1579 1971//1550 
f 1998//1577 1999//1578 1970//1549 
f 1997//1576 1998//1577 1969//1548 
f 1996//1575 1997//1576 1968//1547 
f 1995//1574 1996//1575 1967//1546 
f 1994//1573 1995//1574 1966//1545 
f 1993//1572 1994//1573 1965//1544 
f 1992//1571 1993//1572 1964//1543 
f 1991//1570 1992//1571 1963//1542 
f 1990//1569 1991//1570 1962//1541 
f 1989//1568 1990//1569 1961//1540 
f 1988//1567 1989//1568 1960//1539 
f 1987//1566 1988//1567 1959//1538 
f 1986//1565 1987//1566 1958//1537 
f 1985//1564 1986//1565 1957//1536 
f 1984//1563 2012//1591 1983//1562 
f 1982//1561 1984//1563 1955//1534 
f 1981//1560 1982//1561 1953//1532 
f 1980//1559 1981//1560 1952//1531 
f 1979//1558 1980//1559 1951//1530 
f 1978//1557 1979//1558 1950//1529 
f 1977//1556 1978//1557 1949//1528 
f 1976//1555 1977//1556 1948//1527 
f 1975//1554 1976//1555 1947//1526 
f 1974//1553 1975//1554 1946//1525 
f 1973//1552 1974//1553 1945//1524 
f 1972//1551 1973//1552 1944//1523 
f 1971//1550 1972//1551 1943//1522 
f 1970//1549 1971//1550 1942//1521 
f 1969//1548 1970//1549 1941//1520 
f 1968//1547 1969//1548 1940//1519 
f 1967//1546 1968//1547 1939//1518 
f 1966//1545 1967//1546 1938//1517 
f 1965//1544 1966//1545 1937//1516 
f 1964//1543 1965//1544 1936//1515 
f 1963//1542 1964//1543 1935//1514 
f 1962//1541 1963//1542 1934//1513 
f 1961//1540 1962//1541 1933//1512 
f 1960//1539 1961//1540 1932//1511 
f 1959//1538 1960//1539 1931//1510 
f 1958//1537 1959//1538 1930//1509 
f 1957//1536 1958//1537 1929//1508 
f 1956//1535 1957//1536 1928//1507 
f 1955//1534 1983//1562 1954//1533 
f 1953//1532 1955//1534 1926//1505 
f 1952//1531 1953//1532 1924//1503 
f 1951//1530 1952//1531 1923//1502 
f 1950//1529 1951//1530 1922//1501 
f 1949//1528 1950//1529 1921//1500 
f 1948//1527 1949//1528 1920//1499 
f 1947//1526 1948//1527 1919//1498 
f 1946//1525 1947//1526 1918//1497 
f 1945//1524 1946//1525 1917//1496 
f 1944//1523 1945//1524 1916//1495 
f 1943//1522 1944//1523 1915//1494 
f 1942//1521 1943//1522 1914//1493 
f 1941//1520 1942//1521 1913//1492 
f 1940//1519 1941//1520 1912//1491 
f 1939//1518 1940//1519 1911//1490 
f 1938//1517 1939//1518 1910//1489 
f 1937//1516 1938//1517 1909//1488 
f 1936//1515 1937//1516 1908//1487 
f 1935//1514 1936//1515 1907//1486 
f 1934//1513 1935//1514 1906//1485 
f 1933//1512 1934//1513 1905//1484 
f 1932//1511 1933//1512 1904//1483 
f 1931//1510 1932//1511 1903//1482 
f 1930//1509 1931//1510 1902//1481 
f 1929//1508 1930//1509 1901//1480 
f 1928//1507 1929//1508 1900//1479 
f 1927//1506 1928//1507 1899//1478 
f 1926//1505 1954//1533 1925//1504 
f 1924//1503 1926//1505 1897//1476 
f 1923//1502 1924//1503 1895//1474 
f 1922//1501 1923//1502 1894//1473 
f 1921//1500 1922//1501 1893//1472 
f 1920//1499 1921//1500 1892//1471 
f 1919//1498 1920//1499 1891//1470 
f 1918//1497 1919//1498 1890//1469 
f 1917//1496 1918//1497 1889//1468 
f 1916//1495 1917//1496 1888//1467 
f 1915//1494 1916//1495 1887//1466 
f 1914//1493 1915//1494 1886//1465 
f 1913//1492 1914//1493 1885//1464 
f 1912//1491 1913//1492 1884//1463 
f 1911//1490 1912//1491 1883//1462 
f 1910//1489 1911//1490 1882//1461 
f 1909//1488 1910//1489 1881//1460 
f 1908//1487 1909//1488 1880//1459 
f 1907//1486 1908//1487 1879//1458 
f 1906//1485 1907//1486 1878//1457 
f 1905//1484 1906//1485 1877//1456 
f 1904//1483 1905//1484 1876//1455 
f 1903//1482 1904//1483 1875//1454 
f 1902//1481 1903//1482 1874//1453 
f 1901//1480 1902//1481 1873//1452 
f 1900//1479 1901//1480 1872//1451 
f 1899//1478 1900//1479 1871//1450 
f 1898//1477 1899//1478 1870//1449 
f 1897//1476 1925//1504 1896//1475 
f 1895//1474 1897//1476 1868//1447 
f 1894//1473 1895//1474 1866//1445 
f 1893//1472 1894//1473 1865//1444 
f 1892//1471 1893//1472 1864//1443 
f 1891//1470 1892//1471 1863//1442 
f 1890//1469 1891//1470 1862//1441 
f 1889//1468 1890//1469 1861//1440 
f 1888//1467 1889//1468 1860//1439 
f 1887//1466 1888//1467 1859//1438 
f 1886//1465 1887//1466 1858//1437 
f 1885//1464 1886//1465 1857//1436 
f 1884//1463 1885//1464 1856//1435 
f 1883//1462 1884//1463 1855//1434 
f 1882//1461 1883//1462 1854//1433 
f 1881//1460 1882//1461 1853//1432 
f 1880//1459 1881//1460 1852//1431 
f 1879//1458 1880//1459 1851//1430 
f 1878//1457 1879//1458 1850//1429 
f 1877//1456 1878//1457 1849//1428 
f 1876//1455 1877//1456 1848//1427 
f 1875//1454 1876//1455 1847//1426 
f 1874//1453 1875//1454 1846//1425 
f 1873//1452 1874//1453 1845//1424 
f 1872//1451 1873//1452 1844//1423 
f 1871//1450 1872//1451 1843//1422 
f 1870//1449 1871//1450 1842//1421 
f 1869//1448 1870//1449 1841//1420 
f 1868//1447 1896//1475 1867//1446 
f 1866//1445 1868//1447 1839//1418 
f 1865//1444 1866//1445 1838//1417 
f 1864//1443 1865//1444 1837//1416 
f 1863//1442 1864//1443 1836//1415 
f 1862//1441 1863//1442 1835//1414 
f 1861//1440 1862//1441 1834//1413 
f 1860//1439 1861//1440 1833//1412 
f 1859//1438 1860//1439 1832//1411 
f 1858//1437 1859//1438 1831//1410 
f 1857//1436 1858//1437 1830//1409 
f 1856//1435 1857//1436 1829//1408 
f 1855//1434 1856//1435 1828//1407 
f 1854//1433 1855//1434 1827//1406 
f 1853//1432 1854//1433 1826//1405 
f 1852//1431 1853//1432 1825//1404 
f 1851//1430 1852//1431 1824//1403 
f 1850//1429 1851//1430 1823//1402 
f 1849//1428 1850//1429 1822//1401 
f 1848//1427 1849//1428 1821//1400 
f 1847//1426 1848//1427 1820//1399 
f 1846//1425 1847//1426 1819//1398 
f 1845//1424 1846//1425 1818//1397 
f 1844//1423 1845//1424 1817//1396 
f 1843//1422 1844//1423 1816//1395 
f 1842//1421 1843//1422 1815//1394 
f 1841//1420 1842//1421 1814//1393 
f 1840//1419 1841//1420 1813//1392 
f 1839//1418 1867//1446 1811//1390 
f 1838//1417 1839//1418 1809//1388 
f 1837//1416 1838//1417 1808//1387 
f 1836//1415 1837//1416 1807//1386 
f 1835//1414 1836//1415 1806//1385 
f 1834//1413 1835//1414 1805//1384 
f 1833//1412 1834//1413 1804//1383 
f 1832//1411 1833//1412 1803//1382 
f 1831//1410 1832//1411 1802//1381 
f 1830//1409 1831//1410 1801//1380 
f 1829//1408 1830//1409 1800//1379 
f 1828//1407 1829//1408 1799//1378 
f 1827//1406 1828//1407 1798//1377 
f 1826//1405 1827//1406 1797//1376 
f 1825//1404 1826//1405 1796//1375 
f 1824//1403 1825//1404 1795//1374 
f 1823//1402 1824//1403 1794//1373 
f 1822//1401 1823//1402 1793//1372 
f 1821//1400 1822//1401 1792//1371 
f 1820//1399 1821//1400 1791//1370 
f 1819//1398 1820//1399 1790//1369 
f 1818//1397 1819//1398 1789//1368 
f 1817//1396 1818//1397 1788//1367 
f 1816//1395 1817//1396 1787//1366 
f 1815//1394 1816//1395 1786//1365 
f 1814//1393 1815//1394 1785//1364 
f 1813//1392 1814//1393 1784//1363 
f 1812//1391 1813//1392 1783//1362 
f 1811//1390 2160//1800 1810//1389 
f 1809//1388 1811//1390 1780//1359 
f 1808//1387 1809//1388 1778//1357 
f 1807//1386 1808//1387 1777//1356 
f 1806//1385 1807//1386 1776//1355 
f 1805//1384 1806//1385 1775//1354 
f 1804//1383 1805//1384 1774//1353 
f 1803//1382 1804//1383 1773//1352 
f 1802//1381 1803//1382 1772//1351 
f 1801//1380 1802//1381 1771//1350 
f 1800//1379 1801//1380 1770//1349 
f 1799//1378 1800//1379 1769//1348 
f 1798//1377 1799//1378 1768//1347 
f 1797//1376 1798//1377 1767//1346 
f 1796//1375 1797//1376 1766//1345 
f 1795//1374 1796//1375 1765//1344 
f 1794//1373 1795//1374 1764//1343 
f 1793//1372 1794//1373 1763//1342 
f 1792//1371 1793//1372 1762//1341 
f 1791//1370 1792//1371 1761//1340 
f 1790//1369 1791//1370 1760//1339 
f 1789//1368 1790//1369 1759//1338 
f 1788//1367 1789//1368 1758//1337 
f 1787//1366 1788//1367 1757//1336 
f 1786//1365 1787//1366 1756//1335 
f 1785//1364 1786//1365 1755//1334 
f 1784//1363 1785//1364 1754//1333 
f 1783//1362 1784//1363 1753//1332 
f 1782//1361 1783//1362 1752//1331 
f 1781//1360 1782//1361 1751//1330 
f 1780//1359 1810//1389 1779//1358 
f 1778//1357 1780//1359 1749//1328 
f 1777//1356 1778//1357 1747//1326 
f 1776//1355 1777//1356 1746//1325 
f 1775//1354 1776//1355 1745//1324 
f 1774//1353 1775//1354 1744//1323 
f 1773//1352 1774//1353 1743//1322 
f 1772//1351 1773//1352 1742//1321 
f 1771//1350 1772//1351 1741//1320 
f 1770//1349 1771//1350 1740//1319 
f 1769//1348 1770//1349 1739//1318 
f 1768//1347 1769//1348 1738//1317 
f 1767//1346 1768//1347 1737//1316 
f 1766//1345 1767//1346 1736//1315 
f 1765//1344 1766//1345 1735//1314 
f 1764//1343 1765//1344 1734//1313 
f 1763//1342 1764//1343 1733//1312 
f 1762//1341 1763//1342 1732//1311 
f 1761//1340 1762//1341 1731//1310 
f 1760//1339 1761//1340 1730//1309 
f 1759//1338 1760//1339 1729//1308 
f 1758//1337 1759//1338 1728//1307 
f 1757//1336 1758//1337 1727//1306 
f 1756//1335 1757//1336 1726//1305 
f 1755//1334 1756//1335 1725//1304 
f 1754//1333 1755//1334 1724//1303 
f 1753//1332 1754//1333 1723//1302 
f 1752//1331 1753//1332 1722//1301 
f 1751//1330 1752//1331 1721//1300 
f 1750//1329 1751//1330 1720//1299 
f 1749//1328 1779//1358 1748//1327 
f 1747//1326 1749//1328 1718//1297 
f 1746//1325 1747//1326 1716//1295 
f 1745//1324 1746//1325 1715//1294 
f 1744//1323 1745//1324 1714//1293 
f 1743//1322 1744//1323 1713//1292 
f 1742//1321 1743//1322 1712//1291 
f 1741//1320 1742//1321 1711//1290 
f 1740//1319 1741//1320 1710//1289 
f 1739//1318 1740//1319 1709//1288 
f 1738//1317 1739//1318 1708//1287 
f 1737//1316 1738//1317 1707//1286 
f 1736//1315 1737//1316 1706//1285 
f 1735//1314 1736//1315 1705//1284 
f 1734//1313 1735//1314 1704//1283 
f 1733//1312 1734//1313 1703//1282 
f 1732//1311 1733//1312 1702//1281 
f 1731//1310 1732//1311 1701//1280 
f 1730//1309 1731//1310 1700//1279 
f 1729//1308 1730//1309 1699//1278 
f 1728//1307 1729//1308 1698//1277 
f 1727//1306 1728//1307 1697//1276 
f 1726//1305 1727//1306 1696//1275 
f 1725//1304 1726//1305 1695//1274 
f 1724//1303 1725//1304 1694//1273 
f 1723//1302 1724//1303 1693//1272 
f 1722//1301 1723//1302 1692//1271 
f 1721//1300 1722//1301 1691//1270 
f 1720//1299 1721//1300 1690//1269 
f 1719//1298 1720//1299 1689//1268 
f 1718//1297 1748//1327 1717//1296 
f 1716//1295 1718//1297 1687//1266 
f 1715//1294 1716//1295 1685//1264 
f 1714//1293 1715//1294 1684//1263 
f 1713//1292 1714//1293 1683//1262 
f 1712//1291 1713//1292 1682//1261 
f 1711//1290 1712//1291 1681//1260 
f 1710//1289 1711//1290 1680//1259 
f 1709//1288 1710//1289 1679//1258 
f 1708//1287 1709//1288 1678//1257 
f 1707//1286 1708//1287 1677//1256 
f 1706//1285 1707//1286 1676//1255 
f 1705//1284 1706//1285 1675//1254 
f 1704//1283 1705//1284 1674//1253 
f 1703//1282 1704//1283 1673//1252 
f 1702//1281 1703//1282 1672//1251 
f 1701//1280 1702//1281 1671//1250 
f 1700//1279 1701//1280 1670//1249 
f 1699//1278 1700//1279 1669//1248 
f 1698//1277 1699//1278 1668//1247 
f 1697//1276 1698//1277 1667//1246 
f 1696//1275 1697//1276 1666//1245 
f 1695//1274 1696//1275 1665//1244 
f 1694//1273 1695//1274 1664//1243 
f 1693//1272 1694//1273 1663//1242 
f 1692//1271 1693//1272 1662//1241 
f 1691//1270 1692//1271 1661//1240 
f 1690//1269 1691//1270 1660//1239 
f 1689//1268 1690//1269 1659//1238 
f 1688//1267 1689//1268 1658//1237 
f 1687//1266 1717//1296 1686//1265 
f 1685//1264 1687//1266 1656//1235 
f 1684//1263 1685//1264 1654//1233 
f 1683//1262 1684//1263 1653//1232 
f 1682//1261 1683//1262 1652//1231 
f 1681//1260 1682//1261 1651//1230 
f 1680//1259 1681//1260 1650//1229 
f 1679//1258 1680//1259 1649//1228 
f 1678//1257 1679//1258 1648//1227 
f 1677//1256 1678//1257 1647//1226 
f 1676//1255 1677//1256 1646//1225 
f 1675//1254 1676//1255 1645//1224 
f 1674//1253 1675//1254 1644//1223 
f 1673//1252 1674//1253 1643//1222 
f 1672//1251 1673//1252 1642//1221 
f 1671//1250 1672//1251 1641//1220 
f 1670//1249 1671//1250 1640//1219 
f 1669//1248 1670//1249 1639//1218 
f 1668//1247 1669//1248 1638//1217 
f 1667//1246 1668//1247 1637//1216 
f 1666//1245 1667//1246 1636//1215 
f 1665//1244 1666//1245 1635//1214 
f 1664//1243 1665//1244 1634//1213 
f 1663//1242 1664//1243 1633//1212 
f 1662//1241 1663//1242 1632//1211 
f 1661//1240 1662//1241 1631//1210 
f 1660//1239 1661//1240 1630//1209 
f 1659//1238 1660//1239 1629//1208 
f 1658//1237 1659//1238 1628//1207 
f 1657//1236 1658//1237 1627//1206 
f 1656//1235 1686//1265 1655//1234 
f 1654//1233 1656//1235 1625//1204 
f 1653//1232 1654//1233 1623//1202 
f 1652//1231 1653//1232 1622//1201 
f 1651//1230 1652//1231 1621//1200 
f 1650//1229 1651//1230 1620//1199 
f 1649//1228 1650//1229 1619//1198 
f 1648//1227 1649//1228 1618//1197 
f 1647//1226 1648//1227 1617//1196 
f 1646//1225 1647//1226 1616//1195 
f 1645//1224 1646//1225 1615//1194 
f 1644//1223 1645//1224 1614//1193 
f 1643//1222 1644//1223 1613//1192 
f 1642//1221 1643//1222 1612//1191 
f 1641//1220 1642//1221 1611//1190 
f 1640//1219 1641//1220 1610//1189 
f 1639//1218 1640//1219 1609//1188 
f 1638//1217 1639//1218 1608//1187 
f 1637//1216 1638//1217 1607//1186 
f 1636//1215 1637//1216 1606//1185 
f 1635//1214 1636//1215 1605//1184 
f 1634//1213 1635//1214 1604//1183 
f 1633//1212 1634//1213 1603//1182 
f 1632//1211 1633//1212 1602//1181 
f 1631//1210 1632//1211 1601//1180 
f 1630//1209 1631//1210 1600//1179 
f 1629//1208 1630//1209 1599//1178 
f 1628//1207 1629//1208 1598//1177 
f 1627//1206 1628//1207 1597//1176 
f 1626//1205 1627//1206 1596//1175 
f 1625//1204 1655//1234 1624//1203 
f 1623//1202 1625//1204 1594//1173 
f 1622//1201 1623//1202 1592//1171 
f 1621//1200 1622//1201 1591//1170 
f 1620//1199 1621//1200 1590//1169 
f 1619//1198 1620//1199 1589//1168 
f 1618//1197 1619//1198 1588//1167 
f 1617//1196 1618//1197 1587//1166 
f 1616//1195 1617//1196 1586//1165 
f 1615//1194 1616//1195 1585//1164 
f 1614//1193 1615//1194 1584//1163 
f 1613//1192 1614//1193 1583//1162 
f 1612//1191 1613//1192 1582//1161 
f 1611//1190 1612//1191 1581//1160 
f 1610//1189 1611//1190 1580//1159 
f 1609//1188 1610//1189 1579//1158 
f 1608//1187 1609//1188 1578//1157 
f 1607//1186 1608//1187 1577//1156 
f 1606//1185 1607//1186 1576//1155 
f 1605//1184 1606//1185 1575//1154 
f 1604//1183 1605//1184 1574//1153 
f 1603//1182 1604//1183 1573//1152 
f 1602//1181 1603//1182 1572//1151 
f 1601//1180 1602//1181 1571//1150 
f 1600//1179 1601//1180 1570//1149 
f 1599//1178 1600//1179 1569//1148 
f 1598//1177 1599//1178 1568//1147 
f 1597//1176 1598//1177 1567//1146 
f 1596//1175 1597//1176 1566//1145 
f 1595//1174 1596//1175 1565//1144 
f 1594//1173 1624//1203 1593//1172 
f 1592//1171 1594//1173 1563//1142 
f 1591//1170 1592//1171 1562//1141 
f 1590//1169 1591//1170 1561//1140 
f 1589//1168 1590//1169 1560//1139 
f 1588//1167 1589//1168 1559//1138 
f 1587//1166 1588//1167 1558//1137 
f 1586//1165 1587//1166 1557//1136 
f 1585//1164 1586//1165 1556//1135 
f 1584//1163 1585//1164 1555//1134 
f 1583//1162 1584//1163 1554//1133 
f 1582//1161 1583//1162 1553//1132 
f 1581//1160 1582//1161 1552//1131 
f 1580//1159 1581//1160 1551//1130 
f 1579//1158 1580//1159 1550//1129 
f 1578//1157 1579//1158 1549//1128 
f 1577//1156 1578//1157 1548//1127 
f 1576//1155 1577//1156 1547//1126 
f 1575//1154 1576//1155 1546//1125 
f 1574//1153 1575//1154 1545//1124 
f 1573//1152 1574//1153 1544//1123 
f 1572//1151 1573//1152 1543//1122 
f 1571//1150 1572//1151 1542//1121 
f 1570//1149 1571//1150 1541//1120 
f 1569//1148 1570//1149 1540//1119 
f 1568//1147 1569//1148 1539//1118 
f 1567//1146 1568//1147 1538//1117 
f 1566//1145 1567//1146 1537//1116 
f 1565//1144 1566//1145 1536//1115 
f 1564//1143 1565//1144 1535//1114 
f 1563//1142 1593//1172 1533//1112 
f 1562//1141 1563//1142 1531//1110 
f 1561//1140 1562//1141 1530//1109 
f 1560//1139 1561//1140 1529//1108 
f 1559//1138 1560//1139 1528//1107 
f 1558//1137 1559//1138 1527//1106 
f 1557//1136 1558//1137 1526//1105 
f 1556//1135 1557//1136 1525//1104 
f 1555//1134 1556//1135 1524//1103 
f 1554//1133 1555//1134 1523//1102 
f 1553//1132 1554//1133 1522//1101 
f 1552//1131 1553//1132 1521//1100 
f 1551//1130 1552//1131 1520//1099 
f 1550//1129 1551//1130 1519//1098 
f 1549//1128 1550//1129 1518//1097 
f 1548//1127 1549//1128 1517//1096 
f 1547//1126 1548//1127 1516//1095 
f 1546//1125 1547//1126 1515//1094 
f 1545//1124 1546//1125 1514//1093 
f 1544//1123 1545//1124 1513//1092 
f 1543//1122 1544//1123 1512//1091 
f 1542//1121 1543//1122 1511//1090 
f 1541//1120 1542//1121 1510//1089 
f 1540//1119 1541//1120 1509//1088 
f 1539//1118 1540//1119 1508//1087 
f 1538//1117 1539//1118 1507//1086 
f 1537//1116 1538//1117 1506//1085 
f 1536//1115 1537//1116 1505//1084 
f 1535//1114 1536//1115 1504//1083 
f 1534//1113 1535//1114 1503//1082 
f 1533//1112 2161//1821 1532//1111 
f 1531//1110 1533//1112 1500//1079 
f 1530//1109 1531//1110 1498//1077 
f 1529//1108 1530//1109 1497//1076 
f 1528//1107 1529//1108 1496//1075 
f 1527//1106 1528//1107 1495//1074 
f 1526//1105 1527//1106 1494//1073 
f 1525//1104 1526//1105 1493//1072 
f 1524//1103 1525//1104 1492//1071 
f 1523//1102 1524//1103 1491//1070 
f 1522//1101 1523//1102 1490//1069 
f 1521//1100 1522//1101 1489//1068 
f 1520//1099 1521//1100 1488//1067 
f 1519//1098 1520//1099 1487//1066 
f 1518//1097 1519//1098 1486//1065 
f 1517//1096 1518//1097 1485//1064 
f 1516//1095 1517//1096 1484//1063 
f 1515//1094 1516//1095 1483//1062 
f 1514//1093 1515//1094 1482//1061 
f 1513//1092 1514//1093 1481//1060 
f 1512//1091 1513//1092 1480//1059 
f 1511//1090 1512//1091 1479//1058 
f 1510//1089 1511//1090 1478//1057 
f 1509//1088 1510//1089 1477//1056 
f 1508//1087 1509//1088 1476//1055 
f 1507//1086 1508//1087 1475//1054 
f 1506//1085 1507//1086 1474//1053 
f 1505//1084 1506//1085 1473//1052 
f 1504//1083 1505//1084 1472//1051 
f 1503//1082 1504//1083 1471//1050 
f 1502//1081 1503//1082 1470//1049 
f 1501//1080 1502//1081 1469//1048 
f 1500//1079 1532//1111 1499//1078 
f 1498//1077 1500//1079 1467//1046 
f 1497//1076 1498//1077 1465//1044 
f 1496//1075 1497//1076 1464//1043 
f 1495//1074 1496//1075 1463//1042 
f 1494//1073 1495//1074 1462//1041 
f 1493//1072 1494//1073 1461//1040 
f 1492//1071 1493//1072 1460//1039 
f 1491//1070 1492//1071 1459//1038 
f 1490//1069 1491//1070 1458//1037 
f 1489//1068 1490//1069 1457//1036 
f 1488//1067 1489//1068 1456//1035 
f 1487//1066 1488//1067 1455//1034 
f 1486//1065 1487//1066 1454//1033 
f 1485//1064 1486//1065 1453//1032 
f 1484//1063 1485//1064 1452//1031 
f 1483//1062 1484//1063 1451//1030 
f 1482//1061 1483//1062 1450//1029 
f 1481//1060 1482//1061 1449//1028 
f 1480//1059 1481//1060 1448//1027 
f 1479//1058 1480//1059 1447//1026 
f 1478//1057 1479//1058 1446//1025 
f 1477//1056 1478//1057 1445//1024 
f 1476//1055 1477//1056 1444//1023 
f 1475//1054 1476//1055 1443//1022 
f 1474//1053 1475//1054 1442//1021 
f 1473//1052 1474//1053 1441//1020 
f 1472//1051 1473//1052 1440//1019 
f 1471//1050 1472//1051 1439//1018 
f 1470//1049 1471//1050 1438//1017 
f 1469//1048 1470//1049 1437//1016 
f 1468//1047 1469//1048 1436//1015 
f 1467//1046 1499//1078 1466//1045 
f 1465//1044 1467//1046 1434//1013 
f 1464//1043 1465//1044 1432//1011 
f 1463//1042 1464//1043 1431//1010 
f 1462//1041 1463//1042 1430//1009 
f 1461//1040 1462//1041 1429//1008 
f 1460//1039 1461//1040 1428//1007 
f 1459//1038 1460//1039 1427//1006 
f 1458//1037 1459//1038 1426//1005 
f 1457//1036 1458//1037 1425//1004 
f 1456//1035 1457//1036 1424//1003 
f 1455//1034 1456//1035 1423//1002 
f 1454//1033 1455//1034 1422//1001 
f 1453//1032 1454//1033 1421//1000 
f 1452//1031 1453//1032 1420//999 
f 1451//1030 1452//1031 1419//998 
f 1450//1029 1451//1030 1418//997 
f 1449//1028 1450//1029 1417//996 
f 1448//1027 1449//1028 1416//995 
f 1447//1026 1448//1027 1415//994 
f 1446//1025 1447//1026 1414//993 
f 1445//1024 1446//1025 1413//992 
f 1444//1023 1445//1024 1412//991 
f 1443//1022 1444//1023 1411//990 
f 1442//1021 1443//1022 1410//989 
f 1441//1020 1442//1021 1409//988 
f 1440//1019 1441//1020 1408//987 
f 1439//1018 1440//1019 1407//986 
f 1438//1017 1439//1018 1406//985 
f 1437//1016 1438//1017 1405//984 
f 1436//1015 1437//1016 1404//983 
f 1435//1014 1436//1015 1403//982 
f 1434//1013 1466//1045 1433//1012 
f 1432//1011 1434//1013 1401//980 
f 1431//1010 1432//1011 1399//978 
f 1430//1009 1431//1010 1398//977 
f 1429//1008 1430//1009 1397//976 
f 1428//1007 1429//1008 1396//975 
f 1427//1006 1428//1007 1395//974 
f 1426//1005 1427//1006 1394//973 
f 1425//1004 1426//1005 1393//972 
f 1424//1003 1425//1004 1392//971 
f 1423//1002 1424//1003 1391//970 
f 1422//1001 1423//1002 1390//969 
f 1421//1000 1422//1001 1389//968 
f 1420//999 1421//1000 1388//967 
f 1419//998 1420//999 1387//966 
f 1418//997 1419//998 1386//965 
f 1417//996 1418//997 1385//964 
f 1416//995 1417//996 1384//963 
f 1415//994 1416//995 1383//962 
f 1414//993 1415//994 1382//961 
f 1413//992 1414//993 1381//960 
f 1412//991 1413//992 1380//959 
f 1411//990 1412//991 1379//958 
f 1410//989 1411//990 1378//957 
f 1409//988 1410//989 1377//956 
f 1408//987 1409//988 1376//955 
f 1407//986 1408//987 1375//954 
f 1406//985 1407//986 1374//953 
f 1405//984 1406//985 1373//952 
f 1404//983 1405//984 1372//951 
f 1403//982 1404//983 1371//950 
f 1402//981 1403//982 1370//949 
f 1401//980 1433//1012 1400//979 
f 1399//978 1401//980 1368//947 
f 1398//977 1399//978 1366//945 
f 1397//976 1398//977 1365//944 
f 1396//975 1397//976 1364//943 
f 1395//974 1396//975 1363//942 
f 1394//973 1395//974 1362//941 
f 1393//972 1394//973 1361//940 
f 1392//971 1393//972 1360//939 
f 1391//970 1392//971 1359//938 
f 1390//969 1391//970 1358//937 
f 1389//968 1390//969 1357//936 
f 1388//967 1389//968 1356//935 
f 1387//966 1388//967 1355//934 
f 1386//965 1387//966 1354//933 
f 1385//964 1386//965 1353//932 
f 1384//963 1385//964 1352//931 
f 1383//962 1384//963 1351//930 
f 1382//961 1383//962 1350//929 
f 1381//960 1382//961 1349//928 
f 1380//959 1381//960 1348//927 
f 1379//958 1380//959 1347//926 
f 1378//957 1379//958 1346//925 
f 1377//956 1378//957 1345//924 
f 1376//955 1377//956 1344//923 
f 1375//954 1376//955 1343//922 
f 1374//953 1375//954 1342//921 
f 1373//952 1374//953 1341//920 
f 1372//951 1373//952 1340//919 
f 1371//950 1372//951 1339//918 
f 1370//949 1371//950 1338//917 
f 1369//948 1370//949 1337//916 
f 1368//947 1400//979 1367//946 
f 1366//945 1368//947 1335//914 
f 1365//944 1366//945 1334//913 
f 1364//943 1365//944 1333//912 
f 1363//942 1364//943 1332//911 
f 1362//941 1363//942 1331//910 
f 1361//940 1362//941 1330//909 
f 1360//939 1361//940 1329//908 
f 1359//938 1360//939 1328//907 
f 1358//937 1359//938 1327//906 
f 1357//936 1358//937 1326//905 
f 1356//935 1357//936 1325//904 
f 1355//934 1356//935 1324//903 
f 1354//933 1355//934 1323//902 
f 1353//932 1354//933 1322//901 
f 1352//931 1353//932 1321//900 
f 1351//930 1352//931 1320//899 
f 1350//929 1351//930 1319//898 
f 1349//928 1350//929 1318//897 
f 1348//927 1349//928 1317//896 
f 1347//926 1348//927 1316//895 
f 1346//925 1347//926 1315//894 
f 1345//924 1346//925 1314//893 
f 1344//923 1345//924 1313//892 
f 1343//922 1344//923 1312//891 
f 1342//921 1343//922 1311//890 
f 1341//920 1342//921 1310//889 
f 1340//919 1341//920 1309//888 
f 1339//918 1340//919 1308//887 
f 1338//917 1339//918 1307//886 
f 1337//916 1338//917 1306//885 
f 1336//915 1337//916 1305//884 
f 1335//914 1367//946 1303//882 
f 1334//913 1335//914 1301//880 
f 1333//912 1334//913 1300//879 
f 1332//911 1333//912 1299//878 
f 1331//910 1332//911 1298//877 
f 1330//909 1331//910 1297//876 
f 1329//908 1330//909 1296//875 
f 1328//907 1329//908 1295//874 
f 1327//906 1328//907 1294//873 
f 1326//905 1327//906 1293//872 
f 1325//904 1326//905 1292//871 
f 1324//903 1325//904 1291//870 
f 1323//902 1324//903 1290//869 
f 1322//901 1323//902 1289//868 
f 1321//900 1322//901 1288//867 
f 1320//899 1321//900 1287//866 
f 1319//898 1320//899 1286//865 
f 1318//897 1319//898 1285//864 
f 1317//896 1318//897 1284//863 
f 1316//895 1317//896 1283//862 
f 1315//894 1316//895 1282//861 
f 1314//893 1315//894 1281//860 
f 1313//892 1314//893 1280//859 
f 1312//891 1313//892 1279//858 
f 1311//890 1312//891 1278//857 
f 1310//889 1311//890 1277//856 
f 1309//888 1310//889 1276//855 
f 1308//887 1309//888 1275//854 
f 1307//886 1308//887 1274//853 
f 1306//885 1307//886 1273//852 
f 1305//884 1306//885 1272//851 
f 1304//883 1305//884 1271//850 
f 1303//882 2162//1839 1302//881 
f 1301//880 1303//882 1268//847 
f 1300//879 1301//880 1266//845 
f 1299//878 1300//879 1265//844 
f 1298//877 1299//878 1264//843 
f 1297//876 1298//877 1263//842 
f 1296//875 1297//876 1262//841 
f 1295//874 1296//875 1261//840 
f 1294//873 1295//874 1260//839 
f 1293//872 1294//873 1259//838 
f 1292//871 1293//872 1258//837 
f 1291//870 1292//871 1257//836 
f 1290//869 1291//870 1256//835 
f 1289//868 1290//869 1255//834 
f 1288//867 1289//868 1254//833 
f 1287//866 1288//867 1253//832 
f 1286//865 1287//866 1252//831 
f 1285//864 1286//865 1251//830 
f 1284//863 1285//864 1250//829 
f 1283//862 1284//863 1249//828 
f 1282//861 1283//862 1248//827 
f 1281//860 1282//861 1247//826 
f 1280//859 1281//860 1246//825 
f 1279//858 1280//859 1245//824 
f 1278//857 1279//858 1244//823 
f 1277//856 1278//857 1243//822 
f 1276//855 1277//856 1242//821 
f 1275//854 1276//855 1241//820 
f 1274//853 1275//854 1240//819 
f 1273//852 1274//853 1239//818 
f 1272//851 1273//852 1238//817 
f 1271//850 1272//851 1237//816 
f 1270//849 1271//850 1236//815 
f 1269//848 1270//849 1235//814 
f 1268//847 1302//881 1267//846 
f 1266//845 1268//847 1233//812 
f 1265//844 1266//845 1231//810 
f 1264//843 1265//844 1230//809 
f 1263//842 1264//843 1229//808 
f 1262//841 1263//842 1228//807 
f 1261//840 1262//841 1227//806 
f 1260//839 1261//840 1226//805 
f 1259//838 1260//839 1225//804 
f 1258//837 1259//838 1224//803 
f 1257//836 1258//837 1223//802 
f 1256//835 1257//836 1222//801 
f 1255//834 1256//835 1221//800 
f 1254//833 1255//834 1220//799 
f 1253//832 1254//833 1219//798 
f 1252//831 1253//832 1218//797 
f 1251//830 1252//831 1217//796 
f 1250//829 1251//830 1216//795 
f 1249//828 1250//829 1215//794 
f 1248//827 1249//828 1214//793 
f 1247//826 1248//827 1213//792 
f 1246//825 1247//826 1212//791 
f 1245//824 1246//825 1211//790 
f 1244//823 1245//824 1210//789 
f 1243//822 1244//823 1209//788 
f 1242//821 1243//822 1208//787 
f 1241//820 1242//821 1207//786 
f 1240//819 1241//820 1206//785 
f 1239//818 1240//819 1205//784 
f 1238//817 1239//818 1204//783 
f 1237//816 1238//817 1203//782 
f 1236//815 1237//816 1202//781 
f 1235//814 1236//815 1201//780 
f 1234//813 1235//814 1200//779 
f 1233//812 1267//846 1232//811 
f 1231//810 1233//812 1198//777 
f 1230//809 1231//810 1196//775 
f 1229//808 1230//809 1195//774 
f 1228//807 1229//808 1194//773 
f 1227//806 1228//807 1193//772 
f 1226//805 1227//806 1192//771 
f 1225//804 1226//805 1191//770 
f 1224//803 1225//804 1190//769 
f 1223//802 1224//803 1189//768 
f 1222//801 1223//802 1188//767 
f 1221//800 1222//801 1187//766 
f 1220//799 1221//800 1186//765 
f 1219//798 1220//799 1185//764 
f 1218//797 1219//798 1184//763 
f 1217//796 1218//797 1183//762 
f 1216//795 1217//796 1182//761 
f 1215//794 1216//795 1181//760 
f 1214//793 1215//794 1180//759 
f 1213//792 1214//793 1179//758 
f 1212//791 1213//792 1178//757 
f 1211//790 1212//791 1177//756 
f 1210//789 1211//790 1176//755 
f 1209//788 1210//789 1175//754 
f 1208//787 1209//788 1174//753 
f 1207//786 1208//787 1173//752 
f 1206//785 1207//786 1172//751 
f 1205//784 1206//785 1171//750 
f 1204//783 1205//784 1170//749 
f 1203//782 1204//783 1169//748 
f 1202//781 1203//782 1168//747 
f 1201//780 1202//781 1167//746 
f 1200//779 1201//780 1166//745 
f 1199//778 1200//779 1165//744 
f 1198//777 1232//811 1197//776 
f 1196//775 1198//777 1163//742 
f 1195//774 1196//775 1161//740 
f 1194//773 1195//774 1160//739 
f 1193//772 1194//773 1159//738 
f 1192//771 1193//772 1158//737 
f 1191//770 1192//771 1157//736 
f 1190//769 1191//770 1156//735 
f 1189//768 1190//769 1155//734 
f 1188//767 1189//768 1154//733 
f 1187//766 1188//767 1153//732 
f 1186//765 1187//766 1152//731 
f 1185//764 1186//765 1151//730 
f 1184//763 1185//764 1150//729 
f 1183//762 1184//763 1149//728 
f 1182//761 1183//762 1148//727 
f 1181//760 1182//761 1147//726 
f 1180//759 1181//760 1146//725 
f 1179//758 1180//759 1145//724 
f 1178//757 1179//758 1144//723 
f 1177//756 1178//757 1143//722 
f 1176//755 1177//756 1142//721 
f 1175//754 1176//755 1141//720 
f 1174//753 1175//754 1140//719 
f 1173//752 1174//753 1139//718 
f 1172//751 1173//752 1138//717 
f 1171//750 1172//751 1137//716 
f 1170//749 1171//750 1136//715 
f 1169//748 1170//749 1135//714 
f 1168//747 1169//748 1134//713 
f 1167//746 1168//747 1133//712 
f 1166//745 1167//746 1132//711 
f 1165//744 1166//745 1131//710 
f 1164//743 1165//744 1130//709 
f 1163//742 1197//776 1162//741 
f 1161//740 1163//742 1128//707 
f 1160//739 1161//740 1127//706 
f 1159//738 1160//739 1126//705 
f 1158//737 1159//738 1125//704 
f 1157//736 1158//737 1124//703 
f 1156//735 1157//736 1123//702 
f 1155//734 1156//735 1122//701 
f 1154//733 1155//734 1121//700 
f 1153//732 1154//733 1120//699 
f 1152//731 1153//732 1119//698 
f 1151//730 1152//731 1118//697 
f 1150//729 1151//730 1117//696 
f 1149//728 1150//729 1116//695 
f 1148//727 1149//728 1115//694 
f 1147//726 1148//727 1114//693 
f 1146//725 1147//726 1113//692 
f 1145//724 1146//725 1112//691 
f 1144//723 1145//724 1111//690 
f 1143//722 1144//723 1110//689 
f 1142//721 1143//722 1109//688 
f 1141//720 1142//721 1108//687 
f 1140//719 1141//720 1107//686 
f 1139//718 1140//719 1106//685 
f 1138//717 1139//718 1105//684 
f 1137//716 1138//717 1104//683 
f 1136//715 1137//716 1103//682 
f 1135//714 1136//715 1102//681 
f 1134//713 1135//714 1101//680 
f 1133//712 1134//713 1100//679 
f 1132//711 1133//712 1099//678 
f 1131//710 1132//711 1098//677 
f 1130//709 1131//710 1097//676 
f 1129//708 1130//709 1096//675 
f 1128//707 1162//741 1094//673 
f 1127//706 1128//707 1092//671 
f 1126//705 1127//706 1091//670 
f 1125//704 1126//705 1090//669 
f 1124//703 1125//704 1089//668 
f 1123//702 1124//703 1088//667 
f 1122//701 1123//702 1087//666 
f 1121//700 1122//701 1086//665 
f 1120//699 1121//700 1085//664 
f 1119//698 1120//699 1084//663 
f 1118//697 1119//698 1083//662 
f 1117//696 1118//697 1082//661 
f 1116//695 1117//696 1081//660 
f 1115//694 1116//695 1080//659 
f 1114//693 1115//694 1079//658 
f 1113//692 1114//693 1078//657 
f 1112//691 1113//692 1077//656 
f 1111//690 1112//691 1076//655 
f 1110//689 1111//690 1075//654 
f 1109//688 1110//689 1074//653 
f 1108//687 1109//688 1073//652 
f 1107//686 1108//687 1072//651 
f 1106//685 1107//686 1071//650 
f 1105//684 1106//685 1070//649 
f 1104//683 1105//684 1069//648 
f 1103//682 1104//683 1068//647 
f 1102//681 1103//682 1067//646 
f 1101//680 1102//681 1066//645 
f 1100//679 1101//680 1065//644 
f 1099//678 1100//679 1064//643 
f 1098//677 1099//678 1063//642 
f 1097//676 1098//677 1062//641 
f 1096//675 1097//676 1061//640 
f 1095//674 1096//675 1060//639 
f 1094//673 2163//1856 1093//672 
f 1092//671 1094//673 1057//636 
f 1091//670 1092//671 1055//634 
f 1090//669 1091//670 1054//633 
f 1089//668 1090//669 1053//632 
f 1088//667 1089//668 1052//631 
f 1087//666 1088//667 1051//630 
f 1086//665 1087//666 1050//629 
f 1085//664 1086//665 1049//628 
f 1084//663 1085//664 1048//627 
f 1083//662 1084//663 1047//626 
f 1082//661 1083//662 1046//625 
f 1081//660 1082//661 1045//624 
f 1080//659 1081//660 1044//623 
f 1079//658 1080//659 1043//622 
f 1078//657 1079//658 1042//621 
f 1077//656 1078//657 1041//620 
f 1076//655 1077//656 1040//619 
f 1075//654 1076//655 1039//618 
f 1074//653 1075//654 1038//617 
f 1073//652 1074//653 1037//616 
f 1072//651 1073//652 1036//615 
f 1071//650 1072//651 1035//614 
f 1070//649 1071//650 1034//613 
f 1069//648 1070//649 1033//612 
f 1068//647 1069//648 1032//611 
f 1067//646 1068//647 1031//610 
f 1066//645 1067//646 1030//609 
f 1065//644 1066//645 1029//608 
f 1064//643 1065//644 1028//607 
f 1063//642 1064//643 1027//606 
f 1062//641 1063//642 1026//605 
f 1061//640 1062//641 1025//604 
f 1060//639 1061//640 1024//603 
f 1059//638 1060//639 1023//602 
f 1058//637 1059//638 1022//601 
f 1057//636 1093//672 1056//635 
f 1055//634 1057//636 1020//599 
f 1054//633 1055//634 1018//597 
f 1053//632 1054//633 1017//596 
f 1052//631 1053//632 1016//595 
f 1051//630 1052//631 1015//594 
f 1050//629 1051//630 1014//593 
f 1049//628 1050//629 1013//592 
f 1048//627 1049//628 1012//591 
f 1047//626 1048//627 1011//590 
f 1046//625 1047//626 1010//589 
f 1045//624 1046//625 1009//588 
f 1044//623 1045//624 1008//587 
f 1043//622 1044//623 1007//586 
f 1042//621 1043//622 1006//585 
f 1041//620 1042//621 1005//584 
f 1040//619 1041//620 1004//583 
f 1039//618 1040//619 1003//582 
f 1038//617 1039//618 1002//581 
f 1037//616 1038//617 1001//580 
f 1036//615 1037//616 1000//579 
f 1035//614 1036//615 999//578 
f 1034//613 1035//614 998//577 
f 1033//612 1034//613 997//576 
f 1032//611 1033//612 996//575 
f 1031//610 1032//611 995//574 
f 1030//609 1031//610 994//573 
f 1029//608 1030//609 993//572 
f 1028//607 1029//608 992//571 
f 1027//606 1028//607 991//570 
f 1026//605 1027//606 990//569 
f 1025//604 1026//605 989//568 
f 1024//603 1025//604 988//567 
f 1023//602 1024//603 987//566 
f 1022//601 1023//602 986//565 
f 1021//600 1022//601 985//564 
f 1020//599 1056//635 1019//598 
f 1018//597 1020//599 983//562 
f 1017//596 1018//597 981//560 
f 1016//595 1017//596 980//559 
f 1015//594 1016//595 979//558 
f 1014//593 1015//594 978//557 
f 1013//592 1014//593 977//556 
f 1012//591 1013//592 976//555 
f 1011//590 1012//591 975//554 
f 1010//589 1011//590 974//553 
f 1009//588 1010//589 973//552 
f 1008//587 1009//588 972//551 
f 1007//586 1008//587 971//550 
f 1006//585 1007//586 970//549 
f 1005//584 1006//585 969//548 
f 1004//583 1005//584 968//547 
f 1003//582 1004//583 967//546 
f 1002//581 1003//582 966//545 
f 1001//580 1002//581 965//544 
f 1000//579 1001//580 964//543 
f 999//578 1000//579 963//542 
f 998//577 999//578 962//541 
f 997//576 998//577 961//540 
f 996//575 997//576 960//539 
f 995//574 996//575 959//538 
f 994//573 995//574 958//537 
f 993//572 994//573 957//536 
f 992//571 993//572 956//535 
f 991//570 992//571 955//534 
f 990//569 991//570 954//533 
f 989//568 990//569 953//532 
f 988//567 989//568 952//531 
f 987//566 988//567 951//530 
f 986//565 987//566 950//529 
f 985//564 986//565 949//528 
f 984//563 985//564 948//527 
f 983//562 1019//598 982//561 
f 981//560 983//562 946//525 
f 980//559 981//560 945//524 
f 979//558 980//559 944//523 
f 978//557 979//558 943//522 
f 977//556 978//557 942//521 
f 976//555 977//556 941//520 
f 975//554 976//555 940//519 
f 974//553 975//554 939//518 
f 973//552 974//553 938//517 
f 972//551 973//552 937//516 
f 971//550 972//551 936//515 
f 970//549 971//550 935//514 
f 969//548 970//549 934//513 
f 968//547 969//548 933//512 
f 967//546 968//547 932//511 
f 966//545 967//546 931//510 
f 965//544 966//545 930//509 
f 964//543 965//544 929//508 
f 963//542 964//543 928//507 
f 962//541 963//542 927//506 
f 961//540 962//541 926//505 
f 960//539 961//540 925//504 
f 959//538 960//539 924//503 
f 958//537 959//538 923//502 
f 957//536 958//537 922//501 
f 956//535 957//536 921//500 
f 955//534 956//535 920//499 
f 954//533 955//534 919//498 
f 953//532 954//533 918//497 
f 952//531 953//532 917//496 
f 951//530 952//531 916//495 
f 950//529 951//530 915//494 
f 949//528 950//529 914//493 
f 948//527 949//528 913//492 
f 947//526 948//527 912//491 
f 946//525 982//561 910//489 
f 945//524 946//525 908//487 
f 944//523 945//524 907//486 
f 943//522 944//523 906//485 
f 942//521 943//522 905//484 
f 941//520 942//521 904//483 
f 940//519 941//520 903//482 
f 939//518 940//519 902//481 
f 938//517 939//518 901//480 
f 937//516 938//517 900//479 
f 936//515 937//516 899//478 
f 935//514 936//515 898//477 
f 934//513 935//514 897//476 
f 933//512 934//513 896//475 
f 932//511 933//512 895//474 
f 931//510 932//511 894//473 
f 930//509 931//510 893//472 
f 929//508 930//509 892//471 
f 928//507 929//508 891//470 
f 927//506 928//507 890//469 
f 926//505 927//506 889//468 
f 925//504 926//505 888//467 
f 924//503 925//504 887//466 
f 923//502 924//503 886//465 
f 922//501 923//502 885//464 
f 921//500 922//501 884//463 
f 920//499 921//500 883//462 
f 919//498 920//499 882//461 
f 918//497 919//498 881//460 
f 917//496 918//497 880//459 
f 916//495 917//496 879//458 
f 915//494 916//495 878//457 
f 914//493 915//494 877//456 
f 913//492 914//493 876//455 
f 912//491 913//492 875//454 
f 911//490 912//491 874//453 
f 910//489 2164//1870 909//488 
f 908//487 910//489 871//450 
f 907//486 908//487 869//448 
f 906//485 907//486 868//447 
f 905//484 906//485 867//446 
f 904//483 905//484 866//445 
f 903//482 904//483 865//444 
f 902//481 903//482 864//443 
f 901//480 902//481 863//442 
f 900//479 901//480 862//441 
f 899//478 900//479 861//440 
f 898//477 899//478 860//439 
f 897//476 898//477 859//438 
f 896//475 897//476 858//437 
f 895//474 896//475 857//436 
f 894//473 895//474 856//435 
f 893//472 894//473 855//434 
f 892//471 893//472 854//433 
f 891//470 892//471 853//432 
f 890//469 891//470 852//431 
f 889//468 890//469 851//430 
f 888//467 889//468 850//429 
f 887//466 888//467 849//428 
f 886//465 887//466 848//427 
f 885//464 886//465 847//426 
f 884//463 885//464 846//425 
f 883//462 884//463 845//424 
f 882//461 883//462 844//423 
f 881//460 882//461 843//422 
f 880//459 881//460 842//421 
f 879//458 880//459 841//420 
f 878//457 879//458 840//419 
f 877//456 878//457 839//418 
f 876//455 877//456 838//417 
f 875//454 876//455 837//416 
f 874//453 875//454 836//415 
f 873//452 874//453 835//414 
f 872//451 873//452 834//413 
f 871//450 909//488 870//449 
f 869//448 871//450 832//411 
f 868//447 869//448 830//409 
f 867//446 868//447 829//408 
f 866//445 867//446 828//407 
f 865//444 866//445 827//406 
f 864//443 865//444 826//405 
f 863//442 864//443 825//404 
f 862//441 863//442 824//403 
f 861//440 862//441 823//402 
f 860//439 861//440 822//401 
f 859//438 860//439 821//400 
f 858//437 859//438 820//399 
f 857//436 858//437 819//398 
f 856//435 857//436 818//397 
f 855//434 856//435 817//396 
f 854//433 855//434 816//395 
f 853//432 854//433 815//394 
f 852//431 853//432 814//393 
f 851//430 852//431 813//392 
f 850//429 851//430 812//391 
f 849//428 850//429 811//390 
f 848//427 849//428 810//389 
f 847//426 848//427 809//388 
f 846//425 847//426 808//387 
f 845//424 846//425 807//386 
f 844//423 845//424 806//385 
f 843//422 844//423 805//384 
f 842//421 843//422 804//383 
f 841//420 842//421 803//382 
f 840//419 841//420 802//381 
f 839//418 840//419 801//380 
f 838//417 839//418 800//379 
f 837//416 838//417 799//378 
f 836//415 837//416 798//377 
f 835//414 836//415 797//376 
f 834//413 835//414 796//375 
f 833//412 834//413 795//374 
f 832//411 870//449 831//410 
f 830//409 832//411 793//372 
f 829//408 830//409 791//370 
f 828//407 829//408 790//369 
f 827//406 828//407 789//368 
f 826//405 827//406 788//367 
f 825//404 826//405 787//366 
f 824//403 825//404 786//365 
f 823//402 824//403 785//364 
f 822//401 823//402 784//363 
f 821//400 822//401 783//362 
f 820//399 821//400 782//361 
f 819//398 820//399 781//360 
f 818//397 819//398 780//359 
f 817//396 818//397 779//358 
f 816//395 817//396 778//357 
f 815//394 816//395 777//356 
f 814//393 815//394 776//355 
f 813//392 814//393 775//354 
f 812//391 813//392 774//353 
f 811//390 812//391 773//352 
f 810//389 811//390 772//351 
f 809//388 810//389 771//350 
f 808//387 809//388 770//349 
f 807//386 808//387 769//348 
f 806//385 807//386 768//347 
f 805//384 806//385 767//346 
f 804//383 805//384 766//345 
f 803//382 804//383 765//344 
f 802//381 803//382 764//343 
f 801//380 802//381 763//342 
f 800//379 801//380 762//341 
f 799//378 800//379 761//340 
f 798//377 799//378 760//339 
f 797//376 798//377 759//338 
f 796//375 797//376 758//337 
f 795//374 796//375 757//336 
f 794//373 795//374 756//335 
f 793//372 831//410 792//371 
f 791//370 793//372 754//333 
f 790//369 791//370 753//332 
f 789//368 790//369 752//331 
f 788//367 789//368 751//330 
f 787//366 788//367 750//329 
f 786//365 787//366 749//328 
f 785//364 786//365 748//327 
f 784//363 785//364 747//326 
f 783//362 784//363 746//325 
f 782//361 783//362 745//324 
f 781//360 782//361 744//323 
f 780//359 781//360 743//322 
f 779//358 780//359 742//321 
f 778//357 779//358 741//320 
f 777//356 778//357 740//319 
f 776//355 777//356 739//318 
f 775//354 776//355 738//317 
f 774//353 775//354 737//316 
f 773//352 774//353 736//315 
f 772//351 773//352 735//314 
f 771//350 772//351 734//313 
f 770//349 771//350 733//312 
f 769//348 770//349 732//311 
f 768//347 769//348 731//310 
f 767//346 768//347 730//309 
f 766//345 767//346 729//308 
f 765//344 766//345 728//307 
f 764//343 765//344 727//306 
f 763//342 764//343 726//305 
f 762//341 763//342 725//304 
f 761//340 762//341 724//303 
f 760//339 761//340 723//302 
f 759//338 760//339 722//301 
f 758//337 759//338 721//300 
f 757//336 758//337 720//299 
f 756//335 757//336 719//298 
f 755//334 756//335 718//297 
f 754//333 792//371 716//295 
f 753//332 754//333 714//293 
f 752//331 753//332 713//292 
f 751//330 752//331 712//291 
f 750//329 751//330 711//290 
f 749//328 750//329 710//289 
f 748//327 749//328 709//288 
f 747//326 748//327 708//287 
f 746//325 747//326 707//286 
f 745//324 746//325 706//285 
f 744//323 745//324 705//284 
f 743//322 744//323 704//283 
f 742//321 743//322 703//282 
f 741//320 742//321 702//281 
f 740//319 741//320 701//280 
f 739//318 740//319 700//279 
f 738//317 739//318 699//278 
f 737//316 738//317 698//277 
f 736//315 737//316 697//276 
f 735//314 736//315 696//275 
f 734//313 735//314 695//274 
f 733//312 734//313 694//273 
f 732//311 733//312 693//272 
f 731//310 732//311 692//271 
f 730//309 731//310 691//270 
f 729//308 730//309 690//269 
f 728//307 729//308 689//268 
f 727//306 728//307 688//267 
f 726//305 727//306 687//266 
f 725//304 726//305 686//265 
f 724//303 725//304 685//264 
f 723//302 724//303 684//263 
f 722//301 723//302 683//262 
f 721//300 722//301 682//261 
f 720//299 721//300 681//260 
f 719//298 720//299 680//259 
f 718//297 719//298 679//258 
f 717//296 718//297 678//257 
f 716//295 2165//1883 715//294 
f 714//293 716//295 675//254 
f 713//292 714//293 673//252 
f 712//291 713//292 672//251 
f 711//290 712//291 671//250 
f 710//289 711//290 670//249 
f 709//288 710//289 669//248 
f 708//287 709//288 668//247 
f 707//286 708//287 667//246 
f 706//285 707//286 666//245 
f 705//284 706//285 665//244 
f 704//283 705//284 664//243 
f 703//282 704//283 663//242 
f 702//281 703//282 662//241 
f 701//280 702//281 661//240 
f 700//279 701//280 660//239 
f 699//278 700//279 659//238 
f 698//277 699//278 658//237 
f 697//276 698//277 657//236 
f 696//275 697//276 656//235 
f 695//274 696//275 655//234 
f 694//273 695//274 654//233 
f 693//272 694//273 653//232 
f 692//271 693//272 652//231 
f 691//270 692//271 651//230 
f 690//269 691//270 650//229 
f 689//268 690//269 649//228 
f 688//267 689//268 648//227 
f 687//266 688//267 647//226 
f 686//265 687//266 646//225 
f 685//264 686//265 645//224 
f 684//263 685//264 644//223 
f 683//262 684//263 643//222 
f 682//261 683//262 642//221 
f 681//260 682//261 641//220 
f 680//259 681//260 640//219 
f 679//258 680//259 639//218 
f 678//257 679//258 638//217 
f 677//256 678//257 637//216 
f 676//255 677//256 636//215 
f 675//254 715//294 674//253 
f 673//252 675//254 634//213 
f 672//251 673//252 632//211 
f 671//250 672//251 631//210 
f 670//249 671//250 630//209 
f 669//248 670//249 629//208 
f 668//247 669//248 628//207 
f 667//246 668//247 627//206 
f 666//245 667//246 626//205 
f 665//244 666//245 625//204 
f 664//243 665//244 624//203 
f 663//242 664//243 623//202 
f 662//241 663//242 622//201 
f 661//240 662//241 621//200 
f 660//239 661//240 620//199 
f 659//238 660//239 619//198 
f 658//237 659//238 618//197 
f 657//236 658//237 617//196 
f 656//235 657//236 616//195 
f 655//234 656//235 615//194 
f 654//233 655//234 614//193 
f 653//232 654//233 613//192 
f 652//231 653//232 612//191 
f 651//230 652//231 611//190 
f 650//229 651//230 610//189 
f 649//228 650//229 609//188 
f 648//227 649//228 608//187 
f 647//226 648//227 607//186 
f 646//225 647//226 606//185 
f 645//224 646//225 605//184 
f 644//223 645//224 604//183 
f 643//222 644//223 603//182 
f 642//221 643//222 602//181 
f 641//220 642//221 601//180 
f 640//219 641//220 600//179 
f 639//218 640//219 599//178 
f 638//217 639//218 598//177 
f 637//216 638//217 597//176 
f 636//215 637//216 596//175 
f 635//214 636//215 595//174 
f 634//213 674//253 633//212 
f 632//211 634//213 593//172 
f 631//210 632//211 592//171 
f 630//209 631//210 591//170 
f 629//208 630//209 590//169 
f 628//207 629//208 589//168 
f 627//206 628//207 588//167 
f 626//205 627//206 587//166 
f 625//204 626//205 586//165 
f 624//203 625//204 585//164 
f 623//202 624//203 584//163 
f 622//201 623//202 583//162 
f 621//200 622//201 582//161 
f 620//199 621//200 581//160 
f 619//198 620//199 580//159 
f 618//197 619//198 579//158 
f 617//196 618//197 578//157 
f 616//195 617//196 577//156 
f 615//194 616//195 576//155 
f 614//193 615//194 575//154 
f 613//192 614//193 574//153 
f 612//191 613//192 573//152 
f 611//190 612//191 572//151 
f 610//189 611//190 571//150 
f 609//188 610//189 570//149 
f 608//187 609//188 569//148 
f 607//186 608//187 568//147 
f 606//185 607//186 567//146 
f 605//184 606//185 566//145 
f 604//183 605//184 565//144 
f 603//182 604//183 564//143 
f 602//181 603//182 563//142 
f 601//180 602//181 562//141 
f 600//179 601//180 561//140 
f 599//178 600//179 560//139 
f 598//177 599//178 559//138 
f 597//176 598//177 558//137 
f 596//175 597//176 557//136 
f 595//174 596//175 556//135 
f 594//173 595//174 555//134 
f 593//172 633//212 553//131 
f 592//171 593//172 552//130 
f 591//170 592//171 551//129 
f 590//169 591//170 550//128 
f 589//168 590//169 549//127 
f 588//167 589//168 548//126 
f 587//166 588//167 547//125 
f 586//165 587//166 546//124 
f 585//164 586//165 545//123 
f 584//163 585//164 544//122 
f 583//162 584//163 543//121 
f 582//161 583//162 542//120 
f 581//160 582//161 541//119 
f 580//159 581//160 540//118 
f 579//158 580//159 539//117 
f 578//157 579//158 538//116 
f 577//156 578//157 537//115 
f 576//155 577//156 536//114 
f 575//154 576//155 535//113 
f 574//153 575//154 534//112 
f 573//152 574//153 533//111 
f 572//151 573//152 532//110 
f 571//150 572//151 531//109 
f 570//149 571//150 530//108 
f 569//148 570//149 529//107 
f 568//147 569//148 528//106 
f 567//146 568//147 527//105 
f 566//145 567//146 526//104 
f 565//144 566//145 525//103 
f 564//143 565//144 524//102 
f 563//142 564//143 523//101 
f 562//141 563//142 522//100 
f 561//140 562//141 521//99 
f 560//139 561//140 520//98 
f 559//138 560//139 519//97 
f 558//137 559//138 518//96 
f 557//136 558//137 517//95 
f 556//135 557//136 516//94 
f 555//134 556//135 515//93 
f 554//133 555//134 514//92 
f 351//132 471//2014 512//87 
f 552//130 553//131 512//87 
f 551//129 552//130 511//86 
f 550//128 551//129 510//83 
f 549//127 550//128 509//81 
f 548//126 549//127 508//80 
f 547//125 548//126 507//79 
f 546//124 547//125 506//75 
f 545//123 546//124 505//73 
f 544//122 545//123 504//72 
f 543//121 544//122 503//69 
f 542//120 543//121 502//68 
f 541//119 542//120 501//67 
f 540//118 541//119 500//65 
f 539//117 540//118 499//61 
f 538//116 539//117 498//60 
f 537//115 538//116 497//59 
f 536//114 537//115 496//55 
f 535//113 536//114 495//54 
f 534//112 535//113 494//53 
f 533//111 534//112 493//49 
f 532//110 533//111 492//48 
f 531//109 532//110 491//45 
f 530//108 531//109 490//44 
f 529//107 530//108 489//43 
f 528//106 529//107 488//39 
f 527//105 528//106 487//38 
f 526//104 527//105 486//35 
f 525//103 526//104 485//33 
f 524//102 525//103 484//32 
f 523//101 524//102 483//31 
f 522//100 523//101 482//27 
f 521//99 522//100 481//26 
f 520//98 521//99 480//25 
f 519//97 520//98 479//21 
f 518//96 519//97 478//20 
f 517//95 518//96 477//19 
f 516//94 517//95 476//17 
f 515//93 516//94 475//15 
f 514//92 515//93 474//11 
f 513//91 514//92 473//10 
f 513//91 472//9 6//7 
f 512//87 471//2014 349//88 
f 512//87 350//89 347//84 
f 510//83 511//86 347//84 
f 510//83 348//85 346//82 
f 509//81 346//82 345//78 
f 507//79 508//80 345//78 
f 506//75 507//79 343//76 
f 506//75 344//77 342//74 
f 505//73 342//74 340//70 
f 503//69 504//72 340//70 
f 503//69 341//71 339//66 
f 501//67 502//68 339//66 
f 500//65 501//67 338//64 
f 499//61 500//65 336//62 
f 499//61 337//63 335//58 
f 497//59 498//60 335//58 
f 496//55 497//59 333//56 
f 496//55 334//57 332//52 
f 494//53 495//54 332//52 
f 493//49 494//53 330//50 
f 493//49 331//51 328//46 
f 491//45 492//48 328//46 
f 491//45 329//47 327//42 
f 489//43 490//44 327//42 
f 488//39 489//43 325//40 
f 488//39 326//41 323//36 
f 486//35 487//38 323//36 
f 486//35 324//37 322//34 
f 485//33 322//34 321//30 
f 483//31 484//32 321//30 
f 482//27 483//31 319//28 
f 482//27 320//29 318//24 
f 480//25 481//26 318//24 
f 479//21 480//25 316//22 
f 479//21 317//23 315//18 
f 477//19 478//20 315//18 
f 476//17 477//19 314//16 
f 475//15 476//17 313//14 
f 474//11 475//15 311//12 
f 474//11 312//13 310//8 
f 472//9 473//10 310//8 
f 6//7 472//9 309//5 
o mesh5
f 2166//2015 2167//2015 316//2015 
f 2167//2015 2168//2015 317//2015 
f 317//2015 316//2015 2167//2015 
f 2168//2015 2169//2015 315//2015 
f 2170//2015 322//2015 324//2015 
f 2170//2015 2171//2015 321//2015 
f 2171//2015 2172//2015 319//2015 
f 2172//2015 2173//2015 320//2015 
f 2166//2015 318//2015 320//2015 
f 315//2015 317//2015 2168//2015 
f 2174//2015 336//2015 338//2015 
f 2175//2015 337//2015 336//2015 
f 2176//2015 327//2015 329//2015 
f 2177//2015 325//2015 327//2015 
f 2178//2015 326//2015 325//2015 
f 2179//2015 323//2015 326//2015 
f 2180//2015 324//2015 323//2015 
f 321//2015 322//2015 2170//2015 
f 320//2015 319//2015 2172//2015 
f 316//2015 318//2015 2166//2015 
f 2181//2015 343//2015 345//2015 
f 2182//2015 344//2015 343//2015 
f 2183//2015 339//2015 341//2015 
f 2184//2015 338//2015 339//2015 
f 336//2015 2174//2015 2175//2015 
f 2185//2015 335//2015 337//2015 
f 2186//2015 333//2015 335//2015 
f 2187//2015 334//2015 333//2015 
f 2188//2015 332//2015 334//2015 
f 2189//2015 330//2015 332//2015 
f 2190//2015 328//2015 331//2015 
f 2191//2015 329//2015 328//2015 
f 327//2015 2176//2015 2177//2015 
f 326//2015 2178//2015 2179//2015 
f 324//2015 2180//2015 2170//2015 
f 320//2015 2173//2015 2166//2015 
f 2169//2015 2192//2015 314//2015 
f 2192//2015 2193//2015 313//2015 
f 2194//2015 2195//2015 312//2015 
f 2195//2015 2196//2015 310//2015 
f 2196//2015 2197//2015 309//2015 
f 9//2015 8//2015 309//2015 
f 343//2015 2181//2015 2182//2015 
f 2198//2015 342//2015 344//2015 
f 2199//2015 340//2015 342//2015 
f 2200//2015 341//2015 340//2015 
f 339//2015 2183//2015 2184//2015 
f 337//2015 2175//2015 2185//2015 
f 333//2015 2186//2015 2187//2015 
f 332//2015 2188//2015 2189//2015 
f 2201//2015 331//2015 330//2015 
f 328//2015 2190//2015 2191//2015 
f 325//2015 2177//2015 2178//2015 
f 319//2015 321//2015 2171//2015 
f 313//2015 314//2015 2192//2015 
f 2193//2015 2194//2015 311//2015 
f 310//2015 312//2015 2195//2015 
f 309//2015 2197//2015 9//2015 
f 2202//2015 350//2015 349//2015 
f 2203//2015 347//2015 350//2015 
f 344//2015 2182//2015 2198//2015 
f 340//2015 2199//2015 2200//2015 
f 338//2015 2184//2015 2174//2015 
f 334//2015 2187//2015 2188//2015 
f 331//2015 2201//2015 2190//2015 
f 323//2015 2179//2015 2180//2015 
f 311//2015 313//2015 2193//2015 
f 309//2015 310//2015 2196//2015 
f 350//2015 2202//2015 2203//2015 
f 2204//2015 348//2015 347//2015 
f 2205//2015 346//2015 348//2015 
f 2206//2015 345//2015 346//2015 
f 342//2015 2198//2015 2199//2015 
f 335//2015 2185//2015 2186//2015 
f 329//2015 2191//2015 2176//2015 
f 312//2015 311//2015 2194//2015 
f 347//2015 2203//2015 2204//2015 
f 346//2015 2205//2015 2206//2015 
f 341//2015 2200//2015 2183//2015 
f 314//2015 315//2015 2169//2015 
f 348//2015 2204//2015 2205//2015 
f 330//2015 2189//2015 2201//2015 
f 345//2015 2206//2015 2181//2015 
f 349//2015 2207//2015 2202//2015 
o mesh6
f 2330//2016 298//2017 307//2018 
f 2331//2019 300//2020 298//2017 
f 2332//2021 302//2022 300//2020 
f 2333//2023 266//2024 302//2022 
f 2334//2025 269//2026 266//2024 
f 2335//2027 303//2028 269//2026 
f 2336//2029 271//2030 303//2028 
f 2336//2029 2337//2031 274//2032 
f 2338//2033 276//2034 274//2032 
f 2339//2035 278//2036 276//2034 
f 2339//2035 2340//2037 280//2038 
f 2341//2039 282//2040 280//2038 
f 2342//2041 284//2042 282//2040 
f 2343//2043 286//2044 284//2042 
f 2344//2045 288//2046 286//2044 
f 2345//2047 290//2048 288//2046 
f 2346//2049 292//2050 290//2048 
f 2347//2051 294//2052 292//2050 
f 2348//2053 256//2054 294//2052 
f 2349//2055 259//2056 256//2054 
f 2350//2057 249//2058 259//2056 
f 2351//2059 252//2060 249//2058 
f 2351//2059 2352//2061 254//2062 
f 2353//2063 260//2064 254//2062 
f 2354//2065 262//2066 260//2064 
f 2355//2067 264//2068 262//2066 
f 2356//2069 295//2070 264//2068 
f 2357//2071 304//2072 295//2070 
f 2358//2073 2330//2016 2359//2074 
f 2360//2075 2331//2019 2330//2016 
f 2361//2076 2332//2021 2331//2019 
f 2362//2077 2333//2023 2332//2021 
f 2363//2078 2334//2025 2333//2023 
f 2364//2079 2335//2027 2334//2025 
f 2365//2080 2336//2029 2335//2027 
f 2366//2081 2337//2031 2336//2029 
f 2367//2082 2338//2033 2337//2031 
f 2368//2083 2339//2035 2338//2033 
f 2369//2084 2340//2037 2339//2035 
f 2370//2085 2341//2039 2340//2037 
f 2371//2086 2342//2041 2341//2039 
f 2372//2087 2343//2043 2342//2041 
f 2373//2088 2344//2045 2343//2043 
f 2374//2089 2345//2047 2344//2045 
f 2375//2090 2346//2049 2345//2047 
f 2376//2091 2347//2051 2346//2049 
f 2377//2092 2348//2053 2347//2051 
f 2378//2093 2349//2055 2348//2053 
f 2379//2094 2350//2057 2349//2055 
f 2380//2095 2351//2059 2350//2057 
f 2381//2096 2352//2061 2351//2059 
f 2382//2097 2353//2063 2352//2061 
f 2383//2098 2354//2065 2353//2063 
f 2384//2099 2355//2067 2354//2065 
f 2385//2100 2356//2069 2355//2067 
f 2386//2101 2357//2071 2356//2069 
f 2387//2102 2358//2073 2388//2103 
f 2389//2104 2360//2075 2358//2073 
f 2390//2105 2361//2076 2360//2075 
f 2391//2106 2362//2077 2361//2076 
f 2392//2107 2363//2078 2362//2077 
f 2393//2108 2364//2079 2363//2078 
f 2394//2109 2365//2080 2364//2079 
f 2395//2110 2366//2081 2365//2080 
f 2396//2111 2367//2082 2366//2081 
f 2397//2112 2368//2083 2367//2082 
f 2398//2113 2369//2084 2368//2083 
f 2399//2114 2370//2085 2369//2084 
f 2400//2115 2371//2086 2370//2085 
f 2401//2116 2372//2087 2371//2086 
f 2402//2117 2373//2088 2372//2087 
f 2403//2118 2374//2089 2373//2088 
f 2404//2119 2375//2090 2374//2089 
f 2405//2120 2376//2091 2375//2090 
f 2406//2121 2377//2092 2376//2091 
f 2407//2122 2378//2093 2377//2092 
f 2408//2123 2379//2094 2378//2093 
f 2409//2124 2380//2095 2379//2094 
f 2410//2125 2381//2096 2380//2095 
f 2411//2126 2382//2097 2381//2096 
f 2412//2127 2383//2098 2382//2097 
f 2413//2128 2384//2099 2383//2098 
f 2414//2129 2385//2100 2384//2099 
f 2415//2130 2386//2101 2385//2100 
f 2416//2131 2387//2102 2417//2132 
f 2418//2133 2389//2104 2387//2102 
f 2419//2134 2390//2105 2389//2104 
f 2420//2135 2391//2106 2390//2105 
f 2421//2136 2392//2107 2391//2106 
f 2422//2137 2393//2108 2392//2107 
f 2423//2138 2394//2109 2393//2108 
f 2424//2139 2395//2110 2394//2109 
f 2425//2140 2396//2111 2395//2110 
f 2426//2141 2397//2112 2396//2111 
f 2427//2142 2398//2113 2397//2112 
f 2428//2143 2399//2114 2398//2113 
f 2429//2144 2400//2115 2399//2114 
f 2430//2145 2401//2116 2400//2115 
f 2431//2146 2402//2117 2401//2116 
f 2432//2147 2403//2118 2402//2117 
f 2433//2148 2404//2119 2403//2118 
f 2434//2149 2405//2120 2404//2119 
f 2435//2150 2406//2121 2405//2120 
f 2436//2151 2407//2122 2406//2121 
f 2437//2152 2408//2123 2407//2122 
f 2438//2153 2409//2124 2408//2123 
f 2439//2154 2410//2125 2409//2124 
f 2440//2155 2411//2126 2410//2125 
f 2441//2156 2412//2127 2411//2126 
f 2442//2157 2413//2128 2412//2127 
f 2443//2158 2414//2129 2413//2128 
f 2444//2159 2415//2130 2414//2129 
f 2445//2160 2416//2131 2446//2161 
f 2447//2162 2418//2133 2416//2131 
f 2448//2163 2419//2134 2418//2133 
f 2449//2164 2420//2135 2419//2134 
f 2450//2165 2421//2136 2420//2135 
f 2451//2166 2422//2137 2421//2136 
f 2452//2167 2423//2138 2422//2137 
f 2453//2168 2424//2139 2423//2138 
f 2454//2169 2425//2140 2424//2139 
f 2455//2170 2426//2141 2425//2140 
f 2456//2171 2427//2142 2426//2141 
f 2457//2172 2428//2143 2427//2142 
f 2458//2173 2429//2144 2428//2143 
f 2459//2174 2430//2145 2429//2144 
f 2460//2175 2431//2146 2430//2145 
f 2461//2176 2432//2147 2431//2146 
f 2462//2177 2433//2148 2432//2147 
f 2463//2178 2434//2149 2433//2148 
f 2464//2179 2435//2150 2434//2149 
f 2465//2180 2436//2151 2435//2150 
f 2466//2181 2437//2152 2436//2151 
f 2467//2182 2438//2153 2437//2152 
f 2468//2183 2439//2154 2438//2153 
f 2469//2184 2440//2155 2439//2154 
f 2470//2185 2441//2156 2440//2155 
f 2471//2186 2442//2157 2441//2156 
f 2472//2187 2443//2158 2442//2157 
f 2473//2188 2444//2159 2443//2158 
f 2474//2189 2445//2160 2475//2190 
f 2476//2191 2447//2162 2445//2160 
f 2477//2192 2448//2163 2447//2162 
f 2478//2193 2449//2164 2448//2163 
f 2479//2194 2450//2165 2449//2164 
f 2480//2195 2451//2166 2450//2165 
f 2481//2196 2452//2167 2451//2166 
f 2482//2197 2453//2168 2452//2167 
f 2483//2198 2454//2169 2453//2168 
f 2484//2199 2455//2170 2454//2169 
f 2485//2200 2456//2171 2455//2170 
f 2486//2201 2457//2172 2456//2171 
f 2487//2202 2458//2173 2457//2172 
f 2488//2203 2459//2174 2458//2173 
f 2489//2204 2460//2175 2459//2174 
f 2490//2205 2461//2176 2460//2175 
f 2491//2206 2462//2177 2461//2176 
f 2492//2207 2463//2178 2462//2177 
f 2493//2208 2464//2179 2463//2178 
f 2494//2209 2465//2180 2464//2179 
f 2495//2210 2466//2181 2465//2180 
f 2496//2211 2467//2182 2466//2181 
f 2497//2212 2468//2183 2467//2182 
f 2498//2213 2469//2184 2468//2183 
f 2499//2214 2470//2185 2469//2184 
f 2500//2215 2471//2186 2470//2185 
f 2501//2216 2472//2187 2471//2186 
f 2502//2217 2473//2188 2472//2187 
f 2503//2218 2474//2189 2504//2219 
f 2505//2220 2476//2191 2474//2189 
f 2506//2221 2477//2192 2476//2191 
f 2507//2222 2478//2193 2477//2192 
f 2508//2223 2479//2194 2478//2193 
f 2509//2224 2480//2195 2479//2194 
f 2510//2225 2481//2196 2480//2195 
f 2511//2226 2482//2197 2481//2196 
f 2512//2227 2483//2198 2482//2197 
f 2513//2228 2484//2199 2483//2198 
f 2514//2229 2485//2200 2484//2199 
f 2515//2230 2486//2201 2485//2200 
f 2516//2231 2487//2202 2486//2201 
f 2517//2232 2488//2203 2487//2202 
f 2518//2233 2489//2204 2488//2203 
f 2519//2234 2490//2205 2489//2204 
f 2520//2235 2491//2206 2490//2205 
f 2521//2236 2492//2207 2491//2206 
f 2522//2237 2493//2208 2492//2207 
f 2523//2238 2494//2209 2493//2208 
f 2524//2239 2495//2210 2494//2209 
f 2525//2240 2496//2211 2495//2210 
f 2526//2241 2497//2212 2496//2211 
f 2527//2242 2498//2213 2497//2212 
f 2528//2243 2499//2214 2498//2213 
f 2529//2244 2500//2215 2499//2214 
f 2530//2245 2501//2216 2500//2215 
f 2531//2246 2502//2217 2501//2216 
f 2532//2247 2503//2218 2533//2248 
f 2534//2249 2505//2220 2503//2218 
f 2535//2250 2506//2221 2505//2220 
f 2536//2251 2507//2222 2506//2221 
f 2537//2252 2508//2223 2507//2222 
f 2538//2253 2509//2224 2508//2223 
f 2539//2254 2510//2225 2509//2224 
f 2540//2255 2511//2226 2510//2225 
f 2541//2256 2512//2227 2511//2226 
f 2542//2257 2513//2228 2512//2227 
f 2543//2258 2514//2229 2513//2228 
f 2544//2259 2515//2230 2514//2229 
f 2545//2260 2516//2231 2515//2230 
f 2546//2261 2517//2232 2516//2231 
f 2547//2262 2518//2233 2517//2232 
f 2548//2263 2519//2234 2518//2233 
f 2549//2264 2520//2235 2519//2234 
f 2550//2265 2521//2236 2520//2235 
f 2551//2266 2522//2237 2521//2236 
f 2552//2267 2523//2238 2522//2237 
f 2553//2268 2524//2239 2523//2238 
f 2554//2269 2525//2240 2524//2239 
f 2555//2270 2526//2241 2525//2240 
f 2556//2271 2527//2242 2526//2241 
f 2557//2272 2528//2243 2527//2242 
f 2558//2273 2529//2244 2528//2243 
f 2559//2274 2530//2245 2529//2244 
f 2560//2275 2531//2246 2530//2245 
f 2561//2276 2532//2247 2562//2277 
f 2563//2278 2534//2249 2532//2247 
f 2564//2279 2535//2250 2534//2249 
f 2565//2280 2536//2251 2535//2250 
f 2566//2281 2537//2252 2536//2251 
f 2567//2282 2538//2253 2537//2252 
f 2568//2283 2539//2254 2538//2253 
f 2569//2284 2540//2255 2539//2254 
f 2570//2285 2541//2256 2540//2255 
f 2571//2286 2542//2257 2541//2256 
f 2572//2287 2543//2258 2542//2257 
f 2573//2288 2544//2259 2543//2258 
f 2574//2289 2545//2260 2544//2259 
f 2575//2290 2546//2261 2545//2260 
f 2576//2291 2547//2262 2546//2261 
f 2577//2292 2548//2263 2547//2262 
f 2578//2293 2549//2264 2548//2263 
f 2579//2294 2550//2265 2549//2264 
f 2580//2295 2551//2266 2550//2265 
f 2581//2296 2552//2267 2551//2266 
f 2582//2297 2553//2268 2552//2267 
f 2583//2298 2554//2269 2553//2268 
f 2584//2299 2555//2270 2554//2269 
f 2585//2300 2556//2271 2555//2270 
f 2586//2301 2557//2272 2556//2271 
f 2587//2302 2558//2273 2557//2272 
f 2588//2303 2559//2274 2558//2273 
f 2589//2304 2560//2275 2559//2274 
f 2590//2305 2561//2276 2591//2306 
f 2592//2307 2563//2278 2561//2276 
f 2593//2308 2564//2279 2563//2278 
f 2594//2309 2565//2280 2564//2279 
f 2595//2310 2566//2281 2565//2280 
f 2596//2311 2567//2282 2566//2281 
f 2597//2312 2568//2283 2567//2282 
f 2598//2313 2569//2284 2568//2283 
f 2599//2314 2570//2285 2569//2284 
f 2600//2315 2571//2286 2570//2285 
f 2601//2316 2572//2287 2571//2286 
f 2602//2317 2573//2288 2572//2287 
f 2603//2318 2574//2289 2573//2288 
f 2604//2319 2575//2290 2574//2289 
f 2605//2320 2576//2291 2575//2290 
f 2606//2321 2577//2292 2576//2291 
f 2607//2322 2578//2293 2577//2292 
f 2608//2323 2579//2294 2578//2293 
f 2609//2324 2580//2295 2579//2294 
f 2610//2325 2581//2296 2580//2295 
f 2611//2326 2582//2297 2581//2296 
f 2612//2327 2583//2298 2582//2297 
f 2613//2328 2584//2299 2583//2298 
f 2614//2329 2585//2300 2584//2299 
f 2615//2330 2586//2301 2585//2300 
f 2616//2331 2587//2302 2586//2301 
f 2617//2332 2588//2303 2587//2302 
f 2618//2333 2589//2304 2588//2303 
f 2619//2334 2590//2305 2620//2335 
f 2621//2336 2592//2307 2590//2305 
f 2622//2337 2593//2308 2592//2307 
f 2623//2338 2594//2309 2593//2308 
f 2624//2339 2595//2310 2594//2309 
f 2625//2340 2596//2311 2595//2310 
f 2626//2341 2597//2312 2596//2311 
f 2627//2342 2598//2313 2597//2312 
f 2628//2343 2599//2314 2598//2313 
f 2629//2344 2600//2315 2599//2314 
f 2630//2345 2601//2316 2600//2315 
f 2631//2346 2602//2317 2601//2316 
f 2632//2347 2603//2318 2602//2317 
f 2633//2348 2604//2319 2603//2318 
f 2634//2349 2605//2320 2604//2319 
f 2635//2350 2606//2321 2605//2320 
f 2636//2351 2607//2322 2606//2321 
f 2637//2352 2608//2323 2607//2322 
f 2638//2353 2609//2324 2608//2323 
f 2639//2354 2610//2325 2609//2324 
f 2640//2355 2611//2326 2610//2325 
f 2641//2356 2612//2327 2611//2326 
f 2642//2357 2613//2328 2612//2327 
f 2643//2358 2614//2329 2613//2328 
f 2644//2359 2615//2330 2614//2329 
f 2645//2360 2616//2331 2615//2330 
f 2646//2361 2617//2332 2616//2331 
f 2647//2362 2618//2333 2617//2332 
f 2648//2363 2619//2334 2649//2364 
f 2650//2365 2621//2336 2619//2334 
f 2651//2366 2622//2337 2621//2336 
f 2652//2367 2623//2338 2622//2337 
f 2653//2368 2624//2339 2623//2338 
f 2654//2369 2625//2340 2624//2339 
f 2655//2370 2626//2341 2625//2340 
f 2656//2371 2627//2342 2626//2341 
f 2657//2372 2628//2343 2627//2342 
f 2658//2373 2629//2344 2628//2343 
f 2659//2374 2630//2345 2629//2344 
f 2660//2375 2631//2346 2630//2345 
f 2661//2376 2632//2347 2631//2346 
f 2662//2377 2633//2348 2632//2347 
f 2663//2378 2634//2349 2633//2348 
f 2664//2379 2635//2350 2634//2349 
f 2665//2380 2636//2351 2635//2350 
f 2666//2381 2637//2352 2636//2351 
f 2667//2382 2638//2353 2637//2352 
f 2668//2383 2639//2354 2638//2353 
f 2669//2384 2640//2355 2639//2354 
f 2670//2385 2641//2356 2640//2355 
f 2671//2386 2642//2357 2641//2356 
f 2672//2387 2643//2358 2642//2357 
f 2673//2388 2644//2359 2643//2358 
f 2674//2389 2645//2360 2644//2359 
f 2675//2390 2646//2361 2645//2360 
f 2676//2391 2647//2362 2646//2361 
f 2677//2392 2648//2363 2678//2393 
f 2679//2394 2650//2365 2648//2363 
f 2680//2395 2651//2366 2650//2365 
f 2681//2396 2652//2367 2651//2366 
f 2682//2397 2653//2368 2652//2367 
f 2683//2398 2654//2369 2653//2368 
f 2684//2399 2655//2370 2654//2369 
f 2685//2400 2656//2371 2655//2370 
f 2686//2401 2657//2372 2656//2371 
f 2687//2402 2658//2373 2657//2372 
f 2688//2403 2659//2374 2658//2373 
f 2689//2404 2660//2375 2659//2374 
f 2690//2405 2661//2376 2660//2375 
f 2691//2406 2662//2377 2661//2376 
f 2692//2407 2663//2378 2662//2377 
f 2693//2408 2664//2379 2663//2378 
f 2694//2409 2665//2380 2664//2379 
f 2695//2410 2666//2381 2665//2380 
f 2696//2411 2667//2382 2666//2381 
f 2697//2412 2668//2383 2667//2382 
f 2698//2413 2669//2384 2668//2383 
f 2699//2414 2670//2385 2669//2384 
f 2700//2415 2671//2386 2670//2385 
f 2701//2416 2672//2387 2671//2386 
f 2702//2417 2673//2388 2672//2387 
f 2703//2418 2674//2389 2673//2388 
f 2704//2419 2675//2390 2674//2389 
f 2705//2420 2676//2391 2675//2390 
f 2706//2421 2677//2392 2707//2422 
f 2708//2423 2679//2394 2677//2392 
f 2709//2424 2680//2395 2679//2394 
f 2710//2425 2681//2396 2680//2395 
f 2711//2426 2682//2397 2681//2396 
f 2712//2427 2683//2398 2682//2397 
f 2713//2428 2684//2399 2683//2398 
f 2714//2429 2685//2400 2684//2399 
f 2715//2430 2686//2401 2685//2400 
f 2716//2431 2687//2402 2686//2401 
f 2717//2432 2688//2403 2687//2402 
f 2718//2433 2689//2404 2688//2403 
f 2719//2434 2690//2405 2689//2404 
f 2720//2435 2691//2406 2690//2405 
f 2721//2436 2692//2407 2691//2406 
f 2722//2437 2693//2408 2692//2407 
f 2723//2438 2694//2409 2693//2408 
f 2724//2439 2695//2410 2694//2409 
f 2725//2440 2696//2411 2695//2410 
f 2726//2441 2697//2412 2696//2411 
f 2727//2442 2698//2413 2697//2412 
f 2728//2443 2699//2414 2698//2413 
f 2729//2444 2700//2415 2699//2414 
f 2730//2445 2701//2416 2700//2415 
f 2731//2446 2702//2417 2701//2416 
f 2732//2447 2703//2418 2702//2417 
f 2733//2448 2704//2419 2703//2418 
f 2734//2449 2705//2420 2704//2419 
f 2735//2450 2736//2451 2737//2452 
f 2738//2453 2706//2421 2736//2451 
f 2739//2454 2708//2423 2706//2421 
f 2740//2455 2709//2424 2708//2423 
f 2741//2456 2710//2425 2709//2424 
f 2742//2457 2711//2426 2710//2425 
f 2743//2458 2712//2427 2711//2426 
f 2744//2459 2713//2428 2712//2427 
f 2745//2460 2714//2429 2713//2428 
f 2746//2461 2715//2430 2714//2429 
f 2747//2462 2716//2431 2715//2430 
f 2748//2463 2717//2432 2716//2431 
f 2749//2464 2718//2433 2717//2432 
f 2750//2465 2719//2434 2718//2433 
f 2751//2466 2720//2435 2719//2434 
f 2752//2467 2721//2436 2720//2435 
f 2753//2468 2722//2437 2721//2436 
f 2754//2469 2723//2438 2722//2437 
f 2755//2470 2724//2439 2723//2438 
f 2756//2471 2725//2440 2724//2439 
f 2757//2472 2726//2441 2725//2440 
f 2758//2473 2727//2442 2726//2441 
f 2759//2474 2728//2443 2727//2442 
f 2760//2475 2729//2444 2728//2443 
f 2761//2476 2730//2445 2729//2444 
f 2762//2477 2731//2446 2730//2445 
f 2763//2478 2732//2447 2731//2446 
f 2764//2479 2733//2448 2732//2447 
f 2765//2480 2734//2449 2733//2448 
f 2766//2481 2767//2482 2734//2449 
f 2768//2483 2735//2450 2769//2484 
f 2770//2485 2738//2453 2735//2450 
f 2771//2486 2739//2454 2738//2453 
f 2772//2487 2740//2455 2739//2454 
f 2773//2488 2741//2456 2740//2455 
f 2774//2489 2742//2457 2741//2456 
f 2775//2490 2743//2458 2742//2457 
f 2776//2491 2744//2459 2743//2458 
f 2777//2492 2745//2460 2744//2459 
f 2778//2493 2746//2461 2745//2460 
f 2779//2494 2747//2462 2746//2461 
f 2780//2495 2748//2463 2747//2462 
f 2781//2496 2749//2464 2748//2463 
f 2782//2497 2750//2465 2749//2464 
f 2783//2498 2751//2466 2750//2465 
f 2784//2499 2752//2467 2751//2466 
f 2785//2500 2753//2468 2752//2467 
f 2786//2501 2754//2469 2753//2468 
f 2787//2502 2755//2470 2754//2469 
f 2788//2503 2756//2471 2755//2470 
f 2789//2504 2757//2472 2756//2471 
f 2790//2505 2758//2473 2757//2472 
f 2791//2506 2759//2474 2758//2473 
f 2792//2507 2760//2475 2759//2474 
f 2793//2508 2761//2476 2760//2475 
f 2794//2509 2762//2477 2761//2476 
f 2795//2510 2763//2478 2762//2477 
f 2796//2511 2764//2479 2763//2478 
f 2797//2512 2765//2480 2764//2479 
f 2798//2513 2766//2481 2765//2480 
f 2799//2514 2768//2483 2800//2515 
f 2801//2516 2770//2485 2768//2483 
f 2802//2517 2771//2486 2770//2485 
f 2803//2518 2772//2487 2771//2486 
f 2804//2519 2773//2488 2772//2487 
f 2805//2520 2774//2489 2773//2488 
f 2806//2521 2775//2490 2774//2489 
f 2807//2522 2776//2491 2775//2490 
f 2808//2523 2777//2492 2776//2491 
f 2809//2524 2778//2493 2777//2492 
f 2810//2525 2779//2494 2778//2493 
f 2811//2526 2780//2495 2779//2494 
f 2812//2527 2781//2496 2780//2495 
f 2813//2528 2782//2497 2781//2496 
f 2814//2529 2783//2498 2782//2497 
f 2815//2530 2784//2499 2783//2498 
f 2816//2531 2785//2500 2784//2499 
f 2817//2532 2786//2501 2785//2500 
f 2818//2533 2787//2502 2786//2501 
f 2819//2534 2788//2503 2787//2502 
f 2820//2535 2789//2504 2788//2503 
f 2821//2536 2790//2505 2789//2504 
f 2822//2537 2791//2506 2790//2505 
f 2823//2538 2792//2507 2791//2506 
f 2824//2539 2793//2508 2792//2507 
f 2825//2540 2794//2509 2793//2508 
f 2826//2541 2795//2510 2794//2509 
f 2827//2542 2796//2511 2795//2510 
f 2828//2543 2797//2512 2796//2511 
f 2829//2544 2798//2513 2797//2512 
f 2830//2545 2799//2514 2831//2546 
f 2832//2547 2801//2516 2799//2514 
f 2833//2548 2802//2517 2801//2516 
f 2834//2549 2803//2518 2802//2517 
f 2835//2550 2804//2519 2803//2518 
f 2836//2551 2805//2520 2804//2519 
f 2837//2552 2806//2521 2805//2520 
f 2838//2553 2807//2522 2806//2521 
f 2839//2554 2808//2523 2807//2522 
f 2840//2555 2809//2524 2808//2523 
f 2841//2556 2810//2525 2809//2524 
f 2842//2557 2811//2526 2810//2525 
f 2843//2558 2812//2527 2811//2526 
f 2844//2559 2813//2528 2812//2527 
f 2845//2560 2814//2529 2813//2528 
f 2846//2561 2815//2530 2814//2529 
f 2847//2562 2816//2531 2815//2530 
f 2848//2563 2817//2532 2816//2531 
f 2849//2564 2818//2533 2817//2532 
f 2850//2565 2819//2534 2818//2533 
f 2851//2566 2820//2535 2819//2534 
f 2852//2567 2821//2536 2820//2535 
f 2853//2568 2822//2537 2821//2536 
f 2854//2569 2823//2538 2822//2537 
f 2855//2570 2824//2539 2823//2538 
f 2856//2571 2825//2540 2824//2539 
f 2857//2572 2826//2541 2825//2540 
f 2858//2573 2827//2542 2826//2541 
f 2859//2574 2828//2543 2827//2542 
f 2860//2575 2829//2544 2828//2543 
f 2861//2576 2830//2545 2862//2577 
f 2863//2578 2832//2547 2830//2545 
f 2864//2579 2833//2548 2832//2547 
f 2865//2580 2834//2549 2833//2548 
f 2866//2581 2835//2550 2834//2549 
f 2867//2582 2836//2551 2835//2550 
f 2868//2583 2837//2552 2836//2551 
f 2869//2584 2838//2553 2837//2552 
f 2870//2585 2839//2554 2838//2553 
f 2871//2586 2840//2555 2839//2554 
f 2872//2587 2841//2556 2840//2555 
f 2873//2588 2842//2557 2841//2556 
f 2874//2589 2843//2558 2842//2557 
f 2875//2590 2844//2559 2843//2558 
f 2876//2591 2845//2560 2844//2559 
f 2877//2592 2846//2561 2845//2560 
f 2878//2593 2847//2562 2846//2561 
f 2879//2594 2848//2563 2847//2562 
f 2880//2595 2849//2564 2848//2563 
f 2881//2596 2850//2565 2849//2564 
f 2882//2597 2851//2566 2850//2565 
f 2883//2598 2852//2567 2851//2566 
f 2884//2599 2853//2568 2852//2567 
f 2885//2600 2854//2569 2853//2568 
f 2886//2601 2855//2570 2854//2569 
f 2887//2602 2856//2571 2855//2570 
f 2888//2603 2857//2572 2856//2571 
f 2889//2604 2858//2573 2857//2572 
f 2890//2605 2859//2574 2858//2573 
f 2891//2606 2860//2575 2859//2574 
f 2892//2607 2861//2576 2893//2608 
f 2894//2609 2863//2578 2861//2576 
f 2895//2610 2864//2579 2863//2578 
f 2896//2611 2865//2580 2864//2579 
f 2897//2612 2866//2581 2865//2580 
f 2898//2613 2867//2582 2866//2581 
f 2899//2614 2868//2583 2867//2582 
f 2900//2615 2869//2584 2868//2583 
f 2901//2616 2870//2585 2869//2584 
f 2902//2617 2871//2586 2870//2585 
f 2903//2618 2872//2587 2871//2586 
f 2904//2619 2873//2588 2872//2587 
f 2905//2620 2874//2589 2873//2588 
f 2906//2621 2875//2590 2874//2589 
f 2907//2622 2876//2591 2875//2590 
f 2908//2623 2877//2592 2876//2591 
f 2909//2624 2878//2593 2877//2592 
f 2910//2625 2879//2594 2878//2593 
f 2911//2626 2880//2595 2879//2594 
f 2912//2627 2881//2596 2880//2595 
f 2913//2628 2882//2597 2881//2596 
f 2914//2629 2883//2598 2882//2597 
f 2915//2630 2884//2599 2883//2598 
f 2916//2631 2885//2600 2884//2599 
f 2917//2632 2886//2601 2885//2600 
f 2918//2633 2887//2602 2886//2601 
f 2919//2634 2888//2603 2887//2602 
f 2920//2635 2889//2604 2888//2603 
f 2921//2636 2890//2605 2889//2604 
f 2922//2637 2891//2606 2890//2605 
f 2923//2638 2892//2607 2924//2639 
f 2925//2640 2894//2609 2892//2607 
f 2926//2641 2895//2610 2894//2609 
f 2927//2642 2896//2611 2895//2610 
f 2928//2643 2897//2612 2896//2611 
f 2929//2644 2898//2613 2897//2612 
f 2930//2645 2899//2614 2898//2613 
f 2931//2646 2900//2615 2899//2614 
f 2932//2647 2901//2616 2900//2615 
f 2933//2648 2902//2617 2901//2616 
f 2934//2649 2903//2618 2902//2617 
f 2935//2650 2904//2619 2903//2618 
f 2936//2651 2905//2620 2904//2619 
f 2937//2652 2906//2621 2905//2620 
f 2938//2653 2907//2622 2906//2621 
f 2939//2654 2908//2623 2907//2622 
f 2940//2655 2909//2624 2908//2623 
f 2941//2656 2910//2625 2909//2624 
f 2942//2657 2911//2626 2910//2625 
f 2943//2658 2912//2627 2911//2626 
f 2944//2659 2913//2628 2912//2627 
f 2945//2660 2914//2629 2913//2628 
f 2946//2661 2915//2630 2914//2629 
f 2947//2662 2916//2631 2915//2630 
f 2948//2663 2917//2632 2916//2631 
f 2949//2664 2918//2633 2917//2632 
f 2950//2665 2919//2634 2918//2633 
f 2951//2666 2920//2635 2919//2634 
f 2952//2667 2921//2636 2920//2635 
f 2953//2668 2922//2637 2921//2636 
f 2954//2669 2923//2638 2955//2670 
f 2956//2671 2925//2640 2923//2638 
f 2957//2672 2926//2641 2925//2640 
f 2958//2673 2927//2642 2926//2641 
f 2959//2674 2928//2643 2927//2642 
f 2960//2675 2929//2644 2928//2643 
f 2961//2676 2930//2645 2929//2644 
f 2962//2677 2931//2646 2930//2645 
f 2963//2678 2932//2647 2931//2646 
f 2964//2679 2933//2648 2932//2647 
f 2965//2680 2934//2649 2933//2648 
f 2966//2681 2935//2650 2934//2649 
f 2967//2682 2936//2651 2935//2650 
f 2968//2683 2937//2652 2936//2651 
f 2969//2684 2938//2653 2937//2652 
f 2970//2685 2939//2654 2938//2653 
f 2971//2686 2940//2655 2939//2654 
f 2972//2687 2941//2656 2940//2655 
f 2973//2688 2942//2657 2941//2656 
f 2974//2689 2943//2658 2942//2657 
f 2975//2690 2944//2659 2943//2658 
f 2976//2691 2945//2660 2944//2659 
f 2977//2692 2946//2661 2945//2660 
f 2978//2693 2947//2662 2946//2661 
f 2979//2694 2948//2663 2947//2662 
f 2980//2695 2949//2664 2948//2663 
f 2981//2696 2950//2665 2949//2664 
f 2982//2697 2951//2666 2950//2665 
f 2983//2698 2952//2667 2951//2666 
f 2984//2699 2953//2668 2952//2667 
f 2985//2700 2986//2701 2987//2702 
f 2988//2703 2954//2669 2986//2701 
f 2989//2704 2956//2671 2954//2669 
f 2990//2705 2957//2672 2956//2671 
f 2991//2706 2958//2673 2957//2672 
f 2992//2707 2959//2674 2958//2673 
f 2993//2708 2960//2675 2959//2674 
f 2994//2709 2961//2676 2960//2675 
f 2995//2710 2962//2677 2961//2676 
f 2996//2711 2963//2678 2962//2677 
f 2997//2712 2964//2679 2963//2678 
f 2998//2713 2965//2680 2964//2679 
f 2999//2714 2966//2681 2965//2680 
f 3000//2715 2967//2682 2966//2681 
f 3001//2716 2968//2683 2967//2682 
f 3002//2717 2969//2684 2968//2683 
f 3003//2718 2970//2685 2969//2684 
f 3004//2719 2971//2686 2970//2685 
f 3005//2720 2972//2687 2971//2686 
f 3006//2721 2973//2688 2972//2687 
f 3007//2722 2974//2689 2973//2688 
f 3008//2723 2975//2690 2974//2689 
f 3009//2724 2976//2691 2975//2690 
f 3010//2725 2977//2692 2976//2691 
f 3011//2726 2978//2693 2977//2692 
f 3012//2727 2979//2694 2978//2693 
f 3013//2728 2980//2695 2979//2694 
f 3014//2729 2981//2696 2980//2695 
f 3015//2730 2982//2697 2981//2696 
f 3016//2731 2983//2698 2982//2697 
f 3017//2732 2984//2699 2983//2698 
f 3018//2733 3019//2734 2984//2699 
f 3020//2735 2985//2700 3021//2736 
f 3022//2737 2988//2703 2985//2700 
f 3023//2738 2989//2704 2988//2703 
f 3024//2739 2990//2705 2989//2704 
f 3025//2740 2991//2706 2990//2705 
f 3026//2741 2992//2707 2991//2706 
f 3027//2742 2993//2708 2992//2707 
f 3028//2743 2994//2709 2993//2708 
f 3029//2744 2995//2710 2994//2709 
f 3030//2745 2996//2711 2995//2710 
f 3031//2746 2997//2712 2996//2711 
f 3032//2747 2998//2713 2997//2712 
f 3033//2748 2999//2714 2998//2713 
f 3034//2749 3000//2715 2999//2714 
f 3035//2750 3001//2716 3000//2715 
f 3036//2751 3002//2717 3001//2716 
f 3037//2752 3003//2718 3002//2717 
f 3038//2753 3004//2719 3003//2718 
f 3039//2754 3005//2720 3004//2719 
f 3040//2755 3006//2721 3005//2720 
f 3041//2756 3007//2722 3006//2721 
f 3042//2757 3008//2723 3007//2722 
f 3043//2758 3009//2724 3008//2723 
f 3044//2759 3010//2725 3009//2724 
f 3045//2760 3011//2726 3010//2725 
f 3046//2761 3012//2727 3011//2726 
f 3047//2762 3013//2728 3012//2727 
f 3048//2763 3014//2729 3013//2728 
f 3049//2764 3015//2730 3014//2729 
f 3050//2765 3016//2731 3015//2730 
f 3051//2766 3017//2732 3016//2731 
f 3052//2767 3018//2733 3017//2732 
f 3053//2768 3020//2735 3054//2769 
f 3055//2770 3022//2737 3020//2735 
f 3056//2771 3023//2738 3022//2737 
f 3057//2772 3024//2739 3023//2738 
f 3058//2773 3025//2740 3024//2739 
f 3059//2774 3026//2741 3025//2740 
f 3060//2775 3027//2742 3026//2741 
f 3061//2776 3028//2743 3027//2742 
f 3062//2777 3029//2744 3028//2743 
f 3063//2778 3030//2745 3029//2744 
f 3064//2779 3031//2746 3030//2745 
f 3065//2780 3032//2747 3031//2746 
f 3066//2781 3033//2748 3032//2747 
f 3067//2782 3034//2749 3033//2748 
f 3068//2783 3035//2750 3034//2749 
f 3069//2784 3036//2751 3035//2750 
f 3070//2785 3037//2752 3036//2751 
f 3071//2786 3038//2753 3037//2752 
f 3072//2787 3039//2754 3038//2753 
f 3073//2788 3040//2755 3039//2754 
f 3074//2789 3041//2756 3040//2755 
f 3075//2790 3042//2757 3041//2756 
f 3076//2791 3043//2758 3042//2757 
f 3077//2792 3044//2759 3043//2758 
f 3078//2793 3045//2760 3044//2759 
f 3079//2794 3046//2761 3045//2760 
f 3080//2795 3047//2762 3046//2761 
f 3081//2796 3048//2763 3047//2762 
f 3082//2797 3049//2764 3048//2763 
f 3083//2798 3050//2765 3049//2764 
f 3084//2799 3051//2766 3050//2765 
f 3085//2800 3052//2767 3051//2766 
f 3086//2801 3053//2768 3087//2802 
f 3088//2803 3055//2770 3053//2768 
f 3089//2804 3056//2771 3055//2770 
f 3090//2805 3057//2772 3056//2771 
f 3091//2806 3058//2773 3057//2772 
f 3092//2807 3059//2774 3058//2773 
f 3093//2808 3060//2775 3059//2774 
f 3094//2809 3061//2776 3060//2775 
f 3095//2810 3062//2777 3061//2776 
f 3096//2811 3063//2778 3062//2777 
f 3097//2812 3064//2779 3063//2778 
f 3098//2813 3065//2780 3064//2779 
f 3099//2814 3066//2781 3065//2780 
f 3100//2815 3067//2782 3066//2781 
f 3101//2816 3068//2783 3067//2782 
f 3102//2817 3069//2784 3068//2783 
f 3103//2818 3070//2785 3069//2784 
f 3104//2819 3071//2786 3070//2785 
f 3105//2820 3072//2787 3071//2786 
f 3106//2821 3073//2788 3072//2787 
f 3107//2822 3074//2789 3073//2788 
f 3108//2823 3075//2790 3074//2789 
f 3109//2824 3076//2791 3075//2790 
f 3110//2825 3077//2792 3076//2791 
f 3111//2826 3078//2793 3077//2792 
f 3112//2827 3079//2794 3078//2793 
f 3113//2828 3080//2795 3079//2794 
f 3114//2829 3081//2796 3080//2795 
f 3115//2830 3082//2797 3081//2796 
f 3116//2831 3083//2798 3082//2797 
f 3117//2832 3084//2799 3083//2798 
f 3118//2833 3085//2800 3084//2799 
f 3119//2834 3086//2801 3120//2835 
f 3121//2836 3088//2803 3086//2801 
f 3122//2837 3089//2804 3088//2803 
f 3123//2838 3090//2805 3089//2804 
f 3124//2839 3091//2806 3090//2805 
f 3125//2840 3092//2807 3091//2806 
f 3126//2841 3093//2808 3092//2807 
f 3127//2842 3094//2809 3093//2808 
f 3128//2843 3095//2810 3094//2809 
f 3129//2844 3096//2811 3095//2810 
f 3130//2845 3097//2812 3096//2811 
f 3131//2846 3098//2813 3097//2812 
f 3132//2847 3099//2814 3098//2813 
f 3133//2848 3100//2815 3099//2814 
f 3134//2849 3101//2816 3100//2815 
f 3135//2850 3102//2817 3101//2816 
f 3136//2851 3103//2818 3102//2817 
f 3137//2852 3104//2819 3103//2818 
f 3138//2853 3105//2820 3104//2819 
f 3139//2854 3106//2821 3105//2820 
f 3140//2855 3107//2822 3106//2821 
f 3141//2856 3108//2823 3107//2822 
f 3142//2857 3109//2824 3108//2823 
f 3143//2858 3110//2825 3109//2824 
f 3144//2859 3111//2826 3110//2825 
f 3145//2860 3112//2827 3111//2826 
f 3146//2861 3113//2828 3112//2827 
f 3147//2862 3114//2829 3113//2828 
f 3148//2863 3115//2830 3114//2829 
f 3149//2864 3116//2831 3115//2830 
f 3150//2865 3117//2832 3116//2831 
f 3151//2866 3118//2833 3117//2832 
f 3152//2867 3119//2834 3153//2868 
f 3154//2869 3121//2836 3119//2834 
f 3155//2870 3122//2837 3121//2836 
f 3156//2871 3123//2838 3122//2837 
f 3157//2872 3124//2839 3123//2838 
f 3158//2873 3125//2840 3124//2839 
f 3159//2874 3126//2841 3125//2840 
f 3160//2875 3127//2842 3126//2841 
f 3161//2876 3128//2843 3127//2842 
f 3162//2877 3129//2844 3128//2843 
f 3163//2878 3130//2845 3129//2844 
f 3164//2879 3131//2846 3130//2845 
f 3165//2880 3132//2847 3131//2846 
f 3166//2881 3133//2848 3132//2847 
f 3167//2882 3134//2849 3133//2848 
f 3168//2883 3135//2850 3134//2849 
f 3169//2884 3136//2851 3135//2850 
f 3170//2885 3137//2852 3136//2851 
f 3171//2886 3138//2853 3137//2852 
f 3172//2887 3139//2854 3138//2853 
f 3173//2888 3140//2855 3139//2854 
f 3174//2889 3141//2856 3140//2855 
f 3175//2890 3142//2857 3141//2856 
f 3176//2891 3143//2858 3142//2857 
f 3177//2892 3144//2859 3143//2858 
f 3178//2893 3145//2860 3144//2859 
f 3179//2894 3146//2861 3145//2860 
f 3180//2895 3147//2862 3146//2861 
f 3181//2896 3148//2863 3147//2862 
f 3182//2897 3149//2864 3148//2863 
f 3183//2898 3150//2865 3149//2864 
f 3184//2899 3151//2866 3150//2865 
f 3185//2900 3152//2867 3186//2901 
f 3187//2902 3154//2869 3152//2867 
f 3188//2903 3155//2870 3154//2869 
f 3189//2904 3156//2871 3155//2870 
f 3190//2905 3157//2872 3156//2871 
f 3191//2906 3158//2873 3157//2872 
f 3192//2907 3159//2874 3158//2873 
f 3193//2908 3160//2875 3159//2874 
f 3194//2909 3161//2876 3160//2875 
f 3195//2910 3162//2877 3161//2876 
f 3196//2911 3163//2878 3162//2877 
f 3197//2912 3164//2879 3163//2878 
f 3198//2913 3165//2880 3164//2879 
f 3199//2914 3166//2881 3165//2880 
f 3200//2915 3167//2882 3166//2881 
f 3201//2916 3168//2883 3167//2882 
f 3202//2917 3169//2884 3168//2883 
f 3203//2918 3170//2885 3169//2884 
f 3204//2919 3171//2886 3170//2885 
f 3205//2920 3172//2887 3171//2886 
f 3206//2921 3173//2888 3172//2887 
f 3207//2922 3174//2889 3173//2888 
f 3208//2923 3175//2890 3174//2889 
f 3209//2924 3176//2891 3175//2890 
f 3210//2925 3177//2892 3176//2891 
f 3211//2926 3178//2893 3177//2892 
f 3212//2927 3179//2894 3178//2893 
f 3213//2928 3180//2895 3179//2894 
f 3214//2929 3181//2896 3180//2895 
f 3215//2930 3182//2897 3181//2896 
f 3216//2931 3183//2898 3182//2897 
f 3217//2932 3184//2899 3183//2898 
f 3218//2933 3219//2934 3220//2935 
f 3221//2936 3185//2900 3219//2934 
f 3222//2937 3187//2902 3185//2900 
f 3223//2938 3188//2903 3187//2902 
f 3224//2939 3189//2904 3188//2903 
f 3225//2940 3190//2905 3189//2904 
f 3226//2941 3191//2906 3190//2905 
f 3227//2942 3192//2907 3191//2906 
f 3228//2943 3193//2908 3192//2907 
f 3229//2944 3194//2909 3193//2908 
f 3230//2945 3195//2910 3194//2909 
f 3231//2946 3196//2911 3195//2910 
f 3232//2947 3197//2912 3196//2911 
f 3233//2948 3198//2913 3197//2912 
f 3234//2949 3199//2914 3198//2913 
f 3235//2950 3200//2915 3199//2914 
f 3236//2951 3201//2916 3200//2915 
f 3237//2952 3202//2917 3201//2916 
f 3238//2953 3203//2918 3202//2917 
f 3239//2954 3204//2919 3203//2918 
f 3240//2955 3205//2920 3204//2919 
f 3241//2956 3206//2921 3205//2920 
f 3242//2957 3207//2922 3206//2921 
f 3243//2958 3208//2923 3207//2922 
f 3244//2959 3209//2924 3208//2923 
f 3245//2960 3210//2925 3209//2924 
f 3246//2961 3211//2926 3210//2925 
f 3247//2962 3212//2927 3211//2926 
f 3248//2963 3213//2928 3212//2927 
f 3249//2964 3214//2929 3213//2928 
f 3250//2965 3215//2930 3214//2929 
f 3251//2966 3216//2931 3215//2930 
f 3252//2967 3217//2932 3216//2931 
f 3253//2968 3254//2969 3217//2932 
f 3255//2970 3218//2933 3256//2971 
f 3257//2972 3221//2936 3218//2933 
f 3258//2973 3222//2937 3221//2936 
f 3259//2974 3223//2938 3222//2937 
f 3260//2975 3224//2939 3223//2938 
f 3261//2976 3225//2940 3224//2939 
f 3262//2977 3226//2941 3225//2940 
f 3263//2978 3227//2942 3226//2941 
f 3264//2979 3228//2943 3227//2942 
f 3265//2980 3229//2944 3228//2943 
f 3266//2981 3230//2945 3229//2944 
f 3267//2982 3231//2946 3230//2945 
f 3268//2983 3232//2947 3231//2946 
f 3269//2984 3233//2948 3232//2947 
f 3270//2985 3234//2949 3233//2948 
f 3271//2986 3235//2950 3234//2949 
f 3272//2987 3236//2951 3235//2950 
f 3273//2988 3237//2952 3236//2951 
f 3274//2989 3238//2953 3237//2952 
f 3275//2990 3239//2954 3238//2953 
f 3276//2991 3240//2955 3239//2954 
f 3277//2992 3241//2956 3240//2955 
f 3278//2993 3242//2957 3241//2956 
f 3279//2994 3243//2958 3242//2957 
f 3280//2995 3244//2959 3243//2958 
f 3281//2996 3245//2960 3244//2959 
f 3282//2997 3246//2961 3245//2960 
f 3283//2998 3247//2962 3246//2961 
f 3284//2999 3248//2963 3247//2962 
f 3285//3000 3249//2964 3248//2963 
f 3286//3001 3250//2965 3249//2964 
f 3287//3002 3251//2966 3250//2965 
f 3288//3003 3252//2967 3251//2966 
f 3289//3004 3253//2968 3252//2967 
f 3290//3005 3255//2970 3291//3006 
f 3292//3007 3257//2972 3255//2970 
f 3293//3008 3258//2973 3257//2972 
f 3294//3009 3259//2974 3258//2973 
f 3295//3010 3260//2975 3259//2974 
f 3296//3011 3261//2976 3260//2975 
f 3297//3012 3262//2977 3261//2976 
f 3298//3013 3263//2978 3262//2977 
f 3299//3014 3264//2979 3263//2978 
f 3300//3015 3265//2980 3264//2979 
f 3301//3016 3266//2981 3265//2980 
f 3302//3017 3267//2982 3266//2981 
f 3303//3018 3268//2983 3267//2982 
f 3304//3019 3269//2984 3268//2983 
f 3305//3020 3270//2985 3269//2984 
f 3306//3021 3271//2986 3270//2985 
f 3307//3022 3272//2987 3271//2986 
f 3308//3023 3273//2988 3272//2987 
f 3309//3024 3274//2989 3273//2988 
f 3310//3025 3275//2990 3274//2989 
f 3311//3026 3276//2991 3275//2990 
f 3312//3027 3277//2992 3276//2991 
f 3313//3028 3278//2993 3277//2992 
f 3314//3029 3279//2994 3278//2993 
f 3315//3030 3280//2995 3279//2994 
f 3316//3031 3281//2996 3280//2995 
f 3317//3032 3282//2997 3281//2996 
f 3318//3033 3283//2998 3282//2997 
f 3319//3034 3284//2999 3283//2998 
f 3320//3035 3285//3000 3284//2999 
f 3321//3036 3286//3001 3285//3000 
f 3322//3037 3287//3002 3286//3001 
f 3323//3038 3288//3003 3287//3002 
f 3324//3039 3289//3004 3288//3003 
f 3325//3040 3290//3005 3326//3041 
f 3327//3042 3292//3007 3290//3005 
f 3328//3043 3293//3008 3292//3007 
f 3329//3044 3294//3009 3293//3008 
f 3330//3045 3295//3010 3294//3009 
f 3331//3046 3296//3011 3295//3010 
f 3332//3047 3297//3012 3296//3011 
f 3333//3048 3298//3013 3297//3012 
f 3334//3049 3299//3014 3298//3013 
f 3335//3050 3300//3015 3299//3014 
f 3336//3051 3301//3016 3300//3015 
f 3337//3052 3302//3017 3301//3016 
f 3338//3053 3303//3018 3302//3017 
f 3339//3054 3304//3019 3303//3018 
f 3340//3055 3305//3020 3304//3019 
f 3341//3056 3306//3021 3305//3020 
f 3342//3057 3307//3022 3306//3021 
f 3343//3058 3308//3023 3307//3022 
f 3344//3059 3309//3024 3308//3023 
f 3345//3060 3310//3025 3309//3024 
f 3346//3061 3311//3026 3310//3025 
f 3347//3062 3312//3027 3311//3026 
f 3348//3063 3313//3028 3312//3027 
f 3349//3064 3314//3029 3313//3028 
f 3350//3065 3315//3030 3314//3029 
f 3351//3066 3316//3031 3315//3030 
f 3352//3067 3317//3032 3316//3031 
f 3353//3068 3318//3033 3317//3032 
f 3354//3069 3319//3034 3318//3033 
f 3355//3070 3320//3035 3319//3034 
f 3356//3071 3321//3036 3320//3035 
f 3357//3072 3322//3037 3321//3036 
f 3358//3073 3323//3038 3322//3037 
f 3359//3074 3324//3039 3323//3038 
f 3360//3075 3325//3040 3361//3076 
f 3362//3077 3327//3042 3325//3040 
f 3363//3078 3328//3043 3327//3042 
f 3364//3079 3329//3044 3328//3043 
f 3365//3080 3330//3045 3329//3044 
f 3366//3081 3331//3046 3330//3045 
f 3367//3082 3332//3047 3331//3046 
f 3368//3083 3333//3048 3332//3047 
f 3369//3084 3334//3049 3333//3048 
f 3370//3085 3335//3050 3334//3049 
f 3371//3086 3336//3051 3335//3050 
f 3372//3087 3337//3052 3336//3051 
f 3373//3088 3338//3053 3337//3052 
f 3374//3089 3339//3054 3338//3053 
f 3375//3090 3340//3055 3339//3054 
f 3376//3091 3341//3056 3340//3055 
f 3377//3092 3342//3057 3341//3056 
f 3378//3093 3343//3058 3342//3057 
f 3379//3094 3344//3059 3343//3058 
f 3380//3095 3345//3060 3344//3059 
f 3381//3096 3346//3061 3345//3060 
f 3382//3097 3347//3062 3346//3061 
f 3383//3098 3348//3063 3347//3062 
f 3384//3099 3349//3064 3348//3063 
f 3385//3100 3350//3065 3349//3064 
f 3386//3101 3351//3066 3350//3065 
f 3387//3102 3352//3067 3351//3066 
f 3388//3103 3353//3068 3352//3067 
f 3389//3104 3354//3069 3353//3068 
f 3390//3105 3355//3070 3354//3069 
f 3391//3106 3356//3071 3355//3070 
f 3392//3107 3357//3072 3356//3071 
f 3393//3108 3358//3073 3357//3072 
f 3394//3109 3359//3074 3358//3073 
f 3395//3110 3360//3075 3396//3111 
f 3397//3112 3362//3077 3360//3075 
f 3398//3113 3363//3078 3362//3077 
f 3399//3114 3364//3079 3363//3078 
f 3400//3115 3365//3080 3364//3079 
f 3401//3116 3366//3081 3365//3080 
f 3402//3117 3367//3082 3366//3081 
f 3403//3118 3368//3083 3367//3082 
f 3404//3119 3369//3084 3368//3083 
f 3405//3120 3370//3085 3369//3084 
f 3406//3121 3371//3086 3370//3085 
f 3407//3122 3372//3087 3371//3086 
f 3408//3123 3373//3088 3372//3087 
f 3409//3124 3374//3089 3373//3088 
f 3410//3125 3375//3090 3374//3089 
f 3411//3126 3376//3091 3375//3090 
f 3412//3127 3377//3092 3376//3091 
f 3413//3128 3378//3093 3377//3092 
f 3414//3129 3379//3094 3378//3093 
f 3415//3130 3380//3095 3379//3094 
f 3416//3131 3381//3096 3380//3095 
f 3417//3132 3382//3097 3381//3096 
f 3418//3133 3383//3098 3382//3097 
f 3419//3134 3384//3099 3383//3098 
f 3420//3135 3385//3100 3384//3099 
f 3421//3136 3386//3101 3385//3100 
f 3422//3137 3387//3102 3386//3101 
f 3423//3138 3388//3103 3387//3102 
f 3424//3139 3389//3104 3388//3103 
f 3425//3140 3390//3105 3389//3104 
f 3426//3141 3391//3106 3390//3105 
f 3427//3142 3392//3107 3391//3106 
f 3428//3143 3393//3108 3392//3107 
f 3429//3144 3394//3109 3393//3108 
f 3430//3145 3431//3146 3432//3147 
f 3433//3148 3395//3110 3431//3146 
f 3434//3149 3397//3112 3395//3110 
f 3435//3150 3398//3113 3397//3112 
f 3436//3151 3399//3114 3398//3113 
f 3437//3152 3400//3115 3399//3114 
f 3438//3153 3401//3116 3400//3115 
f 3439//3154 3402//3117 3401//3116 
f 3440//3155 3403//3118 3402//3117 
f 3441//3156 3404//3119 3403//3118 
f 3442//3157 3405//3120 3404//3119 
f 3443//3158 3406//3121 3405//3120 
f 3444//3159 3407//3122 3406//3121 
f 3445//3160 3408//3123 3407//3122 
f 3446//3161 3409//3124 3408//3123 
f 3447//3162 3410//3125 3409//3124 
f 3448//3163 3411//3126 3410//3125 
f 3449//3164 3412//3127 3411//3126 
f 3450//3165 3413//3128 3412//3127 
f 3451//3166 3414//3129 3413//3128 
f 3452//3167 3415//3130 3414//3129 
f 3453//3168 3416//3131 3415//3130 
f 3454//3169 3417//3132 3416//3131 
f 3455//3170 3418//3133 3417//3132 
f 3456//3171 3419//3134 3418//3133 
f 3457//3172 3420//3135 3419//3134 
f 3458//3173 3421//3136 3420//3135 
f 3459//3174 3422//3137 3421//3136 
f 3460//3175 3423//3138 3422//3137 
f 3461//3176 3424//3139 3423//3138 
f 3462//3177 3425//3140 3424//3139 
f 3463//3178 3426//3141 3425//3140 
f 3464//3179 3427//3142 3426//3141 
f 3465//3180 3428//3143 3427//3142 
f 3466//3181 3429//3144 3428//3143 
f 3467//3182 3468//3183 3429//3144 
f 3469//3184 3430//3145 3470//3185 
f 3471//3186 3433//3148 3430//3145 
f 3472//3187 3434//3149 3433//3148 
f 3473//3188 3435//3150 3434//3149 
f 3474//3189 3436//3151 3435//3150 
f 3475//3190 3437//3152 3436//3151 
f 3476//3191 3438//3153 3437//3152 
f 3477//3192 3439//3154 3438//3153 
f 3478//3193 3440//3155 3439//3154 
f 3479//3194 3441//3156 3440//3155 
f 3480//3195 3442//3157 3441//3156 
f 3481//3196 3443//3158 3442//3157 
f 3482//3197 3444//3159 3443//3158 
f 3483//3198 3445//3160 3444//3159 
f 3484//3199 3446//3161 3445//3160 
f 3485//3200 3447//3162 3446//3161 
f 3486//3201 3448//3163 3447//3162 
f 3487//3202 3449//3164 3448//3163 
f 3488//3203 3450//3165 3449//3164 
f 3489//3204 3451//3166 3450//3165 
f 3490//3205 3452//3167 3451//3166 
f 3491//3206 3453//3168 3452//3167 
f 3492//3207 3454//3169 3453//3168 
f 3493//3208 3455//3170 3454//3169 
f 3494//3209 3456//3171 3455//3170 
f 3495//3210 3457//3172 3456//3171 
f 3496//3211 3458//3173 3457//3172 
f 3497//3212 3459//3174 3458//3173 
f 3498//3213 3460//3175 3459//3174 
f 3499//3214 3461//3176 3460//3175 
f 3500//3215 3462//3177 3461//3176 
f 3501//3216 3463//3178 3462//3177 
f 3502//3217 3464//3179 3463//3178 
f 3503//3218 3465//3180 3464//3179 
f 3504//3219 3466//3181 3465//3180 
f 3505//3220 3467//3182 3466//3181 
f 3506//3221 3469//3184 3507//3222 
f 3508//3223 3471//3186 3469//3184 
f 3509//3224 3472//3187 3471//3186 
f 3510//3225 3473//3188 3472//3187 
f 3511//3226 3474//3189 3473//3188 
f 3512//3227 3475//3190 3474//3189 
f 3513//3228 3476//3191 3475//3190 
f 3514//3229 3477//3192 3476//3191 
f 3515//3230 3478//3193 3477//3192 
f 3516//3231 3479//3194 3478//3193 
f 3517//3232 3480//3195 3479//3194 
f 3518//3233 3481//3196 3480//3195 
f 3519//3234 3482//3197 3481//3196 
f 3520//3235 3483//3198 3482//3197 
f 3521//3236 3484//3199 3483//3198 
f 3522//3237 3485//3200 3484//3199 
f 3523//3238 3486//3201 3485//3200 
f 3524//3239 3487//3202 3486//3201 
f 3525//3240 3488//3203 3487//3202 
f 3526//3241 3489//3204 3488//3203 
f 3527//3242 3490//3205 3489//3204 
f 3528//3243 3491//3206 3490//3205 
f 3529//3244 3492//3207 3491//3206 
f 3530//3245 3493//3208 3492//3207 
f 3531//3246 3494//3209 3493//3208 
f 3532//3247 3495//3210 3494//3209 
f 3533//3248 3496//3211 3495//3210 
f 3534//3249 3497//3212 3496//3211 
f 3535//3250 3498//3213 3497//3212 
f 3536//3251 3499//3214 3498//3213 
f 3537//3252 3500//3215 3499//3214 
f 3538//3253 3501//3216 3500//3215 
f 3539//3254 3502//3217 3501//3216 
f 3540//3255 3503//3218 3502//3217 
f 3541//3256 3504//3219 3503//3218 
f 3542//3257 3505//3220 3504//3219 
f 3543//3258 3506//3221 3544//3259 
f 3545//3260 3508//3223 3506//3221 
f 3546//3261 3509//3224 3508//3223 
f 3547//3262 3510//3225 3509//3224 
f 3548//3263 3511//3226 3510//3225 
f 3549//3264 3512//3227 3511//3226 
f 3550//3265 3513//3228 3512//3227 
f 3551//3266 3514//3229 3513//3228 
f 3552//3267 3515//3230 3514//3229 
f 3553//3268 3516//3231 3515//3230 
f 3554//3269 3517//3232 3516//3231 
f 3555//3270 3518//3233 3517//3232 
f 3556//3271 3519//3234 3518//3233 
f 3557//3272 3520//3235 3519//3234 
f 3558//3273 3521//3236 3520//3235 
f 3559//3274 3522//3237 3521//3236 
f 3560//3275 3523//3238 3522//3237 
f 3561//3276 3524//3239 3523//3238 
f 3562//3277 3525//3240 3524//3239 
f 3563//3278 3526//3241 3525//3240 
f 3564//3279 3527//3242 3526//3241 
f 3565//3280 3528//3243 3527//3242 
f 3566//3281 3529//3244 3528//3243 
f 3567//3282 3530//3245 3529//3244 
f 3568//3283 3531//3246 3530//3245 
f 3569//3284 3532//3247 3531//3246 
f 3570//3285 3533//3248 3532//3247 
f 3571//3286 3534//3249 3533//3248 
f 3572//3287 3535//3250 3534//3249 
f 3573//3288 3536//3251 3535//3250 
f 3574//3289 3537//3252 3536//3251 
f 3575//3290 3538//3253 3537//3252 
f 3576//3291 3539//3254 3538//3253 
f 3577//3292 3540//3255 3539//3254 
f 3578//3293 3541//3256 3540//3255 
f 3579//3294 3542//3257 3541//3256 
f 3580//3295 3543//3258 3581//3296 
f 3582//3297 3545//3260 3543//3258 
f 3583//3298 3546//3261 3545//3260 
f 3584//3299 3547//3262 3546//3261 
f 3585//3300 3548//3263 3547//3262 
f 3586//3301 3549//3264 3548//3263 
f 3587//3302 3550//3265 3549//3264 
f 3588//3303 3551//3266 3550//3265 
f 3589//3304 3552//3267 3551//3266 
f 3590//3305 3553//3268 3552//3267 
f 3591//3306 3554//3269 3553//3268 
f 3592//3307 3555//3270 3554//3269 
f 3593//3308 3556//3271 3555//3270 
f 3594//3309 3557//3272 3556//3271 
f 3595//3310 3558//3273 3557//3272 
f 3596//3311 3559//3274 3558//3273 
f 3597//3312 3560//3275 3559//3274 
f 3598//3313 3561//3276 3560//3275 
f 3599//3314 3562//3277 3561//3276 
f 3600//3315 3563//3278 3562//3277 
f 3601//3316 3564//3279 3563//3278 
f 3602//3317 3565//3280 3564//3279 
f 3603//3318 3566//3281 3565//3280 
f 3604//3319 3567//3282 3566//3281 
f 3605//3320 3568//3283 3567//3282 
f 3606//3321 3569//3284 3568//3283 
f 3607//3322 3570//3285 3569//3284 
f 3608//3323 3571//3286 3570//3285 
f 3609//3324 3572//3287 3571//3286 
f 3610//3325 3573//3288 3572//3287 
f 3611//3326 3574//3289 3573//3288 
f 3612//3327 3575//3290 3574//3289 
f 3613//3328 3576//3291 3575//3290 
f 3614//3329 3577//3292 3576//3291 
f 3615//3330 3578//3293 3577//3292 
f 3616//3331 3579//3294 3578//3293 
f 3617//3332 3618//3333 3619//3334 
f 3620//3335 3580//3295 3618//3333 
f 3621//3336 3582//3297 3580//3295 
f 3622//3337 3583//3298 3582//3297 
f 3623//3338 3584//3299 3583//3298 
f 3624//3339 3585//3300 3584//3299 
f 3625//3340 3586//3301 3585//3300 
f 3626//3341 3587//3302 3586//3301 
f 3627//3342 3588//3303 3587//3302 
f 3628//3343 3589//3304 3588//3303 
f 3629//3344 3590//3305 3589//3304 
f 3630//3345 3591//3306 3590//3305 
f 3631//3346 3592//3307 3591//3306 
f 3632//3347 3593//3308 3592//3307 
f 3633//3348 3594//3309 3593//3308 
f 3634//3349 3595//3310 3594//3309 
f 3635//3350 3596//3311 3595//3310 
f 3636//3351 3597//3312 3596//3311 
f 3637//3352 3598//3313 3597//3312 
f 3638//3353 3599//3314 3598//3313 
f 3639//3354 3600//3315 3599//3314 
f 3640//3355 3601//3316 3600//3315 
f 3641//3356 3602//3317 3601//3316 
f 3642//3357 3603//3318 3602//3317 
f 3643//3358 3604//3319 3603//3318 
f 3644//3359 3605//3320 3604//3319 
f 3645//3360 3606//3321 3605//3320 
f 3646//3361 3607//3322 3606//3321 
f 3647//3362 3608//3323 3607//3322 
f 3648//3363 3609//3324 3608//3323 
f 3649//3364 3610//3325 3609//3324 
f 3650//3365 3611//3326 3610//3325 
f 3651//3366 3612//3327 3611//3326 
f 3652//3367 3613//3328 3612//3327 
f 3653//3368 3614//3329 3613//3328 
f 3654//3369 3615//3330 3614//3329 
f 3655//3370 3616//3331 3615//3330 
f 3656//3371 3657//3372 3616//3331 
f 3658//3373 3617//3332 3659//3374 
f 3660//3375 3620//3335 3617//3332 
f 3661//3376 3621//3336 3620//3335 
f 3662//3377 3622//3337 3621//3336 
f 3663//3378 3623//3338 3622//3337 
f 3664//3379 3624//3339 3623//3338 
f 3665//3380 3625//3340 3624//3339 
f 3666//3381 3626//3341 3625//3340 
f 3667//3382 3627//3342 3626//3341 
f 3668//3383 3628//3343 3627//3342 
f 3669//3384 3629//3344 3628//3343 
f 3670//3385 3630//3345 3629//3344 
f 3671//3386 3631//3346 3630//3345 
f 3672//3387 3632//3347 3631//3346 
f 3673//3388 3633//3348 3632//3347 
f 3674//3389 3634//3349 3633//3348 
f 3675//3390 3635//3350 3634//3349 
f 3676//3391 3636//3351 3635//3350 
f 3677//3392 3637//3352 3636//3351 
f 3678//3393 3638//3353 3637//3352 
f 3679//3394 3639//3354 3638//3353 
f 3680//3395 3640//3355 3639//3354 
f 3681//3396 3641//3356 3640//3355 
f 3682//3397 3642//3357 3641//3356 
f 3683//3398 3643//3358 3642//3357 
f 3684//3399 3644//3359 3643//3358 
f 3685//3400 3645//3360 3644//3359 
f 3686//3401 3646//3361 3645//3360 
f 3687//3402 3647//3362 3646//3361 
f 3688//3403 3648//3363 3647//3362 
f 3689//3404 3649//3364 3648//3363 
f 3690//3405 3650//3365 3649//3364 
f 3691//3406 3651//3366 3650//3365 
f 3692//3407 3652//3367 3651//3366 
f 3693//3408 3653//3368 3652//3367 
f 3694//3409 3654//3369 3653//3368 
f 3695//3410 3655//3370 3654//3369 
f 3696//3411 3656//3371 3655//3370 
f 3697//3412 3658//3373 3698//3413 
f 3699//3414 3660//3375 3658//3373 
f 3700//3415 3661//3376 3660//3375 
f 3701//3416 3662//3377 3661//3376 
f 3702//3417 3663//3378 3662//3377 
f 3703//3418 3664//3379 3663//3378 
f 3704//3419 3665//3380 3664//3379 
f 3705//3420 3666//3381 3665//3380 
f 3706//3421 3667//3382 3666//3381 
f 3707//3422 3668//3383 3667//3382 
f 3708//3423 3669//3384 3668//3383 
f 3709//3424 3670//3385 3669//3384 
f 3710//3425 3671//3386 3670//3385 
f 3711//3426 3672//3387 3671//3386 
f 3712//3427 3673//3388 3672//3387 
f 3713//3428 3674//3389 3673//3388 
f 3714//3429 3675//3390 3674//3389 
f 3715//3430 3676//3391 3675//3390 
f 3716//3431 3677//3392 3676//3391 
f 3717//3432 3678//3393 3677//3392 
f 3718//3433 3679//3394 3678//3393 
f 3719//3434 3680//3395 3679//3394 
f 3720//3435 3681//3396 3680//3395 
f 3721//3436 3682//3397 3681//3396 
f 3722//3437 3683//3398 3682//3397 
f 3723//3438 3684//3399 3683//3398 
f 3724//3439 3685//3400 3684//3399 
f 3725//3440 3686//3401 3685//3400 
f 3726//3441 3687//3402 3686//3401 
f 3727//3442 3688//3403 3687//3402 
f 3728//3443 3689//3404 3688//3403 
f 3729//3444 3690//3405 3689//3404 
f 3730//3445 3691//3406 3690//3405 
f 3731//3446 3692//3407 3691//3406 
f 3732//3447 3693//3408 3692//3407 
f 3733//3448 3694//3409 3693//3408 
f 3734//3449 3695//3410 3694//3409 
f 3735//3450 3696//3411 3695//3410 
f 3736//3451 3697//3412 3737//3452 
f 3738//3453 3699//3414 3697//3412 
f 3739//3454 3700//3415 3699//3414 
f 3740//3455 3701//3416 3700//3415 
f 3741//3456 3702//3417 3701//3416 
f 3742//3457 3703//3418 3702//3417 
f 3743//3458 3704//3419 3703//3418 
f 3744//3459 3705//3420 3704//3419 
f 3745//3460 3706//3421 3705//3420 
f 3746//3461 3707//3422 3706//3421 
f 3747//3462 3708//3423 3707//3422 
f 3748//3463 3709//3424 3708//3423 
f 3749//3464 3710//3425 3709//3424 
f 3750//3465 3711//3426 3710//3425 
f 3751//3466 3712//3427 3711//3426 
f 3752//3467 3713//3428 3712//3427 
f 3753//3468 3714//3429 3713//3428 
f 3754//3469 3715//3430 3714//3429 
f 3755//3470 3716//3431 3715//3430 
f 3756//3471 3717//3432 3716//3431 
f 3757//3472 3718//3433 3717//3432 
f 3758//3473 3719//3434 3718//3433 
f 3759//3474 3720//3435 3719//3434 
f 3760//3475 3721//3436 3720//3435 
f 3761//3476 3722//3437 3721//3436 
f 3762//3477 3723//3438 3722//3437 
f 3763//3478 3724//3439 3723//3438 
f 3764//3479 3725//3440 3724//3439 
f 3765//3480 3726//3441 3725//3440 
f 3766//3481 3727//3442 3726//3441 
f 3767//3482 3728//3443 3727//3442 
f 3768//3483 3729//3444 3728//3443 
f 3769//3484 3730//3445 3729//3444 
f 3770//3485 3731//3446 3730//3445 
f 3771//3486 3732//3447 3731//3446 
f 3772//3487 3733//3448 3732//3447 
f 3773//3488 3734//3449 3733//3448 
f 3774//3489 3735//3450 3734//3449 
f 3775//3490 3736//3451 3776//3491 
f 3777//3492 3738//3453 3736//3451 
f 3778//3493 3739//3454 3738//3453 
f 3779//3494 3740//3455 3739//3454 
f 3780//3495 3741//3456 3740//3455 
f 3781//3496 3742//3457 3741//3456 
f 3782//3497 3743//3458 3742//3457 
f 3783//3498 3744//3459 3743//3458 
f 3784//3499 3745//3460 3744//3459 
f 3785//3500 3746//3461 3745//3460 
f 3786//3501 3747//3462 3746//3461 
f 3787//3502 3748//3463 3747//3462 
f 3788//3503 3749//3464 3748//3463 
f 3789//3504 3750//3465 3749//3464 
f 3790//3505 3751//3466 3750//3465 
f 3791//3506 3752//3467 3751//3466 
f 3792//3507 3753//3468 3752//3467 
f 3793//3508 3754//3469 3753//3468 
f 3794//3509 3755//3470 3754//3469 
f 3795//3510 3756//3471 3755//3470 
f 3796//3511 3757//3472 3756//3471 
f 3797//3512 3758//3473 3757//3472 
f 3798//3513 3759//3474 3758//3473 
f 3799//3514 3760//3475 3759//3474 
f 3800//3515 3761//3476 3760//3475 
f 3801//3516 3762//3477 3761//3476 
f 3802//3517 3763//3478 3762//3477 
f 3803//3518 3764//3479 3763//3478 
f 3804//3519 3765//3480 3764//3479 
f 3805//3520 3766//3481 3765//3480 
f 3806//3521 3767//3482 3766//3481 
f 3807//3522 3768//3483 3767//3482 
f 3808//3523 3769//3484 3768//3483 
f 3809//3524 3770//3485 3769//3484 
f 3810//3525 3771//3486 3770//3485 
f 3811//3526 3772//3487 3771//3486 
f 3812//3527 3773//3488 3772//3487 
f 3813//3528 3774//3489 3773//3488 
f 3814//3529 3815//3530 3816//3531 
f 3817//3532 3775//3490 3815//3530 
f 3818//3533 3777//3492 3775//3490 
f 3819//3534 3778//3493 3777//3492 
f 3820//3535 3779//3494 3778//3493 
f 3821//3536 3780//3495 3779//3494 
f 3822//3537 3781//3496 3780//3495 
f 3823//3538 3782//3497 3781//3496 
f 3824//3539 3783//3498 3782//3497 
f 3825//3540 3784//3499 3783//3498 
f 3826//3541 3785//3500 3784//3499 
f 3827//3542 3786//3501 3785//3500 
f 3828//3543 3787//3502 3786//3501 
f 3829//3544 3788//3503 3787//3502 
f 3830//3545 3789//3504 3788//3503 
f 3831//3546 3790//3505 3789//3504 
f 3832//3547 3791//3506 3790//3505 
f 3833//3548 3792//3507 3791//3506 
f 3834//3549 3793//3508 3792//3507 
f 3835//3550 3794//3509 3793//3508 
f 3836//3551 3795//3510 3794//3509 
f 3837//3552 3796//3511 3795//3510 
f 3838//3553 3797//3512 3796//3511 
f 3839//3554 3798//3513 3797//3512 
f 3840//3555 3799//3514 3798//3513 
f 3841//3556 3800//3515 3799//3514 
f 3842//3557 3801//3516 3800//3515 
f 3843//3558 3802//3517 3801//3516 
f 3844//3559 3803//3518 3802//3517 
f 3845//3560 3804//3519 3803//3518 
f 3846//3561 3805//3520 3804//3519 
f 3847//3562 3806//3521 3805//3520 
f 3848//3563 3807//3522 3806//3521 
f 3849//3564 3808//3523 3807//3522 
f 3850//3565 3809//3524 3808//3523 
f 3851//3566 3810//3525 3809//3524 
f 3852//3567 3811//3526 3810//3525 
f 3853//3568 3812//3527 3811//3526 
f 3854//3569 3813//3528 3812//3527 
f 3855//3570 3856//3571 3813//3528 
f 3857//3572 3814//3529 3858//3573 
f 3859//3574 3817//3532 3814//3529 
f 3860//3575 3818//3533 3817//3532 
f 3861//3576 3819//3534 3818//3533 
f 3862//3577 3820//3535 3819//3534 
f 3863//3578 3821//3536 3820//3535 
f 3864//3579 3822//3537 3821//3536 
f 3865//3580 3823//3538 3822//3537 
f 3866//3581 3824//3539 3823//3538 
f 3867//3582 3825//3540 3824//3539 
f 3868//3583 3826//3541 3825//3540 
f 3869//3584 3827//3542 3826//3541 
f 3870//3585 3828//3543 3827//3542 
f 3871//3586 3829//3544 3828//3543 
f 3872//3587 3830//3545 3829//3544 
f 3873//3588 3831//3546 3830//3545 
f 3874//3589 3832//3547 3831//3546 
f 3875//3590 3833//3548 3832//3547 
f 3876//3591 3834//3549 3833//3548 
f 3877//3592 3835//3550 3834//3549 
f 3878//3593 3836//3551 3835//3550 
f 3879//3594 3837//3552 3836//3551 
f 3880//3595 3838//3553 3837//3552 
f 3881//3596 3839//3554 3838//3553 
f 3882//3597 3840//3555 3839//3554 
f 3883//3598 3841//3556 3840//3555 
f 3884//3599 3842//3557 3841//3556 
f 3885//3600 3843//3558 3842//3557 
f 3886//3601 3844//3559 3843//3558 
f 3887//3602 3845//3560 3844//3559 
f 3888//3603 3846//3561 3845//3560 
f 3889//3604 3847//3562 3846//3561 
f 3890//3605 3848//3563 3847//3562 
f 3891//3606 3849//3564 3848//3563 
f 3892//3607 3850//3565 3849//3564 
f 3893//3608 3851//3566 3850//3565 
f 3894//3609 3852//3567 3851//3566 
f 3895//3610 3853//3568 3852//3567 
f 3896//3611 3854//3569 3853//3568 
f 3897//3612 3855//3570 3854//3569 
f 3898//3613 3857//3572 3899//3614 
f 3900//3615 3859//3574 3857//3572 
f 3901//3616 3860//3575 3859//3574 
f 3902//3617 3861//3576 3860//3575 
f 3903//3618 3862//3577 3861//3576 
f 3904//3619 3863//3578 3862//3577 
f 3905//3620 3864//3579 3863//3578 
f 3906//3621 3865//3580 3864//3579 
f 3907//3622 3866//3581 3865//3580 
f 3908//3623 3867//3582 3866//3581 
f 3909//3624 3868//3583 3867//3582 
f 3910//3625 3869//3584 3868//3583 
f 3911//3626 3870//3585 3869//3584 
f 3912//3627 3871//3586 3870//3585 
f 3913//3628 3872//3587 3871//3586 
f 3914//3629 3873//3588 3872//3587 
f 3915//3630 3874//3589 3873//3588 
f 3916//3631 3875//3590 3874//3589 
f 3917//3632 3876//3591 3875//3590 
f 3918//3633 3877//3592 3876//3591 
f 3919//3634 3878//3593 3877//3592 
f 3920//3635 3879//3594 3878//3593 
f 3921//3636 3880//3595 3879//3594 
f 3922//3637 3881//3596 3880//3595 
f 3923//3638 3882//3597 3881//3596 
f 3924//3639 3883//3598 3882//3597 
f 3925//3640 3884//3599 3883//3598 
f 3926//3641 3885//3600 3884//3599 
f 3927//3642 3886//3601 3885//3600 
f 3928//3643 3887//3602 3886//3601 
f 3929//3644 3888//3603 3887//3602 
f 3930//3645 3889//3604 3888//3603 
f 3931//3646 3890//3605 3889//3604 
f 3932//3647 3891//3606 3890//3605 
f 3933//3648 3892//3607 3891//3606 
f 3934//3649 3893//3608 3892//3607 
f 3935//3650 3894//3609 3893//3608 
f 3936//3651 3895//3610 3894//3609 
f 3937//3652 3896//3611 3895//3610 
f 3938//3653 3897//3612 3896//3611 
f 3939//3654 3898//3613 3940//3655 
f 3941//3656 3900//3615 3898//3613 
f 3942//3657 3901//3616 3900//3615 
f 3943//3658 3902//3617 3901//3616 
f 3944//3659 3903//3618 3902//3617 
f 3945//3660 3904//3619 3903//3618 
f 3946//3661 3905//3620 3904//3619 
f 3947//3662 3906//3621 3905//3620 
f 3948//3663 3907//3622 3906//3621 
f 3949//3664 3908//3623 3907//3622 
f 3950//3665 3909//3624 3908//3623 
f 3951//3666 3910//3625 3909//3624 
f 3952//3667 3911//3626 3910//3625 
f 3953//3668 3912//3627 3911//3626 
f 3954//3669 3913//3628 3912//3627 
f 3955//3670 3914//3629 3913//3628 
f 3956//3671 3915//3630 3914//3629 
f 3957//3672 3916//3631 3915//3630 
f 3958//3673 3917//3632 3916//3631 
f 3959//3674 3918//3633 3917//3632 
f 3960//3675 3919//3634 3918//3633 
f 3961//3676 3920//3635 3919//3634 
f 3962//3677 3921//3636 3920//3635 
f 3963//3678 3922//3637 3921//3636 
f 3964//3679 3923//3638 3922//3637 
f 3965//3680 3924//3639 3923//3638 
f 3966//3681 3925//3640 3924//3639 
f 3967//3682 3926//3641 3925//3640 
f 3968//3683 3927//3642 3926//3641 
f 3969//3684 3928//3643 3927//3642 
f 3970//3685 3929//3644 3928//3643 
f 3971//3686 3930//3645 3929//3644 
f 3972//3687 3931//3646 3930//3645 
f 3973//3688 3932//3647 3931//3646 
f 3974//3689 3933//3648 3932//3647 
f 3975//3690 3934//3649 3933//3648 
f 3976//3691 3935//3650 3934//3649 
f 3977//3692 3936//3651 3935//3650 
f 3978//3693 3937//3652 3936//3651 
f 3979//3694 3938//3653 3937//3652 
f 3980//3695 3981//3696 4//3697 
f 3982//3698 3939//3654 3981//3696 
f 3983//3699 3941//3656 3939//3654 
f 3984//3700 3942//3657 3941//3656 
f 3985//3701 3943//3658 3942//3657 
f 3986//3702 3944//3659 3943//3658 
f 3987//3703 3945//3660 3944//3659 
f 3988//3704 3946//3661 3945//3660 
f 3989//3705 3947//3662 3946//3661 
f 3990//3706 3948//3663 3947//3662 
f 3991//3707 3949//3664 3948//3663 
f 3992//3708 3950//3665 3949//3664 
f 3993//3709 3951//3666 3950//3665 
f 3994//3710 3952//3667 3951//3666 
f 3995//3711 3953//3668 3952//3667 
f 3996//3712 3954//3669 3953//3668 
f 3997//3713 3955//3670 3954//3669 
f 3998//3714 3956//3671 3955//3670 
f 3999//3715 3957//3672 3956//3671 
f 4000//3716 3958//3673 3957//3672 
f 4001//3717 3959//3674 3958//3673 
f 4002//3718 3960//3675 3959//3674 
f 4003//3719 3961//3676 3960//3675 
f 4004//3720 3962//3677 3961//3676 
f 4005//3721 3963//3678 3962//3677 
f 4006//3722 3964//3679 3963//3678 
f 4007//3723 3965//3680 3964//3679 
f 4008//3724 3966//3681 3965//3680 
f 4009//3725 3967//3682 3966//3681 
f 4010//3726 3968//3683 3967//3682 
f 4011//3727 3969//3684 3968//3683 
f 4012//3728 3970//3685 3969//3684 
f 4013//3729 3971//3686 3970//3685 
f 4014//3730 3972//3687 3971//3686 
f 4015//3731 3973//3688 3972//3687 
f 4016//3732 3974//3689 3973//3688 
f 4017//3733 3975//3690 3974//3689 
f 4018//3734 3976//3691 3975//3690 
f 4019//3735 3977//3692 3976//3691 
f 4020//3736 3978//3693 3977//3692 
f 4021//3737 3979//3694 3978//3693 
f 2208//3738 2209//3739 3979//3694 
f 2197//3740 3980//3695 7//3741 
f 2197//3740 2196//3742 3982//3698 
f 2196//3742 2195//3743 3983//3699 
f 2195//3743 2194//3744 3984//3700 
f 2194//3744 2193//3745 3985//3701 
f 2193//3745 2192//3746 3986//3702 
f 2169//3747 3987//3703 3986//3702 
f 2169//3747 2168//3748 3988//3704 
f 2167//3749 3989//3705 3988//3704 
f 2167//3749 2166//3750 3990//3706 
f 2166//3750 2173//3751 3991//3707 
f 2172//3752 3992//3708 3991//3707 
f 2172//3752 2171//3753 3993//3709 
f 2171//3753 2170//3754 3994//3710 
f 2170//3754 2180//3755 3995//3711 
f 2180//3755 2179//3756 3996//3712 
f 2178//3757 3997//3713 3996//3712 
f 2178//3757 2177//3758 3998//3714 
f 2177//3758 2176//3759 3999//3715 
f 2176//3759 2191//3760 4000//3716 
f 2191//3760 2190//3761 4001//3717 
f 2190//3761 2201//3762 4002//3718 
f 2201//3762 2189//3763 4003//3719 
f 2189//3763 2188//3764 4004//3720 
f 2188//3764 2187//3765 4005//3721 
f 2187//3765 2186//3766 4006//3722 
f 2186//3766 2185//3767 4007//3723 
f 2185//3767 2175//3768 4008//3724 
f 2175//3768 2174//3769 4009//3725 
f 2174//3769 2184//3770 4010//3726 
f 2184//3770 2183//3771 4011//3727 
f 2200//3772 4012//3728 4011//3727 
f 2200//3772 2199//3773 4013//3729 
f 2199//3773 2198//3774 4014//3730 
f 2198//3774 2182//3775 4015//3731 
f 2181//3776 4016//3732 4015//3731 
f 2181//3776 2206//3777 4017//3733 
f 2206//3777 2205//3778 4018//3734 
f 2205//3778 2204//3779 4019//3735 
f 2204//3779 2203//3780 4020//3736 
f 2203//3780 2202//3781 4021//3737 
f 2202//3781 2207//3782 2208//3738 
f 3979//3694 2210//3783 2211//3784 
f 2211//3784 3938//3653 3979//3694 
f 2209//3739 2212//3785 2210//3783 
f 2210//3783 3979//3694 2209//3739 
f 3897//3612 3938//3653 2213//3786 
f 3938//3653 2214//3787 2213//3786 
f 3855//3570 3897//3612 2215//3788 
f 3897//3612 2216//3789 2215//3788 
f 3855//3570 2217//3790 2218//3791 
f 2218//3791 3856//3571 3855//3570 
f 3855//3570 2219//3792 2217//3790 
f 3774//3489 3813//3528 2220//3793 
f 3813//3528 3856//3571 2221//3794 
f 2221//3794 2220//3793 3813//3528 
f 3735//3450 3774//3489 2222//3795 
f 3774//3489 2223//3796 2222//3795 
f 3696//3411 3735//3450 2224//3797 
f 2224//3797 2225//3798 3696//3411 
f 3735//3450 2226//3799 2224//3797 
f 3696//3411 2227//3800 2228//3801 
f 2228//3801 3656//3371 3696//3411 
f 3657//3372 3656//3371 2229//3802 
f 3656//3371 2230//3803 2229//3802 
f 3579//3294 3616//3331 2231//3804 
f 3616//3331 3657//3372 2232//3805 
f 2232//3805 2231//3804 3616//3331 
f 3579//3294 2233//3806 2234//3807 
f 2234//3807 3542//3257 3579//3294 
f 3579//3294 2235//3808 2233//3806 
f 3505//3220 3542//3257 2236//3809 
f 3542//3257 2237//3810 2236//3809 
f 3467//3182 3505//3220 2238//3811 
f 3505//3220 2239//3812 2238//3811 
f 3467//3182 2240//3813 2241//3814 
f 2241//3814 3468//3183 3467//3182 
f 3467//3182 2242//3815 2240//3813 
f 3394//3109 3429//3144 2243//3816 
f 3429//3144 3468//3183 2244//3817 
f 2244//3817 2243//3816 3429//3144 
f 3359//3074 3394//3109 2245//3818 
f 3394//3109 2246//3819 2245//3818 
f 3359//3074 2247//3820 2248//3821 
f 2248//3821 3324//3039 3359//3074 
f 3359//3074 2249//3822 2247//3820 
f 3289//3004 3324//3039 2250//3823 
f 3324//3039 2251//3824 2250//3823 
f 3253//2968 3289//3004 2252//3825 
f 2252//3825 2253//3826 3253//2968 
f 3289//3004 2254//3827 2252//3825 
f 3254//2969 3253//2968 2255//3828 
f 3253//2968 2256//3829 2255//3828 
f 3254//2969 2257//3830 2258//3831 
f 3184//2899 3217//2932 2259//3832 
f 3217//2932 3254//2969 2259//3832 
f 2259//3832 2260//3833 3184//2899 
f 3151//2866 3184//2899 2261//3834 
f 3184//2899 2262//3835 2261//3834 
f 3118//2833 3151//2866 2263//3836 
f 3151//2866 2264//3837 2263//3836 
f 3118//2833 2265//3838 2266//3839 
f 2266//3839 3085//2800 3118//2833 
f 3118//2833 2267//3840 2265//3838 
f 3085//2800 2268//3841 2269//3842 
f 2269//3842 3052//2767 3085//2800 
f 3018//2733 3052//2767 2270//3843 
f 3052//2767 2271//3844 2270//3843 
f 3019//2734 3018//2733 2272//3845 
f 3018//2733 2273//3846 2272//3845 
f 3019//2734 2274//3847 2275//3848 
f 2953//2668 2984//2699 2276//3849 
f 2984//2699 3019//2734 2276//3849 
f 2276//3849 2277//3850 2953//2668 
f 2922//2637 2953//2668 2278//3851 
f 2953//2668 2279//3852 2278//3851 
f 2891//2606 2922//2637 2280//3853 
f 2922//2637 2281//3854 2280//3853 
f 2891//2606 2282//3855 2283//3856 
f 2283//3856 2860//2575 2891//2606 
f 2891//2606 2284//3857 2282//3855 
f 2860//2575 2285//3858 2286//3859 
f 2286//3859 2829//2544 2860//2575 
f 2798//2513 2829//2544 2287//3860 
f 2829//2544 2288//3861 2287//3860 
f 2798//2513 2289//3862 2290//3863 
f 2290//3863 2766//2481 2798//2513 
f 2798//2513 2291//3864 2289//3862 
f 2767//2482 2766//2481 2292//3865 
f 2766//2481 2293//3866 2292//3865 
f 2767//2482 2294//3867 2295//3868 
f 2295//3868 2296//3869 2767//2482 
f 2734//2449 2767//2482 2297//3870 
f 2297//3870 2705//2420 2734//2449 
f 2676//2391 2705//2420 2298//3871 
f 2705//2420 2299//3872 2298//3871 
f 2647//2362 2676//2391 2300//3873 
f 2676//2391 2301//3874 2300//3873 
f 2647//2362 2302//3875 2303//3876 
f 2303//3876 2618//2333 2647//2362 
f 2647//2362 2304//3877 2302//3875 
f 2618//2333 2305//3878 2306//3879 
f 2306//3879 2589//2304 2618//2333 
f 2560//2275 2589//2304 2307//3880 
f 2589//2304 2308//3881 2307//3880 
f 2531//2246 2560//2275 2309//3882 
f 2309//3882 2310//3883 2531//2246 
f 2560//2275 2311//3884 2309//3882 
f 2531//2246 2312//3885 2313//3886 
f 2313//3886 2502//2217 2531//2246 
f 2473//2188 2502//2217 2314//3887 
f 2502//2217 2315//3888 2314//3887 
f 2444//2159 2473//2188 2316//3889 
f 2473//2188 2317//3890 2316//3889 
f 2444//2159 2318//3891 2319//3892 
f 2319//3892 2415//2130 2444//2159 
f 2444//2159 2320//3893 2318//3891 
f 2386//2101 2415//2130 2321//3894 
f 2415//2130 2322//3895 2321//3894 
f 2357//2071 2386//2101 2323//3896 
f 2386//2101 2324//3897 2323//3896 
f 304//2072 2357//2071 2325//3898 
f 2357//2071 2326//3899 2325//3898 
f 307//2018 19//3900 13//3901 
f 13//3901 2359//2074 307//2018 
f 2359//2074 12//3902 17//3903 
f 17//3903 2388//2103 2359//2074 
f 2388//2103 16//3904 24//3905 
f 24//3905 2417//2132 2388//2103 
f 2446//2161 2417//2132 26//3906 
f 2417//2132 23//3907 26//3906 
f 26//3906 29//3908 2446//2161 
f 2446//2161 28//3909 34//3910 
f 34//3910 2475//2190 2446//2161 
f 2475//2190 33//3911 38//3912 
f 38//3912 2504//2219 2475//2190 
f 2533//2248 2504//2219 43//3913 
f 2504//2219 37//3914 43//3913 
f 2533//2248 40//3915 44//3916 
f 2533//2248 46//3917 40//3915 
f 44//3916 2562//2277 2533//2248 
f 2562//2277 48//3918 55//3919 
f 55//3919 2591//2306 2562//2277 
f 2620//2335 2591//2306 64//3920 
f 2591//2306 54//3921 64//3920 
f 2649//2364 2620//2335 72//3922 
f 2620//2335 63//3923 72//3922 
f 72//3922 77//3924 2649//2364 
f 2649//2364 76//3925 85//3926 
f 85//3926 2678//2393 2649//2364 
f 2678//2393 84//3927 51//3928 
f 51//3928 2707//2422 2678//2393 
f 2736//2451 2707//2422 71//3929 
f 2707//2422 50//3930 71//3929 
f 2737//2452 67//3931 59//3932 
f 2737//2452 71//3929 67//3931 
f 2737//2452 58//3933 66//3934 
f 66//3934 2769//2484 2737//2452 
f 2800//2515 2769//2484 80//3935 
f 2769//2484 74//3936 80//3935 
f 80//3935 86//3937 2800//2515 
f 2800//2515 88//3938 92//3939 
f 92//3939 2831//2546 2800//2515 
f 2862//2577 2831//2546 96//3940 
f 2831//2546 91//3941 96//3940 
f 2893//2608 2862//2577 97//3942 
f 2862//2577 95//3943 97//3942 
f 97//3942 102//3944 2893//2608 
f 2893//2608 101//3945 106//3946 
f 106//3946 2924//2639 2893//2608 
f 2924//2639 105//3947 112//3948 
f 112//3948 2955//2670 2924//2639 
f 2955//2670 108//3949 114//3950 
f 114//3950 2986//2701 2955//2670 
f 2955//2670 109//3951 108//3949 
f 2987//2702 114//3950 116//3952 
f 2987//2702 118//3953 125//3954 
f 125//3954 3021//2736 2987//2702 
f 3021//2736 124//3955 133//3956 
f 133//3956 3054//2769 3021//2736 
f 3087//2802 3054//2769 143//3957 
f 3054//2769 132//3958 143//3957 
f 3120//2835 3087//2802 140//3959 
f 3087//2802 150//3960 140//3959 
f 140//3959 148//3961 3120//2835 
f 3120//2835 156//3962 163//3963 
f 163//3963 3153//2868 3120//2835 
f 3153//2868 162//3964 139//3965 
f 139//3965 3186//2901 3153//2868 
f 3186//2901 129//3966 147//3967 
f 147//3967 3219//2934 3186//2901 
f 3186//2901 138//3968 129//3966 
f 3220//2935 147//3967 122//3969 
f 3220//2935 121//3970 135//3971 
f 135//3971 3256//2971 3220//2935 
f 3256//2971 144//3972 151//3973 
f 3256//2971 153//3974 144//3972 
f 151//3973 3291//3006 3256//2971 
f 3291//3006 159//3975 164//3976 
f 164//3976 3326//3041 3291//3006 
f 3361//3076 3326//3041 168//3977 
f 3326//3041 166//3978 168//3977 
f 168//3977 171//3979 3361//3076 
f 3361//3076 170//3980 179//3981 
f 179//3981 3396//3111 3361//3076 
f 3431//3146 181//3982 176//3983 
f 3396//3111 178//3984 181//3982 
f 181//3982 3431//3146 3396//3111 
f 3470//3185 3432//3147 183//3985 
f 3432//3147 175//3986 183//3985 
f 183//3985 188//3987 3470//3185 
f 3470//3185 187//3988 192//3989 
f 192//3989 3507//3222 3470//3185 
f 3507//3222 191//3990 196//3991 
f 196//3991 3544//3259 3507//3222 
f 3581//3296 3544//3259 198//3992 
f 3544//3259 195//3993 198//3992 
f 198//3992 206//3994 3581//3296 
f 3618//3333 209//3995 201//3996 
f 3581//3296 205//3997 209//3995 
f 209//3995 3618//3333 3581//3296 
f 3619//3334 202//3998 210//3999 
f 210//3999 3659//3374 3619//3334 
f 3698//3413 3659//3374 217//4000 
f 3659//3374 212//4001 217//4000 
f 3698//3413 214//4002 218//4003 
f 3698//3413 220//4004 214//4002 
f 218//4003 3737//3452 3698//3413 
f 3737//3452 223//4005 232//4006 
f 232//4006 3776//3491 3737//3452 
f 3815//3530 240//4007 244//4008 
f 3776//3491 231//4009 240//4007 
f 240//4007 3815//3530 3776//3491 
f 3858//3573 3816//3531 237//4010 
f 3816//3531 243//4011 237//4010 
f 237//4010 248//4012 3858//3573 
f 3858//3573 247//4013 228//4014 
f 228//4014 3899//3614 3858//3573 
f 3899//3614 227//4015 236//4016 
f 236//4016 3940//3655 3899//3614 
f 4//3697 3981//3696 1//4017 
f 3981//3696 3940//3655 221//4018 
f 3940//3655 235//4019 221//4018 
f 221//4018 1//4017 3981//3696 
f 1//4017 3//4020 4//3697 
f 236//4016 235//4019 3940//3655 
f 228//4014 227//4015 3899//3614 
f 248//4012 247//4013 3858//3573 
f 243//4011 3816//3531 244//4008 
f 244//4008 3816//3531 3815//3530 
f 232//4006 231//4009 3776//3491 
f 218//4003 223//4005 3737//3452 
f 217//4000 220//4004 3698//3413 
f 210//3999 212//4001 3659//3374 
f 202//3998 3619//3334 201//3996 
f 201//3996 3619//3334 3618//3333 
f 206//3994 205//3997 3581//3296 
f 196//3991 195//3993 3544//3259 
f 192//3989 191//3990 3507//3222 
f 188//3987 187//3988 3470//3185 
f 175//3986 3432//3147 176//3983 
f 176//3983 3432//3147 3431//3146 
f 179//3981 178//3984 3396//3111 
f 171//3979 170//3980 3361//3076 
f 164//3976 166//3978 3326//3041 
f 151//3973 159//3975 3291//3006 
f 135//3971 153//3974 3256//2971 
f 122//3969 121//3970 3220//2935 
f 147//3967 3220//2935 3219//2934 
f 139//3965 138//3968 3186//2901 
f 163//3963 162//3964 3153//2868 
f 148//3961 156//3962 3120//2835 
f 143//3957 150//3960 3087//2802 
f 133//3956 132//3958 3054//2769 
f 125//3954 124//3955 3021//2736 
f 116//3952 118//3953 2987//2702 
f 114//3950 2987//2702 2986//2701 
f 112//3948 109//3951 2955//2670 
f 106//3946 105//3947 2924//2639 
f 102//3944 101//3945 2893//2608 
f 96//3940 95//3943 2862//2577 
f 92//3939 91//3941 2831//2546 
f 86//3937 88//3938 2800//2515 
f 66//3934 74//3936 2769//2484 
f 59//3932 58//3933 2737//2452 
f 71//3929 2737//2452 2736//2451 
f 51//3928 50//3930 2707//2422 
f 85//3926 84//3927 2678//2393 
f 77//3924 76//3925 2649//2364 
f 64//3920 63//3923 2620//2335 
f 55//3919 54//3921 2591//2306 
f 44//3916 48//3918 2562//2277 
f 43//3913 46//3917 2533//2248 
f 38//3912 37//3914 2504//2219 
f 34//3910 33//3911 2475//2190 
f 29//3908 28//3909 2446//2161 
f 24//3905 23//3907 2417//2132 
f 17//3903 16//3904 2388//2103 
f 13//3901 12//3902 2359//2074 
f 2325//3898 306//4021 304//2072 
f 2323//3896 2326//3899 2357//2071 
f 2321//3894 2324//3897 2386//2101 
f 2319//3892 2322//3895 2415//2130 
f 2316//3889 2320//3893 2444//2159 
f 2314//3887 2317//3890 2473//2188 
f 2313//3886 2315//3888 2502//2217 
f 2310//3883 2312//3885 2531//2246 
f 2307//3880 2311//3884 2560//2275 
f 2306//3879 2308//3881 2589//2304 
f 2303//3876 2305//3878 2618//2333 
f 2300//3873 2304//3877 2647//2362 
f 2298//3871 2301//3874 2676//2391 
f 2297//3870 2299//3872 2705//2420 
f 2296//3869 2297//3870 2767//2482 
f 2292//3865 2294//3867 2767//2482 
f 2290//3863 2293//3866 2766//2481 
f 2287//3860 2291//3864 2798//2513 
f 2286//3859 2288//3861 2829//2544 
f 2283//3856 2285//3858 2860//2575 
f 2280//3853 2284//3857 2891//2606 
f 2278//3851 2281//3854 2922//2637 
f 2277//3850 2279//3852 2953//2668 
f 2275//3848 2276//3849 3019//2734 
f 2272//3845 2274//3847 3019//2734 
f 2270//3843 2273//3846 3018//2733 
f 2269//3842 2271//3844 3052//2767 
f 2266//3839 2268//3841 3085//2800 
f 2263//3836 2267//3840 3118//2833 
f 2261//3834 2264//3837 3151//2866 
f 2260//3833 2262//3835 3184//2899 
f 2258//3831 2259//3832 3254//2969 
f 2255//3828 2257//3830 3254//2969 
f 2253//3826 2256//3829 3253//2968 
f 2250//3823 2254//3827 3289//3004 
f 2248//3821 2251//3824 3324//3039 
f 2245//3818 2249//3822 3359//3074 
f 2243//3816 2246//3819 3394//3109 
f 2244//3817 3468//3183 2327//4022 
f 2241//3814 2327//4022 3468//3183 
f 2238//3811 2242//3815 3467//3182 
f 2236//3809 2239//3812 3505//3220 
f 2234//3807 2237//3810 3542//3257 
f 2231//3804 2235//3808 3579//3294 
f 2232//3805 3657//3372 2328//4023 
f 2229//3802 2328//4023 3657//3372 
f 2228//3801 2230//3803 3656//3371 
f 2225//3798 2227//3800 3696//3411 
f 2222//3795 2226//3799 3735//3450 
f 2220//3793 2223//3796 3774//3489 
f 2221//3794 3856//3571 2329//4024 
f 2218//3791 2329//4024 3856//3571 
f 2215//3788 2219//3792 3855//3570 
f 2213//3786 2216//3789 3897//3612 
f 2211//3784 2214//3787 3938//3653 
f 2208//3738 4021//3737 2202//3781 
f 4021//3737 4020//3736 2203//3780 
f 4020//3736 4019//3735 2204//3779 
f 4019//3735 4018//3734 2205//3778 
f 4018//3734 4017//3733 2206//3777 
f 4017//3733 4016//3732 2181//3776 
f 4015//3731 2182//3775 2181//3776 
f 4015//3731 4014//3730 2198//3774 
f 4014//3730 4013//3729 2199//3773 
f 4013//3729 4012//3728 2200//3772 
f 4011//3727 2183//3771 2200//3772 
f 4011//3727 4010//3726 2184//3770 
f 4010//3726 4009//3725 2174//3769 
f 4009//3725 4008//3724 2175//3768 
f 4008//3724 4007//3723 2185//3767 
f 4007//3723 4006//3722 2186//3766 
f 4006//3722 4005//3721 2187//3765 
f 4005//3721 4004//3720 2188//3764 
f 4004//3720 4003//3719 2189//3763 
f 4003//3719 4002//3718 2201//3762 
f 4002//3718 4001//3717 2190//3761 
f 4001//3717 4000//3716 2191//3760 
f 4000//3716 3999//3715 2176//3759 
f 3999//3715 3998//3714 2177//3758 
f 3998//3714 3997//3713 2178//3757 
f 3996//3712 2179//3756 2178//3757 
f 3996//3712 3995//3711 2180//3755 
f 3995//3711 3994//3710 2170//3754 
f 3994//3710 3993//3709 2171//3753 
f 3993//3709 3992//3708 2172//3752 
f 3991//3707 2173//3751 2172//3752 
f 3991//3707 3990//3706 2166//3750 
f 3990//3706 3989//3705 2167//3749 
f 3988//3704 2168//3748 2167//3749 
f 3988//3704 3987//3703 2169//3747 
f 3986//3702 2192//3746 2169//3747 
f 3986//3702 3985//3701 2193//3745 
f 3985//3701 3984//3700 2194//3744 
f 3984//3700 3983//3699 2195//3743 
f 3983//3699 3982//3698 2196//3742 
f 3982//3698 3980//3695 2197//3740 
f 7//3741 9//4025 2197//3740 
f 3979//3694 4021//3737 2208//3738 
f 3978//3693 4020//3736 4021//3737 
f 3977//3692 4019//3735 4020//3736 
f 3976//3691 4018//3734 4019//3735 
f 3975//3690 4017//3733 4018//3734 
f 3974//3689 4016//3732 4017//3733 
f 3973//3688 4015//3731 4016//3732 
f 3972//3687 4014//3730 4015//3731 
f 3971//3686 4013//3729 4014//3730 
f 3970//3685 4012//3728 4013//3729 
f 3969//3684 4011//3727 4012//3728 
f 3968//3683 4010//3726 4011//3727 
f 3967//3682 4009//3725 4010//3726 
f 3966//3681 4008//3724 4009//3725 
f 3965//3680 4007//3723 4008//3724 
f 3964//3679 4006//3722 4007//3723 
f 3963//3678 4005//3721 4006//3722 
f 3962//3677 4004//3720 4005//3721 
f 3961//3676 4003//3719 4004//3720 
f 3960//3675 4002//3718 4003//3719 
f 3959//3674 4001//3717 4002//3718 
f 3958//3673 4000//3716 4001//3717 
f 3957//3672 3999//3715 4000//3716 
f 3956//3671 3998//3714 3999//3715 
f 3955//3670 3997//3713 3998//3714 
f 3954//3669 3996//3712 3997//3713 
f 3953//3668 3995//3711 3996//3712 
f 3952//3667 3994//3710 3995//3711 
f 3951//3666 3993//3709 3994//3710 
f 3950//3665 3992//3708 3993//3709 
f 3949//3664 3991//3707 3992//3708 
f 3948//3663 3990//3706 3991//3707 
f 3947//3662 3989//3705 3990//3706 
f 3946//3661 3988//3704 3989//3705 
f 3945//3660 3987//3703 3988//3704 
f 3944//3659 3986//3702 3987//3703 
f 3943//3658 3985//3701 3986//3702 
f 3942//3657 3984//3700 3985//3701 
f 3941//3656 3983//3699 3984//3700 
f 3939//3654 3982//3698 3983//3699 
f 3981//3696 3980//3695 3982//3698 
f 4//3697 7//3741 3980//3695 
f 3937//3652 3978//3693 3979//3694 
f 3936//3651 3977//3692 3978//3693 
f 3935//3650 3976//3691 3977//3692 
f 3934//3649 3975//3690 3976//3691 
f 3933//3648 3974//3689 3975//3690 
f 3932//3647 3973//3688 3974//3689 
f 3931//3646 3972//3687 3973//3688 
f 3930//3645 3971//3686 3972//3687 
f 3929//3644 3970//3685 3971//3686 
f 3928//3643 3969//3684 3970//3685 
f 3927//3642 3968//3683 3969//3684 
f 3926//3641 3967//3682 3968//3683 
f 3925//3640 3966//3681 3967//3682 
f 3924//3639 3965//3680 3966//3681 
f 3923//3638 3964//3679 3965//3680 
f 3922//3637 3963//3678 3964//3679 
f 3921//3636 3962//3677 3963//3678 
f 3920//3635 3961//3676 3962//3677 
f 3919//3634 3960//3675 3961//3676 
f 3918//3633 3959//3674 3960//3675 
f 3917//3632 3958//3673 3959//3674 
f 3916//3631 3957//3672 3958//3673 
f 3915//3630 3956//3671 3957//3672 
f 3914//3629 3955//3670 3956//3671 
f 3913//3628 3954//3669 3955//3670 
f 3912//3627 3953//3668 3954//3669 
f 3911//3626 3952//3667 3953//3668 
f 3910//3625 3951//3666 3952//3667 
f 3909//3624 3950//3665 3951//3666 
f 3908//3623 3949//3664 3950//3665 
f 3907//3622 3948//3663 3949//3664 
f 3906//3621 3947//3662 3948//3663 
f 3905//3620 3946//3661 3947//3662 
f 3904//3619 3945//3660 3946//3661 
f 3903//3618 3944//3659 3945//3660 
f 3902//3617 3943//3658 3944//3659 
f 3901//3616 3942//3657 3943//3658 
f 3900//3615 3941//3656 3942//3657 
f 3898//3613 3939//3654 3941//3656 
f 3940//3655 3981//3696 3939//3654 
f 3896//3611 3937//3652 3938//3653 
f 3895//3610 3936//3651 3937//3652 
f 3894//3609 3935//3650 3936//3651 
f 3893//3608 3934//3649 3935//3650 
f 3892//3607 3933//3648 3934//3649 
f 3891//3606 3932//3647 3933//3648 
f 3890//3605 3931//3646 3932//3647 
f 3889//3604 3930//3645 3931//3646 
f 3888//3603 3929//3644 3930//3645 
f 3887//3602 3928//3643 3929//3644 
f 3886//3601 3927//3642 3928//3643 
f 3885//3600 3926//3641 3927//3642 
f 3884//3599 3925//3640 3926//3641 
f 3883//3598 3924//3639 3925//3640 
f 3882//3597 3923//3638 3924//3639 
f 3881//3596 3922//3637 3923//3638 
f 3880//3595 3921//3636 3922//3637 
f 3879//3594 3920//3635 3921//3636 
f 3878//3593 3919//3634 3920//3635 
f 3877//3592 3918//3633 3919//3634 
f 3876//3591 3917//3632 3918//3633 
f 3875//3590 3916//3631 3917//3632 
f 3874//3589 3915//3630 3916//3631 
f 3873//3588 3914//3629 3915//3630 
f 3872//3587 3913//3628 3914//3629 
f 3871//3586 3912//3627 3913//3628 
f 3870//3585 3911//3626 3912//3627 
f 3869//3584 3910//3625 3911//3626 
f 3868//3583 3909//3624 3910//3625 
f 3867//3582 3908//3623 3909//3624 
f 3866//3581 3907//3622 3908//3623 
f 3865//3580 3906//3621 3907//3622 
f 3864//3579 3905//3620 3906//3621 
f 3863//3578 3904//3619 3905//3620 
f 3862//3577 3903//3618 3904//3619 
f 3861//3576 3902//3617 3903//3618 
f 3860//3575 3901//3616 3902//3617 
f 3859//3574 3900//3615 3901//3616 
f 3857//3572 3898//3613 3900//3615 
f 3899//3614 3940//3655 3898//3613 
f 3854//3569 3896//3611 3897//3612 
f 3853//3568 3895//3610 3896//3611 
f 3852//3567 3894//3609 3895//3610 
f 3851//3566 3893//3608 3894//3609 
f 3850//3565 3892//3607 3893//3608 
f 3849//3564 3891//3606 3892//3607 
f 3848//3563 3890//3605 3891//3606 
f 3847//3562 3889//3604 3890//3605 
f 3846//3561 3888//3603 3889//3604 
f 3845//3560 3887//3602 3888//3603 
f 3844//3559 3886//3601 3887//3602 
f 3843//3558 3885//3600 3886//3601 
f 3842//3557 3884//3599 3885//3600 
f 3841//3556 3883//3598 3884//3599 
f 3840//3555 3882//3597 3883//3598 
f 3839//3554 3881//3596 3882//3597 
f 3838//3553 3880//3595 3881//3596 
f 3837//3552 3879//3594 3880//3595 
f 3836//3551 3878//3593 3879//3594 
f 3835//3550 3877//3592 3878//3593 
f 3834//3549 3876//3591 3877//3592 
f 3833//3548 3875//3590 3876//3591 
f 3832//3547 3874//3589 3875//3590 
f 3831//3546 3873//3588 3874//3589 
f 3830//3545 3872//3587 3873//3588 
f 3829//3544 3871//3586 3872//3587 
f 3828//3543 3870//3585 3871//3586 
f 3827//3542 3869//3584 3870//3585 
f 3826//3541 3868//3583 3869//3584 
f 3825//3540 3867//3582 3868//3583 
f 3824//3539 3866//3581 3867//3582 
f 3823//3538 3865//3580 3866//3581 
f 3822//3537 3864//3579 3865//3580 
f 3821//3536 3863//3578 3864//3579 
f 3820//3535 3862//3577 3863//3578 
f 3819//3534 3861//3576 3862//3577 
f 3818//3533 3860//3575 3861//3576 
f 3817//3532 3859//3574 3860//3575 
f 3814//3529 3857//3572 3859//3574 
f 3858//3573 3899//3614 3857//3572 
f 3813//3528 3854//3569 3855//3570 
f 3812//3527 3853//3568 3854//3569 
f 3811//3526 3852//3567 3853//3568 
f 3810//3525 3851//3566 3852//3567 
f 3809//3524 3850//3565 3851//3566 
f 3808//3523 3849//3564 3850//3565 
f 3807//3522 3848//3563 3849//3564 
f 3806//3521 3847//3562 3848//3563 
f 3805//3520 3846//3561 3847//3562 
f 3804//3519 3845//3560 3846//3561 
f 3803//3518 3844//3559 3845//3560 
f 3802//3517 3843//3558 3844//3559 
f 3801//3516 3842//3557 3843//3558 
f 3800//3515 3841//3556 3842//3557 
f 3799//3514 3840//3555 3841//3556 
f 3798//3513 3839//3554 3840//3555 
f 3797//3512 3838//3553 3839//3554 
f 3796//3511 3837//3552 3838//3553 
f 3795//3510 3836//3551 3837//3552 
f 3794//3509 3835//3550 3836//3551 
f 3793//3508 3834//3549 3835//3550 
f 3792//3507 3833//3548 3834//3549 
f 3791//3506 3832//3547 3833//3548 
f 3790//3505 3831//3546 3832//3547 
f 3789//3504 3830//3545 3831//3546 
f 3788//3503 3829//3544 3830//3545 
f 3787//3502 3828//3543 3829//3544 
f 3786//3501 3827//3542 3828//3543 
f 3785//3500 3826//3541 3827//3542 
f 3784//3499 3825//3540 3826//3541 
f 3783//3498 3824//3539 3825//3540 
f 3782//3497 3823//3538 3824//3539 
f 3781//3496 3822//3537 3823//3538 
f 3780//3495 3821//3536 3822//3537 
f 3779//3494 3820//3535 3821//3536 
f 3778//3493 3819//3534 3820//3535 
f 3777//3492 3818//3533 3819//3534 
f 3775//3490 3817//3532 3818//3533 
f 3815//3530 3814//3529 3817//3532 
f 3816//3531 3858//3573 3814//3529 
f 3773//3488 3812//3527 3813//3528 
f 3772//3487 3811//3526 3812//3527 
f 3771//3486 3810//3525 3811//3526 
f 3770//3485 3809//3524 3810//3525 
f 3769//3484 3808//3523 3809//3524 
f 3768//3483 3807//3522 3808//3523 
f 3767//3482 3806//3521 3807//3522 
f 3766//3481 3805//3520 3806//3521 
f 3765//3480 3804//3519 3805//3520 
f 3764//3479 3803//3518 3804//3519 
f 3763//3478 3802//3517 3803//3518 
f 3762//3477 3801//3516 3802//3517 
f 3761//3476 3800//3515 3801//3516 
f 3760//3475 3799//3514 3800//3515 
f 3759//3474 3798//3513 3799//3514 
f 3758//3473 3797//3512 3798//3513 
f 3757//3472 3796//3511 3797//3512 
f 3756//3471 3795//3510 3796//3511 
f 3755//3470 3794//3509 3795//3510 
f 3754//3469 3793//3508 3794//3509 
f 3753//3468 3792//3507 3793//3508 
f 3752//3467 3791//3506 3792//3507 
f 3751//3466 3790//3505 3791//3506 
f 3750//3465 3789//3504 3790//3505 
f 3749//3464 3788//3503 3789//3504 
f 3748//3463 3787//3502 3788//3503 
f 3747//3462 3786//3501 3787//3502 
f 3746//3461 3785//3500 3786//3501 
f 3745//3460 3784//3499 3785//3500 
f 3744//3459 3783//3498 3784//3499 
f 3743//3458 3782//3497 3783//3498 
f 3742//3457 3781//3496 3782//3497 
f 3741//3456 3780//3495 3781//3496 
f 3740//3455 3779//3494 3780//3495 
f 3739//3454 3778//3493 3779//3494 
f 3738//3453 3777//3492 3778//3493 
f 3736//3451 3775//3490 3777//3492 
f 3776//3491 3815//3530 3775//3490 
f 3734//3449 3773//3488 3774//3489 
f 3733//3448 3772//3487 3773//3488 
f 3732//3447 3771//3486 3772//3487 
f 3731//3446 3770//3485 3771//3486 
f 3730//3445 3769//3484 3770//3485 
f 3729//3444 3768//3483 3769//3484 
f 3728//3443 3767//3482 3768//3483 
f 3727//3442 3766//3481 3767//3482 
f 3726//3441 3765//3480 3766//3481 
f 3725//3440 3764//3479 3765//3480 
f 3724//3439 3763//3478 3764//3479 
f 3723//3438 3762//3477 3763//3478 
f 3722//3437 3761//3476 3762//3477 
f 3721//3436 3760//3475 3761//3476 
f 3720//3435 3759//3474 3760//3475 
f 3719//3434 3758//3473 3759//3474 
f 3718//3433 3757//3472 3758//3473 
f 3717//3432 3756//3471 3757//3472 
f 3716//3431 3755//3470 3756//3471 
f 3715//3430 3754//3469 3755//3470 
f 3714//3429 3753//3468 3754//3469 
f 3713//3428 3752//3467 3753//3468 
f 3712//3427 3751//3466 3752//3467 
f 3711//3426 3750//3465 3751//3466 
f 3710//3425 3749//3464 3750//3465 
f 3709//3424 3748//3463 3749//3464 
f 3708//3423 3747//3462 3748//3463 
f 3707//3422 3746//3461 3747//3462 
f 3706//3421 3745//3460 3746//3461 
f 3705//3420 3744//3459 3745//3460 
f 3704//3419 3743//3458 3744//3459 
f 3703//3418 3742//3457 3743//3458 
f 3702//3417 3741//3456 3742//3457 
f 3701//3416 3740//3455 3741//3456 
f 3700//3415 3739//3454 3740//3455 
f 3699//3414 3738//3453 3739//3454 
f 3697//3412 3736//3451 3738//3453 
f 3737//3452 3776//3491 3736//3451 
f 3695//3410 3734//3449 3735//3450 
f 3694//3409 3733//3448 3734//3449 
f 3693//3408 3732//3447 3733//3448 
f 3692//3407 3731//3446 3732//3447 
f 3691//3406 3730//3445 3731//3446 
f 3690//3405 3729//3444 3730//3445 
f 3689//3404 3728//3443 3729//3444 
f 3688//3403 3727//3442 3728//3443 
f 3687//3402 3726//3441 3727//3442 
f 3686//3401 3725//3440 3726//3441 
f 3685//3400 3724//3439 3725//3440 
f 3684//3399 3723//3438 3724//3439 
f 3683//3398 3722//3437 3723//3438 
f 3682//3397 3721//3436 3722//3437 
f 3681//3396 3720//3435 3721//3436 
f 3680//3395 3719//3434 3720//3435 
f 3679//3394 3718//3433 3719//3434 
f 3678//3393 3717//3432 3718//3433 
f 3677//3392 3716//3431 3717//3432 
f 3676//3391 3715//3430 3716//3431 
f 3675//3390 3714//3429 3715//3430 
f 3674//3389 3713//3428 3714//3429 
f 3673//3388 3712//3427 3713//3428 
f 3672//3387 3711//3426 3712//3427 
f 3671//3386 3710//3425 3711//3426 
f 3670//3385 3709//3424 3710//3425 
f 3669//3384 3708//3423 3709//3424 
f 3668//3383 3707//3422 3708//3423 
f 3667//3382 3706//3421 3707//3422 
f 3666//3381 3705//3420 3706//3421 
f 3665//3380 3704//3419 3705//3420 
f 3664//3379 3703//3418 3704//3419 
f 3663//3378 3702//3417 3703//3418 
f 3662//3377 3701//3416 3702//3417 
f 3661//3376 3700//3415 3701//3416 
f 3660//3375 3699//3414 3700//3415 
f 3658//3373 3697//3412 3699//3414 
f 3698//3413 3737//3452 3697//3412 
f 3655//3370 3695//3410 3696//3411 
f 3654//3369 3694//3409 3695//3410 
f 3653//3368 3693//3408 3694//3409 
f 3652//3367 3692//3407 3693//3408 
f 3651//3366 3691//3406 3692//3407 
f 3650//3365 3690//3405 3691//3406 
f 3649//3364 3689//3404 3690//3405 
f 3648//3363 3688//3403 3689//3404 
f 3647//3362 3687//3402 3688//3403 
f 3646//3361 3686//3401 3687//3402 
f 3645//3360 3685//3400 3686//3401 
f 3644//3359 3684//3399 3685//3400 
f 3643//3358 3683//3398 3684//3399 
f 3642//3357 3682//3397 3683//3398 
f 3641//3356 3681//3396 3682//3397 
f 3640//3355 3680//3395 3681//3396 
f 3639//3354 3679//3394 3680//3395 
f 3638//3353 3678//3393 3679//3394 
f 3637//3352 3677//3392 3678//3393 
f 3636//3351 3676//3391 3677//3392 
f 3635//3350 3675//3390 3676//3391 
f 3634//3349 3674//3389 3675//3390 
f 3633//3348 3673//3388 3674//3389 
f 3632//3347 3672//3387 3673//3388 
f 3631//3346 3671//3386 3672//3387 
f 3630//3345 3670//3385 3671//3386 
f 3629//3344 3669//3384 3670//3385 
f 3628//3343 3668//3383 3669//3384 
f 3627//3342 3667//3382 3668//3383 
f 3626//3341 3666//3381 3667//3382 
f 3625//3340 3665//3380 3666//3381 
f 3624//3339 3664//3379 3665//3380 
f 3623//3338 3663//3378 3664//3379 
f 3622//3337 3662//3377 3663//3378 
f 3621//3336 3661//3376 3662//3377 
f 3620//3335 3660//3375 3661//3376 
f 3617//3332 3658//3373 3660//3375 
f 3659//3374 3698//3413 3658//3373 
f 3616//3331 3655//3370 3656//3371 
f 3615//3330 3654//3369 3655//3370 
f 3614//3329 3653//3368 3654//3369 
f 3613//3328 3652//3367 3653//3368 
f 3612//3327 3651//3366 3652//3367 
f 3611//3326 3650//3365 3651//3366 
f 3610//3325 3649//3364 3650//3365 
f 3609//3324 3648//3363 3649//3364 
f 3608//3323 3647//3362 3648//3363 
f 3607//3322 3646//3361 3647//3362 
f 3606//3321 3645//3360 3646//3361 
f 3605//3320 3644//3359 3645//3360 
f 3604//3319 3643//3358 3644//3359 
f 3603//3318 3642//3357 3643//3358 
f 3602//3317 3641//3356 3642//3357 
f 3601//3316 3640//3355 3641//3356 
f 3600//3315 3639//3354 3640//3355 
f 3599//3314 3638//3353 3639//3354 
f 3598//3313 3637//3352 3638//3353 
f 3597//3312 3636//3351 3637//3352 
f 3596//3311 3635//3350 3636//3351 
f 3595//3310 3634//3349 3635//3350 
f 3594//3309 3633//3348 3634//3349 
f 3593//3308 3632//3347 3633//3348 
f 3592//3307 3631//3346 3632//3347 
f 3591//3306 3630//3345 3631//3346 
f 3590//3305 3629//3344 3630//3345 
f 3589//3304 3628//3343 3629//3344 
f 3588//3303 3627//3342 3628//3343 
f 3587//3302 3626//3341 3627//3342 
f 3586//3301 3625//3340 3626//3341 
f 3585//3300 3624//3339 3625//3340 
f 3584//3299 3623//3338 3624//3339 
f 3583//3298 3622//3337 3623//3338 
f 3582//3297 3621//3336 3622//3337 
f 3580//3295 3620//3335 3621//3336 
f 3618//3333 3617//3332 3620//3335 
f 3619//3334 3659//3374 3617//3332 
f 3578//3293 3615//3330 3616//3331 
f 3577//3292 3614//3329 3615//3330 
f 3576//3291 3613//3328 3614//3329 
f 3575//3290 3612//3327 3613//3328 
f 3574//3289 3611//3326 3612//3327 
f 3573//3288 3610//3325 3611//3326 
f 3572//3287 3609//3324 3610//3325 
f 3571//3286 3608//3323 3609//3324 
f 3570//3285 3607//3322 3608//3323 
f 3569//3284 3606//3321 3607//3322 
f 3568//3283 3605//3320 3606//3321 
f 3567//3282 3604//3319 3605//3320 
f 3566//3281 3603//3318 3604//3319 
f 3565//3280 3602//3317 3603//3318 
f 3564//3279 3601//3316 3602//3317 
f 3563//3278 3600//3315 3601//3316 
f 3562//3277 3599//3314 3600//3315 
f 3561//3276 3598//3313 3599//3314 
f 3560//3275 3597//3312 3598//3313 
f 3559//3274 3596//3311 3597//3312 
f 3558//3273 3595//3310 3596//3311 
f 3557//3272 3594//3309 3595//3310 
f 3556//3271 3593//3308 3594//3309 
f 3555//3270 3592//3307 3593//3308 
f 3554//3269 3591//3306 3592//3307 
f 3553//3268 3590//3305 3591//3306 
f 3552//3267 3589//3304 3590//3305 
f 3551//3266 3588//3303 3589//3304 
f 3550//3265 3587//3302 3588//3303 
f 3549//3264 3586//3301 3587//3302 
f 3548//3263 3585//3300 3586//3301 
f 3547//3262 3584//3299 3585//3300 
f 3546//3261 3583//3298 3584//3299 
f 3545//3260 3582//3297 3583//3298 
f 3543//3258 3580//3295 3582//3297 
f 3581//3296 3618//3333 3580//3295 
f 3541//3256 3578//3293 3579//3294 
f 3540//3255 3577//3292 3578//3293 
f 3539//3254 3576//3291 3577//3292 
f 3538//3253 3575//3290 3576//3291 
f 3537//3252 3574//3289 3575//3290 
f 3536//3251 3573//3288 3574//3289 
f 3535//3250 3572//3287 3573//3288 
f 3534//3249 3571//3286 3572//3287 
f 3533//3248 3570//3285 3571//3286 
f 3532//3247 3569//3284 3570//3285 
f 3531//3246 3568//3283 3569//3284 
f 3530//3245 3567//3282 3568//3283 
f 3529//3244 3566//3281 3567//3282 
f 3528//3243 3565//3280 3566//3281 
f 3527//3242 3564//3279 3565//3280 
f 3526//3241 3563//3278 3564//3279 
f 3525//3240 3562//3277 3563//3278 
f 3524//3239 3561//3276 3562//3277 
f 3523//3238 3560//3275 3561//3276 
f 3522//3237 3559//3274 3560//3275 
f 3521//3236 3558//3273 3559//3274 
f 3520//3235 3557//3272 3558//3273 
f 3519//3234 3556//3271 3557//3272 
f 3518//3233 3555//3270 3556//3271 
f 3517//3232 3554//3269 3555//3270 
f 3516//3231 3553//3268 3554//3269 
f 3515//3230 3552//3267 3553//3268 
f 3514//3229 3551//3266 3552//3267 
f 3513//3228 3550//3265 3551//3266 
f 3512//3227 3549//3264 3550//3265 
f 3511//3226 3548//3263 3549//3264 
f 3510//3225 3547//3262 3548//3263 
f 3509//3224 3546//3261 3547//3262 
f 3508//3223 3545//3260 3546//3261 
f 3506//3221 3543//3258 3545//3260 
f 3544//3259 3581//3296 3543//3258 
f 3504//3219 3541//3256 3542//3257 
f 3503//3218 3540//3255 3541//3256 
f 3502//3217 3539//3254 3540//3255 
f 3501//3216 3538//3253 3539//3254 
f 3500//3215 3537//3252 3538//3253 
f 3499//3214 3536//3251 3537//3252 
f 3498//3213 3535//3250 3536//3251 
f 3497//3212 3534//3249 3535//3250 
f 3496//3211 3533//3248 3534//3249 
f 3495//3210 3532//3247 3533//3248 
f 3494//3209 3531//3246 3532//3247 
f 3493//3208 3530//3245 3531//3246 
f 3492//3207 3529//3244 3530//3245 
f 3491//3206 3528//3243 3529//3244 
f 3490//3205 3527//3242 3528//3243 
f 3489//3204 3526//3241 3527//3242 
f 3488//3203 3525//3240 3526//3241 
f 3487//3202 3524//3239 3525//3240 
f 3486//3201 3523//3238 3524//3239 
f 3485//3200 3522//3237 3523//3238 
f 3484//3199 3521//3236 3522//3237 
f 3483//3198 3520//3235 3521//3236 
f 3482//3197 3519//3234 3520//3235 
f 3481//3196 3518//3233 3519//3234 
f 3480//3195 3517//3232 3518//3233 
f 3479//3194 3516//3231 3517//3232 
f 3478//3193 3515//3230 3516//3231 
f 3477//3192 3514//3229 3515//3230 
f 3476//3191 3513//3228 3514//3229 
f 3475//3190 3512//3227 3513//3228 
f 3474//3189 3511//3226 3512//3227 
f 3473//3188 3510//3225 3511//3226 
f 3472//3187 3509//3224 3510//3225 
f 3471//3186 3508//3223 3509//3224 
f 3469//3184 3506//3221 3508//3223 
f 3507//3222 3544//3259 3506//3221 
f 3466//3181 3504//3219 3505//3220 
f 3465//3180 3503//3218 3504//3219 
f 3464//3179 3502//3217 3503//3218 
f 3463//3178 3501//3216 3502//3217 
f 3462//3177 3500//3215 3501//3216 
f 3461//3176 3499//3214 3500//3215 
f 3460//3175 3498//3213 3499//3214 
f 3459//3174 3497//3212 3498//3213 
f 3458//3173 3496//3211 3497//3212 
f 3457//3172 3495//3210 3496//3211 
f 3456//3171 3494//3209 3495//3210 
f 3455//3170 3493//3208 3494//3209 
f 3454//3169 3492//3207 3493//3208 
f 3453//3168 3491//3206 3492//3207 
f 3452//3167 3490//3205 3491//3206 
f 3451//3166 3489//3204 3490//3205 
f 3450//3165 3488//3203 3489//3204 
f 3449//3164 3487//3202 3488//3203 
f 3448//3163 3486//3201 3487//3202 
f 3447//3162 3485//3200 3486//3201 
f 3446//3161 3484//3199 3485//3200 
f 3445//3160 3483//3198 3484//3199 
f 3444//3159 3482//3197 3483//3198 
f 3443//3158 3481//3196 3482//3197 
f 3442//3157 3480//3195 3481//3196 
f 3441//3156 3479//3194 3480//3195 
f 3440//3155 3478//3193 3479//3194 
f 3439//3154 3477//3192 3478//3193 
f 3438//3153 3476//3191 3477//3192 
f 3437//3152 3475//3190 3476//3191 
f 3436//3151 3474//3189 3475//3190 
f 3435//3150 3473//3188 3474//3189 
f 3434//3149 3472//3187 3473//3188 
f 3433//3148 3471//3186 3472//3187 
f 3430//3145 3469//3184 3471//3186 
f 3470//3185 3507//3222 3469//3184 
f 3429//3144 3466//3181 3467//3182 
f 3428//3143 3465//3180 3466//3181 
f 3427//3142 3464//3179 3465//3180 
f 3426//3141 3463//3178 3464//3179 
f 3425//3140 3462//3177 3463//3178 
f 3424//3139 3461//3176 3462//3177 
f 3423//3138 3460//3175 3461//3176 
f 3422//3137 3459//3174 3460//3175 
f 3421//3136 3458//3173 3459//3174 
f 3420//3135 3457//3172 3458//3173 
f 3419//3134 3456//3171 3457//3172 
f 3418//3133 3455//3170 3456//3171 
f 3417//3132 3454//3169 3455//3170 
f 3416//3131 3453//3168 3454//3169 
f 3415//3130 3452//3167 3453//3168 
f 3414//3129 3451//3166 3452//3167 
f 3413//3128 3450//3165 3451//3166 
f 3412//3127 3449//3164 3450//3165 
f 3411//3126 3448//3163 3449//3164 
f 3410//3125 3447//3162 3448//3163 
f 3409//3124 3446//3161 3447//3162 
f 3408//3123 3445//3160 3446//3161 
f 3407//3122 3444//3159 3445//3160 
f 3406//3121 3443//3158 3444//3159 
f 3405//3120 3442//3157 3443//3158 
f 3404//3119 3441//3156 3442//3157 
f 3403//3118 3440//3155 3441//3156 
f 3402//3117 3439//3154 3440//3155 
f 3401//3116 3438//3153 3439//3154 
f 3400//3115 3437//3152 3438//3153 
f 3399//3114 3436//3151 3437//3152 
f 3398//3113 3435//3150 3436//3151 
f 3397//3112 3434//3149 3435//3150 
f 3395//3110 3433//3148 3434//3149 
f 3431//3146 3430//3145 3433//3148 
f 3432//3147 3470//3185 3430//3145 
f 3393//3108 3428//3143 3429//3144 
f 3392//3107 3427//3142 3428//3143 
f 3391//3106 3426//3141 3427//3142 
f 3390//3105 3425//3140 3426//3141 
f 3389//3104 3424//3139 3425//3140 
f 3388//3103 3423//3138 3424//3139 
f 3387//3102 3422//3137 3423//3138 
f 3386//3101 3421//3136 3422//3137 
f 3385//3100 3420//3135 3421//3136 
f 3384//3099 3419//3134 3420//3135 
f 3383//3098 3418//3133 3419//3134 
f 3382//3097 3417//3132 3418//3133 
f 3381//3096 3416//3131 3417//3132 
f 3380//3095 3415//3130 3416//3131 
f 3379//3094 3414//3129 3415//3130 
f 3378//3093 3413//3128 3414//3129 
f 3377//3092 3412//3127 3413//3128 
f 3376//3091 3411//3126 3412//3127 
f 3375//3090 3410//3125 3411//3126 
f 3374//3089 3409//3124 3410//3125 
f 3373//3088 3408//3123 3409//3124 
f 3372//3087 3407//3122 3408//3123 
f 3371//3086 3406//3121 3407//3122 
f 3370//3085 3405//3120 3406//3121 
f 3369//3084 3404//3119 3405//3120 
f 3368//3083 3403//3118 3404//3119 
f 3367//3082 3402//3117 3403//3118 
f 3366//3081 3401//3116 3402//3117 
f 3365//3080 3400//3115 3401//3116 
f 3364//3079 3399//3114 3400//3115 
f 3363//3078 3398//3113 3399//3114 
f 3362//3077 3397//3112 3398//3113 
f 3360//3075 3395//3110 3397//3112 
f 3396//3111 3431//3146 3395//3110 
f 3358//3073 3393//3108 3394//3109 
f 3357//3072 3392//3107 3393//3108 
f 3356//3071 3391//3106 3392//3107 
f 3355//3070 3390//3105 3391//3106 
f 3354//3069 3389//3104 3390//3105 
f 3353//3068 3388//3103 3389//3104 
f 3352//3067 3387//3102 3388//3103 
f 3351//3066 3386//3101 3387//3102 
f 3350//3065 3385//3100 3386//3101 
f 3349//3064 3384//3099 3385//3100 
f 3348//3063 3383//3098 3384//3099 
f 3347//3062 3382//3097 3383//3098 
f 3346//3061 3381//3096 3382//3097 
f 3345//3060 3380//3095 3381//3096 
f 3344//3059 3379//3094 3380//3095 
f 3343//3058 3378//3093 3379//3094 
f 3342//3057 3377//3092 3378//3093 
f 3341//3056 3376//3091 3377//3092 
f 3340//3055 3375//3090 3376//3091 
f 3339//3054 3374//3089 3375//3090 
f 3338//3053 3373//3088 3374//3089 
f 3337//3052 3372//3087 3373//3088 
f 3336//3051 3371//3086 3372//3087 
f 3335//3050 3370//3085 3371//3086 
f 3334//3049 3369//3084 3370//3085 
f 3333//3048 3368//3083 3369//3084 
f 3332//3047 3367//3082 3368//3083 
f 3331//3046 3366//3081 3367//3082 
f 3330//3045 3365//3080 3366//3081 
f 3329//3044 3364//3079 3365//3080 
f 3328//3043 3363//3078 3364//3079 
f 3327//3042 3362//3077 3363//3078 
f 3325//3040 3360//3075 3362//3077 
f 3361//3076 3396//3111 3360//3075 
f 3323//3038 3358//3073 3359//3074 
f 3322//3037 3357//3072 3358//3073 
f 3321//3036 3356//3071 3357//3072 
f 3320//3035 3355//3070 3356//3071 
f 3319//3034 3354//3069 3355//3070 
f 3318//3033 3353//3068 3354//3069 
f 3317//3032 3352//3067 3353//3068 
f 3316//3031 3351//3066 3352//3067 
f 3315//3030 3350//3065 3351//3066 
f 3314//3029 3349//3064 3350//3065 
f 3313//3028 3348//3063 3349//3064 
f 3312//3027 3347//3062 3348//3063 
f 3311//3026 3346//3061 3347//3062 
f 3310//3025 3345//3060 3346//3061 
f 3309//3024 3344//3059 3345//3060 
f 3308//3023 3343//3058 3344//3059 
f 3307//3022 3342//3057 3343//3058 
f 3306//3021 3341//3056 3342//3057 
f 3305//3020 3340//3055 3341//3056 
f 3304//3019 3339//3054 3340//3055 
f 3303//3018 3338//3053 3339//3054 
f 3302//3017 3337//3052 3338//3053 
f 3301//3016 3336//3051 3337//3052 
f 3300//3015 3335//3050 3336//3051 
f 3299//3014 3334//3049 3335//3050 
f 3298//3013 3333//3048 3334//3049 
f 3297//3012 3332//3047 3333//3048 
f 3296//3011 3331//3046 3332//3047 
f 3295//3010 3330//3045 3331//3046 
f 3294//3009 3329//3044 3330//3045 
f 3293//3008 3328//3043 3329//3044 
f 3292//3007 3327//3042 3328//3043 
f 3290//3005 3325//3040 3327//3042 
f 3326//3041 3361//3076 3325//3040 
f 3288//3003 3323//3038 3324//3039 
f 3287//3002 3322//3037 3323//3038 
f 3286//3001 3321//3036 3322//3037 
f 3285//3000 3320//3035 3321//3036 
f 3284//2999 3319//3034 3320//3035 
f 3283//2998 3318//3033 3319//3034 
f 3282//2997 3317//3032 3318//3033 
f 3281//2996 3316//3031 3317//3032 
f 3280//2995 3315//3030 3316//3031 
f 3279//2994 3314//3029 3315//3030 
f 3278//2993 3313//3028 3314//3029 
f 3277//2992 3312//3027 3313//3028 
f 3276//2991 3311//3026 3312//3027 
f 3275//2990 3310//3025 3311//3026 
f 3274//2989 3309//3024 3310//3025 
f 3273//2988 3308//3023 3309//3024 
f 3272//2987 3307//3022 3308//3023 
f 3271//2986 3306//3021 3307//3022 
f 3270//2985 3305//3020 3306//3021 
f 3269//2984 3304//3019 3305//3020 
f 3268//2983 3303//3018 3304//3019 
f 3267//2982 3302//3017 3303//3018 
f 3266//2981 3301//3016 3302//3017 
f 3265//2980 3300//3015 3301//3016 
f 3264//2979 3299//3014 3300//3015 
f 3263//2978 3298//3013 3299//3014 
f 3262//2977 3297//3012 3298//3013 
f 3261//2976 3296//3011 3297//3012 
f 3260//2975 3295//3010 3296//3011 
f 3259//2974 3294//3009 3295//3010 
f 3258//2973 3293//3008 3294//3009 
f 3257//2972 3292//3007 3293//3008 
f 3255//2970 3290//3005 3292//3007 
f 3291//3006 3326//3041 3290//3005 
f 3252//2967 3288//3003 3289//3004 
f 3251//2966 3287//3002 3288//3003 
f 3250//2965 3286//3001 3287//3002 
f 3249//2964 3285//3000 3286//3001 
f 3248//2963 3284//2999 3285//3000 
f 3247//2962 3283//2998 3284//2999 
f 3246//2961 3282//2997 3283//2998 
f 3245//2960 3281//2996 3282//2997 
f 3244//2959 3280//2995 3281//2996 
f 3243//2958 3279//2994 3280//2995 
f 3242//2957 3278//2993 3279//2994 
f 3241//2956 3277//2992 3278//2993 
f 3240//2955 3276//2991 3277//2992 
f 3239//2954 3275//2990 3276//2991 
f 3238//2953 3274//2989 3275//2990 
f 3237//2952 3273//2988 3274//2989 
f 3236//2951 3272//2987 3273//2988 
f 3235//2950 3271//2986 3272//2987 
f 3234//2949 3270//2985 3271//2986 
f 3233//2948 3269//2984 3270//2985 
f 3232//2947 3268//2983 3269//2984 
f 3231//2946 3267//2982 3268//2983 
f 3230//2945 3266//2981 3267//2982 
f 3229//2944 3265//2980 3266//2981 
f 3228//2943 3264//2979 3265//2980 
f 3227//2942 3263//2978 3264//2979 
f 3226//2941 3262//2977 3263//2978 
f 3225//2940 3261//2976 3262//2977 
f 3224//2939 3260//2975 3261//2976 
f 3223//2938 3259//2974 3260//2975 
f 3222//2937 3258//2973 3259//2974 
f 3221//2936 3257//2972 3258//2973 
f 3218//2933 3255//2970 3257//2972 
f 3256//2971 3291//3006 3255//2970 
f 3217//2932 3252//2967 3253//2968 
f 3216//2931 3251//2966 3252//2967 
f 3215//2930 3250//2965 3251//2966 
f 3214//2929 3249//2964 3250//2965 
f 3213//2928 3248//2963 3249//2964 
f 3212//2927 3247//2962 3248//2963 
f 3211//2926 3246//2961 3247//2962 
f 3210//2925 3245//2960 3246//2961 
f 3209//2924 3244//2959 3245//2960 
f 3208//2923 3243//2958 3244//2959 
f 3207//2922 3242//2957 3243//2958 
f 3206//2921 3241//2956 3242//2957 
f 3205//2920 3240//2955 3241//2956 
f 3204//2919 3239//2954 3240//2955 
f 3203//2918 3238//2953 3239//2954 
f 3202//2917 3237//2952 3238//2953 
f 3201//2916 3236//2951 3237//2952 
f 3200//2915 3235//2950 3236//2951 
f 3199//2914 3234//2949 3235//2950 
f 3198//2913 3233//2948 3234//2949 
f 3197//2912 3232//2947 3233//2948 
f 3196//2911 3231//2946 3232//2947 
f 3195//2910 3230//2945 3231//2946 
f 3194//2909 3229//2944 3230//2945 
f 3193//2908 3228//2943 3229//2944 
f 3192//2907 3227//2942 3228//2943 
f 3191//2906 3226//2941 3227//2942 
f 3190//2905 3225//2940 3226//2941 
f 3189//2904 3224//2939 3225//2940 
f 3188//2903 3223//2938 3224//2939 
f 3187//2902 3222//2937 3223//2938 
f 3185//2900 3221//2936 3222//2937 
f 3219//2934 3218//2933 3221//2936 
f 3220//2935 3256//2971 3218//2933 
f 3183//2898 3216//2931 3217//2932 
f 3182//2897 3215//2930 3216//2931 
f 3181//2896 3214//2929 3215//2930 
f 3180//2895 3213//2928 3214//2929 
f 3179//2894 3212//2927 3213//2928 
f 3178//2893 3211//2926 3212//2927 
f 3177//2892 3210//2925 3211//2926 
f 3176//2891 3209//2924 3210//2925 
f 3175//2890 3208//2923 3209//2924 
f 3174//2889 3207//2922 3208//2923 
f 3173//2888 3206//2921 3207//2922 
f 3172//2887 3205//2920 3206//2921 
f 3171//2886 3204//2919 3205//2920 
f 3170//2885 3203//2918 3204//2919 
f 3169//2884 3202//2917 3203//2918 
f 3168//2883 3201//2916 3202//2917 
f 3167//2882 3200//2915 3201//2916 
f 3166//2881 3199//2914 3200//2915 
f 3165//2880 3198//2913 3199//2914 
f 3164//2879 3197//2912 3198//2913 
f 3163//2878 3196//2911 3197//2912 
f 3162//2877 3195//2910 3196//2911 
f 3161//2876 3194//2909 3195//2910 
f 3160//2875 3193//2908 3194//2909 
f 3159//2874 3192//2907 3193//2908 
f 3158//2873 3191//2906 3192//2907 
f 3157//2872 3190//2905 3191//2906 
f 3156//2871 3189//2904 3190//2905 
f 3155//2870 3188//2903 3189//2904 
f 3154//2869 3187//2902 3188//2903 
f 3152//2867 3185//2900 3187//2902 
f 3186//2901 3219//2934 3185//2900 
f 3150//2865 3183//2898 3184//2899 
f 3149//2864 3182//2897 3183//2898 
f 3148//2863 3181//2896 3182//2897 
f 3147//2862 3180//2895 3181//2896 
f 3146//2861 3179//2894 3180//2895 
f 3145//2860 3178//2893 3179//2894 
f 3144//2859 3177//2892 3178//2893 
f 3143//2858 3176//2891 3177//2892 
f 3142//2857 3175//2890 3176//2891 
f 3141//2856 3174//2889 3175//2890 
f 3140//2855 3173//2888 3174//2889 
f 3139//2854 3172//2887 3173//2888 
f 3138//2853 3171//2886 3172//2887 
f 3137//2852 3170//2885 3171//2886 
f 3136//2851 3169//2884 3170//2885 
f 3135//2850 3168//2883 3169//2884 
f 3134//2849 3167//2882 3168//2883 
f 3133//2848 3166//2881 3167//2882 
f 3132//2847 3165//2880 3166//2881 
f 3131//2846 3164//2879 3165//2880 
f 3130//2845 3163//2878 3164//2879 
f 3129//2844 3162//2877 3163//2878 
f 3128//2843 3161//2876 3162//2877 
f 3127//2842 3160//2875 3161//2876 
f 3126//2841 3159//2874 3160//2875 
f 3125//2840 3158//2873 3159//2874 
f 3124//2839 3157//2872 3158//2873 
f 3123//2838 3156//2871 3157//2872 
f 3122//2837 3155//2870 3156//2871 
f 3121//2836 3154//2869 3155//2870 
f 3119//2834 3152//2867 3154//2869 
f 3153//2868 3186//2901 3152//2867 
f 3117//2832 3150//2865 3151//2866 
f 3116//2831 3149//2864 3150//2865 
f 3115//2830 3148//2863 3149//2864 
f 3114//2829 3147//2862 3148//2863 
f 3113//2828 3146//2861 3147//2862 
f 3112//2827 3145//2860 3146//2861 
f 3111//2826 3144//2859 3145//2860 
f 3110//2825 3143//2858 3144//2859 
f 3109//2824 3142//2857 3143//2858 
f 3108//2823 3141//2856 3142//2857 
f 3107//2822 3140//2855 3141//2856 
f 3106//2821 3139//2854 3140//2855 
f 3105//2820 3138//2853 3139//2854 
f 3104//2819 3137//2852 3138//2853 
f 3103//2818 3136//2851 3137//2852 
f 3102//2817 3135//2850 3136//2851 
f 3101//2816 3134//2849 3135//2850 
f 3100//2815 3133//2848 3134//2849 
f 3099//2814 3132//2847 3133//2848 
f 3098//2813 3131//2846 3132//2847 
f 3097//2812 3130//2845 3131//2846 
f 3096//2811 3129//2844 3130//2845 
f 3095//2810 3128//2843 3129//2844 
f 3094//2809 3127//2842 3128//2843 
f 3093//2808 3126//2841 3127//2842 
f 3092//2807 3125//2840 3126//2841 
f 3091//2806 3124//2839 3125//2840 
f 3090//2805 3123//2838 3124//2839 
f 3089//2804 3122//2837 3123//2838 
f 3088//2803 3121//2836 3122//2837 
f 3086//2801 3119//2834 3121//2836 
f 3120//2835 3153//2868 3119//2834 
f 3084//2799 3117//2832 3118//2833 
f 3083//2798 3116//2831 3117//2832 
f 3082//2797 3115//2830 3116//2831 
f 3081//2796 3114//2829 3115//2830 
f 3080//2795 3113//2828 3114//2829 
f 3079//2794 3112//2827 3113//2828 
f 3078//2793 3111//2826 3112//2827 
f 3077//2792 3110//2825 3111//2826 
f 3076//2791 3109//2824 3110//2825 
f 3075//2790 3108//2823 3109//2824 
f 3074//2789 3107//2822 3108//2823 
f 3073//2788 3106//2821 3107//2822 
f 3072//2787 3105//2820 3106//2821 
f 3071//2786 3104//2819 3105//2820 
f 3070//2785 3103//2818 3104//2819 
f 3069//2784 3102//2817 3103//2818 
f 3068//2783 3101//2816 3102//2817 
f 3067//2782 3100//2815 3101//2816 
f 3066//2781 3099//2814 3100//2815 
f 3065//2780 3098//2813 3099//2814 
f 3064//2779 3097//2812 3098//2813 
f 3063//2778 3096//2811 3097//2812 
f 3062//2777 3095//2810 3096//2811 
f 3061//2776 3094//2809 3095//2810 
f 3060//2775 3093//2808 3094//2809 
f 3059//2774 3092//2807 3093//2808 
f 3058//2773 3091//2806 3092//2807 
f 3057//2772 3090//2805 3091//2806 
f 3056//2771 3089//2804 3090//2805 
f 3055//2770 3088//2803 3089//2804 
f 3053//2768 3086//2801 3088//2803 
f 3087//2802 3120//2835 3086//2801 
f 3051//2766 3084//2799 3085//2800 
f 3050//2765 3083//2798 3084//2799 
f 3049//2764 3082//2797 3083//2798 
f 3048//2763 3081//2796 3082//2797 
f 3047//2762 3080//2795 3081//2796 
f 3046//2761 3079//2794 3080//2795 
f 3045//2760 3078//2793 3079//2794 
f 3044//2759 3077//2792 3078//2793 
f 3043//2758 3076//2791 3077//2792 
f 3042//2757 3075//2790 3076//2791 
f 3041//2756 3074//2789 3075//2790 
f 3040//2755 3073//2788 3074//2789 
f 3039//2754 3072//2787 3073//2788 
f 3038//2753 3071//2786 3072//2787 
f 3037//2752 3070//2785 3071//2786 
f 3036//2751 3069//2784 3070//2785 
f 3035//2750 3068//2783 3069//2784 
f 3034//2749 3067//2782 3068//2783 
f 3033//2748 3066//2781 3067//2782 
f 3032//2747 3065//2780 3066//2781 
f 3031//2746 3064//2779 3065//2780 
f 3030//2745 3063//2778 3064//2779 
f 3029//2744 3062//2777 3063//2778 
f 3028//2743 3061//2776 3062//2777 
f 3027//2742 3060//2775 3061//2776 
f 3026//2741 3059//2774 3060//2775 
f 3025//2740 3058//2773 3059//2774 
f 3024//2739 3057//2772 3058//2773 
f 3023//2738 3056//2771 3057//2772 
f 3022//2737 3055//2770 3056//2771 
f 3020//2735 3053//2768 3055//2770 
f 3054//2769 3087//2802 3053//2768 
f 3017//2732 3051//2766 3052//2767 
f 3016//2731 3050//2765 3051//2766 
f 3015//2730 3049//2764 3050//2765 
f 3014//2729 3048//2763 3049//2764 
f 3013//2728 3047//2762 3048//2763 
f 3012//2727 3046//2761 3047//2762 
f 3011//2726 3045//2760 3046//2761 
f 3010//2725 3044//2759 3045//2760 
f 3009//2724 3043//2758 3044//2759 
f 3008//2723 3042//2757 3043//2758 
f 3007//2722 3041//2756 3042//2757 
f 3006//2721 3040//2755 3041//2756 
f 3005//2720 3039//2754 3040//2755 
f 3004//2719 3038//2753 3039//2754 
f 3003//2718 3037//2752 3038//2753 
f 3002//2717 3036//2751 3037//2752 
f 3001//2716 3035//2750 3036//2751 
f 3000//2715 3034//2749 3035//2750 
f 2999//2714 3033//2748 3034//2749 
f 2998//2713 3032//2747 3033//2748 
f 2997//2712 3031//2746 3032//2747 
f 2996//2711 3030//2745 3031//2746 
f 2995//2710 3029//2744 3030//2745 
f 2994//2709 3028//2743 3029//2744 
f 2993//2708 3027//2742 3028//2743 
f 2992//2707 3026//2741 3027//2742 
f 2991//2706 3025//2740 3026//2741 
f 2990//2705 3024//2739 3025//2740 
f 2989//2704 3023//2738 3024//2739 
f 2988//2703 3022//2737 3023//2738 
f 2985//2700 3020//2735 3022//2737 
f 3021//2736 3054//2769 3020//2735 
f 2984//2699 3017//2732 3018//2733 
f 2983//2698 3016//2731 3017//2732 
f 2982//2697 3015//2730 3016//2731 
f 2981//2696 3014//2729 3015//2730 
f 2980//2695 3013//2728 3014//2729 
f 2979//2694 3012//2727 3013//2728 
f 2978//2693 3011//2726 3012//2727 
f 2977//2692 3010//2725 3011//2726 
f 2976//2691 3009//2724 3010//2725 
f 2975//2690 3008//2723 3009//2724 
f 2974//2689 3007//2722 3008//2723 
f 2973//2688 3006//2721 3007//2722 
f 2972//2687 3005//2720 3006//2721 
f 2971//2686 3004//2719 3005//2720 
f 2970//2685 3003//2718 3004//2719 
f 2969//2684 3002//2717 3003//2718 
f 2968//2683 3001//2716 3002//2717 
f 2967//2682 3000//2715 3001//2716 
f 2966//2681 2999//2714 3000//2715 
f 2965//2680 2998//2713 2999//2714 
f 2964//2679 2997//2712 2998//2713 
f 2963//2678 2996//2711 2997//2712 
f 2962//2677 2995//2710 2996//2711 
f 2961//2676 2994//2709 2995//2710 
f 2960//2675 2993//2708 2994//2709 
f 2959//2674 2992//2707 2993//2708 
f 2958//2673 2991//2706 2992//2707 
f 2957//2672 2990//2705 2991//2706 
f 2956//2671 2989//2704 2990//2705 
f 2954//2669 2988//2703 2989//2704 
f 2986//2701 2985//2700 2988//2703 
f 2987//2702 3021//2736 2985//2700 
f 2952//2667 2983//2698 2984//2699 
f 2951//2666 2982//2697 2983//2698 
f 2950//2665 2981//2696 2982//2697 
f 2949//2664 2980//2695 2981//2696 
f 2948//2663 2979//2694 2980//2695 
f 2947//2662 2978//2693 2979//2694 
f 2946//2661 2977//2692 2978//2693 
f 2945//2660 2976//2691 2977//2692 
f 2944//2659 2975//2690 2976//2691 
f 2943//2658 2974//2689 2975//2690 
f 2942//2657 2973//2688 2974//2689 
f 2941//2656 2972//2687 2973//2688 
f 2940//2655 2971//2686 2972//2687 
f 2939//2654 2970//2685 2971//2686 
f 2938//2653 2969//2684 2970//2685 
f 2937//2652 2968//2683 2969//2684 
f 2936//2651 2967//2682 2968//2683 
f 2935//2650 2966//2681 2967//2682 
f 2934//2649 2965//2680 2966//2681 
f 2933//2648 2964//2679 2965//2680 
f 2932//2647 2963//2678 2964//2679 
f 2931//2646 2962//2677 2963//2678 
f 2930//2645 2961//2676 2962//2677 
f 2929//2644 2960//2675 2961//2676 
f 2928//2643 2959//2674 2960//2675 
f 2927//2642 2958//2673 2959//2674 
f 2926//2641 2957//2672 2958//2673 
f 2925//2640 2956//2671 2957//2672 
f 2923//2638 2954//2669 2956//2671 
f 2955//2670 2986//2701 2954//2669 
f 2921//2636 2952//2667 2953//2668 
f 2920//2635 2951//2666 2952//2667 
f 2919//2634 2950//2665 2951//2666 
f 2918//2633 2949//2664 2950//2665 
f 2917//2632 2948//2663 2949//2664 
f 2916//2631 2947//2662 2948//2663 
f 2915//2630 2946//2661 2947//2662 
f 2914//2629 2945//2660 2946//2661 
f 2913//2628 2944//2659 2945//2660 
f 2912//2627 2943//2658 2944//2659 
f 2911//2626 2942//2657 2943//2658 
f 2910//2625 2941//2656 2942//2657 
f 2909//2624 2940//2655 2941//2656 
f 2908//2623 2939//2654 2940//2655 
f 2907//2622 2938//2653 2939//2654 
f 2906//2621 2937//2652 2938//2653 
f 2905//2620 2936//2651 2937//2652 
f 2904//2619 2935//2650 2936//2651 
f 2903//2618 2934//2649 2935//2650 
f 2902//2617 2933//2648 2934//2649 
f 2901//2616 2932//2647 2933//2648 
f 2900//2615 2931//2646 2932//2647 
f 2899//2614 2930//2645 2931//2646 
f 2898//2613 2929//2644 2930//2645 
f 2897//2612 2928//2643 2929//2644 
f 2896//2611 2927//2642 2928//2643 
f 2895//2610 2926//2641 2927//2642 
f 2894//2609 2925//2640 2926//2641 
f 2892//2607 2923//2638 2925//2640 
f 2924//2639 2955//2670 2923//2638 
f 2890//2605 2921//2636 2922//2637 
f 2889//2604 2920//2635 2921//2636 
f 2888//2603 2919//2634 2920//2635 
f 2887//2602 2918//2633 2919//2634 
f 2886//2601 2917//2632 2918//2633 
f 2885//2600 2916//2631 2917//2632 
f 2884//2599 2915//2630 2916//2631 
f 2883//2598 2914//2629 2915//2630 
f 2882//2597 2913//2628 2914//2629 
f 2881//2596 2912//2627 2913//2628 
f 2880//2595 2911//2626 2912//2627 
f 2879//2594 2910//2625 2911//2626 
f 2878//2593 2909//2624 2910//2625 
f 2877//2592 2908//2623 2909//2624 
f 2876//2591 2907//2622 2908//2623 
f 2875//2590 2906//2621 2907//2622 
f 2874//2589 2905//2620 2906//2621 
f 2873//2588 2904//2619 2905//2620 
f 2872//2587 2903//2618 2904//2619 
f 2871//2586 2902//2617 2903//2618 
f 2870//2585 2901//2616 2902//2617 
f 2869//2584 2900//2615 2901//2616 
f 2868//2583 2899//2614 2900//2615 
f 2867//2582 2898//2613 2899//2614 
f 2866//2581 2897//2612 2898//2613 
f 2865//2580 2896//2611 2897//2612 
f 2864//2579 2895//2610 2896//2611 
f 2863//2578 2894//2609 2895//2610 
f 2861//2576 2892//2607 2894//2609 
f 2893//2608 2924//2639 2892//2607 
f 2859//2574 2890//2605 2891//2606 
f 2858//2573 2889//2604 2890//2605 
f 2857//2572 2888//2603 2889//2604 
f 2856//2571 2887//2602 2888//2603 
f 2855//2570 2886//2601 2887//2602 
f 2854//2569 2885//2600 2886//2601 
f 2853//2568 2884//2599 2885//2600 
f 2852//2567 2883//2598 2884//2599 
f 2851//2566 2882//2597 2883//2598 
f 2850//2565 2881//2596 2882//2597 
f 2849//2564 2880//2595 2881//2596 
f 2848//2563 2879//2594 2880//2595 
f 2847//2562 2878//2593 2879//2594 
f 2846//2561 2877//2592 2878//2593 
f 2845//2560 2876//2591 2877//2592 
f 2844//2559 2875//2590 2876//2591 
f 2843//2558 2874//2589 2875//2590 
f 2842//2557 2873//2588 2874//2589 
f 2841//2556 2872//2587 2873//2588 
f 2840//2555 2871//2586 2872//2587 
f 2839//2554 2870//2585 2871//2586 
f 2838//2553 2869//2584 2870//2585 
f 2837//2552 2868//2583 2869//2584 
f 2836//2551 2867//2582 2868//2583 
f 2835//2550 2866//2581 2867//2582 
f 2834//2549 2865//2580 2866//2581 
f 2833//2548 2864//2579 2865//2580 
f 2832//2547 2863//2578 2864//2579 
f 2830//2545 2861//2576 2863//2578 
f 2862//2577 2893//2608 2861//2576 
f 2828//2543 2859//2574 2860//2575 
f 2827//2542 2858//2573 2859//2574 
f 2826//2541 2857//2572 2858//2573 
f 2825//2540 2856//2571 2857//2572 
f 2824//2539 2855//2570 2856//2571 
f 2823//2538 2854//2569 2855//2570 
f 2822//2537 2853//2568 2854//2569 
f 2821//2536 2852//2567 2853//2568 
f 2820//2535 2851//2566 2852//2567 
f 2819//2534 2850//2565 2851//2566 
f 2818//2533 2849//2564 2850//2565 
f 2817//2532 2848//2563 2849//2564 
f 2816//2531 2847//2562 2848//2563 
f 2815//2530 2846//2561 2847//2562 
f 2814//2529 2845//2560 2846//2561 
f 2813//2528 2844//2559 2845//2560 
f 2812//2527 2843//2558 2844//2559 
f 2811//2526 2842//2557 2843//2558 
f 2810//2525 2841//2556 2842//2557 
f 2809//2524 2840//2555 2841//2556 
f 2808//2523 2839//2554 2840//2555 
f 2807//2522 2838//2553 2839//2554 
f 2806//2521 2837//2552 2838//2553 
f 2805//2520 2836//2551 2837//2552 
f 2804//2519 2835//2550 2836//2551 
f 2803//2518 2834//2549 2835//2550 
f 2802//2517 2833//2548 2834//2549 
f 2801//2516 2832//2547 2833//2548 
f 2799//2514 2830//2545 2832//2547 
f 2831//2546 2862//2577 2830//2545 
f 2797//2512 2828//2543 2829//2544 
f 2796//2511 2827//2542 2828//2543 
f 2795//2510 2826//2541 2827//2542 
f 2794//2509 2825//2540 2826//2541 
f 2793//2508 2824//2539 2825//2540 
f 2792//2507 2823//2538 2824//2539 
f 2791//2506 2822//2537 2823//2538 
f 2790//2505 2821//2536 2822//2537 
f 2789//2504 2820//2535 2821//2536 
f 2788//2503 2819//2534 2820//2535 
f 2787//2502 2818//2533 2819//2534 
f 2786//2501 2817//2532 2818//2533 
f 2785//2500 2816//2531 2817//2532 
f 2784//2499 2815//2530 2816//2531 
f 2783//2498 2814//2529 2815//2530 
f 2782//2497 2813//2528 2814//2529 
f 2781//2496 2812//2527 2813//2528 
f 2780//2495 2811//2526 2812//2527 
f 2779//2494 2810//2525 2811//2526 
f 2778//2493 2809//2524 2810//2525 
f 2777//2492 2808//2523 2809//2524 
f 2776//2491 2807//2522 2808//2523 
f 2775//2490 2806//2521 2807//2522 
f 2774//2489 2805//2520 2806//2521 
f 2773//2488 2804//2519 2805//2520 
f 2772//2487 2803//2518 2804//2519 
f 2771//2486 2802//2517 2803//2518 
f 2770//2485 2801//2516 2802//2517 
f 2768//2483 2799//2514 2801//2516 
f 2800//2515 2831//2546 2799//2514 
f 2765//2480 2797//2512 2798//2513 
f 2764//2479 2796//2511 2797//2512 
f 2763//2478 2795//2510 2796//2511 
f 2762//2477 2794//2509 2795//2510 
f 2761//2476 2793//2508 2794//2509 
f 2760//2475 2792//2507 2793//2508 
f 2759//2474 2791//2506 2792//2507 
f 2758//2473 2790//2505 2791//2506 
f 2757//2472 2789//2504 2790//2505 
f 2756//2471 2788//2503 2789//2504 
f 2755//2470 2787//2502 2788//2503 
f 2754//2469 2786//2501 2787//2502 
f 2753//2468 2785//2500 2786//2501 
f 2752//2467 2784//2499 2785//2500 
f 2751//2466 2783//2498 2784//2499 
f 2750//2465 2782//2497 2783//2498 
f 2749//2464 2781//2496 2782//2497 
f 2748//2463 2780//2495 2781//2496 
f 2747//2462 2779//2494 2780//2495 
f 2746//2461 2778//2493 2779//2494 
f 2745//2460 2777//2492 2778//2493 
f 2744//2459 2776//2491 2777//2492 
f 2743//2458 2775//2490 2776//2491 
f 2742//2457 2774//2489 2775//2490 
f 2741//2456 2773//2488 2774//2489 
f 2740//2455 2772//2487 2773//2488 
f 2739//2454 2771//2486 2772//2487 
f 2738//2453 2770//2485 2771//2486 
f 2735//2450 2768//2483 2770//2485 
f 2769//2484 2800//2515 2768//2483 
f 2734//2449 2765//2480 2766//2481 
f 2733//2448 2764//2479 2765//2480 
f 2732//2447 2763//2478 2764//2479 
f 2731//2446 2762//2477 2763//2478 
f 2730//2445 2761//2476 2762//2477 
f 2729//2444 2760//2475 2761//2476 
f 2728//2443 2759//2474 2760//2475 
f 2727//2442 2758//2473 2759//2474 
f 2726//2441 2757//2472 2758//2473 
f 2725//2440 2756//2471 2757//2472 
f 2724//2439 2755//2470 2756//2471 
f 2723//2438 2754//2469 2755//2470 
f 2722//2437 2753//2468 2754//2469 
f 2721//2436 2752//2467 2753//2468 
f 2720//2435 2751//2466 2752//2467 
f 2719//2434 2750//2465 2751//2466 
f 2718//2433 2749//2464 2750//2465 
f 2717//2432 2748//2463 2749//2464 
f 2716//2431 2747//2462 2748//2463 
f 2715//2430 2746//2461 2747//2462 
f 2714//2429 2745//2460 2746//2461 
f 2713//2428 2744//2459 2745//2460 
f 2712//2427 2743//2458 2744//2459 
f 2711//2426 2742//2457 2743//2458 
f 2710//2425 2741//2456 2742//2457 
f 2709//2424 2740//2455 2741//2456 
f 2708//2423 2739//2454 2740//2455 
f 2706//2421 2738//2453 2739//2454 
f 2736//2451 2735//2450 2738//2453 
f 2737//2452 2769//2484 2735//2450 
f 2704//2419 2733//2448 2734//2449 
f 2703//2418 2732//2447 2733//2448 
f 2702//2417 2731//2446 2732//2447 
f 2701//2416 2730//2445 2731//2446 
f 2700//2415 2729//2444 2730//2445 
f 2699//2414 2728//2443 2729//2444 
f 2698//2413 2727//2442 2728//2443 
f 2697//2412 2726//2441 2727//2442 
f 2696//2411 2725//2440 2726//2441 
f 2695//2410 2724//2439 2725//2440 
f 2694//2409 2723//2438 2724//2439 
f 2693//2408 2722//2437 2723//2438 
f 2692//2407 2721//2436 2722//2437 
f 2691//2406 2720//2435 2721//2436 
f 2690//2405 2719//2434 2720//2435 
f 2689//2404 2718//2433 2719//2434 
f 2688//2403 2717//2432 2718//2433 
f 2687//2402 2716//2431 2717//2432 
f 2686//2401 2715//2430 2716//2431 
f 2685//2400 2714//2429 2715//2430 
f 2684//2399 2713//2428 2714//2429 
f 2683//2398 2712//2427 2713//2428 
f 2682//2397 2711//2426 2712//2427 
f 2681//2396 2710//2425 2711//2426 
f 2680//2395 2709//2424 2710//2425 
f 2679//2394 2708//2423 2709//2424 
f 2677//2392 2706//2421 2708//2423 
f 2707//2422 2736//2451 2706//2421 
f 2675//2390 2704//2419 2705//2420 
f 2674//2389 2703//2418 2704//2419 
f 2673//2388 2702//2417 2703//2418 
f 2672//2387 2701//2416 2702//2417 
f 2671//2386 2700//2415 2701//2416 
f 2670//2385 2699//2414 2700//2415 
f 2669//2384 2698//2413 2699//2414 
f 2668//2383 2697//2412 2698//2413 
f 2667//2382 2696//2411 2697//2412 
f 2666//2381 2695//2410 2696//2411 
f 2665//2380 2694//2409 2695//2410 
f 2664//2379 2693//2408 2694//2409 
f 2663//2378 2692//2407 2693//2408 
f 2662//2377 2691//2406 2692//2407 
f 2661//2376 2690//2405 2691//2406 
f 2660//2375 2689//2404 2690//2405 
f 2659//2374 2688//2403 2689//2404 
f 2658//2373 2687//2402 2688//2403 
f 2657//2372 2686//2401 2687//2402 
f 2656//2371 2685//2400 2686//2401 
f 2655//2370 2684//2399 2685//2400 
f 2654//2369 2683//2398 2684//2399 
f 2653//2368 2682//2397 2683//2398 
f 2652//2367 2681//2396 2682//2397 
f 2651//2366 2680//2395 2681//2396 
f 2650//2365 2679//2394 2680//2395 
f 2648//2363 2677//2392 2679//2394 
f 2678//2393 2707//2422 2677//2392 
f 2646//2361 2675//2390 2676//2391 
f 2645//2360 2674//2389 2675//2390 
f 2644//2359 2673//2388 2674//2389 
f 2643//2358 2672//2387 2673//2388 
f 2642//2357 2671//2386 2672//2387 
f 2641//2356 2670//2385 2671//2386 
f 2640//2355 2669//2384 2670//2385 
f 2639//2354 2668//2383 2669//2384 
f 2638//2353 2667//2382 2668//2383 
f 2637//2352 2666//2381 2667//2382 
f 2636//2351 2665//2380 2666//2381 
f 2635//2350 2664//2379 2665//2380 
f 2634//2349 2663//2378 2664//2379 
f 2633//2348 2662//2377 2663//2378 
f 2632//2347 2661//2376 2662//2377 
f 2631//2346 2660//2375 2661//2376 
f 2630//2345 2659//2374 2660//2375 
f 2629//2344 2658//2373 2659//2374 
f 2628//2343 2657//2372 2658//2373 
f 2627//2342 2656//2371 2657//2372 
f 2626//2341 2655//2370 2656//2371 
f 2625//2340 2654//2369 2655//2370 
f 2624//2339 2653//2368 2654//2369 
f 2623//2338 2652//2367 2653//2368 
f 2622//2337 2651//2366 2652//2367 
f 2621//2336 2650//2365 2651//2366 
f 2619//2334 2648//2363 2650//2365 
f 2649//2364 2678//2393 2648//2363 
f 2617//2332 2646//2361 2647//2362 
f 2616//2331 2645//2360 2646//2361 
f 2615//2330 2644//2359 2645//2360 
f 2614//2329 2643//2358 2644//2359 
f 2613//2328 2642//2357 2643//2358 
f 2612//2327 2641//2356 2642//2357 
f 2611//2326 2640//2355 2641//2356 
f 2610//2325 2639//2354 2640//2355 
f 2609//2324 2638//2353 2639//2354 
f 2608//2323 2637//2352 2638//2353 
f 2607//2322 2636//2351 2637//2352 
f 2606//2321 2635//2350 2636//2351 
f 2605//2320 2634//2349 2635//2350 
f 2604//2319 2633//2348 2634//2349 
f 2603//2318 2632//2347 2633//2348 
f 2602//2317 2631//2346 2632//2347 
f 2601//2316 2630//2345 2631//2346 
f 2600//2315 2629//2344 2630//2345 
f 2599//2314 2628//2343 2629//2344 
f 2598//2313 2627//2342 2628//2343 
f 2597//2312 2626//2341 2627//2342 
f 2596//2311 2625//2340 2626//2341 
f 2595//2310 2624//2339 2625//2340 
f 2594//2309 2623//2338 2624//2339 
f 2593//2308 2622//2337 2623//2338 
f 2592//2307 2621//2336 2622//2337 
f 2590//2305 2619//2334 2621//2336 
f 2620//2335 2649//2364 2619//2334 
f 2588//2303 2617//2332 2618//2333 
f 2587//2302 2616//2331 2617//2332 
f 2586//2301 2615//2330 2616//2331 
f 2585//2300 2614//2329 2615//2330 
f 2584//2299 2613//2328 2614//2329 
f 2583//2298 2612//2327 2613//2328 
f 2582//2297 2611//2326 2612//2327 
f 2581//2296 2610//2325 2611//2326 
f 2580//2295 2609//2324 2610//2325 
f 2579//2294 2608//2323 2609//2324 
f 2578//2293 2607//2322 2608//2323 
f 2577//2292 2606//2321 2607//2322 
f 2576//2291 2605//2320 2606//2321 
f 2575//2290 2604//2319 2605//2320 
f 2574//2289 2603//2318 2604//2319 
f 2573//2288 2602//2317 2603//2318 
f 2572//2287 2601//2316 2602//2317 
f 2571//2286 2600//2315 2601//2316 
f 2570//2285 2599//2314 2600//2315 
f 2569//2284 2598//2313 2599//2314 
f 2568//2283 2597//2312 2598//2313 
f 2567//2282 2596//2311 2597//2312 
f 2566//2281 2595//2310 2596//2311 
f 2565//2280 2594//2309 2595//2310 
f 2564//2279 2593//2308 2594//2309 
f 2563//2278 2592//2307 2593//2308 
f 2561//2276 2590//2305 2592//2307 
f 2591//2306 2620//2335 2590//2305 
f 2559//2274 2588//2303 2589//2304 
f 2558//2273 2587//2302 2588//2303 
f 2557//2272 2586//2301 2587//2302 
f 2556//2271 2585//2300 2586//2301 
f 2555//2270 2584//2299 2585//2300 
f 2554//2269 2583//2298 2584//2299 
f 2553//2268 2582//2297 2583//2298 
f 2552//2267 2581//2296 2582//2297 
f 2551//2266 2580//2295 2581//2296 
f 2550//2265 2579//2294 2580//2295 
f 2549//2264 2578//2293 2579//2294 
f 2548//2263 2577//2292 2578//2293 
f 2547//2262 2576//2291 2577//2292 
f 2546//2261 2575//2290 2576//2291 
f 2545//2260 2574//2289 2575//2290 
f 2544//2259 2573//2288 2574//2289 
f 2543//2258 2572//2287 2573//2288 
f 2542//2257 2571//2286 2572//2287 
f 2541//2256 2570//2285 2571//2286 
f 2540//2255 2569//2284 2570//2285 
f 2539//2254 2568//2283 2569//2284 
f 2538//2253 2567//2282 2568//2283 
f 2537//2252 2566//2281 2567//2282 
f 2536//2251 2565//2280 2566//2281 
f 2535//2250 2564//2279 2565//2280 
f 2534//2249 2563//2278 2564//2279 
f 2532//2247 2561//2276 2563//2278 
f 2562//2277 2591//2306 2561//2276 
f 2530//2245 2559//2274 2560//2275 
f 2529//2244 2558//2273 2559//2274 
f 2528//2243 2557//2272 2558//2273 
f 2527//2242 2556//2271 2557//2272 
f 2526//2241 2555//2270 2556//2271 
f 2525//2240 2554//2269 2555//2270 
f 2524//2239 2553//2268 2554//2269 
f 2523//2238 2552//2267 2553//2268 
f 2522//2237 2551//2266 2552//2267 
f 2521//2236 2550//2265 2551//2266 
f 2520//2235 2549//2264 2550//2265 
f 2519//2234 2548//2263 2549//2264 
f 2518//2233 2547//2262 2548//2263 
f 2517//2232 2546//2261 2547//2262 
f 2516//2231 2545//2260 2546//2261 
f 2515//2230 2544//2259 2545//2260 
f 2514//2229 2543//2258 2544//2259 
f 2513//2228 2542//2257 2543//2258 
f 2512//2227 2541//2256 2542//2257 
f 2511//2226 2540//2255 2541//2256 
f 2510//2225 2539//2254 2540//2255 
f 2509//2224 2538//2253 2539//2254 
f 2508//2223 2537//2252 2538//2253 
f 2507//2222 2536//2251 2537//2252 
f 2506//2221 2535//2250 2536//2251 
f 2505//2220 2534//2249 2535//2250 
f 2503//2218 2532//2247 2534//2249 
f 2533//2248 2562//2277 2532//2247 
f 2501//2216 2530//2245 2531//2246 
f 2500//2215 2529//2244 2530//2245 
f 2499//2214 2528//2243 2529//2244 
f 2498//2213 2527//2242 2528//2243 
f 2497//2212 2526//2241 2527//2242 
f 2496//2211 2525//2240 2526//2241 
f 2495//2210 2524//2239 2525//2240 
f 2494//2209 2523//2238 2524//2239 
f 2493//2208 2522//2237 2523//2238 
f 2492//2207 2521//2236 2522//2237 
f 2491//2206 2520//2235 2521//2236 
f 2490//2205 2519//2234 2520//2235 
f 2489//2204 2518//2233 2519//2234 
f 2488//2203 2517//2232 2518//2233 
f 2487//2202 2516//2231 2517//2232 
f 2486//2201 2515//2230 2516//2231 
f 2485//2200 2514//2229 2515//2230 
f 2484//2199 2513//2228 2514//2229 
f 2483//2198 2512//2227 2513//2228 
f 2482//2197 2511//2226 2512//2227 
f 2481//2196 2510//2225 2511//2226 
f 2480//2195 2509//2224 2510//2225 
f 2479//2194 2508//2223 2509//2224 
f 2478//2193 2507//2222 2508//2223 
f 2477//2192 2506//2221 2507//2222 
f 2476//2191 2505//2220 2506//2221 
f 2474//2189 2503//2218 2505//2220 
f 2504//2219 2533//2248 2503//2218 
f 2472//2187 2501//2216 2502//2217 
f 2471//2186 2500//2215 2501//2216 
f 2470//2185 2499//2214 2500//2215 
f 2469//2184 2498//2213 2499//2214 
f 2468//2183 2497//2212 2498//2213 
f 2467//2182 2496//2211 2497//2212 
f 2466//2181 2495//2210 2496//2211 
f 2465//2180 2494//2209 2495//2210 
f 2464//2179 2493//2208 2494//2209 
f 2463//2178 2492//2207 2493//2208 
f 2462//2177 2491//2206 2492//2207 
f 2461//2176 2490//2205 2491//2206 
f 2460//2175 2489//2204 2490//2205 
f 2459//2174 2488//2203 2489//2204 
f 2458//2173 2487//2202 2488//2203 
f 2457//2172 2486//2201 2487//2202 
f 2456//2171 2485//2200 2486//2201 
f 2455//2170 2484//2199 2485//2200 
f 2454//2169 2483//2198 2484//2199 
f 2453//2168 2482//2197 2483//2198 
f 2452//2167 2481//2196 2482//2197 
f 2451//2166 2480//2195 2481//2196 
f 2450//2165 2479//2194 2480//2195 
f 2449//2164 2478//2193 2479//2194 
f 2448//2163 2477//2192 2478//2193 
f 2447//2162 2476//2191 2477//2192 
f 2445//2160 2474//2189 2476//2191 
f 2475//2190 2504//2219 2474//2189 
f 2443//2158 2472//2187 2473//2188 
f 2442//2157 2471//2186 2472//2187 
f 2441//2156 2470//2185 2471//2186 
f 2440//2155 2469//2184 2470//2185 
f 2439//2154 2468//2183 2469//2184 
f 2438//2153 2467//2182 2468//2183 
f 2437//2152 2466//2181 2467//2182 
f 2436//2151 2465//2180 2466//2181 
f 2435//2150 2464//2179 2465//2180 
f 2434//2149 2463//2178 2464//2179 
f 2433//2148 2462//2177 2463//2178 
f 2432//2147 2461//2176 2462//2177 
f 2431//2146 2460//2175 2461//2176 
f 2430//2145 2459//2174 2460//2175 
f 2429//2144 2458//2173 2459//2174 
f 2428//2143 2457//2172 2458//2173 
f 2427//2142 2456//2171 2457//2172 
f 2426//2141 2455//2170 2456//2171 
f 2425//2140 2454//2169 2455//2170 
f 2424//2139 2453//2168 2454//2169 
f 2423//2138 2452//2167 2453//2168 
f 2422//2137 2451//2166 2452//2167 
f 2421//2136 2450//2165 2451//2166 
f 2420//2135 2449//2164 2450//2165 
f 2419//2134 2448//2163 2449//2164 
f 2418//2133 2447//2162 2448//2163 
f 2416//2131 2445//2160 2447//2162 
f 2446//2161 2475//2190 2445//2160 
f 2414//2129 2443//2158 2444//2159 
f 2413//2128 2442//2157 2443//2158 
f 2412//2127 2441//2156 2442//2157 
f 2411//2126 2440//2155 2441//2156 
f 2410//2125 2439//2154 2440//2155 
f 2409//2124 2438//2153 2439//2154 
f 2408//2123 2437//2152 2438//2153 
f 2407//2122 2436//2151 2437//2152 
f 2406//2121 2435//2150 2436//2151 
f 2405//2120 2434//2149 2435//2150 
f 2404//2119 2433//2148 2434//2149 
f 2403//2118 2432//2147 2433//2148 
f 2402//2117 2431//2146 2432//2147 
f 2401//2116 2430//2145 2431//2146 
f 2400//2115 2429//2144 2430//2145 
f 2399//2114 2428//2143 2429//2144 
f 2398//2113 2427//2142 2428//2143 
f 2397//2112 2426//2141 2427//2142 
f 2396//2111 2425//2140 2426//2141 
f 2395//2110 2424//2139 2425//2140 
f 2394//2109 2423//2138 2424//2139 
f 2393//2108 2422//2137 2423//2138 
f 2392//2107 2421//2136 2422//2137 
f 2391//2106 2420//2135 2421//2136 
f 2390//2105 2419//2134 2420//2135 
f 2389//2104 2418//2133 2419//2134 
f 2387//2102 2416//2131 2418//2133 
f 2417//2132 2446//2161 2416//2131 
f 2385//2100 2414//2129 2415//2130 
f 2384//2099 2413//2128 2414//2129 
f 2383//2098 2412//2127 2413//2128 
f 2382//2097 2411//2126 2412//2127 
f 2381//2096 2410//2125 2411//2126 
f 2380//2095 2409//2124 2410//2125 
f 2379//2094 2408//2123 2409//2124 
f 2378//2093 2407//2122 2408//2123 
f 2377//2092 2406//2121 2407//2122 
f 2376//2091 2405//2120 2406//2121 
f 2375//2090 2404//2119 2405//2120 
f 2374//2089 2403//2118 2404//2119 
f 2373//2088 2402//2117 2403//2118 
f 2372//2087 2401//2116 2402//2117 
f 2371//2086 2400//2115 2401//2116 
f 2370//2085 2399//2114 2400//2115 
f 2369//2084 2398//2113 2399//2114 
f 2368//2083 2397//2112 2398//2113 
f 2367//2082 2396//2111 2397//2112 
f 2366//2081 2395//2110 2396//2111 
f 2365//2080 2394//2109 2395//2110 
f 2364//2079 2393//2108 2394//2109 
f 2363//2078 2392//2107 2393//2108 
f 2362//2077 2391//2106 2392//2107 
f 2361//2076 2390//2105 2391//2106 
f 2360//2075 2389//2104 2390//2105 
f 2358//2073 2387//2102 2389//2104 
f 2388//2103 2417//2132 2387//2102 
f 2356//2069 2385//2100 2386//2101 
f 2355//2067 2384//2099 2385//2100 
f 2354//2065 2383//2098 2384//2099 
f 2353//2063 2382//2097 2383//2098 
f 2352//2061 2381//2096 2382//2097 
f 2351//2059 2380//2095 2381//2096 
f 2350//2057 2379//2094 2380//2095 
f 2349//2055 2378//2093 2379//2094 
f 2348//2053 2377//2092 2378//2093 
f 2347//2051 2376//2091 2377//2092 
f 2346//2049 2375//2090 2376//2091 
f 2345//2047 2374//2089 2375//2090 
f 2344//2045 2373//2088 2374//2089 
f 2343//2043 2372//2087 2373//2088 
f 2342//2041 2371//2086 2372//2087 
f 2341//2039 2370//2085 2371//2086 
f 2340//2037 2369//2084 2370//2085 
f 2339//2035 2368//2083 2369//2084 
f 2338//2033 2367//2082 2368//2083 
f 2337//2031 2366//2081 2367//2082 
f 2336//2029 2365//2080 2366//2081 
f 2335//2027 2364//2079 2365//2080 
f 2334//2025 2363//2078 2364//2079 
f 2333//2023 2362//2077 2363//2078 
f 2332//2021 2361//2076 2362//2077 
f 2331//2019 2360//2075 2361//2076 
f 2330//2016 2358//2073 2360//2075 
f 2359//2074 2388//2103 2358//2073 
f 295//2070 2356//2069 2357//2071 
f 264//2068 2355//2067 2356//2069 
f 262//2066 2354//2065 2355//2067 
f 260//2064 2353//2063 2354//2065 
f 254//2062 2352//2061 2353//2063 
f 254//2062 252//2060 2351//2059 
f 249//2058 2350//2057 2351//2059 
f 259//2056 2349//2055 2350//2057 
f 256//2054 2348//2053 2349//2055 
f 294//2052 2347//2051 2348//2053 
f 292//2050 2346//2049 2347//2051 
f 290//2048 2345//2047 2346//2049 
f 288//2046 2344//2045 2345//2047 
f 286//2044 2343//2043 2344//2045 
f 284//2042 2342//2041 2343//2043 
f 282//2040 2341//2039 2342//2041 
f 280//2038 2340//2037 2341//2039 
f 280//2038 278//2036 2339//2035 
f 276//2034 2338//2033 2339//2035 
f 274//2032 2337//2031 2338//2033 
f 274//2032 271//2030 2336//2029 
f 303//2028 2335//2027 2336//2029 
f 269//2026 2334//2025 2335//2027 
f 266//2024 2333//2023 2334//2025 
f 302//2022 2332//2021 2333//2023 
f 300//2020 2331//2019 2332//2021 
f 298//2017 2330//2016 2331//2019 
f 307//2018 2359//2074 2330//2016 
o mesh7
f 2209//4026 2208//4026 471//4026 
f 2209//4026 351//4026 4022//4026 
f 4022//4026 2212//4026 2209//4026 
f 2208//4026 2207//4026 349//4026 
f 349//4026 471//4026 2208//4026 
f 351//4026 470//4026 4022//4026 
f 471//4026 351//4026 2209//4026 
o mesh8
f 2326//4027 2323//4027 354//4027 
f 353//4027 352//4027 2325//4027 
f 306//4027 2325//4027 352//4027 
f 2325//4027 2326//4027 353//4027 
f 2324//4027 2321//4027 355//4027 
f 356//4027 354//4027 2323//4027 
f 354//4027 353//4027 2326//4027 
f 2323//4027 2324//4027 356//4027 
f 2322//4027 2319//4027 357//4027 
f 358//4027 355//4027 2321//4027 
f 355//4027 356//4027 2324//4027 
f 2321//4027 2322//4027 358//4027 
f 357//4027 358//4027 2322//4027 
f 2319//4027 2318//4027 359//4027 
f 2320//4027 2316//4027 361//4027 
f 360//4027 359//4027 2318//4027 
f 359//4027 357//4027 2319//4027 
f 2318//4027 2320//4027 360//4027 
f 2317//4027 2314//4027 363//4027 
f 362//4027 361//4027 2316//4027 
f 361//4027 360//4027 2320//4027 
f 2316//4027 2317//4027 362//4027 
f 2315//4027 2313//4027 364//4027 
f 365//4027 363//4027 2314//4027 
f 363//4027 362//4027 2317//4027 
f 2314//4027 2315//4027 365//4027 
f 2310//4027 2309//4027 368//4027 
f 364//4027 365//4027 2315//4027 
f 366//4027 364//4027 2313//4027 
f 367//4027 2312//4027 2310//4027 
f 2313//4027 2312//4027 366//4027 
f 368//4027 367//4027 2310//4027 
f 2311//4027 2307//4027 370//4027 
f 369//4027 368//4027 2309//4027 
f 367//4027 366//4027 2312//4027 
f 2309//4027 2311//4027 369//4027 
f 2308//4027 2306//4027 371//4027 
f 372//4027 370//4027 2307//4027 
f 2299//4027 383//4027 379//4027 
f 370//4027 369//4027 2311//4027 
f 2307//4027 2308//4027 372//4027 
f 2305//4027 2303//4027 373//4027 
f 374//4027 371//4027 2306//4027 
f 379//4027 2298//4027 2299//4027 
f 2294//4027 2292//4027 384//4027 
f 385//4027 382//4027 2295//4027 
f 371//4027 372//4027 2308//4027 
f 2306//4027 2305//4027 374//4027 
f 381//4027 383//4027 2297//4027 
f 379//4027 378//4027 2298//4027 
f 2296//4027 2295//4027 382//4027 
f 2295//4027 2294//4027 385//4027 
f 373//4027 374//4027 2305//4027 
f 2303//4027 2302//4027 375//4027 
f 2304//4027 2300//4027 377//4027 
f 376//4027 375//4027 2302//4027 
f 2299//4027 2297//4027 383//4027 
f 384//4027 385//4027 2294//4027 
f 388//4027 384//4027 2292//4027 
f 375//4027 373//4027 2303//4027 
f 2302//4027 2304//4027 376//4027 
f 2301//4027 2298//4027 378//4027 
f 380//4027 377//4027 2300//4027 
f 382//4027 381//4027 2296//4027 
f 2293//4027 386//4027 388//4027 
f 2290//4027 2289//4027 387//4027 
f 377//4027 376//4027 2304//4027 
f 2300//4027 2301//4027 380//4027 
f 2292//4027 2293//4027 388//4027 
f 386//4027 2293//4027 2290//4027 
f 378//4027 380//4027 2301//4027 
f 387//4027 386//4027 2290//4027 
f 2291//4027 2287//4027 390//4027 
f 389//4027 387//4027 2289//4027 
f 2297//4027 2296//4027 381//4027 
f 2289//4027 2291//4027 389//4027 
f 2288//4027 2286//4027 391//4027 
f 392//4027 390//4027 2287//4027 
f 390//4027 389//4027 2291//4027 
f 2287//4027 2288//4027 392//4027 
f 395//4027 391//4027 2286//4027 
f 391//4027 392//4027 2288//4027 
f 2285//4027 393//4027 395//4027 
f 2283//4027 2282//4027 394//4027 
f 2286//4027 2285//4027 395//4027 
f 393//4027 2285//4027 2283//4027 
f 2284//4027 2280//4027 397//4027 
f 396//4027 394//4027 2282//4027 
f 394//4027 393//4027 2283//4027 
f 2282//4027 2284//4027 396//4027 
f 2281//4027 2278//4027 398//4027 
f 399//4027 397//4027 2280//4027 
f 397//4027 396//4027 2284//4027 
f 2280//4027 2281//4027 399//4027 
f 402//4027 398//4027 2278//4027 
f 2277//4027 400//4027 401//4027 
f 398//4027 399//4027 2281//4027 
f 2279//4027 401//4027 402//4027 
f 403//4027 400//4027 2276//4027 
f 401//4027 2279//4027 2277//4027 
f 2278//4027 2279//4027 402//4027 
f 2277//4027 2276//4027 400//4027 
f 2274//4027 2272//4027 405//4027 
f 404//4027 403//4027 2275//4027 
f 2276//4027 2275//4027 403//4027 
f 2275//4027 2274//4027 404//4027 
f 2273//4027 2270//4027 407//4027 
f 406//4027 405//4027 2272//4027 
f 422//4027 420//4027 2258//4027 
f 405//4027 404//4027 2274//4027 
f 2272//4027 2273//4027 406//4027 
f 2271//4027 2269//4027 408//4027 
f 409//4027 407//4027 2270//4027 
f 2260//4027 2259//4027 420//4027 
f 2257//4027 2255//4027 421//4027 
f 420//4027 2259//4027 2258//4027 
f 407//4027 406//4027 2273//4027 
f 2270//4027 2271//4027 409//4027 
f 2266//4027 2265//4027 412//4027 
f 2262//4027 2260//4027 418//4027 
f 419//4027 415//4027 2261//4027 
f 420//4027 417//4027 2260//4027 
f 2258//4027 2257//4027 422//4027 
f 408//4027 409//4027 2271//4027 
f 410//4027 408//4027 2269//4027 
f 411//4027 2268//4027 2266//4027 
f 2261//4027 2262//4027 419//4027 
f 421//4027 422//4027 2257//4027 
f 2253//4027 2252//4027 425//4027 
f 2269//4027 2268//4027 410//4027 
f 412//4027 411//4027 2266//4027 
f 2267//4027 2263//4027 414//4027 
f 413//4027 412//4027 2265//4027 
f 417//4027 418//4027 2260//4027 
f 423//4027 421//4027 2255//4027 
f 424//4027 2256//4027 2253//4027 
f 411//4027 410//4027 2268//4027 
f 2265//4027 2267//4027 413//4027 
f 2264//4027 2261//4027 415//4027 
f 416//4027 414//4027 2263//4027 
f 2255//4027 2256//4027 423//4027 
f 425//4027 424//4027 2253//4027 
f 2254//4027 2250//4027 427//4027 
f 426//4027 425//4027 2252//4027 
f 414//4027 413//4027 2267//4027 
f 2263//4027 2264//4027 416//4027 
f 424//4027 423//4027 2256//4027 
f 2252//4027 2254//4027 426//4027 
f 415//4027 416//4027 2264//4027 
f 427//4027 426//4027 2254//4027 
f 2251//4027 2248//4027 428//4027 
f 429//4027 427//4027 2250//4027 
f 418//4027 419//4027 2262//4027 
f 2250//4027 2251//4027 429//4027 
f 428//4027 429//4027 2251//4027 
f 2248//4027 2247//4027 430//4027 
f 2249//4027 2245//4027 432//4027 
f 431//4027 430//4027 2247//4027 
f 430//4027 428//4027 2248//4027 
f 2247//4027 2249//4027 431//4027 
f 2246//4027 2243//4027 434//4027 
f 435//4027 432//4027 2245//4027 
f 437//4027 433//4027 2244//4027 
f 432//4027 431//4027 2249//4027 
f 2245//4027 2246//4027 435//4027 
f 2327//4027 436//4027 437//4027 
f 2243//4027 2244//4027 433//4027 
f 434//4027 435//4027 2246//4027 
f 433//4027 434//4027 2243//4027 
f 2241//4027 2240//4027 438//4027 
f 2244//4027 2327//4027 437//4027 
f 436//4027 2327//4027 2241//4027 
f 2242//4027 2238//4027 440//4027 
f 439//4027 438//4027 2240//4027 
f 438//4027 436//4027 2241//4027 
f 2240//4027 2242//4027 439//4027 
f 2239//4027 2236//4027 441//4027 
f 442//4027 440//4027 2238//4027 
f 440//4027 439//4027 2242//4027 
f 2238//4027 2239//4027 442//4027 
f 2237//4027 2234//4027 443//4027 
f 444//4027 441//4027 2236//4027 
f 441//4027 442//4027 2239//4027 
f 2236//4027 2237//4027 444//4027 
f 443//4027 444//4027 2237//4027 
f 2234//4027 2233//4027 445//4027 
f 2235//4027 2231//4027 446//4027 
f 448//4027 445//4027 2233//4027 
f 2328//4027 2229//4027 450//4027 
f 447//4027 2231//4027 2232//4027 
f 445//4027 443//4027 2234//4027 
f 2233//4027 2235//4027 448//4027 
f 449//4027 2232//4027 2328//4027 
f 2232//4027 449//4027 447//4027 
f 446//4027 448//4027 2235//4027 
f 447//4027 446//4027 2231//4027 
f 2230//4027 2228//4027 451//4027 
f 452//4027 450//4027 2229//4027 
f 450//4027 449//4027 2328//4027 
f 2229//4027 2230//4027 452//4027 
f 2225//4027 2224//4027 455//4027 
f 451//4027 452//4027 2230//4027 
f 453//4027 451//4027 2228//4027 
f 454//4027 2227//4027 2225//4027 
f 2228//4027 2227//4027 453//4027 
f 455//4027 454//4027 2225//4027 
f 2226//4027 2222//4027 457//4027 
f 456//4027 455//4027 2224//4027 
f 2210//4027 4022//4027 470//4027 
f 454//4027 453//4027 2227//4027 
f 2224//4027 2226//4027 456//4027 
f 2223//4027 2220//4027 458//4027 
f 460//4027 457//4027 2222//4027 
f 2216//4027 2213//4027 466//4027 
f 467//4027 465//4027 2215//4027 
f 470//4027 2211//4027 2210//4027 
f 457//4027 456//4027 2226//4027 
f 2222//4027 2223//4027 460//4027 
f 461//4027 459//4027 2221//4027 
f 2220//4027 2221//4027 459//4027 
f 2218//4027 2217//4027 463//4027 
f 2215//4027 2216//4027 467//4027 
f 468//4027 466//4027 2213//4027 
f 469//4027 2214//4027 2211//4027 
f 458//4027 460//4027 2223//4027 
f 459//4027 458//4027 2220//4027 
f 462//4027 2329//4027 2218//4027 
f 2219//4027 2215//4027 465//4027 
f 464//4027 463//4027 2217//4027 
f 2213//4027 2214//4027 468//4027 
f 470//4027 469//4027 2211//4027 
f 2221//4027 2329//4027 461//4027 
f 463//4027 462//4027 2218//4027 
f 2217//4027 2219//4027 464//4027 
f 469//4027 468//4027 2214//4027 
f 462//4027 461//4027 2329//4027 
f 466//4027 467//4027 2216//4027 
f 465//4027 464//4027 2219//4027 
f 352//4027 308//4027 306//4027 
o mesh9
f 4022//4028 2210//4028 2212//4028 
