# OBJ generated by ONSHAPE BY PTC INC, 1.213 Units = meters
mtllib wing1.mtl
g Part 2
v 0.199986 1.19522 1.27536 
v 0.200016 1.1953 1.27519 
v 0.200076 1.19524 1.27533 
v 0.199703 1.20059 1.27798 
v 0.199346 1.20097 1.27713 
v 0.1979 1.22079 1.28673 
v 0.198256 1.22041 1.28758 
v 0.196347 1.24062 1.296 
v 0.196703 1.24025 1.29686 
v 0.199859 1.19357 1.27346 
v 0.0873413 0.0692939 0.263283 
v 0.0875416 0.0699218 0.262328 
v 0.0884666 0.085871 0.284078 
v 0.0872192 0.0671927 0.26042 
v 0.0888232 0.0945822 0.297602 
v 0.0890221 0.0952042 0.29665 
v 0.0896136 0.105145 0.31004 
v 0.0883363 0.0864164 0.286612 
v 0.0873523 0.0666585 0.257878 
v 0.0866968 0.0580241 0.247814 
v 0.0868905 0.0585443 0.246715 
v 0.0903542 0.119905 0.331446 
v 0.0905519 0.120522 0.330497 
v 0.090793 0.124475 0.335756 
v 0.089486 0.1057 0.312564 
v 0.0919348 0.145252 0.364789 
v 0.0921336 0.145872 0.363837 
v 0.0932482 0.163289 0.386434 
v 0.0918822 0.144431 0.363725 
v 0.090668 0.12504 0.338271 
v 0.0920046 0.143858 0.361223 
v 0.0935722 0.170639 0.397588 
v 0.0937697 0.171255 0.396639 
v 0.0945234 0.182766 0.411386 
v 0.0931283 0.16387 0.388924 
v 0.0952548 0.196012 0.429857 
v 0.0954512 0.196624 0.428912 
v 0.0958303 0.202286 0.436074 
v 0.094406 0.183354 0.413863 
v 0.0970561 0.222446 0.462942 
v 0.097177 0.221966 0.460643 
v 0.0985381 0.241442 0.484643 
v 0.098428 0.242049 0.487076 
v 0.0971686 0.221845 0.460494 
v 0.0969815 0.221358 0.461584 
v 0.0957154 0.202881 0.438536 
v 0.0987605 0.246702 0.492729 
v 0.0989571 0.247315 0.491784 
v 0.0999389 0.261074 0.508517 
v 0.108993 0.379493 0.645841 
v 0.108899 0.380132 0.648157 
v 0.108481 0.374917 0.642326 
v 0.100584 0.272005 0.523305 
v 0.100779 0.272613 0.522364 
v 0.101371 0.280738 0.532114 
v 0.0998312 0.261686 0.510935 
v 0.110329 0.397621 0.667417 
v 0.110523 0.398224 0.666482 
v 0.111107 0.40534 0.674296 
v 0.109601 0.388766 0.657715 
v 0.108299 0.372641 0.63978 
v 0.107311 0.360324 0.626005 
v 0.107955 0.366534 0.631334 
v 0.108493 0.373244 0.638845 
v 0.102447 0.297248 0.553313 
v 0.102642 0.297853 0.552375 
v 0.102833 0.300434 0.555431 
v 0.101265 0.281355 0.534516 
v 0.109575 0.386666 0.653792 
v 0.112588 0.423106 0.693535 
v 0.112397 0.422512 0.694463 
v 0.111136 0.407438 0.678174 
v 0.107407 0.35969 0.623672 
v 0.104354 0.322437 0.582733 
v 0.10455 0.323048 0.581791 
v 0.105852 0.339911 0.601212 
v 0.104226 0.320785 0.580832 
v 0.10273 0.301056 0.557816 
v 0.104327 0.320159 0.578464 
v 0.112697 0.426107 0.698347 
v 0.112664 0.424011 0.694515 
v 0.114246 0.442679 0.714447 
v 0.106308 0.34758 0.611548 
v 0.106502 0.348187 0.61061 
v 0.105753 0.340541 0.603563 
v 0.114284 0.444773 0.718235 
v 0.114503 0.447318 0.720907 
v 0.114698 0.447924 0.719967 
v 0.115854 0.461344 0.734092 
v 0.11665 0.47204 0.746742 
v 0.116843 0.472638 0.745808 
v 0.117487 0.480004 0.75345 
v 0.115895 0.463435 0.737835 
v 0.119019 0.497238 0.771067 
v 0.118829 0.496648 0.771995 
v 0.117532 0.482093 0.757149 
v 0.119194 0.500746 0.776174 
v 0.119146 0.49866 0.772521 
v 0.120829 0.51731 0.791303 
v 0.121042 0.521153 0.796653 
v 0.121236 0.521754 0.795711 
v 0.122538 0.535955 0.809796 
v 0.120881 0.519393 0.794911 
v 0.123295 0.545568 0.8207 
v 0.123487 0.54616 0.819763 
v 0.124271 0.554594 0.828 
v 0.122593 0.538035 0.81336 
v 0.127814 0.591854 0.86354 
v 0.127879 0.593926 0.86697 
v 0.126853 0.583234 0.856877 
v 0.125767 0.570443 0.843238 
v 0.125577 0.569859 0.844169 
v 0.12433 0.556672 0.83152 
v 0.127889 0.594025 0.867062 
v 0.128083 0.594621 0.866115 
v 0.129623 0.610475 0.880874 
v 0.126498 0.578113 0.850537 
v 0.126092 0.575302 0.84939 
v 0.12603 0.573227 0.845915 
v 0.129692 0.612543 0.88426 
v 0.14515 0.760527 1.01006 
v 0.144961 0.759956 1.011 
v 0.143855 0.74981 1.00289 
v 0.130241 0.618104 0.889339 
v 0.130433 0.618692 0.888397 
v 0.131457 0.62909 0.897918 
v 0.145631 0.764949 1.0136 
v 0.143777 0.74791 0.999942 
v 0.143087 0.742705 0.997133 
v 0.143516 0.745495 0.997981 
v 0.13262 0.642052 0.911046 
v 0.13281 0.642633 0.91011 
v 0.133317 0.647699 0.91467 
v 0.131529 0.631155 0.901259 
v 0.143803 0.74933 1.0025 
v 0.142995 0.740661 0.994056 
v 0.142436 0.736624 0.992142 
v 0.142624 0.737194 0.991203 
v 0.141097 0.724126 0.981885 
v 0.13528 0.66836 0.934385 
v 0.135216 0.666444 0.931255 
v 0.137111 0.684899 0.947301 
v 0.147587 0.78384 1.02986 
v 0.147701 0.783727 1.02837 
v 0.149396 0.798938 1.04013 
v 0.141008 0.722078 0.978764 
v 0.137194 0.686954 0.95051 
v 0.135201 0.666302 0.931132 
v 0.135027 0.66587 0.932187 
v 0.133392 0.64976 0.917968 
v 0.149481 0.800809 1.04294 
v 0.147504 0.781958 1.027 
v 0.147511 0.783153 1.02932 
v 0.145712 0.76684 1.01651 
v 0.137467 0.689575 0.952744 
v 0.137659 0.690161 0.951795 
v 0.139047 0.703491 0.963179 
v 0.150095 0.806246 1.04706 
v 0.150285 0.806816 1.0461 
v 0.151307 0.815888 1.05298 
v 0.139939 0.713166 0.97272 
v 0.140129 0.713745 0.971776 
v 0.139133 0.705542 0.966344 
v 0.152702 0.829204 1.06426 
v 0.15289 0.829765 1.06331 
v 0.153237 0.832809 1.06558 
v 0.151394 0.81775 1.05576 
v 0.160866 0.897871 1.11168 
v 0.16068 0.89732 1.11263 
v 0.159537 0.887754 1.10609 
v 0.155333 0.852024 1.08093 
v 0.155523 0.852593 1.07997 
v 0.157153 0.866565 1.08996 
v 0.155276 0.851544 1.08059 
v 0.153326 0.834661 1.06831 
v 0.155186 0.849701 1.0779 
v 0.15929 0.88466 1.10262 
v 0.157996 0.874741 1.09704 
v 0.158184 0.875301 1.09608 
v 0.15914 0.883401 1.10175 
v 0.157246 0.868398 1.09261 
v 0.159234 0.885223 1.10436 
v 0.161242 0.902022 1.11585 
v 0.161145 0.900209 1.11328 
v 0.16317 0.91699 1.12454 
v 0.163387 0.919766 1.12771 
v 0.163577 0.920325 1.12673 
v 0.165213 0.933744 1.13554 
v 0.163268 0.918793 1.12707 
v 0.166125 0.942107 1.14223 
v 0.166313 0.942657 1.14126 
v 0.167276 0.950473 1.14627 
v 0.165314 0.935538 1.13803 
v 0.168883 0.964312 1.15625 
v 0.169069 0.964854 1.15529 
v 0.169359 0.967176 1.15674 
v 0.167378 0.952256 1.14872 
v 0.173889 1.0029 1.17828 
v 0.174662 1.0089 1.18178 
v 0.17411 1.00553 1.18112 
v 0.174475 1.00836 1.18276 
v 0.175722 1.01714 1.18657 
v 0.171664 0.986388 1.16978 
v 0.171853 0.986937 1.16879 
v 0.173581 1.00051 1.17689 
v 0.171566 0.985619 1.16932 
v 0.169462 0.96895 1.15915 
v 0.17146 0.983855 1.16695 
v 0.173689 1.00226 1.17922 
v 0.177306 1.0302 1.19525 
v 0.177491 1.03074 1.19428 
v 0.177883 1.03375 1.19598 
v 0.175831 1.01889 1.18886 
v 0.180176 1.05206 1.20735 
v 0.180345 1.05246 1.20627 
v 0.182264 1.06691 1.21402 
v 0.182378 1.06862 1.2162 
v 0.180063 1.05034 1.20514 
v 0.180156 1.05192 1.20727 
v 0.177993 1.03549 1.19824 
v 0.197884 1.18061 1.26932 
v 0.183039 1.07354 1.21875 
v 0.183225 1.07407 1.21776 
v 0.184485 1.08346 1.22265 
v 0.197965 1.1804 1.26799 
v 0.194787 1.15884 1.2599 
v 0.194972 1.15936 1.25889 
v 0.195665 1.16427 1.26107 
v 0.1937 1.15115 1.2565 
v 0.188989 1.1165 1.23911 
v 0.188864 1.11641 1.2403 
v 0.187586 1.10709 1.23575 
v 0.185941 1.09503 1.22976 
v 0.186126 1.09556 1.22877 
v 0.186727 1.09999 1.23101 
v 0.184601 1.08516 1.22479 
v 0.197759 1.17896 1.26739 
v 0.19778 1.17989 1.26901 
v 0.195788 1.16592 1.26303 
v 0.193578 1.14949 1.25451 
v 0.189108 1.11819 1.24117 
v 0.189048 1.11692 1.23931 
v 0.191273 1.133 1.24694 
v 0.187384 1.10478 1.23336 
v 0.191814 1.13768 1.25034 
v 0.192 1.1382 1.24933 
v 0.191393 1.13467 1.24897 
v 0.186844 1.10168 1.23311 
v 0.0856341 0.0583574 0.246901 
v 0.0798284 0.0570422 0.248741 
v 0.0796385 0.0575048 0.2477 
v 0.0858523 0.0578989 0.247938 
v 0.0737793 0.0562468 0.249406 
v 0.0736178 0.0567131 0.248362 
v 0.0555189 0.0542333 0.250571 
v 0.055443 0.0547091 0.249522 
v 0.0615163 0.0553149 0.249273 
v 0.0494069 0.0536878 0.250681 
v 0.0493597 0.0541661 0.249631 
v 0.0677089 0.0555133 0.249933 
v 0.0675758 0.055983 0.248887 
v 0.0616208 0.054842 0.250322 
v 0.0432886 0.0532055 0.250653 
v 0.0432701 0.0536861 0.249603 
v 0.0371679 0.052787 0.250485 
v 0.0371782 0.0532696 0.249436 
v 0.0310486 0.0524325 0.250178 
v 0.0310875 0.0529167 0.24913 
v 0.0249344 0.0521421 0.249732 
v 0.025002 0.0526276 0.248687 
v 0.0127367 0.0517544 0.248425 
v 0.0128615 0.0522418 0.247386 
v 0.0189254 0.0524026 0.248105 
v 0.00666079 0.0516574 0.247565 
v 0.0068141 0.0521453 0.24653 
v 0.000605173 0.0516251 0.246568 
v 0.000786893 0.0521131 0.245537 
v -0.00542636 0.0516574 0.245434 
v -0.00521635 0.0521453 0.244409 
v -0.0409012 0.0532055 0.235808 
v -0.0405248 0.0536861 0.234828 
v -0.0347431 0.0532696 0.236754 
v -0.0466603 0.0536878 0.233742 
v -0.0462569 0.0541661 0.232772 
v -0.0114301 0.0517544 0.244164 
v -0.0111919 0.0522418 0.243145 
v -0.0174022 0.051916 0.242759 
v -0.017136 0.0524026 0.241747 
v -0.0350922 0.052787 0.237743 
v -0.0289153 0.0529167 0.23855 
v -0.0580146 0.054842 0.229227 
v -0.0575579 0.0553149 0.228277 
v -0.0519358 0.0547091 0.230588 
v -0.0636027 0.0555133 0.226779 
v -0.0631198 0.055983 0.225842 
v 0.0188292 0.051916 0.249148 
v -0.0233391 0.0521421 0.24122 
v -0.023045 0.0526276 0.240215 
v -0.029237 0.0524325 0.239548 
v -0.052366 0.0542333 0.231548 
v -0.0691268 0.0562468 0.224208 
v -0.068618 0.0567131 0.223282 
v -0.0745835 0.0570422 0.221514 
v -0.0740491 0.0575048 0.220601 
v -0.0799694 0.0578989 0.218699 
v -0.0794097 0.0583574 0.217799 
v -0.0807205 0.0580241 0.218293 
v -0.0805269 0.0585443 0.217195 
v 0.178845 1.23675 1.30133 
v 0.161189 1.23306 1.30626 
v 0.125455 1.2262 1.31489 
v 0.143388 1.22954 1.31078 
v 0.107399 1.22304 1.31859 
v 0.0892326 1.22006 1.32187 
v 0.0526128 1.21466 1.32719 
v 0.0709667 1.21727 1.32474 
v 0.0341821 1.21223 1.32921 
v 0.0156863 1.21 1.33082 
v -0.0028633 1.20795 1.332 
v -0.0400775 1.20444 1.3331 
v -0.0214551 1.2061 1.33276 
v -0.0773679 1.20169 1.3325 
v -0.0587189 1.20297 1.33301 
v -0.0960127 1.20061 1.33157 
v -0.114642 1.19973 1.33021 
v -0.151806 1.19855 1.32623 
v -0.133244 1.19904 1.32843 
v -0.18877 1.19815 1.32057 
v -0.170319 1.19825 1.3236 
v -0.207147 1.19825 1.31711 
v -0.225439 1.19855 1.31324 
v -0.261725 1.19973 1.30427 
v -0.243636 1.19904 1.30896 
v -0.297535 1.20169 1.29368 
v -0.279695 1.20061 1.29918 
v -0.315234 1.20297 1.28778 
v -0.332781 1.20444 1.28149 
v -0.350166 1.2061 1.2748 
v -0.384402 1.21 1.26027 
v -0.367376 1.20795 1.26773 
v -0.401234 1.21223 1.25244 
v -0.417859 1.21466 1.24423 
v -0.434269 1.21727 1.23565 
v -0.466401 1.22304 1.21741 
v -0.450453 1.22006 1.22671 
v -0.482103 1.2262 1.20776 
v -0.512731 1.23306 1.18743 
v -0.49755 1.22954 1.19777 
v -0.527637 1.23675 1.17676 
v -0.540546 1.22079 1.15652 
v -0.0847787 0.0666585 0.227526 
v -0.0864786 0.0699218 0.231644 
v -0.0947868 0.085871 0.251766 
v -0.104744 0.105145 0.275769 
v -0.0996086 0.0952042 0.263389 
v -0.114648 0.124475 0.299532 
v -0.112623 0.120522 0.294672 
v -0.124497 0.143858 0.323048 
v -0.125512 0.145872 0.32546 
v -0.134288 0.163289 0.346313 
v -0.138268 0.171255 0.355724 
v -0.14402 0.182766 0.369324 
v -0.153692 0.202286 0.392076 
v -0.150886 0.196624 0.385476 
v -0.163302 0.221845 0.414566 
v -0.163361 0.221966 0.414703 
v -0.172848 0.241442 0.43679 
v -0.175684 0.247315 0.443358 
v -0.18233 0.261074 0.458746 
v -0.191746 0.280738 0.48043 
v -0.187855 0.272613 0.47147 
v -0.201095 0.300434 0.50184 
v -0.19987 0.297853 0.499034 
v -0.210377 0.320159 0.522973 
v -0.211724 0.323048 0.526023 
v -0.21959 0.339911 0.543828 
v -0.228733 0.35969 0.564401 
v -0.231869 0.366534 0.571414 
v -0.223415 0.348187 0.552436 
v -0.237806 0.379493 0.584691 
v -0.241072 0.386666 0.591964 
v -0.234942 0.373244 0.578288 
v -0.249524 0.40534 0.610707 
v -0.246303 0.398224 0.603564 
v -0.257902 0.424011 0.629174 
v -0.266207 0.442679 0.647363 
v -0.257496 0.423106 0.628279 
v -0.268519 0.447924 0.652395 
v -0.274437 0.461344 0.665273 
v -0.282592 0.480004 0.682906 
v -0.279373 0.472638 0.675945 
v -0.290673 0.49866 0.700259 
v -0.298679 0.51731 0.717332 
v -0.290057 0.497238 0.698936 
v -0.300569 0.521754 0.721335 
v -0.306609 0.535955 0.734126 
v -0.314465 0.554594 0.750639 
v -0.31091 0.54616 0.743167 
v -0.324265 0.578113 0.771056 
v -0.322244 0.573227 0.766872 
v -0.321082 0.570443 0.764446 
v -0.329949 0.591854 0.782824 
v -0.331082 0.594621 0.785152 
v -0.337577 0.610475 0.798494 
v -0.340911 0.618692 0.805286 
v -0.34513 0.62909 0.813883 
v -0.352607 0.647699 0.828989 
v -0.350572 0.642633 0.824876 
v -0.360008 0.666302 0.843813 
v -0.360064 0.666444 0.843924 
v -0.367334 0.684899 0.858354 
v -0.369385 0.690161 0.862389 
v -0.374583 0.703491 0.872612 
v -0.381756 0.722078 0.886586 
v -0.37854 0.713745 0.880321 
v -0.390686 0.745495 0.903787 
v -0.388853 0.740661 0.900276 
v -0.387529 0.737194 0.897722 
v -0.391602 0.74791 0.905541 
v -0.398017 0.764949 0.917745 
v -0.396352 0.760527 0.914578 
v -0.404358 0.781958 0.929691 
v -0.405011 0.783727 0.930908 
v -0.410625 0.798938 0.941378 
v -0.413504 0.806816 0.946691 
v -0.416819 0.815888 0.952808 
v -0.422939 0.832809 0.96398 
v -0.421838 0.829765 0.96197 
v -0.428985 0.849701 0.974895 
v -0.430009 0.852593 0.976722 
v -0.434959 0.866565 0.985553 
v -0.441295 0.88466 0.996716 
v -0.440859 0.883401 0.995956 
v -0.43802 0.875301 0.990951 
v -0.446686 0.900209 1.0061 
v -0.445875 0.897871 1.00469 
v -0.45244 0.91699 1.01599 
v -0.453571 0.920325 1.01791 
v -0.458122 0.933744 1.02563 
v -0.463732 0.950473 1.03501 
v -0.461111 0.942657 1.03063 
v -0.469269 0.967176 1.04414 
v -0.468499 0.964854 1.04287 
v -0.474735 0.983855 1.05301 
v -0.480129 1.00051 1.06162 
v -0.480894 1.0029 1.06283 
v -0.475733 0.986937 1.0546 
v -0.482814 1.0089 1.06584 
v -0.48545 1.01714 1.06999 
v -0.490701 1.03375 1.0781 
v -0.489748 1.03074 1.07662 
v -0.49588 1.05034 1.08595 
v -0.496533 1.05246 1.08692 
v -0.500988 1.06691 1.09355 
v -0.503168 1.07407 1.09673 
v -0.506025 1.08346 1.10089 
v -0.510991 1.09999 1.10798 
v -0.512412 1.10478 1.10997 
v -0.50966 1.09556 1.10608 
v -0.515886 1.1165 1.11482 
v -0.51601 1.11692 1.11499 
v -0.520711 1.133 1.1214 
v -0.522211 1.1382 1.12339 
v -0.525465 1.14949 1.12772 
v -0.529671 1.16427 1.13317 
v -0.528274 1.15936 1.13136 
v -0.533799 1.17896 1.13839 
v -0.534198 1.1804 1.13889 
v -0.537851 1.19357 1.14338 
v -0.538623 1.20097 1.14701 
v -0.542259 1.24062 1.16576 
v 0.180402 1.21692 1.29206 
v 0.162749 1.21323 1.29698 
v 0.144953 1.20971 1.3015 
v 0.127023 1.20637 1.30561 
v 0.108971 1.20321 1.30931 
v 0.0908085 1.20024 1.31259 
v 0.0725466 1.19744 1.31546 
v 0.0541967 1.19483 1.31791 
v 0.03577 1.19241 1.31993 
v 0.0172782 1.19017 1.32154 
v -0.00126739 1.18813 1.32272 
v -0.0198551 1.18628 1.32348 
v -0.0384735 1.18461 1.32382 
v -0.0571109 1.18315 1.32373 
v -0.0757558 1.18187 1.32322 
v -0.0943966 1.18079 1.32228 
v -0.113022 1.17991 1.32093 
v -0.131619 1.17922 1.31915 
v -0.150178 1.17872 1.31695 
v -0.168687 1.17843 1.31433 
v -0.187134 1.17833 1.31129 
v -0.205507 1.17843 1.30783 
v -0.223795 1.17872 1.30396 
v -0.241988 1.17922 1.29969 
v -0.260073 1.17991 1.295 
v -0.278039 1.18079 1.2899 
v -0.295875 1.18187 1.28441 
v -0.313571 1.18315 1.27851 
v -0.331114 1.18461 1.27222 
v -0.348495 1.18628 1.26553 
v -0.365701 1.18813 1.25846 
v -0.382724 1.19017 1.25101 
v -0.399552 1.19241 1.24317 
v -0.416174 1.19483 1.23497 
v -0.43258 1.19744 1.22639 
v -0.448761 1.20024 1.21745 
v -0.464705 1.20321 1.20816 
v -0.480404 1.20637 1.19851 
v -0.495847 1.20971 1.18851 
v -0.511024 1.21323 1.17818 
v -0.525927 1.21692 1.16751 
v 0.18186 1.19711 1.28246 
v 0.164218 1.19342 1.28738 
v 0.146433 1.18991 1.2919 
v 0.128515 1.18657 1.296 
v 0.110475 1.18341 1.2997 
v 0.092324 1.18044 1.30298 
v 0.0740739 1.17764 1.30584 
v 0.0557358 1.17503 1.30829 
v 0.037321 1.17261 1.31031 
v 0.0188411 1.17038 1.31192 
v 0.000307574 1.16834 1.3131 
v -0.0182682 1.16648 1.31386 
v -0.0368745 1.16482 1.3142 
v -0.0554999 1.16335 1.31411 
v -0.0741327 1.16208 1.3136 
v -0.0927614 1.161 1.31266 
v -0.111374 1.16012 1.31131 
v -0.12996 1.15943 1.30953 
v -0.148507 1.15894 1.30733 
v -0.167004 1.15864 1.30471 
v -0.185438 1.15854 1.30167 
v -0.2038 1.15864 1.29822 
v -0.222077 1.15894 1.29436 
v -0.240257 1.15943 1.29008 
v -0.25833 1.16012 1.28539 
v -0.276285 1.161 1.2803 
v -0.29411 1.16208 1.27481 
v -0.311794 1.16335 1.26892 
v -0.329326 1.16482 1.26263 
v -0.346695 1.16648 1.25595 
v -0.363891 1.16834 1.24888 
v -0.380902 1.17038 1.24143 
v -0.397719 1.17261 1.2336 
v -0.414331 1.17503 1.2254 
v -0.430726 1.17764 1.21683 
v -0.446896 1.18044 1.2079 
v -0.462831 1.18341 1.19861 
v -0.478519 1.18657 1.18897 
v -0.493952 1.18991 1.17898 
v -0.50912 1.19342 1.16865 
v -0.524013 1.19711 1.15799 
v 0.18323 1.17716 1.27245 
v 0.165608 1.17347 1.27737 
v 0.147842 1.16996 1.28188 
v 0.129943 1.16663 1.28599 
v 0.111922 1.16347 1.28968 
v 0.0937911 1.1605 1.29295 
v 0.0755607 1.15771 1.29581 
v 0.0572424 1.15511 1.29826 
v 0.0388476 1.15269 1.30028 
v 0.0203877 1.15046 1.30188 
v 0.00187422 1.14841 1.30306 
v -0.0166814 1.14656 1.30382 
v -0.0352676 1.1449 1.30416 
v -0.0538728 1.14344 1.30407 
v -0.0724855 1.14217 1.30356 
v -0.091094 1.14109 1.30263 
v -0.109687 1.1402 1.30127 
v -0.128253 1.13952 1.29949 
v -0.146779 1.13903 1.2973 
v -0.165256 1.13873 1.29468 
v -0.183671 1.13863 1.29165 
v -0.202012 1.13873 1.2882 
v -0.220269 1.13903 1.28434 
v -0.23843 1.13952 1.28007 
v -0.256484 1.1402 1.27539 
v -0.274419 1.14109 1.2703 
v -0.292224 1.14217 1.26481 
v -0.309889 1.14344 1.25893 
v -0.327402 1.1449 1.25265 
v -0.344753 1.14656 1.24597 
v -0.36193 1.14841 1.23891 
v -0.378923 1.15046 1.23147 
v -0.395722 1.15269 1.22365 
v -0.412315 1.15511 1.21546 
v -0.428693 1.15771 1.2069 
v -0.444846 1.1605 1.19798 
v -0.460763 1.16347 1.1887 
v -0.476434 1.16663 1.17906 
v -0.49185 1.16996 1.16909 
v -0.507002 1.17347 1.15877 
v 0.184511 1.15706 1.26204 
v 0.166916 1.15338 1.26695 
v 0.149177 1.14988 1.27146 
v 0.131305 1.14655 1.27555 
v 0.113312 1.1434 1.27924 
v 0.095209 1.14043 1.28251 
v 0.0770064 1.13764 1.28537 
v 0.0587161 1.13504 1.2878 
v 0.0403494 1.13263 1.28982 
v 0.0219176 1.1304 1.29142 
v 0.00343236 1.12836 1.2926 
v -0.0150949 1.12652 1.29336 
v -0.0336528 1.12486 1.2937 
v -0.0522296 1.12339 1.29361 
v -0.0708139 1.12212 1.2931 
v -0.0893941 1.12105 1.29217 
v -0.107959 1.12017 1.29081 
v -0.126496 1.11948 1.28904 
v -0.144994 1.11899 1.28685 
v -0.163443 1.11869 1.28423 
v -0.18183 1.1186 1.28121 
v -0.200143 1.11869 1.27776 
v -0.218372 1.11899 1.27391 
v -0.236505 1.11948 1.26964 
v -0.254531 1.12017 1.26497 
v -0.272439 1.12105 1.25989 
v -0.290218 1.12212 1.25441 
v -0.307855 1.12339 1.24854 
v -0.325342 1.12486 1.24226 
v -0.342666 1.12652 1.2356 
v -0.359817 1.12836 1.22855 
v -0.376784 1.1304 1.22112 
v -0.393557 1.13263 1.21332 
v -0.410125 1.13504 1.20513 
v -0.426478 1.13764 1.19659 
v -0.442606 1.14043 1.18768 
v -0.458499 1.1434 1.17841 
v -0.474146 1.14655 1.16879 
v -0.489539 1.14988 1.15883 
v -0.521879 1.17716 1.14812 
v -0.504667 1.15338 1.14853 
v 0.185703 1.13682 1.25121 
v 0.168142 1.13315 1.25611 
v 0.150438 1.12965 1.26061 
v 0.132602 1.12633 1.2647 
v 0.114645 1.12319 1.26838 
v 0.0965771 1.12022 1.27164 
v 0.0784105 1.11744 1.27449 
v 0.0601563 1.11485 1.27693 
v 0.0418259 1.11244 1.27894 
v 0.0234306 1.11022 1.28054 
v 0.00498186 1.10818 1.28172 
v -0.0135088 1.10634 1.28247 
v -0.03203 1.10468 1.28281 
v -0.0505701 1.10322 1.28272 
v -0.0691176 1.10195 1.28221 
v -0.0876611 1.10088 1.28128 
v -0.106189 1.1 1.27993 
v -0.12469 1.09931 1.27816 
v -0.143152 1.09883 1.27597 
v -0.161563 1.09853 1.27336 
v -0.179914 1.09843 1.27034 
v -0.198191 1.09853 1.26691 
v -0.216384 1.09883 1.26306 
v -0.234482 1.09931 1.2588 
v -0.252472 1.1 1.25414 
v -0.270344 1.10088 1.24907 
v -0.288088 1.10195 1.2436 
v -0.305691 1.10322 1.23774 
v -0.323142 1.10468 1.23148 
v -0.340432 1.10634 1.22483 
v -0.357549 1.10818 1.21779 
v -0.374483 1.11022 1.21038 
v -0.391223 1.11244 1.20258 
v -0.407758 1.11485 1.19442 
v -0.424079 1.11744 1.18589 
v -0.440175 1.12022 1.177 
v -0.456036 1.12319 1.16775 
v -0.471653 1.12633 1.15815 
v -0.487015 1.12965 1.14821 
v -0.519522 1.15706 1.1379 
v -0.502114 1.13315 1.13793 
v 0.186803 1.11644 1.23997 
v 0.169286 1.11278 1.24486 
v 0.151625 1.10929 1.24934 
v 0.133832 1.10597 1.25342 
v 0.115918 1.10284 1.25709 
v 0.0978946 1.09988 1.26035 
v 0.0797723 1.09711 1.26319 
v 0.0615626 1.09452 1.26562 
v 0.0432769 1.09211 1.26763 
v 0.0249264 1.0899 1.26922 
v 0.00652259 1.08787 1.2704 
v -0.0119231 1.08603 1.27115 
v -0.0303991 1.08438 1.27148 
v -0.0488941 1.08292 1.2714 
v -0.0673964 1.08166 1.27089 
v -0.0858947 1.08058 1.26996 
v -0.104377 1.07971 1.26861 
v -0.122833 1.07902 1.26685 
v -0.14125 1.07853 1.26466 
v -0.159617 1.07824 1.26206 
v -0.177923 1.07814 1.25905 
v -0.196156 1.07824 1.25562 
v -0.214304 1.07853 1.25178 
v -0.232358 1.07902 1.24754 
v -0.250304 1.07971 1.24288 
v -0.268133 1.08058 1.23783 
v -0.285833 1.08166 1.23237 
v -0.303393 1.08292 1.22652 
v -0.320802 1.08438 1.22028 
v -0.33805 1.08603 1.21365 
v -0.355125 1.08787 1.20663 
v -0.372018 1.0899 1.19923 
v -0.388717 1.09211 1.19146 
v -0.405212 1.09452 1.18331 
v -0.421493 1.09711 1.1748 
v -0.43755 1.09988 1.16593 
v -0.453372 1.10284 1.15671 
v -0.468951 1.10597 1.14713 
v -0.484276 1.10929 1.13722 
v -0.516939 1.13682 1.12732 
v -0.499338 1.11278 1.12696 
v 0.170345 1.09226 1.23317 
v 0.152735 1.08878 1.23764 
v 0.134994 1.08547 1.24171 
v 0.117132 1.08235 1.24537 
v 0.099161 1.0794 1.24862 
v 0.0810913 1.07663 1.25145 
v 0.0629345 1.07405 1.25387 
v 0.0447019 1.07165 1.25588 
v 0.0264047 1.06944 1.25747 
v 0.00805437 1.06742 1.25864 
v -0.0103377 1.06558 1.25939 
v -0.0287601 1.06394 1.25972 
v -0.0472013 1.06249 1.25964 
v -0.0656499 1.06123 1.25913 
v -0.0840944 1.06016 1.2582 
v -0.102523 1.05928 1.25686 
v -0.120925 1.0586 1.2551 
v -0.139289 1.05811 1.25292 
v -0.157603 1.05782 1.25033 
v -0.175855 1.05772 1.24732 
v -0.194035 1.05782 1.24391 
v -0.212131 1.05811 1.24008 
v -0.230132 1.0586 1.23584 
v -0.248026 1.05928 1.23121 
v -0.265803 1.06016 1.22616 
v -0.283452 1.06123 1.22073 
v -0.300961 1.06249 1.21489 
v -0.31832 1.06394 1.20867 
v -0.335517 1.06558 1.20205 
v -0.352543 1.06742 1.19505 
v -0.369386 1.06944 1.18768 
v -0.386037 1.07165 1.17993 
v -0.402484 1.07405 1.17181 
v -0.418718 1.07663 1.16332 
v -0.434728 1.0794 1.15448 
v -0.450505 1.08235 1.14528 
v -0.466038 1.08547 1.13573 
v -0.481318 1.08878 1.12584 
v 0.171318 1.07159 1.22106 
v 0.153768 1.06812 1.22551 
v 0.136087 1.06483 1.22956 
v 0.118286 1.06171 1.23321 
v 0.100375 1.05878 1.23645 
v 0.0823669 1.05602 1.23927 
v 0.0642715 1.05345 1.24169 
v 0.0461005 1.05106 1.24368 
v 0.0278653 1.04885 1.24527 
v 0.00957706 1.04684 1.24643 
v -0.00875276 1.04501 1.24718 
v -0.0271128 1.04337 1.24752 
v -0.0454916 1.04192 1.24743 
v -0.0638778 1.04066 1.24692 
v -0.0822599 1.0396 1.246 
v -0.100627 1.03873 1.24466 
v -0.118966 1.03805 1.24291 
v -0.137268 1.03756 1.24074 
v -0.155519 1.03727 1.23815 
v -0.17371 1.03717 1.23516 
v -0.191828 1.03727 1.23175 
v -0.209863 1.03756 1.22794 
v -0.227803 1.03805 1.22372 
v -0.245637 1.03873 1.21909 
v -0.263354 1.0396 1.21407 
v -0.280943 1.04066 1.20865 
v -0.298393 1.04192 1.20284 
v -0.315693 1.04337 1.19663 
v -0.332832 1.04501 1.19004 
v -0.3498 1.04684 1.18307 
v -0.366586 1.04885 1.17572 
v -0.383181 1.05106 1.16799 
v -0.399572 1.05345 1.1599 
v -0.415751 1.05602 1.15144 
v -0.431707 1.05878 1.14263 
v -0.44743 1.06171 1.13346 
v -0.462911 1.06483 1.12395 
v -0.496336 1.09226 1.11562 
v -0.47814 1.06812 1.11409 
v 0.172205 1.05077 1.2085 
v 0.154723 1.04732 1.21294 
v 0.13711 1.04404 1.21698 
v 0.119378 1.04094 1.22061 
v 0.101537 1.03801 1.22383 
v 0.0835983 1.03527 1.22665 
v 0.065573 1.0327 1.22905 
v 0.0474724 1.03032 1.23104 
v 0.0293078 1.02813 1.23262 
v 0.0110905 1.02612 1.23378 
v -0.00716834 1.0243 1.23453 
v -0.0254572 1.02266 1.23486 
v -0.0437648 1.02122 1.23477 
v -0.0620798 1.01997 1.23427 
v -0.0803907 1.01891 1.23335 
v -0.0986862 1.01804 1.23202 
v -0.116955 1.01736 1.23027 
v -0.135185 1.01688 1.22811 
v -0.153366 1.01659 1.22553 
v -0.171487 1.01649 1.22255 
v -0.189535 1.01659 1.21916 
v -0.2075 1.01688 1.21536 
v -0.22537 1.01736 1.21115 
v -0.243135 1.01804 1.20655 
v -0.260783 1.01891 1.20154 
v -0.278304 1.01997 1.19614 
v -0.295686 1.02122 1.19035 
v -0.312919 1.02266 1.18417 
v -0.329992 1.0243 1.1776 
v -0.346894 1.02612 1.17066 
v -0.363616 1.02813 1.16334 
v -0.380145 1.03032 1.15564 
v -0.396474 1.0327 1.14758 
v -0.41259 1.03527 1.13916 
v -0.428484 1.03801 1.13038 
v -0.444146 1.04094 1.12124 
v -0.459567 1.04404 1.11177 
v -0.493107 1.07159 1.1039 
v -0.474737 1.04732 1.10195 
v 0.173004 1.02981 1.1955 
v 0.155598 1.02637 1.19992 
v 0.138063 1.02311 1.20394 
v 0.120408 1.02002 1.20756 
v 0.102645 1.0171 1.21077 
v 0.0847848 1.01437 1.21357 
v 0.0668385 1.01182 1.21596 
v 0.0488171 1.00945 1.21794 
v 0.030732 1.00726 1.21951 
v 0.0125944 1.00526 1.22067 
v -0.00558449 1.00345 1.22141 
v -0.0237933 1.00182 1.22174 
v -0.0420208 1.00039 1.22166 
v -0.0602556 0.99914 1.22116 
v -0.0784864 0.998084 1.22024 
v -0.0967018 0.997219 1.21891 
v -0.11489 0.996545 1.21717 
v -0.133041 0.996064 1.21502 
v -0.151143 0.995775 1.21246 
v -0.169184 0.995679 1.20949 
v -0.187153 0.995775 1.20611 
v -0.205039 0.996064 1.20233 
v -0.222831 0.996545 1.19814 
v -0.240518 0.997219 1.19356 
v -0.258089 0.998084 1.18857 
v -0.275533 0.99914 1.1832 
v -0.292839 1.00039 1.17743 
v -0.309997 1.00182 1.17128 
v -0.326995 1.00345 1.16474 
v -0.343824 1.00526 1.15782 
v -0.360472 1.00726 1.15053 
v -0.376929 1.00945 1.14287 
v -0.393186 1.01182 1.13485 
v -0.409231 1.01437 1.12646 
v -0.425056 1.0171 1.11772 
v -0.44065 1.02002 1.10863 
v -0.456003 1.02311 1.09919 
v -0.489646 1.05077 1.0918 
v -0.471106 1.02637 1.08942 
v 0.173713 1.0087 1.18205 
v 0.156393 1.00527 1.18645 
v 0.138943 1.00202 1.19045 
v 0.121375 0.998949 1.19405 
v 0.103699 0.996051 1.19724 
v 0.0859259 0.993331 1.20003 
v 0.0680674 0.990791 1.20241 
v 0.0501342 0.988434 1.20438 
v 0.0321376 0.986259 1.20595 
v 0.0140887 0.984269 1.2071 
v -0.0040013 0.982464 1.20784 
v -0.0221211 0.980847 1.20816 
v -0.0402594 0.979417 1.20808 
v -0.058405 0.978176 1.20758 
v -0.0765465 0.977125 1.20667 
v -0.0946728 0.976264 1.20535 
v -0.112773 0.975594 1.20362 
v -0.130834 0.975115 1.20148 
v -0.148847 0.974828 1.19893 
v -0.1668 0.974732 1.19597 
v -0.184681 0.974828 1.19261 
v -0.20248 0.975115 1.18884 
v -0.220185 0.975594 1.18468 
v -0.237786 0.976264 1.18012 
v -0.255271 0.977125 1.17516 
v -0.272629 0.978176 1.16981 
v -0.289851 0.979417 1.16407 
v -0.306925 0.980847 1.15795 
v -0.32384 0.982464 1.15144 
v -0.340586 0.984269 1.14456 
v -0.357152 0.986259 1.1373 
v -0.373529 0.988434 1.12968 
v -0.389706 0.990791 1.12169 
v -0.405673 0.993331 1.11335 
v -0.421421 0.996051 1.10465 
v -0.436938 0.998949 1.0956 
v -0.452216 1.00202 1.08621 
v -0.48595 1.02981 1.07931 
v -0.467246 1.00527 1.07648 
v 0.157106 0.984027 1.17252 
v 0.139751 0.980795 1.1765 
v 0.122278 0.977737 1.18008 
v 0.104697 0.974854 1.18325 
v 0.0870208 0.972149 1.18603 
v 0.069259 0.969623 1.1884 
v 0.0514231 0.967278 1.19036 
v 0.0335241 0.965115 1.19191 
v 0.015573 0.963136 1.19306 
v -0.00241887 0.961341 1.19379 
v -0.0204404 0.959732 1.19412 
v -0.0384804 0.958311 1.19403 
v -0.0565275 0.957077 1.19354 
v -0.0745707 0.956031 1.19263 
v -0.0925987 0.955175 1.19132 
v -0.1106 0.954508 1.1896 
v -0.128564 0.954032 1.18747 
v -0.14648 0.953746 1.18493 
v -0.164335 0.953651 1.18199 
v -0.182119 0.953746 1.17865 
v -0.199821 0.954032 1.1749 
v -0.217431 0.954508 1.17076 
v -0.234936 0.955175 1.16622 
v -0.252326 0.956031 1.16129 
v -0.26959 0.957077 1.15597 
v -0.286719 0.958311 1.15026 
v -0.3037 0.959732 1.14417 
v -0.320523 0.961341 1.1377 
v -0.337178 0.963136 1.13086 
v -0.353655 0.965115 1.12364 
v -0.369943 0.967278 1.11606 
v -0.386033 0.969623 1.10812 
v -0.401913 0.972149 1.09982 
v -0.417575 0.974854 1.09116 
v -0.433008 0.977737 1.08217 
v -0.448204 0.980795 1.07283 
v 0.157735 0.96263 1.15813 
v 0.140484 0.959417 1.16208 
v 0.123115 0.956377 1.16564 
v 0.10564 0.953511 1.1688 
v 0.0880687 0.950823 1.17155 
v 0.0704129 0.948312 1.17391 
v 0.0526834 0.945981 1.17586 
v 0.0348912 0.943831 1.1774 
v 0.0170472 0.941863 1.17854 
v -0.000837284 0.940079 1.17927 
v -0.0187513 0.93848 1.1796 
v -0.0366836 0.937067 1.17951 
v -0.0546231 0.93584 1.17902 
v -0.0725586 0.934801 1.17812 
v -0.0904791 0.93395 1.17681 
v -0.108373 0.933287 1.1751 
v -0.12623 0.932813 1.17298 
v -0.144038 0.932529 1.17046 
v -0.161787 0.932434 1.16754 
v -0.179465 0.932529 1.16422 
v -0.197062 0.932813 1.16049 
v -0.214566 0.933287 1.15638 
v -0.231967 0.93395 1.15187 
v -0.249253 0.934801 1.14696 
v -0.266415 0.93584 1.14168 
v -0.283441 0.937067 1.136 
v -0.30032 0.93848 1.12995 
v -0.317043 0.940079 1.12352 
v -0.333599 0.941863 1.11671 
v -0.349978 0.943831 1.10954 
v -0.366169 0.945981 1.102 
v -0.382162 0.948312 1.09411 
v -0.397948 0.950823 1.08586 
v -0.413516 0.953511 1.07726 
v -0.428857 0.956377 1.06831 
v -0.463152 0.984027 1.06315 
v -0.443962 0.959417 1.05903 
v 0.158281 0.941081 1.14327 
v 0.141142 0.937889 1.14719 
v 0.123886 0.934869 1.15073 
v 0.106525 0.932022 1.15387 
v 0.0890689 0.929351 1.15661 
v 0.0715284 0.926856 1.15894 
v 0.0539146 0.92454 1.16088 
v 0.0362385 0.922404 1.16242 
v 0.0185111 0.92045 1.16355 
v 0.000743327 0.918677 1.16427 
v -0.0170537 0.917089 1.16459 
v -0.034869 0.915685 1.16451 
v -0.0526913 0.914466 1.16402 
v -0.0705098 0.913434 1.16313 
v -0.0883132 0.912588 1.16183 
v -0.106091 0.91193 1.16013 
v -0.123831 0.911459 1.15803 
v -0.141523 0.911177 1.15552 
v -0.159156 0.911083 1.15262 
v -0.176718 0.911177 1.14932 
v -0.1942 0.911459 1.14562 
v -0.21159 0.91193 1.14153 
v -0.228877 0.912588 1.13705 
v -0.246051 0.913434 1.13218 
v -0.2631 0.914466 1.12692 
v -0.280015 0.915685 1.12128 
v -0.296785 0.917089 1.11527 
v -0.313398 0.918677 1.10888 
v -0.329846 0.92045 1.10212 
v -0.346118 0.922404 1.095 
v -0.362203 0.92454 1.08751 
v -0.378092 0.926856 1.07966 
v -0.393775 0.929351 1.07147 
v -0.409241 0.932022 1.06292 
v -0.424482 0.934869 1.05404 
v -0.458821 0.96263 1.04941 
v -0.439489 0.937889 1.04481 
v 0.15874 0.91938 1.12793 
v 0.141723 0.916211 1.13183 
v 0.124591 0.913212 1.13534 
v 0.107353 0.910386 1.13845 
v 0.0900206 0.907733 1.14117 
v 0.0726047 0.905257 1.1435 
v 0.0551162 0.902957 1.14542 
v 0.0375657 0.900836 1.14694 
v 0.0199643 0.898896 1.14807 
v 0.00232284 0.897136 1.14879 
v -0.0153477 0.895558 1.14911 
v -0.0330363 0.894164 1.14902 
v -0.050732 0.892954 1.14854 
v -0.0684238 0.891929 1.14765 
v -0.0861007 0.89109 1.14636 
v -0.103752 0.890436 1.14467 
v -0.121366 0.889969 1.14258 
v -0.138932 0.889689 1.1401 
v -0.15644 0.889595 1.13721 
v -0.173878 0.889689 1.13393 
v -0.191235 0.889969 1.13026 
v -0.208501 0.890436 1.1262 
v -0.225665 0.89109 1.12175 
v -0.242717 0.891929 1.11692 
v -0.259645 0.892954 1.1117 
v -0.27644 0.894164 1.1061 
v -0.29309 0.895558 1.10013 
v -0.309586 0.897136 1.09379 
v -0.325917 0.898896 1.08708 
v -0.342073 0.900836 1.08 
v -0.358044 0.902957 1.07257 
v -0.37382 0.905257 1.06478 
v -0.389391 0.907733 1.05664 
v -0.404748 0.910386 1.04816 
v -0.41988 0.913212 1.03933 
v -0.45425 0.941081 1.03526 
v -0.43478 0.916211 1.03018 
v 0.159113 0.897526 1.11211 
v 0.142227 0.894382 1.11598 
v 0.125227 0.891406 1.11946 
v 0.108122 0.888602 1.12255 
v 0.090923 0.88597 1.12525 
v 0.0736414 0.883512 1.12756 
v 0.0562876 0.88123 1.12947 
v 0.0388724 0.879126 1.13098 
v 0.0214066 0.8772 1.13209 
v 0.00390112 0.875454 1.13281 
v -0.0136332 0.873889 1.13312 
v -0.0311855 0.872505 1.13304 
v -0.0487449 0.871305 1.13256 
v -0.0663003 0.870287 1.13168 
v -0.083841 0.869454 1.1304 
v -0.101356 0.868806 1.12872 
v -0.118834 0.868342 1.12665 
v -0.136265 0.868064 1.12418 
v -0.153638 0.867971 1.12132 
v -0.170941 0.868064 1.11807 
v -0.188165 0.868342 1.11443 
v -0.205298 0.868806 1.1104 
v -0.22233 0.869454 1.10598 
v -0.23925 0.870287 1.10118 
v -0.256048 0.871305 1.09601 
v -0.272713 0.872505 1.09045 
v -0.289235 0.873889 1.08453 
v -0.305604 0.875454 1.07823 
v -0.321809 0.8772 1.07157 
v -0.33784 0.879126 1.06455 
v -0.353688 0.88123 1.05718 
v -0.369343 0.883512 1.04945 
v -0.384794 0.88597 1.04137 
v -0.400032 0.888602 1.03295 
v -0.415048 0.891406 1.0242 
v -0.449437 0.91938 1.02069 
v -0.429833 0.894382 1.01511 
v 0.142653 0.872401 1.09964 
v 0.125793 0.869451 1.1031 
v 0.108831 0.866669 1.10616 
v 0.0917753 0.864059 1.10884 
v 0.0746376 0.861622 1.11112 
v 0.0574283 0.859359 1.11302 
v 0.0401581 0.857272 1.11452 
v 0.0228378 0.855363 1.11562 
v 0.00547801 0.853631 1.11633 
v -0.0119104 0.852079 1.11664 
v -0.0293165 0.850707 1.11656 
v -0.0467296 0.849516 1.11608 
v -0.0641389 0.848508 1.11521 
v -0.0815335 0.847681 1.11394 
v -0.0989027 0.847038 1.11228 
v -0.116235 0.846579 1.11023 
v -0.133521 0.846303 1.10778 
v -0.150749 0.846211 1.10494 
v -0.167909 0.846303 1.10172 
v -0.184989 0.846579 1.0981 
v -0.20198 0.847038 1.09411 
v -0.21887 0.847681 1.08973 
v -0.235649 0.848508 1.08497 
v -0.252307 0.849516 1.07984 
v -0.268833 0.850707 1.07433 
v -0.285218 0.852079 1.06845 
v -0.30145 0.853631 1.06221 
v -0.31752 0.855363 1.05561 
v -0.333418 0.857272 1.04864 
v -0.349134 0.859359 1.04133 
v -0.364658 0.861622 1.03366 
v -0.379981 0.864059 1.02566 
v -0.395092 0.866669 1.01731 
v -0.409983 0.869451 1.00862 
v 0.142998 0.850269 1.08281 
v 0.12629 0.847345 1.08623 
v 0.109479 0.844589 1.08927 
v 0.0925768 0.842002 1.09192 
v 0.0755927 0.839587 1.09419 
v 0.0585378 0.837344 1.09606 
v 0.0414225 0.835276 1.09755 
v 0.0242574 0.833383 1.09865 
v 0.00705335 0.831667 1.09935 
v -0.0101791 0.830129 1.09966 
v -0.0274291 0.82877 1.09958 
v -0.0446861 0.82759 1.09911 
v -0.0619393 0.82659 1.09824 
v -0.0791779 0.825771 1.09698 
v -0.0963912 0.825134 1.09534 
v -0.113569 0.824678 1.0933 
v -0.130699 0.824405 1.09087 
v -0.147773 0.824314 1.08806 
v -0.164778 0.824405 1.08486 
v -0.181706 0.824678 1.08128 
v -0.198544 0.825134 1.07732 
v -0.215282 0.825771 1.07298 
v -0.231911 0.82659 1.06827 
v -0.24842 0.82759 1.06318 
v -0.264798 0.82877 1.05772 
v -0.281035 0.830129 1.0519 
v -0.297122 0.831667 1.04571 
v -0.313048 0.833383 1.03917 
v -0.328804 0.835276 1.03227 
v -0.344379 0.837344 1.02502 
v -0.359763 0.839587 1.01742 
v -0.374949 0.842002 1.00949 
v -0.389925 0.844589 1.00121 
v -0.424645 0.872401 0.999614 
v -0.404682 0.847345 0.992609 
v 0.143262 0.827986 1.06548 
v 0.126715 0.82509 1.06887 
v 0.110066 0.82236 1.07188 
v 0.0933265 0.819798 1.0745 
v 0.0765061 0.817406 1.07675 
v 0.0596154 0.815185 1.0786 
v 0.042665 0.813137 1.08008 
v 0.0256653 0.811263 1.08116 
v 0.00862696 0.809563 1.08186 
v -0.00843945 0.80804 1.08216 
v -0.0255233 0.806693 1.08208 
v -0.0426141 0.805525 1.08162 
v -0.059701 0.804534 1.08076 
v -0.0767736 0.803724 1.07951 
v -0.0938211 0.803092 1.07788 
v -0.110833 0.802641 1.07587 
v -0.127799 0.80237 1.07346 
v -0.144708 0.80228 1.07068 
v -0.16155 0.80237 1.06751 
v -0.178314 0.802641 1.06397 
v -0.194989 0.803092 1.06004 
v -0.211567 0.803724 1.05575 
v -0.228036 0.804534 1.05108 
v -0.244385 0.805525 1.04604 
v -0.260605 0.806693 1.04063 
v -0.276686 0.80804 1.03487 
v -0.292618 0.809563 1.02874 
v -0.308391 0.811263 1.02226 
v -0.323994 0.813137 1.01542 
v -0.339419 0.815185 1.00824 
v -0.354656 0.817406 1.00072 
v -0.369695 0.819798 0.99286 
v -0.384527 0.82236 0.984666 
v -0.419212 0.850269 0.983679 
v -0.399142 0.82509 0.976145 
v 0.143443 0.805551 1.04764 
v 0.127067 0.802684 1.05099 
v 0.11059 0.799983 1.05397 
v 0.0940236 0.797448 1.05657 
v 0.0773769 0.79508 1.05879 
v 0.0606606 0.792882 1.06063 
v 0.0438852 0.790855 1.06209 
v 0.0270611 0.789 1.06316 
v 0.0101987 0.787318 1.06385 
v -0.00669153 0.78581 1.06415 
v -0.023599 0.784478 1.06407 
v -0.0405133 0.783321 1.06361 
v -0.0574238 0.782341 1.06276 
v -0.07432 0.781539 1.06153 
v -0.0911916 0.780914 1.05992 
v -0.108028 0.780468 1.05792 
v -0.124818 0.7802 1.05554 
v -0.141553 0.78011 1.05279 
v -0.158221 0.7802 1.04965 
v -0.174812 0.780468 1.04614 
v -0.191315 0.780914 1.04226 
v -0.207722 0.781539 1.03801 
v -0.22402 0.782341 1.03339 
v -0.240201 0.783321 1.0284 
v -0.256254 0.784478 1.02305 
v -0.272169 0.78581 1.01734 
v -0.287936 0.787318 1.01128 
v -0.303546 0.789 1.00486 
v -0.318988 0.790855 0.998101 
v -0.334254 0.792882 0.990995 
v -0.349333 0.79508 0.98355 
v -0.364217 0.797448 0.975771 
v -0.378895 0.799983 0.967662 
v -0.413532 0.827986 0.967301 
v -0.39336 0.802684 0.959228 
v 0.143541 0.782964 1.02929 
v 0.127346 0.780129 1.03261 
v 0.111051 0.777458 1.03555 
v 0.0946673 0.77495 1.03812 
v 0.0782045 0.772609 1.04032 
v 0.0616728 0.770436 1.04214 
v 0.0450827 0.768431 1.04358 
v 0.0284444 0.766596 1.04464 
v 0.0117682 0.764933 1.04532 
v -0.00493538 0.763442 1.04562 
v -0.0216561 0.762124 1.04554 
v -0.0383835 0.76098 1.04508 
v -0.0551073 0.760011 1.04424 
v -0.0718169 0.759217 1.04303 
v -0.0885021 0.7586 1.04143 
v -0.105152 0.758158 1.03945 
v -0.121757 0.757893 1.0371 
v -0.138307 0.757805 1.03438 
v -0.154791 0.757893 1.03128 
v -0.171198 0.758158 1.02781 
v -0.18752 0.7586 1.02397 
v -0.203745 0.759217 1.01976 
v -0.219863 0.760011 1.01519 
v -0.235865 0.76098 1.01026 
v -0.251741 0.762124 1.00497 
v -0.26748 0.763442 0.999326 
v -0.283073 0.764933 0.99333 
v -0.298511 0.766596 0.986986 
v -0.313783 0.768431 0.980298 
v -0.32888 0.770436 0.97327 
v -0.343792 0.772609 0.965907 
v -0.358512 0.77495 0.958214 
v -0.373028 0.777458 0.950194 
v -0.407601 0.805551 0.950476 
v -0.387333 0.780129 0.941854 
v 0.143554 0.760226 1.01042 
v 0.12755 0.757425 1.0137 
v 0.111447 0.754785 1.01661 
v 0.0952567 0.752307 1.01915 
v 0.078988 0.749994 1.02132 
v 0.0626514 0.747846 1.02312 
v 0.046257 0.745865 1.02454 
v 0.0298149 0.744052 1.02559 
v 0.0133355 0.742408 1.02626 
v -0.00317109 0.740934 1.02656 
v -0.0196946 0.739632 1.02648 
v -0.0362247 0.738502 1.02603 
v -0.0527511 0.737544 1.0252 
v -0.0692637 0.73676 1.024 
v -0.085752 0.736149 1.02242 
v -0.102206 0.735713 1.02047 
v -0.118615 0.735451 1.01814 
v -0.134969 0.735364 1.01545 
v -0.151259 0.735451 1.01239 
v -0.167473 0.735713 1.00896 
v -0.183602 0.736149 1.00516 
v -0.199635 0.73676 1.00101 
v -0.215564 0.737544 0.996491 
v -0.231377 0.738502 0.991617 
v -0.247065 0.739632 0.98639 
v -0.262619 0.740934 0.980811 
v -0.278028 0.742408 0.974886 
v -0.293283 0.744052 0.968617 
v -0.308375 0.745865 0.962007 
v -0.323294 0.747846 0.955063 
v -0.338031 0.749994 0.947787 
v -0.352577 0.752307 0.940184 
v -0.366922 0.754785 0.932259 
v -0.401417 0.782964 0.933198 
v -0.381058 0.757425 0.924017 
v 0.127678 0.734572 0.994267 
v 0.111778 0.731965 0.99714 
v 0.0957909 0.729519 0.999649 
v 0.0797269 0.727234 1.00179 
v 0.0635958 0.725113 1.00357 
v 0.0474076 0.723157 1.00497 
v 0.0311724 0.721367 1.00601 
v 0.0149002 0.719744 1.00667 
v -0.00139875 0.718289 1.00697 
v -0.0177144 0.717003 1.00689 
v -0.0340366 0.715887 1.00644 
v -0.0503551 0.714941 1.00562 
v -0.0666599 0.714167 1.00443 
v -0.0829409 0.713564 1.00288 
v -0.0991878 0.713133 1.00095 
v -0.115391 0.712875 0.998656 
v -0.131539 0.712788 0.995996 
v -0.147624 0.712875 0.992972 
v -0.163634 0.713133 0.989586 
v -0.17956 0.713564 0.985839 
v -0.195392 0.714167 0.981735 
v -0.21112 0.714941 0.977275 
v -0.226734 0.715887 0.972463 
v -0.242225 0.717003 0.967301 
v -0.257583 0.718289 0.961793 
v -0.272798 0.719744 0.955942 
v -0.287862 0.721367 0.949752 
v -0.302764 0.723157 0.943226 
v -0.317495 0.725113 0.936368 
v -0.332046 0.727234 0.929184 
v -0.346409 0.729519 0.921677 
v -0.360574 0.731965 0.913852 
v 0.127729 0.711572 0.974305 
v 0.112042 0.708999 0.97714 
v 0.096269 0.706586 0.979615 
v 0.0804202 0.704332 0.981728 
v 0.0645052 0.702239 0.983479 
v 0.0485339 0.700309 0.984865 
v 0.0325162 0.698543 0.985887 
v 0.0164621 0.696942 0.986543 
v 0.000381524 0.695506 0.986833 
v -0.0157155 0.694238 0.986758 
v -0.031819 0.693137 0.986316 
v -0.0479189 0.692204 0.985509 
v -0.0640053 0.69144 0.984336 
v -0.0800681 0.690845 0.982799 
v -0.0960973 0.69042 0.980898 
v -0.112083 0.690165 0.978635 
v -0.128015 0.69008 0.976011 
v -0.143884 0.690165 0.973028 
v -0.15968 0.69042 0.969687 
v -0.175393 0.690845 0.96599 
v -0.191012 0.69144 0.961941 
v -0.20653 0.692204 0.957541 
v -0.221935 0.693137 0.952793 
v -0.237218 0.694238 0.947701 
v -0.25237 0.695506 0.942266 
v -0.267382 0.696942 0.936494 
v -0.282243 0.698543 0.930386 
v -0.296946 0.700309 0.923948 
v -0.31148 0.702239 0.917182 
v -0.325836 0.704332 0.910094 
v -0.340006 0.706586 0.902688 
v -0.374532 0.734572 0.905714 
v -0.353981 0.708999 0.894967 
v 0.127701 0.688424 0.953808 
v 0.112238 0.685888 0.956602 
v 0.0966901 0.683509 0.959042 
v 0.0810673 0.681287 0.961125 
v 0.0653792 0.679225 0.962851 
v 0.0496356 0.677322 0.964218 
v 0.0338462 0.675581 0.965225 
v 0.0180209 0.674003 0.965872 
v 0.00216961 0.672588 0.966158 
v -0.013698 0.671337 0.966083 
v -0.0295719 0.670252 0.965648 
v -0.0454423 0.669332 0.964852 
v -0.0612993 0.668579 0.963696 
v -0.0771332 0.667993 0.962181 
v -0.0929339 0.667574 0.960307 
v -0.108692 0.667322 0.958076 
v -0.124397 0.667238 0.95549 
v -0.14004 0.667322 0.952549 
v -0.15561 0.667574 0.949256 
v -0.171099 0.667993 0.945612 
v -0.186496 0.668579 0.94162 
v -0.201792 0.669332 0.937283 
v -0.216977 0.670252 0.932603 
v -0.232043 0.671337 0.927583 
v -0.246979 0.672588 0.922226 
v -0.261777 0.674003 0.916536 
v -0.276426 0.675581 0.910515 
v -0.290919 0.677322 0.904169 
v -0.305246 0.679225 0.8975 
v -0.319398 0.681287 0.890513 
v -0.333366 0.683509 0.883212 
v -0.367752 0.711572 0.886938 
v -0.347141 0.685888 0.875601 
v 0.127595 0.665131 0.932771 
v 0.112366 0.662633 0.935523 
v 0.0970534 0.66029 0.937926 
v 0.0816674 0.658102 0.939978 
v 0.066217 0.656071 0.941677 
v 0.050712 0.654197 0.943023 
v 0.0351619 0.652482 0.944015 
v 0.0195765 0.650928 0.944652 
v 0.00396535 0.649534 0.944934 
v -0.0116617 0.648303 0.94486 
v -0.0272951 0.647234 0.944432 
v -0.042925 0.646328 0.943648 
v -0.0585417 0.645586 0.942509 
v -0.0741356 0.645009 0.941017 
v -0.0896968 0.644596 0.939172 
v -0.105216 0.644349 0.936975 
v -0.120683 0.644266 0.934427 
v -0.136089 0.644349 0.931531 
v -0.151423 0.644596 0.928288 
v -0.166677 0.645009 0.924699 
v -0.181841 0.645586 0.920768 
v -0.196905 0.646328 0.916497 
v -0.211861 0.647234 0.911888 
v -0.226698 0.648303 0.906944 
v -0.241408 0.649534 0.901668 
v -0.255981 0.650928 0.896064 
v -0.270408 0.652482 0.890135 
v -0.284681 0.654197 0.883884 
v -0.298791 0.656071 0.877316 
v -0.312728 0.658102 0.870435 
v -0.326485 0.66029 0.863245 
v -0.360716 0.688424 0.867687 
v -0.340052 0.662633 0.85575 
v 0.127407 0.641693 0.911189 
v 0.112424 0.639236 0.913897 
v 0.0973579 0.636931 0.916261 
v 0.0822196 0.634778 0.91828 
v 0.067018 0.632779 0.919952 
v 0.0517626 0.630936 0.921276 
v 0.0364629 0.629249 0.922252 
v 0.0211284 0.627719 0.922879 
v 0.00576858 0.626348 0.923157 
v -0.00960691 0.625136 0.923084 
v -0.0249886 0.624084 0.922662 
v -0.0403668 0.623193 0.921891 
v -0.0557321 0.622463 0.920771 
v -0.0710749 0.621895 0.919303 
v -0.0863856 0.621489 0.917487 
v -0.101655 0.621246 0.915326 
v -0.116873 0.621164 0.912819 
v -0.13203 0.621246 0.90997 
v -0.147118 0.621489 0.906778 
v -0.162126 0.621895 0.903248 
v -0.177046 0.622463 0.89938 
v -0.191868 0.623193 0.895177 
v -0.206583 0.624084 0.890642 
v -0.221181 0.625136 0.885778 
v -0.235654 0.626348 0.880587 
v -0.249992 0.627719 0.875073 
v -0.264188 0.629249 0.86924 
v -0.278231 0.630936 0.86309 
v -0.292113 0.632779 0.856628 
v -0.305826 0.634778 0.849857 
v -0.319361 0.636931 0.842783 
v -0.353421 0.665131 0.847955 
v -0.33271 0.639236 0.835408 
v 0.127138 0.618113 0.889059 
v 0.112411 0.615698 0.891721 
v 0.0976028 0.613432 0.894044 
v 0.0827232 0.611316 0.896028 
v 0.0677815 0.609351 0.897672 
v 0.0527869 0.607539 0.898974 
v 0.0377487 0.605881 0.899933 
v 0.0226763 0.604378 0.900549 
v 0.00757913 0.60303 0.900822 
v -0.00753352 0.601839 0.90075 
v -0.0226522 0.600805 0.900336 
v -0.0377676 0.599929 0.899578 
v -0.0528702 0.599212 0.898477 
v -0.0679507 0.598654 0.897034 
v -0.0829997 0.598255 0.895249 
v -0.0980078 0.598015 0.893124 
v -0.112966 0.597935 0.890661 
v -0.127864 0.598015 0.88786 
v -0.142694 0.598255 0.884723 
v -0.157446 0.598654 0.881253 
v -0.17211 0.599212 0.877452 
v -0.186679 0.599929 0.873321 
v -0.201142 0.600805 0.868863 
v -0.215491 0.601839 0.864082 
v -0.229716 0.60303 0.85898 
v -0.24381 0.604378 0.85356 
v -0.257762 0.605881 0.847826 
v -0.271565 0.607539 0.841782 
v -0.285211 0.609351 0.83543 
v -0.298689 0.611316 0.828775 
v -0.311993 0.613432 0.821822 
v -0.345864 0.641693 0.827739 
v -0.325113 0.615698 0.814573 
v 0.126787 0.594392 0.866375 
v 0.112326 0.592021 0.868989 
v 0.097787 0.589796 0.87127 
v 0.0831774 0.587719 0.873218 
v 0.0685068 0.58579 0.874832 
v 0.0537843 0.584011 0.87611 
v 0.0390189 0.582382 0.877052 
v 0.0242201 0.580906 0.877657 
v 0.00939679 0.579583 0.877924 
v -0.00544165 0.578414 0.877855 
v -0.020286 0.577399 0.877448 
v -0.0351271 0.576539 0.876703 
v -0.0499557 0.575834 0.875622 
v -0.0647626 0.575286 0.874205 
v -0.0795386 0.574894 0.872453 
v -0.0942744 0.574659 0.870367 
v -0.108961 0.574581 0.867948 
v -0.123589 0.574659 0.865198 
v -0.13815 0.574894 0.862118 
v -0.152634 0.575286 0.858711 
v -0.167032 0.575834 0.854978 
v -0.181336 0.576539 0.850923 
v -0.195537 0.577399 0.846546 
v -0.209625 0.578414 0.841852 
v -0.223593 0.579583 0.836842 
v -0.237431 0.580906 0.831521 
v -0.25113 0.582382 0.825891 
v -0.264683 0.584011 0.819956 
v -0.27808 0.58579 0.813719 
v -0.291314 0.587719 0.807185 
v -0.304377 0.589796 0.800358 
v -0.338042 0.618113 0.807035 
v -0.317259 0.592021 0.793241 
v 0.112169 0.568208 0.845698 
v 0.0979098 0.566026 0.847935 
v 0.0835814 0.563988 0.849846 
v 0.0691933 0.562096 0.851428 
v 0.0547542 0.560352 0.852682 
v 0.0402732 0.558755 0.853606 
v 0.0257592 0.557307 0.854199 
v 0.0112213 0.556009 0.854461 
v -0.00333142 0.554862 0.854393 
v -0.01789 0.553867 0.853994 
v -0.0324454 0.553024 0.853264 
v -0.0469885 0.552333 0.852204 
v -0.0615103 0.551795 0.850814 
v -0.0760017 0.551411 0.849095 
v -0.0904538 0.55118 0.847049 
v -0.104858 0.551103 0.844677 
v -0.119204 0.55118 0.84198 
v -0.133484 0.551411 0.83896 
v -0.14769 0.551795 0.835618 
v -0.161811 0.552333 0.831957 
v -0.17584 0.553024 0.827979 
v -0.189767 0.553867 0.823687 
v -0.203584 0.554862 0.819083 
v -0.217283 0.556009 0.81417 
v -0.230854 0.557307 0.808951 
v -0.24429 0.558755 0.80343 
v -0.257581 0.560352 0.797609 
v -0.270721 0.562096 0.791492 
v -0.2837 0.563988 0.785084 
v -0.296511 0.566026 0.778388 
v 0.111938 0.544261 0.821844 
v 0.0979701 0.542123 0.824036 
v 0.0839345 0.540127 0.825908 
v 0.0698402 0.538274 0.827458 
v 0.0556961 0.536565 0.828686 
v 0.0415109 0.535001 0.82959 
v 0.0272934 0.533583 0.830172 
v 0.0130525 0.532311 0.830429 
v -0.00120297 0.531188 0.830362 
v -0.0154642 0.530213 0.829971 
v -0.0297222 0.529387 0.829256 
v -0.0439682 0.52871 0.828217 
v -0.0581934 0.528183 0.826856 
v -0.0723888 0.527807 0.825172 
v -0.0865457 0.527581 0.823168 
v -0.100655 0.527505 0.820844 
v -0.114709 0.527581 0.818202 
v -0.128697 0.527807 0.815244 
v -0.142612 0.528183 0.81197 
v -0.156445 0.52871 0.808384 
v -0.170187 0.529387 0.804488 
v -0.18383 0.530213 0.800283 
v -0.197365 0.531188 0.795773 
v -0.210784 0.532311 0.79096 
v -0.224078 0.533583 0.785848 
v -0.237239 0.535001 0.780439 
v -0.250259 0.536565 0.774737 
v -0.263131 0.538274 0.768746 
v -0.275845 0.540127 0.762469 
v -0.309145 0.568208 0.771409 
v -0.288394 0.542123 0.75591 
v 0.111633 0.520183 0.797425 
v 0.0979672 0.518092 0.799569 
v 0.0842358 0.516139 0.8014 
v 0.070447 0.514326 0.802917 
v 0.0566094 0.512654 0.804118 
v 0.0427316 0.511123 0.805003 
v 0.0288223 0.509736 0.805572 
v 0.01489 0.508492 0.805823 
v 0.000943524 0.507393 0.805758 
v -0.0130086 0.506439 0.805375 
v -0.0269576 0.505631 0.804676 
v -0.0408949 0.504969 0.80366 
v -0.0548117 0.504454 0.802328 
v -0.0686995 0.504085 0.800681 
v -0.0825496 0.503864 0.79872 
v -0.0963533 0.503791 0.796447 
v -0.110102 0.503864 0.793862 
v -0.123788 0.504085 0.790967 
v -0.137401 0.504454 0.787765 
v -0.150934 0.504969 0.784257 
v -0.164378 0.505631 0.780445 
v -0.177725 0.506439 0.776331 
v -0.190967 0.507393 0.771919 
v -0.204095 0.508492 0.76721 
v -0.217101 0.509736 0.762209 
v -0.229977 0.511123 0.756917 
v -0.242715 0.512654 0.751339 
v -0.255307 0.514326 0.745478 
v -0.267746 0.516139 0.739336 
v -0.30077 0.544261 0.749072 
v -0.280023 0.518092 0.732919 
v 0.111251 0.495977 0.772437 
v 0.0979001 0.493934 0.774532 
v 0.0844845 0.492026 0.776321 
v 0.0710128 0.490255 0.777803 
v 0.0574935 0.488621 0.778976 
v 0.0439349 0.487126 0.779841 
v 0.0303455 0.485771 0.780397 
v 0.0167336 0.484555 0.780642 
v 0.00310787 0.483482 0.780578 
v -0.0105234 0.482549 0.780204 
v -0.0241516 0.48176 0.779521 
v -0.0377683 0.481113 0.778528 
v -0.0513651 0.48061 0.777227 
v -0.0649334 0.48025 0.775618 
v -0.078465 0.480034 0.773703 
v -0.0919513 0.479962 0.771481 
v -0.105384 0.480034 0.768956 
v -0.118755 0.48025 0.766128 
v -0.132055 0.48061 0.762999 
v -0.145277 0.481113 0.759572 
v -0.158412 0.48176 0.755847 
v -0.171452 0.482549 0.751828 
v -0.184389 0.483482 0.747518 
v -0.197215 0.484555 0.742918 
v -0.209922 0.485771 0.738031 
v -0.222502 0.487126 0.732861 
v -0.234947 0.488621 0.727411 
v -0.247249 0.490255 0.721684 
v -0.259402 0.492026 0.715684 
v -0.292131 0.520183 0.72623 
v -0.271396 0.493934 0.709415 
v 0.110793 0.471647 0.746878 
v 0.097768 0.469654 0.748922 
v 0.0846799 0.467793 0.750668 
v 0.0715371 0.466065 0.752113 
v 0.0583478 0.464471 0.753258 
v 0.0451202 0.463012 0.754102 
v 0.0318625 0.46169 0.754644 
v 0.018583 0.460505 0.754884 
v 0.00528982 0.459457 0.754821 
v -0.00800864 0.458548 0.754456 
v -0.0213042 0.457777 0.75379 
v -0.0345885 0.457146 0.752821 
v -0.0478533 0.456655 0.751552 
v -0.0610905 0.456304 0.749982 
v -0.0742917 0.456093 0.748113 
v -0.0874487 0.456023 0.745946 
v -0.100553 0.456093 0.743483 
v -0.113598 0.456304 0.740724 
v -0.126573 0.456655 0.737671 
v -0.139472 0.457146 0.734327 
v -0.152287 0.457777 0.730694 
v -0.165009 0.458548 0.726773 
v -0.17763 0.459457 0.722567 
v -0.190143 0.460505 0.71808 
v -0.202539 0.46169 0.713312 
v -0.214812 0.463012 0.708269 
v -0.226953 0.464471 0.702952 
v -0.238956 0.466065 0.697365 
v -0.250811 0.467793 0.691511 
v -0.283226 0.495977 0.70288 
v -0.262513 0.469654 0.685395 
v 0.110258 0.447198 0.720748 
v 0.09757 0.445256 0.722738 
v 0.0848212 0.443443 0.724438 
v 0.0720191 0.44176 0.725847 
v 0.0591717 0.440207 0.726962 
v 0.046287 0.438787 0.727784 
v 0.0333729 0.437498 0.728312 
v 0.0204376 0.436344 0.728545 
v 0.0074891 0.435323 0.728484 
v -0.00546462 0.434437 0.728129 
v -0.0184155 0.433687 0.72748 
v -0.0313554 0.433072 0.726536 
v -0.0442764 0.432594 0.7253 
v -0.0571704 0.432252 0.723771 
v -0.0700294 0.432047 0.72195 
v -0.0828454 0.431978 0.71984 
v -0.0956104 0.432047 0.71744 
v -0.108317 0.432252 0.714752 
v -0.120956 0.432594 0.711779 
v -0.133521 0.433072 0.708522 
v -0.146003 0.433687 0.704982 
v -0.158395 0.434437 0.701163 
v -0.170689 0.435323 0.697067 
v -0.182877 0.436344 0.692695 
v -0.194953 0.437498 0.688052 
v -0.206907 0.438787 0.683139 
v -0.218734 0.440207 0.67796 
v -0.230425 0.44176 0.672518 
v -0.241973 0.443443 0.666816 
v -0.274054 0.471647 0.679019 
v -0.253372 0.445256 0.660858 
v 0.109643 0.422633 0.694043 
v 0.0973053 0.420744 0.695979 
v 0.0849076 0.418981 0.697632 
v 0.0724581 0.417344 0.699002 
v 0.0599645 0.415835 0.700086 
v 0.0474347 0.414453 0.700886 
v 0.0348763 0.413201 0.701399 
v 0.0222973 0.412078 0.701626 
v 0.0097054 0.411085 0.701567 
v -0.00289155 0.410224 0.701221 
v -0.0154857 0.409494 0.70059 
v -0.0280693 0.408896 0.699672 
v -0.0406344 0.408431 0.69847 
v -0.0531733 0.408099 0.696983 
v -0.0656781 0.407899 0.695213 
v -0.0781411 0.407833 0.69316 
v -0.0905545 0.407899 0.690826 
v -0.102911 0.408099 0.688213 
v -0.115202 0.408431 0.685322 
v -0.127421 0.408896 0.682154 
v -0.139559 0.409494 0.678712 
v -0.15161 0.410224 0.674998 
v -0.163565 0.411085 0.671015 
v -0.175418 0.412078 0.666764 
v -0.187161 0.413201 0.662248 
v -0.198786 0.414453 0.65747 
v -0.210287 0.415835 0.652434 
v -0.221656 0.417344 0.647141 
v -0.232886 0.418981 0.641597 
v -0.264613 0.447198 0.654648 
v -0.243971 0.420744 0.635803 
v 0.10895 0.397957 0.666765 
v 0.096973 0.396124 0.668644 
v 0.0849383 0.394413 0.670249 
v 0.0728534 0.392824 0.671578 
v 0.0607257 0.391358 0.672631 
v 0.0485628 0.390017 0.673407 
v 0.0363722 0.388801 0.673905 
v 0.0241615 0.387711 0.674126 
v 0.0119383 0.386748 0.674068 
v -0.000289741 0.385912 0.673733 
v -0.0125151 0.385203 0.67312 
v -0.0247302 0.384623 0.672229 
v -0.0369273 0.384172 0.671062 
v -0.049099 0.383849 0.669619 
v -0.0612377 0.383655 0.6679 
v -0.0733357 0.383591 0.665908 
v -0.0853857 0.383655 0.663642 
v -0.09738 0.383849 0.661105 
v -0.109311 0.384172 0.658299 
v -0.121172 0.384623 0.655224 
v -0.132955 0.385203 0.651883 
v -0.144653 0.385912 0.648278 
v -0.156258 0.386748 0.644411 
v -0.167764 0.387711 0.640284 
v -0.179163 0.388801 0.635901 
v -0.190448 0.390017 0.631263 
v -0.201612 0.391358 0.626374 
v -0.212648 0.392824 0.621237 
v -0.22355 0.394413 0.615854 
v -0.254903 0.422633 0.629764 
v -0.23431 0.396124 0.61023 
v 0.108176 0.373177 0.638913 
v 0.0965724 0.371401 0.640734 
v 0.0849128 0.369743 0.642288 
v 0.0732044 0.368204 0.643576 
v 0.0614546 0.366784 0.644596 
v 0.0496707 0.365484 0.645348 
v 0.03786 0.364306 0.645831 
v 0.0260298 0.36325 0.646044 
v 0.0141875 0.362317 0.645989 
v 0.00234046 0.361507 0.645664 
v -0.00950397 0.360821 0.64507 
v -0.0213384 0.360259 0.644207 
v -0.0331555 0.359821 0.643076 
v -0.0449479 0.359508 0.641678 
v -0.0567083 0.359321 0.640013 
v -0.0684294 0.359258 0.638082 
v -0.0801039 0.359321 0.635888 
v -0.0917245 0.359508 0.63343 
v -0.103284 0.359821 0.630711 
v -0.114775 0.360259 0.627732 
v -0.126191 0.360821 0.624495 
v -0.137524 0.361507 0.621002 
v -0.148768 0.362317 0.617255 
v -0.159915 0.36325 0.613257 
v -0.170959 0.364306 0.60901 
v -0.181892 0.365484 0.604517 
v -0.192708 0.366784 0.59978 
v -0.203401 0.368204 0.594803 
v -0.213962 0.369743 0.589589 
v -0.244921 0.397957 0.604368 
v -0.224387 0.371401 0.58414 
v 0.0961028 0.346581 0.612249 
v 0.0848302 0.344978 0.613752 
v 0.0735104 0.34349 0.614997 
v 0.0621506 0.342117 0.615983 
v 0.0507579 0.340861 0.61671 
v 0.0393392 0.339722 0.617177 
v 0.0279016 0.338701 0.617383 
v 0.0164524 0.337799 0.617329 
v 0.0049986 0.337015 0.617015 
v -0.00645268 0.336352 0.616441 
v -0.0178943 0.335809 0.615607 
v -0.0293192 0.335385 0.614513 
v -0.0407202 0.335083 0.613161 
v -0.0520902 0.334902 0.611552 
v -0.0634222 0.334841 0.609685 
v -0.0747092 0.334902 0.607563 
v -0.0859441 0.335083 0.605187 
v -0.0971199 0.335385 0.602558 
v -0.10823 0.335809 0.599678 
v -0.119267 0.336352 0.596549 
v -0.130224 0.337015 0.593172 
v -0.141094 0.337799 0.58955 
v -0.151871 0.338701 0.585684 
v -0.162548 0.339722 0.581578 
v -0.173119 0.340861 0.577234 
v -0.183576 0.342117 0.572655 
v -0.193914 0.34349 0.567843 
v -0.204125 0.344978 0.562801 
v 0.0955635 0.321671 0.583191 
v 0.0846898 0.320125 0.584641 
v 0.0737708 0.318689 0.585842 
v 0.0628131 0.317365 0.586794 
v 0.0518236 0.316153 0.587495 
v 0.0408091 0.315055 0.587945 
v 0.0297765 0.31407 0.588144 
v 0.0187326 0.3132 0.588092 
v 0.00768419 0.312444 0.587789 
v -0.00336173 0.311804 0.587235 
v -0.0143983 0.31128 0.586431 
v -0.0254188 0.310872 0.585376 
v -0.0364162 0.31058 0.584072 
v -0.0473838 0.310405 0.582519 
v -0.0583147 0.310347 0.580719 
v -0.0692021 0.310405 0.578672 
v -0.0800393 0.31058 0.57638 
v -0.0908195 0.310872 0.573844 
v -0.101536 0.31128 0.571066 
v -0.112182 0.311804 0.568047 
v -0.122751 0.312444 0.56479 
v -0.133237 0.3132 0.561296 
v -0.143633 0.31407 0.557567 
v -0.153932 0.315055 0.553607 
v -0.164128 0.316153 0.549416 
v -0.174215 0.317365 0.544999 
v -0.184187 0.318689 0.540357 
v -0.214203 0.346581 0.557533 
v -0.194036 0.320125 0.535494 
v 0.0949537 0.296679 0.553565 
v 0.0844911 0.295191 0.55496 
v 0.0739849 0.29381 0.556116 
v 0.0634415 0.292535 0.557031 
v 0.0528674 0.29137 0.557705 
v 0.0422693 0.290312 0.558139 
v 0.0316537 0.289365 0.55833 
v 0.0210273 0.288527 0.55828 
v 0.0103966 0.2878 0.557989 
v -0.000231716 0.287185 0.557456 
v -0.0108511 0.28668 0.556682 
v -0.0214549 0.286288 0.555667 
v -0.0320366 0.286007 0.554412 
v -0.0425895 0.285838 0.552918 
v -0.0531072 0.285782 0.551186 
v -0.063583 0.285838 0.549216 
v -0.0740105 0.286007 0.547011 
v -0.0843832 0.286288 0.544571 
v -0.0946946 0.28668 0.541898 
v -0.104938 0.287185 0.538993 
v -0.115108 0.2878 0.535859 
v -0.125197 0.288527 0.532497 
v -0.1352 0.289365 0.528909 
v -0.14511 0.290312 0.525099 
v -0.154921 0.29137 0.521067 
v -0.164626 0.292535 0.516816 
v -0.174221 0.29381 0.51235 
v -0.203758 0.321671 0.530413 
v -0.183698 0.295191 0.507671 
v 0.0942729 0.271612 0.523373 
v 0.0842334 0.270184 0.524712 
v 0.074152 0.268859 0.525821 
v 0.064035 0.267636 0.526699 
v 0.0538885 0.266517 0.527346 
v 0.043719 0.265503 0.527762 
v 0.0335327 0.264594 0.527946 
v 0.023336 0.26379 0.527898 
v 0.0131352 0.263093 0.527618 
v 0.00293668 0.262502 0.527107 
v -0.00725327 0.262018 0.526364 
v -0.0174283 0.261641 0.52539 
v -0.027582 0.261372 0.524186 
v -0.0377082 0.26121 0.522753 
v -0.0478006 0.261156 0.521091 
v -0.0578528 0.26121 0.519201 
v -0.0678586 0.261372 0.517084 
v -0.0778118 0.261641 0.514743 
v -0.0877062 0.262018 0.512178 
v -0.0975357 0.262502 0.509391 
v -0.107294 0.263093 0.506383 
v -0.116975 0.26379 0.503157 
v -0.126574 0.264594 0.499715 
v -0.136083 0.265503 0.496058 
v -0.145497 0.266517 0.492189 
v -0.15481 0.267636 0.488111 
v -0.164016 0.268859 0.483825 
v -0.193053 0.296679 0.502782 
v -0.173111 0.270184 0.479335 
v 0.0935205 0.24648 0.492622 
v 0.0839162 0.245114 0.493903 
v 0.0742717 0.243846 0.494964 
v 0.0645931 0.242676 0.495804 
v 0.0548864 0.241606 0.496423 
v 0.0451576 0.240636 0.496821 
v 0.0354127 0.239766 0.496997 
v 0.0256579 0.238997 0.496951 
v 0.0158992 0.23833 0.496683 
v 0.00614263 0.237764 0.496194 
v -0.00360571 0.237301 0.495483 
v -0.0133398 0.236941 0.494552 
v -0.0230535 0.236683 0.4934 
v -0.0327408 0.236529 0.492029 
v -0.0423958 0.236477 0.490439 
v -0.0520124 0.236529 0.488631 
v -0.0615845 0.236683 0.486606 
v -0.0711064 0.236941 0.484366 
v -0.080572 0.237301 0.481912 
v -0.0899755 0.237764 0.479246 
v -0.099311 0.23833 0.476369 
v -0.108573 0.238997 0.473283 
v -0.117755 0.239766 0.469989 
v -0.126852 0.240636 0.466491 
v -0.135858 0.241606 0.46279 
v -0.144768 0.242676 0.458888 
v -0.153575 0.243846 0.454788 
v -0.182087 0.271612 0.474644 
v -0.162275 0.245114 0.450493 
v 0.0926962 0.221292 0.461319 
v 0.0835389 0.21999 0.46254 
v 0.0743433 0.218781 0.463552 
v 0.0651151 0.217666 0.464353 
v 0.0558602 0.216646 0.464943 
v 0.0465842 0.21572 0.465322 
v 0.0372929 0.214891 0.46549 
v 0.0279921 0.214158 0.465446 
v 0.0186876 0.213522 0.465191 
v 0.00938518 0.212983 0.464725 
v 9.05617e-05 0.212541 0.464047 
v -0.00919044 0.212198 0.463159 
v -0.018452 0.211952 0.462061 
v -0.0276885 0.211804 0.460753 
v -0.0368941 0.211755 0.459237 
v -0.0460631 0.211804 0.457513 
v -0.0551897 0.211952 0.455583 
v -0.0642684 0.212198 0.453447 
v -0.0732935 0.212541 0.451107 
v -0.0822593 0.212983 0.448565 
v -0.0911603 0.213522 0.445822 
v -0.099991 0.214158 0.442879 
v -0.108746 0.214891 0.439739 
v -0.117419 0.21572 0.436404 
v -0.126006 0.216646 0.432875 
v -0.134501 0.217666 0.429155 
v -0.142899 0.218781 0.425246 
v -0.170862 0.24648 0.446005 
v -0.151194 0.21999 0.42115 
v 0.0917995 0.196061 0.429472 
v 0.083101 0.194824 0.430632 
v 0.0743662 0.193675 0.431593 
v 0.0656005 0.192616 0.432354 
v 0.0568094 0.191647 0.432914 
v 0.0479982 0.190768 0.433275 
v 0.0391725 0.18998 0.433434 
v 0.0303378 0.189284 0.433392 
v 0.0214995 0.18868 0.43315 
v 0.0126632 0.188168 0.432707 
v 0.00383435 0.187748 0.432063 
v -0.00498158 0.187422 0.43122 
v -0.0137791 0.187188 0.430176 
v -0.0225527 0.187048 0.428934 
v -0.031297 0.187002 0.427494 
v -0.0400065 0.187048 0.425857 
v -0.0486758 0.187188 0.424023 
v -0.0572996 0.187422 0.421994 
v -0.0658724 0.187748 0.419772 
v -0.0743889 0.188168 0.417357 
v -0.0828439 0.18868 0.414751 
v -0.0912321 0.189284 0.411956 
v -0.0995482 0.18998 0.408974 
v -0.107787 0.190768 0.405805 
v -0.115944 0.191647 0.402453 
v -0.124013 0.192616 0.39892 
v -0.13199 0.193675 0.395207 
v -0.159381 0.221292 0.416871 
v -0.139869 0.194824 0.391316 
v 0.0908302 0.170797 0.397092 
v 0.0826023 0.169627 0.398189 
v 0.0743401 0.168541 0.399098 
v 0.0660486 0.167539 0.399817 
v 0.0577331 0.166622 0.400348 
v 0.0493987 0.165791 0.400689 
v 0.0410505 0.165046 0.400839 
v 0.0326937 0.164387 0.4008 
v 0.0243337 0.163815 0.400571 
v 0.0159754 0.163331 0.400152 
v 0.00762425 0.162934 0.399543 
v -0.000714699 0.162626 0.398745 
v -0.00903623 0.162405 0.397758 
v -0.0173352 0.162272 0.396583 
v -0.0256064 0.162228 0.395221 
v -0.0338446 0.162272 0.393672 
v -0.0420449 0.162405 0.391938 
v -0.0502021 0.162626 0.390019 
v -0.0583111 0.162934 0.387917 
v -0.0663668 0.163331 0.385632 
v -0.0743644 0.163815 0.383168 
v -0.0822987 0.164387 0.380524 
v -0.0901649 0.165046 0.377702 
v -0.0979581 0.165791 0.374706 
v -0.105673 0.166622 0.371535 
v -0.113306 0.167539 0.368192 
v -0.120851 0.168541 0.36468 
v -0.147646 0.196061 0.387251 
v -0.128304 0.169627 0.361 
v 0.089788 0.145515 0.364191 
v 0.0820424 0.144414 0.365224 
v 0.0742644 0.143391 0.366079 
v 0.0664589 0.142448 0.366757 
v 0.0586307 0.141585 0.367256 
v 0.0507847 0.140802 0.367577 
v 0.0429258 0.140101 0.367719 
v 0.0350588 0.139481 0.367682 
v 0.0271887 0.138943 0.367466 
v 0.0193204 0.138487 0.367071 
v 0.0114586 0.138113 0.366498 
v 0.00360841 0.137823 0.365747 
v -0.00422541 0.137615 0.364818 
v -0.012038 0.13749 0.363712 
v -0.0198244 0.137448 0.36243 
v -0.0275799 0.13749 0.360972 
v -0.0352995 0.137615 0.359339 
v -0.0429786 0.137823 0.357533 
v -0.0506124 0.138113 0.355554 
v -0.058196 0.138487 0.353403 
v -0.0657248 0.138943 0.351083 
v -0.0731941 0.139481 0.348594 
v -0.0805993 0.140101 0.345938 
v -0.0879357 0.140802 0.343117 
v -0.0951988 0.141585 0.340132 
v -0.102384 0.142448 0.336985 
v -0.109487 0.143391 0.333679 
v -0.135661 0.170797 0.357155 
v -0.116503 0.144414 0.330215 
v 0.088673 0.12023 0.330785 
v 0.081421 0.119198 0.331752 
v 0.0741387 0.118241 0.332553 
v 0.0668307 0.117358 0.333187 
v 0.0595014 0.11655 0.333655 
v 0.0521554 0.115817 0.333955 
v 0.0447974 0.11516 0.334088 
v 0.0374318 0.11458 0.334053 
v 0.0300632 0.114076 0.333851 
v 0.0226963 0.113649 0.333482 
v 0.0153356 0.113299 0.332945 
v 0.00798567 0.113027 0.332242 
v 0.000651101 0.112833 0.331372 
v -0.00666356 0.112716 0.330336 
v -0.0139538 0.112677 0.329136 
v -0.021215 0.112716 0.327771 
v -0.0284427 0.112833 0.326242 
v -0.0356324 0.113027 0.324551 
v -0.0427796 0.113299 0.322698 
v -0.0498799 0.113649 0.320684 
v -0.0569289 0.114076 0.318512 
v -0.0639222 0.11458 0.316182 
v -0.0708555 0.11516 0.313695 
v -0.0777243 0.115817 0.311054 
v -0.0845246 0.11655 0.308259 
v -0.091252 0.117358 0.305313 
v -0.0979023 0.118241 0.302217 
v -0.123429 0.145515 0.326595 
v -0.104471 0.119198 0.298974 
v 0.0874854 0.0949571 0.296891 
v 0.0807382 0.0939976 0.29779 
v 0.0739628 0.0931067 0.298536 
v 0.0671635 0.0922851 0.299126 
v 0.0603444 0.0915332 0.299561 
v 0.0535098 0.0908514 0.29984 
v 0.0466639 0.0902403 0.299964 
v 0.039811 0.0897002 0.299932 
v 0.0329554 0.0892315 0.299744 
v 0.0261013 0.0888343 0.2994 
v 0.019253 0.088509 0.298901 
v 0.0124147 0.0882558 0.298246 
v 0.00559064 0.0880749 0.297437 
v -0.00121484 0.0879662 0.296474 
v -0.00799757 0.08793 0.295356 
v -0.0147533 0.0879662 0.294086 
v -0.0214779 0.0880749 0.292664 
v -0.0281671 0.0882558 0.291091 
v -0.0348169 0.088509 0.289367 
v -0.0414229 0.0888343 0.287494 
v -0.0479813 0.0892315 0.285472 
v -0.0544877 0.0897002 0.283304 
v -0.0609384 0.0902403 0.280991 
v -0.0673291 0.0908514 0.278533 
v -0.073656 0.0915332 0.275933 
v -0.0799151 0.0922851 0.273192 
v -0.0861025 0.0931067 0.270312 
v -0.110955 0.12023 0.295585 
v -0.0922144 0.0939976 0.267294 
v 0.0862254 0.0697156 0.26253 
v 0.0799939 0.0688295 0.263361 
v 0.0737364 0.0680067 0.264049 
v 0.0674567 0.0672479 0.264594 
v 0.0611589 0.0665534 0.264996 
v 0.0548466 0.0659238 0.265254 
v 0.048524 0.0653594 0.265368 
v 0.0421949 0.0648606 0.265338 
v 0.0358633 0.0644277 0.265165 
v 0.0295331 0.0640609 0.264847 
v 0.0232082 0.0637605 0.264386 
v 0.0168926 0.0635266 0.263782 
v 0.0105901 0.0633595 0.263034 
v 0.0043048 0.0632591 0.262145 
v -0.00195951 0.0632257 0.261113 
v -0.0081989 0.0632591 0.25994 
v -0.0144095 0.0633595 0.258626 
v -0.0205875 0.0635266 0.257173 
v -0.0267289 0.0637605 0.255581 
v -0.0328301 0.0640609 0.253851 
v -0.0388871 0.0644277 0.251984 
v -0.0448963 0.0648606 0.249982 
v -0.0508539 0.0653594 0.247845 
v -0.0567561 0.0659238 0.245575 
v -0.0625994 0.0665534 0.243174 
v -0.0683801 0.0672479 0.240643 
v -0.0740946 0.0680067 0.237982 
v -0.0982469 0.0949571 0.264141 
v -0.0797393 0.0688295 0.235196 
v -0.0853108 0.0697156 0.232283 
v -0.234668 0.373177 0.57846 
v -0.329953 0.594392 0.78584 
v -0.394976 0.760226 0.915463 
v -0.444377 0.897526 1.0057 
v -0.482017 1.0087 1.06643 
v -0.514127 1.11644 1.11638 
v -0.401674 1.21183 1.25324 
v -0.384821 1.20959 1.26109 
v -0.367772 1.20754 1.26855 
v -0.434754 1.21687 1.23643 
v -0.418322 1.21426 1.24502 
v -0.350538 1.20569 1.27563 
v -0.333131 1.20402 1.28233 
v -0.31556 1.20255 1.28863 
v -0.00277281 1.20754 1.33291 
v 0.0158015 1.20959 1.33173 
v 0.034322 1.21183 1.33012 
v -0.466929 1.22265 1.21817 
v -0.45096 1.21967 1.22748 
v -0.297837 1.20127 1.29454 
v 0.0527772 1.21426 1.32809 
v 0.0894459 1.21967 1.32277 
v 0.107637 1.22265 1.31948 
v 0.125716 1.22582 1.31578 
v -0.279973 1.20019 1.30004 
v -0.261979 1.19931 1.30514 
v -0.243866 1.19862 1.30984 
v -0.225646 1.19812 1.31412 
v -0.207329 1.19783 1.318 
v 0.0711556 1.21687 1.32564 
v -0.170452 1.19783 1.3245 
v -0.151915 1.19812 1.32713 
v -0.133327 1.19862 1.32933 
v -0.0400366 1.20402 1.33401 
v -0.0213894 1.20569 1.33367 
v -0.188927 1.19773 1.32146 
v -0.1147 1.19931 1.33111 
v -0.0960464 1.20019 1.33247 
v -0.0773767 1.20127 1.33341 
v 0.143674 1.22916 1.31166 
v 0.161498 1.23268 1.30713 
v -0.542888 1.24025 1.16645 
v -0.528246 1.23638 1.17746 
v -0.51332 1.23268 1.18815 
v -0.498119 1.22916 1.1985 
v -0.482652 1.22582 1.20851 
v -0.0587029 1.20255 1.33392 
v 0.179178 1.23638 1.3022 
v -0.541175 1.22041 1.1572 
v -0.53925 1.20059 1.14769 
v -0.53862 1.19522 1.14513 
v -0.534578 1.18061 1.14017 
v -0.538695 1.19524 1.14507 
v -0.530458 1.16592 1.13498 
v -0.534375 1.17989 1.13991 
v -0.526261 1.15115 1.12955 
v -0.528447 1.15884 1.13238 
v -0.521518 1.13467 1.12326 
v -0.516704 1.11819 1.11672 
v -0.522383 1.13768 1.12441 
v -0.51182 1.10168 1.10992 
v -0.513421 1.10709 1.11215 
v -0.506865 1.08516 1.10286 
v -0.509826 1.09503 1.10708 
v -0.50184 1.06862 1.09556 
v -0.496743 1.05206 1.08799 
v -0.503334 1.07354 1.09773 
v -0.496698 1.05192 1.08792 
v -0.491575 1.03549 1.08017 
v -0.486336 1.01889 1.0721 
v -0.489909 1.0302 1.07761 
v -0.481026 1.00226 1.06378 
v -0.482071 1.00553 1.06541 
v -0.475644 0.985619 1.0552 
v -0.470191 0.96895 1.04636 
v -0.475893 0.986388 1.05559 
v -0.464665 0.952256 1.03727 
v -0.468655 0.964312 1.04384 
v -0.459067 0.935538 1.02793 
v -0.461267 0.942107 1.0316 
v -0.453397 0.918793 1.01833 
v -0.447655 0.902022 1.00848 
v -0.453727 0.919766 1.01889 
v -0.44184 0.885223 0.998374 
v -0.442716 0.887754 0.999897 
v -0.435952 0.868398 0.988011 
v -0.438172 0.874741 0.991918 
v -0.429991 0.851544 0.977392 
v -0.423957 0.834661 0.966517 
v -0.430161 0.852024 0.977695 
v -0.417849 0.81775 0.955385 
v -0.421986 0.829204 0.962925 
v -0.411668 0.800809 0.943996 
v -0.405414 0.78384 0.93235 
v -0.413652 0.806246 0.947651 
v -0.399085 0.76684 0.920445 
v -0.405158 0.783153 0.931869 
v -0.396497 0.759956 0.915528 
v -0.392682 0.74981 0.908282 
v -0.392501 0.74933 0.907934 
v -0.389992 0.742705 0.903136 
v -0.382907 0.724126 0.889489 
v -0.387673 0.736624 0.898669 
v -0.375746 0.705542 0.875557 
v -0.378684 0.713166 0.881273 
v -0.368509 0.686954 0.861341 
v -0.361195 0.66836 0.846843 
v -0.369529 0.689575 0.863346 
v -0.360206 0.66587 0.844864 
v -0.353806 0.64976 0.832062 
v -0.346341 0.631155 0.816998 
v -0.350713 0.642052 0.825821 
v -0.3388 0.612543 0.801652 
v -0.341053 0.618104 0.806237 
v -0.331224 0.594025 0.786108 
v -0.331183 0.593926 0.786025 
v -0.326767 0.583234 0.776892 
v -0.323491 0.575302 0.770116 
v -0.315723 0.556672 0.753926 
v -0.321222 0.569859 0.765386 
v -0.30788 0.538035 0.737456 
v -0.31105 0.545568 0.744113 
v -0.299961 0.519393 0.720706 
v -0.291967 0.500746 0.703675 
v -0.300709 0.521153 0.722287 
v -0.290195 0.496648 0.699873 
v -0.283899 0.482093 0.686366 
v -0.275755 0.463435 0.668777 
v -0.279511 0.47204 0.676888 
v -0.267537 0.444773 0.650909 
v -0.259245 0.426107 0.632764 
v -0.268658 0.447318 0.653345 
v -0.250878 0.407438 0.614341 
v -0.257634 0.422512 0.629216 
v -0.246441 0.397621 0.604509 
v -0.242438 0.388766 0.595641 
v -0.23851 0.380132 0.5869 
v -0.236122 0.374917 0.581563 
v -0.229441 0.360324 0.566627 
v -0.23508 0.372641 0.579233 
v -0.220301 0.340541 0.546071 
v -0.223553 0.34758 0.553385 
v -0.211092 0.320785 0.525233 
v -0.201814 0.301056 0.504116 
v -0.211862 0.322437 0.526976 
v -0.200008 0.297248 0.499982 
v -0.192468 0.281355 0.482722 
v -0.183055 0.261686 0.461054 
v -0.187994 0.272005 0.472422 
v -0.173577 0.242049 0.439114 
v -0.164033 0.222446 0.416905 
v -0.175823 0.246702 0.444313 
v -0.163499 0.221358 0.415655 
v -0.154426 0.202881 0.39443 
v -0.144757 0.183354 0.371692 
v -0.151025 0.196012 0.386431 
v -0.135027 0.16387 0.348694 
v -0.138407 0.170639 0.356683 
v -0.125237 0.144431 0.325441 
v -0.11539 0.12504 0.301937 
v -0.125651 0.145252 0.326423 
v -0.105488 0.1057 0.278185 
v -0.112761 0.119905 0.295631 
v -0.0955311 0.0864164 0.254191 
v -0.0997472 0.0945822 0.264352 
v -0.0855231 0.0671927 0.229961 
v -0.0866169 0.0692939 0.232609 
v -0.446027 0.89732 1.00565 
v -0.482974 1.00836 1.06683 
v -0.516178 1.11641 1.11599 
v 0.0801802 0.0682628 0.264255 
v 0.0738966 0.0674366 0.264946 
v 0.0675907 0.0666746 0.265494 
v 0.0612665 0.0659772 0.265897 
v 0.0549279 0.065345 0.266156 
v 0.0485789 0.0647782 0.266271 
v 0.0422233 0.0642773 0.266241 
v 0.0358653 0.0638426 0.266066 
v 0.0295086 0.0634743 0.265748 
v 0.0231573 0.0631726 0.265285 
v 0.0168153 0.0629378 0.264678 
v 0.0104865 0.0627699 0.263927 
v 0.00417495 0.0626692 0.263034 
v -0.00211552 0.0626356 0.261998 
v -0.00838097 0.0626692 0.26082 
v -0.0146175 0.0627699 0.259501 
v -0.0208213 0.0629378 0.258041 
v -0.0269884 0.0631726 0.256443 
v -0.033115 0.0634743 0.254705 
v -0.0391974 0.0638426 0.252831 
v -0.0452317 0.0642773 0.25082 
v -0.0512141 0.0647782 0.248674 
v -0.057141 0.065345 0.246395 
v -0.0630087 0.0659772 0.243984 
v -0.0688136 0.0666746 0.241442 
v -0.0745519 0.0674366 0.238771 
v -0.0802203 0.0682628 0.235972 
v -0.085815 0.0691526 0.233048 
v 0.080924 0.0934338 0.298684 
v 0.0864377 0.0691526 0.263421 
v 0.0741226 0.0925395 0.299432 
v 0.067297 0.0917147 0.300025 
v 0.0604517 0.0909599 0.300461 
v 0.0535907 0.0902756 0.300742 
v 0.0467185 0.0896621 0.300866 
v 0.0398392 0.0891199 0.300833 
v 0.0329572 0.0886494 0.300645 
v 0.0260767 0.0882507 0.3003 
v 0.019202 0.0879242 0.299798 
v 0.0123374 0.08767 0.299141 
v 0.00548708 0.0874883 0.298329 
v -0.00134462 0.0873793 0.297362 
v -0.00815347 0.0873429 0.296241 
v -0.0149352 0.0873793 0.294966 
v -0.0216857 0.0874883 0.293538 
v -0.0284007 0.08767 0.291958 
v -0.035076 0.0879242 0.290228 
v -0.0417076 0.0882507 0.288347 
v -0.0482911 0.0886494 0.286318 
v -0.0548227 0.0891199 0.284142 
v -0.0612981 0.0896621 0.28182 
v -0.0677135 0.0902756 0.279352 
v -0.0740647 0.0909599 0.276742 
v -0.0803479 0.0917147 0.273991 
v -0.0865592 0.0925395 0.271099 
v -0.0926946 0.0934338 0.26807 
v -0.0987504 0.094397 0.264905 
v 0.0816064 0.118637 0.332644 
v 0.0876972 0.094397 0.297781 
v 0.074298 0.117676 0.333448 
v 0.0669639 0.11679 0.334085 
v 0.0596084 0.115979 0.334554 
v 0.0522361 0.115244 0.334855 
v 0.0448518 0.114585 0.334989 
v 0.0374598 0.114002 0.334954 
v 0.0300649 0.113496 0.334751 
v 0.0226717 0.113068 0.33438 
v 0.0152846 0.112717 0.333842 
v 0.00790842 0.112444 0.333136 
v 0.000547625 0.112249 0.332263 
v -0.00679319 0.112132 0.331224 
v -0.0141095 0.112092 0.330019 
v -0.0213966 0.112132 0.328649 
v -0.0286502 0.112249 0.327115 
v -0.0358656 0.112444 0.325417 
v -0.0430384 0.112717 0.323558 
v -0.0501641 0.113068 0.321537 
v -0.0572383 0.113496 0.319357 
v -0.0642566 0.114002 0.317018 
v -0.0712146 0.114585 0.314523 
v -0.0781081 0.115244 0.311872 
v -0.0849326 0.115979 0.309067 
v -0.0916841 0.11679 0.306111 
v -0.0983582 0.117676 0.303004 
v -0.104951 0.118637 0.299749 
v -0.111458 0.119672 0.296348 
v 0.0822272 0.143855 0.366115 
v 0.0888843 0.119672 0.331674 
v 0.0744233 0.142829 0.366973 
v 0.0665917 0.141882 0.367653 
v 0.0587373 0.141016 0.368154 
v 0.0508652 0.140231 0.368476 
v 0.04298 0.139527 0.368618 
v 0.0350868 0.138905 0.368581 
v 0.0271904 0.138365 0.368364 
v 0.0192957 0.137908 0.367968 
v 0.0114077 0.137533 0.367393 
v 0.00353125 0.137242 0.36664 
v -0.00432874 0.137033 0.365708 
v -0.0121674 0.136908 0.364598 
v -0.0199798 0.136866 0.363311 
v -0.0277612 0.136908 0.361848 
v -0.0355067 0.137033 0.36021 
v -0.0432114 0.137242 0.358398 
v -0.0508706 0.137533 0.356412 
v -0.0584796 0.137908 0.354255 
v -0.0660336 0.138365 0.351926 
v -0.0735278 0.138905 0.349429 
v -0.0809577 0.139527 0.346765 
v -0.0883187 0.140231 0.343934 
v -0.0956061 0.141016 0.340939 
v -0.102815 0.141882 0.337782 
v -0.109942 0.142829 0.334464 
v -0.116982 0.143855 0.330989 
v -0.12393 0.14496 0.327357 
v 0.0827867 0.16907 0.399078 
v 0.0899987 0.14496 0.365078 
v 0.0744985 0.167981 0.39999 
v 0.0661811 0.166976 0.400712 
v 0.0578394 0.166056 0.401244 
v 0.0494788 0.165222 0.401585 
v 0.0411045 0.164474 0.401737 
v 0.0327215 0.163814 0.401697 
v 0.0243352 0.16324 0.401467 
v 0.0159508 0.162754 0.401047 
v 0.00757338 0.162356 0.400436 
v -0.000791727 0.162047 0.399636 
v -0.00913936 0.161825 0.398646 
v -0.0174643 0.161692 0.397467 
v -0.0257615 0.161648 0.396101 
v -0.0340256 0.161692 0.394547 
v -0.0422516 0.161825 0.392807 
v -0.0504344 0.162047 0.390882 
v -0.0585688 0.162356 0.388773 
v -0.0666498 0.162754 0.386482 
v -0.0746725 0.16324 0.384009 
v -0.0826317 0.163814 0.381357 
v -0.0905226 0.164474 0.378527 
v -0.0983402 0.165222 0.375521 
v -0.10608 0.166056 0.37234 
v -0.113736 0.166976 0.368987 
v -0.121305 0.167981 0.365464 
v -0.128782 0.16907 0.361773 
v -0.136161 0.170244 0.357916 
v 0.0832849 0.194269 0.431519 
v 0.0910403 0.170244 0.397977 
v 0.0745243 0.193117 0.432483 
v 0.0657326 0.192054 0.433246 
v 0.0569154 0.191082 0.433808 
v 0.0480781 0.190201 0.434169 
v 0.0392263 0.189411 0.434329 
v 0.0303655 0.188712 0.434288 
v 0.021501 0.188106 0.434044 
v 0.0126386 0.187593 0.4336 
v 0.00378358 0.187172 0.432954 
v -0.00505845 0.186845 0.432108 
v -0.013882 0.186611 0.431062 
v -0.0226816 0.18647 0.429816 
v -0.0314518 0.186423 0.428372 
v -0.0401871 0.18647 0.42673 
v -0.048882 0.186611 0.424891 
v -0.0575313 0.186845 0.422856 
v -0.0661295 0.187172 0.420627 
v -0.0746713 0.187593 0.418205 
v -0.0831513 0.188106 0.415591 
v -0.0915643 0.188712 0.412788 
v -0.099905 0.189411 0.409797 
v -0.108168 0.190201 0.406619 
v -0.116349 0.191082 0.403257 
v -0.124442 0.192054 0.399713 
v -0.132443 0.193117 0.395989 
v -0.140345 0.194269 0.392087 
v -0.148146 0.195509 0.38801 
v 0.0837223 0.219437 0.463425 
v 0.0920091 0.195509 0.430356 
v 0.0745009 0.218224 0.464439 
v 0.0652469 0.217106 0.465243 
v 0.055966 0.216083 0.465835 
v 0.0466639 0.215155 0.466215 
v 0.0373466 0.214323 0.466383 
v 0.0280197 0.213588 0.466339 
v 0.0186891 0.21295 0.466083 
v 0.00936058 0.212409 0.465616 
v 3.9898e-05 0.211967 0.464936 
v -0.00926713 0.211622 0.464045 
v -0.0185547 0.211376 0.462944 
v -0.0278171 0.211228 0.461633 
v -0.0370485 0.211179 0.460112 
v -0.0462432 0.211228 0.458384 
v -0.0553954 0.211376 0.456448 
v -0.0644996 0.211622 0.454306 
v -0.07355 0.211967 0.45196 
v -0.0825409 0.212409 0.449411 
v -0.0914669 0.21295 0.44666 
v -0.100322 0.213588 0.443709 
v -0.109102 0.214323 0.44056 
v -0.1178 0.215155 0.437216 
v -0.126411 0.216083 0.433677 
v -0.134929 0.217106 0.429946 
v -0.14335 0.218224 0.426026 
v -0.151669 0.219437 0.421919 
v -0.159879 0.220743 0.417628 
v 0.0840991 0.244562 0.494786 
v 0.0929053 0.220743 0.4622 
v 0.0744289 0.243291 0.495849 
v 0.0647244 0.242118 0.496692 
v 0.0549918 0.241045 0.497313 
v 0.0452371 0.240072 0.497711 
v 0.0354662 0.2392 0.497888 
v 0.0256854 0.238429 0.497842 
v 0.0159007 0.23776 0.497573 
v 0.00611809 0.237193 0.497083 
v -0.00365625 0.236728 0.49637 
v -0.0134163 0.236367 0.495436 
v -0.0231559 0.236109 0.494281 
v -0.0328691 0.235954 0.492906 
v -0.0425498 0.235902 0.491312 
v -0.052192 0.235954 0.489499 
v -0.0617897 0.236109 0.487469 
v -0.071337 0.236367 0.485223 
v -0.0808279 0.236728 0.482763 
v -0.0902564 0.237193 0.480089 
v -0.0996169 0.23776 0.477205 
v -0.108903 0.238429 0.47411 
v -0.11811 0.2392 0.470808 
v -0.127231 0.240072 0.467301 
v -0.136261 0.241045 0.46359 
v -0.145195 0.242118 0.459677 
v -0.154026 0.243291 0.455567 
v -0.162749 0.244562 0.45126 
v -0.171359 0.245932 0.446759 
v 0.0844159 0.269634 0.525592 
v 0.0937291 0.245932 0.493502 
v 0.0743088 0.268305 0.526704 
v 0.064166 0.267079 0.527585 
v 0.0539937 0.265958 0.528234 
v 0.0437983 0.264941 0.52865 
v 0.0335861 0.264029 0.528835 
v 0.0233634 0.263223 0.528787 
v 0.0131367 0.262524 0.528506 
v 0.00291219 0.261932 0.527993 
v -0.00730369 0.261446 0.527249 
v -0.0175046 0.261069 0.526272 
v -0.0276842 0.260799 0.525065 
v -0.0378362 0.260637 0.523628 
v -0.0479542 0.260583 0.521962 
v -0.058032 0.260637 0.520067 
v -0.0680633 0.260799 0.517945 
v -0.0780418 0.261069 0.515598 
v -0.0879614 0.261446 0.513027 
v -0.0978159 0.261932 0.510232 
v -0.107599 0.262524 0.507217 
v -0.117305 0.263223 0.503983 
v -0.126928 0.264029 0.500532 
v -0.136461 0.264941 0.496866 
v -0.145899 0.265958 0.492987 
v -0.155236 0.267079 0.488898 
v -0.164466 0.268305 0.484602 
v -0.173583 0.269634 0.4801 
v -0.182582 0.271065 0.475397 
v 0.0846731 0.294642 0.555838 
v 0.0944809 0.271065 0.52425 
v 0.0741412 0.293257 0.556997 
v 0.0635721 0.29198 0.557914 
v 0.0529723 0.290811 0.55859 
v 0.0423484 0.289752 0.559025 
v 0.031707 0.288802 0.559217 
v 0.0210547 0.287962 0.559167 
v 0.0103981 0.287233 0.558874 
v -0.000256145 0.286616 0.55834 
v -0.0109014 0.28611 0.557564 
v -0.021531 0.285717 0.556547 
v -0.0321385 0.285436 0.555289 
v -0.0427171 0.285267 0.553791 
v -0.0532604 0.28521 0.552055 
v -0.0637618 0.285267 0.550081 
v -0.0742147 0.285436 0.54787 
v -0.0846126 0.285717 0.545424 
v -0.0949491 0.28611 0.542744 
v -0.105218 0.286616 0.539832 
v -0.115412 0.287233 0.536691 
v -0.125526 0.287962 0.53332 
v -0.135553 0.288802 0.529724 
v -0.145487 0.289752 0.525904 
v -0.155322 0.290811 0.521862 
v -0.165051 0.29198 0.517602 
v -0.174669 0.293257 0.513125 
v -0.184169 0.294642 0.508434 
v -0.193547 0.296133 0.503533 
v 0.0848713 0.319578 0.585517 
v 0.0951611 0.296133 0.55444 
v 0.0739268 0.318139 0.586721 
v 0.0629435 0.316811 0.587675 
v 0.0519283 0.315597 0.588377 
v 0.040888 0.314495 0.588829 
v 0.0298296 0.313508 0.589028 
v 0.0187598 0.312636 0.588976 
v 0.00768563 0.311879 0.588672 
v -0.00338611 0.311237 0.588117 
v -0.0144485 0.310712 0.587311 
v -0.0254947 0.310303 0.586254 
v -0.0365179 0.31001 0.584947 
v -0.0475111 0.309835 0.58339 
v -0.0584675 0.309776 0.581586 
v -0.0693804 0.309835 0.579534 
v -0.0802429 0.31001 0.577237 
v -0.0910483 0.310303 0.574695 
v -0.10179 0.310712 0.57191 
v -0.112461 0.311237 0.568884 
v -0.123055 0.311879 0.565619 
v -0.133565 0.312636 0.562117 
v -0.143985 0.313508 0.55838 
v -0.154308 0.314495 0.55441 
v -0.164528 0.315597 0.55021 
v -0.174639 0.316811 0.545782 
v -0.184634 0.318139 0.54113 
v -0.194507 0.319578 0.536256 
v -0.204251 0.321128 0.531162 
v 0.0850112 0.344432 0.614626 
v 0.0957704 0.321128 0.584064 
v 0.073666 0.342941 0.615874 
v 0.0622806 0.341565 0.616862 
v 0.0508622 0.340306 0.61759 
v 0.0394178 0.339164 0.618058 
v 0.0279546 0.338141 0.618265 
v 0.0164796 0.337237 0.618211 
v 0.00500003 0.336452 0.617896 
v -0.00647701 0.335787 0.617321 
v -0.0179444 0.335242 0.616485 
v -0.0293949 0.334818 0.615389 
v -0.0408216 0.334515 0.614034 
v -0.0522172 0.334333 0.612421 
v -0.0635747 0.334272 0.61055 
v -0.0748871 0.334333 0.608424 
v -0.0861473 0.334515 0.606042 
v -0.0973482 0.334818 0.603407 
v -0.108483 0.335242 0.60052 
v -0.119545 0.335787 0.597384 
v -0.130526 0.336452 0.593999 
v -0.141421 0.337237 0.590369 
v -0.152223 0.338141 0.586495 
v -0.162924 0.339164 0.58238 
v -0.173518 0.340306 0.578026 
v -0.183999 0.341565 0.573436 
v -0.19436 0.342941 0.568614 
v -0.204594 0.344432 0.563561 
v -0.214695 0.346039 0.558281 
v 0.0850934 0.369199 0.64316 
v 0.0963092 0.346039 0.613119 
v 0.0733596 0.367656 0.644451 
v 0.0615843 0.366233 0.645473 
v 0.0497748 0.364931 0.646227 
v 0.0379384 0.36375 0.64671 
v 0.0260826 0.362692 0.646925 
v 0.0142146 0.361757 0.646869 
v 0.00234185 0.360945 0.646543 
v -0.00952827 0.360257 0.645948 
v -0.0213884 0.359694 0.645083 
v -0.0332311 0.359255 0.64395 
v -0.0450491 0.358942 0.642549 
v -0.0568351 0.358754 0.64088 
v -0.0685816 0.358691 0.638945 
v -0.0802814 0.358754 0.636746 
v -0.0919272 0.358942 0.634283 
v -0.103512 0.359255 0.631558 
v -0.115028 0.359694 0.628572 
v -0.126468 0.360257 0.625328 
v -0.137826 0.360945 0.621828 
v -0.149094 0.361757 0.618073 
v -0.160266 0.362692 0.614066 
v -0.171333 0.36375 0.60981 
v -0.182291 0.364931 0.605307 
v -0.19313 0.366233 0.60056 
v -0.203846 0.367656 0.595572 
v -0.21443 0.369199 0.590346 
v -0.224878 0.370861 0.584886 
v 0.0851185 0.39387 0.671119 
v 0.0967783 0.370861 0.641602 
v 0.0730082 0.392278 0.672451 
v 0.060855 0.390809 0.673506 
v 0.0486666 0.389465 0.674284 
v 0.0364504 0.388247 0.674783 
v 0.0242141 0.387155 0.675004 
v 0.0119653 0.386189 0.674947 
v -0.000288386 0.385351 0.67461 
v -0.0125394 0.384642 0.673996 
v -0.0247801 0.38406 0.673104 
v -0.0370028 0.383608 0.671934 
v -0.0492001 0.383284 0.670488 
v -0.0613642 0.38309 0.668766 
v -0.0734876 0.383025 0.666769 
v -0.0855628 0.38309 0.664499 
v -0.0975823 0.383284 0.661957 
v -0.109539 0.383608 0.659144 
v -0.121424 0.38406 0.656063 
v -0.133232 0.384642 0.652715 
v -0.144954 0.385351 0.649102 
v -0.156584 0.386189 0.645227 
v -0.168114 0.387155 0.641092 
v -0.179537 0.388247 0.636699 
v -0.190845 0.389465 0.632051 
v -0.202033 0.390809 0.627152 
v -0.213092 0.392278 0.622004 
v -0.224016 0.39387 0.61661 
v -0.234799 0.395585 0.610975 
v 0.0975101 0.420207 0.696845 
v 0.0971784 0.395585 0.669511 
v 0.10918 0.397422 0.667628 
v 0.0850872 0.418441 0.698501 
v 0.0726124 0.4168 0.699873 
v 0.0600935 0.415288 0.70096 
v 0.0475382 0.413903 0.701761 
v 0.0349544 0.412648 0.702275 
v 0.0223498 0.411523 0.702503 
v 0.00973229 0.410528 0.702444 
v -0.00289026 0.409665 0.702097 
v -0.01551 0.408934 0.701464 
v -0.0281191 0.408335 0.700545 
v -0.0407098 0.407869 0.69934 
v -0.0532741 0.407536 0.697851 
v -0.0658043 0.407336 0.696077 
v -0.0782927 0.407269 0.69402 
v -0.0907313 0.407336 0.691681 
v -0.103113 0.407536 0.689063 
v -0.115429 0.407869 0.686165 
v -0.127672 0.408335 0.682991 
v -0.139835 0.408934 0.679543 
v -0.15191 0.409665 0.675821 
v -0.16389 0.410528 0.671829 
v -0.175767 0.411523 0.66757 
v -0.187534 0.412648 0.663045 
v -0.199183 0.413903 0.658257 
v -0.210707 0.415288 0.653211 
v -0.222099 0.4168 0.647908 
v -0.233352 0.418441 0.642352 
v -0.244459 0.420207 0.636546 
v -0.255414 0.422099 0.630495 
v -0.245433 0.397422 0.6051 
v 0.0977744 0.444721 0.723602 
v 0.109873 0.422099 0.694905 
v 0.0850004 0.442904 0.725306 
v 0.0721731 0.441218 0.726717 
v 0.0593003 0.439662 0.727834 
v 0.0463902 0.438239 0.728658 
v 0.0334507 0.436948 0.729187 
v 0.0204899 0.435791 0.729421 
v 0.00751587 0.434768 0.72936 
v -0.00546339 0.433881 0.729004 
v -0.0184398 0.433129 0.728353 
v -0.0314052 0.432513 0.727408 
v -0.0443517 0.432034 0.726169 
v -0.0572711 0.431691 0.724637 
v -0.0701555 0.431486 0.722813 
v -0.0829967 0.431417 0.720698 
v -0.0957869 0.431486 0.718293 
v -0.108518 0.431691 0.715601 
v -0.121182 0.432034 0.712621 
v -0.133772 0.432513 0.709358 
v -0.146279 0.433129 0.705811 
v -0.158695 0.433881 0.701985 
v -0.171013 0.434768 0.69788 
v -0.183226 0.435791 0.6935 
v -0.195325 0.436948 0.688847 
v -0.207303 0.438239 0.683925 
v -0.219153 0.439662 0.678735 
v -0.230867 0.441218 0.673283 
v -0.242438 0.442904 0.66757 
v -0.253859 0.444721 0.6616 
v -0.265123 0.446666 0.655377 
v 0.0979719 0.469121 0.749785 
v 0.110487 0.446666 0.721608 
v 0.0848587 0.467256 0.751534 
v 0.0716907 0.465525 0.752982 
v 0.0584761 0.463928 0.754129 
v 0.0452232 0.462466 0.754975 
v 0.0319401 0.461142 0.755518 
v 0.0186351 0.459954 0.755758 
v 0.00531645 0.458904 0.755695 
v -0.0080075 0.457993 0.75533 
v -0.0213285 0.457221 0.754662 
v -0.0346383 0.456589 0.753691 
v -0.0479286 0.456097 0.75242 
v -0.0611911 0.455745 0.750847 
v -0.0744176 0.455534 0.748975 
v -0.0875998 0.455464 0.746803 
v -0.10073 0.455534 0.744335 
v -0.113799 0.455745 0.741571 
v -0.1268 0.456097 0.738513 
v -0.139723 0.456589 0.735162 
v -0.152562 0.457221 0.731522 
v -0.165308 0.457993 0.727593 
v -0.177954 0.458904 0.72338 
v -0.190491 0.459954 0.718883 
v -0.202911 0.461142 0.714107 
v -0.215207 0.462466 0.709054 
v -0.227372 0.463928 0.703727 
v -0.239397 0.465525 0.698129 
v -0.251276 0.467256 0.692264 
v -0.263 0.469121 0.686136 
v -0.274563 0.471118 0.679748 
v 0.0981035 0.493403 0.775394 
v 0.111022 0.471118 0.747737 
v 0.0846629 0.491492 0.777186 
v 0.0711661 0.489717 0.778671 
v 0.0576215 0.48808 0.779846 
v 0.0440376 0.486582 0.780713 
v 0.0304228 0.485224 0.781269 
v 0.0167855 0.484007 0.781516 
v 0.00313434 0.482931 0.781452 
v -0.0105223 0.481997 0.781077 
v -0.024176 0.481206 0.780392 
v -0.0378181 0.480558 0.779398 
v -0.0514403 0.480054 0.778094 
v -0.065034 0.479693 0.776482 
v -0.0785908 0.479477 0.774563 
v -0.0921022 0.479405 0.772338 
v -0.10556 0.479477 0.769808 
v -0.118956 0.479693 0.766974 
v -0.132281 0.480054 0.76384 
v -0.145527 0.480558 0.760406 
v -0.158687 0.481206 0.756674 
v -0.171751 0.481997 0.752648 
v -0.184712 0.482931 0.748329 
v -0.197562 0.484007 0.74372 
v -0.210293 0.485224 0.738825 
v -0.222896 0.486582 0.733645 
v -0.235365 0.48808 0.728185 
v -0.24769 0.489717 0.722448 
v -0.259865 0.491492 0.716436 
v -0.271882 0.493403 0.710155 
v -0.283734 0.49545 0.703608 
v 0.0981701 0.517563 0.80043 
v 0.11148 0.49545 0.773295 
v 0.0844137 0.515607 0.802265 
v 0.0705998 0.513791 0.803784 
v 0.0567371 0.512115 0.804988 
v 0.042834 0.510582 0.805874 
v 0.0288994 0.509192 0.806444 
v 0.0149417 0.507946 0.806696 
v 0.000969824 0.506845 0.80663 
v -0.0130077 0.50589 0.806247 
v -0.0269821 0.50508 0.805546 
v -0.0409447 0.504417 0.804528 
v -0.0548869 0.5039 0.803194 
v -0.0688 0.503531 0.801544 
v -0.0826753 0.50331 0.79958 
v -0.0965042 0.503236 0.797302 
v -0.110278 0.50331 0.794713 
v -0.123988 0.503531 0.791813 
v -0.137627 0.5039 0.788605 
v -0.151184 0.504417 0.78509 
v -0.164653 0.50508 0.781271 
v -0.178024 0.50589 0.77715 
v -0.19129 0.506845 0.77273 
v -0.204442 0.507946 0.768013 
v -0.217472 0.509192 0.763002 
v -0.230371 0.510582 0.757701 
v -0.243132 0.512115 0.752112 
v -0.255747 0.513791 0.74624 
v -0.268209 0.515607 0.740088 
v -0.280508 0.517563 0.733659 
v -0.292638 0.519658 0.726958 
v 0.0981726 0.541598 0.824897 
v 0.111861 0.519658 0.798282 
v 0.084112 0.539598 0.826772 
v 0.0699927 0.537742 0.828325 
v 0.0558234 0.536029 0.829555 
v 0.041613 0.534462 0.830461 
v 0.0273702 0.533042 0.831043 
v 0.013104 0.531768 0.831301 
v -0.00117686 0.530643 0.831234 
v -0.0154634 0.529666 0.830842 
v -0.0297468 0.528838 0.830126 
v -0.0440182 0.52816 0.829085 
v -0.0582686 0.527633 0.827721 
v -0.0724893 0.527256 0.826035 
v -0.0866714 0.527029 0.824027 
v -0.100806 0.526954 0.821699 
v -0.114884 0.527029 0.819053 
v -0.128898 0.527256 0.816089 
v -0.142838 0.527633 0.81281 
v -0.156695 0.52816 0.809217 
v -0.170462 0.528838 0.805314 
v -0.184129 0.529666 0.801102 
v -0.197688 0.530643 0.796584 
v -0.21113 0.531768 0.791762 
v -0.224448 0.533042 0.786641 
v -0.237633 0.534462 0.781223 
v -0.250676 0.536029 0.77551 
v -0.26357 0.537742 0.769508 
v -0.276307 0.539598 0.76322 
v -0.288878 0.541598 0.756649 
v -0.301277 0.543739 0.7498 
v 0.0981118 0.565503 0.848796 
v 0.112166 0.543739 0.822701 
v 0.0837585 0.563462 0.85071 
v 0.0693454 0.561567 0.852295 
v 0.0548811 0.559819 0.853551 
v 0.0403749 0.558219 0.854476 
v 0.0258357 0.556769 0.85507 
v 0.0112726 0.555469 0.855333 
v -0.00330551 0.55432 0.855265 
v -0.0178894 0.553323 0.854865 
v -0.0324701 0.552478 0.854133 
v -0.0470385 0.551786 0.853071 
v -0.0615856 0.551247 0.851679 
v -0.0761022 0.550862 0.849958 
v -0.0905795 0.550631 0.847908 
v -0.105008 0.550554 0.845532 
v -0.11938 0.550631 0.84283 
v -0.133685 0.550862 0.839804 
v -0.147915 0.551247 0.836457 
v -0.162061 0.551786 0.83279 
v -0.176114 0.552478 0.828805 
v -0.190065 0.553323 0.824505 
v -0.203907 0.55432 0.819893 
v -0.217629 0.555469 0.814972 
v -0.231224 0.556769 0.809744 
v -0.244683 0.558219 0.804212 
v -0.257998 0.559819 0.798382 
v -0.27116 0.561567 0.792255 
v -0.284162 0.563462 0.785835 
v -0.296995 0.565503 0.779128 
v -0.309651 0.567689 0.772136 
v 0.0979886 0.589276 0.87213 
v 0.112396 0.567689 0.846554 
v 0.0833541 0.587195 0.874082 
v 0.0686585 0.585263 0.875698 
v 0.0539109 0.58348 0.876978 
v 0.0391204 0.58185 0.877922 
v 0.0242963 0.580371 0.878528 
v 0.00944779 0.579046 0.878796 
v -0.00541593 0.577874 0.878726 
v -0.0202856 0.576857 0.878318 
v -0.035152 0.575996 0.877573 
v -0.0500059 0.57529 0.87649 
v -0.064838 0.574741 0.87507 
v -0.0796391 0.574349 0.873315 
v -0.0944 0.574113 0.871226 
v -0.109112 0.574035 0.868803 
v -0.123765 0.574113 0.866048 
v -0.13835 0.574349 0.862963 
v -0.152859 0.574741 0.85955 
v -0.167282 0.57529 0.855811 
v -0.18161 0.575996 0.851748 
v -0.195835 0.576857 0.847364 
v -0.209948 0.577874 0.842661 
v -0.223939 0.579046 0.837643 
v -0.2378 0.580371 0.832313 
v -0.251523 0.58185 0.826673 
v -0.265099 0.58348 0.820728 
v -0.278519 0.585263 0.814481 
v -0.291776 0.587195 0.807936 
v -0.30486 0.589276 0.801097 
v -0.317764 0.591505 0.793968 
v 0.112637 0.615184 0.892576 
v 0.112553 0.591505 0.869845 
v 0.127038 0.59388 0.867227 
v 0.0978039 0.612914 0.894904 
v 0.0828995 0.610795 0.896891 
v 0.0679328 0.608827 0.898538 
v 0.0529131 0.607012 0.899841 
v 0.0378499 0.605351 0.900802 
v 0.0227523 0.603845 0.901419 
v 0.00762991 0.602495 0.901692 
v -0.00750799 0.601302 0.901621 
v -0.0226519 0.600267 0.901206 
v -0.0377926 0.599389 0.900447 
v -0.0529204 0.598671 0.899344 
v -0.0680261 0.598111 0.897898 
v -0.0831002 0.597712 0.896111 
v -0.0981334 0.597472 0.893983 
v -0.113116 0.597392 0.891515 
v -0.12804 0.597472 0.888709 
v -0.142894 0.597712 0.885567 
v -0.157671 0.598111 0.882092 
v -0.17236 0.598671 0.878283 
v -0.186952 0.599389 0.874146 
v -0.20144 0.600267 0.869681 
v -0.215812 0.601302 0.864892 
v -0.230062 0.602495 0.859781 
v -0.244179 0.603845 0.854352 
v -0.258155 0.605351 0.848609 
v -0.271981 0.607012 0.842554 
v -0.285649 0.608827 0.836192 
v -0.29915 0.610795 0.829526 
v -0.312476 0.612914 0.822561 
v -0.325618 0.615184 0.8153 
v -0.338569 0.617603 0.807749 
v -0.330481 0.59388 0.786554 
v 0.112649 0.638725 0.914753 
v 0.127389 0.617603 0.88991 
v 0.0975586 0.636416 0.917121 
v 0.0823955 0.634259 0.919143 
v 0.0671689 0.632257 0.920817 
v 0.0518885 0.630411 0.922144 
v 0.0365637 0.628721 0.923121 
v 0.0212041 0.627189 0.923749 
v 0.00581914 0.625815 0.924027 
v -0.00958157 0.624602 0.923955 
v -0.0249884 0.623548 0.923532 
v -0.0403919 0.622656 0.92276 
v -0.0557824 0.621925 0.921638 
v -0.0711503 0.621356 0.920167 
v -0.0864862 0.620949 0.918349 
v -0.10178 0.620705 0.916183 
v -0.117023 0.620623 0.913673 
v -0.132206 0.620705 0.910819 
v -0.147318 0.620949 0.907622 
v -0.162351 0.621356 0.904086 
v -0.177295 0.621925 0.900212 
v -0.192141 0.622656 0.896002 
v -0.20688 0.623548 0.89146 
v -0.221502 0.624602 0.886587 
v -0.235999 0.625815 0.881388 
v -0.250361 0.627189 0.875865 
v -0.26458 0.628721 0.870022 
v -0.278646 0.630411 0.863862 
v -0.292551 0.632257 0.857389 
v -0.306287 0.634259 0.850607 
v -0.319844 0.636416 0.843521 
v -0.333214 0.638725 0.836135 
v -0.34639 0.641186 0.828453 
v 0.112591 0.662125 0.936378 
v 0.127657 0.641186 0.91204 
v 0.0972537 0.659778 0.938785 
v 0.0818429 0.657586 0.94084 
v 0.0663676 0.655551 0.942542 
v 0.0508376 0.653675 0.94389 
v 0.0352625 0.651957 0.944884 
v 0.0196519 0.6504 0.945522 
v 0.00401568 0.649005 0.945804 
v -0.0116366 0.647771 0.94573 
v -0.0272951 0.6467 0.945301 
v -0.0429502 0.645793 0.944516 
v -0.0585921 0.64505 0.943376 
v -0.0742111 0.644472 0.941881 
v -0.0897974 0.644058 0.940033 
v -0.105341 0.64381 0.937832 
v -0.120833 0.643728 0.935281 
v -0.136264 0.64381 0.93238 
v -0.151623 0.644058 0.929131 
v -0.166902 0.644472 0.925537 
v -0.18209 0.64505 0.9216 
v -0.197178 0.645793 0.917321 
v -0.212158 0.6467 0.912705 
v -0.227019 0.647771 0.907753 
v -0.241753 0.649005 0.902469 
v -0.256349 0.6504 0.896855 
v -0.2708 0.651957 0.890917 
v -0.285096 0.653675 0.884656 
v -0.299228 0.655551 0.878077 
v -0.313188 0.657586 0.871185 
v -0.326967 0.659778 0.863983 
v -0.340556 0.662125 0.856476 
v -0.353946 0.664626 0.848669 
v 0.112463 0.685382 0.957457 
v 0.127844 0.664626 0.933622 
v 0.09689 0.682999 0.959901 
v 0.0812424 0.680774 0.961987 
v 0.0655295 0.678708 0.963716 
v 0.0497609 0.676802 0.965085 
v 0.0339465 0.675059 0.966093 
v 0.0180962 0.673478 0.966741 
v 0.00221971 0.67206 0.967028 
v -0.013673 0.670808 0.966953 
v -0.0295721 0.669721 0.966517 
v -0.0454676 0.6688 0.96572 
v -0.0613498 0.668045 0.964562 
v -0.0772087 0.667458 0.963044 
v -0.0930345 0.667038 0.961168 
v -0.108817 0.666787 0.958933 
v -0.124547 0.666703 0.956343 
v -0.140215 0.666787 0.953397 
v -0.15581 0.667038 0.950099 
v -0.171323 0.667458 0.94645 
v -0.186745 0.668045 0.942452 
v -0.202065 0.6688 0.938108 
v -0.217275 0.669721 0.93342 
v -0.232364 0.670808 0.928392 
v -0.247324 0.67206 0.923027 
v -0.262145 0.673478 0.917327 
v -0.276818 0.675059 0.911297 
v -0.291333 0.676802 0.90494 
v -0.305683 0.678708 0.898261 
v -0.319857 0.680774 0.891263 
v -0.333847 0.682999 0.88395 
v -0.347645 0.685382 0.876328 
v -0.361241 0.687922 0.868401 
v 0.112266 0.708496 0.977994 
v 0.12795 0.687922 0.954658 
v 0.0964684 0.706079 0.980473 
v 0.0805949 0.703821 0.98259 
v 0.0646551 0.701725 0.984343 
v 0.0486589 0.699792 0.985732 
v 0.0326162 0.698023 0.986755 
v 0.0165371 0.69642 0.987412 
v 0.000431401 0.694982 0.987703 
v -0.0156907 0.693711 0.987627 
v -0.0318194 0.692608 0.987185 
v -0.0479444 0.691674 0.986376 
v -0.0640559 0.690909 0.985202 
v -0.0801437 0.690313 0.983662 
v -0.0961979 0.689887 0.981759 
v -0.112209 0.689632 0.979492 
v -0.128166 0.689547 0.976864 
v -0.144059 0.689632 0.973876 
v -0.15988 0.689887 0.97053 
v -0.175617 0.690313 0.966828 
v -0.191261 0.690909 0.962772 
v -0.206803 0.691674 0.958365 
v -0.222232 0.692608 0.95361 
v -0.237539 0.693711 0.94851 
v -0.252715 0.694982 0.943067 
v -0.26775 0.69642 0.937285 
v -0.282634 0.698023 0.931168 
v -0.29736 0.699792 0.92472 
v -0.311916 0.701725 0.917944 
v -0.326295 0.703821 0.910844 
v -0.340487 0.706079 0.903426 
v -0.354484 0.708496 0.895694 
v -0.368277 0.711072 0.887652 
v 0.112001 0.731465 0.997995 
v 0.127977 0.711072 0.975155 
v 0.0959899 0.729014 1.00051 
v 0.0799012 0.726726 1.00265 
v 0.0637453 0.724602 1.00443 
v 0.0475322 0.722643 1.00584 
v 0.0312721 0.72085 1.00687 
v 0.0149749 0.719224 1.00754 
v -0.00134911 0.717767 1.00784 
v -0.0176898 0.716479 1.00776 
v -0.0340371 0.715362 1.00731 
v -0.0503807 0.714415 1.00649 
v -0.0667106 0.713639 1.0053 
v -0.0830166 0.713035 1.00374 
v -0.0992885 0.712604 1.00181 
v -0.115516 0.712345 0.999513 
v -0.13169 0.712258 0.996849 
v -0.147799 0.712345 0.99382 
v -0.163834 0.712604 0.990429 
v -0.179784 0.713035 0.986677 
v -0.19564 0.713639 0.982566 
v -0.211393 0.714415 0.9781 
v -0.227031 0.715362 0.97328 
v -0.242546 0.716479 0.96811 
v -0.257927 0.717767 0.962594 
v -0.273166 0.719224 0.956734 
v -0.288252 0.72085 0.950534 
v -0.303177 0.722643 0.943998 
v -0.317931 0.724602 0.93713 
v -0.332505 0.726726 0.929934 
v -0.34689 0.729014 0.922416 
v -0.361076 0.731465 0.914579 
v -0.375056 0.734076 0.906428 
v 0.11167 0.754287 1.01746 
v 0.127926 0.734076 0.995117 
v 0.0954553 0.751806 1.02001 
v 0.079162 0.749489 1.02218 
v 0.0628006 0.747338 1.02398 
v 0.0463813 0.745353 1.02541 
v 0.0299144 0.743538 1.02646 
v 0.0134099 0.741891 1.02713 
v -0.0031217 0.740416 1.02743 
v -0.0196702 0.739112 1.02735 
v -0.0362254 0.73798 1.0269 
v -0.0527769 0.73702 1.02607 
v -0.0693145 0.736235 1.02486 
v -0.0858278 0.735624 1.02328 
v -0.102307 0.735187 1.02133 
v -0.118741 0.734924 1.019 
v -0.13512 0.734837 1.0163 
v -0.151434 0.734924 1.01324 
v -0.167673 0.735187 1.0098 
v -0.183826 0.735624 1.006 
v -0.199884 0.736235 1.00184 
v -0.215837 0.73702 0.997315 
v -0.231674 0.73798 0.992435 
v -0.247386 0.739112 0.987199 
v -0.262963 0.740416 0.981612 
v -0.278396 0.741891 0.975678 
v -0.293674 0.743538 0.969399 
v -0.308789 0.745353 0.96278 
v -0.32373 0.747338 0.955824 
v -0.338489 0.749489 0.948537 
v -0.353057 0.751806 0.940923 
v -0.367424 0.754287 0.932986 
v -0.381581 0.756932 0.924732 
v 0.127593 0.779639 1.03346 
v 0.127797 0.756932 1.01455 
v 0.143826 0.759737 1.01127 
v 0.111274 0.776963 1.03641 
v 0.0948655 0.774452 1.03898 
v 0.078378 0.772107 1.04118 
v 0.0618217 0.769931 1.043 
v 0.0452067 0.767923 1.04444 
v 0.0285435 0.766085 1.04551 
v 0.0118424 0.76442 1.04619 
v -0.00488626 0.762926 1.04649 
v -0.021632 0.761606 1.04641 
v -0.0383845 0.760461 1.04595 
v -0.0551332 0.759491 1.04511 
v -0.0718679 0.758696 1.04389 
v -0.088578 0.758077 1.04229 
v -0.105253 0.757635 1.04032 
v -0.121883 0.757369 1.03796 
v -0.138458 0.757281 1.03523 
v -0.154966 0.757369 1.03213 
v -0.171398 0.757635 1.02865 
v -0.187744 0.758077 1.02481 
v -0.203993 0.758696 1.02059 
v -0.220136 0.759491 1.01602 
v -0.236162 0.760461 1.01108 
v -0.252061 0.761606 1.00578 
v -0.267824 0.762926 1.00013 
v -0.283441 0.76442 0.994122 
v -0.298901 0.766085 0.987768 
v -0.314196 0.767923 0.98107 
v -0.329315 0.769931 0.974032 
v -0.34425 0.772107 0.966658 
v -0.358992 0.774452 0.958953 
v -0.37353 0.776963 0.950922 
v -0.387856 0.779639 0.942569 
v -0.401961 0.782478 0.9339 
v -0.39552 0.759737 0.916165 
v 0.127314 0.802197 1.05185 
v 0.143812 0.782478 1.03013 
v 0.110813 0.799492 1.05483 
v 0.0942214 0.796953 1.05743 
v 0.0775501 0.794582 1.05965 
v 0.0608091 0.792381 1.0615 
v 0.0440089 0.79035 1.06295 
v 0.0271598 0.788493 1.06403 
v 0.0102725 0.786808 1.06472 
v -0.00664268 0.785298 1.06502 
v -0.0235752 0.783964 1.06494 
v -0.0405144 0.782805 1.06448 
v -0.05745 0.781824 1.06363 
v -0.0743712 0.78102 1.0624 
v -0.0912677 0.780395 1.06078 
v -0.108129 0.779948 1.05878 
v -0.124944 0.779679 1.0564 
v -0.141703 0.77959 1.05364 
v -0.158396 0.779679 1.0505 
v -0.175011 0.779948 1.04699 
v -0.19154 0.780395 1.0431 
v -0.20797 0.78102 1.03884 
v -0.224293 0.781824 1.03421 
v -0.240497 0.782805 1.02922 
v -0.256574 0.783964 1.02386 
v -0.272513 0.785298 1.01814 
v -0.288303 0.786808 1.01207 
v -0.303936 0.788493 1.00565 
v -0.319401 0.79035 0.998875 
v -0.33469 0.792381 0.991758 
v -0.349791 0.794582 0.984302 
v -0.364697 0.796953 0.976511 
v -0.379397 0.799492 0.96839 
v -0.393883 0.802197 0.959944 
v -0.408145 0.805068 0.951178 
v 0.126961 0.824606 1.06972 
v 0.143714 0.805068 1.04849 
v 0.110288 0.821872 1.07273 
v 0.0935239 0.819307 1.07536 
v 0.0766789 0.816911 1.07761 
v 0.0597635 0.814687 1.07947 
v 0.0427883 0.812636 1.08094 
v 0.0257637 0.810759 1.08203 
v 0.00870048 0.809057 1.08273 
v -0.0083909 0.807531 1.08304 
v -0.0254998 0.806183 1.08296 
v -0.0426155 0.805012 1.08249 
v -0.0597274 0.804021 1.08163 
v -0.0768249 0.803209 1.08038 
v -0.0938974 0.802577 1.07875 
v -0.110934 0.802125 1.07673 
v -0.127925 0.801854 1.07432 
v -0.144859 0.801763 1.07153 
v -0.161725 0.801854 1.06836 
v -0.178513 0.802125 1.06481 
v -0.195214 0.802577 1.06088 
v -0.211815 0.803209 1.05658 
v -0.228308 0.804021 1.0519 
v -0.244682 0.805012 1.04686 
v -0.260926 0.806183 1.04144 
v -0.27703 0.807531 1.03567 
v -0.292985 0.809057 1.02953 
v -0.308781 0.810759 1.02304 
v -0.324407 0.812636 1.0162 
v -0.339855 0.814687 1.00901 
v -0.355114 0.816911 1.00147 
v -0.370175 0.819307 0.993601 
v -0.385028 0.821872 0.985396 
v -0.399665 0.824606 0.976862 
v -0.414076 0.827507 0.968005 
v 0.126536 0.846865 1.08709 
v 0.143532 0.827507 1.06633 
v 0.109701 0.844105 1.09013 
v 0.0927737 0.841515 1.09279 
v 0.0757651 0.839096 1.09505 
v 0.0586855 0.83685 1.09693 
v 0.0415454 0.834779 1.09842 
v 0.0243555 0.832883 1.09952 
v 0.00712653 0.831165 1.10022 
v -0.0101308 0.829624 1.10053 
v -0.0274059 0.828263 1.10045 
v -0.0446878 0.827081 1.09998 
v -0.061966 0.82608 1.09911 
v -0.0792295 0.82526 1.09785 
v -0.0964678 0.824622 1.0962 
v -0.11367 0.824166 1.09416 
v -0.130826 0.823892 1.09173 
v -0.147924 0.823801 1.08892 
v -0.164954 0.823892 1.08572 
v -0.181906 0.824166 1.08213 
v -0.198768 0.824622 1.07816 
v -0.215531 0.82526 1.07382 
v -0.232184 0.82608 1.0691 
v -0.248716 0.827081 1.064 
v -0.265118 0.828263 1.05854 
v -0.281379 0.829624 1.0527 
v -0.297489 0.831165 1.04651 
v -0.313438 0.832883 1.03995 
v -0.329217 0.834779 1.03304 
v -0.344814 0.83685 1.02578 
v -0.360221 0.839096 1.01818 
v -0.375428 0.841515 1.01023 
v -0.390426 0.844105 1.00194 
v -0.405205 0.846865 0.993327 
v -0.419756 0.849794 0.984384 
v 0.126039 0.868975 1.10395 
v 0.143268 0.849794 1.08366 
v 0.109052 0.86619 1.10702 
v 0.0919719 0.863576 1.1097 
v 0.0748096 0.861135 1.11199 
v 0.0575756 0.858869 1.11389 
v 0.0402807 0.856779 1.11539 
v 0.0229355 0.854867 1.11649 
v 0.00555084 0.853133 1.1172 
v -0.0118624 0.851578 1.11752 
v -0.0292936 0.850204 1.11744 
v -0.0467317 0.849012 1.11696 
v -0.0641659 0.848002 1.11608 
v -0.0815854 0.847174 1.11481 
v -0.0989795 0.84653 1.11315 
v -0.116337 0.84607 1.11109 
v -0.133648 0.845794 1.10864 
v -0.1509 0.845702 1.1058 
v -0.168084 0.845794 1.10257 
v -0.185189 0.84607 1.09895 
v -0.202204 0.84653 1.09495 
v -0.219118 0.847174 1.09056 
v -0.235922 0.848002 1.0858 
v -0.252604 0.849012 1.08066 
v -0.269154 0.850204 1.07514 
v -0.285562 0.851578 1.06926 
v -0.301817 0.853133 1.06301 
v -0.31791 0.854867 1.05639 
v -0.333831 0.856779 1.04942 
v -0.34957 0.858869 1.04209 
v -0.365116 0.861135 1.03442 
v -0.38046 0.863576 1.0264 
v -0.395594 0.86619 1.01804 
v -0.410506 0.868975 1.00934 
v -0.425189 0.87193 1.00032 
v 0.125472 0.890935 1.12032 
v 0.142922 0.87193 1.10049 
v 0.108342 0.888126 1.12341 
v 0.0911191 0.88549 1.12612 
v 0.073813 0.883029 1.12842 
v 0.0564345 0.880744 1.13034 
v 0.0389946 0.878637 1.13185 
v 0.021504 0.876708 1.13297 
v 0.0039736 0.874959 1.13368 
v -0.0135857 0.873392 1.134 
v -0.0311629 0.872007 1.13392 
v -0.0487472 0.870804 1.13343 
v -0.0663276 0.869786 1.13255 
v -0.0838932 0.868951 1.13127 
v -0.101433 0.868302 1.12959 
v -0.118936 0.867838 1.12752 
v -0.136392 0.867559 1.12505 
v -0.153789 0.867466 1.12218 
v -0.171117 0.867559 1.11892 
v -0.188366 0.867838 1.11528 
v -0.205523 0.868302 1.11124 
v -0.222579 0.868951 1.10682 
v -0.239523 0.869786 1.10201 
v -0.256345 0.870804 1.09683 
v -0.273034 0.872007 1.09127 
v -0.289579 0.873392 1.08533 
v -0.305971 0.874959 1.07903 
v -0.322199 0.876708 1.07236 
v -0.338253 0.878637 1.06533 
v -0.354124 0.880744 1.05794 
v -0.3698 0.883029 1.0502 
v -0.385274 0.88549 1.04212 
v -0.400534 0.888126 1.03369 
v -0.415571 0.890935 1.02492 
v -0.430377 0.893914 1.01582 
v 0.141992 0.915747 1.13268 
v 0.142496 0.893914 1.11683 
v 0.159406 0.897064 1.11296 
v 0.124835 0.912745 1.1362 
v 0.107573 0.909914 1.13932 
v 0.0902163 0.907258 1.14204 
v 0.0727759 0.904778 1.14436 
v 0.0552627 0.902475 1.14629 
v 0.0376875 0.900351 1.14782 
v 0.0200613 0.898408 1.14894 
v 0.00239498 0.896646 1.14966 
v -0.0153005 0.895066 1.14998 
v -0.033014 0.89367 1.1499 
v -0.0507346 0.892458 1.14941 
v -0.0684514 0.891432 1.14852 
v -0.0861532 0.890591 1.14723 
v -0.103829 0.889936 1.14554 
v -0.121468 0.889469 1.14345 
v -0.139059 0.889188 1.14096 
v -0.156591 0.889094 1.13807 
v -0.174054 0.889188 1.13479 
v -0.191436 0.889469 1.13111 
v -0.208726 0.889936 1.12705 
v -0.225915 0.890591 1.12259 
v -0.24299 0.891432 1.11775 
v -0.259942 0.892458 1.11252 
v -0.276761 0.89367 1.10692 
v -0.293434 0.895066 1.10094 
v -0.309953 0.896646 1.09459 
v -0.326307 0.898408 1.08787 
v -0.342486 0.900351 1.08078 
v -0.358479 0.902475 1.07334 
v -0.374278 0.904778 1.06554 
v -0.389871 0.907258 1.05739 
v -0.405249 0.909914 1.04889 
v -0.420403 0.912745 1.04006 
v -0.435324 0.915747 1.03089 
v -0.450001 0.918921 1.02139 
v -0.444941 0.897064 1.00639 
v 0.14141 0.93743 1.14805 
v 0.159033 0.918921 1.12878 
v 0.12413 0.934405 1.15159 
v 0.106745 0.931555 1.15473 
v 0.0892642 0.92888 1.15747 
v 0.0716992 0.926382 1.15981 
v 0.0540608 0.924062 1.16175 
v 0.03636 0.921924 1.16329 
v 0.0186077 0.919966 1.16442 
v 0.000815117 0.918191 1.16515 
v -0.0170068 0.9166 1.16547 
v -0.034847 0.915194 1.16539 
v -0.0526943 0.913974 1.1649 
v -0.0705377 0.91294 1.164 
v -0.088366 0.912093 1.1627 
v -0.106168 0.911434 1.161 
v -0.123933 0.910963 1.15889 
v -0.14165 0.91068 1.15639 
v -0.159308 0.910586 1.15348 
v -0.176895 0.91068 1.15017 
v -0.194401 0.910963 1.14647 
v -0.211815 0.911434 1.14237 
v -0.229126 0.912093 1.13788 
v -0.246324 0.91294 1.13301 
v -0.263397 0.913974 1.12775 
v -0.280336 0.915194 1.1221 
v -0.297129 0.9166 1.11608 
v -0.313766 0.918191 1.10968 
v -0.330237 0.919966 1.10291 
v -0.346531 0.921924 1.09578 
v -0.362639 0.924062 1.08828 
v -0.37855 0.926382 1.08042 
v -0.394255 0.92888 1.07221 
v -0.409743 0.931555 1.06366 
v -0.425005 0.934405 1.05476 
v -0.440032 0.93743 1.04552 
v -0.454815 0.940626 1.03596 
v 0.140752 0.958962 1.16294 
v 0.158573 0.940626 1.14411 
v 0.123359 0.955917 1.1665 
v 0.105859 0.953048 1.16966 
v 0.0882636 0.950355 1.17242 
v 0.0705833 0.947841 1.17478 
v 0.0528292 0.945507 1.17673 
v 0.0350122 0.943354 1.17828 
v 0.0171435 0.941383 1.17942 
v -0.000765843 0.939597 1.18015 
v -0.0187047 0.937996 1.18048 
v -0.0366619 0.93658 1.18039 
v -0.0546264 0.935352 1.1799 
v -0.0725868 0.934311 1.179 
v -0.0905321 0.933459 1.17769 
v -0.108451 0.932796 1.17598 
v -0.126333 0.932321 1.17385 
v -0.144166 0.932037 1.17133 
v -0.161939 0.931942 1.1684 
v -0.179642 0.932037 1.16507 
v -0.197263 0.932321 1.16135 
v -0.214791 0.932796 1.15722 
v -0.232216 0.933459 1.15271 
v -0.249527 0.934311 1.1478 
v -0.266712 0.935352 1.1425 
v -0.283762 0.93658 1.13682 
v -0.300665 0.937996 1.13076 
v -0.317411 0.939597 1.12432 
v -0.33399 0.941383 1.11751 
v -0.350391 0.943354 1.11032 
v -0.366605 0.945507 1.10278 
v -0.38262 0.947841 1.09487 
v -0.398428 0.950355 1.08661 
v -0.414018 0.953048 1.07799 
v -0.42938 0.955917 1.06904 
v -0.444506 0.958962 1.05974 
v -0.459385 0.962179 1.05011 
v 0.140018 0.980344 1.17735 
v 0.158027 0.962179 1.15898 
v 0.122521 0.977281 1.18094 
v 0.104916 0.974395 1.18412 
v 0.0872153 0.971686 1.1869 
v 0.0694291 0.969157 1.18927 
v 0.0515685 0.966808 1.19123 
v 0.0336447 0.964642 1.19279 
v 0.0156689 0.96266 1.19394 
v -0.00234778 0.960863 1.19467 
v -0.0203942 0.959252 1.195 
v -0.038459 0.957829 1.19491 
v -0.0565311 0.956593 1.19442 
v -0.0745992 0.955546 1.19351 
v -0.0926521 0.954689 1.1922 
v -0.110679 0.954021 1.19047 
v -0.128667 0.953544 1.18834 
v -0.146607 0.953258 1.1858 
v -0.164487 0.953162 1.18285 
v -0.182296 0.953258 1.17951 
v -0.200023 0.953544 1.17576 
v -0.217656 0.954021 1.17161 
v -0.235185 0.954689 1.16706 
v -0.2526 0.955546 1.16213 
v -0.269888 0.956593 1.1568 
v -0.28704 0.957829 1.15108 
v -0.304044 0.959252 1.14498 
v -0.320891 0.960863 1.13851 
v -0.337569 0.96266 1.13165 
v -0.354069 0.964642 1.12443 
v -0.370379 0.966808 1.11683 
v -0.386491 0.969157 1.10888 
v -0.402393 0.971686 1.10057 
v -0.418077 0.974395 1.0919 
v -0.433531 0.977281 1.08289 
v -0.448748 0.980344 1.07354 
v -0.463716 0.983581 1.06385 
v 0.13921 1.00158 1.19131 
v 0.157397 0.983581 1.17337 
v 0.121618 0.998498 1.19491 
v 0.103917 0.995596 1.19811 
v 0.08612 0.992873 1.2009 
v 0.068237 0.990329 1.20329 
v 0.0502792 0.987968 1.20526 
v 0.0322579 0.985791 1.20683 
v 0.0141842 0.983798 1.20798 
v -0.00393058 0.981991 1.20872 
v -0.0220752 0.980371 1.20905 
v -0.0402384 0.97894 1.20896 
v -0.0584089 0.977697 1.20846 
v -0.0765753 0.976644 1.20755 
v -0.0947265 0.975782 1.20623 
v -0.112851 0.975111 1.20449 
v -0.130938 0.974632 1.20235 
v -0.148975 0.974344 1.1998 
v -0.166953 0.974248 1.19684 
v -0.184858 0.974344 1.19347 
v -0.202682 0.974632 1.1897 
v -0.220411 0.975111 1.18553 
v -0.238036 0.975782 1.18096 
v -0.255545 0.976644 1.17599 
v -0.272927 0.977697 1.17064 
v -0.290172 0.97894 1.16489 
v -0.307269 0.980371 1.15876 
v -0.324208 0.981991 1.15225 
v -0.340977 0.983798 1.14535 
v -0.357566 0.985791 1.13809 
v -0.373966 0.987968 1.13046 
v -0.390165 0.990329 1.12246 
v -0.406154 0.992873 1.1141 
v -0.421923 0.995596 1.10539 
v -0.437461 0.998498 1.09633 
v -0.452761 1.00158 1.08693 
v -0.467811 1.00483 1.07719 
v 0.155889 1.02593 1.20077 
v 0.156684 1.00483 1.1873 
v 0.174028 1.00826 1.1829 
v 0.138329 1.02266 1.2048 
v 0.12065 1.01957 1.20842 
v 0.102863 1.01665 1.21163 
v 0.0849786 1.01392 1.21444 
v 0.0670077 1.01136 1.21684 
v 0.0489618 1.00899 1.21882 
v 0.030852 1.0068 1.22039 
v 0.0126896 1.0048 1.22155 
v -0.00551414 1.00298 1.2223 
v -0.0237478 1.00135 1.22263 
v -0.0420002 0.999914 1.22254 
v -0.0602599 0.998666 1.22204 
v -0.0785155 0.997608 1.22112 
v -0.0967558 0.996741 1.21979 
v -0.114969 0.996067 1.21805 
v -0.133145 0.995585 1.2159 
v -0.151271 0.995296 1.21333 
v -0.169336 0.995199 1.21035 
v -0.18733 0.995296 1.20697 
v -0.205241 0.995585 1.20318 
v -0.223057 0.996067 1.19899 
v -0.240769 0.996741 1.1944 
v -0.258364 0.997608 1.18941 
v -0.275831 0.998666 1.18403 
v -0.293161 0.999914 1.17825 
v -0.310342 1.00135 1.17209 
v -0.327364 1.00298 1.16555 
v -0.344215 1.0048 1.15862 
v -0.360886 1.0068 1.15132 
v -0.377366 1.00899 1.14365 
v -0.393645 1.01136 1.13561 
v -0.409712 1.01392 1.12721 
v -0.425558 1.01665 1.11846 
v -0.441173 1.01957 1.10936 
v -0.456548 1.02266 1.09991 
v -0.471671 1.02593 1.09012 
v -0.486536 1.02938 1.08 
v -0.482602 1.00826 1.06712 
v 0.155013 1.04689 1.2138 
v 0.173318 1.02938 1.19635 
v 0.137376 1.0436 1.21784 
v 0.11962 1.04049 1.22147 
v 0.101755 1.03756 1.2247 
v 0.0837916 1.03482 1.22752 
v 0.0657418 1.03225 1.22993 
v 0.0476167 1.02987 1.23192 
v 0.0294274 1.02767 1.2335 
v 0.0111853 1.02566 1.23467 
v -0.00709836 1.02383 1.23541 
v -0.0254121 1.0222 1.23574 
v -0.0437446 1.02075 1.23566 
v -0.0620844 1.0195 1.23515 
v -0.0804202 1.01844 1.23423 
v -0.0987405 1.01757 1.2329 
v -0.117034 1.01689 1.23115 
v -0.135289 1.0164 1.22898 
v -0.153495 1.01611 1.22641 
v -0.17164 1.01602 1.22342 
v -0.189712 1.01611 1.22002 
v -0.207702 1.0164 1.21622 
v -0.225596 1.01689 1.21201 
v -0.243385 1.01757 1.20739 
v -0.261058 1.01844 1.20238 
v -0.278602 1.0195 1.19698 
v -0.296008 1.02075 1.19118 
v -0.313264 1.0222 1.18499 
v -0.330361 1.02383 1.17841 
v -0.347286 1.02566 1.17146 
v -0.36403 1.02767 1.16412 
v -0.380582 1.02987 1.15642 
v -0.396932 1.03225 1.14835 
v -0.41307 1.03482 1.13991 
v -0.428986 1.03756 1.13112 
v -0.44467 1.04049 1.12198 
v -0.460112 1.0436 1.11248 
v -0.475302 1.04689 1.10265 
v -0.490231 1.05035 1.09249 
v 0.154058 1.06769 1.22637 
v 0.172518 1.05035 1.20935 
v 0.136353 1.0644 1.23043 
v 0.118527 1.06128 1.23408 
v 0.100593 1.05833 1.23732 
v 0.0825597 1.05557 1.24015 
v 0.0644399 1.053 1.24257 
v 0.0462444 1.05061 1.24457 
v 0.0279844 1.0484 1.24615 
v 0.00967144 1.04638 1.24732 
v -0.00868318 1.04455 1.24807 
v -0.0270681 1.04291 1.2484 
v -0.0454717 1.04146 1.24832 
v -0.0638828 1.0402 1.24781 
v -0.0822898 1.03913 1.24689 
v -0.100681 1.03826 1.24555 
v -0.119046 1.03758 1.24379 
v -0.137372 1.03709 1.24162 
v -0.155648 1.0368 1.23903 
v -0.173864 1.0367 1.23603 
v -0.192007 1.0368 1.23262 
v -0.210066 1.03709 1.2288 
v -0.22803 1.03758 1.22457 
v -0.245888 1.03826 1.21994 
v -0.263629 1.03913 1.21491 
v -0.281242 1.0402 1.20949 
v -0.298715 1.04146 1.20366 
v -0.316038 1.04291 1.19745 
v -0.333201 1.04455 1.19085 
v -0.350192 1.04638 1.18387 
v -0.367001 1.0484 1.17651 
v -0.383618 1.05061 1.16877 
v -0.400031 1.053 1.16067 
v -0.416232 1.05557 1.1522 
v -0.43221 1.05833 1.14337 
v -0.447954 1.06128 1.13419 
v -0.463456 1.0644 1.12467 
v -0.478705 1.06769 1.1148 
v -0.493692 1.07116 1.10459 
v 0.153024 1.08835 1.2385 
v 0.171631 1.07116 1.22191 
v 0.135259 1.08504 1.24258 
v 0.117373 1.08191 1.24624 
v 0.0993778 1.07896 1.24949 
v 0.0812838 1.07619 1.25233 
v 0.0631025 1.07361 1.25476 
v 0.0448453 1.07121 1.25676 
v 0.0265234 1.06899 1.25835 
v 0.00814834 1.06697 1.25953 
v -0.0102685 1.06513 1.26028 
v -0.0287157 1.06348 1.26061 
v -0.0471818 1.06203 1.26053 
v -0.0656553 1.06077 1.26002 
v -0.0841247 1.05969 1.25909 
v -0.102579 1.05882 1.25775 
v -0.121005 1.05814 1.25598 
v -0.139394 1.05765 1.2538 
v -0.157732 1.05736 1.25121 
v -0.176009 1.05726 1.2482 
v -0.194213 1.05736 1.24477 
v -0.212334 1.05765 1.24094 
v -0.230359 1.05814 1.2367 
v -0.248278 1.05882 1.23206 
v -0.266079 1.05969 1.22701 
v -0.283751 1.06077 1.22156 
v -0.301284 1.06203 1.21572 
v -0.318666 1.06348 1.20949 
v -0.335887 1.06513 1.20286 
v -0.352935 1.06697 1.19586 
v -0.369801 1.06899 1.18847 
v -0.386474 1.07121 1.18071 
v -0.402944 1.07361 1.17258 
v -0.419199 1.07619 1.16408 
v -0.435231 1.07896 1.15523 
v -0.451029 1.08191 1.14602 
v -0.466583 1.08504 1.13646 
v -0.481884 1.08835 1.12655 
v -0.496922 1.09184 1.11631 
v 0.151913 1.10887 1.2502 
v 0.170657 1.09184 1.23403 
v 0.134097 1.10555 1.25429 
v 0.116159 1.10241 1.25796 
v 0.098111 1.09945 1.26122 
v 0.0799643 1.09667 1.26407 
v 0.0617302 1.09408 1.2665 
v 0.0434198 1.09167 1.26852 
v 0.0250446 1.08945 1.27011 
v 0.00661612 1.08742 1.27129 
v -0.0118543 1.08558 1.27204 
v -0.0303552 1.08393 1.27238 
v -0.048875 1.08247 1.27229 
v -0.0674022 1.0812 1.27178 
v -0.0859254 1.08013 1.27085 
v -0.104433 1.07925 1.2695 
v -0.122913 1.07856 1.26773 
v -0.141355 1.07807 1.26555 
v -0.159747 1.07778 1.26294 
v -0.178077 1.07768 1.25993 
v -0.196334 1.07778 1.25649 
v -0.214508 1.07807 1.25265 
v -0.232585 1.07856 1.2484 
v -0.250556 1.07925 1.24374 
v -0.268409 1.08013 1.23868 
v -0.286132 1.0812 1.23321 
v -0.303716 1.08247 1.22735 
v -0.321149 1.08393 1.2211 
v -0.33842 1.08558 1.21446 
v -0.355518 1.08742 1.20743 
v -0.372433 1.08945 1.20003 
v -0.389155 1.09167 1.19224 
v -0.405672 1.09408 1.18409 
v -0.421975 1.09667 1.17557 
v -0.438053 1.09945 1.16668 
v -0.453897 1.10241 1.15745 
v -0.469497 1.10555 1.14786 
v -0.484842 1.10887 1.13793 
v -0.499924 1.11236 1.12766 
v 0.168454 1.13274 1.25697 
v 0.169598 1.11236 1.24571 
v 0.187139 1.11603 1.24082 
v 0.150727 1.12924 1.26148 
v 0.132866 1.12591 1.26557 
v 0.114885 1.12277 1.26925 
v 0.096793 1.1198 1.27252 
v 0.078602 1.11702 1.27538 
v 0.0603234 1.11442 1.27781 
v 0.0419684 1.112 1.27983 
v 0.0235484 1.10978 1.28143 
v 0.00507495 1.10774 1.28261 
v -0.0134405 1.10589 1.28337 
v -0.0319865 1.10424 1.2837 
v -0.0505515 1.10277 1.28361 
v -0.0691239 1.1015 1.28311 
v -0.0876922 1.10043 1.28217 
v -0.106245 1.09955 1.28082 
v -0.12477 1.09886 1.27905 
v -0.143257 1.09837 1.27686 
v -0.161694 1.09808 1.27425 
v -0.180069 1.09798 1.27122 
v -0.198371 1.09808 1.26778 
v -0.216588 1.09837 1.26393 
v -0.23471 1.09886 1.25966 
v -0.252724 1.09955 1.25499 
v -0.270621 1.10043 1.24992 
v -0.288388 1.1015 1.24444 
v -0.306014 1.10277 1.23857 
v -0.323489 1.10424 1.2323 
v -0.340802 1.10589 1.22564 
v -0.357942 1.10774 1.2186 
v -0.374899 1.10978 1.21117 
v -0.391661 1.112 1.20337 
v -0.408218 1.11442 1.1952 
v -0.424561 1.11702 1.18666 
v -0.440679 1.1198 1.17775 
v -0.456561 1.12277 1.16849 
v -0.472199 1.12591 1.15888 
v -0.487582 1.12924 1.14892 
v -0.5027 1.13274 1.13863 
v -0.517545 1.13642 1.12801 
v -0.514733 1.11603 1.11706 
v 0.167227 1.15298 1.26781 
v 0.186038 1.13642 1.25207 
v 0.149465 1.14947 1.27232 
v 0.131569 1.14614 1.27643 
v 0.113552 1.14298 1.28012 
v 0.0954244 1.14001 1.28339 
v 0.0771975 1.13722 1.28625 
v 0.0588827 1.13462 1.28869 
v 0.0404914 1.1322 1.29072 
v 0.022035 1.12997 1.29232 
v 0.00352498 1.12793 1.2935 
v -0.0150271 1.12608 1.29426 
v -0.0336098 1.12442 1.29459 
v -0.0522115 1.12295 1.29451 
v -0.0708206 1.12168 1.294 
v -0.0894257 1.1206 1.29306 
v -0.108015 1.11972 1.29171 
v -0.126577 1.11903 1.28993 
v -0.1451 1.11854 1.28773 
v -0.163574 1.11825 1.28512 
v -0.181985 1.11815 1.28209 
v -0.200323 1.11825 1.27864 
v -0.218576 1.11854 1.27478 
v -0.236734 1.11903 1.27051 
v -0.254784 1.11972 1.26583 
v -0.272716 1.1206 1.26074 
v -0.290518 1.12168 1.25526 
v -0.308179 1.12295 1.24937 
v -0.325689 1.12442 1.24309 
v -0.343036 1.12608 1.23642 
v -0.36021 1.12793 1.22936 
v -0.3772 1.12997 1.22192 
v -0.393995 1.1322 1.2141 
v -0.410586 1.13462 1.20591 
v -0.426961 1.13722 1.19735 
v -0.44311 1.14001 1.18843 
v -0.459024 1.14298 1.17915 
v -0.474693 1.14614 1.16952 
v -0.490106 1.14947 1.15955 
v -0.505255 1.15298 1.14924 
v -0.520129 1.15666 1.13859 
v 0.165918 1.17307 1.27824 
v 0.184846 1.15666 1.2629 
v 0.148129 1.16956 1.28275 
v 0.130206 1.16622 1.28686 
v 0.112161 1.16306 1.29056 
v 0.094006 1.16009 1.29384 
v 0.0757513 1.15729 1.2967 
v 0.0574085 1.15468 1.29915 
v 0.0389891 1.15226 1.30117 
v 0.0205046 1.15003 1.30278 
v 0.00196634 1.14798 1.30396 
v -0.0166141 1.14613 1.30472 
v -0.0352251 1.14447 1.30506 
v -0.0538552 1.143 1.30497 
v -0.0724927 1.14173 1.30446 
v -0.0911261 1.14065 1.30352 
v -0.109744 1.13976 1.30217 
v -0.128334 1.13908 1.30039 
v -0.146886 1.13858 1.29819 
v -0.165387 1.13829 1.29557 
v -0.183826 1.13819 1.29253 
v -0.202193 1.13829 1.28908 
v -0.220474 1.13858 1.28521 
v -0.238659 1.13908 1.28093 
v -0.256737 1.13976 1.27625 
v -0.274696 1.14065 1.27116 
v -0.292525 1.14173 1.26566 
v -0.310214 1.143 1.25977 
v -0.32775 1.14447 1.25348 
v -0.345124 1.14613 1.2468 
v -0.362324 1.14798 1.23973 
v -0.37934 1.15003 1.23228 
v -0.396161 1.15226 1.22445 
v -0.412776 1.15468 1.21624 
v -0.429176 1.15729 1.20767 
v -0.44535 1.16009 1.19874 
v -0.461289 1.16306 1.18944 
v -0.476981 1.16622 1.1798 
v -0.492418 1.16956 1.16981 
v -0.50759 1.17307 1.15948 
v -0.522487 1.17677 1.14881 
v 0.164529 1.19303 1.28825 
v 0.183564 1.17677 1.27331 
v 0.14672 1.18951 1.29277 
v 0.128778 1.18617 1.29688 
v 0.110713 1.18301 1.30058 
v 0.0925384 1.18003 1.30387 
v 0.0742639 1.17723 1.30674 
v 0.0559014 1.17462 1.30918 
v 0.037462 1.1722 1.31121 
v 0.0189575 1.16996 1.31282 
v 0.00039918 1.16791 1.314 
v -0.0182013 1.16606 1.31476 
v -0.0368325 1.16439 1.3151 
v -0.0554827 1.16292 1.31501 
v -0.0741404 1.16165 1.3145 
v -0.092794 1.16057 1.31356 
v -0.111432 1.15968 1.31221 
v -0.130042 1.15899 1.31042 
v -0.148614 1.1585 1.30822 
v -0.167135 1.15821 1.3056 
v -0.185595 1.15811 1.30256 
v -0.203981 1.15821 1.2991 
v -0.222282 1.1585 1.29523 
v -0.240487 1.15899 1.29095 
v -0.258584 1.15968 1.28626 
v -0.276562 1.16057 1.28116 
v -0.294411 1.16165 1.27566 
v -0.312119 1.16292 1.26976 
v -0.329674 1.16439 1.26346 
v -0.347067 1.16606 1.25677 
v -0.364285 1.16791 1.2497 
v -0.38132 1.16996 1.24224 
v -0.398159 1.1722 1.2344 
v -0.414792 1.17462 1.22619 
v -0.43121 1.17723 1.21761 
v -0.447402 1.18003 1.20866 
v -0.463357 1.18301 1.19936 
v -0.479067 1.18617 1.1897 
v -0.49452 1.18951 1.1797 
v -0.509708 1.19303 1.16936 
v -0.524621 1.19672 1.15869 
v 0.180735 1.21654 1.29292 
v 0.182194 1.19672 1.28332 
v 0.163059 1.21285 1.29786 
v 0.145239 1.20933 1.30238 
v 0.127285 1.20598 1.3065 
v 0.109209 1.20282 1.3102 
v 0.0910224 1.19984 1.31349 
v 0.0727361 1.19704 1.31635 
v 0.0543617 1.19442 1.3188 
v 0.0359105 1.192 1.32083 
v 0.017394 1.18976 1.32244 
v -0.00117633 1.18771 1.32363 
v -0.0197889 1.18586 1.32439 
v -0.0384321 1.18419 1.32472 
v -0.0570943 1.18272 1.32464 
v -0.0757641 1.18145 1.32412 
v -0.0944297 1.18036 1.32319 
v -0.11308 1.17948 1.32183 
v -0.131702 1.17879 1.32005 
v -0.150286 1.1783 1.31784 
v -0.168819 1.178 1.31522 
v -0.18729 1.1779 1.31218 
v -0.205688 1.178 1.30872 
v -0.224001 1.1783 1.30484 
v -0.242218 1.17879 1.30056 
v -0.260327 1.17948 1.29586 
v -0.278317 1.18036 1.29076 
v -0.296177 1.18145 1.28526 
v -0.313896 1.18272 1.27935 
v -0.331463 1.18419 1.27305 
v -0.348867 1.18586 1.26636 
v -0.366096 1.18771 1.25928 
v -0.383142 1.18976 1.25182 
v -0.399992 1.192 1.24397 
v -0.416636 1.19442 1.23575 
v -0.433064 1.19704 1.22717 
v -0.449266 1.19984 1.21822 
v -0.465232 1.20282 1.20891 
v -0.480952 1.20598 1.19925 
v -0.496415 1.20933 1.18924 
v -0.511613 1.21285 1.17889 
v -0.526536 1.21654 1.16821 
v -0.53859 1.1953 1.14495 
vn 0.0733869 -0.906308 -0.416198 
vn 0.931558 0.211309 -0.295886 
vn 0.980076 -0.177742 0.088653 
vn 0.0733869 -0.906308 -0.416198 
vn -0.332775 0.371152 -0.866895 
vn -0.35611 0.365998 -0.859785 
vn -0.357152 0.379305 -0.853563 
vn -0.333819 0.384459 -0.860672 
vn -0.31028 0.389382 -0.867242 
vn -0.309233 0.376076 -0.873465 
vn -0.286549 0.394071 -0.873269 
vn -0.261587 0.385219 -0.884974 
vn -0.285499 0.380766 -0.879493 
vn -0.237513 0.389433 -0.889904 
vn -0.262639 0.398524 -0.878749 
vn -0.238568 0.402737 -0.883679 
vn -0.214349 0.406708 -0.888056 
vn -0.213291 0.393404 -0.894282 
vn -0.189997 0.410435 -0.891877 
vn -0.164465 0.400611 -0.901367 
vn -0.188936 0.397131 -0.898103 
vn -0.165527 0.413914 -0.89514 
vn -0.140956 0.417145 -0.897843 
vn -0.13989 0.403843 -0.90407 
vn -0.116297 0.420125 -0.899983 
vn -0.115229 0.406823 -0.906211 
vn -0.0915674 0.422852 -0.901561 
vn -0.0904965 0.40955 -0.907788 
vn -0.066781 0.425324 -0.902574 
vn -0.0408776 0.414239 -0.90925 
vn -0.0657075 0.412022 -0.908801 
vn -0.0419539 0.42754 -0.903022 
vn -0.0171013 0.429499 -0.902905 
vn 0.00884293 0.417898 -0.908451 
vn -0.0160223 0.416198 -0.909133 
vn 0.00776126 0.431199 -0.902223 
vn 0.0326183 0.432639 -0.900977 
vn 0.0337027 0.419338 -0.907204 
vn 0.0574544 0.433819 -0.899166 
vn 0.0585415 0.420518 -0.905393 
vn 0.0822541 0.434737 -0.896793 
vn 0.108094 0.422093 -0.900085 
vn 0.0833439 0.421437 -0.90302 
vn 0.107002 0.435394 -0.893858 
vn 0.131683 0.435788 -0.890364 
vn 0.157379 0.422618 -0.892539 
vn 0.132778 0.422487 -0.896591 
vn 0.156281 0.435919 -0.886313 
vn 0.180781 0.435788 -0.881707 
vn 0.181882 0.422487 -0.887932 
vn 0.205169 0.435394 -0.876549 
vn 0.206272 0.422093 -0.882774 
vn 0.229428 0.434737 -0.870842 
vn 0.254652 0.420518 -0.870814 
vn 0.230533 0.421437 -0.877066 
vn 0.253544 0.433819 -0.864591 
vn 0.277501 0.432639 -0.857797 
vn 0.302399 0.417898 -0.856689 
vn 0.278612 0.419338 -0.86402 
vn 0.301285 0.431199 -0.850467 
vn 0.324882 0.429499 -0.842605 
vn 0.325998 0.416198 -0.848826 
vn 0.348276 0.42754 -0.834214 
vn 0.349394 0.414239 -0.840434 
vn 0.371452 0.425324 -0.825302 
vn 0.372573 0.412022 -0.831521 
vn 0.394397 0.422852 -0.815872 
vn 0.418222 0.406823 -0.812149 
vn 0.395521 0.40955 -0.82209 
vn 0.417096 0.420125 -0.805932 
vn 0.439535 0.417145 -0.795486 
vn 0.440664 0.403843 -0.801702 
vn 0.461701 0.413914 -0.784543 
vn 0.462832 0.400611 -0.790757 
vn 0.483578 0.410435 -0.773108 
vn 0.484712 0.397131 -0.779321 
vn 0.505155 0.406708 -0.761188 
vn 0.527554 0.389433 -0.755002 
vn 0.50629 0.393404 -0.7674 
vn 0.526416 0.402737 -0.748792 
vn 0.54735 0.398524 -0.735926 
vn 0.54849 0.385219 -0.742135 
vn 0.567943 0.394071 -0.722599 
vn 0.589327 0.376076 -0.715025 
vn 0.569085 0.380766 -0.728807 
vn 0.588182 0.389382 -0.708819 
vn 0.608055 0.384459 -0.694594 
vn 0.609202 0.371152 -0.700799 
vn 0.627549 0.379305 -0.679934 
vn -0.358097 0.392249 -0.847294 
vn -0.334772 0.397401 -0.854401 
vn -0.31124 0.402322 -0.860968 
vn -0.287516 0.40701 -0.866993 
vn -0.263614 0.411461 -0.872472 
vn -0.23955 0.415673 -0.8774 
vn -0.215339 0.419643 -0.881776 
vn -0.190994 0.423368 -0.885596 
vn -0.166533 0.426847 -0.888858 
vn -0.141969 0.430077 -0.89156 
vn -0.117318 0.433056 -0.8937 
vn -0.0925962 0.435782 -0.895277 
vn -0.0678177 0.438253 -0.896289 
vn -0.0429984 0.440469 -0.896738 
vn -0.0181537 0.442427 -0.896621 
vn 0.006701 0.444126 -0.895939 
vn 0.0315502 0.445566 -0.894693 
vn 0.0563784 0.446745 -0.892883 
vn 0.0811703 0.447663 -0.89051 
vn 0.10591 0.44832 -0.887577 
vn 0.130583 0.448713 -0.884084 
vn 0.155174 0.448845 -0.880034 
vn 0.179666 0.448713 -0.875429 
vn 0.204046 0.44832 -0.870273 
vn 0.228297 0.447663 -0.864568 
vn 0.252406 0.446745 -0.858318 
vn 0.276356 0.445566 -0.851527 
vn 0.300132 0.444126 -0.844199 
vn 0.323721 0.442427 -0.836339 
vn 0.347108 0.440469 -0.827951 
vn 0.370277 0.438253 -0.819042 
vn 0.393215 0.435782 -0.809615 
vn 0.415907 0.433056 -0.799678 
vn 0.438339 0.430077 -0.789236 
vn 0.460497 0.426847 -0.778296 
vn 0.482368 0.423368 -0.766864 
vn 0.503937 0.419643 -0.754948 
vn 0.525192 0.415673 -0.742556 
vn 0.546119 0.411461 -0.729694 
vn 0.566706 0.40701 -0.716371 
vn 0.586938 0.402322 -0.702595 
vn 0.606805 0.397401 -0.688375 
vn -0.335643 0.410086 -0.848041 
vn -0.312123 0.415005 -0.854605 
vn -0.288411 0.41969 -0.860627 
vn -0.264522 0.424139 -0.866103 
vn -0.24047 0.428349 -0.871029 
vn -0.216271 0.432317 -0.875402 
vn -0.19194 0.43604 -0.87922 
vn -0.167491 0.439517 -0.88248 
vn -0.14294 0.442745 -0.885181 
vn -0.118302 0.445722 -0.88732 
vn -0.0935922 0.448447 -0.888896 
vn -0.0688265 0.450917 -0.889908 
vn -0.04402 0.453132 -0.890356 
vn -0.0191881 0.455089 -0.890239 
vn 0.0056538 0.456787 -0.889558 
vn 0.0304902 0.458226 -0.888312 
vn 0.0553056 0.459405 -0.886503 
vn 0.0800847 0.460323 -0.884132 
vn 0.104812 0.460978 -0.8812 
vn 0.129472 0.461372 -0.877709 
vn 0.15405 0.461503 -0.873661 
vn 0.17853 0.461372 -0.869059 
vn 0.202897 0.460978 -0.863905 
vn 0.227136 0.460323 -0.858203 
vn 0.251232 0.459405 -0.851956 
vn 0.275169 0.458226 -0.845169 
vn 0.298934 0.456787 -0.837845 
vn 0.322511 0.455089 -0.829989 
vn 0.345885 0.453132 -0.821605 
vn 0.369042 0.450917 -0.8127 
vn 0.391968 0.448447 -0.803278 
vn 0.414649 0.445722 -0.793346 
vn 0.437069 0.442745 -0.78291 
vn 0.459216 0.439517 -0.771975 
vn 0.481075 0.43604 -0.760549 
vn 0.502634 0.432317 -0.74864 
vn 0.523878 0.428349 -0.736254 
vn 0.544794 0.424139 -0.723398 
vn 0.56537 0.41969 -0.710082 
vn 0.585592 0.415005 -0.696314 
vn -0.336436 0.422514 -0.841601 
vn -0.312932 0.42743 -0.848161 
vn -0.289237 0.432112 -0.854179 
vn -0.265365 0.436558 -0.85965 
vn -0.24133 0.440764 -0.864573 
vn -0.217148 0.444729 -0.868943 
vn -0.192834 0.44845 -0.872759 
vn -0.168402 0.451925 -0.876016 
vn -0.143869 0.45515 -0.878715 
vn -0.119248 0.458126 -0.880852 
vn -0.094556 0.460848 -0.882427 
vn -0.0698077 0.463317 -0.883439 
vn -0.0450187 0.46553 -0.883887 
vn -0.0202043 0.467485 -0.88377 
vn 0.00461998 0.469183 -0.883089 
vn 0.0294388 0.470621 -0.881844 
vn 0.0542367 0.471799 -0.880037 
vn 0.0789983 0.472716 -0.877667 
vn 0.103708 0.473371 -0.874737 
vn 0.128351 0.473764 -0.871248 
vn 0.152911 0.473895 -0.867203 
vn 0.177374 0.473764 -0.862604 
vn 0.201724 0.473371 -0.857454 
vn 0.225946 0.472716 -0.851756 
vn 0.250024 0.471799 -0.845514 
vn 0.273945 0.470621 -0.838731 
vn 0.297693 0.469183 -0.831412 
vn 0.321253 0.467485 -0.823562 
vn 0.344611 0.46553 -0.815184 
vn 0.367752 0.463317 -0.806285 
vn 0.390661 0.460848 -0.79687 
vn 0.413326 0.458126 -0.786945 
vn 0.43573 0.45515 -0.776516 
vn 0.457862 0.451925 -0.765589 
vn 0.479706 0.44845 -0.754172 
vn 0.501249 0.444729 -0.74227 
vn 0.522478 0.440764 -0.729893 
vn 0.543379 0.436558 -0.717047 
vn 0.56394 0.432112 -0.70374 
vn 0.605448 0.410086 -0.682101 
vn 0.584148 0.42743 -0.689981 
vn -0.337152 0.434687 -0.83509 
vn -0.31367 0.439598 -0.841644 
vn -0.289996 0.444276 -0.847656 
vn -0.266145 0.448718 -0.853123 
vn -0.242132 0.452921 -0.858041 
vn -0.217971 0.456882 -0.862408 
vn -0.193679 0.4606 -0.86622 
vn -0.169269 0.464071 -0.869475 
vn -0.144757 0.467294 -0.872171 
vn -0.120158 0.470267 -0.874306 
vn -0.0954879 0.472987 -0.87588 
vn -0.0707617 0.475453 -0.876891 
vn -0.0459948 0.477664 -0.877338 
vn -0.0212025 0.479618 -0.877221 
vn 0.00359977 0.481314 -0.876541 
vn 0.0283965 0.482751 -0.875297 
vn 0.0531724 0.483928 -0.873491 
vn 0.0779119 0.484844 -0.871124 
vn 0.1026 0.485498 -0.868196 
vn 0.127221 0.485891 -0.864711 
vn 0.151759 0.486022 -0.860669 
vn 0.1762 0.485891 -0.856074 
vn 0.200528 0.485498 -0.850929 
vn 0.224729 0.484844 -0.845236 
vn 0.248786 0.483928 -0.838999 
vn 0.272685 0.482751 -0.832223 
vn 0.296412 0.481314 -0.82491 
vn 0.319951 0.479618 -0.817067 
vn 0.343288 0.477664 -0.808697 
vn 0.366408 0.475453 -0.799806 
vn 0.389298 0.472987 -0.790399 
vn 0.411942 0.470267 -0.780483 
vn 0.434327 0.467294 -0.770063 
vn 0.456438 0.464071 -0.759146 
vn 0.478263 0.4606 -0.747738 
vn 0.499787 0.456882 -0.735848 
vn 0.520997 0.452921 -0.723481 
vn 0.54188 0.448718 -0.710647 
vn 0.562423 0.444276 -0.697352 
vn 0.603991 0.422514 -0.675779 
vn 0.582613 0.439598 -0.683605 
vn -0.337796 0.446606 -0.828515 
vn -0.314339 0.451512 -0.835062 
vn -0.29069 0.456185 -0.841068 
vn -0.266864 0.460622 -0.846529 
vn -0.242877 0.46482 -0.851442 
vn -0.218742 0.468777 -0.855804 
vn -0.194475 0.472491 -0.859611 
vn -0.170091 0.475959 -0.862863 
vn -0.145605 0.479178 -0.865556 
vn -0.121033 0.482148 -0.867689 
vn -0.0963889 0.484865 -0.869261 
vn -0.071689 0.487329 -0.870271 
vn -0.0469484 0.489537 -0.870718 
vn -0.0221825 0.491489 -0.870601 
vn 0.00259336 0.493183 -0.869922 
vn 0.0273637 0.494618 -0.868679 
vn 0.0521132 0.495794 -0.866875 
vn 0.0768264 0.496709 -0.86451 
vn 0.101488 0.497363 -0.861586 
vn 0.126083 0.497756 -0.858104 
vn 0.150595 0.497886 -0.854067 
vn 0.17501 0.497756 -0.849477 
vn 0.199312 0.497363 -0.844337 
vn 0.223487 0.496709 -0.83865 
vn 0.247518 0.495794 -0.83242 
vn 0.271392 0.494618 -0.825651 
vn 0.295094 0.493183 -0.818346 
vn 0.318608 0.491489 -0.810511 
vn 0.34192 0.489537 -0.80215 
vn 0.365016 0.487329 -0.793268 
vn 0.387881 0.484865 -0.783872 
vn 0.410501 0.482148 -0.773966 
vn 0.432862 0.479178 -0.763557 
vn 0.45495 0.475959 -0.752651 
vn 0.476751 0.472491 -0.741256 
vn 0.498252 0.468777 -0.729378 
vn 0.51944 0.46482 -0.717025 
vn 0.5403 0.460622 -0.704204 
vn 0.560821 0.456185 -0.690923 
vn 0.602437 0.434687 -0.669415 
vn 0.58099 0.451512 -0.677191 
vn -0.314941 0.463172 -0.828423 
vn -0.291321 0.467839 -0.834421 
vn -0.267525 0.472271 -0.839875 
vn -0.243567 0.476464 -0.844782 
vn -0.219462 0.480417 -0.849139 
vn -0.195224 0.484126 -0.852942 
vn -0.170871 0.487589 -0.856189 
vn -0.146415 0.490805 -0.858879 
vn -0.121873 0.49377 -0.86101 
vn -0.0972593 0.496484 -0.86258 
vn -0.0725899 0.498945 -0.863588 
vn -0.0478798 0.501151 -0.864034 
vn -0.0231444 0.5031 -0.863918 
vn 0.00160092 0.504792 -0.863239 
vn 0.0263407 0.506226 -0.861999 
vn 0.0510597 0.5074 -0.860197 
vn 0.0757425 0.508314 -0.857835 
vn 0.100374 0.508967 -0.854914 
vn 0.124938 0.509359 -0.851436 
vn 0.14942 0.50949 -0.847404 
vn 0.173805 0.509359 -0.84282 
vn 0.198077 0.508967 -0.837686 
vn 0.222222 0.508314 -0.832006 
vn 0.246224 0.5074 -0.825784 
vn 0.270069 0.506226 -0.819023 
vn 0.293741 0.504792 -0.811727 
vn 0.317226 0.5031 -0.803902 
vn 0.340509 0.501151 -0.795551 
vn 0.363577 0.498945 -0.78668 
vn 0.386414 0.496484 -0.777295 
vn 0.409006 0.49377 -0.767402 
vn 0.431339 0.490805 -0.757006 
vn 0.4534 0.487589 -0.746114 
vn 0.475174 0.484126 -0.734732 
vn 0.496649 0.480417 -0.722869 
vn 0.51781 0.476464 -0.710531 
vn 0.538645 0.472271 -0.697726 
vn 0.559141 0.467839 -0.684462 
vn -0.315478 0.474582 -0.821733 
vn -0.291891 0.479243 -0.827723 
vn -0.268128 0.483668 -0.83317 
vn -0.244204 0.487855 -0.83807 
vn -0.220132 0.491802 -0.842421 
vn -0.195929 0.495506 -0.846218 
vn -0.171609 0.498965 -0.849461 
vn -0.147187 0.502176 -0.852147 
vn -0.122679 0.505137 -0.854275 
vn -0.0981 0.507848 -0.855843 
vn -0.0734649 0.510305 -0.85685 
vn -0.0487892 0.512508 -0.857296 
vn -0.0240883 0.514454 -0.857179 
vn 0.00062258 0.516144 -0.856502 
vn 0.025328 0.517576 -0.855263 
vn 0.0500125 0.518748 -0.853463 
vn 0.0746609 0.519661 -0.851104 
vn 0.0992578 0.520313 -0.848188 
vn 0.123788 0.520704 -0.844715 
vn 0.148236 0.520835 -0.840688 
vn 0.172587 0.520704 -0.83611 
vn 0.196825 0.520313 -0.830984 
vn 0.220937 0.519661 -0.825312 
vn 0.244905 0.518748 -0.819098 
vn 0.268717 0.517576 -0.812347 
vn 0.292356 0.516144 -0.805061 
vn 0.315808 0.514454 -0.797246 
vn 0.339059 0.512508 -0.788907 
vn 0.362094 0.510305 -0.780049 
vn 0.384899 0.507848 -0.770677 
vn 0.40746 0.505137 -0.760797 
vn 0.429762 0.502176 -0.750416 
vn 0.451792 0.498965 -0.739539 
vn 0.473537 0.495506 -0.728174 
vn 0.494981 0.491802 -0.716327 
vn 0.516113 0.487855 -0.704006 
vn 0.536919 0.483668 -0.691219 
vn 0.579285 0.463172 -0.670747 
vn 0.557386 0.479243 -0.677973 
vn -0.315954 0.485743 -0.815001 
vn -0.292404 0.490397 -0.820982 
vn -0.268677 0.494815 -0.82642 
vn -0.244789 0.498996 -0.831313 
vn -0.220755 0.502937 -0.835656 
vn -0.196589 0.506635 -0.839448 
vn -0.172307 0.510089 -0.842686 
vn -0.147923 0.513295 -0.845368 
vn -0.123453 0.516252 -0.847493 
vn -0.0989116 0.518958 -0.849058 
vn -0.0743145 0.521411 -0.850063 
vn -0.049677 0.52361 -0.850508 
vn -0.0250142 0.525554 -0.850392 
vn -0.000341553 0.527241 -0.849716 
vn 0.0243256 0.528671 -0.848478 
vn 0.0489721 0.529841 -0.846682 
vn 0.0735824 0.530752 -0.844327 
vn 0.0981413 0.531404 -0.841415 
vn 0.122633 0.531795 -0.837947 
vn 0.147044 0.531925 -0.833927 
vn 0.171357 0.531795 -0.829356 
vn 0.195558 0.531404 -0.824237 
vn 0.219632 0.530752 -0.818574 
vn 0.243564 0.529841 -0.81237 
vn 0.267338 0.528671 -0.805629 
vn 0.290941 0.527241 -0.798355 
vn 0.314357 0.525554 -0.790552 
vn 0.337572 0.52361 -0.782226 
vn 0.360572 0.521411 -0.773381 
vn 0.383341 0.518958 -0.764024 
vn 0.405867 0.516252 -0.754159 
vn 0.428135 0.513295 -0.743794 
vn 0.450131 0.510089 -0.732934 
vn 0.471842 0.506635 -0.721586 
vn 0.493253 0.502937 -0.709757 
vn 0.514352 0.498996 -0.697456 
vn 0.535126 0.494815 -0.684688 
vn 0.577502 0.474582 -0.664277 
vn 0.555562 0.490397 -0.671463 
vn -0.31637 0.496659 -0.808232 
vn -0.292859 0.501305 -0.814203 
vn -0.269173 0.505716 -0.819632 
vn -0.245326 0.50989 -0.824517 
vn -0.221332 0.513824 -0.828853 
vn -0.197207 0.517516 -0.832638 
vn -0.172966 0.520963 -0.835871 
vn -0.148623 0.524164 -0.838548 
vn -0.124194 0.527116 -0.840669 
vn -0.0996947 0.529818 -0.842232 
vn -0.0751393 0.532267 -0.843236 
vn -0.0505434 0.534462 -0.84368 
vn -0.0259223 0.536403 -0.843564 
vn -0.0012914 0.538087 -0.842888 
vn 0.0233341 0.539514 -0.841653 
vn 0.0479388 0.540683 -0.83986 
vn 0.0725075 0.541592 -0.837508 
vn 0.0970248 0.542242 -0.834601 
vn 0.121476 0.542633 -0.83114 
vn 0.145845 0.542763 -0.827126 
vn 0.170117 0.542633 -0.822563 
vn 0.194277 0.542242 -0.817453 
vn 0.21831 0.541592 -0.8118 
vn 0.242201 0.540683 -0.805606 
vn 0.265936 0.539514 -0.798876 
vn 0.289498 0.538087 -0.791614 
vn 0.312875 0.536403 -0.783825 
vn 0.336051 0.534462 -0.775513 
vn 0.359011 0.532267 -0.766683 
vn 0.381743 0.529818 -0.757341 
vn 0.40423 0.527116 -0.747494 
vn 0.42646 0.524164 -0.737146 
vn 0.448419 0.520963 -0.726304 
vn 0.470093 0.517516 -0.714975 
vn 0.491468 0.513824 -0.703167 
vn 0.512532 0.50989 -0.690886 
vn 0.533271 0.505716 -0.67814 
vn 0.575646 0.485743 -0.657788 
vn 0.553672 0.501305 -0.664937 
vn -0.316729 0.507333 -0.801434 
vn -0.293261 0.51197 -0.807394 
vn -0.269618 0.516373 -0.812813 
vn -0.245815 0.520539 -0.817688 
vn -0.221865 0.524466 -0.822017 
vn -0.197784 0.528151 -0.825795 
vn -0.173587 0.531592 -0.829022 
vn -0.149289 0.534787 -0.831694 
vn -0.124905 0.537734 -0.833811 
vn -0.10045 0.54043 -0.835371 
vn -0.0759396 0.542875 -0.836373 
vn -0.0513888 0.545067 -0.836816 
vn -0.0268128 0.547004 -0.836701 
vn -0.00222692 0.548685 -0.836026 
vn 0.0223535 0.550109 -0.834794 
vn 0.0469132 0.551275 -0.833003 
vn 0.0714369 0.552184 -0.830656 
vn 0.0959094 0.552833 -0.827755 
vn 0.120315 0.553222 -0.824299 
vn 0.14464 0.553352 -0.820293 
vn 0.168868 0.553222 -0.815738 
vn 0.192983 0.552833 -0.810638 
vn 0.216973 0.552184 -0.804995 
vn 0.24082 0.551275 -0.798812 
vn 0.264511 0.550109 -0.792095 
vn 0.28803 0.548685 -0.784846 
vn 0.311364 0.547004 -0.777071 
vn 0.334498 0.545067 -0.768774 
vn 0.357416 0.542875 -0.759961 
vn 0.380106 0.54043 -0.750636 
vn 0.402552 0.537734 -0.740806 
vn 0.424742 0.534787 -0.730477 
vn 0.446661 0.531592 -0.719655 
vn 0.468295 0.528151 -0.708348 
vn 0.489631 0.524466 -0.696561 
vn 0.510656 0.520539 -0.684302 
vn 0.531357 0.516373 -0.671579 
vn 0.573722 0.496659 -0.651285 
vn 0.55172 0.51197 -0.658401 
vn -0.293611 0.522395 -0.80056 
vn -0.270015 0.526789 -0.805968 
vn -0.246258 0.530947 -0.810834 
vn -0.222355 0.534867 -0.815154 
vn -0.198321 0.538545 -0.818925 
vn -0.174172 0.541979 -0.822145 
vn -0.149921 0.545167 -0.824813 
vn -0.125585 0.548108 -0.826925 
vn -0.101178 0.550799 -0.828482 
vn -0.0767161 0.553239 -0.829482 
vn -0.0522134 0.555427 -0.829925 
vn -0.0276857 0.55736 -0.829809 
vn -0.00314808 0.559038 -0.829136 
vn 0.0213841 0.560459 -0.827906 
vn 0.0458955 0.561623 -0.826119 
vn 0.0703711 0.56253 -0.823777 
vn 0.0947955 0.563177 -0.820881 
vn 0.119154 0.563566 -0.817432 
vn 0.14343 0.563696 -0.813434 
vn 0.16761 0.563566 -0.808888 
vn 0.191679 0.563177 -0.803797 
vn 0.215621 0.56253 -0.798165 
vn 0.239422 0.561623 -0.791995 
vn 0.263066 0.560459 -0.785291 
vn 0.28654 0.559038 -0.778057 
vn 0.309828 0.55736 -0.770297 
vn 0.332915 0.555427 -0.762016 
vn 0.355789 0.553239 -0.75322 
vn 0.378434 0.550799 -0.743914 
vn 0.400837 0.548108 -0.734103 
vn 0.422983 0.545167 -0.723794 
vn 0.444858 0.541979 -0.712994 
vn 0.46645 0.538545 -0.701708 
vn 0.487744 0.534867 -0.689944 
vn 0.508728 0.530947 -0.67771 
vn 0.529388 0.526789 -0.665012 
vn -0.293911 0.532584 -0.793707 
vn -0.270364 0.536969 -0.799104 
vn -0.246656 0.541118 -0.80396 
vn -0.222804 0.545029 -0.808271 
vn -0.19882 0.548699 -0.812034 
vn -0.174721 0.552127 -0.815248 
vn -0.150522 0.555308 -0.817909 
vn -0.126236 0.558243 -0.820018 
vn -0.10188 0.560929 -0.821571 
vn -0.0774692 0.563364 -0.822569 
vn -0.0530177 0.565546 -0.823011 
vn -0.0285412 0.567475 -0.822896 
vn -0.00405489 0.56915 -0.822224 
vn 0.020426 0.570568 -0.820996 
vn 0.0448863 0.57173 -0.819213 
vn 0.0693107 0.572634 -0.816876 
vn 0.0936841 0.573281 -0.813986 
vn 0.117991 0.573669 -0.810544 
vn 0.142217 0.573798 -0.806554 
vn 0.166347 0.573669 -0.802018 
vn 0.190365 0.573281 -0.796938 
vn 0.214257 0.572634 -0.791318 
vn 0.238008 0.57173 -0.78516 
vn 0.261603 0.570568 -0.77847 
vn 0.285027 0.56915 -0.771251 
vn 0.308267 0.567475 -0.763507 
vn 0.331307 0.565546 -0.755244 
vn 0.354132 0.563364 -0.746466 
vn 0.37673 0.560929 -0.737179 
vn 0.399086 0.558243 -0.727389 
vn 0.421186 0.555308 -0.717102 
vn 0.443015 0.552127 -0.706324 
vn 0.464562 0.548699 -0.695062 
vn 0.485812 0.545029 -0.683323 
vn 0.506752 0.541118 -0.671114 
vn 0.549712 0.522395 -0.651859 
vn 0.527369 0.536969 -0.658443 
vn -0.294163 0.542539 -0.786841 
vn -0.270668 0.546915 -0.792227 
vn -0.247013 0.551055 -0.797071 
vn -0.223213 0.554957 -0.801373 
vn -0.199282 0.55862 -0.805128 
vn -0.175237 0.562039 -0.808334 
vn -0.15109 0.565214 -0.81099 
vn -0.126859 0.568142 -0.813094 
vn -0.102557 0.570822 -0.814644 
vn -0.0781994 0.573251 -0.815639 
vn -0.053802 0.575429 -0.81608 
vn -0.0293796 0.577354 -0.815965 
vn -0.00494736 0.579025 -0.815295 
vn 0.0194794 0.58044 -0.81407 
vn 0.0438857 0.581599 -0.812291 
vn 0.0682561 0.582502 -0.809959 
vn 0.0925757 0.583147 -0.807075 
vn 0.116829 0.583534 -0.803641 
vn 0.141002 0.583663 -0.79966 
vn 0.165078 0.583534 -0.795134 
vn 0.189043 0.583147 -0.790065 
vn 0.212882 0.582502 -0.784457 
vn 0.236581 0.581599 -0.778313 
vn 0.260124 0.58044 -0.771638 
vn 0.283496 0.579025 -0.764435 
vn 0.306684 0.577354 -0.756708 
vn 0.329673 0.575429 -0.748463 
vn 0.352449 0.573251 -0.739705 
vn 0.374996 0.570822 -0.730438 
vn 0.397303 0.568142 -0.72067 
vn 0.419354 0.565214 -0.710405 
vn 0.441135 0.562039 -0.699651 
vn 0.462634 0.55862 -0.688414 
vn 0.483837 0.554957 -0.676701 
vn 0.504731 0.551055 -0.664519 
vn 0.54765 0.532584 -0.645317 
vn 0.525302 0.546915 -0.651876 
vn -0.294369 0.552266 -0.779967 
vn -0.270929 0.556631 -0.78534 
vn -0.247329 0.560762 -0.790174 
vn -0.223584 0.564655 -0.794465 
vn -0.199709 0.568309 -0.798211 
vn -0.175719 0.57172 -0.80141 
vn -0.151629 0.574888 -0.80406 
vn -0.127454 0.577809 -0.806159 
vn -0.103208 0.580483 -0.807705 
vn -0.0789074 0.582907 -0.808699 
vn -0.0545667 0.585079 -0.809138 
vn -0.030201 0.587 -0.809024 
vn -0.00582554 0.588666 -0.808355 
vn 0.0185445 0.590079 -0.807133 
vn 0.042894 0.591235 -0.805358 
vn 0.0672079 0.592135 -0.803031 
vn 0.0914709 0.592779 -0.800154 
vn 0.115668 0.593165 -0.796728 
vn 0.139784 0.593294 -0.792756 
vn 0.163805 0.593165 -0.788241 
vn 0.187714 0.592779 -0.783184 
vn 0.211498 0.592135 -0.777589 
vn 0.235141 0.591235 -0.771459 
vn 0.25863 0.590079 -0.764799 
vn 0.281948 0.588666 -0.757613 
vn 0.305082 0.587 -0.749904 
vn 0.328017 0.585079 -0.741678 
vn 0.35074 0.582907 -0.73294 
vn 0.373235 0.580483 -0.723696 
vn 0.39549 0.577809 -0.71395 
vn 0.417489 0.574888 -0.703709 
vn 0.439221 0.57172 -0.69298 
vn 0.46067 0.568309 -0.681769 
vn 0.481823 0.564655 -0.670083 
vn 0.502668 0.560762 -0.657929 
vn 0.545538 0.542539 -0.638779 
vn 0.523192 0.556631 -0.645315 
vn -0.294531 0.561767 -0.773091 
vn -0.271148 0.566122 -0.77845 
vn -0.247605 0.570243 -0.783272 
vn -0.223918 0.574126 -0.787553 
vn -0.200101 0.577771 -0.79129 
vn -0.17617 0.581174 -0.794481 
vn -0.152138 0.584334 -0.797125 
vn -0.128022 0.587248 -0.799218 
vn -0.103835 0.589915 -0.800761 
vn -0.0795936 0.592333 -0.801752 
vn -0.0553121 0.594501 -0.80219 
vn -0.0310056 0.596417 -0.802076 
vn -0.00668948 0.598079 -0.801409 
vn 0.0176213 0.599488 -0.80019 
vn 0.0419116 0.600642 -0.798419 
vn 0.0661663 0.60154 -0.796098 
vn 0.0903703 0.602182 -0.793228 
vn 0.114509 0.602567 -0.789811 
vn 0.138566 0.602695 -0.785848 
vn 0.162528 0.602567 -0.781344 
vn 0.18638 0.602182 -0.776299 
vn 0.210106 0.60154 -0.770718 
vn 0.233691 0.600642 -0.764603 
vn 0.257122 0.599488 -0.757959 
vn 0.280384 0.598079 -0.75079 
vn 0.303462 0.596417 -0.7431 
vn 0.326342 0.594501 -0.734894 
vn 0.349009 0.592333 -0.726178 
vn 0.37145 0.589915 -0.716955 
vn 0.39365 0.587248 -0.707233 
vn 0.415596 0.584334 -0.697018 
vn 0.437274 0.581174 -0.686315 
vn 0.458671 0.577771 -0.675131 
vn 0.479773 0.574126 -0.663473 
vn 0.500568 0.570243 -0.651349 
vn 0.543381 0.552266 -0.632249 
vn 0.521041 0.566122 -0.638766 
vn -0.271327 0.575391 -0.771561 
vn -0.247844 0.579501 -0.776371 
vn -0.224217 0.583375 -0.780641 
vn -0.200461 0.587011 -0.784369 
vn -0.17659 0.590405 -0.787552 
vn -0.152619 0.593557 -0.790188 
vn -0.128564 0.596464 -0.792277 
vn -0.104439 0.599124 -0.793815 
vn -0.0802586 0.601536 -0.794804 
vn -0.0560386 0.603698 -0.795241 
vn -0.0317938 0.605609 -0.795127 
vn -0.00753927 0.607267 -0.794462 
vn 0.0167099 0.608672 -0.793246 
vn 0.0409386 0.609823 -0.79148 
vn 0.0651318 0.610719 -0.789164 
vn 0.0892745 0.611359 -0.786302 
vn 0.113352 0.611743 -0.782893 
vn 0.137348 0.611872 -0.778941 
vn 0.161249 0.611743 -0.774447 
vn 0.18504 0.611359 -0.769415 
vn 0.208706 0.610719 -0.763848 
vn 0.232232 0.609823 -0.757749 
vn 0.255604 0.608672 -0.751122 
vn 0.278807 0.607267 -0.743971 
vn 0.301826 0.605609 -0.736301 
vn 0.324648 0.603698 -0.728116 
vn 0.347257 0.601536 -0.719421 
vn 0.369641 0.599124 -0.710222 
vn 0.391785 0.596464 -0.700525 
vn 0.413676 0.593557 -0.690335 
vn 0.435299 0.590405 -0.679659 
vn 0.456642 0.587011 -0.668504 
vn 0.47769 0.583375 -0.656876 
vn 0.498432 0.579501 -0.644782 
vn -0.271468 0.584442 -0.764678 
vn -0.248047 0.588542 -0.769475 
vn -0.224483 0.592405 -0.773733 
vn -0.200789 0.596031 -0.777451 
vn -0.176981 0.599417 -0.780626 
vn -0.153073 0.602561 -0.783256 
vn -0.129081 0.60546 -0.785338 
vn -0.105019 0.608113 -0.786873 
vn -0.0809029 0.610518 -0.787859 
vn -0.0567466 0.612675 -0.788295 
vn -0.0325657 0.614581 -0.788182 
vn -0.00837501 0.616235 -0.787518 
vn 0.0158103 0.617636 -0.786305 
vn 0.0399752 0.618784 -0.784544 
vn 0.0641048 0.619677 -0.782234 
vn 0.0881839 0.620316 -0.779379 
vn 0.112198 0.620699 -0.77598 
vn 0.136131 0.620827 -0.772038 
vn 0.159969 0.620699 -0.767556 
vn 0.183698 0.620316 -0.762537 
vn 0.207301 0.619677 -0.756985 
vn 0.230765 0.618784 -0.750902 
vn 0.254075 0.617636 -0.744293 
vn 0.277217 0.616235 -0.73716 
vn 0.300176 0.614581 -0.72951 
vn 0.322937 0.612675 -0.721347 
vn 0.345488 0.610518 -0.712675 
vn 0.367812 0.608113 -0.7035 
vn 0.389898 0.60546 -0.693828 
vn 0.411731 0.602561 -0.683665 
vn 0.433297 0.599417 -0.673017 
vn 0.454584 0.596031 -0.661891 
vn 0.475577 0.592405 -0.650294 
vn 0.518854 0.575391 -0.632231 
vn 0.496264 0.588542 -0.638232 
vn -0.271573 0.59328 -0.757804 
vn -0.248216 0.597369 -0.762588 
vn -0.224715 0.601222 -0.766835 
vn -0.201086 0.604838 -0.770542 
vn -0.177343 0.608214 -0.773708 
vn -0.153501 0.611349 -0.776331 
vn -0.129574 0.614241 -0.778408 
vn -0.105578 0.616886 -0.779939 
vn -0.081527 0.619285 -0.780922 
vn -0.0574366 0.621436 -0.781357 
vn -0.0333215 0.623336 -0.781243 
vn -0.00919681 0.624986 -0.780582 
vn 0.0149226 0.626384 -0.779372 
vn 0.0390217 0.627528 -0.777615 
vn 0.0630854 0.628419 -0.775312 
vn 0.0870989 0.629056 -0.772465 
vn 0.111047 0.629438 -0.769075 
vn 0.134915 0.629566 -0.765144 
vn 0.158689 0.629438 -0.760674 
vn 0.182352 0.629056 -0.755669 
vn 0.205892 0.628419 -0.750132 
vn 0.229292 0.627528 -0.744066 
vn 0.252538 0.626384 -0.737474 
vn 0.275617 0.624986 -0.730361 
vn 0.298513 0.623336 -0.722732 
vn 0.321213 0.621436 -0.714591 
vn 0.343701 0.619285 -0.705943 
vn 0.365965 0.616886 -0.696793 
vn 0.387991 0.614241 -0.687147 
vn 0.409764 0.611349 -0.677012 
vn 0.431272 0.608214 -0.666393 
vn 0.4525 0.604838 -0.655297 
vn 0.473436 0.601222 -0.643732 
vn 0.516632 0.584442 -0.625714 
vn 0.494067 0.597369 -0.631703 
vn -0.271643 0.601909 -0.750943 
vn -0.248352 0.605986 -0.755713 
vn -0.224917 0.609828 -0.759948 
vn -0.201354 0.613434 -0.763646 
vn -0.177678 0.616801 -0.766803 
vn -0.153903 0.619927 -0.769418 
vn -0.130043 0.62281 -0.771489 
vn -0.106115 0.625449 -0.773016 
vn -0.0821315 0.627841 -0.773996 
vn -0.0581089 0.629986 -0.77443 
vn -0.0340617 0.631881 -0.774317 
vn -0.0100048 0.633526 -0.773657 
vn 0.0140468 0.634919 -0.772451 
vn 0.038078 0.636061 -0.770699 
vn 0.0620741 0.636949 -0.768402 
vn 0.0860201 0.637584 -0.765563 
vn 0.109901 0.637966 -0.762182 
vn 0.133702 0.638093 -0.758262 
vn 0.157409 0.637966 -0.753805 
vn 0.181006 0.637584 -0.748815 
vn 0.204479 0.636949 -0.743293 
vn 0.227813 0.636061 -0.737243 
vn 0.250994 0.634919 -0.73067 
vn 0.274008 0.633526 -0.723578 
vn 0.296839 0.631881 -0.71597 
vn 0.319475 0.629986 -0.707852 
vn 0.341901 0.627841 -0.699228 
vn 0.364102 0.625449 -0.690104 
vn 0.386066 0.62281 -0.680485 
vn 0.407778 0.619927 -0.670379 
vn 0.429225 0.616801 -0.65979 
vn 0.450393 0.613434 -0.648725 
vn 0.471271 0.609828 -0.637192 
vn 0.51438 0.59328 -0.619219 
vn 0.491843 0.605986 -0.625197 
vn -0.27168 0.610333 -0.744099 
vn -0.248456 0.614398 -0.748856 
vn -0.225089 0.618229 -0.753079 
vn -0.201595 0.621825 -0.756765 
vn -0.177987 0.625182 -0.759913 
vn -0.15428 0.628299 -0.762521 
vn -0.13049 0.631174 -0.764586 
vn -0.106631 0.633805 -0.766108 
vn -0.0827169 0.63619 -0.767085 
vn -0.0587639 0.638328 -0.767518 
vn -0.0347863 0.640218 -0.767405 
vn -0.0107991 0.641858 -0.766747 
vn 0.0131828 0.643248 -0.765545 
vn 0.0371445 0.644386 -0.763798 
vn 0.0610711 0.645272 -0.761508 
vn 0.0849477 0.645905 -0.758677 
vn 0.108759 0.646285 -0.755306 
vn 0.132492 0.646412 -0.751397 
vn 0.156129 0.646285 -0.746953 
vn 0.179658 0.645905 -0.741977 
vn 0.203063 0.645272 -0.736471 
vn 0.22633 0.644386 -0.730439 
vn 0.249444 0.643248 -0.723885 
vn 0.272391 0.641858 -0.716813 
vn 0.295156 0.640218 -0.709227 
vn 0.317727 0.638328 -0.701133 
vn 0.340087 0.63619 -0.692534 
vn 0.362224 0.633805 -0.683436 
vn 0.384124 0.631174 -0.673846 
vn 0.405774 0.628299 -0.663768 
vn 0.427158 0.625182 -0.65321 
vn 0.448266 0.621825 -0.642177 
vn 0.469083 0.618229 -0.630677 
vn 0.512099 0.601909 -0.612748 
vn 0.489596 0.614398 -0.618717 
vn -0.271684 0.618557 -0.737275 
vn -0.248529 0.62261 -0.742018 
vn -0.225232 0.62643 -0.746228 
vn -0.201808 0.630014 -0.749904 
vn -0.17827 0.633361 -0.753042 
vn -0.154634 0.636469 -0.755642 
vn -0.130915 0.639336 -0.757701 
vn -0.107126 0.641959 -0.759219 
vn -0.0832838 0.644337 -0.760193 
vn -0.059402 0.646469 -0.760625 
vn -0.0354957 0.648353 -0.760512 
vn -0.0115799 0.649988 -0.759856 
vn 0.0123307 0.651373 -0.758657 
vn 0.0362211 0.652508 -0.756916 
vn 0.0600765 0.653391 -0.754633 
vn 0.0838821 0.654023 -0.75181 
vn 0.107623 0.654402 -0.748449 
vn 0.131285 0.654528 -0.744552 
vn 0.154852 0.654402 -0.740121 
vn 0.178311 0.654023 -0.735159 
vn 0.201646 0.653391 -0.72967 
vn 0.224844 0.652508 -0.723656 
vn 0.247889 0.651373 -0.717122 
vn 0.270768 0.649988 -0.710071 
vn 0.293466 0.648353 -0.702507 
vn 0.315969 0.646469 -0.694437 
vn 0.338263 0.644337 -0.685863 
vn 0.360334 0.641959 -0.676793 
vn 0.382169 0.639336 -0.667231 
vn 0.403754 0.636469 -0.657183 
vn 0.425075 0.633361 -0.646656 
vn 0.446119 0.630014 -0.635657 
vn 0.466874 0.62643 -0.624191 
vn 0.509792 0.610333 -0.606304 
vn 0.487326 0.62261 -0.612267 
vn -0.248574 0.630625 -0.735203 
vn -0.225348 0.634433 -0.7394 
vn -0.201995 0.638007 -0.743065 
vn -0.178529 0.641344 -0.746194 
vn -0.154966 0.644442 -0.748786 
vn -0.131318 0.6473 -0.750839 
vn -0.107602 0.649915 -0.752351 
vn -0.0838326 0.652286 -0.753323 
vn -0.0600236 0.654411 -0.753753 
vn -0.0361902 0.656289 -0.753641 
vn -0.0123473 0.65792 -0.752987 
vn 0.0114904 0.659301 -0.751791 
vn 0.0353079 0.660432 -0.750055 
vn 0.0590906 0.661313 -0.747779 
vn 0.0828236 0.661942 -0.744965 
vn 0.106492 0.66232 -0.741614 
vn 0.130082 0.662446 -0.737729 
vn 0.153577 0.66232 -0.733312 
vn 0.176964 0.661942 -0.728365 
vn 0.200229 0.661313 -0.722893 
vn 0.223355 0.660432 -0.716897 
vn 0.24633 0.659301 -0.710383 
vn 0.269139 0.65792 -0.703353 
vn 0.291768 0.656289 -0.695813 
vn 0.314202 0.654411 -0.687767 
vn 0.336429 0.652286 -0.67922 
vn 0.358433 0.649915 -0.670177 
vn 0.380201 0.6473 -0.660644 
vn 0.40172 0.644442 -0.650627 
vn 0.422976 0.641344 -0.640132 
vn 0.443957 0.638007 -0.629166 
vn 0.464648 0.634433 -0.617735 
vn -0.248592 0.638448 -0.728414 
vn -0.225438 0.642244 -0.732598 
vn -0.202158 0.645807 -0.736251 
vn -0.178765 0.649133 -0.739371 
vn -0.155275 0.652222 -0.741954 
vn -0.131701 0.655071 -0.744001 
vn -0.10806 0.657678 -0.745509 
vn -0.0843638 0.660041 -0.746477 
vn -0.0606291 0.66216 -0.746906 
vn -0.0368701 0.664032 -0.746794 
vn -0.0131015 0.665658 -0.746142 
vn 0.0106618 0.667034 -0.744951 
vn 0.0344051 0.668162 -0.74322 
vn 0.0581135 0.66904 -0.740951 
vn 0.0817725 0.669668 -0.738145 
vn 0.105367 0.670044 -0.734805 
vn 0.128883 0.67017 -0.730932 
vn 0.152305 0.670044 -0.726529 
vn 0.17562 0.669668 -0.721598 
vn 0.198811 0.66904 -0.716142 
vn 0.221866 0.668162 -0.710165 
vn 0.244769 0.667034 -0.703671 
vn 0.267507 0.665658 -0.696663 
vn 0.290065 0.664032 -0.689147 
vn 0.31243 0.66216 -0.681126 
vn 0.334586 0.660041 -0.672605 
vn 0.356522 0.657678 -0.663591 
vn 0.378222 0.655071 -0.654087 
vn 0.399674 0.652222 -0.644102 
vn 0.420864 0.649133 -0.63364 
vn 0.441779 0.645807 -0.622708 
vn 0.485038 0.630625 -0.605847 
vn 0.462406 0.642244 -0.611313 
vn -0.248583 0.646083 -0.721653 
vn -0.225503 0.649868 -0.725824 
vn -0.202297 0.653419 -0.729465 
vn -0.178979 0.656735 -0.732575 
vn -0.155563 0.659814 -0.73515 
vn -0.132065 0.662653 -0.73719 
vn -0.108498 0.665252 -0.738693 
vn -0.084878 0.667608 -0.739659 
vn -0.0612189 0.66972 -0.740086 
vn -0.0375356 0.671586 -0.739975 
vn -0.0138427 0.673206 -0.739325 
vn 0.00984486 0.674579 -0.738137 
vn 0.0335125 0.675703 -0.736412 
vn 0.0571454 0.676578 -0.73415 
vn 0.080729 0.677204 -0.731354 
vn 0.104249 0.677579 -0.728024 
vn 0.12769 0.677704 -0.724163 
vn 0.151037 0.677579 -0.719774 
vn 0.174277 0.677204 -0.714859 
vn 0.197395 0.676578 -0.70942 
vn 0.220376 0.675703 -0.703463 
vn 0.243207 0.674579 -0.696989 
vn 0.265872 0.673206 -0.690004 
vn 0.288358 0.671586 -0.682511 
vn 0.310651 0.66972 -0.674515 
vn 0.332738 0.667608 -0.666022 
vn 0.354603 0.665252 -0.657036 
vn 0.376234 0.662653 -0.647563 
vn 0.397618 0.659814 -0.63761 
vn 0.41874 0.656735 -0.627181 
vn 0.439589 0.653419 -0.616284 
vn 0.482732 0.638448 -0.599462 
vn 0.46015 0.649868 -0.604925 
vn -0.248549 0.653536 -0.714923 
vn -0.225544 0.657308 -0.71908 
vn -0.202413 0.660848 -0.72271 
vn -0.179171 0.664153 -0.725809 
vn -0.155831 0.667222 -0.728376 
vn -0.132409 0.670052 -0.73041 
vn -0.108919 0.672642 -0.731908 
vn -0.0853757 0.67499 -0.73287 
vn -0.0617934 0.677095 -0.733296 
vn -0.038187 0.678956 -0.733185 
vn -0.0145712 0.680571 -0.732537 
vn 0.0090395 0.681939 -0.731353 
vn 0.0326303 0.683059 -0.729634 
vn 0.0561864 0.683932 -0.727379 
vn 0.0796934 0.684555 -0.724592 
vn 0.103137 0.684929 -0.721273 
vn 0.126501 0.685054 -0.717425 
vn 0.149773 0.684929 -0.71305 
vn 0.172938 0.684555 -0.70815 
vn 0.19598 0.683932 -0.70273 
vn 0.218887 0.683059 -0.696792 
vn 0.241643 0.681939 -0.690339 
vn 0.264235 0.680571 -0.683376 
vn 0.286648 0.678956 -0.675908 
vn 0.308869 0.677095 -0.667938 
vn 0.330883 0.67499 -0.659473 
vn 0.352678 0.672642 -0.650516 
vn 0.374239 0.670052 -0.641074 
vn 0.395553 0.667222 -0.631152 
vn 0.416607 0.664153 -0.620758 
vn 0.437387 0.660848 -0.609896 
vn 0.480411 0.646083 -0.593112 
vn 0.457882 0.657308 -0.598574 
vn -0.248491 0.660809 -0.708225 
vn -0.225562 0.664569 -0.712369 
vn -0.202508 0.668097 -0.715987 
vn -0.179342 0.671391 -0.719076 
vn -0.15608 0.67445 -0.721634 
vn -0.132735 0.677271 -0.723661 
vn -0.109323 0.679853 -0.725154 
vn -0.0858574 0.682193 -0.726114 
vn -0.0623531 0.684291 -0.726538 
vn -0.0388247 0.686146 -0.726427 
vn -0.015287 0.687755 -0.725782 
vn 0.0082456 0.689119 -0.724602 
vn 0.0317583 0.690235 -0.722888 
vn 0.0552366 0.691105 -0.720641 
vn 0.0786659 0.691726 -0.717863 
vn 0.102031 0.692099 -0.714555 
vn 0.125319 0.692223 -0.710719 
vn 0.148514 0.692099 -0.706359 
vn 0.171602 0.691726 -0.701476 
vn 0.194568 0.691105 -0.696073 
vn 0.217399 0.690235 -0.690154 
vn 0.24008 0.689119 -0.683723 
vn 0.262597 0.687755 -0.676783 
vn 0.284936 0.686146 -0.66934 
vn 0.307083 0.684291 -0.661396 
vn 0.329025 0.682193 -0.652959 
vn 0.350747 0.679853 -0.644032 
vn 0.372237 0.677271 -0.634621 
vn 0.393481 0.67445 -0.624732 
vn 0.414465 0.671391 -0.614372 
vn 0.435177 0.668097 -0.603546 
vn 0.478077 0.653536 -0.586799 
vn 0.455603 0.664569 -0.592261 
vn -0.24841 0.667909 -0.701563 
vn -0.225558 0.671656 -0.705693 
vn -0.202581 0.675172 -0.709298 
vn -0.179494 0.678455 -0.712377 
vn -0.15631 0.681503 -0.714927 
vn -0.133044 0.684315 -0.716947 
vn -0.10971 0.686888 -0.718435 
vn -0.0863234 0.689221 -0.719391 
vn -0.0628982 0.691312 -0.719814 
vn -0.039449 0.69316 -0.719704 
vn -0.0159904 0.694764 -0.71906 
vn 0.00746306 0.696123 -0.717884 
vn 0.0308967 0.697236 -0.716176 
vn 0.054296 0.698102 -0.713936 
vn 0.0776465 0.698721 -0.711168 
vn 0.100934 0.699093 -0.707871 
vn 0.124143 0.699217 -0.704048 
vn 0.14726 0.699093 -0.699702 
vn 0.17027 0.698721 -0.694836 
vn 0.193159 0.698102 -0.689451 
vn 0.215913 0.697236 -0.683552 
vn 0.238518 0.696123 -0.677143 
vn 0.260959 0.694764 -0.670227 
vn 0.283223 0.69316 -0.662808 
vn 0.305296 0.691312 -0.654891 
vn 0.327164 0.689221 -0.646482 
vn 0.348813 0.686888 -0.637585 
vn 0.37023 0.684315 -0.628206 
vn 0.391403 0.681503 -0.61835 
vn 0.412316 0.678455 -0.608025 
vn 0.432958 0.675172 -0.597235 
vn 0.475732 0.660809 -0.580525 
vn 0.453316 0.671656 -0.585989 
vn -0.248307 0.674838 -0.694937 
vn -0.225534 0.678572 -0.699052 
vn -0.202635 0.682077 -0.702645 
vn -0.179627 0.685349 -0.705714 
vn -0.156522 0.688386 -0.708255 
vn -0.133335 0.691188 -0.710268 
vn -0.110081 0.693752 -0.711751 
vn -0.0867744 0.696077 -0.712704 
vn -0.0634292 0.698161 -0.713125 
vn -0.0400601 0.700003 -0.713015 
vn -0.0166816 0.701602 -0.712374 
vn 0.00669173 0.702956 -0.711202 
vn 0.0300453 0.704065 -0.7095 
vn 0.0533647 0.704929 -0.707268 
vn 0.0766354 0.705546 -0.704509 
vn 0.0998429 0.705916 -0.701223 
vn 0.122973 0.70604 -0.697414 
vn 0.146011 0.705916 -0.693082 
vn 0.168942 0.705546 -0.688232 
vn 0.191753 0.704929 -0.682866 
vn 0.21443 0.704065 -0.676988 
vn 0.236957 0.702956 -0.6706 
vn 0.259322 0.701602 -0.663707 
vn 0.28151 0.700003 -0.656314 
vn 0.303507 0.698161 -0.648425 
vn 0.3253 0.696077 -0.640044 
vn 0.346876 0.693752 -0.631177 
vn 0.36822 0.691188 -0.62183 
vn 0.38932 0.688386 -0.612008 
vn 0.410162 0.685349 -0.601718 
vn 0.430734 0.682077 -0.590965 
vn 0.473377 0.667909 -0.574292 
vn 0.451022 0.678572 -0.579757 
vn -0.225489 0.685323 -0.69245 
vn -0.20267 0.688815 -0.69603 
vn -0.179741 0.692076 -0.699088 
vn -0.156716 0.695103 -0.70162 
vn -0.13361 0.697896 -0.703626 
vn -0.110437 0.700451 -0.705105 
vn -0.0872107 0.702767 -0.706054 
vn -0.0639464 0.704844 -0.706474 
vn -0.0406583 0.70668 -0.706365 
vn -0.0173608 0.708273 -0.705726 
vn 0.00593149 0.709622 -0.704557 
vn 0.0292042 0.710728 -0.702861 
vn 0.0524428 0.711588 -0.700637 
vn 0.0756328 0.712203 -0.697887 
vn 0.0987599 0.712572 -0.694613 
vn 0.12181 0.712695 -0.690817 
vn 0.144768 0.712572 -0.686501 
vn 0.16762 0.712203 -0.681667 
vn 0.190352 0.711588 -0.67632 
vn 0.21295 0.710728 -0.670462 
vn 0.235399 0.709622 -0.664096 
vn 0.257686 0.708273 -0.657227 
vn 0.279797 0.70668 -0.64986 
vn 0.301718 0.704844 -0.641997 
vn 0.323436 0.702767 -0.633646 
vn 0.344937 0.700451 -0.62481 
vn 0.366207 0.697896 -0.615495 
vn 0.387234 0.695103 -0.605707 
vn 0.408004 0.692076 -0.595453 
vn 0.428504 0.688815 -0.584737 
vn -0.225426 0.691913 -0.685886 
vn -0.202687 0.695393 -0.689454 
vn -0.179838 0.698642 -0.692501 
vn -0.156894 0.701659 -0.695025 
vn -0.133869 0.704441 -0.697024 
vn -0.110777 0.706987 -0.698497 
vn -0.0876329 0.709296 -0.699443 
vn -0.0644503 0.711365 -0.699861 
vn -0.041244 0.713194 -0.699752 
vn -0.0180283 0.714782 -0.699115 
vn 0.00518217 0.716126 -0.697951 
vn 0.0283731 0.717228 -0.696261 
vn 0.0515301 0.718085 -0.694045 
vn 0.0746387 0.718698 -0.691305 
vn 0.0976845 0.719066 -0.688042 
vn 0.120653 0.719189 -0.684259 
vn 0.143531 0.719066 -0.679958 
vn 0.166303 0.718698 -0.675142 
vn 0.188955 0.718085 -0.669813 
vn 0.211473 0.717228 -0.663975 
vn 0.233844 0.716126 -0.657632 
vn 0.256053 0.714782 -0.650788 
vn 0.278086 0.713194 -0.643446 
vn 0.29993 0.711365 -0.635611 
vn 0.321572 0.709296 -0.627289 
vn 0.342997 0.706987 -0.618484 
vn 0.364192 0.704441 -0.609202 
vn 0.385145 0.701659 -0.599449 
vn 0.405842 0.698642 -0.58923 
vn 0.448722 0.685323 -0.573568 
vn 0.426271 0.695393 -0.578552 
vn -0.225344 0.698345 -0.679363 
vn -0.202686 0.701813 -0.682918 
vn -0.179919 0.70505 -0.685954 
vn -0.157057 0.708056 -0.688469 
vn -0.134113 0.710829 -0.690461 
vn -0.111104 0.713366 -0.691929 
vn -0.0880414 0.715666 -0.692871 
vn -0.0649412 0.717728 -0.693288 
vn -0.0418174 0.719551 -0.69318 
vn -0.0186843 0.721133 -0.692545 
vn 0.00444364 0.722473 -0.691385 
vn 0.0275521 0.72357 -0.689701 
vn 0.0506267 0.724425 -0.687492 
vn 0.0736531 0.725035 -0.684762 
vn 0.096617 0.725402 -0.681511 
vn 0.119504 0.725524 -0.677742 
vn 0.1423 0.725402 -0.673456 
vn 0.164991 0.725035 -0.668657 
vn 0.187563 0.724425 -0.663347 
vn 0.210001 0.72357 -0.65753 
vn 0.232292 0.722473 -0.651209 
vn 0.254422 0.721133 -0.644389 
vn 0.276377 0.719551 -0.637073 
vn 0.298143 0.717728 -0.629267 
vn 0.319708 0.715666 -0.620974 
vn 0.341057 0.713366 -0.6122 
vn 0.362177 0.710829 -0.602951 
vn 0.383055 0.708056 -0.593233 
vn 0.403679 0.70505 -0.58305 
vn 0.446418 0.691913 -0.567422 
vn 0.424034 0.701813 -0.572411 
vn -0.225245 0.704625 -0.672881 
vn -0.202669 0.70808 -0.676423 
vn -0.179983 0.711306 -0.679449 
vn -0.157203 0.714301 -0.681954 
vn -0.134343 0.717063 -0.683939 
vn -0.111416 0.719591 -0.685401 
vn -0.0884365 0.721883 -0.68634 
vn -0.0654195 0.723938 -0.686756 
vn -0.0423789 0.725754 -0.686648 
vn -0.019329 0.72733 -0.686016 
vn 0.0037157 0.728665 -0.68486 
vn 0.026741 0.729759 -0.683181 
vn 0.0497326 0.73061 -0.680981 
vn 0.0726762 0.731219 -0.67826 
vn 0.0955574 0.731584 -0.675021 
vn 0.118362 0.731706 -0.671265 
vn 0.141076 0.731584 -0.666995 
vn 0.163685 0.731219 -0.662213 
vn 0.186176 0.73061 -0.656922 
vn 0.208533 0.729759 -0.651126 
vn 0.230744 0.728665 -0.644829 
vn 0.252794 0.72733 -0.638033 
vn 0.27467 0.725754 -0.630743 
vn 0.296359 0.723938 -0.622965 
vn 0.317845 0.721883 -0.614702 
vn 0.339118 0.719591 -0.60596 
vn 0.360162 0.717063 -0.596744 
vn 0.380965 0.714301 -0.587061 
vn 0.401514 0.711306 -0.576915 
vn 0.44411 0.698345 -0.56132 
vn 0.421797 0.70808 -0.566313 
vn -0.22513 0.710756 -0.666441 
vn -0.202635 0.714198 -0.66997 
vn -0.180033 0.717412 -0.672984 
vn -0.157336 0.720397 -0.675481 
vn -0.134558 0.723149 -0.677458 
vn -0.111714 0.725668 -0.678915 
vn -0.0888188 0.727952 -0.679851 
vn -0.0658855 0.729999 -0.680265 
vn -0.0429287 0.731808 -0.680157 
vn -0.0199627 0.733378 -0.679527 
vn 0.00299819 0.734709 -0.678376 
vn 0.0259398 0.735798 -0.676704 
vn 0.0488477 0.736647 -0.674511 
vn 0.0717078 0.737253 -0.671801 
vn 0.0945058 0.737617 -0.668573 
vn 0.117228 0.737738 -0.664831 
vn 0.139859 0.737617 -0.660576 
vn 0.162386 0.737253 -0.655812 
vn 0.184795 0.736647 -0.65054 
vn 0.207071 0.735798 -0.644765 
vn 0.229201 0.734709 -0.63849 
vn 0.251171 0.733378 -0.631719 
vn 0.272967 0.731808 -0.624456 
vn 0.294577 0.729999 -0.616706 
vn 0.315985 0.727952 -0.608473 
vn 0.33718 0.725668 -0.599763 
vn 0.358148 0.723149 -0.590581 
vn 0.378875 0.720397 -0.580932 
vn 0.39935 0.717412 -0.570824 
vn 0.4418 0.704625 -0.555263 
vn 0.419558 0.714198 -0.560261 
vn -0.224999 0.716742 -0.660043 
vn -0.202587 0.720172 -0.66356 
vn -0.180067 0.723374 -0.666562 
vn -0.157454 0.726348 -0.66905 
vn -0.13476 0.72909 -0.67102 
vn -0.112 0.7316 -0.672472 
vn -0.0891886 0.733875 -0.673404 
vn -0.0663396 0.735914 -0.673817 
vn -0.0434672 0.737717 -0.673709 
vn -0.0205856 0.739282 -0.673082 
vn 0.00229092 0.740607 -0.671934 
vn 0.0251482 0.741693 -0.670268 
vn 0.0479719 0.742538 -0.668084 
vn 0.070748 0.743142 -0.665383 
vn 0.0934623 0.743505 -0.662167 
vn 0.116101 0.743625 -0.658439 
vn 0.138649 0.743505 -0.6542 
vn 0.161093 0.743142 -0.649453 
vn 0.183419 0.742538 -0.644201 
vn 0.205614 0.741693 -0.638447 
vn 0.227662 0.740607 -0.632195 
vn 0.249552 0.739282 -0.625449 
vn 0.271268 0.737717 -0.618213 
vn 0.292798 0.735914 -0.610491 
vn 0.314128 0.733875 -0.602289 
vn 0.335245 0.7316 -0.59361 
vn 0.356135 0.72909 -0.584462 
vn 0.376786 0.726348 -0.574849 
vn 0.397186 0.723374 -0.564777 
vn 0.439489 0.710756 -0.549251 
vn 0.41732 0.720172 -0.554253 
vn -0.224852 0.722588 -0.653688 
vn -0.202524 0.726005 -0.657191 
vn -0.180088 0.729196 -0.660183 
vn -0.157558 0.732158 -0.662661 
vn -0.134948 0.73489 -0.664624 
vn -0.112273 0.737391 -0.666071 
vn -0.0895464 0.739657 -0.667 
vn -0.0667822 0.741689 -0.667411 
vn -0.0439946 0.743485 -0.667303 
vn -0.021198 0.745044 -0.666678 
vn 0.00159369 0.746365 -0.665535 
vn 0.0243661 0.747446 -0.663875 
vn 0.0471052 0.748288 -0.661699 
vn 0.0697968 0.74889 -0.659008 
vn 0.0924267 0.749251 -0.655805 
vn 0.114981 0.749372 -0.65209 
vn 0.137446 0.749251 -0.647866 
vn 0.159807 0.74889 -0.643137 
vn 0.18205 0.748288 -0.637905 
vn 0.204162 0.747446 -0.632172 
vn 0.226129 0.746365 -0.625943 
vn 0.247937 0.745044 -0.619222 
vn 0.269573 0.743485 -0.612013 
vn 0.291023 0.741689 -0.60432 
vn 0.312273 0.739657 -0.596148 
vn 0.333312 0.737391 -0.587502 
vn 0.354125 0.73489 -0.578387 
vn 0.3747 0.732158 -0.56881 
vn 0.395023 0.729196 -0.558776 
vn 0.437177 0.716742 -0.543283 
vn 0.415083 0.726005 -0.548291 
vn -0.224692 0.728298 -0.647376 
vn -0.202447 0.731702 -0.650866 
vn -0.180095 0.734881 -0.653847 
vn -0.15765 0.737832 -0.656316 
vn -0.135125 0.740554 -0.658271 
vn -0.112534 0.743045 -0.659712 
vn -0.0898926 0.745303 -0.660638 
vn -0.0672136 0.747328 -0.661047 
vn -0.0445113 0.749117 -0.66094 
vn -0.0218 0.75067 -0.660317 
vn 0.000906302 0.751986 -0.659179 
vn 0.0235935 0.753063 -0.657525 
vn 0.0462474 0.753902 -0.655357 
vn 0.068854 0.754502 -0.652676 
vn 0.0913993 0.754862 -0.649485 
vn 0.113869 0.754982 -0.645784 
vn 0.13625 0.754862 -0.641576 
vn 0.158527 0.754502 -0.636865 
vn 0.180687 0.753902 -0.631652 
vn 0.202716 0.753063 -0.625941 
vn 0.224601 0.751986 -0.619735 
vn 0.246327 0.75067 -0.613039 
vn 0.267882 0.749117 -0.605857 
vn 0.289252 0.747328 -0.598193 
vn 0.310423 0.745303 -0.590051 
vn 0.331382 0.743045 -0.581438 
vn 0.352118 0.740554 -0.572357 
vn 0.372615 0.737832 -0.562816 
vn 0.392863 0.734881 -0.552819 
vn 0.434867 0.722588 -0.537362 
vn 0.412847 0.731702 -0.542373 
vn -0.224518 0.733876 -0.641107 
vn -0.202357 0.737267 -0.644584 
vn -0.180089 0.740434 -0.647553 
vn -0.157729 0.743374 -0.650013 
vn -0.135289 0.746086 -0.651961 
vn -0.112784 0.748567 -0.653397 
vn -0.0902275 0.750817 -0.654319 
vn -0.0676341 0.752834 -0.654727 
vn -0.0450176 0.754616 -0.65462 
vn -0.022392 0.756163 -0.654 
vn 0.000228535 0.757474 -0.652865 
vn 0.02283 0.758548 -0.651218 
vn 0.0453984 0.759383 -0.649058 
vn 0.0679197 0.759981 -0.646387 
vn 0.0903798 0.760339 -0.643208 
vn 0.112765 0.760459 -0.639521 
vn 0.135061 0.760339 -0.635329 
vn 0.157254 0.759981 -0.630635 
vn 0.17933 0.759383 -0.625442 
vn 0.201276 0.758548 -0.619753 
vn 0.223078 0.757474 -0.613571 
vn 0.244723 0.756163 -0.6069 
vn 0.266196 0.754616 -0.599745 
vn 0.287485 0.752834 -0.592109 
vn 0.308576 0.750817 -0.583999 
vn 0.329457 0.748567 -0.575418 
vn 0.350114 0.746086 -0.566372 
vn 0.370534 0.743374 -0.556866 
vn 0.390705 0.740434 -0.546907 
vn 0.432557 0.728298 -0.531485 
vn 0.410614 0.737267 -0.536501 
vn -0.202254 0.742704 -0.638345 
vn -0.180071 0.745859 -0.641303 
vn -0.157796 0.748787 -0.643753 
vn -0.135441 0.751489 -0.645694 
vn -0.113022 0.753961 -0.647124 
vn -0.0905515 0.756202 -0.648042 
vn -0.0680441 0.758211 -0.648449 
vn -0.0455137 0.759987 -0.648343 
vn -0.0229743 0.761528 -0.647724 
vn -0.000439829 0.762834 -0.646594 
vn 0.0220756 0.763903 -0.644953 
vn 0.0445581 0.764736 -0.642801 
vn 0.0669936 0.765331 -0.640141 
vn 0.0893682 0.765688 -0.636974 
vn 0.111668 0.765807 -0.633301 
vn 0.133879 0.765688 -0.629125 
vn 0.155988 0.765331 -0.624449 
vn 0.17798 0.764736 -0.619276 
vn 0.199843 0.763903 -0.613608 
vn 0.221562 0.762834 -0.607449 
vn 0.243124 0.761528 -0.600804 
vn 0.264515 0.759987 -0.593676 
vn 0.285723 0.758211 -0.58607 
vn 0.306734 0.756202 -0.57799 
vn 0.327535 0.753961 -0.569442 
vn 0.348113 0.751489 -0.56043 
vn 0.368456 0.748787 -0.550961 
vn 0.38855 0.745859 -0.54104 
vn -0.202139 0.748017 -0.632148 
vn -0.180041 0.751159 -0.635095 
vn -0.157851 0.754077 -0.637535 
vn -0.135583 0.756768 -0.639469 
vn -0.113249 0.75923 -0.640893 
vn -0.090865 0.761463 -0.641808 
vn -0.068444 0.763464 -0.642213 
vn -0.046 0.765233 -0.642107 
vn -0.023547 0.766769 -0.641492 
vn -0.00109902 0.768069 -0.640366 
vn 0.0213301 0.769135 -0.638731 
vn 0.0437263 0.769964 -0.636587 
vn 0.0660757 0.770557 -0.633937 
vn 0.0883645 0.770912 -0.630782 
vn 0.110579 0.771031 -0.627123 
vn 0.132705 0.770912 -0.622964 
vn 0.154728 0.770557 -0.618305 
vn 0.176636 0.769964 -0.613152 
vn 0.198415 0.769135 -0.607506 
vn 0.220051 0.768069 -0.601371 
vn 0.24153 0.766769 -0.594751 
vn 0.26284 0.765233 -0.587651 
vn 0.283966 0.763464 -0.580074 
vn 0.304896 0.761463 -0.572025 
vn 0.325618 0.75923 -0.563509 
vn 0.346117 0.756768 -0.554532 
vn 0.366382 0.754077 -0.545099 
vn 0.408384 0.742704 -0.530673 
vn 0.386399 0.751159 -0.535216 
vn -0.202013 0.753209 -0.625993 
vn -0.18 0.756339 -0.628928 
vn -0.157896 0.759246 -0.63136 
vn -0.135713 0.761926 -0.633285 
vn -0.113466 0.764379 -0.634704 
vn -0.0911684 0.766603 -0.635616 
vn -0.068834 0.768597 -0.636019 
vn -0.0464768 0.770359 -0.635914 
vn -0.0241105 0.771888 -0.635301 
vn -0.00174929 0.773184 -0.634179 
vn 0.0205931 0.774245 -0.63255 
vn 0.0429028 0.775071 -0.630415 
vn 0.0651659 0.775662 -0.627776 
vn 0.0873685 0.776016 -0.624632 
vn 0.109497 0.776134 -0.620988 
vn 0.131537 0.776016 -0.616844 
vn 0.153476 0.775662 -0.612204 
vn 0.175299 0.775071 -0.60707 
vn 0.196994 0.774245 -0.601446 
vn 0.218546 0.773184 -0.595335 
vn 0.239942 0.771888 -0.588741 
vn 0.261169 0.770359 -0.581668 
vn 0.282214 0.768597 -0.57412 
vn 0.303064 0.766603 -0.566102 
vn 0.323705 0.764379 -0.557619 
vn 0.344125 0.761926 -0.548677 
vn 0.364311 0.759246 -0.539281 
vn 0.406156 0.748017 -0.524889 
vn 0.384251 0.756339 -0.529436 
vn -0.201875 0.758285 -0.61988 
vn -0.179948 0.761403 -0.622803 
vn -0.15793 0.764298 -0.625225 
vn -0.135833 0.766968 -0.627143 
vn -0.113673 0.769412 -0.628557 
vn -0.091462 0.771627 -0.629465 
vn -0.0692145 0.773613 -0.629867 
vn -0.0469443 0.775368 -0.629762 
vn -0.0246651 0.776892 -0.629151 
vn -0.00239087 0.778182 -0.628034 
vn 0.0198646 0.779239 -0.626411 
vn 0.0420874 0.780062 -0.624285 
vn 0.0642639 0.78065 -0.621655 
vn 0.0863801 0.781003 -0.618524 
vn 0.108422 0.781121 -0.614894 
vn 0.130377 0.781003 -0.610766 
vn 0.15223 0.78065 -0.606144 
vn 0.173969 0.780062 -0.60103 
vn 0.195579 0.779239 -0.595428 
vn 0.217047 0.778182 -0.589341 
vn 0.23836 0.776892 -0.582772 
vn 0.259504 0.775368 -0.575727 
vn 0.280467 0.773613 -0.568208 
vn 0.301236 0.771627 -0.560222 
vn 0.321797 0.769412 -0.551772 
vn 0.342137 0.766968 -0.542864 
vn 0.362245 0.764298 -0.533504 
vn 0.403932 0.753209 -0.519149 
vn 0.382107 0.761403 -0.523698 
vn -0.201726 0.763249 -0.613806 
vn -0.179885 0.766355 -0.616719 
vn -0.157953 0.769238 -0.619131 
vn -0.135944 0.771898 -0.621042 
vn -0.11387 0.774332 -0.62245 
vn -0.0917461 0.776539 -0.623354 
vn -0.0695858 0.778517 -0.623754 
vn -0.0474028 0.780265 -0.62365 
vn -0.025211 0.781783 -0.623041 
vn -0.00302404 0.783068 -0.621929 
vn 0.0191442 0.784121 -0.620313 
vn 0.04128 0.784941 -0.618194 
vn 0.0633695 0.785526 -0.615575 
vn 0.0853991 0.785878 -0.612456 
vn 0.107355 0.785995 -0.60884 
vn 0.129224 0.785878 -0.604729 
vn 0.150991 0.785526 -0.600125 
vn 0.172644 0.784941 -0.595031 
vn 0.19417 0.784121 -0.589451 
vn 0.215554 0.783068 -0.583387 
vn 0.236783 0.781783 -0.576845 
vn 0.257845 0.780265 -0.569827 
vn 0.278726 0.778517 -0.562338 
vn 0.299413 0.776539 -0.554382 
vn 0.319893 0.774332 -0.545966 
vn 0.340154 0.771898 -0.537093 
vn 0.360183 0.769238 -0.52777 
vn 0.401711 0.758285 -0.513451 
vn 0.379967 0.766355 -0.518002 
vn -0.201567 0.768104 -0.607772 
vn -0.179813 0.771197 -0.610673 
vn -0.157967 0.77407 -0.613076 
vn -0.136044 0.776719 -0.614979 
vn -0.114058 0.779143 -0.616382 
vn -0.0920211 0.781341 -0.617283 
vn -0.0699482 0.783312 -0.617681 
vn -0.0478528 0.785053 -0.617577 
vn -0.0257485 0.786565 -0.616971 
vn -0.00364907 0.787845 -0.615863 
vn 0.0184317 0.788894 -0.614253 
vn 0.0404802 0.78971 -0.612143 
vn 0.0624825 0.790294 -0.609534 
vn 0.0844252 0.790644 -0.606428 
vn 0.106294 0.790761 -0.602826 
vn 0.128077 0.790644 -0.598731 
vn 0.149759 0.790294 -0.594145 
vn 0.171326 0.78971 -0.589071 
vn 0.192767 0.788894 -0.583513 
vn 0.214066 0.787845 -0.577474 
vn 0.235212 0.786565 -0.570957 
vn 0.256191 0.785053 -0.563966 
vn 0.276989 0.783312 -0.556507 
vn 0.297595 0.781341 -0.548583 
vn 0.317994 0.779143 -0.540199 
vn 0.338175 0.776719 -0.531362 
vn 0.358125 0.77407 -0.522075 
vn 0.399495 0.763249 -0.507795 
vn 0.377831 0.771197 -0.512346 
vn -0.201398 0.772854 -0.601777 
vn -0.17973 0.775936 -0.604666 
vn -0.157971 0.778797 -0.607059 
vn -0.136136 0.781435 -0.608955 
vn -0.114236 0.78385 -0.610352 
vn -0.0922873 0.786039 -0.611249 
vn -0.0703021 0.788002 -0.611646 
vn -0.0482944 0.789736 -0.611543 
vn -0.0262779 0.791242 -0.610939 
vn -0.00426623 0.792517 -0.609835 
vn 0.0177269 0.793562 -0.608231 
vn 0.0396877 0.794375 -0.60613 
vn 0.0616028 0.794956 -0.603531 
vn 0.0834583 0.795305 -0.600437 
vn 0.105241 0.795421 -0.59685 
vn 0.126936 0.795305 -0.592771 
vn 0.148532 0.794956 -0.588203 
vn 0.170014 0.794375 -0.58315 
vn 0.19137 0.793562 -0.577614 
vn 0.212585 0.792517 -0.571598 
vn 0.233646 0.791242 -0.565107 
vn 0.254542 0.789736 -0.558144 
vn 0.275258 0.788002 -0.550714 
vn 0.295781 0.786039 -0.542822 
vn 0.3161 0.78385 -0.534472 
vn 0.3362 0.781435 -0.525669 
vn 0.356071 0.778797 -0.51642 
vn 0.397282 0.768104 -0.502179 
vn 0.375699 0.775936 -0.506729 
vn -0.20122 0.777504 -0.595817 
vn -0.179638 0.780573 -0.598695 
vn -0.157967 0.783423 -0.601079 
vn -0.136218 0.786051 -0.602967 
vn -0.114406 0.788456 -0.604358 
vn -0.0925451 0.790636 -0.605252 
vn -0.0706478 0.792591 -0.605647 
vn -0.048728 0.794319 -0.605544 
vn -0.0267995 0.795818 -0.604943 
vn -0.00487585 0.797088 -0.603843 
vn 0.0170293 0.798129 -0.602246 
vn 0.0389024 0.798939 -0.600153 
vn 0.0607298 0.799518 -0.597565 
vn 0.082498 0.799865 -0.594483 
vn 0.104193 0.799981 -0.59091 
vn 0.125802 0.799865 -0.586847 
vn 0.147312 0.799518 -0.582298 
vn 0.168708 0.798939 -0.577265 
vn 0.189978 0.798129 -0.571751 
vn 0.211108 0.797088 -0.565759 
vn 0.232086 0.795818 -0.559294 
vn 0.252898 0.794319 -0.552359 
vn 0.273531 0.792591 -0.544959 
vn 0.293972 0.790636 -0.537098 
vn 0.314209 0.788456 -0.528782 
vn 0.33423 0.786051 -0.520014 
vn 0.354021 0.783423 -0.510801 
vn 0.395072 0.772854 -0.496603 
vn 0.373571 0.780573 -0.501149 
vn -0.201032 0.782057 -0.589892 
vn -0.179538 0.785114 -0.592759 
vn -0.157953 0.787952 -0.595133 
vn -0.136292 0.790569 -0.597013 
vn -0.114568 0.792965 -0.598399 
vn -0.0927947 0.795136 -0.599289 
vn -0.0709855 0.797083 -0.599683 
vn -0.0491539 0.798804 -0.59958 
vn -0.0273137 0.800297 -0.598981 
vn -0.00547822 0.801563 -0.597886 
vn 0.0163388 0.802599 -0.596295 
vn 0.0381239 0.803405 -0.594211 
vn 0.0598635 0.803982 -0.591633 
vn 0.0815441 0.804328 -0.588564 
vn 0.103152 0.804443 -0.585005 
vn 0.124674 0.804328 -0.580959 
vn 0.146097 0.803982 -0.576428 
vn 0.167407 0.803405 -0.571415 
vn 0.188592 0.802599 -0.565923 
vn 0.209637 0.801563 -0.559955 
vn 0.23053 0.800297 -0.553516 
vn 0.251258 0.798804 -0.546609 
vn 0.271808 0.797083 -0.539239 
vn 0.292167 0.795136 -0.53141 
vn 0.312323 0.792965 -0.523126 
vn 0.332263 0.790569 -0.514394 
vn 0.351975 0.787952 -0.505219 
vn 0.392866 0.777504 -0.491064 
vn 0.371445 0.785114 -0.495605 
vn -0.200836 0.786517 -0.584 
vn -0.179428 0.789561 -0.586855 
vn -0.157931 0.792388 -0.589219 
vn -0.136358 0.794995 -0.591092 
vn -0.114722 0.797381 -0.592472 
vn -0.0930365 0.799544 -0.593358 
vn -0.0713156 0.801483 -0.593751 
vn -0.0495725 0.803196 -0.593648 
vn -0.0278207 0.804684 -0.593052 
vn -0.00607369 0.805944 -0.591961 
vn 0.015655 0.806976 -0.590377 
vn 0.0373518 0.807779 -0.588301 
vn 0.0590033 0.808353 -0.585733 
vn 0.0805961 0.808698 -0.582677 
vn 0.102117 0.808813 -0.579132 
vn 0.123552 0.808698 -0.575102 
vn 0.144888 0.808353 -0.57059 
vn 0.166111 0.807779 -0.565597 
vn 0.18721 0.806976 -0.560127 
vn 0.20817 0.805944 -0.554184 
vn 0.228979 0.804684 -0.547771 
vn 0.249623 0.803196 -0.540892 
vn 0.270089 0.801483 -0.533552 
vn 0.290366 0.799544 -0.525754 
vn 0.31044 0.797381 -0.517504 
vn 0.3303 0.794995 -0.508808 
vn 0.349931 0.792388 -0.499669 
vn 0.390664 0.782057 -0.48556 
vn 0.369323 0.789561 -0.490095 
vn -0.20063 0.790888 -0.578138 
vn -0.17931 0.79392 -0.580981 
vn -0.1579 0.796735 -0.583335 
vn -0.136415 0.799332 -0.585201 
vn -0.114867 0.801708 -0.586575 
vn -0.0932707 0.803862 -0.587458 
vn -0.0716384 0.805793 -0.587849 
vn -0.049984 0.807499 -0.587747 
vn -0.0283209 0.808981 -0.587153 
vn -0.00666262 0.810236 -0.586066 
vn 0.0149774 0.811263 -0.584489 
vn 0.0365858 0.812064 -0.582421 
vn 0.058149 0.812635 -0.579864 
vn 0.0796537 0.812979 -0.57682 
vn 0.101086 0.813093 -0.57329 
vn 0.122434 0.812979 -0.569276 
vn 0.143683 0.812635 -0.564782 
vn 0.16482 0.812064 -0.55981 
vn 0.185833 0.811263 -0.554362 
vn 0.206707 0.810236 -0.548443 
vn 0.227431 0.808981 -0.542057 
vn 0.247991 0.807499 -0.535206 
vn 0.268374 0.805793 -0.527895 
vn 0.288568 0.803862 -0.520129 
vn 0.308561 0.801708 -0.511913 
vn 0.328339 0.799332 -0.503252 
vn 0.34789 0.796735 -0.494151 
vn 0.388464 0.786517 -0.48009 
vn 0.367203 0.79392 -0.484616 
vn -0.200416 0.795175 -0.572303 
vn -0.179184 0.798194 -0.575134 
vn -0.157862 0.800998 -0.577479 
vn -0.136465 0.803583 -0.579337 
vn -0.115006 0.80595 -0.580706 
vn -0.0934978 0.808095 -0.581585 
vn -0.0719543 0.810018 -0.581974 
vn -0.0503889 0.811718 -0.581872 
vn -0.0288147 0.813193 -0.581281 
vn -0.00724539 0.814443 -0.580199 
vn 0.0143058 0.815466 -0.578628 
vn 0.0358254 0.816263 -0.576568 
vn 0.0573 0.816833 -0.574022 
vn 0.0787164 0.817174 -0.57099 
vn 0.100061 0.817288 -0.567475 
vn 0.121321 0.817174 -0.563478 
vn 0.142483 0.816833 -0.559002 
vn 0.163533 0.816263 -0.55405 
vn 0.184459 0.815466 -0.548625 
vn 0.205248 0.814443 -0.542731 
vn 0.225887 0.813193 -0.53637 
vn 0.246362 0.811718 -0.529547 
vn 0.266662 0.810018 -0.522267 
vn 0.286773 0.808095 -0.514533 
vn 0.306683 0.80595 -0.50635 
vn 0.32638 0.803583 -0.497725 
vn 0.345851 0.800998 -0.488661 
vn 0.386266 0.790888 -0.474652 
vn 0.365085 0.798194 -0.479165 
vn -0.200317 0.79708 -0.569682 
vn -0.179124 0.800094 -0.572508 
vn -0.157842 0.802892 -0.574848 
vn -0.136485 0.805473 -0.576703 
vn -0.115066 0.807834 -0.578069 
vn -0.0935978 0.809976 -0.578946 
vn -0.0720945 0.811895 -0.579335 
vn -0.0505692 0.813592 -0.579233 
vn -0.0290352 0.815064 -0.578643 
vn -0.00750608 0.816312 -0.577563 
vn 0.0140049 0.817333 -0.575995 
vn 0.0354845 0.818129 -0.573939 
vn 0.0569191 0.818697 -0.571398 
vn 0.0782955 0.819038 -0.568371 
vn 0.0996005 0.819152 -0.564863 
vn 0.120821 0.819038 -0.560873 
vn 0.141943 0.818697 -0.556406 
vn 0.162954 0.818129 -0.551463 
vn 0.183842 0.817333 -0.546048 
vn 0.204592 0.816312 -0.540164 
vn 0.225192 0.815064 -0.533816 
vn 0.245629 0.813592 -0.527006 
vn 0.265891 0.811895 -0.519739 
vn 0.285964 0.809976 -0.512019 
vn 0.305838 0.807834 -0.503852 
vn 0.325498 0.805473 -0.495243 
vn 0.344933 0.802892 -0.486196 
vn 0.364131 0.800094 -0.476717 
vn 0.383079 0.79708 -0.466813 
vn 0.387028 0.796419 -0.464678 
vn 0.387749 0.795058 -0.466404 
vn 0.384069 0.795175 -0.469242 
vn 0.388063 0.794507 -0.467083 
vn 0.389603 0.791783 -0.470414 
vn 0.391646 0.788422 -0.474345 
vn 0.390591 0.790164 -0.472312 
vn 0.39385 0.78498 -0.478214 
vn 0.393398 0.78569 -0.477419 
vn 0.396195 0.781455 -0.482034 
vn 0.39645 0.781085 -0.482424 
vn 0.398665 0.777849 -0.485816 
vn 0.39972 0.776351 -0.487343 
vn 0.401249 0.77416 -0.489567 
vn 0.403936 0.770387 -0.493295 
vn 0.403155 0.771491 -0.492208 
vn 0.406718 0.766528 -0.497007 
vn 0.406735 0.766504 -0.497029 
vn 0.409588 0.762582 -0.500705 
vn 0.41047 0.761386 -0.501803 
vn 0.412543 0.758547 -0.504396 
vn 0.415578 0.754419 -0.508081 
vn 0.414322 0.756137 -0.506551 
vn 0.41869 0.750197 -0.511765 
vn 0.418281 0.750757 -0.511279 
vn 0.421875 0.745878 -0.515449 
vn 0.42235 0.745239 -0.515984 
vn 0.425132 0.741458 -0.519136 
vn 0.42846 0.736935 -0.522828 
vn 0.429631 0.735349 -0.524098 
vn 0.426522 0.73958 -0.520673 
vn 0.431856 0.732305 -0.526526 
vn 0.433102 0.730603 -0.527865 
vn 0.430249 0.733876 -0.525654 
vn 0.430782 0.73378 -0.525351 
vn 0.436385 0.726105 -0.531356 
vn 0.435132 0.727833 -0.530018 
vn 0.439724 0.721511 -0.53485 
vn 0.443118 0.716818 -0.538348 
vn 0.439562 0.721737 -0.534679 
vn 0.444084 0.715484 -0.539326 
vn 0.446566 0.712023 -0.541851 
vn 0.450069 0.707123 -0.545358 
vn 0.448683 0.709073 -0.543966 
vn 0.453626 0.702114 -0.548871 
vn 0.457237 0.696994 -0.552389 
vn 0.453354 0.702501 -0.548601 
vn 0.458108 0.69576 -0.553223 
vn 0.460902 0.69176 -0.555912 
vn 0.464621 0.686407 -0.55944 
vn 0.462935 0.688848 -0.557835 
vn 0.469396 0.679479 -0.563894 
vn 0.468394 0.680932 -0.562972 
vn 0.467829 0.68176 -0.56244 
vn 0.471015 0.674838 -0.568101 
vn 0.472222 0.675332 -0.566509 
vn 0.472798 0.674491 -0.567031 
vn 0.476105 0.669603 -0.570049 
vn 0.47784 0.667036 -0.571605 
vn 0.480042 0.66374 -0.573592 
vn 0.484034 0.657741 -0.577138 
vn 0.482945 0.659391 -0.576166 
vn 0.488082 0.6516 -0.580684 
vn 0.488113 0.651552 -0.580711 
vn 0.492185 0.645313 -0.58423 
vn 0.493359 0.643511 -0.585227 
vn 0.496344 0.638877 -0.587775 
vn 0.500558 0.632285 -0.591317 
vn 0.498666 0.635265 -0.589721 
vn 0.505951 0.623753 -0.595774 
vn 0.50483 0.625535 -0.594856 
vn 0.504031 0.62681 -0.594191 
vn 0.507463 0.618557 -0.599891 
vn 0.506511 0.622857 -0.596235 
vn 0.510498 0.616461 -0.599472 
vn 0.509462 0.618138 -0.598627 
vn 0.514527 0.609933 -0.602697 
vn 0.51495 0.609247 -0.603029 
vn 0.518597 0.603268 -0.605909 
vn 0.520505 0.600128 -0.607388 
vn 0.522707 0.596464 -0.609105 
vn 0.526858 0.589517 -0.612283 
vn 0.52611 0.590781 -0.611707 
vn 0.53105 0.582424 -0.615442 
vn 0.531774 0.581196 -0.615976 
vn 0.535281 0.575182 -0.618579 
vn 0.539875 0.567229 -0.621922 
vn 0.539552 0.567787 -0.621692 
vn 0.537496 0.57137 -0.620189 
vn 0.541182 0.561767 -0.625732 
vn 0.543863 0.560237 -0.624779 
vn 0.543263 0.5613 -0.624347 
vn 0.548212 0.552526 -0.627836 
vn 0.549085 0.550976 -0.628435 
vn 0.5526 0.544652 -0.630862 
vn 0.557025 0.536612 -0.633854 
vn 0.554957 0.540396 -0.632451 
vn 0.561488 0.528401 -0.636808 
vn 0.560867 0.529556 -0.636395 
vn 0.565987 0.520016 -0.63972 
vn 0.570522 0.511453 -0.642589 
vn 0.57118 0.510209 -0.642993 
vn 0.566827 0.518449 -0.640249 
vn 0.571734 0.507333 -0.644774 
vn 0.572829 0.50707 -0.644008 
vn 0.575092 0.502709 -0.645409 
vn 0.579696 0.493779 -0.648178 
vn 0.578862 0.495417 -0.647674 
vn 0.584334 0.484659 -0.650891 
vn 0.584931 0.483483 -0.651229 
vn 0.589003 0.475347 -0.653545 
vn 0.59104 0.471263 -0.654662 
vn 0.593704 0.465838 -0.656133 
vn 0.598435 0.456127 -0.658653 
vn 0.599819 0.453276 -0.659362 
vn 0.597169 0.458756 -0.657976 
vn 0.600793 0.446606 -0.663016 
vn 0.603194 0.446212 -0.661099 
vn 0.603317 0.445957 -0.661159 
vn 0.607981 0.436089 -0.663465 
vn 0.609503 0.432857 -0.664184 
vn 0.612793 0.425752 -0.665747 
vn 0.617133 0.416293 -0.667718 
vn 0.615695 0.41946 -0.667063 
vn 0.621468 0.406706 -0.669603 
vn 0.621896 0.405759 -0.66978 
vn 0.625798 0.396993 -0.671397 
vn -0.358426 0.396993 -0.844942 
vn -0.354971 0.406706 -0.841775 
vn -0.351542 0.416293 -0.838522 
vn -0.355313 0.405759 -0.842088 
vn -0.348138 0.425752 -0.835185 
vn -0.350415 0.41946 -0.837415 
vn -0.344396 0.436089 -0.831395 
vn -0.345581 0.432857 -0.832592 
vn -0.340802 0.445957 -0.827633 
vn -0.340708 0.446212 -0.827534 
vn -0.338131 0.453276 -0.824747 
vn -0.337072 0.456127 -0.823608 
vn -0.333488 0.465838 -0.819622 
vn -0.336114 0.458756 -0.822539 
vn -0.329957 0.475347 -0.815582 
vn -0.331488 0.471263 -0.817329 
vn -0.326476 0.484659 -0.811492 
vn -0.323046 0.493779 -0.807356 
vn -0.326922 0.483483 -0.812014 
vn -0.319667 0.502709 -0.80318 
vn -0.322434 0.495417 -0.806597 
vn -0.316337 0.511453 -0.798966 
vn -0.316817 0.510209 -0.799571 
vn -0.313056 0.520016 -0.794719 
vn -0.309825 0.528401 -0.790443 
vn -0.313665 0.518449 -0.795503 
vn -0.309383 0.529556 -0.789843 
vn -0.306642 0.536612 -0.786142 
vn -0.303506 0.544652 -0.781817 
vn -0.305178 0.540396 -0.784116 
vn -0.300418 0.552526 -0.777473 
vn -0.297377 0.560237 -0.773112 
vn -0.301034 0.550976 -0.778334 
vn -0.294607 0.567229 -0.769063 
vn -0.294382 0.567787 -0.768737 
vn -0.291433 0.575182 -0.764351 
vn -0.292964 0.57137 -0.766621 
vn -0.28853 0.582424 -0.759956 
vn -0.285672 0.589517 -0.755554 
vn -0.289028 0.581196 -0.760706 
vn -0.282858 0.596464 -0.751148 
vn -0.285166 0.590781 -0.754757 
vn -0.280088 0.603268 -0.746739 
vn -0.281376 0.600128 -0.748781 
vn -0.277363 0.609933 -0.742329 
vn -0.27468 0.616461 -0.73792 
vn -0.277647 0.609247 -0.742786 
vn -0.273995 0.618138 -0.736771 
vn -0.272041 0.622857 -0.733514 
vn -0.271671 0.623753 -0.73289 
vn -0.270932 0.625535 -0.731643 
vn -0.270409 0.62681 -0.730745 
vn -0.268129 0.632285 -0.726858 
vn -0.26538 0.638877 -0.722087 
vn -0.266896 0.635265 -0.72471 
vn -0.262684 0.645313 -0.717334 
vn -0.263447 0.643511 -0.718672 
vn -0.260041 0.6516 -0.712598 
vn -0.257451 0.657741 -0.707881 
vn -0.260062 0.651552 -0.712634 
vn -0.254912 0.66374 -0.703185 
vn -0.25676 0.659391 -0.706596 
vn -0.252424 0.669603 -0.698509 
vn -0.253522 0.667036 -0.700564 
vn -0.250348 0.674491 -0.694541 
vn -0.249986 0.675332 -0.693854 
vn -0.248225 0.679479 -0.690429 
vn -0.247599 0.680932 -0.689221 
vn -0.247249 0.68176 -0.688528 
vn -0.245261 0.686407 -0.684611 
vn -0.242973 0.69176 -0.680024 
vn -0.244226 0.688848 -0.682527 
vn -0.240734 0.696994 -0.67546 
vn -0.238544 0.702114 -0.670919 
vn -0.241267 0.69576 -0.676541 
vn -0.23838 0.702501 -0.670572 
vn -0.236403 0.707123 -0.666402 
vn -0.234311 0.712023 -0.661908 
vn -0.235577 0.709073 -0.664619 
vn -0.232269 0.716818 -0.657437 
vn -0.230276 0.721511 -0.652989 
vn -0.232842 0.715484 -0.658686 
vn -0.230182 0.721737 -0.652773 
vn -0.228334 0.726105 -0.648564 
vn -0.22573 0.732305 -0.642476 
vn -0.227613 0.727833 -0.646878 
vn -0.226443 0.730603 -0.644161 
vn -0.223803 0.736935 -0.637839 
vn -0.224469 0.735349 -0.639434 
vn -0.221938 0.741458 -0.633232 
vn -0.222719 0.73958 -0.635151 
vn -0.220139 0.745878 -0.628654 
vn -0.218405 0.750197 -0.624102 
vn -0.220402 0.745239 -0.629319 
vn -0.218188 0.750757 -0.623505 
vn -0.216742 0.754419 -0.619576 
vn -0.21515 0.758547 -0.615075 
vn -0.216085 0.756137 -0.617709 
vn -0.213636 0.762582 -0.610597 
vn -0.214089 0.761386 -0.61193 
vn -0.212203 0.766528 -0.606139 
vn -0.210858 0.770387 -0.6017 
vn -0.212212 0.766504 -0.606166 
vn -0.209609 0.77416 -0.597278 
vn -0.210496 0.771491 -0.600411 
vn -0.208464 0.777849 -0.592869 
vn -0.208933 0.776351 -0.594665 
vn -0.207436 0.781455 -0.588471 
vn -0.206539 0.78498 -0.584079 
vn -0.207543 0.781085 -0.588924 
vn -0.206386 0.78569 -0.583177 
vn -0.205791 0.788422 -0.57969 
vn -0.205216 0.791783 -0.575297 
vn -0.205495 0.790164 -0.577419 
vn -0.204845 0.795058 -0.570895 
vn -0.204908 0.794507 -0.57164 
vn -0.204758 0.796419 -0.569026 
vn -0.225122 0.73378 -0.641005 
vn -0.296961 0.5613 -0.772501 
vn -0.31802 0.50707 -0.801089 
vn 0.626293 0.392249 -0.67372 
vn 0.628698 0.365998 -0.686137 
vn -0.0733869 0.906308 0.416198 
vn 0.179185 -0.798155 0.575187 
vn 0.179126 -0.800037 0.572586 
vn 0.20032 -0.797023 0.56976 
vn 0.157862 -0.800959 0.577533 
vn 0.157843 -0.802836 0.574927 
vn 0.136465 -0.803545 0.57939 
vn 0.136484 -0.805417 0.576781 
vn 0.115005 -0.805911 0.580759 
vn 0.115064 -0.807778 0.578147 
vn 0.0934957 -0.808056 0.581638 
vn 0.0935948 -0.80992 0.579025 
vn 0.0719515 -0.80998 0.582027 
vn 0.0720903 -0.811839 0.579413 
vn 0.0503852 -0.811679 0.581926 
vn 0.0505638 -0.813536 0.579312 
vn 0.0288102 -0.813155 0.581334 
vn 0.0290287 -0.815009 0.578721 
vn 0.00724007 -0.814404 0.580253 
vn 0.00749832 -0.816256 0.577642 
vn -0.0143119 -0.815428 0.578681 
vn -0.0140139 -0.817278 0.576073 
vn -0.0358323 -0.816225 0.576622 
vn -0.0354946 -0.818073 0.574018 
vn -0.0573078 -0.816794 0.574075 
vn -0.0569304 -0.818642 0.571476 
vn -0.0787249 -0.817136 0.571043 
vn -0.0783081 -0.818983 0.568449 
vn -0.10007 -0.81725 0.567528 
vn -0.0996142 -0.819097 0.56494 
vn -0.121331 -0.817136 0.563531 
vn -0.120836 -0.818983 0.560951 
vn -0.142494 -0.816794 0.559055 
vn -0.141959 -0.818642 0.556483 
vn -0.163545 -0.816225 0.554103 
vn -0.162972 -0.818073 0.55154 
vn -0.184472 -0.815428 0.548678 
vn -0.18386 -0.817278 0.546125 
vn -0.205261 -0.814404 0.542783 
vn -0.204611 -0.816256 0.540241 
vn -0.225901 -0.813155 0.536422 
vn -0.225212 -0.815009 0.533892 
vn -0.246377 -0.811679 0.529599 
vn -0.245651 -0.813536 0.527081 
vn -0.266677 -0.80998 0.522318 
vn -0.265914 -0.811839 0.519814 
vn -0.286789 -0.808056 0.514584 
vn -0.285989 -0.80992 0.512094 
vn -0.3067 -0.805911 0.506401 
vn -0.305863 -0.807778 0.503927 
vn -0.326398 -0.803545 0.497775 
vn -0.325524 -0.805417 0.495316 
vn -0.34587 -0.800959 0.488711 
vn -0.34496 -0.802836 0.486269 
vn -0.365104 -0.798155 0.479215 
vn -0.364159 -0.800037 0.47679 
vn -0.384089 -0.795136 0.469292 
vn -0.383109 -0.797023 0.466885 
vn 0.179311 -0.793881 0.581034 
vn 0.200418 -0.795136 0.572356 
vn 0.157901 -0.796696 0.583389 
vn 0.136415 -0.799293 0.585254 
vn 0.114866 -0.801669 0.586628 
vn 0.0932686 -0.803823 0.587511 
vn 0.0716356 -0.805754 0.587902 
vn 0.0499803 -0.807461 0.5878 
vn 0.0283164 -0.808942 0.587206 
vn 0.00665732 -0.810197 0.58612 
vn -0.0149835 -0.811225 0.584542 
vn -0.0365927 -0.812025 0.582474 
vn -0.0581567 -0.812597 0.579917 
vn -0.0796622 -0.81294 0.576872 
vn -0.101096 -0.813055 0.573342 
vn -0.122444 -0.81294 0.569329 
vn -0.143694 -0.812597 0.564834 
vn -0.164832 -0.812025 0.559862 
vn -0.185845 -0.811225 0.554414 
vn -0.206721 -0.810197 0.548495 
vn -0.227445 -0.808942 0.542108 
vn -0.248006 -0.807461 0.535257 
vn -0.26839 -0.805754 0.527946 
vn -0.288585 -0.803823 0.52018 
vn -0.308578 -0.801669 0.511964 
vn -0.328356 -0.799293 0.503302 
vn -0.347909 -0.796696 0.494201 
vn -0.367222 -0.793881 0.484665 
vn -0.386285 -0.790849 0.474701 
vn 0.179429 -0.789522 0.586907 
vn 0.200632 -0.790849 0.57819 
vn 0.157931 -0.792349 0.589272 
vn 0.136357 -0.794956 0.591145 
vn 0.11472 -0.797342 0.592525 
vn 0.0930344 -0.799505 0.593411 
vn 0.0713127 -0.801444 0.593803 
vn 0.0495688 -0.803157 0.593701 
vn 0.0278162 -0.804645 0.593105 
vn 0.00606841 -0.805905 0.592014 
vn -0.0156611 -0.806937 0.59043 
vn -0.0373587 -0.80774 0.588353 
vn -0.059011 -0.808315 0.585786 
vn -0.0806045 -0.808659 0.582729 
vn -0.102126 -0.808774 0.579184 
vn -0.123562 -0.808659 0.575154 
vn -0.144898 -0.808315 0.570642 
vn -0.166123 -0.80774 0.565649 
vn -0.187222 -0.806937 0.560179 
vn -0.208183 -0.805905 0.554236 
vn -0.228992 -0.804645 0.547822 
vn -0.249637 -0.803157 0.540943 
vn -0.270105 -0.801444 0.533602 
vn -0.290382 -0.799505 0.525804 
vn -0.310457 -0.797342 0.517554 
vn -0.330317 -0.794956 0.508857 
vn -0.349949 -0.792349 0.499719 
vn -0.369342 -0.789522 0.490144 
vn -0.388483 -0.786478 0.480139 
vn 0.179539 -0.785074 0.592811 
vn 0.200838 -0.786478 0.584052 
vn 0.157953 -0.787912 0.595185 
vn 0.136291 -0.79053 0.597065 
vn 0.114567 -0.792925 0.598451 
vn 0.0927925 -0.795097 0.599341 
vn 0.0709825 -0.797044 0.599735 
vn 0.0491502 -0.798765 0.599632 
vn 0.0273092 -0.800258 0.599033 
vn 0.00547294 -0.801524 0.597938 
vn -0.0163449 -0.80256 0.596348 
vn -0.0381308 -0.803366 0.594263 
vn -0.0598711 -0.803943 0.591685 
vn -0.0815524 -0.804289 0.588616 
vn -0.103161 -0.804404 0.585057 
vn -0.124684 -0.804289 0.58101 
vn -0.146108 -0.803943 0.576479 
vn -0.167419 -0.803366 0.571466 
vn -0.188604 -0.80256 0.565974 
vn -0.20965 -0.801524 0.560006 
vn -0.230544 -0.800258 0.553567 
vn -0.251272 -0.798765 0.54666 
vn -0.271823 -0.797044 0.539289 
vn -0.292183 -0.795097 0.53146 
vn -0.31234 -0.792925 0.523176 
vn -0.33228 -0.79053 0.514444 
vn -0.351993 -0.787912 0.505268 
vn -0.371464 -0.785074 0.495654 
vn -0.390683 -0.782017 0.485609 
vn 0.179639 -0.780533 0.598747 
vn 0.201034 -0.782017 0.589944 
vn 0.157967 -0.783383 0.601131 
vn 0.136217 -0.786011 0.603019 
vn 0.114405 -0.788416 0.60441 
vn 0.0925429 -0.790597 0.605304 
vn 0.0706448 -0.792551 0.605699 
vn 0.0487243 -0.794279 0.605596 
vn 0.026795 -0.795779 0.604995 
vn 0.00487056 -0.797049 0.603895 
vn -0.0170354 -0.798089 0.602298 
vn -0.0389093 -0.798899 0.600205 
vn -0.0607374 -0.799478 0.597617 
vn -0.0825063 -0.799826 0.594535 
vn -0.104202 -0.799942 0.590961 
vn -0.125812 -0.799826 0.586899 
vn -0.147322 -0.799478 0.582349 
vn -0.168719 -0.798899 0.577316 
vn -0.18999 -0.798089 0.571802 
vn -0.211121 -0.797049 0.56581 
vn -0.232099 -0.795779 0.559345 
vn -0.252912 -0.794279 0.55241 
vn -0.273546 -0.792551 0.545009 
vn -0.293988 -0.790597 0.537148 
vn -0.314226 -0.788416 0.528831 
vn -0.334247 -0.786011 0.520063 
vn -0.354039 -0.783383 0.51085 
vn -0.373589 -0.780533 0.501198 
vn -0.392886 -0.777464 0.491112 
vn 0.179731 -0.775895 0.604718 
vn 0.201222 -0.777464 0.595869 
vn 0.157971 -0.778756 0.607111 
vn 0.136135 -0.781395 0.609007 
vn 0.114235 -0.78381 0.610404 
vn 0.092285 -0.785999 0.611301 
vn 0.0702991 -0.787962 0.611698 
vn 0.0482906 -0.789696 0.611594 
vn 0.0262734 -0.791202 0.610991 
vn 0.00426094 -0.792477 0.609887 
vn -0.0177329 -0.793522 0.608283 
vn -0.0396946 -0.794335 0.606182 
vn -0.0616103 -0.794916 0.603583 
vn -0.0834666 -0.795265 0.600489 
vn -0.10525 -0.795381 0.596901 
vn -0.126946 -0.795265 0.592822 
vn -0.148543 -0.794916 0.588254 
vn -0.170026 -0.794335 0.583201 
vn -0.191382 -0.793522 0.577664 
vn -0.212597 -0.792477 0.571649 
vn -0.23366 -0.791202 0.565157 
vn -0.254556 -0.789696 0.558194 
vn -0.275273 -0.787962 0.550764 
vn -0.295797 -0.785999 0.542872 
vn -0.316116 -0.78381 0.534521 
vn -0.336217 -0.781395 0.525718 
vn -0.356089 -0.778756 0.516468 
vn -0.375717 -0.775895 0.506777 
vn -0.395091 -0.772814 0.496651 
vn 0.179813 -0.771156 0.610725 
vn 0.2014 -0.772814 0.601828 
vn 0.157967 -0.774029 0.613128 
vn 0.136043 -0.776678 0.615031 
vn 0.114056 -0.779103 0.616434 
vn 0.0920188 -0.781301 0.617334 
vn 0.0699452 -0.783271 0.617733 
vn 0.047849 -0.785013 0.617629 
vn 0.0257439 -0.786524 0.617023 
vn 0.00364376 -0.787805 0.615914 
vn -0.0184378 -0.788853 0.614305 
vn -0.040487 -0.78967 0.612195 
vn -0.0624901 -0.790253 0.609586 
vn -0.0844335 -0.790604 0.606479 
vn -0.106303 -0.79072 0.602877 
vn -0.128087 -0.790604 0.598782 
vn -0.149769 -0.790253 0.594196 
vn -0.171338 -0.78967 0.589122 
vn -0.192779 -0.788853 0.583564 
vn -0.214079 -0.787805 0.577524 
vn -0.235226 -0.786524 0.571007 
vn -0.256205 -0.785013 0.564016 
vn -0.277004 -0.783271 0.556556 
vn -0.29761 -0.781301 0.548632 
vn -0.31801 -0.779103 0.540249 
vn -0.338192 -0.776678 0.531411 
vn -0.358142 -0.774029 0.522124 
vn -0.377849 -0.771156 0.512394 
vn -0.397301 -0.768063 0.502227 
vn 0.179886 -0.766313 0.61677 
vn 0.201569 -0.768063 0.607824 
vn 0.157953 -0.769197 0.619182 
vn 0.135943 -0.771857 0.621093 
vn 0.113868 -0.774291 0.622501 
vn 0.0917437 -0.776498 0.623406 
vn 0.0695827 -0.778476 0.623806 
vn 0.047399 -0.780224 0.623702 
vn 0.0252064 -0.781742 0.623093 
vn 0.00301872 -0.783027 0.62198 
vn -0.0191503 -0.78408 0.620364 
vn -0.0412868 -0.7849 0.618246 
vn -0.063377 -0.785486 0.615626 
vn -0.0854073 -0.785837 0.612507 
vn -0.107364 -0.785955 0.608891 
vn -0.129233 -0.785837 0.60478 
vn -0.151002 -0.785486 0.600176 
vn -0.172656 -0.7849 0.595082 
vn -0.194182 -0.78408 0.589501 
vn -0.215566 -0.783027 0.583438 
vn -0.236797 -0.781742 0.576895 
vn -0.257859 -0.780224 0.569876 
vn -0.278741 -0.778476 0.562387 
vn -0.299428 -0.776498 0.554432 
vn -0.319909 -0.774291 0.546015 
vn -0.340171 -0.771857 0.537142 
vn -0.3602 -0.769197 0.527818 
vn -0.379985 -0.766313 0.51805 
vn -0.399513 -0.763207 0.507843 
vn 0.179948 -0.761361 0.622854 
vn 0.201727 -0.763207 0.613858 
vn 0.157929 -0.764256 0.625276 
vn 0.135832 -0.766927 0.627195 
vn 0.113671 -0.76937 0.628608 
vn 0.0914595 -0.771586 0.629516 
vn 0.0692113 -0.773572 0.629918 
vn 0.0469404 -0.775327 0.629813 
vn 0.0246605 -0.77685 0.629202 
vn 0.00238554 -0.778141 0.628085 
vn -0.0198706 -0.779198 0.626463 
vn -0.0420942 -0.780021 0.624336 
vn -0.0642714 -0.780609 0.621706 
vn -0.0863883 -0.780962 0.618575 
vn -0.108431 -0.78108 0.614945 
vn -0.130387 -0.780962 0.610817 
vn -0.152241 -0.780609 0.606195 
vn -0.17398 -0.780021 0.601081 
vn -0.195591 -0.779198 0.595478 
vn -0.217059 -0.778141 0.589391 
vn -0.238373 -0.77685 0.582822 
vn -0.259518 -0.775327 0.575776 
vn -0.280482 -0.773572 0.568258 
vn -0.301251 -0.771586 0.560271 
vn -0.321813 -0.76937 0.551821 
vn -0.342154 -0.766927 0.542913 
vn -0.362262 -0.764256 0.533553 
vn -0.382125 -0.761361 0.523746 
vn -0.40173 -0.758243 0.513499 
vn 0.18 -0.756297 0.628979 
vn 0.201876 -0.758243 0.619931 
vn 0.157895 -0.759203 0.631411 
vn 0.135712 -0.761884 0.633336 
vn 0.113464 -0.764337 0.634756 
vn 0.0911659 -0.766561 0.635667 
vn 0.0688308 -0.768555 0.63607 
vn 0.0464728 -0.770317 0.635965 
vn 0.0241059 -0.771847 0.635352 
vn 0.00174394 -0.773142 0.63423 
vn -0.0205992 -0.774203 0.632601 
vn -0.0429096 -0.77503 0.630466 
vn -0.0651734 -0.77562 0.627826 
vn -0.0873767 -0.775974 0.624683 
vn -0.109506 -0.776093 0.621038 
vn -0.131547 -0.775974 0.616895 
vn -0.153486 -0.77562 0.612254 
vn -0.17531 -0.77503 0.607121 
vn -0.197006 -0.774203 0.601496 
vn -0.218558 -0.773142 0.595385 
vn -0.239955 -0.771847 0.588791 
vn -0.261183 -0.770317 0.581717 
vn -0.282229 -0.768555 0.574169 
vn -0.303079 -0.766561 0.566151 
vn -0.323721 -0.764337 0.557668 
vn -0.344141 -0.761884 0.548725 
vn -0.364328 -0.759203 0.539329 
vn -0.384269 -0.756297 0.529483 
vn -0.40395 -0.753166 0.519196 
vn 0.180042 -0.751116 0.635145 
vn 0.202014 -0.753166 0.626044 
vn 0.157851 -0.754034 0.637586 
vn 0.135581 -0.756725 0.639519 
vn 0.113247 -0.759188 0.640944 
vn 0.0908625 -0.76142 0.641859 
vn 0.0684407 -0.763422 0.642264 
vn 0.0459961 -0.765191 0.642158 
vn 0.0235424 -0.766726 0.641543 
vn 0.00109366 -0.768027 0.640417 
vn -0.0213361 -0.769092 0.638782 
vn -0.0437331 -0.769922 0.636638 
vn -0.0660832 -0.770514 0.633988 
vn -0.0883727 -0.77087 0.630833 
vn -0.110588 -0.770989 0.627174 
vn -0.132714 -0.77087 0.623014 
vn -0.154739 -0.770514 0.618356 
vn -0.176647 -0.769922 0.613202 
vn -0.198427 -0.769092 0.607556 
vn -0.220063 -0.768027 0.601421 
vn -0.241543 -0.766726 0.594801 
vn -0.262853 -0.765191 0.5877 
vn -0.28398 -0.763422 0.580123 
vn -0.304912 -0.76142 0.572073 
vn -0.325633 -0.759188 0.563558 
vn -0.346133 -0.756725 0.55458 
vn -0.366399 -0.754034 0.545147 
vn -0.386416 -0.751116 0.535264 
vn -0.406174 -0.747973 0.524936 
vn 0.180071 -0.745815 0.641353 
vn 0.20214 -0.747973 0.632199 
vn 0.157795 -0.748744 0.643804 
vn 0.13544 -0.751446 0.645744 
vn 0.11302 -0.753918 0.647174 
vn 0.0905489 -0.756159 0.648093 
vn 0.0680408 -0.758168 0.648499 
vn 0.0455097 -0.759944 0.648393 
vn 0.0229696 -0.761485 0.647775 
vn 0.000434448 -0.762791 0.646645 
vn -0.0220817 -0.76386 0.645004 
vn -0.0445649 -0.764693 0.642852 
vn -0.0670011 -0.765288 0.640192 
vn -0.0893764 -0.765645 0.637024 
vn -0.111677 -0.765764 0.633351 
vn -0.133889 -0.765645 0.629175 
vn -0.155998 -0.765288 0.624499 
vn -0.177991 -0.764693 0.619325 
vn -0.199854 -0.76386 0.613657 
vn -0.221574 -0.762791 0.607499 
vn -0.243137 -0.761485 0.600853 
vn -0.264529 -0.759944 0.593725 
vn -0.285737 -0.758168 0.586119 
vn -0.306749 -0.756159 0.578039 
vn -0.327551 -0.753918 0.56949 
vn -0.34813 -0.751446 0.560478 
vn -0.368473 -0.748744 0.551008 
vn -0.388568 -0.745815 0.541087 
vn -0.408402 -0.74266 0.53072 
vn 0.180089 -0.74039 0.647604 
vn 0.202255 -0.74266 0.638395 
vn 0.157728 -0.74333 0.650063 
vn 0.135287 -0.746042 0.652011 
vn 0.112782 -0.748523 0.653447 
vn 0.0902249 -0.750773 0.654369 
vn 0.0676308 -0.75279 0.654777 
vn 0.0450136 -0.754573 0.654671 
vn 0.0223873 -0.75612 0.65405 
vn -0.000233928 -0.757431 0.652916 
vn -0.0228361 -0.758504 0.651268 
vn -0.0454052 -0.75934 0.649108 
vn -0.0679271 -0.759937 0.646438 
vn -0.0903879 -0.760296 0.643258 
vn -0.112774 -0.760415 0.639571 
vn -0.13507 -0.760296 0.635379 
vn -0.157264 -0.759937 0.630685 
vn -0.179341 -0.75934 0.625492 
vn -0.201288 -0.758504 0.619802 
vn -0.22309 -0.757431 0.61362 
vn -0.244735 -0.75612 0.606949 
vn -0.266209 -0.754573 0.599794 
vn -0.287499 -0.75279 0.592158 
vn -0.308591 -0.750773 0.584047 
vn -0.329472 -0.748523 0.575466 
vn -0.35013 -0.746042 0.566419 
vn -0.370551 -0.74333 0.556914 
vn -0.390722 -0.74039 0.546954 
vn -0.410632 -0.737223 0.536548 
vn 0.180095 -0.734837 0.653897 
vn 0.202358 -0.737223 0.644634 
vn 0.157649 -0.737788 0.656366 
vn 0.135123 -0.74051 0.658321 
vn 0.112532 -0.743001 0.659762 
vn 0.0898899 -0.745259 0.660688 
vn 0.0672102 -0.747284 0.661097 
vn 0.0445073 -0.749073 0.660991 
vn 0.0217953 -0.750626 0.660368 
vn -0.000911703 -0.751942 0.659229 
vn -0.0235996 -0.753019 0.657575 
vn -0.0462542 -0.753858 0.655407 
vn -0.0688615 -0.754458 0.652726 
vn -0.0914074 -0.754818 0.649534 
vn -0.113878 -0.754938 0.645834 
vn -0.136259 -0.754818 0.641626 
vn -0.158537 -0.754458 0.636914 
vn -0.180698 -0.753858 0.631701 
vn -0.202728 -0.753019 0.62599 
vn -0.224613 -0.751942 0.619784 
vn -0.24634 -0.750626 0.613088 
vn -0.267895 -0.749073 0.605906 
vn -0.289266 -0.747284 0.598241 
vn -0.310437 -0.745259 0.590099 
vn -0.331398 -0.743001 0.581485 
vn -0.352134 -0.74051 0.572405 
vn -0.372632 -0.737788 0.562863 
vn -0.39288 -0.734837 0.552866 
vn -0.412865 -0.731658 0.54242 
vn 0.202525 -0.72596 0.657241 
vn 0.202448 -0.731658 0.650916 
vn 0.224693 -0.728253 0.647426 
vn 0.180088 -0.729151 0.660233 
vn 0.157557 -0.732113 0.662711 
vn 0.134947 -0.734845 0.664674 
vn 0.112271 -0.737346 0.66612 
vn 0.0895437 -0.739613 0.667049 
vn 0.0667788 -0.741645 0.66746 
vn 0.0439906 -0.743441 0.667353 
vn 0.0211932 -0.745 0.666728 
vn -0.0015991 -0.74632 0.665585 
vn -0.0243722 -0.747402 0.663925 
vn -0.0471119 -0.748244 0.661749 
vn -0.0698042 -0.748846 0.659058 
vn -0.0924348 -0.749207 0.655854 
vn -0.11499 -0.749328 0.652139 
vn -0.137455 -0.749207 0.647916 
vn -0.159817 -0.748846 0.643186 
vn -0.182061 -0.748244 0.637954 
vn -0.204173 -0.747402 0.632221 
vn -0.226141 -0.74632 0.625992 
vn -0.247949 -0.745 0.619271 
vn -0.269586 -0.743441 0.612061 
vn -0.291036 -0.741645 0.604368 
vn -0.312288 -0.739613 0.596196 
vn -0.333327 -0.737346 0.587549 
vn -0.354141 -0.734845 0.578435 
vn -0.374716 -0.732113 0.568857 
vn -0.39504 -0.729151 0.558822 
vn -0.4151 -0.72596 0.548337 
vn -0.434885 -0.722543 0.537408 
vn -0.432575 -0.728253 0.531531 
vn 0.202587 -0.720126 0.663609 
vn 0.224854 -0.722543 0.653737 
vn 0.180067 -0.723329 0.666612 
vn 0.157453 -0.726302 0.669099 
vn 0.134758 -0.729045 0.671069 
vn 0.111998 -0.731554 0.672521 
vn 0.0891858 -0.73383 0.673454 
vn 0.0663362 -0.735869 0.673866 
vn 0.0434631 -0.737672 0.673759 
vn 0.0205809 -0.739237 0.673131 
vn -0.00229633 -0.740562 0.671984 
vn -0.0251542 -0.741648 0.670317 
vn -0.0479786 -0.742493 0.668133 
vn -0.0707554 -0.743097 0.665432 
vn -0.0934703 -0.74346 0.662217 
vn -0.116109 -0.743581 0.658488 
vn -0.138658 -0.74346 0.654249 
vn -0.161103 -0.743097 0.649502 
vn -0.18343 -0.742493 0.644249 
vn -0.205625 -0.741648 0.638496 
vn -0.227674 -0.740562 0.632243 
vn -0.249564 -0.739237 0.625497 
vn -0.271281 -0.737672 0.618261 
vn -0.292811 -0.735869 0.610539 
vn -0.314142 -0.73383 0.602336 
vn -0.335259 -0.731554 0.593658 
vn -0.356151 -0.729045 0.584509 
vn -0.376802 -0.726302 0.574896 
vn -0.397202 -0.723329 0.564824 
vn -0.417337 -0.720126 0.554299 
vn -0.437195 -0.716696 0.543329 
vn 0.202636 -0.714152 0.670019 
vn 0.225 -0.716696 0.660092 
vn 0.180032 -0.717366 0.673033 
vn 0.157335 -0.720351 0.67553 
vn 0.134556 -0.723103 0.677507 
vn 0.111712 -0.725622 0.678964 
vn 0.088816 -0.727906 0.6799 
vn 0.065882 -0.729953 0.680314 
vn 0.0429246 -0.731763 0.680206 
vn 0.019958 -0.733333 0.679576 
vn -0.00300359 -0.734664 0.678425 
vn -0.0259458 -0.735753 0.676753 
vn -0.0488544 -0.736601 0.67456 
vn -0.0717151 -0.737208 0.671849 
vn -0.0945138 -0.737572 0.668622 
vn -0.117236 -0.737693 0.664879 
vn -0.139868 -0.737572 0.660625 
vn -0.162396 -0.737208 0.65586 
vn -0.184805 -0.736601 0.650588 
vn -0.207082 -0.735753 0.644813 
vn -0.229213 -0.734664 0.638538 
vn -0.251183 -0.733333 0.631767 
vn -0.27298 -0.731763 0.624504 
vn -0.29459 -0.729953 0.616753 
vn -0.315999 -0.727906 0.60852 
vn -0.337195 -0.725622 0.59981 
vn -0.358163 -0.723103 0.590628 
vn -0.378891 -0.720351 0.580979 
vn -0.399366 -0.717366 0.57087 
vn -0.419575 -0.714152 0.560307 
vn -0.439506 -0.71071 0.549296 
vn 0.202669 -0.708033 0.676472 
vn 0.225131 -0.71071 0.666489 
vn 0.179983 -0.71126 0.679497 
vn 0.157202 -0.714255 0.682003 
vn 0.134341 -0.717017 0.683987 
vn 0.111413 -0.719546 0.68545 
vn 0.0884336 -0.721838 0.686389 
vn 0.065416 -0.723892 0.686805 
vn 0.0423747 -0.725708 0.686696 
vn 0.0193243 -0.727284 0.686064 
vn -0.00372109 -0.72862 0.684908 
vn -0.026747 -0.729713 0.68323 
vn -0.0497392 -0.730565 0.681029 
vn -0.0726834 -0.731173 0.678309 
vn -0.0955653 -0.731538 0.675069 
vn -0.118371 -0.73166 0.671313 
vn -0.141085 -0.731538 0.667043 
vn -0.163695 -0.731173 0.662261 
vn -0.186186 -0.730565 0.65697 
vn -0.208544 -0.729713 0.651174 
vn -0.230756 -0.72862 0.644876 
vn -0.252807 -0.727284 0.63808 
vn -0.274683 -0.725708 0.63079 
vn -0.296372 -0.723892 0.623012 
vn -0.317859 -0.721838 0.614749 
vn -0.339132 -0.719546 0.606006 
vn -0.360177 -0.717017 0.59679 
vn -0.38098 -0.714255 0.587106 
vn -0.40153 -0.71126 0.57696 
vn -0.421813 -0.708033 0.566359 
vn -0.441817 -0.704578 0.555308 
vn 0.202686 -0.701766 0.682966 
vn 0.225246 -0.704578 0.672929 
vn 0.179918 -0.705004 0.686002 
vn 0.157055 -0.70801 0.688517 
vn 0.134112 -0.710783 0.690509 
vn 0.111101 -0.71332 0.691976 
vn 0.0880384 -0.71562 0.692919 
vn 0.0649377 -0.717682 0.693336 
vn 0.0418132 -0.719505 0.693228 
vn 0.0186796 -0.721087 0.692593 
vn -0.004449 -0.722427 0.691433 
vn -0.0275581 -0.723524 0.689749 
vn -0.0506333 -0.724379 0.68754 
vn -0.0736603 -0.724989 0.68481 
vn -0.0966248 -0.725356 0.681559 
vn -0.119513 -0.725478 0.677789 
vn -0.142309 -0.725356 0.673503 
vn -0.165001 -0.724989 0.668704 
vn -0.187573 -0.724379 0.663394 
vn -0.210012 -0.723524 0.657577 
vn -0.232303 -0.722427 0.651256 
vn -0.254434 -0.721087 0.644436 
vn -0.276389 -0.719505 0.63712 
vn -0.298156 -0.717682 0.629313 
vn -0.319721 -0.71562 0.62102 
vn -0.341071 -0.71332 0.612246 
vn -0.362192 -0.710783 0.602997 
vn -0.38307 -0.70801 0.593278 
vn -0.403694 -0.705004 0.583095 
vn -0.424051 -0.701766 0.572456 
vn -0.444127 -0.698299 0.561365 
vn 0.202687 -0.695346 0.689501 
vn 0.225345 -0.698299 0.679411 
vn 0.179838 -0.698595 0.692548 
vn 0.156893 -0.701612 0.695072 
vn 0.133868 -0.704394 0.697071 
vn 0.110775 -0.706941 0.698544 
vn 0.0876299 -0.709249 0.69949 
vn 0.0644467 -0.711319 0.699909 
vn 0.0412398 -0.713148 0.6998 
vn 0.0180236 -0.714735 0.699163 
vn -0.00518751 -0.71608 0.697999 
vn -0.028379 -0.717182 0.696308 
vn -0.0515366 -0.718039 0.694092 
vn -0.0746458 -0.718652 0.691352 
vn -0.0976922 -0.71902 0.688089 
vn -0.120662 -0.719143 0.684306 
vn -0.14354 -0.71902 0.680005 
vn -0.166312 -0.718652 0.675188 
vn -0.188965 -0.718039 0.66986 
vn -0.211484 -0.717182 0.664022 
vn -0.233855 -0.71608 0.657678 
vn -0.256064 -0.714735 0.650834 
vn -0.278098 -0.713148 0.643492 
vn -0.299943 -0.711319 0.635657 
vn -0.321585 -0.709249 0.627334 
vn -0.343011 -0.706941 0.618529 
vn -0.364207 -0.704394 0.609247 
vn -0.38516 -0.701612 0.599493 
vn -0.405858 -0.698595 0.589274 
vn -0.426287 -0.695346 0.578596 
vn -0.446434 -0.691866 0.567466 
vn 0.20267 -0.688769 0.696077 
vn 0.225426 -0.691866 0.685933 
vn 0.17974 -0.692029 0.699134 
vn 0.156715 -0.695057 0.701667 
vn 0.133608 -0.697849 0.703673 
vn 0.110434 -0.700404 0.705151 
vn 0.0872077 -0.702721 0.706101 
vn 0.0639428 -0.704798 0.706521 
vn 0.0406541 -0.706633 0.706411 
vn 0.0173561 -0.708226 0.705772 
vn -0.00593679 -0.709576 0.704604 
vn -0.02921 -0.710681 0.702907 
vn -0.0524492 -0.711542 0.700683 
vn -0.0756398 -0.712157 0.697933 
vn -0.0987675 -0.712526 0.694659 
vn -0.121818 -0.712649 0.690863 
vn -0.144776 -0.712526 0.686547 
vn -0.167629 -0.712157 0.681713 
vn -0.190362 -0.711542 0.676366 
vn -0.21296 -0.710681 0.670507 
vn -0.23541 -0.709576 0.664142 
vn -0.257698 -0.708226 0.657273 
vn -0.279809 -0.706633 0.649905 
vn -0.301731 -0.704798 0.642042 
vn -0.323449 -0.702721 0.633691 
vn -0.34495 -0.700404 0.624854 
vn -0.366221 -0.697849 0.61554 
vn -0.387248 -0.695057 0.605752 
vn -0.408019 -0.692029 0.595497 
vn -0.42852 -0.688769 0.584781 
vn -0.448738 -0.685276 0.573612 
vn 0.202635 -0.68203 0.702691 
vn 0.225489 -0.685276 0.692496 
vn 0.179626 -0.685302 0.705759 
vn 0.15652 -0.68834 0.7083 
vn 0.133333 -0.691142 0.710313 
vn 0.110079 -0.693706 0.711797 
vn 0.0867714 -0.696031 0.712749 
vn 0.0634256 -0.698115 0.713171 
vn 0.0400559 -0.699957 0.713061 
vn 0.0166769 -0.701555 0.71242 
vn -0.00669697 -0.70291 0.711248 
vn -0.0300511 -0.704019 0.709545 
vn -0.0533711 -0.704882 0.707314 
vn -0.0766423 -0.705499 0.704554 
vn -0.0998504 -0.70587 0.701269 
vn -0.122981 -0.705993 0.697459 
vn -0.146019 -0.70587 0.693128 
vn -0.168951 -0.705499 0.688277 
vn -0.191763 -0.704882 0.682911 
vn -0.21444 -0.704019 0.677032 
vn -0.236968 -0.70291 0.670645 
vn -0.259333 -0.701555 0.663752 
vn -0.281522 -0.699957 0.656358 
vn -0.303519 -0.698115 0.648469 
vn -0.325313 -0.696031 0.640088 
vn -0.346889 -0.693706 0.631221 
vn -0.368234 -0.691142 0.621874 
vn -0.389334 -0.68834 0.612052 
vn -0.410177 -0.685302 0.601761 
vn -0.430749 -0.68203 0.591008 
vn -0.451038 -0.678526 0.5798 
vn 0.225558 -0.671609 0.705737 
vn 0.225534 -0.678526 0.699098 
vn 0.248308 -0.674791 0.694982 
vn 0.202581 -0.675125 0.709343 
vn 0.179493 -0.678409 0.712421 
vn 0.156308 -0.681457 0.714971 
vn 0.133042 -0.684269 0.716991 
vn 0.109708 -0.686841 0.71848 
vn 0.0863204 -0.689174 0.719436 
vn 0.0628946 -0.691265 0.719859 
vn 0.0394449 -0.693114 0.719748 
vn 0.0159857 -0.694718 0.719105 
vn -0.00746824 -0.696077 0.717929 
vn -0.0309024 -0.69719 0.71622 
vn -0.0543023 -0.698056 0.713981 
vn -0.0776533 -0.698675 0.711212 
vn -0.100941 -0.699047 0.707915 
vn -0.124151 -0.699171 0.704093 
vn -0.147268 -0.699047 0.699747 
vn -0.170279 -0.698675 0.69488 
vn -0.193168 -0.698056 0.689495 
vn -0.215923 -0.69719 0.683596 
vn -0.238528 -0.696077 0.677187 
vn -0.26097 -0.694718 0.67027 
vn -0.283234 -0.693114 0.662851 
vn -0.305308 -0.691265 0.654935 
vn -0.327176 -0.689174 0.646525 
vn -0.348826 -0.686841 0.637628 
vn -0.370244 -0.684269 0.628248 
vn -0.391416 -0.681457 0.618393 
vn -0.412331 -0.678409 0.608067 
vn -0.432973 -0.675125 0.597277 
vn -0.453332 -0.671609 0.586031 
vn -0.473393 -0.667862 0.574334 
vn -0.471031 -0.674791 0.568143 
vn 0.225562 -0.664522 0.712413 
vn 0.24841 -0.667862 0.701607 
vn 0.202507 -0.66805 0.71603 
vn 0.179341 -0.671345 0.71912 
vn 0.156078 -0.674404 0.721678 
vn 0.132733 -0.677225 0.723705 
vn 0.10932 -0.679806 0.725198 
vn 0.0858543 -0.682147 0.726158 
vn 0.0623495 -0.684245 0.726582 
vn 0.0388206 -0.686099 0.726471 
vn 0.0152823 -0.687709 0.725826 
vn -0.00825073 -0.689072 0.724645 
vn -0.031764 -0.690189 0.722931 
vn -0.0552428 -0.691059 0.720685 
vn -0.0786725 -0.69168 0.717906 
vn -0.102039 -0.692053 0.714598 
vn -0.125327 -0.692177 0.710763 
vn -0.148522 -0.692053 0.706402 
vn -0.17161 -0.69168 0.701519 
vn -0.194577 -0.691059 0.696116 
vn -0.217409 -0.690189 0.690197 
vn -0.24009 -0.689072 0.683766 
vn -0.262608 -0.687709 0.676826 
vn -0.284947 -0.686099 0.669382 
vn -0.307095 -0.684245 0.661439 
vn -0.329037 -0.682147 0.653001 
vn -0.35076 -0.679806 0.644074 
vn -0.37225 -0.677225 0.634663 
vn -0.393494 -0.674404 0.624774 
vn -0.414479 -0.671345 0.614413 
vn -0.435191 -0.66805 0.603587 
vn -0.455618 -0.664522 0.592302 
vn -0.475748 -0.660763 0.580566 
vn 0.225544 -0.657261 0.719123 
vn 0.248491 -0.660763 0.708269 
vn 0.202412 -0.660801 0.722753 
vn 0.17917 -0.664106 0.725852 
vn 0.15583 -0.667175 0.728419 
vn 0.132407 -0.670006 0.730453 
vn 0.108917 -0.672596 0.731951 
vn 0.0853726 -0.674944 0.732913 
vn 0.0617898 -0.677049 0.733339 
vn 0.0381829 -0.67891 0.733228 
vn 0.0145666 -0.680525 0.73258 
vn -0.00904457 -0.681893 0.731396 
vn -0.0326358 -0.683013 0.729677 
vn -0.0561925 -0.683885 0.727422 
vn -0.0797 -0.684509 0.724635 
vn -0.103144 -0.684883 0.721316 
vn -0.126509 -0.685008 0.717468 
vn -0.149781 -0.684883 0.713092 
vn -0.172946 -0.684509 0.708193 
vn -0.195989 -0.683885 0.702772 
vn -0.218896 -0.683013 0.696834 
vn -0.241653 -0.681893 0.690381 
vn -0.264245 -0.680525 0.683418 
vn -0.286659 -0.67891 0.67595 
vn -0.30888 -0.677049 0.66798 
vn -0.330895 -0.674944 0.659514 
vn -0.35269 -0.672596 0.650557 
vn -0.374252 -0.670006 0.641115 
vn -0.395566 -0.667175 0.631193 
vn -0.41662 -0.664106 0.620798 
vn -0.437401 -0.660801 0.609936 
vn -0.457896 -0.657261 0.598614 
vn -0.478092 -0.653489 0.586839 
vn 0.225503 -0.649821 0.725866 
vn 0.248549 -0.653489 0.714965 
vn 0.202296 -0.653372 0.729507 
vn 0.178977 -0.656689 0.732617 
vn 0.155562 -0.659767 0.735192 
vn 0.132063 -0.662607 0.737232 
vn 0.108496 -0.665206 0.738736 
vn 0.0848749 -0.667562 0.739701 
vn 0.0612153 -0.669674 0.740128 
vn 0.0375315 -0.67154 0.740017 
vn 0.0138382 -0.67316 0.739367 
vn -0.00984987 -0.674533 0.738179 
vn -0.033518 -0.675657 0.736454 
vn -0.0571514 -0.676532 0.734192 
vn -0.0807355 -0.677158 0.731395 
vn -0.104255 -0.677533 0.728066 
vn -0.127697 -0.677658 0.724205 
vn -0.151045 -0.677533 0.719816 
vn -0.174285 -0.677158 0.7149 
vn -0.197404 -0.676532 0.709462 
vn -0.220385 -0.675657 0.703504 
vn -0.243216 -0.674533 0.69703 
vn -0.265882 -0.67316 0.690045 
vn -0.288369 -0.67154 0.682552 
vn -0.310662 -0.669674 0.674556 
vn -0.332749 -0.667562 0.666063 
vn -0.354615 -0.665206 0.657077 
vn -0.376247 -0.662607 0.647604 
vn -0.397631 -0.659767 0.63765 
vn -0.418753 -0.656689 0.627221 
vn -0.439602 -0.653372 0.616323 
vn -0.460164 -0.649821 0.604964 
vn -0.480426 -0.646037 0.593151 
vn 0.225438 -0.642198 0.732639 
vn 0.248583 -0.646037 0.721695 
vn 0.202157 -0.64576 0.736292 
vn 0.178764 -0.649087 0.739411 
vn 0.155273 -0.652176 0.741995 
vn 0.131699 -0.655025 0.744042 
vn 0.108057 -0.657631 0.74555 
vn 0.0843607 -0.659995 0.746518 
vn 0.0606255 -0.662114 0.746947 
vn 0.036866 -0.663986 0.746835 
vn 0.013097 -0.665612 0.746183 
vn -0.0106667 -0.666989 0.744992 
vn -0.0344105 -0.668116 0.743261 
vn -0.0581194 -0.668994 0.740992 
vn -0.0817788 -0.669622 0.738186 
vn -0.105374 -0.669998 0.734846 
vn -0.12889 -0.670124 0.730973 
vn -0.152313 -0.669998 0.726569 
vn -0.175628 -0.669622 0.721638 
vn -0.19882 -0.668994 0.716183 
vn -0.221875 -0.668116 0.710206 
vn -0.244779 -0.666989 0.703711 
vn -0.267517 -0.665612 0.696704 
vn -0.290075 -0.663986 0.689187 
vn -0.31244 -0.662114 0.681166 
vn -0.334597 -0.659995 0.672645 
vn -0.356533 -0.657631 0.66363 
vn -0.378234 -0.655025 0.654127 
vn -0.399686 -0.652176 0.644141 
vn -0.420877 -0.649087 0.633679 
vn -0.441792 -0.64576 0.622747 
vn -0.462419 -0.642198 0.611351 
vn -0.482746 -0.638401 0.5995 
vn 0.225348 -0.634387 0.73944 
vn 0.248592 -0.638401 0.728455 
vn 0.201994 -0.637961 0.743105 
vn 0.178528 -0.641298 0.746234 
vn 0.154964 -0.644396 0.748826 
vn 0.131316 -0.647254 0.750879 
vn 0.1076 -0.649869 0.752392 
vn 0.0838294 -0.65224 0.753363 
vn 0.06002 -0.654365 0.753793 
vn 0.0361862 -0.656243 0.753681 
vn 0.0123428 -0.657874 0.753027 
vn -0.0114952 -0.659255 0.751832 
vn -0.0353132 -0.660386 0.750095 
vn -0.0590963 -0.661267 0.747819 
vn -0.0828298 -0.661896 0.745005 
vn -0.106499 -0.662274 0.741654 
vn -0.130089 -0.6624 0.737769 
vn -0.153585 -0.662274 0.733352 
vn -0.176972 -0.661896 0.728405 
vn -0.200237 -0.661267 0.722932 
vn -0.223364 -0.660386 0.716937 
vn -0.24634 -0.659255 0.710422 
vn -0.269149 -0.657874 0.703392 
vn -0.291778 -0.656243 0.695852 
vn -0.314213 -0.654365 0.687806 
vn -0.336439 -0.65224 0.679258 
vn -0.358444 -0.649869 0.670215 
vn -0.380212 -0.647254 0.660682 
vn -0.401732 -0.644396 0.650665 
vn -0.422988 -0.641298 0.64017 
vn -0.443969 -0.637961 0.629204 
vn -0.464661 -0.634387 0.617773 
vn -0.485051 -0.630578 0.605885 
vn 0.225232 -0.626384 0.746267 
vn 0.248574 -0.630578 0.735243 
vn 0.201807 -0.629968 0.749943 
vn 0.178269 -0.633316 0.753081 
vn 0.154632 -0.636423 0.755681 
vn 0.130912 -0.63929 0.75774 
vn 0.107124 -0.641913 0.759258 
vn 0.0832806 -0.644291 0.760232 
vn 0.0593984 -0.646423 0.760664 
vn 0.0354917 -0.648307 0.760551 
vn 0.0115755 -0.649942 0.759895 
vn -0.0123355 -0.651328 0.758696 
vn -0.0362263 -0.652463 0.756955 
vn -0.0600821 -0.653346 0.754672 
vn -0.0838881 -0.653977 0.751849 
vn -0.107629 -0.654356 0.748488 
vn -0.131291 -0.654483 0.744591 
vn -0.154859 -0.654356 0.74016 
vn -0.178318 -0.653977 0.735198 
vn -0.201654 -0.653346 0.729709 
vn -0.224852 -0.652463 0.723695 
vn -0.247898 -0.651328 0.71716 
vn -0.270777 -0.649942 0.710109 
vn -0.293475 -0.648307 0.702546 
vn -0.315979 -0.646423 0.694475 
vn -0.338273 -0.644291 0.685901 
vn -0.360345 -0.641913 0.676831 
vn -0.38218 -0.63929 0.667268 
vn -0.403765 -0.636423 0.657221 
vn -0.425087 -0.633316 0.646694 
vn -0.446132 -0.629968 0.635694 
vn -0.466887 -0.626384 0.624228 
vn -0.487339 -0.622564 0.612303 
vn 0.248455 -0.614352 0.748893 
vn 0.248529 -0.622564 0.742057 
vn 0.271685 -0.618511 0.737314 
vn 0.225088 -0.618184 0.753116 
vn 0.201593 -0.621779 0.756803 
vn 0.177985 -0.625137 0.759951 
vn 0.154278 -0.628254 0.762559 
vn 0.130488 -0.631129 0.764624 
vn 0.106628 -0.633759 0.766146 
vn 0.0827138 -0.636145 0.767123 
vn 0.0587603 -0.638283 0.767556 
vn 0.0347823 -0.640173 0.767443 
vn 0.0107948 -0.641813 0.766785 
vn -0.0131875 -0.643203 0.765582 
vn -0.0371496 -0.644341 0.763836 
vn -0.0610766 -0.645227 0.761546 
vn -0.0849535 -0.64586 0.758715 
vn -0.108766 -0.64624 0.755344 
vn -0.132498 -0.646367 0.751435 
vn -0.156136 -0.64624 0.746991 
vn -0.179665 -0.64586 0.742014 
vn -0.203071 -0.645227 0.736508 
vn -0.226338 -0.644341 0.730477 
vn -0.249452 -0.643203 0.723923 
vn -0.2724 -0.641813 0.71685 
vn -0.295166 -0.640173 0.709264 
vn -0.317736 -0.638283 0.701169 
vn -0.340097 -0.636145 0.69257 
vn -0.362235 -0.633759 0.683473 
vn -0.384135 -0.631129 0.673882 
vn -0.405785 -0.628254 0.663804 
vn -0.42717 -0.625137 0.653246 
vn -0.448278 -0.621779 0.642213 
vn -0.469095 -0.618184 0.630713 
vn -0.489608 -0.614352 0.618753 
vn -0.509805 -0.610288 0.60634 
vn -0.507476 -0.618511 0.599927 
vn 0.248351 -0.605941 0.75575 
vn 0.27168 -0.610288 0.744137 
vn 0.224916 -0.609783 0.759985 
vn 0.201353 -0.613389 0.763682 
vn 0.177676 -0.616756 0.76684 
vn 0.153901 -0.619882 0.769455 
vn 0.130041 -0.622766 0.771526 
vn 0.106112 -0.625404 0.773052 
vn 0.0821284 -0.627796 0.774033 
vn 0.0581054 -0.629941 0.774467 
vn 0.0340578 -0.631836 0.774353 
vn 0.0100005 -0.633481 0.773694 
vn -0.0140514 -0.634875 0.772487 
vn -0.038083 -0.636016 0.770736 
vn -0.0620795 -0.636905 0.768439 
vn -0.0860258 -0.63754 0.7656 
vn -0.109907 -0.637921 0.762219 
vn -0.133709 -0.638048 0.758299 
vn -0.157415 -0.637921 0.753842 
vn -0.181013 -0.63754 0.748851 
vn -0.204486 -0.636905 0.743329 
vn -0.227821 -0.636016 0.73728 
vn -0.251002 -0.634875 0.730707 
vn -0.274016 -0.633481 0.723614 
vn -0.296848 -0.631836 0.716006 
vn -0.319484 -0.629941 0.707887 
vn -0.34191 -0.627796 0.699263 
vn -0.364112 -0.625404 0.690139 
vn -0.386076 -0.622766 0.680521 
vn -0.407788 -0.619882 0.670414 
vn -0.429236 -0.616756 0.659825 
vn -0.450405 -0.613389 0.64876 
vn -0.471282 -0.609783 0.637226 
vn -0.491855 -0.605941 0.625231 
vn -0.512111 -0.601864 0.612782 
vn 0.248215 -0.597324 0.762623 
vn 0.271643 -0.601864 0.750979 
vn 0.224714 -0.601177 0.76687 
vn 0.201085 -0.604793 0.770578 
vn 0.177341 -0.60817 0.773744 
vn 0.153499 -0.611305 0.776366 
vn 0.129572 -0.614196 0.778443 
vn 0.105575 -0.616842 0.779974 
vn 0.0815239 -0.619241 0.780957 
vn 0.0574331 -0.621392 0.781392 
vn 0.0333177 -0.623292 0.781279 
vn 0.00919264 -0.624942 0.780617 
vn -0.0149271 -0.626339 0.779408 
vn -0.0390265 -0.627484 0.777651 
vn -0.0630906 -0.628375 0.775348 
vn -0.0871045 -0.629012 0.7725 
vn -0.111053 -0.629394 0.76911 
vn -0.134922 -0.629522 0.765179 
vn -0.158695 -0.629394 0.760709 
vn -0.182359 -0.629012 0.755704 
vn -0.205899 -0.628375 0.750167 
vn -0.229299 -0.627484 0.7441 
vn -0.252546 -0.626339 0.737509 
vn -0.275625 -0.624942 0.730396 
vn -0.298522 -0.623292 0.722767 
vn -0.321221 -0.621392 0.714625 
vn -0.343711 -0.619241 0.705977 
vn -0.365975 -0.616842 0.696827 
vn -0.388001 -0.614196 0.687182 
vn -0.409774 -0.611305 0.677046 
vn -0.431282 -0.60817 0.666427 
vn -0.452511 -0.604793 0.655331 
vn -0.473447 -0.601177 0.643765 
vn -0.494078 -0.597324 0.631736 
vn -0.514391 -0.593236 0.619252 
vn 0.248046 -0.588498 0.769508 
vn 0.271573 -0.593236 0.757839 
vn 0.224481 -0.592362 0.773767 
vn 0.200787 -0.595988 0.777485 
vn 0.176979 -0.599373 0.78066 
vn 0.153071 -0.602517 0.78329 
vn 0.129079 -0.605416 0.785372 
vn 0.105017 -0.608069 0.786907 
vn 0.0808998 -0.610475 0.787893 
vn 0.0567432 -0.612631 0.788329 
vn 0.0325619 -0.614537 0.788216 
vn 0.00837094 -0.616191 0.787552 
vn -0.0158147 -0.617593 0.786339 
vn -0.0399799 -0.61874 0.784578 
vn -0.0641098 -0.619634 0.782268 
vn -0.0881892 -0.620272 0.779413 
vn -0.112203 -0.620656 0.776013 
vn -0.136137 -0.620784 0.772072 
vn -0.159976 -0.620656 0.76759 
vn -0.183704 -0.620272 0.762571 
vn -0.207308 -0.619634 0.757019 
vn -0.230772 -0.61874 0.750936 
vn -0.254083 -0.617593 0.744326 
vn -0.277225 -0.616191 0.737194 
vn -0.300184 -0.614537 0.729544 
vn -0.322946 -0.612631 0.72138 
vn -0.345496 -0.610475 0.712708 
vn -0.367821 -0.608069 0.703533 
vn -0.389908 -0.605416 0.693861 
vn -0.411741 -0.602517 0.683698 
vn -0.433307 -0.599373 0.67305 
vn -0.454594 -0.595988 0.661924 
vn -0.475587 -0.592362 0.650326 
vn -0.496275 -0.588498 0.638265 
vn -0.516643 -0.584398 0.625746 
vn 0.247843 -0.579458 0.776403 
vn 0.271468 -0.584398 0.764712 
vn 0.224216 -0.583332 0.780673 
vn 0.200459 -0.586968 0.784401 
vn 0.176588 -0.590362 0.787584 
vn 0.152617 -0.593514 0.790221 
vn 0.128562 -0.596421 0.792309 
vn 0.104436 -0.599081 0.793848 
vn 0.0802555 -0.601493 0.794836 
vn 0.0560352 -0.603655 0.795274 
vn 0.0317901 -0.605566 0.79516 
vn 0.00753532 -0.607225 0.794494 
vn -0.0167141 -0.60863 0.793278 
vn -0.0409431 -0.60978 0.791512 
vn -0.0651367 -0.610676 0.789197 
vn -0.0892796 -0.611317 0.786334 
vn -0.113357 -0.611701 0.782925 
vn -0.137354 -0.611829 0.778973 
vn -0.161255 -0.611701 0.77448 
vn -0.185047 -0.611317 0.769448 
vn -0.208713 -0.610676 0.763881 
vn -0.232239 -0.60978 0.757781 
vn -0.255611 -0.60863 0.751154 
vn -0.278814 -0.607225 0.744003 
vn -0.301834 -0.605566 0.736333 
vn -0.324656 -0.603655 0.728148 
vn -0.347266 -0.601493 0.719453 
vn -0.36965 -0.599081 0.710254 
vn -0.391794 -0.596421 0.700556 
vn -0.413685 -0.593514 0.690366 
vn -0.435308 -0.590362 0.67969 
vn -0.456651 -0.586968 0.668535 
vn -0.4777 -0.583332 0.656907 
vn -0.498442 -0.579458 0.644813 
vn -0.518864 -0.575348 0.632262 
vn 0.247604 -0.570201 0.783303 
vn 0.271326 -0.575348 0.771594 
vn 0.223917 -0.574085 0.787584 
vn 0.2001 -0.577729 0.791321 
vn 0.176168 -0.581133 0.794512 
vn 0.152136 -0.584293 0.797155 
vn 0.128019 -0.587207 0.799249 
vn 0.103833 -0.589874 0.800792 
vn 0.0795906 -0.592292 0.801783 
vn 0.0553088 -0.594459 0.802221 
vn 0.0310021 -0.596375 0.802107 
vn 0.00668566 -0.598038 0.80144 
vn -0.0176254 -0.599446 0.800221 
vn -0.041916 -0.6006 0.79845 
vn -0.0661709 -0.601498 0.796129 
vn -0.0903752 -0.60214 0.793259 
vn -0.114514 -0.602525 0.789842 
vn -0.138572 -0.602654 0.785879 
vn -0.162534 -0.602525 0.781374 
vn -0.186386 -0.60214 0.77633 
vn -0.210112 -0.601498 0.770748 
vn -0.233698 -0.6006 0.764634 
vn -0.257129 -0.599446 0.75799 
vn -0.280391 -0.598038 0.750821 
vn -0.303469 -0.596375 0.743131 
vn -0.326349 -0.594459 0.734925 
vn -0.349017 -0.592292 0.726208 
vn -0.371458 -0.589874 0.716985 
vn -0.393658 -0.587207 0.707263 
vn -0.415604 -0.584293 0.697047 
vn -0.437283 -0.581133 0.686344 
vn -0.45868 -0.577729 0.67516 
vn -0.479782 -0.574085 0.663503 
vn -0.500577 -0.570201 0.651378 
vn -0.521051 -0.56608 0.638795 
vn 0.270928 -0.556591 0.785369 
vn 0.271147 -0.56608 0.778481 
vn 0.294531 -0.561725 0.773121 
vn 0.247327 -0.560721 0.790203 
vn 0.223582 -0.564615 0.794494 
vn 0.199707 -0.568268 0.798241 
vn 0.175717 -0.57168 0.80144 
vn 0.151627 -0.574848 0.804089 
vn 0.127451 -0.577769 0.806188 
vn 0.103205 -0.580442 0.807735 
vn 0.0789045 -0.582866 0.808728 
vn 0.0545635 -0.585039 0.809167 
vn 0.0301976 -0.58696 0.809053 
vn 0.00582187 -0.588626 0.808384 
vn -0.0185484 -0.590038 0.807162 
vn -0.0428982 -0.591195 0.805387 
vn -0.0672123 -0.592095 0.80306 
vn -0.0914756 -0.592739 0.800183 
vn -0.115673 -0.593125 0.796758 
vn -0.139789 -0.593254 0.792786 
vn -0.16381 -0.593125 0.78827 
vn -0.18772 -0.592739 0.783213 
vn -0.211504 -0.592095 0.777618 
vn -0.235147 -0.591195 0.771488 
vn -0.258636 -0.590038 0.764828 
vn -0.281954 -0.588626 0.757642 
vn -0.305089 -0.58696 0.749933 
vn -0.328024 -0.585039 0.741707 
vn -0.350747 -0.582866 0.732969 
vn -0.373243 -0.580442 0.723724 
vn -0.395498 -0.577769 0.713978 
vn -0.417497 -0.574848 0.703737 
vn -0.439229 -0.57168 0.693008 
vn -0.460678 -0.568268 0.681797 
vn -0.481832 -0.564615 0.670111 
vn -0.502677 -0.560721 0.657957 
vn -0.523201 -0.556591 0.645343 
vn -0.54339 -0.552225 0.632277 
vn -0.541191 -0.561725 0.625761 
vn 0.270667 -0.546876 0.792254 
vn 0.294368 -0.552225 0.779996 
vn 0.247012 -0.551016 0.797099 
vn 0.223211 -0.554919 0.8014 
vn 0.199281 -0.558581 0.805155 
vn 0.175235 -0.562 0.808362 
vn 0.151088 -0.565175 0.811018 
vn 0.126856 -0.568103 0.813121 
vn 0.102554 -0.570783 0.814671 
vn 0.0781966 -0.573213 0.815667 
vn 0.0537989 -0.57539 0.816108 
vn 0.0293763 -0.577315 0.815993 
vn 0.00494385 -0.578986 0.815323 
vn -0.0194832 -0.580401 0.814098 
vn -0.0438896 -0.581561 0.812318 
vn -0.0682603 -0.582463 0.809986 
vn -0.0925801 -0.583108 0.807102 
vn -0.116834 -0.583495 0.803669 
vn -0.141006 -0.583624 0.799688 
vn -0.165083 -0.583495 0.795161 
vn -0.189048 -0.583108 0.790092 
vn -0.212888 -0.582463 0.784484 
vn -0.236586 -0.581561 0.778341 
vn -0.26013 -0.580401 0.771665 
vn -0.283502 -0.578986 0.764462 
vn -0.306691 -0.577315 0.756735 
vn -0.32968 -0.57539 0.74849 
vn -0.352455 -0.573213 0.739731 
vn -0.375003 -0.570783 0.730465 
vn -0.39731 -0.568103 0.720697 
vn -0.419361 -0.565175 0.710432 
vn -0.441143 -0.562 0.699678 
vn -0.462642 -0.558581 0.68844 
vn -0.483845 -0.554919 0.676727 
vn -0.504739 -0.551016 0.664545 
vn -0.52531 -0.546876 0.651902 
vn -0.545547 -0.5425 0.638805 
vn 0.270363 -0.536931 0.79913 
vn 0.294162 -0.5425 0.786869 
vn 0.246655 -0.541081 0.803986 
vn 0.222802 -0.544992 0.808296 
vn 0.198819 -0.548662 0.81206 
vn 0.174719 -0.552089 0.815273 
vn 0.150519 -0.555271 0.817935 
vn 0.126234 -0.558206 0.820043 
vn 0.101878 -0.560891 0.821597 
vn 0.0774664 -0.563326 0.822595 
vn 0.0530147 -0.565509 0.823036 
vn 0.028538 -0.567438 0.822921 
vn 0.00405154 -0.569112 0.82225 
vn -0.0204296 -0.570531 0.821022 
vn -0.04489 -0.571693 0.819239 
vn -0.0693146 -0.572597 0.816901 
vn -0.0936882 -0.573244 0.814011 
vn -0.117996 -0.573632 0.81057 
vn -0.142222 -0.573761 0.80658 
vn -0.166352 -0.573632 0.802044 
vn -0.19037 -0.573244 0.796964 
vn -0.214262 -0.572597 0.791343 
vn -0.238013 -0.571693 0.785186 
vn -0.261609 -0.570531 0.778496 
vn -0.285033 -0.569112 0.771276 
vn -0.308273 -0.567438 0.763533 
vn -0.331313 -0.565509 0.755269 
vn -0.354139 -0.563326 0.746491 
vn -0.376737 -0.560891 0.737204 
vn -0.399092 -0.558206 0.727414 
vn -0.421192 -0.555271 0.717127 
vn -0.443022 -0.552089 0.706349 
vn -0.464569 -0.548662 0.695087 
vn -0.485819 -0.544992 0.683347 
vn -0.506759 -0.541081 0.671138 
vn -0.527376 -0.536931 0.658467 
vn -0.547658 -0.532546 0.645342 
vn 0.270013 -0.526754 0.805992 
vn 0.29391 -0.532546 0.793733 
vn 0.246256 -0.530912 0.810858 
vn 0.222353 -0.534831 0.815178 
vn 0.198319 -0.538509 0.818949 
vn 0.17417 -0.541943 0.822169 
vn 0.149919 -0.545132 0.824837 
vn 0.125583 -0.548073 0.826949 
vn 0.101176 -0.550764 0.828506 
vn 0.0767134 -0.553204 0.829506 
vn 0.0522106 -0.555391 0.829949 
vn 0.0276827 -0.557324 0.829833 
vn 0.0031449 -0.559002 0.82916 
vn -0.0213874 -0.560424 0.82793 
vn -0.0458991 -0.561588 0.826143 
vn -0.0703748 -0.562494 0.823801 
vn -0.0947994 -0.563142 0.820905 
vn -0.119158 -0.563531 0.817456 
vn -0.143435 -0.56366 0.813458 
vn -0.167615 -0.563531 0.808912 
vn -0.191684 -0.563142 0.803821 
vn -0.215626 -0.562494 0.798189 
vn -0.239427 -0.561588 0.792019 
vn -0.263071 -0.560424 0.785315 
vn -0.286545 -0.559002 0.77808 
vn -0.309833 -0.557324 0.77032 
vn -0.332921 -0.555391 0.76204 
vn -0.355795 -0.553204 0.753243 
vn -0.37844 -0.550764 0.743937 
vn -0.400843 -0.548073 0.734126 
vn -0.422989 -0.545132 0.723818 
vn -0.444865 -0.541943 0.713017 
vn -0.466456 -0.538509 0.701731 
vn -0.487751 -0.534831 0.689967 
vn -0.508735 -0.530912 0.677733 
vn -0.529395 -0.526754 0.665035 
vn -0.549719 -0.522359 0.651882 
vn 0.269617 -0.516339 0.812835 
vn 0.29361 -0.522359 0.800584 
vn 0.245813 -0.520505 0.81771 
vn 0.221863 -0.524432 0.822039 
vn 0.197782 -0.528117 0.825817 
vn 0.173585 -0.531558 0.829044 
vn 0.149287 -0.534753 0.831717 
vn 0.124903 -0.5377 0.833833 
vn 0.100448 -0.540396 0.835393 
vn 0.0759371 -0.542841 0.836395 
vn 0.0513861 -0.545033 0.836839 
vn 0.0268099 -0.54697 0.836723 
vn 0.00222392 -0.548651 0.836049 
vn -0.0223566 -0.550075 0.834816 
vn -0.0469165 -0.551242 0.833026 
vn -0.0714403 -0.55215 0.830679 
vn -0.095913 -0.552799 0.827777 
vn -0.120319 -0.553188 0.824322 
vn -0.144644 -0.553318 0.820315 
vn -0.168872 -0.553188 0.815761 
vn -0.192988 -0.552799 0.81066 
vn -0.216977 -0.55215 0.805017 
vn -0.240824 -0.551242 0.798834 
vn -0.264515 -0.550075 0.792117 
vn -0.288035 -0.548651 0.784868 
vn -0.311369 -0.54697 0.777093 
vn -0.334503 -0.545033 0.768796 
vn -0.357422 -0.542841 0.759982 
vn -0.380111 -0.540396 0.750658 
vn -0.402558 -0.5377 0.740828 
vn -0.424748 -0.534753 0.730499 
vn -0.446666 -0.531558 0.719677 
vn -0.468301 -0.528117 0.708369 
vn -0.489637 -0.524432 0.696582 
vn -0.510662 -0.520505 0.684323 
vn -0.531363 -0.516339 0.671601 
vn -0.551727 -0.511936 0.658422 
vn 0.292858 -0.501273 0.814223 
vn 0.29326 -0.511936 0.807416 
vn 0.316728 -0.507299 0.801456 
vn 0.269172 -0.505684 0.819653 
vn 0.245324 -0.509858 0.824537 
vn 0.22133 -0.513792 0.828873 
vn 0.197205 -0.517484 0.832659 
vn 0.172964 -0.520931 0.835891 
vn 0.148621 -0.524132 0.838569 
vn 0.124192 -0.527084 0.840689 
vn 0.0996924 -0.529785 0.842252 
vn 0.0751369 -0.532235 0.843256 
vn 0.0505408 -0.53443 0.8437 
vn 0.0259196 -0.536371 0.843584 
vn 0.00128859 -0.538055 0.842909 
vn -0.023337 -0.539482 0.841674 
vn -0.0479419 -0.540651 0.83988 
vn -0.0725107 -0.54156 0.837529 
vn -0.0970282 -0.54221 0.834622 
vn -0.121479 -0.542601 0.83116 
vn -0.145848 -0.542731 0.827147 
vn -0.170121 -0.542601 0.822583 
vn -0.194281 -0.54221 0.817473 
vn -0.218314 -0.54156 0.81182 
vn -0.242205 -0.540651 0.805626 
vn -0.26594 -0.539482 0.798896 
vn -0.289503 -0.538055 0.791634 
vn -0.312879 -0.536371 0.783845 
vn -0.336055 -0.53443 0.775533 
vn -0.359016 -0.532235 0.766703 
vn -0.381747 -0.529785 0.757361 
vn -0.404235 -0.527084 0.747513 
vn -0.426466 -0.524132 0.737165 
vn -0.448424 -0.520931 0.726324 
vn -0.470098 -0.517484 0.714995 
vn -0.491474 -0.513792 0.703186 
vn -0.512538 -0.509858 0.690905 
vn -0.533276 -0.505684 0.678159 
vn -0.553677 -0.501273 0.664956 
vn -0.573728 -0.496627 0.651305 
vn -0.571741 -0.507299 0.644795 
vn 0.292402 -0.490367 0.821 
vn 0.316369 -0.496627 0.808253 
vn 0.268676 -0.494785 0.826439 
vn 0.244788 -0.498966 0.831331 
vn 0.220753 -0.502907 0.835675 
vn 0.196587 -0.506605 0.839467 
vn 0.172305 -0.510059 0.842705 
vn 0.147921 -0.513265 0.845387 
vn 0.123451 -0.516222 0.847511 
vn 0.0989094 -0.518928 0.849077 
vn 0.0743123 -0.521381 0.850082 
vn 0.0496746 -0.52358 0.850527 
vn 0.0250117 -0.525524 0.850411 
vn 0.000338937 -0.527211 0.849734 
vn -0.0243284 -0.528641 0.848497 
vn -0.0489749 -0.529811 0.8467 
vn -0.0735853 -0.530722 0.844345 
vn -0.0981443 -0.531374 0.841433 
vn -0.122637 -0.531765 0.837966 
vn -0.147047 -0.531895 0.833945 
vn -0.17136 -0.531765 0.829374 
vn -0.195562 -0.531374 0.824256 
vn -0.219636 -0.530722 0.818593 
vn -0.243567 -0.529811 0.812389 
vn -0.267342 -0.528641 0.805647 
vn -0.290945 -0.527211 0.798373 
vn -0.314361 -0.525524 0.79057 
vn -0.337576 -0.52358 0.782244 
vn -0.360576 -0.521381 0.773399 
vn -0.383346 -0.518928 0.764042 
vn -0.405872 -0.516222 0.754177 
vn -0.42814 -0.513265 0.743812 
vn -0.450136 -0.510059 0.732952 
vn -0.471846 -0.506605 0.721604 
vn -0.493258 -0.502907 0.709775 
vn -0.514357 -0.498966 0.697473 
vn -0.535131 -0.494785 0.684706 
vn -0.555567 -0.490367 0.67148 
vn -0.575651 -0.485713 0.657806 
vn 0.29189 -0.479215 0.82774 
vn 0.315953 -0.485713 0.815019 
vn 0.268127 -0.48364 0.833187 
vn 0.244202 -0.487828 0.838087 
vn 0.22013 -0.491775 0.842437 
vn 0.195927 -0.495478 0.846235 
vn 0.171607 -0.498937 0.849478 
vn 0.147185 -0.502148 0.852164 
vn 0.122677 -0.50511 0.854292 
vn 0.098098 -0.50782 0.85586 
vn 0.0734628 -0.510277 0.856867 
vn 0.048787 -0.51248 0.857312 
vn 0.024086 -0.514427 0.857196 
vn -0.000624981 -0.516116 0.856518 
vn -0.0253305 -0.517548 0.855279 
vn -0.0500151 -0.51872 0.85348 
vn -0.0746636 -0.519633 0.851121 
vn -0.0992606 -0.520285 0.848204 
vn -0.123791 -0.520677 0.844732 
vn -0.148239 -0.520807 0.840705 
vn -0.17259 -0.520677 0.836127 
vn -0.196829 -0.520285 0.831001 
vn -0.22094 -0.519633 0.825329 
vn -0.244908 -0.51872 0.819115 
vn -0.26872 -0.517548 0.812363 
vn -0.292359 -0.516116 0.805078 
vn -0.315812 -0.514427 0.797263 
vn -0.339063 -0.51248 0.788924 
vn -0.362098 -0.510277 0.780066 
vn -0.384903 -0.50782 0.770694 
vn -0.407464 -0.50511 0.760814 
vn -0.429766 -0.502148 0.750432 
vn -0.451796 -0.498937 0.739555 
vn -0.473541 -0.495478 0.72819 
vn -0.494985 -0.491775 0.716343 
vn -0.516117 -0.487828 0.704022 
vn -0.536924 -0.48364 0.691235 
vn -0.557391 -0.479215 0.677989 
vn -0.577506 -0.474554 0.664293 
vn 0.29132 -0.467814 0.834436 
vn 0.315477 -0.474554 0.82175 
vn 0.267523 -0.472246 0.83989 
vn 0.243565 -0.476439 0.844797 
vn 0.21946 -0.480391 0.849153 
vn 0.195223 -0.4841 0.852957 
vn 0.170869 -0.487564 0.856204 
vn 0.146413 -0.490779 0.858894 
vn 0.121871 -0.493745 0.861025 
vn 0.0972574 -0.496459 0.862595 
vn 0.0725879 -0.49892 0.863603 
vn 0.0478777 -0.501125 0.864049 
vn 0.0231423 -0.503075 0.863933 
vn -0.00160309 -0.504767 0.863254 
vn -0.026343 -0.5062 0.862013 
vn -0.051062 -0.507375 0.860211 
vn -0.0757449 -0.508288 0.857849 
vn -0.100376 -0.508942 0.854929 
vn -0.124941 -0.509334 0.851451 
vn -0.149423 -0.509464 0.847419 
vn -0.173808 -0.509334 0.842835 
vn -0.19808 -0.508942 0.837701 
vn -0.222225 -0.508288 0.832021 
vn -0.246227 -0.507375 0.825799 
vn -0.270072 -0.5062 0.819038 
vn -0.293744 -0.504767 0.811742 
vn -0.317229 -0.503075 0.803916 
vn -0.340513 -0.501125 0.795566 
vn -0.36358 -0.49892 0.786695 
vn -0.386417 -0.496459 0.77731 
vn -0.409009 -0.493745 0.767416 
vn -0.431342 -0.490779 0.75702 
vn -0.453403 -0.487564 0.746128 
vn -0.475178 -0.4841 0.734747 
vn -0.496652 -0.480391 0.722883 
vn -0.517814 -0.476439 0.710545 
vn -0.538649 -0.472246 0.69774 
vn -0.559145 -0.467814 0.684476 
vn -0.579288 -0.463147 0.670761 
vn 0.290689 -0.456162 0.841081 
vn 0.314939 -0.463147 0.828437 
vn 0.266863 -0.460599 0.846542 
vn 0.242875 -0.464797 0.851455 
vn 0.21874 -0.468755 0.855816 
vn 0.194473 -0.472468 0.859624 
vn 0.170089 -0.475936 0.862876 
vn 0.145604 -0.479156 0.865569 
vn 0.121031 -0.482125 0.867702 
vn 0.0963871 -0.484842 0.869274 
vn 0.0716872 -0.487306 0.870284 
vn 0.0469466 -0.489514 0.870731 
vn 0.0221806 -0.491466 0.870614 
vn -0.00259528 -0.49316 0.869934 
vn -0.0273657 -0.494596 0.868692 
vn -0.0521152 -0.495771 0.866888 
vn -0.0768285 -0.496686 0.864523 
vn -0.10149 -0.49734 0.861599 
vn -0.126085 -0.497733 0.858117 
vn -0.150597 -0.497864 0.85408 
vn -0.175012 -0.497733 0.84949 
vn -0.199315 -0.49734 0.84435 
vn -0.223489 -0.496686 0.838663 
vn -0.247521 -0.495771 0.832433 
vn -0.271395 -0.494596 0.825663 
vn -0.295096 -0.49316 0.818359 
vn -0.31861 -0.491466 0.810523 
vn -0.341923 -0.489514 0.802162 
vn -0.365019 -0.487306 0.793281 
vn -0.387884 -0.484842 0.783884 
vn -0.410504 -0.482125 0.773978 
vn -0.432865 -0.479156 0.763569 
vn -0.454953 -0.475936 0.752664 
vn -0.476754 -0.472468 0.741269 
vn -0.498255 -0.468755 0.729391 
vn -0.519443 -0.464797 0.717037 
vn -0.540303 -0.460599 0.704216 
vn -0.560825 -0.456162 0.690936 
vn -0.580993 -0.451489 0.677204 
vn 0.313669 -0.439578 0.841655 
vn 0.314338 -0.451489 0.835075 
vn 0.337795 -0.446583 0.828528 
vn 0.289995 -0.444256 0.847667 
vn 0.266144 -0.448698 0.853134 
vn 0.242131 -0.452901 0.858052 
vn 0.21797 -0.456863 0.862418 
vn 0.193677 -0.46058 0.86623 
vn 0.169267 -0.464052 0.869485 
vn 0.144755 -0.467274 0.872181 
vn 0.120157 -0.470247 0.874317 
vn 0.0954864 -0.472967 0.875891 
vn 0.0707602 -0.475434 0.876901 
vn 0.0459932 -0.477644 0.877349 
vn 0.0212009 -0.479598 0.877232 
vn -0.00360143 -0.481294 0.876552 
vn -0.0283982 -0.482731 0.875308 
vn -0.0531741 -0.483908 0.873502 
vn -0.0779137 -0.484824 0.871134 
vn -0.102602 -0.485479 0.868207 
vn -0.127223 -0.485872 0.864721 
vn -0.151761 -0.486003 0.86068 
vn -0.176202 -0.485872 0.856085 
vn -0.20053 -0.485479 0.85094 
vn -0.224731 -0.484824 0.845247 
vn -0.248788 -0.483908 0.83901 
vn -0.272687 -0.482731 0.832233 
vn -0.296414 -0.481294 0.824921 
vn -0.319953 -0.479598 0.817077 
vn -0.34329 -0.477644 0.808707 
vn -0.366411 -0.475434 0.799816 
vn -0.3893 -0.472967 0.79041 
vn -0.411944 -0.470247 0.780493 
vn -0.434329 -0.467274 0.770073 
vn -0.456441 -0.464052 0.759156 
vn -0.478265 -0.46058 0.747749 
vn -0.499789 -0.456863 0.735858 
vn -0.520999 -0.452901 0.723492 
vn -0.541882 -0.448698 0.710657 
vn -0.562425 -0.444256 0.697362 
vn -0.582615 -0.439578 0.683616 
vn -0.60244 -0.434667 0.669426 
vn -0.600797 -0.446583 0.663029 
vn 0.312931 -0.427413 0.84817 
vn 0.337151 -0.434667 0.835101 
vn 0.289236 -0.432095 0.854187 
vn 0.265364 -0.436541 0.859659 
vn 0.241329 -0.440748 0.864582 
vn 0.217147 -0.444713 0.868952 
vn 0.192833 -0.448434 0.872767 
vn 0.168401 -0.451908 0.876025 
vn 0.143867 -0.455134 0.878724 
vn 0.119247 -0.458109 0.880861 
vn 0.0945547 -0.460832 0.882436 
vn 0.0698064 -0.4633 0.883448 
vn 0.0450174 -0.465513 0.883895 
vn 0.020203 -0.467469 0.883779 
vn -0.00462136 -0.469166 0.883098 
vn -0.0294402 -0.470604 0.881853 
vn -0.0542382 -0.471782 0.880045 
vn -0.0789998 -0.472699 0.877676 
vn -0.10371 -0.473354 0.874746 
vn -0.128352 -0.473748 0.871257 
vn -0.152913 -0.473879 0.867212 
vn -0.177376 -0.473748 0.862613 
vn -0.201725 -0.473354 0.857463 
vn -0.225947 -0.472699 0.851765 
vn -0.250026 -0.471782 0.845523 
vn -0.273947 -0.470604 0.83874 
vn -0.297695 -0.469166 0.831421 
vn -0.321255 -0.467469 0.82357 
vn -0.344613 -0.465513 0.815193 
vn -0.367753 -0.4633 0.806294 
vn -0.390663 -0.460832 0.796879 
vn -0.413328 -0.458109 0.786954 
vn -0.435732 -0.455134 0.776525 
vn -0.457864 -0.451908 0.765598 
vn -0.479708 -0.448434 0.75418 
vn -0.501251 -0.444713 0.742279 
vn -0.52248 -0.440748 0.729902 
vn -0.543381 -0.436541 0.717056 
vn -0.563942 -0.432095 0.703749 
vn -0.58415 -0.427413 0.68999 
vn -0.603993 -0.422498 0.675787 
vn 0.312122 -0.414992 0.854612 
vn 0.336435 -0.422498 0.84161 
vn 0.28841 -0.419677 0.860634 
vn 0.264521 -0.424126 0.866109 
vn 0.24047 -0.428336 0.871035 
vn 0.21627 -0.432304 0.875409 
vn 0.191939 -0.436027 0.879227 
vn 0.16749 -0.439504 0.882487 
vn 0.142939 -0.442732 0.885187 
vn 0.118301 -0.44571 0.887326 
vn 0.0935912 -0.448434 0.888902 
vn 0.0688255 -0.450904 0.889915 
vn 0.044019 -0.453119 0.890363 
vn 0.019187 -0.455076 0.890246 
vn -0.00565487 -0.456775 0.889565 
vn -0.0304913 -0.458214 0.888319 
vn -0.0553067 -0.459392 0.88651 
vn -0.0800858 -0.46031 0.884139 
vn -0.104813 -0.460966 0.881207 
vn -0.129473 -0.461359 0.877715 
vn -0.154051 -0.46149 0.873667 
vn -0.178531 -0.461359 0.869065 
vn -0.202898 -0.460966 0.863911 
vn -0.227137 -0.46031 0.85821 
vn -0.251233 -0.459392 0.851963 
vn -0.275171 -0.458214 0.845175 
vn -0.298935 -0.456775 0.837851 
vn -0.322512 -0.455076 0.829995 
vn -0.345886 -0.453119 0.821612 
vn -0.369044 -0.450904 0.812707 
vn -0.39197 -0.448434 0.803285 
vn -0.41465 -0.44571 0.793353 
vn -0.43707 -0.442732 0.782916 
vn -0.459217 -0.439504 0.771982 
vn -0.481077 -0.436027 0.760556 
vn -0.502635 -0.432304 0.748646 
vn -0.523879 -0.428336 0.73626 
vn -0.544795 -0.424126 0.723405 
vn -0.565371 -0.419677 0.710089 
vn -0.585593 -0.414992 0.69632 
vn -0.60545 -0.410073 0.682108 
vn 0.311239 -0.402313 0.860973 
vn 0.335642 -0.410073 0.848047 
vn 0.287515 -0.407001 0.866998 
vn 0.263614 -0.411452 0.872476 
vn 0.23955 -0.415664 0.877405 
vn 0.215338 -0.419634 0.88178 
vn 0.190994 -0.42336 0.8856 
vn 0.166532 -0.426838 0.888862 
vn 0.141968 -0.430068 0.891564 
vn 0.117318 -0.433047 0.893704 
vn 0.0925955 -0.435773 0.895281 
vn 0.067817 -0.438244 0.896294 
vn 0.0429977 -0.44046 0.896742 
vn 0.018153 -0.442418 0.896625 
vn -0.00670174 -0.444117 0.895944 
vn -0.0315509 -0.445557 0.894697 
vn -0.0563792 -0.446737 0.892887 
vn -0.0811711 -0.447655 0.890515 
vn -0.105911 -0.448311 0.887581 
vn -0.130584 -0.448704 0.884088 
vn -0.155174 -0.448836 0.880038 
vn -0.179667 -0.448704 0.875434 
vn -0.204047 -0.448311 0.870277 
vn -0.228298 -0.447655 0.864572 
vn -0.252406 -0.446737 0.858322 
vn -0.276356 -0.445557 0.851532 
vn -0.300133 -0.444117 0.844204 
vn -0.323722 -0.442418 0.836343 
vn -0.347108 -0.44046 0.827956 
vn -0.370278 -0.438244 0.819046 
vn -0.393215 -0.435773 0.809619 
vn -0.415907 -0.433047 0.799682 
vn -0.43834 -0.430068 0.78924 
vn -0.460498 -0.426838 0.7783 
vn -0.482369 -0.42336 0.766868 
vn -0.503938 -0.419634 0.754953 
vn -0.525193 -0.415664 0.74256 
vn -0.54612 -0.411452 0.729698 
vn -0.566707 -0.407001 0.716375 
vn -0.586939 -0.402313 0.7026 
vn -0.606806 -0.397392 0.68838 
vn 0.333819 -0.384454 0.860674 
vn 0.334771 -0.397392 0.854405 
vn 0.358096 -0.39224 0.847299 
vn 0.31028 -0.389377 0.867244 
vn 0.286548 -0.394066 0.873271 
vn 0.262639 -0.398519 0.878751 
vn 0.238567 -0.402732 0.883681 
vn 0.214348 -0.406703 0.888058 
vn 0.189996 -0.41043 0.891879 
vn 0.165527 -0.41391 0.895142 
vn 0.140956 -0.41714 0.897845 
vn 0.116297 -0.42012 0.899986 
vn 0.091567 -0.422847 0.901563 
vn 0.0667807 -0.425319 0.902576 
vn 0.0419535 -0.427536 0.903024 
vn 0.0171009 -0.429494 0.902908 
vn -0.00776164 -0.431194 0.902226 
vn -0.0326187 -0.432635 0.900979 
vn -0.0574548 -0.433814 0.899169 
vn -0.0822545 -0.434733 0.896795 
vn -0.107002 -0.435389 0.893861 
vn -0.131683 -0.435783 0.890367 
vn -0.156281 -0.435914 0.886315 
vn -0.180782 -0.435783 0.881709 
vn -0.205169 -0.435389 0.876551 
vn -0.229428 -0.434733 0.870845 
vn -0.253544 -0.433814 0.864593 
vn -0.277501 -0.432635 0.8578 
vn -0.301286 -0.431194 0.850469 
vn -0.324882 -0.429494 0.842607 
vn -0.348276 -0.427536 0.834216 
vn -0.371453 -0.425319 0.825304 
vn -0.394398 -0.422847 0.815874 
vn -0.417097 -0.42012 0.805934 
vn -0.439536 -0.41714 0.795489 
vn -0.461701 -0.41391 0.784545 
vn -0.483579 -0.41043 0.77311 
vn -0.505155 -0.406703 0.76119 
vn -0.526417 -0.402732 0.748794 
vn -0.547351 -0.398519 0.735928 
vn -0.567943 -0.394066 0.722601 
vn -0.588182 -0.389377 0.708821 
vn -0.608055 -0.384454 0.694596 
vn -0.627549 -0.3793 0.679936 
vn -0.626294 -0.39224 0.673724 
vn 0.332775 -0.371152 0.866895 
vn 0.357152 -0.3793 0.853565 
vn 0.309233 -0.376076 0.873465 
vn 0.285499 -0.380766 0.879493 
vn 0.261587 -0.385219 0.884974 
vn 0.237513 -0.389433 0.889904 
vn 0.213291 -0.393404 0.894282 
vn 0.188936 -0.397131 0.898103 
vn 0.164465 -0.400611 0.901367 
vn 0.13989 -0.403843 0.90407 
vn 0.115229 -0.406823 0.906211 
vn 0.0904965 -0.40955 0.907788 
vn 0.0657075 -0.412022 0.908801 
vn 0.0408776 -0.414239 0.90925 
vn 0.0160223 -0.416198 0.909133 
vn -0.00884293 -0.417898 0.908451 
vn -0.0337027 -0.419338 0.907204 
vn -0.0585415 -0.420518 0.905393 
vn -0.0833439 -0.421437 0.90302 
vn -0.108094 -0.422093 0.900085 
vn -0.132778 -0.422487 0.896591 
vn -0.157379 -0.422618 0.892539 
vn -0.181882 -0.422487 0.887932 
vn -0.206272 -0.422093 0.882774 
vn -0.230533 -0.421437 0.877066 
vn -0.254652 -0.420518 0.870814 
vn -0.278612 -0.419338 0.86402 
vn -0.302399 -0.417898 0.856689 
vn -0.325998 -0.416198 0.848826 
vn -0.349394 -0.414239 0.840434 
vn -0.372573 -0.412022 0.831521 
vn -0.395521 -0.40955 0.82209 
vn -0.418222 -0.406823 0.812149 
vn -0.440664 -0.403843 0.801702 
vn -0.462832 -0.400611 0.790757 
vn -0.484712 -0.397131 0.779321 
vn -0.50629 -0.393404 0.7674 
vn -0.527554 -0.389433 0.755002 
vn -0.54849 -0.385219 0.742135 
vn -0.569085 -0.380766 0.728807 
vn -0.589327 -0.376076 0.715025 
vn -0.609202 -0.371152 0.700799 
vn -0.628698 -0.365998 0.686137 
vn -0.625838 -0.395701 0.672122 
vn -0.62151 -0.40543 0.670336 
vn -0.625937 -0.395674 0.672045 
vn -0.617178 -0.415033 0.66846 
vn -0.621298 -0.405908 0.670244 
vn -0.61284 -0.424509 0.666497 
vn -0.615104 -0.419601 0.66752 
vn -0.608031 -0.434862 0.664224 
vn -0.603247 -0.445002 0.661866 
vn -0.608911 -0.432993 0.664639 
vn -0.598489 -0.454934 0.659428 
vn -0.600052 -0.451707 0.660226 
vn -0.59376 -0.464661 0.656916 
vn -0.59659 -0.458878 0.658416 
vn -0.589061 -0.474187 0.654335 
vn -0.584392 -0.483516 0.651688 
vn -0.59046 -0.471381 0.6551 
vn -0.584351 -0.483598 0.651665 
vn -0.579755 -0.492653 0.648982 
vn -0.575151 -0.5016 0.646219 
vn -0.578292 -0.495525 0.6481 
vn -0.57058 -0.510362 0.643404 
vn -0.57148 -0.508657 0.643955 
vn -0.566045 -0.518942 0.640541 
vn -0.561544 -0.527344 0.637633 
vn -0.566254 -0.51855 0.640673 
vn -0.55708 -0.535572 0.634685 
vn -0.560304 -0.529652 0.636811 
vn -0.552653 -0.543629 0.631698 
vn -0.554392 -0.540489 0.632867 
vn -0.548263 -0.55152 0.628676 
vn -0.543911 -0.559247 0.625623 
vn -0.548518 -0.551067 0.628851 
vn -0.539598 -0.566814 0.62254 
vn -0.540247 -0.565687 0.623002 
vn -0.535323 -0.574225 0.619431 
vn -0.536934 -0.571455 0.620598 
vn -0.531088 -0.581483 0.616297 
vn -0.526893 -0.588592 0.613142 
vn -0.531209 -0.581279 0.616386 
vn -0.522737 -0.595555 0.609967 
vn -0.52555 -0.59086 0.612112 
vn -0.518622 -0.602375 0.606774 
vn -0.514547 -0.609056 0.603566 
vn -0.519941 -0.600207 0.607793 
vn -0.510513 -0.615601 0.600343 
vn -0.514384 -0.609324 0.603434 
vn -0.508897 -0.618213 0.599029 
vn -0.50652 -0.622012 0.597108 
vn -0.506409 -0.622191 0.597017 
vn -0.504868 -0.624645 0.595757 
vn -0.500588 -0.631416 0.59222 
vn -0.503465 -0.626884 0.594592 
vn -0.496364 -0.638027 0.58868 
vn -0.498095 -0.635339 0.590124 
vn -0.492196 -0.644483 0.585136 
vn -0.488083 -0.650789 0.581591 
vn -0.492782 -0.643584 0.585632 
vn -0.487538 -0.651624 0.581113 
vn -0.484025 -0.656949 0.578047 
vn -0.480022 -0.662967 0.574503 
vn -0.482363 -0.659463 0.57657 
vn -0.476073 -0.668847 0.570962 
vn -0.47725 -0.667108 0.572013 
vn -0.4722 -0.674564 0.567442 
vn -0.472179 -0.674594 0.567423 
vn -0.469971 -0.677839 0.565386 
vn -0.468339 -0.680212 0.563889 
vn -0.464553 -0.685703 0.560359 
vn -0.46723 -0.681832 0.562851 
vn -0.46082 -0.691073 0.556833 
vn -0.462326 -0.688921 0.55825 
vn -0.457141 -0.696324 0.553313 
vn -0.453516 -0.70146 0.549798 
vn -0.457487 -0.695834 0.553642 
vn -0.452729 -0.702575 0.549022 
vn -0.449944 -0.706484 0.546289 
vn -0.446425 -0.7114 0.542785 
vn -0.448045 -0.709149 0.544393 
vn -0.44296 -0.71621 0.539286 
vn -0.439548 -0.720919 0.535792 
vn -0.443431 -0.715562 0.539759 
vn -0.436191 -0.725528 0.532303 
vn -0.4389 -0.721816 0.535116 
vn -0.434452 -0.727915 0.530463 
vn -0.432888 -0.73004 0.528819 
vn -0.431379 -0.732095 0.527208 
vn -0.430478 -0.733329 0.52623 
vn -0.427964 -0.736734 0.523517 
vn -0.430085 -0.733865 0.525804 
vn -0.424615 -0.741267 0.519832 
vn -0.425804 -0.739668 0.521135 
vn -0.421336 -0.745696 0.516153 
vn -0.418127 -0.750025 0.512477 
vn -0.421609 -0.74533 0.516458 
vn -0.417519 -0.750851 0.511762 
vn -0.414989 -0.754257 0.508804 
vn -0.411926 -0.758394 0.505129 
vn -0.413531 -0.756237 0.507049 
vn -0.408941 -0.76244 0.501451 
vn -0.406036 -0.766396 0.497767 
vn -0.409646 -0.76149 0.502317 
vn -0.405879 -0.766614 0.49756 
vn -0.403217 -0.770266 0.494072 
vn -0.400489 -0.77405 0.490362 
vn -0.402255 -0.771607 0.49276 
vn -0.39786 -0.777751 0.486632 
vn -0.398772 -0.776475 0.487921 
vn -0.395338 -0.781371 0.482874 
vn -0.392936 -0.784909 0.479082 
vn -0.395445 -0.781219 0.483032 
vn -0.390667 -0.788366 0.475245 
vn -0.392332 -0.785834 0.478059 
vn -0.388549 -0.791743 0.471352 
vn -0.389445 -0.790322 0.472995 
vn -0.386609 -0.795037 0.467386 
vn -0.38682 -0.79468 0.467818 
vn 0.203292 -0.796582 0.569324 
vn 0.203438 -0.795037 0.571427 
vn 0.203489 -0.79468 0.571905 
vn 0.203905 -0.791743 0.575818 
vn 0.204184 -0.790322 0.577668 
vn 0.204563 -0.788366 0.5802 
vn 0.205383 -0.784909 0.584582 
vn 0.205166 -0.785834 0.583414 
vn 0.206344 -0.781371 0.588967 
vn 0.20639 -0.781219 0.589151 
vn 0.207428 -0.777751 0.59336 
vn 0.207844 -0.776475 0.594884 
vn 0.208623 -0.77405 0.597765 
vn 0.209917 -0.770266 0.602184 
vn 0.209462 -0.771607 0.600623 
vn 0.211303 -0.766396 0.60662 
vn 0.212772 -0.76244 0.611076 
vn 0.211226 -0.766614 0.606372 
vn 0.213139 -0.76149 0.612131 
vn 0.21432 -0.758394 0.615553 
vn 0.215941 -0.754257 0.620054 
vn 0.215171 -0.756237 0.617906 
vn 0.217633 -0.750025 0.624579 
vn 0.217306 -0.750851 0.623699 
vn 0.219392 -0.745696 0.62913 
vn 0.219544 -0.74533 0.629511 
vn 0.221215 -0.741267 0.633709 
vn 0.221886 -0.739668 0.635341 
vn 0.223101 -0.736734 0.638317 
vn 0.224536 -0.733329 0.641726 
vn 0.224312 -0.733865 0.641192 
vn 0.225048 -0.732095 0.642954 
vn 0.225915 -0.73004 0.644983 
vn 0.226822 -0.727915 0.647064 
vn 0.227827 -0.725528 0.649388 
vn 0.229789 -0.720919 0.653815 
vn 0.229411 -0.721816 0.652957 
vn 0.231799 -0.71621 0.658264 
vn 0.23208 -0.715562 0.65887 
vn 0.233859 -0.7114 0.662737 
vn 0.235967 -0.706484 0.667233 
vn 0.234831 -0.709149 0.664802 
vn 0.238123 -0.70146 0.671753 
vn 0.23765 -0.702575 0.670754 
vn 0.240328 -0.696324 0.676296 
vn 0.240541 -0.695834 0.676724 
vn 0.242581 -0.691073 0.680862 
vn 0.243511 -0.688921 0.682708 
vn 0.244883 -0.685703 0.685451 
vn 0.247233 -0.680212 0.690064 
vn 0.248255 -0.677839 0.692029 
vn 0.246547 -0.681832 0.688709 
vn 0.249633 -0.674594 0.694698 
vn 0.249646 -0.674564 0.694723 
vn 0.252082 -0.668847 0.699355 
vn 0.252829 -0.667108 0.700745 
vn 0.254581 -0.662967 0.704033 
vn 0.257131 -0.656949 0.708732 
vn 0.256075 -0.659463 0.706777 
vn 0.259732 -0.650789 0.713451 
vn 0.259384 -0.651624 0.712815 
vn 0.262385 -0.644483 0.718189 
vn 0.262766 -0.643584 0.718855 
vn 0.26509 -0.638027 0.722944 
vn 0.266221 -0.635339 0.724894 
vn 0.267848 -0.631416 0.727716 
vn 0.27066 -0.624645 0.732504 
vn 0.271677 -0.622191 0.734214 
vn 0.26974 -0.626884 0.730929 
vn 0.27175 -0.622012 0.734338 
vn 0.273327 -0.618213 0.736956 
vn 0.274396 -0.615601 0.738744 
vn 0.277085 -0.609056 0.743152 
vn 0.279816 -0.602375 0.74756 
vn 0.276976 -0.609324 0.742973 
vn 0.280707 -0.600207 0.748969 
vn 0.282591 -0.595555 0.751968 
vn 0.28541 -0.588592 0.756373 
vn 0.284501 -0.59086 0.754946 
vn 0.288273 -0.581483 0.760773 
vn 0.288356 -0.581279 0.760897 
vn 0.291181 -0.574225 0.765166 
vn 0.294135 -0.566814 0.76955 
vn 0.294587 -0.565687 0.770205 
vn 0.292296 -0.571455 0.766813 
vn 0.297134 -0.559247 0.773922 
vn 0.296295 -0.561386 0.772693 
vn 0.300179 -0.55152 0.778279 
vn 0.300359 -0.551067 0.778531 
vn 0.30327 -0.543629 0.78262 
vn 0.304505 -0.540489 0.784314 
vn 0.306409 -0.535572 0.786941 
vn 0.309596 -0.527344 0.791239 
vn 0.308712 -0.529652 0.790041 
vn 0.31283 -0.518942 0.79551 
vn 0.316113 -0.510362 0.799752 
vn 0.31677 -0.508657 0.800578 
vn 0.312982 -0.51855 0.795706 
vn 0.317338 -0.507174 0.801293 
vn 0.319445 -0.5016 0.80396 
vn 0.322827 -0.492653 0.808131 
vn 0.321753 -0.495525 0.806802 
vn 0.326258 -0.483516 0.812261 
vn 0.32974 -0.474187 0.816344 
vn 0.326228 -0.483598 0.812224 
vn 0.330794 -0.471381 0.817542 
vn 0.333274 -0.464661 0.820377 
vn 0.336858 -0.454934 0.824355 
vn 0.338054 -0.451707 0.825639 
vn 0.335419 -0.458878 0.822754 
vn 0.340495 -0.445002 0.828273 
vn 0.340104 -0.446085 0.827851 
vn 0.344184 -0.434862 0.832125 
vn 0.34487 -0.432993 0.832816 
vn 0.347926 -0.424509 0.835906 
vn 0.349703 -0.419601 0.837641 
vn 0.35133 -0.415033 0.839234 
vn 0.358216 -0.395701 0.845637 
vn 0.35476 -0.40543 0.842479 
vn 0.354592 -0.405908 0.84232 
vn 0.358335 -0.395674 0.845599 
vn -0.385752 -0.796582 0.465459 
vn -0.542703 -0.561386 0.624755 
vn -0.572258 -0.507174 0.644433 
vn -0.602735 -0.446085 0.661603 
vn 0.35611 -0.365998 0.859785 
vn -0.774179 0.211309 -0.596653 
vn -0.951291 -0.177742 -0.251899 
vn 0.0733869 -0.906308 -0.416198 
usemtl 0.647059_0.647059_0.647059_0.000000_0.000000
o mesh0
f 1//1 2//1 3//1 
o mesh1
f 4//2 3//2 2//2 
f 4//2 5//2 6//2 
f 7//2 6//2 8//2 
f 6//2 7//2 4//2 
f 2//2 5//2 4//2 
f 8//2 9//2 7//2 
f 2//2 10//2 5//2 
o mesh2
f 11//3 12//3 13//3 
f 12//3 11//3 14//3 
f 15//3 16//3 17//3 
f 16//3 15//3 18//3 
f 14//3 19//3 12//3 
f 20//3 21//3 19//3 
f 22//3 23//3 24//3 
f 23//3 22//3 25//3 
f 18//3 13//3 16//3 
f 19//3 14//3 20//3 
f 25//3 17//3 23//3 
f 13//3 18//3 11//3 
f 26//3 27//3 28//3 
f 27//3 26//3 29//3 
f 30//3 24//3 31//3 
f 17//3 25//3 15//3 
f 32//3 33//3 34//3 
f 33//3 32//3 35//3 
f 29//3 31//3 27//3 
f 24//3 30//3 22//3 
f 36//3 37//3 38//3 
f 37//3 36//3 39//3 
f 35//3 28//3 33//3 
f 31//3 29//3 30//3 
f 40//3 41//3 42//3 
f 39//3 34//3 37//3 
f 28//3 35//3 26//3 
f 42//3 43//3 40//3 
f 44//3 45//3 46//3 
f 34//3 39//3 32//3 
f 47//3 48//3 49//3 
f 48//3 47//3 43//3 
f 45//3 44//3 41//3 
f 38//3 46//3 36//3 
f 50//3 51//3 52//3 
f 53//3 54//3 55//3 
f 54//3 53//3 56//3 
f 43//3 42//3 48//3 
f 46//3 38//3 44//3 
f 57//3 58//3 59//3 
f 58//3 57//3 60//3 
f 61//3 62//3 63//3 
f 52//3 64//3 50//3 
f 65//3 66//3 67//3 
f 66//3 65//3 68//3 
f 56//3 49//3 54//3 
f 40//3 45//3 41//3 
f 60//3 69//3 58//3 
f 51//3 50//3 69//3 
f 52//3 61//3 64//3 
f 68//3 55//3 66//3 
f 49//3 56//3 47//3 
f 70//3 71//3 72//3 
f 69//3 60//3 51//3 
f 62//3 73//3 63//3 
f 74//3 75//3 76//3 
f 75//3 74//3 77//3 
f 78//3 67//3 79//3 
f 55//3 68//3 53//3 
f 80//3 81//3 82//3 
f 72//3 59//3 70//3 
f 63//3 64//3 61//3 
f 83//3 84//3 73//3 
f 84//3 83//3 85//3 
f 77//3 79//3 75//3 
f 67//3 78//3 65//3 
f 82//3 86//3 80//3 
f 59//3 72//3 57//3 
f 85//3 76//3 84//3 
f 79//3 77//3 78//3 
f 87//3 88//3 89//3 
f 88//3 87//3 86//3 
f 70//3 81//3 71//3 
f 76//3 85//3 74//3 
f 90//3 91//3 92//3 
f 91//3 90//3 93//3 
f 86//3 82//3 88//3 
f 73//3 62//3 83//3 
f 94//3 95//3 96//3 
f 93//3 89//3 91//3 
f 80//3 71//3 81//3 
f 97//3 98//3 99//3 
f 96//3 92//3 94//3 
f 89//3 93//3 87//3 
f 100//3 101//3 102//3 
f 101//3 100//3 103//3 
f 99//3 103//3 97//3 
f 92//3 96//3 90//3 
f 104//3 105//3 106//3 
f 105//3 104//3 107//3 
f 103//3 99//3 101//3 
f 94//3 98//3 95//3 
f 108//3 109//3 110//3 
f 111//3 112//3 113//3 
f 107//3 102//3 105//3 
f 97//3 95//3 98//3 
f 114//3 115//3 116//3 
f 110//3 117//3 108//3 
f 118//3 112//3 119//3 
f 113//3 106//3 111//3 
f 102//3 107//3 100//3 
f 116//3 120//3 114//3 
f 119//3 117//3 118//3 
f 106//3 113//3 104//3 
f 121//3 122//3 123//3 
f 124//3 125//3 126//3 
f 125//3 124//3 120//3 
f 109//3 108//3 115//3 
f 111//3 119//3 112//3 
f 122//3 121//3 127//3 
f 123//3 128//3 121//3 
f 129//3 130//3 128//3 
f 131//3 132//3 133//3 
f 132//3 131//3 134//3 
f 120//3 116//3 125//3 
f 110//3 118//3 117//3 
f 123//3 135//3 128//3 
f 129//3 136//3 130//3 
f 137//3 138//3 136//3 
f 138//3 137//3 139//3 
f 140//3 141//3 142//3 
f 134//3 126//3 132//3 
f 114//3 109//3 115//3 
f 143//3 144//3 145//3 
f 128//3 135//3 129//3 
f 139//3 146//3 138//3 
f 142//3 147//3 140//3 
f 148//3 149//3 150//3 
f 126//3 134//3 124//3 
f 145//3 151//3 143//3 
f 152//3 153//3 154//3 
f 136//3 129//3 137//3 
f 155//3 156//3 157//3 
f 156//3 155//3 147//3 
f 149//3 148//3 141//3 
f 133//3 150//3 131//3 
f 158//3 159//3 160//3 
f 159//3 158//3 151//3 
f 153//3 152//3 144//3 
f 127//3 154//3 122//3 
f 161//3 162//3 146//3 
f 162//3 161//3 163//3 
f 147//3 142//3 156//3 
f 150//3 133//3 148//3 
f 151//3 145//3 159//3 
f 154//3 127//3 152//3 
f 163//3 157//3 162//3 
f 140//3 149//3 141//3 
f 164//3 165//3 166//3 
f 165//3 164//3 167//3 
f 143//3 153//3 144//3 
f 157//3 163//3 155//3 
f 167//3 160//3 165//3 
f 146//3 139//3 161//3 
f 168//3 169//3 170//3 
f 171//3 172//3 173//3 
f 172//3 171//3 174//3 
f 175//3 166//3 176//3 
f 160//3 167//3 158//3 
f 170//3 177//3 168//3 
f 178//3 179//3 180//3 
f 179//3 178//3 181//3 
f 174//3 176//3 172//3 
f 166//3 175//3 164//3 
f 170//3 182//3 177//3 
f 181//3 173//3 179//3 
f 176//3 174//3 175//3 
f 183//3 184//3 185//3 
f 182//3 180//3 177//3 
f 173//3 181//3 171//3 
f 186//3 187//3 188//3 
f 187//3 186//3 189//3 
f 185//3 189//3 183//3 
f 180//3 182//3 178//3 
f 190//3 191//3 192//3 
f 191//3 190//3 193//3 
f 189//3 185//3 187//3 
f 168//3 184//3 169//3 
f 194//3 195//3 196//3 
f 195//3 194//3 197//3 
f 193//3 188//3 191//3 
f 183//3 169//3 184//3 
f 198//3 199//3 200//3 
f 197//3 192//3 195//3 
f 188//3 193//3 186//3 
f 201//3 199//3 202//3 
f 199//3 201//3 200//3 
f 203//3 204//3 205//3 
f 204//3 203//3 206//3 
f 207//3 196//3 208//3 
f 192//3 197//3 190//3 
f 200//3 209//3 198//3 
f 206//3 208//3 204//3 
f 196//3 207//3 194//3 
f 210//3 211//3 212//3 
f 211//3 210//3 213//3 
f 209//3 205//3 198//3 
f 208//3 206//3 207//3 
f 214//3 215//3 216//3 
f 213//3 202//3 211//3 
f 205//3 209//3 203//3 
f 216//3 217//3 214//3 
f 218//3 219//3 220//3 
f 202//3 213//3 201//3 
f 1//3 221//3 10//3 
f 222//3 223//3 224//3 
f 223//3 222//3 217//3 
f 219//3 218//3 215//3 
f 212//3 220//3 210//3 
f 221//3 225//3 10//3 
f 226//3 227//3 228//3 
f 227//3 226//3 229//3 
f 230//3 231//3 232//3 
f 233//3 234//3 235//3 
f 234//3 233//3 236//3 
f 217//3 216//3 223//3 
f 220//3 212//3 218//3 
f 10//3 2//3 1//3 
f 237//3 238//3 239//3 
f 229//3 240//3 227//3 
f 241//3 242//3 243//3 
f 232//3 244//3 230//3 
f 236//3 224//3 234//3 
f 214//3 219//3 215//3 
f 238//3 237//3 225//3 
f 228//3 239//3 226//3 
f 245//3 246//3 240//3 
f 246//3 245//3 247//3 
f 243//3 247//3 241//3 
f 248//3 235//3 244//3 
f 224//3 236//3 222//3 
f 239//3 228//3 237//3 
f 247//3 243//3 246//3 
f 231//3 230//3 242//3 
f 235//3 248//3 233//3 
f 240//3 229//3 245//3 
f 232//3 248//3 244//3 
f 241//3 231//3 242//3 
f 221//3 238//3 225//3 
o mesh3
f 249//4 21//4 20//4 
f 250//4 251//4 249//4 
f 249//4 252//4 250//4 
f 253//4 254//4 251//4 
f 255//4 256//4 257//4 
f 258//4 259//4 256//4 
f 251//4 250//4 253//4 
f 260//4 261//4 254//4 
f 262//4 257//4 261//4 
f 256//4 255//4 258//4 
f 263//4 264//4 259//4 
f 265//4 266//4 264//4 
f 267//4 268//4 266//4 
f 269//4 270//4 268//4 
f 271//4 272//4 273//4 
f 274//4 275//4 272//4 
f 276//4 277//4 275//4 
f 278//4 279//4 277//4 
f 280//4 281//4 282//4 
f 283//4 284//4 281//4 
f 254//4 253//4 260//4 
f 257//4 262//4 255//4 
f 264//4 263//4 265//4 
f 268//4 267//4 269//4 
f 272//4 271//4 274//4 
f 277//4 276//4 278//4 
f 285//4 286//4 279//4 
f 287//4 288//4 286//4 
f 289//4 282//4 290//4 
f 281//4 280//4 283//4 
f 291//4 292//4 293//4 
f 294//4 295//4 292//4 
f 261//4 260//4 262//4 
f 266//4 265//4 267//4 
f 296//4 273//4 270//4 
f 275//4 274//4 276//4 
f 286//4 285//4 287//4 
f 297//4 298//4 288//4 
f 299//4 290//4 298//4 
f 282//4 289//4 280//4 
f 300//4 293//4 284//4 
f 292//4 291//4 294//4 
f 301//4 302//4 295//4 
f 303//4 304//4 302//4 
f 259//4 258//4 263//4 
f 273//4 296//4 271//4 
f 288//4 287//4 297//4 
f 290//4 299//4 289//4 
f 293//4 300//4 291//4 
f 302//4 301//4 303//4 
f 305//4 306//4 304//4 
f 306//4 305//4 307//4 
f 270//4 269//4 296//4 
f 298//4 297//4 299//4 
f 295//4 294//4 301//4 
f 307//4 308//4 306//4 
f 279//4 278//4 285//4 
f 304//4 303//4 305//4 
f 284//4 283//4 300//4 
f 20//4 252//4 249//4 
o mesh4
f 309//5 8//6 6//7 
f 309//5 472//8 473//9 
f 310//10 473//9 474//11 
f 311//12 312//13 474//11 
f 313//14 311//12 475//15 
f 313//14 476//16 477//17 
f 314//18 477//17 478//19 
f 315//20 316//21 478//19 
f 315//20 479//22 480//23 
f 317//24 480//23 481//25 
f 318//26 481//25 482//27 
f 319//28 482//27 483//29 
f 320//30 321//31 483//29 
f 320//30 484//32 485//33 
f 322//34 323//35 485//33 
f 322//34 486//36 487//37 
f 324//38 487//37 488//39 
f 325//40 488//39 489//41 
f 326//42 327//43 489//41 
f 326//42 490//44 491//45 
f 328//46 329//47 491//45 
f 328//46 492//48 493//49 
f 330//50 493//49 494//51 
f 331//52 494//51 495//53 
f 332//54 333//55 495//53 
f 332//54 496//56 497//57 
f 334//58 335//59 497//57 
f 334//58 498//60 499//61 
f 336//62 499//61 500//63 
f 337//64 500//63 501//65 
f 338//66 501//65 502//67 
f 339//68 340//69 502//67 
f 339//68 503//70 504//71 
f 341//72 504//71 505//73 
f 342//74 505//73 506//75 
f 343//76 506//75 507//77 
f 344//78 345//79 507//77 
f 344//78 508//80 509//81 
f 346//82 509//81 510//83 
f 347//84 348//85 510//83 
f 347//84 511//86 512//87 
f 349//88 512//87 350//89 
f 6//7 5//90 513//91 
f 473//9 472//8 513//91 
f 474//11 473//9 514//92 
f 475//15 474//11 515//93 
f 476//16 475//15 516//94 
f 477//17 476//16 517//95 
f 478//19 477//17 518//96 
f 479//22 478//19 519//97 
f 480//23 479//22 520//98 
f 481//25 480//23 521//99 
f 482//27 481//25 522//100 
f 483//29 482//27 523//101 
f 484//32 483//29 524//102 
f 485//33 484//32 525//103 
f 486//36 485//33 526//104 
f 487//37 486//36 527//105 
f 488//39 487//37 528//106 
f 489//41 488//39 529//107 
f 490//44 489//41 530//108 
f 491//45 490//44 531//109 
f 492//48 491//45 532//110 
f 493//49 492//48 533//111 
f 494//51 493//49 534//112 
f 495//53 494//51 535//113 
f 496//56 495//53 536//114 
f 497//57 496//56 537//115 
f 498//60 497//57 538//116 
f 499//61 498//60 539//117 
f 500//63 499//61 540//118 
f 501//65 500//63 541//119 
f 502//67 501//65 542//120 
f 503//70 502//67 543//121 
f 504//71 503//70 544//122 
f 505//73 504//71 545//123 
f 506//75 505//73 546//124 
f 507//77 506//75 547//125 
f 508//80 507//77 548//126 
f 509//81 508//80 549//127 
f 510//83 509//81 550//128 
f 511//86 510//83 551//129 
f 512//87 511//86 552//130 
f 350//89 512//87 553//131 
f 514//92 513//91 554//132 
f 515//93 514//92 555//133 
f 516//94 515//93 556//134 
f 517//95 516//94 557//135 
f 518//96 517//95 558//136 
f 519//97 518//96 559//137 
f 520//98 519//97 560//138 
f 521//99 520//98 561//139 
f 522//100 521//99 562//140 
f 523//101 522//100 563//141 
f 524//102 523//101 564//142 
f 525//103 524//102 565//143 
f 526//104 525//103 566//144 
f 527//105 526//104 567//145 
f 528//106 527//105 568//146 
f 529//107 528//106 569//147 
f 530//108 529//107 570//148 
f 531//109 530//108 571//149 
f 532//110 531//109 572//150 
f 533//111 532//110 573//151 
f 534//112 533//111 574//152 
f 535//113 534//112 575//153 
f 536//114 535//113 576//154 
f 537//115 536//114 577//155 
f 538//116 537//115 578//156 
f 539//117 538//116 579//157 
f 540//118 539//117 580//158 
f 541//119 540//118 581//159 
f 542//120 541//119 582//160 
f 543//121 542//120 583//161 
f 544//122 543//121 584//162 
f 545//123 544//122 585//163 
f 546//124 545//123 586//164 
f 547//125 546//124 587//165 
f 548//126 547//125 588//166 
f 549//127 548//126 589//167 
f 550//128 549//127 590//168 
f 551//129 550//128 591//169 
f 552//130 551//129 592//170 
f 553//131 552//130 593//171 
f 555//133 554//132 594//172 
f 556//134 555//133 595//173 
f 557//135 556//134 596//174 
f 558//136 557//135 597//175 
f 559//137 558//136 598//176 
f 560//138 559//137 599//177 
f 561//139 560//138 600//178 
f 562//140 561//139 601//179 
f 563//141 562//140 602//180 
f 564//142 563//141 603//181 
f 565//143 564//142 604//182 
f 566//144 565//143 605//183 
f 567//145 566//144 606//184 
f 568//146 567//145 607//185 
f 569//147 568//146 608//186 
f 570//148 569//147 609//187 
f 571//149 570//148 610//188 
f 572//150 571//149 611//189 
f 573//151 572//150 612//190 
f 574//152 573//151 613//191 
f 575//153 574//152 614//192 
f 576//154 575//153 615//193 
f 577//155 576//154 616//194 
f 578//156 577//155 617//195 
f 579//157 578//156 618//196 
f 580//158 579//157 619//197 
f 581//159 580//158 620//198 
f 582//160 581//159 621//199 
f 583//161 582//160 622//200 
f 584//162 583//161 623//201 
f 585//163 584//162 624//202 
f 586//164 585//163 625//203 
f 587//165 586//164 626//204 
f 588//166 587//165 627//205 
f 589//167 588//166 628//206 
f 590//168 589//167 629//207 
f 591//169 590//168 630//208 
f 592//170 591//169 631//209 
f 593//171 592//170 632//210 
f 633//211 593//171 634//212 
f 595//173 594//172 635//213 
f 596//174 595//173 636//214 
f 597//175 596//174 637//215 
f 598//176 597//175 638//216 
f 599//177 598//176 639//217 
f 600//178 599//177 640//218 
f 601//179 600//178 641//219 
f 602//180 601//179 642//220 
f 603//181 602//180 643//221 
f 604//182 603//181 644//222 
f 605//183 604//182 645//223 
f 606//184 605//183 646//224 
f 607//185 606//184 647//225 
f 608//186 607//185 648//226 
f 609//187 608//186 649//227 
f 610//188 609//187 650//228 
f 611//189 610//188 651//229 
f 612//190 611//189 652//230 
f 613//191 612//190 653//231 
f 614//192 613//191 654//232 
f 615//193 614//192 655//233 
f 616//194 615//193 656//234 
f 617//195 616//194 657//235 
f 618//196 617//195 658//236 
f 619//197 618//196 659//237 
f 620//198 619//197 660//238 
f 621//199 620//198 661//239 
f 622//200 621//199 662//240 
f 623//201 622//200 663//241 
f 624//202 623//201 664//242 
f 625//203 624//202 665//243 
f 626//204 625//203 666//244 
f 627//205 626//204 667//245 
f 628//206 627//205 668//246 
f 629//207 628//206 669//247 
f 630//208 629//207 670//248 
f 631//209 630//208 671//249 
f 632//210 631//209 672//250 
f 634//212 632//210 673//251 
f 674//252 634//212 675//253 
f 636//214 635//213 676//254 
f 637//215 636//214 677//255 
f 638//216 637//215 678//256 
f 639//217 638//216 679//257 
f 640//218 639//217 680//258 
f 641//219 640//218 681//259 
f 642//220 641//219 682//260 
f 643//221 642//220 683//261 
f 644//222 643//221 684//262 
f 645//223 644//222 685//263 
f 646//224 645//223 686//264 
f 647//225 646//224 687//265 
f 648//226 647//225 688//266 
f 649//227 648//226 689//267 
f 650//228 649//227 690//268 
f 651//229 650//228 691//269 
f 652//230 651//229 692//270 
f 653//231 652//230 693//271 
f 654//232 653//231 694//272 
f 655//233 654//232 695//273 
f 656//234 655//233 696//274 
f 657//235 656//234 697//275 
f 658//236 657//235 698//276 
f 659//237 658//236 699//277 
f 660//238 659//237 700//278 
f 661//239 660//238 701//279 
f 662//240 661//239 702//280 
f 663//241 662//240 703//281 
f 664//242 663//241 704//282 
f 665//243 664//242 705//283 
f 666//244 665//243 706//284 
f 667//245 666//244 707//285 
f 668//246 667//245 708//286 
f 669//247 668//246 709//287 
f 670//248 669//247 710//288 
f 671//249 670//248 711//289 
f 672//250 671//249 712//290 
f 673//251 672//250 713//291 
f 675//253 673//251 714//292 
f 715//293 675//253 716//294 
f 678//256 677//255 717//295 
f 679//257 678//256 718//296 
f 680//258 679//257 719//297 
f 681//259 680//258 720//298 
f 682//260 681//259 721//299 
f 683//261 682//260 722//300 
f 684//262 683//261 723//301 
f 685//263 684//262 724//302 
f 686//264 685//263 725//303 
f 687//265 686//264 726//304 
f 688//266 687//265 727//305 
f 689//267 688//266 728//306 
f 690//268 689//267 729//307 
f 691//269 690//268 730//308 
f 692//270 691//269 731//309 
f 693//271 692//270 732//310 
f 694//272 693//271 733//311 
f 695//273 694//272 734//312 
f 696//274 695//273 735//313 
f 697//275 696//274 736//314 
f 698//276 697//275 737//315 
f 699//277 698//276 738//316 
f 700//278 699//277 739//317 
f 701//279 700//278 740//318 
f 702//280 701//279 741//319 
f 703//281 702//280 742//320 
f 704//282 703//281 743//321 
f 705//283 704//282 744//322 
f 706//284 705//283 745//323 
f 707//285 706//284 746//324 
f 708//286 707//285 747//325 
f 709//287 708//286 748//326 
f 710//288 709//287 749//327 
f 711//289 710//288 750//328 
f 712//290 711//289 751//329 
f 713//291 712//290 752//330 
f 714//292 713//291 753//331 
f 716//294 714//292 754//332 
f 718//296 717//295 755//333 
f 719//297 718//296 756//334 
f 720//298 719//297 757//335 
f 721//299 720//298 758//336 
f 722//300 721//299 759//337 
f 723//301 722//300 760//338 
f 724//302 723//301 761//339 
f 725//303 724//302 762//340 
f 726//304 725//303 763//341 
f 727//305 726//304 764//342 
f 728//306 727//305 765//343 
f 729//307 728//306 766//344 
f 730//308 729//307 767//345 
f 731//309 730//308 768//346 
f 732//310 731//309 769//347 
f 733//311 732//310 770//348 
f 734//312 733//311 771//349 
f 735//313 734//312 772//350 
f 736//314 735//313 773//351 
f 737//315 736//314 774//352 
f 738//316 737//315 775//353 
f 739//317 738//316 776//354 
f 740//318 739//317 777//355 
f 741//319 740//318 778//356 
f 742//320 741//319 779//357 
f 743//321 742//320 780//358 
f 744//322 743//321 781//359 
f 745//323 744//322 782//360 
f 746//324 745//323 783//361 
f 747//325 746//324 784//362 
f 748//326 747//325 785//363 
f 749//327 748//326 786//364 
f 750//328 749//327 787//365 
f 751//329 750//328 788//366 
f 752//330 751//329 789//367 
f 753//331 752//330 790//368 
f 754//332 753//331 791//369 
f 792//370 754//332 793//371 
f 756//334 755//333 794//372 
f 757//335 756//334 795//373 
f 758//336 757//335 796//374 
f 759//337 758//336 797//375 
f 760//338 759//337 798//376 
f 761//339 760//338 799//377 
f 762//340 761//339 800//378 
f 763//341 762//340 801//379 
f 764//342 763//341 802//380 
f 765//343 764//342 803//381 
f 766//344 765//343 804//382 
f 767//345 766//344 805//383 
f 768//346 767//345 806//384 
f 769//347 768//346 807//385 
f 770//348 769//347 808//386 
f 771//349 770//348 809//387 
f 772//350 771//349 810//388 
f 773//351 772//350 811//389 
f 774//352 773//351 812//390 
f 775//353 774//352 813//391 
f 776//354 775//353 814//392 
f 777//355 776//354 815//393 
f 778//356 777//355 816//394 
f 779//357 778//356 817//395 
f 780//358 779//357 818//396 
f 781//359 780//358 819//397 
f 782//360 781//359 820//398 
f 783//361 782//360 821//399 
f 784//362 783//361 822//400 
f 785//363 784//362 823//401 
f 786//364 785//363 824//402 
f 787//365 786//364 825//403 
f 788//366 787//365 826//404 
f 789//367 788//366 827//405 
f 790//368 789//367 828//406 
f 791//369 790//368 829//407 
f 793//371 791//369 830//408 
f 831//409 793//371 832//410 
f 795//373 794//372 833//411 
f 796//374 795//373 834//412 
f 797//375 796//374 835//413 
f 798//376 797//375 836//414 
f 799//377 798//376 837//415 
f 800//378 799//377 838//416 
f 801//379 800//378 839//417 
f 802//380 801//379 840//418 
f 803//381 802//380 841//419 
f 804//382 803//381 842//420 
f 805//383 804//382 843//421 
f 806//384 805//383 844//422 
f 807//385 806//384 845//423 
f 808//386 807//385 846//424 
f 809//387 808//386 847//425 
f 810//388 809//387 848//426 
f 811//389 810//388 849//427 
f 812//390 811//389 850//428 
f 813//391 812//390 851//429 
f 814//392 813//391 852//430 
f 815//393 814//392 853//431 
f 816//394 815//393 854//432 
f 817//395 816//394 855//433 
f 818//396 817//395 856//434 
f 819//397 818//396 857//435 
f 820//398 819//397 858//436 
f 821//399 820//398 859//437 
f 822//400 821//399 860//438 
f 823//401 822//400 861//439 
f 824//402 823//401 862//440 
f 825//403 824//402 863//441 
f 826//404 825//403 864//442 
f 827//405 826//404 865//443 
f 828//406 827//405 866//444 
f 829//407 828//406 867//445 
f 830//408 829//407 868//446 
f 832//410 830//408 869//447 
f 870//448 832//410 871//449 
f 834//412 833//411 872//450 
f 835//413 834//412 873//451 
f 836//414 835//413 874//452 
f 837//415 836//414 875//453 
f 838//416 837//415 876//454 
f 839//417 838//416 877//455 
f 840//418 839//417 878//456 
f 841//419 840//418 879//457 
f 842//420 841//419 880//458 
f 843//421 842//420 881//459 
f 844//422 843//421 882//460 
f 845//423 844//422 883//461 
f 846//424 845//423 884//462 
f 847//425 846//424 885//463 
f 848//426 847//425 886//464 
f 849//427 848//426 887//465 
f 850//428 849//427 888//466 
f 851//429 850//428 889//467 
f 852//430 851//429 890//468 
f 853//431 852//430 891//469 
f 854//432 853//431 892//470 
f 855//433 854//432 893//471 
f 856//434 855//433 894//472 
f 857//435 856//434 895//473 
f 858//436 857//435 896//474 
f 859//437 858//436 897//475 
f 860//438 859//437 898//476 
f 861//439 860//438 899//477 
f 862//440 861//439 900//478 
f 863//441 862//440 901//479 
f 864//442 863//441 902//480 
f 865//443 864//442 903//481 
f 866//444 865//443 904//482 
f 867//445 866//444 905//483 
f 868//446 867//445 906//484 
f 869//447 868//446 907//485 
f 871//449 869//447 908//486 
f 909//487 871//449 910//488 
f 874//452 873//451 911//489 
f 875//453 874//452 912//490 
f 876//454 875//453 913//491 
f 877//455 876//454 914//492 
f 878//456 877//455 915//493 
f 879//457 878//456 916//494 
f 880//458 879//457 917//495 
f 881//459 880//458 918//496 
f 882//460 881//459 919//497 
f 883//461 882//460 920//498 
f 884//462 883//461 921//499 
f 885//463 884//462 922//500 
f 886//464 885//463 923//501 
f 887//465 886//464 924//502 
f 888//466 887//465 925//503 
f 889//467 888//466 926//504 
f 890//468 889//467 927//505 
f 891//469 890//468 928//506 
f 892//470 891//469 929//507 
f 893//471 892//470 930//508 
f 894//472 893//471 931//509 
f 895//473 894//472 932//510 
f 896//474 895//473 933//511 
f 897//475 896//474 934//512 
f 898//476 897//475 935//513 
f 899//477 898//476 936//514 
f 900//478 899//477 937//515 
f 901//479 900//478 938//516 
f 902//480 901//479 939//517 
f 903//481 902//480 940//518 
f 904//482 903//481 941//519 
f 905//483 904//482 942//520 
f 906//484 905//483 943//521 
f 907//485 906//484 944//522 
f 908//486 907//485 945//523 
f 910//488 908//486 946//524 
f 912//490 911//489 947//525 
f 913//491 912//490 948//526 
f 914//492 913//491 949//527 
f 915//493 914//492 950//528 
f 916//494 915//493 951//529 
f 917//495 916//494 952//530 
f 918//496 917//495 953//531 
f 919//497 918//496 954//532 
f 920//498 919//497 955//533 
f 921//499 920//498 956//534 
f 922//500 921//499 957//535 
f 923//501 922//500 958//536 
f 924//502 923//501 959//537 
f 925//503 924//502 960//538 
f 926//504 925//503 961//539 
f 927//505 926//504 962//540 
f 928//506 927//505 963//541 
f 929//507 928//506 964//542 
f 930//508 929//507 965//543 
f 931//509 930//508 966//544 
f 932//510 931//509 967//545 
f 933//511 932//510 968//546 
f 934//512 933//511 969//547 
f 935//513 934//512 970//548 
f 936//514 935//513 971//549 
f 937//515 936//514 972//550 
f 938//516 937//515 973//551 
f 939//517 938//516 974//552 
f 940//518 939//517 975//553 
f 941//519 940//518 976//554 
f 942//520 941//519 977//555 
f 943//521 942//520 978//556 
f 944//522 943//521 979//557 
f 945//523 944//522 980//558 
f 946//524 945//523 981//559 
f 982//560 946//524 983//561 
f 948//526 947//525 984//562 
f 949//527 948//526 985//563 
f 950//528 949//527 986//564 
f 951//529 950//528 987//565 
f 952//530 951//529 988//566 
f 953//531 952//530 989//567 
f 954//532 953//531 990//568 
f 955//533 954//532 991//569 
f 956//534 955//533 992//570 
f 957//535 956//534 993//571 
f 958//536 957//535 994//572 
f 959//537 958//536 995//573 
f 960//538 959//537 996//574 
f 961//539 960//538 997//575 
f 962//540 961//539 998//576 
f 963//541 962//540 999//577 
f 964//542 963//541 1000//578 
f 965//543 964//542 1001//579 
f 966//544 965//543 1002//580 
f 967//545 966//544 1003//581 
f 968//546 967//545 1004//582 
f 969//547 968//546 1005//583 
f 970//548 969//547 1006//584 
f 971//549 970//548 1007//585 
f 972//550 971//549 1008//586 
f 973//551 972//550 1009//587 
f 974//552 973//551 1010//588 
f 975//553 974//552 1011//589 
f 976//554 975//553 1012//590 
f 977//555 976//554 1013//591 
f 978//556 977//555 1014//592 
f 979//557 978//556 1015//593 
f 980//558 979//557 1016//594 
f 981//559 980//558 1017//595 
f 983//561 981//559 1018//596 
f 1019//597 983//561 1020//598 
f 985//563 984//562 1021//599 
f 986//564 985//563 1022//600 
f 987//565 986//564 1023//601 
f 988//566 987//565 1024//602 
f 989//567 988//566 1025//603 
f 990//568 989//567 1026//604 
f 991//569 990//568 1027//605 
f 992//570 991//569 1028//606 
f 993//571 992//570 1029//607 
f 994//572 993//571 1030//608 
f 995//573 994//572 1031//609 
f 996//574 995//573 1032//610 
f 997//575 996//574 1033//611 
f 998//576 997//575 1034//612 
f 999//577 998//576 1035//613 
f 1000//578 999//577 1036//614 
f 1001//579 1000//578 1037//615 
f 1002//580 1001//579 1038//616 
f 1003//581 1002//580 1039//617 
f 1004//582 1003//581 1040//618 
f 1005//583 1004//582 1041//619 
f 1006//584 1005//583 1042//620 
f 1007//585 1006//584 1043//621 
f 1008//586 1007//585 1044//622 
f 1009//587 1008//586 1045//623 
f 1010//588 1009//587 1046//624 
f 1011//589 1010//588 1047//625 
f 1012//590 1011//589 1048//626 
f 1013//591 1012//590 1049//627 
f 1014//592 1013//591 1050//628 
f 1015//593 1014//592 1051//629 
f 1016//594 1015//593 1052//630 
f 1017//595 1016//594 1053//631 
f 1018//596 1017//595 1054//632 
f 1020//598 1018//596 1055//633 
f 1056//634 1020//598 1057//635 
f 1022//600 1021//599 1058//636 
f 1023//601 1022//600 1059//637 
f 1024//602 1023//601 1060//638 
f 1025//603 1024//602 1061//639 
f 1026//604 1025//603 1062//640 
f 1027//605 1026//604 1063//641 
f 1028//606 1027//605 1064//642 
f 1029//607 1028//606 1065//643 
f 1030//608 1029//607 1066//644 
f 1031//609 1030//608 1067//645 
f 1032//610 1031//609 1068//646 
f 1033//611 1032//610 1069//647 
f 1034//612 1033//611 1070//648 
f 1035//613 1034//612 1071//649 
f 1036//614 1035//613 1072//650 
f 1037//615 1036//614 1073//651 
f 1038//616 1037//615 1074//652 
f 1039//617 1038//616 1075//653 
f 1040//618 1039//617 1076//654 
f 1041//619 1040//618 1077//655 
f 1042//620 1041//619 1078//656 
f 1043//621 1042//620 1079//657 
f 1044//622 1043//621 1080//658 
f 1045//623 1044//622 1081//659 
f 1046//624 1045//623 1082//660 
f 1047//625 1046//624 1083//661 
f 1048//626 1047//625 1084//662 
f 1049//627 1048//626 1085//663 
f 1050//628 1049//627 1086//664 
f 1051//629 1050//628 1087//665 
f 1052//630 1051//629 1088//666 
f 1053//631 1052//630 1089//667 
f 1054//632 1053//631 1090//668 
f 1055//633 1054//632 1091//669 
f 1057//635 1055//633 1092//670 
f 1093//671 1057//635 1094//672 
f 1060//638 1059//637 1095//673 
f 1061//639 1060//638 1096//674 
f 1062//640 1061//639 1097//675 
f 1063//641 1062//640 1098//676 
f 1064//642 1063//641 1099//677 
f 1065//643 1064//642 1100//678 
f 1066//644 1065//643 1101//679 
f 1067//645 1066//644 1102//680 
f 1068//646 1067//645 1103//681 
f 1069//647 1068//646 1104//682 
f 1070//648 1069//647 1105//683 
f 1071//649 1070//648 1106//684 
f 1072//650 1071//649 1107//685 
f 1073//651 1072//650 1108//686 
f 1074//652 1073//651 1109//687 
f 1075//653 1074//652 1110//688 
f 1076//654 1075//653 1111//689 
f 1077//655 1076//654 1112//690 
f 1078//656 1077//655 1113//691 
f 1079//657 1078//656 1114//692 
f 1080//658 1079//657 1115//693 
f 1081//659 1080//658 1116//694 
f 1082//660 1081//659 1117//695 
f 1083//661 1082//660 1118//696 
f 1084//662 1083//661 1119//697 
f 1085//663 1084//662 1120//698 
f 1086//664 1085//663 1121//699 
f 1087//665 1086//664 1122//700 
f 1088//666 1087//665 1123//701 
f 1089//667 1088//666 1124//702 
f 1090//668 1089//667 1125//703 
f 1091//669 1090//668 1126//704 
f 1092//670 1091//669 1127//705 
f 1094//672 1092//670 1128//706 
f 1096//674 1095//673 1129//707 
f 1097//675 1096//674 1130//708 
f 1098//676 1097//675 1131//709 
f 1099//677 1098//676 1132//710 
f 1100//678 1099//677 1133//711 
f 1101//679 1100//678 1134//712 
f 1102//680 1101//679 1135//713 
f 1103//681 1102//680 1136//714 
f 1104//682 1103//681 1137//715 
f 1105//683 1104//682 1138//716 
f 1106//684 1105//683 1139//717 
f 1107//685 1106//684 1140//718 
f 1108//686 1107//685 1141//719 
f 1109//687 1108//686 1142//720 
f 1110//688 1109//687 1143//721 
f 1111//689 1110//688 1144//722 
f 1112//690 1111//689 1145//723 
f 1113//691 1112//690 1146//724 
f 1114//692 1113//691 1147//725 
f 1115//693 1114//692 1148//726 
f 1116//694 1115//693 1149//727 
f 1117//695 1116//694 1150//728 
f 1118//696 1117//695 1151//729 
f 1119//697 1118//696 1152//730 
f 1120//698 1119//697 1153//731 
f 1121//699 1120//698 1154//732 
f 1122//700 1121//699 1155//733 
f 1123//701 1122//700 1156//734 
f 1124//702 1123//701 1157//735 
f 1125//703 1124//702 1158//736 
f 1126//704 1125//703 1159//737 
f 1127//705 1126//704 1160//738 
f 1128//706 1127//705 1161//739 
f 1162//740 1128//706 1163//741 
f 1130//708 1129//707 1164//742 
f 1131//709 1130//708 1165//743 
f 1132//710 1131//709 1166//744 
f 1133//711 1132//710 1167//745 
f 1134//712 1133//711 1168//746 
f 1135//713 1134//712 1169//747 
f 1136//714 1135//713 1170//748 
f 1137//715 1136//714 1171//749 
f 1138//716 1137//715 1172//750 
f 1139//717 1138//716 1173//751 
f 1140//718 1139//717 1174//752 
f 1141//719 1140//718 1175//753 
f 1142//720 1141//719 1176//754 
f 1143//721 1142//720 1177//755 
f 1144//722 1143//721 1178//756 
f 1145//723 1144//722 1179//757 
f 1146//724 1145//723 1180//758 
f 1147//725 1146//724 1181//759 
f 1148//726 1147//725 1182//760 
f 1149//727 1148//726 1183//761 
f 1150//728 1149//727 1184//762 
f 1151//729 1150//728 1185//763 
f 1152//730 1151//729 1186//764 
f 1153//731 1152//730 1187//765 
f 1154//732 1153//731 1188//766 
f 1155//733 1154//732 1189//767 
f 1156//734 1155//733 1190//768 
f 1157//735 1156//734 1191//769 
f 1158//736 1157//735 1192//770 
f 1159//737 1158//736 1193//771 
f 1160//738 1159//737 1194//772 
f 1161//739 1160//738 1195//773 
f 1163//741 1161//739 1196//774 
f 1197//775 1163//741 1198//776 
f 1165//743 1164//742 1199//777 
f 1166//744 1165//743 1200//778 
f 1167//745 1166//744 1201//779 
f 1168//746 1167//745 1202//780 
f 1169//747 1168//746 1203//781 
f 1170//748 1169//747 1204//782 
f 1171//749 1170//748 1205//783 
f 1172//750 1171//749 1206//784 
f 1173//751 1172//750 1207//785 
f 1174//752 1173//751 1208//786 
f 1175//753 1174//752 1209//787 
f 1176//754 1175//753 1210//788 
f 1177//755 1176//754 1211//789 
f 1178//756 1177//755 1212//790 
f 1179//757 1178//756 1213//791 
f 1180//758 1179//757 1214//792 
f 1181//759 1180//758 1215//793 
f 1182//760 1181//759 1216//794 
f 1183//761 1182//760 1217//795 
f 1184//762 1183//761 1218//796 
f 1185//763 1184//762 1219//797 
f 1186//764 1185//763 1220//798 
f 1187//765 1186//764 1221//799 
f 1188//766 1187//765 1222//800 
f 1189//767 1188//766 1223//801 
f 1190//768 1189//767 1224//802 
f 1191//769 1190//768 1225//803 
f 1192//770 1191//769 1226//804 
f 1193//771 1192//770 1227//805 
f 1194//772 1193//771 1228//806 
f 1195//773 1194//772 1229//807 
f 1196//774 1195//773 1230//808 
f 1198//776 1196//774 1231//809 
f 1232//810 1198//776 1233//811 
f 1200//778 1199//777 1234//812 
f 1201//779 1200//778 1235//813 
f 1202//780 1201//779 1236//814 
f 1203//781 1202//780 1237//815 
f 1204//782 1203//781 1238//816 
f 1205//783 1204//782 1239//817 
f 1206//784 1205//783 1240//818 
f 1207//785 1206//784 1241//819 
f 1208//786 1207//785 1242//820 
f 1209//787 1208//786 1243//821 
f 1210//788 1209//787 1244//822 
f 1211//789 1210//788 1245//823 
f 1212//790 1211//789 1246//824 
f 1213//791 1212//790 1247//825 
f 1214//792 1213//791 1248//826 
f 1215//793 1214//792 1249//827 
f 1216//794 1215//793 1250//828 
f 1217//795 1216//794 1251//829 
f 1218//796 1217//795 1252//830 
f 1219//797 1218//796 1253//831 
f 1220//798 1219//797 1254//832 
f 1221//799 1220//798 1255//833 
f 1222//800 1221//799 1256//834 
f 1223//801 1222//800 1257//835 
f 1224//802 1223//801 1258//836 
f 1225//803 1224//802 1259//837 
f 1226//804 1225//803 1260//838 
f 1227//805 1226//804 1261//839 
f 1228//806 1227//805 1262//840 
f 1229//807 1228//806 1263//841 
f 1230//808 1229//807 1264//842 
f 1231//809 1230//808 1265//843 
f 1233//811 1231//809 1266//844 
f 1267//845 1233//811 1268//846 
f 1235//813 1234//812 1269//847 
f 1236//814 1235//813 1270//848 
f 1237//815 1236//814 1271//849 
f 1238//816 1237//815 1272//850 
f 1239//817 1238//816 1273//851 
f 1240//818 1239//817 1274//852 
f 1241//819 1240//818 1275//853 
f 1242//820 1241//819 1276//854 
f 1243//821 1242//820 1277//855 
f 1244//822 1243//821 1278//856 
f 1245//823 1244//822 1279//857 
f 1246//824 1245//823 1280//858 
f 1247//825 1246//824 1281//859 
f 1248//826 1247//825 1282//860 
f 1249//827 1248//826 1283//861 
f 1250//828 1249//827 1284//862 
f 1251//829 1250//828 1285//863 
f 1252//830 1251//829 1286//864 
f 1253//831 1252//830 1287//865 
f 1254//832 1253//831 1288//866 
f 1255//833 1254//832 1289//867 
f 1256//834 1255//833 1290//868 
f 1257//835 1256//834 1291//869 
f 1258//836 1257//835 1292//870 
f 1259//837 1258//836 1293//871 
f 1260//838 1259//837 1294//872 
f 1261//839 1260//838 1295//873 
f 1262//840 1261//839 1296//874 
f 1263//841 1262//840 1297//875 
f 1264//842 1263//841 1298//876 
f 1265//843 1264//842 1299//877 
f 1266//844 1265//843 1300//878 
f 1268//846 1266//844 1301//879 
f 1302//880 1268//846 1303//881 
f 1271//849 1270//848 1304//882 
f 1272//850 1271//849 1305//883 
f 1273//851 1272//850 1306//884 
f 1274//852 1273//851 1307//885 
f 1275//853 1274//852 1308//886 
f 1276//854 1275//853 1309//887 
f 1277//855 1276//854 1310//888 
f 1278//856 1277//855 1311//889 
f 1279//857 1278//856 1312//890 
f 1280//858 1279//857 1313//891 
f 1281//859 1280//858 1314//892 
f 1282//860 1281//859 1315//893 
f 1283//861 1282//860 1316//894 
f 1284//862 1283//861 1317//895 
f 1285//863 1284//862 1318//896 
f 1286//864 1285//863 1319//897 
f 1287//865 1286//864 1320//898 
f 1288//866 1287//865 1321//899 
f 1289//867 1288//866 1322//900 
f 1290//868 1289//867 1323//901 
f 1291//869 1290//868 1324//902 
f 1292//870 1291//869 1325//903 
f 1293//871 1292//870 1326//904 
f 1294//872 1293//871 1327//905 
f 1295//873 1294//872 1328//906 
f 1296//874 1295//873 1329//907 
f 1297//875 1296//874 1330//908 
f 1298//876 1297//875 1331//909 
f 1299//877 1298//876 1332//910 
f 1300//878 1299//877 1333//911 
f 1301//879 1300//878 1334//912 
f 1303//881 1301//879 1335//913 
f 1305//883 1304//882 1336//914 
f 1306//884 1305//883 1337//915 
f 1307//885 1306//884 1338//916 
f 1308//886 1307//885 1339//917 
f 1309//887 1308//886 1340//918 
f 1310//888 1309//887 1341//919 
f 1311//889 1310//888 1342//920 
f 1312//890 1311//889 1343//921 
f 1313//891 1312//890 1344//922 
f 1314//892 1313//891 1345//923 
f 1315//893 1314//892 1346//924 
f 1316//894 1315//893 1347//925 
f 1317//895 1316//894 1348//926 
f 1318//896 1317//895 1349//927 
f 1319//897 1318//896 1350//928 
f 1320//898 1319//897 1351//929 
f 1321//899 1320//898 1352//930 
f 1322//900 1321//899 1353//931 
f 1323//901 1322//900 1354//932 
f 1324//902 1323//901 1355//933 
f 1325//903 1324//902 1356//934 
f 1326//904 1325//903 1357//935 
f 1327//905 1326//904 1358//936 
f 1328//906 1327//905 1359//937 
f 1329//907 1328//906 1360//938 
f 1330//908 1329//907 1361//939 
f 1331//909 1330//908 1362//940 
f 1332//910 1331//909 1363//941 
f 1333//911 1332//910 1364//942 
f 1334//912 1333//911 1365//943 
f 1335//913 1334//912 1366//944 
f 1367//945 1335//913 1368//946 
f 1337//915 1336//914 1369//947 
f 1338//916 1337//915 1370//948 
f 1339//917 1338//916 1371//949 
f 1340//918 1339//917 1372//950 
f 1341//919 1340//918 1373//951 
f 1342//920 1341//919 1374//952 
f 1343//921 1342//920 1375//953 
f 1344//922 1343//921 1376//954 
f 1345//923 1344//922 1377//955 
f 1346//924 1345//923 1378//956 
f 1347//925 1346//924 1379//957 
f 1348//926 1347//925 1380//958 
f 1349//927 1348//926 1381//959 
f 1350//928 1349//927 1382//960 
f 1351//929 1350//928 1383//961 
f 1352//930 1351//929 1384//962 
f 1353//931 1352//930 1385//963 
f 1354//932 1353//931 1386//964 
f 1355//933 1354//932 1387//965 
f 1356//934 1355//933 1388//966 
f 1357//935 1356//934 1389//967 
f 1358//936 1357//935 1390//968 
f 1359//937 1358//936 1391//969 
f 1360//938 1359//937 1392//970 
f 1361//939 1360//938 1393//971 
f 1362//940 1361//939 1394//972 
f 1363//941 1362//940 1395//973 
f 1364//942 1363//941 1396//974 
f 1365//943 1364//942 1397//975 
f 1366//944 1365//943 1398//976 
f 1368//946 1366//944 1399//977 
f 1400//978 1368//946 1401//979 
f 1370//948 1369//947 1402//980 
f 1371//949 1370//948 1403//981 
f 1372//950 1371//949 1404//982 
f 1373//951 1372//950 1405//983 
f 1374//952 1373//951 1406//984 
f 1375//953 1374//952 1407//985 
f 1376//954 1375//953 1408//986 
f 1377//955 1376//954 1409//987 
f 1378//956 1377//955 1410//988 
f 1379//957 1378//956 1411//989 
f 1380//958 1379//957 1412//990 
f 1381//959 1380//958 1413//991 
f 1382//960 1381//959 1414//992 
f 1383//961 1382//960 1415//993 
f 1384//962 1383//961 1416//994 
f 1385//963 1384//962 1417//995 
f 1386//964 1385//963 1418//996 
f 1387//965 1386//964 1419//997 
f 1388//966 1387//965 1420//998 
f 1389//967 1388//966 1421//999 
f 1390//968 1389//967 1422//1000 
f 1391//969 1390//968 1423//1001 
f 1392//970 1391//969 1424//1002 
f 1393//971 1392//970 1425//1003 
f 1394//972 1393//971 1426//1004 
f 1395//973 1394//972 1427//1005 
f 1396//974 1395//973 1428//1006 
f 1397//975 1396//974 1429//1007 
f 1398//976 1397//975 1430//1008 
f 1399//977 1398//976 1431//1009 
f 1401//979 1399//977 1432//1010 
f 1433//1011 1401//979 1434//1012 
f 1403//981 1402//980 1435//1013 
f 1404//982 1403//981 1436//1014 
f 1405//983 1404//982 1437//1015 
f 1406//984 1405//983 1438//1016 
f 1407//985 1406//984 1439//1017 
f 1408//986 1407//985 1440//1018 
f 1409//987 1408//986 1441//1019 
f 1410//988 1409//987 1442//1020 
f 1411//989 1410//988 1443//1021 
f 1412//990 1411//989 1444//1022 
f 1413//991 1412//990 1445//1023 
f 1414//992 1413//991 1446//1024 
f 1415//993 1414//992 1447//1025 
f 1416//994 1415//993 1448//1026 
f 1417//995 1416//994 1449//1027 
f 1418//996 1417//995 1450//1028 
f 1419//997 1418//996 1451//1029 
f 1420//998 1419//997 1452//1030 
f 1421//999 1420//998 1453//1031 
f 1422//1000 1421//999 1454//1032 
f 1423//1001 1422//1000 1455//1033 
f 1424//1002 1423//1001 1456//1034 
f 1425//1003 1424//1002 1457//1035 
f 1426//1004 1425//1003 1458//1036 
f 1427//1005 1426//1004 1459//1037 
f 1428//1006 1427//1005 1460//1038 
f 1429//1007 1428//1006 1461//1039 
f 1430//1008 1429//1007 1462//1040 
f 1431//1009 1430//1008 1463//1041 
f 1432//1010 1431//1009 1464//1042 
f 1434//1012 1432//1010 1465//1043 
f 1466//1044 1434//1012 1467//1045 
f 1436//1014 1435//1013 1468//1046 
f 1437//1015 1436//1014 1469//1047 
f 1438//1016 1437//1015 1470//1048 
f 1439//1017 1438//1016 1471//1049 
f 1440//1018 1439//1017 1472//1050 
f 1441//1019 1440//1018 1473//1051 
f 1442//1020 1441//1019 1474//1052 
f 1443//1021 1442//1020 1475//1053 
f 1444//1022 1443//1021 1476//1054 
f 1445//1023 1444//1022 1477//1055 
f 1446//1024 1445//1023 1478//1056 
f 1447//1025 1446//1024 1479//1057 
f 1448//1026 1447//1025 1480//1058 
f 1449//1027 1448//1026 1481//1059 
f 1450//1028 1449//1027 1482//1060 
f 1451//1029 1450//1028 1483//1061 
f 1452//1030 1451//1029 1484//1062 
f 1453//1031 1452//1030 1485//1063 
f 1454//1032 1453//1031 1486//1064 
f 1455//1033 1454//1032 1487//1065 
f 1456//1034 1455//1033 1488//1066 
f 1457//1035 1456//1034 1489//1067 
f 1458//1036 1457//1035 1490//1068 
f 1459//1037 1458//1036 1491//1069 
f 1460//1038 1459//1037 1492//1070 
f 1461//1039 1460//1038 1493//1071 
f 1462//1040 1461//1039 1494//1072 
f 1463//1041 1462//1040 1495//1073 
f 1464//1042 1463//1041 1496//1074 
f 1465//1043 1464//1042 1497//1075 
f 1467//1045 1465//1043 1498//1076 
f 1499//1077 1467//1045 1500//1078 
f 1469//1047 1468//1046 1501//1079 
f 1470//1048 1469//1047 1502//1080 
f 1471//1049 1470//1048 1503//1081 
f 1472//1050 1471//1049 1504//1082 
f 1473//1051 1472//1050 1505//1083 
f 1474//1052 1473//1051 1506//1084 
f 1475//1053 1474//1052 1507//1085 
f 1476//1054 1475//1053 1508//1086 
f 1477//1055 1476//1054 1509//1087 
f 1478//1056 1477//1055 1510//1088 
f 1479//1057 1478//1056 1511//1089 
f 1480//1058 1479//1057 1512//1090 
f 1481//1059 1480//1058 1513//1091 
f 1482//1060 1481//1059 1514//1092 
f 1483//1061 1482//1060 1515//1093 
f 1484//1062 1483//1061 1516//1094 
f 1485//1063 1484//1062 1517//1095 
f 1486//1064 1485//1063 1518//1096 
f 1487//1065 1486//1064 1519//1097 
f 1488//1066 1487//1065 1520//1098 
f 1489//1067 1488//1066 1521//1099 
f 1490//1068 1489//1067 1522//1100 
f 1491//1069 1490//1068 1523//1101 
f 1492//1070 1491//1069 1524//1102 
f 1493//1071 1492//1070 1525//1103 
f 1494//1072 1493//1071 1526//1104 
f 1495//1073 1494//1072 1527//1105 
f 1496//1074 1495//1073 1528//1106 
f 1497//1075 1496//1074 1529//1107 
f 1498//1076 1497//1075 1530//1108 
f 1500//1078 1498//1076 1531//1109 
f 1532//1110 1500//1078 1533//1111 
f 1503//1081 1502//1080 1534//1112 
f 1504//1082 1503//1081 1535//1113 
f 1505//1083 1504//1082 1536//1114 
f 1506//1084 1505//1083 1537//1115 
f 1507//1085 1506//1084 1538//1116 
f 1508//1086 1507//1085 1539//1117 
f 1509//1087 1508//1086 1540//1118 
f 1510//1088 1509//1087 1541//1119 
f 1511//1089 1510//1088 1542//1120 
f 1512//1090 1511//1089 1543//1121 
f 1513//1091 1512//1090 1544//1122 
f 1514//1092 1513//1091 1545//1123 
f 1515//1093 1514//1092 1546//1124 
f 1516//1094 1515//1093 1547//1125 
f 1517//1095 1516//1094 1548//1126 
f 1518//1096 1517//1095 1549//1127 
f 1519//1097 1518//1096 1550//1128 
f 1520//1098 1519//1097 1551//1129 
f 1521//1099 1520//1098 1552//1130 
f 1522//1100 1521//1099 1553//1131 
f 1523//1101 1522//1100 1554//1132 
f 1524//1102 1523//1101 1555//1133 
f 1525//1103 1524//1102 1556//1134 
f 1526//1104 1525//1103 1557//1135 
f 1527//1105 1526//1104 1558//1136 
f 1528//1106 1527//1105 1559//1137 
f 1529//1107 1528//1106 1560//1138 
f 1530//1108 1529//1107 1561//1139 
f 1531//1109 1530//1108 1562//1140 
f 1533//1111 1531//1109 1563//1141 
f 1535//1113 1534//1112 1564//1142 
f 1536//1114 1535//1113 1565//1143 
f 1537//1115 1536//1114 1566//1144 
f 1538//1116 1537//1115 1567//1145 
f 1539//1117 1538//1116 1568//1146 
f 1540//1118 1539//1117 1569//1147 
f 1541//1119 1540//1118 1570//1148 
f 1542//1120 1541//1119 1571//1149 
f 1543//1121 1542//1120 1572//1150 
f 1544//1122 1543//1121 1573//1151 
f 1545//1123 1544//1122 1574//1152 
f 1546//1124 1545//1123 1575//1153 
f 1547//1125 1546//1124 1576//1154 
f 1548//1126 1547//1125 1577//1155 
f 1549//1127 1548//1126 1578//1156 
f 1550//1128 1549//1127 1579//1157 
f 1551//1129 1550//1128 1580//1158 
f 1552//1130 1551//1129 1581//1159 
f 1553//1131 1552//1130 1582//1160 
f 1554//1132 1553//1131 1583//1161 
f 1555//1133 1554//1132 1584//1162 
f 1556//1134 1555//1133 1585//1163 
f 1557//1135 1556//1134 1586//1164 
f 1558//1136 1557//1135 1587//1165 
f 1559//1137 1558//1136 1588//1166 
f 1560//1138 1559//1137 1589//1167 
f 1561//1139 1560//1138 1590//1168 
f 1562//1140 1561//1139 1591//1169 
f 1563//1141 1562//1140 1592//1170 
f 1593//1171 1563//1141 1594//1172 
f 1565//1143 1564//1142 1595//1173 
f 1566//1144 1565//1143 1596//1174 
f 1567//1145 1566//1144 1597//1175 
f 1568//1146 1567//1145 1598//1176 
f 1569//1147 1568//1146 1599//1177 
f 1570//1148 1569//1147 1600//1178 
f 1571//1149 1570//1148 1601//1179 
f 1572//1150 1571//1149 1602//1180 
f 1573//1151 1572//1150 1603//1181 
f 1574//1152 1573//1151 1604//1182 
f 1575//1153 1574//1152 1605//1183 
f 1576//1154 1575//1153 1606//1184 
f 1577//1155 1576//1154 1607//1185 
f 1578//1156 1577//1155 1608//1186 
f 1579//1157 1578//1156 1609//1187 
f 1580//1158 1579//1157 1610//1188 
f 1581//1159 1580//1158 1611//1189 
f 1582//1160 1581//1159 1612//1190 
f 1583//1161 1582//1160 1613//1191 
f 1584//1162 1583//1161 1614//1192 
f 1585//1163 1584//1162 1615//1193 
f 1586//1164 1585//1163 1616//1194 
f 1587//1165 1586//1164 1617//1195 
f 1588//1166 1587//1165 1618//1196 
f 1589//1167 1588//1166 1619//1197 
f 1590//1168 1589//1167 1620//1198 
f 1591//1169 1590//1168 1621//1199 
f 1592//1170 1591//1169 1622//1200 
f 1594//1172 1592//1170 1623//1201 
f 1624//1202 1594//1172 1625//1203 
f 1596//1174 1595//1173 1626//1204 
f 1597//1175 1596//1174 1627//1205 
f 1598//1176 1597//1175 1628//1206 
f 1599//1177 1598//1176 1629//1207 
f 1600//1178 1599//1177 1630//1208 
f 1601//1179 1600//1178 1631//1209 
f 1602//1180 1601//1179 1632//1210 
f 1603//1181 1602//1180 1633//1211 
f 1604//1182 1603//1181 1634//1212 
f 1605//1183 1604//1182 1635//1213 
f 1606//1184 1605//1183 1636//1214 
f 1607//1185 1606//1184 1637//1215 
f 1608//1186 1607//1185 1638//1216 
f 1609//1187 1608//1186 1639//1217 
f 1610//1188 1609//1187 1640//1218 
f 1611//1189 1610//1188 1641//1219 
f 1612//1190 1611//1189 1642//1220 
f 1613//1191 1612//1190 1643//1221 
f 1614//1192 1613//1191 1644//1222 
f 1615//1193 1614//1192 1645//1223 
f 1616//1194 1615//1193 1646//1224 
f 1617//1195 1616//1194 1647//1225 
f 1618//1196 1617//1195 1648//1226 
f 1619//1197 1618//1196 1649//1227 
f 1620//1198 1619//1197 1650//1228 
f 1621//1199 1620//1198 1651//1229 
f 1622//1200 1621//1199 1652//1230 
f 1623//1201 1622//1200 1653//1231 
f 1625//1203 1623//1201 1654//1232 
f 1655//1233 1625//1203 1656//1234 
f 1627//1205 1626//1204 1657//1235 
f 1628//1206 1627//1205 1658//1236 
f 1629//1207 1628//1206 1659//1237 
f 1630//1208 1629//1207 1660//1238 
f 1631//1209 1630//1208 1661//1239 
f 1632//1210 1631//1209 1662//1240 
f 1633//1211 1632//1210 1663//1241 
f 1634//1212 1633//1211 1664//1242 
f 1635//1213 1634//1212 1665//1243 
f 1636//1214 1635//1213 1666//1244 
f 1637//1215 1636//1214 1667//1245 
f 1638//1216 1637//1215 1668//1246 
f 1639//1217 1638//1216 1669//1247 
f 1640//1218 1639//1217 1670//1248 
f 1641//1219 1640//1218 1671//1249 
f 1642//1220 1641//1219 1672//1250 
f 1643//1221 1642//1220 1673//1251 
f 1644//1222 1643//1221 1674//1252 
f 1645//1223 1644//1222 1675//1253 
f 1646//1224 1645//1223 1676//1254 
f 1647//1225 1646//1224 1677//1255 
f 1648//1226 1647//1225 1678//1256 
f 1649//1227 1648//1226 1679//1257 
f 1650//1228 1649//1227 1680//1258 
f 1651//1229 1650//1228 1681//1259 
f 1652//1230 1651//1229 1682//1260 
f 1653//1231 1652//1230 1683//1261 
f 1654//1232 1653//1231 1684//1262 
f 1656//1234 1654//1232 1685//1263 
f 1686//1264 1656//1234 1687//1265 
f 1658//1236 1657//1235 1688//1266 
f 1659//1237 1658//1236 1689//1267 
f 1660//1238 1659//1237 1690//1268 
f 1661//1239 1660//1238 1691//1269 
f 1662//1240 1661//1239 1692//1270 
f 1663//1241 1662//1240 1693//1271 
f 1664//1242 1663//1241 1694//1272 
f 1665//1243 1664//1242 1695//1273 
f 1666//1244 1665//1243 1696//1274 
f 1667//1245 1666//1244 1697//1275 
f 1668//1246 1667//1245 1698//1276 
f 1669//1247 1668//1246 1699//1277 
f 1670//1248 1669//1247 1700//1278 
f 1671//1249 1670//1248 1701//1279 
f 1672//1250 1671//1249 1702//1280 
f 1673//1251 1672//1250 1703//1281 
f 1674//1252 1673//1251 1704//1282 
f 1675//1253 1674//1252 1705//1283 
f 1676//1254 1675//1253 1706//1284 
f 1677//1255 1676//1254 1707//1285 
f 1678//1256 1677//1255 1708//1286 
f 1679//1257 1678//1256 1709//1287 
f 1680//1258 1679//1257 1710//1288 
f 1681//1259 1680//1258 1711//1289 
f 1682//1260 1681//1259 1712//1290 
f 1683//1261 1682//1260 1713//1291 
f 1684//1262 1683//1261 1714//1292 
f 1685//1263 1684//1262 1715//1293 
f 1687//1265 1685//1263 1716//1294 
f 1717//1295 1687//1265 1718//1296 
f 1689//1267 1688//1266 1719//1297 
f 1690//1268 1689//1267 1720//1298 
f 1691//1269 1690//1268 1721//1299 
f 1692//1270 1691//1269 1722//1300 
f 1693//1271 1692//1270 1723//1301 
f 1694//1272 1693//1271 1724//1302 
f 1695//1273 1694//1272 1725//1303 
f 1696//1274 1695//1273 1726//1304 
f 1697//1275 1696//1274 1727//1305 
f 1698//1276 1697//1275 1728//1306 
f 1699//1277 1698//1276 1729//1307 
f 1700//1278 1699//1277 1730//1308 
f 1701//1279 1700//1278 1731//1309 
f 1702//1280 1701//1279 1732//1310 
f 1703//1281 1702//1280 1733//1311 
f 1704//1282 1703//1281 1734//1312 
f 1705//1283 1704//1282 1735//1313 
f 1706//1284 1705//1283 1736//1314 
f 1707//1285 1706//1284 1737//1315 
f 1708//1286 1707//1285 1738//1316 
f 1709//1287 1708//1286 1739//1317 
f 1710//1288 1709//1287 1740//1318 
f 1711//1289 1710//1288 1741//1319 
f 1712//1290 1711//1289 1742//1320 
f 1713//1291 1712//1290 1743//1321 
f 1714//1292 1713//1291 1744//1322 
f 1715//1293 1714//1292 1745//1323 
f 1716//1294 1715//1293 1746//1324 
f 1718//1296 1716//1294 1747//1325 
f 1748//1326 1718//1296 1749//1327 
f 1720//1298 1719//1297 1750//1328 
f 1721//1299 1720//1298 1751//1329 
f 1722//1300 1721//1299 1752//1330 
f 1723//1301 1722//1300 1753//1331 
f 1724//1302 1723//1301 1754//1332 
f 1725//1303 1724//1302 1755//1333 
f 1726//1304 1725//1303 1756//1334 
f 1727//1305 1726//1304 1757//1335 
f 1728//1306 1727//1305 1758//1336 
f 1729//1307 1728//1306 1759//1337 
f 1730//1308 1729//1307 1760//1338 
f 1731//1309 1730//1308 1761//1339 
f 1732//1310 1731//1309 1762//1340 
f 1733//1311 1732//1310 1763//1341 
f 1734//1312 1733//1311 1764//1342 
f 1735//1313 1734//1312 1765//1343 
f 1736//1314 1735//1313 1766//1344 
f 1737//1315 1736//1314 1767//1345 
f 1738//1316 1737//1315 1768//1346 
f 1739//1317 1738//1316 1769//1347 
f 1740//1318 1739//1317 1770//1348 
f 1741//1319 1740//1318 1771//1349 
f 1742//1320 1741//1319 1772//1350 
f 1743//1321 1742//1320 1773//1351 
f 1744//1322 1743//1321 1774//1352 
f 1745//1323 1744//1322 1775//1353 
f 1746//1324 1745//1323 1776//1354 
f 1747//1325 1746//1324 1777//1355 
f 1749//1327 1747//1325 1778//1356 
f 1779//1357 1749//1327 1780//1358 
f 1751//1329 1750//1328 1781//1359 
f 1752//1330 1751//1329 1782//1360 
f 1753//1331 1752//1330 1783//1361 
f 1754//1332 1753//1331 1784//1362 
f 1755//1333 1754//1332 1785//1363 
f 1756//1334 1755//1333 1786//1364 
f 1757//1335 1756//1334 1787//1365 
f 1758//1336 1757//1335 1788//1366 
f 1759//1337 1758//1336 1789//1367 
f 1760//1338 1759//1337 1790//1368 
f 1761//1339 1760//1338 1791//1369 
f 1762//1340 1761//1339 1792//1370 
f 1763//1341 1762//1340 1793//1371 
f 1764//1342 1763//1341 1794//1372 
f 1765//1343 1764//1342 1795//1373 
f 1766//1344 1765//1343 1796//1374 
f 1767//1345 1766//1344 1797//1375 
f 1768//1346 1767//1345 1798//1376 
f 1769//1347 1768//1346 1799//1377 
f 1770//1348 1769//1347 1800//1378 
f 1771//1349 1770//1348 1801//1379 
f 1772//1350 1771//1349 1802//1380 
f 1773//1351 1772//1350 1803//1381 
f 1774//1352 1773//1351 1804//1382 
f 1775//1353 1774//1352 1805//1383 
f 1776//1354 1775//1353 1806//1384 
f 1777//1355 1776//1354 1807//1385 
f 1778//1356 1777//1355 1808//1386 
f 1780//1358 1778//1356 1809//1387 
f 1810//1388 1780//1358 1811//1389 
f 1783//1361 1782//1360 1812//1390 
f 1784//1362 1783//1361 1813//1391 
f 1785//1363 1784//1362 1814//1392 
f 1786//1364 1785//1363 1815//1393 
f 1787//1365 1786//1364 1816//1394 
f 1788//1366 1787//1365 1817//1395 
f 1789//1367 1788//1366 1818//1396 
f 1790//1368 1789//1367 1819//1397 
f 1791//1369 1790//1368 1820//1398 
f 1792//1370 1791//1369 1821//1399 
f 1793//1371 1792//1370 1822//1400 
f 1794//1372 1793//1371 1823//1401 
f 1795//1373 1794//1372 1824//1402 
f 1796//1374 1795//1373 1825//1403 
f 1797//1375 1796//1374 1826//1404 
f 1798//1376 1797//1375 1827//1405 
f 1799//1377 1798//1376 1828//1406 
f 1800//1378 1799//1377 1829//1407 
f 1801//1379 1800//1378 1830//1408 
f 1802//1380 1801//1379 1831//1409 
f 1803//1381 1802//1380 1832//1410 
f 1804//1382 1803//1381 1833//1411 
f 1805//1383 1804//1382 1834//1412 
f 1806//1384 1805//1383 1835//1413 
f 1807//1385 1806//1384 1836//1414 
f 1808//1386 1807//1385 1837//1415 
f 1809//1387 1808//1386 1838//1416 
f 1811//1389 1809//1387 1839//1417 
f 1813//1391 1812//1390 1840//1418 
f 1814//1392 1813//1391 1841//1419 
f 1815//1393 1814//1392 1842//1420 
f 1816//1394 1815//1393 1843//1421 
f 1817//1395 1816//1394 1844//1422 
f 1818//1396 1817//1395 1845//1423 
f 1819//1397 1818//1396 1846//1424 
f 1820//1398 1819//1397 1847//1425 
f 1821//1399 1820//1398 1848//1426 
f 1822//1400 1821//1399 1849//1427 
f 1823//1401 1822//1400 1850//1428 
f 1824//1402 1823//1401 1851//1429 
f 1825//1403 1824//1402 1852//1430 
f 1826//1404 1825//1403 1853//1431 
f 1827//1405 1826//1404 1854//1432 
f 1828//1406 1827//1405 1855//1433 
f 1829//1407 1828//1406 1856//1434 
f 1830//1408 1829//1407 1857//1435 
f 1831//1409 1830//1408 1858//1436 
f 1832//1410 1831//1409 1859//1437 
f 1833//1411 1832//1410 1860//1438 
f 1834//1412 1833//1411 1861//1439 
f 1835//1413 1834//1412 1862//1440 
f 1836//1414 1835//1413 1863//1441 
f 1837//1415 1836//1414 1864//1442 
f 1838//1416 1837//1415 1865//1443 
f 1839//1417 1838//1416 1866//1444 
f 1867//1445 1839//1417 1868//1446 
f 1841//1419 1840//1418 1869//1447 
f 1842//1420 1841//1419 1870//1448 
f 1843//1421 1842//1420 1871//1449 
f 1844//1422 1843//1421 1872//1450 
f 1845//1423 1844//1422 1873//1451 
f 1846//1424 1845//1423 1874//1452 
f 1847//1425 1846//1424 1875//1453 
f 1848//1426 1847//1425 1876//1454 
f 1849//1427 1848//1426 1877//1455 
f 1850//1428 1849//1427 1878//1456 
f 1851//1429 1850//1428 1879//1457 
f 1852//1430 1851//1429 1880//1458 
f 1853//1431 1852//1430 1881//1459 
f 1854//1432 1853//1431 1882//1460 
f 1855//1433 1854//1432 1883//1461 
f 1856//1434 1855//1433 1884//1462 
f 1857//1435 1856//1434 1885//1463 
f 1858//1436 1857//1435 1886//1464 
f 1859//1437 1858//1436 1887//1465 
f 1860//1438 1859//1437 1888//1466 
f 1861//1439 1860//1438 1889//1467 
f 1862//1440 1861//1439 1890//1468 
f 1863//1441 1862//1440 1891//1469 
f 1864//1442 1863//1441 1892//1470 
f 1865//1443 1864//1442 1893//1471 
f 1866//1444 1865//1443 1894//1472 
f 1868//1446 1866//1444 1895//1473 
f 1896//1474 1868//1446 1897//1475 
f 1870//1448 1869//1447 1898//1476 
f 1871//1449 1870//1448 1899//1477 
f 1872//1450 1871//1449 1900//1478 
f 1873//1451 1872//1450 1901//1479 
f 1874//1452 1873//1451 1902//1480 
f 1875//1453 1874//1452 1903//1481 
f 1876//1454 1875//1453 1904//1482 
f 1877//1455 1876//1454 1905//1483 
f 1878//1456 1877//1455 1906//1484 
f 1879//1457 1878//1456 1907//1485 
f 1880//1458 1879//1457 1908//1486 
f 1881//1459 1880//1458 1909//1487 
f 1882//1460 1881//1459 1910//1488 
f 1883//1461 1882//1460 1911//1489 
f 1884//1462 1883//1461 1912//1490 
f 1885//1463 1884//1462 1913//1491 
f 1886//1464 1885//1463 1914//1492 
f 1887//1465 1886//1464 1915//1493 
f 1888//1466 1887//1465 1916//1494 
f 1889//1467 1888//1466 1917//1495 
f 1890//1468 1889//1467 1918//1496 
f 1891//1469 1890//1468 1919//1497 
f 1892//1470 1891//1469 1920//1498 
f 1893//1471 1892//1470 1921//1499 
f 1894//1472 1893//1471 1922//1500 
f 1895//1473 1894//1472 1923//1501 
f 1897//1475 1895//1473 1924//1502 
f 1925//1503 1897//1475 1926//1504 
f 1899//1477 1898//1476 1927//1505 
f 1900//1478 1899//1477 1928//1506 
f 1901//1479 1900//1478 1929//1507 
f 1902//1480 1901//1479 1930//1508 
f 1903//1481 1902//1480 1931//1509 
f 1904//1482 1903//1481 1932//1510 
f 1905//1483 1904//1482 1933//1511 
f 1906//1484 1905//1483 1934//1512 
f 1907//1485 1906//1484 1935//1513 
f 1908//1486 1907//1485 1936//1514 
f 1909//1487 1908//1486 1937//1515 
f 1910//1488 1909//1487 1938//1516 
f 1911//1489 1910//1488 1939//1517 
f 1912//1490 1911//1489 1940//1518 
f 1913//1491 1912//1490 1941//1519 
f 1914//1492 1913//1491 1942//1520 
f 1915//1493 1914//1492 1943//1521 
f 1916//1494 1915//1493 1944//1522 
f 1917//1495 1916//1494 1945//1523 
f 1918//1496 1917//1495 1946//1524 
f 1919//1497 1918//1496 1947//1525 
f 1920//1498 1919//1497 1948//1526 
f 1921//1499 1920//1498 1949//1527 
f 1922//1500 1921//1499 1950//1528 
f 1923//1501 1922//1500 1951//1529 
f 1924//1502 1923//1501 1952//1530 
f 1926//1504 1924//1502 1953//1531 
f 1954//1532 1926//1504 1955//1533 
f 1928//1506 1927//1505 1956//1534 
f 1929//1507 1928//1506 1957//1535 
f 1930//1508 1929//1507 1958//1536 
f 1931//1509 1930//1508 1959//1537 
f 1932//1510 1931//1509 1960//1538 
f 1933//1511 1932//1510 1961//1539 
f 1934//1512 1933//1511 1962//1540 
f 1935//1513 1934//1512 1963//1541 
f 1936//1514 1935//1513 1964//1542 
f 1937//1515 1936//1514 1965//1543 
f 1938//1516 1937//1515 1966//1544 
f 1939//1517 1938//1516 1967//1545 
f 1940//1518 1939//1517 1968//1546 
f 1941//1519 1940//1518 1969//1547 
f 1942//1520 1941//1519 1970//1548 
f 1943//1521 1942//1520 1971//1549 
f 1944//1522 1943//1521 1972//1550 
f 1945//1523 1944//1522 1973//1551 
f 1946//1524 1945//1523 1974//1552 
f 1947//1525 1946//1524 1975//1553 
f 1948//1526 1947//1525 1976//1554 
f 1949//1527 1948//1526 1977//1555 
f 1950//1528 1949//1527 1978//1556 
f 1951//1529 1950//1528 1979//1557 
f 1952//1530 1951//1529 1980//1558 
f 1953//1531 1952//1530 1981//1559 
f 1955//1533 1953//1531 1982//1560 
f 1983//1561 1955//1533 1984//1562 
f 1957//1535 1956//1534 1985//1563 
f 1958//1536 1957//1535 1986//1564 
f 1959//1537 1958//1536 1987//1565 
f 1960//1538 1959//1537 1988//1566 
f 1961//1539 1960//1538 1989//1567 
f 1962//1540 1961//1539 1990//1568 
f 1963//1541 1962//1540 1991//1569 
f 1964//1542 1963//1541 1992//1570 
f 1965//1543 1964//1542 1993//1571 
f 1966//1544 1965//1543 1994//1572 
f 1967//1545 1966//1544 1995//1573 
f 1968//1546 1967//1545 1996//1574 
f 1969//1547 1968//1546 1997//1575 
f 1970//1548 1969//1547 1998//1576 
f 1971//1549 1970//1548 1999//1577 
f 1972//1550 1971//1549 2000//1578 
f 1973//1551 1972//1550 2001//1579 
f 1974//1552 1973//1551 2002//1580 
f 1975//1553 1974//1552 2003//1581 
f 1976//1554 1975//1553 2004//1582 
f 1977//1555 1976//1554 2005//1583 
f 1978//1556 1977//1555 2006//1584 
f 1979//1557 1978//1556 2007//1585 
f 1980//1558 1979//1557 2008//1586 
f 1981//1559 1980//1558 2009//1587 
f 1982//1560 1981//1559 2010//1588 
f 1984//1562 1982//1560 2011//1589 
f 2012//1590 1984//1562 2013//1591 
f 1986//1564 1985//1563 2014//1592 
f 1987//1565 1986//1564 2015//1593 
f 1988//1566 1987//1565 2016//1594 
f 1989//1567 1988//1566 2017//1595 
f 1990//1568 1989//1567 2018//1596 
f 1991//1569 1990//1568 2019//1597 
f 1992//1570 1991//1569 2020//1598 
f 1993//1571 1992//1570 2021//1599 
f 1994//1572 1993//1571 2022//1600 
f 1995//1573 1994//1572 2023//1601 
f 1996//1574 1995//1573 2024//1602 
f 1997//1575 1996//1574 2025//1603 
f 1998//1576 1997//1575 2026//1604 
f 1999//1577 1998//1576 2027//1605 
f 2000//1578 1999//1577 2028//1606 
f 2001//1579 2000//1578 2029//1607 
f 2002//1580 2001//1579 2030//1608 
f 2003//1581 2002//1580 2031//1609 
f 2004//1582 2003//1581 2032//1610 
f 2005//1583 2004//1582 2033//1611 
f 2006//1584 2005//1583 2034//1612 
f 2007//1585 2006//1584 2035//1613 
f 2008//1586 2007//1585 2036//1614 
f 2009//1587 2008//1586 2037//1615 
f 2010//1588 2009//1587 2038//1616 
f 2011//1589 2010//1588 2039//1617 
f 2013//1591 2011//1589 2040//1618 
f 2041//1619 2013//1591 2042//1620 
f 2015//1593 2014//1592 2043//1621 
f 2016//1594 2015//1593 2044//1622 
f 2017//1595 2016//1594 2045//1623 
f 2018//1596 2017//1595 2046//1624 
f 2019//1597 2018//1596 2047//1625 
f 2020//1598 2019//1597 2048//1626 
f 2021//1599 2020//1598 2049//1627 
f 2022//1600 2021//1599 2050//1628 
f 2023//1601 2022//1600 2051//1629 
f 2024//1602 2023//1601 2052//1630 
f 2025//1603 2024//1602 2053//1631 
f 2026//1604 2025//1603 2054//1632 
f 2027//1605 2026//1604 2055//1633 
f 2028//1606 2027//1605 2056//1634 
f 2029//1607 2028//1606 2057//1635 
f 2030//1608 2029//1607 2058//1636 
f 2031//1609 2030//1608 2059//1637 
f 2032//1610 2031//1609 2060//1638 
f 2033//1611 2032//1610 2061//1639 
f 2034//1612 2033//1611 2062//1640 
f 2035//1613 2034//1612 2063//1641 
f 2036//1614 2035//1613 2064//1642 
f 2037//1615 2036//1614 2065//1643 
f 2038//1616 2037//1615 2066//1644 
f 2039//1617 2038//1616 2067//1645 
f 2040//1618 2039//1617 2068//1646 
f 2042//1620 2040//1618 2069//1647 
f 2070//1648 2042//1620 2071//1649 
f 2044//1622 2043//1621 2072//1650 
f 2045//1623 2044//1622 2073//1651 
f 2046//1624 2045//1623 2074//1652 
f 2047//1625 2046//1624 2075//1653 
f 2048//1626 2047//1625 2076//1654 
f 2049//1627 2048//1626 2077//1655 
f 2050//1628 2049//1627 2078//1656 
f 2051//1629 2050//1628 2079//1657 
f 2052//1630 2051//1629 2080//1658 
f 2053//1631 2052//1630 2081//1659 
f 2054//1632 2053//1631 2082//1660 
f 2055//1633 2054//1632 2083//1661 
f 2056//1634 2055//1633 2084//1662 
f 2057//1635 2056//1634 2085//1663 
f 2058//1636 2057//1635 2086//1664 
f 2059//1637 2058//1636 2087//1665 
f 2060//1638 2059//1637 2088//1666 
f 2061//1639 2060//1638 2089//1667 
f 2062//1640 2061//1639 2090//1668 
f 2063//1641 2062//1640 2091//1669 
f 2064//1642 2063//1641 2092//1670 
f 2065//1643 2064//1642 2093//1671 
f 2066//1644 2065//1643 2094//1672 
f 2067//1645 2066//1644 2095//1673 
f 2068//1646 2067//1645 2096//1674 
f 2069//1647 2068//1646 2097//1675 
f 2071//1649 2069//1647 2098//1676 
f 2099//1677 2071//1649 2100//1678 
f 2073//1651 2072//1650 2101//1679 
f 2074//1652 2073//1651 2102//1680 
f 2075//1653 2074//1652 2103//1681 
f 2076//1654 2075//1653 2104//1682 
f 2077//1655 2076//1654 2105//1683 
f 2078//1656 2077//1655 2106//1684 
f 2079//1657 2078//1656 2107//1685 
f 2080//1658 2079//1657 2108//1686 
f 2081//1659 2080//1658 2109//1687 
f 2082//1660 2081//1659 2110//1688 
f 2083//1661 2082//1660 2111//1689 
f 2084//1662 2083//1661 2112//1690 
f 2085//1663 2084//1662 2113//1691 
f 2086//1664 2085//1663 2114//1692 
f 2087//1665 2086//1664 2115//1693 
f 2088//1666 2087//1665 2116//1694 
f 2089//1667 2088//1666 2117//1695 
f 2090//1668 2089//1667 2118//1696 
f 2091//1669 2090//1668 2119//1697 
f 2092//1670 2091//1669 2120//1698 
f 2093//1671 2092//1670 2121//1699 
f 2094//1672 2093//1671 2122//1700 
f 2095//1673 2094//1672 2123//1701 
f 2096//1674 2095//1673 2124//1702 
f 2097//1675 2096//1674 2125//1703 
f 2098//1676 2097//1675 2126//1704 
f 2100//1678 2098//1676 2127//1705 
f 2128//1706 2100//1678 2129//1707 
f 2102//1680 2101//1679 2130//1708 
f 2103//1681 2102//1680 2131//1709 
f 2104//1682 2103//1681 2132//1710 
f 2105//1683 2104//1682 2133//1711 
f 2106//1684 2105//1683 2134//1712 
f 2107//1685 2106//1684 2135//1713 
f 2108//1686 2107//1685 2136//1714 
f 2109//1687 2108//1686 2137//1715 
f 2110//1688 2109//1687 2138//1716 
f 2111//1689 2110//1688 2139//1717 
f 2112//1690 2111//1689 2140//1718 
f 2113//1691 2112//1690 2141//1719 
f 2114//1692 2113//1691 2142//1720 
f 2115//1693 2114//1692 2143//1721 
f 2116//1694 2115//1693 2144//1722 
f 2117//1695 2116//1694 2145//1723 
f 2118//1696 2117//1695 2146//1724 
f 2119//1697 2118//1696 2147//1725 
f 2120//1698 2119//1697 2148//1726 
f 2121//1699 2120//1698 2149//1727 
f 2122//1700 2121//1699 2150//1728 
f 2123//1701 2122//1700 2151//1729 
f 2124//1702 2123//1701 2152//1730 
f 2125//1703 2124//1702 2153//1731 
f 2126//1704 2125//1703 2154//1732 
f 2127//1705 2126//1704 2155//1733 
f 2129//1707 2127//1705 2156//1734 
f 2157//1735 2129//1707 2158//1736 
f 2131//1709 2130//1708 249//1737 
f 2132//1710 2131//1709 251//1738 
f 2133//1711 2132//1710 254//1739 
f 2134//1712 2133//1711 261//1740 
f 2135//1713 2134//1712 257//1741 
f 2136//1714 2135//1713 256//1742 
f 2137//1715 2136//1714 259//1743 
f 2138//1716 2137//1715 264//1744 
f 2139//1717 2138//1716 266//1745 
f 2140//1718 2139//1717 268//1746 
f 2141//1719 2140//1718 270//1747 
f 2141//1719 273//1748 272//1749 
f 2143//1721 2142//1720 272//1749 
f 2144//1722 2143//1721 275//1750 
f 2145//1723 2144//1722 277//1751 
f 2146//1724 2145//1723 279//1752 
f 2147//1725 2146//1724 286//1753 
f 2148//1726 2147//1725 288//1754 
f 2149//1727 2148//1726 298//1755 
f 2150//1728 2149//1727 290//1756 
f 2151//1729 2150//1728 282//1757 
f 2151//1729 281//1758 284//1759 
f 2153//1731 2152//1730 284//1759 
f 2153//1731 293//1760 292//1761 
f 2155//1733 2154//1732 292//1761 
f 2156//1734 2155//1733 295//1762 
f 2158//1736 2156//1734 302//1763 
f 2158//1736 304//1764 306//1765 
f 306//1765 308//1766 351//1767 
f 351//1767 2159//1768 306//1765 
f 2159//1768 352//1769 353//1770 
f 353//1770 2157//1735 2159//1768 
f 2128//1706 2157//1735 354//1771 
f 2157//1735 355//1772 354//1771 
f 2099//1677 2128//1706 356//1773 
f 2128//1706 357//1774 356//1773 
f 356//1773 358//1775 2099//1677 
f 2099//1677 359//1776 360//1777 
f 360//1777 2070//1648 2099//1677 
f 2070//1648 361//1778 362//1779 
f 362//1779 2041//1619 2070//1648 
f 2012//1590 2041//1619 363//1780 
f 2041//1619 364//1781 363//1780 
f 363//1780 365//1782 2012//1590 
f 2012//1590 366//1783 367//1784 
f 367//1784 1983//1561 2012//1590 
f 1983//1561 368//1785 369//1786 
f 369//1786 1954//1532 1983//1561 
f 1925//1503 1954//1532 370//1787 
f 1954//1532 371//1788 370//1787 
f 1896//1474 1925//1503 372//1789 
f 1925//1503 373//1790 372//1789 
f 372//1789 374//1791 1896//1474 
f 1896//1474 375//1792 376//1793 
f 376//1793 1867//1445 1896//1474 
f 1811//1389 377//1794 378//1795 
f 1867//1445 379//1796 377//1794 
f 377//1794 1811//1389 1867//1445 
f 1810//1388 380//1797 381//1798 
f 2160//1799 382//1800 380//1797 
f 380//1797 1810//1388 2160//1799 
f 1779//1357 1810//1388 383//1801 
f 1810//1388 384//1802 383//1801 
f 1779//1357 385//1803 386//1804 
f 1779//1357 387//1805 385//1803 
f 386//1804 1748//1326 1779//1357 
f 1748//1326 388//1806 389//1807 
f 389//1807 1717//1295 1748//1326 
f 1686//1264 1717//1295 390//1808 
f 1717//1295 391//1809 390//1808 
f 1686//1264 392//1810 393//1811 
f 1686//1264 394//1812 392//1810 
f 393//1811 1655//1233 1686//1264 
f 1655//1233 395//1813 396//1814 
f 396//1814 1624//1202 1655//1233 
f 1593//1171 1624//1202 397//1815 
f 1624//1202 398//1816 397//1815 
f 1533//1111 1593//1171 399//1817 
f 1593//1171 400//1818 399//1817 
f 1593//1171 401//1819 400//1818 
f 2161//1820 399//1817 402//1821 
f 2161//1820 403//1822 404//1823 
f 404//1823 1532//1110 2161//1820 
f 1532//1110 405//1824 406//1825 
f 406//1825 1499//1077 1532//1110 
f 1466//1044 1499//1077 407//1826 
f 1499//1077 408//1827 407//1826 
f 407//1826 409//1828 1466//1044 
f 1466//1044 410//1829 411//1830 
f 411//1830 1433//1011 1466//1044 
f 1433//1011 412//1831 413//1832 
f 413//1832 1400//978 1433//1011 
f 1367//945 1400//978 414//1833 
f 1400//978 415//1834 414//1833 
f 1303//881 1367//945 416//1835 
f 1367//945 417//1836 416//1835 
f 1367//945 418//1837 417//1836 
f 2162//1838 416//1835 419//1839 
f 1302//880 2162//1838 420//1840 
f 2162//1838 421//1841 420//1840 
f 420//1840 422//1842 1302//880 
f 1302//880 423//1843 424//1844 
f 424//1844 1267//845 1302//880 
f 1267//845 425//1845 426//1846 
f 426//1846 1232//810 1267//845 
f 1197//775 1232//810 427//1847 
f 1232//810 428//1848 427//1847 
f 427//1847 429//1849 1197//775 
f 1197//775 430//1850 431//1851 
f 431//1851 1162//740 1197//775 
f 1094//672 1162//740 432//1852 
f 1162//740 433//1853 432//1852 
f 1162//740 434//1854 433//1853 
f 1093//671 2163//1855 435//1856 
f 2163//1855 436//1857 435//1856 
f 435//1856 437//1858 1093//671 
f 1093//671 438//1859 439//1860 
f 439//1860 1056//634 1093//671 
f 1019//597 1056//634 440//1861 
f 1056//634 441//1862 440//1861 
f 982//560 1019//597 442//1863 
f 1019//597 443//1864 442//1863 
f 442//1863 444//1865 982//560 
f 910//488 445//1866 446//1867 
f 982//560 447//1868 445//1866 
f 445//1866 910//488 982//560 
f 2164//1869 448//1870 449//1871 
f 449//1871 909//487 2164//1869 
f 870//448 909//487 450//1872 
f 909//487 451//1873 450//1872 
f 450//1872 452//1874 870//448 
f 870//448 453//1875 454//1876 
f 454//1876 831//409 870//448 
f 831//409 455//1877 456//1878 
f 456//1878 792//370 831//409 
f 716//294 792//370 457//1879 
f 457//1879 458//1880 716//294 
f 792//370 459//1881 457//1879 
f 2165//1882 458//1880 460//1883 
f 2165//1882 461//1884 462//1885 
f 462//1885 715//293 2165//1882 
f 715//293 463//1886 464//1887 
f 464//1887 674//252 715//293 
f 633//211 674//252 465//1888 
f 674//252 466//1889 465//1888 
f 465//1888 467//1890 633//211 
f 633//211 468//1891 469//1892 
f 469//1892 553//131 633//211 
f 554//132 513//91 10//1893 
f 513//91 5//90 10//1893 
f 554//132 237//1894 228//1895 
f 228//1895 594//172 554//132 
f 554//132 225//1896 237//1894 
f 635//213 594//172 240//1897 
f 594//172 227//1898 240//1897 
f 676//254 635//213 243//1899 
f 635//213 246//1900 243//1899 
f 676//254 242//1901 230//1902 
f 677//255 244//1903 235//1904 
f 677//255 676//254 244//1903 
f 235//1904 717//295 677//255 
f 755//333 717//295 224//1905 
f 717//295 234//1906 224//1905 
f 794//372 755//333 216//1907 
f 755//333 223//1908 216//1907 
f 794//372 218//1909 212//1910 
f 212//1910 833//411 794//372 
f 794//372 215//1911 218//1909 
f 872//450 833//411 202//1912 
f 833//411 211//1913 202//1912 
f 911//489 873//451 205//1914 
f 873//451 872//450 198//1915 
f 198//1915 205//1914 873//451 
f 911//489 208//1916 196//1917 
f 196//1917 947//525 911//489 
f 911//489 204//1918 208//1916 
f 947//525 195//1919 192//1920 
f 192//1920 984//562 947//525 
f 1021//599 984//562 188//1921 
f 984//562 191//1922 188//1921 
f 1021//599 185//1923 184//1924 
f 184//1924 1058//636 1021//599 
f 1021//599 187//1925 185//1923 
f 1059//637 1058//636 177//1926 
f 177//1926 1095//673 1059//637 
f 177//1926 180//1927 1095//673 
f 1129//707 1095//673 173//1928 
f 1095//673 179//1929 173//1928 
f 1129//707 176//1930 166//1931 
f 166//1931 1164//742 1129//707 
f 1129//707 172//1932 176//1930 
f 1199//777 1164//742 160//1933 
f 1164//742 165//1934 160//1933 
f 1234//812 1199//777 145//1935 
f 1199//777 159//1936 145//1935 
f 1234//812 152//1937 127//1938 
f 127//1938 1269//847 1234//812 
f 1234//812 144//1939 152//1937 
f 1269//847 121//1940 128//1941 
f 1270//848 1269//847 130//1942 
f 130//1942 1304//882 1270//848 
f 130//1942 136//1943 1304//882 
f 1304//882 138//1944 146//1945 
f 146//1945 1336//914 1304//882 
f 1369//947 1336//914 157//1946 
f 1336//914 162//1947 157//1946 
f 1402//980 1369//947 142//1948 
f 1369//947 156//1949 142//1948 
f 1402//980 148//1950 133//1951 
f 133//1951 1435//1013 1402//980 
f 1402//980 141//1952 148//1950 
f 1468//1046 1435//1013 126//1953 
f 1435//1013 132//1954 126//1953 
f 1501//1079 1468//1046 116//1955 
f 1468//1046 125//1956 116//1955 
f 1501//1079 115//1957 108//1958 
f 1502//1080 1501//1079 117//1959 
f 117//1959 1534//1112 1502//1080 
f 117//1959 119//1960 1534//1112 
f 1534//1112 111//1961 106//1962 
f 106//1962 1564//1142 1534//1112 
f 1595//1173 1564//1142 102//1963 
f 1564//1142 105//1964 102//1963 
f 1626//1204 1595//1173 99//1965 
f 99//1965 98//1966 1626//1204 
f 1595//1173 101//1967 99//1965 
f 1626//1204 94//1968 92//1969 
f 92//1969 1657//1235 1626//1204 
f 1688//1266 1657//1235 89//1970 
f 1657//1235 91//1971 89//1970 
f 1719//1297 1688//1266 82//1972 
f 82//1972 81//1973 1719//1297 
f 1688//1266 88//1974 82//1972 
f 1719//1297 70//1975 59//1976 
f 59//1976 1750//1328 1719//1297 
f 1781//1359 1750//1328 50//1977 
f 1750//1328 58//1978 69//1979 
f 69//1979 50//1977 1750//1328 
f 1812//1390 1782//1360 73//1980 
f 1782//1360 1781//1359 63//1981 
f 63//1981 73//1980 1782//1360 
f 1840//1418 1812//1390 76//1982 
f 1812//1390 84//1983 76//1982 
f 1840//1418 79//1984 67//1985 
f 67//1985 1869//1447 1840//1418 
f 1840//1418 75//1986 79//1984 
f 1869//1447 66//1987 55//1988 
f 55//1988 1898//1476 1869//1447 
f 1927//1505 1898//1476 49//1989 
f 1898//1476 54//1990 49//1989 
f 1956//1534 1927//1505 42//1991 
f 1927//1505 48//1992 42//1991 
f 1956//1534 44//1993 38//1994 
f 38//1994 1985//1563 1956//1534 
f 1956//1534 41//1995 44//1993 
f 2014//1592 1985//1563 34//1996 
f 1985//1563 37//1997 34//1996 
f 2043//1621 2014//1592 28//1998 
f 2014//1592 33//1999 28//1998 
f 2043//1621 31//2000 24//2001 
f 24//2001 2072//1650 2043//1621 
f 2043//1621 27//2002 31//2000 
f 2072//1650 23//2003 17//2004 
f 17//2004 2101//1679 2072//1650 
f 2130//1708 2101//1679 13//2005 
f 2101//1679 16//2006 13//2005 
f 249//1737 2130//1708 19//2007 
f 2130//1708 12//2008 19//2007 
f 19//2007 21//2009 249//1737 
f 13//2005 12//2008 2130//1708 
f 17//2004 16//2006 2101//1679 
f 24//2001 23//2003 2072//1650 
f 28//1998 27//2002 2043//1621 
f 34//1996 33//1999 2014//1592 
f 38//1994 37//1997 1985//1563 
f 42//1991 41//1995 1956//1534 
f 49//1989 48//1992 1927//1505 
f 55//1988 54//1990 1898//1476 
f 67//1985 66//1987 1869//1447 
f 76//1982 75//1986 1840//1418 
f 73//1980 84//1983 1812//1390 
f 63//1981 1781//1359 64//2010 
f 50//1977 64//2010 1781//1359 
f 59//1976 58//1978 1750//1328 
f 81//1973 70//1975 1719//1297 
f 89//1970 88//1974 1688//1266 
f 92//1969 91//1971 1657//1235 
f 98//1966 94//1968 1626//1204 
f 102//1963 101//1967 1595//1173 
f 106//1962 105//1964 1564//1142 
f 119//1960 111//1961 1534//1112 
f 108//1958 117//1959 1501//1079 
f 116//1955 115//1957 1501//1079 
f 126//1953 125//1956 1468//1046 
f 133//1951 132//1954 1435//1013 
f 142//1948 141//1952 1402//980 
f 157//1946 156//1949 1369//947 
f 146//1945 162//1947 1336//914 
f 136//1943 138//1944 1304//882 
f 128//1941 130//1942 1269//847 
f 127//1938 121//1940 1269//847 
f 145//1935 144//1939 1234//812 
f 160//1933 159//1936 1199//777 
f 166//1931 165//1934 1164//742 
f 173//1928 172//1932 1129//707 
f 180//1927 179//1929 1095//673 
f 177//1926 1058//636 168//2011 
f 184//1924 168//2011 1058//636 
f 188//1921 187//1925 1021//599 
f 192//1920 191//1922 984//562 
f 196//1917 195//1919 947//525 
f 205//1914 204//1918 911//489 
f 198//1915 872//450 199//2012 
f 202//1912 199//2012 872//450 
f 212//1910 211//1913 833//411 
f 216//1907 215//1911 794//372 
f 224//1905 223//1908 755//333 
f 235//1904 234//1906 717//295 
f 230//1902 244//1903 676//254 
f 243//1899 242//1901 676//254 
f 240//1897 246//1900 635//213 
f 228//1895 227//1898 594//172 
f 10//1893 225//1896 554//132 
f 469//1892 470//2013 553//131 
f 467//1890 468//1891 633//211 
f 464//1887 466//1889 674//252 
f 462//1885 463//1886 715//293 
f 460//1883 461//1884 2165//1882 
f 458//1880 2165//1882 716//294 
f 456//1878 459//1881 792//370 
f 454//1876 455//1877 831//409 
f 452//1874 453//1875 870//448 
f 449//1871 451//1873 909//487 
f 448//1870 2164//1869 446//1867 
f 446//1867 2164//1869 910//488 
f 444//1865 447//1868 982//560 
f 440//1861 443//1864 1019//597 
f 439//1860 441//1862 1056//634 
f 437//1858 438//1859 1093//671 
f 436//1857 2163//1855 432//1852 
f 432//1852 2163//1855 1094//672 
f 431//1851 434//1854 1162//740 
f 429//1849 430//1850 1197//775 
f 426//1846 428//1848 1232//810 
f 424//1844 425//1845 1267//845 
f 422//1842 423//1843 1302//880 
f 419//1839 421//1841 2162//1838 
f 416//1835 2162//1838 1303//881 
f 414//1833 418//1837 1367//945 
f 413//1832 415//1834 1400//978 
f 411//1830 412//1831 1433//1011 
f 409//1828 410//1829 1466//1044 
f 406//1825 408//1827 1499//1077 
f 404//1823 405//1824 1532//1110 
f 402//1821 403//1822 2161//1820 
f 399//1817 2161//1820 1533//1111 
f 397//1815 401//1819 1593//1171 
f 396//1814 398//1816 1624//1202 
f 393//1811 395//1813 1655//1233 
f 390//1808 394//1812 1686//1264 
f 389//1807 391//1809 1717//1295 
f 386//1804 388//1806 1748//1326 
f 383//1801 387//1805 1779//1357 
f 381//1798 384//1802 1810//1388 
f 382//1800 2160//1799 378//1795 
f 378//1795 2160//1799 1811//1389 
f 376//1793 379//1796 1867//1445 
f 374//1791 375//1792 1896//1474 
f 370//1787 373//1790 1925//1503 
f 369//1786 371//1788 1954//1532 
f 367//1784 368//1785 1983//1561 
f 365//1782 366//1783 2012//1590 
f 362//1779 364//1781 2041//1619 
f 360//1777 361//1778 2070//1648 
f 358//1775 359//1776 2099//1677 
f 354//1771 357//1774 2128//1706 
f 353//1770 355//1772 2157//1735 
f 351//1767 352//1769 2159//1768 
f 306//1765 2159//1768 2158//1736 
f 302//1763 304//1764 2158//1736 
f 295//1762 302//1763 2156//1734 
f 292//1761 295//1762 2155//1733 
f 292//1761 2154//1732 2153//1731 
f 284//1759 293//1760 2153//1731 
f 284//1759 2152//1730 2151//1729 
f 282//1757 281//1758 2151//1729 
f 290//1756 282//1757 2150//1728 
f 298//1755 290//1756 2149//1727 
f 288//1754 298//1755 2148//1726 
f 286//1753 288//1754 2147//1725 
f 279//1752 286//1753 2146//1724 
f 277//1751 279//1752 2145//1723 
f 275//1750 277//1751 2144//1722 
f 272//1749 275//1750 2143//1721 
f 272//1749 2142//1720 2141//1719 
f 270//1747 273//1748 2141//1719 
f 268//1746 270//1747 2140//1718 
f 266//1745 268//1746 2139//1717 
f 264//1744 266//1745 2138//1716 
f 259//1743 264//1744 2137//1715 
f 256//1742 259//1743 2136//1714 
f 257//1741 256//1742 2135//1713 
f 261//1740 257//1741 2134//1712 
f 254//1739 261//1740 2133//1711 
f 251//1738 254//1739 2132//1710 
f 249//1737 251//1738 2131//1709 
f 2158//1736 2159//1768 2157//1735 
f 2156//1734 2158//1736 2129//1707 
f 2155//1733 2156//1734 2127//1705 
f 2154//1732 2155//1733 2126//1704 
f 2153//1731 2154//1732 2125//1703 
f 2152//1730 2153//1731 2124//1702 
f 2151//1729 2152//1730 2123//1701 
f 2150//1728 2151//1729 2122//1700 
f 2149//1727 2150//1728 2121//1699 
f 2148//1726 2149//1727 2120//1698 
f 2147//1725 2148//1726 2119//1697 
f 2146//1724 2147//1725 2118//1696 
f 2145//1723 2146//1724 2117//1695 
f 2144//1722 2145//1723 2116//1694 
f 2143//1721 2144//1722 2115//1693 
f 2142//1720 2143//1721 2114//1692 
f 2141//1719 2142//1720 2113//1691 
f 2140//1718 2141//1719 2112//1690 
f 2139//1717 2140//1718 2111//1689 
f 2138//1716 2139//1717 2110//1688 
f 2137//1715 2138//1716 2109//1687 
f 2136//1714 2137//1715 2108//1686 
f 2135//1713 2136//1714 2107//1685 
f 2134//1712 2135//1713 2106//1684 
f 2133//1711 2134//1712 2105//1683 
f 2132//1710 2133//1711 2104//1682 
f 2131//1709 2132//1710 2103//1681 
f 2130//1708 2131//1709 2102//1680 
f 2129//1707 2157//1735 2128//1706 
f 2127//1705 2129//1707 2100//1678 
f 2126//1704 2127//1705 2098//1676 
f 2125//1703 2126//1704 2097//1675 
f 2124//1702 2125//1703 2096//1674 
f 2123//1701 2124//1702 2095//1673 
f 2122//1700 2123//1701 2094//1672 
f 2121//1699 2122//1700 2093//1671 
f 2120//1698 2121//1699 2092//1670 
f 2119//1697 2120//1698 2091//1669 
f 2118//1696 2119//1697 2090//1668 
f 2117//1695 2118//1696 2089//1667 
f 2116//1694 2117//1695 2088//1666 
f 2115//1693 2116//1694 2087//1665 
f 2114//1692 2115//1693 2086//1664 
f 2113//1691 2114//1692 2085//1663 
f 2112//1690 2113//1691 2084//1662 
f 2111//1689 2112//1690 2083//1661 
f 2110//1688 2111//1689 2082//1660 
f 2109//1687 2110//1688 2081//1659 
f 2108//1686 2109//1687 2080//1658 
f 2107//1685 2108//1686 2079//1657 
f 2106//1684 2107//1685 2078//1656 
f 2105//1683 2106//1684 2077//1655 
f 2104//1682 2105//1683 2076//1654 
f 2103//1681 2104//1682 2075//1653 
f 2102//1680 2103//1681 2074//1652 
f 2101//1679 2102//1680 2073//1651 
f 2100//1678 2128//1706 2099//1677 
f 2098//1676 2100//1678 2071//1649 
f 2097//1675 2098//1676 2069//1647 
f 2096//1674 2097//1675 2068//1646 
f 2095//1673 2096//1674 2067//1645 
f 2094//1672 2095//1673 2066//1644 
f 2093//1671 2094//1672 2065//1643 
f 2092//1670 2093//1671 2064//1642 
f 2091//1669 2092//1670 2063//1641 
f 2090//1668 2091//1669 2062//1640 
f 2089//1667 2090//1668 2061//1639 
f 2088//1666 2089//1667 2060//1638 
f 2087//1665 2088//1666 2059//1637 
f 2086//1664 2087//1665 2058//1636 
f 2085//1663 2086//1664 2057//1635 
f 2084//1662 2085//1663 2056//1634 
f 2083//1661 2084//1662 2055//1633 
f 2082//1660 2083//1661 2054//1632 
f 2081//1659 2082//1660 2053//1631 
f 2080//1658 2081//1659 2052//1630 
f 2079//1657 2080//1658 2051//1629 
f 2078//1656 2079//1657 2050//1628 
f 2077//1655 2078//1656 2049//1627 
f 2076//1654 2077//1655 2048//1626 
f 2075//1653 2076//1654 2047//1625 
f 2074//1652 2075//1653 2046//1624 
f 2073//1651 2074//1652 2045//1623 
f 2072//1650 2073//1651 2044//1622 
f 2071//1649 2099//1677 2070//1648 
f 2069//1647 2071//1649 2042//1620 
f 2068//1646 2069//1647 2040//1618 
f 2067//1645 2068//1646 2039//1617 
f 2066//1644 2067//1645 2038//1616 
f 2065//1643 2066//1644 2037//1615 
f 2064//1642 2065//1643 2036//1614 
f 2063//1641 2064//1642 2035//1613 
f 2062//1640 2063//1641 2034//1612 
f 2061//1639 2062//1640 2033//1611 
f 2060//1638 2061//1639 2032//1610 
f 2059//1637 2060//1638 2031//1609 
f 2058//1636 2059//1637 2030//1608 
f 2057//1635 2058//1636 2029//1607 
f 2056//1634 2057//1635 2028//1606 
f 2055//1633 2056//1634 2027//1605 
f 2054//1632 2055//1633 2026//1604 
f 2053//1631 2054//1632 2025//1603 
f 2052//1630 2053//1631 2024//1602 
f 2051//1629 2052//1630 2023//1601 
f 2050//1628 2051//1629 2022//1600 
f 2049//1627 2050//1628 2021//1599 
f 2048//1626 2049//1627 2020//1598 
f 2047//1625 2048//1626 2019//1597 
f 2046//1624 2047//1625 2018//1596 
f 2045//1623 2046//1624 2017//1595 
f 2044//1622 2045//1623 2016//1594 
f 2043//1621 2044//1622 2015//1593 
f 2042//1620 2070//1648 2041//1619 
f 2040//1618 2042//1620 2013//1591 
f 2039//1617 2040//1618 2011//1589 
f 2038//1616 2039//1617 2010//1588 
f 2037//1615 2038//1616 2009//1587 
f 2036//1614 2037//1615 2008//1586 
f 2035//1613 2036//1614 2007//1585 
f 2034//1612 2035//1613 2006//1584 
f 2033//1611 2034//1612 2005//1583 
f 2032//1610 2033//1611 2004//1582 
f 2031//1609 2032//1610 2003//1581 
f 2030//1608 2031//1609 2002//1580 
f 2029//1607 2030//1608 2001//1579 
f 2028//1606 2029//1607 2000//1578 
f 2027//1605 2028//1606 1999//1577 
f 2026//1604 2027//1605 1998//1576 
f 2025//1603 2026//1604 1997//1575 
f 2024//1602 2025//1603 1996//1574 
f 2023//1601 2024//1602 1995//1573 
f 2022//1600 2023//1601 1994//1572 
f 2021//1599 2022//1600 1993//1571 
f 2020//1598 2021//1599 1992//1570 
f 2019//1597 2020//1598 1991//1569 
f 2018//1596 2019//1597 1990//1568 
f 2017//1595 2018//1596 1989//1567 
f 2016//1594 2017//1595 1988//1566 
f 2015//1593 2016//1594 1987//1565 
f 2014//1592 2015//1593 1986//1564 
f 2013//1591 2041//1619 2012//1590 
f 2011//1589 2013//1591 1984//1562 
f 2010//1588 2011//1589 1982//1560 
f 2009//1587 2010//1588 1981//1559 
f 2008//1586 2009//1587 1980//1558 
f 2007//1585 2008//1586 1979//1557 
f 2006//1584 2007//1585 1978//1556 
f 2005//1583 2006//1584 1977//1555 
f 2004//1582 2005//1583 1976//1554 
f 2003//1581 2004//1582 1975//1553 
f 2002//1580 2003//1581 1974//1552 
f 2001//1579 2002//1580 1973//1551 
f 2000//1578 2001//1579 1972//1550 
f 1999//1577 2000//1578 1971//1549 
f 1998//1576 1999//1577 1970//1548 
f 1997//1575 1998//1576 1969//1547 
f 1996//1574 1997//1575 1968//1546 
f 1995//1573 1996//1574 1967//1545 
f 1994//1572 1995//1573 1966//1544 
f 1993//1571 1994//1572 1965//1543 
f 1992//1570 1993//1571 1964//1542 
f 1991//1569 1992//1570 1963//1541 
f 1990//1568 1991//1569 1962//1540 
f 1989//1567 1990//1568 1961//1539 
f 1988//1566 1989//1567 1960//1538 
f 1987//1565 1988//1566 1959//1537 
f 1986//1564 1987//1565 1958//1536 
f 1985//1563 1986//1564 1957//1535 
f 1984//1562 2012//1590 1983//1561 
f 1982//1560 1984//1562 1955//1533 
f 1981//1559 1982//1560 1953//1531 
f 1980//1558 1981//1559 1952//1530 
f 1979//1557 1980//1558 1951//1529 
f 1978//1556 1979//1557 1950//1528 
f 1977//1555 1978//1556 1949//1527 
f 1976//1554 1977//1555 1948//1526 
f 1975//1553 1976//1554 1947//1525 
f 1974//1552 1975//1553 1946//1524 
f 1973//1551 1974//1552 1945//1523 
f 1972//1550 1973//1551 1944//1522 
f 1971//1549 1972//1550 1943//1521 
f 1970//1548 1971//1549 1942//1520 
f 1969//1547 1970//1548 1941//1519 
f 1968//1546 1969//1547 1940//1518 
f 1967//1545 1968//1546 1939//1517 
f 1966//1544 1967//1545 1938//1516 
f 1965//1543 1966//1544 1937//1515 
f 1964//1542 1965//1543 1936//1514 
f 1963//1541 1964//1542 1935//1513 
f 1962//1540 1963//1541 1934//1512 
f 1961//1539 1962//1540 1933//1511 
f 1960//1538 1961//1539 1932//1510 
f 1959//1537 1960//1538 1931//1509 
f 1958//1536 1959//1537 1930//1508 
f 1957//1535 1958//1536 1929//1507 
f 1956//1534 1957//1535 1928//1506 
f 1955//1533 1983//1561 1954//1532 
f 1953//1531 1955//1533 1926//1504 
f 1952//1530 1953//1531 1924//1502 
f 1951//1529 1952//1530 1923//1501 
f 1950//1528 1951//1529 1922//1500 
f 1949//1527 1950//1528 1921//1499 
f 1948//1526 1949//1527 1920//1498 
f 1947//1525 1948//1526 1919//1497 
f 1946//1524 1947//1525 1918//1496 
f 1945//1523 1946//1524 1917//1495 
f 1944//1522 1945//1523 1916//1494 
f 1943//1521 1944//1522 1915//1493 
f 1942//1520 1943//1521 1914//1492 
f 1941//1519 1942//1520 1913//1491 
f 1940//1518 1941//1519 1912//1490 
f 1939//1517 1940//1518 1911//1489 
f 1938//1516 1939//1517 1910//1488 
f 1937//1515 1938//1516 1909//1487 
f 1936//1514 1937//1515 1908//1486 
f 1935//1513 1936//1514 1907//1485 
f 1934//1512 1935//1513 1906//1484 
f 1933//1511 1934//1512 1905//1483 
f 1932//1510 1933//1511 1904//1482 
f 1931//1509 1932//1510 1903//1481 
f 1930//1508 1931//1509 1902//1480 
f 1929//1507 1930//1508 1901//1479 
f 1928//1506 1929//1507 1900//1478 
f 1927//1505 1928//1506 1899//1477 
f 1926//1504 1954//1532 1925//1503 
f 1924//1502 1926//1504 1897//1475 
f 1923//1501 1924//1502 1895//1473 
f 1922//1500 1923//1501 1894//1472 
f 1921//1499 1922//1500 1893//1471 
f 1920//1498 1921//1499 1892//1470 
f 1919//1497 1920//1498 1891//1469 
f 1918//1496 1919//1497 1890//1468 
f 1917//1495 1918//1496 1889//1467 
f 1916//1494 1917//1495 1888//1466 
f 1915//1493 1916//1494 1887//1465 
f 1914//1492 1915//1493 1886//1464 
f 1913//1491 1914//1492 1885//1463 
f 1912//1490 1913//1491 1884//1462 
f 1911//1489 1912//1490 1883//1461 
f 1910//1488 1911//1489 1882//1460 
f 1909//1487 1910//1488 1881//1459 
f 1908//1486 1909//1487 1880//1458 
f 1907//1485 1908//1486 1879//1457 
f 1906//1484 1907//1485 1878//1456 
f 1905//1483 1906//1484 1877//1455 
f 1904//1482 1905//1483 1876//1454 
f 1903//1481 1904//1482 1875//1453 
f 1902//1480 1903//1481 1874//1452 
f 1901//1479 1902//1480 1873//1451 
f 1900//1478 1901//1479 1872//1450 
f 1899//1477 1900//1478 1871//1449 
f 1898//1476 1899//1477 1870//1448 
f 1897//1475 1925//1503 1896//1474 
f 1895//1473 1897//1475 1868//1446 
f 1894//1472 1895//1473 1866//1444 
f 1893//1471 1894//1472 1865//1443 
f 1892//1470 1893//1471 1864//1442 
f 1891//1469 1892//1470 1863//1441 
f 1890//1468 1891//1469 1862//1440 
f 1889//1467 1890//1468 1861//1439 
f 1888//1466 1889//1467 1860//1438 
f 1887//1465 1888//1466 1859//1437 
f 1886//1464 1887//1465 1858//1436 
f 1885//1463 1886//1464 1857//1435 
f 1884//1462 1885//1463 1856//1434 
f 1883//1461 1884//1462 1855//1433 
f 1882//1460 1883//1461 1854//1432 
f 1881//1459 1882//1460 1853//1431 
f 1880//1458 1881//1459 1852//1430 
f 1879//1457 1880//1458 1851//1429 
f 1878//1456 1879//1457 1850//1428 
f 1877//1455 1878//1456 1849//1427 
f 1876//1454 1877//1455 1848//1426 
f 1875//1453 1876//1454 1847//1425 
f 1874//1452 1875//1453 1846//1424 
f 1873//1451 1874//1452 1845//1423 
f 1872//1450 1873//1451 1844//1422 
f 1871//1449 1872//1450 1843//1421 
f 1870//1448 1871//1449 1842//1420 
f 1869//1447 1870//1448 1841//1419 
f 1868//1446 1896//1474 1867//1445 
f 1866//1444 1868//1446 1839//1417 
f 1865//1443 1866//1444 1838//1416 
f 1864//1442 1865//1443 1837//1415 
f 1863//1441 1864//1442 1836//1414 
f 1862//1440 1863//1441 1835//1413 
f 1861//1439 1862//1440 1834//1412 
f 1860//1438 1861//1439 1833//1411 
f 1859//1437 1860//1438 1832//1410 
f 1858//1436 1859//1437 1831//1409 
f 1857//1435 1858//1436 1830//1408 
f 1856//1434 1857//1435 1829//1407 
f 1855//1433 1856//1434 1828//1406 
f 1854//1432 1855//1433 1827//1405 
f 1853//1431 1854//1432 1826//1404 
f 1852//1430 1853//1431 1825//1403 
f 1851//1429 1852//1430 1824//1402 
f 1850//1428 1851//1429 1823//1401 
f 1849//1427 1850//1428 1822//1400 
f 1848//1426 1849//1427 1821//1399 
f 1847//1425 1848//1426 1820//1398 
f 1846//1424 1847//1425 1819//1397 
f 1845//1423 1846//1424 1818//1396 
f 1844//1422 1845//1423 1817//1395 
f 1843//1421 1844//1422 1816//1394 
f 1842//1420 1843//1421 1815//1393 
f 1841//1419 1842//1420 1814//1392 
f 1840//1418 1841//1419 1813//1391 
f 1839//1417 1867//1445 1811//1389 
f 1838//1416 1839//1417 1809//1387 
f 1837//1415 1838//1416 1808//1386 
f 1836//1414 1837//1415 1807//1385 
f 1835//1413 1836//1414 1806//1384 
f 1834//1412 1835//1413 1805//1383 
f 1833//1411 1834//1412 1804//1382 
f 1832//1410 1833//1411 1803//1381 
f 1831//1409 1832//1410 1802//1380 
f 1830//1408 1831//1409 1801//1379 
f 1829//1407 1830//1408 1800//1378 
f 1828//1406 1829//1407 1799//1377 
f 1827//1405 1828//1406 1798//1376 
f 1826//1404 1827//1405 1797//1375 
f 1825//1403 1826//1404 1796//1374 
f 1824//1402 1825//1403 1795//1373 
f 1823//1401 1824//1402 1794//1372 
f 1822//1400 1823//1401 1793//1371 
f 1821//1399 1822//1400 1792//1370 
f 1820//1398 1821//1399 1791//1369 
f 1819//1397 1820//1398 1790//1368 
f 1818//1396 1819//1397 1789//1367 
f 1817//1395 1818//1396 1788//1366 
f 1816//1394 1817//1395 1787//1365 
f 1815//1393 1816//1394 1786//1364 
f 1814//1392 1815//1393 1785//1363 
f 1813//1391 1814//1392 1784//1362 
f 1812//1390 1813//1391 1783//1361 
f 1811//1389 2160//1799 1810//1388 
f 1809//1387 1811//1389 1780//1358 
f 1808//1386 1809//1387 1778//1356 
f 1807//1385 1808//1386 1777//1355 
f 1806//1384 1807//1385 1776//1354 
f 1805//1383 1806//1384 1775//1353 
f 1804//1382 1805//1383 1774//1352 
f 1803//1381 1804//1382 1773//1351 
f 1802//1380 1803//1381 1772//1350 
f 1801//1379 1802//1380 1771//1349 
f 1800//1378 1801//1379 1770//1348 
f 1799//1377 1800//1378 1769//1347 
f 1798//1376 1799//1377 1768//1346 
f 1797//1375 1798//1376 1767//1345 
f 1796//1374 1797//1375 1766//1344 
f 1795//1373 1796//1374 1765//1343 
f 1794//1372 1795//1373 1764//1342 
f 1793//1371 1794//1372 1763//1341 
f 1792//1370 1793//1371 1762//1340 
f 1791//1369 1792//1370 1761//1339 
f 1790//1368 1791//1369 1760//1338 
f 1789//1367 1790//1368 1759//1337 
f 1788//1366 1789//1367 1758//1336 
f 1787//1365 1788//1366 1757//1335 
f 1786//1364 1787//1365 1756//1334 
f 1785//1363 1786//1364 1755//1333 
f 1784//1362 1785//1363 1754//1332 
f 1783//1361 1784//1362 1753//1331 
f 1782//1360 1783//1361 1752//1330 
f 1781//1359 1782//1360 1751//1329 
f 1780//1358 1810//1388 1779//1357 
f 1778//1356 1780//1358 1749//1327 
f 1777//1355 1778//1356 1747//1325 
f 1776//1354 1777//1355 1746//1324 
f 1775//1353 1776//1354 1745//1323 
f 1774//1352 1775//1353 1744//1322 
f 1773//1351 1774//1352 1743//1321 
f 1772//1350 1773//1351 1742//1320 
f 1771//1349 1772//1350 1741//1319 
f 1770//1348 1771//1349 1740//1318 
f 1769//1347 1770//1348 1739//1317 
f 1768//1346 1769//1347 1738//1316 
f 1767//1345 1768//1346 1737//1315 
f 1766//1344 1767//1345 1736//1314 
f 1765//1343 1766//1344 1735//1313 
f 1764//1342 1765//1343 1734//1312 
f 1763//1341 1764//1342 1733//1311 
f 1762//1340 1763//1341 1732//1310 
f 1761//1339 1762//1340 1731//1309 
f 1760//1338 1761//1339 1730//1308 
f 1759//1337 1760//1338 1729//1307 
f 1758//1336 1759//1337 1728//1306 
f 1757//1335 1758//1336 1727//1305 
f 1756//1334 1757//1335 1726//1304 
f 1755//1333 1756//1334 1725//1303 
f 1754//1332 1755//1333 1724//1302 
f 1753//1331 1754//1332 1723//1301 
f 1752//1330 1753//1331 1722//1300 
f 1751//1329 1752//1330 1721//1299 
f 1750//1328 1751//1329 1720//1298 
f 1749//1327 1779//1357 1748//1326 
f 1747//1325 1749//1327 1718//1296 
f 1746//1324 1747//1325 1716//1294 
f 1745//1323 1746//1324 1715//1293 
f 1744//1322 1745//1323 1714//1292 
f 1743//1321 1744//1322 1713//1291 
f 1742//1320 1743//1321 1712//1290 
f 1741//1319 1742//1320 1711//1289 
f 1740//1318 1741//1319 1710//1288 
f 1739//1317 1740//1318 1709//1287 
f 1738//1316 1739//1317 1708//1286 
f 1737//1315 1738//1316 1707//1285 
f 1736//1314 1737//1315 1706//1284 
f 1735//1313 1736//1314 1705//1283 
f 1734//1312 1735//1313 1704//1282 
f 1733//1311 1734//1312 1703//1281 
f 1732//1310 1733//1311 1702//1280 
f 1731//1309 1732//1310 1701//1279 
f 1730//1308 1731//1309 1700//1278 
f 1729//1307 1730//1308 1699//1277 
f 1728//1306 1729//1307 1698//1276 
f 1727//1305 1728//1306 1697//1275 
f 1726//1304 1727//1305 1696//1274 
f 1725//1303 1726//1304 1695//1273 
f 1724//1302 1725//1303 1694//1272 
f 1723//1301 1724//1302 1693//1271 
f 1722//1300 1723//1301 1692//1270 
f 1721//1299 1722//1300 1691//1269 
f 1720//1298 1721//1299 1690//1268 
f 1719//1297 1720//1298 1689//1267 
f 1718//1296 1748//1326 1717//1295 
f 1716//1294 1718//1296 1687//1265 
f 1715//1293 1716//1294 1685//1263 
f 1714//1292 1715//1293 1684//1262 
f 1713//1291 1714//1292 1683//1261 
f 1712//1290 1713//1291 1682//1260 
f 1711//1289 1712//1290 1681//1259 
f 1710//1288 1711//1289 1680//1258 
f 1709//1287 1710//1288 1679//1257 
f 1708//1286 1709//1287 1678//1256 
f 1707//1285 1708//1286 1677//1255 
f 1706//1284 1707//1285 1676//1254 
f 1705//1283 1706//1284 1675//1253 
f 1704//1282 1705//1283 1674//1252 
f 1703//1281 1704//1282 1673//1251 
f 1702//1280 1703//1281 1672//1250 
f 1701//1279 1702//1280 1671//1249 
f 1700//1278 1701//1279 1670//1248 
f 1699//1277 1700//1278 1669//1247 
f 1698//1276 1699//1277 1668//1246 
f 1697//1275 1698//1276 1667//1245 
f 1696//1274 1697//1275 1666//1244 
f 1695//1273 1696//1274 1665//1243 
f 1694//1272 1695//1273 1664//1242 
f 1693//1271 1694//1272 1663//1241 
f 1692//1270 1693//1271 1662//1240 
f 1691//1269 1692//1270 1661//1239 
f 1690//1268 1691//1269 1660//1238 
f 1689//1267 1690//1268 1659//1237 
f 1688//1266 1689//1267 1658//1236 
f 1687//1265 1717//1295 1686//1264 
f 1685//1263 1687//1265 1656//1234 
f 1684//1262 1685//1263 1654//1232 
f 1683//1261 1684//1262 1653//1231 
f 1682//1260 1683//1261 1652//1230 
f 1681//1259 1682//1260 1651//1229 
f 1680//1258 1681//1259 1650//1228 
f 1679//1257 1680//1258 1649//1227 
f 1678//1256 1679//1257 1648//1226 
f 1677//1255 1678//1256 1647//1225 
f 1676//1254 1677//1255 1646//1224 
f 1675//1253 1676//1254 1645//1223 
f 1674//1252 1675//1253 1644//1222 
f 1673//1251 1674//1252 1643//1221 
f 1672//1250 1673//1251 1642//1220 
f 1671//1249 1672//1250 1641//1219 
f 1670//1248 1671//1249 1640//1218 
f 1669//1247 1670//1248 1639//1217 
f 1668//1246 1669//1247 1638//1216 
f 1667//1245 1668//1246 1637//1215 
f 1666//1244 1667//1245 1636//1214 
f 1665//1243 1666//1244 1635//1213 
f 1664//1242 1665//1243 1634//1212 
f 1663//1241 1664//1242 1633//1211 
f 1662//1240 1663//1241 1632//1210 
f 1661//1239 1662//1240 1631//1209 
f 1660//1238 1661//1239 1630//1208 
f 1659//1237 1660//1238 1629//1207 
f 1658//1236 1659//1237 1628//1206 
f 1657//1235 1658//1236 1627//1205 
f 1656//1234 1686//1264 1655//1233 
f 1654//1232 1656//1234 1625//1203 
f 1653//1231 1654//1232 1623//1201 
f 1652//1230 1653//1231 1622//1200 
f 1651//1229 1652//1230 1621//1199 
f 1650//1228 1651//1229 1620//1198 
f 1649//1227 1650//1228 1619//1197 
f 1648//1226 1649//1227 1618//1196 
f 1647//1225 1648//1226 1617//1195 
f 1646//1224 1647//1225 1616//1194 
f 1645//1223 1646//1224 1615//1193 
f 1644//1222 1645//1223 1614//1192 
f 1643//1221 1644//1222 1613//1191 
f 1642//1220 1643//1221 1612//1190 
f 1641//1219 1642//1220 1611//1189 
f 1640//1218 1641//1219 1610//1188 
f 1639//1217 1640//1218 1609//1187 
f 1638//1216 1639//1217 1608//1186 
f 1637//1215 1638//1216 1607//1185 
f 1636//1214 1637//1215 1606//1184 
f 1635//1213 1636//1214 1605//1183 
f 1634//1212 1635//1213 1604//1182 
f 1633//1211 1634//1212 1603//1181 
f 1632//1210 1633//1211 1602//1180 
f 1631//1209 1632//1210 1601//1179 
f 1630//1208 1631//1209 1600//1178 
f 1629//1207 1630//1208 1599//1177 
f 1628//1206 1629//1207 1598//1176 
f 1627//1205 1628//1206 1597//1175 
f 1626//1204 1627//1205 1596//1174 
f 1625//1203 1655//1233 1624//1202 
f 1623//1201 1625//1203 1594//1172 
f 1622//1200 1623//1201 1592//1170 
f 1621//1199 1622//1200 1591//1169 
f 1620//1198 1621//1199 1590//1168 
f 1619//1197 1620//1198 1589//1167 
f 1618//1196 1619//1197 1588//1166 
f 1617//1195 1618//1196 1587//1165 
f 1616//1194 1617//1195 1586//1164 
f 1615//1193 1616//1194 1585//1163 
f 1614//1192 1615//1193 1584//1162 
f 1613//1191 1614//1192 1583//1161 
f 1612//1190 1613//1191 1582//1160 
f 1611//1189 1612//1190 1581//1159 
f 1610//1188 1611//1189 1580//1158 
f 1609//1187 1610//1188 1579//1157 
f 1608//1186 1609//1187 1578//1156 
f 1607//1185 1608//1186 1577//1155 
f 1606//1184 1607//1185 1576//1154 
f 1605//1183 1606//1184 1575//1153 
f 1604//1182 1605//1183 1574//1152 
f 1603//1181 1604//1182 1573//1151 
f 1602//1180 1603//1181 1572//1150 
f 1601//1179 1602//1180 1571//1149 
f 1600//1178 1601//1179 1570//1148 
f 1599//1177 1600//1178 1569//1147 
f 1598//1176 1599//1177 1568//1146 
f 1597//1175 1598//1176 1567//1145 
f 1596//1174 1597//1175 1566//1144 
f 1595//1173 1596//1174 1565//1143 
f 1594//1172 1624//1202 1593//1171 
f 1592//1170 1594//1172 1563//1141 
f 1591//1169 1592//1170 1562//1140 
f 1590//1168 1591//1169 1561//1139 
f 1589//1167 1590//1168 1560//1138 
f 1588//1166 1589//1167 1559//1137 
f 1587//1165 1588//1166 1558//1136 
f 1586//1164 1587//1165 1557//1135 
f 1585//1163 1586//1164 1556//1134 
f 1584//1162 1585//1163 1555//1133 
f 1583//1161 1584//1162 1554//1132 
f 1582//1160 1583//1161 1553//1131 
f 1581//1159 1582//1160 1552//1130 
f 1580//1158 1581//1159 1551//1129 
f 1579//1157 1580//1158 1550//1128 
f 1578//1156 1579//1157 1549//1127 
f 1577//1155 1578//1156 1548//1126 
f 1576//1154 1577//1155 1547//1125 
f 1575//1153 1576//1154 1546//1124 
f 1574//1152 1575//1153 1545//1123 
f 1573//1151 1574//1152 1544//1122 
f 1572//1150 1573//1151 1543//1121 
f 1571//1149 1572//1150 1542//1120 
f 1570//1148 1571//1149 1541//1119 
f 1569//1147 1570//1148 1540//1118 
f 1568//1146 1569//1147 1539//1117 
f 1567//1145 1568//1146 1538//1116 
f 1566//1144 1567//1145 1537//1115 
f 1565//1143 1566//1144 1536//1114 
f 1564//1142 1565//1143 1535//1113 
f 1563//1141 1593//1171 1533//1111 
f 1562//1140 1563//1141 1531//1109 
f 1561//1139 1562//1140 1530//1108 
f 1560//1138 1561//1139 1529//1107 
f 1559//1137 1560//1138 1528//1106 
f 1558//1136 1559//1137 1527//1105 
f 1557//1135 1558//1136 1526//1104 
f 1556//1134 1557//1135 1525//1103 
f 1555//1133 1556//1134 1524//1102 
f 1554//1132 1555//1133 1523//1101 
f 1553//1131 1554//1132 1522//1100 
f 1552//1130 1553//1131 1521//1099 
f 1551//1129 1552//1130 1520//1098 
f 1550//1128 1551//1129 1519//1097 
f 1549//1127 1550//1128 1518//1096 
f 1548//1126 1549//1127 1517//1095 
f 1547//1125 1548//1126 1516//1094 
f 1546//1124 1547//1125 1515//1093 
f 1545//1123 1546//1124 1514//1092 
f 1544//1122 1545//1123 1513//1091 
f 1543//1121 1544//1122 1512//1090 
f 1542//1120 1543//1121 1511//1089 
f 1541//1119 1542//1120 1510//1088 
f 1540//1118 1541//1119 1509//1087 
f 1539//1117 1540//1118 1508//1086 
f 1538//1116 1539//1117 1507//1085 
f 1537//1115 1538//1116 1506//1084 
f 1536//1114 1537//1115 1505//1083 
f 1535//1113 1536//1114 1504//1082 
f 1534//1112 1535//1113 1503//1081 
f 1533//1111 2161//1820 1532//1110 
f 1531//1109 1533//1111 1500//1078 
f 1530//1108 1531//1109 1498//1076 
f 1529//1107 1530//1108 1497//1075 
f 1528//1106 1529//1107 1496//1074 
f 1527//1105 1528//1106 1495//1073 
f 1526//1104 1527//1105 1494//1072 
f 1525//1103 1526//1104 1493//1071 
f 1524//1102 1525//1103 1492//1070 
f 1523//1101 1524//1102 1491//1069 
f 1522//1100 1523//1101 1490//1068 
f 1521//1099 1522//1100 1489//1067 
f 1520//1098 1521//1099 1488//1066 
f 1519//1097 1520//1098 1487//1065 
f 1518//1096 1519//1097 1486//1064 
f 1517//1095 1518//1096 1485//1063 
f 1516//1094 1517//1095 1484//1062 
f 1515//1093 1516//1094 1483//1061 
f 1514//1092 1515//1093 1482//1060 
f 1513//1091 1514//1092 1481//1059 
f 1512//1090 1513//1091 1480//1058 
f 1511//1089 1512//1090 1479//1057 
f 1510//1088 1511//1089 1478//1056 
f 1509//1087 1510//1088 1477//1055 
f 1508//1086 1509//1087 1476//1054 
f 1507//1085 1508//1086 1475//1053 
f 1506//1084 1507//1085 1474//1052 
f 1505//1083 1506//1084 1473//1051 
f 1504//1082 1505//1083 1472//1050 
f 1503//1081 1504//1082 1471//1049 
f 1502//1080 1503//1081 1470//1048 
f 1501//1079 1502//1080 1469//1047 
f 1500//1078 1532//1110 1499//1077 
f 1498//1076 1500//1078 1467//1045 
f 1497//1075 1498//1076 1465//1043 
f 1496//1074 1497//1075 1464//1042 
f 1495//1073 1496//1074 1463//1041 
f 1494//1072 1495//1073 1462//1040 
f 1493//1071 1494//1072 1461//1039 
f 1492//1070 1493//1071 1460//1038 
f 1491//1069 1492//1070 1459//1037 
f 1490//1068 1491//1069 1458//1036 
f 1489//1067 1490//1068 1457//1035 
f 1488//1066 1489//1067 1456//1034 
f 1487//1065 1488//1066 1455//1033 
f 1486//1064 1487//1065 1454//1032 
f 1485//1063 1486//1064 1453//1031 
f 1484//1062 1485//1063 1452//1030 
f 1483//1061 1484//1062 1451//1029 
f 1482//1060 1483//1061 1450//1028 
f 1481//1059 1482//1060 1449//1027 
f 1480//1058 1481//1059 1448//1026 
f 1479//1057 1480//1058 1447//1025 
f 1478//1056 1479//1057 1446//1024 
f 1477//1055 1478//1056 1445//1023 
f 1476//1054 1477//1055 1444//1022 
f 1475//1053 1476//1054 1443//1021 
f 1474//1052 1475//1053 1442//1020 
f 1473//1051 1474//1052 1441//1019 
f 1472//1050 1473//1051 1440//1018 
f 1471//1049 1472//1050 1439//1017 
f 1470//1048 1471//1049 1438//1016 
f 1469//1047 1470//1048 1437//1015 
f 1468//1046 1469//1047 1436//1014 
f 1467//1045 1499//1077 1466//1044 
f 1465//1043 1467//1045 1434//1012 
f 1464//1042 1465//1043 1432//1010 
f 1463//1041 1464//1042 1431//1009 
f 1462//1040 1463//1041 1430//1008 
f 1461//1039 1462//1040 1429//1007 
f 1460//1038 1461//1039 1428//1006 
f 1459//1037 1460//1038 1427//1005 
f 1458//1036 1459//1037 1426//1004 
f 1457//1035 1458//1036 1425//1003 
f 1456//1034 1457//1035 1424//1002 
f 1455//1033 1456//1034 1423//1001 
f 1454//1032 1455//1033 1422//1000 
f 1453//1031 1454//1032 1421//999 
f 1452//1030 1453//1031 1420//998 
f 1451//1029 1452//1030 1419//997 
f 1450//1028 1451//1029 1418//996 
f 1449//1027 1450//1028 1417//995 
f 1448//1026 1449//1027 1416//994 
f 1447//1025 1448//1026 1415//993 
f 1446//1024 1447//1025 1414//992 
f 1445//1023 1446//1024 1413//991 
f 1444//1022 1445//1023 1412//990 
f 1443//1021 1444//1022 1411//989 
f 1442//1020 1443//1021 1410//988 
f 1441//1019 1442//1020 1409//987 
f 1440//1018 1441//1019 1408//986 
f 1439//1017 1440//1018 1407//985 
f 1438//1016 1439//1017 1406//984 
f 1437//1015 1438//1016 1405//983 
f 1436//1014 1437//1015 1404//982 
f 1435//1013 1436//1014 1403//981 
f 1434//1012 1466//1044 1433//1011 
f 1432//1010 1434//1012 1401//979 
f 1431//1009 1432//1010 1399//977 
f 1430//1008 1431//1009 1398//976 
f 1429//1007 1430//1008 1397//975 
f 1428//1006 1429//1007 1396//974 
f 1427//1005 1428//1006 1395//973 
f 1426//1004 1427//1005 1394//972 
f 1425//1003 1426//1004 1393//971 
f 1424//1002 1425//1003 1392//970 
f 1423//1001 1424//1002 1391//969 
f 1422//1000 1423//1001 1390//968 
f 1421//999 1422//1000 1389//967 
f 1420//998 1421//999 1388//966 
f 1419//997 1420//998 1387//965 
f 1418//996 1419//997 1386//964 
f 1417//995 1418//996 1385//963 
f 1416//994 1417//995 1384//962 
f 1415//993 1416//994 1383//961 
f 1414//992 1415//993 1382//960 
f 1413//991 1414//992 1381//959 
f 1412//990 1413//991 1380//958 
f 1411//989 1412//990 1379//957 
f 1410//988 1411//989 1378//956 
f 1409//987 1410//988 1377//955 
f 1408//986 1409//987 1376//954 
f 1407//985 1408//986 1375//953 
f 1406//984 1407//985 1374//952 
f 1405//983 1406//984 1373//951 
f 1404//982 1405//983 1372//950 
f 1403//981 1404//982 1371//949 
f 1402//980 1403//981 1370//948 
f 1401//979 1433//1011 1400//978 
f 1399//977 1401//979 1368//946 
f 1398//976 1399//977 1366//944 
f 1397//975 1398//976 1365//943 
f 1396//974 1397//975 1364//942 
f 1395//973 1396//974 1363//941 
f 1394//972 1395//973 1362//940 
f 1393//971 1394//972 1361//939 
f 1392//970 1393//971 1360//938 
f 1391//969 1392//970 1359//937 
f 1390//968 1391//969 1358//936 
f 1389//967 1390//968 1357//935 
f 1388//966 1389//967 1356//934 
f 1387//965 1388//966 1355//933 
f 1386//964 1387//965 1354//932 
f 1385//963 1386//964 1353//931 
f 1384//962 1385//963 1352//930 
f 1383//961 1384//962 1351//929 
f 1382//960 1383//961 1350//928 
f 1381//959 1382//960 1349//927 
f 1380//958 1381//959 1348//926 
f 1379//957 1380//958 1347//925 
f 1378//956 1379//957 1346//924 
f 1377//955 1378//956 1345//923 
f 1376//954 1377//955 1344//922 
f 1375//953 1376//954 1343//921 
f 1374//952 1375//953 1342//920 
f 1373//951 1374//952 1341//919 
f 1372//950 1373//951 1340//918 
f 1371//949 1372//950 1339//917 
f 1370//948 1371//949 1338//916 
f 1369//947 1370//948 1337//915 
f 1368//946 1400//978 1367//945 
f 1366//944 1368//946 1335//913 
f 1365//943 1366//944 1334//912 
f 1364//942 1365//943 1333//911 
f 1363//941 1364//942 1332//910 
f 1362//940 1363//941 1331//909 
f 1361//939 1362//940 1330//908 
f 1360//938 1361//939 1329//907 
f 1359//937 1360//938 1328//906 
f 1358//936 1359//937 1327//905 
f 1357//935 1358//936 1326//904 
f 1356//934 1357//935 1325//903 
f 1355//933 1356//934 1324//902 
f 1354//932 1355//933 1323//901 
f 1353//931 1354//932 1322//900 
f 1352//930 1353//931 1321//899 
f 1351//929 1352//930 1320//898 
f 1350//928 1351//929 1319//897 
f 1349//927 1350//928 1318//896 
f 1348//926 1349//927 1317//895 
f 1347//925 1348//926 1316//894 
f 1346//924 1347//925 1315//893 
f 1345//923 1346//924 1314//892 
f 1344//922 1345//923 1313//891 
f 1343//921 1344//922 1312//890 
f 1342//920 1343//921 1311//889 
f 1341//919 1342//920 1310//888 
f 1340//918 1341//919 1309//887 
f 1339//917 1340//918 1308//886 
f 1338//916 1339//917 1307//885 
f 1337//915 1338//916 1306//884 
f 1336//914 1337//915 1305//883 
f 1335//913 1367//945 1303//881 
f 1334//912 1335//913 1301//879 
f 1333//911 1334//912 1300//878 
f 1332//910 1333//911 1299//877 
f 1331//909 1332//910 1298//876 
f 1330//908 1331//909 1297//875 
f 1329//907 1330//908 1296//874 
f 1328//906 1329//907 1295//873 
f 1327//905 1328//906 1294//872 
f 1326//904 1327//905 1293//871 
f 1325//903 1326//904 1292//870 
f 1324//902 1325//903 1291//869 
f 1323//901 1324//902 1290//868 
f 1322//900 1323//901 1289//867 
f 1321//899 1322//900 1288//866 
f 1320//898 1321//899 1287//865 
f 1319//897 1320//898 1286//864 
f 1318//896 1319//897 1285//863 
f 1317//895 1318//896 1284//862 
f 1316//894 1317//895 1283//861 
f 1315//893 1316//894 1282//860 
f 1314//892 1315//893 1281//859 
f 1313//891 1314//892 1280//858 
f 1312//890 1313//891 1279//857 
f 1311//889 1312//890 1278//856 
f 1310//888 1311//889 1277//855 
f 1309//887 1310//888 1276//854 
f 1308//886 1309//887 1275//853 
f 1307//885 1308//886 1274//852 
f 1306//884 1307//885 1273//851 
f 1305//883 1306//884 1272//850 
f 1304//882 1305//883 1271//849 
f 1303//881 2162//1838 1302//880 
f 1301//879 1303//881 1268//846 
f 1300//878 1301//879 1266//844 
f 1299//877 1300//878 1265//843 
f 1298//876 1299//877 1264//842 
f 1297//875 1298//876 1263//841 
f 1296//874 1297//875 1262//840 
f 1295//873 1296//874 1261//839 
f 1294//872 1295//873 1260//838 
f 1293//871 1294//872 1259//837 
f 1292//870 1293//871 1258//836 
f 1291//869 1292//870 1257//835 
f 1290//868 1291//869 1256//834 
f 1289//867 1290//868 1255//833 
f 1288//866 1289//867 1254//832 
f 1287//865 1288//866 1253//831 
f 1286//864 1287//865 1252//830 
f 1285//863 1286//864 1251//829 
f 1284//862 1285//863 1250//828 
f 1283//861 1284//862 1249//827 
f 1282//860 1283//861 1248//826 
f 1281//859 1282//860 1247//825 
f 1280//858 1281//859 1246//824 
f 1279//857 1280//858 1245//823 
f 1278//856 1279//857 1244//822 
f 1277//855 1278//856 1243//821 
f 1276//854 1277//855 1242//820 
f 1275//853 1276//854 1241//819 
f 1274//852 1275//853 1240//818 
f 1273//851 1274//852 1239//817 
f 1272//850 1273//851 1238//816 
f 1271//849 1272//850 1237//815 
f 1270//848 1271//849 1236//814 
f 1269//847 1270//848 1235//813 
f 1268//846 1302//880 1267//845 
f 1266//844 1268//846 1233//811 
f 1265//843 1266//844 1231//809 
f 1264//842 1265//843 1230//808 
f 1263//841 1264//842 1229//807 
f 1262//840 1263//841 1228//806 
f 1261//839 1262//840 1227//805 
f 1260//838 1261//839 1226//804 
f 1259//837 1260//838 1225//803 
f 1258//836 1259//837 1224//802 
f 1257//835 1258//836 1223//801 
f 1256//834 1257//835 1222//800 
f 1255//833 1256//834 1221//799 
f 1254//832 1255//833 1220//798 
f 1253//831 1254//832 1219//797 
f 1252//830 1253//831 1218//796 
f 1251//829 1252//830 1217//795 
f 1250//828 1251//829 1216//794 
f 1249//827 1250//828 1215//793 
f 1248//826 1249//827 1214//792 
f 1247//825 1248//826 1213//791 
f 1246//824 1247//825 1212//790 
f 1245//823 1246//824 1211//789 
f 1244//822 1245//823 1210//788 
f 1243//821 1244//822 1209//787 
f 1242//820 1243//821 1208//786 
f 1241//819 1242//820 1207//785 
f 1240//818 1241//819 1206//784 
f 1239//817 1240//818 1205//783 
f 1238//816 1239//817 1204//782 
f 1237//815 1238//816 1203//781 
f 1236//814 1237//815 1202//780 
f 1235//813 1236//814 1201//779 
f 1234//812 1235//813 1200//778 
f 1233//811 1267//845 1232//810 
f 1231//809 1233//811 1198//776 
f 1230//808 1231//809 1196//774 
f 1229//807 1230//808 1195//773 
f 1228//806 1229//807 1194//772 
f 1227//805 1228//806 1193//771 
f 1226//804 1227//805 1192//770 
f 1225//803 1226//804 1191//769 
f 1224//802 1225//803 1190//768 
f 1223//801 1224//802 1189//767 
f 1222//800 1223//801 1188//766 
f 1221//799 1222//800 1187//765 
f 1220//798 1221//799 1186//764 
f 1219//797 1220//798 1185//763 
f 1218//796 1219//797 1184//762 
f 1217//795 1218//796 1183//761 
f 1216//794 1217//795 1182//760 
f 1215//793 1216//794 1181//759 
f 1214//792 1215//793 1180//758 
f 1213//791 1214//792 1179//757 
f 1212//790 1213//791 1178//756 
f 1211//789 1212//790 1177//755 
f 1210//788 1211//789 1176//754 
f 1209//787 1210//788 1175//753 
f 1208//786 1209//787 1174//752 
f 1207//785 1208//786 1173//751 
f 1206//784 1207//785 1172//750 
f 1205//783 1206//784 1171//749 
f 1204//782 1205//783 1170//748 
f 1203//781 1204//782 1169//747 
f 1202//780 1203//781 1168//746 
f 1201//779 1202//780 1167//745 
f 1200//778 1201//779 1166//744 
f 1199//777 1200//778 1165//743 
f 1198//776 1232//810 1197//775 
f 1196//774 1198//776 1163//741 
f 1195//773 1196//774 1161//739 
f 1194//772 1195//773 1160//738 
f 1193//771 1194//772 1159//737 
f 1192//770 1193//771 1158//736 
f 1191//769 1192//770 1157//735 
f 1190//768 1191//769 1156//734 
f 1189//767 1190//768 1155//733 
f 1188//766 1189//767 1154//732 
f 1187//765 1188//766 1153//731 
f 1186//764 1187//765 1152//730 
f 1185//763 1186//764 1151//729 
f 1184//762 1185//763 1150//728 
f 1183//761 1184//762 1149//727 
f 1182//760 1183//761 1148//726 
f 1181//759 1182//760 1147//725 
f 1180//758 1181//759 1146//724 
f 1179//757 1180//758 1145//723 
f 1178//756 1179//757 1144//722 
f 1177//755 1178//756 1143//721 
f 1176//754 1177//755 1142//720 
f 1175//753 1176//754 1141//719 
f 1174//752 1175//753 1140//718 
f 1173//751 1174//752 1139//717 
f 1172//750 1173//751 1138//716 
f 1171//749 1172//750 1137//715 
f 1170//748 1171//749 1136//714 
f 1169//747 1170//748 1135//713 
f 1168//746 1169//747 1134//712 
f 1167//745 1168//746 1133//711 
f 1166//744 1167//745 1132//710 
f 1165//743 1166//744 1131//709 
f 1164//742 1165//743 1130//708 
f 1163//741 1197//775 1162//740 
f 1161//739 1163//741 1128//706 
f 1160//738 1161//739 1127//705 
f 1159//737 1160//738 1126//704 
f 1158//736 1159//737 1125//703 
f 1157//735 1158//736 1124//702 
f 1156//734 1157//735 1123//701 
f 1155//733 1156//734 1122//700 
f 1154//732 1155//733 1121//699 
f 1153//731 1154//732 1120//698 
f 1152//730 1153//731 1119//697 
f 1151//729 1152//730 1118//696 
f 1150//728 1151//729 1117//695 
f 1149//727 1150//728 1116//694 
f 1148//726 1149//727 1115//693 
f 1147//725 1148//726 1114//692 
f 1146//724 1147//725 1113//691 
f 1145//723 1146//724 1112//690 
f 1144//722 1145//723 1111//689 
f 1143//721 1144//722 1110//688 
f 1142//720 1143//721 1109//687 
f 1141//719 1142//720 1108//686 
f 1140//718 1141//719 1107//685 
f 1139//717 1140//718 1106//684 
f 1138//716 1139//717 1105//683 
f 1137//715 1138//716 1104//682 
f 1136//714 1137//715 1103//681 
f 1135//713 1136//714 1102//680 
f 1134//712 1135//713 1101//679 
f 1133//711 1134//712 1100//678 
f 1132//710 1133//711 1099//677 
f 1131//709 1132//710 1098//676 
f 1130//708 1131//709 1097//675 
f 1129//707 1130//708 1096//674 
f 1128//706 1162//740 1094//672 
f 1127//705 1128//706 1092//670 
f 1126//704 1127//705 1091//669 
f 1125//703 1126//704 1090//668 
f 1124//702 1125//703 1089//667 
f 1123//701 1124//702 1088//666 
f 1122//700 1123//701 1087//665 
f 1121//699 1122//700 1086//664 
f 1120//698 1121//699 1085//663 
f 1119//697 1120//698 1084//662 
f 1118//696 1119//697 1083//661 
f 1117//695 1118//696 1082//660 
f 1116//694 1117//695 1081//659 
f 1115//693 1116//694 1080//658 
f 1114//692 1115//693 1079//657 
f 1113//691 1114//692 1078//656 
f 1112//690 1113//691 1077//655 
f 1111//689 1112//690 1076//654 
f 1110//688 1111//689 1075//653 
f 1109//687 1110//688 1074//652 
f 1108//686 1109//687 1073//651 
f 1107//685 1108//686 1072//650 
f 1106//684 1107//685 1071//649 
f 1105//683 1106//684 1070//648 
f 1104//682 1105//683 1069//647 
f 1103//681 1104//682 1068//646 
f 1102//680 1103//681 1067//645 
f 1101//679 1102//680 1066//644 
f 1100//678 1101//679 1065//643 
f 1099//677 1100//678 1064//642 
f 1098//676 1099//677 1063//641 
f 1097//675 1098//676 1062//640 
f 1096//674 1097//675 1061//639 
f 1095//673 1096//674 1060//638 
f 1094//672 2163//1855 1093//671 
f 1092//670 1094//672 1057//635 
f 1091//669 1092//670 1055//633 
f 1090//668 1091//669 1054//632 
f 1089//667 1090//668 1053//631 
f 1088//666 1089//667 1052//630 
f 1087//665 1088//666 1051//629 
f 1086//664 1087//665 1050//628 
f 1085//663 1086//664 1049//627 
f 1084//662 1085//663 1048//626 
f 1083//661 1084//662 1047//625 
f 1082//660 1083//661 1046//624 
f 1081//659 1082//660 1045//623 
f 1080//658 1081//659 1044//622 
f 1079//657 1080//658 1043//621 
f 1078//656 1079//657 1042//620 
f 1077//655 1078//656 1041//619 
f 1076//654 1077//655 1040//618 
f 1075//653 1076//654 1039//617 
f 1074//652 1075//653 1038//616 
f 1073//651 1074//652 1037//615 
f 1072//650 1073//651 1036//614 
f 1071//649 1072//650 1035//613 
f 1070//648 1071//649 1034//612 
f 1069//647 1070//648 1033//611 
f 1068//646 1069//647 1032//610 
f 1067//645 1068//646 1031//609 
f 1066//644 1067//645 1030//608 
f 1065//643 1066//644 1029//607 
f 1064//642 1065//643 1028//606 
f 1063//641 1064//642 1027//605 
f 1062//640 1063//641 1026//604 
f 1061//639 1062//640 1025//603 
f 1060//638 1061//639 1024//602 
f 1059//637 1060//638 1023//601 
f 1058//636 1059//637 1022//600 
f 1057//635 1093//671 1056//634 
f 1055//633 1057//635 1020//598 
f 1054//632 1055//633 1018//596 
f 1053//631 1054//632 1017//595 
f 1052//630 1053//631 1016//594 
f 1051//629 1052//630 1015//593 
f 1050//628 1051//629 1014//592 
f 1049//627 1050//628 1013//591 
f 1048//626 1049//627 1012//590 
f 1047//625 1048//626 1011//589 
f 1046//624 1047//625 1010//588 
f 1045//623 1046//624 1009//587 
f 1044//622 1045//623 1008//586 
f 1043//621 1044//622 1007//585 
f 1042//620 1043//621 1006//584 
f 1041//619 1042//620 1005//583 
f 1040//618 1041//619 1004//582 
f 1039//617 1040//618 1003//581 
f 1038//616 1039//617 1002//580 
f 1037//615 1038//616 1001//579 
f 1036//614 1037//615 1000//578 
f 1035//613 1036//614 999//577 
f 1034//612 1035//613 998//576 
f 1033//611 1034//612 997//575 
f 1032//610 1033//611 996//574 
f 1031//609 1032//610 995//573 
f 1030//608 1031//609 994//572 
f 1029//607 1030//608 993//571 
f 1028//606 1029//607 992//570 
f 1027//605 1028//606 991//569 
f 1026//604 1027//605 990//568 
f 1025//603 1026//604 989//567 
f 1024//602 1025//603 988//566 
f 1023//601 1024//602 987//565 
f 1022//600 1023//601 986//564 
f 1021//599 1022//600 985//563 
f 1020//598 1056//634 1019//597 
f 1018//596 1020//598 983//561 
f 1017//595 1018//596 981//559 
f 1016//594 1017//595 980//558 
f 1015//593 1016//594 979//557 
f 1014//592 1015//593 978//556 
f 1013//591 1014//592 977//555 
f 1012//590 1013//591 976//554 
f 1011//589 1012//590 975//553 
f 1010//588 1011//589 974//552 
f 1009//587 1010//588 973//551 
f 1008//586 1009//587 972//550 
f 1007//585 1008//586 971//549 
f 1006//584 1007//585 970//548 
f 1005//583 1006//584 969//547 
f 1004//582 1005//583 968//546 
f 1003//581 1004//582 967//545 
f 1002//580 1003//581 966//544 
f 1001//579 1002//580 965//543 
f 1000//578 1001//579 964//542 
f 999//577 1000//578 963//541 
f 998//576 999//577 962//540 
f 997//575 998//576 961//539 
f 996//574 997//575 960//538 
f 995//573 996//574 959//537 
f 994//572 995//573 958//536 
f 993//571 994//572 957//535 
f 992//570 993//571 956//534 
f 991//569 992//570 955//533 
f 990//568 991//569 954//532 
f 989//567 990//568 953//531 
f 988//566 989//567 952//530 
f 987//565 988//566 951//529 
f 986//564 987//565 950//528 
f 985//563 986//564 949//527 
f 984//562 985//563 948//526 
f 983//561 1019//597 982//560 
f 981//559 983//561 946//524 
f 980//558 981//559 945//523 
f 979//557 980//558 944//522 
f 978//556 979//557 943//521 
f 977//555 978//556 942//520 
f 976//554 977//555 941//519 
f 975//553 976//554 940//518 
f 974//552 975//553 939//517 
f 973//551 974//552 938//516 
f 972//550 973//551 937//515 
f 971//549 972//550 936//514 
f 970//548 971//549 935//513 
f 969//547 970//548 934//512 
f 968//546 969//547 933//511 
f 967//545 968//546 932//510 
f 966//544 967//545 931//509 
f 965//543 966//544 930//508 
f 964//542 965//543 929//507 
f 963//541 964//542 928//506 
f 962//540 963//541 927//505 
f 961//539 962//540 926//504 
f 960//538 961//539 925//503 
f 959//537 960//538 924//502 
f 958//536 959//537 923//501 
f 957//535 958//536 922//500 
f 956//534 957//535 921//499 
f 955//533 956//534 920//498 
f 954//532 955//533 919//497 
f 953//531 954//532 918//496 
f 952//530 953//531 917//495 
f 951//529 952//530 916//494 
f 950//528 951//529 915//493 
f 949//527 950//528 914//492 
f 948//526 949//527 913//491 
f 947//525 948//526 912//490 
f 946//524 982//560 910//488 
f 945//523 946//524 908//486 
f 944//522 945//523 907//485 
f 943//521 944//522 906//484 
f 942//520 943//521 905//483 
f 941//519 942//520 904//482 
f 940//518 941//519 903//481 
f 939//517 940//518 902//480 
f 938//516 939//517 901//479 
f 937//515 938//516 900//478 
f 936//514 937//515 899//477 
f 935//513 936//514 898//476 
f 934//512 935//513 897//475 
f 933//511 934//512 896//474 
f 932//510 933//511 895//473 
f 931//509 932//510 894//472 
f 930//508 931//509 893//471 
f 929//507 930//508 892//470 
f 928//506 929//507 891//469 
f 927//505 928//506 890//468 
f 926//504 927//505 889//467 
f 925//503 926//504 888//466 
f 924//502 925//503 887//465 
f 923//501 924//502 886//464 
f 922//500 923//501 885//463 
f 921//499 922//500 884//462 
f 920//498 921//499 883//461 
f 919//497 920//498 882//460 
f 918//496 919//497 881//459 
f 917//495 918//496 880//458 
f 916//494 917//495 879//457 
f 915//493 916//494 878//456 
f 914//492 915//493 877//455 
f 913//491 914//492 876//454 
f 912//490 913//491 875//453 
f 911//489 912//490 874//452 
f 910//488 2164//1869 909//487 
f 908//486 910//488 871//449 
f 907//485 908//486 869//447 
f 906//484 907//485 868//446 
f 905//483 906//484 867//445 
f 904//482 905//483 866//444 
f 903//481 904//482 865//443 
f 902//480 903//481 864//442 
f 901//479 902//480 863//441 
f 900//478 901//479 862//440 
f 899//477 900//478 861//439 
f 898//476 899//477 860//438 
f 897//475 898//476 859//437 
f 896//474 897//475 858//436 
f 895//473 896//474 857//435 
f 894//472 895//473 856//434 
f 893//471 894//472 855//433 
f 892//470 893//471 854//432 
f 891//469 892//470 853//431 
f 890//468 891//469 852//430 
f 889//467 890//468 851//429 
f 888//466 889//467 850//428 
f 887//465 888//466 849//427 
f 886//464 887//465 848//426 
f 885//463 886//464 847//425 
f 884//462 885//463 846//424 
f 883//461 884//462 845//423 
f 882//460 883//461 844//422 
f 881//459 882//460 843//421 
f 880//458 881//459 842//420 
f 879//457 880//458 841//419 
f 878//456 879//457 840//418 
f 877//455 878//456 839//417 
f 876//454 877//455 838//416 
f 875//453 876//454 837//415 
f 874//452 875//453 836//414 
f 873//451 874//452 835//413 
f 872//450 873//451 834//412 
f 871//449 909//487 870//448 
f 869//447 871//449 832//410 
f 868//446 869//447 830//408 
f 867//445 868//446 829//407 
f 866//444 867//445 828//406 
f 865//443 866//444 827//405 
f 864//442 865//443 826//404 
f 863//441 864//442 825//403 
f 862//440 863//441 824//402 
f 861//439 862//440 823//401 
f 860//438 861//439 822//400 
f 859//437 860//438 821//399 
f 858//436 859//437 820//398 
f 857//435 858//436 819//397 
f 856//434 857//435 818//396 
f 855//433 856//434 817//395 
f 854//432 855//433 816//394 
f 853//431 854//432 815//393 
f 852//430 853//431 814//392 
f 851//429 852//430 813//391 
f 850//428 851//429 812//390 
f 849//427 850//428 811//389 
f 848//426 849//427 810//388 
f 847//425 848//426 809//387 
f 846//424 847//425 808//386 
f 845//423 846//424 807//385 
f 844//422 845//423 806//384 
f 843//421 844//422 805//383 
f 842//420 843//421 804//382 
f 841//419 842//420 803//381 
f 840//418 841//419 802//380 
f 839//417 840//418 801//379 
f 838//416 839//417 800//378 
f 837//415 838//416 799//377 
f 836//414 837//415 798//376 
f 835//413 836//414 797//375 
f 834//412 835//413 796//374 
f 833//411 834//412 795//373 
f 832//410 870//448 831//409 
f 830//408 832//410 793//371 
f 829//407 830//408 791//369 
f 828//406 829//407 790//368 
f 827//405 828//406 789//367 
f 826//404 827//405 788//366 
f 825//403 826//404 787//365 
f 824//402 825//403 786//364 
f 823//401 824//402 785//363 
f 822//400 823//401 784//362 
f 821//399 822//400 783//361 
f 820//398 821//399 782//360 
f 819//397 820//398 781//359 
f 818//396 819//397 780//358 
f 817//395 818//396 779//357 
f 816//394 817//395 778//356 
f 815//393 816//394 777//355 
f 814//392 815//393 776//354 
f 813//391 814//392 775//353 
f 812//390 813//391 774//352 
f 811//389 812//390 773//351 
f 810//388 811//389 772//350 
f 809//387 810//388 771//349 
f 808//386 809//387 770//348 
f 807//385 808//386 769//347 
f 806//384 807//385 768//346 
f 805//383 806//384 767//345 
f 804//382 805//383 766//344 
f 803//381 804//382 765//343 
f 802//380 803//381 764//342 
f 801//379 802//380 763//341 
f 800//378 801//379 762//340 
f 799//377 800//378 761//339 
f 798//376 799//377 760//338 
f 797//375 798//376 759//337 
f 796//374 797//375 758//336 
f 795//373 796//374 757//335 
f 794//372 795//373 756//334 
f 793//371 831//409 792//370 
f 791//369 793//371 754//332 
f 790//368 791//369 753//331 
f 789//367 790//368 752//330 
f 788//366 789//367 751//329 
f 787//365 788//366 750//328 
f 786//364 787//365 749//327 
f 785//363 786//364 748//326 
f 784//362 785//363 747//325 
f 783//361 784//362 746//324 
f 782//360 783//361 745//323 
f 781//359 782//360 744//322 
f 780//358 781//359 743//321 
f 779//357 780//358 742//320 
f 778//356 779//357 741//319 
f 777//355 778//356 740//318 
f 776//354 777//355 739//317 
f 775//353 776//354 738//316 
f 774//352 775//353 737//315 
f 773//351 774//352 736//314 
f 772//350 773//351 735//313 
f 771//349 772//350 734//312 
f 770//348 771//349 733//311 
f 769//347 770//348 732//310 
f 768//346 769//347 731//309 
f 767//345 768//346 730//308 
f 766//344 767//345 729//307 
f 765//343 766//344 728//306 
f 764//342 765//343 727//305 
f 763//341 764//342 726//304 
f 762//340 763//341 725//303 
f 761//339 762//340 724//302 
f 760//338 761//339 723//301 
f 759//337 760//338 722//300 
f 758//336 759//337 721//299 
f 757//335 758//336 720//298 
f 756//334 757//335 719//297 
f 755//333 756//334 718//296 
f 754//332 792//370 716//294 
f 753//331 754//332 714//292 
f 752//330 753//331 713//291 
f 751//329 752//330 712//290 
f 750//328 751//329 711//289 
f 749//327 750//328 710//288 
f 748//326 749//327 709//287 
f 747//325 748//326 708//286 
f 746//324 747//325 707//285 
f 745//323 746//324 706//284 
f 744//322 745//323 705//283 
f 743//321 744//322 704//282 
f 742//320 743//321 703//281 
f 741//319 742//320 702//280 
f 740//318 741//319 701//279 
f 739//317 740//318 700//278 
f 738//316 739//317 699//277 
f 737//315 738//316 698//276 
f 736//314 737//315 697//275 
f 735//313 736//314 696//274 
f 734//312 735//313 695//273 
f 733//311 734//312 694//272 
f 732//310 733//311 693//271 
f 731//309 732//310 692//270 
f 730//308 731//309 691//269 
f 729//307 730//308 690//268 
f 728//306 729//307 689//267 
f 727//305 728//306 688//266 
f 726//304 727//305 687//265 
f 725//303 726//304 686//264 
f 724//302 725//303 685//263 
f 723//301 724//302 684//262 
f 722//300 723//301 683//261 
f 721//299 722//300 682//260 
f 720//298 721//299 681//259 
f 719//297 720//298 680//258 
f 718//296 719//297 679//257 
f 717//295 718//296 678//256 
f 716//294 2165//1882 715//293 
f 714//292 716//294 675//253 
f 713//291 714//292 673//251 
f 712//290 713//291 672//250 
f 711//289 712//290 671//249 
f 710//288 711//289 670//248 
f 709//287 710//288 669//247 
f 708//286 709//287 668//246 
f 707//285 708//286 667//245 
f 706//284 707//285 666//244 
f 705//283 706//284 665//243 
f 704//282 705//283 664//242 
f 703//281 704//282 663//241 
f 702//280 703//281 662//240 
f 701//279 702//280 661//239 
f 700//278 701//279 660//238 
f 699//277 700//278 659//237 
f 698//276 699//277 658//236 
f 697//275 698//276 657//235 
f 696//274 697//275 656//234 
f 695//273 696//274 655//233 
f 694//272 695//273 654//232 
f 693//271 694//272 653//231 
f 692//270 693//271 652//230 
f 691//269 692//270 651//229 
f 690//268 691//269 650//228 
f 689//267 690//268 649//227 
f 688//266 689//267 648//226 
f 687//265 688//266 647//225 
f 686//264 687//265 646//224 
f 685//263 686//264 645//223 
f 684//262 685//263 644//222 
f 683//261 684//262 643//221 
f 682//260 683//261 642//220 
f 681//259 682//260 641//219 
f 680//258 681//259 640//218 
f 679//257 680//258 639//217 
f 678//256 679//257 638//216 
f 677//255 678//256 637//215 
f 676//254 677//255 636//214 
f 675//253 715//293 674//252 
f 673//251 675//253 634//212 
f 672//250 673//251 632//210 
f 671//249 672//250 631//209 
f 670//248 671//249 630//208 
f 669//247 670//248 629//207 
f 668//246 669//247 628//206 
f 667//245 668//246 627//205 
f 666//244 667//245 626//204 
f 665//243 666//244 625//203 
f 664//242 665//243 624//202 
f 663//241 664//242 623//201 
f 662//240 663//241 622//200 
f 661//239 662//240 621//199 
f 660//238 661//239 620//198 
f 659//237 660//238 619//197 
f 658//236 659//237 618//196 
f 657//235 658//236 617//195 
f 656//234 657//235 616//194 
f 655//233 656//234 615//193 
f 654//232 655//233 614//192 
f 653//231 654//232 613//191 
f 652//230 653//231 612//190 
f 651//229 652//230 611//189 
f 650//228 651//229 610//188 
f 649//227 650//228 609//187 
f 648//226 649//227 608//186 
f 647//225 648//226 607//185 
f 646//224 647//225 606//184 
f 645//223 646//224 605//183 
f 644//222 645//223 604//182 
f 643//221 644//222 603//181 
f 642//220 643//221 602//180 
f 641//219 642//220 601//179 
f 640//218 641//219 600//178 
f 639//217 640//218 599//177 
f 638//216 639//217 598//176 
f 637//215 638//216 597//175 
f 636//214 637//215 596//174 
f 635//213 636//214 595//173 
f 634//212 674//252 633//211 
f 632//210 634//212 593//171 
f 631//209 632//210 592//170 
f 630//208 631//209 591//169 
f 629//207 630//208 590//168 
f 628//206 629//207 589//167 
f 627//205 628//206 588//166 
f 626//204 627//205 587//165 
f 625//203 626//204 586//164 
f 624//202 625//203 585//163 
f 623//201 624//202 584//162 
f 622//200 623//201 583//161 
f 621//199 622//200 582//160 
f 620//198 621//199 581//159 
f 619//197 620//198 580//158 
f 618//196 619//197 579//157 
f 617//195 618//196 578//156 
f 616//194 617//195 577//155 
f 615//193 616//194 576//154 
f 614//192 615//193 575//153 
f 613//191 614//192 574//152 
f 612//190 613//191 573//151 
f 611//189 612//190 572//150 
f 610//188 611//189 571//149 
f 609//187 610//188 570//148 
f 608//186 609//187 569//147 
f 607//185 608//186 568//146 
f 606//184 607//185 567//145 
f 605//183 606//184 566//144 
f 604//182 605//183 565//143 
f 603//181 604//182 564//142 
f 602//180 603//181 563//141 
f 601//179 602//180 562//140 
f 600//178 601//179 561//139 
f 599//177 600//178 560//138 
f 598//176 599//177 559//137 
f 597//175 598//176 558//136 
f 596//174 597//175 557//135 
f 595//173 596//174 556//134 
f 594//172 595//173 555//133 
f 593//171 633//211 553//131 
f 592//170 593//171 552//130 
f 591//169 592//170 551//129 
f 590//168 591//169 550//128 
f 589//167 590//168 549//127 
f 588//166 589//167 548//126 
f 587//165 588//166 547//125 
f 586//164 587//165 546//124 
f 585//163 586//164 545//123 
f 584//162 585//163 544//122 
f 583//161 584//162 543//121 
f 582//160 583//161 542//120 
f 581//159 582//160 541//119 
f 580//158 581//159 540//118 
f 579//157 580//158 539//117 
f 578//156 579//157 538//116 
f 577//155 578//156 537//115 
f 576//154 577//155 536//114 
f 575//153 576//154 535//113 
f 574//152 575//153 534//112 
f 573//151 574//152 533//111 
f 572//150 573//151 532//110 
f 571//149 572//150 531//109 
f 570//148 571//149 530//108 
f 569//147 570//148 529//107 
f 568//146 569//147 528//106 
f 567//145 568//146 527//105 
f 566//144 567//145 526//104 
f 565//143 566//144 525//103 
f 564//142 565//143 524//102 
f 563//141 564//142 523//101 
f 562//140 563//141 522//100 
f 561//139 562//140 521//99 
f 560//138 561//139 520//98 
f 559//137 560//138 519//97 
f 558//136 559//137 518//96 
f 557//135 558//136 517//95 
f 556//134 557//135 516//94 
f 555//133 556//134 515//93 
f 554//132 555//133 514//92 
f 553//131 470//2013 350//89 
f 552//130 553//131 512//87 
f 551//129 552//130 511//86 
f 550//128 551//129 510//83 
f 549//127 550//128 509//81 
f 548//126 549//127 508//80 
f 547//125 548//126 507//77 
f 546//124 547//125 506//75 
f 545//123 546//124 505//73 
f 544//122 545//123 504//71 
f 543//121 544//122 503//70 
f 542//120 543//121 502//67 
f 541//119 542//120 501//65 
f 540//118 541//119 500//63 
f 539//117 540//118 499//61 
f 538//116 539//117 498//60 
f 537//115 538//116 497//57 
f 536//114 537//115 496//56 
f 535//113 536//114 495//53 
f 534//112 535//113 494//51 
f 533//111 534//112 493//49 
f 532//110 533//111 492//48 
f 531//109 532//110 491//45 
f 530//108 531//109 490//44 
f 529//107 530//108 489//41 
f 528//106 529//107 488//39 
f 527//105 528//106 487//37 
f 526//104 527//105 486//36 
f 525//103 526//104 485//33 
f 524//102 525//103 484//32 
f 523//101 524//102 483//29 
f 522//100 523//101 482//27 
f 521//99 522//100 481//25 
f 520//98 521//99 480//23 
f 519//97 520//98 479//22 
f 518//96 519//97 478//19 
f 517//95 518//96 477//17 
f 516//94 517//95 476//16 
f 515//93 516//94 475//15 
f 514//92 515//93 474//11 
f 513//91 514//92 473//9 
f 513//91 472//8 6//7 
f 350//89 471//2014 349//88 
f 512//87 349//88 347//84 
f 510//83 511//86 347//84 
f 510//83 348//85 346//82 
f 509//81 346//82 344//78 
f 507//77 508//80 344//78 
f 507//77 345//79 343//76 
f 506//75 343//76 342//74 
f 505//73 342//74 341//72 
f 504//71 341//72 339//68 
f 502//67 503//70 339//68 
f 502//67 340//69 338//66 
f 501//65 338//66 337//64 
f 500//63 337//64 336//62 
f 499//61 336//62 334//58 
f 497//57 498//60 334//58 
f 497//57 335//59 332//54 
f 495//53 496//56 332//54 
f 495//53 333//55 331//52 
f 494//51 331//52 330//50 
f 493//49 330//50 328//46 
f 491//45 492//48 328//46 
f 491//45 329//47 326//42 
f 489//41 490//44 326//42 
f 489//41 327//43 325//40 
f 488//39 325//40 324//38 
f 487//37 324//38 322//34 
f 485//33 486//36 322//34 
f 485//33 323//35 320//30 
f 483//29 484//32 320//30 
f 483//29 321//31 319//28 
f 482//27 319//28 318//26 
f 481//25 318//26 317//24 
f 480//23 317//24 315//20 
f 478//19 479//22 315//20 
f 478//19 316//21 314//18 
f 477//17 314//18 313//14 
f 475//15 476//16 313//14 
f 474//11 475//15 311//12 
f 474//11 312//13 310//10 
f 473//9 310//10 309//5 
f 6//7 472//8 309//5 
o mesh5
f 2166//2015 2167//2015 339//2015 
f 2167//2015 2168//2015 340//2015 
f 2169//2015 2170//2015 342//2015 
f 2170//2015 2166//2015 341//2015 
f 340//2015 339//2015 2167//2015 
f 2168//2015 2171//2015 338//2015 
f 2171//2015 2172//2015 337//2015 
f 2172//2015 2173//2015 336//2015 
f 2174//2015 2175//2015 318//2015 
f 2175//2015 2176//2015 317//2015 
f 2177//2015 2178//2015 345//2015 
f 2178//2015 2169//2015 343//2015 
f 341//2015 342//2015 2170//2015 
f 338//2015 340//2015 2168//2015 
f 336//2015 337//2015 2172//2015 
f 2173//2015 2179//2015 334//2015 
f 317//2015 318//2015 2175//2015 
f 2176//2015 2180//2015 315//2015 
f 2181//2015 2182//2015 313//2015 
f 2182//2015 2183//2015 311//2015 
f 343//2015 345//2015 2178//2015 
f 339//2015 341//2015 2166//2015 
f 334//2015 336//2015 2173//2015 
f 2179//2015 2184//2015 335//2015 
f 2184//2015 2185//2015 332//2015 
f 2185//2015 2186//2015 333//2015 
f 2186//2015 2187//2015 331//2015 
f 2187//2015 2188//2015 330//2015 
f 315//2015 317//2015 2176//2015 
f 2180//2015 2189//2015 316//2015 
f 2189//2015 2181//2015 314//2015 
f 311//2015 313//2015 2182//2015 
f 342//2015 343//2015 2169//2015 
f 335//2015 334//2015 2179//2015 
f 333//2015 332//2015 2185//2015 
f 330//2015 331//2015 2187//2015 
f 2190//2015 2191//2015 326//2015 
f 2191//2015 2192//2015 327//2015 
f 2193//2015 2194//2015 321//2015 
f 2194//2015 2174//2015 319//2015 
f 316//2015 315//2015 2180//2015 
f 313//2015 314//2015 2181//2015 
f 337//2015 338//2015 2171//2015 
f 331//2015 333//2015 2186//2015 
f 2188//2015 2195//2015 328//2015 
f 2195//2015 2190//2015 329//2015 
f 327//2015 326//2015 2191//2015 
f 2192//2015 2196//2015 325//2015 
f 2196//2015 2197//2015 324//2015 
f 2197//2015 2198//2015 322//2015 
f 319//2015 321//2015 2194//2015 
f 314//2015 316//2015 2189//2015 
f 2199//2015 312//2015 311//2015 
f 2199//2015 2200//2015 310//2015 
f 2201//2015 2202//2015 349//2015 
f 2202//2015 2203//2015 347//2015 
f 2204//2015 2205//2015 346//2015 
f 2205//2015 2177//2015 344//2015 
f 332//2015 335//2015 2184//2015 
f 329//2015 328//2015 2195//2015 
f 325//2015 327//2015 2192//2015 
f 322//2015 324//2015 2197//2015 
f 2198//2015 2206//2015 323//2015 
f 2206//2015 2193//2015 320//2015 
f 318//2015 319//2015 2174//2015 
f 310//2015 312//2015 2199//2015 
f 2207//2015 309//2015 310//2015 
f 9//2015 8//2015 309//2015 
f 347//2015 349//2015 2202//2015 
f 2203//2015 2204//2015 348//2015 
f 344//2015 346//2015 2205//2015 
f 328//2015 330//2015 2188//2015 
f 324//2015 325//2015 2196//2015 
f 320//2015 323//2015 2206//2015 
f 311//2015 2183//2015 2199//2015 
f 309//2015 2207//2015 9//2015 
f 348//2015 347//2015 2203//2015 
f 345//2015 344//2015 2177//2015 
f 323//2015 322//2015 2198//2015 
f 310//2015 2200//2015 2207//2015 
f 346//2015 348//2015 2204//2015 
f 321//2015 320//2015 2193//2015 
f 326//2015 329//2015 2190//2015 
f 349//2015 471//2015 2201//2015 
o mesh6
f 2330//2016 250//2017 252//2018 
f 2330//2016 2331//2019 253//2020 
f 2332//2021 260//2022 253//2020 
f 2333//2023 262//2024 260//2022 
f 2333//2023 2334//2025 255//2026 
f 2335//2027 258//2028 255//2026 
f 2336//2029 263//2030 258//2028 
f 2337//2031 265//2032 263//2030 
f 2338//2033 267//2034 265//2032 
f 2339//2035 269//2036 267//2034 
f 2339//2035 2340//2037 296//2038 
f 2341//2039 271//2040 296//2038 
f 2342//2041 274//2042 271//2040 
f 2342//2041 2343//2043 276//2044 
f 2344//2045 278//2046 276//2044 
f 2345//2047 285//2048 278//2046 
f 2345//2047 2346//2049 287//2050 
f 2347//2051 297//2052 287//2050 
f 2348//2053 299//2054 297//2052 
f 2349//2055 289//2056 299//2054 
f 2350//2057 280//2058 289//2056 
f 2351//2059 283//2060 280//2058 
f 2352//2061 300//2062 283//2060 
f 2353//2063 291//2064 300//2062 
f 2353//2063 2354//2065 294//2066 
f 2355//2067 301//2068 294//2066 
f 2356//2069 303//2070 301//2068 
f 2357//2071 305//2072 303//2070 
f 2358//2073 2330//2016 2359//2074 
f 2360//2075 2331//2019 2330//2016 
f 2361//2076 2332//2021 2331//2019 
f 2362//2077 2333//2023 2332//2021 
f 2363//2078 2334//2025 2333//2023 
f 2364//2079 2335//2027 2334//2025 
f 2365//2080 2336//2029 2335//2027 
f 2366//2081 2337//2031 2336//2029 
f 2367//2082 2338//2033 2337//2031 
f 2368//2083 2339//2035 2338//2033 
f 2369//2084 2340//2037 2339//2035 
f 2370//2085 2341//2039 2340//2037 
f 2371//2086 2342//2041 2341//2039 
f 2372//2087 2343//2043 2342//2041 
f 2373//2088 2344//2045 2343//2043 
f 2374//2089 2345//2047 2344//2045 
f 2375//2090 2346//2049 2345//2047 
f 2376//2091 2347//2051 2346//2049 
f 2377//2092 2348//2053 2347//2051 
f 2378//2093 2349//2055 2348//2053 
f 2379//2094 2350//2057 2349//2055 
f 2380//2095 2351//2059 2350//2057 
f 2381//2096 2352//2061 2351//2059 
f 2382//2097 2353//2063 2352//2061 
f 2383//2098 2354//2065 2353//2063 
f 2384//2099 2355//2067 2354//2065 
f 2385//2100 2356//2069 2355//2067 
f 2386//2101 2357//2071 2356//2069 
f 2387//2102 2358//2073 2388//2103 
f 2389//2104 2360//2075 2358//2073 
f 2390//2105 2361//2076 2360//2075 
f 2391//2106 2362//2077 2361//2076 
f 2392//2107 2363//2078 2362//2077 
f 2393//2108 2364//2079 2363//2078 
f 2394//2109 2365//2080 2364//2079 
f 2395//2110 2366//2081 2365//2080 
f 2396//2111 2367//2082 2366//2081 
f 2397//2112 2368//2083 2367//2082 
f 2398//2113 2369//2084 2368//2083 
f 2399//2114 2370//2085 2369//2084 
f 2400//2115 2371//2086 2370//2085 
f 2401//2116 2372//2087 2371//2086 
f 2402//2117 2373//2088 2372//2087 
f 2403//2118 2374//2089 2373//2088 
f 2404//2119 2375//2090 2374//2089 
f 2405//2120 2376//2091 2375//2090 
f 2406//2121 2377//2092 2376//2091 
f 2407//2122 2378//2093 2377//2092 
f 2408//2123 2379//2094 2378//2093 
f 2409//2124 2380//2095 2379//2094 
f 2410//2125 2381//2096 2380//2095 
f 2411//2126 2382//2097 2381//2096 
f 2412//2127 2383//2098 2382//2097 
f 2413//2128 2384//2099 2383//2098 
f 2414//2129 2385//2100 2384//2099 
f 2415//2130 2386//2101 2385//2100 
f 2416//2131 2387//2102 2417//2132 
f 2418//2133 2389//2104 2387//2102 
f 2419//2134 2390//2105 2389//2104 
f 2420//2135 2391//2106 2390//2105 
f 2421//2136 2392//2107 2391//2106 
f 2422//2137 2393//2108 2392//2107 
f 2423//2138 2394//2109 2393//2108 
f 2424//2139 2395//2110 2394//2109 
f 2425//2140 2396//2111 2395//2110 
f 2426//2141 2397//2112 2396//2111 
f 2427//2142 2398//2113 2397//2112 
f 2428//2143 2399//2114 2398//2113 
f 2429//2144 2400//2115 2399//2114 
f 2430//2145 2401//2116 2400//2115 
f 2431//2146 2402//2117 2401//2116 
f 2432//2147 2403//2118 2402//2117 
f 2433//2148 2404//2119 2403//2118 
f 2434//2149 2405//2120 2404//2119 
f 2435//2150 2406//2121 2405//2120 
f 2436//2151 2407//2122 2406//2121 
f 2437//2152 2408//2123 2407//2122 
f 2438//2153 2409//2124 2408//2123 
f 2439//2154 2410//2125 2409//2124 
f 2440//2155 2411//2126 2410//2125 
f 2441//2156 2412//2127 2411//2126 
f 2442//2157 2413//2128 2412//2127 
f 2443//2158 2414//2129 2413//2128 
f 2444//2159 2415//2130 2414//2129 
f 2445//2160 2416//2131 2446//2161 
f 2447//2162 2418//2133 2416//2131 
f 2448//2163 2419//2134 2418//2133 
f 2449//2164 2420//2135 2419//2134 
f 2450//2165 2421//2136 2420//2135 
f 2451//2166 2422//2137 2421//2136 
f 2452//2167 2423//2138 2422//2137 
f 2453//2168 2424//2139 2423//2138 
f 2454//2169 2425//2140 2424//2139 
f 2455//2170 2426//2141 2425//2140 
f 2456//2171 2427//2142 2426//2141 
f 2457//2172 2428//2143 2427//2142 
f 2458//2173 2429//2144 2428//2143 
f 2459//2174 2430//2145 2429//2144 
f 2460//2175 2431//2146 2430//2145 
f 2461//2176 2432//2147 2431//2146 
f 2462//2177 2433//2148 2432//2147 
f 2463//2178 2434//2149 2433//2148 
f 2464//2179 2435//2150 2434//2149 
f 2465//2180 2436//2151 2435//2150 
f 2466//2181 2437//2152 2436//2151 
f 2467//2182 2438//2153 2437//2152 
f 2468//2183 2439//2154 2438//2153 
f 2469//2184 2440//2155 2439//2154 
f 2470//2185 2441//2156 2440//2155 
f 2471//2186 2442//2157 2441//2156 
f 2472//2187 2443//2158 2442//2157 
f 2473//2188 2444//2159 2443//2158 
f 2474//2189 2445//2160 2475//2190 
f 2476//2191 2447//2162 2445//2160 
f 2477//2192 2448//2163 2447//2162 
f 2478//2193 2449//2164 2448//2163 
f 2479//2194 2450//2165 2449//2164 
f 2480//2195 2451//2166 2450//2165 
f 2481//2196 2452//2167 2451//2166 
f 2482//2197 2453//2168 2452//2167 
f 2483//2198 2454//2169 2453//2168 
f 2484//2199 2455//2170 2454//2169 
f 2485//2200 2456//2171 2455//2170 
f 2486//2201 2457//2172 2456//2171 
f 2487//2202 2458//2173 2457//2172 
f 2488//2203 2459//2174 2458//2173 
f 2489//2204 2460//2175 2459//2174 
f 2490//2205 2461//2176 2460//2175 
f 2491//2206 2462//2177 2461//2176 
f 2492//2207 2463//2178 2462//2177 
f 2493//2208 2464//2179 2463//2178 
f 2494//2209 2465//2180 2464//2179 
f 2495//2210 2466//2181 2465//2180 
f 2496//2211 2467//2182 2466//2181 
f 2497//2212 2468//2183 2467//2182 
f 2498//2213 2469//2184 2468//2183 
f 2499//2214 2470//2185 2469//2184 
f 2500//2215 2471//2186 2470//2185 
f 2501//2216 2472//2187 2471//2186 
f 2502//2217 2473//2188 2472//2187 
f 2503//2218 2474//2189 2504//2219 
f 2505//2220 2476//2191 2474//2189 
f 2506//2221 2477//2192 2476//2191 
f 2507//2222 2478//2193 2477//2192 
f 2508//2223 2479//2194 2478//2193 
f 2509//2224 2480//2195 2479//2194 
f 2510//2225 2481//2196 2480//2195 
f 2511//2226 2482//2197 2481//2196 
f 2512//2227 2483//2198 2482//2197 
f 2513//2228 2484//2199 2483//2198 
f 2514//2229 2485//2200 2484//2199 
f 2515//2230 2486//2201 2485//2200 
f 2516//2231 2487//2202 2486//2201 
f 2517//2232 2488//2203 2487//2202 
f 2518//2233 2489//2204 2488//2203 
f 2519//2234 2490//2205 2489//2204 
f 2520//2235 2491//2206 2490//2205 
f 2521//2236 2492//2207 2491//2206 
f 2522//2237 2493//2208 2492//2207 
f 2523//2238 2494//2209 2493//2208 
f 2524//2239 2495//2210 2494//2209 
f 2525//2240 2496//2211 2495//2210 
f 2526//2241 2497//2212 2496//2211 
f 2527//2242 2498//2213 2497//2212 
f 2528//2243 2499//2214 2498//2213 
f 2529//2244 2500//2215 2499//2214 
f 2530//2245 2501//2216 2500//2215 
f 2531//2246 2502//2217 2501//2216 
f 2532//2247 2503//2218 2533//2248 
f 2534//2249 2505//2220 2503//2218 
f 2535//2250 2506//2221 2505//2220 
f 2536//2251 2507//2222 2506//2221 
f 2537//2252 2508//2223 2507//2222 
f 2538//2253 2509//2224 2508//2223 
f 2539//2254 2510//2225 2509//2224 
f 2540//2255 2511//2226 2510//2225 
f 2541//2256 2512//2227 2511//2226 
f 2542//2257 2513//2228 2512//2227 
f 2543//2258 2514//2229 2513//2228 
f 2544//2259 2515//2230 2514//2229 
f 2545//2260 2516//2231 2515//2230 
f 2546//2261 2517//2232 2516//2231 
f 2547//2262 2518//2233 2517//2232 
f 2548//2263 2519//2234 2518//2233 
f 2549//2264 2520//2235 2519//2234 
f 2550//2265 2521//2236 2520//2235 
f 2551//2266 2522//2237 2521//2236 
f 2552//2267 2523//2238 2522//2237 
f 2553//2268 2524//2239 2523//2238 
f 2554//2269 2525//2240 2524//2239 
f 2555//2270 2526//2241 2525//2240 
f 2556//2271 2527//2242 2526//2241 
f 2557//2272 2528//2243 2527//2242 
f 2558//2273 2529//2244 2528//2243 
f 2559//2274 2530//2245 2529//2244 
f 2560//2275 2531//2246 2530//2245 
f 2561//2276 2532//2247 2562//2277 
f 2563//2278 2534//2249 2532//2247 
f 2564//2279 2535//2250 2534//2249 
f 2565//2280 2536//2251 2535//2250 
f 2566//2281 2537//2252 2536//2251 
f 2567//2282 2538//2253 2537//2252 
f 2568//2283 2539//2254 2538//2253 
f 2569//2284 2540//2255 2539//2254 
f 2570//2285 2541//2256 2540//2255 
f 2571//2286 2542//2257 2541//2256 
f 2572//2287 2543//2258 2542//2257 
f 2573//2288 2544//2259 2543//2258 
f 2574//2289 2545//2260 2544//2259 
f 2575//2290 2546//2261 2545//2260 
f 2576//2291 2547//2262 2546//2261 
f 2577//2292 2548//2263 2547//2262 
f 2578//2293 2549//2264 2548//2263 
f 2579//2294 2550//2265 2549//2264 
f 2580//2295 2551//2266 2550//2265 
f 2581//2296 2552//2267 2551//2266 
f 2582//2297 2553//2268 2552//2267 
f 2583//2298 2554//2269 2553//2268 
f 2584//2299 2555//2270 2554//2269 
f 2585//2300 2556//2271 2555//2270 
f 2586//2301 2557//2272 2556//2271 
f 2587//2302 2558//2273 2557//2272 
f 2588//2303 2559//2274 2558//2273 
f 2589//2304 2560//2275 2559//2274 
f 2590//2305 2561//2276 2591//2306 
f 2592//2307 2563//2278 2561//2276 
f 2593//2308 2564//2279 2563//2278 
f 2594//2309 2565//2280 2564//2279 
f 2595//2310 2566//2281 2565//2280 
f 2596//2311 2567//2282 2566//2281 
f 2597//2312 2568//2283 2567//2282 
f 2598//2313 2569//2284 2568//2283 
f 2599//2314 2570//2285 2569//2284 
f 2600//2315 2571//2286 2570//2285 
f 2601//2316 2572//2287 2571//2286 
f 2602//2317 2573//2288 2572//2287 
f 2603//2318 2574//2289 2573//2288 
f 2604//2319 2575//2290 2574//2289 
f 2605//2320 2576//2291 2575//2290 
f 2606//2321 2577//2292 2576//2291 
f 2607//2322 2578//2293 2577//2292 
f 2608//2323 2579//2294 2578//2293 
f 2609//2324 2580//2295 2579//2294 
f 2610//2325 2581//2296 2580//2295 
f 2611//2326 2582//2297 2581//2296 
f 2612//2327 2583//2298 2582//2297 
f 2613//2328 2584//2299 2583//2298 
f 2614//2329 2585//2300 2584//2299 
f 2615//2330 2586//2301 2585//2300 
f 2616//2331 2587//2302 2586//2301 
f 2617//2332 2588//2303 2587//2302 
f 2618//2333 2589//2304 2588//2303 
f 2619//2334 2590//2305 2620//2335 
f 2621//2336 2592//2307 2590//2305 
f 2622//2337 2593//2308 2592//2307 
f 2623//2338 2594//2309 2593//2308 
f 2624//2339 2595//2310 2594//2309 
f 2625//2340 2596//2311 2595//2310 
f 2626//2341 2597//2312 2596//2311 
f 2627//2342 2598//2313 2597//2312 
f 2628//2343 2599//2314 2598//2313 
f 2629//2344 2600//2315 2599//2314 
f 2630//2345 2601//2316 2600//2315 
f 2631//2346 2602//2317 2601//2316 
f 2632//2347 2603//2318 2602//2317 
f 2633//2348 2604//2319 2603//2318 
f 2634//2349 2605//2320 2604//2319 
f 2635//2350 2606//2321 2605//2320 
f 2636//2351 2607//2322 2606//2321 
f 2637//2352 2608//2323 2607//2322 
f 2638//2353 2609//2324 2608//2323 
f 2639//2354 2610//2325 2609//2324 
f 2640//2355 2611//2326 2610//2325 
f 2641//2356 2612//2327 2611//2326 
f 2642//2357 2613//2328 2612//2327 
f 2643//2358 2614//2329 2613//2328 
f 2644//2359 2615//2330 2614//2329 
f 2645//2360 2616//2331 2615//2330 
f 2646//2361 2617//2332 2616//2331 
f 2647//2362 2618//2333 2617//2332 
f 2648//2363 2619//2334 2649//2364 
f 2650//2365 2621//2336 2619//2334 
f 2651//2366 2622//2337 2621//2336 
f 2652//2367 2623//2338 2622//2337 
f 2653//2368 2624//2339 2623//2338 
f 2654//2369 2625//2340 2624//2339 
f 2655//2370 2626//2341 2625//2340 
f 2656//2371 2627//2342 2626//2341 
f 2657//2372 2628//2343 2627//2342 
f 2658//2373 2629//2344 2628//2343 
f 2659//2374 2630//2345 2629//2344 
f 2660//2375 2631//2346 2630//2345 
f 2661//2376 2632//2347 2631//2346 
f 2662//2377 2633//2348 2632//2347 
f 2663//2378 2634//2349 2633//2348 
f 2664//2379 2635//2350 2634//2349 
f 2665//2380 2636//2351 2635//2350 
f 2666//2381 2637//2352 2636//2351 
f 2667//2382 2638//2353 2637//2352 
f 2668//2383 2639//2354 2638//2353 
f 2669//2384 2640//2355 2639//2354 
f 2670//2385 2641//2356 2640//2355 
f 2671//2386 2642//2357 2641//2356 
f 2672//2387 2643//2358 2642//2357 
f 2673//2388 2644//2359 2643//2358 
f 2674//2389 2645//2360 2644//2359 
f 2675//2390 2646//2361 2645//2360 
f 2676//2391 2647//2362 2646//2361 
f 2677//2392 2648//2363 2678//2393 
f 2679//2394 2650//2365 2648//2363 
f 2680//2395 2651//2366 2650//2365 
f 2681//2396 2652//2367 2651//2366 
f 2682//2397 2653//2368 2652//2367 
f 2683//2398 2654//2369 2653//2368 
f 2684//2399 2655//2370 2654//2369 
f 2685//2400 2656//2371 2655//2370 
f 2686//2401 2657//2372 2656//2371 
f 2687//2402 2658//2373 2657//2372 
f 2688//2403 2659//2374 2658//2373 
f 2689//2404 2660//2375 2659//2374 
f 2690//2405 2661//2376 2660//2375 
f 2691//2406 2662//2377 2661//2376 
f 2692//2407 2663//2378 2662//2377 
f 2693//2408 2664//2379 2663//2378 
f 2694//2409 2665//2380 2664//2379 
f 2695//2410 2666//2381 2665//2380 
f 2696//2411 2667//2382 2666//2381 
f 2697//2412 2668//2383 2667//2382 
f 2698//2413 2669//2384 2668//2383 
f 2699//2414 2670//2385 2669//2384 
f 2700//2415 2671//2386 2670//2385 
f 2701//2416 2672//2387 2671//2386 
f 2702//2417 2673//2388 2672//2387 
f 2703//2418 2674//2389 2673//2388 
f 2704//2419 2675//2390 2674//2389 
f 2705//2420 2676//2391 2675//2390 
f 2706//2421 2677//2392 2707//2422 
f 2708//2423 2679//2394 2677//2392 
f 2709//2424 2680//2395 2679//2394 
f 2710//2425 2681//2396 2680//2395 
f 2711//2426 2682//2397 2681//2396 
f 2712//2427 2683//2398 2682//2397 
f 2713//2428 2684//2399 2683//2398 
f 2714//2429 2685//2400 2684//2399 
f 2715//2430 2686//2401 2685//2400 
f 2716//2431 2687//2402 2686//2401 
f 2717//2432 2688//2403 2687//2402 
f 2718//2433 2689//2404 2688//2403 
f 2719//2434 2690//2405 2689//2404 
f 2720//2435 2691//2406 2690//2405 
f 2721//2436 2692//2407 2691//2406 
f 2722//2437 2693//2408 2692//2407 
f 2723//2438 2694//2409 2693//2408 
f 2724//2439 2695//2410 2694//2409 
f 2725//2440 2696//2411 2695//2410 
f 2726//2441 2697//2412 2696//2411 
f 2727//2442 2698//2413 2697//2412 
f 2728//2443 2699//2414 2698//2413 
f 2729//2444 2700//2415 2699//2414 
f 2730//2445 2701//2416 2700//2415 
f 2731//2446 2702//2417 2701//2416 
f 2732//2447 2703//2418 2702//2417 
f 2733//2448 2704//2419 2703//2418 
f 2734//2449 2705//2420 2704//2419 
f 2735//2450 2736//2451 2737//2452 
f 2738//2453 2706//2421 2736//2451 
f 2739//2454 2708//2423 2706//2421 
f 2740//2455 2709//2424 2708//2423 
f 2741//2456 2710//2425 2709//2424 
f 2742//2457 2711//2426 2710//2425 
f 2743//2458 2712//2427 2711//2426 
f 2744//2459 2713//2428 2712//2427 
f 2745//2460 2714//2429 2713//2428 
f 2746//2461 2715//2430 2714//2429 
f 2747//2462 2716//2431 2715//2430 
f 2748//2463 2717//2432 2716//2431 
f 2749//2464 2718//2433 2717//2432 
f 2750//2465 2719//2434 2718//2433 
f 2751//2466 2720//2435 2719//2434 
f 2752//2467 2721//2436 2720//2435 
f 2753//2468 2722//2437 2721//2436 
f 2754//2469 2723//2438 2722//2437 
f 2755//2470 2724//2439 2723//2438 
f 2756//2471 2725//2440 2724//2439 
f 2757//2472 2726//2441 2725//2440 
f 2758//2473 2727//2442 2726//2441 
f 2759//2474 2728//2443 2727//2442 
f 2760//2475 2729//2444 2728//2443 
f 2761//2476 2730//2445 2729//2444 
f 2762//2477 2731//2446 2730//2445 
f 2763//2478 2732//2447 2731//2446 
f 2764//2479 2733//2448 2732//2447 
f 2765//2480 2734//2449 2733//2448 
f 2766//2481 2767//2482 2734//2449 
f 2768//2483 2735//2450 2769//2484 
f 2770//2485 2738//2453 2735//2450 
f 2771//2486 2739//2454 2738//2453 
f 2772//2487 2740//2455 2739//2454 
f 2773//2488 2741//2456 2740//2455 
f 2774//2489 2742//2457 2741//2456 
f 2775//2490 2743//2458 2742//2457 
f 2776//2491 2744//2459 2743//2458 
f 2777//2492 2745//2460 2744//2459 
f 2778//2493 2746//2461 2745//2460 
f 2779//2494 2747//2462 2746//2461 
f 2780//2495 2748//2463 2747//2462 
f 2781//2496 2749//2464 2748//2463 
f 2782//2497 2750//2465 2749//2464 
f 2783//2498 2751//2466 2750//2465 
f 2784//2499 2752//2467 2751//2466 
f 2785//2500 2753//2468 2752//2467 
f 2786//2501 2754//2469 2753//2468 
f 2787//2502 2755//2470 2754//2469 
f 2788//2503 2756//2471 2755//2470 
f 2789//2504 2757//2472 2756//2471 
f 2790//2505 2758//2473 2757//2472 
f 2791//2506 2759//2474 2758//2473 
f 2792//2507 2760//2475 2759//2474 
f 2793//2508 2761//2476 2760//2475 
f 2794//2509 2762//2477 2761//2476 
f 2795//2510 2763//2478 2762//2477 
f 2796//2511 2764//2479 2763//2478 
f 2797//2512 2765//2480 2764//2479 
f 2798//2513 2766//2481 2765//2480 
f 2799//2514 2768//2483 2800//2515 
f 2801//2516 2770//2485 2768//2483 
f 2802//2517 2771//2486 2770//2485 
f 2803//2518 2772//2487 2771//2486 
f 2804//2519 2773//2488 2772//2487 
f 2805//2520 2774//2489 2773//2488 
f 2806//2521 2775//2490 2774//2489 
f 2807//2522 2776//2491 2775//2490 
f 2808//2523 2777//2492 2776//2491 
f 2809//2524 2778//2493 2777//2492 
f 2810//2525 2779//2494 2778//2493 
f 2811//2526 2780//2495 2779//2494 
f 2812//2527 2781//2496 2780//2495 
f 2813//2528 2782//2497 2781//2496 
f 2814//2529 2783//2498 2782//2497 
f 2815//2530 2784//2499 2783//2498 
f 2816//2531 2785//2500 2784//2499 
f 2817//2532 2786//2501 2785//2500 
f 2818//2533 2787//2502 2786//2501 
f 2819//2534 2788//2503 2787//2502 
f 2820//2535 2789//2504 2788//2503 
f 2821//2536 2790//2505 2789//2504 
f 2822//2537 2791//2506 2790//2505 
f 2823//2538 2792//2507 2791//2506 
f 2824//2539 2793//2508 2792//2507 
f 2825//2540 2794//2509 2793//2508 
f 2826//2541 2795//2510 2794//2509 
f 2827//2542 2796//2511 2795//2510 
f 2828//2543 2797//2512 2796//2511 
f 2829//2544 2798//2513 2797//2512 
f 2830//2545 2799//2514 2831//2546 
f 2832//2547 2801//2516 2799//2514 
f 2833//2548 2802//2517 2801//2516 
f 2834//2549 2803//2518 2802//2517 
f 2835//2550 2804//2519 2803//2518 
f 2836//2551 2805//2520 2804//2519 
f 2837//2552 2806//2521 2805//2520 
f 2838//2553 2807//2522 2806//2521 
f 2839//2554 2808//2523 2807//2522 
f 2840//2555 2809//2524 2808//2523 
f 2841//2556 2810//2525 2809//2524 
f 2842//2557 2811//2526 2810//2525 
f 2843//2558 2812//2527 2811//2526 
f 2844//2559 2813//2528 2812//2527 
f 2845//2560 2814//2529 2813//2528 
f 2846//2561 2815//2530 2814//2529 
f 2847//2562 2816//2531 2815//2530 
f 2848//2563 2817//2532 2816//2531 
f 2849//2564 2818//2533 2817//2532 
f 2850//2565 2819//2534 2818//2533 
f 2851//2566 2820//2535 2819//2534 
f 2852//2567 2821//2536 2820//2535 
f 2853//2568 2822//2537 2821//2536 
f 2854//2569 2823//2538 2822//2537 
f 2855//2570 2824//2539 2823//2538 
f 2856//2571 2825//2540 2824//2539 
f 2857//2572 2826//2541 2825//2540 
f 2858//2573 2827//2542 2826//2541 
f 2859//2574 2828//2543 2827//2542 
f 2860//2575 2829//2544 2828//2543 
f 2861//2576 2830//2545 2862//2577 
f 2863//2578 2832//2547 2830//2545 
f 2864//2579 2833//2548 2832//2547 
f 2865//2580 2834//2549 2833//2548 
f 2866//2581 2835//2550 2834//2549 
f 2867//2582 2836//2551 2835//2550 
f 2868//2583 2837//2552 2836//2551 
f 2869//2584 2838//2553 2837//2552 
f 2870//2585 2839//2554 2838//2553 
f 2871//2586 2840//2555 2839//2554 
f 2872//2587 2841//2556 2840//2555 
f 2873//2588 2842//2557 2841//2556 
f 2874//2589 2843//2558 2842//2557 
f 2875//2590 2844//2559 2843//2558 
f 2876//2591 2845//2560 2844//2559 
f 2877//2592 2846//2561 2845//2560 
f 2878//2593 2847//2562 2846//2561 
f 2879//2594 2848//2563 2847//2562 
f 2880//2595 2849//2564 2848//2563 
f 2881//2596 2850//2565 2849//2564 
f 2882//2597 2851//2566 2850//2565 
f 2883//2598 2852//2567 2851//2566 
f 2884//2599 2853//2568 2852//2567 
f 2885//2600 2854//2569 2853//2568 
f 2886//2601 2855//2570 2854//2569 
f 2887//2602 2856//2571 2855//2570 
f 2888//2603 2857//2572 2856//2571 
f 2889//2604 2858//2573 2857//2572 
f 2890//2605 2859//2574 2858//2573 
f 2891//2606 2860//2575 2859//2574 
f 2892//2607 2861//2576 2893//2608 
f 2894//2609 2863//2578 2861//2576 
f 2895//2610 2864//2579 2863//2578 
f 2896//2611 2865//2580 2864//2579 
f 2897//2612 2866//2581 2865//2580 
f 2898//2613 2867//2582 2866//2581 
f 2899//2614 2868//2583 2867//2582 
f 2900//2615 2869//2584 2868//2583 
f 2901//2616 2870//2585 2869//2584 
f 2902//2617 2871//2586 2870//2585 
f 2903//2618 2872//2587 2871//2586 
f 2904//2619 2873//2588 2872//2587 
f 2905//2620 2874//2589 2873//2588 
f 2906//2621 2875//2590 2874//2589 
f 2907//2622 2876//2591 2875//2590 
f 2908//2623 2877//2592 2876//2591 
f 2909//2624 2878//2593 2877//2592 
f 2910//2625 2879//2594 2878//2593 
f 2911//2626 2880//2595 2879//2594 
f 2912//2627 2881//2596 2880//2595 
f 2913//2628 2882//2597 2881//2596 
f 2914//2629 2883//2598 2882//2597 
f 2915//2630 2884//2599 2883//2598 
f 2916//2631 2885//2600 2884//2599 
f 2917//2632 2886//2601 2885//2600 
f 2918//2633 2887//2602 2886//2601 
f 2919//2634 2888//2603 2887//2602 
f 2920//2635 2889//2604 2888//2603 
f 2921//2636 2890//2605 2889//2604 
f 2922//2637 2891//2606 2890//2605 
f 2923//2638 2892//2607 2924//2639 
f 2925//2640 2894//2609 2892//2607 
f 2926//2641 2895//2610 2894//2609 
f 2927//2642 2896//2611 2895//2610 
f 2928//2643 2897//2612 2896//2611 
f 2929//2644 2898//2613 2897//2612 
f 2930//2645 2899//2614 2898//2613 
f 2931//2646 2900//2615 2899//2614 
f 2932//2647 2901//2616 2900//2615 
f 2933//2648 2902//2617 2901//2616 
f 2934//2649 2903//2618 2902//2617 
f 2935//2650 2904//2619 2903//2618 
f 2936//2651 2905//2620 2904//2619 
f 2937//2652 2906//2621 2905//2620 
f 2938//2653 2907//2622 2906//2621 
f 2939//2654 2908//2623 2907//2622 
f 2940//2655 2909//2624 2908//2623 
f 2941//2656 2910//2625 2909//2624 
f 2942//2657 2911//2626 2910//2625 
f 2943//2658 2912//2627 2911//2626 
f 2944//2659 2913//2628 2912//2627 
f 2945//2660 2914//2629 2913//2628 
f 2946//2661 2915//2630 2914//2629 
f 2947//2662 2916//2631 2915//2630 
f 2948//2663 2917//2632 2916//2631 
f 2949//2664 2918//2633 2917//2632 
f 2950//2665 2919//2634 2918//2633 
f 2951//2666 2920//2635 2919//2634 
f 2952//2667 2921//2636 2920//2635 
f 2953//2668 2922//2637 2921//2636 
f 2954//2669 2923//2638 2955//2670 
f 2956//2671 2925//2640 2923//2638 
f 2957//2672 2926//2641 2925//2640 
f 2958//2673 2927//2642 2926//2641 
f 2959//2674 2928//2643 2927//2642 
f 2960//2675 2929//2644 2928//2643 
f 2961//2676 2930//2645 2929//2644 
f 2962//2677 2931//2646 2930//2645 
f 2963//2678 2932//2647 2931//2646 
f 2964//2679 2933//2648 2932//2647 
f 2965//2680 2934//2649 2933//2648 
f 2966//2681 2935//2650 2934//2649 
f 2967//2682 2936//2651 2935//2650 
f 2968//2683 2937//2652 2936//2651 
f 2969//2684 2938//2653 2937//2652 
f 2970//2685 2939//2654 2938//2653 
f 2971//2686 2940//2655 2939//2654 
f 2972//2687 2941//2656 2940//2655 
f 2973//2688 2942//2657 2941//2656 
f 2974//2689 2943//2658 2942//2657 
f 2975//2690 2944//2659 2943//2658 
f 2976//2691 2945//2660 2944//2659 
f 2977//2692 2946//2661 2945//2660 
f 2978//2693 2947//2662 2946//2661 
f 2979//2694 2948//2663 2947//2662 
f 2980//2695 2949//2664 2948//2663 
f 2981//2696 2950//2665 2949//2664 
f 2982//2697 2951//2666 2950//2665 
f 2983//2698 2952//2667 2951//2666 
f 2984//2699 2953//2668 2952//2667 
f 2985//2700 2986//2701 2987//2702 
f 2988//2703 2954//2669 2986//2701 
f 2989//2704 2956//2671 2954//2669 
f 2990//2705 2957//2672 2956//2671 
f 2991//2706 2958//2673 2957//2672 
f 2992//2707 2959//2674 2958//2673 
f 2993//2708 2960//2675 2959//2674 
f 2994//2709 2961//2676 2960//2675 
f 2995//2710 2962//2677 2961//2676 
f 2996//2711 2963//2678 2962//2677 
f 2997//2712 2964//2679 2963//2678 
f 2998//2713 2965//2680 2964//2679 
f 2999//2714 2966//2681 2965//2680 
f 3000//2715 2967//2682 2966//2681 
f 3001//2716 2968//2683 2967//2682 
f 3002//2717 2969//2684 2968//2683 
f 3003//2718 2970//2685 2969//2684 
f 3004//2719 2971//2686 2970//2685 
f 3005//2720 2972//2687 2971//2686 
f 3006//2721 2973//2688 2972//2687 
f 3007//2722 2974//2689 2973//2688 
f 3008//2723 2975//2690 2974//2689 
f 3009//2724 2976//2691 2975//2690 
f 3010//2725 2977//2692 2976//2691 
f 3011//2726 2978//2693 2977//2692 
f 3012//2727 2979//2694 2978//2693 
f 3013//2728 2980//2695 2979//2694 
f 3014//2729 2981//2696 2980//2695 
f 3015//2730 2982//2697 2981//2696 
f 3016//2731 2983//2698 2982//2697 
f 3017//2732 2984//2699 2983//2698 
f 3018//2733 3019//2734 2984//2699 
f 3020//2735 2985//2700 3021//2736 
f 3022//2737 2988//2703 2985//2700 
f 3023//2738 2989//2704 2988//2703 
f 3024//2739 2990//2705 2989//2704 
f 3025//2740 2991//2706 2990//2705 
f 3026//2741 2992//2707 2991//2706 
f 3027//2742 2993//2708 2992//2707 
f 3028//2743 2994//2709 2993//2708 
f 3029//2744 2995//2710 2994//2709 
f 3030//2745 2996//2711 2995//2710 
f 3031//2746 2997//2712 2996//2711 
f 3032//2747 2998//2713 2997//2712 
f 3033//2748 2999//2714 2998//2713 
f 3034//2749 3000//2715 2999//2714 
f 3035//2750 3001//2716 3000//2715 
f 3036//2751 3002//2717 3001//2716 
f 3037//2752 3003//2718 3002//2717 
f 3038//2753 3004//2719 3003//2718 
f 3039//2754 3005//2720 3004//2719 
f 3040//2755 3006//2721 3005//2720 
f 3041//2756 3007//2722 3006//2721 
f 3042//2757 3008//2723 3007//2722 
f 3043//2758 3009//2724 3008//2723 
f 3044//2759 3010//2725 3009//2724 
f 3045//2760 3011//2726 3010//2725 
f 3046//2761 3012//2727 3011//2726 
f 3047//2762 3013//2728 3012//2727 
f 3048//2763 3014//2729 3013//2728 
f 3049//2764 3015//2730 3014//2729 
f 3050//2765 3016//2731 3015//2730 
f 3051//2766 3017//2732 3016//2731 
f 3052//2767 3018//2733 3017//2732 
f 3053//2768 3020//2735 3054//2769 
f 3055//2770 3022//2737 3020//2735 
f 3056//2771 3023//2738 3022//2737 
f 3057//2772 3024//2739 3023//2738 
f 3058//2773 3025//2740 3024//2739 
f 3059//2774 3026//2741 3025//2740 
f 3060//2775 3027//2742 3026//2741 
f 3061//2776 3028//2743 3027//2742 
f 3062//2777 3029//2744 3028//2743 
f 3063//2778 3030//2745 3029//2744 
f 3064//2779 3031//2746 3030//2745 
f 3065//2780 3032//2747 3031//2746 
f 3066//2781 3033//2748 3032//2747 
f 3067//2782 3034//2749 3033//2748 
f 3068//2783 3035//2750 3034//2749 
f 3069//2784 3036//2751 3035//2750 
f 3070//2785 3037//2752 3036//2751 
f 3071//2786 3038//2753 3037//2752 
f 3072//2787 3039//2754 3038//2753 
f 3073//2788 3040//2755 3039//2754 
f 3074//2789 3041//2756 3040//2755 
f 3075//2790 3042//2757 3041//2756 
f 3076//2791 3043//2758 3042//2757 
f 3077//2792 3044//2759 3043//2758 
f 3078//2793 3045//2760 3044//2759 
f 3079//2794 3046//2761 3045//2760 
f 3080//2795 3047//2762 3046//2761 
f 3081//2796 3048//2763 3047//2762 
f 3082//2797 3049//2764 3048//2763 
f 3083//2798 3050//2765 3049//2764 
f 3084//2799 3051//2766 3050//2765 
f 3085//2800 3052//2767 3051//2766 
f 3086//2801 3053//2768 3087//2802 
f 3088//2803 3055//2770 3053//2768 
f 3089//2804 3056//2771 3055//2770 
f 3090//2805 3057//2772 3056//2771 
f 3091//2806 3058//2773 3057//2772 
f 3092//2807 3059//2774 3058//2773 
f 3093//2808 3060//2775 3059//2774 
f 3094//2809 3061//2776 3060//2775 
f 3095//2810 3062//2777 3061//2776 
f 3096//2811 3063//2778 3062//2777 
f 3097//2812 3064//2779 3063//2778 
f 3098//2813 3065//2780 3064//2779 
f 3099//2814 3066//2781 3065//2780 
f 3100//2815 3067//2782 3066//2781 
f 3101//2816 3068//2783 3067//2782 
f 3102//2817 3069//2784 3068//2783 
f 3103//2818 3070//2785 3069//2784 
f 3104//2819 3071//2786 3070//2785 
f 3105//2820 3072//2787 3071//2786 
f 3106//2821 3073//2788 3072//2787 
f 3107//2822 3074//2789 3073//2788 
f 3108//2823 3075//2790 3074//2789 
f 3109//2824 3076//2791 3075//2790 
f 3110//2825 3077//2792 3076//2791 
f 3111//2826 3078//2793 3077//2792 
f 3112//2827 3079//2794 3078//2793 
f 3113//2828 3080//2795 3079//2794 
f 3114//2829 3081//2796 3080//2795 
f 3115//2830 3082//2797 3081//2796 
f 3116//2831 3083//2798 3082//2797 
f 3117//2832 3084//2799 3083//2798 
f 3118//2833 3085//2800 3084//2799 
f 3119//2834 3086//2801 3120//2835 
f 3121//2836 3088//2803 3086//2801 
f 3122//2837 3089//2804 3088//2803 
f 3123//2838 3090//2805 3089//2804 
f 3124//2839 3091//2806 3090//2805 
f 3125//2840 3092//2807 3091//2806 
f 3126//2841 3093//2808 3092//2807 
f 3127//2842 3094//2809 3093//2808 
f 3128//2843 3095//2810 3094//2809 
f 3129//2844 3096//2811 3095//2810 
f 3130//2845 3097//2812 3096//2811 
f 3131//2846 3098//2813 3097//2812 
f 3132//2847 3099//2814 3098//2813 
f 3133//2848 3100//2815 3099//2814 
f 3134//2849 3101//2816 3100//2815 
f 3135//2850 3102//2817 3101//2816 
f 3136//2851 3103//2818 3102//2817 
f 3137//2852 3104//2819 3103//2818 
f 3138//2853 3105//2820 3104//2819 
f 3139//2854 3106//2821 3105//2820 
f 3140//2855 3107//2822 3106//2821 
f 3141//2856 3108//2823 3107//2822 
f 3142//2857 3109//2824 3108//2823 
f 3143//2858 3110//2825 3109//2824 
f 3144//2859 3111//2826 3110//2825 
f 3145//2860 3112//2827 3111//2826 
f 3146//2861 3113//2828 3112//2827 
f 3147//2862 3114//2829 3113//2828 
f 3148//2863 3115//2830 3114//2829 
f 3149//2864 3116//2831 3115//2830 
f 3150//2865 3117//2832 3116//2831 
f 3151//2866 3118//2833 3117//2832 
f 3152//2867 3119//2834 3153//2868 
f 3154//2869 3121//2836 3119//2834 
f 3155//2870 3122//2837 3121//2836 
f 3156//2871 3123//2838 3122//2837 
f 3157//2872 3124//2839 3123//2838 
f 3158//2873 3125//2840 3124//2839 
f 3159//2874 3126//2841 3125//2840 
f 3160//2875 3127//2842 3126//2841 
f 3161//2876 3128//2843 3127//2842 
f 3162//2877 3129//2844 3128//2843 
f 3163//2878 3130//2845 3129//2844 
f 3164//2879 3131//2846 3130//2845 
f 3165//2880 3132//2847 3131//2846 
f 3166//2881 3133//2848 3132//2847 
f 3167//2882 3134//2849 3133//2848 
f 3168//2883 3135//2850 3134//2849 
f 3169//2884 3136//2851 3135//2850 
f 3170//2885 3137//2852 3136//2851 
f 3171//2886 3138//2853 3137//2852 
f 3172//2887 3139//2854 3138//2853 
f 3173//2888 3140//2855 3139//2854 
f 3174//2889 3141//2856 3140//2855 
f 3175//2890 3142//2857 3141//2856 
f 3176//2891 3143//2858 3142//2857 
f 3177//2892 3144//2859 3143//2858 
f 3178//2893 3145//2860 3144//2859 
f 3179//2894 3146//2861 3145//2860 
f 3180//2895 3147//2862 3146//2861 
f 3181//2896 3148//2863 3147//2862 
f 3182//2897 3149//2864 3148//2863 
f 3183//2898 3150//2865 3149//2864 
f 3184//2899 3151//2866 3150//2865 
f 3185//2900 3152//2867 3186//2901 
f 3187//2902 3154//2869 3152//2867 
f 3188//2903 3155//2870 3154//2869 
f 3189//2904 3156//2871 3155//2870 
f 3190//2905 3157//2872 3156//2871 
f 3191//2906 3158//2873 3157//2872 
f 3192//2907 3159//2874 3158//2873 
f 3193//2908 3160//2875 3159//2874 
f 3194//2909 3161//2876 3160//2875 
f 3195//2910 3162//2877 3161//2876 
f 3196//2911 3163//2878 3162//2877 
f 3197//2912 3164//2879 3163//2878 
f 3198//2913 3165//2880 3164//2879 
f 3199//2914 3166//2881 3165//2880 
f 3200//2915 3167//2882 3166//2881 
f 3201//2916 3168//2883 3167//2882 
f 3202//2917 3169//2884 3168//2883 
f 3203//2918 3170//2885 3169//2884 
f 3204//2919 3171//2886 3170//2885 
f 3205//2920 3172//2887 3171//2886 
f 3206//2921 3173//2888 3172//2887 
f 3207//2922 3174//2889 3173//2888 
f 3208//2923 3175//2890 3174//2889 
f 3209//2924 3176//2891 3175//2890 
f 3210//2925 3177//2892 3176//2891 
f 3211//2926 3178//2893 3177//2892 
f 3212//2927 3179//2894 3178//2893 
f 3213//2928 3180//2895 3179//2894 
f 3214//2929 3181//2896 3180//2895 
f 3215//2930 3182//2897 3181//2896 
f 3216//2931 3183//2898 3182//2897 
f 3217//2932 3184//2899 3183//2898 
f 3218//2933 3219//2934 3220//2935 
f 3221//2936 3185//2900 3219//2934 
f 3222//2937 3187//2902 3185//2900 
f 3223//2938 3188//2903 3187//2902 
f 3224//2939 3189//2904 3188//2903 
f 3225//2940 3190//2905 3189//2904 
f 3226//2941 3191//2906 3190//2905 
f 3227//2942 3192//2907 3191//2906 
f 3228//2943 3193//2908 3192//2907 
f 3229//2944 3194//2909 3193//2908 
f 3230//2945 3195//2910 3194//2909 
f 3231//2946 3196//2911 3195//2910 
f 3232//2947 3197//2912 3196//2911 
f 3233//2948 3198//2913 3197//2912 
f 3234//2949 3199//2914 3198//2913 
f 3235//2950 3200//2915 3199//2914 
f 3236//2951 3201//2916 3200//2915 
f 3237//2952 3202//2917 3201//2916 
f 3238//2953 3203//2918 3202//2917 
f 3239//2954 3204//2919 3203//2918 
f 3240//2955 3205//2920 3204//2919 
f 3241//2956 3206//2921 3205//2920 
f 3242//2957 3207//2922 3206//2921 
f 3243//2958 3208//2923 3207//2922 
f 3244//2959 3209//2924 3208//2923 
f 3245//2960 3210//2925 3209//2924 
f 3246//2961 3211//2926 3210//2925 
f 3247//2962 3212//2927 3211//2926 
f 3248//2963 3213//2928 3212//2927 
f 3249//2964 3214//2929 3213//2928 
f 3250//2965 3215//2930 3214//2929 
f 3251//2966 3216//2931 3215//2930 
f 3252//2967 3217//2932 3216//2931 
f 3253//2968 3254//2969 3217//2932 
f 3255//2970 3218//2933 3256//2971 
f 3257//2972 3221//2936 3218//2933 
f 3258//2973 3222//2937 3221//2936 
f 3259//2974 3223//2938 3222//2937 
f 3260//2975 3224//2939 3223//2938 
f 3261//2976 3225//2940 3224//2939 
f 3262//2977 3226//2941 3225//2940 
f 3263//2978 3227//2942 3226//2941 
f 3264//2979 3228//2943 3227//2942 
f 3265//2980 3229//2944 3228//2943 
f 3266//2981 3230//2945 3229//2944 
f 3267//2982 3231//2946 3230//2945 
f 3268//2983 3232//2947 3231//2946 
f 3269//2984 3233//2948 3232//2947 
f 3270//2985 3234//2949 3233//2948 
f 3271//2986 3235//2950 3234//2949 
f 3272//2987 3236//2951 3235//2950 
f 3273//2988 3237//2952 3236//2951 
f 3274//2989 3238//2953 3237//2952 
f 3275//2990 3239//2954 3238//2953 
f 3276//2991 3240//2955 3239//2954 
f 3277//2992 3241//2956 3240//2955 
f 3278//2993 3242//2957 3241//2956 
f 3279//2994 3243//2958 3242//2957 
f 3280//2995 3244//2959 3243//2958 
f 3281//2996 3245//2960 3244//2959 
f 3282//2997 3246//2961 3245//2960 
f 3283//2998 3247//2962 3246//2961 
f 3284//2999 3248//2963 3247//2962 
f 3285//3000 3249//2964 3248//2963 
f 3286//3001 3250//2965 3249//2964 
f 3287//3002 3251//2966 3250//2965 
f 3288//3003 3252//2967 3251//2966 
f 3289//3004 3253//2968 3252//2967 
f 3290//3005 3255//2970 3291//3006 
f 3292//3007 3257//2972 3255//2970 
f 3293//3008 3258//2973 3257//2972 
f 3294//3009 3259//2974 3258//2973 
f 3295//3010 3260//2975 3259//2974 
f 3296//3011 3261//2976 3260//2975 
f 3297//3012 3262//2977 3261//2976 
f 3298//3013 3263//2978 3262//2977 
f 3299//3014 3264//2979 3263//2978 
f 3300//3015 3265//2980 3264//2979 
f 3301//3016 3266//2981 3265//2980 
f 3302//3017 3267//2982 3266//2981 
f 3303//3018 3268//2983 3267//2982 
f 3304//3019 3269//2984 3268//2983 
f 3305//3020 3270//2985 3269//2984 
f 3306//3021 3271//2986 3270//2985 
f 3307//3022 3272//2987 3271//2986 
f 3308//3023 3273//2988 3272//2987 
f 3309//3024 3274//2989 3273//2988 
f 3310//3025 3275//2990 3274//2989 
f 3311//3026 3276//2991 3275//2990 
f 3312//3027 3277//2992 3276//2991 
f 3313//3028 3278//2993 3277//2992 
f 3314//3029 3279//2994 3278//2993 
f 3315//3030 3280//2995 3279//2994 
f 3316//3031 3281//2996 3280//2995 
f 3317//3032 3282//2997 3281//2996 
f 3318//3033 3283//2998 3282//2997 
f 3319//3034 3284//2999 3283//2998 
f 3320//3035 3285//3000 3284//2999 
f 3321//3036 3286//3001 3285//3000 
f 3322//3037 3287//3002 3286//3001 
f 3323//3038 3288//3003 3287//3002 
f 3324//3039 3289//3004 3288//3003 
f 3325//3040 3290//3005 3326//3041 
f 3327//3042 3292//3007 3290//3005 
f 3328//3043 3293//3008 3292//3007 
f 3329//3044 3294//3009 3293//3008 
f 3330//3045 3295//3010 3294//3009 
f 3331//3046 3296//3011 3295//3010 
f 3332//3047 3297//3012 3296//3011 
f 3333//3048 3298//3013 3297//3012 
f 3334//3049 3299//3014 3298//3013 
f 3335//3050 3300//3015 3299//3014 
f 3336//3051 3301//3016 3300//3015 
f 3337//3052 3302//3017 3301//3016 
f 3338//3053 3303//3018 3302//3017 
f 3339//3054 3304//3019 3303//3018 
f 3340//3055 3305//3020 3304//3019 
f 3341//3056 3306//3021 3305//3020 
f 3342//3057 3307//3022 3306//3021 
f 3343//3058 3308//3023 3307//3022 
f 3344//3059 3309//3024 3308//3023 
f 3345//3060 3310//3025 3309//3024 
f 3346//3061 3311//3026 3310//3025 
f 3347//3062 3312//3027 3311//3026 
f 3348//3063 3313//3028 3312//3027 
f 3349//3064 3314//3029 3313//3028 
f 3350//3065 3315//3030 3314//3029 
f 3351//3066 3316//3031 3315//3030 
f 3352//3067 3317//3032 3316//3031 
f 3353//3068 3318//3033 3317//3032 
f 3354//3069 3319//3034 3318//3033 
f 3355//3070 3320//3035 3319//3034 
f 3356//3071 3321//3036 3320//3035 
f 3357//3072 3322//3037 3321//3036 
f 3358//3073 3323//3038 3322//3037 
f 3359//3074 3324//3039 3323//3038 
f 3360//3075 3325//3040 3361//3076 
f 3362//3077 3327//3042 3325//3040 
f 3363//3078 3328//3043 3327//3042 
f 3364//3079 3329//3044 3328//3043 
f 3365//3080 3330//3045 3329//3044 
f 3366//3081 3331//3046 3330//3045 
f 3367//3082 3332//3047 3331//3046 
f 3368//3083 3333//3048 3332//3047 
f 3369//3084 3334//3049 3333//3048 
f 3370//3085 3335//3050 3334//3049 
f 3371//3086 3336//3051 3335//3050 
f 3372//3087 3337//3052 3336//3051 
f 3373//3088 3338//3053 3337//3052 
f 3374//3089 3339//3054 3338//3053 
f 3375//3090 3340//3055 3339//3054 
f 3376//3091 3341//3056 3340//3055 
f 3377//3092 3342//3057 3341//3056 
f 3378//3093 3343//3058 3342//3057 
f 3379//3094 3344//3059 3343//3058 
f 3380//3095 3345//3060 3344//3059 
f 3381//3096 3346//3061 3345//3060 
f 3382//3097 3347//3062 3346//3061 
f 3383//3098 3348//3063 3347//3062 
f 3384//3099 3349//3064 3348//3063 
f 3385//3100 3350//3065 3349//3064 
f 3386//3101 3351//3066 3350//3065 
f 3387//3102 3352//3067 3351//3066 
f 3388//3103 3353//3068 3352//3067 
f 3389//3104 3354//3069 3353//3068 
f 3390//3105 3355//3070 3354//3069 
f 3391//3106 3356//3071 3355//3070 
f 3392//3107 3357//3072 3356//3071 
f 3393//3108 3358//3073 3357//3072 
f 3394//3109 3359//3074 3358//3073 
f 3395//3110 3360//3075 3396//3111 
f 3397//3112 3362//3077 3360//3075 
f 3398//3113 3363//3078 3362//3077 
f 3399//3114 3364//3079 3363//3078 
f 3400//3115 3365//3080 3364//3079 
f 3401//3116 3366//3081 3365//3080 
f 3402//3117 3367//3082 3366//3081 
f 3403//3118 3368//3083 3367//3082 
f 3404//3119 3369//3084 3368//3083 
f 3405//3120 3370//3085 3369//3084 
f 3406//3121 3371//3086 3370//3085 
f 3407//3122 3372//3087 3371//3086 
f 3408//3123 3373//3088 3372//3087 
f 3409//3124 3374//3089 3373//3088 
f 3410//3125 3375//3090 3374//3089 
f 3411//3126 3376//3091 3375//3090 
f 3412//3127 3377//3092 3376//3091 
f 3413//3128 3378//3093 3377//3092 
f 3414//3129 3379//3094 3378//3093 
f 3415//3130 3380//3095 3379//3094 
f 3416//3131 3381//3096 3380//3095 
f 3417//3132 3382//3097 3381//3096 
f 3418//3133 3383//3098 3382//3097 
f 3419//3134 3384//3099 3383//3098 
f 3420//3135 3385//3100 3384//3099 
f 3421//3136 3386//3101 3385//3100 
f 3422//3137 3387//3102 3386//3101 
f 3423//3138 3388//3103 3387//3102 
f 3424//3139 3389//3104 3388//3103 
f 3425//3140 3390//3105 3389//3104 
f 3426//3141 3391//3106 3390//3105 
f 3427//3142 3392//3107 3391//3106 
f 3428//3143 3393//3108 3392//3107 
f 3429//3144 3394//3109 3393//3108 
f 3430//3145 3431//3146 3432//3147 
f 3433//3148 3395//3110 3431//3146 
f 3434//3149 3397//3112 3395//3110 
f 3435//3150 3398//3113 3397//3112 
f 3436//3151 3399//3114 3398//3113 
f 3437//3152 3400//3115 3399//3114 
f 3438//3153 3401//3116 3400//3115 
f 3439//3154 3402//3117 3401//3116 
f 3440//3155 3403//3118 3402//3117 
f 3441//3156 3404//3119 3403//3118 
f 3442//3157 3405//3120 3404//3119 
f 3443//3158 3406//3121 3405//3120 
f 3444//3159 3407//3122 3406//3121 
f 3445//3160 3408//3123 3407//3122 
f 3446//3161 3409//3124 3408//3123 
f 3447//3162 3410//3125 3409//3124 
f 3448//3163 3411//3126 3410//3125 
f 3449//3164 3412//3127 3411//3126 
f 3450//3165 3413//3128 3412//3127 
f 3451//3166 3414//3129 3413//3128 
f 3452//3167 3415//3130 3414//3129 
f 3453//3168 3416//3131 3415//3130 
f 3454//3169 3417//3132 3416//3131 
f 3455//3170 3418//3133 3417//3132 
f 3456//3171 3419//3134 3418//3133 
f 3457//3172 3420//3135 3419//3134 
f 3458//3173 3421//3136 3420//3135 
f 3459//3174 3422//3137 3421//3136 
f 3460//3175 3423//3138 3422//3137 
f 3461//3176 3424//3139 3423//3138 
f 3462//3177 3425//3140 3424//3139 
f 3463//3178 3426//3141 3425//3140 
f 3464//3179 3427//3142 3426//3141 
f 3465//3180 3428//3143 3427//3142 
f 3466//3181 3429//3144 3428//3143 
f 3467//3182 3468//3183 3429//3144 
f 3469//3184 3430//3145 3470//3185 
f 3471//3186 3433//3148 3430//3145 
f 3472//3187 3434//3149 3433//3148 
f 3473//3188 3435//3150 3434//3149 
f 3474//3189 3436//3151 3435//3150 
f 3475//3190 3437//3152 3436//3151 
f 3476//3191 3438//3153 3437//3152 
f 3477//3192 3439//3154 3438//3153 
f 3478//3193 3440//3155 3439//3154 
f 3479//3194 3441//3156 3440//3155 
f 3480//3195 3442//3157 3441//3156 
f 3481//3196 3443//3158 3442//3157 
f 3482//3197 3444//3159 3443//3158 
f 3483//3198 3445//3160 3444//3159 
f 3484//3199 3446//3161 3445//3160 
f 3485//3200 3447//3162 3446//3161 
f 3486//3201 3448//3163 3447//3162 
f 3487//3202 3449//3164 3448//3163 
f 3488//3203 3450//3165 3449//3164 
f 3489//3204 3451//3166 3450//3165 
f 3490//3205 3452//3167 3451//3166 
f 3491//3206 3453//3168 3452//3167 
f 3492//3207 3454//3169 3453//3168 
f 3493//3208 3455//3170 3454//3169 
f 3494//3209 3456//3171 3455//3170 
f 3495//3210 3457//3172 3456//3171 
f 3496//3211 3458//3173 3457//3172 
f 3497//3212 3459//3174 3458//3173 
f 3498//3213 3460//3175 3459//3174 
f 3499//3214 3461//3176 3460//3175 
f 3500//3215 3462//3177 3461//3176 
f 3501//3216 3463//3178 3462//3177 
f 3502//3217 3464//3179 3463//3178 
f 3503//3218 3465//3180 3464//3179 
f 3504//3219 3466//3181 3465//3180 
f 3505//3220 3467//3182 3466//3181 
f 3506//3221 3469//3184 3507//3222 
f 3508//3223 3471//3186 3469//3184 
f 3509//3224 3472//3187 3471//3186 
f 3510//3225 3473//3188 3472//3187 
f 3511//3226 3474//3189 3473//3188 
f 3512//3227 3475//3190 3474//3189 
f 3513//3228 3476//3191 3475//3190 
f 3514//3229 3477//3192 3476//3191 
f 3515//3230 3478//3193 3477//3192 
f 3516//3231 3479//3194 3478//3193 
f 3517//3232 3480//3195 3479//3194 
f 3518//3233 3481//3196 3480//3195 
f 3519//3234 3482//3197 3481//3196 
f 3520//3235 3483//3198 3482//3197 
f 3521//3236 3484//3199 3483//3198 
f 3522//3237 3485//3200 3484//3199 
f 3523//3238 3486//3201 3485//3200 
f 3524//3239 3487//3202 3486//3201 
f 3525//3240 3488//3203 3487//3202 
f 3526//3241 3489//3204 3488//3203 
f 3527//3242 3490//3205 3489//3204 
f 3528//3243 3491//3206 3490//3205 
f 3529//3244 3492//3207 3491//3206 
f 3530//3245 3493//3208 3492//3207 
f 3531//3246 3494//3209 3493//3208 
f 3532//3247 3495//3210 3494//3209 
f 3533//3248 3496//3211 3495//3210 
f 3534//3249 3497//3212 3496//3211 
f 3535//3250 3498//3213 3497//3212 
f 3536//3251 3499//3214 3498//3213 
f 3537//3252 3500//3215 3499//3214 
f 3538//3253 3501//3216 3500//3215 
f 3539//3254 3502//3217 3501//3216 
f 3540//3255 3503//3218 3502//3217 
f 3541//3256 3504//3219 3503//3218 
f 3542//3257 3505//3220 3504//3219 
f 3543//3258 3506//3221 3544//3259 
f 3545//3260 3508//3223 3506//3221 
f 3546//3261 3509//3224 3508//3223 
f 3547//3262 3510//3225 3509//3224 
f 3548//3263 3511//3226 3510//3225 
f 3549//3264 3512//3227 3511//3226 
f 3550//3265 3513//3228 3512//3227 
f 3551//3266 3514//3229 3513//3228 
f 3552//3267 3515//3230 3514//3229 
f 3553//3268 3516//3231 3515//3230 
f 3554//3269 3517//3232 3516//3231 
f 3555//3270 3518//3233 3517//3232 
f 3556//3271 3519//3234 3518//3233 
f 3557//3272 3520//3235 3519//3234 
f 3558//3273 3521//3236 3520//3235 
f 3559//3274 3522//3237 3521//3236 
f 3560//3275 3523//3238 3522//3237 
f 3561//3276 3524//3239 3523//3238 
f 3562//3277 3525//3240 3524//3239 
f 3563//3278 3526//3241 3525//3240 
f 3564//3279 3527//3242 3526//3241 
f 3565//3280 3528//3243 3527//3242 
f 3566//3281 3529//3244 3528//3243 
f 3567//3282 3530//3245 3529//3244 
f 3568//3283 3531//3246 3530//3245 
f 3569//3284 3532//3247 3531//3246 
f 3570//3285 3533//3248 3532//3247 
f 3571//3286 3534//3249 3533//3248 
f 3572//3287 3535//3250 3534//3249 
f 3573//3288 3536//3251 3535//3250 
f 3574//3289 3537//3252 3536//3251 
f 3575//3290 3538//3253 3537//3252 
f 3576//3291 3539//3254 3538//3253 
f 3577//3292 3540//3255 3539//3254 
f 3578//3293 3541//3256 3540//3255 
f 3579//3294 3542//3257 3541//3256 
f 3580//3295 3543//3258 3581//3296 
f 3582//3297 3545//3260 3543//3258 
f 3583//3298 3546//3261 3545//3260 
f 3584//3299 3547//3262 3546//3261 
f 3585//3300 3548//3263 3547//3262 
f 3586//3301 3549//3264 3548//3263 
f 3587//3302 3550//3265 3549//3264 
f 3588//3303 3551//3266 3550//3265 
f 3589//3304 3552//3267 3551//3266 
f 3590//3305 3553//3268 3552//3267 
f 3591//3306 3554//3269 3553//3268 
f 3592//3307 3555//3270 3554//3269 
f 3593//3308 3556//3271 3555//3270 
f 3594//3309 3557//3272 3556//3271 
f 3595//3310 3558//3273 3557//3272 
f 3596//3311 3559//3274 3558//3273 
f 3597//3312 3560//3275 3559//3274 
f 3598//3313 3561//3276 3560//3275 
f 3599//3314 3562//3277 3561//3276 
f 3600//3315 3563//3278 3562//3277 
f 3601//3316 3564//3279 3563//3278 
f 3602//3317 3565//3280 3564//3279 
f 3603//3318 3566//3281 3565//3280 
f 3604//3319 3567//3282 3566//3281 
f 3605//3320 3568//3283 3567//3282 
f 3606//3321 3569//3284 3568//3283 
f 3607//3322 3570//3285 3569//3284 
f 3608//3323 3571//3286 3570//3285 
f 3609//3324 3572//3287 3571//3286 
f 3610//3325 3573//3288 3572//3287 
f 3611//3326 3574//3289 3573//3288 
f 3612//3327 3575//3290 3574//3289 
f 3613//3328 3576//3291 3575//3290 
f 3614//3329 3577//3292 3576//3291 
f 3615//3330 3578//3293 3577//3292 
f 3616//3331 3579//3294 3578//3293 
f 3617//3332 3618//3333 3619//3334 
f 3620//3335 3580//3295 3618//3333 
f 3621//3336 3582//3297 3580//3295 
f 3622//3337 3583//3298 3582//3297 
f 3623//3338 3584//3299 3583//3298 
f 3624//3339 3585//3300 3584//3299 
f 3625//3340 3586//3301 3585//3300 
f 3626//3341 3587//3302 3586//3301 
f 3627//3342 3588//3303 3587//3302 
f 3628//3343 3589//3304 3588//3303 
f 3629//3344 3590//3305 3589//3304 
f 3630//3345 3591//3306 3590//3305 
f 3631//3346 3592//3307 3591//3306 
f 3632//3347 3593//3308 3592//3307 
f 3633//3348 3594//3309 3593//3308 
f 3634//3349 3595//3310 3594//3309 
f 3635//3350 3596//3311 3595//3310 
f 3636//3351 3597//3312 3596//3311 
f 3637//3352 3598//3313 3597//3312 
f 3638//3353 3599//3314 3598//3313 
f 3639//3354 3600//3315 3599//3314 
f 3640//3355 3601//3316 3600//3315 
f 3641//3356 3602//3317 3601//3316 
f 3642//3357 3603//3318 3602//3317 
f 3643//3358 3604//3319 3603//3318 
f 3644//3359 3605//3320 3604//3319 
f 3645//3360 3606//3321 3605//3320 
f 3646//3361 3607//3322 3606//3321 
f 3647//3362 3608//3323 3607//3322 
f 3648//3363 3609//3324 3608//3323 
f 3649//3364 3610//3325 3609//3324 
f 3650//3365 3611//3326 3610//3325 
f 3651//3366 3612//3327 3611//3326 
f 3652//3367 3613//3328 3612//3327 
f 3653//3368 3614//3329 3613//3328 
f 3654//3369 3615//3330 3614//3329 
f 3655//3370 3616//3331 3615//3330 
f 3656//3371 3657//3372 3616//3331 
f 3658//3373 3617//3332 3659//3374 
f 3660//3375 3620//3335 3617//3332 
f 3661//3376 3621//3336 3620//3335 
f 3662//3377 3622//3337 3621//3336 
f 3663//3378 3623//3338 3622//3337 
f 3664//3379 3624//3339 3623//3338 
f 3665//3380 3625//3340 3624//3339 
f 3666//3381 3626//3341 3625//3340 
f 3667//3382 3627//3342 3626//3341 
f 3668//3383 3628//3343 3627//3342 
f 3669//3384 3629//3344 3628//3343 
f 3670//3385 3630//3345 3629//3344 
f 3671//3386 3631//3346 3630//3345 
f 3672//3387 3632//3347 3631//3346 
f 3673//3388 3633//3348 3632//3347 
f 3674//3389 3634//3349 3633//3348 
f 3675//3390 3635//3350 3634//3349 
f 3676//3391 3636//3351 3635//3350 
f 3677//3392 3637//3352 3636//3351 
f 3678//3393 3638//3353 3637//3352 
f 3679//3394 3639//3354 3638//3353 
f 3680//3395 3640//3355 3639//3354 
f 3681//3396 3641//3356 3640//3355 
f 3682//3397 3642//3357 3641//3356 
f 3683//3398 3643//3358 3642//3357 
f 3684//3399 3644//3359 3643//3358 
f 3685//3400 3645//3360 3644//3359 
f 3686//3401 3646//3361 3645//3360 
f 3687//3402 3647//3362 3646//3361 
f 3688//3403 3648//3363 3647//3362 
f 3689//3404 3649//3364 3648//3363 
f 3690//3405 3650//3365 3649//3364 
f 3691//3406 3651//3366 3650//3365 
f 3692//3407 3652//3367 3651//3366 
f 3693//3408 3653//3368 3652//3367 
f 3694//3409 3654//3369 3653//3368 
f 3695//3410 3655//3370 3654//3369 
f 3696//3411 3656//3371 3655//3370 
f 3697//3412 3658//3373 3698//3413 
f 3699//3414 3660//3375 3658//3373 
f 3700//3415 3661//3376 3660//3375 
f 3701//3416 3662//3377 3661//3376 
f 3702//3417 3663//3378 3662//3377 
f 3703//3418 3664//3379 3663//3378 
f 3704//3419 3665//3380 3664//3379 
f 3705//3420 3666//3381 3665//3380 
f 3706//3421 3667//3382 3666//3381 
f 3707//3422 3668//3383 3667//3382 
f 3708//3423 3669//3384 3668//3383 
f 3709//3424 3670//3385 3669//3384 
f 3710//3425 3671//3386 3670//3385 
f 3711//3426 3672//3387 3671//3386 
f 3712//3427 3673//3388 3672//3387 
f 3713//3428 3674//3389 3673//3388 
f 3714//3429 3675//3390 3674//3389 
f 3715//3430 3676//3391 3675//3390 
f 3716//3431 3677//3392 3676//3391 
f 3717//3432 3678//3393 3677//3392 
f 3718//3433 3679//3394 3678//3393 
f 3719//3434 3680//3395 3679//3394 
f 3720//3435 3681//3396 3680//3395 
f 3721//3436 3682//3397 3681//3396 
f 3722//3437 3683//3398 3682//3397 
f 3723//3438 3684//3399 3683//3398 
f 3724//3439 3685//3400 3684//3399 
f 3725//3440 3686//3401 3685//3400 
f 3726//3441 3687//3402 3686//3401 
f 3727//3442 3688//3403 3687//3402 
f 3728//3443 3689//3404 3688//3403 
f 3729//3444 3690//3405 3689//3404 
f 3730//3445 3691//3406 3690//3405 
f 3731//3446 3692//3407 3691//3406 
f 3732//3447 3693//3408 3692//3407 
f 3733//3448 3694//3409 3693//3408 
f 3734//3449 3695//3410 3694//3409 
f 3735//3450 3696//3411 3695//3410 
f 3736//3451 3697//3412 3737//3452 
f 3738//3453 3699//3414 3697//3412 
f 3739//3454 3700//3415 3699//3414 
f 3740//3455 3701//3416 3700//3415 
f 3741//3456 3702//3417 3701//3416 
f 3742//3457 3703//3418 3702//3417 
f 3743//3458 3704//3419 3703//3418 
f 3744//3459 3705//3420 3704//3419 
f 3745//3460 3706//3421 3705//3420 
f 3746//3461 3707//3422 3706//3421 
f 3747//3462 3708//3423 3707//3422 
f 3748//3463 3709//3424 3708//3423 
f 3749//3464 3710//3425 3709//3424 
f 3750//3465 3711//3426 3710//3425 
f 3751//3466 3712//3427 3711//3426 
f 3752//3467 3713//3428 3712//3427 
f 3753//3468 3714//3429 3713//3428 
f 3754//3469 3715//3430 3714//3429 
f 3755//3470 3716//3431 3715//3430 
f 3756//3471 3717//3432 3716//3431 
f 3757//3472 3718//3433 3717//3432 
f 3758//3473 3719//3434 3718//3433 
f 3759//3474 3720//3435 3719//3434 
f 3760//3475 3721//3436 3720//3435 
f 3761//3476 3722//3437 3721//3436 
f 3762//3477 3723//3438 3722//3437 
f 3763//3478 3724//3439 3723//3438 
f 3764//3479 3725//3440 3724//3439 
f 3765//3480 3726//3441 3725//3440 
f 3766//3481 3727//3442 3726//3441 
f 3767//3482 3728//3443 3727//3442 
f 3768//3483 3729//3444 3728//3443 
f 3769//3484 3730//3445 3729//3444 
f 3770//3485 3731//3446 3730//3445 
f 3771//3486 3732//3447 3731//3446 
f 3772//3487 3733//3448 3732//3447 
f 3773//3488 3734//3449 3733//3448 
f 3774//3489 3735//3450 3734//3449 
f 3775//3490 3736//3451 3776//3491 
f 3777//3492 3738//3453 3736//3451 
f 3778//3493 3739//3454 3738//3453 
f 3779//3494 3740//3455 3739//3454 
f 3780//3495 3741//3456 3740//3455 
f 3781//3496 3742//3457 3741//3456 
f 3782//3497 3743//3458 3742//3457 
f 3783//3498 3744//3459 3743//3458 
f 3784//3499 3745//3460 3744//3459 
f 3785//3500 3746//3461 3745//3460 
f 3786//3501 3747//3462 3746//3461 
f 3787//3502 3748//3463 3747//3462 
f 3788//3503 3749//3464 3748//3463 
f 3789//3504 3750//3465 3749//3464 
f 3790//3505 3751//3466 3750//3465 
f 3791//3506 3752//3467 3751//3466 
f 3792//3507 3753//3468 3752//3467 
f 3793//3508 3754//3469 3753//3468 
f 3794//3509 3755//3470 3754//3469 
f 3795//3510 3756//3471 3755//3470 
f 3796//3511 3757//3472 3756//3471 
f 3797//3512 3758//3473 3757//3472 
f 3798//3513 3759//3474 3758//3473 
f 3799//3514 3760//3475 3759//3474 
f 3800//3515 3761//3476 3760//3475 
f 3801//3516 3762//3477 3761//3476 
f 3802//3517 3763//3478 3762//3477 
f 3803//3518 3764//3479 3763//3478 
f 3804//3519 3765//3480 3764//3479 
f 3805//3520 3766//3481 3765//3480 
f 3806//3521 3767//3482 3766//3481 
f 3807//3522 3768//3483 3767//3482 
f 3808//3523 3769//3484 3768//3483 
f 3809//3524 3770//3485 3769//3484 
f 3810//3525 3771//3486 3770//3485 
f 3811//3526 3772//3487 3771//3486 
f 3812//3527 3773//3488 3772//3487 
f 3813//3528 3774//3489 3773//3488 
f 3814//3529 3815//3530 3816//3531 
f 3817//3532 3775//3490 3815//3530 
f 3818//3533 3777//3492 3775//3490 
f 3819//3534 3778//3493 3777//3492 
f 3820//3535 3779//3494 3778//3493 
f 3821//3536 3780//3495 3779//3494 
f 3822//3537 3781//3496 3780//3495 
f 3823//3538 3782//3497 3781//3496 
f 3824//3539 3783//3498 3782//3497 
f 3825//3540 3784//3499 3783//3498 
f 3826//3541 3785//3500 3784//3499 
f 3827//3542 3786//3501 3785//3500 
f 3828//3543 3787//3502 3786//3501 
f 3829//3544 3788//3503 3787//3502 
f 3830//3545 3789//3504 3788//3503 
f 3831//3546 3790//3505 3789//3504 
f 3832//3547 3791//3506 3790//3505 
f 3833//3548 3792//3507 3791//3506 
f 3834//3549 3793//3508 3792//3507 
f 3835//3550 3794//3509 3793//3508 
f 3836//3551 3795//3510 3794//3509 
f 3837//3552 3796//3511 3795//3510 
f 3838//3553 3797//3512 3796//3511 
f 3839//3554 3798//3513 3797//3512 
f 3840//3555 3799//3514 3798//3513 
f 3841//3556 3800//3515 3799//3514 
f 3842//3557 3801//3516 3800//3515 
f 3843//3558 3802//3517 3801//3516 
f 3844//3559 3803//3518 3802//3517 
f 3845//3560 3804//3519 3803//3518 
f 3846//3561 3805//3520 3804//3519 
f 3847//3562 3806//3521 3805//3520 
f 3848//3563 3807//3522 3806//3521 
f 3849//3564 3808//3523 3807//3522 
f 3850//3565 3809//3524 3808//3523 
f 3851//3566 3810//3525 3809//3524 
f 3852//3567 3811//3526 3810//3525 
f 3853//3568 3812//3527 3811//3526 
f 3854//3569 3813//3528 3812//3527 
f 3855//3570 3856//3571 3813//3528 
f 3857//3572 3814//3529 3858//3573 
f 3859//3574 3817//3532 3814//3529 
f 3860//3575 3818//3533 3817//3532 
f 3861//3576 3819//3534 3818//3533 
f 3862//3577 3820//3535 3819//3534 
f 3863//3578 3821//3536 3820//3535 
f 3864//3579 3822//3537 3821//3536 
f 3865//3580 3823//3538 3822//3537 
f 3866//3581 3824//3539 3823//3538 
f 3867//3582 3825//3540 3824//3539 
f 3868//3583 3826//3541 3825//3540 
f 3869//3584 3827//3542 3826//3541 
f 3870//3585 3828//3543 3827//3542 
f 3871//3586 3829//3544 3828//3543 
f 3872//3587 3830//3545 3829//3544 
f 3873//3588 3831//3546 3830//3545 
f 3874//3589 3832//3547 3831//3546 
f 3875//3590 3833//3548 3832//3547 
f 3876//3591 3834//3549 3833//3548 
f 3877//3592 3835//3550 3834//3549 
f 3878//3593 3836//3551 3835//3550 
f 3879//3594 3837//3552 3836//3551 
f 3880//3595 3838//3553 3837//3552 
f 3881//3596 3839//3554 3838//3553 
f 3882//3597 3840//3555 3839//3554 
f 3883//3598 3841//3556 3840//3555 
f 3884//3599 3842//3557 3841//3556 
f 3885//3600 3843//3558 3842//3557 
f 3886//3601 3844//3559 3843//3558 
f 3887//3602 3845//3560 3844//3559 
f 3888//3603 3846//3561 3845//3560 
f 3889//3604 3847//3562 3846//3561 
f 3890//3605 3848//3563 3847//3562 
f 3891//3606 3849//3564 3848//3563 
f 3892//3607 3850//3565 3849//3564 
f 3893//3608 3851//3566 3850//3565 
f 3894//3609 3852//3567 3851//3566 
f 3895//3610 3853//3568 3852//3567 
f 3896//3611 3854//3569 3853//3568 
f 3897//3612 3855//3570 3854//3569 
f 3898//3613 3857//3572 3899//3614 
f 3900//3615 3859//3574 3857//3572 
f 3901//3616 3860//3575 3859//3574 
f 3902//3617 3861//3576 3860//3575 
f 3903//3618 3862//3577 3861//3576 
f 3904//3619 3863//3578 3862//3577 
f 3905//3620 3864//3579 3863//3578 
f 3906//3621 3865//3580 3864//3579 
f 3907//3622 3866//3581 3865//3580 
f 3908//3623 3867//3582 3866//3581 
f 3909//3624 3868//3583 3867//3582 
f 3910//3625 3869//3584 3868//3583 
f 3911//3626 3870//3585 3869//3584 
f 3912//3627 3871//3586 3870//3585 
f 3913//3628 3872//3587 3871//3586 
f 3914//3629 3873//3588 3872//3587 
f 3915//3630 3874//3589 3873//3588 
f 3916//3631 3875//3590 3874//3589 
f 3917//3632 3876//3591 3875//3590 
f 3918//3633 3877//3592 3876//3591 
f 3919//3634 3878//3593 3877//3592 
f 3920//3635 3879//3594 3878//3593 
f 3921//3636 3880//3595 3879//3594 
f 3922//3637 3881//3596 3880//3595 
f 3923//3638 3882//3597 3881//3596 
f 3924//3639 3883//3598 3882//3597 
f 3925//3640 3884//3599 3883//3598 
f 3926//3641 3885//3600 3884//3599 
f 3927//3642 3886//3601 3885//3600 
f 3928//3643 3887//3602 3886//3601 
f 3929//3644 3888//3603 3887//3602 
f 3930//3645 3889//3604 3888//3603 
f 3931//3646 3890//3605 3889//3604 
f 3932//3647 3891//3606 3890//3605 
f 3933//3648 3892//3607 3891//3606 
f 3934//3649 3893//3608 3892//3607 
f 3935//3650 3894//3609 3893//3608 
f 3936//3651 3895//3610 3894//3609 
f 3937//3652 3896//3611 3895//3610 
f 3938//3653 3897//3612 3896//3611 
f 3939//3654 3898//3613 3940//3655 
f 3941//3656 3900//3615 3898//3613 
f 3942//3657 3901//3616 3900//3615 
f 3943//3658 3902//3617 3901//3616 
f 3944//3659 3903//3618 3902//3617 
f 3945//3660 3904//3619 3903//3618 
f 3946//3661 3905//3620 3904//3619 
f 3947//3662 3906//3621 3905//3620 
f 3948//3663 3907//3622 3906//3621 
f 3949//3664 3908//3623 3907//3622 
f 3950//3665 3909//3624 3908//3623 
f 3951//3666 3910//3625 3909//3624 
f 3952//3667 3911//3626 3910//3625 
f 3953//3668 3912//3627 3911//3626 
f 3954//3669 3913//3628 3912//3627 
f 3955//3670 3914//3629 3913//3628 
f 3956//3671 3915//3630 3914//3629 
f 3957//3672 3916//3631 3915//3630 
f 3958//3673 3917//3632 3916//3631 
f 3959//3674 3918//3633 3917//3632 
f 3960//3675 3919//3634 3918//3633 
f 3961//3676 3920//3635 3919//3634 
f 3962//3677 3921//3636 3920//3635 
f 3963//3678 3922//3637 3921//3636 
f 3964//3679 3923//3638 3922//3637 
f 3965//3680 3924//3639 3923//3638 
f 3966//3681 3925//3640 3924//3639 
f 3967//3682 3926//3641 3925//3640 
f 3968//3683 3927//3642 3926//3641 
f 3969//3684 3928//3643 3927//3642 
f 3970//3685 3929//3644 3928//3643 
f 3971//3686 3930//3645 3929//3644 
f 3972//3687 3931//3646 3930//3645 
f 3973//3688 3932//3647 3931//3646 
f 3974//3689 3933//3648 3932//3647 
f 3975//3690 3934//3649 3933//3648 
f 3976//3691 3935//3650 3934//3649 
f 3977//3692 3936//3651 3935//3650 
f 3978//3693 3937//3652 3936//3651 
f 3979//3694 3938//3653 3937//3652 
f 3980//3695 3981//3696 4//3697 
f 3982//3698 3939//3654 3981//3696 
f 3983//3699 3941//3656 3939//3654 
f 3984//3700 3942//3657 3941//3656 
f 3985//3701 3943//3658 3942//3657 
f 3986//3702 3944//3659 3943//3658 
f 3987//3703 3945//3660 3944//3659 
f 3988//3704 3946//3661 3945//3660 
f 3989//3705 3947//3662 3946//3661 
f 3990//3706 3948//3663 3947//3662 
f 3991//3707 3949//3664 3948//3663 
f 3992//3708 3950//3665 3949//3664 
f 3993//3709 3951//3666 3950//3665 
f 3994//3710 3952//3667 3951//3666 
f 3995//3711 3953//3668 3952//3667 
f 3996//3712 3954//3669 3953//3668 
f 3997//3713 3955//3670 3954//3669 
f 3998//3714 3956//3671 3955//3670 
f 3999//3715 3957//3672 3956//3671 
f 4000//3716 3958//3673 3957//3672 
f 4001//3717 3959//3674 3958//3673 
f 4002//3718 3960//3675 3959//3674 
f 4003//3719 3961//3676 3960//3675 
f 4004//3720 3962//3677 3961//3676 
f 4005//3721 3963//3678 3962//3677 
f 4006//3722 3964//3679 3963//3678 
f 4007//3723 3965//3680 3964//3679 
f 4008//3724 3966//3681 3965//3680 
f 4009//3725 3967//3682 3966//3681 
f 4010//3726 3968//3683 3967//3682 
f 4011//3727 3969//3684 3968//3683 
f 4012//3728 3970//3685 3969//3684 
f 4013//3729 3971//3686 3970//3685 
f 4014//3730 3972//3687 3971//3686 
f 4015//3731 3973//3688 3972//3687 
f 4016//3732 3974//3689 3973//3688 
f 4017//3733 3975//3690 3974//3689 
f 4018//3734 3976//3691 3975//3690 
f 4019//3735 3977//3692 3976//3691 
f 4020//3736 3978//3693 3977//3692 
f 4021//3737 3979//3694 3978//3693 
f 4021//3737 2208//3738 2209//3739 
f 2207//3740 3980//3695 7//3741 
f 2207//3740 2200//3742 3982//3698 
f 2199//3743 3983//3699 3982//3698 
f 2199//3743 2183//3744 3984//3700 
f 2182//3745 3985//3701 3984//3700 
f 2181//3746 3986//3702 3985//3701 
f 2189//3747 3987//3703 3986//3702 
f 2180//3748 3988//3704 3987//3703 
f 2176//3749 3989//3705 3988//3704 
f 2175//3750 3990//3706 3989//3705 
f 2175//3750 2174//3751 3991//3707 
f 2174//3751 2194//3752 3992//3708 
f 2193//3753 3993//3709 3992//3708 
f 2206//3754 3994//3710 3993//3709 
f 2198//3755 3995//3711 3994//3710 
f 2197//3756 3996//3712 3995//3711 
f 2197//3756 2196//3757 3997//3713 
f 2192//3758 3998//3714 3997//3713 
f 2191//3759 3999//3715 3998//3714 
f 2191//3759 2190//3760 4000//3716 
f 2195//3761 4001//3717 4000//3716 
f 2195//3761 2188//3762 4002//3718 
f 2187//3763 4003//3719 4002//3718 
f 2186//3764 4004//3720 4003//3719 
f 2186//3764 2185//3765 4005//3721 
f 2185//3765 2184//3766 4006//3722 
f 2179//3767 4007//3723 4006//3722 
f 2173//3768 4008//3724 4007//3723 
f 2172//3769 4009//3725 4008//3724 
f 2171//3770 4010//3726 4009//3725 
f 2171//3770 2168//3771 4011//3727 
f 2168//3771 2167//3772 4012//3728 
f 2166//3773 4013//3729 4012//3728 
f 2170//3774 4014//3730 4013//3729 
f 2169//3775 4015//3731 4014//3730 
f 2169//3775 2178//3776 4016//3732 
f 2177//3777 4017//3733 4016//3732 
f 2205//3778 4018//3734 4017//3733 
f 2204//3779 4019//3735 4018//3734 
f 2204//3779 2203//3780 4020//3736 
f 2202//3781 4021//3737 4020//3736 
f 2201//3782 2208//3738 4021//3737 
f 3979//3694 2210//3783 2211//3784 
f 2211//3784 3938//3653 3979//3694 
f 2209//3739 2212//3785 2210//3783 
f 2210//3783 3979//3694 2209//3739 
f 3897//3612 3938//3653 2213//3786 
f 3938//3653 2214//3787 2213//3786 
f 3855//3570 3897//3612 2215//3788 
f 3897//3612 2216//3789 2215//3788 
f 3855//3570 2217//3790 2218//3791 
f 2218//3791 3856//3571 3855//3570 
f 3855//3570 2219//3792 2217//3790 
f 3774//3489 3813//3528 2220//3793 
f 3813//3528 3856//3571 2221//3794 
f 2221//3794 2220//3793 3813//3528 
f 3735//3450 3774//3489 2222//3795 
f 3774//3489 2223//3796 2222//3795 
f 3696//3411 3735//3450 2224//3797 
f 2224//3797 2225//3798 3696//3411 
f 3735//3450 2226//3799 2224//3797 
f 3696//3411 2227//3800 2228//3801 
f 2228//3801 3656//3371 3696//3411 
f 3657//3372 3656//3371 2229//3802 
f 3656//3371 2230//3803 2229//3802 
f 3579//3294 3616//3331 2231//3804 
f 3616//3331 3657//3372 2232//3805 
f 2232//3805 2231//3804 3616//3331 
f 3579//3294 2233//3806 2234//3807 
f 2234//3807 3542//3257 3579//3294 
f 3579//3294 2235//3808 2233//3806 
f 3505//3220 3542//3257 2236//3809 
f 3542//3257 2237//3810 2236//3809 
f 3467//3182 3505//3220 2238//3811 
f 3505//3220 2239//3812 2238//3811 
f 3467//3182 2240//3813 2241//3814 
f 2241//3814 3468//3183 3467//3182 
f 3467//3182 2242//3815 2240//3813 
f 3394//3109 3429//3144 2243//3816 
f 3429//3144 3468//3183 2244//3817 
f 2244//3817 2243//3816 3429//3144 
f 3359//3074 3394//3109 2245//3818 
f 3394//3109 2246//3819 2245//3818 
f 3359//3074 2247//3820 2248//3821 
f 2248//3821 3324//3039 3359//3074 
f 3359//3074 2249//3822 2247//3820 
f 3289//3004 3324//3039 2250//3823 
f 3324//3039 2251//3824 2250//3823 
f 3253//2968 3289//3004 2252//3825 
f 2252//3825 2253//3826 3253//2968 
f 3289//3004 2254//3827 2252//3825 
f 3254//2969 3253//2968 2255//3828 
f 3253//2968 2256//3829 2255//3828 
f 3254//2969 2257//3830 2258//3831 
f 3184//2899 3217//2932 2259//3832 
f 3217//2932 3254//2969 2259//3832 
f 2259//3832 2260//3833 3184//2899 
f 3151//2866 3184//2899 2261//3834 
f 3184//2899 2262//3835 2261//3834 
f 3118//2833 3151//2866 2263//3836 
f 3151//2866 2264//3837 2263//3836 
f 3118//2833 2265//3838 2266//3839 
f 2266//3839 3085//2800 3118//2833 
f 3118//2833 2267//3840 2265//3838 
f 3085//2800 2268//3841 2269//3842 
f 2269//3842 3052//2767 3085//2800 
f 3018//2733 3052//2767 2270//3843 
f 3052//2767 2271//3844 2270//3843 
f 3019//2734 3018//2733 2272//3845 
f 3018//2733 2273//3846 2272//3845 
f 3019//2734 2274//3847 2275//3848 
f 2953//2668 2984//2699 2276//3849 
f 2984//2699 3019//2734 2276//3849 
f 2276//3849 2277//3850 2953//2668 
f 2922//2637 2953//2668 2278//3851 
f 2953//2668 2279//3852 2278//3851 
f 2891//2606 2922//2637 2280//3853 
f 2922//2637 2281//3854 2280//3853 
f 2891//2606 2282//3855 2283//3856 
f 2283//3856 2860//2575 2891//2606 
f 2891//2606 2284//3857 2282//3855 
f 2860//2575 2285//3858 2286//3859 
f 2286//3859 2829//2544 2860//2575 
f 2798//2513 2829//2544 2287//3860 
f 2829//2544 2288//3861 2287//3860 
f 2798//2513 2289//3862 2290//3863 
f 2290//3863 2766//2481 2798//2513 
f 2798//2513 2291//3864 2289//3862 
f 2767//2482 2766//2481 2292//3865 
f 2766//2481 2293//3866 2292//3865 
f 2767//2482 2294//3867 2295//3868 
f 2295//3868 2296//3869 2767//2482 
f 2734//2449 2767//2482 2297//3870 
f 2297//3870 2705//2420 2734//2449 
f 2676//2391 2705//2420 2298//3871 
f 2705//2420 2299//3872 2298//3871 
f 2647//2362 2676//2391 2300//3873 
f 2676//2391 2301//3874 2300//3873 
f 2647//2362 2302//3875 2303//3876 
f 2303//3876 2618//2333 2647//2362 
f 2647//2362 2304//3877 2302//3875 
f 2618//2333 2305//3878 2306//3879 
f 2306//3879 2589//2304 2618//2333 
f 2560//2275 2589//2304 2307//3880 
f 2589//2304 2308//3881 2307//3880 
f 2531//2246 2560//2275 2309//3882 
f 2309//3882 2310//3883 2531//2246 
f 2560//2275 2311//3884 2309//3882 
f 2531//2246 2312//3885 2313//3886 
f 2313//3886 2502//2217 2531//2246 
f 2473//2188 2502//2217 2314//3887 
f 2502//2217 2315//3888 2314//3887 
f 2444//2159 2473//2188 2316//3889 
f 2473//2188 2317//3890 2316//3889 
f 2444//2159 2318//3891 2319//3892 
f 2319//3892 2415//2130 2444//2159 
f 2444//2159 2320//3893 2318//3891 
f 2386//2101 2415//2130 2321//3894 
f 2415//2130 2322//3895 2321//3894 
f 2357//2071 2386//2101 2323//3896 
f 2386//2101 2324//3897 2323//3896 
f 305//2072 2357//2071 2325//3898 
f 2357//2071 2326//3899 2325//3898 
f 252//2018 20//3900 14//3901 
f 14//3901 2359//2074 252//2018 
f 2359//2074 11//3902 18//3903 
f 18//3903 2388//2103 2359//2074 
f 2388//2103 15//3904 25//3905 
f 25//3905 2417//2132 2388//2103 
f 2446//2161 2417//2132 30//3906 
f 2417//2132 22//3907 30//3906 
f 30//3906 29//3908 2446//2161 
f 2446//2161 26//3909 35//3910 
f 35//3910 2475//2190 2446//2161 
f 2475//2190 32//3911 39//3912 
f 39//3912 2504//2219 2475//2190 
f 2533//2248 2504//2219 46//3913 
f 2504//2219 36//3914 46//3913 
f 2533//2248 40//3915 43//3916 
f 2533//2248 45//3917 40//3915 
f 43//3916 2562//2277 2533//2248 
f 2562//2277 47//3918 56//3919 
f 56//3919 2591//2306 2562//2277 
f 2620//2335 2591//2306 68//3920 
f 2591//2306 53//3921 68//3920 
f 2649//2364 2620//2335 78//3922 
f 2620//2335 65//3923 78//3922 
f 78//3922 77//3924 2649//2364 
f 2649//2364 74//3925 85//3926 
f 85//3926 2678//2393 2649//2364 
f 2678//2393 83//3927 62//3928 
f 62//3928 2707//2422 2678//2393 
f 2736//2451 2707//2422 52//3929 
f 2707//2422 61//3930 52//3929 
f 2737//2452 51//3931 60//3932 
f 2737//2452 52//3929 51//3931 
f 2737//2452 57//3933 72//3934 
f 72//3934 2769//2484 2737//2452 
f 2800//2515 2769//2484 80//3935 
f 2769//2484 71//3936 80//3935 
f 80//3935 86//3937 2800//2515 
f 2800//2515 87//3938 93//3939 
f 93//3939 2831//2546 2800//2515 
f 2862//2577 2831//2546 96//3940 
f 2831//2546 90//3941 96//3940 
f 2893//2608 2862//2577 97//3942 
f 2862//2577 95//3943 97//3942 
f 97//3942 103//3944 2893//2608 
f 2893//2608 100//3945 107//3946 
f 107//3946 2924//2639 2893//2608 
f 2924//2639 104//3947 113//3948 
f 113//3948 2955//2670 2924//2639 
f 2955//2670 118//3949 110//3950 
f 110//3950 2986//2701 2955//2670 
f 2955//2670 112//3951 118//3949 
f 2987//2702 110//3950 109//3952 
f 2987//2702 114//3953 120//3954 
f 120//3954 3021//2736 2987//2702 
f 3021//2736 124//3955 134//3956 
f 134//3956 3054//2769 3021//2736 
f 3087//2802 3054//2769 150//3957 
f 3054//2769 131//3958 150//3957 
f 3120//2835 3087//2802 140//3959 
f 3087//2802 149//3960 140//3959 
f 140//3959 147//3961 3120//2835 
f 3120//2835 155//3962 163//3963 
f 163//3963 3153//2868 3120//2835 
f 3153//2868 161//3964 139//3965 
f 139//3965 3186//2901 3153//2868 
f 3186//2901 129//3966 135//3967 
f 135//3967 3219//2934 3186//2901 
f 3186//2901 137//3968 129//3966 
f 3220//2935 135//3967 123//3969 
f 3220//2935 122//3970 154//3971 
f 154//3971 3256//2971 3220//2935 
f 3256//2971 143//3972 151//3973 
f 3256//2971 153//3974 143//3972 
f 151//3973 3291//3006 3256//2971 
f 3291//3006 158//3975 167//3976 
f 167//3976 3326//3041 3291//3006 
f 3361//3076 3326//3041 175//3977 
f 3326//3041 164//3978 175//3977 
f 175//3977 174//3979 3361//3076 
f 3361//3076 171//3980 181//3981 
f 181//3981 3396//3111 3361//3076 
f 3431//3146 182//3982 170//3983 
f 3396//3111 178//3984 182//3982 
f 182//3982 3431//3146 3396//3111 
f 3470//3185 3432//3147 183//3985 
f 3432//3147 169//3986 183//3985 
f 183//3985 189//3987 3470//3185 
f 3470//3185 186//3988 193//3989 
f 193//3989 3507//3222 3470//3185 
f 3507//3222 190//3990 197//3991 
f 197//3991 3544//3259 3507//3222 
f 3581//3296 3544//3259 207//3992 
f 3544//3259 194//3993 207//3992 
f 207//3992 206//3994 3581//3296 
f 3618//3333 209//3995 200//3996 
f 3581//3296 203//3997 209//3995 
f 209//3995 3618//3333 3581//3296 
f 3619//3334 201//3998 213//3999 
f 213//3999 3659//3374 3619//3334 
f 3698//3413 3659//3374 220//4000 
f 3659//3374 210//4001 220//4000 
f 3698//3413 214//4002 217//4003 
f 3698//3413 219//4004 214//4002 
f 217//4003 3737//3452 3698//3413 
f 3737//3452 222//4005 236//4006 
f 236//4006 3776//3491 3737//3452 
f 3815//3530 248//4007 232//4008 
f 3776//3491 233//4009 248//4007 
f 248//4007 3815//3530 3776//3491 
f 3858//3573 3816//3531 241//4010 
f 3816//3531 231//4011 241//4010 
f 241//4010 247//4012 3858//3573 
f 3858//3573 245//4013 229//4014 
f 229//4014 3899//3614 3858//3573 
f 3899//3614 226//4015 239//4016 
f 239//4016 3940//3655 3899//3614 
f 4//3697 3981//3696 1//4017 
f 3981//3696 3940//3655 221//4018 
f 3940//3655 238//4019 221//4018 
f 221//4018 1//4017 3981//3696 
f 1//4017 3//4020 4//3697 
f 239//4016 238//4019 3940//3655 
f 229//4014 226//4015 3899//3614 
f 247//4012 245//4013 3858//3573 
f 231//4011 3816//3531 232//4008 
f 232//4008 3816//3531 3815//3530 
f 236//4006 233//4009 3776//3491 
f 217//4003 222//4005 3737//3452 
f 220//4000 219//4004 3698//3413 
f 213//3999 210//4001 3659//3374 
f 201//3998 3619//3334 200//3996 
f 200//3996 3619//3334 3618//3333 
f 206//3994 203//3997 3581//3296 
f 197//3991 194//3993 3544//3259 
f 193//3989 190//3990 3507//3222 
f 189//3987 186//3988 3470//3185 
f 169//3986 3432//3147 170//3983 
f 170//3983 3432//3147 3431//3146 
f 181//3981 178//3984 3396//3111 
f 174//3979 171//3980 3361//3076 
f 167//3976 164//3978 3326//3041 
f 151//3973 158//3975 3291//3006 
f 154//3971 153//3974 3256//2971 
f 123//3969 122//3970 3220//2935 
f 135//3967 3220//2935 3219//2934 
f 139//3965 137//3968 3186//2901 
f 163//3963 161//3964 3153//2868 
f 147//3961 155//3962 3120//2835 
f 150//3957 149//3960 3087//2802 
f 134//3956 131//3958 3054//2769 
f 120//3954 124//3955 3021//2736 
f 109//3952 114//3953 2987//2702 
f 110//3950 2987//2702 2986//2701 
f 113//3948 112//3951 2955//2670 
f 107//3946 104//3947 2924//2639 
f 103//3944 100//3945 2893//2608 
f 96//3940 95//3943 2862//2577 
f 93//3939 90//3941 2831//2546 
f 86//3937 87//3938 2800//2515 
f 72//3934 71//3936 2769//2484 
f 60//3932 57//3933 2737//2452 
f 52//3929 2737//2452 2736//2451 
f 62//3928 61//3930 2707//2422 
f 85//3926 83//3927 2678//2393 
f 77//3924 74//3925 2649//2364 
f 68//3920 65//3923 2620//2335 
f 56//3919 53//3921 2591//2306 
f 43//3916 47//3918 2562//2277 
f 46//3913 45//3917 2533//2248 
f 39//3912 36//3914 2504//2219 
f 35//3910 32//3911 2475//2190 
f 29//3908 26//3909 2446//2161 
f 25//3905 22//3907 2417//2132 
f 18//3903 15//3904 2388//2103 
f 14//3901 11//3902 2359//2074 
f 2325//3898 307//4021 305//2072 
f 2323//3896 2326//3899 2357//2071 
f 2321//3894 2324//3897 2386//2101 
f 2319//3892 2322//3895 2415//2130 
f 2316//3889 2320//3893 2444//2159 
f 2314//3887 2317//3890 2473//2188 
f 2313//3886 2315//3888 2502//2217 
f 2310//3883 2312//3885 2531//2246 
f 2307//3880 2311//3884 2560//2275 
f 2306//3879 2308//3881 2589//2304 
f 2303//3876 2305//3878 2618//2333 
f 2300//3873 2304//3877 2647//2362 
f 2298//3871 2301//3874 2676//2391 
f 2297//3870 2299//3872 2705//2420 
f 2296//3869 2297//3870 2767//2482 
f 2292//3865 2294//3867 2767//2482 
f 2290//3863 2293//3866 2766//2481 
f 2287//3860 2291//3864 2798//2513 
f 2286//3859 2288//3861 2829//2544 
f 2283//3856 2285//3858 2860//2575 
f 2280//3853 2284//3857 2891//2606 
f 2278//3851 2281//3854 2922//2637 
f 2277//3850 2279//3852 2953//2668 
f 2275//3848 2276//3849 3019//2734 
f 2272//3845 2274//3847 3019//2734 
f 2270//3843 2273//3846 3018//2733 
f 2269//3842 2271//3844 3052//2767 
f 2266//3839 2268//3841 3085//2800 
f 2263//3836 2267//3840 3118//2833 
f 2261//3834 2264//3837 3151//2866 
f 2260//3833 2262//3835 3184//2899 
f 2258//3831 2259//3832 3254//2969 
f 2255//3828 2257//3830 3254//2969 
f 2253//3826 2256//3829 3253//2968 
f 2250//3823 2254//3827 3289//3004 
f 2248//3821 2251//3824 3324//3039 
f 2245//3818 2249//3822 3359//3074 
f 2243//3816 2246//3819 3394//3109 
f 2244//3817 3468//3183 2327//4022 
f 2241//3814 2327//4022 3468//3183 
f 2238//3811 2242//3815 3467//3182 
f 2236//3809 2239//3812 3505//3220 
f 2234//3807 2237//3810 3542//3257 
f 2231//3804 2235//3808 3579//3294 
f 2232//3805 3657//3372 2328//4023 
f 2229//3802 2328//4023 3657//3372 
f 2228//3801 2230//3803 3656//3371 
f 2225//3798 2227//3800 3696//3411 
f 2222//3795 2226//3799 3735//3450 
f 2220//3793 2223//3796 3774//3489 
f 2221//3794 3856//3571 2329//4024 
f 2218//3791 2329//4024 3856//3571 
f 2215//3788 2219//3792 3855//3570 
f 2213//3786 2216//3789 3897//3612 
f 2211//3784 2214//3787 3938//3653 
f 4021//3737 2202//3781 2201//3782 
f 4020//3736 2203//3780 2202//3781 
f 4020//3736 4019//3735 2204//3779 
f 4018//3734 2205//3778 2204//3779 
f 4017//3733 2177//3777 2205//3778 
f 4016//3732 2178//3776 2177//3777 
f 4016//3732 4015//3731 2169//3775 
f 4014//3730 2170//3774 2169//3775 
f 4013//3729 2166//3773 2170//3774 
f 4012//3728 2167//3772 2166//3773 
f 4012//3728 4011//3727 2168//3771 
f 4011//3727 4010//3726 2171//3770 
f 4009//3725 2172//3769 2171//3770 
f 4008//3724 2173//3768 2172//3769 
f 4007//3723 2179//3767 2173//3768 
f 4006//3722 2184//3766 2179//3767 
f 4006//3722 4005//3721 2185//3765 
f 4005//3721 4004//3720 2186//3764 
f 4003//3719 2187//3763 2186//3764 
f 4002//3718 2188//3762 2187//3763 
f 4002//3718 4001//3717 2195//3761 
f 4000//3716 2190//3760 2195//3761 
f 4000//3716 3999//3715 2191//3759 
f 3998//3714 2192//3758 2191//3759 
f 3997//3713 2196//3757 2192//3758 
f 3997//3713 3996//3712 2197//3756 
f 3995//3711 2198//3755 2197//3756 
f 3994//3710 2206//3754 2198//3755 
f 3993//3709 2193//3753 2206//3754 
f 3992//3708 2194//3752 2193//3753 
f 3992//3708 3991//3707 2174//3751 
f 3991//3707 3990//3706 2175//3750 
f 3989//3705 2176//3749 2175//3750 
f 3988//3704 2180//3748 2176//3749 
f 3987//3703 2189//3747 2180//3748 
f 3986//3702 2181//3746 2189//3747 
f 3985//3701 2182//3745 2181//3746 
f 3984//3700 2183//3744 2182//3745 
f 3984//3700 3983//3699 2199//3743 
f 3982//3698 2200//3742 2199//3743 
f 3982//3698 3980//3695 2207//3740 
f 7//3741 9//4025 2207//3740 
f 2209//3739 3979//3694 4021//3737 
f 3978//3693 4020//3736 4021//3737 
f 3977//3692 4019//3735 4020//3736 
f 3976//3691 4018//3734 4019//3735 
f 3975//3690 4017//3733 4018//3734 
f 3974//3689 4016//3732 4017//3733 
f 3973//3688 4015//3731 4016//3732 
f 3972//3687 4014//3730 4015//3731 
f 3971//3686 4013//3729 4014//3730 
f 3970//3685 4012//3728 4013//3729 
f 3969//3684 4011//3727 4012//3728 
f 3968//3683 4010//3726 4011//3727 
f 3967//3682 4009//3725 4010//3726 
f 3966//3681 4008//3724 4009//3725 
f 3965//3680 4007//3723 4008//3724 
f 3964//3679 4006//3722 4007//3723 
f 3963//3678 4005//3721 4006//3722 
f 3962//3677 4004//3720 4005//3721 
f 3961//3676 4003//3719 4004//3720 
f 3960//3675 4002//3718 4003//3719 
f 3959//3674 4001//3717 4002//3718 
f 3958//3673 4000//3716 4001//3717 
f 3957//3672 3999//3715 4000//3716 
f 3956//3671 3998//3714 3999//3715 
f 3955//3670 3997//3713 3998//3714 
f 3954//3669 3996//3712 3997//3713 
f 3953//3668 3995//3711 3996//3712 
f 3952//3667 3994//3710 3995//3711 
f 3951//3666 3993//3709 3994//3710 
f 3950//3665 3992//3708 3993//3709 
f 3949//3664 3991//3707 3992//3708 
f 3948//3663 3990//3706 3991//3707 
f 3947//3662 3989//3705 3990//3706 
f 3946//3661 3988//3704 3989//3705 
f 3945//3660 3987//3703 3988//3704 
f 3944//3659 3986//3702 3987//3703 
f 3943//3658 3985//3701 3986//3702 
f 3942//3657 3984//3700 3985//3701 
f 3941//3656 3983//3699 3984//3700 
f 3939//3654 3982//3698 3983//3699 
f 3981//3696 3980//3695 3982//3698 
f 4//3697 7//3741 3980//3695 
f 3937//3652 3978//3693 3979//3694 
f 3936//3651 3977//3692 3978//3693 
f 3935//3650 3976//3691 3977//3692 
f 3934//3649 3975//3690 3976//3691 
f 3933//3648 3974//3689 3975//3690 
f 3932//3647 3973//3688 3974//3689 
f 3931//3646 3972//3687 3973//3688 
f 3930//3645 3971//3686 3972//3687 
f 3929//3644 3970//3685 3971//3686 
f 3928//3643 3969//3684 3970//3685 
f 3927//3642 3968//3683 3969//3684 
f 3926//3641 3967//3682 3968//3683 
f 3925//3640 3966//3681 3967//3682 
f 3924//3639 3965//3680 3966//3681 
f 3923//3638 3964//3679 3965//3680 
f 3922//3637 3963//3678 3964//3679 
f 3921//3636 3962//3677 3963//3678 
f 3920//3635 3961//3676 3962//3677 
f 3919//3634 3960//3675 3961//3676 
f 3918//3633 3959//3674 3960//3675 
f 3917//3632 3958//3673 3959//3674 
f 3916//3631 3957//3672 3958//3673 
f 3915//3630 3956//3671 3957//3672 
f 3914//3629 3955//3670 3956//3671 
f 3913//3628 3954//3669 3955//3670 
f 3912//3627 3953//3668 3954//3669 
f 3911//3626 3952//3667 3953//3668 
f 3910//3625 3951//3666 3952//3667 
f 3909//3624 3950//3665 3951//3666 
f 3908//3623 3949//3664 3950//3665 
f 3907//3622 3948//3663 3949//3664 
f 3906//3621 3947//3662 3948//3663 
f 3905//3620 3946//3661 3947//3662 
f 3904//3619 3945//3660 3946//3661 
f 3903//3618 3944//3659 3945//3660 
f 3902//3617 3943//3658 3944//3659 
f 3901//3616 3942//3657 3943//3658 
f 3900//3615 3941//3656 3942//3657 
f 3898//3613 3939//3654 3941//3656 
f 3940//3655 3981//3696 3939//3654 
f 3896//3611 3937//3652 3938//3653 
f 3895//3610 3936//3651 3937//3652 
f 3894//3609 3935//3650 3936//3651 
f 3893//3608 3934//3649 3935//3650 
f 3892//3607 3933//3648 3934//3649 
f 3891//3606 3932//3647 3933//3648 
f 3890//3605 3931//3646 3932//3647 
f 3889//3604 3930//3645 3931//3646 
f 3888//3603 3929//3644 3930//3645 
f 3887//3602 3928//3643 3929//3644 
f 3886//3601 3927//3642 3928//3643 
f 3885//3600 3926//3641 3927//3642 
f 3884//3599 3925//3640 3926//3641 
f 3883//3598 3924//3639 3925//3640 
f 3882//3597 3923//3638 3924//3639 
f 3881//3596 3922//3637 3923//3638 
f 3880//3595 3921//3636 3922//3637 
f 3879//3594 3920//3635 3921//3636 
f 3878//3593 3919//3634 3920//3635 
f 3877//3592 3918//3633 3919//3634 
f 3876//3591 3917//3632 3918//3633 
f 3875//3590 3916//3631 3917//3632 
f 3874//3589 3915//3630 3916//3631 
f 3873//3588 3914//3629 3915//3630 
f 3872//3587 3913//3628 3914//3629 
f 3871//3586 3912//3627 3913//3628 
f 3870//3585 3911//3626 3912//3627 
f 3869//3584 3910//3625 3911//3626 
f 3868//3583 3909//3624 3910//3625 
f 3867//3582 3908//3623 3909//3624 
f 3866//3581 3907//3622 3908//3623 
f 3865//3580 3906//3621 3907//3622 
f 3864//3579 3905//3620 3906//3621 
f 3863//3578 3904//3619 3905//3620 
f 3862//3577 3903//3618 3904//3619 
f 3861//3576 3902//3617 3903//3618 
f 3860//3575 3901//3616 3902//3617 
f 3859//3574 3900//3615 3901//3616 
f 3857//3572 3898//3613 3900//3615 
f 3899//3614 3940//3655 3898//3613 
f 3854//3569 3896//3611 3897//3612 
f 3853//3568 3895//3610 3896//3611 
f 3852//3567 3894//3609 3895//3610 
f 3851//3566 3893//3608 3894//3609 
f 3850//3565 3892//3607 3893//3608 
f 3849//3564 3891//3606 3892//3607 
f 3848//3563 3890//3605 3891//3606 
f 3847//3562 3889//3604 3890//3605 
f 3846//3561 3888//3603 3889//3604 
f 3845//3560 3887//3602 3888//3603 
f 3844//3559 3886//3601 3887//3602 
f 3843//3558 3885//3600 3886//3601 
f 3842//3557 3884//3599 3885//3600 
f 3841//3556 3883//3598 3884//3599 
f 3840//3555 3882//3597 3883//3598 
f 3839//3554 3881//3596 3882//3597 
f 3838//3553 3880//3595 3881//3596 
f 3837//3552 3879//3594 3880//3595 
f 3836//3551 3878//3593 3879//3594 
f 3835//3550 3877//3592 3878//3593 
f 3834//3549 3876//3591 3877//3592 
f 3833//3548 3875//3590 3876//3591 
f 3832//3547 3874//3589 3875//3590 
f 3831//3546 3873//3588 3874//3589 
f 3830//3545 3872//3587 3873//3588 
f 3829//3544 3871//3586 3872//3587 
f 3828//3543 3870//3585 3871//3586 
f 3827//3542 3869//3584 3870//3585 
f 3826//3541 3868//3583 3869//3584 
f 3825//3540 3867//3582 3868//3583 
f 3824//3539 3866//3581 3867//3582 
f 3823//3538 3865//3580 3866//3581 
f 3822//3537 3864//3579 3865//3580 
f 3821//3536 3863//3578 3864//3579 
f 3820//3535 3862//3577 3863//3578 
f 3819//3534 3861//3576 3862//3577 
f 3818//3533 3860//3575 3861//3576 
f 3817//3532 3859//3574 3860//3575 
f 3814//3529 3857//3572 3859//3574 
f 3858//3573 3899//3614 3857//3572 
f 3813//3528 3854//3569 3855//3570 
f 3812//3527 3853//3568 3854//3569 
f 3811//3526 3852//3567 3853//3568 
f 3810//3525 3851//3566 3852//3567 
f 3809//3524 3850//3565 3851//3566 
f 3808//3523 3849//3564 3850//3565 
f 3807//3522 3848//3563 3849//3564 
f 3806//3521 3847//3562 3848//3563 
f 3805//3520 3846//3561 3847//3562 
f 3804//3519 3845//3560 3846//3561 
f 3803//3518 3844//3559 3845//3560 
f 3802//3517 3843//3558 3844//3559 
f 3801//3516 3842//3557 3843//3558 
f 3800//3515 3841//3556 3842//3557 
f 3799//3514 3840//3555 3841//3556 
f 3798//3513 3839//3554 3840//3555 
f 3797//3512 3838//3553 3839//3554 
f 3796//3511 3837//3552 3838//3553 
f 3795//3510 3836//3551 3837//3552 
f 3794//3509 3835//3550 3836//3551 
f 3793//3508 3834//3549 3835//3550 
f 3792//3507 3833//3548 3834//3549 
f 3791//3506 3832//3547 3833//3548 
f 3790//3505 3831//3546 3832//3547 
f 3789//3504 3830//3545 3831//3546 
f 3788//3503 3829//3544 3830//3545 
f 3787//3502 3828//3543 3829//3544 
f 3786//3501 3827//3542 3828//3543 
f 3785//3500 3826//3541 3827//3542 
f 3784//3499 3825//3540 3826//3541 
f 3783//3498 3824//3539 3825//3540 
f 3782//3497 3823//3538 3824//3539 
f 3781//3496 3822//3537 3823//3538 
f 3780//3495 3821//3536 3822//3537 
f 3779//3494 3820//3535 3821//3536 
f 3778//3493 3819//3534 3820//3535 
f 3777//3492 3818//3533 3819//3534 
f 3775//3490 3817//3532 3818//3533 
f 3815//3530 3814//3529 3817//3532 
f 3816//3531 3858//3573 3814//3529 
f 3773//3488 3812//3527 3813//3528 
f 3772//3487 3811//3526 3812//3527 
f 3771//3486 3810//3525 3811//3526 
f 3770//3485 3809//3524 3810//3525 
f 3769//3484 3808//3523 3809//3524 
f 3768//3483 3807//3522 3808//3523 
f 3767//3482 3806//3521 3807//3522 
f 3766//3481 3805//3520 3806//3521 
f 3765//3480 3804//3519 3805//3520 
f 3764//3479 3803//3518 3804//3519 
f 3763//3478 3802//3517 3803//3518 
f 3762//3477 3801//3516 3802//3517 
f 3761//3476 3800//3515 3801//3516 
f 3760//3475 3799//3514 3800//3515 
f 3759//3474 3798//3513 3799//3514 
f 3758//3473 3797//3512 3798//3513 
f 3757//3472 3796//3511 3797//3512 
f 3756//3471 3795//3510 3796//3511 
f 3755//3470 3794//3509 3795//3510 
f 3754//3469 3793//3508 3794//3509 
f 3753//3468 3792//3507 3793//3508 
f 3752//3467 3791//3506 3792//3507 
f 3751//3466 3790//3505 3791//3506 
f 3750//3465 3789//3504 3790//3505 
f 3749//3464 3788//3503 3789//3504 
f 3748//3463 3787//3502 3788//3503 
f 3747//3462 3786//3501 3787//3502 
f 3746//3461 3785//3500 3786//3501 
f 3745//3460 3784//3499 3785//3500 
f 3744//3459 3783//3498 3784//3499 
f 3743//3458 3782//3497 3783//3498 
f 3742//3457 3781//3496 3782//3497 
f 3741//3456 3780//3495 3781//3496 
f 3740//3455 3779//3494 3780//3495 
f 3739//3454 3778//3493 3779//3494 
f 3738//3453 3777//3492 3778//3493 
f 3736//3451 3775//3490 3777//3492 
f 3776//3491 3815//3530 3775//3490 
f 3734//3449 3773//3488 3774//3489 
f 3733//3448 3772//3487 3773//3488 
f 3732//3447 3771//3486 3772//3487 
f 3731//3446 3770//3485 3771//3486 
f 3730//3445 3769//3484 3770//3485 
f 3729//3444 3768//3483 3769//3484 
f 3728//3443 3767//3482 3768//3483 
f 3727//3442 3766//3481 3767//3482 
f 3726//3441 3765//3480 3766//3481 
f 3725//3440 3764//3479 3765//3480 
f 3724//3439 3763//3478 3764//3479 
f 3723//3438 3762//3477 3763//3478 
f 3722//3437 3761//3476 3762//3477 
f 3721//3436 3760//3475 3761//3476 
f 3720//3435 3759//3474 3760//3475 
f 3719//3434 3758//3473 3759//3474 
f 3718//3433 3757//3472 3758//3473 
f 3717//3432 3756//3471 3757//3472 
f 3716//3431 3755//3470 3756//3471 
f 3715//3430 3754//3469 3755//3470 
f 3714//3429 3753//3468 3754//3469 
f 3713//3428 3752//3467 3753//3468 
f 3712//3427 3751//3466 3752//3467 
f 3711//3426 3750//3465 3751//3466 
f 3710//3425 3749//3464 3750//3465 
f 3709//3424 3748//3463 3749//3464 
f 3708//3423 3747//3462 3748//3463 
f 3707//3422 3746//3461 3747//3462 
f 3706//3421 3745//3460 3746//3461 
f 3705//3420 3744//3459 3745//3460 
f 3704//3419 3743//3458 3744//3459 
f 3703//3418 3742//3457 3743//3458 
f 3702//3417 3741//3456 3742//3457 
f 3701//3416 3740//3455 3741//3456 
f 3700//3415 3739//3454 3740//3455 
f 3699//3414 3738//3453 3739//3454 
f 3697//3412 3736//3451 3738//3453 
f 3737//3452 3776//3491 3736//3451 
f 3695//3410 3734//3449 3735//3450 
f 3694//3409 3733//3448 3734//3449 
f 3693//3408 3732//3447 3733//3448 
f 3692//3407 3731//3446 3732//3447 
f 3691//3406 3730//3445 3731//3446 
f 3690//3405 3729//3444 3730//3445 
f 3689//3404 3728//3443 3729//3444 
f 3688//3403 3727//3442 3728//3443 
f 3687//3402 3726//3441 3727//3442 
f 3686//3401 3725//3440 3726//3441 
f 3685//3400 3724//3439 3725//3440 
f 3684//3399 3723//3438 3724//3439 
f 3683//3398 3722//3437 3723//3438 
f 3682//3397 3721//3436 3722//3437 
f 3681//3396 3720//3435 3721//3436 
f 3680//3395 3719//3434 3720//3435 
f 3679//3394 3718//3433 3719//3434 
f 3678//3393 3717//3432 3718//3433 
f 3677//3392 3716//3431 3717//3432 
f 3676//3391 3715//3430 3716//3431 
f 3675//3390 3714//3429 3715//3430 
f 3674//3389 3713//3428 3714//3429 
f 3673//3388 3712//3427 3713//3428 
f 3672//3387 3711//3426 3712//3427 
f 3671//3386 3710//3425 3711//3426 
f 3670//3385 3709//3424 3710//3425 
f 3669//3384 3708//3423 3709//3424 
f 3668//3383 3707//3422 3708//3423 
f 3667//3382 3706//3421 3707//3422 
f 3666//3381 3705//3420 3706//3421 
f 3665//3380 3704//3419 3705//3420 
f 3664//3379 3703//3418 3704//3419 
f 3663//3378 3702//3417 3703//3418 
f 3662//3377 3701//3416 3702//3417 
f 3661//3376 3700//3415 3701//3416 
f 3660//3375 3699//3414 3700//3415 
f 3658//3373 3697//3412 3699//3414 
f 3698//3413 3737//3452 3697//3412 
f 3655//3370 3695//3410 3696//3411 
f 3654//3369 3694//3409 3695//3410 
f 3653//3368 3693//3408 3694//3409 
f 3652//3367 3692//3407 3693//3408 
f 3651//3366 3691//3406 3692//3407 
f 3650//3365 3690//3405 3691//3406 
f 3649//3364 3689//3404 3690//3405 
f 3648//3363 3688//3403 3689//3404 
f 3647//3362 3687//3402 3688//3403 
f 3646//3361 3686//3401 3687//3402 
f 3645//3360 3685//3400 3686//3401 
f 3644//3359 3684//3399 3685//3400 
f 3643//3358 3683//3398 3684//3399 
f 3642//3357 3682//3397 3683//3398 
f 3641//3356 3681//3396 3682//3397 
f 3640//3355 3680//3395 3681//3396 
f 3639//3354 3679//3394 3680//3395 
f 3638//3353 3678//3393 3679//3394 
f 3637//3352 3677//3392 3678//3393 
f 3636//3351 3676//3391 3677//3392 
f 3635//3350 3675//3390 3676//3391 
f 3634//3349 3674//3389 3675//3390 
f 3633//3348 3673//3388 3674//3389 
f 3632//3347 3672//3387 3673//3388 
f 3631//3346 3671//3386 3672//3387 
f 3630//3345 3670//3385 3671//3386 
f 3629//3344 3669//3384 3670//3385 
f 3628//3343 3668//3383 3669//3384 
f 3627//3342 3667//3382 3668//3383 
f 3626//3341 3666//3381 3667//3382 
f 3625//3340 3665//3380 3666//3381 
f 3624//3339 3664//3379 3665//3380 
f 3623//3338 3663//3378 3664//3379 
f 3622//3337 3662//3377 3663//3378 
f 3621//3336 3661//3376 3662//3377 
f 3620//3335 3660//3375 3661//3376 
f 3617//3332 3658//3373 3660//3375 
f 3659//3374 3698//3413 3658//3373 
f 3616//3331 3655//3370 3656//3371 
f 3615//3330 3654//3369 3655//3370 
f 3614//3329 3653//3368 3654//3369 
f 3613//3328 3652//3367 3653//3368 
f 3612//3327 3651//3366 3652//3367 
f 3611//3326 3650//3365 3651//3366 
f 3610//3325 3649//3364 3650//3365 
f 3609//3324 3648//3363 3649//3364 
f 3608//3323 3647//3362 3648//3363 
f 3607//3322 3646//3361 3647//3362 
f 3606//3321 3645//3360 3646//3361 
f 3605//3320 3644//3359 3645//3360 
f 3604//3319 3643//3358 3644//3359 
f 3603//3318 3642//3357 3643//3358 
f 3602//3317 3641//3356 3642//3357 
f 3601//3316 3640//3355 3641//3356 
f 3600//3315 3639//3354 3640//3355 
f 3599//3314 3638//3353 3639//3354 
f 3598//3313 3637//3352 3638//3353 
f 3597//3312 3636//3351 3637//3352 
f 3596//3311 3635//3350 3636//3351 
f 3595//3310 3634//3349 3635//3350 
f 3594//3309 3633//3348 3634//3349 
f 3593//3308 3632//3347 3633//3348 
f 3592//3307 3631//3346 3632//3347 
f 3591//3306 3630//3345 3631//3346 
f 3590//3305 3629//3344 3630//3345 
f 3589//3304 3628//3343 3629//3344 
f 3588//3303 3627//3342 3628//3343 
f 3587//3302 3626//3341 3627//3342 
f 3586//3301 3625//3340 3626//3341 
f 3585//3300 3624//3339 3625//3340 
f 3584//3299 3623//3338 3624//3339 
f 3583//3298 3622//3337 3623//3338 
f 3582//3297 3621//3336 3622//3337 
f 3580//3295 3620//3335 3621//3336 
f 3618//3333 3617//3332 3620//3335 
f 3619//3334 3659//3374 3617//3332 
f 3578//3293 3615//3330 3616//3331 
f 3577//3292 3614//3329 3615//3330 
f 3576//3291 3613//3328 3614//3329 
f 3575//3290 3612//3327 3613//3328 
f 3574//3289 3611//3326 3612//3327 
f 3573//3288 3610//3325 3611//3326 
f 3572//3287 3609//3324 3610//3325 
f 3571//3286 3608//3323 3609//3324 
f 3570//3285 3607//3322 3608//3323 
f 3569//3284 3606//3321 3607//3322 
f 3568//3283 3605//3320 3606//3321 
f 3567//3282 3604//3319 3605//3320 
f 3566//3281 3603//3318 3604//3319 
f 3565//3280 3602//3317 3603//3318 
f 3564//3279 3601//3316 3602//3317 
f 3563//3278 3600//3315 3601//3316 
f 3562//3277 3599//3314 3600//3315 
f 3561//3276 3598//3313 3599//3314 
f 3560//3275 3597//3312 3598//3313 
f 3559//3274 3596//3311 3597//3312 
f 3558//3273 3595//3310 3596//3311 
f 3557//3272 3594//3309 3595//3310 
f 3556//3271 3593//3308 3594//3309 
f 3555//3270 3592//3307 3593//3308 
f 3554//3269 3591//3306 3592//3307 
f 3553//3268 3590//3305 3591//3306 
f 3552//3267 3589//3304 3590//3305 
f 3551//3266 3588//3303 3589//3304 
f 3550//3265 3587//3302 3588//3303 
f 3549//3264 3586//3301 3587//3302 
f 3548//3263 3585//3300 3586//3301 
f 3547//3262 3584//3299 3585//3300 
f 3546//3261 3583//3298 3584//3299 
f 3545//3260 3582//3297 3583//3298 
f 3543//3258 3580//3295 3582//3297 
f 3581//3296 3618//3333 3580//3295 
f 3541//3256 3578//3293 3579//3294 
f 3540//3255 3577//3292 3578//3293 
f 3539//3254 3576//3291 3577//3292 
f 3538//3253 3575//3290 3576//3291 
f 3537//3252 3574//3289 3575//3290 
f 3536//3251 3573//3288 3574//3289 
f 3535//3250 3572//3287 3573//3288 
f 3534//3249 3571//3286 3572//3287 
f 3533//3248 3570//3285 3571//3286 
f 3532//3247 3569//3284 3570//3285 
f 3531//3246 3568//3283 3569//3284 
f 3530//3245 3567//3282 3568//3283 
f 3529//3244 3566//3281 3567//3282 
f 3528//3243 3565//3280 3566//3281 
f 3527//3242 3564//3279 3565//3280 
f 3526//3241 3563//3278 3564//3279 
f 3525//3240 3562//3277 3563//3278 
f 3524//3239 3561//3276 3562//3277 
f 3523//3238 3560//3275 3561//3276 
f 3522//3237 3559//3274 3560//3275 
f 3521//3236 3558//3273 3559//3274 
f 3520//3235 3557//3272 3558//3273 
f 3519//3234 3556//3271 3557//3272 
f 3518//3233 3555//3270 3556//3271 
f 3517//3232 3554//3269 3555//3270 
f 3516//3231 3553//3268 3554//3269 
f 3515//3230 3552//3267 3553//3268 
f 3514//3229 3551//3266 3552//3267 
f 3513//3228 3550//3265 3551//3266 
f 3512//3227 3549//3264 3550//3265 
f 3511//3226 3548//3263 3549//3264 
f 3510//3225 3547//3262 3548//3263 
f 3509//3224 3546//3261 3547//3262 
f 3508//3223 3545//3260 3546//3261 
f 3506//3221 3543//3258 3545//3260 
f 3544//3259 3581//3296 3543//3258 
f 3504//3219 3541//3256 3542//3257 
f 3503//3218 3540//3255 3541//3256 
f 3502//3217 3539//3254 3540//3255 
f 3501//3216 3538//3253 3539//3254 
f 3500//3215 3537//3252 3538//3253 
f 3499//3214 3536//3251 3537//3252 
f 3498//3213 3535//3250 3536//3251 
f 3497//3212 3534//3249 3535//3250 
f 3496//3211 3533//3248 3534//3249 
f 3495//3210 3532//3247 3533//3248 
f 3494//3209 3531//3246 3532//3247 
f 3493//3208 3530//3245 3531//3246 
f 3492//3207 3529//3244 3530//3245 
f 3491//3206 3528//3243 3529//3244 
f 3490//3205 3527//3242 3528//3243 
f 3489//3204 3526//3241 3527//3242 
f 3488//3203 3525//3240 3526//3241 
f 3487//3202 3524//3239 3525//3240 
f 3486//3201 3523//3238 3524//3239 
f 3485//3200 3522//3237 3523//3238 
f 3484//3199 3521//3236 3522//3237 
f 3483//3198 3520//3235 3521//3236 
f 3482//3197 3519//3234 3520//3235 
f 3481//3196 3518//3233 3519//3234 
f 3480//3195 3517//3232 3518//3233 
f 3479//3194 3516//3231 3517//3232 
f 3478//3193 3515//3230 3516//3231 
f 3477//3192 3514//3229 3515//3230 
f 3476//3191 3513//3228 3514//3229 
f 3475//3190 3512//3227 3513//3228 
f 3474//3189 3511//3226 3512//3227 
f 3473//3188 3510//3225 3511//3226 
f 3472//3187 3509//3224 3510//3225 
f 3471//3186 3508//3223 3509//3224 
f 3469//3184 3506//3221 3508//3223 
f 3507//3222 3544//3259 3506//3221 
f 3466//3181 3504//3219 3505//3220 
f 3465//3180 3503//3218 3504//3219 
f 3464//3179 3502//3217 3503//3218 
f 3463//3178 3501//3216 3502//3217 
f 3462//3177 3500//3215 3501//3216 
f 3461//3176 3499//3214 3500//3215 
f 3460//3175 3498//3213 3499//3214 
f 3459//3174 3497//3212 3498//3213 
f 3458//3173 3496//3211 3497//3212 
f 3457//3172 3495//3210 3496//3211 
f 3456//3171 3494//3209 3495//3210 
f 3455//3170 3493//3208 3494//3209 
f 3454//3169 3492//3207 3493//3208 
f 3453//3168 3491//3206 3492//3207 
f 3452//3167 3490//3205 3491//3206 
f 3451//3166 3489//3204 3490//3205 
f 3450//3165 3488//3203 3489//3204 
f 3449//3164 3487//3202 3488//3203 
f 3448//3163 3486//3201 3487//3202 
f 3447//3162 3485//3200 3486//3201 
f 3446//3161 3484//3199 3485//3200 
f 3445//3160 3483//3198 3484//3199 
f 3444//3159 3482//3197 3483//3198 
f 3443//3158 3481//3196 3482//3197 
f 3442//3157 3480//3195 3481//3196 
f 3441//3156 3479//3194 3480//3195 
f 3440//3155 3478//3193 3479//3194 
f 3439//3154 3477//3192 3478//3193 
f 3438//3153 3476//3191 3477//3192 
f 3437//3152 3475//3190 3476//3191 
f 3436//3151 3474//3189 3475//3190 
f 3435//3150 3473//3188 3474//3189 
f 3434//3149 3472//3187 3473//3188 
f 3433//3148 3471//3186 3472//3187 
f 3430//3145 3469//3184 3471//3186 
f 3470//3185 3507//3222 3469//3184 
f 3429//3144 3466//3181 3467//3182 
f 3428//3143 3465//3180 3466//3181 
f 3427//3142 3464//3179 3465//3180 
f 3426//3141 3463//3178 3464//3179 
f 3425//3140 3462//3177 3463//3178 
f 3424//3139 3461//3176 3462//3177 
f 3423//3138 3460//3175 3461//3176 
f 3422//3137 3459//3174 3460//3175 
f 3421//3136 3458//3173 3459//3174 
f 3420//3135 3457//3172 3458//3173 
f 3419//3134 3456//3171 3457//3172 
f 3418//3133 3455//3170 3456//3171 
f 3417//3132 3454//3169 3455//3170 
f 3416//3131 3453//3168 3454//3169 
f 3415//3130 3452//3167 3453//3168 
f 3414//3129 3451//3166 3452//3167 
f 3413//3128 3450//3165 3451//3166 
f 3412//3127 3449//3164 3450//3165 
f 3411//3126 3448//3163 3449//3164 
f 3410//3125 3447//3162 3448//3163 
f 3409//3124 3446//3161 3447//3162 
f 3408//3123 3445//3160 3446//3161 
f 3407//3122 3444//3159 3445//3160 
f 3406//3121 3443//3158 3444//3159 
f 3405//3120 3442//3157 3443//3158 
f 3404//3119 3441//3156 3442//3157 
f 3403//3118 3440//3155 3441//3156 
f 3402//3117 3439//3154 3440//3155 
f 3401//3116 3438//3153 3439//3154 
f 3400//3115 3437//3152 3438//3153 
f 3399//3114 3436//3151 3437//3152 
f 3398//3113 3435//3150 3436//3151 
f 3397//3112 3434//3149 3435//3150 
f 3395//3110 3433//3148 3434//3149 
f 3431//3146 3430//3145 3433//3148 
f 3432//3147 3470//3185 3430//3145 
f 3393//3108 3428//3143 3429//3144 
f 3392//3107 3427//3142 3428//3143 
f 3391//3106 3426//3141 3427//3142 
f 3390//3105 3425//3140 3426//3141 
f 3389//3104 3424//3139 3425//3140 
f 3388//3103 3423//3138 3424//3139 
f 3387//3102 3422//3137 3423//3138 
f 3386//3101 3421//3136 3422//3137 
f 3385//3100 3420//3135 3421//3136 
f 3384//3099 3419//3134 3420//3135 
f 3383//3098 3418//3133 3419//3134 
f 3382//3097 3417//3132 3418//3133 
f 3381//3096 3416//3131 3417//3132 
f 3380//3095 3415//3130 3416//3131 
f 3379//3094 3414//3129 3415//3130 
f 3378//3093 3413//3128 3414//3129 
f 3377//3092 3412//3127 3413//3128 
f 3376//3091 3411//3126 3412//3127 
f 3375//3090 3410//3125 3411//3126 
f 3374//3089 3409//3124 3410//3125 
f 3373//3088 3408//3123 3409//3124 
f 3372//3087 3407//3122 3408//3123 
f 3371//3086 3406//3121 3407//3122 
f 3370//3085 3405//3120 3406//3121 
f 3369//3084 3404//3119 3405//3120 
f 3368//3083 3403//3118 3404//3119 
f 3367//3082 3402//3117 3403//3118 
f 3366//3081 3401//3116 3402//3117 
f 3365//3080 3400//3115 3401//3116 
f 3364//3079 3399//3114 3400//3115 
f 3363//3078 3398//3113 3399//3114 
f 3362//3077 3397//3112 3398//3113 
f 3360//3075 3395//3110 3397//3112 
f 3396//3111 3431//3146 3395//3110 
f 3358//3073 3393//3108 3394//3109 
f 3357//3072 3392//3107 3393//3108 
f 3356//3071 3391//3106 3392//3107 
f 3355//3070 3390//3105 3391//3106 
f 3354//3069 3389//3104 3390//3105 
f 3353//3068 3388//3103 3389//3104 
f 3352//3067 3387//3102 3388//3103 
f 3351//3066 3386//3101 3387//3102 
f 3350//3065 3385//3100 3386//3101 
f 3349//3064 3384//3099 3385//3100 
f 3348//3063 3383//3098 3384//3099 
f 3347//3062 3382//3097 3383//3098 
f 3346//3061 3381//3096 3382//3097 
f 3345//3060 3380//3095 3381//3096 
f 3344//3059 3379//3094 3380//3095 
f 3343//3058 3378//3093 3379//3094 
f 3342//3057 3377//3092 3378//3093 
f 3341//3056 3376//3091 3377//3092 
f 3340//3055 3375//3090 3376//3091 
f 3339//3054 3374//3089 3375//3090 
f 3338//3053 3373//3088 3374//3089 
f 3337//3052 3372//3087 3373//3088 
f 3336//3051 3371//3086 3372//3087 
f 3335//3050 3370//3085 3371//3086 
f 3334//3049 3369//3084 3370//3085 
f 3333//3048 3368//3083 3369//3084 
f 3332//3047 3367//3082 3368//3083 
f 3331//3046 3366//3081 3367//3082 
f 3330//3045 3365//3080 3366//3081 
f 3329//3044 3364//3079 3365//3080 
f 3328//3043 3363//3078 3364//3079 
f 3327//3042 3362//3077 3363//3078 
f 3325//3040 3360//3075 3362//3077 
f 3361//3076 3396//3111 3360//3075 
f 3323//3038 3358//3073 3359//3074 
f 3322//3037 3357//3072 3358//3073 
f 3321//3036 3356//3071 3357//3072 
f 3320//3035 3355//3070 3356//3071 
f 3319//3034 3354//3069 3355//3070 
f 3318//3033 3353//3068 3354//3069 
f 3317//3032 3352//3067 3353//3068 
f 3316//3031 3351//3066 3352//3067 
f 3315//3030 3350//3065 3351//3066 
f 3314//3029 3349//3064 3350//3065 
f 3313//3028 3348//3063 3349//3064 
f 3312//3027 3347//3062 3348//3063 
f 3311//3026 3346//3061 3347//3062 
f 3310//3025 3345//3060 3346//3061 
f 3309//3024 3344//3059 3345//3060 
f 3308//3023 3343//3058 3344//3059 
f 3307//3022 3342//3057 3343//3058 
f 3306//3021 3341//3056 3342//3057 
f 3305//3020 3340//3055 3341//3056 
f 3304//3019 3339//3054 3340//3055 
f 3303//3018 3338//3053 3339//3054 
f 3302//3017 3337//3052 3338//3053 
f 3301//3016 3336//3051 3337//3052 
f 3300//3015 3335//3050 3336//3051 
f 3299//3014 3334//3049 3335//3050 
f 3298//3013 3333//3048 3334//3049 
f 3297//3012 3332//3047 3333//3048 
f 3296//3011 3331//3046 3332//3047 
f 3295//3010 3330//3045 3331//3046 
f 3294//3009 3329//3044 3330//3045 
f 3293//3008 3328//3043 3329//3044 
f 3292//3007 3327//3042 3328//3043 
f 3290//3005 3325//3040 3327//3042 
f 3326//3041 3361//3076 3325//3040 
f 3288//3003 3323//3038 3324//3039 
f 3287//3002 3322//3037 3323//3038 
f 3286//3001 3321//3036 3322//3037 
f 3285//3000 3320//3035 3321//3036 
f 3284//2999 3319//3034 3320//3035 
f 3283//2998 3318//3033 3319//3034 
f 3282//2997 3317//3032 3318//3033 
f 3281//2996 3316//3031 3317//3032 
f 3280//2995 3315//3030 3316//3031 
f 3279//2994 3314//3029 3315//3030 
f 3278//2993 3313//3028 3314//3029 
f 3277//2992 3312//3027 3313//3028 
f 3276//2991 3311//3026 3312//3027 
f 3275//2990 3310//3025 3311//3026 
f 3274//2989 3309//3024 3310//3025 
f 3273//2988 3308//3023 3309//3024 
f 3272//2987 3307//3022 3308//3023 
f 3271//2986 3306//3021 3307//3022 
f 3270//2985 3305//3020 3306//3021 
f 3269//2984 3304//3019 3305//3020 
f 3268//2983 3303//3018 3304//3019 
f 3267//2982 3302//3017 3303//3018 
f 3266//2981 3301//3016 3302//3017 
f 3265//2980 3300//3015 3301//3016 
f 3264//2979 3299//3014 3300//3015 
f 3263//2978 3298//3013 3299//3014 
f 3262//2977 3297//3012 3298//3013 
f 3261//2976 3296//3011 3297//3012 
f 3260//2975 3295//3010 3296//3011 
f 3259//2974 3294//3009 3295//3010 
f 3258//2973 3293//3008 3294//3009 
f 3257//2972 3292//3007 3293//3008 
f 3255//2970 3290//3005 3292//3007 
f 3291//3006 3326//3041 3290//3005 
f 3252//2967 3288//3003 3289//3004 
f 3251//2966 3287//3002 3288//3003 
f 3250//2965 3286//3001 3287//3002 
f 3249//2964 3285//3000 3286//3001 
f 3248//2963 3284//2999 3285//3000 
f 3247//2962 3283//2998 3284//2999 
f 3246//2961 3282//2997 3283//2998 
f 3245//2960 3281//2996 3282//2997 
f 3244//2959 3280//2995 3281//2996 
f 3243//2958 3279//2994 3280//2995 
f 3242//2957 3278//2993 3279//2994 
f 3241//2956 3277//2992 3278//2993 
f 3240//2955 3276//2991 3277//2992 
f 3239//2954 3275//2990 3276//2991 
f 3238//2953 3274//2989 3275//2990 
f 3237//2952 3273//2988 3274//2989 
f 3236//2951 3272//2987 3273//2988 
f 3235//2950 3271//2986 3272//2987 
f 3234//2949 3270//2985 3271//2986 
f 3233//2948 3269//2984 3270//2985 
f 3232//2947 3268//2983 3269//2984 
f 3231//2946 3267//2982 3268//2983 
f 3230//2945 3266//2981 3267//2982 
f 3229//2944 3265//2980 3266//2981 
f 3228//2943 3264//2979 3265//2980 
f 3227//2942 3263//2978 3264//2979 
f 3226//2941 3262//2977 3263//2978 
f 3225//2940 3261//2976 3262//2977 
f 3224//2939 3260//2975 3261//2976 
f 3223//2938 3259//2974 3260//2975 
f 3222//2937 3258//2973 3259//2974 
f 3221//2936 3257//2972 3258//2973 
f 3218//2933 3255//2970 3257//2972 
f 3256//2971 3291//3006 3255//2970 
f 3217//2932 3252//2967 3253//2968 
f 3216//2931 3251//2966 3252//2967 
f 3215//2930 3250//2965 3251//2966 
f 3214//2929 3249//2964 3250//2965 
f 3213//2928 3248//2963 3249//2964 
f 3212//2927 3247//2962 3248//2963 
f 3211//2926 3246//2961 3247//2962 
f 3210//2925 3245//2960 3246//2961 
f 3209//2924 3244//2959 3245//2960 
f 3208//2923 3243//2958 3244//2959 
f 3207//2922 3242//2957 3243//2958 
f 3206//2921 3241//2956 3242//2957 
f 3205//2920 3240//2955 3241//2956 
f 3204//2919 3239//2954 3240//2955 
f 3203//2918 3238//2953 3239//2954 
f 3202//2917 3237//2952 3238//2953 
f 3201//2916 3236//2951 3237//2952 
f 3200//2915 3235//2950 3236//2951 
f 3199//2914 3234//2949 3235//2950 
f 3198//2913 3233//2948 3234//2949 
f 3197//2912 3232//2947 3233//2948 
f 3196//2911 3231//2946 3232//2947 
f 3195//2910 3230//2945 3231//2946 
f 3194//2909 3229//2944 3230//2945 
f 3193//2908 3228//2943 3229//2944 
f 3192//2907 3227//2942 3228//2943 
f 3191//2906 3226//2941 3227//2942 
f 3190//2905 3225//2940 3226//2941 
f 3189//2904 3224//2939 3225//2940 
f 3188//2903 3223//2938 3224//2939 
f 3187//2902 3222//2937 3223//2938 
f 3185//2900 3221//2936 3222//2937 
f 3219//2934 3218//2933 3221//2936 
f 3220//2935 3256//2971 3218//2933 
f 3183//2898 3216//2931 3217//2932 
f 3182//2897 3215//2930 3216//2931 
f 3181//2896 3214//2929 3215//2930 
f 3180//2895 3213//2928 3214//2929 
f 3179//2894 3212//2927 3213//2928 
f 3178//2893 3211//2926 3212//2927 
f 3177//2892 3210//2925 3211//2926 
f 3176//2891 3209//2924 3210//2925 
f 3175//2890 3208//2923 3209//2924 
f 3174//2889 3207//2922 3208//2923 
f 3173//2888 3206//2921 3207//2922 
f 3172//2887 3205//2920 3206//2921 
f 3171//2886 3204//2919 3205//2920 
f 3170//2885 3203//2918 3204//2919 
f 3169//2884 3202//2917 3203//2918 
f 3168//2883 3201//2916 3202//2917 
f 3167//2882 3200//2915 3201//2916 
f 3166//2881 3199//2914 3200//2915 
f 3165//2880 3198//2913 3199//2914 
f 3164//2879 3197//2912 3198//2913 
f 3163//2878 3196//2911 3197//2912 
f 3162//2877 3195//2910 3196//2911 
f 3161//2876 3194//2909 3195//2910 
f 3160//2875 3193//2908 3194//2909 
f 3159//2874 3192//2907 3193//2908 
f 3158//2873 3191//2906 3192//2907 
f 3157//2872 3190//2905 3191//2906 
f 3156//2871 3189//2904 3190//2905 
f 3155//2870 3188//2903 3189//2904 
f 3154//2869 3187//2902 3188//2903 
f 3152//2867 3185//2900 3187//2902 
f 3186//2901 3219//2934 3185//2900 
f 3150//2865 3183//2898 3184//2899 
f 3149//2864 3182//2897 3183//2898 
f 3148//2863 3181//2896 3182//2897 
f 3147//2862 3180//2895 3181//2896 
f 3146//2861 3179//2894 3180//2895 
f 3145//2860 3178//2893 3179//2894 
f 3144//2859 3177//2892 3178//2893 
f 3143//2858 3176//2891 3177//2892 
f 3142//2857 3175//2890 3176//2891 
f 3141//2856 3174//2889 3175//2890 
f 3140//2855 3173//2888 3174//2889 
f 3139//2854 3172//2887 3173//2888 
f 3138//2853 3171//2886 3172//2887 
f 3137//2852 3170//2885 3171//2886 
f 3136//2851 3169//2884 3170//2885 
f 3135//2850 3168//2883 3169//2884 
f 3134//2849 3167//2882 3168//2883 
f 3133//2848 3166//2881 3167//2882 
f 3132//2847 3165//2880 3166//2881 
f 3131//2846 3164//2879 3165//2880 
f 3130//2845 3163//2878 3164//2879 
f 3129//2844 3162//2877 3163//2878 
f 3128//2843 3161//2876 3162//2877 
f 3127//2842 3160//2875 3161//2876 
f 3126//2841 3159//2874 3160//2875 
f 3125//2840 3158//2873 3159//2874 
f 3124//2839 3157//2872 3158//2873 
f 3123//2838 3156//2871 3157//2872 
f 3122//2837 3155//2870 3156//2871 
f 3121//2836 3154//2869 3155//2870 
f 3119//2834 3152//2867 3154//2869 
f 3153//2868 3186//2901 3152//2867 
f 3117//2832 3150//2865 3151//2866 
f 3116//2831 3149//2864 3150//2865 
f 3115//2830 3148//2863 3149//2864 
f 3114//2829 3147//2862 3148//2863 
f 3113//2828 3146//2861 3147//2862 
f 3112//2827 3145//2860 3146//2861 
f 3111//2826 3144//2859 3145//2860 
f 3110//2825 3143//2858 3144//2859 
f 3109//2824 3142//2857 3143//2858 
f 3108//2823 3141//2856 3142//2857 
f 3107//2822 3140//2855 3141//2856 
f 3106//2821 3139//2854 3140//2855 
f 3105//2820 3138//2853 3139//2854 
f 3104//2819 3137//2852 3138//2853 
f 3103//2818 3136//2851 3137//2852 
f 3102//2817 3135//2850 3136//2851 
f 3101//2816 3134//2849 3135//2850 
f 3100//2815 3133//2848 3134//2849 
f 3099//2814 3132//2847 3133//2848 
f 3098//2813 3131//2846 3132//2847 
f 3097//2812 3130//2845 3131//2846 
f 3096//2811 3129//2844 3130//2845 
f 3095//2810 3128//2843 3129//2844 
f 3094//2809 3127//2842 3128//2843 
f 3093//2808 3126//2841 3127//2842 
f 3092//2807 3125//2840 3126//2841 
f 3091//2806 3124//2839 3125//2840 
f 3090//2805 3123//2838 3124//2839 
f 3089//2804 3122//2837 3123//2838 
f 3088//2803 3121//2836 3122//2837 
f 3086//2801 3119//2834 3121//2836 
f 3120//2835 3153//2868 3119//2834 
f 3084//2799 3117//2832 3118//2833 
f 3083//2798 3116//2831 3117//2832 
f 3082//2797 3115//2830 3116//2831 
f 3081//2796 3114//2829 3115//2830 
f 3080//2795 3113//2828 3114//2829 
f 3079//2794 3112//2827 3113//2828 
f 3078//2793 3111//2826 3112//2827 
f 3077//2792 3110//2825 3111//2826 
f 3076//2791 3109//2824 3110//2825 
f 3075//2790 3108//2823 3109//2824 
f 3074//2789 3107//2822 3108//2823 
f 3073//2788 3106//2821 3107//2822 
f 3072//2787 3105//2820 3106//2821 
f 3071//2786 3104//2819 3105//2820 
f 3070//2785 3103//2818 3104//2819 
f 3069//2784 3102//2817 3103//2818 
f 3068//2783 3101//2816 3102//2817 
f 3067//2782 3100//2815 3101//2816 
f 3066//2781 3099//2814 3100//2815 
f 3065//2780 3098//2813 3099//2814 
f 3064//2779 3097//2812 3098//2813 
f 3063//2778 3096//2811 3097//2812 
f 3062//2777 3095//2810 3096//2811 
f 3061//2776 3094//2809 3095//2810 
f 3060//2775 3093//2808 3094//2809 
f 3059//2774 3092//2807 3093//2808 
f 3058//2773 3091//2806 3092//2807 
f 3057//2772 3090//2805 3091//2806 
f 3056//2771 3089//2804 3090//2805 
f 3055//2770 3088//2803 3089//2804 
f 3053//2768 3086//2801 3088//2803 
f 3087//2802 3120//2835 3086//2801 
f 3051//2766 3084//2799 3085//2800 
f 3050//2765 3083//2798 3084//2799 
f 3049//2764 3082//2797 3083//2798 
f 3048//2763 3081//2796 3082//2797 
f 3047//2762 3080//2795 3081//2796 
f 3046//2761 3079//2794 3080//2795 
f 3045//2760 3078//2793 3079//2794 
f 3044//2759 3077//2792 3078//2793 
f 3043//2758 3076//2791 3077//2792 
f 3042//2757 3075//2790 3076//2791 
f 3041//2756 3074//2789 3075//2790 
f 3040//2755 3073//2788 3074//2789 
f 3039//2754 3072//2787 3073//2788 
f 3038//2753 3071//2786 3072//2787 
f 3037//2752 3070//2785 3071//2786 
f 3036//2751 3069//2784 3070//2785 
f 3035//2750 3068//2783 3069//2784 
f 3034//2749 3067//2782 3068//2783 
f 3033//2748 3066//2781 3067//2782 
f 3032//2747 3065//2780 3066//2781 
f 3031//2746 3064//2779 3065//2780 
f 3030//2745 3063//2778 3064//2779 
f 3029//2744 3062//2777 3063//2778 
f 3028//2743 3061//2776 3062//2777 
f 3027//2742 3060//2775 3061//2776 
f 3026//2741 3059//2774 3060//2775 
f 3025//2740 3058//2773 3059//2774 
f 3024//2739 3057//2772 3058//2773 
f 3023//2738 3056//2771 3057//2772 
f 3022//2737 3055//2770 3056//2771 
f 3020//2735 3053//2768 3055//2770 
f 3054//2769 3087//2802 3053//2768 
f 3017//2732 3051//2766 3052//2767 
f 3016//2731 3050//2765 3051//2766 
f 3015//2730 3049//2764 3050//2765 
f 3014//2729 3048//2763 3049//2764 
f 3013//2728 3047//2762 3048//2763 
f 3012//2727 3046//2761 3047//2762 
f 3011//2726 3045//2760 3046//2761 
f 3010//2725 3044//2759 3045//2760 
f 3009//2724 3043//2758 3044//2759 
f 3008//2723 3042//2757 3043//2758 
f 3007//2722 3041//2756 3042//2757 
f 3006//2721 3040//2755 3041//2756 
f 3005//2720 3039//2754 3040//2755 
f 3004//2719 3038//2753 3039//2754 
f 3003//2718 3037//2752 3038//2753 
f 3002//2717 3036//2751 3037//2752 
f 3001//2716 3035//2750 3036//2751 
f 3000//2715 3034//2749 3035//2750 
f 2999//2714 3033//2748 3034//2749 
f 2998//2713 3032//2747 3033//2748 
f 2997//2712 3031//2746 3032//2747 
f 2996//2711 3030//2745 3031//2746 
f 2995//2710 3029//2744 3030//2745 
f 2994//2709 3028//2743 3029//2744 
f 2993//2708 3027//2742 3028//2743 
f 2992//2707 3026//2741 3027//2742 
f 2991//2706 3025//2740 3026//2741 
f 2990//2705 3024//2739 3025//2740 
f 2989//2704 3023//2738 3024//2739 
f 2988//2703 3022//2737 3023//2738 
f 2985//2700 3020//2735 3022//2737 
f 3021//2736 3054//2769 3020//2735 
f 2984//2699 3017//2732 3018//2733 
f 2983//2698 3016//2731 3017//2732 
f 2982//2697 3015//2730 3016//2731 
f 2981//2696 3014//2729 3015//2730 
f 2980//2695 3013//2728 3014//2729 
f 2979//2694 3012//2727 3013//2728 
f 2978//2693 3011//2726 3012//2727 
f 2977//2692 3010//2725 3011//2726 
f 2976//2691 3009//2724 3010//2725 
f 2975//2690 3008//2723 3009//2724 
f 2974//2689 3007//2722 3008//2723 
f 2973//2688 3006//2721 3007//2722 
f 2972//2687 3005//2720 3006//2721 
f 2971//2686 3004//2719 3005//2720 
f 2970//2685 3003//2718 3004//2719 
f 2969//2684 3002//2717 3003//2718 
f 2968//2683 3001//2716 3002//2717 
f 2967//2682 3000//2715 3001//2716 
f 2966//2681 2999//2714 3000//2715 
f 2965//2680 2998//2713 2999//2714 
f 2964//2679 2997//2712 2998//2713 
f 2963//2678 2996//2711 2997//2712 
f 2962//2677 2995//2710 2996//2711 
f 2961//2676 2994//2709 2995//2710 
f 2960//2675 2993//2708 2994//2709 
f 2959//2674 2992//2707 2993//2708 
f 2958//2673 2991//2706 2992//2707 
f 2957//2672 2990//2705 2991//2706 
f 2956//2671 2989//2704 2990//2705 
f 2954//2669 2988//2703 2989//2704 
f 2986//2701 2985//2700 2988//2703 
f 2987//2702 3021//2736 2985//2700 
f 2952//2667 2983//2698 2984//2699 
f 2951//2666 2982//2697 2983//2698 
f 2950//2665 2981//2696 2982//2697 
f 2949//2664 2980//2695 2981//2696 
f 2948//2663 2979//2694 2980//2695 
f 2947//2662 2978//2693 2979//2694 
f 2946//2661 2977//2692 2978//2693 
f 2945//2660 2976//2691 2977//2692 
f 2944//2659 2975//2690 2976//2691 
f 2943//2658 2974//2689 2975//2690 
f 2942//2657 2973//2688 2974//2689 
f 2941//2656 2972//2687 2973//2688 
f 2940//2655 2971//2686 2972//2687 
f 2939//2654 2970//2685 2971//2686 
f 2938//2653 2969//2684 2970//2685 
f 2937//2652 2968//2683 2969//2684 
f 2936//2651 2967//2682 2968//2683 
f 2935//2650 2966//2681 2967//2682 
f 2934//2649 2965//2680 2966//2681 
f 2933//2648 2964//2679 2965//2680 
f 2932//2647 2963//2678 2964//2679 
f 2931//2646 2962//2677 2963//2678 
f 2930//2645 2961//2676 2962//2677 
f 2929//2644 2960//2675 2961//2676 
f 2928//2643 2959//2674 2960//2675 
f 2927//2642 2958//2673 2959//2674 
f 2926//2641 2957//2672 2958//2673 
f 2925//2640 2956//2671 2957//2672 
f 2923//2638 2954//2669 2956//2671 
f 2955//2670 2986//2701 2954//2669 
f 2921//2636 2952//2667 2953//2668 
f 2920//2635 2951//2666 2952//2667 
f 2919//2634 2950//2665 2951//2666 
f 2918//2633 2949//2664 2950//2665 
f 2917//2632 2948//2663 2949//2664 
f 2916//2631 2947//2662 2948//2663 
f 2915//2630 2946//2661 2947//2662 
f 2914//2629 2945//2660 2946//2661 
f 2913//2628 2944//2659 2945//2660 
f 2912//2627 2943//2658 2944//2659 
f 2911//2626 2942//2657 2943//2658 
f 2910//2625 2941//2656 2942//2657 
f 2909//2624 2940//2655 2941//2656 
f 2908//2623 2939//2654 2940//2655 
f 2907//2622 2938//2653 2939//2654 
f 2906//2621 2937//2652 2938//2653 
f 2905//2620 2936//2651 2937//2652 
f 2904//2619 2935//2650 2936//2651 
f 2903//2618 2934//2649 2935//2650 
f 2902//2617 2933//2648 2934//2649 
f 2901//2616 2932//2647 2933//2648 
f 2900//2615 2931//2646 2932//2647 
f 2899//2614 2930//2645 2931//2646 
f 2898//2613 2929//2644 2930//2645 
f 2897//2612 2928//2643 2929//2644 
f 2896//2611 2927//2642 2928//2643 
f 2895//2610 2926//2641 2927//2642 
f 2894//2609 2925//2640 2926//2641 
f 2892//2607 2923//2638 2925//2640 
f 2924//2639 2955//2670 2923//2638 
f 2890//2605 2921//2636 2922//2637 
f 2889//2604 2920//2635 2921//2636 
f 2888//2603 2919//2634 2920//2635 
f 2887//2602 2918//2633 2919//2634 
f 2886//2601 2917//2632 2918//2633 
f 2885//2600 2916//2631 2917//2632 
f 2884//2599 2915//2630 2916//2631 
f 2883//2598 2914//2629 2915//2630 
f 2882//2597 2913//2628 2914//2629 
f 2881//2596 2912//2627 2913//2628 
f 2880//2595 2911//2626 2912//2627 
f 2879//2594 2910//2625 2911//2626 
f 2878//2593 2909//2624 2910//2625 
f 2877//2592 2908//2623 2909//2624 
f 2876//2591 2907//2622 2908//2623 
f 2875//2590 2906//2621 2907//2622 
f 2874//2589 2905//2620 2906//2621 
f 2873//2588 2904//2619 2905//2620 
f 2872//2587 2903//2618 2904//2619 
f 2871//2586 2902//2617 2903//2618 
f 2870//2585 2901//2616 2902//2617 
f 2869//2584 2900//2615 2901//2616 
f 2868//2583 2899//2614 2900//2615 
f 2867//2582 2898//2613 2899//2614 
f 2866//2581 2897//2612 2898//2613 
f 2865//2580 2896//2611 2897//2612 
f 2864//2579 2895//2610 2896//2611 
f 2863//2578 2894//2609 2895//2610 
f 2861//2576 2892//2607 2894//2609 
f 2893//2608 2924//2639 2892//2607 
f 2859//2574 2890//2605 2891//2606 
f 2858//2573 2889//2604 2890//2605 
f 2857//2572 2888//2603 2889//2604 
f 2856//2571 2887//2602 2888//2603 
f 2855//2570 2886//2601 2887//2602 
f 2854//2569 2885//2600 2886//2601 
f 2853//2568 2884//2599 2885//2600 
f 2852//2567 2883//2598 2884//2599 
f 2851//2566 2882//2597 2883//2598 
f 2850//2565 2881//2596 2882//2597 
f 2849//2564 2880//2595 2881//2596 
f 2848//2563 2879//2594 2880//2595 
f 2847//2562 2878//2593 2879//2594 
f 2846//2561 2877//2592 2878//2593 
f 2845//2560 2876//2591 2877//2592 
f 2844//2559 2875//2590 2876//2591 
f 2843//2558 2874//2589 2875//2590 
f 2842//2557 2873//2588 2874//2589 
f 2841//2556 2872//2587 2873//2588 
f 2840//2555 2871//2586 2872//2587 
f 2839//2554 2870//2585 2871//2586 
f 2838//2553 2869//2584 2870//2585 
f 2837//2552 2868//2583 2869//2584 
f 2836//2551 2867//2582 2868//2583 
f 2835//2550 2866//2581 2867//2582 
f 2834//2549 2865//2580 2866//2581 
f 2833//2548 2864//2579 2865//2580 
f 2832//2547 2863//2578 2864//2579 
f 2830//2545 2861//2576 2863//2578 
f 2862//2577 2893//2608 2861//2576 
f 2828//2543 2859//2574 2860//2575 
f 2827//2542 2858//2573 2859//2574 
f 2826//2541 2857//2572 2858//2573 
f 2825//2540 2856//2571 2857//2572 
f 2824//2539 2855//2570 2856//2571 
f 2823//2538 2854//2569 2855//2570 
f 2822//2537 2853//2568 2854//2569 
f 2821//2536 2852//2567 2853//2568 
f 2820//2535 2851//2566 2852//2567 
f 2819//2534 2850//2565 2851//2566 
f 2818//2533 2849//2564 2850//2565 
f 2817//2532 2848//2563 2849//2564 
f 2816//2531 2847//2562 2848//2563 
f 2815//2530 2846//2561 2847//2562 
f 2814//2529 2845//2560 2846//2561 
f 2813//2528 2844//2559 2845//2560 
f 2812//2527 2843//2558 2844//2559 
f 2811//2526 2842//2557 2843//2558 
f 2810//2525 2841//2556 2842//2557 
f 2809//2524 2840//2555 2841//2556 
f 2808//2523 2839//2554 2840//2555 
f 2807//2522 2838//2553 2839//2554 
f 2806//2521 2837//2552 2838//2553 
f 2805//2520 2836//2551 2837//2552 
f 2804//2519 2835//2550 2836//2551 
f 2803//2518 2834//2549 2835//2550 
f 2802//2517 2833//2548 2834//2549 
f 2801//2516 2832//2547 2833//2548 
f 2799//2514 2830//2545 2832//2547 
f 2831//2546 2862//2577 2830//2545 
f 2797//2512 2828//2543 2829//2544 
f 2796//2511 2827//2542 2828//2543 
f 2795//2510 2826//2541 2827//2542 
f 2794//2509 2825//2540 2826//2541 
f 2793//2508 2824//2539 2825//2540 
f 2792//2507 2823//2538 2824//2539 
f 2791//2506 2822//2537 2823//2538 
f 2790//2505 2821//2536 2822//2537 
f 2789//2504 2820//2535 2821//2536 
f 2788//2503 2819//2534 2820//2535 
f 2787//2502 2818//2533 2819//2534 
f 2786//2501 2817//2532 2818//2533 
f 2785//2500 2816//2531 2817//2532 
f 2784//2499 2815//2530 2816//2531 
f 2783//2498 2814//2529 2815//2530 
f 2782//2497 2813//2528 2814//2529 
f 2781//2496 2812//2527 2813//2528 
f 2780//2495 2811//2526 2812//2527 
f 2779//2494 2810//2525 2811//2526 
f 2778//2493 2809//2524 2810//2525 
f 2777//2492 2808//2523 2809//2524 
f 2776//2491 2807//2522 2808//2523 
f 2775//2490 2806//2521 2807//2522 
f 2774//2489 2805//2520 2806//2521 
f 2773//2488 2804//2519 2805//2520 
f 2772//2487 2803//2518 2804//2519 
f 2771//2486 2802//2517 2803//2518 
f 2770//2485 2801//2516 2802//2517 
f 2768//2483 2799//2514 2801//2516 
f 2800//2515 2831//2546 2799//2514 
f 2765//2480 2797//2512 2798//2513 
f 2764//2479 2796//2511 2797//2512 
f 2763//2478 2795//2510 2796//2511 
f 2762//2477 2794//2509 2795//2510 
f 2761//2476 2793//2508 2794//2509 
f 2760//2475 2792//2507 2793//2508 
f 2759//2474 2791//2506 2792//2507 
f 2758//2473 2790//2505 2791//2506 
f 2757//2472 2789//2504 2790//2505 
f 2756//2471 2788//2503 2789//2504 
f 2755//2470 2787//2502 2788//2503 
f 2754//2469 2786//2501 2787//2502 
f 2753//2468 2785//2500 2786//2501 
f 2752//2467 2784//2499 2785//2500 
f 2751//2466 2783//2498 2784//2499 
f 2750//2465 2782//2497 2783//2498 
f 2749//2464 2781//2496 2782//2497 
f 2748//2463 2780//2495 2781//2496 
f 2747//2462 2779//2494 2780//2495 
f 2746//2461 2778//2493 2779//2494 
f 2745//2460 2777//2492 2778//2493 
f 2744//2459 2776//2491 2777//2492 
f 2743//2458 2775//2490 2776//2491 
f 2742//2457 2774//2489 2775//2490 
f 2741//2456 2773//2488 2774//2489 
f 2740//2455 2772//2487 2773//2488 
f 2739//2454 2771//2486 2772//2487 
f 2738//2453 2770//2485 2771//2486 
f 2735//2450 2768//2483 2770//2485 
f 2769//2484 2800//2515 2768//2483 
f 2734//2449 2765//2480 2766//2481 
f 2733//2448 2764//2479 2765//2480 
f 2732//2447 2763//2478 2764//2479 
f 2731//2446 2762//2477 2763//2478 
f 2730//2445 2761//2476 2762//2477 
f 2729//2444 2760//2475 2761//2476 
f 2728//2443 2759//2474 2760//2475 
f 2727//2442 2758//2473 2759//2474 
f 2726//2441 2757//2472 2758//2473 
f 2725//2440 2756//2471 2757//2472 
f 2724//2439 2755//2470 2756//2471 
f 2723//2438 2754//2469 2755//2470 
f 2722//2437 2753//2468 2754//2469 
f 2721//2436 2752//2467 2753//2468 
f 2720//2435 2751//2466 2752//2467 
f 2719//2434 2750//2465 2751//2466 
f 2718//2433 2749//2464 2750//2465 
f 2717//2432 2748//2463 2749//2464 
f 2716//2431 2747//2462 2748//2463 
f 2715//2430 2746//2461 2747//2462 
f 2714//2429 2745//2460 2746//2461 
f 2713//2428 2744//2459 2745//2460 
f 2712//2427 2743//2458 2744//2459 
f 2711//2426 2742//2457 2743//2458 
f 2710//2425 2741//2456 2742//2457 
f 2709//2424 2740//2455 2741//2456 
f 2708//2423 2739//2454 2740//2455 
f 2706//2421 2738//2453 2739//2454 
f 2736//2451 2735//2450 2738//2453 
f 2737//2452 2769//2484 2735//2450 
f 2704//2419 2733//2448 2734//2449 
f 2703//2418 2732//2447 2733//2448 
f 2702//2417 2731//2446 2732//2447 
f 2701//2416 2730//2445 2731//2446 
f 2700//2415 2729//2444 2730//2445 
f 2699//2414 2728//2443 2729//2444 
f 2698//2413 2727//2442 2728//2443 
f 2697//2412 2726//2441 2727//2442 
f 2696//2411 2725//2440 2726//2441 
f 2695//2410 2724//2439 2725//2440 
f 2694//2409 2723//2438 2724//2439 
f 2693//2408 2722//2437 2723//2438 
f 2692//2407 2721//2436 2722//2437 
f 2691//2406 2720//2435 2721//2436 
f 2690//2405 2719//2434 2720//2435 
f 2689//2404 2718//2433 2719//2434 
f 2688//2403 2717//2432 2718//2433 
f 2687//2402 2716//2431 2717//2432 
f 2686//2401 2715//2430 2716//2431 
f 2685//2400 2714//2429 2715//2430 
f 2684//2399 2713//2428 2714//2429 
f 2683//2398 2712//2427 2713//2428 
f 2682//2397 2711//2426 2712//2427 
f 2681//2396 2710//2425 2711//2426 
f 2680//2395 2709//2424 2710//2425 
f 2679//2394 2708//2423 2709//2424 
f 2677//2392 2706//2421 2708//2423 
f 2707//2422 2736//2451 2706//2421 
f 2675//2390 2704//2419 2705//2420 
f 2674//2389 2703//2418 2704//2419 
f 2673//2388 2702//2417 2703//2418 
f 2672//2387 2701//2416 2702//2417 
f 2671//2386 2700//2415 2701//2416 
f 2670//2385 2699//2414 2700//2415 
f 2669//2384 2698//2413 2699//2414 
f 2668//2383 2697//2412 2698//2413 
f 2667//2382 2696//2411 2697//2412 
f 2666//2381 2695//2410 2696//2411 
f 2665//2380 2694//2409 2695//2410 
f 2664//2379 2693//2408 2694//2409 
f 2663//2378 2692//2407 2693//2408 
f 2662//2377 2691//2406 2692//2407 
f 2661//2376 2690//2405 2691//2406 
f 2660//2375 2689//2404 2690//2405 
f 2659//2374 2688//2403 2689//2404 
f 2658//2373 2687//2402 2688//2403 
f 2657//2372 2686//2401 2687//2402 
f 2656//2371 2685//2400 2686//2401 
f 2655//2370 2684//2399 2685//2400 
f 2654//2369 2683//2398 2684//2399 
f 2653//2368 2682//2397 2683//2398 
f 2652//2367 2681//2396 2682//2397 
f 2651//2366 2680//2395 2681//2396 
f 2650//2365 2679//2394 2680//2395 
f 2648//2363 2677//2392 2679//2394 
f 2678//2393 2707//2422 2677//2392 
f 2646//2361 2675//2390 2676//2391 
f 2645//2360 2674//2389 2675//2390 
f 2644//2359 2673//2388 2674//2389 
f 2643//2358 2672//2387 2673//2388 
f 2642//2357 2671//2386 2672//2387 
f 2641//2356 2670//2385 2671//2386 
f 2640//2355 2669//2384 2670//2385 
f 2639//2354 2668//2383 2669//2384 
f 2638//2353 2667//2382 2668//2383 
f 2637//2352 2666//2381 2667//2382 
f 2636//2351 2665//2380 2666//2381 
f 2635//2350 2664//2379 2665//2380 
f 2634//2349 2663//2378 2664//2379 
f 2633//2348 2662//2377 2663//2378 
f 2632//2347 2661//2376 2662//2377 
f 2631//2346 2660//2375 2661//2376 
f 2630//2345 2659//2374 2660//2375 
f 2629//2344 2658//2373 2659//2374 
f 2628//2343 2657//2372 2658//2373 
f 2627//2342 2656//2371 2657//2372 
f 2626//2341 2655//2370 2656//2371 
f 2625//2340 2654//2369 2655//2370 
f 2624//2339 2653//2368 2654//2369 
f 2623//2338 2652//2367 2653//2368 
f 2622//2337 2651//2366 2652//2367 
f 2621//2336 2650//2365 2651//2366 
f 2619//2334 2648//2363 2650//2365 
f 2649//2364 2678//2393 2648//2363 
f 2617//2332 2646//2361 2647//2362 
f 2616//2331 2645//2360 2646//2361 
f 2615//2330 2644//2359 2645//2360 
f 2614//2329 2643//2358 2644//2359 
f 2613//2328 2642//2357 2643//2358 
f 2612//2327 2641//2356 2642//2357 
f 2611//2326 2640//2355 2641//2356 
f 2610//2325 2639//2354 2640//2355 
f 2609//2324 2638//2353 2639//2354 
f 2608//2323 2637//2352 2638//2353 
f 2607//2322 2636//2351 2637//2352 
f 2606//2321 2635//2350 2636//2351 
f 2605//2320 2634//2349 2635//2350 
f 2604//2319 2633//2348 2634//2349 
f 2603//2318 2632//2347 2633//2348 
f 2602//2317 2631//2346 2632//2347 
f 2601//2316 2630//2345 2631//2346 
f 2600//2315 2629//2344 2630//2345 
f 2599//2314 2628//2343 2629//2344 
f 2598//2313 2627//2342 2628//2343 
f 2597//2312 2626//2341 2627//2342 
f 2596//2311 2625//2340 2626//2341 
f 2595//2310 2624//2339 2625//2340 
f 2594//2309 2623//2338 2624//2339 
f 2593//2308 2622//2337 2623//2338 
f 2592//2307 2621//2336 2622//2337 
f 2590//2305 2619//2334 2621//2336 
f 2620//2335 2649//2364 2619//2334 
f 2588//2303 2617//2332 2618//2333 
f 2587//2302 2616//2331 2617//2332 
f 2586//2301 2615//2330 2616//2331 
f 2585//2300 2614//2329 2615//2330 
f 2584//2299 2613//2328 2614//2329 
f 2583//2298 2612//2327 2613//2328 
f 2582//2297 2611//2326 2612//2327 
f 2581//2296 2610//2325 2611//2326 
f 2580//2295 2609//2324 2610//2325 
f 2579//2294 2608//2323 2609//2324 
f 2578//2293 2607//2322 2608//2323 
f 2577//2292 2606//2321 2607//2322 
f 2576//2291 2605//2320 2606//2321 
f 2575//2290 2604//2319 2605//2320 
f 2574//2289 2603//2318 2604//2319 
f 2573//2288 2602//2317 2603//2318 
f 2572//2287 2601//2316 2602//2317 
f 2571//2286 2600//2315 2601//2316 
f 2570//2285 2599//2314 2600//2315 
f 2569//2284 2598//2313 2599//2314 
f 2568//2283 2597//2312 2598//2313 
f 2567//2282 2596//2311 2597//2312 
f 2566//2281 2595//2310 2596//2311 
f 2565//2280 2594//2309 2595//2310 
f 2564//2279 2593//2308 2594//2309 
f 2563//2278 2592//2307 2593//2308 
f 2561//2276 2590//2305 2592//2307 
f 2591//2306 2620//2335 2590//2305 
f 2559//2274 2588//2303 2589//2304 
f 2558//2273 2587//2302 2588//2303 
f 2557//2272 2586//2301 2587//2302 
f 2556//2271 2585//2300 2586//2301 
f 2555//2270 2584//2299 2585//2300 
f 2554//2269 2583//2298 2584//2299 
f 2553//2268 2582//2297 2583//2298 
f 2552//2267 2581//2296 2582//2297 
f 2551//2266 2580//2295 2581//2296 
f 2550//2265 2579//2294 2580//2295 
f 2549//2264 2578//2293 2579//2294 
f 2548//2263 2577//2292 2578//2293 
f 2547//2262 2576//2291 2577//2292 
f 2546//2261 2575//2290 2576//2291 
f 2545//2260 2574//2289 2575//2290 
f 2544//2259 2573//2288 2574//2289 
f 2543//2258 2572//2287 2573//2288 
f 2542//2257 2571//2286 2572//2287 
f 2541//2256 2570//2285 2571//2286 
f 2540//2255 2569//2284 2570//2285 
f 2539//2254 2568//2283 2569//2284 
f 2538//2253 2567//2282 2568//2283 
f 2537//2252 2566//2281 2567//2282 
f 2536//2251 2565//2280 2566//2281 
f 2535//2250 2564//2279 2565//2280 
f 2534//2249 2563//2278 2564//2279 
f 2532//2247 2561//2276 2563//2278 
f 2562//2277 2591//2306 2561//2276 
f 2530//2245 2559//2274 2560//2275 
f 2529//2244 2558//2273 2559//2274 
f 2528//2243 2557//2272 2558//2273 
f 2527//2242 2556//2271 2557//2272 
f 2526//2241 2555//2270 2556//2271 
f 2525//2240 2554//2269 2555//2270 
f 2524//2239 2553//2268 2554//2269 
f 2523//2238 2552//2267 2553//2268 
f 2522//2237 2551//2266 2552//2267 
f 2521//2236 2550//2265 2551//2266 
f 2520//2235 2549//2264 2550//2265 
f 2519//2234 2548//2263 2549//2264 
f 2518//2233 2547//2262 2548//2263 
f 2517//2232 2546//2261 2547//2262 
f 2516//2231 2545//2260 2546//2261 
f 2515//2230 2544//2259 2545//2260 
f 2514//2229 2543//2258 2544//2259 
f 2513//2228 2542//2257 2543//2258 
f 2512//2227 2541//2256 2542//2257 
f 2511//2226 2540//2255 2541//2256 
f 2510//2225 2539//2254 2540//2255 
f 2509//2224 2538//2253 2539//2254 
f 2508//2223 2537//2252 2538//2253 
f 2507//2222 2536//2251 2537//2252 
f 2506//2221 2535//2250 2536//2251 
f 2505//2220 2534//2249 2535//2250 
f 2503//2218 2532//2247 2534//2249 
f 2533//2248 2562//2277 2532//2247 
f 2501//2216 2530//2245 2531//2246 
f 2500//2215 2529//2244 2530//2245 
f 2499//2214 2528//2243 2529//2244 
f 2498//2213 2527//2242 2528//2243 
f 2497//2212 2526//2241 2527//2242 
f 2496//2211 2525//2240 2526//2241 
f 2495//2210 2524//2239 2525//2240 
f 2494//2209 2523//2238 2524//2239 
f 2493//2208 2522//2237 2523//2238 
f 2492//2207 2521//2236 2522//2237 
f 2491//2206 2520//2235 2521//2236 
f 2490//2205 2519//2234 2520//2235 
f 2489//2204 2518//2233 2519//2234 
f 2488//2203 2517//2232 2518//2233 
f 2487//2202 2516//2231 2517//2232 
f 2486//2201 2515//2230 2516//2231 
f 2485//2200 2514//2229 2515//2230 
f 2484//2199 2513//2228 2514//2229 
f 2483//2198 2512//2227 2513//2228 
f 2482//2197 2511//2226 2512//2227 
f 2481//2196 2510//2225 2511//2226 
f 2480//2195 2509//2224 2510//2225 
f 2479//2194 2508//2223 2509//2224 
f 2478//2193 2507//2222 2508//2223 
f 2477//2192 2506//2221 2507//2222 
f 2476//2191 2505//2220 2506//2221 
f 2474//2189 2503//2218 2505//2220 
f 2504//2219 2533//2248 2503//2218 
f 2472//2187 2501//2216 2502//2217 
f 2471//2186 2500//2215 2501//2216 
f 2470//2185 2499//2214 2500//2215 
f 2469//2184 2498//2213 2499//2214 
f 2468//2183 2497//2212 2498//2213 
f 2467//2182 2496//2211 2497//2212 
f 2466//2181 2495//2210 2496//2211 
f 2465//2180 2494//2209 2495//2210 
f 2464//2179 2493//2208 2494//2209 
f 2463//2178 2492//2207 2493//2208 
f 2462//2177 2491//2206 2492//2207 
f 2461//2176 2490//2205 2491//2206 
f 2460//2175 2489//2204 2490//2205 
f 2459//2174 2488//2203 2489//2204 
f 2458//2173 2487//2202 2488//2203 
f 2457//2172 2486//2201 2487//2202 
f 2456//2171 2485//2200 2486//2201 
f 2455//2170 2484//2199 2485//2200 
f 2454//2169 2483//2198 2484//2199 
f 2453//2168 2482//2197 2483//2198 
f 2452//2167 2481//2196 2482//2197 
f 2451//2166 2480//2195 2481//2196 
f 2450//2165 2479//2194 2480//2195 
f 2449//2164 2478//2193 2479//2194 
f 2448//2163 2477//2192 2478//2193 
f 2447//2162 2476//2191 2477//2192 
f 2445//2160 2474//2189 2476//2191 
f 2475//2190 2504//2219 2474//2189 
f 2443//2158 2472//2187 2473//2188 
f 2442//2157 2471//2186 2472//2187 
f 2441//2156 2470//2185 2471//2186 
f 2440//2155 2469//2184 2470//2185 
f 2439//2154 2468//2183 2469//2184 
f 2438//2153 2467//2182 2468//2183 
f 2437//2152 2466//2181 2467//2182 
f 2436//2151 2465//2180 2466//2181 
f 2435//2150 2464//2179 2465//2180 
f 2434//2149 2463//2178 2464//2179 
f 2433//2148 2462//2177 2463//2178 
f 2432//2147 2461//2176 2462//2177 
f 2431//2146 2460//2175 2461//2176 
f 2430//2145 2459//2174 2460//2175 
f 2429//2144 2458//2173 2459//2174 
f 2428//2143 2457//2172 2458//2173 
f 2427//2142 2456//2171 2457//2172 
f 2426//2141 2455//2170 2456//2171 
f 2425//2140 2454//2169 2455//2170 
f 2424//2139 2453//2168 2454//2169 
f 2423//2138 2452//2167 2453//2168 
f 2422//2137 2451//2166 2452//2167 
f 2421//2136 2450//2165 2451//2166 
f 2420//2135 2449//2164 2450//2165 
f 2419//2134 2448//2163 2449//2164 
f 2418//2133 2447//2162 2448//2163 
f 2416//2131 2445//2160 2447//2162 
f 2446//2161 2475//2190 2445//2160 
f 2414//2129 2443//2158 2444//2159 
f 2413//2128 2442//2157 2443//2158 
f 2412//2127 2441//2156 2442//2157 
f 2411//2126 2440//2155 2441//2156 
f 2410//2125 2439//2154 2440//2155 
f 2409//2124 2438//2153 2439//2154 
f 2408//2123 2437//2152 2438//2153 
f 2407//2122 2436//2151 2437//2152 
f 2406//2121 2435//2150 2436//2151 
f 2405//2120 2434//2149 2435//2150 
f 2404//2119 2433//2148 2434//2149 
f 2403//2118 2432//2147 2433//2148 
f 2402//2117 2431//2146 2432//2147 
f 2401//2116 2430//2145 2431//2146 
f 2400//2115 2429//2144 2430//2145 
f 2399//2114 2428//2143 2429//2144 
f 2398//2113 2427//2142 2428//2143 
f 2397//2112 2426//2141 2427//2142 
f 2396//2111 2425//2140 2426//2141 
f 2395//2110 2424//2139 2425//2140 
f 2394//2109 2423//2138 2424//2139 
f 2393//2108 2422//2137 2423//2138 
f 2392//2107 2421//2136 2422//2137 
f 2391//2106 2420//2135 2421//2136 
f 2390//2105 2419//2134 2420//2135 
f 2389//2104 2418//2133 2419//2134 
f 2387//2102 2416//2131 2418//2133 
f 2417//2132 2446//2161 2416//2131 
f 2385//2100 2414//2129 2415//2130 
f 2384//2099 2413//2128 2414//2129 
f 2383//2098 2412//2127 2413//2128 
f 2382//2097 2411//2126 2412//2127 
f 2381//2096 2410//2125 2411//2126 
f 2380//2095 2409//2124 2410//2125 
f 2379//2094 2408//2123 2409//2124 
f 2378//2093 2407//2122 2408//2123 
f 2377//2092 2406//2121 2407//2122 
f 2376//2091 2405//2120 2406//2121 
f 2375//2090 2404//2119 2405//2120 
f 2374//2089 2403//2118 2404//2119 
f 2373//2088 2402//2117 2403//2118 
f 2372//2087 2401//2116 2402//2117 
f 2371//2086 2400//2115 2401//2116 
f 2370//2085 2399//2114 2400//2115 
f 2369//2084 2398//2113 2399//2114 
f 2368//2083 2397//2112 2398//2113 
f 2367//2082 2396//2111 2397//2112 
f 2366//2081 2395//2110 2396//2111 
f 2365//2080 2394//2109 2395//2110 
f 2364//2079 2393//2108 2394//2109 
f 2363//2078 2392//2107 2393//2108 
f 2362//2077 2391//2106 2392//2107 
f 2361//2076 2390//2105 2391//2106 
f 2360//2075 2389//2104 2390//2105 
f 2358//2073 2387//2102 2389//2104 
f 2388//2103 2417//2132 2387//2102 
f 2356//2069 2385//2100 2386//2101 
f 2355//2067 2384//2099 2385//2100 
f 2354//2065 2383//2098 2384//2099 
f 2353//2063 2382//2097 2383//2098 
f 2352//2061 2381//2096 2382//2097 
f 2351//2059 2380//2095 2381//2096 
f 2350//2057 2379//2094 2380//2095 
f 2349//2055 2378//2093 2379//2094 
f 2348//2053 2377//2092 2378//2093 
f 2347//2051 2376//2091 2377//2092 
f 2346//2049 2375//2090 2376//2091 
f 2345//2047 2374//2089 2375//2090 
f 2344//2045 2373//2088 2374//2089 
f 2343//2043 2372//2087 2373//2088 
f 2342//2041 2371//2086 2372//2087 
f 2341//2039 2370//2085 2371//2086 
f 2340//2037 2369//2084 2370//2085 
f 2339//2035 2368//2083 2369//2084 
f 2338//2033 2367//2082 2368//2083 
f 2337//2031 2366//2081 2367//2082 
f 2336//2029 2365//2080 2366//2081 
f 2335//2027 2364//2079 2365//2080 
f 2334//2025 2363//2078 2364//2079 
f 2333//2023 2362//2077 2363//2078 
f 2332//2021 2361//2076 2362//2077 
f 2331//2019 2360//2075 2361//2076 
f 2330//2016 2358//2073 2360//2075 
f 2359//2074 2388//2103 2358//2073 
f 303//2070 2356//2069 2357//2071 
f 301//2068 2355//2067 2356//2069 
f 294//2066 2354//2065 2355//2067 
f 294//2066 291//2064 2353//2063 
f 300//2062 2352//2061 2353//2063 
f 283//2060 2351//2059 2352//2061 
f 280//2058 2350//2057 2351//2059 
f 289//2056 2349//2055 2350//2057 
f 299//2054 2348//2053 2349//2055 
f 297//2052 2347//2051 2348//2053 
f 287//2050 2346//2049 2347//2051 
f 287//2050 285//2048 2345//2047 
f 278//2046 2344//2045 2345//2047 
f 276//2044 2343//2043 2344//2045 
f 276//2044 274//2042 2342//2041 
f 271//2040 2341//2039 2342//2041 
f 296//2038 2340//2037 2341//2039 
f 296//2038 269//2036 2339//2035 
f 267//2034 2338//2033 2339//2035 
f 265//2032 2337//2031 2338//2033 
f 263//2030 2336//2029 2337//2031 
f 258//2028 2335//2027 2336//2029 
f 255//2026 2334//2025 2335//2027 
f 255//2026 262//2024 2333//2023 
f 260//2022 2332//2021 2333//2023 
f 253//2020 2331//2019 2332//2021 
f 253//2020 250//2017 2330//2016 
f 252//2018 2359//2074 2330//2016 
o mesh7
f 2209//4026 2208//4026 350//4026 
f 2209//4026 470//4026 4022//4026 
f 4022//4026 2212//4026 2209//4026 
f 2208//4026 2201//4026 471//4026 
f 471//4026 350//4026 2208//4026 
f 470//4026 469//4026 4022//4026 
f 350//4026 470//4026 2209//4026 
o mesh8
f 2326//4027 2323//4027 353//4027 
f 352//4027 351//4027 2325//4027 
f 307//4027 2325//4027 351//4027 
f 2325//4027 2326//4027 352//4027 
f 2324//4027 2321//4027 354//4027 
f 355//4027 353//4027 2323//4027 
f 353//4027 352//4027 2326//4027 
f 2323//4027 2324//4027 355//4027 
f 2322//4027 2319//4027 356//4027 
f 357//4027 354//4027 2321//4027 
f 354//4027 355//4027 2324//4027 
f 2321//4027 2322//4027 357//4027 
f 356//4027 357//4027 2322//4027 
f 2319//4027 2318//4027 358//4027 
f 2320//4027 2316//4027 360//4027 
f 359//4027 358//4027 2318//4027 
f 358//4027 356//4027 2319//4027 
f 2318//4027 2320//4027 359//4027 
f 2317//4027 2314//4027 362//4027 
f 361//4027 360//4027 2316//4027 
f 360//4027 359//4027 2320//4027 
f 2316//4027 2317//4027 361//4027 
f 2315//4027 2313//4027 363//4027 
f 364//4027 362//4027 2314//4027 
f 362//4027 361//4027 2317//4027 
f 2314//4027 2315//4027 364//4027 
f 2310//4027 2309//4027 367//4027 
f 363//4027 364//4027 2315//4027 
f 365//4027 363//4027 2313//4027 
f 366//4027 2312//4027 2310//4027 
f 2313//4027 2312//4027 365//4027 
f 367//4027 366//4027 2310//4027 
f 2311//4027 2307//4027 369//4027 
f 368//4027 367//4027 2309//4027 
f 366//4027 365//4027 2312//4027 
f 2309//4027 2311//4027 368//4027 
f 2308//4027 2306//4027 370//4027 
f 371//4027 369//4027 2307//4027 
f 2299//4027 382//4027 378//4027 
f 369//4027 368//4027 2311//4027 
f 2307//4027 2308//4027 371//4027 
f 2305//4027 2303//4027 372//4027 
f 373//4027 370//4027 2306//4027 
f 378//4027 2298//4027 2299//4027 
f 2294//4027 2292//4027 383//4027 
f 384//4027 381//4027 2295//4027 
f 370//4027 371//4027 2308//4027 
f 2306//4027 2305//4027 373//4027 
f 380//4027 382//4027 2297//4027 
f 378//4027 377//4027 2298//4027 
f 2296//4027 2295//4027 381//4027 
f 2295//4027 2294//4027 384//4027 
f 372//4027 373//4027 2305//4027 
f 2303//4027 2302//4027 374//4027 
f 2304//4027 2300//4027 376//4027 
f 375//4027 374//4027 2302//4027 
f 2299//4027 2297//4027 382//4027 
f 383//4027 384//4027 2294//4027 
f 387//4027 383//4027 2292//4027 
f 374//4027 372//4027 2303//4027 
f 2302//4027 2304//4027 375//4027 
f 2301//4027 2298//4027 377//4027 
f 379//4027 376//4027 2300//4027 
f 381//4027 380//4027 2296//4027 
f 2293//4027 385//4027 387//4027 
f 2290//4027 2289//4027 386//4027 
f 376//4027 375//4027 2304//4027 
f 2300//4027 2301//4027 379//4027 
f 2292//4027 2293//4027 387//4027 
f 385//4027 2293//4027 2290//4027 
f 377//4027 379//4027 2301//4027 
f 386//4027 385//4027 2290//4027 
f 2291//4027 2287//4027 389//4027 
f 388//4027 386//4027 2289//4027 
f 2297//4027 2296//4027 380//4027 
f 2289//4027 2291//4027 388//4027 
f 2288//4027 2286//4027 390//4027 
f 391//4027 389//4027 2287//4027 
f 389//4027 388//4027 2291//4027 
f 2287//4027 2288//4027 391//4027 
f 394//4027 390//4027 2286//4027 
f 390//4027 391//4027 2288//4027 
f 2285//4027 392//4027 394//4027 
f 2283//4027 2282//4027 393//4027 
f 2286//4027 2285//4027 394//4027 
f 392//4027 2285//4027 2283//4027 
f 2284//4027 2280//4027 396//4027 
f 395//4027 393//4027 2282//4027 
f 393//4027 392//4027 2283//4027 
f 2282//4027 2284//4027 395//4027 
f 2281//4027 2278//4027 397//4027 
f 398//4027 396//4027 2280//4027 
f 396//4027 395//4027 2284//4027 
f 2280//4027 2281//4027 398//4027 
f 401//4027 397//4027 2278//4027 
f 402//4027 399//4027 2276//4027 
f 397//4027 398//4027 2281//4027 
f 2279//4027 400//4027 401//4027 
f 2277//4027 399//4027 400//4027 
f 399//4027 2277//4027 2276//4027 
f 2278//4027 2279//4027 401//4027 
f 2276//4027 2275//4027 402//4027 
f 2274//4027 2272//4027 404//4027 
f 403//4027 402//4027 2275//4027 
f 400//4027 2279//4027 2277//4027 
f 2275//4027 2274//4027 403//4027 
f 2273//4027 2270//4027 406//4027 
f 405//4027 404//4027 2272//4027 
f 421//4027 419//4027 2258//4027 
f 404//4027 403//4027 2274//4027 
f 2272//4027 2273//4027 405//4027 
f 2271//4027 2269//4027 407//4027 
f 408//4027 406//4027 2270//4027 
f 2260//4027 2259//4027 419//4027 
f 2257//4027 2255//4027 420//4027 
f 419//4027 2259//4027 2258//4027 
f 406//4027 405//4027 2273//4027 
f 2270//4027 2271//4027 408//4027 
f 2266//4027 2265//4027 411//4027 
f 418//4027 414//4027 2261//4027 
f 2262//4027 2260//4027 417//4027 
f 419//4027 416//4027 2260//4027 
f 2258//4027 2257//4027 421//4027 
f 407//4027 408//4027 2271//4027 
f 409//4027 407//4027 2269//4027 
f 410//4027 2268//4027 2266//4027 
f 417//4027 418//4027 2262//4027 
f 420//4027 421//4027 2257//4027 
f 2253//4027 2252//4027 424//4027 
f 2269//4027 2268//4027 409//4027 
f 411//4027 410//4027 2266//4027 
f 2267//4027 2263//4027 413//4027 
f 412//4027 411//4027 2265//4027 
f 416//4027 417//4027 2260//4027 
f 422//4027 420//4027 2255//4027 
f 423//4027 2256//4027 2253//4027 
f 410//4027 409//4027 2268//4027 
f 2265//4027 2267//4027 412//4027 
f 2264//4027 2261//4027 414//4027 
f 415//4027 413//4027 2263//4027 
f 2255//4027 2256//4027 422//4027 
f 424//4027 423//4027 2253//4027 
f 2254//4027 2250//4027 426//4027 
f 425//4027 424//4027 2252//4027 
f 413//4027 412//4027 2267//4027 
f 2263//4027 2264//4027 415//4027 
f 423//4027 422//4027 2256//4027 
f 2252//4027 2254//4027 425//4027 
f 414//4027 415//4027 2264//4027 
f 426//4027 425//4027 2254//4027 
f 2251//4027 2248//4027 427//4027 
f 428//4027 426//4027 2250//4027 
f 2261//4027 2262//4027 418//4027 
f 2250//4027 2251//4027 428//4027 
f 427//4027 428//4027 2251//4027 
f 2248//4027 2247//4027 429//4027 
f 2249//4027 2245//4027 431//4027 
f 430//4027 429//4027 2247//4027 
f 429//4027 427//4027 2248//4027 
f 2247//4027 2249//4027 430//4027 
f 2246//4027 2243//4027 433//4027 
f 434//4027 431//4027 2245//4027 
f 436//4027 432//4027 2244//4027 
f 431//4027 430//4027 2249//4027 
f 2245//4027 2246//4027 434//4027 
f 2327//4027 435//4027 436//4027 
f 2243//4027 2244//4027 432//4027 
f 433//4027 434//4027 2246//4027 
f 432//4027 433//4027 2243//4027 
f 2241//4027 2240//4027 437//4027 
f 2244//4027 2327//4027 436//4027 
f 435//4027 2327//4027 2241//4027 
f 2242//4027 2238//4027 439//4027 
f 438//4027 437//4027 2240//4027 
f 437//4027 435//4027 2241//4027 
f 2240//4027 2242//4027 438//4027 
f 2239//4027 2236//4027 440//4027 
f 441//4027 439//4027 2238//4027 
f 439//4027 438//4027 2242//4027 
f 2238//4027 2239//4027 441//4027 
f 2237//4027 2234//4027 442//4027 
f 443//4027 440//4027 2236//4027 
f 440//4027 441//4027 2239//4027 
f 2236//4027 2237//4027 443//4027 
f 442//4027 443//4027 2237//4027 
f 2234//4027 2233//4027 444//4027 
f 2235//4027 2231//4027 445//4027 
f 447//4027 444//4027 2233//4027 
f 2328//4027 2229//4027 449//4027 
f 446//4027 2231//4027 2232//4027 
f 444//4027 442//4027 2234//4027 
f 2233//4027 2235//4027 447//4027 
f 448//4027 2232//4027 2328//4027 
f 2232//4027 448//4027 446//4027 
f 445//4027 447//4027 2235//4027 
f 446//4027 445//4027 2231//4027 
f 2230//4027 2228//4027 450//4027 
f 451//4027 449//4027 2229//4027 
f 449//4027 448//4027 2328//4027 
f 2229//4027 2230//4027 451//4027 
f 2225//4027 2224//4027 454//4027 
f 450//4027 451//4027 2230//4027 
f 452//4027 450//4027 2228//4027 
f 453//4027 2227//4027 2225//4027 
f 2228//4027 2227//4027 452//4027 
f 454//4027 453//4027 2225//4027 
f 2226//4027 2222//4027 456//4027 
f 455//4027 454//4027 2224//4027 
f 2210//4027 4022//4027 469//4027 
f 453//4027 452//4027 2227//4027 
f 2224//4027 2226//4027 455//4027 
f 2223//4027 2220//4027 457//4027 
f 459//4027 456//4027 2222//4027 
f 2216//4027 2213//4027 465//4027 
f 466//4027 464//4027 2215//4027 
f 469//4027 2211//4027 2210//4027 
f 456//4027 455//4027 2226//4027 
f 2222//4027 2223//4027 459//4027 
f 460//4027 458//4027 2221//4027 
f 2220//4027 2221//4027 458//4027 
f 2218//4027 2217//4027 462//4027 
f 2215//4027 2216//4027 466//4027 
f 467//4027 465//4027 2213//4027 
f 468//4027 2214//4027 2211//4027 
f 457//4027 459//4027 2223//4027 
f 458//4027 457//4027 2220//4027 
f 461//4027 2329//4027 2218//4027 
f 2219//4027 2215//4027 464//4027 
f 463//4027 462//4027 2217//4027 
f 2213//4027 2214//4027 467//4027 
f 469//4027 468//4027 2211//4027 
f 2221//4027 2329//4027 460//4027 
f 462//4027 461//4027 2218//4027 
f 2217//4027 2219//4027 463//4027 
f 468//4027 467//4027 2214//4027 
f 461//4027 460//4027 2329//4027 
f 465//4027 466//4027 2216//4027 
f 464//4027 463//4027 2219//4027 
f 351//4027 308//4027 307//4027 
o mesh9
f 4022//4028 2210//4028 2212//4028 
