# OBJ generated by ONSHAPE BY PTC INC, 1.213 Units = meters
mtllib wing9.mtl
g Part 10
v -1.20449 1.19522 -0.464489 
v -1.20436 1.1953 -0.464377 
v -1.20451 1.19524 -0.464397 
v -1.20662 1.20059 -0.466044 
v -1.2057 1.20097 -0.465926 
v -1.21329 1.22079 -0.471978 
v -1.21421 1.22041 -0.472097 
v -1.22054 1.24062 -0.477959 
v -1.22147 1.24025 -0.478081 
v -1.20278 1.19357 -0.463648 
v -0.270953 0.0699218 -0.0553508 
v -0.27168 0.0692939 -0.0560015 
v -0.26914 0.0671927 -0.0546758 
v -0.290252 0.085871 -0.0654247 
v -0.301417 0.0952042 -0.0712296 
v -0.302142 0.0945822 -0.0718778 
v -0.292382 0.0864164 -0.0668046 
v -0.313309 0.105145 -0.0774121 
v -0.257961 0.0580241 -0.0488252 
v -0.257107 0.0585443 -0.0481082 
v -0.267005 0.0666585 -0.0532895 
v -0.331495 0.120522 -0.0868284 
v -0.332218 0.119905 -0.0874739 
v -0.315432 0.1057 -0.0787851 
v -0.33617 0.124475 -0.0892491 
v -0.338285 0.12504 -0.0906145 
v -0.361159 0.145872 -0.102128 
v -0.361884 0.145252 -0.102777 
v -0.360937 0.144431 -0.10229 
v -0.381286 0.163289 -0.112462 
v -0.35883 0.143858 -0.100933 
v -0.390384 0.171255 -0.117112 
v -0.391107 0.170639 -0.117758 
v -0.383382 0.16387 -0.113811 
v -0.403532 0.182766 -0.123833 
v -0.419174 0.196624 -0.131793 
v -0.419894 0.196012 -0.132435 
v -0.405619 0.183354 -0.125173 
v -0.425566 0.202286 -0.135045 
v -0.449448 0.222446 -0.147418 
v -0.447517 0.221966 -0.146164 
v -0.468982 0.241442 -0.156985 
v -0.427641 0.202881 -0.136376 
v -0.471034 0.242049 -0.158297 
v -0.447384 0.221845 -0.146096 
v -0.448235 0.221358 -0.146804 
v -0.475376 0.247315 -0.160193 
v -0.476096 0.246702 -0.160836 
v -0.490358 0.261074 -0.167709 
v -0.50277 0.272613 -0.173905 
v -0.503488 0.272005 -0.174545 
v -0.492398 0.261686 -0.169011 
v -0.51151 0.280738 -0.178267 
v -0.632452 0.398224 -0.237526 
v -0.633165 0.397621 -0.238161 
v -0.624398 0.388766 -0.23394 
v -0.639511 0.40534 -0.240927 
v -0.608215 0.372641 -0.226101 
v -0.595792 0.360324 -0.220069 
v -0.600729 0.366534 -0.222175 
v -0.613811 0.379493 -0.22853 
v -0.61577 0.380132 -0.229769 
v -0.610511 0.374917 -0.227216 
v -0.529692 0.297853 -0.187297 
v -0.530406 0.297248 -0.187934 
v -0.513537 0.281355 -0.179559 
v -0.532434 0.300434 -0.188659 
v -0.642884 0.407438 -0.24284 
v -0.620988 0.386666 -0.232002 
v -0.593819 0.35969 -0.218819 
v -0.607502 0.373244 -0.225465 
v -0.534448 0.301056 -0.189941 
v -0.656913 0.423106 -0.249263 
v -0.657621 0.422512 -0.249893 
v -0.556121 0.323048 -0.200353 
v -0.556839 0.322437 -0.200993 
v -0.555129 0.320785 -0.200153 
v -0.573591 0.339911 -0.208936 
v -0.553128 0.320159 -0.198882 
v -0.661135 0.426107 -0.251575 
v -0.657799 0.424011 -0.249687 
v -0.675852 0.442679 -0.258283 
v -0.582055 0.348187 -0.213071 
v -0.58277 0.34758 -0.213709 
v -0.575578 0.340541 -0.210196 
v -0.679151 0.444773 -0.260145 
v -0.680858 0.447924 -0.260652 
v -0.681575 0.447318 -0.261291 
v -0.69367 0.461344 -0.266713 
v -0.70431 0.472638 -0.271715 
v -0.705023 0.47204 -0.272349 
v -0.696932 0.463435 -0.26855 
v -0.711251 0.480004 -0.274978 
v -0.727273 0.497238 -0.28246 
v -0.727981 0.496648 -0.283089 
v -0.714476 0.482093 -0.276789 
v -0.731783 0.500746 -0.284862 
v -0.728595 0.49866 -0.283077 
v -0.745703 0.51731 -0.29101 
v -0.749724 0.521754 -0.292862 
v -0.750443 0.521153 -0.293501 
v -0.748854 0.519393 -0.29277 
v -0.762573 0.535955 -0.298777 
v -0.771679 0.54616 -0.302939 
v -0.772394 0.545568 -0.303574 
v -0.765687 0.538035 -0.300512 
v -0.779205 0.554594 -0.306378 
v -0.798639 0.575302 -0.315496 
v -0.79386 0.569859 -0.313332 
v -0.795599 0.573227 -0.313812 
v -0.793149 0.570443 -0.312701 
v -0.782282 0.556672 -0.308087 
v -0.799836 0.578113 -0.315718 
v -0.805504 0.583234 -0.318581 
v -0.811754 0.591854 -0.32108 
v -0.814758 0.593926 -0.322738 
v -0.814119 0.594621 -0.322135 
v -0.814842 0.594025 -0.322776 
v -0.827671 0.610475 -0.32818 
v -0.947312 0.760527 -0.379326 
v -0.948034 0.759956 -0.379961 
v -0.940454 0.74981 -0.376862 
v -0.834591 0.618692 -0.331241 
v -0.83531 0.618104 -0.331878 
v -0.830638 0.612543 -0.329814 
v -0.843348 0.62909 -0.335114 
v -0.937864 0.74791 -0.375457 
v -0.950623 0.764949 -0.380682 
v -0.935086 0.742705 -0.374649 
v -0.936035 0.745495 -0.374702 
v -0.854583 0.642633 -0.340038 
v -0.855299 0.642052 -0.34067 
v -0.846278 0.631155 -0.336722 
v -0.858786 0.647699 -0.34188 
v -0.953177 0.76684 -0.382064 
v -0.932375 0.740661 -0.373191 
v -0.929719 0.737194 -0.372085 
v -0.930438 0.736624 -0.372718 
v -0.920886 0.724126 -0.368749 
v -0.876841 0.66836 -0.350036 
v -0.874099 0.666444 -0.348527 
v -0.888943 0.684899 -0.354909 
v -0.86168 0.64976 -0.343463 
v -0.965677 0.78384 -0.387115 
v -0.964442 0.783727 -0.38627 
v -0.975473 0.798938 -0.390682 
v -0.940091 0.74933 -0.376712 
v -0.891763 0.686954 -0.356442 
v -0.873984 0.666302 -0.348478 
v -0.874812 0.66587 -0.349156 
v -0.977955 0.800809 -0.392017 
v -0.96316 0.781958 -0.385757 
v -0.965172 0.783153 -0.386911 
v -0.918138 0.722078 -0.367265 
v -0.893108 0.690161 -0.356681 
v -0.893834 0.689575 -0.357322 
v -0.903661 0.703491 -0.361171 
v -0.981093 0.806816 -0.392901 
v -0.981824 0.806246 -0.393542 
v -0.987564 0.815888 -0.395456 
v -0.911647 0.713745 -0.364533 
v -0.912369 0.713166 -0.36517 
v -0.906445 0.705542 -0.36268 
v -0.99001 0.81775 -0.396768 
v -0.997298 0.829765 -0.399248 
v -0.998025 0.829204 -0.399885 
v -0.999434 0.832809 -0.40008 
v -1.00184 0.834661 -0.40137 
v -1.01304 0.852593 -0.405297 
v -1.01378 0.852024 -0.405945 
v -1.01346 0.851544 -0.405822 
v -1.02251 0.866565 -0.408881 
v -1.01108 0.849701 -0.404555 
v -1.04317 0.897871 -0.416523 
v -1.04391 0.89732 -0.417163 
v -1.03767 0.887754 -0.414882 
v -1.02832 0.875301 -0.411048 
v -1.02906 0.874741 -0.411691 
v -1.02485 0.868398 -0.410125 
v -1.03371 0.883401 -0.413057 
v -1.03602 0.885223 -0.414279 
v -1.03454 0.88466 -0.413358 
v -1.04697 0.902022 -0.418284 
v -1.0447 0.900209 -0.417084 
v -1.05547 0.91699 -0.420962 
v -1.05757 0.920325 -0.421704 
v -1.05832 0.919766 -0.422355 
v -1.0577 0.918793 -0.42214 
v -1.06601 0.933744 -0.424691 
v -1.07152 0.942657 -0.426598 
v -1.07226 0.942107 -0.427246 
v -1.06822 0.935538 -0.425848 
v -1.07634 0.950473 -0.428271 
v -1.08504 0.964854 -0.431226 
v -1.08579 0.964312 -0.431869 
v -1.07851 0.952256 -0.429406 
v -1.08645 0.967176 -0.431703 
v -1.08859 0.96895 -0.432817 
v -1.10737 1.0029 -0.438549 
v -1.11078 1.0089 -0.439626 
v -1.10993 1.00553 -0.439775 
v -1.11154 1.00836 -0.440279 
v -1.11546 1.01714 -0.441105 
v -1.09813 0.986937 -0.435566 
v -1.09889 0.986388 -0.436222 
v -1.09844 0.985619 -0.436078 
v -1.10601 1.00051 -0.43812 
v -1.09634 0.983855 -0.434986 
v -1.10808 1.00226 -0.439192 
v -1.1175 1.01889 -0.442156 
v -1.12302 1.03074 -0.443427 
v -1.12377 1.0302 -0.444076 
v -1.12469 1.03375 -0.443942 
v -1.13568 1.05206 -0.447639 
v -1.13483 1.05246 -0.446953 
v -1.14251 1.06691 -0.449167 
v -1.1267 1.03549 -0.444972 
v -1.14445 1.06862 -0.450157 
v -1.13371 1.05034 -0.446629 
v -1.13561 1.05192 -0.447616 
v -1.1982 1.18061 -0.463288 
v -1.14622 1.07407 -0.450201 
v -1.14699 1.07354 -0.450861 
v -1.15109 1.08346 -0.451556 
v -1.19709 1.1804 -0.46255 
v -1.18772 1.15936 -0.460594 
v -1.1885 1.15884 -0.46126 
v -1.18501 1.15115 -0.460501 
v -1.18995 1.16427 -0.461084 
v -1.15721 1.09556 -0.453195 
v -1.15798 1.09503 -0.453852 
v -1.153 1.08516 -0.452525 
v -1.15945 1.09999 -0.453795 
v -1.19647 1.17896 -0.46243 
v -1.19789 1.17989 -0.463222 
v -1.19171 1.16592 -0.461958 
v -1.16944 1.11819 -0.456814 
v -1.1678 1.11692 -0.455933 
v -1.17552 1.133 -0.457822 
v -1.16133 1.10168 -0.454745 
v -1.16181 1.10478 -0.454401 
v -1.16759 1.1165 -0.455884 
v -1.16857 1.11641 -0.456591 
v -1.16399 1.10709 -0.455423 
v -1.18322 1.14949 -0.459609 
v -1.17795 1.1382 -0.458386 
v -1.17873 1.13768 -0.459055 
v -1.17733 1.13467 -0.458733 
v -0.217728 0.0516574 -0.118014 
v -0.216908 0.0521453 -0.117364 
v -0.220673 0.0522418 -0.112555 
v -0.213837 0.0516251 -0.12276 
v -0.213035 0.0521131 -0.122087 
v -0.228742 0.0521421 -0.103272 
v -0.22787 0.0526276 -0.102691 
v -0.231297 0.0529167 -0.0976426 
v -0.225183 0.051916 -0.108267 
v -0.224328 0.0524026 -0.107663 
v -0.221511 0.0517544 -0.113182 
v -0.205737 0.0517544 -0.131981 
v -0.204974 0.0522418 -0.131265 
v -0.209056 0.0521453 -0.126722 
v -0.201535 0.051916 -0.13645 
v -0.200791 0.0524026 -0.135713 
v -0.197233 0.0521421 -0.140822 
v -0.19651 0.0526276 -0.140065 
v -0.192836 0.0524325 -0.145094 
v -0.192133 0.0529167 -0.144316 
v -0.238716 0.0532055 -0.0878372 
v -0.237797 0.0536861 -0.0873284 
v -0.240867 0.0541661 -0.082069 
v -0.23551 0.052787 -0.093054 
v -0.234607 0.0532696 -0.0925206 
v -0.232185 0.0524325 -0.0982 
v -0.209839 0.0516574 -0.127416 
v -0.188346 0.052787 -0.149262 
v -0.187664 0.0532696 -0.148465 
v -0.183765 0.0532055 -0.153325 
v -0.183104 0.0536861 -0.152509 
v -0.179096 0.0536878 -0.15728 
v -0.178458 0.0541661 -0.156445 
v -0.174343 0.0542333 -0.161124 
v -0.173727 0.0547091 -0.160272 
v -0.250303 0.0555133 -0.066329 
v -0.24933 0.055983 -0.065921 
v -0.251897 0.0567131 -0.0604263 
v -0.247595 0.054842 -0.0717956 
v -0.246635 0.0553149 -0.071362 
v -0.24476 0.0542333 -0.0772047 
v -0.243814 0.0547091 -0.0767458 
v -0.2418 0.0536878 -0.0825531 
v -0.256639 0.0583574 -0.049289 
v -0.25533 0.0570422 -0.055237 
v -0.254334 0.0575048 -0.0548811 
v -0.257646 0.0578989 -0.0496186 
v -0.252882 0.0562468 -0.0608083 
v -0.169509 0.054842 -0.164855 
v -0.168915 0.0553149 -0.163985 
v -0.164595 0.0555133 -0.168471 
v -0.164025 0.055983 -0.167584 
v -0.159606 0.0562468 -0.17197 
v -0.159059 0.0567131 -0.171066 
v -0.154545 0.0570422 -0.175348 
v -0.154021 0.0575048 -0.174429 
v -0.149414 0.0578989 -0.178605 
v -0.148915 0.0583574 -0.17767 
v -0.148687 0.0580241 -0.179053 
v -0.147833 0.0585443 -0.178336 
v -1.21641 1.23675 -0.495782 
v -1.20686 1.22954 -0.531213 
v -1.21185 1.23306 -0.513537 
v -1.20146 1.2262 -0.548799 
v -1.19563 1.22304 -0.566285 
v -1.18939 1.22006 -0.583659 
v -1.18274 1.21727 -0.600911 
v -1.17568 1.21466 -0.618029 
v -1.16037 1.21 -0.651825 
v -1.16822 1.21223 -0.635004 
v -1.15212 1.20795 -0.668481 
v -1.13446 1.20444 -0.701258 
v -1.14348 1.2061 -0.684962 
v -1.11529 1.20169 -0.733253 
v -1.12506 1.20297 -0.717358 
v -1.10516 1.20061 -0.748932 
v -1.09467 1.19973 -0.764386 
v -1.08383 1.19904 -0.779606 
v -1.07264 1.19855 -0.794581 
v -1.04926 1.19815 -0.823762 
v -1.06112 1.19825 -0.809303 
v -1.03708 1.19825 -0.83795 
v -1.02458 1.19855 -0.851857 
v -1.01178 1.19904 -0.865476 
v -0.985273 1.20061 -0.891811 
v -0.998671 1.19973 -0.878796 
v -0.971591 1.20169 -0.904512 
v -0.94341 1.20444 -0.928941 
v -0.957634 1.20297 -0.916891 
v -0.914198 1.20795 -0.952022 
v -0.928929 1.2061 -0.940654 
v -0.884027 1.21223 -0.973698 
v -0.899228 1.21 -0.963039 
v -0.868605 1.21466 -0.983992 
v -0.852972 1.21727 -0.993915 
v -0.837137 1.22006 -1.00346 
v -0.804902 1.2262 -1.0214 
v -0.82111 1.22304 -1.01262 
v -0.77198 1.23306 -1.03775 
v -0.788522 1.22954 -1.02977 
v -0.738452 1.24062 -1.05249 
v -0.755287 1.23675 -1.04533 
v -0.724025 1.20097 -1.03996 
v -0.154654 0.0666585 -0.187184 
v -0.15737 0.0699218 -0.190714 
v -0.170642 0.085871 -0.207971 
v -0.186451 0.105145 -0.228596 
v -0.178297 0.0952042 -0.217958 
v -0.202078 0.124475 -0.249054 
v -0.198882 0.120522 -0.24487 
v -0.217519 0.143858 -0.269341 
v -0.219101 0.145872 -0.271426 
v -0.232772 0.163289 -0.289453 
v -0.238932 0.171255 -0.297606 
v -0.247834 0.182766 -0.309387 
v -0.262702 0.202286 -0.329139 
v -0.258389 0.196624 -0.323409 
v -0.277374 0.221845 -0.348706 
v -0.277463 0.221966 -0.348826 
v -0.291847 0.241442 -0.368086 
v -0.296117 0.247315 -0.373826 
v -0.30612 0.261074 -0.387275 
v -0.320191 0.280738 -0.406272 
v -0.314377 0.272613 -0.398423 
v -0.334058 0.300434 -0.425074 
v -0.332241 0.297853 -0.42261 
v -0.34772 0.320159 -0.443678 
v -0.349688 0.323048 -0.44637 
v -0.361174 0.339911 -0.462084 
v -0.374419 0.35969 -0.480289 
v -0.378925 0.366534 -0.486511 
v -0.366716 0.348187 -0.469701 
v -0.387455 0.379493 -0.498291 
v -0.39212 0.386666 -0.504756 
v -0.383341 0.373244 -0.49261 
v -0.404126 0.40534 -0.521448 
v -0.399551 0.398224 -0.515087 
v -0.415929 0.424011 -0.537937 
v -0.427529 0.442679 -0.554223 
v -0.415357 0.423106 -0.537138 
v -0.430731 0.447924 -0.558742 
v -0.438925 0.461344 -0.570306 
v -0.450117 0.480004 -0.586185 
v -0.445699 0.472638 -0.579916 
v -0.461105 0.49866 -0.601859 
v -0.471889 0.51731 -0.617329 
v -0.460268 0.497238 -0.600665 
v -0.47441 0.521754 -0.620968 
v -0.482467 0.535955 -0.632594 
v -0.49284 0.554594 -0.647654 
v -0.488147 0.54616 -0.64084 
v -0.505621 0.578113 -0.66635 
v -0.503008 0.573227 -0.662508 
v -0.501489 0.570443 -0.660288 
v -0.512971 0.591854 -0.677156 
v -0.51442 0.594621 -0.679301 
v -0.522727 0.610475 -0.691598 
v -0.526943 0.618692 -0.697881 
v -0.532278 0.62909 -0.705833 
v -0.541622 0.647699 -0.719861 
v -0.539078 0.642633 -0.716042 
v -0.550759 0.666302 -0.733683 
v -0.550827 0.666444 -0.733787 
v -0.55969 0.684899 -0.747297 
v -0.562158 0.690161 -0.751092 
v -0.568413 0.703491 -0.760704 
v -0.576928 0.722078 -0.773903 
v -0.57311 0.713745 -0.767986 
v -0.587359 0.745495 -0.790237 
v -0.585236 0.740661 -0.786895 
v -0.583686 0.737194 -0.784471 
v -0.58842 0.74791 -0.791907 
v -0.595782 0.764949 -0.803565 
v -0.593871 0.760527 -0.80054 
v -0.602957 0.781958 -0.81503 
v -0.603685 0.783727 -0.816204 
v -0.609945 0.798938 -0.826301 
v -0.613106 0.806816 -0.831451 
v -0.616746 0.815888 -0.83738 
v -0.623362 0.832809 -0.848266 
v -0.622171 0.829765 -0.846307 
v -0.629791 0.849701 -0.85896 
v -0.630862 0.852593 -0.86076 
v -0.636035 0.866565 -0.869462 
v -0.642534 0.88466 -0.880531 
v -0.642094 0.883401 -0.879773 
v -0.639179 0.875301 -0.874812 
v -0.647967 0.900209 -0.889892 
v -0.64715 0.897871 -0.888485 
v -0.653656 0.91699 -0.899821 
v -0.654751 0.920325 -0.90176 
v -0.65916 0.933744 -0.90956 
v -0.664479 0.950473 -0.919109 
v -0.661994 0.942657 -0.914647 
v -0.669613 0.967176 -0.928467 
v -0.668899 0.964854 -0.927166 
v -0.674564 0.983855 -0.937636 
v -0.67933 1.00051 -0.946616 
v -0.679989 1.0029 -0.947881 
v -0.675446 0.986937 -0.939298 
v -0.681641 1.0089 -0.951052 
v -0.683911 1.01714 -0.955406 
v -0.688308 1.03375 -0.964007 
v -0.68751 1.03074 -0.962446 
v -0.69252 1.05034 -0.97242 
v -0.693034 1.05246 -0.97347 
v -0.696547 1.06691 -0.980643 
v -0.69821 1.07407 -0.98412 
v -0.700389 1.08346 -0.988677 
v -0.704046 1.09999 -0.996523 
v -0.705054 1.10478 -0.998745 
v -0.703066 1.09556 -0.99442 
v -0.707517 1.1165 -1.00418 
v -0.707601 1.11692 -1.00437 
v -0.710803 1.133 -1.01165 
v -0.71178 1.1382 -1.01394 
v -0.713901 1.14949 -1.01893 
v -0.716522 1.16427 -1.0253 
v -0.715651 1.15936 -1.02318 
v -0.718979 1.17896 -1.03148 
v -0.719205 1.1804 -1.03207 
v -0.721274 1.19357 -1.03748 
v -0.731302 1.22079 -1.04639 
v -1.20916 1.21692 -0.489796 
v -1.2046 1.21323 -0.507547 
v -1.19961 1.20971 -0.52522 
v -1.19421 1.20637 -0.542802 
v -1.18838 1.20321 -0.560284 
v -1.18214 1.20024 -0.577654 
v -1.17549 1.19744 -0.594903 
v -1.16844 1.19483 -0.612018 
v -1.16098 1.19241 -0.628989 
v -1.15313 1.19017 -0.645806 
v -1.14488 1.18813 -0.662458 
v -1.13624 1.18628 -0.678936 
v -1.12722 1.18461 -0.695228 
v -1.11783 1.18315 -0.711324 
v -1.10806 1.18187 -0.727216 
v -1.09793 1.18079 -0.742892 
v -1.08744 1.17991 -0.758343 
v -1.0766 1.17922 -0.773559 
v -1.06542 1.17872 -0.788531 
v -1.0539 1.17843 -0.80325 
v -1.04204 1.17833 -0.817706 
v -1.02986 1.17843 -0.831891 
v -1.01737 1.17872 -0.845795 
v -1.00457 1.17922 -0.85941 
v -0.991464 1.17991 -0.872728 
v -0.978069 1.18079 -0.88574 
v -0.96439 1.18187 -0.898438 
v -0.950436 1.18315 -0.910815 
v -0.936215 1.18461 -0.922862 
v -0.921737 1.18628 -0.934572 
v -0.907009 1.18813 -0.945938 
v -0.892042 1.19017 -0.956952 
v -0.876845 1.19241 -0.967609 
v -0.861426 1.19483 -0.977901 
v -0.845797 1.19744 -0.987821 
v -0.829965 1.20024 -0.997365 
v -0.813942 1.20321 -1.00652 
v -0.797737 1.20637 -1.0153 
v -0.78136 1.20971 -1.02367 
v -0.764822 1.21323 -1.03165 
v -0.748132 1.21692 -1.03922 
v -1.20157 1.19711 -0.483734 
v -1.19701 1.19342 -0.501473 
v -1.19203 1.18991 -0.519134 
v -1.18663 1.18657 -0.536705 
v -1.18081 1.18341 -0.554176 
v -1.17458 1.18044 -0.571535 
v -1.16793 1.17764 -0.588772 
v -1.16088 1.17503 -0.605876 
v -1.15343 1.17261 -0.622836 
v -1.14558 1.17038 -0.639642 
v -1.13733 1.16834 -0.656284 
v -1.1287 1.16648 -0.672751 
v -1.11969 1.16482 -0.689032 
v -1.1103 1.16335 -0.705119 
v -1.10054 1.16208 -0.721 
v -1.09042 1.161 -0.736665 
v -1.07994 1.16012 -0.752106 
v -1.0691 1.15943 -0.767313 
v -1.05793 1.15894 -0.782275 
v -1.04641 1.15864 -0.796984 
v -1.03456 1.15854 -0.811431 
v -1.02239 1.15864 -0.825607 
v -1.00991 1.15894 -0.839502 
v -0.997113 1.15943 -0.853108 
v -0.984019 1.16012 -0.866418 
v -0.970632 1.161 -0.879421 
v -0.956963 1.16208 -0.892111 
v -0.943017 1.16335 -0.90448 
v -0.928806 1.16482 -0.916519 
v -0.914337 1.16648 -0.928222 
v -0.899619 1.16834 -0.93958 
v -0.884661 1.17038 -0.950588 
v -0.869474 1.17261 -0.961237 
v -0.854065 1.17503 -0.971523 
v -0.838446 1.17764 -0.981437 
v -0.822624 1.18044 -0.990974 
v -0.806612 1.18341 -1.00013 
v -0.790417 1.18657 -1.00889 
v -0.774051 1.18991 -1.01727 
v -0.757523 1.19342 -1.02524 
v -0.740845 1.19711 -1.03281 
v -1.19359 1.17716 -0.477545 
v -1.18904 1.17347 -0.495265 
v -1.18406 1.16996 -0.512907 
v -1.17867 1.16663 -0.530459 
v -1.17285 1.16347 -0.547911 
v -1.16663 1.1605 -0.565251 
v -1.15999 1.15771 -0.582469 
v -1.15294 1.15511 -0.599555 
v -1.1455 1.15269 -0.616497 
v -1.13766 1.15046 -0.633285 
v -1.12942 1.14841 -0.649908 
v -1.1208 1.14656 -0.666357 
v -1.1118 1.1449 -0.682621 
v -1.10242 1.14344 -0.69869 
v -1.09267 1.14217 -0.714554 
v -1.08256 1.14109 -0.730203 
v -1.07209 1.1402 -0.745627 
v -1.06127 1.13952 -0.760817 
v -1.0501 1.13903 -0.775763 
v -1.0386 1.13873 -0.790457 
v -1.02677 1.13863 -0.804888 
v -1.01461 1.13873 -0.819048 
v -1.00214 1.13903 -0.832928 
v -0.989355 1.13952 -0.84652 
v -0.976275 1.1402 -0.859815 
v -0.962903 1.14109 -0.872804 
v -0.949248 1.14217 -0.88548 
v -0.935318 1.14344 -0.897836 
v -0.921122 1.1449 -0.909862 
v -0.906669 1.14656 -0.921552 
v -0.891967 1.14841 -0.932898 
v -0.877025 1.15046 -0.943894 
v -0.861854 1.15269 -0.954532 
v -0.846462 1.15511 -0.964806 
v -0.83086 1.15771 -0.974709 
v -0.815056 1.1605 -0.984236 
v -0.79906 1.16347 -0.993381 
v -0.782883 1.16663 -1.00214 
v -0.766535 1.16996 -1.0105 
v -0.750025 1.17347 -1.01846 
v -1.18521 1.15706 -0.471229 
v -1.18067 1.15338 -0.488922 
v -1.1757 1.14988 -0.506537 
v -1.17031 1.14655 -0.524062 
v -1.16451 1.1434 -0.541487 
v -1.15829 1.14043 -0.558801 
v -1.15166 1.13764 -0.575993 
v -1.14463 1.13504 -0.593053 
v -1.1372 1.13263 -0.609969 
v -1.12937 1.1304 -0.626731 
v -1.12114 1.12836 -0.643329 
v -1.11254 1.12652 -0.659753 
v -1.10355 1.12486 -0.675992 
v -1.09418 1.12339 -0.692037 
v -1.08445 1.12212 -0.707876 
v -1.07435 1.12105 -0.723501 
v -1.0639 1.12017 -0.738902 
v -1.05309 1.11948 -0.754069 
v -1.04194 1.11899 -0.768992 
v -1.03046 1.11869 -0.783663 
v -1.01864 1.1186 -0.798072 
v -1.0065 1.11869 -0.812211 
v -0.994051 1.11899 -0.82607 
v -0.98129 1.11948 -0.839641 
v -0.96823 1.12017 -0.852915 
v -0.954878 1.12105 -0.865885 
v -0.941244 1.12212 -0.878542 
v -0.927335 1.12339 -0.890878 
v -0.913161 1.12486 -0.902886 
v -0.898729 1.12652 -0.914558 
v -0.88405 1.12836 -0.925887 
v -0.869131 1.1304 -0.936866 
v -0.853983 1.13263 -0.947488 
v -0.838615 1.13504 -0.957746 
v -0.823036 1.13764 -0.967635 
v -0.807256 1.14043 -0.977147 
v -0.791285 1.1434 -0.986277 
v -0.775133 1.14655 -0.99502 
v -0.758809 1.14988 -1.00337 
v -0.733364 1.17716 -1.02602 
v -0.742325 1.15338 -1.01132 
v -1.17643 1.13682 -0.464783 
v -1.1719 1.13315 -0.482442 
v -1.16694 1.12965 -0.500022 
v -1.16156 1.12633 -0.517513 
v -1.15577 1.12319 -0.534903 
v -1.14956 1.12022 -0.552183 
v -1.14295 1.11744 -0.569341 
v -1.13593 1.11485 -0.586367 
v -1.12851 1.11244 -0.603249 
v -1.1207 1.11022 -0.619979 
v -1.11249 1.10818 -0.636544 
v -1.1039 1.10634 -0.652935 
v -1.09493 1.10468 -0.669142 
v -1.08558 1.10322 -0.685155 
v -1.07587 1.10195 -0.700963 
v -1.06579 1.10088 -0.716557 
v -1.05536 1.1 -0.731928 
v -1.04457 1.09931 -0.747064 
v -1.03345 1.09883 -0.761958 
v -1.02198 1.09853 -0.7766 
v -1.01019 1.09843 -0.790981 
v -0.998077 1.09853 -0.805092 
v -0.985648 1.09883 -0.818923 
v -0.972913 1.09931 -0.832467 
v -0.959878 1.1 -0.845716 
v -0.946553 1.10088 -0.85866 
v -0.932946 1.10195 -0.871292 
v -0.919065 1.10322 -0.883604 
v -0.904918 1.10468 -0.895588 
v -0.890515 1.10634 -0.907237 
v -0.875865 1.10818 -0.918543 
v -0.860976 1.11022 -0.9295 
v -0.845858 1.11244 -0.940101 
v -0.83052 1.11485 -0.950339 
v -0.814972 1.11744 -0.960208 
v -0.799223 1.12022 -0.969702 
v -0.783283 1.12319 -0.978814 
v -0.767163 1.12633 -0.98754 
v -0.750872 1.12965 -0.995873 
v -0.725689 1.15706 -1.01887 
v -0.73442 1.13315 -1.00381 
v -1.16725 1.11644 -0.458208 
v -1.16272 1.11278 -0.475823 
v -1.15777 1.10929 -0.49336 
v -1.15241 1.10597 -0.510808 
v -1.14663 1.10284 -0.528156 
v -1.14044 1.09988 -0.545394 
v -1.13384 1.09711 -0.56251 
v -1.12684 1.09452 -0.579494 
v -1.11944 1.09211 -0.596336 
v -1.11164 1.0899 -0.613025 
v -1.10346 1.08787 -0.62955 
v -1.09489 1.08603 -0.645901 
v -1.08594 1.08438 -0.662069 
v -1.07662 1.08292 -0.678042 
v -1.06692 1.08166 -0.693812 
v -1.05687 1.08058 -0.709368 
v -1.04646 1.07971 -0.724701 
v -1.03571 1.07902 -0.739801 
v -1.02461 1.07853 -0.754659 
v -1.01317 1.07824 -0.769265 
v -1.00141 1.07814 -0.78361 
v -0.989323 1.07824 -0.797687 
v -0.976924 1.07853 -0.811485 
v -0.96422 1.07902 -0.824996 
v -0.951217 1.07971 -0.838212 
v -0.937925 1.08058 -0.851124 
v -0.92435 1.08166 -0.863725 
v -0.910503 1.08292 -0.876007 
v -0.896391 1.08438 -0.887962 
v -0.882023 1.08603 -0.899583 
v -0.867408 1.08787 -0.910862 
v -0.852555 1.0899 -0.921792 
v -0.837474 1.09211 -0.932367 
v -0.822174 1.09452 -0.942581 
v -0.806663 1.09711 -0.952425 
v -0.790953 1.09988 -0.961896 
v -0.775052 1.10284 -0.970986 
v -0.758971 1.10597 -0.97969 
v -0.74272 1.10929 -0.988003 
v -0.717817 1.13682 -1.01134 
v -0.726308 1.11278 -0.995919 
v -1.15313 1.09226 -0.469063 
v -1.1482 1.08878 -0.48655 
v -1.14285 1.08547 -0.503947 
v -1.13709 1.08235 -0.521245 
v -1.13091 1.0794 -0.538433 
v -1.12434 1.07663 -0.555499 
v -1.11735 1.07405 -0.572434 
v -1.10997 1.07165 -0.589227 
v -1.1022 1.06944 -0.605867 
v -1.09404 1.06742 -0.622344 
v -1.08549 1.06558 -0.638648 
v -1.07657 1.06394 -0.654768 
v -1.06728 1.06249 -0.670695 
v -1.05761 1.06123 -0.686419 
v -1.04759 1.06016 -0.70193 
v -1.03721 1.05928 -0.717218 
v -1.02649 1.0586 -0.732275 
v -1.01542 1.05811 -0.747089 
v -1.00402 1.05782 -0.761653 
v -0.992287 1.05772 -0.775957 
v -0.980237 1.05782 -0.789992 
v -0.967874 1.05811 -0.80375 
v -0.955207 1.0586 -0.817222 
v -0.942242 1.05928 -0.8304 
v -0.928988 1.06016 -0.843275 
v -0.915453 1.06123 -0.855839 
v -0.901646 1.06249 -0.868085 
v -0.887575 1.06394 -0.880006 
v -0.873249 1.06558 -0.891592 
v -0.858676 1.06742 -0.902839 
v -0.843867 1.06944 -0.913737 
v -0.828829 1.07165 -0.924282 
v -0.813573 1.07405 -0.934465 
v -0.798108 1.07663 -0.944282 
v -0.782443 1.0794 -0.953724 
v -0.766589 1.08235 -0.962788 
v -0.750554 1.08547 -0.971467 
v -0.73435 1.08878 -0.979756 
v -1.14312 1.07159 -0.462162 
v -1.13821 1.06812 -0.479589 
v -1.13288 1.06483 -0.496927 
v -1.12713 1.06171 -0.514167 
v -1.12098 1.05878 -0.531296 
v -1.11443 1.05602 -0.548305 
v -1.10747 1.05345 -0.565182 
v -1.10011 1.05106 -0.581918 
v -1.09237 1.04885 -0.598502 
v -1.08423 1.04684 -0.614923 
v -1.07572 1.04501 -0.631172 
v -1.06682 1.04337 -0.647238 
v -1.05756 1.04192 -0.663111 
v -1.04793 1.04066 -0.678782 
v -1.03794 1.0396 -0.69424 
v -1.0276 1.03873 -0.709477 
v -1.01691 1.03805 -0.724482 
v -1.00588 1.03756 -0.739247 
v -0.994514 1.03727 -0.753761 
v -0.982824 1.03717 -0.768017 
v -0.970815 1.03727 -0.782004 
v -0.958494 1.03756 -0.795716 
v -0.945869 1.03805 -0.809142 
v -0.932948 1.03873 -0.822275 
v -0.919739 1.0396 -0.835107 
v -0.90625 1.04066 -0.847629 
v -0.89249 1.04192 -0.859833 
v -0.878466 1.04337 -0.871713 
v -0.864189 1.04501 -0.883261 
v -0.849666 1.04684 -0.894469 
v -0.834906 1.04885 -0.905331 
v -0.81992 1.05106 -0.91584 
v -0.804715 1.05345 -0.925989 
v -0.789302 1.05602 -0.935772 
v -0.773691 1.05878 -0.945183 
v -0.75789 1.06171 -0.954216 
v -0.74191 1.06483 -0.962865 
v -0.717986 1.09226 -0.987649 
v -0.72576 1.06812 -0.971126 
v -1.13269 1.05077 -0.455116 
v -1.1278 1.04732 -0.472476 
v -1.12249 1.04404 -0.489747 
v -1.11677 1.04094 -0.506919 
v -1.11064 1.03801 -0.523982 
v -1.10411 1.03527 -0.540925 
v -1.09718 1.0327 -0.557737 
v -1.08985 1.03032 -0.574408 
v -1.08213 1.02813 -0.590928 
v -1.07403 1.02612 -0.607286 
v -1.06555 1.0243 -0.623471 
v -1.05669 1.02266 -0.639475 
v -1.04746 1.02122 -0.655287 
v -1.03787 1.01997 -0.670897 
v -1.02792 1.01891 -0.686296 
v -1.01761 1.01804 -0.701473 
v -1.00697 1.01736 -0.71642 
v -0.995979 1.01688 -0.731127 
v -0.984659 1.01659 -0.745586 
v -0.973015 1.01649 -0.759786 
v -0.961052 1.01659 -0.77372 
v -0.948779 1.01688 -0.787378 
v -0.936203 1.01736 -0.800752 
v -0.923332 1.01804 -0.813834 
v -0.910175 1.01891 -0.826616 
v -0.896738 1.01997 -0.839089 
v -0.883031 1.02122 -0.851247 
v -0.869062 1.02266 -0.863081 
v -0.854839 1.0243 -0.874584 
v -0.840372 1.02612 -0.885748 
v -0.82567 1.02813 -0.896568 
v -0.810742 1.03032 -0.907036 
v -0.795596 1.0327 -0.917146 
v -0.780243 1.03527 -0.926891 
v -0.764692 1.03801 -0.936265 
v -0.748952 1.04094 -0.945264 
v -0.733034 1.04404 -0.95388 
v -0.709451 1.07159 -0.978992 
v -0.716947 1.04732 -0.962108 
v -1.12184 1.02981 -0.447924 
v -1.11696 1.02637 -0.465208 
v -1.11167 1.02311 -0.482404 
v -1.10598 1.02002 -0.499501 
v -1.09988 1.0171 -0.51649 
v -1.09337 1.01437 -0.533358 
v -1.08647 1.01182 -0.550097 
v -1.07918 1.00945 -0.566695 
v -1.0715 1.00726 -0.583142 
v -1.06343 1.00526 -0.599428 
v -1.05498 1.00345 -0.615543 
v -1.04616 1.00182 -0.631477 
v -1.03698 1.00039 -0.647219 
v -1.02742 0.99914 -0.662761 
v -1.01752 0.998084 -0.678092 
v -1.00726 0.997219 -0.693203 
v -0.996658 0.996545 -0.708085 
v -0.985719 0.996064 -0.722728 
v -0.974449 0.995775 -0.737123 
v -0.962855 0.995679 -0.751261 
v -0.950945 0.995775 -0.765134 
v -0.938726 0.996064 -0.778732 
v -0.926205 0.996545 -0.792048 
v -0.91339 0.997219 -0.805073 
v -0.90029 0.998084 -0.817798 
v -0.886912 0.99914 -0.830217 
v -0.873265 1.00039 -0.842322 
v -0.859357 1.00182 -0.854104 
v -0.845197 1.00345 -0.865556 
v -0.830793 1.00526 -0.876672 
v -0.816155 1.00726 -0.887444 
v -0.801292 1.00945 -0.897867 
v -0.786213 1.01182 -0.907932 
v -0.770927 1.01437 -0.917635 
v -0.755444 1.0171 -0.926968 
v -0.739773 1.02002 -0.935927 
v -0.723925 1.02311 -0.944505 
v -0.700701 1.05077 -0.969944 
v -0.707908 1.02637 -0.952698 
v -1.11054 1.0087 -0.440585 
v -1.10569 1.00527 -0.457784 
v -1.10043 1.00202 -0.474896 
v -1.09476 0.998949 -0.49191 
v -1.08869 0.996051 -0.508815 
v -1.08222 0.993331 -0.525601 
v -1.07535 0.990791 -0.542258 
v -1.06809 0.988434 -0.558775 
v -1.06045 0.986259 -0.575141 
v -1.05242 0.984269 -0.591348 
v -1.04402 0.982464 -0.607384 
v -1.03524 0.980847 -0.62324 
v -1.0261 0.979417 -0.638905 
v -1.01659 0.978176 -0.654371 
v -1.00673 0.977125 -0.669627 
v -0.996527 0.976264 -0.684664 
v -0.985978 0.975594 -0.699473 
v -0.975092 0.975115 -0.714044 
v -0.963877 0.974828 -0.728369 
v -0.95234 0.974732 -0.742438 
v -0.940488 0.974828 -0.756243 
v -0.928329 0.975115 -0.769774 
v -0.915869 0.975594 -0.783025 
v -0.903117 0.976264 -0.795986 
v -0.890081 0.977125 -0.80865 
v -0.876769 0.978176 -0.821008 
v -0.863188 0.979417 -0.833053 
v -0.849348 0.980847 -0.844777 
v -0.835257 0.982464 -0.856174 
v -0.820924 0.984269 -0.867235 
v -0.806358 0.986259 -0.877955 
v -0.791568 0.988434 -0.888326 
v -0.776562 0.990791 -0.898342 
v -0.761351 0.993331 -0.907997 
v -0.745944 0.996051 -0.917285 
v -0.730349 0.998949 -0.9262 
v -0.714578 1.00202 -0.934737 
v -0.691734 1.02981 -0.960499 
v -0.69864 1.00527 -0.942889 
v -1.09399 0.984027 -0.450203 
v -1.08875 0.980795 -0.467222 
v -1.08312 0.977737 -0.484143 
v -1.07708 0.974854 -0.500957 
v -1.07064 0.972149 -0.517652 
v -1.06381 0.969623 -0.534218 
v -1.05659 0.967278 -0.550645 
v -1.04899 0.965115 -0.566923 
v -1.041 0.963136 -0.583042 
v -1.03265 0.961341 -0.598991 
v -1.02392 0.959732 -0.614761 
v -1.01482 0.958311 -0.630341 
v -1.00537 0.957077 -0.645723 
v -0.995565 0.956031 -0.660897 
v -0.985413 0.955175 -0.675852 
v -0.97492 0.954508 -0.690581 
v -0.964094 0.954032 -0.705073 
v -0.95294 0.953746 -0.71932 
v -0.941465 0.953651 -0.733313 
v -0.929677 0.953746 -0.747043 
v -0.917584 0.954032 -0.760501 
v -0.905192 0.954508 -0.77368 
v -0.892509 0.955175 -0.786571 
v -0.879544 0.956031 -0.799166 
v -0.866303 0.957077 -0.811457 
v -0.852797 0.958311 -0.823437 
v -0.839032 0.959732 -0.835097 
v -0.825017 0.961341 -0.846432 
v -0.810762 0.963136 -0.857434 
v -0.796275 0.965115 -0.868095 
v -0.781564 0.967278 -0.87841 
v -0.76664 0.969623 -0.888372 
v -0.751512 0.972149 -0.897975 
v -0.736188 0.974854 -0.907212 
v -0.720678 0.977737 -0.916079 
v -0.704993 0.980795 -0.924569 
v -1.08184 0.96263 -0.442461 
v -1.07663 0.959417 -0.459378 
v -1.07103 0.956377 -0.476199 
v -1.06503 0.953511 -0.492912 
v -1.05863 0.950823 -0.509508 
v -1.05184 0.948312 -0.525975 
v -1.04467 0.945981 -0.542304 
v -1.03711 0.943831 -0.558485 
v -1.02917 0.941863 -0.574508 
v -1.02086 0.940079 -0.590362 
v -1.01218 0.93848 -0.606037 
v -1.00315 0.937067 -0.621525 
v -0.99375 0.93584 -0.636815 
v -0.984003 0.934801 -0.651898 
v -0.973912 0.93395 -0.666764 
v -0.963481 0.933287 -0.681405 
v -0.952719 0.932813 -0.695811 
v -0.941632 0.932529 -0.709973 
v -0.930226 0.932434 -0.723882 
v -0.918509 0.932529 -0.73753 
v -0.906487 0.932813 -0.750908 
v -0.894169 0.933287 -0.764008 
v -0.881562 0.93395 -0.776822 
v -0.868674 0.934801 -0.789342 
v -0.855513 0.93584 -0.80156 
v -0.842087 0.937067 -0.813468 
v -0.828404 0.93848 -0.825059 
v -0.814473 0.940079 -0.836326 
v -0.800303 0.941863 -0.847262 
v -0.785902 0.943831 -0.85786 
v -0.771279 0.945981 -0.868114 
v -0.756444 0.948312 -0.878016 
v -0.741406 0.950823 -0.887561 
v -0.726173 0.953511 -0.896744 
v -0.710756 0.956377 -0.905557 
v -0.689141 0.984027 -0.932677 
v -0.695165 0.959417 -0.913997 
v -1.06924 0.941081 -0.434558 
v -1.06407 0.937889 -0.451365 
v -1.0585 0.934869 -0.468075 
v -1.05254 0.932022 -0.48468 
v -1.04618 0.929351 -0.501167 
v -1.03944 0.926856 -0.517527 
v -1.03231 0.92454 -0.533749 
v -1.0248 0.922404 -0.549825 
v -1.01692 0.92045 -0.565742 
v -1.00866 0.918677 -0.581493 
v -1.00004 0.917089 -0.597066 
v -0.991061 0.915685 -0.612453 
v -0.981727 0.914466 -0.627643 
v -0.972044 0.913434 -0.642627 
v -0.962018 0.912588 -0.657397 
v -0.951656 0.91193 -0.671942 
v -0.940964 0.911459 -0.686253 
v -0.929949 0.911177 -0.700323 
v -0.918618 0.911083 -0.714141 
v -0.906977 0.911177 -0.7277 
v -0.895034 0.911459 -0.740991 
v -0.882796 0.91193 -0.754006 
v -0.870272 0.912588 -0.766736 
v -0.857468 0.913434 -0.779174 
v -0.844392 0.914466 -0.791312 
v -0.831054 0.915685 -0.803143 
v -0.81746 0.917089 -0.814658 
v -0.80362 0.918677 -0.825852 
v -0.789543 0.92045 -0.836716 
v -0.775236 0.922404 -0.847245 
v -0.760709 0.92454 -0.857431 
v -0.745971 0.926856 -0.867269 
v -0.73103 0.929351 -0.876752 
v -0.715897 0.932022 -0.885875 
v -0.700581 0.934869 -0.894631 
v -0.679407 0.96263 -0.922057 
v -0.685091 0.937889 -0.903015 
v -1.05619 0.91938 -0.426491 
v -1.05105 0.916211 -0.443179 
v -1.04553 0.913212 -0.45977 
v -1.03961 0.910386 -0.476257 
v -1.0333 0.907733 -0.492627 
v -1.0266 0.905257 -0.50887 
v -1.01952 0.902957 -0.524978 
v -1.01206 0.900836 -0.540939 
v -1.00424 0.898896 -0.556743 
v -0.99604 0.897136 -0.572382 
v -0.987481 0.895558 -0.587844 
v -0.978565 0.894164 -0.603122 
v -0.969296 0.892954 -0.618204 
v -0.959682 0.891929 -0.633082 
v -0.949728 0.89109 -0.647746 
v -0.939439 0.890436 -0.662188 
v -0.928823 0.889969 -0.676398 
v -0.917887 0.889689 -0.690367 
v -0.906636 0.889595 -0.704087 
v -0.895078 0.889689 -0.71755 
v -0.88322 0.889969 -0.730746 
v -0.871069 0.890436 -0.743668 
v -0.858633 0.89109 -0.756308 
v -0.84592 0.891929 -0.768658 
v -0.832938 0.892954 -0.78071 
v -0.819694 0.894164 -0.792456 
v -0.806197 0.895558 -0.80389 
v -0.792456 0.897136 -0.815004 
v -0.778478 0.898896 -0.825791 
v -0.764273 0.900836 -0.836245 
v -0.749849 0.902957 -0.846359 
v -0.735216 0.905257 -0.856127 
v -0.720382 0.907733 -0.865542 
v -0.705356 0.910386 -0.8746 
v -0.690149 0.913212 -0.883294 
v -0.669437 0.941081 -0.911022 
v -0.674769 0.916211 -0.891619 
v -1.04267 0.897526 -0.418259 
v -1.03758 0.894382 -0.434818 
v -1.0321 0.891406 -0.451282 
v -1.02622 0.888602 -0.467641 
v -1.01996 0.88597 -0.483885 
v -1.01331 0.883512 -0.500003 
v -1.00629 0.88123 -0.515987 
v -0.998892 0.879126 -0.531825 
v -0.991124 0.8772 -0.547507 
v -0.982991 0.875454 -0.563025 
v -0.974498 0.873889 -0.578369 
v -0.96565 0.872505 -0.593528 
v -0.956453 0.871305 -0.608494 
v -0.946913 0.870287 -0.623258 
v -0.937036 0.869454 -0.637809 
v -0.926826 0.868806 -0.652139 
v -0.916292 0.868342 -0.66624 
v -0.90544 0.868064 -0.680101 
v -0.894276 0.867971 -0.693716 
v -0.882807 0.868064 -0.707075 
v -0.87104 0.868342 -0.720169 
v -0.858983 0.868806 -0.732992 
v -0.846643 0.869454 -0.745534 
v -0.834028 0.870287 -0.757789 
v -0.821146 0.871305 -0.769748 
v -0.808004 0.872505 -0.781404 
v -0.794611 0.873889 -0.792749 
v -0.780976 0.875454 -0.803778 
v -0.767106 0.8772 -0.814482 
v -0.75301 0.879126 -0.824855 
v -0.738697 0.88123 -0.834891 
v -0.724177 0.883512 -0.844584 
v -0.709457 0.88597 -0.853927 
v -0.694547 0.888602 -0.862915 
v -0.679457 0.891406 -0.871541 
v -0.659226 0.91938 -0.899569 
v -0.664196 0.894382 -0.879802 
v -1.02365 0.872401 -0.426281 
v -1.01821 0.869451 -0.442608 
v -1.01238 0.866669 -0.458831 
v -1.00617 0.864059 -0.474939 
v -0.99958 0.861622 -0.490924 
v -0.992615 0.859359 -0.506774 
v -0.985278 0.857272 -0.52248 
v -0.977575 0.855363 -0.538032 
v -0.969509 0.853631 -0.553421 
v -0.961087 0.852079 -0.568637 
v -0.952313 0.850707 -0.58367 
v -0.943193 0.849516 -0.598511 
v -0.933732 0.848508 -0.613152 
v -0.923937 0.847681 -0.627582 
v -0.913813 0.847038 -0.641793 
v -0.903366 0.846579 -0.655776 
v -0.892604 0.846303 -0.669522 
v -0.881533 0.846211 -0.683023 
v -0.870159 0.846303 -0.696271 
v -0.858491 0.846579 -0.709257 
v -0.846534 0.847038 -0.721972 
v -0.834297 0.847681 -0.73441 
v -0.821787 0.848508 -0.746563 
v -0.809012 0.849516 -0.758422 
v -0.79598 0.850707 -0.769981 
v -0.782698 0.852079 -0.781232 
v -0.769176 0.853631 -0.792169 
v -0.755422 0.855363 -0.802784 
v -0.741443 0.857272 -0.813071 
v -0.72725 0.859359 -0.823023 
v -0.71285 0.861622 -0.832635 
v -0.698253 0.864059 -0.8419 
v -0.683468 0.866669 -0.850813 
v -0.668503 0.869451 -0.859368 
v -1.00924 0.850269 -0.417566 
v -1.00385 0.847345 -0.433747 
v -0.998076 0.844589 -0.449824 
v -0.991922 0.842002 -0.465788 
v -0.985391 0.839587 -0.481629 
v -0.978488 0.837344 -0.497337 
v -0.971218 0.835276 -0.512902 
v -0.963583 0.833383 -0.528315 
v -0.95559 0.831667 -0.543566 
v -0.947244 0.830129 -0.558645 
v -0.938548 0.82877 -0.573544 
v -0.92951 0.82759 -0.588252 
v -0.920134 0.82659 -0.602761 
v -0.910426 0.825771 -0.617062 
v -0.900393 0.825134 -0.631145 
v -0.89004 0.824678 -0.645003 
v -0.879375 0.824405 -0.658626 
v -0.868403 0.824314 -0.672006 
v -0.857131 0.824405 -0.685135 
v -0.845567 0.824678 -0.698004 
v -0.833718 0.825134 -0.710606 
v -0.82159 0.825771 -0.722932 
v -0.809193 0.82659 -0.734976 
v -0.796532 0.82759 -0.746729 
v -0.783617 0.82877 -0.758184 
v -0.770455 0.830129 -0.769334 
v -0.757054 0.831667 -0.780172 
v -0.743423 0.833383 -0.790692 
v -0.72957 0.835276 -0.800887 
v -0.715503 0.837344 -0.81075 
v -0.701233 0.839587 -0.820276 
v -0.686767 0.842002 -0.829458 
v -0.672114 0.844589 -0.838291 
v -0.653369 0.872401 -0.86756 
v -0.657283 0.847345 -0.846769 
v -0.994362 0.827986 -0.408671 
v -0.989024 0.82509 -0.424696 
v -0.983305 0.82236 -0.440618 
v -0.97721 0.819798 -0.456428 
v -0.970742 0.817406 -0.472117 
v -0.963906 0.815185 -0.487673 
v -0.956705 0.813137 -0.503089 
v -0.949144 0.811263 -0.518353 
v -0.941228 0.809563 -0.533457 
v -0.932962 0.80804 -0.548391 
v -0.924351 0.806693 -0.563146 
v -0.915399 0.805525 -0.577713 
v -0.906114 0.804534 -0.592082 
v -0.8965 0.803724 -0.606245 
v -0.886563 0.803092 -0.620193 
v -0.87631 0.802641 -0.633917 
v -0.865747 0.80237 -0.647409 
v -0.854881 0.80228 -0.66066 
v -0.843718 0.80237 -0.673662 
v -0.832265 0.802641 -0.686407 
v -0.82053 0.803092 -0.698888 
v -0.80852 0.803724 -0.711095 
v -0.796241 0.804534 -0.723023 
v -0.783703 0.805525 -0.734662 
v -0.770912 0.806693 -0.746007 
v -0.757876 0.80804 -0.75705 
v -0.744605 0.809563 -0.767784 
v -0.731105 0.811263 -0.778203 
v -0.717385 0.813137 -0.788299 
v -0.703455 0.815185 -0.798067 
v -0.689321 0.817406 -0.807501 
v -0.674995 0.819798 -0.816595 
v -0.660483 0.82236 -0.825343 
v -0.642285 0.850269 -0.854888 
v -0.645795 0.82509 -0.83374 
v -0.979004 0.805551 -0.399594 
v -0.973721 0.802684 -0.415454 
v -0.968061 0.799983 -0.431212 
v -0.962029 0.797448 -0.446859 
v -0.955628 0.79508 -0.462385 
v -0.948862 0.792882 -0.477781 
v -0.941736 0.790855 -0.493037 
v -0.934253 0.789 -0.508144 
v -0.926419 0.787318 -0.523092 
v -0.918238 0.78581 -0.537872 
v -0.909715 0.784478 -0.552474 
v -0.900856 0.783321 -0.56689 
v -0.891667 0.782341 -0.581111 
v -0.882152 0.781539 -0.595128 
v -0.872318 0.780914 -0.608932 
v -0.862171 0.780468 -0.622514 
v -0.851717 0.7802 -0.635867 
v -0.840963 0.78011 -0.648981 
v -0.829915 0.7802 -0.661849 
v -0.818581 0.780468 -0.674463 
v -0.806967 0.780914 -0.686814 
v -0.79508 0.781539 -0.698896 
v -0.782929 0.782341 -0.7107 
v -0.77052 0.783321 -0.72222 
v -0.757861 0.784478 -0.733447 
v -0.74496 0.78581 -0.744376 
v -0.731825 0.787318 -0.754999 
v -0.718465 0.789 -0.76531 
v -0.704887 0.790855 -0.775303 
v -0.6911 0.792882 -0.78497 
v -0.677113 0.79508 -0.794307 
v -0.662934 0.797448 -0.803306 
v -0.648572 0.799983 -0.811964 
v -0.630941 0.827986 -0.84178 
v -0.634036 0.802684 -0.820274 
v -0.963161 0.782964 -0.390334 
v -0.957936 0.780129 -0.406018 
v -0.952339 0.777458 -0.421602 
v -0.946373 0.77495 -0.437076 
v -0.940043 0.772609 -0.452431 
v -0.933352 0.770436 -0.467657 
v -0.926304 0.768431 -0.482745 
v -0.918904 0.766596 -0.497685 
v -0.911156 0.764933 -0.512468 
v -0.903066 0.763442 -0.527084 
v -0.894637 0.762124 -0.541525 
v -0.885876 0.76098 -0.555782 
v -0.876788 0.760011 -0.569846 
v -0.867378 0.759217 -0.583708 
v -0.857653 0.7586 -0.597359 
v -0.847618 0.758158 -0.610792 
v -0.83728 0.757893 -0.623997 
v -0.826644 0.757805 -0.636966 
v -0.815719 0.757893 -0.649692 
v -0.804509 0.758158 -0.662167 
v -0.793024 0.7586 -0.674382 
v -0.781268 0.759217 -0.68633 
v -0.769251 0.760011 -0.698004 
v -0.756979 0.76098 -0.709396 
v -0.74446 0.762124 -0.7205 
v -0.731702 0.763442 -0.731308 
v -0.718712 0.764933 -0.741814 
v -0.705499 0.766596 -0.752011 
v -0.692071 0.768431 -0.761893 
v -0.678437 0.770436 -0.771453 
v -0.664604 0.772609 -0.780687 
v -0.650582 0.77495 -0.789587 
v -0.636378 0.777458 -0.798149 
v -0.619335 0.805551 -0.828231 
v -0.622003 0.780129 -0.806367 
v -0.946827 0.760226 -0.380889 
v -0.941664 0.757425 -0.396388 
v -0.936133 0.754785 -0.411788 
v -0.930237 0.752307 -0.42708 
v -0.923982 0.749994 -0.442254 
v -0.91737 0.747846 -0.4573 
v -0.910405 0.745865 -0.47221 
v -0.903092 0.744052 -0.486973 
v -0.895436 0.742408 -0.501582 
v -0.887441 0.740934 -0.516026 
v -0.879112 0.739632 -0.530297 
v -0.870454 0.738502 -0.544386 
v -0.861473 0.737544 -0.558283 
v -0.852174 0.73676 -0.571982 
v -0.842564 0.736149 -0.585472 
v -0.832647 0.735713 -0.598746 
v -0.822431 0.735451 -0.611795 
v -0.811921 0.735364 -0.624612 
v -0.801124 0.735451 -0.637188 
v -0.790047 0.735713 -0.649515 
v -0.778697 0.736149 -0.661586 
v -0.76708 0.73676 -0.673393 
v -0.755205 0.737544 -0.684929 
v -0.743077 0.738502 -0.696187 
v -0.730706 0.739632 -0.70716 
v -0.718098 0.740934 -0.71784 
v -0.705262 0.742408 -0.728222 
v -0.692205 0.744052 -0.738299 
v -0.678935 0.745865 -0.748064 
v -0.665462 0.747846 -0.757512 
v -0.651792 0.749994 -0.766637 
v -0.637935 0.752307 -0.775432 
v -0.623899 0.754785 -0.783893 
v -0.607465 0.782964 -0.814236 
v -0.609694 0.757425 -0.792014 
v -0.924899 0.734572 -0.386561 
v -0.919438 0.731965 -0.401768 
v -0.913617 0.729519 -0.416867 
v -0.90744 0.727234 -0.43185 
v -0.900911 0.725113 -0.446707 
v -0.894034 0.723157 -0.461429 
v -0.886813 0.721367 -0.476007 
v -0.879253 0.719744 -0.490432 
v -0.871358 0.718289 -0.504694 
v -0.863134 0.717003 -0.518785 
v -0.854585 0.715887 -0.532697 
v -0.845717 0.714941 -0.54642 
v -0.836535 0.714167 -0.559946 
v -0.827046 0.713564 -0.573267 
v -0.817254 0.713133 -0.586374 
v -0.807166 0.712875 -0.599259 
v -0.796788 0.712788 -0.611914 
v -0.786127 0.712875 -0.624332 
v -0.77519 0.713133 -0.636504 
v -0.763982 0.713564 -0.648423 
v -0.752512 0.714167 -0.660082 
v -0.740785 0.714941 -0.671473 
v -0.728811 0.715887 -0.682589 
v -0.716595 0.717003 -0.693424 
v -0.704146 0.718289 -0.70397 
v -0.691471 0.719744 -0.714221 
v -0.678578 0.721367 -0.724171 
v -0.665476 0.723157 -0.733814 
v -0.652171 0.725113 -0.743143 
v -0.638674 0.727234 -0.752153 
v -0.624991 0.729519 -0.760837 
v -0.611132 0.731965 -0.769192 
v -0.907637 0.711572 -0.376536 
v -0.902249 0.708999 -0.391539 
v -0.896506 0.706586 -0.406436 
v -0.890412 0.704332 -0.421218 
v -0.88397 0.702239 -0.435876 
v -0.877185 0.700309 -0.450401 
v -0.870061 0.698543 -0.464784 
v -0.862602 0.696942 -0.479015 
v -0.854814 0.695506 -0.493086 
v -0.846699 0.694238 -0.506989 
v -0.838265 0.693137 -0.520714 
v -0.829516 0.692204 -0.534253 
v -0.820457 0.69144 -0.547598 
v -0.811095 0.690845 -0.56074 
v -0.801434 0.69042 -0.573672 
v -0.791481 0.690165 -0.586384 
v -0.781243 0.69008 -0.59887 
v -0.770724 0.690165 -0.611121 
v -0.759933 0.69042 -0.62313 
v -0.748876 0.690845 -0.63489 
v -0.737559 0.69144 -0.646392 
v -0.72599 0.692204 -0.657631 
v -0.714176 0.693137 -0.668598 
v -0.702124 0.694238 -0.679287 
v -0.689841 0.695506 -0.689692 
v -0.677336 0.696942 -0.699806 
v -0.664616 0.698543 -0.709623 
v -0.651689 0.700309 -0.719136 
v -0.638563 0.702239 -0.72834 
v -0.625247 0.704332 -0.737229 
v -0.611747 0.706586 -0.745798 
v -0.597105 0.734572 -0.777211 
v -0.598074 0.708999 -0.75404 
v -0.889872 0.688424 -0.366311 
v -0.884561 0.685888 -0.3811 
v -0.8789 0.683509 -0.395785 
v -0.872893 0.681287 -0.410356 
v -0.866543 0.679225 -0.424805 
v -0.859855 0.677322 -0.439123 
v -0.852832 0.675581 -0.453301 
v -0.84548 0.674003 -0.467329 
v -0.837802 0.672588 -0.4812 
v -0.829804 0.671337 -0.494904 
v -0.82149 0.670252 -0.508434 
v -0.812865 0.669332 -0.52178 
v -0.803936 0.668579 -0.534935 
v -0.794706 0.667993 -0.54789 
v -0.785183 0.667574 -0.560637 
v -0.775373 0.667322 -0.573168 
v -0.76528 0.667238 -0.585476 
v -0.754912 0.667322 -0.597552 
v -0.744274 0.667574 -0.60939 
v -0.733375 0.667993 -0.620982 
v -0.722219 0.668579 -0.63232 
v -0.710815 0.669332 -0.643399 
v -0.699169 0.670252 -0.65421 
v -0.687289 0.671337 -0.664747 
v -0.675182 0.672588 -0.675003 
v -0.662855 0.674003 -0.684973 
v -0.650316 0.675581 -0.69465 
v -0.637574 0.677322 -0.704028 
v -0.624635 0.679225 -0.7131 
v -0.611508 0.681287 -0.721863 
v -0.598201 0.683509 -0.730309 
v -0.584235 0.711572 -0.761952 
v -0.584722 0.685888 -0.738434 
v -0.871601 0.665131 -0.355885 
v -0.86637 0.662633 -0.37045 
v -0.860794 0.66029 -0.384912 
v -0.854878 0.658102 -0.399263 
v -0.848625 0.656071 -0.413493 
v -0.842038 0.654197 -0.427594 
v -0.835122 0.652482 -0.441556 
v -0.827881 0.650928 -0.455372 
v -0.820319 0.649534 -0.469033 
v -0.812442 0.648303 -0.48253 
v -0.804254 0.647234 -0.495854 
v -0.79576 0.646328 -0.508998 
v -0.786966 0.645586 -0.521953 
v -0.777877 0.645009 -0.534712 
v -0.768498 0.644596 -0.547266 
v -0.758836 0.644349 -0.559607 
v -0.748896 0.644266 -0.571728 
v -0.738685 0.644349 -0.583622 
v -0.728209 0.644596 -0.59528 
v -0.717475 0.645009 -0.606696 
v -0.706488 0.645586 -0.617863 
v -0.695257 0.646328 -0.628773 
v -0.683788 0.647234 -0.63942 
v -0.672087 0.648303 -0.649798 
v -0.660164 0.649534 -0.659899 
v -0.648024 0.650928 -0.669718 
v -0.635675 0.652482 -0.679248 
v -0.623125 0.654197 -0.688483 
v -0.610383 0.656071 -0.697419 
v -0.597455 0.658102 -0.706048 
v -0.584349 0.66029 -0.714367 
v -0.57108 0.688424 -0.746233 
v -0.571075 0.662633 -0.722368 
v -0.852817 0.641693 -0.345257 
v -0.84767 0.639236 -0.359587 
v -0.842185 0.636931 -0.373816 
v -0.836364 0.634778 -0.387936 
v -0.830211 0.632779 -0.401937 
v -0.82373 0.630936 -0.415811 
v -0.816925 0.629249 -0.429548 
v -0.809801 0.627719 -0.443142 
v -0.802361 0.626348 -0.456583 
v -0.794611 0.625136 -0.469862 
v -0.786555 0.624084 -0.482972 
v -0.778198 0.623193 -0.495904 
v -0.769545 0.622463 -0.508651 
v -0.760602 0.621895 -0.521204 
v -0.751374 0.621489 -0.533556 
v -0.741868 0.621246 -0.545698 
v -0.732088 0.621164 -0.557625 
v -0.722042 0.621246 -0.569327 
v -0.711734 0.621489 -0.580797 
v -0.701172 0.621895 -0.59203 
v -0.690363 0.622463 -0.603017 
v -0.679312 0.623193 -0.613751 
v -0.668028 0.624084 -0.624227 
v -0.656516 0.625136 -0.634437 
v -0.644784 0.626348 -0.644376 
v -0.63284 0.627719 -0.654036 
v -0.62069 0.629249 -0.663413 
v -0.608342 0.630936 -0.6725 
v -0.595805 0.632779 -0.681291 
v -0.583085 0.634778 -0.689782 
v -0.57019 0.636931 -0.697966 
v -0.55764 0.665131 -0.730049 
v -0.55713 0.639236 -0.705839 
v -0.833517 0.618113 -0.334424 
v -0.828458 0.615698 -0.34851 
v -0.823066 0.613432 -0.362496 
v -0.817345 0.611316 -0.376374 
v -0.811297 0.609351 -0.390135 
v -0.804927 0.607539 -0.403772 
v -0.798239 0.605881 -0.417275 
v -0.791236 0.604378 -0.430636 
v -0.783924 0.60303 -0.443847 
v -0.776306 0.601839 -0.456899 
v -0.768388 0.600805 -0.469785 
v -0.760173 0.599929 -0.482497 
v -0.751669 0.599212 -0.495025 
v -0.742879 0.598654 -0.507364 
v -0.733809 0.598255 -0.519504 
v -0.724465 0.598015 -0.53144 
v -0.714852 0.597935 -0.543162 
v -0.704977 0.598015 -0.554664 
v -0.694846 0.598255 -0.565938 
v -0.684465 0.598654 -0.576979 
v -0.67384 0.599212 -0.587778 
v -0.662979 0.599929 -0.598329 
v -0.651887 0.600805 -0.608626 
v -0.640572 0.601839 -0.618661 
v -0.62904 0.60303 -0.62843 
v -0.6173 0.604378 -0.637925 
v -0.605358 0.605881 -0.647142 
v -0.593221 0.607539 -0.656073 
v -0.580898 0.609351 -0.664715 
v -0.568396 0.611316 -0.67306 
v -0.555722 0.613432 -0.681104 
v -0.543911 0.641693 -0.713396 
v -0.542885 0.615698 -0.688843 
v -0.813696 0.594392 -0.323387 
v -0.80873 0.592021 -0.337217 
v -0.803436 0.589796 -0.350949 
v -0.797818 0.587719 -0.364575 
v -0.79188 0.58579 -0.378087 
v -0.785626 0.584011 -0.391476 
v -0.779059 0.582382 -0.404735 
v -0.772183 0.580906 -0.417853 
v -0.765003 0.579583 -0.430824 
v -0.757524 0.578414 -0.44364 
v -0.749749 0.577399 -0.456292 
v -0.741684 0.576539 -0.468773 
v -0.733333 0.575834 -0.481074 
v -0.724703 0.575286 -0.493189 
v -0.715797 0.574894 -0.505109 
v -0.706623 0.574659 -0.516828 
v -0.697185 0.574581 -0.528337 
v -0.687489 0.574659 -0.53963 
v -0.677542 0.574894 -0.5507 
v -0.667349 0.575286 -0.56154 
v -0.656917 0.575834 -0.572144 
v -0.646252 0.576539 -0.582503 
v -0.635362 0.577399 -0.592613 
v -0.624252 0.578414 -0.602467 
v -0.61293 0.579583 -0.612058 
v -0.601403 0.580906 -0.621381 
v -0.589677 0.582382 -0.63043 
v -0.577761 0.584011 -0.6392 
v -0.565661 0.58579 -0.647684 
v -0.553386 0.587719 -0.655878 
v -0.540942 0.589796 -0.663777 
v -0.529892 0.618113 -0.696271 
v -0.528338 0.592021 -0.671375 
v -0.78848 0.568208 -0.325707 
v -0.783288 0.566026 -0.339175 
v -0.777779 0.563988 -0.352539 
v -0.771955 0.562096 -0.365791 
v -0.765821 0.560352 -0.378922 
v -0.759381 0.558755 -0.391925 
v -0.752638 0.557307 -0.404791 
v -0.745596 0.556009 -0.417513 
v -0.73826 0.554862 -0.430082 
v -0.730635 0.553867 -0.44249 
v -0.722725 0.553024 -0.45473 
v -0.714536 0.552333 -0.466795 
v -0.706071 0.551795 -0.478676 
v -0.697337 0.551411 -0.490367 
v -0.688339 0.55118 -0.50186 
v -0.679083 0.551103 -0.513148 
v -0.669574 0.55118 -0.524224 
v -0.659818 0.551411 -0.535081 
v -0.649822 0.551795 -0.545712 
v -0.639591 0.552333 -0.556111 
v -0.629131 0.553024 -0.566271 
v -0.618451 0.553867 -0.576187 
v -0.607555 0.554862 -0.58585 
v -0.596451 0.556009 -0.595257 
v -0.585145 0.557307 -0.604401 
v -0.573646 0.558755 -0.613276 
v -0.561959 0.560352 -0.621876 
v -0.550092 0.562096 -0.630197 
v -0.538053 0.563988 -0.638234 
v -0.525848 0.566026 -0.64598 
v -0.767707 0.544261 -0.313981 
v -0.762621 0.542123 -0.327173 
v -0.757224 0.540127 -0.340264 
v -0.75152 0.538274 -0.353245 
v -0.745511 0.536565 -0.366109 
v -0.739202 0.535001 -0.378846 
v -0.732596 0.533583 -0.391449 
v -0.725699 0.532311 -0.403911 
v -0.718513 0.531188 -0.416223 
v -0.711044 0.530213 -0.428378 
v -0.703295 0.529387 -0.440368 
v -0.695273 0.52871 -0.452186 
v -0.686981 0.528183 -0.463825 
v -0.678426 0.527807 -0.475277 
v -0.669612 0.527581 -0.486535 
v -0.660545 0.527505 -0.497592 
v -0.65123 0.527581 -0.508442 
v -0.641673 0.527807 -0.519077 
v -0.631881 0.528183 -0.529491 
v -0.621859 0.52871 -0.539678 
v -0.611613 0.529387 -0.54963 
v -0.601151 0.530213 -0.559343 
v -0.590477 0.531188 -0.56881 
v -0.5796 0.532311 -0.578024 
v -0.568526 0.533583 -0.586981 
v -0.557261 0.535001 -0.595675 
v -0.545813 0.536565 -0.6041 
v -0.534188 0.538274 -0.612251 
v -0.522395 0.540127 -0.620123 
v -0.513487 0.568208 -0.653432 
v -0.51044 0.542123 -0.627711 
v -0.746406 0.520183 -0.302036 
v -0.741431 0.518092 -0.314942 
v -0.736151 0.516139 -0.32775 
v -0.73057 0.514326 -0.340449 
v -0.724691 0.512654 -0.353034 
v -0.718519 0.511123 -0.365495 
v -0.712057 0.509736 -0.377825 
v -0.705309 0.508492 -0.390017 
v -0.698279 0.507393 -0.402062 
v -0.690971 0.506439 -0.413953 
v -0.683391 0.505631 -0.425684 
v -0.675542 0.504969 -0.437246 
v -0.66743 0.504454 -0.448632 
v -0.65906 0.504085 -0.459836 
v -0.650437 0.503864 -0.47085 
v -0.641566 0.503791 -0.481668 
v -0.632454 0.503864 -0.492282 
v -0.623104 0.504085 -0.502687 
v -0.613524 0.504454 -0.512875 
v -0.603719 0.504969 -0.522841 
v -0.593696 0.505631 -0.532578 
v -0.58346 0.506439 -0.54208 
v -0.573018 0.507393 -0.551342 
v -0.562376 0.508492 -0.560357 
v -0.551542 0.509736 -0.569119 
v -0.540521 0.511123 -0.577625 
v -0.529321 0.512654 -0.585867 
v -0.517949 0.514326 -0.593841 
v -0.506411 0.516139 -0.601543 
v -0.498331 0.544261 -0.635011 
v -0.494715 0.518092 -0.608966 
v -0.724576 0.495977 -0.289872 
v -0.719714 0.493934 -0.302482 
v -0.714556 0.492026 -0.314995 
v -0.709103 0.490255 -0.327402 
v -0.70336 0.488621 -0.339697 
v -0.69733 0.487126 -0.351872 
v -0.691016 0.485771 -0.363918 
v -0.684423 0.484555 -0.375829 
v -0.677555 0.483482 -0.387598 
v -0.670415 0.482549 -0.399216 
v -0.663009 0.48176 -0.410676 
v -0.655341 0.481113 -0.421972 
v -0.647416 0.48061 -0.433097 
v -0.639238 0.48025 -0.444043 
v -0.630814 0.480034 -0.454804 
v -0.622147 0.479962 -0.465373 
v -0.613244 0.480034 -0.475743 
v -0.604109 0.48025 -0.485909 
v -0.594749 0.48061 -0.495863 
v -0.58517 0.481113 -0.505599 
v -0.575377 0.48176 -0.515112 
v -0.565377 0.482549 -0.524396 
v -0.555175 0.483482 -0.533444 
v -0.544778 0.484555 -0.542252 
v -0.534193 0.485771 -0.550813 
v -0.523426 0.487126 -0.559123 
v -0.512483 0.488621 -0.567175 
v -0.501372 0.490255 -0.574966 
v -0.4901 0.492026 -0.582491 
v -0.482869 0.520183 -0.616108 
v -0.478673 0.493934 -0.589744 
v -0.702212 0.471647 -0.277489 
v -0.69747 0.469654 -0.289792 
v -0.692437 0.467793 -0.301999 
v -0.687118 0.466065 -0.314104 
v -0.681515 0.464471 -0.326098 
v -0.675632 0.463012 -0.337976 
v -0.669472 0.46169 -0.349728 
v -0.66304 0.460505 -0.361349 
v -0.656339 0.459457 -0.372829 
v -0.649374 0.458548 -0.384164 
v -0.642149 0.457777 -0.395345 
v -0.634668 0.457146 -0.406365 
v -0.626936 0.456655 -0.417218 
v -0.618958 0.456304 -0.427897 
v -0.610739 0.456093 -0.438395 
v -0.602284 0.456023 -0.448706 
v -0.593598 0.456093 -0.458823 
v -0.584687 0.456304 -0.46874 
v -0.575555 0.456655 -0.478451 
v -0.56621 0.457146 -0.48795 
v -0.556656 0.457777 -0.497231 
v -0.5469 0.458548 -0.506288 
v -0.536947 0.459457 -0.515116 
v -0.526804 0.460505 -0.523708 
v -0.516477 0.46169 -0.53206 
v -0.505973 0.463012 -0.540167 
v -0.495297 0.464471 -0.548023 
v -0.484458 0.466065 -0.555624 
v -0.473461 0.467793 -0.562965 
v -0.467099 0.495977 -0.596721 
v -0.462313 0.469654 -0.570041 
v -0.679315 0.447198 -0.264888 
v -0.674695 0.445256 -0.276871 
v -0.669793 0.443443 -0.288762 
v -0.664611 0.44176 -0.300553 
v -0.659153 0.440207 -0.312237 
v -0.653423 0.438787 -0.323806 
v -0.647423 0.437498 -0.335254 
v -0.641157 0.436344 -0.346573 
v -0.63463 0.435323 -0.357756 
v -0.627846 0.434437 -0.368797 
v -0.620808 0.433687 -0.379688 
v -0.613521 0.433072 -0.390423 
v -0.60599 0.432594 -0.400994 
v -0.598219 0.432252 -0.411396 
v -0.590213 0.432047 -0.421622 
v -0.581977 0.431978 -0.431666 
v -0.573516 0.432047 -0.441521 
v -0.564835 0.432252 -0.451181 
v -0.555941 0.432594 -0.46064 
v -0.546838 0.433072 -0.469893 
v -0.537531 0.433687 -0.478933 
v -0.528028 0.434437 -0.487756 
v -0.518333 0.435323 -0.496354 
v -0.508453 0.436344 -0.504724 
v -0.498394 0.437498 -0.51286 
v -0.488162 0.438787 -0.520756 
v -0.477763 0.440207 -0.528409 
v -0.467205 0.44176 -0.535813 
v -0.456493 0.443443 -0.542963 
v -0.451021 0.471647 -0.576848 
v -0.445634 0.445256 -0.549855 
v -0.655881 0.422633 -0.252068 
v -0.651388 0.420744 -0.263721 
v -0.646621 0.418981 -0.275284 
v -0.641582 0.417344 -0.28675 
v -0.636275 0.415835 -0.298112 
v -0.630702 0.414453 -0.309363 
v -0.624867 0.413201 -0.320496 
v -0.618775 0.412078 -0.331503 
v -0.612427 0.411085 -0.342378 
v -0.60583 0.410224 -0.353115 
v -0.598986 0.409494 -0.363706 
v -0.591899 0.408896 -0.374145 
v -0.584576 0.408431 -0.384425 
v -0.577018 0.408099 -0.394541 
v -0.569233 0.407899 -0.404485 
v -0.561224 0.407833 -0.414252 
v -0.552996 0.407899 -0.423836 
v -0.544555 0.408099 -0.43323 
v -0.535905 0.408431 -0.442429 
v -0.527053 0.408896 -0.451426 
v -0.518003 0.409494 -0.460218 
v -0.508761 0.410224 -0.468797 
v -0.499333 0.411085 -0.477159 
v -0.489725 0.412078 -0.485298 
v -0.479943 0.413201 -0.49321 
v -0.469993 0.414453 -0.500889 
v -0.459881 0.415835 -0.508331 
v -0.449613 0.417344 -0.51553 
v -0.439196 0.418981 -0.522484 
v -0.434635 0.447198 -0.556486 
v -0.428636 0.420744 -0.529186 
v -0.63191 0.397957 -0.239029 
v -0.627549 0.396124 -0.250341 
v -0.622922 0.394413 -0.261566 
v -0.61803 0.392824 -0.272696 
v -0.612878 0.391358 -0.283726 
v -0.607469 0.390017 -0.294647 
v -0.601805 0.388801 -0.305453 
v -0.595891 0.387711 -0.316138 
v -0.589729 0.386748 -0.326695 
v -0.583325 0.385912 -0.337117 
v -0.576681 0.385203 -0.347398 
v -0.569802 0.384623 -0.357532 
v -0.562693 0.384172 -0.367511 
v -0.555357 0.383849 -0.37733 
v -0.5478 0.383655 -0.386984 
v -0.540025 0.383591 -0.396464 
v -0.532038 0.383655 -0.405767 
v -0.523844 0.383849 -0.414886 
v -0.515448 0.384172 -0.423816 
v -0.506854 0.384623 -0.43255 
v -0.49807 0.385203 -0.441084 
v -0.489098 0.385912 -0.449412 
v -0.479947 0.386748 -0.457529 
v -0.47062 0.387711 -0.46543 
v -0.461125 0.388801 -0.47311 
v -0.451466 0.390017 -0.480564 
v -0.44165 0.391358 -0.487788 
v -0.431683 0.392824 -0.494777 
v -0.421571 0.394413 -0.501527 
v -0.41794 0.422633 -0.535634 
v -0.41132 0.396124 -0.508033 
v -0.607403 0.373177 -0.225773 
v -0.603178 0.371401 -0.236733 
v -0.598694 0.369743 -0.247608 
v -0.593956 0.368204 -0.258391 
v -0.588964 0.366784 -0.269077 
v -0.583723 0.365484 -0.279658 
v -0.578236 0.364306 -0.290128 
v -0.572506 0.36325 -0.30048 
v -0.566536 0.362317 -0.310708 
v -0.560331 0.361507 -0.320805 
v -0.553895 0.360821 -0.330765 
v -0.54723 0.360259 -0.340583 
v -0.540342 0.359821 -0.350252 
v -0.533235 0.359508 -0.359765 
v -0.525913 0.359321 -0.369117 
v -0.518381 0.359258 -0.378303 
v -0.510643 0.359321 -0.387316 
v -0.502704 0.359508 -0.396151 
v -0.494569 0.359821 -0.404802 
v -0.486244 0.360259 -0.413264 
v -0.477733 0.360821 -0.421532 
v -0.469041 0.361507 -0.4296 
v -0.460175 0.362317 -0.437464 
v -0.451139 0.36325 -0.445119 
v -0.441939 0.364306 -0.45256 
v -0.432581 0.365484 -0.459782 
v -0.423071 0.366784 -0.466781 
v -0.413414 0.368204 -0.473552 
v -0.403617 0.369743 -0.480091 
v -0.400937 0.397957 -0.514292 
v -0.393686 0.371401 -0.486395 
v -0.578274 0.346581 -0.222897 
v -0.57394 0.344978 -0.233411 
v -0.569358 0.34349 -0.243837 
v -0.564532 0.342117 -0.254168 
v -0.559465 0.340861 -0.264397 
v -0.55416 0.339722 -0.27452 
v -0.54862 0.338701 -0.284528 
v -0.542849 0.337799 -0.294416 
v -0.53685 0.337015 -0.304179 
v -0.530627 0.336352 -0.313809 
v -0.524184 0.335809 -0.3233 
v -0.517525 0.335385 -0.332648 
v -0.510653 0.335083 -0.341845 
v -0.503574 0.334902 -0.350887 
v -0.496292 0.334841 -0.359768 
v -0.488811 0.334902 -0.368482 
v -0.481136 0.335083 -0.377023 
v -0.473271 0.335385 -0.385387 
v -0.465222 0.335809 -0.393569 
v -0.456993 0.336352 -0.401562 
v -0.44859 0.337015 -0.409363 
v -0.440018 0.337799 -0.416966 
v -0.431282 0.338701 -0.424367 
v -0.422387 0.339722 -0.43156 
v -0.41334 0.340861 -0.438543 
v -0.404146 0.342117 -0.445309 
v -0.39481 0.34349 -0.451855 
v -0.385338 0.344978 -0.458178 
v -0.55284 0.321671 -0.208835 
v -0.548659 0.320125 -0.218977 
v -0.54424 0.318689 -0.229034 
v -0.539585 0.317365 -0.238999 
v -0.534697 0.316153 -0.248867 
v -0.52958 0.315055 -0.258631 
v -0.524236 0.31407 -0.268285 
v -0.518669 0.3132 -0.277823 
v -0.512882 0.312444 -0.28724 
v -0.50688 0.311804 -0.296529 
v -0.500665 0.31128 -0.305685 
v -0.494241 0.310872 -0.314701 
v -0.487613 0.31058 -0.323573 
v -0.480785 0.310405 -0.332295 
v -0.47376 0.310347 -0.340861 
v -0.466544 0.310405 -0.349267 
v -0.45914 0.31058 -0.357506 
v -0.451554 0.310872 -0.365574 
v -0.44379 0.31128 -0.373466 
v -0.435852 0.311804 -0.381176 
v -0.427747 0.312444 -0.388701 
v -0.419478 0.3132 -0.396035 
v -0.411051 0.31407 -0.403173 
v -0.402471 0.315055 -0.410112 
v -0.393744 0.316153 -0.416847 
v -0.384875 0.317365 -0.423374 
v -0.37587 0.318689 -0.429689 
v -0.375736 0.346581 -0.464272 
v -0.366733 0.320125 -0.435788 
v -0.526878 0.296679 -0.19455 
v -0.522855 0.295191 -0.204309 
v -0.518603 0.29381 -0.213985 
v -0.514124 0.292535 -0.223574 
v -0.509421 0.29137 -0.233068 
v -0.504497 0.290312 -0.242463 
v -0.499355 0.289365 -0.251752 
v -0.493999 0.288527 -0.26093 
v -0.488431 0.2878 -0.269991 
v -0.482655 0.287185 -0.278929 
v -0.476675 0.28668 -0.287738 
v -0.470494 0.286288 -0.296414 
v -0.464117 0.286007 -0.304951 
v -0.457546 0.285838 -0.313343 
v -0.450787 0.285782 -0.321585 
v -0.443844 0.285838 -0.329673 
v -0.43672 0.286007 -0.3376 
v -0.429421 0.286288 -0.345363 
v -0.42195 0.28668 -0.352957 
v -0.414313 0.287185 -0.360376 
v -0.406513 0.2878 -0.367616 
v -0.398557 0.288527 -0.374673 
v -0.390449 0.289365 -0.381541 
v -0.382194 0.290312 -0.388218 
v -0.373797 0.29137 -0.394699 
v -0.365263 0.292535 -0.400979 
v -0.356598 0.29381 -0.407055 
v -0.357472 0.321671 -0.441666 
v -0.347807 0.295191 -0.412923 
v -0.500391 0.271612 -0.180044 
v -0.496531 0.270184 -0.189408 
v -0.49245 0.268859 -0.198693 
v -0.488152 0.267636 -0.207894 
v -0.48364 0.266517 -0.217004 
v -0.478915 0.265503 -0.226019 
v -0.473981 0.264594 -0.234933 
v -0.468841 0.26379 -0.243739 
v -0.463498 0.263093 -0.252434 
v -0.457956 0.262502 -0.26101 
v -0.452218 0.262018 -0.269464 
v -0.446287 0.261641 -0.277788 
v -0.440168 0.261372 -0.28598 
v -0.433863 0.26121 -0.294033 
v -0.427377 0.261156 -0.301942 
v -0.420715 0.26121 -0.309702 
v -0.413879 0.261372 -0.317309 
v -0.406875 0.261641 -0.324759 
v -0.399706 0.262018 -0.332045 
v -0.392378 0.262502 -0.339164 
v -0.384894 0.263093 -0.346111 
v -0.377259 0.26379 -0.352882 
v -0.369479 0.264594 -0.359473 
v -0.361558 0.265503 -0.36588 
v -0.3535 0.266517 -0.372099 
v -0.345312 0.267636 -0.378125 
v -0.336997 0.268859 -0.383955 
v -0.338895 0.296679 -0.418579 
v -0.328561 0.270184 -0.389586 
v -0.473384 0.24648 -0.16532 
v -0.469691 0.245114 -0.174278 
v -0.465787 0.243846 -0.183161 
v -0.461676 0.242676 -0.191963 
v -0.457358 0.241606 -0.200679 
v -0.452838 0.240636 -0.209303 
v -0.448118 0.239766 -0.21783 
v -0.443201 0.238997 -0.226255 
v -0.43809 0.23833 -0.234573 
v -0.432788 0.237764 -0.242777 
v -0.427298 0.237301 -0.250864 
v -0.421625 0.236941 -0.258829 
v -0.41577 0.236683 -0.266665 
v -0.409739 0.236529 -0.274369 
v -0.403534 0.236477 -0.281935 
v -0.39716 0.236529 -0.289359 
v -0.390621 0.236683 -0.296637 
v -0.38392 0.236941 -0.303763 
v -0.377062 0.237301 -0.310734 
v -0.370051 0.237764 -0.317544 
v -0.362892 0.23833 -0.32419 
v -0.355588 0.238997 -0.330668 
v -0.348145 0.239766 -0.336973 
v -0.340567 0.240636 -0.343103 
v -0.332859 0.241606 -0.349051 
v -0.325025 0.242676 -0.354817 
v -0.317071 0.243846 -0.360394 
v -0.32001 0.271612 -0.395014 
v -0.309001 0.245114 -0.365781 
v -0.445862 0.221292 -0.150382 
v -0.442341 0.21999 -0.158923 
v -0.438619 0.218781 -0.167393 
v -0.434699 0.217666 -0.175785 
v -0.430583 0.216646 -0.184095 
v -0.426273 0.21572 -0.192318 
v -0.421773 0.214891 -0.200448 
v -0.417084 0.214158 -0.208481 
v -0.412211 0.213522 -0.216412 
v -0.407156 0.212983 -0.224234 
v -0.401922 0.212541 -0.231945 
v -0.396512 0.212198 -0.239539 
v -0.39093 0.211952 -0.24701 
v -0.38518 0.211804 -0.254355 
v -0.379264 0.211755 -0.26157 
v -0.373186 0.211804 -0.268648 
v -0.366951 0.211952 -0.275587 
v -0.360562 0.212198 -0.282382 
v -0.354024 0.212541 -0.289028 
v -0.347339 0.212983 -0.295521 
v -0.340513 0.213522 -0.301858 
v -0.333549 0.214158 -0.308034 
v -0.326453 0.214891 -0.314046 
v -0.319227 0.21572 -0.31989 
v -0.311878 0.216646 -0.325562 
v -0.304409 0.217666 -0.331059 
v -0.296824 0.218781 -0.336377 
v -0.30082 0.24648 -0.370973 
v -0.28913 0.21999 -0.341513 
v -0.417833 0.196061 -0.135235 
v -0.414489 0.194824 -0.143348 
v -0.410953 0.193675 -0.151393 
v -0.407229 0.192616 -0.159365 
v -0.40332 0.191647 -0.167259 
v -0.399226 0.190768 -0.17507 
v -0.394951 0.18998 -0.182793 
v -0.390498 0.189284 -0.190423 
v -0.385869 0.18868 -0.197956 
v -0.381067 0.188168 -0.205387 
v -0.376095 0.187748 -0.212711 
v -0.370956 0.187422 -0.219924 
v -0.365654 0.187188 -0.227021 
v -0.360192 0.187048 -0.233998 
v -0.354572 0.187002 -0.240851 
v -0.348799 0.187048 -0.247575 
v -0.342877 0.187188 -0.254166 
v -0.336808 0.187422 -0.26062 
v -0.330597 0.187748 -0.266933 
v -0.324247 0.188168 -0.273101 
v -0.317763 0.18868 -0.279121 
v -0.311149 0.189284 -0.284987 
v -0.304408 0.18998 -0.290698 
v -0.297544 0.190768 -0.296249 
v -0.290563 0.191647 -0.301637 
v -0.283468 0.192616 -0.306858 
v -0.276264 0.193675 -0.31191 
v -0.28133 0.221292 -0.346464 
v -0.268955 0.194824 -0.316788 
v -0.389307 0.170797 -0.119885 
v -0.386143 0.169627 -0.127559 
v -0.382799 0.168541 -0.135168 
v -0.379276 0.167539 -0.142709 
v -0.375578 0.166622 -0.150176 
v -0.371706 0.165791 -0.157564 
v -0.367662 0.165046 -0.164869 
v -0.36345 0.164387 -0.172086 
v -0.359071 0.163815 -0.179212 
v -0.354529 0.163331 -0.186241 
v -0.349826 0.162934 -0.193169 
v -0.344966 0.162626 -0.199991 
v -0.33995 0.162405 -0.206705 
v -0.334783 0.162272 -0.213304 
v -0.329468 0.162228 -0.219786 
v -0.324008 0.162272 -0.226146 
v -0.318406 0.162405 -0.232381 
v -0.312665 0.162626 -0.238486 
v -0.30679 0.162934 -0.244457 
v -0.300784 0.163331 -0.250292 
v -0.294651 0.163815 -0.255985 
v -0.288394 0.164387 -0.261535 
v -0.282018 0.165046 -0.266936 
v -0.275526 0.165791 -0.272187 
v -0.268922 0.166622 -0.277283 
v -0.262211 0.167539 -0.282222 
v -0.255397 0.168541 -0.287 
v -0.261546 0.196061 -0.321491 
v -0.248483 0.169627 -0.291615 
v -0.360293 0.145515 -0.104337 
v -0.357314 0.144414 -0.111561 
v -0.354166 0.143391 -0.118725 
v -0.35085 0.142448 -0.125823 
v -0.347369 0.141585 -0.132852 
v -0.343723 0.140802 -0.139808 
v -0.339917 0.140101 -0.146685 
v -0.335951 0.139481 -0.153479 
v -0.331829 0.138943 -0.160187 
v -0.327553 0.138487 -0.166804 
v -0.323126 0.138113 -0.173326 
v -0.31855 0.137823 -0.179749 
v -0.313829 0.137615 -0.186068 
v -0.308965 0.13749 -0.192281 
v -0.303961 0.137448 -0.198383 
v -0.298821 0.13749 -0.204371 
v -0.293547 0.137615 -0.21024 
v -0.288143 0.137823 -0.215987 
v -0.282612 0.138113 -0.221608 
v -0.276958 0.138487 -0.227101 
v -0.271184 0.138943 -0.232461 
v -0.265294 0.139481 -0.237685 
v -0.259292 0.140101 -0.24277 
v -0.25318 0.140802 -0.247713 
v -0.246963 0.141585 -0.252511 
v -0.240646 0.142448 -0.25716 
v -0.234231 0.143391 -0.261658 
v -0.241475 0.170797 -0.296063 
v -0.227723 0.144414 -0.266002 
v -0.330804 0.12023 -0.0885992 
v -0.328016 0.119198 -0.0953632 
v -0.325068 0.118241 -0.10207 
v -0.321964 0.117358 -0.108716 
v -0.318704 0.11655 -0.115298 
v -0.315291 0.115817 -0.12181 
v -0.311727 0.11516 -0.128248 
v -0.308014 0.11458 -0.13461 
v -0.304155 0.114076 -0.14089 
v -0.300152 0.113649 -0.147085 
v -0.296007 0.113299 -0.153191 
v -0.291723 0.113027 -0.159205 
v -0.287302 0.112833 -0.165122 
v -0.282748 0.112716 -0.170939 
v -0.278063 0.112677 -0.176652 
v -0.27325 0.112716 -0.182258 
v -0.268312 0.112833 -0.187753 
v -0.263253 0.113027 -0.193134 
v -0.258075 0.113299 -0.198397 
v -0.252781 0.113649 -0.20354 
v -0.247375 0.114076 -0.208558 
v -0.24186 0.11458 -0.213449 
v -0.23624 0.11516 -0.21821 
v -0.230518 0.115817 -0.222838 
v -0.224698 0.11655 -0.22733 
v -0.218783 0.117358 -0.231683 
v -0.212777 0.118241 -0.235894 
v -0.221125 0.145515 -0.27019 
v -0.206683 0.119198 -0.239962 
v -0.300858 0.0949571 -0.0726808 
v -0.298263 0.0939976 -0.0789739 
v -0.295521 0.0931067 -0.0852141 
v -0.292632 0.0922851 -0.0913977 
v -0.2896 0.0915332 -0.0975207 
v -0.286424 0.0908514 -0.103579 
v -0.283108 0.0902403 -0.10957 
v -0.279654 0.0897002 -0.115488 
v -0.276063 0.0892315 -0.121332 
v -0.272339 0.0888343 -0.127096 
v -0.268482 0.088509 -0.132777 
v -0.264496 0.0882558 -0.138372 
v -0.260383 0.0880749 -0.143877 
v -0.256146 0.0879662 -0.149289 
v -0.251787 0.08793 -0.154604 
v -0.24731 0.0879662 -0.15982 
v -0.242716 0.0880749 -0.164932 
v -0.238008 0.0882558 -0.169939 
v -0.23319 0.088509 -0.174836 
v -0.228265 0.0888343 -0.17962 
v -0.223236 0.0892315 -0.184289 
v -0.218105 0.0897002 -0.18884 
v -0.212876 0.0902403 -0.19327 
v -0.207552 0.0908514 -0.197575 
v -0.202137 0.0915332 -0.201754 
v -0.196634 0.0922851 -0.205804 
v -0.191046 0.0931067 -0.209723 
v -0.200506 0.12023 -0.243883 
v -0.185376 0.0939976 -0.213507 
v -0.27047 0.0697156 -0.0565915 
v -0.268074 0.0688295 -0.0624036 
v -0.265541 0.0680067 -0.0681669 
v -0.262874 0.0672479 -0.0738779 
v -0.260073 0.0665534 -0.0795329 
v -0.25714 0.0659238 -0.0851284 
v -0.254078 0.0653594 -0.090661 
v -0.250887 0.0648606 -0.0961273 
v -0.247571 0.0644277 -0.101524 
v -0.244131 0.0640609 -0.106847 
v -0.240569 0.0637605 -0.112094 
v -0.236888 0.0635266 -0.117262 
v -0.23309 0.0633595 -0.122346 
v -0.229176 0.0632591 -0.127344 
v -0.225151 0.0632257 -0.132253 
v -0.221015 0.0632591 -0.13707 
v -0.216772 0.0633595 -0.141792 
v -0.212425 0.0635266 -0.146416 
v -0.207975 0.0637605 -0.150938 
v -0.203426 0.0640609 -0.155357 
v -0.198781 0.0644277 -0.159669 
v -0.194042 0.0648606 -0.163872 
v -0.189213 0.0653594 -0.167963 
v -0.184296 0.0659238 -0.17194 
v -0.179295 0.0665534 -0.1758 
v -0.174212 0.0672479 -0.17954 
v -0.169052 0.0680067 -0.183159 
v -0.179629 0.0949571 -0.217155 
v -0.163816 0.0688295 -0.186654 
v -0.158508 0.0697156 -0.190023 
v -0.383627 0.373177 -0.492459 
v -0.51558 0.594392 -0.678668 
v -0.595327 0.760226 -0.799791 
v -0.648772 0.897526 -0.887691 
v -0.682545 1.0087 -0.950653 
v -0.709746 1.11644 -1.00343 
v -1.12586 1.20255 -0.717799 
v -1.13527 1.20402 -0.701677 
v -1.1443 1.20569 -0.68536 
v -1.16908 1.21183 -0.635335 
v -1.17655 1.21426 -0.618338 
v -1.18361 1.21687 -0.601196 
v -0.958206 1.20255 -0.917598 
v -0.972182 1.20127 -0.905202 
v -1.01242 1.19862 -0.866114 
v -1.02524 1.19812 -0.852477 
v -1.03776 1.19783 -0.838552 
v -1.04995 1.19773 -0.824345 
v -1.06183 1.19783 -0.809866 
v -1.10593 1.20019 -0.749415 
v -1.11608 1.20127 -0.733714 
v -1.15295 1.20754 -0.668857 
v -1.16121 1.20959 -0.652179 
v -0.914712 1.20754 -0.952775 
v -0.929462 1.20569 -0.941392 
v -0.943963 1.20402 -0.929664 
v -1.07337 1.19812 -0.795125 
v -1.19027 1.21967 -0.583921 
v -1.19652 1.22265 -0.566524 
v -1.20235 1.22582 -0.549015 
v -0.869058 1.21426 -0.984788 
v -0.884501 1.21183 -0.97448 
v -0.899722 1.20959 -0.963807 
v -0.985882 1.20019 -0.892484 
v -0.999298 1.19931 -0.879452 
v -1.08457 1.19862 -0.780129 
v -1.09543 1.19931 -0.76489 
v -0.80527 1.22582 -1.02224 
v -0.821501 1.22265 -1.01346 
v -0.853404 1.21687 -0.994724 
v -1.20777 1.22916 -0.531405 
v -1.21276 1.23268 -0.513706 
v -0.837549 1.21967 -1.00428 
v -0.772304 1.23268 -1.03862 
v -0.788868 1.22916 -1.03063 
v -1.21733 1.23638 -0.495927 
v -0.755589 1.23638 -1.04621 
v -0.738732 1.24025 -1.05338 
v -0.731579 1.22041 -1.04727 
v -0.7243 1.20059 -1.04085 
v -0.722399 1.19522 -1.03902 
v -0.720125 1.18061 -1.03304 
v -0.722312 1.19524 -1.03906 
v -0.717688 1.16592 -1.02688 
v -0.720005 1.17989 -1.03274 
v -0.715089 1.15115 -1.02053 
v -0.716443 1.15884 -1.02384 
v -0.712015 1.13467 -1.01328 
v -0.708754 1.11819 -1.00584 
v -0.712575 1.13768 -1.0146 
v -0.705308 1.10168 -0.998209 
v -0.706437 1.10709 -1.00071 
v -0.701676 1.08516 -0.99039 
v -0.703847 1.09503 -0.995063 
v -0.697859 1.06862 -0.982384 
v -0.693857 1.05206 -0.974188 
v -0.698994 1.07354 -0.984764 
v -0.693821 1.05192 -0.974115 
v -0.689671 1.03549 -0.965804 
v -0.6853 1.01889 -0.957231 
v -0.68828 1.0302 -0.963077 
v -0.680745 1.00226 -0.948469 
v -0.681641 1.00553 -0.950193 
v -0.676005 0.985619 -0.939518 
v -0.671082 0.96895 -0.930378 
v -0.676224 0.986388 -0.939932 
v -0.665974 0.952256 -0.921049 
v -0.669663 0.964312 -0.927787 
v -0.660681 0.935538 -0.91153 
v -0.662761 0.942107 -0.91527 
v -0.655205 0.918793 -0.901821 
v -0.649544 0.902022 -0.891921 
v -0.655523 0.919766 -0.902385 
v -0.643698 0.885223 -0.881832 
v -0.644578 0.887754 -0.883351 
v -0.637667 0.868398 -0.871551 
v -0.639941 0.874741 -0.875427 
v -0.631451 0.851544 -0.861079 
v -0.62505 0.834661 -0.850416 
v -0.631628 0.852024 -0.861377 
v -0.618463 0.81775 -0.839561 
v -0.622924 0.829204 -0.846913 
v -0.61169 0.800809 -0.828513 
v -0.604732 0.78384 -0.817273 
v -0.613864 0.806246 -0.832059 
v -0.597586 0.76684 -0.80584 
v -0.604443 0.783153 -0.816811 
v -0.594622 0.759956 -0.801141 
v -0.590254 0.74981 -0.794214 
v -0.590044 0.74933 -0.793883 
v -0.587143 0.742705 -0.789312 
v -0.578866 0.724126 -0.776352 
v -0.584434 0.736624 -0.78507 
v -0.570382 0.705542 -0.763184 
v -0.573863 0.713166 -0.768586 
v -0.561689 0.686954 -0.749809 
v -0.55279 0.66836 -0.736226 
v -0.562915 0.689575 -0.751695 
v -0.551571 0.66587 -0.73438 
v -0.543684 0.64976 -0.722436 
v -0.534371 0.631155 -0.708439 
v -0.539825 0.642052 -0.716637 
v -0.524851 0.612543 -0.694236 
v -0.527695 0.618104 -0.698479 
v -0.515178 0.594025 -0.679902 
v -0.515126 0.593926 -0.679826 
v -0.509424 0.583234 -0.671434 
v -0.505195 0.575302 -0.66521 
v -0.495058 0.556672 -0.650387 
v -0.502233 0.569859 -0.660879 
v -0.484716 0.538035 -0.63536 
v -0.488896 0.545568 -0.641434 
v -0.474169 0.519393 -0.620127 
v -0.463417 0.500746 -0.604689 
v -0.475164 0.521153 -0.621565 
v -0.46101 0.496648 -0.601253 
v -0.452461 0.482093 -0.589046 
v -0.4413 0.463435 -0.573199 
v -0.446447 0.47204 -0.580508 
v -0.429935 0.444773 -0.557149 
v -0.418367 0.426107 -0.540894 
v -0.431485 0.447318 -0.559337 
v -0.406596 0.407438 -0.524437 
v -0.416101 0.422512 -0.537726 
v -0.4003 0.397621 -0.515678 
v -0.394621 0.388766 -0.507778 
v -0.389015 0.380132 -0.500005 
v -0.385587 0.374917 -0.49527 
v -0.375993 0.360324 -0.482015 
v -0.384091 0.372641 -0.493202 
v -0.362761 0.340541 -0.463822 
v -0.367469 0.34758 -0.470295 
v -0.349319 0.320785 -0.445428 
v -0.33567 0.301056 -0.426834 
v -0.350443 0.322437 -0.446966 
v -0.332993 0.297248 -0.423203 
v -0.321816 0.281355 -0.408044 
v -0.307757 0.261686 -0.389058 
v -0.315132 0.272005 -0.399018 
v -0.293495 0.242049 -0.369879 
v -0.279034 0.222446 -0.350509 
v -0.296875 0.246702 -0.374424 
v -0.278218 0.221358 -0.349422 
v -0.264373 0.202881 -0.330952 
v -0.249516 0.183354 -0.311209 
v -0.259147 0.196012 -0.324007 
v -0.234465 0.16387 -0.291284 
v -0.239693 0.170639 -0.298206 
v -0.219222 0.144431 -0.27118 
v -0.20379 0.12504 -0.2509 
v -0.219865 0.145252 -0.272028 
v -0.188172 0.1057 -0.230448 
v -0.199643 0.119905 -0.24547 
v -0.172371 0.0864164 -0.209828 
v -0.179062 0.0945822 -0.21856 
v -0.15639 0.0671927 -0.189045 
v -0.158137 0.0692939 -0.191317 
v -0.647907 0.89732 -0.889097 
v -0.682416 1.00836 -0.951684 
v -0.708383 1.11641 -1.00502 
v -0.268942 0.0682628 -0.0626894 
v -0.266398 0.0674366 -0.0684767 
v -0.26372 0.0666746 -0.0742115 
v -0.260907 0.0659772 -0.0798901 
v -0.257962 0.065345 -0.0855091 
v -0.254887 0.0647782 -0.0910648 
v -0.251683 0.0642773 -0.0965539 
v -0.248353 0.0638426 -0.101973 
v -0.244898 0.0634743 -0.107319 
v -0.241322 0.0631726 -0.112588 
v -0.237625 0.0629378 -0.117776 
v -0.233811 0.0627699 -0.122882 
v -0.229881 0.0626692 -0.127901 
v -0.225839 0.0626356 -0.132831 
v -0.221686 0.0626692 -0.137668 
v -0.217425 0.0627699 -0.14241 
v -0.21306 0.0629378 -0.147052 
v -0.208592 0.0631726 -0.151594 
v -0.204024 0.0634743 -0.156031 
v -0.199359 0.0638426 -0.160361 
v -0.194601 0.0642773 -0.164582 
v -0.189751 0.0647782 -0.16869 
v -0.184814 0.065345 -0.172683 
v -0.179792 0.0659772 -0.176559 
v -0.174688 0.0666746 -0.180315 
v -0.169505 0.0674366 -0.183949 
v -0.164248 0.0682628 -0.187459 
v -0.158918 0.0691526 -0.190842 
v -0.29913 0.0934338 -0.0792597 
v -0.271348 0.0691526 -0.056853 
v -0.296377 0.0925395 -0.085524 
v -0.293477 0.0917147 -0.0917313 
v -0.290433 0.0909599 -0.0978779 
v -0.287245 0.0902756 -0.10396 
v -0.283917 0.0896621 -0.109973 
v -0.280449 0.0891199 -0.115915 
v -0.276845 0.0886494 -0.121781 
v -0.273105 0.0882507 -0.127567 
v -0.269234 0.0879242 -0.13327 
v -0.265233 0.08767 -0.138886 
v -0.261104 0.0874883 -0.144413 
v -0.256851 0.0873793 -0.149846 
v -0.252475 0.0873429 -0.155181 
v -0.24798 0.0873793 -0.160417 
v -0.243368 0.0874883 -0.165549 
v -0.238643 0.08767 -0.170575 
v -0.233807 0.0879242 -0.175491 
v -0.228862 0.0882507 -0.180293 
v -0.223813 0.0886494 -0.184981 
v -0.218663 0.0891199 -0.189549 
v -0.213414 0.0896621 -0.193996 
v -0.20807 0.0902756 -0.198318 
v -0.202634 0.0909599 -0.202513 
v -0.197109 0.0917147 -0.206579 
v -0.191499 0.0925395 -0.210512 
v -0.185808 0.0934338 -0.214311 
v -0.180039 0.094397 -0.217973 
v -0.328881 0.118637 -0.0956488 
v -0.301734 0.094397 -0.0729424 
v -0.325923 0.117676 -0.10238 
v -0.322808 0.11679 -0.10905 
v -0.319536 0.115979 -0.115655 
v -0.316111 0.115244 -0.12219 
v -0.312534 0.114585 -0.128652 
v -0.308808 0.114002 -0.135036 
v -0.304935 0.113496 -0.141338 
v -0.300918 0.113068 -0.147556 
v -0.296758 0.112717 -0.153684 
v -0.292458 0.112444 -0.159719 
v -0.288022 0.112249 -0.165657 
v -0.283452 0.112132 -0.171495 
v -0.27875 0.112092 -0.177229 
v -0.27392 0.112132 -0.182854 
v -0.268964 0.112249 -0.188369 
v -0.263887 0.112444 -0.193769 
v -0.25869 0.112717 -0.199051 
v -0.253377 0.113068 -0.204212 
v -0.247952 0.113496 -0.209248 
v -0.242418 0.114002 -0.214157 
v -0.236777 0.114585 -0.218935 
v -0.231035 0.115244 -0.22358 
v -0.225194 0.115979 -0.228088 
v -0.219258 0.11679 -0.232456 
v -0.21323 0.117676 -0.236683 
v -0.207115 0.118637 -0.240765 
v -0.200916 0.119672 -0.244699 
v -0.358178 0.143855 -0.111846 
v -0.33168 0.119672 -0.0888607 
v -0.35502 0.142829 -0.119034 
v -0.351693 0.141882 -0.126156 
v -0.348199 0.141016 -0.133209 
v -0.344542 0.140231 -0.140187 
v -0.340723 0.139527 -0.147087 
v -0.336744 0.138905 -0.153904 
v -0.332608 0.138365 -0.160635 
v -0.328318 0.137908 -0.167274 
v -0.323876 0.137533 -0.173817 
v -0.319285 0.137242 -0.180262 
v -0.314548 0.137033 -0.186603 
v -0.309667 0.136908 -0.192836 
v -0.304647 0.136866 -0.198959 
v -0.299489 0.136908 -0.204966 
v -0.294198 0.137033 -0.210855 
v -0.288776 0.137242 -0.216621 
v -0.283227 0.137533 -0.222261 
v -0.277554 0.137908 -0.227772 
v -0.27176 0.138365 -0.23315 
v -0.265851 0.138905 -0.238392 
v -0.259828 0.139527 -0.243494 
v -0.253696 0.140231 -0.248453 
v -0.247459 0.141016 -0.253267 
v -0.24112 0.141882 -0.257932 
v -0.234684 0.142829 -0.262445 
v -0.228154 0.143855 -0.266804 
v -0.221534 0.14496 -0.271005 
v -0.387005 0.16907 -0.127844 
v -0.361166 0.14496 -0.104598 
v -0.38365 0.167981 -0.135477 
v -0.380117 0.166976 -0.143041 
v -0.376407 0.166056 -0.150531 
v -0.372523 0.165222 -0.157943 
v -0.368466 0.164474 -0.165271 
v -0.364241 0.163814 -0.172511 
v -0.359848 0.16324 -0.179659 
v -0.355292 0.162754 -0.18671 
v -0.350574 0.162356 -0.193659 
v -0.345699 0.162047 -0.200503 
v -0.340668 0.161825 -0.207238 
v -0.335484 0.161692 -0.213858 
v -0.330152 0.161648 -0.22036 
v -0.324675 0.161692 -0.226741 
v -0.319055 0.161825 -0.232995 
v -0.313297 0.162047 -0.239119 
v -0.307403 0.162356 -0.245109 
v -0.301378 0.162754 -0.250961 
v -0.295226 0.16324 -0.256673 
v -0.288949 0.163814 -0.26224 
v -0.282553 0.164474 -0.267658 
v -0.276041 0.165222 -0.272926 
v -0.269416 0.166056 -0.278038 
v -0.262684 0.166976 -0.282992 
v -0.255849 0.167981 -0.287785 
v -0.248914 0.16907 -0.292415 
v -0.241883 0.170244 -0.296877 
v -0.415349 0.194269 -0.143633 
v -0.390179 0.170244 -0.120145 
v -0.411803 0.193117 -0.151701 
v -0.408068 0.192054 -0.159697 
v -0.404147 0.191082 -0.167614 
v -0.400041 0.190201 -0.175448 
v -0.395753 0.189411 -0.183194 
v -0.391287 0.188712 -0.190847 
v -0.386644 0.188106 -0.198402 
v -0.381828 0.187593 -0.205855 
v -0.376841 0.187172 -0.213201 
v -0.371688 0.186845 -0.220435 
v -0.36637 0.186611 -0.227553 
v -0.360891 0.18647 -0.234551 
v -0.355255 0.186423 -0.241424 
v -0.349465 0.18647 -0.248168 
v -0.343525 0.186611 -0.254778 
v -0.337438 0.186845 -0.261252 
v -0.331209 0.187172 -0.267583 
v -0.32484 0.187593 -0.27377 
v -0.318337 0.188106 -0.279807 
v -0.311703 0.188712 -0.285691 
v -0.304942 0.189411 -0.291419 
v -0.298058 0.190201 -0.296986 
v -0.291056 0.191082 -0.30239 
v -0.28394 0.192054 -0.307626 
v -0.276715 0.193117 -0.312693 
v -0.269385 0.194269 -0.317586 
v -0.261954 0.195509 -0.322303 
v -0.443199 0.219437 -0.159207 
v -0.418703 0.195509 -0.135496 
v -0.439467 0.218224 -0.1677 
v -0.435535 0.217106 -0.176116 
v -0.431408 0.216083 -0.184449 
v -0.427086 0.215155 -0.192695 
v -0.422573 0.214323 -0.200848 
v -0.417872 0.213588 -0.208904 
v -0.412985 0.21295 -0.216856 
v -0.407915 0.212409 -0.224701 
v -0.402666 0.211967 -0.232433 
v -0.397242 0.211622 -0.240048 
v -0.391644 0.211376 -0.247541 
v -0.385877 0.211228 -0.254907 
v -0.379945 0.211179 -0.262141 
v -0.37385 0.211228 -0.26924 
v -0.367598 0.211376 -0.276198 
v -0.361191 0.211622 -0.283011 
v -0.354634 0.211967 -0.289676 
v -0.347931 0.212409 -0.296188 
v -0.341085 0.21295 -0.302543 
v -0.334102 0.213588 -0.308736 
v -0.326986 0.214323 -0.314765 
v -0.31974 0.215155 -0.320625 
v -0.31237 0.216083 -0.326313 
v -0.30488 0.217106 -0.331825 
v -0.297274 0.218224 -0.337158 
v -0.289558 0.219437 -0.342309 
v -0.281737 0.220743 -0.347273 
v -0.470547 0.244562 -0.174561 
v -0.44673 0.220743 -0.150642 
v -0.466633 0.243291 -0.183467 
v -0.46251 0.242118 -0.192293 
v -0.458181 0.241045 -0.201032 
v -0.453649 0.240072 -0.209679 
v -0.448917 0.2392 -0.218229 
v -0.443986 0.238429 -0.226677 
v -0.438862 0.23776 -0.235016 
v -0.433545 0.237193 -0.243243 
v -0.428041 0.236728 -0.251352 
v -0.422352 0.236367 -0.259337 
v -0.416482 0.236109 -0.267194 
v -0.410435 0.235954 -0.274919 
v -0.404214 0.235902 -0.282505 
v -0.397823 0.235954 -0.289949 
v -0.391266 0.236109 -0.297246 
v -0.384547 0.236367 -0.304391 
v -0.377671 0.236728 -0.31138 
v -0.370641 0.237193 -0.318209 
v -0.363463 0.23776 -0.324873 
v -0.35614 0.238429 -0.331368 
v -0.348677 0.2392 -0.33769 
v -0.341079 0.240072 -0.343836 
v -0.33335 0.241045 -0.349801 
v -0.325495 0.242118 -0.355581 
v -0.317519 0.243291 -0.361174 
v -0.309428 0.244562 -0.366575 
v -0.301226 0.245932 -0.371781 
v -0.497384 0.269634 -0.18969 
v -0.474249 0.245932 -0.165579 
v -0.493294 0.268305 -0.198999 
v -0.488985 0.267079 -0.208223 
v -0.484461 0.265958 -0.217357 
v -0.479724 0.264941 -0.226395 
v -0.474777 0.264029 -0.235331 
v -0.469624 0.263223 -0.24416 
v -0.464268 0.262524 -0.252876 
v -0.458712 0.261932 -0.261475 
v -0.452959 0.261446 -0.269949 
v -0.447013 0.261069 -0.278296 
v -0.440878 0.260799 -0.286508 
v -0.434557 0.260637 -0.294581 
v -0.428055 0.260583 -0.30251 
v -0.421375 0.260637 -0.310291 
v -0.414522 0.260799 -0.317917 
v -0.4075 0.261069 -0.325385 
v -0.400313 0.261446 -0.33269 
v -0.392966 0.261932 -0.339827 
v -0.385463 0.262524 -0.346792 
v -0.37781 0.263223 -0.353581 
v -0.370009 0.264029 -0.360189 
v -0.362068 0.264941 -0.366612 
v -0.35399 0.265958 -0.372846 
v -0.34578 0.267079 -0.378887 
v -0.337444 0.268305 -0.384732 
v -0.328987 0.269634 -0.390378 
v -0.320415 0.271065 -0.395819 
v -0.523707 0.294642 -0.20459 
v -0.501255 0.271065 -0.180302 
v -0.519444 0.293257 -0.21429 
v -0.514954 0.29198 -0.223902 
v -0.51024 0.290811 -0.23342 
v -0.505304 0.289752 -0.242837 
v -0.500149 0.288802 -0.252149 
v -0.49478 0.287962 -0.261349 
v -0.489198 0.287233 -0.270432 
v -0.483409 0.286616 -0.279392 
v -0.477414 0.28611 -0.288223 
v -0.471218 0.285717 -0.29692 
v -0.464825 0.285436 -0.305477 
v -0.458239 0.285267 -0.31389 
v -0.451463 0.28521 -0.322152 
v -0.444503 0.285267 -0.33026 
v -0.437362 0.285436 -0.338207 
v -0.430045 0.285717 -0.345989 
v -0.422556 0.28611 -0.3536 
v -0.4149 0.286616 -0.361037 
v -0.407082 0.287233 -0.368295 
v -0.399106 0.287962 -0.375369 
v -0.390978 0.288802 -0.382255 
v -0.382703 0.289752 -0.388948 
v -0.374285 0.290811 -0.395444 
v -0.365731 0.29198 -0.401739 
v -0.357044 0.293257 -0.40783 
v -0.348232 0.294642 -0.413712 
v -0.339299 0.296133 -0.419383 
v -0.549509 0.319578 -0.219258 
v -0.527739 0.296133 -0.194808 
v -0.545079 0.318139 -0.229338 
v -0.540413 0.316811 -0.239327 
v -0.535514 0.315597 -0.249217 
v -0.530385 0.314495 -0.259004 
v -0.525028 0.313508 -0.268681 
v -0.519448 0.312636 -0.278242 
v -0.513648 0.311879 -0.28768 
v -0.507631 0.311237 -0.296991 
v -0.501402 0.310712 -0.306168 
v -0.494963 0.310303 -0.315206 
v -0.48832 0.31001 -0.324099 
v -0.481475 0.309835 -0.332841 
v -0.474434 0.309776 -0.341427 
v -0.467201 0.309835 -0.349852 
v -0.45978 0.31001 -0.358111 
v -0.452176 0.310303 -0.366198 
v -0.444394 0.310712 -0.374108 
v -0.436438 0.311237 -0.381836 
v -0.428313 0.311879 -0.389378 
v -0.420025 0.312636 -0.396729 
v -0.411579 0.313508 -0.403885 
v -0.402979 0.314495 -0.41084 
v -0.394232 0.315597 -0.417591 
v -0.385342 0.316811 -0.424133 
v -0.376315 0.318139 -0.430463 
v -0.367158 0.319578 -0.436575 
v -0.357874 0.321128 -0.442468 
v -0.574787 0.344432 -0.233691 
v -0.553699 0.321128 -0.209092 
v -0.570195 0.342941 -0.24414 
v -0.565359 0.341565 -0.254494 
v -0.56028 0.340306 -0.264747 
v -0.554963 0.339164 -0.274892 
v -0.549411 0.338141 -0.284923 
v -0.543626 0.337237 -0.294834 
v -0.537614 0.336452 -0.304618 
v -0.531377 0.335787 -0.31427 
v -0.524919 0.335242 -0.323783 
v -0.518245 0.334818 -0.333151 
v -0.511358 0.334515 -0.34237 
v -0.504263 0.334333 -0.351432 
v -0.496965 0.334272 -0.360332 
v -0.489467 0.334333 -0.369066 
v -0.481774 0.334515 -0.377627 
v -0.473892 0.334818 -0.38601 
v -0.465824 0.335242 -0.394209 
v -0.457577 0.335787 -0.402221 
v -0.449155 0.336452 -0.410039 
v -0.440564 0.337237 -0.417659 
v -0.431808 0.338141 -0.425076 
v -0.422894 0.339164 -0.432286 
v -0.413826 0.340306 -0.439284 
v -0.404611 0.341565 -0.446066 
v -0.395254 0.342941 -0.452627 
v -0.385761 0.344432 -0.458964 
v -0.376138 0.346039 -0.465072 
v -0.59954 0.369199 -0.247887 
v -0.579131 0.346039 -0.223153 
v -0.594791 0.367656 -0.258694 
v -0.589788 0.366233 -0.269403 
v -0.584536 0.364931 -0.280007 
v -0.579037 0.36375 -0.2905 
v -0.573294 0.362692 -0.300874 
v -0.567312 0.361757 -0.311124 
v -0.561094 0.360945 -0.321243 
v -0.554643 0.360257 -0.331226 
v -0.547964 0.359694 -0.341064 
v -0.541061 0.359255 -0.350754 
v -0.533939 0.358942 -0.360288 
v -0.526601 0.358754 -0.369661 
v -0.519052 0.358691 -0.378866 
v -0.511297 0.358754 -0.387899 
v -0.503341 0.358942 -0.396753 
v -0.495189 0.359255 -0.405423 
v -0.486845 0.359694 -0.413903 
v -0.478316 0.360257 -0.422189 
v -0.469605 0.360945 -0.430275 
v -0.46072 0.361757 -0.438156 
v -0.451664 0.362692 -0.445827 
v -0.442444 0.36375 -0.453284 
v -0.433066 0.364931 -0.460522 
v -0.423535 0.366233 -0.467536 
v -0.413858 0.367656 -0.474322 
v -0.40404 0.369199 -0.480875 
v -0.394087 0.370861 -0.487193 
v -0.623766 0.39387 -0.261845 
v -0.604033 0.370861 -0.236989 
v -0.618864 0.392278 -0.272999 
v -0.613701 0.390809 -0.284051 
v -0.60828 0.389465 -0.294995 
v -0.602605 0.388247 -0.305825 
v -0.596678 0.387155 -0.316532 
v -0.590504 0.386189 -0.327111 
v -0.584086 0.385351 -0.337555 
v -0.577428 0.384642 -0.347857 
v -0.570535 0.38406 -0.358012 
v -0.563411 0.383608 -0.368012 
v -0.556059 0.383284 -0.377852 
v -0.548486 0.38309 -0.387526 
v -0.540695 0.383025 -0.397027 
v -0.532691 0.38309 -0.406349 
v -0.52448 0.383284 -0.415487 
v -0.516066 0.383608 -0.424435 
v -0.507455 0.38406 -0.433188 
v -0.498651 0.384642 -0.44174 
v -0.489662 0.385351 -0.450085 
v -0.480491 0.386189 -0.458219 
v -0.471145 0.387155 -0.466137 
v -0.461629 0.388247 -0.473833 
v -0.45195 0.389465 -0.481303 
v -0.442113 0.390809 -0.488542 
v -0.432125 0.392278 -0.495545 
v -0.421992 0.39387 -0.502309 
v -0.41172 0.395585 -0.508829 
v -0.65224 0.420207 -0.263976 
v -0.628403 0.395585 -0.250597 
v -0.632773 0.397422 -0.239261 
v -0.647463 0.418441 -0.275563 
v -0.642414 0.4168 -0.287052 
v -0.637096 0.415288 -0.298438 
v -0.631512 0.413903 -0.309711 
v -0.625665 0.412648 -0.320866 
v -0.61956 0.411523 -0.331896 
v -0.6132 0.410528 -0.342793 
v -0.606589 0.409665 -0.353552 
v -0.599731 0.408934 -0.364164 
v -0.59263 0.408335 -0.374625 
v -0.585292 0.407869 -0.384926 
v -0.577719 0.407536 -0.395062 
v -0.569918 0.407336 -0.405027 
v -0.561892 0.407269 -0.414813 
v -0.553648 0.407336 -0.424416 
v -0.545189 0.407536 -0.433829 
v -0.536522 0.407869 -0.443047 
v -0.527652 0.408335 -0.452063 
v -0.518583 0.408934 -0.460872 
v -0.509323 0.409665 -0.469469 
v -0.499876 0.410528 -0.477848 
v -0.490249 0.411523 -0.486004 
v -0.480447 0.412648 -0.493931 
v -0.470476 0.413903 -0.501626 
v -0.460344 0.415288 -0.509083 
v -0.450055 0.4168 -0.516297 
v -0.439617 0.418441 -0.523265 
v -0.429035 0.420207 -0.529981 
v -0.418318 0.422099 -0.536442 
v -0.401315 0.397422 -0.515101 
v -0.675545 0.444721 -0.277126 
v -0.656742 0.422099 -0.252299 
v -0.670633 0.442904 -0.28904 
v -0.665442 0.441218 -0.300855 
v -0.659973 0.439662 -0.312562 
v -0.654231 0.438239 -0.324154 
v -0.64822 0.436948 -0.335624 
v -0.641942 0.435791 -0.346966 
v -0.635402 0.434768 -0.358171 
v -0.628604 0.433881 -0.369233 
v -0.621552 0.433129 -0.380146 
v -0.614251 0.432513 -0.390902 
v -0.606705 0.432034 -0.401494 
v -0.598918 0.431691 -0.411917 
v -0.590897 0.431486 -0.422163 
v -0.582644 0.431417 -0.432226 
v -0.574167 0.431486 -0.442101 
v -0.565469 0.431691 -0.45178 
v -0.556557 0.432034 -0.461258 
v -0.547436 0.432513 -0.470529 
v -0.538111 0.433129 -0.479587 
v -0.528589 0.433881 -0.488426 
v -0.518875 0.434768 -0.497042 
v -0.508976 0.435791 -0.505428 
v -0.498897 0.436948 -0.51358 
v -0.488645 0.438239 -0.521492 
v -0.478226 0.439662 -0.52916 
v -0.467646 0.441218 -0.536578 
v -0.456913 0.442904 -0.543743 
v -0.446033 0.444721 -0.550649 
v -0.435012 0.446666 -0.557292 
v -0.698319 0.469121 -0.290046 
v -0.680174 0.446666 -0.265119 
v -0.693277 0.467256 -0.302277 
v -0.687947 0.465525 -0.314405 
v -0.682333 0.463928 -0.326423 
v -0.676439 0.462466 -0.338323 
v -0.670268 0.461142 -0.350098 
v -0.663823 0.459954 -0.361741 
v -0.65711 0.458904 -0.373243 
v -0.650131 0.457993 -0.3846 
v -0.642892 0.457221 -0.395802 
v -0.635397 0.456589 -0.406843 
v -0.62765 0.456097 -0.417717 
v -0.619657 0.455745 -0.428417 
v -0.611422 0.455534 -0.438935 
v -0.602951 0.455464 -0.449265 
v -0.594248 0.455534 -0.459402 
v -0.58532 0.455745 -0.469338 
v -0.576171 0.456097 -0.479068 
v -0.566807 0.456589 -0.488585 
v -0.557235 0.457221 -0.497884 
v -0.54746 0.457993 -0.506958 
v -0.537488 0.458904 -0.515802 
v -0.527326 0.459954 -0.524411 
v -0.516979 0.461142 -0.53278 
v -0.506455 0.462466 -0.540902 
v -0.495759 0.463928 -0.548773 
v -0.484899 0.465525 -0.556389 
v -0.473881 0.467256 -0.563743 
v -0.462711 0.469121 -0.570833 
v -0.451398 0.471118 -0.577653 
v -0.720563 0.493403 -0.302737 
v -0.703071 0.471118 -0.277721 
v -0.715394 0.491492 -0.315273 
v -0.709932 0.489717 -0.327704 
v -0.704178 0.48808 -0.340022 
v -0.698136 0.486582 -0.352219 
v -0.691811 0.485224 -0.364288 
v -0.685205 0.484007 -0.376221 
v -0.678324 0.482931 -0.388011 
v -0.671171 0.481997 -0.399651 
v -0.663751 0.481206 -0.411133 
v -0.656069 0.480558 -0.42245 
v -0.648129 0.480054 -0.433596 
v -0.639936 0.479693 -0.444562 
v -0.631496 0.479477 -0.455343 
v -0.622813 0.479405 -0.465932 
v -0.613893 0.479477 -0.476321 
v -0.604742 0.479693 -0.486506 
v -0.595364 0.480054 -0.496478 
v -0.585767 0.480558 -0.506233 
v -0.575956 0.481206 -0.515764 
v -0.565937 0.481997 -0.525065 
v -0.555716 0.482931 -0.53413 
v -0.5453 0.484007 -0.542954 
v -0.534695 0.485224 -0.551531 
v -0.523907 0.486582 -0.559857 
v -0.512944 0.48808 -0.567924 
v -0.501813 0.489717 -0.57573 
v -0.49052 0.491492 -0.583268 
v -0.479071 0.493403 -0.590535 
v -0.467475 0.49545 -0.597525 
v -0.742278 0.517563 -0.315197 
v -0.725433 0.49545 -0.290103 
v -0.736988 0.515607 -0.328028 
v -0.731397 0.513791 -0.340751 
v -0.725508 0.512115 -0.353358 
v -0.719325 0.510582 -0.365842 
v -0.712851 0.509192 -0.378194 
v -0.70609 0.507946 -0.390408 
v -0.699047 0.506845 -0.402475 
v -0.691726 0.50589 -0.414388 
v -0.684132 0.50508 -0.42614 
v -0.676269 0.504417 -0.437723 
v -0.668143 0.5039 -0.44913 
v -0.659758 0.503531 -0.460355 
v -0.651119 0.50331 -0.471389 
v -0.642232 0.503236 -0.482226 
v -0.633102 0.50331 -0.49286 
v -0.623736 0.503531 -0.503284 
v -0.614138 0.5039 -0.513491 
v -0.604316 0.504417 -0.523474 
v -0.594274 0.50508 -0.533229 
v -0.584019 0.50589 -0.542749 
v -0.573558 0.506845 -0.552027 
v -0.562898 0.507946 -0.561058 
v -0.552043 0.509192 -0.569837 
v -0.541003 0.510582 -0.578358 
v -0.529782 0.512115 -0.586615 
v -0.518389 0.513791 -0.594604 
v -0.506831 0.515607 -0.602319 
v -0.495113 0.517563 -0.609757 
v -0.483245 0.519658 -0.616911 
v -0.763468 0.541598 -0.327428 
v -0.747263 0.519658 -0.302267 
v -0.758061 0.539598 -0.340543 
v -0.752346 0.537742 -0.353547 
v -0.746327 0.536029 -0.366433 
v -0.740007 0.534462 -0.379193 
v -0.73339 0.533042 -0.391818 
v -0.72648 0.531768 -0.404302 
v -0.719281 0.530643 -0.416636 
v -0.711798 0.529666 -0.428813 
v -0.704036 0.528838 -0.440824 
v -0.696 0.52816 -0.452663 
v -0.687693 0.527633 -0.464323 
v -0.679123 0.527256 -0.475795 
v -0.670293 0.527029 -0.487073 
v -0.66121 0.526954 -0.49815 
v -0.651878 0.527029 -0.509019 
v -0.642305 0.527256 -0.519673 
v -0.632495 0.527633 -0.530106 
v -0.622455 0.52816 -0.540311 
v -0.612191 0.528838 -0.550281 
v -0.60171 0.529666 -0.560011 
v -0.591018 0.530643 -0.569494 
v -0.580121 0.531768 -0.578725 
v -0.569027 0.533042 -0.587698 
v -0.557742 0.534462 -0.596407 
v -0.546274 0.536029 -0.604847 
v -0.534629 0.537742 -0.613013 
v -0.522814 0.539598 -0.620899 
v -0.510838 0.541598 -0.6285 
v -0.498707 0.543739 -0.635813 
v -0.784134 0.565503 -0.339431 
v -0.768563 0.543739 -0.314212 
v -0.778615 0.563462 -0.352818 
v -0.772782 0.561567 -0.366093 
v -0.766637 0.559819 -0.379247 
v -0.760185 0.558219 -0.392272 
v -0.75343 0.556769 -0.405161 
v -0.746377 0.555469 -0.417904 
v -0.739028 0.55432 -0.430495 
v -0.73139 0.553323 -0.442925 
v -0.723466 0.552478 -0.455187 
v -0.715262 0.551786 -0.467272 
v -0.706783 0.551247 -0.479174 
v -0.698034 0.550862 -0.490885 
v -0.68902 0.550631 -0.502398 
v -0.679748 0.550554 -0.513706 
v -0.670222 0.550631 -0.524801 
v -0.66045 0.550862 -0.535677 
v -0.650436 0.551247 -0.546327 
v -0.640187 0.551786 -0.556744 
v -0.629709 0.552478 -0.566922 
v -0.61901 0.553323 -0.576854 
v -0.608095 0.55432 -0.586535 
v -0.596972 0.555469 -0.595958 
v -0.585647 0.556769 -0.605118 
v -0.574127 0.558219 -0.614008 
v -0.56242 0.559819 -0.622623 
v -0.550532 0.561567 -0.630959 
v -0.538472 0.563462 -0.639009 
v -0.526247 0.565503 -0.646769 
v -0.513864 0.567689 -0.654234 
v -0.804281 0.589276 -0.351204 
v -0.789335 0.567689 -0.325939 
v -0.798654 0.587195 -0.364854 
v -0.792706 0.585263 -0.378389 
v -0.786441 0.58348 -0.391801 
v -0.779863 0.58185 -0.405082 
v -0.772975 0.580371 -0.418223 
v -0.765783 0.579046 -0.431216 
v -0.758291 0.577874 -0.444053 
v -0.750503 0.576857 -0.456727 
v -0.742424 0.575996 -0.469229 
v -0.734059 0.57529 -0.481551 
v -0.725414 0.574741 -0.493686 
v -0.716494 0.574349 -0.505627 
v -0.707303 0.574113 -0.517366 
v -0.697849 0.574035 -0.528895 
v -0.688137 0.574113 -0.540207 
v -0.678173 0.574349 -0.551296 
v -0.667963 0.574741 -0.562155 
v -0.657513 0.57529 -0.572776 
v -0.64683 0.575996 -0.583153 
v -0.635921 0.576857 -0.59328 
v -0.624792 0.577874 -0.603151 
v -0.613451 0.579046 -0.612758 
v -0.601904 0.580371 -0.622098 
v -0.590159 0.58185 -0.631162 
v -0.578222 0.58348 -0.639946 
v -0.566102 0.585263 -0.648445 
v -0.553805 0.587195 -0.656653 
v -0.54134 0.589276 -0.664565 
v -0.528714 0.591505 -0.672176 
v -0.829312 0.615184 -0.348742 
v -0.809584 0.591505 -0.337449 
v -0.81456 0.59388 -0.323596 
v -0.823911 0.612914 -0.362751 
v -0.81818 0.610795 -0.376653 
v -0.812123 0.608827 -0.390437 
v -0.805742 0.607012 -0.404097 
v -0.799043 0.605351 -0.417622 
v -0.792028 0.603845 -0.431006 
v -0.784704 0.602495 -0.444239 
v -0.777073 0.601302 -0.457313 
v -0.769141 0.600267 -0.47022 
v -0.760913 0.599389 -0.482953 
v -0.752394 0.598671 -0.495502 
v -0.74359 0.598111 -0.507861 
v -0.734505 0.597712 -0.520022 
v -0.725145 0.597472 -0.531977 
v -0.715516 0.597392 -0.543719 
v -0.705625 0.597472 -0.55524 
v -0.695477 0.597712 -0.566534 
v -0.685078 0.598111 -0.577593 
v -0.674436 0.598671 -0.58841 
v -0.663556 0.599389 -0.598978 
v -0.652446 0.600267 -0.609292 
v -0.641112 0.601302 -0.619345 
v -0.629561 0.602495 -0.62913 
v -0.617801 0.603845 -0.638641 
v -0.605839 0.605351 -0.647873 
v -0.593683 0.607012 -0.656819 
v -0.581339 0.608827 -0.665475 
v -0.568815 0.610795 -0.673834 
v -0.55612 0.612914 -0.681892 
v -0.543262 0.615184 -0.689644 
v -0.530247 0.617603 -0.697084 
v -0.515936 0.59388 -0.679482 
v -0.848524 0.638725 -0.359819 
v -0.834379 0.617603 -0.334633 
v -0.843029 0.636416 -0.374072 
v -0.837199 0.634259 -0.388215 
v -0.831036 0.632257 -0.402239 
v -0.824544 0.630411 -0.416135 
v -0.817729 0.628721 -0.429896 
v -0.810592 0.627189 -0.443511 
v -0.803141 0.625815 -0.456974 
v -0.795377 0.624602 -0.470275 
v -0.787308 0.623548 -0.483407 
v -0.778937 0.622656 -0.49636 
v -0.77027 0.621925 -0.509128 
v -0.761313 0.621356 -0.521702 
v -0.75207 0.620949 -0.534073 
v -0.742548 0.620705 -0.546236 
v -0.732752 0.620623 -0.558182 
v -0.722689 0.620705 -0.569903 
v -0.712365 0.620949 -0.581392 
v -0.701786 0.621356 -0.592643 
v -0.690959 0.621925 -0.603648 
v -0.67989 0.622656 -0.6144 
v -0.668587 0.623548 -0.624893 
v -0.657056 0.624602 -0.63512 
v -0.645305 0.625815 -0.645075 
v -0.633341 0.627189 -0.654752 
v -0.621171 0.628721 -0.664144 
v -0.608803 0.630411 -0.673245 
v -0.596245 0.632257 -0.682051 
v -0.583504 0.634259 -0.690556 
v -0.570589 0.636416 -0.698754 
v -0.557507 0.638725 -0.70664 
v -0.544267 0.641186 -0.714209 
v -0.867223 0.662125 -0.370683 
v -0.853679 0.641186 -0.345466 
v -0.861638 0.659778 -0.385168 
v -0.855713 0.657586 -0.399542 
v -0.849449 0.655551 -0.413795 
v -0.842852 0.653675 -0.427918 
v -0.835924 0.651957 -0.441904 
v -0.828672 0.6504 -0.455742 
v -0.821098 0.649005 -0.469424 
v -0.813208 0.647771 -0.482943 
v -0.805007 0.6467 -0.496289 
v -0.7965 0.645793 -0.509454 
v -0.787691 0.64505 -0.52243 
v -0.778587 0.644472 -0.535209 
v -0.769194 0.644058 -0.547783 
v -0.759516 0.64381 -0.560144 
v -0.74956 0.643728 -0.572285 
v -0.739333 0.64381 -0.584198 
v -0.72884 0.644058 -0.595875 
v -0.718088 0.644472 -0.60731 
v -0.707084 0.64505 -0.618494 
v -0.695834 0.645793 -0.629422 
v -0.684346 0.6467 -0.640086 
v -0.672627 0.647771 -0.650481 
v -0.660684 0.649005 -0.660598 
v -0.648525 0.6504 -0.670433 
v -0.636156 0.651957 -0.679978 
v -0.623586 0.653675 -0.689228 
v -0.610823 0.655551 -0.698178 
v -0.597874 0.657586 -0.706822 
v -0.584748 0.659778 -0.715153 
v -0.571452 0.662125 -0.723168 
v -0.557996 0.664626 -0.730861 
v -0.885414 0.685382 -0.381333 
v -0.872462 0.664626 -0.356095 
v -0.879743 0.682999 -0.396041 
v -0.873727 0.680774 -0.410636 
v -0.867367 0.678708 -0.425108 
v -0.860668 0.676802 -0.439448 
v -0.853635 0.675059 -0.453648 
v -0.846271 0.673478 -0.467699 
v -0.838581 0.67206 -0.481592 
v -0.830569 0.670808 -0.495318 
v -0.822242 0.669721 -0.508869 
v -0.813604 0.6688 -0.522236 
v -0.80466 0.668045 -0.535412 
v -0.795417 0.667458 -0.548387 
v -0.785879 0.667038 -0.561154 
v -0.776052 0.666787 -0.573705 
v -0.765943 0.666703 -0.586032 
v -0.755559 0.666787 -0.598128 
v -0.744905 0.667038 -0.609985 
v -0.733988 0.667458 -0.621595 
v -0.722815 0.668045 -0.632951 
v -0.711392 0.6688 -0.644047 
v -0.699728 0.669721 -0.654875 
v -0.687829 0.670808 -0.665429 
v -0.675703 0.67206 -0.675702 
v -0.663356 0.673478 -0.685688 
v -0.650798 0.675059 -0.69538 
v -0.638035 0.676802 -0.704772 
v -0.625075 0.678708 -0.713859 
v -0.611928 0.680774 -0.722636 
v -0.5986 0.682999 -0.731095 
v -0.5851 0.685382 -0.739233 
v -0.571436 0.687922 -0.747044 
v -0.903101 0.708496 -0.391772 
v -0.890733 0.687922 -0.366521 
v -0.897349 0.706079 -0.406693 
v -0.891245 0.703821 -0.421498 
v -0.884794 0.701725 -0.436179 
v -0.877998 0.699792 -0.450726 
v -0.870863 0.698023 -0.465131 
v -0.863393 0.69642 -0.479385 
v -0.855592 0.694982 -0.493478 
v -0.847465 0.693711 -0.507402 
v -0.839018 0.692608 -0.521149 
v -0.830255 0.691674 -0.534709 
v -0.821182 0.690909 -0.548075 
v -0.811805 0.690313 -0.561238 
v -0.802129 0.689887 -0.574189 
v -0.792161 0.689632 -0.586922 
v -0.781906 0.689547 -0.599427 
v -0.771372 0.689632 -0.611697 
v -0.760564 0.689887 -0.623725 
v -0.749489 0.690313 -0.635503 
v -0.738155 0.690909 -0.647023 
v -0.726568 0.691674 -0.658279 
v -0.714735 0.692608 -0.669263 
v -0.702664 0.693711 -0.67997 
v -0.690362 0.694982 -0.690391 
v -0.677838 0.69642 -0.700521 
v -0.665098 0.698023 -0.710353 
v -0.652151 0.699792 -0.719881 
v -0.639004 0.701725 -0.729099 
v -0.625667 0.703821 -0.738002 
v -0.612146 0.706079 -0.746584 
v -0.598452 0.708496 -0.754839 
v -0.584591 0.711072 -0.762763 
v -0.92029 0.731465 -0.402001 
v -0.908498 0.711072 -0.376746 
v -0.91446 0.729014 -0.417124 
v -0.908273 0.726726 -0.43213 
v -0.901734 0.724602 -0.44701 
v -0.894847 0.722643 -0.461754 
v -0.887615 0.72085 -0.476355 
v -0.880043 0.719224 -0.490802 
v -0.872136 0.717767 -0.505086 
v -0.8639 0.716479 -0.519199 
v -0.855338 0.715362 -0.533132 
v -0.846456 0.714415 -0.546876 
v -0.83726 0.713639 -0.560423 
v -0.827756 0.713035 -0.573764 
v -0.817949 0.712604 -0.586891 
v -0.807845 0.712345 -0.599796 
v -0.797452 0.712258 -0.612471 
v -0.786774 0.712345 -0.624908 
v -0.77582 0.712604 -0.637099 
v -0.764595 0.713035 -0.649036 
v -0.753107 0.713639 -0.660713 
v -0.741363 0.714415 -0.672121 
v -0.72937 0.715362 -0.683255 
v -0.717135 0.716479 -0.694106 
v -0.704667 0.717767 -0.704668 
v -0.691973 0.719224 -0.714935 
v -0.67906 0.72085 -0.724901 
v -0.665937 0.722643 -0.734558 
v -0.652613 0.724602 -0.743901 
v -0.639094 0.726726 -0.752925 
v -0.625391 0.729014 -0.761623 
v -0.61151 0.731465 -0.76999 
v -0.597462 0.734076 -0.778022 
v -0.936985 0.754287 -0.412022 
v -0.925759 0.734076 -0.386772 
v -0.93108 0.751806 -0.427337 
v -0.924815 0.749489 -0.442534 
v -0.918193 0.747338 -0.457603 
v -0.911218 0.745353 -0.472535 
v -0.903894 0.743538 -0.487321 
v -0.896226 0.741891 -0.501952 
v -0.888219 0.740416 -0.516418 
v -0.879877 0.739112 -0.530711 
v -0.871206 0.73798 -0.544821 
v -0.862212 0.73702 -0.55874 
v -0.852899 0.736235 -0.572459 
v -0.843274 0.735624 -0.58597 
v -0.833342 0.735187 -0.599264 
v -0.82311 0.734924 -0.612333 
v -0.812584 0.734837 -0.625169 
v -0.801771 0.734924 -0.637764 
v -0.790677 0.735187 -0.65011 
v -0.77931 0.735624 -0.662199 
v -0.767676 0.736235 -0.674024 
v -0.755782 0.73702 -0.685578 
v -0.743637 0.73798 -0.696853 
v -0.731246 0.739112 -0.707842 
v -0.71862 0.740416 -0.718539 
v -0.705764 0.741891 -0.728936 
v -0.692687 0.743538 -0.739028 
v -0.679397 0.745353 -0.748809 
v -0.665903 0.747338 -0.758271 
v -0.652213 0.749489 -0.767409 
v -0.638335 0.751806 -0.776218 
v -0.624278 0.754287 -0.784692 
v -0.610051 0.756932 -0.792825 
v -0.958796 0.779639 -0.40623 
v -0.942524 0.756932 -0.396599 
v -0.947695 0.759737 -0.381076 
v -0.953191 0.776963 -0.421837 
v -0.947216 0.774452 -0.437334 
v -0.940877 0.772107 -0.452712 
v -0.934176 0.769931 -0.467961 
v -0.927117 0.767923 -0.483071 
v -0.919706 0.766085 -0.498033 
v -0.911947 0.76442 -0.512838 
v -0.903844 0.762926 -0.527477 
v -0.895403 0.761606 -0.54194 
v -0.886629 0.760461 -0.556218 
v -0.877527 0.759491 -0.570303 
v -0.868103 0.758696 -0.584186 
v -0.858363 0.758077 -0.597857 
v -0.848313 0.757635 -0.61131 
v -0.837959 0.757369 -0.624535 
v -0.827308 0.757281 -0.637524 
v -0.816366 0.757369 -0.650269 
v -0.80514 0.757635 -0.662762 
v -0.793637 0.758077 -0.674995 
v -0.781864 0.758696 -0.686961 
v -0.769829 0.759491 -0.698652 
v -0.757539 0.760461 -0.710062 
v -0.745001 0.761606 -0.721182 
v -0.732224 0.762926 -0.732006 
v -0.719215 0.76442 -0.742528 
v -0.705982 0.766085 -0.75274 
v -0.692534 0.767923 -0.762637 
v -0.678879 0.769931 -0.772212 
v -0.665025 0.772107 -0.781459 
v -0.650982 0.774452 -0.790373 
v -0.636758 0.776963 -0.798947 
v -0.622361 0.779639 -0.807178 
v -0.607801 0.782478 -0.815059 
v -0.595662 0.759737 -0.800613 
v -0.974582 0.802197 -0.415666 
v -0.964029 0.782478 -0.390522 
v -0.968914 0.799492 -0.431447 
v -0.962873 0.796953 -0.447117 
v -0.956462 0.794582 -0.462667 
v -0.949686 0.792381 -0.478085 
v -0.942549 0.79035 -0.493364 
v -0.935056 0.788493 -0.508493 
v -0.92721 0.786808 -0.523463 
v -0.919017 0.785298 -0.538265 
v -0.910481 0.783964 -0.552889 
v -0.901609 0.782805 -0.567326 
v -0.892406 0.781824 -0.581568 
v -0.882877 0.78102 -0.595606 
v -0.873029 0.780395 -0.60943 
v -0.862867 0.779948 -0.623033 
v -0.852397 0.779679 -0.636405 
v -0.841627 0.77959 -0.649539 
v -0.830563 0.779679 -0.662426 
v -0.819212 0.779948 -0.675058 
v -0.807581 0.780395 -0.687428 
v -0.795677 0.78102 -0.699527 
v -0.783507 0.781824 -0.711349 
v -0.77108 0.782805 -0.722886 
v -0.758402 0.783964 -0.73413 
v -0.745482 0.785298 -0.745075 
v -0.732328 0.786808 -0.755714 
v -0.718948 0.788493 -0.76604 
v -0.70535 0.79035 -0.776047 
v -0.691543 0.792381 -0.785729 
v -0.677535 0.794582 -0.795079 
v -0.663335 0.796953 -0.804092 
v -0.648952 0.799492 -0.812763 
v -0.634395 0.802197 -0.821085 
v -0.619672 0.805068 -0.829054 
v -0.989885 0.824606 -0.424909 
v -0.979873 0.805068 -0.399783 
v -0.984158 0.821872 -0.440854 
v -0.978054 0.819307 -0.456688 
v -0.971577 0.816911 -0.472399 
v -0.964731 0.814687 -0.487979 
v -0.957519 0.812636 -0.503416 
v -0.949947 0.810759 -0.518703 
v -0.94202 0.809057 -0.533829 
v -0.933741 0.807531 -0.548785 
v -0.925117 0.806183 -0.563561 
v -0.916153 0.805012 -0.578149 
v -0.906854 0.804021 -0.59254 
v -0.897226 0.803209 -0.606723 
v -0.887274 0.802577 -0.620692 
v -0.877006 0.802125 -0.634436 
v -0.866428 0.801854 -0.647947 
v -0.855546 0.801763 -0.661218 
v -0.844367 0.801854 -0.674239 
v -0.832897 0.802125 -0.687003 
v -0.821145 0.802577 -0.699502 
v -0.809117 0.803209 -0.711727 
v -0.79682 0.804021 -0.723672 
v -0.784264 0.805012 -0.735329 
v -0.771454 0.806183 -0.74669 
v -0.758399 0.807531 -0.757749 
v -0.745108 0.809057 -0.768499 
v -0.731589 0.810759 -0.778933 
v -0.717849 0.812636 -0.789044 
v -0.703898 0.814687 -0.798826 
v -0.689744 0.816911 -0.808274 
v -0.675396 0.819307 -0.817381 
v -0.660864 0.821872 -0.826142 
v -0.646154 0.824606 -0.834551 
v -0.631279 0.827507 -0.842603 
v -1.00471 0.846865 -0.43396 
v -0.995231 0.827507 -0.40886 
v -0.99893 0.844105 -0.450061 
v -0.992767 0.841515 -0.466048 
v -0.986227 0.839096 -0.481912 
v -0.979314 0.83685 -0.497643 
v -0.972032 0.834779 -0.513231 
v -0.964387 0.832883 -0.528666 
v -0.956382 0.831165 -0.543939 
v -0.948024 0.829624 -0.55904 
v -0.939316 0.828263 -0.57396 
v -0.930264 0.827081 -0.588689 
v -0.920875 0.82608 -0.603219 
v -0.911153 0.82526 -0.617541 
v -0.901105 0.824622 -0.631645 
v -0.890738 0.824166 -0.645522 
v -0.880056 0.823892 -0.659165 
v -0.869069 0.823801 -0.672565 
v -0.857781 0.823892 -0.685712 
v -0.8462 0.824166 -0.6986 
v -0.834333 0.824622 -0.71122 
v -0.822188 0.82526 -0.723565 
v -0.809773 0.82608 -0.735625 
v -0.797094 0.827081 -0.747395 
v -0.78416 0.828263 -0.758867 
v -0.770979 0.829624 -0.770034 
v -0.757558 0.831165 -0.780888 
v -0.743908 0.832883 -0.791423 
v -0.730035 0.834779 -0.801632 
v -0.715948 0.83685 -0.81151 
v -0.701657 0.839096 -0.821049 
v -0.687169 0.841515 -0.830245 
v -0.672495 0.844105 -0.839091 
v -0.657643 0.846865 -0.847581 
v -0.642623 0.849794 -0.855711 
v -1.01907 0.868975 -0.442823 
v -1.01011 0.849794 -0.417756 
v -1.01323 0.86619 -0.459069 
v -1.00702 0.863576 -0.475201 
v -1.00042 0.861135 -0.491208 
v -0.993441 0.858869 -0.507081 
v -0.986094 0.856779 -0.522809 
v -0.978379 0.854867 -0.538384 
v -0.970302 0.853133 -0.553795 
v -0.961868 0.851578 -0.569032 
v -0.953081 0.850204 -0.584087 
v -0.943948 0.849012 -0.59895 
v -0.934474 0.848002 -0.613611 
v -0.924664 0.847174 -0.628062 
v -0.914526 0.84653 -0.642293 
v -0.904064 0.84607 -0.656296 
v -0.893287 0.845794 -0.670062 
v -0.8822 0.845702 -0.683583 
v -0.87081 0.845794 -0.69685 
v -0.859124 0.84607 -0.709854 
v -0.847151 0.84653 -0.722588 
v -0.834896 0.847174 -0.735044 
v -0.822368 0.848002 -0.747213 
v -0.809575 0.849012 -0.75909 
v -0.796524 0.850204 -0.770665 
v -0.783223 0.851578 -0.781932 
v -0.769682 0.853133 -0.792885 
v -0.755908 0.854867 -0.803515 
v -0.741909 0.856779 -0.813817 
v -0.727696 0.858869 -0.823783 
v -0.713275 0.861135 -0.833409 
v -0.698657 0.863576 -0.842688 
v -0.68385 0.86619 -0.851613 
v -0.668864 0.868975 -0.860181 
v -0.653708 0.87193 -0.868384 
v -1.03296 0.890935 -0.451498 
v -1.02452 0.87193 -0.426472 
v -1.02708 0.888126 -0.46788 
v -1.02081 0.88549 -0.484147 
v -1.01415 0.883029 -0.500288 
v -1.00712 0.880744 -0.516294 
v -0.999708 0.878637 -0.532155 
v -0.991929 0.876708 -0.54786 
v -0.983785 0.874959 -0.5634 
v -0.97528 0.873392 -0.578765 
v -0.966419 0.872007 -0.593946 
v -0.95721 0.870804 -0.608934 
v -0.947656 0.869786 -0.623718 
v -0.937764 0.868951 -0.63829 
v -0.927541 0.868302 -0.652641 
v -0.916992 0.867838 -0.666761 
v -0.906124 0.867559 -0.680642 
v -0.894943 0.867466 -0.694276 
v -0.883458 0.867559 -0.707654 
v -0.871675 0.867838 -0.720767 
v -0.859601 0.868302 -0.733608 
v -0.847243 0.868951 -0.746168 
v -0.83461 0.869786 -0.75844 
v -0.82171 0.870804 -0.770416 
v -0.808549 0.872007 -0.782089 
v -0.795138 0.873392 -0.79345 
v -0.781483 0.874959 -0.804494 
v -0.767593 0.876708 -0.815214 
v -0.753477 0.878637 -0.825602 
v -0.739144 0.880744 -0.835652 
v -0.724603 0.883029 -0.845359 
v -0.709862 0.88549 -0.854715 
v -0.694931 0.888126 -0.863715 
v -0.67982 0.890935 -0.872354 
v -0.664537 0.893914 -0.880627 
v -1.05193 0.915747 -0.443372 
v -1.03845 0.893914 -0.43501 
v -1.04355 0.897064 -0.418428 
v -1.04639 0.912745 -0.459987 
v -1.04046 0.909914 -0.476497 
v -1.03414 0.907258 -0.49289 
v -1.02744 0.904778 -0.509156 
v -1.02035 0.902475 -0.525286 
v -1.01288 0.900351 -0.54127 
v -1.00504 0.898408 -0.557097 
v -0.996835 0.896646 -0.572757 
v -0.988264 0.895066 -0.588242 
v -0.979335 0.89367 -0.603541 
v -0.970054 0.892458 -0.618644 
v -0.960426 0.891432 -0.633543 
v -0.950457 0.890591 -0.648228 
v -0.940154 0.889936 -0.66269 
v -0.929524 0.889469 -0.67692 
v -0.918571 0.889188 -0.690909 
v -0.907305 0.889094 -0.704649 
v -0.89573 0.889188 -0.71813 
v -0.883855 0.889469 -0.731345 
v -0.871688 0.889936 -0.744285 
v -0.859234 0.890591 -0.756943 
v -0.846504 0.891432 -0.76931 
v -0.833503 0.892458 -0.781379 
v -0.820241 0.89367 -0.793142 
v -0.806725 0.895066 -0.804592 
v -0.792964 0.896646 -0.815721 
v -0.778966 0.898408 -0.826524 
v -0.764741 0.900351 -0.836992 
v -0.750297 0.902475 -0.847121 
v -0.735643 0.904778 -0.856902 
v -0.720788 0.907258 -0.866331 
v -0.705742 0.909914 -0.875402 
v -0.690513 0.912745 -0.884108 
v -0.675111 0.915747 -0.892444 
v -0.659546 0.918921 -0.900406 
v -0.649091 0.897064 -0.888527 
v -1.06494 0.93743 -0.451559 
v -1.05706 0.918921 -0.426661 
v -1.05937 0.934405 -0.468293 
v -1.0534 0.931555 -0.484921 
v -1.04703 0.92888 -0.501431 
v -1.04028 0.926382 -0.517814 
v -1.03314 0.924062 -0.534059 
v -1.02562 0.921924 -0.550157 
v -1.01772 0.919966 -0.566097 
v -1.00946 0.918191 -0.581869 
v -1.00083 0.9166 -0.597465 
v -0.991833 0.915194 -0.612873 
v -0.982485 0.913974 -0.628084 
v -0.972788 0.91294 -0.64309 
v -0.962749 0.912093 -0.657879 
v -0.952372 0.911434 -0.672445 
v -0.941665 0.910963 -0.686777 
v -0.930635 0.91068 -0.700866 
v -0.919288 0.910586 -0.714703 
v -0.90763 0.91068 -0.728281 
v -0.895671 0.910963 -0.741591 
v -0.883416 0.911434 -0.754624 
v -0.870874 0.912093 -0.767372 
v -0.858052 0.91294 -0.779827 
v -0.844958 0.913974 -0.791982 
v -0.831601 0.915194 -0.803829 
v -0.817989 0.9166 -0.815361 
v -0.804129 0.918191 -0.82657 
v -0.790032 0.919966 -0.83745 
v -0.775705 0.921924 -0.847993 
v -0.761158 0.924062 -0.858194 
v -0.746399 0.926382 -0.868046 
v -0.731438 0.92888 -0.877542 
v -0.716284 0.931555 -0.886677 
v -0.700946 0.934405 -0.895445 
v -0.685434 0.93743 -0.903841 
v -0.669758 0.940626 -0.91186 
v -1.07751 0.958962 -0.459574 
v -1.07012 0.940626 -0.434729 
v -1.0719 0.955917 -0.476418 
v -1.06589 0.953048 -0.493154 
v -1.05948 0.950355 -0.509773 
v -1.05268 0.947841 -0.526263 
v -1.0455 0.945507 -0.542615 
v -1.03793 0.943354 -0.558819 
v -1.02998 0.941383 -0.574863 
v -1.02166 0.939597 -0.590739 
v -1.01297 0.937996 -0.606437 
v -1.00392 0.93658 -0.621946 
v -0.994509 0.935352 -0.637257 
v -0.984749 0.934311 -0.652361 
v -0.974643 0.933459 -0.667248 
v -0.964199 0.932796 -0.681909 
v -0.953422 0.932321 -0.696335 
v -0.942319 0.932037 -0.710516 
v -0.930897 0.931942 -0.724445 
v -0.919163 0.932037 -0.738112 
v -0.907125 0.932321 -0.751509 
v -0.89479 0.932796 -0.764627 
v -0.882166 0.933459 -0.777459 
v -0.869259 0.934311 -0.789996 
v -0.85608 0.935352 -0.802231 
v -0.842635 0.93658 -0.814155 
v -0.828933 0.937996 -0.825763 
v -0.814983 0.939597 -0.837046 
v -0.800793 0.941383 -0.847997 
v -0.786372 0.943354 -0.858609 
v -0.77173 0.945507 -0.868877 
v -0.756874 0.947841 -0.878793 
v -0.741815 0.950355 -0.888352 
v -0.726561 0.953048 -0.897547 
v -0.711123 0.955917 -0.906373 
v -0.695509 0.958962 -0.914824 
v -0.67973 0.962179 -0.922895 
v -1.08963 0.980344 -0.467418 
v -1.08272 0.962179 -0.442633 
v -1.08398 0.977281 -0.484363 
v -1.07794 0.974395 -0.5012 
v -1.07149 0.971686 -0.517918 
v -1.06465 0.969157 -0.534507 
v -1.05742 0.966808 -0.550957 
v -1.04981 0.964642 -0.567258 
v -1.04181 0.96266 -0.583399 
v -1.03344 0.960863 -0.59937 
v -1.0247 0.959252 -0.615161 
v -1.0156 0.957829 -0.630763 
v -1.00613 0.956593 -0.646166 
v -0.996312 0.955546 -0.661361 
v -0.986146 0.954689 -0.676337 
v -0.975639 0.954021 -0.691086 
v -0.964797 0.953544 -0.705598 
v -0.953628 0.953258 -0.719865 
v -0.942137 0.953162 -0.733877 
v -0.930333 0.953258 -0.747626 
v -0.918223 0.953544 -0.761103 
v -0.905814 0.954021 -0.7743 
v -0.893114 0.954689 -0.787208 
v -0.88013 0.955546 -0.799821 
v -0.866872 0.956593 -0.812129 
v -0.853347 0.957829 -0.824125 
v -0.839563 0.959252 -0.835802 
v -0.825529 0.960863 -0.847152 
v -0.811254 0.96266 -0.858169 
v -0.796747 0.964642 -0.868845 
v -0.782016 0.966808 -0.879174 
v -0.767071 0.969157 -0.88915 
v -0.751922 0.971686 -0.898766 
v -0.736577 0.974395 -0.908016 
v -0.721046 0.977281 -0.916895 
v -0.705339 0.980344 -0.925397 
v -0.689465 0.983581 -0.933516 
v -1.10131 1.00158 -0.475094 
v -1.09487 0.983581 -0.450376 
v -1.09563 0.998498 -0.492131 
v -1.08955 0.995596 -0.509059 
v -1.08307 0.992873 -0.525869 
v -1.07619 0.990329 -0.542548 
v -1.06893 0.987968 -0.559088 
v -1.06127 0.985791 -0.575477 
v -1.05323 0.983798 -0.591705 
v -1.04482 0.981991 -0.607764 
v -1.03603 0.980371 -0.623641 
v -1.02687 0.97894 -0.639328 
v -1.01736 0.977697 -0.654815 
v -1.00748 0.976644 -0.670092 
v -0.997262 0.975782 -0.68515 
v -0.986697 0.975111 -0.699979 
v -0.975796 0.974632 -0.71457 
v -0.964566 0.974344 -0.728914 
v -0.953013 0.974248 -0.743003 
v -0.941145 0.974344 -0.756827 
v -0.928969 0.974632 -0.770377 
v -0.916492 0.975111 -0.783646 
v -0.903723 0.975782 -0.796625 
v -0.890669 0.976644 -0.809306 
v -0.877338 0.977697 -0.821681 
v -0.863739 0.97894 -0.833742 
v -0.84988 0.980371 -0.845483 
v -0.83577 0.981991 -0.856895 
v -0.821417 0.983798 -0.867972 
v -0.806831 0.985791 -0.878706 
v -0.79202 0.987968 -0.889092 
v -0.776994 0.990329 -0.899121 
v -0.761762 0.992873 -0.90879 
v -0.746334 0.995596 -0.91809 
v -0.730718 0.998498 -0.927017 
v -0.714926 1.00158 -0.935565 
v -0.698966 1.00483 -0.943729 
v -1.11785 1.02593 -0.465384 
v -1.10658 1.00483 -0.457959 
v -1.11143 1.00826 -0.440736 
v -1.11255 1.02266 -0.482603 
v -1.10685 1.01957 -0.499724 
v -1.10074 1.01665 -0.516735 
v -1.09423 1.01392 -0.533627 
v -1.08732 1.01136 -0.550388 
v -1.08001 1.00899 -0.567009 
v -1.07232 1.0068 -0.583479 
v -1.06424 1.0048 -0.599787 
v -1.05578 1.00298 -0.615924 
v -1.04695 1.00135 -0.631879 
v -1.03775 0.999914 -0.647644 
v -1.02819 0.998666 -0.663206 
v -1.01827 0.997608 -0.678559 
v -1.008 0.996741 -0.69369 
v -0.997379 0.996067 -0.708592 
v -0.986425 0.995585 -0.723255 
v -0.975139 0.995296 -0.73767 
v -0.96353 0.995199 -0.751827 
v -0.951603 0.995296 -0.765719 
v -0.939367 0.995585 -0.779336 
v -0.926829 0.996067 -0.79267 
v -0.913997 0.996741 -0.805712 
v -0.900879 0.997608 -0.818455 
v -0.887483 0.998666 -0.830891 
v -0.873817 0.999914 -0.843012 
v -0.85989 1.00135 -0.85481 
v -0.845711 1.00298 -0.866278 
v -0.831288 1.0048 -0.877409 
v -0.81663 1.0068 -0.888197 
v -0.801746 1.00899 -0.898633 
v -0.786647 1.01136 -0.908712 
v -0.77134 1.01392 -0.918428 
v -0.755835 1.01665 -0.927774 
v -0.740143 1.01957 -0.936745 
v -0.724273 1.02266 -0.945335 
v -0.708235 1.02593 -0.953539 
v -0.692038 1.02938 -0.961351 
v -0.682848 1.00826 -0.951503 
v -1.12868 1.04689 -0.472653 
v -1.12273 1.02938 -0.448077 
v -1.12337 1.0436 -0.489947 
v -1.11764 1.04049 -0.507143 
v -1.1115 1.03756 -0.524229 
v -1.10496 1.03482 -0.541195 
v -1.09802 1.03225 -0.55803 
v -1.09068 1.02987 -0.574724 
v -1.08296 1.02767 -0.591266 
v -1.07484 1.02566 -0.607646 
v -1.06635 1.02383 -0.623854 
v -1.05748 1.0222 -0.639879 
v -1.04824 1.02075 -0.655712 
v -1.03863 1.0195 -0.671344 
v -1.02867 1.01844 -0.686763 
v -1.01835 1.01757 -0.701961 
v -1.00769 1.01689 -0.716929 
v -0.996686 1.0164 -0.731656 
v -0.985351 1.01611 -0.746134 
v -0.973691 1.01602 -0.760353 
v -0.961712 1.01611 -0.774306 
v -0.949422 1.0164 -0.787983 
v -0.93683 1.01689 -0.801375 
v -0.923941 1.01757 -0.814475 
v -0.910765 1.01844 -0.827274 
v -0.897311 1.0195 -0.839765 
v -0.883585 1.02075 -0.851939 
v -0.869597 1.0222 -0.863788 
v -0.855355 1.02383 -0.875307 
v -0.840868 1.02566 -0.886487 
v -0.826146 1.02767 -0.897321 
v -0.811197 1.02987 -0.907804 
v -0.796031 1.03225 -0.917927 
v -0.780657 1.03482 -0.927685 
v -0.765085 1.03756 -0.937073 
v -0.749324 1.04049 -0.946083 
v -0.733384 1.0436 -0.954711 
v -0.717275 1.04689 -0.96295 
v -0.701008 1.05035 -0.970797 
v -1.1391 1.06769 -0.479767 
v -1.13359 1.05035 -0.455269 
v -1.13376 1.0644 -0.497129 
v -1.12801 1.06128 -0.514392 
v -1.12185 1.05833 -0.531544 
v -1.11528 1.05557 -0.548576 
v -1.10831 1.053 -0.565477 
v -1.10095 1.05061 -0.582235 
v -1.09319 1.0484 -0.598841 
v -1.08505 1.04638 -0.615285 
v -1.07652 1.04455 -0.631555 
v -1.06761 1.04291 -0.647643 
v -1.05834 1.04146 -0.663538 
v -1.0487 1.0402 -0.67923 
v -1.03869 1.03913 -0.694709 
v -1.02834 1.03826 -0.709966 
v -1.01763 1.03758 -0.724992 
v -1.00659 1.03709 -0.739776 
v -0.995207 1.0368 -0.75431 
v -0.983501 1.0367 -0.768585 
v -0.971476 1.0368 -0.782592 
v -0.959139 1.03709 -0.796322 
v -0.946497 1.03758 -0.809766 
v -0.933559 1.03826 -0.822917 
v -0.920332 1.03913 -0.835766 
v -0.906824 1.0402 -0.848305 
v -0.893045 1.04146 -0.860526 
v -0.879003 1.04291 -0.872422 
v -0.864706 1.04455 -0.883986 
v -0.850163 1.04638 -0.895209 
v -0.835384 1.0484 -0.906085 
v -0.820377 1.05061 -0.916608 
v -0.805152 1.053 -0.926771 
v -0.789718 1.05557 -0.936567 
v -0.774085 1.05833 -0.945991 
v -0.758263 1.06128 -0.955036 
v -0.742261 1.0644 -0.963698 
v -0.72609 1.06769 -0.971969 
v -0.709759 1.07116 -0.979847 
v -1.14909 1.08835 -0.48673 
v -1.14402 1.07116 -0.462317 
v -1.14373 1.08504 -0.50415 
v -1.13796 1.08191 -0.521472 
v -1.13178 1.07896 -0.538682 
v -1.12519 1.07619 -0.555772 
v -1.1182 1.07361 -0.57273 
v -1.11081 1.07121 -0.589545 
v -1.10303 1.06899 -0.606207 
v -1.09486 1.06697 -0.622707 
v -1.0863 1.06513 -0.639032 
v -1.07736 1.06348 -0.655175 
v -1.06806 1.06203 -0.671123 
v -1.05838 1.06077 -0.686869 
v -1.04834 1.05969 -0.7024 
v -1.03795 1.05882 -0.717709 
v -1.02721 1.05814 -0.732786 
v -1.01613 1.05765 -0.74762 
v -1.00471 1.05736 -0.762204 
v -0.992966 1.05726 -0.776527 
v -0.9809 1.05736 -0.790581 
v -0.968521 1.05765 -0.804358 
v -0.955836 1.05814 -0.817848 
v -0.942854 1.05882 -0.831043 
v -0.929582 1.05969 -0.843936 
v -0.916029 1.06077 -0.856517 
v -0.902203 1.06203 -0.86878 
v -0.888113 1.06348 -0.880716 
v -0.873768 1.06513 -0.892318 
v -0.859176 1.06697 -0.90358 
v -0.844346 1.06899 -0.914493 
v -0.829288 1.07121 -0.925052 
v -0.814012 1.07361 -0.935249 
v -0.798526 1.07619 -0.945079 
v -0.78284 1.07896 -0.954534 
v -0.766964 1.08191 -0.96361 
v -0.750908 1.08504 -0.972301 
v -0.734682 1.08835 -0.980601 
v -0.718295 1.09184 -0.988505 
v -1.15867 1.10887 -0.493541 
v -1.15403 1.09184 -0.46922 
v -1.15329 1.10555 -0.511013 
v -1.14751 1.10241 -0.528385 
v -1.14131 1.09945 -0.545645 
v -1.1347 1.09667 -0.562785 
v -1.12769 1.09408 -0.579792 
v -1.12028 1.09167 -0.596656 
v -1.11247 1.08945 -0.613367 
v -1.10428 1.08742 -0.629914 
v -1.09569 1.08558 -0.646287 
v -1.08673 1.08393 -0.662477 
v -1.0774 1.08247 -0.678472 
v -1.06769 1.0812 -0.694263 
v -1.05763 1.08013 -0.70984 
v -1.04721 1.07925 -0.725193 
v -1.03643 1.07856 -0.740313 
v -1.02532 1.07807 -0.755191 
v -1.01387 1.07778 -0.769817 
v -1.00209 1.07768 -0.784182 
v -0.989988 1.07778 -0.798277 
v -0.977572 1.07807 -0.812094 
v -0.964851 1.07856 -0.825623 
v -0.951831 1.07925 -0.838857 
v -0.93852 1.08013 -0.851787 
v -0.924928 1.0812 -0.864405 
v -0.911062 1.08247 -0.876703 
v -0.896931 1.08393 -0.888674 
v -0.882544 1.08558 -0.90031 
v -0.867909 1.08742 -0.911605 
v -0.853037 1.08945 -0.92255 
v -0.837935 1.09167 -0.933139 
v -0.822614 1.09408 -0.943366 
v -0.807083 1.09667 -0.953224 
v -0.791351 1.09945 -0.962707 
v -0.775429 1.10241 -0.971809 
v -0.759326 1.10555 -0.980525 
v -0.743053 1.10887 -0.988849 
v -0.726619 1.11236 -0.996776 
v -1.1728 1.13274 -0.482601 
v -1.16362 1.11236 -0.475981 
v -1.16815 1.11603 -0.458342 
v -1.16783 1.12924 -0.500205 
v -1.16245 1.12591 -0.517719 
v -1.15665 1.12277 -0.535133 
v -1.15043 1.1198 -0.552436 
v -1.14381 1.11702 -0.569617 
v -1.13678 1.11442 -0.586665 
v -1.12935 1.112 -0.603571 
v -1.12153 1.10978 -0.620322 
v -1.11331 1.10774 -0.63691 
v -1.10471 1.10589 -0.653323 
v -1.09573 1.10424 -0.669552 
v -1.08637 1.10277 -0.685586 
v -1.07664 1.1015 -0.701416 
v -1.06655 1.10043 -0.717031 
v -1.0561 1.09955 -0.732421 
v -1.0453 1.09886 -0.747579 
v -1.03416 1.09837 -0.762493 
v -1.02268 1.09808 -0.777154 
v -1.01087 1.09798 -0.791554 
v -0.998744 1.09808 -0.805684 
v -0.986298 1.09837 -0.819534 
v -0.973546 1.09886 -0.833096 
v -0.960494 1.09955 -0.846362 
v -0.947151 1.10043 -0.859324 
v -0.933526 1.1015 -0.871972 
v -0.919626 1.10277 -0.884301 
v -0.90546 1.10424 -0.896301 
v -0.891038 1.10589 -0.907966 
v -0.876368 1.10774 -0.919287 
v -0.861459 1.10978 -0.930259 
v -0.84632 1.112 -0.940874 
v -0.830962 1.11442 -0.951126 
v -0.815393 1.11702 -0.961008 
v -0.799623 1.1198 -0.970515 
v -0.783662 1.12277 -0.979639 
v -0.76752 1.12591 -0.988376 
v -0.751207 1.12924 -0.996721 
v -0.734733 1.13274 -1.00467 
v -0.718108 1.13642 -1.01221 
v -0.710035 1.11603 -1.0043 
v -1.18157 1.15298 -0.489083 
v -1.17734 1.13642 -0.464919 
v -1.1766 1.14947 -0.506722 
v -1.1712 1.14614 -0.52427 
v -1.16539 1.14298 -0.541719 
v -1.15916 1.14001 -0.559056 
v -1.15253 1.13722 -0.576271 
v -1.14548 1.13462 -0.593353 
v -1.13804 1.1322 -0.610292 
v -1.1302 1.12997 -0.627077 
v -1.12197 1.12793 -0.643697 
v -1.11335 1.12608 -0.660143 
v -1.10435 1.12442 -0.676404 
v -1.09497 1.12295 -0.692469 
v -1.08522 1.12168 -0.70833 
v -1.07511 1.1206 -0.723976 
v -1.06464 1.11972 -0.739397 
v -1.05382 1.11903 -0.754585 
v -1.04266 1.11854 -0.769528 
v -1.03116 1.11825 -0.784219 
v -1.01933 1.11815 -0.798647 
v -1.00717 1.11825 -0.812804 
v -0.994703 1.11854 -0.826682 
v -0.981925 1.11903 -0.840271 
v -0.968847 1.11972 -0.853563 
v -0.955478 1.1206 -0.866551 
v -0.941826 1.12168 -0.879224 
v -0.927898 1.12295 -0.891577 
v -0.913705 1.12442 -0.903601 
v -0.899254 1.12608 -0.915289 
v -0.884555 1.12793 -0.926633 
v -0.869616 1.12997 -0.937626 
v -0.854448 1.1322 -0.948263 
v -0.839059 1.13462 -0.958535 
v -0.823459 1.13722 -0.968436 
v -0.807658 1.14001 -0.977961 
v -0.791666 1.14298 -0.987104 
v -0.775492 1.14614 -0.995858 
v -0.759147 1.14947 -1.00422 
v -0.74264 1.15298 -1.01218 
v -0.725982 1.15666 -1.01974 
v -1.18994 1.17307 -0.495428 
v -1.18612 1.15666 -0.471366 
v -1.18496 1.16956 -0.513093 
v -1.17956 1.16622 -0.530669 
v -1.17374 1.16306 -0.548144 
v -1.1675 1.16009 -0.565508 
v -1.16085 1.15729 -0.582749 
v -1.1538 1.15468 -0.599857 
v -1.14634 1.15226 -0.616822 
v -1.13849 1.15003 -0.633632 
v -1.13025 1.14798 -0.650278 
v -1.12161 1.14613 -0.666749 
v -1.1126 1.14447 -0.683035 
v -1.10321 1.143 -0.699125 
v -1.09345 1.14173 -0.71501 
v -1.08332 1.14065 -0.73068 
v -1.07284 1.13976 -0.746124 
v -1.062 1.13908 -0.761335 
v -1.05082 1.13858 -0.776301 
v -1.0393 1.13829 -0.791014 
v -1.02745 1.13819 -0.805464 
v -1.01528 1.13829 -0.819643 
v -1.00279 1.13858 -0.833542 
v -0.989992 1.13908 -0.847152 
v -0.976895 1.13976 -0.860465 
v -0.963505 1.14065 -0.873472 
v -0.949832 1.14173 -0.886165 
v -0.935883 1.143 -0.898536 
v -0.921668 1.14447 -0.910579 
v -0.907195 1.14613 -0.922284 
v -0.892474 1.14798 -0.933646 
v -0.877512 1.15003 -0.944656 
v -0.862321 1.15226 -0.955308 
v -0.846909 1.15468 -0.965596 
v -0.831285 1.15729 -0.975513 
v -0.81546 1.16009 -0.985052 
v -0.799443 1.16306 -0.994209 
v -0.783244 1.16622 -1.00298 
v -0.766874 1.16956 -1.01135 
v -0.750342 1.17307 -1.01932 
v -0.733659 1.17677 -1.02689 
v -1.19792 1.19303 -0.501638 
v -1.1945 1.17677 -0.477684 
v -1.19293 1.18951 -0.519322 
v -1.18752 1.18617 -0.536917 
v -1.18169 1.18301 -0.554411 
v -1.17545 1.18003 -0.571793 
v -1.1688 1.17723 -0.589053 
v -1.16174 1.17462 -0.60618 
v -1.15427 1.1722 -0.623163 
v -1.14641 1.16996 -0.639992 
v -1.13816 1.16791 -0.656655 
v -1.12952 1.16606 -0.673144 
v -1.12049 1.16439 -0.689447 
v -1.11109 1.16292 -0.705555 
v -1.10132 1.16165 -0.721457 
v -1.09118 1.16057 -0.737144 
v -1.08069 1.15968 -0.752606 
v -1.06984 1.15899 -0.767832 
v -1.05865 1.1585 -0.782815 
v -1.04712 1.15821 -0.797544 
v -1.03525 1.15811 -0.81201 
v -1.02307 1.15821 -0.826204 
v -1.01056 1.1585 -0.840118 
v -0.997752 1.15899 -0.853743 
v -0.984641 1.15968 -0.86707 
v -0.971237 1.16057 -0.88009 
v -0.957548 1.16165 -0.892797 
v -0.943585 1.16292 -0.905182 
v -0.929354 1.16439 -0.917238 
v -0.914866 1.16606 -0.928956 
v -0.900128 1.16791 -0.94033 
v -0.885151 1.16996 -0.951352 
v -0.869943 1.1722 -0.962016 
v -0.854514 1.17462 -0.972315 
v -0.838873 1.17723 -0.982242 
v -0.823031 1.18003 -0.991792 
v -0.806997 1.18301 -1.00096 
v -0.790781 1.18617 -1.00974 
v -0.774393 1.18951 -1.01812 
v -0.757843 1.19303 -1.0261 
v -0.741142 1.19672 -1.03368 
v -1.21007 1.21654 -0.489939 
v -1.20248 1.19672 -0.483875 
v -1.20551 1.21285 -0.507714 
v -1.20051 1.20933 -0.52541 
v -1.1951 1.20598 -0.543016 
v -1.18927 1.20282 -0.560521 
v -1.18302 1.19984 -0.577915 
v -1.17636 1.19704 -0.595186 
v -1.1693 1.19442 -0.612324 
v -1.16183 1.192 -0.629318 
v -1.15396 1.18976 -0.646157 
v -1.14571 1.18771 -0.662832 
v -1.13706 1.18586 -0.679331 
v -1.12803 1.18419 -0.695645 
v -1.11862 1.18272 -0.711763 
v -1.10884 1.18145 -0.727675 
v -1.0987 1.18036 -0.743372 
v -1.0882 1.17948 -0.758844 
v -1.07734 1.17879 -0.77408 
v -1.06614 1.1783 -0.789073 
v -1.0546 1.178 -0.803811 
v -1.04273 1.1779 -0.818286 
v -1.03054 1.178 -0.83249 
v -1.01803 1.1783 -0.846413 
v -1.00521 1.17879 -0.860046 
v -0.992088 1.17948 -0.873382 
v -0.978675 1.18036 -0.886411 
v -0.964978 1.18145 -0.899126 
v -0.951006 1.18272 -0.911519 
v -0.936766 1.18419 -0.923582 
v -0.922268 1.18586 -0.935308 
v -0.907521 1.18771 -0.946689 
v -0.892534 1.18976 -0.957719 
v -0.877316 1.192 -0.968389 
v -0.861877 1.19442 -0.978695 
v -0.846227 1.19704 -0.988629 
v -0.830374 1.19984 -0.998185 
v -0.81433 1.20282 -1.00736 
v -0.798103 1.20598 -1.01614 
v -0.781704 1.20933 -1.02453 
v -0.765144 1.21285 -1.03252 
v -0.748432 1.21654 -1.0401 
v -0.722265 1.1953 -1.03891 
vn 0.323744 -0.906308 0.271654 
vn -0.209534 0.211309 0.954696 
vn -0.566814 -0.177742 0.804444 
vn 0.323744 -0.906308 0.271654 
vn 0.91714 0.371152 0.145256 
vn 0.922651 0.365998 0.121492 
vn 0.917783 0.379305 0.117479 
vn 0.912273 0.384459 0.14124 
vn 0.906193 0.389382 0.16491 
vn 0.904413 0.380766 0.192497 
vn 0.91106 0.376076 0.168929 
vn 0.897203 0.385219 0.215946 
vn 0.899547 0.394071 0.188476 
vn 0.889436 0.389433 0.23926 
vn 0.892338 0.398524 0.211922 
vn 0.881116 0.393404 0.262426 
vn 0.884572 0.402737 0.235234 
vn 0.872249 0.397131 0.285428 
vn 0.876253 0.406708 0.258397 
vn 0.867387 0.410435 0.281397 
vn 0.857978 0.413914 0.304219 
vn 0.862839 0.400611 0.308253 
vn 0.848032 0.417145 0.32685 
vn 0.842416 0.406823 0.353314 
vn 0.852892 0.403843 0.330886 
vn 0.831416 0.40955 0.375522 
vn 0.837557 0.420125 0.349275 
vn 0.826558 0.422852 0.371481 
vn 0.815042 0.425324 0.393453 
vn 0.807872 0.414239 0.419224 
vn 0.819899 0.412022 0.397496 
vn 0.803017 0.42754 0.415178 
vn 0.79049 0.429499 0.436643 
vn 0.78232 0.417898 0.461884 
vn 0.795343 0.416198 0.440691 
vn 0.768811 0.419338 0.482789 
vn 0.777468 0.431199 0.457833 
vn 0.754823 0.420518 0.503395 
vn 0.76396 0.432639 0.478737 
vn 0.740366 0.421437 0.523688 
vn 0.749974 0.433819 0.49934 
vn 0.725449 0.422093 0.543655 
vn 0.735518 0.434737 0.519631 
vn 0.720603 0.435394 0.539596 
vn 0.705237 0.435788 0.559223 
vn 0.694272 0.422618 0.582563 
vn 0.710081 0.422487 0.563284 
vn 0.678031 0.422487 0.60148 
vn 0.689429 0.435919 0.5785 
vn 0.661369 0.422093 0.620023 
vn 0.67319 0.435788 0.597415 
vn 0.644295 0.421437 0.638181 
vn 0.656529 0.435394 0.615956 
vn 0.639458 0.434737 0.634111 
vn 0.621986 0.433819 0.65187 
vn 0.608957 0.419338 0.673295 
vn 0.626821 0.420518 0.655942 
vn 0.604124 0.432639 0.669222 
vn 0.585884 0.431199 0.686154 
vn 0.590715 0.417898 0.69023 
vn 0.567276 0.429499 0.702658 
vn 0.55314 0.414239 0.722801 
vn 0.572106 0.416198 0.706735 
vn 0.548313 0.42754 0.718723 
vn 0.529006 0.425324 0.734338 
vn 0.514191 0.40955 0.753576 
vn 0.533831 0.412022 0.738418 
vn 0.509367 0.422852 0.749494 
vn 0.489409 0.420125 0.764182 
vn 0.473963 0.403843 0.782477 
vn 0.49423 0.406823 0.768266 
vn 0.4534 0.400611 0.796203 
vn 0.469144 0.417145 0.778392 
vn 0.432556 0.397131 0.809433 
vn 0.448584 0.413914 0.792116 
vn 0.427742 0.410435 0.805345 
vn 0.406631 0.406708 0.818071 
vn 0.411443 0.393404 0.82216 
vn 0.385264 0.402737 0.830286 
vn 0.368463 0.385219 0.846074 
vn 0.390074 0.389433 0.834377 
vn 0.363655 0.398524 0.841982 
vn 0.341817 0.394071 0.853152 
vn 0.324567 0.376076 0.867884 
vn 0.346622 0.380766 0.857246 
vn 0.319764 0.389382 0.86379 
vn 0.297509 0.384459 0.873888 
vn 0.279863 0.365998 0.887537 
vn 0.302309 0.371152 0.877984 
vn 0.912827 0.392249 0.113526 
vn 0.907319 0.397401 0.137279 
vn 0.90124 0.402322 0.160943 
vn 0.894596 0.40701 0.184501 
vn 0.88739 0.411461 0.207939 
vn 0.879626 0.415673 0.231244 
vn 0.87131 0.419643 0.254399 
vn 0.862446 0.423368 0.277392 
vn 0.85304 0.426847 0.300207 
vn 0.843098 0.430077 0.322831 
vn 0.832626 0.433056 0.345249 
vn 0.82163 0.435782 0.367448 
vn 0.810118 0.438253 0.389413 
vn 0.798097 0.440469 0.411131 
vn 0.785573 0.442427 0.432589 
vn 0.772556 0.444126 0.453773 
vn 0.759052 0.445566 0.47467 
vn 0.74507 0.446745 0.495267 
vn 0.730619 0.447663 0.515551 
vn 0.715709 0.44832 0.535509 
vn 0.700347 0.448713 0.55513 
vn 0.684545 0.448845 0.574401 
vn 0.668311 0.448713 0.59331 
vn 0.651655 0.44832 0.611845 
vn 0.634589 0.447663 0.629995 
vn 0.617122 0.446745 0.647749 
vn 0.599266 0.445566 0.665094 
vn 0.581032 0.444126 0.682022 
vn 0.56243 0.442427 0.69852 
vn 0.543473 0.440469 0.71458 
vn 0.524172 0.438253 0.73019 
vn 0.50454 0.435782 0.745341 
vn 0.484588 0.433056 0.760025 
vn 0.464329 0.430077 0.77423 
vn 0.443775 0.426847 0.78795 
vn 0.42294 0.423368 0.801175 
vn 0.401836 0.419643 0.813897 
vn 0.380476 0.415673 0.826108 
vn 0.358874 0.411461 0.8378 
vn 0.337043 0.40701 0.848967 
vn 0.314996 0.402322 0.859601 
vn 0.292748 0.397401 0.869696 
vn 0.270312 0.392249 0.879245 
vn 0.902246 0.410086 0.133345 
vn 0.896171 0.415005 0.156996 
vn 0.889531 0.41969 0.180542 
vn 0.882328 0.424139 0.203969 
vn 0.874568 0.428349 0.227261 
vn 0.866256 0.432317 0.250405 
vn 0.857397 0.43604 0.273385 
vn 0.847996 0.439517 0.296189 
vn 0.838059 0.442745 0.318801 
vn 0.827592 0.445722 0.341207 
vn 0.816602 0.448447 0.363395 
vn 0.805096 0.450917 0.385349 
vn 0.793081 0.453132 0.407056 
vn 0.780564 0.455089 0.428502 
vn 0.767553 0.456787 0.449675 
vn 0.754056 0.458226 0.470561 
vn 0.740082 0.459405 0.491148 
vn 0.725638 0.460323 0.511421 
vn 0.710736 0.460978 0.53137 
vn 0.695382 0.461372 0.550981 
vn 0.679588 0.461503 0.570242 
vn 0.663362 0.461372 0.589141 
vn 0.646715 0.460978 0.607666 
vn 0.629658 0.460323 0.625807 
vn 0.6122 0.459405 0.643551 
vn 0.594353 0.458226 0.660888 
vn 0.576128 0.456787 0.677807 
vn 0.557536 0.455089 0.694297 
vn 0.538589 0.453132 0.710348 
vn 0.519298 0.450917 0.72595 
vn 0.499675 0.448447 0.741094 
vn 0.479734 0.445722 0.755769 
vn 0.459485 0.442745 0.769968 
vn 0.438942 0.439517 0.78368 
vn 0.418117 0.43604 0.796898 
vn 0.397024 0.432317 0.809614 
vn 0.375675 0.428349 0.821818 
vn 0.354084 0.424139 0.833505 
vn 0.332265 0.41969 0.844666 
vn 0.310229 0.415005 0.855294 
vn 0.897066 0.422514 0.129439 
vn 0.890995 0.42743 0.153073 
vn 0.884359 0.432112 0.176602 
vn 0.877162 0.436558 0.200012 
vn 0.869407 0.440764 0.223288 
vn 0.861101 0.444729 0.246416 
vn 0.852248 0.44845 0.26938 
vn 0.842854 0.451925 0.292168 
vn 0.832924 0.45515 0.314764 
vn 0.822465 0.458126 0.337154 
vn 0.811482 0.460848 0.359326 
vn 0.799984 0.463317 0.381264 
vn 0.787978 0.46553 0.402956 
vn 0.775469 0.467485 0.424387 
vn 0.762468 0.469183 0.445546 
vn 0.74898 0.470621 0.466417 
vn 0.735016 0.471799 0.486989 
vn 0.720583 0.472716 0.507248 
vn 0.70569 0.473371 0.527182 
vn 0.690348 0.473764 0.546779 
vn 0.674564 0.473895 0.566027 
vn 0.65835 0.473764 0.584913 
vn 0.641715 0.473371 0.603425 
vn 0.62467 0.472716 0.621553 
vn 0.607224 0.471799 0.639284 
vn 0.58939 0.470621 0.656609 
vn 0.571178 0.469183 0.673516 
vn 0.552599 0.467485 0.689994 
vn 0.533665 0.46553 0.706034 
vn 0.514388 0.463317 0.721625 
vn 0.494779 0.460848 0.736758 
vn 0.474852 0.458126 0.751423 
vn 0.454617 0.45515 0.765612 
vn 0.434089 0.451925 0.779314 
vn 0.413279 0.44845 0.792523 
vn 0.392201 0.444729 0.805229 
vn 0.370867 0.440764 0.817426 
vn 0.349291 0.436558 0.829104 
vn 0.327487 0.432112 0.840257 
vn 0.287993 0.410086 0.865384 
vn 0.305467 0.42743 0.850878 
vn 0.891785 0.434687 0.125562 
vn 0.88572 0.439598 0.149176 
vn 0.87909 0.444276 0.172684 
vn 0.871899 0.448718 0.196073 
vn 0.864151 0.452921 0.219328 
vn 0.855853 0.456882 0.242435 
vn 0.847007 0.4606 0.265379 
vn 0.837621 0.464071 0.288146 
vn 0.8277 0.467294 0.310722 
vn 0.81725 0.470267 0.333093 
vn 0.806278 0.472987 0.355245 
vn 0.79479 0.475453 0.377164 
vn 0.782794 0.477664 0.398836 
vn 0.770297 0.479618 0.420249 
vn 0.757307 0.481314 0.441388 
vn 0.743831 0.482751 0.462241 
vn 0.729879 0.483928 0.482794 
vn 0.715459 0.484844 0.503036 
vn 0.70058 0.485498 0.522952 
vn 0.685251 0.485891 0.542532 
vn 0.669482 0.486022 0.561762 
vn 0.653282 0.485891 0.580631 
vn 0.636662 0.485498 0.599127 
vn 0.619631 0.484844 0.617239 
vn 0.602202 0.483928 0.634954 
vn 0.584383 0.482751 0.652264 
vn 0.566187 0.481314 0.669155 
vn 0.547625 0.479618 0.685619 
vn 0.528708 0.477664 0.701645 
vn 0.509448 0.475453 0.717222 
vn 0.489857 0.472987 0.732341 
vn 0.469947 0.470267 0.746993 
vn 0.44973 0.467294 0.761169 
vn 0.42922 0.464071 0.77486 
vn 0.408429 0.4606 0.788057 
vn 0.387369 0.456882 0.800752 
vn 0.366055 0.452921 0.812937 
vn 0.344498 0.448718 0.824605 
vn 0.322713 0.444276 0.835748 
vn 0.283246 0.422514 0.860961 
vn 0.300713 0.439598 0.84636 
vn 0.886413 0.446606 0.121718 
vn 0.880354 0.451512 0.145306 
vn 0.873731 0.456185 0.168789 
vn 0.866548 0.460622 0.192153 
vn 0.858809 0.46482 0.215384 
vn 0.850519 0.468777 0.238466 
vn 0.841683 0.472491 0.261385 
vn 0.832307 0.475959 0.284128 
vn 0.822396 0.479178 0.30668 
vn 0.811957 0.482148 0.329027 
vn 0.800997 0.484865 0.351155 
vn 0.789521 0.487329 0.373051 
vn 0.777538 0.489537 0.3947 
vn 0.765054 0.491489 0.41609 
vn 0.752078 0.493183 0.437207 
vn 0.738617 0.494618 0.458037 
vn 0.724679 0.495794 0.478569 
vn 0.710275 0.496709 0.498789 
vn 0.695411 0.497363 0.518684 
vn 0.680099 0.497756 0.538243 
vn 0.664346 0.497886 0.557453 
vn 0.648164 0.497756 0.576302 
vn 0.631561 0.497363 0.594778 
vn 0.614549 0.496709 0.61287 
vn 0.597138 0.495794 0.630567 
vn 0.579338 0.494618 0.647858 
vn 0.561162 0.493183 0.664732 
vn 0.542619 0.491489 0.681178 
vn 0.523722 0.489537 0.697186 
vn 0.504482 0.487329 0.712747 
vn 0.484912 0.484865 0.72785 
vn 0.465024 0.482148 0.742487 
vn 0.444829 0.479178 0.756648 
vn 0.42434 0.475959 0.770324 
vn 0.403571 0.472491 0.783507 
vn 0.382534 0.468777 0.796188 
vn 0.361242 0.46482 0.80836 
vn 0.339708 0.460622 0.820016 
vn 0.317947 0.456185 0.831147 
vn 0.278512 0.434687 0.856434 
vn 0.29597 0.451512 0.841748 
vn 0.874905 0.463172 0.141465 
vn 0.86829 0.467839 0.164919 
vn 0.861116 0.472271 0.188255 
vn 0.853386 0.476464 0.211456 
vn 0.845106 0.480417 0.23451 
vn 0.836282 0.484126 0.257402 
vn 0.826917 0.487589 0.280116 
vn 0.817019 0.490805 0.302641 
vn 0.806593 0.49377 0.32496 
vn 0.795646 0.496484 0.347061 
vn 0.784184 0.498945 0.368929 
vn 0.772216 0.501151 0.390552 
vn 0.759747 0.5031 0.411915 
vn 0.746787 0.504792 0.433006 
vn 0.733342 0.506226 0.453811 
vn 0.719422 0.5074 0.474317 
vn 0.705035 0.508314 0.494512 
vn 0.69019 0.508967 0.514383 
vn 0.674897 0.509359 0.533918 
vn 0.659163 0.50949 0.553104 
vn 0.643001 0.509359 0.571929 
vn 0.626419 0.508967 0.590383 
vn 0.609428 0.508314 0.608453 
vn 0.592038 0.5074 0.626128 
vn 0.57426 0.506226 0.643398 
vn 0.556106 0.504792 0.660251 
vn 0.537586 0.5031 0.676677 
vn 0.518713 0.501151 0.692665 
vn 0.499497 0.498945 0.708207 
vn 0.479951 0.496484 0.723292 
vn 0.460086 0.49377 0.73791 
vn 0.439917 0.490805 0.752053 
vn 0.419453 0.487589 0.765713 
vn 0.39871 0.484126 0.778879 
vn 0.377699 0.480417 0.791545 
vn 0.356433 0.476464 0.803702 
vn 0.334926 0.472271 0.815343 
vn 0.313191 0.467839 0.826461 
vn 0.869381 0.474582 0.137654 
vn 0.862775 0.479243 0.161076 
vn 0.855611 0.483668 0.184379 
vn 0.847892 0.487855 0.207549 
vn 0.839624 0.491802 0.23057 
vn 0.830811 0.495506 0.25343 
vn 0.821459 0.498965 0.276113 
vn 0.811575 0.502176 0.298606 
vn 0.801164 0.505137 0.320894 
vn 0.790232 0.507848 0.342964 
vn 0.778786 0.510305 0.364803 
vn 0.766834 0.512508 0.386395 
vn 0.754383 0.514454 0.407729 
vn 0.741441 0.516144 0.42879 
vn 0.728015 0.517576 0.449566 
vn 0.714114 0.518748 0.470044 
vn 0.699748 0.519661 0.49021 
vn 0.684923 0.520313 0.510054 
vn 0.669651 0.520704 0.529561 
vn 0.653939 0.520835 0.54872 
vn 0.637799 0.520704 0.56752 
vn 0.62124 0.520313 0.585948 
vn 0.604273 0.519661 0.603993 
vn 0.586907 0.518748 0.621643 
vn 0.569155 0.517576 0.638889 
vn 0.551026 0.516144 0.655718 
vn 0.532532 0.514454 0.672121 
vn 0.513684 0.512508 0.688088 
vn 0.494495 0.510305 0.703607 
vn 0.474976 0.507848 0.718671 
vn 0.45514 0.505137 0.733269 
vn 0.434998 0.502176 0.747393 
vn 0.414563 0.498965 0.761033 
vn 0.393849 0.495506 0.774181 
vn 0.372867 0.491802 0.78683 
vn 0.35163 0.487855 0.79897 
vn 0.330153 0.483668 0.810595 
vn 0.291241 0.463172 0.837048 
vn 0.308449 0.479243 0.821697 
vn 0.863788 0.485743 0.133876 
vn 0.857193 0.490397 0.157262 
vn 0.850039 0.494815 0.180529 
vn 0.842333 0.498996 0.203663 
vn 0.834077 0.502937 0.226649 
vn 0.825278 0.506635 0.249473 
vn 0.815941 0.510089 0.272121 
vn 0.806072 0.513295 0.294579 
vn 0.795676 0.516252 0.316833 
vn 0.784762 0.518958 0.338869 
vn 0.773334 0.521411 0.360673 
vn 0.7614 0.52361 0.382233 
vn 0.748968 0.525554 0.403533 
vn 0.736046 0.527241 0.424562 
vn 0.722641 0.528671 0.445306 
vn 0.708762 0.529841 0.465752 
vn 0.694417 0.530752 0.485888 
vn 0.679616 0.531404 0.5057 
vn 0.664367 0.531795 0.525177 
vn 0.64868 0.531925 0.544307 
vn 0.632565 0.531795 0.563077 
vn 0.616031 0.531404 0.581477 
vn 0.59909 0.530752 0.599494 
vn 0.581751 0.529841 0.617117 
vn 0.564026 0.528671 0.634336 
vn 0.545925 0.527241 0.651139 
vn 0.52746 0.525554 0.667517 
vn 0.508641 0.52361 0.683459 
vn 0.489482 0.521411 0.698955 
vn 0.469993 0.518958 0.713995 
vn 0.450187 0.516252 0.728571 
vn 0.430077 0.513295 0.742673 
vn 0.409674 0.510089 0.756292 
vn 0.388991 0.506635 0.76942 
vn 0.368041 0.502937 0.782048 
vn 0.346838 0.498996 0.79417 
vn 0.325394 0.494815 0.805777 
vn 0.28653 0.474582 0.83227 
vn 0.303723 0.490397 0.816862 
vn 0.858135 0.496659 0.130132 
vn 0.85155 0.501305 0.153478 
vn 0.844409 0.505716 0.176705 
vn 0.836715 0.50989 0.1998 
vn 0.828474 0.513824 0.222747 
vn 0.819689 0.517516 0.245533 
vn 0.810368 0.520963 0.268143 
vn 0.800516 0.524164 0.290563 
vn 0.790138 0.527116 0.312779 
vn 0.779241 0.529818 0.334778 
vn 0.767833 0.532267 0.356545 
vn 0.75592 0.534462 0.378068 
vn 0.743509 0.536403 0.399333 
vn 0.730608 0.538087 0.420326 
vn 0.717226 0.539514 0.441035 
vn 0.70337 0.540683 0.461446 
vn 0.68905 0.541592 0.481548 
vn 0.674273 0.542242 0.501327 
vn 0.65905 0.542633 0.520771 
vn 0.64339 0.542763 0.539868 
vn 0.627302 0.542633 0.558607 
vn 0.610797 0.542242 0.576975 
vn 0.593884 0.541592 0.594962 
vn 0.576575 0.540683 0.612555 
vn 0.558879 0.539514 0.629745 
vn 0.540809 0.538087 0.64652 
vn 0.522375 0.536403 0.66287 
vn 0.503588 0.534462 0.678785 
vn 0.484461 0.532267 0.694254 
vn 0.465006 0.529818 0.709269 
vn 0.445233 0.527116 0.72382 
vn 0.425156 0.524164 0.737898 
vn 0.404788 0.520963 0.751494 
vn 0.38414 0.517516 0.7646 
vn 0.363226 0.513824 0.777208 
vn 0.342059 0.50989 0.789309 
vn 0.320651 0.505716 0.800896 
vn 0.281838 0.485743 0.827418 
vn 0.299016 0.501305 0.811962 
vn 0.852427 0.507333 0.126422 
vn 0.845854 0.51197 0.149725 
vn 0.838726 0.516373 0.17291 
vn 0.831046 0.520539 0.195962 
vn 0.82282 0.524466 0.218868 
vn 0.814052 0.528151 0.241612 
vn 0.804747 0.531592 0.26418 
vn 0.794913 0.534787 0.286559 
vn 0.784554 0.537734 0.308735 
vn 0.773678 0.54043 0.330693 
vn 0.76229 0.542875 0.352421 
vn 0.750399 0.545067 0.373904 
vn 0.73801 0.547004 0.39513 
vn 0.725134 0.548685 0.416085 
vn 0.711776 0.550109 0.436756 
vn 0.697945 0.551275 0.45713 
vn 0.683651 0.552184 0.477194 
vn 0.668902 0.552833 0.496937 
vn 0.653707 0.553222 0.516346 
vn 0.638075 0.553352 0.535408 
vn 0.622016 0.553222 0.554113 
vn 0.605541 0.552833 0.572447 
vn 0.58866 0.552184 0.590401 
vn 0.571382 0.551275 0.607962 
vn 0.553719 0.550109 0.625121 
vn 0.535681 0.548685 0.641865 
vn 0.517281 0.547004 0.658185 
vn 0.498529 0.545067 0.674071 
vn 0.479437 0.542875 0.689512 
vn 0.460017 0.54043 0.704499 
vn 0.440281 0.537734 0.719024 
vn 0.420241 0.534787 0.733076 
vn 0.39991 0.531592 0.746647 
vn 0.3793 0.528151 0.759729 
vn 0.358424 0.524466 0.772313 
vn 0.337295 0.520539 0.784392 
vn 0.315927 0.516373 0.795958 
vn 0.277168 0.496659 0.822501 
vn 0.294332 0.51197 0.807004 
vn 0.840111 0.522395 0.146005 
vn 0.832996 0.526789 0.169145 
vn 0.825332 0.530947 0.192152 
vn 0.817121 0.534867 0.215012 
vn 0.808371 0.538545 0.237711 
vn 0.799085 0.541979 0.260235 
vn 0.789269 0.545167 0.282571 
vn 0.778931 0.548108 0.304703 
vn 0.768076 0.550799 0.326618 
vn 0.756711 0.553239 0.348303 
vn 0.744843 0.555427 0.369744 
vn 0.732479 0.55736 0.390928 
vn 0.719627 0.559038 0.411842 
vn 0.706296 0.560459 0.432472 
vn 0.692492 0.561623 0.452806 
vn 0.678226 0.56253 0.472832 
vn 0.663506 0.563177 0.492536 
vn 0.64834 0.563566 0.511906 
vn 0.632739 0.563696 0.530931 
vn 0.616712 0.563566 0.549599 
vn 0.60027 0.563177 0.567898 
vn 0.583421 0.56253 0.585816 
vn 0.566177 0.561623 0.603343 
vn 0.548549 0.560459 0.620467 
vn 0.530547 0.559038 0.637179 
vn 0.512183 0.55736 0.653467 
vn 0.493467 0.555427 0.669321 
vn 0.474413 0.553239 0.684732 
vn 0.455031 0.550799 0.69969 
vn 0.435334 0.548108 0.714186 
vn 0.415333 0.545167 0.728211 
vn 0.395042 0.541979 0.741755 
vn 0.374472 0.538545 0.754811 
vn 0.353637 0.534867 0.767371 
vn 0.33255 0.530947 0.779426 
vn 0.311223 0.526789 0.79097 
vn 0.834326 0.532584 0.142319 
vn 0.827227 0.536969 0.16541 
vn 0.819578 0.541118 0.188369 
vn 0.811385 0.545029 0.211182 
vn 0.802652 0.548699 0.233834 
vn 0.793386 0.552127 0.256311 
vn 0.783591 0.555308 0.278599 
vn 0.773274 0.558243 0.300685 
vn 0.762442 0.560929 0.322555 
vn 0.7511 0.563364 0.344194 
vn 0.739257 0.565546 0.365591 
vn 0.726919 0.567475 0.38673 
vn 0.714094 0.56915 0.4076 
vn 0.700791 0.570568 0.428188 
vn 0.687016 0.57173 0.448479 
vn 0.67278 0.572634 0.468463 
vn 0.65809 0.573281 0.488126 
vn 0.642956 0.573669 0.507456 
vn 0.627388 0.573798 0.526441 
vn 0.611395 0.573669 0.54507 
vn 0.594986 0.573281 0.56333 
vn 0.578173 0.572634 0.581211 
vn 0.560965 0.57173 0.598701 
vn 0.543373 0.570568 0.61579 
vn 0.525409 0.56915 0.632466 
vn 0.507083 0.567475 0.64872 
vn 0.488407 0.565546 0.664542 
vn 0.469392 0.563364 0.679921 
vn 0.450051 0.560929 0.694848 
vn 0.430395 0.558243 0.709313 
vn 0.410436 0.555308 0.723308 
vn 0.390187 0.552127 0.736825 
vn 0.36966 0.548699 0.749853 
vn 0.348869 0.545029 0.762387 
vn 0.327826 0.541118 0.774417 
vn 0.289671 0.522395 0.801994 
vn 0.306544 0.536969 0.785936 
vn 0.828506 0.542539 0.138668 
vn 0.821422 0.546915 0.161708 
vn 0.813791 0.551055 0.184616 
vn 0.805616 0.554957 0.207378 
vn 0.796902 0.55862 0.22998 
vn 0.787656 0.562039 0.252408 
vn 0.777883 0.565214 0.274647 
vn 0.767589 0.568142 0.296684 
vn 0.756781 0.570822 0.318505 
vn 0.745464 0.573251 0.340097 
vn 0.733647 0.575429 0.361446 
vn 0.721336 0.577354 0.382539 
vn 0.70854 0.579025 0.403363 
vn 0.695266 0.58044 0.423905 
vn 0.681522 0.581599 0.444152 
vn 0.667317 0.582502 0.464091 
vn 0.65266 0.583147 0.48371 
vn 0.637559 0.583534 0.502998 
vn 0.622025 0.583663 0.521941 
vn 0.606067 0.583534 0.540529 
vn 0.589695 0.583147 0.558749 
vn 0.572919 0.582502 0.57659 
vn 0.555749 0.581599 0.594042 
vn 0.538196 0.58044 0.611093 
vn 0.520272 0.579025 0.627732 
vn 0.501986 0.577354 0.64395 
vn 0.483351 0.575429 0.659737 
vn 0.464379 0.573251 0.675082 
vn 0.44508 0.570822 0.689976 
vn 0.425467 0.568142 0.704409 
vn 0.405552 0.565214 0.718373 
vn 0.385348 0.562039 0.73186 
vn 0.364867 0.55862 0.74486 
vn 0.344122 0.554957 0.757366 
vn 0.323125 0.551055 0.769369 
vn 0.285036 0.532584 0.796937 
vn 0.30189 0.546915 0.780863 
vn 0.822656 0.552266 0.135052 
vn 0.815589 0.556631 0.158039 
vn 0.807975 0.560762 0.180894 
vn 0.799819 0.564655 0.203603 
vn 0.791126 0.568309 0.226153 
vn 0.781901 0.57172 0.248528 
vn 0.772151 0.574888 0.270715 
vn 0.761881 0.577809 0.292701 
vn 0.751097 0.580483 0.314472 
vn 0.739807 0.582907 0.336014 
vn 0.728018 0.585079 0.357313 
vn 0.715736 0.587 0.378357 
vn 0.702969 0.588666 0.399132 
vn 0.689725 0.590079 0.419626 
vn 0.676013 0.591235 0.439826 
vn 0.661841 0.592135 0.459719 
vn 0.647218 0.592779 0.479293 
vn 0.632153 0.593165 0.498536 
vn 0.616655 0.593294 0.517435 
vn 0.600734 0.593165 0.535979 
vn 0.5844 0.592779 0.554157 
vn 0.567663 0.592135 0.571957 
vn 0.550533 0.591235 0.589368 
vn 0.533021 0.590079 0.606379 
vn 0.515138 0.588666 0.62298 
vn 0.496895 0.587 0.639161 
vn 0.478304 0.585079 0.654911 
vn 0.459375 0.582907 0.67022 
vn 0.440121 0.580483 0.685079 
vn 0.420554 0.577809 0.699479 
vn 0.400685 0.574888 0.713411 
vn 0.380528 0.57172 0.726866 
vn 0.360094 0.568309 0.739836 
vn 0.339397 0.564655 0.752312 
vn 0.318449 0.560762 0.764288 
vn 0.28043 0.542539 0.79184 
vn 0.297264 0.556631 0.775755 
vn 0.816782 0.561767 0.131474 
vn 0.809732 0.566122 0.154404 
vn 0.802136 0.570243 0.177204 
vn 0.794 0.574126 0.199858 
vn 0.785328 0.577771 0.222352 
vn 0.776126 0.581174 0.244673 
vn 0.766399 0.584334 0.266807 
vn 0.756154 0.587248 0.288739 
vn 0.745397 0.589915 0.310457 
vn 0.734134 0.592333 0.331946 
vn 0.722373 0.594501 0.353194 
vn 0.710121 0.596417 0.374186 
vn 0.697385 0.598079 0.394911 
vn 0.684174 0.599488 0.415355 
vn 0.670495 0.600642 0.435506 
vn 0.656358 0.60154 0.455351 
vn 0.64177 0.602182 0.474877 
vn 0.626742 0.602567 0.494073 
vn 0.611282 0.602695 0.512926 
vn 0.595399 0.602567 0.531425 
vn 0.579105 0.602182 0.549559 
vn 0.562408 0.60154 0.567316 
vn 0.54532 0.600642 0.584684 
vn 0.527851 0.599488 0.601654 
vn 0.510011 0.598079 0.618215 
vn 0.491813 0.596417 0.634356 
vn 0.473267 0.594501 0.650067 
vn 0.454384 0.592333 0.665339 
vn 0.435177 0.589915 0.680162 
vn 0.415657 0.587248 0.694528 
vn 0.395837 0.584334 0.708426 
vn 0.375729 0.581174 0.721848 
vn 0.355345 0.577771 0.734786 
vn 0.334698 0.574126 0.747232 
vn 0.313801 0.570243 0.759179 
vn 0.275853 0.552266 0.786707 
vn 0.292667 0.566122 0.770618 
vn 0.803855 0.575391 0.150804 
vn 0.796279 0.579501 0.173546 
vn 0.788163 0.583375 0.196143 
vn 0.779514 0.587011 0.21858 
vn 0.770335 0.590405 0.240844 
vn 0.760633 0.593557 0.262922 
vn 0.750414 0.596464 0.284799 
vn 0.739684 0.599124 0.306461 
vn 0.72845 0.601536 0.327896 
vn 0.716718 0.603698 0.34909 
vn 0.704497 0.605609 0.370029 
vn 0.691794 0.607267 0.390702 
vn 0.678616 0.608672 0.411094 
vn 0.664972 0.609823 0.431194 
vn 0.65087 0.610719 0.450988 
vn 0.63632 0.611359 0.470465 
vn 0.621329 0.611743 0.489612 
vn 0.605908 0.611872 0.508417 
vn 0.590066 0.611743 0.52687 
vn 0.573813 0.611359 0.544957 
vn 0.557159 0.610719 0.562669 
vn 0.540114 0.609823 0.579994 
vn 0.522689 0.608672 0.596921 
vn 0.504895 0.607267 0.613439 
vn 0.486742 0.605609 0.629539 
vn 0.468243 0.603698 0.645211 
vn 0.449408 0.601536 0.660444 
vn 0.43025 0.599124 0.67523 
vn 0.41078 0.596464 0.689558 
vn 0.39101 0.593557 0.703421 
vn 0.370953 0.590405 0.716809 
vn 0.35062 0.587011 0.729715 
vn 0.330026 0.583375 0.74213 
vn 0.309182 0.579501 0.754046 
vn 0.797965 0.584442 0.14724 
vn 0.790408 0.588542 0.169922 
vn 0.782314 0.592405 0.192459 
vn 0.773687 0.596031 0.214837 
vn 0.764532 0.599417 0.237043 
vn 0.754856 0.602561 0.259062 
vn 0.744664 0.60546 0.280882 
vn 0.733962 0.608113 0.302487 
vn 0.722757 0.610518 0.323866 
vn 0.711057 0.612675 0.345004 
vn 0.698868 0.614581 0.365888 
vn 0.686198 0.616235 0.386506 
vn 0.673055 0.617636 0.406845 
vn 0.659447 0.618784 0.426891 
vn 0.645382 0.619677 0.446634 
vn 0.63087 0.620316 0.466059 
vn 0.615919 0.620699 0.485156 
vn 0.600539 0.620827 0.503912 
vn 0.584738 0.620699 0.522316 
vn 0.568528 0.620316 0.540356 
vn 0.551918 0.619677 0.558021 
vn 0.534918 0.618784 0.5753 
vn 0.517539 0.617636 0.592182 
vn 0.499791 0.616235 0.608657 
vn 0.481687 0.614581 0.624715 
vn 0.463236 0.612675 0.640345 
vn 0.444451 0.610518 0.655538 
vn 0.425343 0.608113 0.670285 
vn 0.405924 0.60546 0.684576 
vn 0.386206 0.602561 0.698402 
vn 0.366202 0.599417 0.711755 
vn 0.345923 0.596031 0.724627 
vn 0.325383 0.592405 0.737009 
vn 0.288101 0.575391 0.765456 
vn 0.304593 0.588542 0.748894 
vn 0.792064 0.59328 0.143712 
vn 0.784528 0.597369 0.166332 
vn 0.776456 0.601222 0.188808 
vn 0.767852 0.604838 0.211125 
vn 0.758723 0.608214 0.233271 
vn 0.749073 0.611349 0.25523 
vn 0.738908 0.614241 0.27699 
vn 0.728236 0.616886 0.298536 
vn 0.717062 0.619285 0.319856 
vn 0.705393 0.621436 0.340937 
vn 0.693237 0.623336 0.361764 
vn 0.680602 0.624986 0.382326 
vn 0.667495 0.626384 0.402609 
vn 0.653924 0.627528 0.422601 
vn 0.639898 0.628419 0.44229 
vn 0.625425 0.629056 0.461662 
vn 0.610515 0.629438 0.480707 
vn 0.595176 0.629566 0.499412 
vn 0.579419 0.629438 0.517766 
vn 0.563253 0.629056 0.535756 
vn 0.546688 0.628419 0.553373 
vn 0.529734 0.627528 0.570605 
vn 0.512402 0.626384 0.587442 
vn 0.494703 0.624986 0.603872 
vn 0.476648 0.623336 0.619886 
vn 0.458247 0.621436 0.635474 
vn 0.439514 0.619285 0.650625 
vn 0.420458 0.616886 0.665332 
vn 0.401092 0.614241 0.679584 
vn 0.381428 0.611349 0.693372 
vn 0.361478 0.608214 0.706689 
vn 0.341254 0.604838 0.719525 
vn 0.32077 0.601222 0.731874 
vn 0.283568 0.584442 0.760274 
vn 0.300037 0.597369 0.743726 
vn 0.786157 0.601909 0.140222 
vn 0.778643 0.605986 0.162778 
vn 0.770593 0.609828 0.18519 
vn 0.762014 0.613434 0.207445 
vn 0.75291 0.616801 0.229528 
vn 0.743287 0.619927 0.251425 
vn 0.733151 0.62281 0.273124 
vn 0.722509 0.625449 0.29461 
vn 0.711366 0.627841 0.31587 
vn 0.69973 0.629986 0.336891 
vn 0.687609 0.631881 0.35766 
vn 0.675009 0.633526 0.378164 
vn 0.661939 0.634919 0.39839 
vn 0.648406 0.636061 0.418326 
vn 0.634419 0.636949 0.437959 
vn 0.619987 0.637584 0.457277 
vn 0.605119 0.637966 0.476268 
vn 0.589823 0.638093 0.494921 
vn 0.57411 0.637966 0.513222 
vn 0.55799 0.637584 0.531163 
vn 0.541471 0.636949 0.54873 
vn 0.524565 0.636061 0.565913 
vn 0.507282 0.634919 0.582702 
vn 0.489633 0.633526 0.599087 
vn 0.471628 0.631881 0.615055 
vn 0.45328 0.629986 0.630599 
vn 0.434599 0.627841 0.645709 
vn 0.415596 0.625449 0.660374 
vn 0.396285 0.62281 0.674585 
vn 0.376676 0.619927 0.688335 
vn 0.356782 0.616801 0.701614 
vn 0.336616 0.613434 0.714415 
vn 0.316189 0.609828 0.726728 
vn 0.27907 0.59328 0.755075 
vn 0.295515 0.605986 0.738547 
vn 0.780249 0.610333 0.136768 
vn 0.772756 0.614398 0.159259 
vn 0.76473 0.618229 0.181606 
vn 0.756175 0.621825 0.203797 
vn 0.747097 0.625182 0.225816 
vn 0.737502 0.628299 0.24765 
vn 0.727396 0.631174 0.269285 
vn 0.716784 0.633805 0.290709 
vn 0.705674 0.63619 0.311908 
vn 0.694072 0.638328 0.332868 
vn 0.681986 0.640218 0.353577 
vn 0.669422 0.641858 0.374021 
vn 0.65639 0.643248 0.394189 
vn 0.642896 0.644386 0.414067 
vn 0.62895 0.645272 0.433643 
vn 0.61456 0.645905 0.452905 
vn 0.599734 0.646285 0.471841 
vn 0.584483 0.646412 0.49044 
vn 0.568816 0.646285 0.508689 
vn 0.552742 0.645905 0.526577 
vn 0.536271 0.645272 0.544093 
vn 0.519414 0.644386 0.561227 
vn 0.502181 0.643248 0.577967 
vn 0.484583 0.641858 0.594304 
vn 0.466631 0.640218 0.610227 
vn 0.448335 0.638328 0.625726 
vn 0.429708 0.63619 0.640791 
vn 0.410761 0.633805 0.655414 
vn 0.391505 0.631174 0.669584 
vn 0.371953 0.628299 0.683294 
vn 0.352117 0.625182 0.696535 
vn 0.332009 0.621825 0.709298 
vn 0.311641 0.618229 0.721576 
vn 0.274606 0.601909 0.749865 
vn 0.291027 0.614398 0.733361 
vn 0.774341 0.618557 0.133352 
vn 0.766871 0.62261 0.155776 
vn 0.758869 0.62643 0.178057 
vn 0.75034 0.630014 0.200181 
vn 0.741289 0.633361 0.222135 
vn 0.731723 0.636469 0.243904 
vn 0.721646 0.639336 0.265475 
vn 0.711066 0.641959 0.286835 
vn 0.699989 0.644337 0.307971 
vn 0.688421 0.646469 0.328869 
vn 0.676371 0.648353 0.349516 
vn 0.663845 0.649988 0.3699 
vn 0.650851 0.651373 0.390007 
vn 0.637398 0.652508 0.409826 
vn 0.623493 0.653391 0.429344 
vn 0.609145 0.654023 0.448549 
vn 0.594364 0.654402 0.467429 
vn 0.579158 0.654528 0.485972 
vn 0.563538 0.654402 0.504166 
vn 0.547511 0.654023 0.522001 
vn 0.53109 0.653391 0.539466 
vn 0.514283 0.652508 0.556548 
vn 0.497101 0.651373 0.573239 
vn 0.479555 0.649988 0.589527 
vn 0.461657 0.648353 0.605402 
vn 0.443416 0.646469 0.620855 
vn 0.424844 0.644337 0.635876 
vn 0.405953 0.641959 0.650455 
vn 0.386755 0.639336 0.664583 
vn 0.367261 0.636469 0.678253 
vn 0.347483 0.633361 0.691454 
vn 0.327435 0.630014 0.704179 
vn 0.307128 0.62643 0.71642 
vn 0.270179 0.610333 0.744645 
vn 0.286575 0.62261 0.72817 
vn 0.760992 0.630625 0.15233 
vn 0.753014 0.634433 0.174543 
vn 0.744511 0.638007 0.1966 
vn 0.735488 0.641344 0.218486 
vn 0.72595 0.644442 0.240189 
vn 0.715905 0.6473 0.261694 
vn 0.705357 0.649915 0.282989 
vn 0.694313 0.652286 0.30406 
vn 0.682781 0.654411 0.324895 
vn 0.670767 0.656289 0.345479 
vn 0.658279 0.65792 0.3658 
vn 0.645325 0.659301 0.385847 
vn 0.631913 0.660432 0.405605 
vn 0.618051 0.661313 0.425064 
vn 0.603747 0.661942 0.44421 
vn 0.589011 0.66232 0.463032 
vn 0.573851 0.662446 0.481519 
vn 0.558278 0.66232 0.499658 
vn 0.542301 0.661942 0.517438 
vn 0.525929 0.661313 0.534849 
vn 0.509174 0.660432 0.55188 
vn 0.492044 0.659301 0.56852 
vn 0.474552 0.65792 0.584758 
vn 0.456708 0.656289 0.600585 
vn 0.438522 0.654411 0.615991 
vn 0.420007 0.652286 0.630965 
vn 0.401174 0.649915 0.6455 
vn 0.382034 0.6473 0.659586 
vn 0.3626 0.644442 0.673213 
vn 0.342883 0.641344 0.686374 
vn 0.322896 0.638007 0.699061 
vn 0.302651 0.634433 0.711265 
vn 0.755121 0.638448 0.14892 
vn 0.747168 0.642244 0.171064 
vn 0.738691 0.645807 0.193052 
vn 0.729696 0.649133 0.21487 
vn 0.720189 0.652222 0.236505 
vn 0.710174 0.655071 0.257944 
vn 0.699659 0.657678 0.279172 
vn 0.68865 0.660041 0.300177 
vn 0.677154 0.66216 0.320947 
vn 0.665178 0.664032 0.341467 
vn 0.652729 0.665658 0.361725 
vn 0.639815 0.667034 0.381709 
vn 0.626445 0.668162 0.401406 
vn 0.612626 0.66904 0.420803 
vn 0.598366 0.669668 0.43989 
vn 0.583676 0.670044 0.458653 
vn 0.568564 0.67017 0.477082 
vn 0.55304 0.670044 0.495165 
vn 0.537112 0.669668 0.51289 
vn 0.520792 0.66904 0.530247 
vn 0.504088 0.668162 0.547224 
vn 0.487012 0.667034 0.563812 
vn 0.469575 0.665658 0.58 
vn 0.451786 0.664032 0.595777 
vn 0.433657 0.66216 0.611135 
vn 0.4152 0.660041 0.626063 
vn 0.396425 0.657678 0.640552 
vn 0.377345 0.655071 0.654594 
vn 0.357972 0.652222 0.668179 
vn 0.338316 0.649133 0.681299 
vn 0.318391 0.645807 0.693946 
vn 0.28216 0.630625 0.722979 
vn 0.298209 0.642244 0.706112 
vn 0.749261 0.646083 0.145547 
vn 0.741334 0.649868 0.167621 
vn 0.732884 0.653419 0.189539 
vn 0.723918 0.656735 0.211287 
vn 0.71444 0.659814 0.232853 
vn 0.704458 0.662653 0.254224 
vn 0.693976 0.665252 0.275384 
vn 0.683003 0.667608 0.296323 
vn 0.671543 0.66972 0.317026 
vn 0.659605 0.671586 0.337481 
vn 0.647196 0.673206 0.357674 
vn 0.634323 0.674579 0.377594 
vn 0.620995 0.675703 0.397229 
vn 0.60722 0.676578 0.416564 
vn 0.593006 0.677204 0.43559 
vn 0.578363 0.677579 0.454294 
vn 0.563299 0.677704 0.472664 
vn 0.547824 0.677579 0.490689 
vn 0.531947 0.677204 0.508358 
vn 0.515679 0.676578 0.525659 
vn 0.499028 0.675703 0.542583 
vn 0.482007 0.674579 0.559118 
vn 0.464625 0.673206 0.575254 
vn 0.446893 0.671586 0.590981 
vn 0.428822 0.66972 0.60629 
vn 0.410423 0.667608 0.62117 
vn 0.391709 0.665252 0.635613 
vn 0.372689 0.662653 0.64961 
vn 0.353377 0.659814 0.663152 
vn 0.333784 0.656735 0.67623 
vn 0.313923 0.653419 0.688837 
vn 0.277783 0.638448 0.717789 
vn 0.293805 0.649868 0.700964 
vn 0.743416 0.653536 0.142212 
vn 0.735514 0.657308 0.164213 
vn 0.727092 0.660848 0.18606 
vn 0.718155 0.664153 0.207738 
vn 0.708708 0.667222 0.229234 
vn 0.698758 0.670052 0.250535 
vn 0.688311 0.672642 0.271627 
vn 0.677372 0.67499 0.292498 
vn 0.66595 0.677095 0.313133 
vn 0.654051 0.678956 0.333522 
vn 0.641682 0.680571 0.35365 
vn 0.628851 0.681939 0.373505 
vn 0.615566 0.683059 0.393075 
vn 0.601836 0.683932 0.412349 
vn 0.587668 0.684555 0.431313 
vn 0.573073 0.684929 0.449955 
vn 0.558058 0.685054 0.468266 
vn 0.542633 0.684929 0.486232 
vn 0.526807 0.684555 0.503844 
vn 0.510592 0.683932 0.521089 
vn 0.493996 0.683059 0.537957 
vn 0.47703 0.681939 0.554439 
vn 0.459704 0.680571 0.570522 
vn 0.442029 0.678956 0.586199 
vn 0.424017 0.677095 0.601458 
vn 0.405678 0.67499 0.61629 
vn 0.387024 0.672642 0.630686 
vn 0.368067 0.670052 0.644637 
vn 0.348818 0.667222 0.658135 
vn 0.329288 0.664153 0.671171 
vn 0.309492 0.660848 0.683736 
vn 0.273444 0.646083 0.712604 
vn 0.289439 0.657308 0.695824 
vn 0.737587 0.660809 0.138913 
vn 0.729711 0.664569 0.160842 
vn 0.721317 0.668097 0.182617 
vn 0.712409 0.671391 0.204223 
vn 0.702994 0.67445 0.225648 
vn 0.693077 0.677271 0.246878 
vn 0.682664 0.679853 0.267901 
vn 0.671762 0.682193 0.288702 
vn 0.660377 0.684291 0.30927 
vn 0.648517 0.686146 0.329591 
vn 0.636189 0.687755 0.349652 
vn 0.623401 0.689119 0.369442 
vn 0.61016 0.690235 0.388947 
vn 0.596475 0.691105 0.408157 
vn 0.582354 0.691726 0.427058 
vn 0.567807 0.692099 0.445639 
vn 0.552841 0.692223 0.463889 
vn 0.537468 0.692099 0.481796 
vn 0.521695 0.691726 0.499349 
vn 0.505533 0.691105 0.516537 
vn 0.488992 0.690235 0.53335 
vn 0.472081 0.689119 0.549777 
vn 0.454813 0.687755 0.565807 
vn 0.437197 0.686146 0.581432 
vn 0.419244 0.684291 0.59664 
vn 0.400966 0.682193 0.611423 
vn 0.382374 0.679853 0.625772 
vn 0.363479 0.677271 0.639677 
vn 0.344294 0.67445 0.65313 
vn 0.324829 0.671391 0.666123 
vn 0.305098 0.668097 0.678647 
vn 0.269144 0.653536 0.707427 
vn 0.285112 0.664569 0.690695 
vn 0.731776 0.667909 0.135652 
vn 0.723927 0.671656 0.157507 
vn 0.715561 0.675172 0.179208 
vn 0.706683 0.678455 0.200742 
vn 0.6973 0.681503 0.222095 
vn 0.687416 0.684315 0.243254 
vn 0.677038 0.686888 0.264206 
vn 0.666172 0.689221 0.284937 
vn 0.654826 0.691312 0.305436 
vn 0.643006 0.69316 0.325688 
vn 0.63072 0.694764 0.345682 
vn 0.617974 0.696123 0.365405 
vn 0.604778 0.697236 0.384845 
vn 0.591139 0.698102 0.40399 
vn 0.577066 0.698721 0.422828 
vn 0.562567 0.699093 0.441346 
vn 0.547652 0.699217 0.459535 
vn 0.53233 0.699093 0.477382 
vn 0.51661 0.698721 0.494876 
vn 0.500503 0.698102 0.512006 
vn 0.484017 0.697236 0.528762 
vn 0.467164 0.696123 0.545134 
vn 0.449954 0.694764 0.56111 
vn 0.432397 0.69316 0.576682 
vn 0.414505 0.691312 0.59184 
vn 0.396288 0.689221 0.606573 
vn 0.377758 0.686888 0.620873 
vn 0.358927 0.684315 0.634732 
vn 0.339806 0.681503 0.64814 
vn 0.320407 0.678455 0.661089 
vn 0.300742 0.675172 0.673571 
vn 0.264884 0.660809 0.702259 
vn 0.280823 0.671656 0.685578 
vn 0.725986 0.674838 0.132428 
vn 0.718164 0.678572 0.154208 
vn 0.709826 0.682077 0.175835 
vn 0.700979 0.685349 0.197296 
vn 0.691628 0.688386 0.218576 
vn 0.681778 0.691188 0.239662 
vn 0.671435 0.693752 0.260542 
vn 0.660607 0.696077 0.281203 
vn 0.649299 0.698161 0.301631 
vn 0.63752 0.700003 0.321815 
vn 0.625275 0.701602 0.34174 
vn 0.612573 0.702956 0.361396 
vn 0.599422 0.704065 0.38077 
vn 0.58583 0.704929 0.399849 
vn 0.571805 0.705546 0.418623 
vn 0.557356 0.705916 0.437078 
vn 0.542492 0.70604 0.455204 
vn 0.527222 0.705916 0.47299 
vn 0.511556 0.705546 0.490425 
vn 0.495503 0.704929 0.507497 
vn 0.479074 0.704065 0.524195 
vn 0.462278 0.702956 0.540511 
vn 0.445126 0.701602 0.556433 
vn 0.42763 0.700003 0.571952 
vn 0.409799 0.698161 0.587057 
vn 0.391644 0.696077 0.60174 
vn 0.373178 0.693752 0.615992 
vn 0.354411 0.691188 0.629803 
vn 0.335355 0.688386 0.643165 
vn 0.316022 0.685349 0.65607 
vn 0.296424 0.682077 0.668509 
vn 0.260663 0.667909 0.697103 
vn 0.276573 0.678572 0.680475 
vn 0.712424 0.685323 0.150946 
vn 0.704115 0.688815 0.172498 
vn 0.695298 0.692076 0.193884 
vn 0.685979 0.695103 0.21509 
vn 0.676163 0.697896 0.236103 
vn 0.665857 0.700451 0.256911 
vn 0.655066 0.702767 0.2775 
vn 0.643798 0.704844 0.297858 
vn 0.632059 0.70668 0.317971 
vn 0.619857 0.708273 0.337828 
vn 0.607199 0.709622 0.357416 
vn 0.594093 0.710728 0.376722 
vn 0.580548 0.711588 0.395735 
vn 0.566572 0.712203 0.414443 
vn 0.552173 0.712572 0.432835 
vn 0.53736 0.712695 0.450899 
vn 0.522143 0.712572 0.468623 
vn 0.506531 0.712203 0.485997 
vn 0.490534 0.711588 0.503009 
vn 0.474162 0.710728 0.519651 
vn 0.457425 0.709622 0.53591 
vn 0.440332 0.708273 0.551776 
vn 0.422896 0.70668 0.567241 
vn 0.405127 0.704844 0.582294 
vn 0.387035 0.702767 0.596927 
vn 0.368633 0.700451 0.611129 
vn 0.349931 0.697896 0.624892 
vn 0.330941 0.695103 0.638208 
vn 0.311675 0.692076 0.651068 
vn 0.292145 0.688815 0.663464 
vn 0.706708 0.691913 0.147719 
vn 0.698428 0.695393 0.169195 
vn 0.689643 0.698642 0.190506 
vn 0.680356 0.701659 0.211638 
vn 0.670575 0.704441 0.232578 
vn 0.660305 0.706987 0.253312 
vn 0.649552 0.709296 0.273829 
vn 0.638323 0.711365 0.294115 
vn 0.626625 0.713194 0.314158 
vn 0.614466 0.714782 0.333945 
vn 0.601853 0.716126 0.353464 
vn 0.588793 0.717228 0.372702 
vn 0.575295 0.718085 0.391649 
vn 0.561368 0.718698 0.410291 
vn 0.54702 0.719066 0.428618 
vn 0.532259 0.719189 0.446618 
vn 0.517096 0.719066 0.46428 
vn 0.501539 0.718698 0.481593 
vn 0.485598 0.718085 0.498546 
vn 0.469283 0.717228 0.515129 
vn 0.452604 0.716126 0.531331 
vn 0.435572 0.714782 0.547142 
vn 0.418197 0.713194 0.562552 
vn 0.40049 0.711365 0.577553 
vn 0.382462 0.709296 0.592134 
vn 0.364125 0.706987 0.606286 
vn 0.345488 0.704441 0.620001 
vn 0.326565 0.701659 0.63327 
vn 0.307367 0.698642 0.646085 
vn 0.272364 0.685323 0.675389 
vn 0.287906 0.695393 0.658437 
vn 0.701018 0.698345 0.144528 
vn 0.692768 0.701813 0.165928 
vn 0.684013 0.70505 0.187163 
vn 0.67476 0.708056 0.20822 
vn 0.665013 0.710829 0.229085 
vn 0.654779 0.713366 0.249746 
vn 0.644065 0.715666 0.27019 
vn 0.632876 0.717728 0.290403 
vn 0.62122 0.719551 0.310375 
vn 0.609104 0.721133 0.330091 
vn 0.596535 0.722473 0.349541 
vn 0.583522 0.72357 0.368711 
vn 0.570073 0.724425 0.38759 
vn 0.556195 0.725035 0.406166 
vn 0.541897 0.725402 0.424428 
vn 0.527189 0.725524 0.442364 
vn 0.51208 0.725402 0.459964 
vn 0.496578 0.725035 0.477215 
vn 0.480694 0.724425 0.494108 
vn 0.464437 0.72357 0.510631 
vn 0.447818 0.722473 0.526775 
vn 0.430846 0.721133 0.54253 
vn 0.413533 0.719551 0.557886 
vn 0.395889 0.717728 0.572833 
vn 0.377925 0.715666 0.587362 
vn 0.359653 0.713366 0.601464 
vn 0.341083 0.710829 0.61513 
vn 0.322227 0.708056 0.628352 
vn 0.303097 0.70505 0.641121 
vn 0.268193 0.691913 0.67032 
vn 0.283705 0.701813 0.65343 
vn 0.695355 0.704625 0.141373 
vn 0.687134 0.70808 0.162696 
vn 0.678411 0.711306 0.183854 
vn 0.669191 0.714301 0.204835 
vn 0.65948 0.717063 0.225625 
vn 0.649283 0.719591 0.246212 
vn 0.638607 0.721883 0.266582 
vn 0.627458 0.723938 0.286723 
vn 0.615844 0.725754 0.306623 
vn 0.603771 0.72733 0.326268 
vn 0.591248 0.728665 0.345648 
vn 0.578282 0.729759 0.364749 
vn 0.564881 0.73061 0.38356 
vn 0.551053 0.731219 0.40207 
vn 0.536807 0.731584 0.420266 
vn 0.522152 0.731706 0.438137 
vn 0.507097 0.731584 0.455673 
vn 0.491651 0.731219 0.472862 
vn 0.475824 0.73061 0.489694 
vn 0.459625 0.729759 0.506158 
vn 0.443066 0.728665 0.522245 
vn 0.426155 0.72733 0.537943 
vn 0.408905 0.725754 0.553243 
vn 0.391324 0.723938 0.568137 
vn 0.373425 0.721883 0.582613 
vn 0.355218 0.719591 0.596664 
vn 0.336715 0.717063 0.610281 
vn 0.317927 0.714301 0.623456 
vn 0.298866 0.711306 0.636179 
vn 0.264063 0.698345 0.665271 
vn 0.279543 0.70808 0.648443 
vn 0.689719 0.710756 0.138252 
vn 0.681529 0.714198 0.159498 
vn 0.672838 0.717412 0.180579 
vn 0.663651 0.720397 0.201484 
vn 0.653975 0.723149 0.222198 
vn 0.643815 0.725668 0.24271 
vn 0.633178 0.727952 0.263006 
vn 0.62207 0.729999 0.283074 
vn 0.610498 0.731808 0.302901 
vn 0.598469 0.733378 0.322476 
vn 0.585992 0.734709 0.341784 
vn 0.573073 0.735798 0.360816 
vn 0.55972 0.736647 0.379559 
vn 0.545943 0.737253 0.398001 
vn 0.531748 0.737617 0.416131 
vn 0.517147 0.737738 0.433938 
vn 0.502146 0.737617 0.45141 
vn 0.486756 0.737253 0.468536 
vn 0.470987 0.736647 0.485307 
vn 0.454848 0.735798 0.501711 
vn 0.438348 0.734709 0.517739 
vn 0.4215 0.733378 0.53338 
vn 0.404311 0.731808 0.548625 
vn 0.386795 0.729999 0.563464 
vn 0.368961 0.727952 0.577888 
vn 0.35082 0.725668 0.591888 
vn 0.332384 0.723149 0.605455 
vn 0.313665 0.720397 0.618582 
vn 0.294673 0.717412 0.631259 
vn 0.259972 0.704625 0.660241 
vn 0.275421 0.714198 0.643479 
vn 0.684113 0.716742 0.135167 
vn 0.675953 0.720172 0.156334 
vn 0.667294 0.723374 0.177338 
vn 0.658141 0.726348 0.198166 
vn 0.6485 0.72909 0.218805 
vn 0.638378 0.7316 0.239241 
vn 0.627779 0.733875 0.259462 
vn 0.616712 0.735914 0.279457 
vn 0.605183 0.737717 0.299211 
vn 0.593199 0.739282 0.318713 
vn 0.580767 0.740607 0.337951 
vn 0.567895 0.741693 0.356913 
vn 0.554592 0.742538 0.375587 
vn 0.540865 0.743142 0.393961 
vn 0.526723 0.743505 0.412024 
vn 0.512175 0.743625 0.429765 
vn 0.497229 0.743505 0.447173 
vn 0.481896 0.743142 0.464237 
vn 0.466185 0.742538 0.480946 
vn 0.450105 0.741693 0.49729 
vn 0.433666 0.740607 0.513259 
vn 0.416879 0.739282 0.528843 
vn 0.399754 0.737717 0.544031 
vn 0.382302 0.735914 0.558816 
vn 0.364533 0.733875 0.573187 
vn 0.346459 0.7316 0.587135 
vn 0.328091 0.72909 0.600653 
vn 0.30944 0.726348 0.613731 
vn 0.290519 0.723374 0.626361 
vn 0.255921 0.710756 0.655234 
vn 0.271337 0.720172 0.638536 
vn 0.678536 0.722588 0.132116 
vn 0.670406 0.726005 0.153205 
vn 0.661779 0.729196 0.174131 
vn 0.652661 0.732158 0.194881 
vn 0.643056 0.73489 0.215443 
vn 0.632971 0.737391 0.235804 
vn 0.622412 0.739657 0.25595 
vn 0.611386 0.741689 0.27587 
vn 0.599899 0.743485 0.295551 
vn 0.587959 0.745044 0.314981 
vn 0.575573 0.746365 0.334148 
vn 0.56275 0.747446 0.353039 
vn 0.549496 0.748288 0.371644 
vn 0.535819 0.74889 0.38995 
vn 0.52173 0.749251 0.407946 
vn 0.507236 0.749372 0.425621 
vn 0.492346 0.749251 0.442965 
vn 0.47707 0.74889 0.459965 
vn 0.461417 0.748288 0.476612 
vn 0.445396 0.747446 0.492896 
vn 0.429019 0.746365 0.508805 
vn 0.412294 0.745044 0.524331 
vn 0.395233 0.743485 0.539463 
vn 0.377845 0.741689 0.554193 
vn 0.360142 0.739657 0.568511 
vn 0.342136 0.737391 0.582407 
vn 0.323836 0.73489 0.595875 
vn 0.305254 0.732158 0.608904 
vn 0.286402 0.729196 0.621488 
vn 0.251908 0.716742 0.650248 
vn 0.267292 0.726005 0.633618 
vn 0.67299 0.728298 0.129099 
vn 0.66489 0.731702 0.150109 
vn 0.656296 0.734881 0.170957 
vn 0.647211 0.737832 0.191629 
vn 0.637642 0.740554 0.212114 
vn 0.627595 0.743045 0.232398 
vn 0.617075 0.745303 0.25247 
vn 0.60609 0.747328 0.272315 
vn 0.594647 0.749117 0.291922 
vn 0.582752 0.75067 0.311279 
vn 0.570412 0.751986 0.330374 
vn 0.557636 0.753063 0.349195 
vn 0.544432 0.753902 0.36773 
vn 0.530807 0.754502 0.385967 
vn 0.516771 0.754862 0.403896 
vn 0.502331 0.754982 0.421505 
vn 0.487497 0.754862 0.438784 
vn 0.472277 0.754502 0.455721 
vn 0.456683 0.753902 0.472305 
vn 0.440722 0.753063 0.488528 
vn 0.424406 0.751986 0.504378 
vn 0.407744 0.75067 0.519845 
vn 0.390747 0.749117 0.534921 
vn 0.373424 0.747328 0.549596 
vn 0.355788 0.745303 0.56386 
vn 0.337848 0.743045 0.577704 
vn 0.319617 0.740554 0.591121 
vn 0.301105 0.737832 0.604102 
vn 0.282324 0.734881 0.616639 
vn 0.247935 0.722588 0.645286 
vn 0.263285 0.731702 0.628723 
vn 0.667474 0.733876 0.126115 
vn 0.659405 0.737267 0.147046 
vn 0.650842 0.740434 0.167815 
vn 0.641792 0.743374 0.18841 
vn 0.632259 0.746086 0.208817 
vn 0.62225 0.748567 0.229025 
vn 0.61177 0.750817 0.24902 
vn 0.600827 0.752834 0.26879 
vn 0.589427 0.754616 0.288324 
vn 0.577576 0.756163 0.307608 
vn 0.565284 0.757474 0.32663 
vn 0.552556 0.758548 0.34538 
vn 0.539401 0.759383 0.363845 
vn 0.525828 0.759981 0.382014 
vn 0.511844 0.760339 0.399875 
vn 0.497459 0.760459 0.417418 
vn 0.482681 0.760339 0.434631 
vn 0.467519 0.759981 0.451503 
vn 0.451984 0.759383 0.468026 
vn 0.436083 0.758548 0.484187 
vn 0.419829 0.757474 0.499977 
vn 0.40323 0.756163 0.515386 
vn 0.386296 0.754616 0.530405 
vn 0.369039 0.752834 0.545024 
vn 0.35147 0.750817 0.559234 
vn 0.333598 0.748567 0.573027 
vn 0.315435 0.746086 0.586393 
vn 0.296993 0.743374 0.599325 
vn 0.278283 0.740434 0.611814 
vn 0.244001 0.728298 0.640348 
vn 0.259316 0.737267 0.623853 
vn 0.65395 0.742704 0.144015 
vn 0.64542 0.745859 0.164705 
vn 0.636404 0.748787 0.185221 
vn 0.626908 0.751489 0.205551 
vn 0.616936 0.753961 0.225682 
vn 0.606497 0.756202 0.245601 
vn 0.595595 0.758211 0.265296 
vn 0.584238 0.759987 0.284755 
vn 0.572433 0.761528 0.303966 
vn 0.560187 0.762834 0.322916 
vn 0.547508 0.763903 0.341595 
vn 0.534403 0.764736 0.359989 
vn 0.520882 0.765331 0.378089 
vn 0.506951 0.765688 0.395882 
vn 0.492621 0.765807 0.413358 
vn 0.477899 0.765688 0.430505 
vn 0.462795 0.765331 0.447314 
vn 0.447318 0.764736 0.463773 
vn 0.431479 0.763903 0.479873 
vn 0.415286 0.762834 0.495603 
vn 0.39875 0.761528 0.510953 
vn 0.381881 0.759987 0.525915 
vn 0.36469 0.758211 0.540478 
vn 0.347187 0.756202 0.554634 
vn 0.329383 0.753961 0.568375 
vn 0.31129 0.751489 0.58169 
vn 0.292918 0.748787 0.594572 
vn 0.274279 0.745859 0.607014 
vn 0.648526 0.748017 0.141016 
vn 0.640029 0.751159 0.161627 
vn 0.631047 0.754077 0.182065 
vn 0.621587 0.756768 0.202316 
vn 0.611654 0.75923 0.22237 
vn 0.601255 0.761463 0.242213 
vn 0.590395 0.763464 0.261832 
vn 0.579081 0.765233 0.281217 
vn 0.567322 0.766769 0.300353 
vn 0.555123 0.768069 0.319231 
vn 0.542492 0.769135 0.337838 
vn 0.529438 0.769964 0.356162 
vn 0.515968 0.770557 0.374192 
vn 0.502091 0.770912 0.391917 
vn 0.487815 0.771031 0.409326 
vn 0.47315 0.770912 0.426407 
vn 0.458104 0.770557 0.443152 
vn 0.442687 0.769964 0.459548 
vn 0.426908 0.769135 0.475585 
vn 0.410777 0.768069 0.491255 
vn 0.394305 0.766769 0.506547 
vn 0.377501 0.765233 0.521451 
vn 0.360375 0.763464 0.535959 
vn 0.34294 0.761463 0.55006 
vn 0.325204 0.75923 0.563748 
vn 0.30718 0.756768 0.577012 
vn 0.288879 0.754077 0.589845 
vn 0.255384 0.742704 0.619007 
vn 0.270311 0.751159 0.602239 
vn 0.643132 0.753209 0.138049 
vn 0.634668 0.756339 0.15858 
vn 0.625721 0.759246 0.178938 
vn 0.616298 0.761926 0.199112 
vn 0.606403 0.764379 0.219088 
vn 0.596044 0.766603 0.238854 
vn 0.585226 0.768597 0.258398 
vn 0.573956 0.770359 0.277707 
vn 0.562242 0.771888 0.29677 
vn 0.55009 0.773184 0.315575 
vn 0.537508 0.774245 0.334109 
vn 0.524504 0.775071 0.352363 
vn 0.511087 0.775662 0.370323 
vn 0.497263 0.776016 0.38798 
vn 0.483043 0.776134 0.405321 
vn 0.468434 0.776016 0.422337 
vn 0.453446 0.775662 0.439016 
vn 0.438089 0.775071 0.455349 
vn 0.422371 0.774245 0.471325 
vn 0.406302 0.773184 0.486934 
vn 0.389894 0.771888 0.502166 
vn 0.373154 0.770359 0.517013 
vn 0.356095 0.768597 0.531465 
vn 0.338727 0.766603 0.545512 
vn 0.32106 0.764379 0.559146 
vn 0.303106 0.761926 0.572359 
vn 0.284875 0.759246 0.585143 
vn 0.251489 0.748017 0.614186 
vn 0.266379 0.756339 0.597489 
vn 0.637769 0.758285 0.135111 
vn 0.629338 0.761403 0.155562 
vn 0.620426 0.764298 0.175842 
vn 0.611039 0.766968 0.195937 
vn 0.601183 0.769412 0.215835 
vn 0.590864 0.771627 0.235524 
vn 0.580088 0.773613 0.254992 
vn 0.568862 0.775368 0.274226 
vn 0.557193 0.776892 0.293215 
vn 0.545089 0.778182 0.311946 
vn 0.532556 0.779239 0.330409 
vn 0.519603 0.780062 0.348591 
vn 0.506237 0.78065 0.366482 
vn 0.492468 0.781003 0.384069 
vn 0.478302 0.781121 0.401343 
vn 0.463751 0.781003 0.418293 
vn 0.448821 0.78065 0.434907 
vn 0.433523 0.780062 0.451177 
vn 0.417867 0.779239 0.46709 
vn 0.401861 0.778182 0.482639 
vn 0.385516 0.776892 0.497812 
vn 0.368842 0.775368 0.512601 
vn 0.351849 0.773613 0.526996 
vn 0.334548 0.771627 0.540989 
vn 0.31695 0.769412 0.55457 
vn 0.299066 0.766968 0.567732 
vn 0.280906 0.764298 0.580465 
vn 0.24763 0.753209 0.60939 
vn 0.262482 0.761403 0.592763 
vn 0.632435 0.763249 0.132203 
vn 0.624037 0.766355 0.152574 
vn 0.61516 0.769238 0.172774 
vn 0.60581 0.771898 0.19279 
vn 0.595992 0.774332 0.212611 
vn 0.585714 0.776539 0.232223 
vn 0.57498 0.778517 0.251614 
vn 0.563798 0.780265 0.270773 
vn 0.552175 0.781783 0.289687 
vn 0.540118 0.783068 0.308345 
vn 0.527634 0.784121 0.326736 
vn 0.514732 0.784941 0.344847 
vn 0.501419 0.785526 0.362667 
vn 0.487703 0.785878 0.380186 
vn 0.473594 0.785995 0.397392 
vn 0.459099 0.785878 0.414275 
vn 0.444228 0.785526 0.430825 
vn 0.42899 0.784941 0.44703 
vn 0.413395 0.784121 0.462881 
vn 0.397451 0.783068 0.478369 
vn 0.381171 0.781783 0.493483 
vn 0.364562 0.780265 0.508214 
vn 0.347636 0.778517 0.522552 
vn 0.330403 0.776539 0.53649 
vn 0.312874 0.774332 0.550018 
vn 0.295059 0.771898 0.563128 
vn 0.276971 0.769238 0.575812 
vn 0.243806 0.758285 0.604618 
vn 0.258619 0.766355 0.588062 
vn 0.62713 0.768104 0.129324 
vn 0.618765 0.771197 0.149614 
vn 0.609923 0.77407 0.169735 
vn 0.60061 0.776719 0.189672 
vn 0.590831 0.779143 0.209414 
vn 0.580593 0.781341 0.228949 
vn 0.569902 0.783312 0.248264 
vn 0.558764 0.785053 0.267347 
vn 0.547187 0.786565 0.286187 
vn 0.535177 0.787845 0.304771 
vn 0.522743 0.788894 0.323089 
vn 0.509891 0.78971 0.341128 
vn 0.496631 0.790294 0.358879 
vn 0.482969 0.790644 0.376328 
vn 0.468915 0.790761 0.393467 
vn 0.454478 0.790644 0.410283 
vn 0.439665 0.790294 0.426767 
vn 0.424488 0.78971 0.442909 
vn 0.408954 0.788894 0.458697 
vn 0.393074 0.787845 0.474124 
vn 0.376857 0.786565 0.489178 
vn 0.360314 0.785053 0.503851 
vn 0.343454 0.783312 0.518133 
vn 0.326289 0.781341 0.532016 
vn 0.308829 0.779143 0.545491 
vn 0.291085 0.776719 0.558549 
vn 0.273068 0.77407 0.571183 
vn 0.240016 0.763249 0.59987 
vn 0.254789 0.771197 0.583384 
vn 0.621853 0.772854 0.126472 
vn 0.613521 0.775936 0.146682 
vn 0.604714 0.778797 0.166722 
vn 0.595438 0.781435 0.186581 
vn 0.585698 0.78385 0.206244 
vn 0.575501 0.786039 0.225701 
vn 0.564852 0.788002 0.24494 
vn 0.553759 0.789736 0.263947 
vn 0.542227 0.791242 0.282712 
vn 0.530265 0.792517 0.301223 
vn 0.51788 0.793562 0.319468 
vn 0.50508 0.794375 0.337436 
vn 0.491872 0.794956 0.355115 
vn 0.478265 0.795305 0.372496 
vn 0.464267 0.795421 0.389566 
vn 0.449886 0.795305 0.406316 
vn 0.435133 0.794956 0.422734 
vn 0.420015 0.794375 0.438812 
vn 0.404543 0.793562 0.454538 
vn 0.388726 0.792517 0.469903 
vn 0.372574 0.791242 0.484897 
vn 0.356096 0.789736 0.499512 
vn 0.339304 0.788002 0.513737 
vn 0.322207 0.786039 0.527565 
vn 0.304816 0.78385 0.540986 
vn 0.287143 0.781435 0.553993 
vn 0.269197 0.778797 0.566576 
vn 0.236259 0.768104 0.595146 
vn 0.250991 0.775936 0.578729 
vn 0.616603 0.777504 0.123647 
vn 0.608304 0.780573 0.143776 
vn 0.599533 0.783423 0.163736 
vn 0.590294 0.786051 0.183515 
vn 0.580593 0.788456 0.2031 
vn 0.570436 0.790636 0.222479 
vn 0.55983 0.792591 0.241641 
vn 0.54878 0.794319 0.260572 
vn 0.537295 0.795818 0.279262 
vn 0.525381 0.797088 0.297699 
vn 0.513046 0.798129 0.315871 
vn 0.500297 0.798939 0.333767 
vn 0.487141 0.799518 0.351376 
vn 0.473588 0.799865 0.368687 
vn 0.459646 0.799981 0.385689 
vn 0.445323 0.799865 0.402372 
vn 0.430629 0.799518 0.418725 
vn 0.415572 0.798939 0.434738 
vn 0.400162 0.798129 0.450401 
vn 0.384408 0.797088 0.465705 
vn 0.36832 0.795818 0.480639 
vn 0.351908 0.794319 0.495195 
vn 0.335183 0.792591 0.509364 
vn 0.318155 0.790636 0.523136 
vn 0.300833 0.788456 0.536504 
vn 0.28323 0.786051 0.549459 
vn 0.265357 0.783423 0.561992 
vn 0.232534 0.772854 0.590444 
vn 0.247223 0.780573 0.574096 
vn 0.611378 0.782057 0.120847 
vn 0.603113 0.785114 0.140895 
vn 0.594376 0.787952 0.160775 
vn 0.585175 0.790569 0.180474 
vn 0.575513 0.792965 0.199981 
vn 0.565397 0.795136 0.219282 
vn 0.554833 0.797083 0.238366 
vn 0.543828 0.798804 0.257221 
vn 0.53239 0.800297 0.275836 
vn 0.520523 0.801563 0.294199 
vn 0.508238 0.802599 0.312298 
vn 0.49554 0.803405 0.330122 
vn 0.482437 0.803982 0.34766 
vn 0.468939 0.804328 0.364901 
vn 0.455053 0.804443 0.381835 
vn 0.440788 0.804328 0.39845 
vn 0.426152 0.803982 0.414738 
vn 0.411156 0.803405 0.430686 
vn 0.395808 0.802599 0.446286 
vn 0.380117 0.801563 0.461528 
vn 0.364094 0.800297 0.476403 
vn 0.347748 0.798804 0.4909 
vn 0.331091 0.797083 0.505012 
vn 0.314131 0.795136 0.518729 
vn 0.296879 0.792965 0.532043 
vn 0.279347 0.790569 0.544945 
vn 0.261545 0.787952 0.557428 
vn 0.22884 0.777504 0.585764 
vn 0.243484 0.785114 0.569484 
vn 0.606177 0.786517 0.118071 
vn 0.597945 0.789561 0.138038 
vn 0.589244 0.792388 0.157837 
vn 0.580079 0.794995 0.177457 
vn 0.570457 0.797381 0.196884 
vn 0.560382 0.799544 0.216107 
vn 0.549861 0.801483 0.235114 
vn 0.538901 0.803196 0.253893 
vn 0.527508 0.804684 0.272432 
vn 0.51569 0.805944 0.290721 
vn 0.503454 0.806976 0.308746 
vn 0.490808 0.807779 0.326498 
vn 0.477758 0.808353 0.343965 
vn 0.464315 0.808698 0.361137 
vn 0.450485 0.808813 0.378002 
vn 0.436277 0.808698 0.39455 
vn 0.421701 0.808353 0.410771 
vn 0.406766 0.807779 0.426655 
vn 0.39148 0.806976 0.442192 
vn 0.375853 0.805944 0.457373 
vn 0.359894 0.804684 0.472187 
vn 0.343615 0.803196 0.486626 
vn 0.327025 0.801483 0.50068 
vn 0.310133 0.799544 0.514342 
vn 0.292952 0.797381 0.527602 
vn 0.275491 0.794995 0.540452 
vn 0.257761 0.792388 0.552884 
vn 0.225176 0.782057 0.581105 
vn 0.239773 0.789561 0.564891 
vn 0.600997 0.790888 0.115318 
vn 0.592799 0.79392 0.135203 
vn 0.584134 0.796735 0.154922 
vn 0.575006 0.799332 0.174461 
vn 0.565423 0.801708 0.193809 
vn 0.555389 0.803862 0.212954 
vn 0.544911 0.805793 0.231884 
vn 0.533996 0.807499 0.250586 
vn 0.522649 0.808981 0.26905 
vn 0.51088 0.810236 0.287263 
vn 0.498693 0.811263 0.305215 
vn 0.486098 0.812064 0.322895 
vn 0.473103 0.812635 0.340291 
vn 0.459714 0.812979 0.357392 
vn 0.44594 0.813093 0.374188 
vn 0.431791 0.812979 0.390669 
vn 0.417274 0.812635 0.406824 
vn 0.402399 0.812064 0.422643 
vn 0.387176 0.811263 0.438117 
vn 0.371612 0.810236 0.453236 
vn 0.355719 0.808981 0.467989 
vn 0.339506 0.807499 0.482369 
vn 0.322984 0.805793 0.496366 
vn 0.306161 0.803862 0.509972 
vn 0.28905 0.801708 0.523178 
vn 0.27166 0.799332 0.535976 
vn 0.254002 0.796735 0.548357 
vn 0.221539 0.786517 0.576465 
vn 0.236088 0.79392 0.560315 
vn 0.595837 0.795175 0.112586 
vn 0.587672 0.798194 0.13239 
vn 0.579043 0.800998 0.152027 
vn 0.569953 0.803583 0.171486 
vn 0.560409 0.80595 0.190755 
vn 0.550416 0.808095 0.209821 
vn 0.539981 0.810018 0.228673 
vn 0.529111 0.811718 0.247298 
vn 0.517811 0.813193 0.265686 
vn 0.50609 0.814443 0.283825 
vn 0.493953 0.815466 0.301703 
vn 0.48141 0.816263 0.31931 
vn 0.468468 0.816833 0.336634 
vn 0.455134 0.817174 0.353665 
vn 0.441417 0.817288 0.370393 
vn 0.427326 0.817174 0.386806 
vn 0.412869 0.816833 0.402895 
vn 0.398055 0.816263 0.418649 
vn 0.382894 0.815466 0.434059 
vn 0.367394 0.814443 0.449115 
vn 0.351567 0.813193 0.463809 
vn 0.33542 0.811718 0.478129 
vn 0.318965 0.810018 0.492069 
vn 0.302212 0.808095 0.505619 
vn 0.285171 0.80595 0.518771 
vn 0.267852 0.803583 0.531516 
vn 0.250267 0.800998 0.543846 
vn 0.217928 0.790888 0.571842 
vn 0.232426 0.798194 0.555755 
vn 0.593517 0.79708 0.111361 
vn 0.585368 0.800094 0.131128 
vn 0.576754 0.802892 0.150729 
vn 0.567681 0.805473 0.170152 
vn 0.558155 0.807834 0.189385 
vn 0.548181 0.809976 0.208415 
vn 0.537766 0.811895 0.227232 
vn 0.526915 0.813592 0.245822 
vn 0.515637 0.815064 0.264176 
vn 0.503937 0.816312 0.282281 
vn 0.491824 0.817333 0.300126 
vn 0.479304 0.818129 0.3177 
vn 0.466385 0.818697 0.334992 
vn 0.453076 0.819038 0.351992 
vn 0.439385 0.819152 0.368688 
vn 0.42532 0.819038 0.38507 
vn 0.41089 0.818697 0.401129 
vn 0.396104 0.818129 0.416854 
vn 0.380971 0.817333 0.432235 
vn 0.3655 0.816312 0.447264 
vn 0.349702 0.815064 0.46193 
vn 0.333586 0.813592 0.476224 
vn 0.317162 0.811895 0.490137 
vn 0.300439 0.809976 0.503662 
vn 0.28343 0.807834 0.516789 
vn 0.266144 0.805473 0.529511 
vn 0.248591 0.802892 0.541818 
vn 0.230784 0.800094 0.553705 
vn 0.214341 0.795175 0.567234 
vn 0.212732 0.79708 0.565163 
vn 0.208909 0.796419 0.567515 
vn 0.210044 0.795058 0.569003 
vn 0.210474 0.794507 0.569614 
vn 0.212589 0.791783 0.572614 
vn 0.214972 0.788422 0.576348 
vn 0.213739 0.790164 0.574418 
vn 0.217221 0.78498 0.580191 
vn 0.216758 0.78569 0.579402 
vn 0.219356 0.781455 0.584132 
vn 0.219566 0.781085 0.584548 
vn 0.221396 0.777849 0.588162 
vn 0.222192 0.776351 0.58984 
vn 0.223353 0.77416 0.592275 
vn 0.225239 0.770387 0.596466 
vn 0.224687 0.771491 0.595246 
vn 0.227062 0.766528 0.600731 
vn 0.227072 0.766504 0.600758 
vn 0.228829 0.762582 0.605067 
vn 0.229339 0.761386 0.606379 
vn 0.230548 0.758547 0.609471 
vn 0.232222 0.754419 0.613942 
vn 0.231525 0.756137 0.612089 
vn 0.233857 0.750197 0.618478 
vn 0.23364 0.750757 0.617881 
vn 0.235455 0.745878 0.623079 
vn 0.235681 0.745239 0.623758 
vn 0.237019 0.741458 0.627743 
vn 0.238552 0.736935 0.632471 
vn 0.239067 0.735349 0.63412 
vn 0.237655 0.73958 0.629715 
vn 0.240056 0.732305 0.637261 
vn 0.240594 0.730603 0.63901 
vn 0.240105 0.733876 0.635434 
vn 0.239577 0.73378 0.635744 
vn 0.241975 0.726105 0.643599 
vn 0.241444 0.727833 0.641844 
vn 0.243332 0.721511 0.648237 
vn 0.244664 0.716818 0.652925 
vn 0.243265 0.721737 0.648011 
vn 0.245028 0.715484 0.654251 
vn 0.245974 0.712023 0.657663 
vn 0.24726 0.707123 0.66245 
vn 0.246747 0.709073 0.660554 
vn 0.248524 0.702114 0.667287 
vn 0.249765 0.696994 0.672173 
vn 0.248426 0.702501 0.666916 
vn 0.250051 0.69576 0.673344 
vn 0.250983 0.69176 0.677109 
vn 0.252179 0.686407 0.682094 
vn 0.251632 0.688848 0.679831 
vn 0.253648 0.679479 0.688456 
vn 0.253351 0.680932 0.687128 
vn 0.253173 0.68176 0.686372 
vn 0.256482 0.674838 0.691961 
vn 0.2545 0.675332 0.692211 
vn 0.254664 0.674491 0.69297 
vn 0.255625 0.669603 0.697344 
vn 0.256105 0.667036 0.699624 
vn 0.256725 0.66374 0.702525 
vn 0.257799 0.657741 0.707755 
vn 0.257502 0.659391 0.706326 
vn 0.258846 0.6516 0.713033 
vn 0.258854 0.651552 0.713074 
vn 0.259866 0.645313 0.71836 
vn 0.260141 0.643511 0.719875 
vn 0.260856 0.638877 0.723734 
vn 0.261817 0.632285 0.729155 
vn 0.26138 0.635265 0.726718 
vn 0.26298 0.623753 0.736053 
vn 0.262745 0.625535 0.734623 
vn 0.262569 0.62681 0.733599 
vn 0.265789 0.618557 0.739421 
vn 0.263099 0.622857 0.736769 
vn 0.263909 0.616461 0.741841 
vn 0.263695 0.618138 0.74052 
vn 0.264688 0.609933 0.746942 
vn 0.264764 0.609247 0.747475 
vn 0.265434 0.603268 0.752072 
vn 0.265761 0.600128 0.754465 
vn 0.266147 0.596464 0.75723 
vn 0.266824 0.589517 0.762414 
vn 0.266699 0.590781 0.761479 
vn 0.267463 0.582424 0.767623 
vn 0.267564 0.581196 0.768518 
vn 0.268064 0.575182 0.772856 
vn 0.268663 0.567229 0.778506 
vn 0.268625 0.567787 0.778112 
vn 0.268351 0.57137 0.77558 
vn 0.271309 0.561767 0.781543 
vn 0.269143 0.560237 0.783388 
vn 0.269069 0.5613 0.782652 
vn 0.269616 0.552526 0.788684 
vn 0.269699 0.550976 0.789739 
vn 0.270043 0.544652 0.793997 
vn 0.270421 0.536612 0.799325 
vn 0.27024 0.540396 0.796833 
vn 0.270748 0.528401 0.804666 
vn 0.2707 0.529556 0.803923 
vn 0.271021 0.520016 0.810019 
vn 0.271237 0.511453 0.815381 
vn 0.271258 0.510209 0.816153 
vn 0.271058 0.518449 0.811011 
vn 0.272524 0.507333 0.817523 
vn 0.271313 0.50707 0.818089 
vn 0.271395 0.502709 0.820749 
vn 0.271491 0.493779 0.826121 
vn 0.271471 0.495417 0.825146 
vn 0.271522 0.484659 0.831493 
vn 0.271515 0.483483 0.83218 
vn 0.271485 0.475347 0.836864 
vn 0.271434 0.471263 0.839187 
vn 0.271376 0.465838 0.842229 
vn 0.271193 0.456127 0.847586 
vn 0.271114 0.453276 0.849139 
vn 0.271239 0.458756 0.846152 
vn 0.273792 0.446606 0.85181 
vn 0.270931 0.446212 0.852931 
vn 0.270922 0.445957 0.853067 
vn 0.270587 0.436089 0.858259 
vn 0.270449 0.432857 0.859937 
vn 0.270157 0.425752 0.863568 
vn 0.269695 0.416293 0.868312 
vn 0.269846 0.41946 0.866739 
vn 0.269159 0.406706 0.873008 
vn 0.269098 0.405759 0.873468 
vn 0.268548 0.396993 0.877655 
vn 0.910955 0.396993 0.112065 
vn 0.906484 0.406706 0.113474 
vn 0.901952 0.416293 0.114817 
vn 0.906926 0.405759 0.113334 
vn 0.897361 0.425752 0.116096 
vn 0.90043 0.41946 0.115239 
vn 0.892207 0.436089 0.117441 
vn 0.893836 0.432857 0.117014 
vn 0.887152 0.445957 0.118673 
vn 0.887019 0.446212 0.118705 
vn 0.883318 0.453276 0.119544 
vn 0.881801 0.456127 0.119891 
vn 0.876558 0.465838 0.121002 
vn 0.880397 0.458756 0.120186 
vn 0.871293 0.475347 0.12204 
vn 0.873572 0.471263 0.121587 
vn 0.86601 0.484659 0.123009 
vn 0.860714 0.493779 0.123912 
vn 0.866685 0.483483 0.122884 
vn 0.855407 0.502709 0.12475 
vn 0.85975 0.495417 0.124062 
vn 0.850093 0.511453 0.125527 
vn 0.850857 0.510209 0.125414 
vn 0.844775 0.520016 0.126245 
vn 0.839457 0.528401 0.126906 
vn 0.845758 0.518449 0.12611 
vn 0.838716 0.529556 0.126988 
vn 0.834139 0.536612 0.127511 
vn 0.828826 0.544652 0.128064 
vn 0.831654 0.540396 0.127766 
vn 0.82352 0.552526 0.128567 
vn 0.818223 0.560237 0.12902 
vn 0.824574 0.550976 0.128464 
vn 0.813332 0.567229 0.129395 
vn 0.812937 0.567787 0.129426 
vn 0.807664 0.575182 0.129787 
vn 0.810396 0.57137 0.129596 
vn 0.802406 0.582424 0.130104 
vn 0.797165 0.589517 0.130378 
vn 0.803305 0.581196 0.130047 
vn 0.791942 0.596464 0.130612 
vn 0.796222 0.590781 0.130418 
vn 0.786739 0.603268 0.130806 
vn 0.789152 0.600128 0.130712 
vn 0.781557 0.609933 0.130961 
vn 0.776398 0.616461 0.13108 
vn 0.782095 0.609247 0.130944 
vn 0.77506 0.618138 0.131099 
vn 0.771262 0.622857 0.131163 
vn 0.770537 0.623753 0.131171 
vn 0.769088 0.625535 0.131188 
vn 0.768049 0.62681 0.131192 
vn 0.763542 0.632285 0.131223 
vn 0.758036 0.638877 0.131218 
vn 0.761066 0.635265 0.131216 
vn 0.752571 0.645313 0.131176 
vn 0.754112 0.643511 0.131184 
vn 0.747149 0.6516 0.131097 
vn 0.741769 0.657741 0.130982 
vn 0.74719 0.651552 0.131097 
vn 0.736432 0.66374 0.130832 
vn 0.74031 0.659391 0.130938 
vn 0.731138 0.669603 0.130649 
vn 0.733467 0.667036 0.130725 
vn 0.726664 0.674491 0.130462 
vn 0.725888 0.675332 0.130432 
vn 0.722042 0.679479 0.130246 
vn 0.720683 0.680932 0.130184 
vn 0.719907 0.68176 0.13014 
vn 0.715521 0.686407 0.129903 
vn 0.710405 0.69176 0.129591 
vn 0.713198 0.688848 0.129758 
vn 0.705332 0.696994 0.129249 
vn 0.700305 0.702114 0.128875 
vn 0.706536 0.69576 0.129327 
vn 0.699923 0.702501 0.128843 
vn 0.695322 0.707123 0.12847 
vn 0.690384 0.712023 0.128035 
vn 0.693366 0.709073 0.128294 
vn 0.685491 0.716818 0.127568 
vn 0.680643 0.721511 0.12707 
vn 0.68686 0.715484 0.127696 
vn 0.680409 0.721737 0.127043 
vn 0.67584 0.726105 0.126539 
vn 0.669265 0.732305 0.12575 
vn 0.674019 0.727833 0.12632 
vn 0.671081 0.730603 0.125976 
vn 0.664287 0.736935 0.125101 
vn 0.666 0.735349 0.125321 
vn 0.659365 0.741458 0.124412 
vn 0.661417 0.73958 0.124696 
vn 0.654499 0.745878 0.123681 
vn 0.649691 0.750197 0.122906 
vn 0.655207 0.745239 0.123786 
vn 0.649065 0.750757 0.122797 
vn 0.64494 0.754419 0.122084 
vn 0.640246 0.758547 0.121212 
vn 0.642994 0.756137 0.12172 
vn 0.63561 0.762582 0.120284 
vn 0.636991 0.761386 0.120558 
vn 0.631033 0.766528 0.119296 
vn 0.626517 0.770387 0.118241 
vn 0.631061 0.766504 0.119302 
vn 0.622062 0.77416 0.117112 
vn 0.62522 0.771491 0.11791 
vn 0.617672 0.777849 0.115899 
vn 0.619462 0.776351 0.116391 
vn 0.613349 0.781455 0.11459 
vn 0.609097 0.78498 0.113172 
vn 0.613795 0.781085 0.114725 
vn 0.60824 0.78569 0.112853 
vn 0.604921 0.788422 0.111624 
vn 0.60083 0.791783 0.109926 
vn 0.602807 0.790164 0.110745 
vn 0.596832 0.795058 0.108046 
vn 0.597509 0.794507 0.108364 
vn 0.59517 0.796419 0.107187 
vn 0.667687 0.73378 0.125541 
vn 0.817486 0.5613 0.129075 
vn 0.852773 0.50707 0.125132 
vn 0.275066 0.379305 0.88344 
vn -0.323744 0.906308 -0.271654 
vn -0.587719 -0.798155 -0.132415 
vn -0.585437 -0.800037 -0.131165 
vn -0.593586 -0.797023 -0.111397 
vn -0.579089 -0.800959 -0.152054 
vn -0.576823 -0.802836 -0.150768 
vn -0.569999 -0.803545 -0.171513 
vn -0.567749 -0.805417 -0.170192 
vn -0.560455 -0.805911 -0.190783 
vn -0.558222 -0.807778 -0.189425 
vn -0.550462 -0.808056 -0.20985 
vn -0.548248 -0.80992 -0.208457 
vn -0.540026 -0.80998 -0.228702 
vn -0.537832 -0.811839 -0.227275 
vn -0.529155 -0.811679 -0.247328 
vn -0.526981 -0.813536 -0.245866 
vn -0.517855 -0.813155 -0.265717 
vn -0.515702 -0.815009 -0.264221 
vn -0.506133 -0.814404 -0.283856 
vn -0.504001 -0.816256 -0.282327 
vn -0.493997 -0.815428 -0.301735 
vn -0.491887 -0.817278 -0.300173 
vn -0.481453 -0.816225 -0.319343 
vn -0.479367 -0.818073 -0.317748 
vn -0.46851 -0.816794 -0.336668 
vn -0.466447 -0.818642 -0.335041 
vn -0.455176 -0.817136 -0.3537 
vn -0.453138 -0.818983 -0.352041 
vn -0.441458 -0.81725 -0.370428 
vn -0.439446 -0.819097 -0.368739 
vn -0.427366 -0.817136 -0.386841 
vn -0.42538 -0.818983 -0.385122 
vn -0.412909 -0.816794 -0.402931 
vn -0.410949 -0.818642 -0.401182 
vn -0.398095 -0.816225 -0.418685 
vn -0.396162 -0.818073 -0.416908 
vn -0.382933 -0.815428 -0.434096 
vn -0.381028 -0.817278 -0.43229 
vn -0.367433 -0.814404 -0.449153 
vn -0.365557 -0.816256 -0.447319 
vn -0.351605 -0.813155 -0.463847 
vn -0.349758 -0.815009 -0.461986 
vn -0.335458 -0.811679 -0.478168 
vn -0.33364 -0.813536 -0.476281 
vn -0.319002 -0.80998 -0.492108 
vn -0.317215 -0.811839 -0.490195 
vn -0.302248 -0.808056 -0.505659 
vn -0.300492 -0.80992 -0.50372 
vn -0.285206 -0.805911 -0.518811 
vn -0.283482 -0.807778 -0.516848 
vn -0.267887 -0.803545 -0.531556 
vn -0.266195 -0.805417 -0.52957 
vn -0.250301 -0.800959 -0.543888 
vn -0.248641 -0.802836 -0.541879 
vn -0.23246 -0.798155 -0.555797 
vn -0.230833 -0.800037 -0.553766 
vn -0.214374 -0.795136 -0.567277 
vn -0.21278 -0.797023 -0.565225 
vn -0.592845 -0.793881 -0.135229 
vn -0.595884 -0.795136 -0.112611 
vn -0.58418 -0.796696 -0.154948 
vn -0.575052 -0.799293 -0.174488 
vn -0.565468 -0.801669 -0.193837 
vn -0.555434 -0.803823 -0.212983 
vn -0.544956 -0.805754 -0.231913 
vn -0.53404 -0.807461 -0.250616 
vn -0.522693 -0.808942 -0.26908 
vn -0.510923 -0.810197 -0.287294 
vn -0.498736 -0.811225 -0.305247 
vn -0.486141 -0.812025 -0.322927 
vn -0.473144 -0.812597 -0.340324 
vn -0.459755 -0.81294 -0.357426 
vn -0.445981 -0.813055 -0.374223 
vn -0.431831 -0.81294 -0.390704 
vn -0.417314 -0.812597 -0.40686 
vn -0.402439 -0.812025 -0.42268 
vn -0.387214 -0.811225 -0.438154 
vn -0.371651 -0.810197 -0.453273 
vn -0.355757 -0.808942 -0.468027 
vn -0.339543 -0.807461 -0.482408 
vn -0.32302 -0.805754 -0.496405 
vn -0.306197 -0.803823 -0.510012 
vn -0.289085 -0.801669 -0.523218 
vn -0.271694 -0.799293 -0.536016 
vn -0.254036 -0.796696 -0.548398 
vn -0.236121 -0.793881 -0.560356 
vn -0.21796 -0.790849 -0.571884 
vn -0.597991 -0.789522 -0.138063 
vn -0.601044 -0.790849 -0.115343 
vn -0.58929 -0.792349 -0.157864 
vn -0.580125 -0.794956 -0.177484 
vn -0.570502 -0.797342 -0.196912 
vn -0.560426 -0.799505 -0.216135 
vn -0.549905 -0.801444 -0.235143 
vn -0.538945 -0.803157 -0.253923 
vn -0.527552 -0.804645 -0.272463 
vn -0.515733 -0.805905 -0.290752 
vn -0.503497 -0.806937 -0.308778 
vn -0.49085 -0.80774 -0.32653 
vn -0.4778 -0.808315 -0.343998 
vn -0.464356 -0.808659 -0.36117 
vn -0.450525 -0.808774 -0.378036 
vn -0.436318 -0.808659 -0.394585 
vn -0.421741 -0.808315 -0.410806 
vn -0.406805 -0.80774 -0.426691 
vn -0.391518 -0.806937 -0.442229 
vn -0.37589 -0.805905 -0.45741 
vn -0.359932 -0.804645 -0.472224 
vn -0.343652 -0.803157 -0.486664 
vn -0.327061 -0.801444 -0.500719 
vn -0.310169 -0.799505 -0.514381 
vn -0.292987 -0.797342 -0.527641 
vn -0.275525 -0.794956 -0.540492 
vn -0.257794 -0.792349 -0.552924 
vn -0.239806 -0.789522 -0.564932 
vn -0.221571 -0.786478 -0.576506 
vn -0.603158 -0.785074 -0.14092 
vn -0.606223 -0.786478 -0.118096 
vn -0.594422 -0.787912 -0.160801 
vn -0.58522 -0.79053 -0.180501 
vn -0.575557 -0.792925 -0.200008 
vn -0.565441 -0.795097 -0.21931 
vn -0.554877 -0.797044 -0.238395 
vn -0.543872 -0.798765 -0.257251 
vn -0.532433 -0.800258 -0.275866 
vn -0.520566 -0.801524 -0.294229 
vn -0.50828 -0.80256 -0.312329 
vn -0.495581 -0.803366 -0.330154 
vn -0.482479 -0.803943 -0.347692 
vn -0.46898 -0.804289 -0.364934 
vn -0.455093 -0.804404 -0.381869 
vn -0.440828 -0.804289 -0.398485 
vn -0.426192 -0.803943 -0.414773 
vn -0.411195 -0.803366 -0.430722 
vn -0.395846 -0.80256 -0.446323 
vn -0.380155 -0.801524 -0.461565 
vn -0.364131 -0.800258 -0.47644 
vn -0.347785 -0.798765 -0.490938 
vn -0.331126 -0.797044 -0.50505 
vn -0.314166 -0.795097 -0.518768 
vn -0.296914 -0.792925 -0.532082 
vn -0.279381 -0.79053 -0.544985 
vn -0.261578 -0.787912 -0.557468 
vn -0.243517 -0.785074 -0.569524 
vn -0.225208 -0.782017 -0.581146 
vn -0.60835 -0.780533 -0.143801 
vn -0.611424 -0.782017 -0.120872 
vn -0.599578 -0.783383 -0.163762 
vn -0.590338 -0.786011 -0.183542 
vn -0.580637 -0.788416 -0.203128 
vn -0.57048 -0.790597 -0.222507 
vn -0.559873 -0.792551 -0.241669 
vn -0.548824 -0.794279 -0.260602 
vn -0.537338 -0.795779 -0.279292 
vn -0.525424 -0.797049 -0.29773 
vn -0.513088 -0.798089 -0.315902 
vn -0.500338 -0.798899 -0.333799 
vn -0.487182 -0.799478 -0.351408 
vn -0.473629 -0.799826 -0.36872 
vn -0.459686 -0.799942 -0.385723 
vn -0.445363 -0.799826 -0.402406 
vn -0.430668 -0.799478 -0.41876 
vn -0.415611 -0.798899 -0.434773 
vn -0.4002 -0.798089 -0.450437 
vn -0.384445 -0.797049 -0.465741 
vn -0.368357 -0.795779 -0.480676 
vn -0.351945 -0.794279 -0.495233 
vn -0.335219 -0.792551 -0.509402 
vn -0.31819 -0.790597 -0.523175 
vn -0.300868 -0.788416 -0.536543 
vn -0.283264 -0.786011 -0.549498 
vn -0.26539 -0.783383 -0.562032 
vn -0.247255 -0.780533 -0.574137 
vn -0.228872 -0.777464 -0.585805 
vn -0.613566 -0.775895 -0.146707 
vn -0.616648 -0.777464 -0.123671 
vn -0.604759 -0.778756 -0.166748 
vn -0.595483 -0.781395 -0.186607 
vn -0.585742 -0.78381 -0.206272 
vn -0.575545 -0.785999 -0.225729 
vn -0.564895 -0.787962 -0.244968 
vn -0.553802 -0.789696 -0.263976 
vn -0.54227 -0.791202 -0.282742 
vn -0.530308 -0.792477 -0.301253 
vn -0.517922 -0.793522 -0.319499 
vn -0.505121 -0.794335 -0.337467 
vn -0.491913 -0.794916 -0.355148 
vn -0.478305 -0.795265 -0.372529 
vn -0.464307 -0.795381 -0.389599 
vn -0.449926 -0.795265 -0.40635 
vn -0.435172 -0.794916 -0.422769 
vn -0.420054 -0.794335 -0.438847 
vn -0.404581 -0.793522 -0.454573 
vn -0.388763 -0.792477 -0.469939 
vn -0.372611 -0.791202 -0.484934 
vn -0.356133 -0.789696 -0.499549 
vn -0.33934 -0.787962 -0.513775 
vn -0.322242 -0.785999 -0.527603 
vn -0.304851 -0.78381 -0.541025 
vn -0.287177 -0.781395 -0.554032 
vn -0.26923 -0.778756 -0.566616 
vn -0.251023 -0.775895 -0.578769 
vn -0.232566 -0.772814 -0.590485 
vn -0.61881 -0.771156 -0.14964 
vn -0.621898 -0.772814 -0.126497 
vn -0.609968 -0.774029 -0.16976 
vn -0.600654 -0.776678 -0.189699 
vn -0.590875 -0.779103 -0.209441 
vn -0.580637 -0.781301 -0.228977 
vn -0.569945 -0.783271 -0.248292 
vn -0.558807 -0.785013 -0.267376 
vn -0.547229 -0.786524 -0.286216 
vn -0.535219 -0.787805 -0.304802 
vn -0.522785 -0.788853 -0.32312 
vn -0.509933 -0.78967 -0.34116 
vn -0.496672 -0.790253 -0.358911 
vn -0.48301 -0.790604 -0.376361 
vn -0.468955 -0.79072 -0.3935 
vn -0.454517 -0.790604 -0.410317 
vn -0.439704 -0.790253 -0.426802 
vn -0.424526 -0.78967 -0.442944 
vn -0.408992 -0.788853 -0.458733 
vn -0.393111 -0.787805 -0.47416 
vn -0.376894 -0.786524 -0.489215 
vn -0.36035 -0.785013 -0.503888 
vn -0.34349 -0.783271 -0.518171 
vn -0.326324 -0.781301 -0.532054 
vn -0.308864 -0.779103 -0.545529 
vn -0.291119 -0.776678 -0.558588 
vn -0.273101 -0.774029 -0.571222 
vn -0.254821 -0.771156 -0.583424 
vn -0.236291 -0.768063 -0.595186 
vn -0.624081 -0.766313 -0.152599 
vn -0.627175 -0.768063 -0.129348 
vn -0.615204 -0.769197 -0.1728 
vn -0.605854 -0.771857 -0.192817 
vn -0.596036 -0.774291 -0.212638 
vn -0.585757 -0.776498 -0.23225 
vn -0.575023 -0.778476 -0.251643 
vn -0.563841 -0.780224 -0.270802 
vn -0.552217 -0.781742 -0.289717 
vn -0.54016 -0.783027 -0.308376 
vn -0.527676 -0.78408 -0.326767 
vn -0.514773 -0.7849 -0.344878 
vn -0.501459 -0.785486 -0.362699 
vn -0.487743 -0.785837 -0.380219 
vn -0.473633 -0.785955 -0.397425 
vn -0.459138 -0.785837 -0.414309 
vn -0.444267 -0.785486 -0.430859 
vn -0.429028 -0.7849 -0.447065 
vn -0.413432 -0.78408 -0.462917 
vn -0.397489 -0.783027 -0.478405 
vn -0.381207 -0.781742 -0.493519 
vn -0.364598 -0.780224 -0.508251 
vn -0.347671 -0.778476 -0.52259 
vn -0.330438 -0.776498 -0.536528 
vn -0.312908 -0.774291 -0.550057 
vn -0.295093 -0.771857 -0.563167 
vn -0.277004 -0.769197 -0.575852 
vn -0.258652 -0.766313 -0.588102 
vn -0.240048 -0.763207 -0.59991 
vn -0.629382 -0.761361 -0.155587 
vn -0.63248 -0.763207 -0.132228 
vn -0.62047 -0.764256 -0.175867 
vn -0.611083 -0.766927 -0.195963 
vn -0.601226 -0.76937 -0.215862 
vn -0.590907 -0.771586 -0.235552 
vn -0.580131 -0.773572 -0.25502 
vn -0.568904 -0.775327 -0.274255 
vn -0.557235 -0.77685 -0.293244 
vn -0.54513 -0.778141 -0.311977 
vn -0.532597 -0.779198 -0.33044 
vn -0.519644 -0.780021 -0.348623 
vn -0.506278 -0.780609 -0.366514 
vn -0.492508 -0.780962 -0.384102 
vn -0.478342 -0.78108 -0.401377 
vn -0.46379 -0.780962 -0.418327 
vn -0.44886 -0.780609 -0.434942 
vn -0.433561 -0.780021 -0.451211 
vn -0.417904 -0.779198 -0.467126 
vn -0.401898 -0.778141 -0.482674 
vn -0.385552 -0.77685 -0.497848 
vn -0.368878 -0.775327 -0.512638 
vn -0.351885 -0.773572 -0.527033 
vn -0.334583 -0.771586 -0.541026 
vn -0.316984 -0.76937 -0.554608 
vn -0.299099 -0.766927 -0.56777 
vn -0.280939 -0.764256 -0.580505 
vn -0.262515 -0.761361 -0.592803 
vn -0.243838 -0.758243 -0.604658 
vn -0.634712 -0.756297 -0.158605 
vn -0.637814 -0.758243 -0.135136 
vn -0.625765 -0.759203 -0.178964 
vn -0.616342 -0.761884 -0.199138 
vn -0.606447 -0.764337 -0.219115 
vn -0.596087 -0.766561 -0.238882 
vn -0.585268 -0.768555 -0.258426 
vn -0.573998 -0.770317 -0.277736 
vn -0.562284 -0.771847 -0.2968 
vn -0.550131 -0.773142 -0.315605 
vn -0.537549 -0.774203 -0.33414 
vn -0.524545 -0.77503 -0.352394 
vn -0.511127 -0.77562 -0.370355 
vn -0.497303 -0.775974 -0.388012 
vn -0.483082 -0.776093 -0.405354 
vn -0.468473 -0.775974 -0.42237 
vn -0.453485 -0.77562 -0.43905 
vn -0.438127 -0.77503 -0.455384 
vn -0.422408 -0.774203 -0.47136 
vn -0.406339 -0.773142 -0.48697 
vn -0.38993 -0.771847 -0.502203 
vn -0.37319 -0.770317 -0.51705 
vn -0.356131 -0.768555 -0.531502 
vn -0.338762 -0.766561 -0.54555 
vn -0.321094 -0.764337 -0.559184 
vn -0.303139 -0.761884 -0.572398 
vn -0.284908 -0.759203 -0.585182 
vn -0.266412 -0.756297 -0.597528 
vn -0.247662 -0.753166 -0.609429 
vn -0.640073 -0.751116 -0.161652 
vn -0.643177 -0.753166 -0.138073 
vn -0.631091 -0.754034 -0.18209 
vn -0.621631 -0.756725 -0.202343 
vn -0.611697 -0.759188 -0.222397 
vn -0.601297 -0.76142 -0.24224 
vn -0.590437 -0.763422 -0.261861 
vn -0.579124 -0.765191 -0.281245 
vn -0.567363 -0.766726 -0.300383 
vn -0.555164 -0.768027 -0.319261 
vn -0.542533 -0.769092 -0.337868 
vn -0.529478 -0.769922 -0.356193 
vn -0.516008 -0.770514 -0.374224 
vn -0.502131 -0.77087 -0.391949 
vn -0.487855 -0.770989 -0.409359 
vn -0.473189 -0.77087 -0.426441 
vn -0.458142 -0.770514 -0.443186 
vn -0.442725 -0.769922 -0.459582 
vn -0.426945 -0.769092 -0.47562 
vn -0.410814 -0.768027 -0.491291 
vn -0.394341 -0.766726 -0.506583 
vn -0.377536 -0.765191 -0.521488 
vn -0.360411 -0.763422 -0.535996 
vn -0.342974 -0.76142 -0.550098 
vn -0.325238 -0.759188 -0.563786 
vn -0.307214 -0.756725 -0.57705 
vn -0.288912 -0.754034 -0.589884 
vn -0.270344 -0.751116 -0.602278 
vn -0.251521 -0.747973 -0.614225 
vn -0.645464 -0.745815 -0.16473 
vn -0.64857 -0.747973 -0.141041 
vn -0.636448 -0.748744 -0.185247 
vn -0.626951 -0.751446 -0.205578 
vn -0.616979 -0.753918 -0.225709 
vn -0.606539 -0.756159 -0.245629 
vn -0.595637 -0.758168 -0.265325 
vn -0.58428 -0.759944 -0.284784 
vn -0.572475 -0.761485 -0.303995 
vn -0.560228 -0.762791 -0.322946 
vn -0.547549 -0.76386 -0.341625 
vn -0.534444 -0.764693 -0.36002 
vn -0.520922 -0.765288 -0.37812 
vn -0.506991 -0.765645 -0.395914 
vn -0.49266 -0.765764 -0.413391 
vn -0.477937 -0.765645 -0.430539 
vn -0.462833 -0.765288 -0.447348 
vn -0.447356 -0.764693 -0.463807 
vn -0.431516 -0.76386 -0.479908 
vn -0.415323 -0.762791 -0.495638 
vn -0.398786 -0.761485 -0.510989 
vn -0.381917 -0.759944 -0.525951 
vn -0.364725 -0.758168 -0.540515 
vn -0.347222 -0.756159 -0.554672 
vn -0.329417 -0.753918 -0.568412 
vn -0.311323 -0.751446 -0.581728 
vn -0.292951 -0.748744 -0.594611 
vn -0.274311 -0.745815 -0.607053 
vn -0.255416 -0.74266 -0.619046 
vn -0.650886 -0.74039 -0.16784 
vn -0.653994 -0.74266 -0.14404 
vn -0.641835 -0.74333 -0.188435 
vn -0.632302 -0.746042 -0.208843 
vn -0.622293 -0.748523 -0.229052 
vn -0.611813 -0.750773 -0.249048 
vn -0.600869 -0.75279 -0.268819 
vn -0.589468 -0.754573 -0.288352 
vn -0.577618 -0.75612 -0.307637 
vn -0.565325 -0.757431 -0.32666 
vn -0.552596 -0.758504 -0.345411 
vn -0.539442 -0.75934 -0.363876 
vn -0.525868 -0.759937 -0.382045 
vn -0.511884 -0.760296 -0.399907 
vn -0.497498 -0.760415 -0.41745 
vn -0.482719 -0.760296 -0.434664 
vn -0.467557 -0.759937 -0.451537 
vn -0.452021 -0.75934 -0.46806 
vn -0.43612 -0.758504 -0.484221 
vn -0.419865 -0.757431 -0.500012 
vn -0.403266 -0.75612 -0.515422 
vn -0.386332 -0.754573 -0.530441 
vn -0.369074 -0.75279 -0.545061 
vn -0.351504 -0.750773 -0.559271 
vn -0.333632 -0.748523 -0.573064 
vn -0.315469 -0.746042 -0.586431 
vn -0.297026 -0.74333 -0.599363 
vn -0.278315 -0.74039 -0.611852 
vn -0.259348 -0.737223 -0.623892 
vn -0.656339 -0.734837 -0.170982 
vn -0.659449 -0.737223 -0.14707 
vn -0.647254 -0.737788 -0.191655 
vn -0.637685 -0.74051 -0.21214 
vn -0.627637 -0.743001 -0.232425 
vn -0.617117 -0.745259 -0.252497 
vn -0.606132 -0.747284 -0.272343 
vn -0.594688 -0.749073 -0.291951 
vn -0.582793 -0.750626 -0.311309 
vn -0.570453 -0.751942 -0.330404 
vn -0.557677 -0.753019 -0.349225 
vn -0.544472 -0.753858 -0.367761 
vn -0.530847 -0.754458 -0.385999 
vn -0.51681 -0.754818 -0.403928 
vn -0.502369 -0.754938 -0.421538 
vn -0.487535 -0.754818 -0.438817 
vn -0.472315 -0.754458 -0.455754 
vn -0.45672 -0.753858 -0.472339 
vn -0.440759 -0.753019 -0.488562 
vn -0.424443 -0.751942 -0.504413 
vn -0.40778 -0.750626 -0.519881 
vn -0.390782 -0.749073 -0.534957 
vn -0.373459 -0.747284 -0.549632 
vn -0.355822 -0.745259 -0.563896 
vn -0.337882 -0.743001 -0.577742 
vn -0.31965 -0.74051 -0.591159 
vn -0.301138 -0.737788 -0.60414 
vn -0.282356 -0.734837 -0.616677 
vn -0.263317 -0.731658 -0.628762 
vn -0.67045 -0.72596 -0.153229 
vn -0.664934 -0.731658 -0.150133 
vn -0.673034 -0.728253 -0.129123 
vn -0.661822 -0.729151 -0.174156 
vn -0.652703 -0.732113 -0.194907 
vn -0.643098 -0.734845 -0.215469 
vn -0.633013 -0.737346 -0.23583 
vn -0.622454 -0.739613 -0.255978 
vn -0.611427 -0.741645 -0.275898 
vn -0.59994 -0.743441 -0.29558 
vn -0.588 -0.745 -0.31501 
vn -0.575614 -0.74632 -0.334177 
vn -0.56279 -0.747402 -0.353069 
vn -0.549535 -0.748244 -0.371674 
vn -0.535859 -0.748846 -0.389981 
vn -0.521769 -0.749207 -0.407978 
vn -0.507274 -0.749328 -0.425654 
vn -0.492384 -0.749207 -0.442997 
vn -0.477107 -0.748846 -0.459998 
vn -0.461454 -0.748244 -0.476646 
vn -0.445433 -0.747402 -0.49293 
vn -0.429055 -0.74632 -0.50884 
vn -0.41233 -0.745 -0.524366 
vn -0.395268 -0.743441 -0.539499 
vn -0.37788 -0.741645 -0.554229 
vn -0.360177 -0.739613 -0.568547 
vn -0.342169 -0.737346 -0.582444 
vn -0.323869 -0.734845 -0.595912 
vn -0.305287 -0.732113 -0.608942 
vn -0.286434 -0.729151 -0.621526 
vn -0.267324 -0.72596 -0.633656 
vn -0.247966 -0.722543 -0.645325 
vn -0.244032 -0.728253 -0.640387 
vn -0.675996 -0.720126 -0.156359 
vn -0.67858 -0.722543 -0.13214 
vn -0.667336 -0.723329 -0.177363 
vn -0.658183 -0.726302 -0.198192 
vn -0.648542 -0.729045 -0.218831 
vn -0.638419 -0.731554 -0.239267 
vn -0.627821 -0.73383 -0.25949 
vn -0.616753 -0.735869 -0.279484 
vn -0.605224 -0.737672 -0.299239 
vn -0.593239 -0.739237 -0.318742 
vn -0.580807 -0.740562 -0.337981 
vn -0.567935 -0.741648 -0.356943 
vn -0.554631 -0.742493 -0.375617 
vn -0.540904 -0.743097 -0.393992 
vn -0.526761 -0.74346 -0.412056 
vn -0.512213 -0.743581 -0.429798 
vn -0.497267 -0.74346 -0.447206 
vn -0.481933 -0.743097 -0.46427 
vn -0.466221 -0.742493 -0.48098 
vn -0.450141 -0.741648 -0.497324 
vn -0.433702 -0.740562 -0.513293 
vn -0.416914 -0.739237 -0.528877 
vn -0.399789 -0.737672 -0.544067 
vn -0.382336 -0.735869 -0.558852 
vn -0.364567 -0.73383 -0.573223 
vn -0.346493 -0.731554 -0.587172 
vn -0.328124 -0.729045 -0.60069 
vn -0.309473 -0.726302 -0.613768 
vn -0.29055 -0.723329 -0.626399 
vn -0.271369 -0.720126 -0.638574 
vn -0.251939 -0.716696 -0.650287 
vn -0.681571 -0.714152 -0.159522 
vn -0.684156 -0.716696 -0.135191 
vn -0.67288 -0.717366 -0.180604 
vn -0.663693 -0.720351 -0.201509 
vn -0.654017 -0.723103 -0.222224 
vn -0.643856 -0.725622 -0.242737 
vn -0.633219 -0.727906 -0.263033 
vn -0.622111 -0.729953 -0.283102 
vn -0.610538 -0.731763 -0.302929 
vn -0.598509 -0.733333 -0.322504 
vn -0.586031 -0.734664 -0.341814 
vn -0.573112 -0.735753 -0.360846 
vn -0.559759 -0.736601 -0.379589 
vn -0.545981 -0.737208 -0.398032 
vn -0.531787 -0.737572 -0.416162 
vn -0.517184 -0.737693 -0.433969 
vn -0.502184 -0.737572 -0.451442 
vn -0.486793 -0.737208 -0.468569 
vn -0.471024 -0.736601 -0.48534 
vn -0.454884 -0.735753 -0.501745 
vn -0.438384 -0.734664 -0.517773 
vn -0.421535 -0.733333 -0.533415 
vn -0.404346 -0.731763 -0.54866 
vn -0.386829 -0.729953 -0.563499 
vn -0.368995 -0.727906 -0.577924 
vn -0.350853 -0.725622 -0.591924 
vn -0.332417 -0.723103 -0.605492 
vn -0.313697 -0.720351 -0.618619 
vn -0.294705 -0.717366 -0.631296 
vn -0.275452 -0.714152 -0.643516 
vn -0.255951 -0.71071 -0.655272 
vn -0.687176 -0.708033 -0.16272 
vn -0.689762 -0.71071 -0.138276 
vn -0.678453 -0.71126 -0.183879 
vn -0.669233 -0.714255 -0.20486 
vn -0.659521 -0.717017 -0.225651 
vn -0.649324 -0.719546 -0.246238 
vn -0.638647 -0.721838 -0.266609 
vn -0.627498 -0.723892 -0.28675 
vn -0.615884 -0.725708 -0.306651 
vn -0.603811 -0.727284 -0.326297 
vn -0.591287 -0.72862 -0.345677 
vn -0.578321 -0.729713 -0.364778 
vn -0.564919 -0.730565 -0.38359 
vn -0.551091 -0.731173 -0.4021 
vn -0.536845 -0.731538 -0.420297 
vn -0.522189 -0.73166 -0.438169 
vn -0.507134 -0.731538 -0.455705 
vn -0.491687 -0.731173 -0.472895 
vn -0.47586 -0.730565 -0.489727 
vn -0.459661 -0.729713 -0.506192 
vn -0.443101 -0.72862 -0.522278 
vn -0.42619 -0.727284 -0.537977 
vn -0.408939 -0.725708 -0.553278 
vn -0.391358 -0.723892 -0.568171 
vn -0.373458 -0.721838 -0.582649 
vn -0.355251 -0.719546 -0.5967 
vn -0.336747 -0.717017 -0.610317 
vn -0.317959 -0.714255 -0.623492 
vn -0.298897 -0.71126 -0.636216 
vn -0.279574 -0.708033 -0.64848 
vn -0.260002 -0.704578 -0.660279 
vn -0.692809 -0.701766 -0.165952 
vn -0.695397 -0.704578 -0.141396 
vn -0.684054 -0.705004 -0.187187 
vn -0.674801 -0.70801 -0.208244 
vn -0.665054 -0.710783 -0.22911 
vn -0.65482 -0.71332 -0.249772 
vn -0.644105 -0.71562 -0.270216 
vn -0.632916 -0.717682 -0.29043 
vn -0.621259 -0.719505 -0.310402 
vn -0.609143 -0.721087 -0.33012 
vn -0.596574 -0.722427 -0.34957 
vn -0.583561 -0.723524 -0.36874 
vn -0.570111 -0.724379 -0.38762 
vn -0.556233 -0.724989 -0.406197 
vn -0.541935 -0.725356 -0.424459 
vn -0.527226 -0.725478 -0.442395 
vn -0.512116 -0.725356 -0.459995 
vn -0.496614 -0.724989 -0.477247 
vn -0.48073 -0.724379 -0.49414 
vn -0.464473 -0.723524 -0.510664 
vn -0.447853 -0.722427 -0.526809 
vn -0.430881 -0.721087 -0.542564 
vn -0.413567 -0.719505 -0.55792 
vn -0.395923 -0.717682 -0.572868 
vn -0.377959 -0.71562 -0.587397 
vn -0.359685 -0.71332 -0.601499 
vn -0.341115 -0.710783 -0.615166 
vn -0.322259 -0.70801 -0.628388 
vn -0.303128 -0.705004 -0.641157 
vn -0.283736 -0.701766 -0.653466 
vn -0.264093 -0.698299 -0.665307 
vn -0.698469 -0.695346 -0.169219 
vn -0.701059 -0.698299 -0.144551 
vn -0.689683 -0.698595 -0.19053 
vn -0.680397 -0.701612 -0.211662 
vn -0.670615 -0.704394 -0.232603 
vn -0.660344 -0.706941 -0.253338 
vn -0.649591 -0.709249 -0.273855 
vn -0.638362 -0.711319 -0.294142 
vn -0.626664 -0.713148 -0.314185 
vn -0.614504 -0.714735 -0.333972 
vn -0.601891 -0.71608 -0.353492 
vn -0.588831 -0.717182 -0.372731 
vn -0.575333 -0.718039 -0.391678 
vn -0.561405 -0.718652 -0.410321 
vn -0.547056 -0.71902 -0.428648 
vn -0.532296 -0.719143 -0.446649 
vn -0.517132 -0.71902 -0.464311 
vn -0.501574 -0.718652 -0.481625 
vn -0.485633 -0.718039 -0.498578 
vn -0.469318 -0.717182 -0.515161 
vn -0.452639 -0.71608 -0.531364 
vn -0.435606 -0.714735 -0.547175 
vn -0.418231 -0.713148 -0.562586 
vn -0.400524 -0.711319 -0.577587 
vn -0.382495 -0.709249 -0.592168 
vn -0.364157 -0.706941 -0.60632 
vn -0.34552 -0.704394 -0.620036 
vn -0.326596 -0.701612 -0.633305 
vn -0.307398 -0.698595 -0.64612 
vn -0.287936 -0.695346 -0.658473 
vn -0.268223 -0.691866 -0.670356 
vn -0.704155 -0.688769 -0.172521 
vn -0.706749 -0.691866 -0.147742 
vn -0.695338 -0.692029 -0.193907 
vn -0.686019 -0.695057 -0.215114 
vn -0.676203 -0.697849 -0.236128 
vn -0.665896 -0.700404 -0.256937 
vn -0.655105 -0.702721 -0.277526 
vn -0.643836 -0.704798 -0.297884 
vn -0.632097 -0.706633 -0.317998 
vn -0.619895 -0.708226 -0.337855 
vn -0.607236 -0.709576 -0.357443 
vn -0.594131 -0.710681 -0.37675 
vn -0.580585 -0.711542 -0.395764 
vn -0.566608 -0.712157 -0.414473 
vn -0.552209 -0.712526 -0.432865 
vn -0.537396 -0.712649 -0.450929 
vn -0.522179 -0.712526 -0.468653 
vn -0.506566 -0.712157 -0.486028 
vn -0.490569 -0.711542 -0.503041 
vn -0.474196 -0.710681 -0.519682 
vn -0.457458 -0.709576 -0.535942 
vn -0.440366 -0.708226 -0.551809 
vn -0.422929 -0.706633 -0.567274 
vn -0.40516 -0.704798 -0.582328 
vn -0.387068 -0.702721 -0.59696 
vn -0.368665 -0.700404 -0.611163 
vn -0.349962 -0.697849 -0.624926 
vn -0.330972 -0.695057 -0.638243 
vn -0.311706 -0.692029 -0.651103 
vn -0.292175 -0.688769 -0.663499 
vn -0.272393 -0.685276 -0.675425 
vn -0.709866 -0.68203 -0.175858 
vn -0.712464 -0.685276 -0.150968 
vn -0.701018 -0.685302 -0.197319 
vn -0.691666 -0.68834 -0.2186 
vn -0.681816 -0.691142 -0.239687 
vn -0.671473 -0.693706 -0.260567 
vn -0.660645 -0.696031 -0.281229 
vn -0.649337 -0.698115 -0.301657 
vn -0.637557 -0.699957 -0.321841 
vn -0.625312 -0.701555 -0.341767 
vn -0.61261 -0.70291 -0.361424 
vn -0.599459 -0.704019 -0.380798 
vn -0.585866 -0.704882 -0.399877 
vn -0.571841 -0.705499 -0.418651 
vn -0.557391 -0.70587 -0.437107 
vn -0.542527 -0.705993 -0.455234 
vn -0.527257 -0.70587 -0.47302 
vn -0.51159 -0.705499 -0.490455 
vn -0.495537 -0.704882 -0.507527 
vn -0.479107 -0.704019 -0.524227 
vn -0.462311 -0.70291 -0.540543 
vn -0.445159 -0.701555 -0.556465 
vn -0.427662 -0.699957 -0.571984 
vn -0.409831 -0.698115 -0.58709 
vn -0.391676 -0.696031 -0.601773 
vn -0.373209 -0.693706 -0.616025 
vn -0.354442 -0.691142 -0.629837 
vn -0.335385 -0.68834 -0.643199 
vn -0.316052 -0.685302 -0.656104 
vn -0.296454 -0.68203 -0.668544 
vn -0.276602 -0.678526 -0.68051 
vn -0.723965 -0.671609 -0.157529 
vn -0.718203 -0.678526 -0.154231 
vn -0.726026 -0.674791 -0.13245 
vn -0.715599 -0.675125 -0.179231 
vn -0.706721 -0.678409 -0.200765 
vn -0.697338 -0.681457 -0.222119 
vn -0.687454 -0.684269 -0.243278 
vn -0.677075 -0.686841 -0.26423 
vn -0.66621 -0.689174 -0.284962 
vn -0.654863 -0.691265 -0.305461 
vn -0.643043 -0.693114 -0.325714 
vn -0.630756 -0.694718 -0.345708 
vn -0.61801 -0.696077 -0.365432 
vn -0.604814 -0.69719 -0.384872 
vn -0.591175 -0.698056 -0.404018 
vn -0.577101 -0.698675 -0.422856 
vn -0.562602 -0.699047 -0.441375 
vn -0.547687 -0.699171 -0.459564 
vn -0.532364 -0.699047 -0.477411 
vn -0.516644 -0.698675 -0.494906 
vn -0.500536 -0.698056 -0.512036 
vn -0.48405 -0.69719 -0.528793 
vn -0.467197 -0.696077 -0.545165 
vn -0.449986 -0.694718 -0.561142 
vn -0.432429 -0.693114 -0.576714 
vn -0.414536 -0.691265 -0.591872 
vn -0.396319 -0.689174 -0.606605 
vn -0.377789 -0.686841 -0.620906 
vn -0.358957 -0.684269 -0.634765 
vn -0.339836 -0.681457 -0.648173 
vn -0.320436 -0.678409 -0.661122 
vn -0.300771 -0.675125 -0.673604 
vn -0.280851 -0.671609 -0.685612 
vn -0.260691 -0.667862 -0.697137 
vn -0.256511 -0.674791 -0.691996 
vn -0.729749 -0.664522 -0.160864 
vn -0.731815 -0.667862 -0.135674 
vn -0.721354 -0.66805 -0.182639 
vn -0.712446 -0.671345 -0.204246 
vn -0.703031 -0.674404 -0.225671 
vn -0.693113 -0.677225 -0.246902 
vn -0.6827 -0.679806 -0.267925 
vn -0.671798 -0.682147 -0.288727 
vn -0.660413 -0.684245 -0.309295 
vn -0.648553 -0.686099 -0.329616 
vn -0.636225 -0.687709 -0.349678 
vn -0.623436 -0.689072 -0.369468 
vn -0.610195 -0.690189 -0.388974 
vn -0.59651 -0.691059 -0.408184 
vn -0.582389 -0.69168 -0.427086 
vn -0.567841 -0.692053 -0.445667 
vn -0.552875 -0.692177 -0.463918 
vn -0.537501 -0.692053 -0.481825 
vn -0.521728 -0.69168 -0.499378 
vn -0.505566 -0.691059 -0.516567 
vn -0.489024 -0.690189 -0.53338 
vn -0.472114 -0.689072 -0.549807 
vn -0.454845 -0.687709 -0.565838 
vn -0.437228 -0.686099 -0.581463 
vn -0.419275 -0.684245 -0.596672 
vn -0.400997 -0.682147 -0.611455 
vn -0.382404 -0.679806 -0.625804 
vn -0.363509 -0.677225 -0.639709 
vn -0.344323 -0.674404 -0.653163 
vn -0.324858 -0.671345 -0.666156 
vn -0.305126 -0.66805 -0.67868 
vn -0.28514 -0.664522 -0.690728 
vn -0.264911 -0.660763 -0.702292 
vn -0.735551 -0.657261 -0.164235 
vn -0.737624 -0.660763 -0.138935 
vn -0.727128 -0.660801 -0.186082 
vn -0.718191 -0.664106 -0.207761 
vn -0.708744 -0.667175 -0.229257 
vn -0.698794 -0.670006 -0.250558 
vn -0.688346 -0.672596 -0.271651 
vn -0.677408 -0.674944 -0.292522 
vn -0.665985 -0.677049 -0.313158 
vn -0.654086 -0.67891 -0.333547 
vn -0.641717 -0.680525 -0.353675 
vn -0.628885 -0.681893 -0.373531 
vn -0.615601 -0.683013 -0.393102 
vn -0.60187 -0.683885 -0.412375 
vn -0.587702 -0.684509 -0.43134 
vn -0.573106 -0.684883 -0.449983 
vn -0.558091 -0.685008 -0.468294 
vn -0.542666 -0.684883 -0.486261 
vn -0.52684 -0.684509 -0.503872 
vn -0.510624 -0.683885 -0.521118 
vn -0.494028 -0.683013 -0.537987 
vn -0.477061 -0.681893 -0.554468 
vn -0.459735 -0.680525 -0.570552 
vn -0.44206 -0.67891 -0.586229 
vn -0.424048 -0.677049 -0.601488 
vn -0.405708 -0.674944 -0.616321 
vn -0.387054 -0.672596 -0.630717 
vn -0.368096 -0.670006 -0.644669 
vn -0.348846 -0.667175 -0.658167 
vn -0.329317 -0.664106 -0.671203 
vn -0.30952 -0.660801 -0.683769 
vn -0.289467 -0.657261 -0.695857 
vn -0.269171 -0.653489 -0.707459 
vn -0.74137 -0.649821 -0.167642 
vn -0.743453 -0.653489 -0.142233 
vn -0.73292 -0.653372 -0.18956 
vn -0.723953 -0.656689 -0.211309 
vn -0.714476 -0.659767 -0.232876 
vn -0.704493 -0.662607 -0.254247 
vn -0.694012 -0.665206 -0.275408 
vn -0.683037 -0.667562 -0.296347 
vn -0.671578 -0.669674 -0.31705 
vn -0.659639 -0.67154 -0.337505 
vn -0.64723 -0.67316 -0.357699 
vn -0.634357 -0.674533 -0.37762 
vn -0.621029 -0.675657 -0.397254 
vn -0.607253 -0.676532 -0.416591 
vn -0.593039 -0.677158 -0.435617 
vn -0.578396 -0.677533 -0.454321 
vn -0.563331 -0.677658 -0.472691 
vn -0.547856 -0.677533 -0.490717 
vn -0.531979 -0.677158 -0.508386 
vn -0.51571 -0.676532 -0.525688 
vn -0.49906 -0.675657 -0.542611 
vn -0.482038 -0.674533 -0.559147 
vn -0.464655 -0.67316 -0.575283 
vn -0.446923 -0.67154 -0.591011 
vn -0.428852 -0.669674 -0.60632 
vn -0.410453 -0.667562 -0.6212 
vn -0.391738 -0.665206 -0.635644 
vn -0.372718 -0.662607 -0.649641 
vn -0.353405 -0.659767 -0.663183 
vn -0.333812 -0.656689 -0.676261 
vn -0.31395 -0.653372 -0.688868 
vn -0.293832 -0.649821 -0.700996 
vn -0.273471 -0.646037 -0.712636 
vn -0.747203 -0.642198 -0.171085 
vn -0.749297 -0.646037 -0.145568 
vn -0.738726 -0.64576 -0.193073 
vn -0.729731 -0.649087 -0.214892 
vn -0.720223 -0.652176 -0.236527 
vn -0.710209 -0.655025 -0.257966 
vn -0.699694 -0.657631 -0.279195 
vn -0.688684 -0.659995 -0.300201 
vn -0.677188 -0.662114 -0.32097 
vn -0.665211 -0.663986 -0.341491 
vn -0.652762 -0.665612 -0.361749 
vn -0.639848 -0.666989 -0.381733 
vn -0.626477 -0.668116 -0.401431 
vn -0.612658 -0.668994 -0.420829 
vn -0.598399 -0.669622 -0.439916 
vn -0.583708 -0.669998 -0.45868 
vn -0.568596 -0.670124 -0.477109 
vn -0.553071 -0.669998 -0.495192 
vn -0.537143 -0.669622 -0.512917 
vn -0.520822 -0.668994 -0.530274 
vn -0.504119 -0.668116 -0.547252 
vn -0.487043 -0.666989 -0.56384 
vn -0.469605 -0.665612 -0.580028 
vn -0.451816 -0.663986 -0.595806 
vn -0.433686 -0.662114 -0.611164 
vn -0.415229 -0.659995 -0.626092 
vn -0.396454 -0.657631 -0.640582 
vn -0.377373 -0.655025 -0.654624 
vn -0.357999 -0.652176 -0.668209 
vn -0.338343 -0.649087 -0.681329 
vn -0.318418 -0.64576 -0.693976 
vn -0.298236 -0.642198 -0.706143 
vn -0.277809 -0.638401 -0.71782 
vn -0.753048 -0.634387 -0.174563 
vn -0.755156 -0.638401 -0.148941 
vn -0.744545 -0.637961 -0.19662 
vn -0.735521 -0.641298 -0.218507 
vn -0.725984 -0.644396 -0.24021 
vn -0.715938 -0.647254 -0.261716 
vn -0.70539 -0.649869 -0.283012 
vn -0.694346 -0.65224 -0.304083 
vn -0.682814 -0.654365 -0.324918 
vn -0.6708 -0.656243 -0.345502 
vn -0.658312 -0.657874 -0.365824 
vn -0.645358 -0.659255 -0.385871 
vn -0.631945 -0.660386 -0.40563 
vn -0.618082 -0.661267 -0.425089 
vn -0.603778 -0.661896 -0.444235 
vn -0.589042 -0.662274 -0.463058 
vn -0.573882 -0.6624 -0.481544 
vn -0.558309 -0.662274 -0.499684 
vn -0.542331 -0.661896 -0.517465 
vn -0.525959 -0.661267 -0.534876 
vn -0.509203 -0.660386 -0.551907 
vn -0.492074 -0.659255 -0.568547 
vn -0.474581 -0.657874 -0.584786 
vn -0.456737 -0.656243 -0.600613 
vn -0.438551 -0.654365 -0.616019 
vn -0.420035 -0.65224 -0.630994 
vn -0.401202 -0.649869 -0.645529 
vn -0.382062 -0.647254 -0.659615 
vn -0.362627 -0.644396 -0.673243 
vn -0.34291 -0.641298 -0.686404 
vn -0.322922 -0.637961 -0.699091 
vn -0.302677 -0.634387 -0.711295 
vn -0.282186 -0.630578 -0.723009 
vn -0.758902 -0.626384 -0.178077 
vn -0.761026 -0.630578 -0.15235 
vn -0.750373 -0.629968 -0.200202 
vn -0.741322 -0.633316 -0.222156 
vn -0.731755 -0.636423 -0.243925 
vn -0.721679 -0.63929 -0.265497 
vn -0.711098 -0.641913 -0.286857 
vn -0.700021 -0.644291 -0.307993 
vn -0.688453 -0.646423 -0.328891 
vn -0.676403 -0.648307 -0.349539 
vn -0.663876 -0.649942 -0.369923 
vn -0.650882 -0.651328 -0.390031 
vn -0.637429 -0.652463 -0.40985 
vn -0.623524 -0.653346 -0.429368 
vn -0.609176 -0.653977 -0.448574 
vn -0.594395 -0.654356 -0.467454 
vn -0.579189 -0.654483 -0.485997 
vn -0.563568 -0.654356 -0.504192 
vn -0.547541 -0.653977 -0.522027 
vn -0.531119 -0.653346 -0.539492 
vn -0.514312 -0.652463 -0.556575 
vn -0.49713 -0.651328 -0.573266 
vn -0.479584 -0.649942 -0.589554 
vn -0.461685 -0.648307 -0.60543 
vn -0.443443 -0.646423 -0.620883 
vn -0.424871 -0.644291 -0.635904 
vn -0.40598 -0.641913 -0.650483 
vn -0.386781 -0.63929 -0.664612 
vn -0.367287 -0.636423 -0.678281 
vn -0.34751 -0.633316 -0.691483 
vn -0.327461 -0.629968 -0.704208 
vn -0.307154 -0.626384 -0.71645 
vn -0.2866 -0.622564 -0.7282 
vn -0.772788 -0.614352 -0.159278 
vn -0.766904 -0.622564 -0.155796 
vn -0.774375 -0.618511 -0.133371 
vn -0.764762 -0.618184 -0.181626 
vn -0.756207 -0.621779 -0.203817 
vn -0.747129 -0.625137 -0.225836 
vn -0.737534 -0.628254 -0.24767 
vn -0.727428 -0.631129 -0.269306 
vn -0.716816 -0.633759 -0.29073 
vn -0.705705 -0.636145 -0.311929 
vn -0.694103 -0.638283 -0.33289 
vn -0.682016 -0.640173 -0.353599 
vn -0.669453 -0.641813 -0.374044 
vn -0.65642 -0.643203 -0.394212 
vn -0.642926 -0.644341 -0.41409 
vn -0.62898 -0.645227 -0.433667 
vn -0.614589 -0.64586 -0.452929 
vn -0.599764 -0.64624 -0.471866 
vn -0.584513 -0.646367 -0.490464 
vn -0.568845 -0.64624 -0.508713 
vn -0.552771 -0.64586 -0.526602 
vn -0.5363 -0.645227 -0.544119 
vn -0.519442 -0.644341 -0.561253 
vn -0.502209 -0.643203 -0.577993 
vn -0.484611 -0.641813 -0.59433 
vn -0.466658 -0.640173 -0.610253 
vn -0.448362 -0.638283 -0.625752 
vn -0.429735 -0.636145 -0.640818 
vn -0.410787 -0.633759 -0.655441 
vn -0.391531 -0.631129 -0.669612 
vn -0.371979 -0.628254 -0.683322 
vn -0.352143 -0.625137 -0.696563 
vn -0.332034 -0.621779 -0.709326 
vn -0.311666 -0.618184 -0.721604 
vn -0.291052 -0.614352 -0.733389 
vn -0.270203 -0.610288 -0.744674 
vn -0.265814 -0.618511 -0.739451 
vn -0.778674 -0.605941 -0.162797 
vn -0.780281 -0.610288 -0.136787 
vn -0.770624 -0.609783 -0.185209 
vn -0.762045 -0.613389 -0.207464 
vn -0.752941 -0.616756 -0.229548 
vn -0.743318 -0.619882 -0.251445 
vn -0.733182 -0.622766 -0.273144 
vn -0.722539 -0.625404 -0.294631 
vn -0.711396 -0.627796 -0.315891 
vn -0.69976 -0.629941 -0.336913 
vn -0.687639 -0.631836 -0.357682 
vn -0.675039 -0.633481 -0.378186 
vn -0.661968 -0.634875 -0.398413 
vn -0.648435 -0.636016 -0.418349 
vn -0.634448 -0.636905 -0.437982 
vn -0.620016 -0.63754 -0.4573 
vn -0.605147 -0.637921 -0.476292 
vn -0.589852 -0.638048 -0.494944 
vn -0.574138 -0.637921 -0.513247 
vn -0.558018 -0.63754 -0.531187 
vn -0.541499 -0.636905 -0.548755 
vn -0.524593 -0.636016 -0.565938 
vn -0.507309 -0.634875 -0.582728 
vn -0.48966 -0.633481 -0.599112 
vn -0.471655 -0.631836 -0.615081 
vn -0.453306 -0.629941 -0.630625 
vn -0.434625 -0.627796 -0.645735 
vn -0.415622 -0.625404 -0.6604 
vn -0.39631 -0.622766 -0.674612 
vn -0.376701 -0.619882 -0.688362 
vn -0.356807 -0.616756 -0.701641 
vn -0.33664 -0.613389 -0.714442 
vn -0.316213 -0.609783 -0.726756 
vn -0.295539 -0.605941 -0.738575 
vn -0.27463 -0.601864 -0.749892 
vn -0.784558 -0.597324 -0.166351 
vn -0.786189 -0.601864 -0.14024 
vn -0.776486 -0.601177 -0.188827 
vn -0.767882 -0.604793 -0.211144 
vn -0.758752 -0.60817 -0.23329 
vn -0.749102 -0.611305 -0.255249 
vn -0.738938 -0.614196 -0.277009 
vn -0.728265 -0.616842 -0.298556 
vn -0.717091 -0.619241 -0.319877 
vn -0.705422 -0.621392 -0.340958 
vn -0.693266 -0.623292 -0.361785 
vn -0.680631 -0.624942 -0.382348 
vn -0.667523 -0.626339 -0.402631 
vn -0.653952 -0.627484 -0.422623 
vn -0.639926 -0.628375 -0.442312 
vn -0.625453 -0.629012 -0.461685 
vn -0.610542 -0.629394 -0.48073 
vn -0.595203 -0.629522 -0.499435 
vn -0.579446 -0.629394 -0.517789 
vn -0.56328 -0.629012 -0.53578 
vn -0.546714 -0.628375 -0.553397 
vn -0.52976 -0.627484 -0.570629 
vn -0.512428 -0.626339 -0.587466 
vn -0.494729 -0.624942 -0.603896 
vn -0.476674 -0.623292 -0.619911 
vn -0.458273 -0.621392 -0.635499 
vn -0.439539 -0.619241 -0.650651 
vn -0.420483 -0.616842 -0.665357 
vn -0.401116 -0.614196 -0.679609 
vn -0.381452 -0.611305 -0.693398 
vn -0.361502 -0.60817 -0.706715 
vn -0.341278 -0.604793 -0.719552 
vn -0.320793 -0.601177 -0.7319 
vn -0.300061 -0.597324 -0.743753 
vn -0.279093 -0.593236 -0.755102 
vn -0.790437 -0.588498 -0.16994 
vn -0.792094 -0.593236 -0.14373 
vn -0.782343 -0.592362 -0.192477 
vn -0.773716 -0.595988 -0.214856 
vn -0.764561 -0.599373 -0.237062 
vn -0.754884 -0.602517 -0.259081 
vn -0.744692 -0.605416 -0.280901 
vn -0.73399 -0.608069 -0.302507 
vn -0.722785 -0.610475 -0.323885 
vn -0.711085 -0.612631 -0.345024 
vn -0.698896 -0.614537 -0.365908 
vn -0.686226 -0.616191 -0.386527 
vn -0.673082 -0.617593 -0.406865 
vn -0.659474 -0.61874 -0.426912 
vn -0.645409 -0.619634 -0.446655 
vn -0.630897 -0.620272 -0.466081 
vn -0.615946 -0.620656 -0.485178 
vn -0.600565 -0.620784 -0.503934 
vn -0.584765 -0.620656 -0.522338 
vn -0.568554 -0.620272 -0.540378 
vn -0.551943 -0.619634 -0.558043 
vn -0.534943 -0.61874 -0.575323 
vn -0.517564 -0.617593 -0.592205 
vn -0.499816 -0.616191 -0.608681 
vn -0.481711 -0.614537 -0.624739 
vn -0.463261 -0.612631 -0.640369 
vn -0.444475 -0.610475 -0.655563 
vn -0.425367 -0.608069 -0.670309 
vn -0.405948 -0.605416 -0.6846 
vn -0.38623 -0.602517 -0.698427 
vn -0.366225 -0.599373 -0.71178 
vn -0.345946 -0.595988 -0.724652 
vn -0.325405 -0.592362 -0.737034 
vn -0.304616 -0.588498 -0.748919 
vn -0.283591 -0.584398 -0.760299 
vn -0.796307 -0.579458 -0.173563 
vn -0.797994 -0.584398 -0.147258 
vn -0.788191 -0.583332 -0.19616 
vn -0.779541 -0.586968 -0.218598 
vn -0.770362 -0.590362 -0.240862 
vn -0.76066 -0.593514 -0.26294 
vn -0.750441 -0.596421 -0.284817 
vn -0.739711 -0.599081 -0.30648 
vn -0.728476 -0.601493 -0.327915 
vn -0.716745 -0.603655 -0.349109 
vn -0.704524 -0.605566 -0.370049 
vn -0.69182 -0.607225 -0.390721 
vn -0.678642 -0.60863 -0.411114 
vn -0.664998 -0.60978 -0.431214 
vn -0.650896 -0.610676 -0.451008 
vn -0.636345 -0.611317 -0.470485 
vn -0.621355 -0.611701 -0.489633 
vn -0.605934 -0.611829 -0.508439 
vn -0.590091 -0.611701 -0.526891 
vn -0.573838 -0.611317 -0.544979 
vn -0.557184 -0.610676 -0.562691 
vn -0.540138 -0.60978 -0.580016 
vn -0.522713 -0.60863 -0.596943 
vn -0.504919 -0.607225 -0.613462 
vn -0.486766 -0.605566 -0.629562 
vn -0.468267 -0.603655 -0.645234 
vn -0.449432 -0.601493 -0.660467 
vn -0.430273 -0.599081 -0.675253 
vn -0.410803 -0.596421 -0.689582 
vn -0.391032 -0.593514 -0.703445 
vn -0.370975 -0.590362 -0.716833 
vn -0.350642 -0.586968 -0.729739 
vn -0.330048 -0.583332 -0.742154 
vn -0.309203 -0.579458 -0.75407 
vn -0.288123 -0.575348 -0.76548 
vn -0.802162 -0.570201 -0.17722 
vn -0.803883 -0.575348 -0.150821 
vn -0.794026 -0.574085 -0.199874 
vn -0.785354 -0.577729 -0.222369 
vn -0.776152 -0.581133 -0.24469 
vn -0.766425 -0.584293 -0.266824 
vn -0.75618 -0.587207 -0.288757 
vn -0.745422 -0.589874 -0.310474 
vn -0.73416 -0.592292 -0.331964 
vn -0.722398 -0.594459 -0.353212 
vn -0.710146 -0.596375 -0.374205 
vn -0.69741 -0.598038 -0.39493 
vn -0.684199 -0.599446 -0.415374 
vn -0.67052 -0.6006 -0.435525 
vn -0.656382 -0.601498 -0.45537 
vn -0.641795 -0.60214 -0.474897 
vn -0.626766 -0.602525 -0.494093 
vn -0.611306 -0.602654 -0.512946 
vn -0.595423 -0.602525 -0.531446 
vn -0.579128 -0.60214 -0.549579 
vn -0.562432 -0.601498 -0.567336 
vn -0.545343 -0.6006 -0.584705 
vn -0.527874 -0.599446 -0.601675 
vn -0.510034 -0.598038 -0.618236 
vn -0.491835 -0.596375 -0.634377 
vn -0.473289 -0.594459 -0.650089 
vn -0.454406 -0.592292 -0.665361 
vn -0.435199 -0.589874 -0.680184 
vn -0.415679 -0.587207 -0.69455 
vn -0.395859 -0.584293 -0.708448 
vn -0.37575 -0.581133 -0.72187 
vn -0.355366 -0.577729 -0.734809 
vn -0.334719 -0.574085 -0.747255 
vn -0.313822 -0.570201 -0.759202 
vn -0.292687 -0.56608 -0.770641 
vn -0.815614 -0.556591 -0.158054 
vn -0.809758 -0.56608 -0.15442 
vn -0.816808 -0.561725 -0.131489 
vn -0.807999 -0.560721 -0.18091 
vn -0.799843 -0.564615 -0.203619 
vn -0.79115 -0.568268 -0.226169 
vn -0.781926 -0.57168 -0.248544 
vn -0.772175 -0.574848 -0.270732 
vn -0.761905 -0.577769 -0.292718 
vn -0.751121 -0.580442 -0.314489 
vn -0.739831 -0.582866 -0.336031 
vn -0.728041 -0.585039 -0.35733 
vn -0.715759 -0.58696 -0.378375 
vn -0.702992 -0.588626 -0.39915 
vn -0.689749 -0.590038 -0.419644 
vn -0.676037 -0.591195 -0.439844 
vn -0.661864 -0.592095 -0.459738 
vn -0.647241 -0.592739 -0.479312 
vn -0.632176 -0.593125 -0.498555 
vn -0.616678 -0.593254 -0.517454 
vn -0.600757 -0.593125 -0.535999 
vn -0.584422 -0.592739 -0.554177 
vn -0.567685 -0.592095 -0.571977 
vn -0.550555 -0.591195 -0.589388 
vn -0.533043 -0.590038 -0.606399 
vn -0.51516 -0.588626 -0.623001 
vn -0.496917 -0.58696 -0.639181 
vn -0.478325 -0.585039 -0.654931 
vn -0.459396 -0.582866 -0.67024 
vn -0.440142 -0.580442 -0.6851 
vn -0.420574 -0.577769 -0.6995 
vn -0.400706 -0.574848 -0.713432 
vn -0.380548 -0.57168 -0.726887 
vn -0.360114 -0.568268 -0.739857 
vn -0.339417 -0.564615 -0.752334 
vn -0.318469 -0.560721 -0.76431 
vn -0.297283 -0.556591 -0.775777 
vn -0.275873 -0.552225 -0.786728 
vn -0.271329 -0.561725 -0.781566 
vn -0.821445 -0.546876 -0.161723 
vn -0.822681 -0.552225 -0.135068 
vn -0.813814 -0.551016 -0.184631 
vn -0.805638 -0.554919 -0.207393 
vn -0.796925 -0.558581 -0.229995 
vn -0.787679 -0.562 -0.252423 
vn -0.777906 -0.565175 -0.274662 
vn -0.767612 -0.568103 -0.2967 
vn -0.756803 -0.570783 -0.318521 
vn -0.745487 -0.573213 -0.340113 
vn -0.733669 -0.57539 -0.361463 
vn -0.721359 -0.577315 -0.382556 
vn -0.708562 -0.578986 -0.40338 
vn -0.695288 -0.580401 -0.423922 
vn -0.681543 -0.581561 -0.444169 
vn -0.667338 -0.582463 -0.464108 
vn -0.652681 -0.583108 -0.483728 
vn -0.637581 -0.583495 -0.503015 
vn -0.622046 -0.583624 -0.521959 
vn -0.606088 -0.583495 -0.540547 
vn -0.589716 -0.583108 -0.558767 
vn -0.572939 -0.582463 -0.576608 
vn -0.55577 -0.581561 -0.59406 
vn -0.538217 -0.580401 -0.611111 
vn -0.520292 -0.578986 -0.627751 
vn -0.502006 -0.577315 -0.643969 
vn -0.483371 -0.57539 -0.659756 
vn -0.464399 -0.573213 -0.675101 
vn -0.4451 -0.570783 -0.689995 
vn -0.425487 -0.568103 -0.704429 
vn -0.405572 -0.565175 -0.718393 
vn -0.385367 -0.562 -0.73188 
vn -0.364886 -0.558581 -0.74488 
vn -0.34414 -0.554919 -0.757386 
vn -0.323143 -0.551016 -0.769389 
vn -0.301908 -0.546876 -0.780883 
vn -0.280448 -0.5425 -0.79186 
vn -0.827248 -0.536931 -0.165424 
vn -0.828529 -0.5425 -0.138682 
vn -0.819599 -0.541081 -0.188383 
vn -0.811406 -0.544992 -0.211196 
vn -0.802674 -0.548662 -0.233848 
vn -0.793407 -0.552089 -0.256325 
vn -0.783612 -0.555271 -0.278614 
vn -0.773295 -0.558206 -0.3007 
vn -0.762463 -0.560891 -0.32257 
vn -0.751121 -0.563326 -0.34421 
vn -0.739278 -0.565509 -0.365606 
vn -0.72694 -0.567438 -0.386746 
vn -0.714115 -0.569112 -0.407616 
vn -0.700811 -0.570531 -0.428203 
vn -0.687037 -0.571693 -0.448495 
vn -0.6728 -0.572597 -0.468479 
vn -0.65811 -0.573244 -0.488142 
vn -0.642976 -0.573632 -0.507472 
vn -0.627408 -0.573761 -0.526458 
vn -0.611414 -0.573632 -0.545087 
vn -0.595006 -0.573244 -0.563347 
vn -0.578192 -0.572597 -0.581228 
vn -0.560984 -0.571693 -0.598719 
vn -0.543393 -0.570531 -0.615807 
vn -0.525428 -0.569112 -0.632484 
vn -0.507102 -0.567438 -0.648738 
vn -0.488426 -0.565509 -0.66456 
vn -0.469411 -0.563326 -0.679939 
vn -0.450069 -0.560891 -0.694866 
vn -0.430413 -0.558206 -0.709331 
vn -0.410454 -0.555271 -0.723327 
vn -0.390205 -0.552089 -0.736843 
vn -0.369678 -0.548662 -0.749872 
vn -0.348887 -0.544992 -0.762405 
vn -0.327843 -0.541081 -0.774436 
vn -0.306561 -0.536931 -0.785955 
vn -0.285053 -0.532546 -0.796956 
vn -0.833016 -0.526754 -0.169158 
vn -0.834348 -0.532546 -0.142333 
vn -0.825352 -0.530912 -0.192165 
vn -0.817141 -0.534831 -0.215025 
vn -0.80839 -0.538509 -0.237725 
vn -0.799104 -0.541943 -0.260249 
vn -0.789289 -0.545132 -0.282584 
vn -0.778951 -0.548073 -0.304717 
vn -0.768095 -0.550764 -0.326632 
vn -0.75673 -0.553204 -0.348317 
vn -0.744862 -0.555391 -0.369759 
vn -0.732498 -0.557324 -0.390943 
vn -0.719646 -0.559002 -0.411857 
vn -0.706315 -0.560424 -0.432487 
vn -0.692511 -0.561588 -0.452821 
vn -0.678245 -0.562494 -0.472847 
vn -0.663525 -0.563142 -0.492551 
vn -0.648359 -0.563531 -0.511922 
vn -0.632758 -0.56366 -0.530947 
vn -0.616731 -0.563531 -0.549615 
vn -0.600288 -0.563142 -0.567914 
vn -0.583439 -0.562494 -0.585832 
vn -0.566195 -0.561588 -0.603359 
vn -0.548567 -0.560424 -0.620484 
vn -0.530565 -0.559002 -0.637195 
vn -0.5122 -0.557324 -0.653483 
vn -0.493485 -0.555391 -0.669338 
vn -0.47443 -0.553204 -0.684749 
vn -0.455048 -0.550764 -0.699707 
vn -0.435351 -0.548073 -0.714203 
vn -0.41535 -0.545132 -0.728228 
vn -0.395058 -0.541943 -0.741772 
vn -0.374489 -0.538509 -0.754829 
vn -0.353654 -0.534831 -0.767388 
vn -0.332566 -0.530912 -0.779444 
vn -0.31124 -0.526754 -0.790987 
vn -0.289687 -0.522359 -0.802012 
vn -0.838744 -0.516339 -0.172922 
vn -0.840131 -0.522359 -0.146018 
vn -0.831065 -0.520505 -0.195975 
vn -0.822838 -0.524432 -0.21888 
vn -0.81407 -0.528117 -0.241624 
vn -0.804766 -0.531558 -0.264193 
vn -0.794931 -0.534753 -0.286572 
vn -0.784572 -0.5377 -0.308748 
vn -0.773696 -0.540396 -0.330706 
vn -0.762308 -0.542841 -0.352434 
vn -0.750416 -0.545033 -0.373918 
vn -0.738028 -0.54697 -0.395143 
vn -0.725151 -0.548651 -0.416098 
vn -0.711793 -0.550075 -0.436769 
vn -0.697963 -0.551242 -0.457144 
vn -0.683669 -0.55215 -0.477208 
vn -0.668919 -0.552799 -0.496951 
vn -0.653724 -0.553188 -0.51636 
vn -0.638092 -0.553318 -0.535423 
vn -0.622034 -0.553188 -0.554127 
vn -0.605558 -0.552799 -0.572462 
vn -0.588676 -0.55215 -0.590416 
vn -0.571399 -0.551242 -0.607977 
vn -0.553736 -0.550075 -0.625136 
vn -0.535698 -0.548651 -0.64188 
vn -0.517298 -0.54697 -0.6582 
vn -0.498545 -0.545033 -0.674086 
vn -0.479453 -0.542841 -0.689527 
vn -0.460033 -0.540396 -0.704515 
vn -0.440297 -0.5377 -0.719039 
vn -0.420257 -0.534753 -0.733092 
vn -0.399925 -0.531558 -0.746663 
vn -0.379315 -0.528117 -0.759745 
vn -0.358439 -0.524432 -0.772329 
vn -0.33731 -0.520505 -0.784408 
vn -0.315942 -0.516339 -0.795974 
vn -0.294347 -0.511936 -0.80702 
vn -0.851567 -0.501273 -0.153489 
vn -0.845873 -0.511936 -0.149737 
vn -0.852445 -0.507299 -0.126434 
vn -0.844426 -0.505684 -0.176717 
vn -0.836732 -0.509858 -0.199811 
vn -0.82849 -0.513792 -0.222759 
vn -0.819706 -0.517484 -0.245545 
vn -0.810385 -0.520931 -0.268155 
vn -0.800532 -0.524132 -0.290575 
vn -0.790155 -0.527084 -0.312791 
vn -0.779258 -0.529785 -0.33479 
vn -0.76785 -0.532235 -0.356558 
vn -0.755936 -0.53443 -0.37808 
vn -0.743525 -0.536371 -0.399345 
vn -0.730625 -0.538055 -0.420338 
vn -0.717242 -0.539482 -0.441047 
vn -0.703387 -0.540651 -0.461459 
vn -0.689066 -0.54156 -0.481561 
vn -0.674289 -0.54221 -0.50134 
vn -0.659066 -0.542601 -0.520784 
vn -0.643406 -0.542731 -0.539882 
vn -0.627318 -0.542601 -0.55862 
vn -0.610812 -0.54221 -0.576989 
vn -0.5939 -0.54156 -0.594975 
vn -0.57659 -0.540651 -0.612569 
vn -0.558895 -0.539482 -0.629759 
vn -0.540824 -0.538055 -0.646534 
vn -0.52239 -0.536371 -0.662884 
vn -0.503603 -0.53443 -0.678799 
vn -0.484476 -0.532235 -0.694269 
vn -0.46502 -0.529785 -0.709284 
vn -0.445248 -0.527084 -0.723835 
vn -0.425171 -0.524132 -0.737913 
vn -0.404803 -0.520931 -0.751509 
vn -0.384155 -0.517484 -0.764615 
vn -0.36324 -0.513792 -0.777222 
vn -0.342073 -0.509858 -0.789323 
vn -0.320665 -0.505684 -0.800911 
vn -0.29903 -0.501273 -0.811977 
vn -0.277182 -0.496627 -0.822515 
vn -0.272539 -0.507299 -0.81754 
vn -0.857208 -0.490367 -0.157272 
vn -0.858152 -0.496627 -0.130143 
vn -0.850055 -0.494785 -0.180539 
vn -0.842348 -0.498966 -0.203673 
vn -0.834092 -0.502907 -0.226659 
vn -0.825293 -0.506605 -0.249484 
vn -0.815956 -0.510059 -0.272132 
vn -0.806087 -0.513265 -0.29459 
vn -0.795692 -0.516222 -0.316844 
vn -0.784777 -0.518928 -0.33888 
vn -0.773349 -0.521381 -0.360685 
vn -0.761415 -0.52358 -0.382244 
vn -0.748983 -0.525524 -0.403545 
vn -0.736061 -0.527211 -0.424574 
vn -0.722656 -0.528641 -0.445318 
vn -0.708777 -0.529811 -0.465764 
vn -0.694432 -0.530722 -0.485899 
vn -0.67963 -0.531374 -0.505712 
vn -0.664381 -0.531765 -0.525189 
vn -0.648694 -0.531895 -0.544319 
vn -0.632579 -0.531765 -0.56309 
vn -0.616046 -0.531374 -0.581489 
vn -0.599104 -0.530722 -0.599506 
vn -0.581765 -0.529811 -0.61713 
vn -0.56404 -0.528641 -0.634348 
vn -0.545939 -0.527211 -0.651152 
vn -0.527474 -0.525524 -0.66753 
vn -0.508655 -0.52358 -0.683472 
vn -0.489496 -0.521381 -0.698968 
vn -0.470007 -0.518928 -0.714008 
vn -0.450201 -0.516222 -0.728584 
vn -0.43009 -0.513265 -0.742686 
vn -0.409687 -0.510059 -0.756305 
vn -0.389004 -0.506605 -0.769433 
vn -0.368054 -0.502907 -0.782062 
vn -0.346851 -0.498966 -0.794183 
vn -0.325407 -0.494785 -0.80579 
vn -0.303736 -0.490367 -0.816875 
vn -0.281851 -0.485713 -0.827432 
vn -0.862789 -0.479215 -0.161086 
vn -0.863804 -0.485713 -0.133887 
vn -0.855624 -0.48364 -0.184389 
vn -0.847906 -0.487828 -0.207558 
vn -0.839637 -0.491775 -0.23058 
vn -0.830825 -0.495478 -0.25344 
vn -0.821473 -0.498937 -0.276123 
vn -0.811589 -0.502148 -0.298616 
vn -0.801177 -0.50511 -0.320904 
vn -0.790245 -0.50782 -0.342975 
vn -0.7788 -0.510277 -0.364813 
vn -0.766848 -0.51248 -0.386405 
vn -0.754397 -0.514427 -0.407739 
vn -0.741454 -0.516116 -0.4288 
vn -0.728028 -0.517548 -0.449576 
vn -0.714128 -0.51872 -0.470054 
vn -0.699761 -0.519633 -0.490221 
vn -0.684936 -0.520285 -0.510064 
vn -0.669664 -0.520677 -0.529572 
vn -0.653952 -0.520807 -0.548731 
vn -0.637812 -0.520677 -0.567531 
vn -0.621253 -0.520285 -0.585959 
vn -0.604286 -0.519633 -0.604004 
vn -0.58692 -0.51872 -0.621654 
vn -0.569167 -0.517548 -0.6389 
vn -0.551038 -0.516116 -0.655729 
vn -0.532544 -0.514427 -0.672132 
vn -0.513697 -0.51248 -0.688099 
vn -0.494508 -0.510277 -0.703619 
vn -0.474989 -0.50782 -0.718683 
vn -0.455152 -0.50511 -0.733281 
vn -0.43501 -0.502148 -0.747405 
vn -0.414575 -0.498937 -0.761045 
vn -0.393861 -0.495478 -0.774193 
vn -0.372878 -0.491775 -0.786841 
vn -0.351642 -0.487828 -0.798982 
vn -0.330165 -0.48364 -0.810607 
vn -0.30846 -0.479215 -0.821709 
vn -0.286541 -0.474554 -0.832282 
vn -0.868302 -0.467814 -0.164928 
vn -0.869395 -0.474554 -0.137664 
vn -0.861128 -0.472246 -0.188263 
vn -0.853398 -0.476439 -0.211465 
vn -0.845118 -0.480391 -0.234519 
vn -0.836293 -0.4841 -0.25741 
vn -0.826929 -0.487564 -0.280125 
vn -0.817031 -0.490779 -0.302649 
vn -0.806605 -0.493745 -0.324969 
vn -0.795658 -0.496459 -0.34707 
vn -0.784196 -0.49892 -0.368939 
vn -0.772227 -0.501125 -0.390561 
vn -0.759759 -0.503075 -0.411925 
vn -0.746799 -0.504767 -0.433015 
vn -0.733354 -0.5062 -0.45382 
vn -0.719434 -0.507375 -0.474327 
vn -0.705047 -0.508288 -0.494522 
vn -0.690202 -0.508942 -0.514393 
vn -0.674908 -0.509334 -0.533927 
vn -0.659175 -0.509464 -0.553113 
vn -0.643012 -0.509334 -0.571939 
vn -0.62643 -0.508942 -0.590393 
vn -0.609439 -0.508288 -0.608463 
vn -0.592049 -0.507375 -0.626138 
vn -0.574271 -0.5062 -0.643408 
vn -0.556117 -0.504767 -0.660261 
vn -0.537597 -0.503075 -0.676687 
vn -0.518724 -0.501125 -0.692675 
vn -0.499508 -0.49892 -0.708217 
vn -0.479962 -0.496459 -0.723302 
vn -0.460097 -0.493745 -0.73792 
vn -0.439927 -0.490779 -0.752064 
vn -0.419464 -0.487564 -0.765723 
vn -0.39872 -0.4841 -0.778889 
vn -0.377709 -0.480391 -0.791555 
vn -0.356443 -0.476439 -0.803713 
vn -0.334936 -0.472246 -0.815354 
vn -0.313201 -0.467814 -0.826472 
vn -0.291252 -0.463147 -0.837059 
vn -0.873741 -0.456162 -0.168796 
vn -0.874917 -0.463147 -0.141473 
vn -0.866558 -0.460599 -0.192161 
vn -0.858819 -0.464797 -0.215391 
vn -0.850529 -0.468755 -0.238473 
vn -0.841693 -0.472468 -0.261393 
vn -0.832317 -0.475936 -0.284136 
vn -0.822406 -0.479156 -0.306688 
vn -0.811968 -0.482125 -0.329035 
vn -0.801007 -0.484842 -0.351163 
vn -0.789531 -0.487306 -0.373059 
vn -0.777548 -0.489514 -0.394708 
vn -0.765064 -0.491466 -0.416098 
vn -0.752088 -0.49316 -0.437215 
vn -0.738627 -0.494596 -0.458045 
vn -0.724689 -0.495771 -0.478577 
vn -0.710285 -0.496686 -0.498797 
vn -0.695421 -0.49734 -0.518692 
vn -0.680109 -0.497733 -0.538251 
vn -0.664356 -0.497864 -0.557461 
vn -0.648173 -0.497733 -0.57631 
vn -0.631571 -0.49734 -0.594786 
vn -0.614559 -0.496686 -0.612879 
vn -0.597147 -0.495771 -0.630576 
vn -0.579348 -0.494596 -0.647867 
vn -0.561171 -0.49316 -0.66474 
vn -0.542629 -0.491466 -0.681186 
vn -0.523732 -0.489514 -0.697195 
vn -0.504492 -0.487306 -0.712756 
vn -0.484922 -0.484842 -0.727859 
vn -0.465033 -0.482125 -0.742496 
vn -0.444838 -0.479156 -0.756656 
vn -0.42435 -0.475936 -0.770333 
vn -0.40358 -0.472468 -0.783515 
vn -0.382543 -0.468755 -0.796197 
vn -0.361251 -0.464797 -0.808369 
vn -0.339718 -0.460599 -0.820025 
vn -0.317956 -0.456162 -0.831156 
vn -0.295979 -0.451489 -0.841757 
vn -0.885729 -0.439578 -0.149182 
vn -0.880365 -0.451489 -0.145313 
vn -0.886424 -0.446583 -0.121725 
vn -0.879099 -0.444256 -0.17269 
vn -0.871908 -0.448698 -0.19608 
vn -0.86416 -0.452901 -0.219335 
vn -0.855861 -0.456863 -0.242442 
vn -0.847016 -0.46058 -0.265386 
vn -0.83763 -0.464052 -0.288153 
vn -0.827709 -0.467274 -0.310729 
vn -0.817259 -0.470247 -0.3331 
vn -0.806287 -0.472967 -0.355252 
vn -0.794799 -0.475434 -0.377171 
vn -0.782803 -0.477644 -0.398843 
vn -0.770306 -0.479598 -0.420255 
vn -0.757315 -0.481294 -0.441395 
vn -0.74384 -0.482731 -0.462248 
vn -0.729888 -0.483908 -0.482801 
vn -0.715468 -0.484824 -0.503042 
vn -0.700588 -0.485479 -0.522959 
vn -0.685259 -0.485872 -0.542539 
vn -0.66949 -0.486003 -0.561769 
vn -0.65329 -0.485872 -0.580638 
vn -0.63667 -0.485479 -0.599134 
vn -0.61964 -0.484824 -0.617246 
vn -0.60221 -0.483908 -0.634962 
vn -0.584391 -0.482731 -0.652271 
vn -0.566195 -0.481294 -0.669163 
vn -0.547633 -0.479598 -0.685626 
vn -0.528716 -0.477644 -0.701652 
vn -0.509456 -0.475434 -0.717229 
vn -0.489865 -0.472967 -0.732349 
vn -0.469955 -0.470247 -0.747001 
vn -0.449738 -0.467274 -0.761177 
vn -0.429228 -0.464052 -0.774867 
vn -0.408437 -0.46058 -0.788064 
vn -0.387377 -0.456863 -0.800759 
vn -0.366062 -0.452901 -0.812945 
vn -0.344506 -0.448698 -0.824612 
vn -0.322721 -0.444256 -0.835756 
vn -0.300721 -0.439578 -0.846367 
vn -0.27852 -0.434667 -0.856441 
vn -0.273801 -0.446583 -0.851819 
vn -0.891002 -0.427413 -0.153078 
vn -0.891794 -0.434667 -0.125569 
vn -0.884366 -0.432095 -0.176608 
vn -0.877169 -0.436541 -0.200018 
vn -0.869414 -0.440748 -0.223294 
vn -0.861108 -0.444713 -0.246421 
vn -0.852255 -0.448434 -0.269386 
vn -0.842861 -0.451908 -0.292173 
vn -0.832931 -0.455134 -0.314769 
vn -0.822471 -0.458109 -0.33716 
vn -0.811489 -0.460832 -0.359331 
vn -0.799991 -0.4633 -0.38127 
vn -0.787984 -0.465513 -0.402961 
vn -0.775476 -0.467469 -0.424393 
vn -0.762474 -0.469166 -0.445551 
vn -0.748987 -0.470604 -0.466422 
vn -0.735023 -0.471782 -0.486994 
vn -0.72059 -0.472699 -0.507254 
vn -0.705697 -0.473354 -0.527188 
vn -0.690354 -0.473748 -0.546785 
vn -0.674571 -0.473879 -0.566032 
vn -0.658357 -0.473748 -0.584918 
vn -0.641722 -0.473354 -0.603431 
vn -0.624676 -0.472699 -0.621559 
vn -0.607231 -0.471782 -0.63929 
vn -0.589397 -0.470604 -0.656615 
vn -0.571184 -0.469166 -0.673522 
vn -0.552606 -0.467469 -0.69 
vn -0.533672 -0.465513 -0.70604 
vn -0.514394 -0.4633 -0.721631 
vn -0.494786 -0.460832 -0.736764 
vn -0.474858 -0.458109 -0.751429 
vn -0.454624 -0.455134 -0.765618 
vn -0.434095 -0.451908 -0.77932 
vn -0.413285 -0.448434 -0.792529 
vn -0.392207 -0.444713 -0.805235 
vn -0.370873 -0.440748 -0.817431 
vn -0.349298 -0.436541 -0.82911 
vn -0.327493 -0.432095 -0.840263 
vn -0.305474 -0.427413 -0.850884 
vn -0.283253 -0.422498 -0.860967 
vn -0.896177 -0.414992 -0.157 
vn -0.897073 -0.422498 -0.129444 
vn -0.889536 -0.419677 -0.180546 
vn -0.882333 -0.424126 -0.203973 
vn -0.874574 -0.428336 -0.227265 
vn -0.866261 -0.432304 -0.250409 
vn -0.857402 -0.436027 -0.273389 
vn -0.848001 -0.439504 -0.296193 
vn -0.838064 -0.442732 -0.318805 
vn -0.827597 -0.44571 -0.341212 
vn -0.816608 -0.448434 -0.363399 
vn -0.805102 -0.450904 -0.385353 
vn -0.793086 -0.453119 -0.40706 
vn -0.780569 -0.455076 -0.428507 
vn -0.767558 -0.456775 -0.44968 
vn -0.754061 -0.458214 -0.470566 
vn -0.740087 -0.459392 -0.491152 
vn -0.725644 -0.46031 -0.511426 
vn -0.710741 -0.460966 -0.531374 
vn -0.695387 -0.461359 -0.550985 
vn -0.679593 -0.46149 -0.570246 
vn -0.663367 -0.461359 -0.589145 
vn -0.64672 -0.460966 -0.607671 
vn -0.629663 -0.46031 -0.625811 
vn -0.612205 -0.459392 -0.643556 
vn -0.594358 -0.458214 -0.660892 
vn -0.576133 -0.456775 -0.677811 
vn -0.557541 -0.455076 -0.694301 
vn -0.538594 -0.453119 -0.710352 
vn -0.519303 -0.450904 -0.725954 
vn -0.49968 -0.448434 -0.741098 
vn -0.479739 -0.44571 -0.755774 
vn -0.45949 -0.442732 -0.769972 
vn -0.438947 -0.439504 -0.783685 
vn -0.418122 -0.436027 -0.796903 
vn -0.397029 -0.432304 -0.809618 
vn -0.37568 -0.428336 -0.821823 
vn -0.354089 -0.424126 -0.833509 
vn -0.332269 -0.419677 -0.84467 
vn -0.310234 -0.414992 -0.855299 
vn -0.287998 -0.410073 -0.865389 
vn -0.901244 -0.402313 -0.160945 
vn -0.902252 -0.410073 -0.133349 
vn -0.8946 -0.407001 -0.184504 
vn -0.887393 -0.411452 -0.207942 
vn -0.87963 -0.415664 -0.231246 
vn -0.871313 -0.419634 -0.254402 
vn -0.862449 -0.42336 -0.277395 
vn -0.853043 -0.426838 -0.30021 
vn -0.843101 -0.430068 -0.322834 
vn -0.832629 -0.433047 -0.345252 
vn -0.821634 -0.435773 -0.36745 
vn -0.810122 -0.438244 -0.389416 
vn -0.7981 -0.44046 -0.411134 
vn -0.785577 -0.442418 -0.432592 
vn -0.772559 -0.444117 -0.453776 
vn -0.759055 -0.445557 -0.474673 
vn -0.745074 -0.446737 -0.495269 
vn -0.730623 -0.447655 -0.515554 
vn -0.715712 -0.448311 -0.535512 
vn -0.700351 -0.448704 -0.555133 
vn -0.684548 -0.448836 -0.574404 
vn -0.668314 -0.448704 -0.593313 
vn -0.651659 -0.448311 -0.611848 
vn -0.634593 -0.447655 -0.629998 
vn -0.617126 -0.446737 -0.647752 
vn -0.59927 -0.445557 -0.665097 
vn -0.581035 -0.444117 -0.682025 
vn -0.562434 -0.442418 -0.698523 
vn -0.543477 -0.44046 -0.714583 
vn -0.524176 -0.438244 -0.730193 
vn -0.504543 -0.435773 -0.745344 
vn -0.484591 -0.433047 -0.760027 
vn -0.464332 -0.430068 -0.774233 
vn -0.443779 -0.426838 -0.787953 
vn -0.422943 -0.42336 -0.801178 
vn -0.401839 -0.419634 -0.8139 
vn -0.380479 -0.415664 -0.826111 
vn -0.358877 -0.411452 -0.837803 
vn -0.337046 -0.407001 -0.84897 
vn -0.315 -0.402313 -0.859604 
vn -0.292751 -0.397392 -0.869699 
vn -0.917785 -0.3793 -0.11748 
vn -0.912275 -0.384454 -0.141241 
vn -0.907322 -0.397392 -0.137282 
vn -0.906195 -0.389377 -0.164912 
vn -0.899549 -0.394066 -0.188477 
vn -0.89234 -0.398519 -0.211923 
vn -0.884574 -0.402732 -0.235235 
vn -0.876255 -0.406703 -0.258398 
vn -0.867388 -0.41043 -0.281398 
vn -0.857979 -0.41391 -0.30422 
vn -0.848034 -0.41714 -0.326851 
vn -0.837559 -0.42012 -0.349277 
vn -0.82656 -0.422847 -0.371482 
vn -0.815044 -0.425319 -0.393454 
vn -0.803019 -0.427536 -0.415179 
vn -0.790491 -0.429494 -0.436644 
vn -0.77747 -0.431194 -0.457835 
vn -0.763961 -0.432635 -0.478738 
vn -0.749975 -0.433814 -0.499342 
vn -0.73552 -0.434733 -0.519632 
vn -0.720605 -0.435389 -0.539597 
vn -0.705239 -0.435783 -0.559224 
vn -0.689431 -0.435914 -0.578501 
vn -0.673192 -0.435783 -0.597416 
vn -0.656531 -0.435389 -0.615957 
vn -0.639459 -0.434733 -0.634113 
vn -0.621987 -0.433814 -0.651872 
vn -0.604126 -0.432635 -0.669223 
vn -0.585885 -0.431194 -0.686156 
vn -0.567278 -0.429494 -0.70266 
vn -0.548315 -0.427536 -0.718724 
vn -0.529008 -0.425319 -0.734339 
vn -0.509369 -0.422847 -0.749495 
vn -0.489411 -0.42012 -0.764183 
vn -0.469145 -0.41714 -0.778394 
vn -0.448585 -0.41391 -0.792117 
vn -0.427743 -0.41043 -0.805346 
vn -0.406633 -0.406703 -0.818072 
vn -0.385266 -0.402732 -0.830287 
vn -0.363657 -0.398519 -0.841983 
vn -0.341819 -0.394066 -0.853154 
vn -0.319766 -0.389377 -0.863791 
vn -0.29751 -0.384454 -0.873889 
vn -0.275067 -0.3793 -0.883442 
vn -0.270315 -0.39224 -0.879248 
vn -0.91714 -0.371152 -0.145256 
vn -0.91106 -0.376076 -0.168929 
vn -0.904413 -0.380766 -0.192497 
vn -0.897203 -0.385219 -0.215946 
vn -0.889436 -0.389433 -0.23926 
vn -0.881116 -0.393404 -0.262426 
vn -0.872249 -0.397131 -0.285428 
vn -0.862839 -0.400611 -0.308253 
vn -0.852892 -0.403843 -0.330886 
vn -0.842416 -0.406823 -0.353314 
vn -0.831416 -0.40955 -0.375522 
vn -0.819899 -0.412022 -0.397496 
vn -0.807872 -0.414239 -0.419224 
vn -0.795343 -0.416198 -0.440691 
vn -0.78232 -0.417898 -0.461884 
vn -0.768811 -0.419338 -0.482789 
vn -0.754823 -0.420518 -0.503395 
vn -0.740366 -0.421437 -0.523688 
vn -0.725449 -0.422093 -0.543655 
vn -0.710081 -0.422487 -0.563284 
vn -0.694272 -0.422618 -0.582563 
vn -0.678031 -0.422487 -0.60148 
vn -0.661369 -0.422093 -0.620023 
vn -0.644295 -0.421437 -0.638181 
vn -0.626821 -0.420518 -0.655942 
vn -0.608957 -0.419338 -0.673295 
vn -0.590715 -0.417898 -0.69023 
vn -0.572106 -0.416198 -0.706735 
vn -0.55314 -0.414239 -0.722801 
vn -0.533831 -0.412022 -0.738418 
vn -0.514191 -0.40955 -0.753576 
vn -0.49423 -0.406823 -0.768266 
vn -0.473963 -0.403843 -0.782477 
vn -0.4534 -0.400611 -0.796203 
vn -0.432556 -0.397131 -0.809433 
vn -0.411443 -0.393404 -0.82216 
vn -0.390074 -0.389433 -0.834377 
vn -0.368463 -0.385219 -0.846074 
vn -0.346622 -0.380766 -0.857246 
vn -0.324567 -0.376076 -0.867884 
vn -0.302309 -0.371152 -0.877984 
vn -0.279863 -0.365998 -0.887537 
vn -0.269156 -0.395701 -0.878052 
vn -0.269773 -0.40543 -0.873412 
vn -0.26904 -0.395674 -0.8781 
vn -0.270315 -0.415033 -0.868722 
vn -0.269799 -0.405908 -0.873182 
vn -0.270783 -0.424509 -0.863984 
vn -0.270537 -0.419601 -0.866455 
vn -0.27122 -0.434862 -0.858682 
vn -0.27157 -0.445002 -0.85336 
vn -0.271138 -0.432993 -0.859652 
vn -0.271837 -0.454934 -0.848021 
vn -0.271747 -0.451707 -0.849773 
vn -0.272026 -0.464661 -0.84267 
vn -0.27191 -0.458878 -0.84587 
vn -0.27214 -0.474187 -0.837309 
vn -0.272183 -0.483516 -0.831943 
vn -0.272103 -0.471381 -0.838904 
vn -0.272182 -0.483598 -0.831896 
vn -0.272157 -0.492653 -0.826573 
vn -0.272067 -0.5016 -0.821205 
vn -0.272125 -0.495525 -0.824865 
vn -0.271914 -0.510362 -0.815839 
vn -0.271942 -0.508657 -0.816894 
vn -0.271703 -0.518942 -0.81048 
vn -0.271435 -0.527344 -0.805128 
vn -0.271712 -0.51855 -0.810727 
vn -0.271113 -0.535572 -0.799788 
vn -0.271342 -0.529652 -0.803643 
vn -0.27074 -0.543629 -0.79446 
vn -0.270883 -0.540489 -0.796551 
vn -0.270318 -0.55152 -0.789148 
vn -0.26985 -0.559247 -0.783852 
vn -0.270342 -0.551067 -0.789456 
vn -0.269337 -0.566814 -0.778575 
vn -0.269412 -0.565687 -0.779368 
vn -0.268781 -0.574225 -0.773319 
vn -0.268987 -0.571455 -0.775297 
vn -0.268185 -0.581483 -0.768084 
vn -0.26755 -0.588592 -0.762873 
vn -0.268202 -0.581279 -0.768233 
vn -0.266878 -0.595555 -0.757687 
vn -0.267329 -0.59086 -0.761196 
vn -0.266171 -0.602375 -0.752527 
vn -0.26543 -0.609056 -0.747394 
vn -0.266394 -0.600207 -0.754179 
vn -0.264656 -0.615601 -0.742289 
vn -0.265398 -0.609324 -0.747187 
vn -0.264326 -0.618213 -0.740232 
vn -0.263851 -0.622012 -0.737214 
vn -0.263827 -0.622191 -0.737071 
vn -0.263507 -0.624645 -0.735107 
vn -0.262584 -0.631416 -0.729632 
vn -0.2632 -0.626884 -0.73331 
vn -0.261629 -0.638027 -0.724204 
vn -0.262015 -0.635339 -0.726425 
vn -0.260645 -0.644483 -0.718822 
vn -0.259631 -0.650789 -0.713488 
vn -0.260781 -0.643584 -0.719578 
vn -0.259489 -0.651624 -0.712777 
vn -0.258591 -0.656949 -0.708201 
vn -0.257523 -0.662967 -0.702963 
vn -0.258143 -0.659463 -0.706024 
vn -0.256431 -0.668847 -0.697772 
vn -0.256752 -0.667108 -0.699317 
vn -0.255319 -0.674564 -0.692658 
vn -0.255314 -0.674594 -0.692631 
vn -0.254653 -0.677839 -0.6897 
vn -0.254173 -0.680212 -0.687538 
vn -0.253008 -0.685703 -0.682494 
vn -0.253828 -0.681832 -0.686059 
vn -0.251822 -0.691073 -0.677499 
vn -0.252296 -0.688921 -0.679511 
vn -0.250613 -0.696324 -0.672553 
vn -0.249381 -0.70146 -0.667655 
vn -0.250725 -0.695834 -0.673017 
vn -0.249102 -0.702575 -0.666586 
vn -0.248128 -0.706484 -0.662807 
vn -0.246853 -0.7114 -0.658008 
vn -0.247435 -0.709149 -0.660214 
vn -0.245556 -0.71621 -0.653257 
vn -0.244236 -0.720919 -0.648556 
vn -0.24573 -0.715562 -0.653902 
vn -0.242893 -0.725528 -0.643904 
vn -0.243974 -0.721816 -0.647656 
vn -0.242169 -0.727915 -0.641478 
vn -0.241526 -0.73004 -0.639301 
vn -0.240886 -0.732095 -0.63719 
vn -0.240489 -0.733329 -0.63592 
vn -0.239397 -0.736734 -0.632386 
vn -0.240317 -0.733865 -0.635366 
vn -0.23788 -0.741267 -0.627644 
vn -0.238414 -0.739668 -0.629325 
vn -0.236334 -0.745696 -0.622964 
vn -0.234755 -0.750025 -0.618347 
vn -0.236461 -0.74533 -0.623353 
vn -0.23444 -0.750851 -0.617463 
vn -0.233142 -0.754257 -0.613793 
vn -0.231491 -0.758394 -0.609303 
vn -0.232352 -0.756237 -0.611652 
vn -0.229799 -0.76244 -0.604879 
vn -0.228061 -0.766396 -0.600521 
vn -0.230196 -0.76149 -0.605923 
vn -0.22796 -0.766614 -0.600281 
vn -0.22627 -0.770266 -0.596232 
vn -0.224421 -0.77405 -0.592015 
vn -0.225615 -0.771607 -0.594744 
vn -0.222505 -0.777751 -0.587873 
vn -0.223166 -0.776475 -0.589307 
vn -0.220512 -0.781371 -0.58381 
vn -0.218429 -0.784909 -0.579833 
vn -0.220596 -0.781219 -0.583981 
vn -0.216241 -0.788366 -0.57595 
vn -0.217845 -0.785834 -0.578799 
vn -0.213928 -0.791743 -0.57217 
vn -0.214904 -0.790322 -0.573767 
vn -0.211464 -0.795037 -0.568506 
vn -0.211732 -0.79468 -0.568905 
vn -0.594694 -0.796582 -0.108606 
vn -0.596589 -0.795037 -0.109532 
vn -0.597029 -0.79468 -0.109726 
vn -0.600625 -0.791743 -0.111322 
vn -0.602367 -0.790322 -0.112005 
vn -0.60475 -0.788366 -0.112943 
vn -0.608954 -0.784909 -0.114424 
vn -0.607834 -0.785834 -0.114028 
vn -0.613232 -0.781371 -0.115785 
vn -0.613415 -0.781219 -0.115837 
vn -0.617579 -0.777751 -0.117042 
vn -0.619107 -0.776475 -0.117444 
vn -0.621991 -0.77405 -0.11821 
vn -0.626465 -0.770266 -0.119298 
vn -0.624886 -0.771607 -0.118912 
vn -0.631 -0.766396 -0.120317 
vn -0.635593 -0.76244 -0.121272 
vn -0.630746 -0.766614 -0.120259 
vn -0.636691 -0.76149 -0.121482 
vn -0.640245 -0.758394 -0.12217 
vn -0.644953 -0.754257 -0.123016 
vn -0.642708 -0.756237 -0.12261 
vn -0.649718 -0.750025 -0.123814 
vn -0.648792 -0.750851 -0.123657 
vn -0.654539 -0.745696 -0.124567 
vn -0.654944 -0.74533 -0.124625 
vn -0.659416 -0.741267 -0.125277 
vn -0.661164 -0.739668 -0.125511 
vn -0.664349 -0.736734 -0.125947 
vn -0.668019 -0.733329 -0.12641 
vn -0.667444 -0.733865 -0.126336 
vn -0.669339 -0.732095 -0.12658 
vn -0.67153 -0.73004 -0.126843 
vn -0.673785 -0.727915 -0.127098 
vn -0.6763 -0.725528 -0.12739 
vn -0.681114 -0.720919 -0.127905 
vn -0.680183 -0.721816 -0.127803 
vn -0.685973 -0.71621 -0.128388 
vn -0.686638 -0.715562 -0.128448 
vn -0.690877 -0.7114 -0.128841 
vn -0.695824 -0.706484 -0.129263 
vn -0.693151 -0.709149 -0.129031 
vn -0.700817 -0.70146 -0.129655 
vn -0.699715 -0.702575 -0.129566 
vn -0.705853 -0.696324 -0.130018 
vn -0.70633 -0.695834 -0.130047 
vn -0.710934 -0.691073 -0.130349 
vn -0.712998 -0.688921 -0.130467 
vn -0.71606 -0.685703 -0.130651 
vn -0.721229 -0.680212 -0.130921 
vn -0.723442 -0.677839 -0.131019 
vn -0.719713 -0.681832 -0.130839 
vn -0.726443 -0.674594 -0.131161 
vn -0.726471 -0.674564 -0.131162 
vn -0.7317 -0.668847 -0.131368 
vn -0.733278 -0.667108 -0.131417 
vn -0.737002 -0.662967 -0.131543 
vn -0.742346 -0.656949 -0.131684 
vn -0.740124 -0.659463 -0.131621 
vn -0.747733 -0.650789 -0.131791 
vn -0.747008 -0.651624 -0.131775 
vn -0.753162 -0.644483 -0.131863 
vn -0.75393 -0.643584 -0.131866 
vn -0.758633 -0.638027 -0.131898 
vn -0.760887 -0.635339 -0.131892 
vn -0.764145 -0.631416 -0.131895 
vn -0.769697 -0.624645 -0.131853 
vn -0.771686 -0.622191 -0.131828 
vn -0.767873 -0.626884 -0.131863 
vn -0.771831 -0.622012 -0.131827 
vn -0.774886 -0.618213 -0.13177 
vn -0.776969 -0.615601 -0.131738 
vn -0.782131 -0.609056 -0.131614 
vn -0.787314 -0.602375 -0.131452 
vn -0.781921 -0.609324 -0.131618 
vn -0.78898 -0.600207 -0.131385 
vn -0.792519 -0.595555 -0.131253 
vn -0.797743 -0.588592 -0.131014 
vn -0.796053 -0.59086 -0.131088 
vn -0.802985 -0.581483 -0.130734 
vn -0.803135 -0.581279 -0.130725 
vn -0.808244 -0.574225 -0.130413 
vn -0.813517 -0.566814 -0.130047 
vn -0.814311 -0.565687 -0.129983 
vn -0.810228 -0.571455 -0.130271 
vn -0.818803 -0.559247 -0.129636 
vn -0.81732 -0.561386 -0.129748 
vn -0.824099 -0.55152 -0.129177 
vn -0.824406 -0.551067 -0.129147 
vn -0.829404 -0.543629 -0.12867 
vn -0.831488 -0.540489 -0.128448 
vn -0.834716 -0.535572 -0.128112 
vn -0.840031 -0.527344 -0.127502 
vn -0.838552 -0.529652 -0.127669 
vn -0.845347 -0.518942 -0.126836 
vn -0.850662 -0.510362 -0.126114 
vn -0.851706 -0.508657 -0.125958 
vn -0.845592 -0.51855 -0.126802 
vn -0.852609 -0.507174 -0.125824 
vn -0.855973 -0.5016 -0.125333 
vn -0.861276 -0.492653 -0.12449 
vn -0.859588 -0.495525 -0.124755 
vn -0.866567 -0.483516 -0.123582 
vn -0.871845 -0.474187 -0.122609 
vn -0.866521 -0.483598 -0.12359 
vn -0.873409 -0.471381 -0.122295 
vn -0.877104 -0.464661 -0.121565 
vn -0.882342 -0.454934 -0.12045 
vn -0.884051 -0.451707 -0.120057 
vn -0.880236 -0.458878 -0.120895 
vn -0.887553 -0.445002 -0.119259 
vn -0.886992 -0.446085 -0.119386 
vn -0.892734 -0.434862 -0.117991 
vn -0.893674 -0.432993 -0.117742 
vn -0.897879 -0.424509 -0.11664 
vn -0.90027 -0.419601 -0.115969 
vn -0.902463 -0.415033 -0.115356 
vn -0.91283 -0.39224 -0.113529 
vn -0.911451 -0.395701 -0.112595 
vn -0.906989 -0.40543 -0.114008 
vn -0.906767 -0.405908 -0.114074 
vn -0.911478 -0.395674 -0.112472 
vn -0.210224 -0.796582 -0.5668 
vn -0.269703 -0.561386 -0.782372 
vn -0.271967 -0.507174 -0.817807 
vn -0.271597 -0.446085 -0.852785 
vn -0.922651 -0.365998 -0.121492 
vn 0.903806 0.211309 -0.372132 
vn 0.693797 -0.177742 -0.697893 
vn 0.323744 -0.906308 0.271654 
usemtl 0.647059_0.647059_0.647059_0.000000_0.000000
o mesh0
f 1//1 2//1 3//1 
o mesh1
f 4//2 3//2 2//2 
f 4//2 5//2 6//2 
f 7//2 6//2 8//2 
f 6//2 7//2 4//2 
f 2//2 5//2 4//2 
f 8//2 9//2 7//2 
f 2//2 10//2 5//2 
o mesh2
f 11//3 12//3 13//3 
f 12//3 11//3 14//3 
f 15//3 16//3 17//3 
f 16//3 15//3 18//3 
f 14//3 17//3 12//3 
f 19//3 20//3 21//3 
f 22//3 23//3 24//3 
f 23//3 22//3 25//3 
f 18//3 24//3 16//3 
f 21//3 13//3 19//3 
f 25//3 26//3 23//3 
f 13//3 21//3 11//3 
f 27//3 28//3 29//3 
f 28//3 27//3 30//3 
f 26//3 25//3 31//3 
f 17//3 14//3 15//3 
f 32//3 33//3 34//3 
f 33//3 32//3 35//3 
f 30//3 34//3 28//3 
f 24//3 18//3 22//3 
f 36//3 37//3 38//3 
f 37//3 36//3 39//3 
f 35//3 38//3 33//3 
f 31//3 29//3 26//3 
f 40//3 41//3 42//3 
f 39//3 43//3 37//3 
f 29//3 31//3 27//3 
f 42//3 44//3 40//3 
f 45//3 46//3 43//3 
f 34//3 30//3 32//3 
f 47//3 48//3 44//3 
f 48//3 47//3 49//3 
f 46//3 45//3 41//3 
f 38//3 35//3 36//3 
f 50//3 51//3 52//3 
f 51//3 50//3 53//3 
f 49//3 52//3 48//3 
f 43//3 39//3 45//3 
f 54//3 55//3 56//3 
f 55//3 54//3 57//3 
f 58//3 59//3 60//3 
f 61//3 62//3 63//3 
f 64//3 65//3 66//3 
f 65//3 64//3 67//3 
f 53//3 66//3 51//3 
f 40//3 46//3 41//3 
f 57//3 68//3 55//3 
f 62//3 61//3 69//3 
f 59//3 70//3 60//3 
f 63//3 71//3 61//3 
f 67//3 72//3 65//3 
f 44//3 42//3 47//3 
f 73//3 74//3 68//3 
f 69//3 56//3 62//3 
f 63//3 58//3 71//3 
f 75//3 76//3 77//3 
f 76//3 75//3 78//3 
f 72//3 67//3 79//3 
f 52//3 49//3 50//3 
f 80//3 81//3 82//3 
f 68//3 57//3 73//3 
f 60//3 71//3 58//3 
f 83//3 84//3 85//3 
f 84//3 83//3 70//3 
f 78//3 85//3 76//3 
f 66//3 53//3 64//3 
f 82//3 86//3 80//3 
f 56//3 69//3 54//3 
f 70//3 59//3 84//3 
f 79//3 77//3 72//3 
f 87//3 88//3 86//3 
f 88//3 87//3 89//3 
f 73//3 81//3 74//3 
f 77//3 79//3 75//3 
f 90//3 91//3 92//3 
f 91//3 90//3 93//3 
f 89//3 92//3 88//3 
f 85//3 78//3 83//3 
f 94//3 95//3 96//3 
f 93//3 96//3 91//3 
f 80//3 74//3 81//3 
f 97//3 98//3 99//3 
f 96//3 93//3 94//3 
f 86//3 82//3 87//3 
f 100//3 101//3 102//3 
f 101//3 100//3 103//3 
f 99//3 102//3 97//3 
f 92//3 89//3 90//3 
f 104//3 105//3 106//3 
f 105//3 104//3 107//3 
f 103//3 106//3 101//3 
f 94//3 98//3 95//3 
f 108//3 109//3 110//3 
f 111//3 109//3 112//3 
f 107//3 112//3 105//3 
f 97//3 95//3 98//3 
f 113//3 114//3 108//3 
f 115//3 116//3 114//3 
f 112//3 107//3 111//3 
f 102//3 99//3 100//3 
f 117//3 118//3 116//3 
f 118//3 117//3 119//3 
f 114//3 113//3 115//3 
f 106//3 103//3 104//3 
f 120//3 121//3 122//3 
f 123//3 124//3 125//3 
f 124//3 123//3 126//3 
f 119//3 125//3 118//3 
f 111//3 110//3 109//3 
f 122//3 127//3 120//3 
f 121//3 120//3 128//3 
f 129//3 130//3 127//3 
f 131//3 132//3 133//3 
f 132//3 131//3 134//3 
f 126//3 133//3 124//3 
f 110//3 113//3 108//3 
f 128//3 135//3 121//3 
f 129//3 136//3 130//3 
f 137//3 138//3 139//3 
f 138//3 137//3 136//3 
f 140//3 141//3 142//3 
f 134//3 143//3 132//3 
f 116//3 115//3 117//3 
f 144//3 145//3 146//3 
f 127//3 147//3 129//3 
f 136//3 129//3 138//3 
f 142//3 148//3 140//3 
f 149//3 150//3 143//3 
f 125//3 119//3 123//3 
f 146//3 151//3 144//3 
f 152//3 153//3 135//3 
f 139//3 154//3 137//3 
f 155//3 156//3 148//3 
f 156//3 155//3 157//3 
f 150//3 149//3 141//3 
f 133//3 126//3 131//3 
f 158//3 159//3 151//3 
f 159//3 158//3 160//3 
f 153//3 152//3 145//3 
f 122//3 147//3 127//3 
f 161//3 162//3 163//3 
f 162//3 161//3 154//3 
f 157//3 163//3 156//3 
f 143//3 134//3 149//3 
f 160//3 164//3 159//3 
f 135//3 128//3 152//3 
f 154//3 139//3 162//3 
f 140//3 150//3 141//3 
f 165//3 166//3 164//3 
f 166//3 165//3 167//3 
f 144//3 153//3 145//3 
f 148//3 142//3 155//3 
f 167//3 168//3 166//3 
f 163//3 157//3 161//3 
f 169//3 170//3 171//3 
f 170//3 169//3 172//3 
f 168//3 167//3 173//3 
f 151//3 146//3 158//3 
f 174//3 175//3 176//3 
f 177//3 178//3 179//3 
f 178//3 177//3 180//3 
f 172//3 179//3 170//3 
f 164//3 160//3 165//3 
f 181//3 180//3 182//3 
f 176//3 182//3 174//3 
f 180//3 181//3 178//3 
f 173//3 171//3 168//3 
f 183//3 184//3 185//3 
f 174//3 184//3 175//3 
f 171//3 173//3 169//3 
f 186//3 187//3 188//3 
f 187//3 186//3 189//3 
f 185//3 188//3 183//3 
f 179//3 172//3 177//3 
f 190//3 191//3 192//3 
f 191//3 190//3 193//3 
f 189//3 192//3 187//3 
f 182//3 176//3 181//3 
f 194//3 195//3 196//3 
f 195//3 194//3 197//3 
f 193//3 196//3 191//3 
f 183//3 175//3 184//3 
f 197//3 198//3 195//3 
f 188//3 185//3 186//3 
f 199//3 200//3 201//3 
f 202//3 200//3 203//3 
f 204//3 205//3 206//3 
f 205//3 204//3 207//3 
f 198//3 197//3 208//3 
f 192//3 189//3 190//3 
f 209//3 207//3 199//3 
f 203//3 210//3 202//3 
f 207//3 209//3 205//3 
f 196//3 193//3 194//3 
f 211//3 212//3 210//3 
f 212//3 211//3 213//3 
f 202//3 201//3 200//3 
f 208//3 206//3 198//3 
f 214//3 215//3 216//3 
f 213//3 217//3 212//3 
f 206//3 208//3 204//3 
f 216//3 218//3 214//3 
f 219//3 220//3 217//3 
f 201//3 209//3 199//3 
f 1//3 221//3 10//3 
f 222//3 223//3 218//3 
f 223//3 222//3 224//3 
f 220//3 219//3 215//3 
f 210//3 203//3 211//3 
f 221//3 225//3 10//3 
f 226//3 227//3 228//3 
f 227//3 226//3 229//3 
f 230//3 231//3 232//3 
f 231//3 230//3 233//3 
f 224//3 232//3 223//3 
f 217//3 213//3 219//3 
f 10//3 2//3 1//3 
f 234//3 235//3 236//3 
f 229//3 236//3 227//3 
f 237//3 238//3 239//3 
f 240//3 233//3 241//3 
f 242//3 243//3 244//3 
f 233//3 240//3 231//3 
f 214//3 220//3 215//3 
f 235//3 234//3 225//3 
f 228//3 245//3 226//3 
f 246//3 247//3 248//3 
f 247//3 246//3 245//3 
f 239//3 248//3 237//3 
f 244//3 241//3 242//3 
f 218//3 216//3 222//3 
f 236//3 229//3 234//3 
f 245//3 228//3 247//3 
f 243//3 242//3 238//3 
f 232//3 224//3 230//3 
f 248//3 239//3 246//3 
f 241//3 244//3 240//3 
f 237//3 243//3 238//3 
f 221//3 235//3 225//3 
o mesh3
f 249//4 250//4 251//4 
f 252//4 253//4 250//4 
f 254//4 255//4 256//4 
f 257//4 258//4 255//4 
f 259//4 251//4 258//4 
f 250//4 249//4 252//4 
f 260//4 261//4 262//4 
f 263//4 264//4 261//4 
f 265//4 266//4 264//4 
f 267//4 268//4 266//4 
f 269//4 270//4 271//4 
f 272//4 273//4 270//4 
f 274//4 256//4 273//4 
f 255//4 254//4 257//4 
f 251//4 259//4 249//4 
f 275//4 262//4 253//4 
f 261//4 260//4 263//4 
f 266//4 265//4 267//4 
f 270//4 269//4 272//4 
f 256//4 274//4 254//4 
f 253//4 252//4 275//4 
f 264//4 263//4 265//4 
f 276//4 277//4 268//4 
f 278//4 279//4 277//4 
f 280//4 281//4 279//4 
f 282//4 283//4 281//4 
f 284//4 285//4 286//4 
f 287//4 288//4 285//4 
f 289//4 290//4 288//4 
f 291//4 271//4 290//4 
f 273//4 272//4 274//4 
f 262//4 275//4 260//4 
f 277//4 276//4 278//4 
f 281//4 280//4 282//4 
f 292//4 20//4 19//4 
f 293//4 294//4 292//4 
f 285//4 284//4 287//4 
f 290//4 289//4 291//4 
f 258//4 257//4 259//4 
f 279//4 278//4 280//4 
f 292//4 295//4 293//4 
f 296//4 286//4 294//4 
f 288//4 287//4 289//4 
f 268//4 267//4 276//4 
f 294//4 293//4 296//4 
f 271//4 291//4 269//4 
f 297//4 298//4 283//4 
f 299//4 300//4 298//4 
f 301//4 302//4 300//4 
f 303//4 304//4 302//4 
f 305//4 306//4 304//4 
f 306//4 305//4 307//4 
f 286//4 296//4 284//4 
f 298//4 297//4 299//4 
f 302//4 301//4 303//4 
f 307//4 308//4 306//4 
f 283//4 282//4 297//4 
f 304//4 303//4 305//4 
f 300//4 299//4 301//4 
f 19//4 295//4 292//4 
o mesh4
f 309//5 8//6 6//7 
f 309//5 472//8 473//9 
f 310//10 311//11 473//9 
f 312//12 310//10 474//13 
f 313//14 312//12 475//15 
f 314//16 313//14 476//17 
f 315//18 314//16 477//19 
f 315//18 478//20 479//21 
f 316//22 479//21 480//23 
f 317//24 318//25 480//23 
f 319//26 317//24 481//27 
f 319//26 482//28 483//29 
f 320//30 321//31 483//29 
f 320//30 484//32 485//33 
f 322//34 323//35 485//33 
f 324//36 322//34 486//37 
f 325//38 324//36 487//39 
f 326//40 325//38 488//41 
f 327//42 326//40 489//43 
f 327//42 490//44 491//45 
f 328//46 329//47 491//45 
f 330//48 328//46 492//49 
f 331//50 330//48 493//51 
f 332//52 331//50 494//53 
f 332//52 495//54 496//55 
f 333//56 334//57 496//55 
f 333//56 497//58 498//59 
f 335//60 498//59 499//61 
f 336//62 337//63 499//61 
f 336//62 500//64 501//65 
f 338//66 339//67 501//65 
f 338//66 502//68 503//69 
f 340//70 341//71 503//69 
f 342//72 340//70 504//73 
f 343//74 342//72 505//75 
f 343//74 506//76 507//77 
f 344//78 507//77 508//79 
f 345//80 346//81 508//79 
f 345//80 509//82 510//83 
f 347//84 348//85 510//83 
f 347//84 511//86 512//87 
f 349//88 350//89 512//87 
f 6//7 5//90 513//91 
f 473//9 472//8 513//91 
f 474//13 473//9 514//92 
f 475//15 474//13 515//93 
f 476//17 475//15 516//94 
f 477//19 476//17 517//95 
f 478//20 477//19 518//96 
f 479//21 478//20 519//97 
f 480//23 479//21 520//98 
f 481//27 480//23 521//99 
f 482//28 481//27 522//100 
f 483//29 482//28 523//101 
f 484//32 483//29 524//102 
f 485//33 484//32 525//103 
f 486//37 485//33 526//104 
f 487//39 486//37 527//105 
f 488//41 487//39 528//106 
f 489//43 488//41 529//107 
f 490//44 489//43 530//108 
f 491//45 490//44 531//109 
f 492//49 491//45 532//110 
f 493//51 492//49 533//111 
f 494//53 493//51 534//112 
f 495//54 494//53 535//113 
f 496//55 495//54 536//114 
f 497//58 496//55 537//115 
f 498//59 497//58 538//116 
f 499//61 498//59 539//117 
f 500//64 499//61 540//118 
f 501//65 500//64 541//119 
f 502//68 501//65 542//120 
f 503//69 502//68 543//121 
f 504//73 503//69 544//122 
f 505//75 504//73 545//123 
f 506//76 505//75 546//124 
f 507//77 506//76 547//125 
f 508//79 507//77 548//126 
f 509//82 508//79 549//127 
f 510//83 509//82 550//128 
f 511//86 510//83 551//129 
f 512//87 511//86 552//130 
f 512//87 553//131 351//132 
f 514//92 513//91 554//133 
f 515//93 514//92 555//134 
f 516//94 515//93 556//135 
f 517//95 516//94 557//136 
f 518//96 517//95 558//137 
f 519//97 518//96 559//138 
f 520//98 519//97 560//139 
f 521//99 520//98 561//140 
f 522//100 521//99 562//141 
f 523//101 522//100 563//142 
f 524//102 523//101 564//143 
f 525//103 524//102 565//144 
f 526//104 525//103 566//145 
f 527//105 526//104 567//146 
f 528//106 527//105 568//147 
f 529//107 528//106 569//148 
f 530//108 529//107 570//149 
f 531//109 530//108 571//150 
f 532//110 531//109 572//151 
f 533//111 532//110 573//152 
f 534//112 533//111 574//153 
f 535//113 534//112 575//154 
f 536//114 535//113 576//155 
f 537//115 536//114 577//156 
f 538//116 537//115 578//157 
f 539//117 538//116 579//158 
f 540//118 539//117 580//159 
f 541//119 540//118 581//160 
f 542//120 541//119 582//161 
f 543//121 542//120 583//162 
f 544//122 543//121 584//163 
f 545//123 544//122 585//164 
f 546//124 545//123 586//165 
f 547//125 546//124 587//166 
f 548//126 547//125 588//167 
f 549//127 548//126 589//168 
f 550//128 549//127 590//169 
f 551//129 550//128 591//170 
f 552//130 551//129 592//171 
f 553//131 552//130 593//172 
f 555//134 554//133 594//173 
f 556//135 555//134 595//174 
f 557//136 556//135 596//175 
f 558//137 557//136 597//176 
f 559//138 558//137 598//177 
f 560//139 559//138 599//178 
f 561//140 560//139 600//179 
f 562//141 561//140 601//180 
f 563//142 562//141 602//181 
f 564//143 563//142 603//182 
f 565//144 564//143 604//183 
f 566//145 565//144 605//184 
f 567//146 566//145 606//185 
f 568//147 567//146 607//186 
f 569//148 568//147 608//187 
f 570//149 569//148 609//188 
f 571//150 570//149 610//189 
f 572//151 571//150 611//190 
f 573//152 572//151 612//191 
f 574//153 573//152 613//192 
f 575//154 574//153 614//193 
f 576//155 575//154 615//194 
f 577//156 576//155 616//195 
f 578//157 577//156 617//196 
f 579//158 578//157 618//197 
f 580//159 579//158 619//198 
f 581//160 580//159 620//199 
f 582//161 581//160 621//200 
f 583//162 582//161 622//201 
f 584//163 583//162 623//202 
f 585//164 584//163 624//203 
f 586//165 585//164 625//204 
f 587//166 586//165 626//205 
f 588//167 587//166 627//206 
f 589//168 588//167 628//207 
f 590//169 589//168 629//208 
f 591//170 590//169 630//209 
f 592//171 591//170 631//210 
f 593//172 592//171 632//211 
f 633//212 593//172 634//213 
f 595//174 594//173 635//214 
f 596//175 595//174 636//215 
f 597//176 596//175 637//216 
f 598//177 597//176 638//217 
f 599//178 598//177 639//218 
f 600//179 599//178 640//219 
f 601//180 600//179 641//220 
f 602//181 601//180 642//221 
f 603//182 602//181 643//222 
f 604//183 603//182 644//223 
f 605//184 604//183 645//224 
f 606//185 605//184 646//225 
f 607//186 606//185 647//226 
f 608//187 607//186 648//227 
f 609//188 608//187 649//228 
f 610//189 609//188 650//229 
f 611//190 610//189 651//230 
f 612//191 611//190 652//231 
f 613//192 612//191 653//232 
f 614//193 613//192 654//233 
f 615//194 614//193 655//234 
f 616//195 615//194 656//235 
f 617//196 616//195 657//236 
f 618//197 617//196 658//237 
f 619//198 618//197 659//238 
f 620//199 619//198 660//239 
f 621//200 620//199 661//240 
f 622//201 621//200 662//241 
f 623//202 622//201 663//242 
f 624//203 623//202 664//243 
f 625//204 624//203 665//244 
f 626//205 625//204 666//245 
f 627//206 626//205 667//246 
f 628//207 627//206 668//247 
f 629//208 628//207 669//248 
f 630//209 629//208 670//249 
f 631//210 630//209 671//250 
f 632//211 631//210 672//251 
f 634//213 632//211 673//252 
f 674//253 634//213 675//254 
f 636//215 635//214 676//255 
f 637//216 636//215 677//256 
f 638//217 637//216 678//257 
f 639//218 638//217 679//258 
f 640//219 639//218 680//259 
f 641//220 640//219 681//260 
f 642//221 641//220 682//261 
f 643//222 642//221 683//262 
f 644//223 643//222 684//263 
f 645//224 644//223 685//264 
f 646//225 645//224 686//265 
f 647//226 646//225 687//266 
f 648//227 647//226 688//267 
f 649//228 648//227 689//268 
f 650//229 649//228 690//269 
f 651//230 650//229 691//270 
f 652//231 651//230 692//271 
f 653//232 652//231 693//272 
f 654//233 653//232 694//273 
f 655//234 654//233 695//274 
f 656//235 655//234 696//275 
f 657//236 656//235 697//276 
f 658//237 657//236 698//277 
f 659//238 658//237 699//278 
f 660//239 659//238 700//279 
f 661//240 660//239 701//280 
f 662//241 661//240 702//281 
f 663//242 662//241 703//282 
f 664//243 663//242 704//283 
f 665//244 664//243 705//284 
f 666//245 665//244 706//285 
f 667//246 666//245 707//286 
f 668//247 667//246 708//287 
f 669//248 668//247 709//288 
f 670//249 669//248 710//289 
f 671//250 670//249 711//290 
f 672//251 671//250 712//291 
f 673//252 672//251 713//292 
f 675//254 673//252 714//293 
f 715//294 675//254 716//295 
f 678//257 677//256 717//296 
f 679//258 678//257 718//297 
f 680//259 679//258 719//298 
f 681//260 680//259 720//299 
f 682//261 681//260 721//300 
f 683//262 682//261 722//301 
f 684//263 683//262 723//302 
f 685//264 684//263 724//303 
f 686//265 685//264 725//304 
f 687//266 686//265 726//305 
f 688//267 687//266 727//306 
f 689//268 688//267 728//307 
f 690//269 689//268 729//308 
f 691//270 690//269 730//309 
f 692//271 691//270 731//310 
f 693//272 692//271 732//311 
f 694//273 693//272 733//312 
f 695//274 694//273 734//313 
f 696//275 695//274 735//314 
f 697//276 696//275 736//315 
f 698//277 697//276 737//316 
f 699//278 698//277 738//317 
f 700//279 699//278 739//318 
f 701//280 700//279 740//319 
f 702//281 701//280 741//320 
f 703//282 702//281 742//321 
f 704//283 703//282 743//322 
f 705//284 704//283 744//323 
f 706//285 705//284 745//324 
f 707//286 706//285 746//325 
f 708//287 707//286 747//326 
f 709//288 708//287 748//327 
f 710//289 709//288 749//328 
f 711//290 710//289 750//329 
f 712//291 711//290 751//330 
f 713//292 712//291 752//331 
f 714//293 713//292 753//332 
f 716//295 714//293 754//333 
f 718//297 717//296 755//334 
f 719//298 718//297 756//335 
f 720//299 719//298 757//336 
f 721//300 720//299 758//337 
f 722//301 721//300 759//338 
f 723//302 722//301 760//339 
f 724//303 723//302 761//340 
f 725//304 724//303 762//341 
f 726//305 725//304 763//342 
f 727//306 726//305 764//343 
f 728//307 727//306 765//344 
f 729//308 728//307 766//345 
f 730//309 729//308 767//346 
f 731//310 730//309 768//347 
f 732//311 731//310 769//348 
f 733//312 732//311 770//349 
f 734//313 733//312 771//350 
f 735//314 734//313 772//351 
f 736//315 735//314 773//352 
f 737//316 736//315 774//353 
f 738//317 737//316 775//354 
f 739//318 738//317 776//355 
f 740//319 739//318 777//356 
f 741//320 740//319 778//357 
f 742//321 741//320 779//358 
f 743//322 742//321 780//359 
f 744//323 743//322 781//360 
f 745//324 744//323 782//361 
f 746//325 745//324 783//362 
f 747//326 746//325 784//363 
f 748//327 747//326 785//364 
f 749//328 748//327 786//365 
f 750//329 749//328 787//366 
f 751//330 750//329 788//367 
f 752//331 751//330 789//368 
f 753//332 752//331 790//369 
f 754//333 753//332 791//370 
f 792//371 754//333 793//372 
f 756//335 755//334 794//373 
f 757//336 756//335 795//374 
f 758//337 757//336 796//375 
f 759//338 758//337 797//376 
f 760//339 759//338 798//377 
f 761//340 760//339 799//378 
f 762//341 761//340 800//379 
f 763//342 762//341 801//380 
f 764//343 763//342 802//381 
f 765//344 764//343 803//382 
f 766//345 765//344 804//383 
f 767//346 766//345 805//384 
f 768//347 767//346 806//385 
f 769//348 768//347 807//386 
f 770//349 769//348 808//387 
f 771//350 770//349 809//388 
f 772//351 771//350 810//389 
f 773//352 772//351 811//390 
f 774//353 773//352 812//391 
f 775//354 774//353 813//392 
f 776//355 775//354 814//393 
f 777//356 776//355 815//394 
f 778//357 777//356 816//395 
f 779//358 778//357 817//396 
f 780//359 779//358 818//397 
f 781//360 780//359 819//398 
f 782//361 781//360 820//399 
f 783//362 782//361 821//400 
f 784//363 783//362 822//401 
f 785//364 784//363 823//402 
f 786//365 785//364 824//403 
f 787//366 786//365 825//404 
f 788//367 787//366 826//405 
f 789//368 788//367 827//406 
f 790//369 789//368 828//407 
f 791//370 790//369 829//408 
f 793//372 791//370 830//409 
f 831//410 793//372 832//411 
f 795//374 794//373 833//412 
f 796//375 795//374 834//413 
f 797//376 796//375 835//414 
f 798//377 797//376 836//415 
f 799//378 798//377 837//416 
f 800//379 799//378 838//417 
f 801//380 800//379 839//418 
f 802//381 801//380 840//419 
f 803//382 802//381 841//420 
f 804//383 803//382 842//421 
f 805//384 804//383 843//422 
f 806//385 805//384 844//423 
f 807//386 806//385 845//424 
f 808//387 807//386 846//425 
f 809//388 808//387 847//426 
f 810//389 809//388 848//427 
f 811//390 810//389 849//428 
f 812//391 811//390 850//429 
f 813//392 812//391 851//430 
f 814//393 813//392 852//431 
f 815//394 814//393 853//432 
f 816//395 815//394 854//433 
f 817//396 816//395 855//434 
f 818//397 817//396 856//435 
f 819//398 818//397 857//436 
f 820//399 819//398 858//437 
f 821//400 820//399 859//438 
f 822//401 821//400 860//439 
f 823//402 822//401 861//440 
f 824//403 823//402 862//441 
f 825//404 824//403 863//442 
f 826//405 825//404 864//443 
f 827//406 826//405 865//444 
f 828//407 827//406 866//445 
f 829//408 828//407 867//446 
f 830//409 829//408 868//447 
f 832//411 830//409 869//448 
f 870//449 832//411 871//450 
f 834//413 833//412 872//451 
f 835//414 834//413 873//452 
f 836//415 835//414 874//453 
f 837//416 836//415 875//454 
f 838//417 837//416 876//455 
f 839//418 838//417 877//456 
f 840//419 839//418 878//457 
f 841//420 840//419 879//458 
f 842//421 841//420 880//459 
f 843//422 842//421 881//460 
f 844//423 843//422 882//461 
f 845//424 844//423 883//462 
f 846//425 845//424 884//463 
f 847//426 846//425 885//464 
f 848//427 847//426 886//465 
f 849//428 848//427 887//466 
f 850//429 849//428 888//467 
f 851//430 850//429 889//468 
f 852//431 851//430 890//469 
f 853//432 852//431 891//470 
f 854//433 853//432 892//471 
f 855//434 854//433 893//472 
f 856//435 855//434 894//473 
f 857//436 856//435 895//474 
f 858//437 857//436 896//475 
f 859//438 858//437 897//476 
f 860//439 859//438 898//477 
f 861//440 860//439 899//478 
f 862//441 861//440 900//479 
f 863//442 862//441 901//480 
f 864//443 863//442 902//481 
f 865//444 864//443 903//482 
f 866//445 865//444 904//483 
f 867//446 866//445 905//484 
f 868//447 867//446 906//485 
f 869//448 868//447 907//486 
f 871//450 869//448 908//487 
f 909//488 871//450 910//489 
f 874//453 873//452 911//490 
f 875//454 874//453 912//491 
f 876//455 875//454 913//492 
f 877//456 876//455 914//493 
f 878//457 877//456 915//494 
f 879//458 878//457 916//495 
f 880//459 879//458 917//496 
f 881//460 880//459 918//497 
f 882//461 881//460 919//498 
f 883//462 882//461 920//499 
f 884//463 883//462 921//500 
f 885//464 884//463 922//501 
f 886//465 885//464 923//502 
f 887//466 886//465 924//503 
f 888//467 887//466 925//504 
f 889//468 888//467 926//505 
f 890//469 889//468 927//506 
f 891//470 890//469 928//507 
f 892//471 891//470 929//508 
f 893//472 892//471 930//509 
f 894//473 893//472 931//510 
f 895//474 894//473 932//511 
f 896//475 895//474 933//512 
f 897//476 896//475 934//513 
f 898//477 897//476 935//514 
f 899//478 898//477 936//515 
f 900//479 899//478 937//516 
f 901//480 900//479 938//517 
f 902//481 901//480 939//518 
f 903//482 902//481 940//519 
f 904//483 903//482 941//520 
f 905//484 904//483 942//521 
f 906//485 905//484 943//522 
f 907//486 906//485 944//523 
f 908//487 907//486 945//524 
f 910//489 908//487 946//525 
f 912//491 911//490 947//526 
f 913//492 912//491 948//527 
f 914//493 913//492 949//528 
f 915//494 914//493 950//529 
f 916//495 915//494 951//530 
f 917//496 916//495 952//531 
f 918//497 917//496 953//532 
f 919//498 918//497 954//533 
f 920//499 919//498 955//534 
f 921//500 920//499 956//535 
f 922//501 921//500 957//536 
f 923//502 922//501 958//537 
f 924//503 923//502 959//538 
f 925//504 924//503 960//539 
f 926//505 925//504 961//540 
f 927//506 926//505 962//541 
f 928//507 927//506 963//542 
f 929//508 928//507 964//543 
f 930//509 929//508 965//544 
f 931//510 930//509 966//545 
f 932//511 931//510 967//546 
f 933//512 932//511 968//547 
f 934//513 933//512 969//548 
f 935//514 934//513 970//549 
f 936//515 935//514 971//550 
f 937//516 936//515 972//551 
f 938//517 937//516 973//552 
f 939//518 938//517 974//553 
f 940//519 939//518 975//554 
f 941//520 940//519 976//555 
f 942//521 941//520 977//556 
f 943//522 942//521 978//557 
f 944//523 943//522 979//558 
f 945//524 944//523 980//559 
f 946//525 945//524 981//560 
f 982//561 946//525 983//562 
f 948//527 947//526 984//563 
f 949//528 948//527 985//564 
f 950//529 949//528 986//565 
f 951//530 950//529 987//566 
f 952//531 951//530 988//567 
f 953//532 952//531 989//568 
f 954//533 953//532 990//569 
f 955//534 954//533 991//570 
f 956//535 955//534 992//571 
f 957//536 956//535 993//572 
f 958//537 957//536 994//573 
f 959//538 958//537 995//574 
f 960//539 959//538 996//575 
f 961//540 960//539 997//576 
f 962//541 961//540 998//577 
f 963//542 962//541 999//578 
f 964//543 963//542 1000//579 
f 965//544 964//543 1001//580 
f 966//545 965//544 1002//581 
f 967//546 966//545 1003//582 
f 968//547 967//546 1004//583 
f 969//548 968//547 1005//584 
f 970//549 969//548 1006//585 
f 971//550 970//549 1007//586 
f 972//551 971//550 1008//587 
f 973//552 972//551 1009//588 
f 974//553 973//552 1010//589 
f 975//554 974//553 1011//590 
f 976//555 975//554 1012//591 
f 977//556 976//555 1013//592 
f 978//557 977//556 1014//593 
f 979//558 978//557 1015//594 
f 980//559 979//558 1016//595 
f 981//560 980//559 1017//596 
f 983//562 981//560 1018//597 
f 1019//598 983//562 1020//599 
f 985//564 984//563 1021//600 
f 986//565 985//564 1022//601 
f 987//566 986//565 1023//602 
f 988//567 987//566 1024//603 
f 989//568 988//567 1025//604 
f 990//569 989//568 1026//605 
f 991//570 990//569 1027//606 
f 992//571 991//570 1028//607 
f 993//572 992//571 1029//608 
f 994//573 993//572 1030//609 
f 995//574 994//573 1031//610 
f 996//575 995//574 1032//611 
f 997//576 996//575 1033//612 
f 998//577 997//576 1034//613 
f 999//578 998//577 1035//614 
f 1000//579 999//578 1036//615 
f 1001//580 1000//579 1037//616 
f 1002//581 1001//580 1038//617 
f 1003//582 1002//581 1039//618 
f 1004//583 1003//582 1040//619 
f 1005//584 1004//583 1041//620 
f 1006//585 1005//584 1042//621 
f 1007//586 1006//585 1043//622 
f 1008//587 1007//586 1044//623 
f 1009//588 1008//587 1045//624 
f 1010//589 1009//588 1046//625 
f 1011//590 1010//589 1047//626 
f 1012//591 1011//590 1048//627 
f 1013//592 1012//591 1049//628 
f 1014//593 1013//592 1050//629 
f 1015//594 1014//593 1051//630 
f 1016//595 1015//594 1052//631 
f 1017//596 1016//595 1053//632 
f 1018//597 1017//596 1054//633 
f 1020//599 1018//597 1055//634 
f 1056//635 1020//599 1057//636 
f 1022//601 1021//600 1058//637 
f 1023//602 1022//601 1059//638 
f 1024//603 1023//602 1060//639 
f 1025//604 1024//603 1061//640 
f 1026//605 1025//604 1062//641 
f 1027//606 1026//605 1063//642 
f 1028//607 1027//606 1064//643 
f 1029//608 1028//607 1065//644 
f 1030//609 1029//608 1066//645 
f 1031//610 1030//609 1067//646 
f 1032//611 1031//610 1068//647 
f 1033//612 1032//611 1069//648 
f 1034//613 1033//612 1070//649 
f 1035//614 1034//613 1071//650 
f 1036//615 1035//614 1072//651 
f 1037//616 1036//615 1073//652 
f 1038//617 1037//616 1074//653 
f 1039//618 1038//617 1075//654 
f 1040//619 1039//618 1076//655 
f 1041//620 1040//619 1077//656 
f 1042//621 1041//620 1078//657 
f 1043//622 1042//621 1079//658 
f 1044//623 1043//622 1080//659 
f 1045//624 1044//623 1081//660 
f 1046//625 1045//624 1082//661 
f 1047//626 1046//625 1083//662 
f 1048//627 1047//626 1084//663 
f 1049//628 1048//627 1085//664 
f 1050//629 1049//628 1086//665 
f 1051//630 1050//629 1087//666 
f 1052//631 1051//630 1088//667 
f 1053//632 1052//631 1089//668 
f 1054//633 1053//632 1090//669 
f 1055//634 1054//633 1091//670 
f 1057//636 1055//634 1092//671 
f 1093//672 1057//636 1094//673 
f 1060//639 1059//638 1095//674 
f 1061//640 1060//639 1096//675 
f 1062//641 1061//640 1097//676 
f 1063//642 1062//641 1098//677 
f 1064//643 1063//642 1099//678 
f 1065//644 1064//643 1100//679 
f 1066//645 1065//644 1101//680 
f 1067//646 1066//645 1102//681 
f 1068//647 1067//646 1103//682 
f 1069//648 1068//647 1104//683 
f 1070//649 1069//648 1105//684 
f 1071//650 1070//649 1106//685 
f 1072//651 1071//650 1107//686 
f 1073//652 1072//651 1108//687 
f 1074//653 1073//652 1109//688 
f 1075//654 1074//653 1110//689 
f 1076//655 1075//654 1111//690 
f 1077//656 1076//655 1112//691 
f 1078//657 1077//656 1113//692 
f 1079//658 1078//657 1114//693 
f 1080//659 1079//658 1115//694 
f 1081//660 1080//659 1116//695 
f 1082//661 1081//660 1117//696 
f 1083//662 1082//661 1118//697 
f 1084//663 1083//662 1119//698 
f 1085//664 1084//663 1120//699 
f 1086//665 1085//664 1121//700 
f 1087//666 1086//665 1122//701 
f 1088//667 1087//666 1123//702 
f 1089//668 1088//667 1124//703 
f 1090//669 1089//668 1125//704 
f 1091//670 1090//669 1126//705 
f 1092//671 1091//670 1127//706 
f 1094//673 1092//671 1128//707 
f 1096//675 1095//674 1129//708 
f 1097//676 1096//675 1130//709 
f 1098//677 1097//676 1131//710 
f 1099//678 1098//677 1132//711 
f 1100//679 1099//678 1133//712 
f 1101//680 1100//679 1134//713 
f 1102//681 1101//680 1135//714 
f 1103//682 1102//681 1136//715 
f 1104//683 1103//682 1137//716 
f 1105//684 1104//683 1138//717 
f 1106//685 1105//684 1139//718 
f 1107//686 1106//685 1140//719 
f 1108//687 1107//686 1141//720 
f 1109//688 1108//687 1142//721 
f 1110//689 1109//688 1143//722 
f 1111//690 1110//689 1144//723 
f 1112//691 1111//690 1145//724 
f 1113//692 1112//691 1146//725 
f 1114//693 1113//692 1147//726 
f 1115//694 1114//693 1148//727 
f 1116//695 1115//694 1149//728 
f 1117//696 1116//695 1150//729 
f 1118//697 1117//696 1151//730 
f 1119//698 1118//697 1152//731 
f 1120//699 1119//698 1153//732 
f 1121//700 1120//699 1154//733 
f 1122//701 1121//700 1155//734 
f 1123//702 1122//701 1156//735 
f 1124//703 1123//702 1157//736 
f 1125//704 1124//703 1158//737 
f 1126//705 1125//704 1159//738 
f 1127//706 1126//705 1160//739 
f 1128//707 1127//706 1161//740 
f 1162//741 1128//707 1163//742 
f 1130//709 1129//708 1164//743 
f 1131//710 1130//709 1165//744 
f 1132//711 1131//710 1166//745 
f 1133//712 1132//711 1167//746 
f 1134//713 1133//712 1168//747 
f 1135//714 1134//713 1169//748 
f 1136//715 1135//714 1170//749 
f 1137//716 1136//715 1171//750 
f 1138//717 1137//716 1172//751 
f 1139//718 1138//717 1173//752 
f 1140//719 1139//718 1174//753 
f 1141//720 1140//719 1175//754 
f 1142//721 1141//720 1176//755 
f 1143//722 1142//721 1177//756 
f 1144//723 1143//722 1178//757 
f 1145//724 1144//723 1179//758 
f 1146//725 1145//724 1180//759 
f 1147//726 1146//725 1181//760 
f 1148//727 1147//726 1182//761 
f 1149//728 1148//727 1183//762 
f 1150//729 1149//728 1184//763 
f 1151//730 1150//729 1185//764 
f 1152//731 1151//730 1186//765 
f 1153//732 1152//731 1187//766 
f 1154//733 1153//732 1188//767 
f 1155//734 1154//733 1189//768 
f 1156//735 1155//734 1190//769 
f 1157//736 1156//735 1191//770 
f 1158//737 1157//736 1192//771 
f 1159//738 1158//737 1193//772 
f 1160//739 1159//738 1194//773 
f 1161//740 1160//739 1195//774 
f 1163//742 1161//740 1196//775 
f 1197//776 1163//742 1198//777 
f 1165//744 1164//743 1199//778 
f 1166//745 1165//744 1200//779 
f 1167//746 1166//745 1201//780 
f 1168//747 1167//746 1202//781 
f 1169//748 1168//747 1203//782 
f 1170//749 1169//748 1204//783 
f 1171//750 1170//749 1205//784 
f 1172//751 1171//750 1206//785 
f 1173//752 1172//751 1207//786 
f 1174//753 1173//752 1208//787 
f 1175//754 1174//753 1209//788 
f 1176//755 1175//754 1210//789 
f 1177//756 1176//755 1211//790 
f 1178//757 1177//756 1212//791 
f 1179//758 1178//757 1213//792 
f 1180//759 1179//758 1214//793 
f 1181//760 1180//759 1215//794 
f 1182//761 1181//760 1216//795 
f 1183//762 1182//761 1217//796 
f 1184//763 1183//762 1218//797 
f 1185//764 1184//763 1219//798 
f 1186//765 1185//764 1220//799 
f 1187//766 1186//765 1221//800 
f 1188//767 1187//766 1222//801 
f 1189//768 1188//767 1223//802 
f 1190//769 1189//768 1224//803 
f 1191//770 1190//769 1225//804 
f 1192//771 1191//770 1226//805 
f 1193//772 1192//771 1227//806 
f 1194//773 1193//772 1228//807 
f 1195//774 1194//773 1229//808 
f 1196//775 1195//774 1230//809 
f 1198//777 1196//775 1231//810 
f 1232//811 1198//777 1233//812 
f 1200//779 1199//778 1234//813 
f 1201//780 1200//779 1235//814 
f 1202//781 1201//780 1236//815 
f 1203//782 1202//781 1237//816 
f 1204//783 1203//782 1238//817 
f 1205//784 1204//783 1239//818 
f 1206//785 1205//784 1240//819 
f 1207//786 1206//785 1241//820 
f 1208//787 1207//786 1242//821 
f 1209//788 1208//787 1243//822 
f 1210//789 1209//788 1244//823 
f 1211//790 1210//789 1245//824 
f 1212//791 1211//790 1246//825 
f 1213//792 1212//791 1247//826 
f 1214//793 1213//792 1248//827 
f 1215//794 1214//793 1249//828 
f 1216//795 1215//794 1250//829 
f 1217//796 1216//795 1251//830 
f 1218//797 1217//796 1252//831 
f 1219//798 1218//797 1253//832 
f 1220//799 1219//798 1254//833 
f 1221//800 1220//799 1255//834 
f 1222//801 1221//800 1256//835 
f 1223//802 1222//801 1257//836 
f 1224//803 1223//802 1258//837 
f 1225//804 1224//803 1259//838 
f 1226//805 1225//804 1260//839 
f 1227//806 1226//805 1261//840 
f 1228//807 1227//806 1262//841 
f 1229//808 1228//807 1263//842 
f 1230//809 1229//808 1264//843 
f 1231//810 1230//809 1265//844 
f 1233//812 1231//810 1266//845 
f 1267//846 1233//812 1268//847 
f 1235//814 1234//813 1269//848 
f 1236//815 1235//814 1270//849 
f 1237//816 1236//815 1271//850 
f 1238//817 1237//816 1272//851 
f 1239//818 1238//817 1273//852 
f 1240//819 1239//818 1274//853 
f 1241//820 1240//819 1275//854 
f 1242//821 1241//820 1276//855 
f 1243//822 1242//821 1277//856 
f 1244//823 1243//822 1278//857 
f 1245//824 1244//823 1279//858 
f 1246//825 1245//824 1280//859 
f 1247//826 1246//825 1281//860 
f 1248//827 1247//826 1282//861 
f 1249//828 1248//827 1283//862 
f 1250//829 1249//828 1284//863 
f 1251//830 1250//829 1285//864 
f 1252//831 1251//830 1286//865 
f 1253//832 1252//831 1287//866 
f 1254//833 1253//832 1288//867 
f 1255//834 1254//833 1289//868 
f 1256//835 1255//834 1290//869 
f 1257//836 1256//835 1291//870 
f 1258//837 1257//836 1292//871 
f 1259//838 1258//837 1293//872 
f 1260//839 1259//838 1294//873 
f 1261//840 1260//839 1295//874 
f 1262//841 1261//840 1296//875 
f 1263//842 1262//841 1297//876 
f 1264//843 1263//842 1298//877 
f 1265//844 1264//843 1299//878 
f 1266//845 1265//844 1300//879 
f 1268//847 1266//845 1301//880 
f 1302//881 1268//847 1303//882 
f 1271//850 1270//849 1304//883 
f 1272//851 1271//850 1305//884 
f 1273//852 1272//851 1306//885 
f 1274//853 1273//852 1307//886 
f 1275//854 1274//853 1308//887 
f 1276//855 1275//854 1309//888 
f 1277//856 1276//855 1310//889 
f 1278//857 1277//856 1311//890 
f 1279//858 1278//857 1312//891 
f 1280//859 1279//858 1313//892 
f 1281//860 1280//859 1314//893 
f 1282//861 1281//860 1315//894 
f 1283//862 1282//861 1316//895 
f 1284//863 1283//862 1317//896 
f 1285//864 1284//863 1318//897 
f 1286//865 1285//864 1319//898 
f 1287//866 1286//865 1320//899 
f 1288//867 1287//866 1321//900 
f 1289//868 1288//867 1322//901 
f 1290//869 1289//868 1323//902 
f 1291//870 1290//869 1324//903 
f 1292//871 1291//870 1325//904 
f 1293//872 1292//871 1326//905 
f 1294//873 1293//872 1327//906 
f 1295//874 1294//873 1328//907 
f 1296//875 1295//874 1329//908 
f 1297//876 1296//875 1330//909 
f 1298//877 1297//876 1331//910 
f 1299//878 1298//877 1332//911 
f 1300//879 1299//878 1333//912 
f 1301//880 1300//879 1334//913 
f 1303//882 1301//880 1335//914 
f 1305//884 1304//883 1336//915 
f 1306//885 1305//884 1337//916 
f 1307//886 1306//885 1338//917 
f 1308//887 1307//886 1339//918 
f 1309//888 1308//887 1340//919 
f 1310//889 1309//888 1341//920 
f 1311//890 1310//889 1342//921 
f 1312//891 1311//890 1343//922 
f 1313//892 1312//891 1344//923 
f 1314//893 1313//892 1345//924 
f 1315//894 1314//893 1346//925 
f 1316//895 1315//894 1347//926 
f 1317//896 1316//895 1348//927 
f 1318//897 1317//896 1349//928 
f 1319//898 1318//897 1350//929 
f 1320//899 1319//898 1351//930 
f 1321//900 1320//899 1352//931 
f 1322//901 1321//900 1353//932 
f 1323//902 1322//901 1354//933 
f 1324//903 1323//902 1355//934 
f 1325//904 1324//903 1356//935 
f 1326//905 1325//904 1357//936 
f 1327//906 1326//905 1358//937 
f 1328//907 1327//906 1359//938 
f 1329//908 1328//907 1360//939 
f 1330//909 1329//908 1361//940 
f 1331//910 1330//909 1362//941 
f 1332//911 1331//910 1363//942 
f 1333//912 1332//911 1364//943 
f 1334//913 1333//912 1365//944 
f 1335//914 1334//913 1366//945 
f 1367//946 1335//914 1368//947 
f 1337//916 1336//915 1369//948 
f 1338//917 1337//916 1370//949 
f 1339//918 1338//917 1371//950 
f 1340//919 1339//918 1372//951 
f 1341//920 1340//919 1373//952 
f 1342//921 1341//920 1374//953 
f 1343//922 1342//921 1375//954 
f 1344//923 1343//922 1376//955 
f 1345//924 1344//923 1377//956 
f 1346//925 1345//924 1378//957 
f 1347//926 1346//925 1379//958 
f 1348//927 1347//926 1380//959 
f 1349//928 1348//927 1381//960 
f 1350//929 1349//928 1382//961 
f 1351//930 1350//929 1383//962 
f 1352//931 1351//930 1384//963 
f 1353//932 1352//931 1385//964 
f 1354//933 1353//932 1386//965 
f 1355//934 1354//933 1387//966 
f 1356//935 1355//934 1388//967 
f 1357//936 1356//935 1389//968 
f 1358//937 1357//936 1390//969 
f 1359//938 1358//937 1391//970 
f 1360//939 1359//938 1392//971 
f 1361//940 1360//939 1393//972 
f 1362//941 1361//940 1394//973 
f 1363//942 1362//941 1395//974 
f 1364//943 1363//942 1396//975 
f 1365//944 1364//943 1397//976 
f 1366//945 1365//944 1398//977 
f 1368//947 1366//945 1399//978 
f 1400//979 1368//947 1401//980 
f 1370//949 1369//948 1402//981 
f 1371//950 1370//949 1403//982 
f 1372//951 1371//950 1404//983 
f 1373//952 1372//951 1405//984 
f 1374//953 1373//952 1406//985 
f 1375//954 1374//953 1407//986 
f 1376//955 1375//954 1408//987 
f 1377//956 1376//955 1409//988 
f 1378//957 1377//956 1410//989 
f 1379//958 1378//957 1411//990 
f 1380//959 1379//958 1412//991 
f 1381//960 1380//959 1413//992 
f 1382//961 1381//960 1414//993 
f 1383//962 1382//961 1415//994 
f 1384//963 1383//962 1416//995 
f 1385//964 1384//963 1417//996 
f 1386//965 1385//964 1418//997 
f 1387//966 1386//965 1419//998 
f 1388//967 1387//966 1420//999 
f 1389//968 1388//967 1421//1000 
f 1390//969 1389//968 1422//1001 
f 1391//970 1390//969 1423//1002 
f 1392//971 1391//970 1424//1003 
f 1393//972 1392//971 1425//1004 
f 1394//973 1393//972 1426//1005 
f 1395//974 1394//973 1427//1006 
f 1396//975 1395//974 1428//1007 
f 1397//976 1396//975 1429//1008 
f 1398//977 1397//976 1430//1009 
f 1399//978 1398//977 1431//1010 
f 1401//980 1399//978 1432//1011 
f 1433//1012 1401//980 1434//1013 
f 1403//982 1402//981 1435//1014 
f 1404//983 1403//982 1436//1015 
f 1405//984 1404//983 1437//1016 
f 1406//985 1405//984 1438//1017 
f 1407//986 1406//985 1439//1018 
f 1408//987 1407//986 1440//1019 
f 1409//988 1408//987 1441//1020 
f 1410//989 1409//988 1442//1021 
f 1411//990 1410//989 1443//1022 
f 1412//991 1411//990 1444//1023 
f 1413//992 1412//991 1445//1024 
f 1414//993 1413//992 1446//1025 
f 1415//994 1414//993 1447//1026 
f 1416//995 1415//994 1448//1027 
f 1417//996 1416//995 1449//1028 
f 1418//997 1417//996 1450//1029 
f 1419//998 1418//997 1451//1030 
f 1420//999 1419//998 1452//1031 
f 1421//1000 1420//999 1453//1032 
f 1422//1001 1421//1000 1454//1033 
f 1423//1002 1422//1001 1455//1034 
f 1424//1003 1423//1002 1456//1035 
f 1425//1004 1424//1003 1457//1036 
f 1426//1005 1425//1004 1458//1037 
f 1427//1006 1426//1005 1459//1038 
f 1428//1007 1427//1006 1460//1039 
f 1429//1008 1428//1007 1461//1040 
f 1430//1009 1429//1008 1462//1041 
f 1431//1010 1430//1009 1463//1042 
f 1432//1011 1431//1010 1464//1043 
f 1434//1013 1432//1011 1465//1044 
f 1466//1045 1434//1013 1467//1046 
f 1436//1015 1435//1014 1468//1047 
f 1437//1016 1436//1015 1469//1048 
f 1438//1017 1437//1016 1470//1049 
f 1439//1018 1438//1017 1471//1050 
f 1440//1019 1439//1018 1472//1051 
f 1441//1020 1440//1019 1473//1052 
f 1442//1021 1441//1020 1474//1053 
f 1443//1022 1442//1021 1475//1054 
f 1444//1023 1443//1022 1476//1055 
f 1445//1024 1444//1023 1477//1056 
f 1446//1025 1445//1024 1478//1057 
f 1447//1026 1446//1025 1479//1058 
f 1448//1027 1447//1026 1480//1059 
f 1449//1028 1448//1027 1481//1060 
f 1450//1029 1449//1028 1482//1061 
f 1451//1030 1450//1029 1483//1062 
f 1452//1031 1451//1030 1484//1063 
f 1453//1032 1452//1031 1485//1064 
f 1454//1033 1453//1032 1486//1065 
f 1455//1034 1454//1033 1487//1066 
f 1456//1035 1455//1034 1488//1067 
f 1457//1036 1456//1035 1489//1068 
f 1458//1037 1457//1036 1490//1069 
f 1459//1038 1458//1037 1491//1070 
f 1460//1039 1459//1038 1492//1071 
f 1461//1040 1460//1039 1493//1072 
f 1462//1041 1461//1040 1494//1073 
f 1463//1042 1462//1041 1495//1074 
f 1464//1043 1463//1042 1496//1075 
f 1465//1044 1464//1043 1497//1076 
f 1467//1046 1465//1044 1498//1077 
f 1499//1078 1467//1046 1500//1079 
f 1469//1048 1468//1047 1501//1080 
f 1470//1049 1469//1048 1502//1081 
f 1471//1050 1470//1049 1503//1082 
f 1472//1051 1471//1050 1504//1083 
f 1473//1052 1472//1051 1505//1084 
f 1474//1053 1473//1052 1506//1085 
f 1475//1054 1474//1053 1507//1086 
f 1476//1055 1475//1054 1508//1087 
f 1477//1056 1476//1055 1509//1088 
f 1478//1057 1477//1056 1510//1089 
f 1479//1058 1478//1057 1511//1090 
f 1480//1059 1479//1058 1512//1091 
f 1481//1060 1480//1059 1513//1092 
f 1482//1061 1481//1060 1514//1093 
f 1483//1062 1482//1061 1515//1094 
f 1484//1063 1483//1062 1516//1095 
f 1485//1064 1484//1063 1517//1096 
f 1486//1065 1485//1064 1518//1097 
f 1487//1066 1486//1065 1519//1098 
f 1488//1067 1487//1066 1520//1099 
f 1489//1068 1488//1067 1521//1100 
f 1490//1069 1489//1068 1522//1101 
f 1491//1070 1490//1069 1523//1102 
f 1492//1071 1491//1070 1524//1103 
f 1493//1072 1492//1071 1525//1104 
f 1494//1073 1493//1072 1526//1105 
f 1495//1074 1494//1073 1527//1106 
f 1496//1075 1495//1074 1528//1107 
f 1497//1076 1496//1075 1529//1108 
f 1498//1077 1497//1076 1530//1109 
f 1500//1079 1498//1077 1531//1110 
f 1532//1111 1500//1079 1533//1112 
f 1503//1082 1502//1081 1534//1113 
f 1504//1083 1503//1082 1535//1114 
f 1505//1084 1504//1083 1536//1115 
f 1506//1085 1505//1084 1537//1116 
f 1507//1086 1506//1085 1538//1117 
f 1508//1087 1507//1086 1539//1118 
f 1509//1088 1508//1087 1540//1119 
f 1510//1089 1509//1088 1541//1120 
f 1511//1090 1510//1089 1542//1121 
f 1512//1091 1511//1090 1543//1122 
f 1513//1092 1512//1091 1544//1123 
f 1514//1093 1513//1092 1545//1124 
f 1515//1094 1514//1093 1546//1125 
f 1516//1095 1515//1094 1547//1126 
f 1517//1096 1516//1095 1548//1127 
f 1518//1097 1517//1096 1549//1128 
f 1519//1098 1518//1097 1550//1129 
f 1520//1099 1519//1098 1551//1130 
f 1521//1100 1520//1099 1552//1131 
f 1522//1101 1521//1100 1553//1132 
f 1523//1102 1522//1101 1554//1133 
f 1524//1103 1523//1102 1555//1134 
f 1525//1104 1524//1103 1556//1135 
f 1526//1105 1525//1104 1557//1136 
f 1527//1106 1526//1105 1558//1137 
f 1528//1107 1527//1106 1559//1138 
f 1529//1108 1528//1107 1560//1139 
f 1530//1109 1529//1108 1561//1140 
f 1531//1110 1530//1109 1562//1141 
f 1533//1112 1531//1110 1563//1142 
f 1535//1114 1534//1113 1564//1143 
f 1536//1115 1535//1114 1565//1144 
f 1537//1116 1536//1115 1566//1145 
f 1538//1117 1537//1116 1567//1146 
f 1539//1118 1538//1117 1568//1147 
f 1540//1119 1539//1118 1569//1148 
f 1541//1120 1540//1119 1570//1149 
f 1542//1121 1541//1120 1571//1150 
f 1543//1122 1542//1121 1572//1151 
f 1544//1123 1543//1122 1573//1152 
f 1545//1124 1544//1123 1574//1153 
f 1546//1125 1545//1124 1575//1154 
f 1547//1126 1546//1125 1576//1155 
f 1548//1127 1547//1126 1577//1156 
f 1549//1128 1548//1127 1578//1157 
f 1550//1129 1549//1128 1579//1158 
f 1551//1130 1550//1129 1580//1159 
f 1552//1131 1551//1130 1581//1160 
f 1553//1132 1552//1131 1582//1161 
f 1554//1133 1553//1132 1583//1162 
f 1555//1134 1554//1133 1584//1163 
f 1556//1135 1555//1134 1585//1164 
f 1557//1136 1556//1135 1586//1165 
f 1558//1137 1557//1136 1587//1166 
f 1559//1138 1558//1137 1588//1167 
f 1560//1139 1559//1138 1589//1168 
f 1561//1140 1560//1139 1590//1169 
f 1562//1141 1561//1140 1591//1170 
f 1563//1142 1562//1141 1592//1171 
f 1593//1172 1563//1142 1594//1173 
f 1565//1144 1564//1143 1595//1174 
f 1566//1145 1565//1144 1596//1175 
f 1567//1146 1566//1145 1597//1176 
f 1568//1147 1567//1146 1598//1177 
f 1569//1148 1568//1147 1599//1178 
f 1570//1149 1569//1148 1600//1179 
f 1571//1150 1570//1149 1601//1180 
f 1572//1151 1571//1150 1602//1181 
f 1573//1152 1572//1151 1603//1182 
f 1574//1153 1573//1152 1604//1183 
f 1575//1154 1574//1153 1605//1184 
f 1576//1155 1575//1154 1606//1185 
f 1577//1156 1576//1155 1607//1186 
f 1578//1157 1577//1156 1608//1187 
f 1579//1158 1578//1157 1609//1188 
f 1580//1159 1579//1158 1610//1189 
f 1581//1160 1580//1159 1611//1190 
f 1582//1161 1581//1160 1612//1191 
f 1583//1162 1582//1161 1613//1192 
f 1584//1163 1583//1162 1614//1193 
f 1585//1164 1584//1163 1615//1194 
f 1586//1165 1585//1164 1616//1195 
f 1587//1166 1586//1165 1617//1196 
f 1588//1167 1587//1166 1618//1197 
f 1589//1168 1588//1167 1619//1198 
f 1590//1169 1589//1168 1620//1199 
f 1591//1170 1590//1169 1621//1200 
f 1592//1171 1591//1170 1622//1201 
f 1594//1173 1592//1171 1623//1202 
f 1624//1203 1594//1173 1625//1204 
f 1596//1175 1595//1174 1626//1205 
f 1597//1176 1596//1175 1627//1206 
f 1598//1177 1597//1176 1628//1207 
f 1599//1178 1598//1177 1629//1208 
f 1600//1179 1599//1178 1630//1209 
f 1601//1180 1600//1179 1631//1210 
f 1602//1181 1601//1180 1632//1211 
f 1603//1182 1602//1181 1633//1212 
f 1604//1183 1603//1182 1634//1213 
f 1605//1184 1604//1183 1635//1214 
f 1606//1185 1605//1184 1636//1215 
f 1607//1186 1606//1185 1637//1216 
f 1608//1187 1607//1186 1638//1217 
f 1609//1188 1608//1187 1639//1218 
f 1610//1189 1609//1188 1640//1219 
f 1611//1190 1610//1189 1641//1220 
f 1612//1191 1611//1190 1642//1221 
f 1613//1192 1612//1191 1643//1222 
f 1614//1193 1613//1192 1644//1223 
f 1615//1194 1614//1193 1645//1224 
f 1616//1195 1615//1194 1646//1225 
f 1617//1196 1616//1195 1647//1226 
f 1618//1197 1617//1196 1648//1227 
f 1619//1198 1618//1197 1649//1228 
f 1620//1199 1619//1198 1650//1229 
f 1621//1200 1620//1199 1651//1230 
f 1622//1201 1621//1200 1652//1231 
f 1623//1202 1622//1201 1653//1232 
f 1625//1204 1623//1202 1654//1233 
f 1655//1234 1625//1204 1656//1235 
f 1627//1206 1626//1205 1657//1236 
f 1628//1207 1627//1206 1658//1237 
f 1629//1208 1628//1207 1659//1238 
f 1630//1209 1629//1208 1660//1239 
f 1631//1210 1630//1209 1661//1240 
f 1632//1211 1631//1210 1662//1241 
f 1633//1212 1632//1211 1663//1242 
f 1634//1213 1633//1212 1664//1243 
f 1635//1214 1634//1213 1665//1244 
f 1636//1215 1635//1214 1666//1245 
f 1637//1216 1636//1215 1667//1246 
f 1638//1217 1637//1216 1668//1247 
f 1639//1218 1638//1217 1669//1248 
f 1640//1219 1639//1218 1670//1249 
f 1641//1220 1640//1219 1671//1250 
f 1642//1221 1641//1220 1672//1251 
f 1643//1222 1642//1221 1673//1252 
f 1644//1223 1643//1222 1674//1253 
f 1645//1224 1644//1223 1675//1254 
f 1646//1225 1645//1224 1676//1255 
f 1647//1226 1646//1225 1677//1256 
f 1648//1227 1647//1226 1678//1257 
f 1649//1228 1648//1227 1679//1258 
f 1650//1229 1649//1228 1680//1259 
f 1651//1230 1650//1229 1681//1260 
f 1652//1231 1651//1230 1682//1261 
f 1653//1232 1652//1231 1683//1262 
f 1654//1233 1653//1232 1684//1263 
f 1656//1235 1654//1233 1685//1264 
f 1686//1265 1656//1235 1687//1266 
f 1658//1237 1657//1236 1688//1267 
f 1659//1238 1658//1237 1689//1268 
f 1660//1239 1659//1238 1690//1269 
f 1661//1240 1660//1239 1691//1270 
f 1662//1241 1661//1240 1692//1271 
f 1663//1242 1662//1241 1693//1272 
f 1664//1243 1663//1242 1694//1273 
f 1665//1244 1664//1243 1695//1274 
f 1666//1245 1665//1244 1696//1275 
f 1667//1246 1666//1245 1697//1276 
f 1668//1247 1667//1246 1698//1277 
f 1669//1248 1668//1247 1699//1278 
f 1670//1249 1669//1248 1700//1279 
f 1671//1250 1670//1249 1701//1280 
f 1672//1251 1671//1250 1702//1281 
f 1673//1252 1672//1251 1703//1282 
f 1674//1253 1673//1252 1704//1283 
f 1675//1254 1674//1253 1705//1284 
f 1676//1255 1675//1254 1706//1285 
f 1677//1256 1676//1255 1707//1286 
f 1678//1257 1677//1256 1708//1287 
f 1679//1258 1678//1257 1709//1288 
f 1680//1259 1679//1258 1710//1289 
f 1681//1260 1680//1259 1711//1290 
f 1682//1261 1681//1260 1712//1291 
f 1683//1262 1682//1261 1713//1292 
f 1684//1263 1683//1262 1714//1293 
f 1685//1264 1684//1263 1715//1294 
f 1687//1266 1685//1264 1716//1295 
f 1717//1296 1687//1266 1718//1297 
f 1689//1268 1688//1267 1719//1298 
f 1690//1269 1689//1268 1720//1299 
f 1691//1270 1690//1269 1721//1300 
f 1692//1271 1691//1270 1722//1301 
f 1693//1272 1692//1271 1723//1302 
f 1694//1273 1693//1272 1724//1303 
f 1695//1274 1694//1273 1725//1304 
f 1696//1275 1695//1274 1726//1305 
f 1697//1276 1696//1275 1727//1306 
f 1698//1277 1697//1276 1728//1307 
f 1699//1278 1698//1277 1729//1308 
f 1700//1279 1699//1278 1730//1309 
f 1701//1280 1700//1279 1731//1310 
f 1702//1281 1701//1280 1732//1311 
f 1703//1282 1702//1281 1733//1312 
f 1704//1283 1703//1282 1734//1313 
f 1705//1284 1704//1283 1735//1314 
f 1706//1285 1705//1284 1736//1315 
f 1707//1286 1706//1285 1737//1316 
f 1708//1287 1707//1286 1738//1317 
f 1709//1288 1708//1287 1739//1318 
f 1710//1289 1709//1288 1740//1319 
f 1711//1290 1710//1289 1741//1320 
f 1712//1291 1711//1290 1742//1321 
f 1713//1292 1712//1291 1743//1322 
f 1714//1293 1713//1292 1744//1323 
f 1715//1294 1714//1293 1745//1324 
f 1716//1295 1715//1294 1746//1325 
f 1718//1297 1716//1295 1747//1326 
f 1748//1327 1718//1297 1749//1328 
f 1720//1299 1719//1298 1750//1329 
f 1721//1300 1720//1299 1751//1330 
f 1722//1301 1721//1300 1752//1331 
f 1723//1302 1722//1301 1753//1332 
f 1724//1303 1723//1302 1754//1333 
f 1725//1304 1724//1303 1755//1334 
f 1726//1305 1725//1304 1756//1335 
f 1727//1306 1726//1305 1757//1336 
f 1728//1307 1727//1306 1758//1337 
f 1729//1308 1728//1307 1759//1338 
f 1730//1309 1729//1308 1760//1339 
f 1731//1310 1730//1309 1761//1340 
f 1732//1311 1731//1310 1762//1341 
f 1733//1312 1732//1311 1763//1342 
f 1734//1313 1733//1312 1764//1343 
f 1735//1314 1734//1313 1765//1344 
f 1736//1315 1735//1314 1766//1345 
f 1737//1316 1736//1315 1767//1346 
f 1738//1317 1737//1316 1768//1347 
f 1739//1318 1738//1317 1769//1348 
f 1740//1319 1739//1318 1770//1349 
f 1741//1320 1740//1319 1771//1350 
f 1742//1321 1741//1320 1772//1351 
f 1743//1322 1742//1321 1773//1352 
f 1744//1323 1743//1322 1774//1353 
f 1745//1324 1744//1323 1775//1354 
f 1746//1325 1745//1324 1776//1355 
f 1747//1326 1746//1325 1777//1356 
f 1749//1328 1747//1326 1778//1357 
f 1779//1358 1749//1328 1780//1359 
f 1751//1330 1750//1329 1781//1360 
f 1752//1331 1751//1330 1782//1361 
f 1753//1332 1752//1331 1783//1362 
f 1754//1333 1753//1332 1784//1363 
f 1755//1334 1754//1333 1785//1364 
f 1756//1335 1755//1334 1786//1365 
f 1757//1336 1756//1335 1787//1366 
f 1758//1337 1757//1336 1788//1367 
f 1759//1338 1758//1337 1789//1368 
f 1760//1339 1759//1338 1790//1369 
f 1761//1340 1760//1339 1791//1370 
f 1762//1341 1761//1340 1792//1371 
f 1763//1342 1762//1341 1793//1372 
f 1764//1343 1763//1342 1794//1373 
f 1765//1344 1764//1343 1795//1374 
f 1766//1345 1765//1344 1796//1375 
f 1767//1346 1766//1345 1797//1376 
f 1768//1347 1767//1346 1798//1377 
f 1769//1348 1768//1347 1799//1378 
f 1770//1349 1769//1348 1800//1379 
f 1771//1350 1770//1349 1801//1380 
f 1772//1351 1771//1350 1802//1381 
f 1773//1352 1772//1351 1803//1382 
f 1774//1353 1773//1352 1804//1383 
f 1775//1354 1774//1353 1805//1384 
f 1776//1355 1775//1354 1806//1385 
f 1777//1356 1776//1355 1807//1386 
f 1778//1357 1777//1356 1808//1387 
f 1780//1359 1778//1357 1809//1388 
f 1810//1389 1780//1359 1811//1390 
f 1783//1362 1782//1361 1812//1391 
f 1784//1363 1783//1362 1813//1392 
f 1785//1364 1784//1363 1814//1393 
f 1786//1365 1785//1364 1815//1394 
f 1787//1366 1786//1365 1816//1395 
f 1788//1367 1787//1366 1817//1396 
f 1789//1368 1788//1367 1818//1397 
f 1790//1369 1789//1368 1819//1398 
f 1791//1370 1790//1369 1820//1399 
f 1792//1371 1791//1370 1821//1400 
f 1793//1372 1792//1371 1822//1401 
f 1794//1373 1793//1372 1823//1402 
f 1795//1374 1794//1373 1824//1403 
f 1796//1375 1795//1374 1825//1404 
f 1797//1376 1796//1375 1826//1405 
f 1798//1377 1797//1376 1827//1406 
f 1799//1378 1798//1377 1828//1407 
f 1800//1379 1799//1378 1829//1408 
f 1801//1380 1800//1379 1830//1409 
f 1802//1381 1801//1380 1831//1410 
f 1803//1382 1802//1381 1832//1411 
f 1804//1383 1803//1382 1833//1412 
f 1805//1384 1804//1383 1834//1413 
f 1806//1385 1805//1384 1835//1414 
f 1807//1386 1806//1385 1836//1415 
f 1808//1387 1807//1386 1837//1416 
f 1809//1388 1808//1387 1838//1417 
f 1811//1390 1809//1388 1839//1418 
f 1813//1392 1812//1391 1840//1419 
f 1814//1393 1813//1392 1841//1420 
f 1815//1394 1814//1393 1842//1421 
f 1816//1395 1815//1394 1843//1422 
f 1817//1396 1816//1395 1844//1423 
f 1818//1397 1817//1396 1845//1424 
f 1819//1398 1818//1397 1846//1425 
f 1820//1399 1819//1398 1847//1426 
f 1821//1400 1820//1399 1848//1427 
f 1822//1401 1821//1400 1849//1428 
f 1823//1402 1822//1401 1850//1429 
f 1824//1403 1823//1402 1851//1430 
f 1825//1404 1824//1403 1852//1431 
f 1826//1405 1825//1404 1853//1432 
f 1827//1406 1826//1405 1854//1433 
f 1828//1407 1827//1406 1855//1434 
f 1829//1408 1828//1407 1856//1435 
f 1830//1409 1829//1408 1857//1436 
f 1831//1410 1830//1409 1858//1437 
f 1832//1411 1831//1410 1859//1438 
f 1833//1412 1832//1411 1860//1439 
f 1834//1413 1833//1412 1861//1440 
f 1835//1414 1834//1413 1862//1441 
f 1836//1415 1835//1414 1863//1442 
f 1837//1416 1836//1415 1864//1443 
f 1838//1417 1837//1416 1865//1444 
f 1839//1418 1838//1417 1866//1445 
f 1867//1446 1839//1418 1868//1447 
f 1841//1420 1840//1419 1869//1448 
f 1842//1421 1841//1420 1870//1449 
f 1843//1422 1842//1421 1871//1450 
f 1844//1423 1843//1422 1872//1451 
f 1845//1424 1844//1423 1873//1452 
f 1846//1425 1845//1424 1874//1453 
f 1847//1426 1846//1425 1875//1454 
f 1848//1427 1847//1426 1876//1455 
f 1849//1428 1848//1427 1877//1456 
f 1850//1429 1849//1428 1878//1457 
f 1851//1430 1850//1429 1879//1458 
f 1852//1431 1851//1430 1880//1459 
f 1853//1432 1852//1431 1881//1460 
f 1854//1433 1853//1432 1882//1461 
f 1855//1434 1854//1433 1883//1462 
f 1856//1435 1855//1434 1884//1463 
f 1857//1436 1856//1435 1885//1464 
f 1858//1437 1857//1436 1886//1465 
f 1859//1438 1858//1437 1887//1466 
f 1860//1439 1859//1438 1888//1467 
f 1861//1440 1860//1439 1889//1468 
f 1862//1441 1861//1440 1890//1469 
f 1863//1442 1862//1441 1891//1470 
f 1864//1443 1863//1442 1892//1471 
f 1865//1444 1864//1443 1893//1472 
f 1866//1445 1865//1444 1894//1473 
f 1868//1447 1866//1445 1895//1474 
f 1896//1475 1868//1447 1897//1476 
f 1870//1449 1869//1448 1898//1477 
f 1871//1450 1870//1449 1899//1478 
f 1872//1451 1871//1450 1900//1479 
f 1873//1452 1872//1451 1901//1480 
f 1874//1453 1873//1452 1902//1481 
f 1875//1454 1874//1453 1903//1482 
f 1876//1455 1875//1454 1904//1483 
f 1877//1456 1876//1455 1905//1484 
f 1878//1457 1877//1456 1906//1485 
f 1879//1458 1878//1457 1907//1486 
f 1880//1459 1879//1458 1908//1487 
f 1881//1460 1880//1459 1909//1488 
f 1882//1461 1881//1460 1910//1489 
f 1883//1462 1882//1461 1911//1490 
f 1884//1463 1883//1462 1912//1491 
f 1885//1464 1884//1463 1913//1492 
f 1886//1465 1885//1464 1914//1493 
f 1887//1466 1886//1465 1915//1494 
f 1888//1467 1887//1466 1916//1495 
f 1889//1468 1888//1467 1917//1496 
f 1890//1469 1889//1468 1918//1497 
f 1891//1470 1890//1469 1919//1498 
f 1892//1471 1891//1470 1920//1499 
f 1893//1472 1892//1471 1921//1500 
f 1894//1473 1893//1472 1922//1501 
f 1895//1474 1894//1473 1923//1502 
f 1897//1476 1895//1474 1924//1503 
f 1925//1504 1897//1476 1926//1505 
f 1899//1478 1898//1477 1927//1506 
f 1900//1479 1899//1478 1928//1507 
f 1901//1480 1900//1479 1929//1508 
f 1902//1481 1901//1480 1930//1509 
f 1903//1482 1902//1481 1931//1510 
f 1904//1483 1903//1482 1932//1511 
f 1905//1484 1904//1483 1933//1512 
f 1906//1485 1905//1484 1934//1513 
f 1907//1486 1906//1485 1935//1514 
f 1908//1487 1907//1486 1936//1515 
f 1909//1488 1908//1487 1937//1516 
f 1910//1489 1909//1488 1938//1517 
f 1911//1490 1910//1489 1939//1518 
f 1912//1491 1911//1490 1940//1519 
f 1913//1492 1912//1491 1941//1520 
f 1914//1493 1913//1492 1942//1521 
f 1915//1494 1914//1493 1943//1522 
f 1916//1495 1915//1494 1944//1523 
f 1917//1496 1916//1495 1945//1524 
f 1918//1497 1917//1496 1946//1525 
f 1919//1498 1918//1497 1947//1526 
f 1920//1499 1919//1498 1948//1527 
f 1921//1500 1920//1499 1949//1528 
f 1922//1501 1921//1500 1950//1529 
f 1923//1502 1922//1501 1951//1530 
f 1924//1503 1923//1502 1952//1531 
f 1926//1505 1924//1503 1953//1532 
f 1954//1533 1926//1505 1955//1534 
f 1928//1507 1927//1506 1956//1535 
f 1929//1508 1928//1507 1957//1536 
f 1930//1509 1929//1508 1958//1537 
f 1931//1510 1930//1509 1959//1538 
f 1932//1511 1931//1510 1960//1539 
f 1933//1512 1932//1511 1961//1540 
f 1934//1513 1933//1512 1962//1541 
f 1935//1514 1934//1513 1963//1542 
f 1936//1515 1935//1514 1964//1543 
f 1937//1516 1936//1515 1965//1544 
f 1938//1517 1937//1516 1966//1545 
f 1939//1518 1938//1517 1967//1546 
f 1940//1519 1939//1518 1968//1547 
f 1941//1520 1940//1519 1969//1548 
f 1942//1521 1941//1520 1970//1549 
f 1943//1522 1942//1521 1971//1550 
f 1944//1523 1943//1522 1972//1551 
f 1945//1524 1944//1523 1973//1552 
f 1946//1525 1945//1524 1974//1553 
f 1947//1526 1946//1525 1975//1554 
f 1948//1527 1947//1526 1976//1555 
f 1949//1528 1948//1527 1977//1556 
f 1950//1529 1949//1528 1978//1557 
f 1951//1530 1950//1529 1979//1558 
f 1952//1531 1951//1530 1980//1559 
f 1953//1532 1952//1531 1981//1560 
f 1955//1534 1953//1532 1982//1561 
f 1983//1562 1955//1534 1984//1563 
f 1957//1536 1956//1535 1985//1564 
f 1958//1537 1957//1536 1986//1565 
f 1959//1538 1958//1537 1987//1566 
f 1960//1539 1959//1538 1988//1567 
f 1961//1540 1960//1539 1989//1568 
f 1962//1541 1961//1540 1990//1569 
f 1963//1542 1962//1541 1991//1570 
f 1964//1543 1963//1542 1992//1571 
f 1965//1544 1964//1543 1993//1572 
f 1966//1545 1965//1544 1994//1573 
f 1967//1546 1966//1545 1995//1574 
f 1968//1547 1967//1546 1996//1575 
f 1969//1548 1968//1547 1997//1576 
f 1970//1549 1969//1548 1998//1577 
f 1971//1550 1970//1549 1999//1578 
f 1972//1551 1971//1550 2000//1579 
f 1973//1552 1972//1551 2001//1580 
f 1974//1553 1973//1552 2002//1581 
f 1975//1554 1974//1553 2003//1582 
f 1976//1555 1975//1554 2004//1583 
f 1977//1556 1976//1555 2005//1584 
f 1978//1557 1977//1556 2006//1585 
f 1979//1558 1978//1557 2007//1586 
f 1980//1559 1979//1558 2008//1587 
f 1981//1560 1980//1559 2009//1588 
f 1982//1561 1981//1560 2010//1589 
f 1984//1563 1982//1561 2011//1590 
f 2012//1591 1984//1563 2013//1592 
f 1986//1565 1985//1564 2014//1593 
f 1987//1566 1986//1565 2015//1594 
f 1988//1567 1987//1566 2016//1595 
f 1989//1568 1988//1567 2017//1596 
f 1990//1569 1989//1568 2018//1597 
f 1991//1570 1990//1569 2019//1598 
f 1992//1571 1991//1570 2020//1599 
f 1993//1572 1992//1571 2021//1600 
f 1994//1573 1993//1572 2022//1601 
f 1995//1574 1994//1573 2023//1602 
f 1996//1575 1995//1574 2024//1603 
f 1997//1576 1996//1575 2025//1604 
f 1998//1577 1997//1576 2026//1605 
f 1999//1578 1998//1577 2027//1606 
f 2000//1579 1999//1578 2028//1607 
f 2001//1580 2000//1579 2029//1608 
f 2002//1581 2001//1580 2030//1609 
f 2003//1582 2002//1581 2031//1610 
f 2004//1583 2003//1582 2032//1611 
f 2005//1584 2004//1583 2033//1612 
f 2006//1585 2005//1584 2034//1613 
f 2007//1586 2006//1585 2035//1614 
f 2008//1587 2007//1586 2036//1615 
f 2009//1588 2008//1587 2037//1616 
f 2010//1589 2009//1588 2038//1617 
f 2011//1590 2010//1589 2039//1618 
f 2013//1592 2011//1590 2040//1619 
f 2041//1620 2013//1592 2042//1621 
f 2015//1594 2014//1593 2043//1622 
f 2016//1595 2015//1594 2044//1623 
f 2017//1596 2016//1595 2045//1624 
f 2018//1597 2017//1596 2046//1625 
f 2019//1598 2018//1597 2047//1626 
f 2020//1599 2019//1598 2048//1627 
f 2021//1600 2020//1599 2049//1628 
f 2022//1601 2021//1600 2050//1629 
f 2023//1602 2022//1601 2051//1630 
f 2024//1603 2023//1602 2052//1631 
f 2025//1604 2024//1603 2053//1632 
f 2026//1605 2025//1604 2054//1633 
f 2027//1606 2026//1605 2055//1634 
f 2028//1607 2027//1606 2056//1635 
f 2029//1608 2028//1607 2057//1636 
f 2030//1609 2029//1608 2058//1637 
f 2031//1610 2030//1609 2059//1638 
f 2032//1611 2031//1610 2060//1639 
f 2033//1612 2032//1611 2061//1640 
f 2034//1613 2033//1612 2062//1641 
f 2035//1614 2034//1613 2063//1642 
f 2036//1615 2035//1614 2064//1643 
f 2037//1616 2036//1615 2065//1644 
f 2038//1617 2037//1616 2066//1645 
f 2039//1618 2038//1617 2067//1646 
f 2040//1619 2039//1618 2068//1647 
f 2042//1621 2040//1619 2069//1648 
f 2070//1649 2042//1621 2071//1650 
f 2044//1623 2043//1622 2072//1651 
f 2045//1624 2044//1623 2073//1652 
f 2046//1625 2045//1624 2074//1653 
f 2047//1626 2046//1625 2075//1654 
f 2048//1627 2047//1626 2076//1655 
f 2049//1628 2048//1627 2077//1656 
f 2050//1629 2049//1628 2078//1657 
f 2051//1630 2050//1629 2079//1658 
f 2052//1631 2051//1630 2080//1659 
f 2053//1632 2052//1631 2081//1660 
f 2054//1633 2053//1632 2082//1661 
f 2055//1634 2054//1633 2083//1662 
f 2056//1635 2055//1634 2084//1663 
f 2057//1636 2056//1635 2085//1664 
f 2058//1637 2057//1636 2086//1665 
f 2059//1638 2058//1637 2087//1666 
f 2060//1639 2059//1638 2088//1667 
f 2061//1640 2060//1639 2089//1668 
f 2062//1641 2061//1640 2090//1669 
f 2063//1642 2062//1641 2091//1670 
f 2064//1643 2063//1642 2092//1671 
f 2065//1644 2064//1643 2093//1672 
f 2066//1645 2065//1644 2094//1673 
f 2067//1646 2066//1645 2095//1674 
f 2068//1647 2067//1646 2096//1675 
f 2069//1648 2068//1647 2097//1676 
f 2071//1650 2069//1648 2098//1677 
f 2099//1678 2071//1650 2100//1679 
f 2073//1652 2072//1651 2101//1680 
f 2074//1653 2073//1652 2102//1681 
f 2075//1654 2074//1653 2103//1682 
f 2076//1655 2075//1654 2104//1683 
f 2077//1656 2076//1655 2105//1684 
f 2078//1657 2077//1656 2106//1685 
f 2079//1658 2078//1657 2107//1686 
f 2080//1659 2079//1658 2108//1687 
f 2081//1660 2080//1659 2109//1688 
f 2082//1661 2081//1660 2110//1689 
f 2083//1662 2082//1661 2111//1690 
f 2084//1663 2083//1662 2112//1691 
f 2085//1664 2084//1663 2113//1692 
f 2086//1665 2085//1664 2114//1693 
f 2087//1666 2086//1665 2115//1694 
f 2088//1667 2087//1666 2116//1695 
f 2089//1668 2088//1667 2117//1696 
f 2090//1669 2089//1668 2118//1697 
f 2091//1670 2090//1669 2119//1698 
f 2092//1671 2091//1670 2120//1699 
f 2093//1672 2092//1671 2121//1700 
f 2094//1673 2093//1672 2122//1701 
f 2095//1674 2094//1673 2123//1702 
f 2096//1675 2095//1674 2124//1703 
f 2097//1676 2096//1675 2125//1704 
f 2098//1677 2097//1676 2126//1705 
f 2100//1679 2098//1677 2127//1706 
f 2128//1707 2100//1679 2129//1708 
f 2102//1681 2101//1680 2130//1709 
f 2103//1682 2102//1681 2131//1710 
f 2104//1683 2103//1682 2132//1711 
f 2105//1684 2104//1683 2133//1712 
f 2106//1685 2105//1684 2134//1713 
f 2107//1686 2106//1685 2135//1714 
f 2108//1687 2107//1686 2136//1715 
f 2109//1688 2108//1687 2137//1716 
f 2110//1689 2109//1688 2138//1717 
f 2111//1690 2110//1689 2139//1718 
f 2112//1691 2111//1690 2140//1719 
f 2113//1692 2112//1691 2141//1720 
f 2114//1693 2113//1692 2142//1721 
f 2115//1694 2114//1693 2143//1722 
f 2116//1695 2115//1694 2144//1723 
f 2117//1696 2116//1695 2145//1724 
f 2118//1697 2117//1696 2146//1725 
f 2119//1698 2118//1697 2147//1726 
f 2120//1699 2119//1698 2148//1727 
f 2121//1700 2120//1699 2149//1728 
f 2122//1701 2121//1700 2150//1729 
f 2123//1702 2122//1701 2151//1730 
f 2124//1703 2123//1702 2152//1731 
f 2125//1704 2124//1703 2153//1732 
f 2126//1705 2125//1704 2154//1733 
f 2127//1706 2126//1705 2155//1734 
f 2129//1708 2127//1706 2156//1735 
f 2157//1736 2129//1708 2158//1737 
f 2131//1710 2130//1709 292//1738 
f 2131//1710 294//1739 286//1740 
f 2132//1711 286//1740 285//1741 
f 2133//1712 285//1741 288//1742 
f 2135//1714 2134//1713 288//1742 
f 2136//1715 2135//1714 290//1743 
f 2137//1716 2136//1715 271//1744 
f 2138//1717 2137//1716 270//1745 
f 2139//1718 2138//1717 273//1746 
f 2139//1718 256//1747 255//1748 
f 2141//1720 2140//1719 255//1748 
f 2142//1721 2141//1720 258//1749 
f 2143//1722 2142//1721 251//1750 
f 2143//1722 250//1751 253//1752 
f 2145//1724 2144//1723 253//1752 
f 2145//1724 262//1753 261//1754 
f 2147//1726 2146//1725 261//1754 
f 2148//1727 2147//1726 264//1755 
f 2149//1728 2148//1727 266//1756 
f 2150//1729 2149//1728 268//1757 
f 2150//1729 277//1758 279//1759 
f 2151//1730 279//1759 281//1760 
f 2153//1732 2152//1731 281//1760 
f 2154//1733 2153//1732 283//1761 
f 2154//1733 298//1762 300//1763 
f 2156//1735 2155//1734 300//1763 
f 2156//1735 302//1764 304//1765 
f 2159//1766 2158//1737 304//1765 
f 306//1767 308//1768 352//1769 
f 352//1769 2159//1766 306//1767 
f 2159//1766 353//1770 354//1771 
f 354//1771 2157//1736 2159//1766 
f 2128//1707 2157//1736 355//1772 
f 2157//1736 356//1773 355//1772 
f 2099//1678 2128//1707 357//1774 
f 2128//1707 358//1775 357//1774 
f 357//1774 359//1776 2099//1678 
f 2099//1678 360//1777 361//1778 
f 361//1778 2070//1649 2099//1678 
f 2070//1649 362//1779 363//1780 
f 363//1780 2041//1620 2070//1649 
f 2012//1591 2041//1620 364//1781 
f 2041//1620 365//1782 364//1781 
f 364//1781 366//1783 2012//1591 
f 2012//1591 367//1784 368//1785 
f 368//1785 1983//1562 2012//1591 
f 1983//1562 369//1786 370//1787 
f 370//1787 1954//1533 1983//1562 
f 1925//1504 1954//1533 371//1788 
f 1954//1533 372//1789 371//1788 
f 1896//1475 1925//1504 373//1790 
f 1925//1504 374//1791 373//1790 
f 373//1790 375//1792 1896//1475 
f 1896//1475 376//1793 377//1794 
f 377//1794 1867//1446 1896//1475 
f 1811//1390 378//1795 379//1796 
f 1867//1446 380//1797 378//1795 
f 378//1795 1811//1390 1867//1446 
f 1810//1389 381//1798 382//1799 
f 2160//1800 383//1801 381//1798 
f 381//1798 1810//1389 2160//1800 
f 1779//1358 1810//1389 384//1802 
f 1810//1389 385//1803 384//1802 
f 1779//1358 386//1804 387//1805 
f 1779//1358 388//1806 386//1804 
f 387//1805 1748//1327 1779//1358 
f 1748//1327 389//1807 390//1808 
f 390//1808 1717//1296 1748//1327 
f 1686//1265 1717//1296 391//1809 
f 1717//1296 392//1810 391//1809 
f 1686//1265 393//1811 394//1812 
f 1686//1265 395//1813 393//1811 
f 394//1812 1655//1234 1686//1265 
f 1655//1234 396//1814 397//1815 
f 397//1815 1624//1203 1655//1234 
f 1593//1172 1624//1203 398//1816 
f 1624//1203 399//1817 398//1816 
f 1533//1112 1593//1172 400//1818 
f 1593//1172 401//1819 400//1818 
f 1593//1172 402//1820 401//1819 
f 2161//1821 400//1818 403//1822 
f 2161//1821 404//1823 405//1824 
f 405//1824 1532//1111 2161//1821 
f 1532//1111 406//1825 407//1826 
f 407//1826 1499//1078 1532//1111 
f 1466//1045 1499//1078 408//1827 
f 1499//1078 409//1828 408//1827 
f 408//1827 410//1829 1466//1045 
f 1466//1045 411//1830 412//1831 
f 412//1831 1433//1012 1466//1045 
f 1433//1012 413//1832 414//1833 
f 414//1833 1400//979 1433//1012 
f 1367//946 1400//979 415//1834 
f 1400//979 416//1835 415//1834 
f 1303//882 1367//946 417//1836 
f 1367//946 418//1837 417//1836 
f 1367//946 419//1838 418//1837 
f 2162//1839 417//1836 420//1840 
f 1302//881 2162//1839 421//1841 
f 2162//1839 422//1842 421//1841 
f 421//1841 423//1843 1302//881 
f 1302//881 424//1844 425//1845 
f 425//1845 1267//846 1302//881 
f 1267//846 426//1846 427//1847 
f 427//1847 1232//811 1267//846 
f 1197//776 1232//811 428//1848 
f 1232//811 429//1849 428//1848 
f 428//1848 430//1850 1197//776 
f 1197//776 431//1851 432//1852 
f 432//1852 1162//741 1197//776 
f 1094//673 1162//741 433//1853 
f 1162//741 434//1854 433//1853 
f 1162//741 435//1855 434//1854 
f 1093//672 2163//1856 436//1857 
f 2163//1856 437//1858 436//1857 
f 436//1857 438//1859 1093//672 
f 1093//672 439//1860 440//1861 
f 440//1861 1056//635 1093//672 
f 1019//598 1056//635 441//1862 
f 1056//635 442//1863 441//1862 
f 982//561 1019//598 443//1864 
f 1019//598 444//1865 443//1864 
f 443//1864 445//1866 982//561 
f 910//489 446//1867 447//1868 
f 982//561 448//1869 446//1867 
f 446//1867 910//489 982//561 
f 2164//1870 449//1871 450//1872 
f 450//1872 909//488 2164//1870 
f 870//449 909//488 451//1873 
f 909//488 452//1874 451//1873 
f 451//1873 453//1875 870//449 
f 870//449 454//1876 455//1877 
f 455//1877 831//410 870//449 
f 831//410 456//1878 457//1879 
f 457//1879 792//371 831//410 
f 716//295 792//371 458//1880 
f 458//1880 459//1881 716//295 
f 792//371 460//1882 458//1880 
f 2165//1883 459//1881 461//1884 
f 2165//1883 462//1885 463//1886 
f 463//1886 715//294 2165//1883 
f 715//294 464//1887 465//1888 
f 465//1888 674//253 715//294 
f 633//212 674//253 466//1889 
f 674//253 467//1890 466//1889 
f 466//1889 468//1891 633//212 
f 633//212 469//1892 470//1893 
f 470//1893 553//131 633//212 
f 554//133 513//91 10//1894 
f 513//91 5//90 10//1894 
f 554//133 234//1895 229//1896 
f 229//1896 594//173 554//133 
f 554//133 225//1897 234//1895 
f 635//214 594//173 245//1898 
f 594//173 226//1899 245//1898 
f 676//255 635//214 239//1900 
f 635//214 246//1901 239//1900 
f 676//255 238//1902 242//1903 
f 677//256 241//1904 233//1905 
f 677//256 676//255 241//1904 
f 233//1905 717//296 677//256 
f 755//334 717//296 224//1906 
f 717//296 230//1907 224//1906 
f 794//373 755//334 216//1908 
f 755//334 222//1909 216//1908 
f 794//373 219//1910 213//1911 
f 213//1911 833//412 794//373 
f 794//373 215//1912 219//1910 
f 872//451 833//412 203//1913 
f 833//412 211//1914 203//1913 
f 911//490 873//452 207//1915 
f 873//452 872//451 199//1916 
f 199//1916 207//1915 873//452 
f 911//490 208//1917 197//1918 
f 197//1918 947//526 911//490 
f 911//490 204//1919 208//1917 
f 947//526 194//1920 193//1921 
f 193//1921 984//563 947//526 
f 1021//600 984//563 189//1922 
f 984//563 190//1923 189//1922 
f 1021//600 185//1924 184//1925 
f 184//1925 1058//637 1021//600 
f 1021//600 186//1926 185//1924 
f 1059//638 1058//637 182//1927 
f 182//1927 1095//674 1059//638 
f 182//1927 180//1928 1095//674 
f 1129//708 1095//674 172//1929 
f 1095//674 177//1930 172//1929 
f 1129//708 173//1931 167//1932 
f 167//1932 1164//743 1129//708 
f 1129//708 169//1933 173//1931 
f 1199//778 1164//743 160//1934 
f 1164//743 165//1935 160//1934 
f 1234//813 1199//778 146//1936 
f 1199//778 158//1937 146//1936 
f 1234//813 152//1938 128//1939 
f 128//1939 1269//848 1234//813 
f 1234//813 145//1940 152//1938 
f 1269//848 120//1941 127//1942 
f 1270//849 1269//848 130//1943 
f 130//1943 1304//883 1270//849 
f 130//1943 136//1944 1304//883 
f 1304//883 137//1945 154//1946 
f 154//1946 1336//915 1304//883 
f 1369//948 1336//915 157//1947 
f 1336//915 161//1948 157//1947 
f 1402//981 1369//948 142//1949 
f 1369//948 155//1950 142//1949 
f 1402//981 149//1951 134//1952 
f 134//1952 1435//1014 1402//981 
f 1402//981 141//1953 149//1951 
f 1468//1047 1435//1014 126//1954 
f 1435//1014 131//1955 126//1954 
f 1501//1080 1468//1047 119//1956 
f 1468//1047 123//1957 119//1956 
f 1501//1080 117//1958 115//1959 
f 1502//1081 1501//1080 113//1960 
f 113//1960 1534//1113 1502//1081 
f 113//1960 110//1961 1534//1113 
f 1534//1113 111//1962 107//1963 
f 107//1963 1564//1143 1534//1113 
f 1595//1174 1564//1143 103//1964 
f 1564//1143 104//1965 103//1964 
f 1626//1205 1595//1174 99//1966 
f 99//1966 98//1967 1626//1205 
f 1595//1174 100//1968 99//1966 
f 1626//1205 94//1969 93//1970 
f 93//1970 1657//1236 1626//1205 
f 1688//1267 1657//1236 89//1971 
f 1657//1236 90//1972 89//1971 
f 1719//1298 1688//1267 82//1973 
f 82//1973 81//1974 1719//1298 
f 1688//1267 87//1975 82//1973 
f 1719//1298 73//1976 57//1977 
f 57//1977 1750//1329 1719//1298 
f 1781//1360 1750//1329 61//1978 
f 1750//1329 54//1979 69//1980 
f 69//1980 61//1978 1750//1329 
f 1812//1391 1782//1361 70//1981 
f 1782//1361 1781//1360 60//1982 
f 60//1982 70//1981 1782//1361 
f 1840//1419 1812//1391 78//1983 
f 1812//1391 83//1984 78//1983 
f 1840//1419 79//1985 67//1986 
f 67//1986 1869//1448 1840//1419 
f 1840//1419 75//1987 79//1985 
f 1869//1448 64//1988 53//1989 
f 53//1989 1898//1477 1869//1448 
f 1927//1506 1898//1477 49//1990 
f 1898//1477 50//1991 49//1990 
f 1956//1535 1927//1506 42//1992 
f 1927//1506 47//1993 42//1992 
f 1956//1535 45//1994 39//1995 
f 39//1995 1985//1564 1956//1535 
f 1956//1535 41//1996 45//1994 
f 2014//1593 1985//1564 35//1997 
f 1985//1564 36//1998 35//1997 
f 2043//1622 2014//1593 30//1999 
f 2014//1593 32//2000 30//1999 
f 2043//1622 31//2001 25//2002 
f 25//2002 2072//1651 2043//1622 
f 2043//1622 27//2003 31//2001 
f 2072//1651 22//2004 18//2005 
f 18//2005 2101//1680 2072//1651 
f 2130//1709 2101//1680 14//2006 
f 2101//1680 15//2007 14//2006 
f 292//1738 2130//1709 21//2008 
f 2130//1709 11//2009 21//2008 
f 21//2008 20//2010 292//1738 
f 14//2006 11//2009 2130//1709 
f 18//2005 15//2007 2101//1680 
f 25//2002 22//2004 2072//1651 
f 30//1999 27//2003 2043//1622 
f 35//1997 32//2000 2014//1593 
f 39//1995 36//1998 1985//1564 
f 42//1992 41//1996 1956//1535 
f 49//1990 47//1993 1927//1506 
f 53//1989 50//1991 1898//1477 
f 67//1986 64//1988 1869//1448 
f 78//1983 75//1987 1840//1419 
f 70//1981 83//1984 1812//1391 
f 60//1982 1781//1360 71//2011 
f 61//1978 71//2011 1781//1360 
f 57//1977 54//1979 1750//1329 
f 81//1974 73//1976 1719//1298 
f 89//1971 87//1975 1688//1267 
f 93//1970 90//1972 1657//1236 
f 98//1967 94//1969 1626//1205 
f 103//1964 100//1968 1595//1174 
f 107//1963 104//1965 1564//1143 
f 110//1961 111//1962 1534//1113 
f 115//1959 113//1960 1501//1080 
f 119//1956 117//1958 1501//1080 
f 126//1954 123//1957 1468//1047 
f 134//1952 131//1955 1435//1014 
f 142//1949 141//1953 1402//981 
f 157//1947 155//1950 1369//948 
f 154//1946 161//1948 1336//915 
f 136//1944 137//1945 1304//883 
f 127//1942 130//1943 1269//848 
f 128//1939 120//1941 1269//848 
f 146//1936 145//1940 1234//813 
f 160//1934 158//1937 1199//778 
f 167//1932 165//1935 1164//743 
f 172//1929 169//1933 1129//708 
f 180//1928 177//1930 1095//674 
f 182//1927 1058//637 174//2012 
f 184//1925 174//2012 1058//637 
f 189//1922 186//1926 1021//600 
f 193//1921 190//1923 984//563 
f 197//1918 194//1920 947//526 
f 207//1915 204//1919 911//490 
f 199//1916 872//451 200//2013 
f 203//1913 200//2013 872//451 
f 213//1911 211//1914 833//412 
f 216//1908 215//1912 794//373 
f 224//1906 222//1909 755//334 
f 233//1905 230//1907 717//296 
f 242//1903 241//1904 676//255 
f 239//1900 238//1902 676//255 
f 245//1898 246//1901 635//214 
f 229//1896 226//1899 594//173 
f 10//1894 225//1897 554//133 
f 470//1893 351//132 553//131 
f 468//1891 469//1892 633//212 
f 465//1888 467//1890 674//253 
f 463//1886 464//1887 715//294 
f 461//1884 462//1885 2165//1883 
f 459//1881 2165//1883 716//295 
f 457//1879 460//1882 792//371 
f 455//1877 456//1878 831//410 
f 453//1875 454//1876 870//449 
f 450//1872 452//1874 909//488 
f 449//1871 2164//1870 447//1868 
f 447//1868 2164//1870 910//489 
f 445//1866 448//1869 982//561 
f 441//1862 444//1865 1019//598 
f 440//1861 442//1863 1056//635 
f 438//1859 439//1860 1093//672 
f 437//1858 2163//1856 433//1853 
f 433//1853 2163//1856 1094//673 
f 432//1852 435//1855 1162//741 
f 430//1850 431//1851 1197//776 
f 427//1847 429//1849 1232//811 
f 425//1845 426//1846 1267//846 
f 423//1843 424//1844 1302//881 
f 420//1840 422//1842 2162//1839 
f 417//1836 2162//1839 1303//882 
f 415//1834 419//1838 1367//946 
f 414//1833 416//1835 1400//979 
f 412//1831 413//1832 1433//1012 
f 410//1829 411//1830 1466//1045 
f 407//1826 409//1828 1499//1078 
f 405//1824 406//1825 1532//1111 
f 403//1822 404//1823 2161//1821 
f 400//1818 2161//1821 1533//1112 
f 398//1816 402//1820 1593//1172 
f 397//1815 399//1817 1624//1203 
f 394//1812 396//1814 1655//1234 
f 391//1809 395//1813 1686//1265 
f 390//1808 392//1810 1717//1296 
f 387//1805 389//1807 1748//1327 
f 384//1802 388//1806 1779//1358 
f 382//1799 385//1803 1810//1389 
f 383//1801 2160//1800 379//1796 
f 379//1796 2160//1800 1811//1390 
f 377//1794 380//1797 1867//1446 
f 375//1792 376//1793 1896//1475 
f 371//1788 374//1791 1925//1504 
f 370//1787 372//1789 1954//1533 
f 368//1785 369//1786 1983//1562 
f 366//1783 367//1784 2012//1591 
f 363//1780 365//1782 2041//1620 
f 361//1778 362//1779 2070//1649 
f 359//1776 360//1777 2099//1678 
f 355//1772 358//1775 2128//1707 
f 354//1771 356//1773 2157//1736 
f 352//1769 353//1770 2159//1766 
f 304//1765 306//1767 2159//1766 
f 304//1765 2158//1737 2156//1735 
f 300//1763 302//1764 2156//1735 
f 300//1763 2155//1734 2154//1733 
f 283//1761 298//1762 2154//1733 
f 281//1760 283//1761 2153//1732 
f 281//1760 2152//1731 2151//1730 
f 279//1759 2151//1730 2150//1729 
f 268//1757 277//1758 2150//1729 
f 266//1756 268//1757 2149//1728 
f 264//1755 266//1756 2148//1727 
f 261//1754 264//1755 2147//1726 
f 261//1754 2146//1725 2145//1724 
f 253//1752 262//1753 2145//1724 
f 253//1752 2144//1723 2143//1722 
f 251//1750 250//1751 2143//1722 
f 258//1749 251//1750 2142//1721 
f 255//1748 258//1749 2141//1720 
f 255//1748 2140//1719 2139//1718 
f 273//1746 256//1747 2139//1718 
f 270//1745 273//1746 2138//1717 
f 271//1744 270//1745 2137//1716 
f 290//1743 271//1744 2136//1715 
f 288//1742 290//1743 2135//1714 
f 288//1742 2134//1713 2133//1712 
f 285//1741 2133//1712 2132//1711 
f 286//1740 2132//1711 2131//1710 
f 292//1738 294//1739 2131//1710 
f 2158//1737 2159//1766 2157//1736 
f 2156//1735 2158//1737 2129//1708 
f 2155//1734 2156//1735 2127//1706 
f 2154//1733 2155//1734 2126//1705 
f 2153//1732 2154//1733 2125//1704 
f 2152//1731 2153//1732 2124//1703 
f 2151//1730 2152//1731 2123//1702 
f 2150//1729 2151//1730 2122//1701 
f 2149//1728 2150//1729 2121//1700 
f 2148//1727 2149//1728 2120//1699 
f 2147//1726 2148//1727 2119//1698 
f 2146//1725 2147//1726 2118//1697 
f 2145//1724 2146//1725 2117//1696 
f 2144//1723 2145//1724 2116//1695 
f 2143//1722 2144//1723 2115//1694 
f 2142//1721 2143//1722 2114//1693 
f 2141//1720 2142//1721 2113//1692 
f 2140//1719 2141//1720 2112//1691 
f 2139//1718 2140//1719 2111//1690 
f 2138//1717 2139//1718 2110//1689 
f 2137//1716 2138//1717 2109//1688 
f 2136//1715 2137//1716 2108//1687 
f 2135//1714 2136//1715 2107//1686 
f 2134//1713 2135//1714 2106//1685 
f 2133//1712 2134//1713 2105//1684 
f 2132//1711 2133//1712 2104//1683 
f 2131//1710 2132//1711 2103//1682 
f 2130//1709 2131//1710 2102//1681 
f 2129//1708 2157//1736 2128//1707 
f 2127//1706 2129//1708 2100//1679 
f 2126//1705 2127//1706 2098//1677 
f 2125//1704 2126//1705 2097//1676 
f 2124//1703 2125//1704 2096//1675 
f 2123//1702 2124//1703 2095//1674 
f 2122//1701 2123//1702 2094//1673 
f 2121//1700 2122//1701 2093//1672 
f 2120//1699 2121//1700 2092//1671 
f 2119//1698 2120//1699 2091//1670 
f 2118//1697 2119//1698 2090//1669 
f 2117//1696 2118//1697 2089//1668 
f 2116//1695 2117//1696 2088//1667 
f 2115//1694 2116//1695 2087//1666 
f 2114//1693 2115//1694 2086//1665 
f 2113//1692 2114//1693 2085//1664 
f 2112//1691 2113//1692 2084//1663 
f 2111//1690 2112//1691 2083//1662 
f 2110//1689 2111//1690 2082//1661 
f 2109//1688 2110//1689 2081//1660 
f 2108//1687 2109//1688 2080//1659 
f 2107//1686 2108//1687 2079//1658 
f 2106//1685 2107//1686 2078//1657 
f 2105//1684 2106//1685 2077//1656 
f 2104//1683 2105//1684 2076//1655 
f 2103//1682 2104//1683 2075//1654 
f 2102//1681 2103//1682 2074//1653 
f 2101//1680 2102//1681 2073//1652 
f 2100//1679 2128//1707 2099//1678 
f 2098//1677 2100//1679 2071//1650 
f 2097//1676 2098//1677 2069//1648 
f 2096//1675 2097//1676 2068//1647 
f 2095//1674 2096//1675 2067//1646 
f 2094//1673 2095//1674 2066//1645 
f 2093//1672 2094//1673 2065//1644 
f 2092//1671 2093//1672 2064//1643 
f 2091//1670 2092//1671 2063//1642 
f 2090//1669 2091//1670 2062//1641 
f 2089//1668 2090//1669 2061//1640 
f 2088//1667 2089//1668 2060//1639 
f 2087//1666 2088//1667 2059//1638 
f 2086//1665 2087//1666 2058//1637 
f 2085//1664 2086//1665 2057//1636 
f 2084//1663 2085//1664 2056//1635 
f 2083//1662 2084//1663 2055//1634 
f 2082//1661 2083//1662 2054//1633 
f 2081//1660 2082//1661 2053//1632 
f 2080//1659 2081//1660 2052//1631 
f 2079//1658 2080//1659 2051//1630 
f 2078//1657 2079//1658 2050//1629 
f 2077//1656 2078//1657 2049//1628 
f 2076//1655 2077//1656 2048//1627 
f 2075//1654 2076//1655 2047//1626 
f 2074//1653 2075//1654 2046//1625 
f 2073//1652 2074//1653 2045//1624 
f 2072//1651 2073//1652 2044//1623 
f 2071//1650 2099//1678 2070//1649 
f 2069//1648 2071//1650 2042//1621 
f 2068//1647 2069//1648 2040//1619 
f 2067//1646 2068//1647 2039//1618 
f 2066//1645 2067//1646 2038//1617 
f 2065//1644 2066//1645 2037//1616 
f 2064//1643 2065//1644 2036//1615 
f 2063//1642 2064//1643 2035//1614 
f 2062//1641 2063//1642 2034//1613 
f 2061//1640 2062//1641 2033//1612 
f 2060//1639 2061//1640 2032//1611 
f 2059//1638 2060//1639 2031//1610 
f 2058//1637 2059//1638 2030//1609 
f 2057//1636 2058//1637 2029//1608 
f 2056//1635 2057//1636 2028//1607 
f 2055//1634 2056//1635 2027//1606 
f 2054//1633 2055//1634 2026//1605 
f 2053//1632 2054//1633 2025//1604 
f 2052//1631 2053//1632 2024//1603 
f 2051//1630 2052//1631 2023//1602 
f 2050//1629 2051//1630 2022//1601 
f 2049//1628 2050//1629 2021//1600 
f 2048//1627 2049//1628 2020//1599 
f 2047//1626 2048//1627 2019//1598 
f 2046//1625 2047//1626 2018//1597 
f 2045//1624 2046//1625 2017//1596 
f 2044//1623 2045//1624 2016//1595 
f 2043//1622 2044//1623 2015//1594 
f 2042//1621 2070//1649 2041//1620 
f 2040//1619 2042//1621 2013//1592 
f 2039//1618 2040//1619 2011//1590 
f 2038//1617 2039//1618 2010//1589 
f 2037//1616 2038//1617 2009//1588 
f 2036//1615 2037//1616 2008//1587 
f 2035//1614 2036//1615 2007//1586 
f 2034//1613 2035//1614 2006//1585 
f 2033//1612 2034//1613 2005//1584 
f 2032//1611 2033//1612 2004//1583 
f 2031//1610 2032//1611 2003//1582 
f 2030//1609 2031//1610 2002//1581 
f 2029//1608 2030//1609 2001//1580 
f 2028//1607 2029//1608 2000//1579 
f 2027//1606 2028//1607 1999//1578 
f 2026//1605 2027//1606 1998//1577 
f 2025//1604 2026//1605 1997//1576 
f 2024//1603 2025//1604 1996//1575 
f 2023//1602 2024//1603 1995//1574 
f 2022//1601 2023//1602 1994//1573 
f 2021//1600 2022//1601 1993//1572 
f 2020//1599 2021//1600 1992//1571 
f 2019//1598 2020//1599 1991//1570 
f 2018//1597 2019//1598 1990//1569 
f 2017//1596 2018//1597 1989//1568 
f 2016//1595 2017//1596 1988//1567 
f 2015//1594 2016//1595 1987//1566 
f 2014//1593 2015//1594 1986//1565 
f 2013//1592 2041//1620 2012//1591 
f 2011//1590 2013//1592 1984//1563 
f 2010//1589 2011//1590 1982//1561 
f 2009//1588 2010//1589 1981//1560 
f 2008//1587 2009//1588 1980//1559 
f 2007//1586 2008//1587 1979//1558 
f 2006//1585 2007//1586 1978//1557 
f 2005//1584 2006//1585 1977//1556 
f 2004//1583 2005//1584 1976//1555 
f 2003//1582 2004//1583 1975//1554 
f 2002//1581 2003//1582 1974//1553 
f 2001//1580 2002//1581 1973//1552 
f 2000//1579 2001//1580 1972//1551 
f 1999//1578 2000//1579 1971//1550 
f 1998//1577 1999//1578 1970//1549 
f 1997//1576 1998//1577 1969//1548 
f 1996//1575 1997//1576 1968//1547 
f 1995//1574 1996//1575 1967//1546 
f 1994//1573 1995//1574 1966//1545 
f 1993//1572 1994//1573 1965//1544 
f 1992//1571 1993//1572 1964//1543 
f 1991//1570 1992//1571 1963//1542 
f 1990//1569 1991//1570 1962//1541 
f 1989//1568 1990//1569 1961//1540 
f 1988//1567 1989//1568 1960//1539 
f 1987//1566 1988//1567 1959//1538 
f 1986//1565 1987//1566 1958//1537 
f 1985//1564 1986//1565 1957//1536 
f 1984//1563 2012//1591 1983//1562 
f 1982//1561 1984//1563 1955//1534 
f 1981//1560 1982//1561 1953//1532 
f 1980//1559 1981//1560 1952//1531 
f 1979//1558 1980//1559 1951//1530 
f 1978//1557 1979//1558 1950//1529 
f 1977//1556 1978//1557 1949//1528 
f 1976//1555 1977//1556 1948//1527 
f 1975//1554 1976//1555 1947//1526 
f 1974//1553 1975//1554 1946//1525 
f 1973//1552 1974//1553 1945//1524 
f 1972//1551 1973//1552 1944//1523 
f 1971//1550 1972//1551 1943//1522 
f 1970//1549 1971//1550 1942//1521 
f 1969//1548 1970//1549 1941//1520 
f 1968//1547 1969//1548 1940//1519 
f 1967//1546 1968//1547 1939//1518 
f 1966//1545 1967//1546 1938//1517 
f 1965//1544 1966//1545 1937//1516 
f 1964//1543 1965//1544 1936//1515 
f 1963//1542 1964//1543 1935//1514 
f 1962//1541 1963//1542 1934//1513 
f 1961//1540 1962//1541 1933//1512 
f 1960//1539 1961//1540 1932//1511 
f 1959//1538 1960//1539 1931//1510 
f 1958//1537 1959//1538 1930//1509 
f 1957//1536 1958//1537 1929//1508 
f 1956//1535 1957//1536 1928//1507 
f 1955//1534 1983//1562 1954//1533 
f 1953//1532 1955//1534 1926//1505 
f 1952//1531 1953//1532 1924//1503 
f 1951//1530 1952//1531 1923//1502 
f 1950//1529 1951//1530 1922//1501 
f 1949//1528 1950//1529 1921//1500 
f 1948//1527 1949//1528 1920//1499 
f 1947//1526 1948//1527 1919//1498 
f 1946//1525 1947//1526 1918//1497 
f 1945//1524 1946//1525 1917//1496 
f 1944//1523 1945//1524 1916//1495 
f 1943//1522 1944//1523 1915//1494 
f 1942//1521 1943//1522 1914//1493 
f 1941//1520 1942//1521 1913//1492 
f 1940//1519 1941//1520 1912//1491 
f 1939//1518 1940//1519 1911//1490 
f 1938//1517 1939//1518 1910//1489 
f 1937//1516 1938//1517 1909//1488 
f 1936//1515 1937//1516 1908//1487 
f 1935//1514 1936//1515 1907//1486 
f 1934//1513 1935//1514 1906//1485 
f 1933//1512 1934//1513 1905//1484 
f 1932//1511 1933//1512 1904//1483 
f 1931//1510 1932//1511 1903//1482 
f 1930//1509 1931//1510 1902//1481 
f 1929//1508 1930//1509 1901//1480 
f 1928//1507 1929//1508 1900//1479 
f 1927//1506 1928//1507 1899//1478 
f 1926//1505 1954//1533 1925//1504 
f 1924//1503 1926//1505 1897//1476 
f 1923//1502 1924//1503 1895//1474 
f 1922//1501 1923//1502 1894//1473 
f 1921//1500 1922//1501 1893//1472 
f 1920//1499 1921//1500 1892//1471 
f 1919//1498 1920//1499 1891//1470 
f 1918//1497 1919//1498 1890//1469 
f 1917//1496 1918//1497 1889//1468 
f 1916//1495 1917//1496 1888//1467 
f 1915//1494 1916//1495 1887//1466 
f 1914//1493 1915//1494 1886//1465 
f 1913//1492 1914//1493 1885//1464 
f 1912//1491 1913//1492 1884//1463 
f 1911//1490 1912//1491 1883//1462 
f 1910//1489 1911//1490 1882//1461 
f 1909//1488 1910//1489 1881//1460 
f 1908//1487 1909//1488 1880//1459 
f 1907//1486 1908//1487 1879//1458 
f 1906//1485 1907//1486 1878//1457 
f 1905//1484 1906//1485 1877//1456 
f 1904//1483 1905//1484 1876//1455 
f 1903//1482 1904//1483 1875//1454 
f 1902//1481 1903//1482 1874//1453 
f 1901//1480 1902//1481 1873//1452 
f 1900//1479 1901//1480 1872//1451 
f 1899//1478 1900//1479 1871//1450 
f 1898//1477 1899//1478 1870//1449 
f 1897//1476 1925//1504 1896//1475 
f 1895//1474 1897//1476 1868//1447 
f 1894//1473 1895//1474 1866//1445 
f 1893//1472 1894//1473 1865//1444 
f 1892//1471 1893//1472 1864//1443 
f 1891//1470 1892//1471 1863//1442 
f 1890//1469 1891//1470 1862//1441 
f 1889//1468 1890//1469 1861//1440 
f 1888//1467 1889//1468 1860//1439 
f 1887//1466 1888//1467 1859//1438 
f 1886//1465 1887//1466 1858//1437 
f 1885//1464 1886//1465 1857//1436 
f 1884//1463 1885//1464 1856//1435 
f 1883//1462 1884//1463 1855//1434 
f 1882//1461 1883//1462 1854//1433 
f 1881//1460 1882//1461 1853//1432 
f 1880//1459 1881//1460 1852//1431 
f 1879//1458 1880//1459 1851//1430 
f 1878//1457 1879//1458 1850//1429 
f 1877//1456 1878//1457 1849//1428 
f 1876//1455 1877//1456 1848//1427 
f 1875//1454 1876//1455 1847//1426 
f 1874//1453 1875//1454 1846//1425 
f 1873//1452 1874//1453 1845//1424 
f 1872//1451 1873//1452 1844//1423 
f 1871//1450 1872//1451 1843//1422 
f 1870//1449 1871//1450 1842//1421 
f 1869//1448 1870//1449 1841//1420 
f 1868//1447 1896//1475 1867//1446 
f 1866//1445 1868//1447 1839//1418 
f 1865//1444 1866//1445 1838//1417 
f 1864//1443 1865//1444 1837//1416 
f 1863//1442 1864//1443 1836//1415 
f 1862//1441 1863//1442 1835//1414 
f 1861//1440 1862//1441 1834//1413 
f 1860//1439 1861//1440 1833//1412 
f 1859//1438 1860//1439 1832//1411 
f 1858//1437 1859//1438 1831//1410 
f 1857//1436 1858//1437 1830//1409 
f 1856//1435 1857//1436 1829//1408 
f 1855//1434 1856//1435 1828//1407 
f 1854//1433 1855//1434 1827//1406 
f 1853//1432 1854//1433 1826//1405 
f 1852//1431 1853//1432 1825//1404 
f 1851//1430 1852//1431 1824//1403 
f 1850//1429 1851//1430 1823//1402 
f 1849//1428 1850//1429 1822//1401 
f 1848//1427 1849//1428 1821//1400 
f 1847//1426 1848//1427 1820//1399 
f 1846//1425 1847//1426 1819//1398 
f 1845//1424 1846//1425 1818//1397 
f 1844//1423 1845//1424 1817//1396 
f 1843//1422 1844//1423 1816//1395 
f 1842//1421 1843//1422 1815//1394 
f 1841//1420 1842//1421 1814//1393 
f 1840//1419 1841//1420 1813//1392 
f 1839//1418 1867//1446 1811//1390 
f 1838//1417 1839//1418 1809//1388 
f 1837//1416 1838//1417 1808//1387 
f 1836//1415 1837//1416 1807//1386 
f 1835//1414 1836//1415 1806//1385 
f 1834//1413 1835//1414 1805//1384 
f 1833//1412 1834//1413 1804//1383 
f 1832//1411 1833//1412 1803//1382 
f 1831//1410 1832//1411 1802//1381 
f 1830//1409 1831//1410 1801//1380 
f 1829//1408 1830//1409 1800//1379 
f 1828//1407 1829//1408 1799//1378 
f 1827//1406 1828//1407 1798//1377 
f 1826//1405 1827//1406 1797//1376 
f 1825//1404 1826//1405 1796//1375 
f 1824//1403 1825//1404 1795//1374 
f 1823//1402 1824//1403 1794//1373 
f 1822//1401 1823//1402 1793//1372 
f 1821//1400 1822//1401 1792//1371 
f 1820//1399 1821//1400 1791//1370 
f 1819//1398 1820//1399 1790//1369 
f 1818//1397 1819//1398 1789//1368 
f 1817//1396 1818//1397 1788//1367 
f 1816//1395 1817//1396 1787//1366 
f 1815//1394 1816//1395 1786//1365 
f 1814//1393 1815//1394 1785//1364 
f 1813//1392 1814//1393 1784//1363 
f 1812//1391 1813//1392 1783//1362 
f 1811//1390 2160//1800 1810//1389 
f 1809//1388 1811//1390 1780//1359 
f 1808//1387 1809//1388 1778//1357 
f 1807//1386 1808//1387 1777//1356 
f 1806//1385 1807//1386 1776//1355 
f 1805//1384 1806//1385 1775//1354 
f 1804//1383 1805//1384 1774//1353 
f 1803//1382 1804//1383 1773//1352 
f 1802//1381 1803//1382 1772//1351 
f 1801//1380 1802//1381 1771//1350 
f 1800//1379 1801//1380 1770//1349 
f 1799//1378 1800//1379 1769//1348 
f 1798//1377 1799//1378 1768//1347 
f 1797//1376 1798//1377 1767//1346 
f 1796//1375 1797//1376 1766//1345 
f 1795//1374 1796//1375 1765//1344 
f 1794//1373 1795//1374 1764//1343 
f 1793//1372 1794//1373 1763//1342 
f 1792//1371 1793//1372 1762//1341 
f 1791//1370 1792//1371 1761//1340 
f 1790//1369 1791//1370 1760//1339 
f 1789//1368 1790//1369 1759//1338 
f 1788//1367 1789//1368 1758//1337 
f 1787//1366 1788//1367 1757//1336 
f 1786//1365 1787//1366 1756//1335 
f 1785//1364 1786//1365 1755//1334 
f 1784//1363 1785//1364 1754//1333 
f 1783//1362 1784//1363 1753//1332 
f 1782//1361 1783//1362 1752//1331 
f 1781//1360 1782//1361 1751//1330 
f 1780//1359 1810//1389 1779//1358 
f 1778//1357 1780//1359 1749//1328 
f 1777//1356 1778//1357 1747//1326 
f 1776//1355 1777//1356 1746//1325 
f 1775//1354 1776//1355 1745//1324 
f 1774//1353 1775//1354 1744//1323 
f 1773//1352 1774//1353 1743//1322 
f 1772//1351 1773//1352 1742//1321 
f 1771//1350 1772//1351 1741//1320 
f 1770//1349 1771//1350 1740//1319 
f 1769//1348 1770//1349 1739//1318 
f 1768//1347 1769//1348 1738//1317 
f 1767//1346 1768//1347 1737//1316 
f 1766//1345 1767//1346 1736//1315 
f 1765//1344 1766//1345 1735//1314 
f 1764//1343 1765//1344 1734//1313 
f 1763//1342 1764//1343 1733//1312 
f 1762//1341 1763//1342 1732//1311 
f 1761//1340 1762//1341 1731//1310 
f 1760//1339 1761//1340 1730//1309 
f 1759//1338 1760//1339 1729//1308 
f 1758//1337 1759//1338 1728//1307 
f 1757//1336 1758//1337 1727//1306 
f 1756//1335 1757//1336 1726//1305 
f 1755//1334 1756//1335 1725//1304 
f 1754//1333 1755//1334 1724//1303 
f 1753//1332 1754//1333 1723//1302 
f 1752//1331 1753//1332 1722//1301 
f 1751//1330 1752//1331 1721//1300 
f 1750//1329 1751//1330 1720//1299 
f 1749//1328 1779//1358 1748//1327 
f 1747//1326 1749//1328 1718//1297 
f 1746//1325 1747//1326 1716//1295 
f 1745//1324 1746//1325 1715//1294 
f 1744//1323 1745//1324 1714//1293 
f 1743//1322 1744//1323 1713//1292 
f 1742//1321 1743//1322 1712//1291 
f 1741//1320 1742//1321 1711//1290 
f 1740//1319 1741//1320 1710//1289 
f 1739//1318 1740//1319 1709//1288 
f 1738//1317 1739//1318 1708//1287 
f 1737//1316 1738//1317 1707//1286 
f 1736//1315 1737//1316 1706//1285 
f 1735//1314 1736//1315 1705//1284 
f 1734//1313 1735//1314 1704//1283 
f 1733//1312 1734//1313 1703//1282 
f 1732//1311 1733//1312 1702//1281 
f 1731//1310 1732//1311 1701//1280 
f 1730//1309 1731//1310 1700//1279 
f 1729//1308 1730//1309 1699//1278 
f 1728//1307 1729//1308 1698//1277 
f 1727//1306 1728//1307 1697//1276 
f 1726//1305 1727//1306 1696//1275 
f 1725//1304 1726//1305 1695//1274 
f 1724//1303 1725//1304 1694//1273 
f 1723//1302 1724//1303 1693//1272 
f 1722//1301 1723//1302 1692//1271 
f 1721//1300 1722//1301 1691//1270 
f 1720//1299 1721//1300 1690//1269 
f 1719//1298 1720//1299 1689//1268 
f 1718//1297 1748//1327 1717//1296 
f 1716//1295 1718//1297 1687//1266 
f 1715//1294 1716//1295 1685//1264 
f 1714//1293 1715//1294 1684//1263 
f 1713//1292 1714//1293 1683//1262 
f 1712//1291 1713//1292 1682//1261 
f 1711//1290 1712//1291 1681//1260 
f 1710//1289 1711//1290 1680//1259 
f 1709//1288 1710//1289 1679//1258 
f 1708//1287 1709//1288 1678//1257 
f 1707//1286 1708//1287 1677//1256 
f 1706//1285 1707//1286 1676//1255 
f 1705//1284 1706//1285 1675//1254 
f 1704//1283 1705//1284 1674//1253 
f 1703//1282 1704//1283 1673//1252 
f 1702//1281 1703//1282 1672//1251 
f 1701//1280 1702//1281 1671//1250 
f 1700//1279 1701//1280 1670//1249 
f 1699//1278 1700//1279 1669//1248 
f 1698//1277 1699//1278 1668//1247 
f 1697//1276 1698//1277 1667//1246 
f 1696//1275 1697//1276 1666//1245 
f 1695//1274 1696//1275 1665//1244 
f 1694//1273 1695//1274 1664//1243 
f 1693//1272 1694//1273 1663//1242 
f 1692//1271 1693//1272 1662//1241 
f 1691//1270 1692//1271 1661//1240 
f 1690//1269 1691//1270 1660//1239 
f 1689//1268 1690//1269 1659//1238 
f 1688//1267 1689//1268 1658//1237 
f 1687//1266 1717//1296 1686//1265 
f 1685//1264 1687//1266 1656//1235 
f 1684//1263 1685//1264 1654//1233 
f 1683//1262 1684//1263 1653//1232 
f 1682//1261 1683//1262 1652//1231 
f 1681//1260 1682//1261 1651//1230 
f 1680//1259 1681//1260 1650//1229 
f 1679//1258 1680//1259 1649//1228 
f 1678//1257 1679//1258 1648//1227 
f 1677//1256 1678//1257 1647//1226 
f 1676//1255 1677//1256 1646//1225 
f 1675//1254 1676//1255 1645//1224 
f 1674//1253 1675//1254 1644//1223 
f 1673//1252 1674//1253 1643//1222 
f 1672//1251 1673//1252 1642//1221 
f 1671//1250 1672//1251 1641//1220 
f 1670//1249 1671//1250 1640//1219 
f 1669//1248 1670//1249 1639//1218 
f 1668//1247 1669//1248 1638//1217 
f 1667//1246 1668//1247 1637//1216 
f 1666//1245 1667//1246 1636//1215 
f 1665//1244 1666//1245 1635//1214 
f 1664//1243 1665//1244 1634//1213 
f 1663//1242 1664//1243 1633//1212 
f 1662//1241 1663//1242 1632//1211 
f 1661//1240 1662//1241 1631//1210 
f 1660//1239 1661//1240 1630//1209 
f 1659//1238 1660//1239 1629//1208 
f 1658//1237 1659//1238 1628//1207 
f 1657//1236 1658//1237 1627//1206 
f 1656//1235 1686//1265 1655//1234 
f 1654//1233 1656//1235 1625//1204 
f 1653//1232 1654//1233 1623//1202 
f 1652//1231 1653//1232 1622//1201 
f 1651//1230 1652//1231 1621//1200 
f 1650//1229 1651//1230 1620//1199 
f 1649//1228 1650//1229 1619//1198 
f 1648//1227 1649//1228 1618//1197 
f 1647//1226 1648//1227 1617//1196 
f 1646//1225 1647//1226 1616//1195 
f 1645//1224 1646//1225 1615//1194 
f 1644//1223 1645//1224 1614//1193 
f 1643//1222 1644//1223 1613//1192 
f 1642//1221 1643//1222 1612//1191 
f 1641//1220 1642//1221 1611//1190 
f 1640//1219 1641//1220 1610//1189 
f 1639//1218 1640//1219 1609//1188 
f 1638//1217 1639//1218 1608//1187 
f 1637//1216 1638//1217 1607//1186 
f 1636//1215 1637//1216 1606//1185 
f 1635//1214 1636//1215 1605//1184 
f 1634//1213 1635//1214 1604//1183 
f 1633//1212 1634//1213 1603//1182 
f 1632//1211 1633//1212 1602//1181 
f 1631//1210 1632//1211 1601//1180 
f 1630//1209 1631//1210 1600//1179 
f 1629//1208 1630//1209 1599//1178 
f 1628//1207 1629//1208 1598//1177 
f 1627//1206 1628//1207 1597//1176 
f 1626//1205 1627//1206 1596//1175 
f 1625//1204 1655//1234 1624//1203 
f 1623//1202 1625//1204 1594//1173 
f 1622//1201 1623//1202 1592//1171 
f 1621//1200 1622//1201 1591//1170 
f 1620//1199 1621//1200 1590//1169 
f 1619//1198 1620//1199 1589//1168 
f 1618//1197 1619//1198 1588//1167 
f 1617//1196 1618//1197 1587//1166 
f 1616//1195 1617//1196 1586//1165 
f 1615//1194 1616//1195 1585//1164 
f 1614//1193 1615//1194 1584//1163 
f 1613//1192 1614//1193 1583//1162 
f 1612//1191 1613//1192 1582//1161 
f 1611//1190 1612//1191 1581//1160 
f 1610//1189 1611//1190 1580//1159 
f 1609//1188 1610//1189 1579//1158 
f 1608//1187 1609//1188 1578//1157 
f 1607//1186 1608//1187 1577//1156 
f 1606//1185 1607//1186 1576//1155 
f 1605//1184 1606//1185 1575//1154 
f 1604//1183 1605//1184 1574//1153 
f 1603//1182 1604//1183 1573//1152 
f 1602//1181 1603//1182 1572//1151 
f 1601//1180 1602//1181 1571//1150 
f 1600//1179 1601//1180 1570//1149 
f 1599//1178 1600//1179 1569//1148 
f 1598//1177 1599//1178 1568//1147 
f 1597//1176 1598//1177 1567//1146 
f 1596//1175 1597//1176 1566//1145 
f 1595//1174 1596//1175 1565//1144 
f 1594//1173 1624//1203 1593//1172 
f 1592//1171 1594//1173 1563//1142 
f 1591//1170 1592//1171 1562//1141 
f 1590//1169 1591//1170 1561//1140 
f 1589//1168 1590//1169 1560//1139 
f 1588//1167 1589//1168 1559//1138 
f 1587//1166 1588//1167 1558//1137 
f 1586//1165 1587//1166 1557//1136 
f 1585//1164 1586//1165 1556//1135 
f 1584//1163 1585//1164 1555//1134 
f 1583//1162 1584//1163 1554//1133 
f 1582//1161 1583//1162 1553//1132 
f 1581//1160 1582//1161 1552//1131 
f 1580//1159 1581//1160 1551//1130 
f 1579//1158 1580//1159 1550//1129 
f 1578//1157 1579//1158 1549//1128 
f 1577//1156 1578//1157 1548//1127 
f 1576//1155 1577//1156 1547//1126 
f 1575//1154 1576//1155 1546//1125 
f 1574//1153 1575//1154 1545//1124 
f 1573//1152 1574//1153 1544//1123 
f 1572//1151 1573//1152 1543//1122 
f 1571//1150 1572//1151 1542//1121 
f 1570//1149 1571//1150 1541//1120 
f 1569//1148 1570//1149 1540//1119 
f 1568//1147 1569//1148 1539//1118 
f 1567//1146 1568//1147 1538//1117 
f 1566//1145 1567//1146 1537//1116 
f 1565//1144 1566//1145 1536//1115 
f 1564//1143 1565//1144 1535//1114 
f 1563//1142 1593//1172 1533//1112 
f 1562//1141 1563//1142 1531//1110 
f 1561//1140 1562//1141 1530//1109 
f 1560//1139 1561//1140 1529//1108 
f 1559//1138 1560//1139 1528//1107 
f 1558//1137 1559//1138 1527//1106 
f 1557//1136 1558//1137 1526//1105 
f 1556//1135 1557//1136 1525//1104 
f 1555//1134 1556//1135 1524//1103 
f 1554//1133 1555//1134 1523//1102 
f 1553//1132 1554//1133 1522//1101 
f 1552//1131 1553//1132 1521//1100 
f 1551//1130 1552//1131 1520//1099 
f 1550//1129 1551//1130 1519//1098 
f 1549//1128 1550//1129 1518//1097 
f 1548//1127 1549//1128 1517//1096 
f 1547//1126 1548//1127 1516//1095 
f 1546//1125 1547//1126 1515//1094 
f 1545//1124 1546//1125 1514//1093 
f 1544//1123 1545//1124 1513//1092 
f 1543//1122 1544//1123 1512//1091 
f 1542//1121 1543//1122 1511//1090 
f 1541//1120 1542//1121 1510//1089 
f 1540//1119 1541//1120 1509//1088 
f 1539//1118 1540//1119 1508//1087 
f 1538//1117 1539//1118 1507//1086 
f 1537//1116 1538//1117 1506//1085 
f 1536//1115 1537//1116 1505//1084 
f 1535//1114 1536//1115 1504//1083 
f 1534//1113 1535//1114 1503//1082 
f 1533//1112 2161//1821 1532//1111 
f 1531//1110 1533//1112 1500//1079 
f 1530//1109 1531//1110 1498//1077 
f 1529//1108 1530//1109 1497//1076 
f 1528//1107 1529//1108 1496//1075 
f 1527//1106 1528//1107 1495//1074 
f 1526//1105 1527//1106 1494//1073 
f 1525//1104 1526//1105 1493//1072 
f 1524//1103 1525//1104 1492//1071 
f 1523//1102 1524//1103 1491//1070 
f 1522//1101 1523//1102 1490//1069 
f 1521//1100 1522//1101 1489//1068 
f 1520//1099 1521//1100 1488//1067 
f 1519//1098 1520//1099 1487//1066 
f 1518//1097 1519//1098 1486//1065 
f 1517//1096 1518//1097 1485//1064 
f 1516//1095 1517//1096 1484//1063 
f 1515//1094 1516//1095 1483//1062 
f 1514//1093 1515//1094 1482//1061 
f 1513//1092 1514//1093 1481//1060 
f 1512//1091 1513//1092 1480//1059 
f 1511//1090 1512//1091 1479//1058 
f 1510//1089 1511//1090 1478//1057 
f 1509//1088 1510//1089 1477//1056 
f 1508//1087 1509//1088 1476//1055 
f 1507//1086 1508//1087 1475//1054 
f 1506//1085 1507//1086 1474//1053 
f 1505//1084 1506//1085 1473//1052 
f 1504//1083 1505//1084 1472//1051 
f 1503//1082 1504//1083 1471//1050 
f 1502//1081 1503//1082 1470//1049 
f 1501//1080 1502//1081 1469//1048 
f 1500//1079 1532//1111 1499//1078 
f 1498//1077 1500//1079 1467//1046 
f 1497//1076 1498//1077 1465//1044 
f 1496//1075 1497//1076 1464//1043 
f 1495//1074 1496//1075 1463//1042 
f 1494//1073 1495//1074 1462//1041 
f 1493//1072 1494//1073 1461//1040 
f 1492//1071 1493//1072 1460//1039 
f 1491//1070 1492//1071 1459//1038 
f 1490//1069 1491//1070 1458//1037 
f 1489//1068 1490//1069 1457//1036 
f 1488//1067 1489//1068 1456//1035 
f 1487//1066 1488//1067 1455//1034 
f 1486//1065 1487//1066 1454//1033 
f 1485//1064 1486//1065 1453//1032 
f 1484//1063 1485//1064 1452//1031 
f 1483//1062 1484//1063 1451//1030 
f 1482//1061 1483//1062 1450//1029 
f 1481//1060 1482//1061 1449//1028 
f 1480//1059 1481//1060 1448//1027 
f 1479//1058 1480//1059 1447//1026 
f 1478//1057 1479//1058 1446//1025 
f 1477//1056 1478//1057 1445//1024 
f 1476//1055 1477//1056 1444//1023 
f 1475//1054 1476//1055 1443//1022 
f 1474//1053 1475//1054 1442//1021 
f 1473//1052 1474//1053 1441//1020 
f 1472//1051 1473//1052 1440//1019 
f 1471//1050 1472//1051 1439//1018 
f 1470//1049 1471//1050 1438//1017 
f 1469//1048 1470//1049 1437//1016 
f 1468//1047 1469//1048 1436//1015 
f 1467//1046 1499//1078 1466//1045 
f 1465//1044 1467//1046 1434//1013 
f 1464//1043 1465//1044 1432//1011 
f 1463//1042 1464//1043 1431//1010 
f 1462//1041 1463//1042 1430//1009 
f 1461//1040 1462//1041 1429//1008 
f 1460//1039 1461//1040 1428//1007 
f 1459//1038 1460//1039 1427//1006 
f 1458//1037 1459//1038 1426//1005 
f 1457//1036 1458//1037 1425//1004 
f 1456//1035 1457//1036 1424//1003 
f 1455//1034 1456//1035 1423//1002 
f 1454//1033 1455//1034 1422//1001 
f 1453//1032 1454//1033 1421//1000 
f 1452//1031 1453//1032 1420//999 
f 1451//1030 1452//1031 1419//998 
f 1450//1029 1451//1030 1418//997 
f 1449//1028 1450//1029 1417//996 
f 1448//1027 1449//1028 1416//995 
f 1447//1026 1448//1027 1415//994 
f 1446//1025 1447//1026 1414//993 
f 1445//1024 1446//1025 1413//992 
f 1444//1023 1445//1024 1412//991 
f 1443//1022 1444//1023 1411//990 
f 1442//1021 1443//1022 1410//989 
f 1441//1020 1442//1021 1409//988 
f 1440//1019 1441//1020 1408//987 
f 1439//1018 1440//1019 1407//986 
f 1438//1017 1439//1018 1406//985 
f 1437//1016 1438//1017 1405//984 
f 1436//1015 1437//1016 1404//983 
f 1435//1014 1436//1015 1403//982 
f 1434//1013 1466//1045 1433//1012 
f 1432//1011 1434//1013 1401//980 
f 1431//1010 1432//1011 1399//978 
f 1430//1009 1431//1010 1398//977 
f 1429//1008 1430//1009 1397//976 
f 1428//1007 1429//1008 1396//975 
f 1427//1006 1428//1007 1395//974 
f 1426//1005 1427//1006 1394//973 
f 1425//1004 1426//1005 1393//972 
f 1424//1003 1425//1004 1392//971 
f 1423//1002 1424//1003 1391//970 
f 1422//1001 1423//1002 1390//969 
f 1421//1000 1422//1001 1389//968 
f 1420//999 1421//1000 1388//967 
f 1419//998 1420//999 1387//966 
f 1418//997 1419//998 1386//965 
f 1417//996 1418//997 1385//964 
f 1416//995 1417//996 1384//963 
f 1415//994 1416//995 1383//962 
f 1414//993 1415//994 1382//961 
f 1413//992 1414//993 1381//960 
f 1412//991 1413//992 1380//959 
f 1411//990 1412//991 1379//958 
f 1410//989 1411//990 1378//957 
f 1409//988 1410//989 1377//956 
f 1408//987 1409//988 1376//955 
f 1407//986 1408//987 1375//954 
f 1406//985 1407//986 1374//953 
f 1405//984 1406//985 1373//952 
f 1404//983 1405//984 1372//951 
f 1403//982 1404//983 1371//950 
f 1402//981 1403//982 1370//949 
f 1401//980 1433//1012 1400//979 
f 1399//978 1401//980 1368//947 
f 1398//977 1399//978 1366//945 
f 1397//976 1398//977 1365//944 
f 1396//975 1397//976 1364//943 
f 1395//974 1396//975 1363//942 
f 1394//973 1395//974 1362//941 
f 1393//972 1394//973 1361//940 
f 1392//971 1393//972 1360//939 
f 1391//970 1392//971 1359//938 
f 1390//969 1391//970 1358//937 
f 1389//968 1390//969 1357//936 
f 1388//967 1389//968 1356//935 
f 1387//966 1388//967 1355//934 
f 1386//965 1387//966 1354//933 
f 1385//964 1386//965 1353//932 
f 1384//963 1385//964 1352//931 
f 1383//962 1384//963 1351//930 
f 1382//961 1383//962 1350//929 
f 1381//960 1382//961 1349//928 
f 1380//959 1381//960 1348//927 
f 1379//958 1380//959 1347//926 
f 1378//957 1379//958 1346//925 
f 1377//956 1378//957 1345//924 
f 1376//955 1377//956 1344//923 
f 1375//954 1376//955 1343//922 
f 1374//953 1375//954 1342//921 
f 1373//952 1374//953 1341//920 
f 1372//951 1373//952 1340//919 
f 1371//950 1372//951 1339//918 
f 1370//949 1371//950 1338//917 
f 1369//948 1370//949 1337//916 
f 1368//947 1400//979 1367//946 
f 1366//945 1368//947 1335//914 
f 1365//944 1366//945 1334//913 
f 1364//943 1365//944 1333//912 
f 1363//942 1364//943 1332//911 
f 1362//941 1363//942 1331//910 
f 1361//940 1362//941 1330//909 
f 1360//939 1361//940 1329//908 
f 1359//938 1360//939 1328//907 
f 1358//937 1359//938 1327//906 
f 1357//936 1358//937 1326//905 
f 1356//935 1357//936 1325//904 
f 1355//934 1356//935 1324//903 
f 1354//933 1355//934 1323//902 
f 1353//932 1354//933 1322//901 
f 1352//931 1353//932 1321//900 
f 1351//930 1352//931 1320//899 
f 1350//929 1351//930 1319//898 
f 1349//928 1350//929 1318//897 
f 1348//927 1349//928 1317//896 
f 1347//926 1348//927 1316//895 
f 1346//925 1347//926 1315//894 
f 1345//924 1346//925 1314//893 
f 1344//923 1345//924 1313//892 
f 1343//922 1344//923 1312//891 
f 1342//921 1343//922 1311//890 
f 1341//920 1342//921 1310//889 
f 1340//919 1341//920 1309//888 
f 1339//918 1340//919 1308//887 
f 1338//917 1339//918 1307//886 
f 1337//916 1338//917 1306//885 
f 1336//915 1337//916 1305//884 
f 1335//914 1367//946 1303//882 
f 1334//913 1335//914 1301//880 
f 1333//912 1334//913 1300//879 
f 1332//911 1333//912 1299//878 
f 1331//910 1332//911 1298//877 
f 1330//909 1331//910 1297//876 
f 1329//908 1330//909 1296//875 
f 1328//907 1329//908 1295//874 
f 1327//906 1328//907 1294//873 
f 1326//905 1327//906 1293//872 
f 1325//904 1326//905 1292//871 
f 1324//903 1325//904 1291//870 
f 1323//902 1324//903 1290//869 
f 1322//901 1323//902 1289//868 
f 1321//900 1322//901 1288//867 
f 1320//899 1321//900 1287//866 
f 1319//898 1320//899 1286//865 
f 1318//897 1319//898 1285//864 
f 1317//896 1318//897 1284//863 
f 1316//895 1317//896 1283//862 
f 1315//894 1316//895 1282//861 
f 1314//893 1315//894 1281//860 
f 1313//892 1314//893 1280//859 
f 1312//891 1313//892 1279//858 
f 1311//890 1312//891 1278//857 
f 1310//889 1311//890 1277//856 
f 1309//888 1310//889 1276//855 
f 1308//887 1309//888 1275//854 
f 1307//886 1308//887 1274//853 
f 1306//885 1307//886 1273//852 
f 1305//884 1306//885 1272//851 
f 1304//883 1305//884 1271//850 
f 1303//882 2162//1839 1302//881 
f 1301//880 1303//882 1268//847 
f 1300//879 1301//880 1266//845 
f 1299//878 1300//879 1265//844 
f 1298//877 1299//878 1264//843 
f 1297//876 1298//877 1263//842 
f 1296//875 1297//876 1262//841 
f 1295//874 1296//875 1261//840 
f 1294//873 1295//874 1260//839 
f 1293//872 1294//873 1259//838 
f 1292//871 1293//872 1258//837 
f 1291//870 1292//871 1257//836 
f 1290//869 1291//870 1256//835 
f 1289//868 1290//869 1255//834 
f 1288//867 1289//868 1254//833 
f 1287//866 1288//867 1253//832 
f 1286//865 1287//866 1252//831 
f 1285//864 1286//865 1251//830 
f 1284//863 1285//864 1250//829 
f 1283//862 1284//863 1249//828 
f 1282//861 1283//862 1248//827 
f 1281//860 1282//861 1247//826 
f 1280//859 1281//860 1246//825 
f 1279//858 1280//859 1245//824 
f 1278//857 1279//858 1244//823 
f 1277//856 1278//857 1243//822 
f 1276//855 1277//856 1242//821 
f 1275//854 1276//855 1241//820 
f 1274//853 1275//854 1240//819 
f 1273//852 1274//853 1239//818 
f 1272//851 1273//852 1238//817 
f 1271//850 1272//851 1237//816 
f 1270//849 1271//850 1236//815 
f 1269//848 1270//849 1235//814 
f 1268//847 1302//881 1267//846 
f 1266//845 1268//847 1233//812 
f 1265//844 1266//845 1231//810 
f 1264//843 1265//844 1230//809 
f 1263//842 1264//843 1229//808 
f 1262//841 1263//842 1228//807 
f 1261//840 1262//841 1227//806 
f 1260//839 1261//840 1226//805 
f 1259//838 1260//839 1225//804 
f 1258//837 1259//838 1224//803 
f 1257//836 1258//837 1223//802 
f 1256//835 1257//836 1222//801 
f 1255//834 1256//835 1221//800 
f 1254//833 1255//834 1220//799 
f 1253//832 1254//833 1219//798 
f 1252//831 1253//832 1218//797 
f 1251//830 1252//831 1217//796 
f 1250//829 1251//830 1216//795 
f 1249//828 1250//829 1215//794 
f 1248//827 1249//828 1214//793 
f 1247//826 1248//827 1213//792 
f 1246//825 1247//826 1212//791 
f 1245//824 1246//825 1211//790 
f 1244//823 1245//824 1210//789 
f 1243//822 1244//823 1209//788 
f 1242//821 1243//822 1208//787 
f 1241//820 1242//821 1207//786 
f 1240//819 1241//820 1206//785 
f 1239//818 1240//819 1205//784 
f 1238//817 1239//818 1204//783 
f 1237//816 1238//817 1203//782 
f 1236//815 1237//816 1202//781 
f 1235//814 1236//815 1201//780 
f 1234//813 1235//814 1200//779 
f 1233//812 1267//846 1232//811 
f 1231//810 1233//812 1198//777 
f 1230//809 1231//810 1196//775 
f 1229//808 1230//809 1195//774 
f 1228//807 1229//808 1194//773 
f 1227//806 1228//807 1193//772 
f 1226//805 1227//806 1192//771 
f 1225//804 1226//805 1191//770 
f 1224//803 1225//804 1190//769 
f 1223//802 1224//803 1189//768 
f 1222//801 1223//802 1188//767 
f 1221//800 1222//801 1187//766 
f 1220//799 1221//800 1186//765 
f 1219//798 1220//799 1185//764 
f 1218//797 1219//798 1184//763 
f 1217//796 1218//797 1183//762 
f 1216//795 1217//796 1182//761 
f 1215//794 1216//795 1181//760 
f 1214//793 1215//794 1180//759 
f 1213//792 1214//793 1179//758 
f 1212//791 1213//792 1178//757 
f 1211//790 1212//791 1177//756 
f 1210//789 1211//790 1176//755 
f 1209//788 1210//789 1175//754 
f 1208//787 1209//788 1174//753 
f 1207//786 1208//787 1173//752 
f 1206//785 1207//786 1172//751 
f 1205//784 1206//785 1171//750 
f 1204//783 1205//784 1170//749 
f 1203//782 1204//783 1169//748 
f 1202//781 1203//782 1168//747 
f 1201//780 1202//781 1167//746 
f 1200//779 1201//780 1166//745 
f 1199//778 1200//779 1165//744 
f 1198//777 1232//811 1197//776 
f 1196//775 1198//777 1163//742 
f 1195//774 1196//775 1161//740 
f 1194//773 1195//774 1160//739 
f 1193//772 1194//773 1159//738 
f 1192//771 1193//772 1158//737 
f 1191//770 1192//771 1157//736 
f 1190//769 1191//770 1156//735 
f 1189//768 1190//769 1155//734 
f 1188//767 1189//768 1154//733 
f 1187//766 1188//767 1153//732 
f 1186//765 1187//766 1152//731 
f 1185//764 1186//765 1151//730 
f 1184//763 1185//764 1150//729 
f 1183//762 1184//763 1149//728 
f 1182//761 1183//762 1148//727 
f 1181//760 1182//761 1147//726 
f 1180//759 1181//760 1146//725 
f 1179//758 1180//759 1145//724 
f 1178//757 1179//758 1144//723 
f 1177//756 1178//757 1143//722 
f 1176//755 1177//756 1142//721 
f 1175//754 1176//755 1141//720 
f 1174//753 1175//754 1140//719 
f 1173//752 1174//753 1139//718 
f 1172//751 1173//752 1138//717 
f 1171//750 1172//751 1137//716 
f 1170//749 1171//750 1136//715 
f 1169//748 1170//749 1135//714 
f 1168//747 1169//748 1134//713 
f 1167//746 1168//747 1133//712 
f 1166//745 1167//746 1132//711 
f 1165//744 1166//745 1131//710 
f 1164//743 1165//744 1130//709 
f 1163//742 1197//776 1162//741 
f 1161//740 1163//742 1128//707 
f 1160//739 1161//740 1127//706 
f 1159//738 1160//739 1126//705 
f 1158//737 1159//738 1125//704 
f 1157//736 1158//737 1124//703 
f 1156//735 1157//736 1123//702 
f 1155//734 1156//735 1122//701 
f 1154//733 1155//734 1121//700 
f 1153//732 1154//733 1120//699 
f 1152//731 1153//732 1119//698 
f 1151//730 1152//731 1118//697 
f 1150//729 1151//730 1117//696 
f 1149//728 1150//729 1116//695 
f 1148//727 1149//728 1115//694 
f 1147//726 1148//727 1114//693 
f 1146//725 1147//726 1113//692 
f 1145//724 1146//725 1112//691 
f 1144//723 1145//724 1111//690 
f 1143//722 1144//723 1110//689 
f 1142//721 1143//722 1109//688 
f 1141//720 1142//721 1108//687 
f 1140//719 1141//720 1107//686 
f 1139//718 1140//719 1106//685 
f 1138//717 1139//718 1105//684 
f 1137//716 1138//717 1104//683 
f 1136//715 1137//716 1103//682 
f 1135//714 1136//715 1102//681 
f 1134//713 1135//714 1101//680 
f 1133//712 1134//713 1100//679 
f 1132//711 1133//712 1099//678 
f 1131//710 1132//711 1098//677 
f 1130//709 1131//710 1097//676 
f 1129//708 1130//709 1096//675 
f 1128//707 1162//741 1094//673 
f 1127//706 1128//707 1092//671 
f 1126//705 1127//706 1091//670 
f 1125//704 1126//705 1090//669 
f 1124//703 1125//704 1089//668 
f 1123//702 1124//703 1088//667 
f 1122//701 1123//702 1087//666 
f 1121//700 1122//701 1086//665 
f 1120//699 1121//700 1085//664 
f 1119//698 1120//699 1084//663 
f 1118//697 1119//698 1083//662 
f 1117//696 1118//697 1082//661 
f 1116//695 1117//696 1081//660 
f 1115//694 1116//695 1080//659 
f 1114//693 1115//694 1079//658 
f 1113//692 1114//693 1078//657 
f 1112//691 1113//692 1077//656 
f 1111//690 1112//691 1076//655 
f 1110//689 1111//690 1075//654 
f 1109//688 1110//689 1074//653 
f 1108//687 1109//688 1073//652 
f 1107//686 1108//687 1072//651 
f 1106//685 1107//686 1071//650 
f 1105//684 1106//685 1070//649 
f 1104//683 1105//684 1069//648 
f 1103//682 1104//683 1068//647 
f 1102//681 1103//682 1067//646 
f 1101//680 1102//681 1066//645 
f 1100//679 1101//680 1065//644 
f 1099//678 1100//679 1064//643 
f 1098//677 1099//678 1063//642 
f 1097//676 1098//677 1062//641 
f 1096//675 1097//676 1061//640 
f 1095//674 1096//675 1060//639 
f 1094//673 2163//1856 1093//672 
f 1092//671 1094//673 1057//636 
f 1091//670 1092//671 1055//634 
f 1090//669 1091//670 1054//633 
f 1089//668 1090//669 1053//632 
f 1088//667 1089//668 1052//631 
f 1087//666 1088//667 1051//630 
f 1086//665 1087//666 1050//629 
f 1085//664 1086//665 1049//628 
f 1084//663 1085//664 1048//627 
f 1083//662 1084//663 1047//626 
f 1082//661 1083//662 1046//625 
f 1081//660 1082//661 1045//624 
f 1080//659 1081//660 1044//623 
f 1079//658 1080//659 1043//622 
f 1078//657 1079//658 1042//621 
f 1077//656 1078//657 1041//620 
f 1076//655 1077//656 1040//619 
f 1075//654 1076//655 1039//618 
f 1074//653 1075//654 1038//617 
f 1073//652 1074//653 1037//616 
f 1072//651 1073//652 1036//615 
f 1071//650 1072//651 1035//614 
f 1070//649 1071//650 1034//613 
f 1069//648 1070//649 1033//612 
f 1068//647 1069//648 1032//611 
f 1067//646 1068//647 1031//610 
f 1066//645 1067//646 1030//609 
f 1065//644 1066//645 1029//608 
f 1064//643 1065//644 1028//607 
f 1063//642 1064//643 1027//606 
f 1062//641 1063//642 1026//605 
f 1061//640 1062//641 1025//604 
f 1060//639 1061//640 1024//603 
f 1059//638 1060//639 1023//602 
f 1058//637 1059//638 1022//601 
f 1057//636 1093//672 1056//635 
f 1055//634 1057//636 1020//599 
f 1054//633 1055//634 1018//597 
f 1053//632 1054//633 1017//596 
f 1052//631 1053//632 1016//595 
f 1051//630 1052//631 1015//594 
f 1050//629 1051//630 1014//593 
f 1049//628 1050//629 1013//592 
f 1048//627 1049//628 1012//591 
f 1047//626 1048//627 1011//590 
f 1046//625 1047//626 1010//589 
f 1045//624 1046//625 1009//588 
f 1044//623 1045//624 1008//587 
f 1043//622 1044//623 1007//586 
f 1042//621 1043//622 1006//585 
f 1041//620 1042//621 1005//584 
f 1040//619 1041//620 1004//583 
f 1039//618 1040//619 1003//582 
f 1038//617 1039//618 1002//581 
f 1037//616 1038//617 1001//580 
f 1036//615 1037//616 1000//579 
f 1035//614 1036//615 999//578 
f 1034//613 1035//614 998//577 
f 1033//612 1034//613 997//576 
f 1032//611 1033//612 996//575 
f 1031//610 1032//611 995//574 
f 1030//609 1031//610 994//573 
f 1029//608 1030//609 993//572 
f 1028//607 1029//608 992//571 
f 1027//606 1028//607 991//570 
f 1026//605 1027//606 990//569 
f 1025//604 1026//605 989//568 
f 1024//603 1025//604 988//567 
f 1023//602 1024//603 987//566 
f 1022//601 1023//602 986//565 
f 1021//600 1022//601 985//564 
f 1020//599 1056//635 1019//598 
f 1018//597 1020//599 983//562 
f 1017//596 1018//597 981//560 
f 1016//595 1017//596 980//559 
f 1015//594 1016//595 979//558 
f 1014//593 1015//594 978//557 
f 1013//592 1014//593 977//556 
f 1012//591 1013//592 976//555 
f 1011//590 1012//591 975//554 
f 1010//589 1011//590 974//553 
f 1009//588 1010//589 973//552 
f 1008//587 1009//588 972//551 
f 1007//586 1008//587 971//550 
f 1006//585 1007//586 970//549 
f 1005//584 1006//585 969//548 
f 1004//583 1005//584 968//547 
f 1003//582 1004//583 967//546 
f 1002//581 1003//582 966//545 
f 1001//580 1002//581 965//544 
f 1000//579 1001//580 964//543 
f 999//578 1000//579 963//542 
f 998//577 999//578 962//541 
f 997//576 998//577 961//540 
f 996//575 997//576 960//539 
f 995//574 996//575 959//538 
f 994//573 995//574 958//537 
f 993//572 994//573 957//536 
f 992//571 993//572 956//535 
f 991//570 992//571 955//534 
f 990//569 991//570 954//533 
f 989//568 990//569 953//532 
f 988//567 989//568 952//531 
f 987//566 988//567 951//530 
f 986//565 987//566 950//529 
f 985//564 986//565 949//528 
f 984//563 985//564 948//527 
f 983//562 1019//598 982//561 
f 981//560 983//562 946//525 
f 980//559 981//560 945//524 
f 979//558 980//559 944//523 
f 978//557 979//558 943//522 
f 977//556 978//557 942//521 
f 976//555 977//556 941//520 
f 975//554 976//555 940//519 
f 974//553 975//554 939//518 
f 973//552 974//553 938//517 
f 972//551 973//552 937//516 
f 971//550 972//551 936//515 
f 970//549 971//550 935//514 
f 969//548 970//549 934//513 
f 968//547 969//548 933//512 
f 967//546 968//547 932//511 
f 966//545 967//546 931//510 
f 965//544 966//545 930//509 
f 964//543 965//544 929//508 
f 963//542 964//543 928//507 
f 962//541 963//542 927//506 
f 961//540 962//541 926//505 
f 960//539 961//540 925//504 
f 959//538 960//539 924//503 
f 958//537 959//538 923//502 
f 957//536 958//537 922//501 
f 956//535 957//536 921//500 
f 955//534 956//535 920//499 
f 954//533 955//534 919//498 
f 953//532 954//533 918//497 
f 952//531 953//532 917//496 
f 951//530 952//531 916//495 
f 950//529 951//530 915//494 
f 949//528 950//529 914//493 
f 948//527 949//528 913//492 
f 947//526 948//527 912//491 
f 946//525 982//561 910//489 
f 945//524 946//525 908//487 
f 944//523 945//524 907//486 
f 943//522 944//523 906//485 
f 942//521 943//522 905//484 
f 941//520 942//521 904//483 
f 940//519 941//520 903//482 
f 939//518 940//519 902//481 
f 938//517 939//518 901//480 
f 937//516 938//517 900//479 
f 936//515 937//516 899//478 
f 935//514 936//515 898//477 
f 934//513 935//514 897//476 
f 933//512 934//513 896//475 
f 932//511 933//512 895//474 
f 931//510 932//511 894//473 
f 930//509 931//510 893//472 
f 929//508 930//509 892//471 
f 928//507 929//508 891//470 
f 927//506 928//507 890//469 
f 926//505 927//506 889//468 
f 925//504 926//505 888//467 
f 924//503 925//504 887//466 
f 923//502 924//503 886//465 
f 922//501 923//502 885//464 
f 921//500 922//501 884//463 
f 920//499 921//500 883//462 
f 919//498 920//499 882//461 
f 918//497 919//498 881//460 
f 917//496 918//497 880//459 
f 916//495 917//496 879//458 
f 915//494 916//495 878//457 
f 914//493 915//494 877//456 
f 913//492 914//493 876//455 
f 912//491 913//492 875//454 
f 911//490 912//491 874//453 
f 910//489 2164//1870 909//488 
f 908//487 910//489 871//450 
f 907//486 908//487 869//448 
f 906//485 907//486 868//447 
f 905//484 906//485 867//446 
f 904//483 905//484 866//445 
f 903//482 904//483 865//444 
f 902//481 903//482 864//443 
f 901//480 902//481 863//442 
f 900//479 901//480 862//441 
f 899//478 900//479 861//440 
f 898//477 899//478 860//439 
f 897//476 898//477 859//438 
f 896//475 897//476 858//437 
f 895//474 896//475 857//436 
f 894//473 895//474 856//435 
f 893//472 894//473 855//434 
f 892//471 893//472 854//433 
f 891//470 892//471 853//432 
f 890//469 891//470 852//431 
f 889//468 890//469 851//430 
f 888//467 889//468 850//429 
f 887//466 888//467 849//428 
f 886//465 887//466 848//427 
f 885//464 886//465 847//426 
f 884//463 885//464 846//425 
f 883//462 884//463 845//424 
f 882//461 883//462 844//423 
f 881//460 882//461 843//422 
f 880//459 881//460 842//421 
f 879//458 880//459 841//420 
f 878//457 879//458 840//419 
f 877//456 878//457 839//418 
f 876//455 877//456 838//417 
f 875//454 876//455 837//416 
f 874//453 875//454 836//415 
f 873//452 874//453 835//414 
f 872//451 873//452 834//413 
f 871//450 909//488 870//449 
f 869//448 871//450 832//411 
f 868//447 869//448 830//409 
f 867//446 868//447 829//408 
f 866//445 867//446 828//407 
f 865//444 866//445 827//406 
f 864//443 865//444 826//405 
f 863//442 864//443 825//404 
f 862//441 863//442 824//403 
f 861//440 862//441 823//402 
f 860//439 861//440 822//401 
f 859//438 860//439 821//400 
f 858//437 859//438 820//399 
f 857//436 858//437 819//398 
f 856//435 857//436 818//397 
f 855//434 856//435 817//396 
f 854//433 855//434 816//395 
f 853//432 854//433 815//394 
f 852//431 853//432 814//393 
f 851//430 852//431 813//392 
f 850//429 851//430 812//391 
f 849//428 850//429 811//390 
f 848//427 849//428 810//389 
f 847//426 848//427 809//388 
f 846//425 847//426 808//387 
f 845//424 846//425 807//386 
f 844//423 845//424 806//385 
f 843//422 844//423 805//384 
f 842//421 843//422 804//383 
f 841//420 842//421 803//382 
f 840//419 841//420 802//381 
f 839//418 840//419 801//380 
f 838//417 839//418 800//379 
f 837//416 838//417 799//378 
f 836//415 837//416 798//377 
f 835//414 836//415 797//376 
f 834//413 835//414 796//375 
f 833//412 834//413 795//374 
f 832//411 870//449 831//410 
f 830//409 832//411 793//372 
f 829//408 830//409 791//370 
f 828//407 829//408 790//369 
f 827//406 828//407 789//368 
f 826//405 827//406 788//367 
f 825//404 826//405 787//366 
f 824//403 825//404 786//365 
f 823//402 824//403 785//364 
f 822//401 823//402 784//363 
f 821//400 822//401 783//362 
f 820//399 821//400 782//361 
f 819//398 820//399 781//360 
f 818//397 819//398 780//359 
f 817//396 818//397 779//358 
f 816//395 817//396 778//357 
f 815//394 816//395 777//356 
f 814//393 815//394 776//355 
f 813//392 814//393 775//354 
f 812//391 813//392 774//353 
f 811//390 812//391 773//352 
f 810//389 811//390 772//351 
f 809//388 810//389 771//350 
f 808//387 809//388 770//349 
f 807//386 808//387 769//348 
f 806//385 807//386 768//347 
f 805//384 806//385 767//346 
f 804//383 805//384 766//345 
f 803//382 804//383 765//344 
f 802//381 803//382 764//343 
f 801//380 802//381 763//342 
f 800//379 801//380 762//341 
f 799//378 800//379 761//340 
f 798//377 799//378 760//339 
f 797//376 798//377 759//338 
f 796//375 797//376 758//337 
f 795//374 796//375 757//336 
f 794//373 795//374 756//335 
f 793//372 831//410 792//371 
f 791//370 793//372 754//333 
f 790//369 791//370 753//332 
f 789//368 790//369 752//331 
f 788//367 789//368 751//330 
f 787//366 788//367 750//329 
f 786//365 787//366 749//328 
f 785//364 786//365 748//327 
f 784//363 785//364 747//326 
f 783//362 784//363 746//325 
f 782//361 783//362 745//324 
f 781//360 782//361 744//323 
f 780//359 781//360 743//322 
f 779//358 780//359 742//321 
f 778//357 779//358 741//320 
f 777//356 778//357 740//319 
f 776//355 777//356 739//318 
f 775//354 776//355 738//317 
f 774//353 775//354 737//316 
f 773//352 774//353 736//315 
f 772//351 773//352 735//314 
f 771//350 772//351 734//313 
f 770//349 771//350 733//312 
f 769//348 770//349 732//311 
f 768//347 769//348 731//310 
f 767//346 768//347 730//309 
f 766//345 767//346 729//308 
f 765//344 766//345 728//307 
f 764//343 765//344 727//306 
f 763//342 764//343 726//305 
f 762//341 763//342 725//304 
f 761//340 762//341 724//303 
f 760//339 761//340 723//302 
f 759//338 760//339 722//301 
f 758//337 759//338 721//300 
f 757//336 758//337 720//299 
f 756//335 757//336 719//298 
f 755//334 756//335 718//297 
f 754//333 792//371 716//295 
f 753//332 754//333 714//293 
f 752//331 753//332 713//292 
f 751//330 752//331 712//291 
f 750//329 751//330 711//290 
f 749//328 750//329 710//289 
f 748//327 749//328 709//288 
f 747//326 748//327 708//287 
f 746//325 747//326 707//286 
f 745//324 746//325 706//285 
f 744//323 745//324 705//284 
f 743//322 744//323 704//283 
f 742//321 743//322 703//282 
f 741//320 742//321 702//281 
f 740//319 741//320 701//280 
f 739//318 740//319 700//279 
f 738//317 739//318 699//278 
f 737//316 738//317 698//277 
f 736//315 737//316 697//276 
f 735//314 736//315 696//275 
f 734//313 735//314 695//274 
f 733//312 734//313 694//273 
f 732//311 733//312 693//272 
f 731//310 732//311 692//271 
f 730//309 731//310 691//270 
f 729//308 730//309 690//269 
f 728//307 729//308 689//268 
f 727//306 728//307 688//267 
f 726//305 727//306 687//266 
f 725//304 726//305 686//265 
f 724//303 725//304 685//264 
f 723//302 724//303 684//263 
f 722//301 723//302 683//262 
f 721//300 722//301 682//261 
f 720//299 721//300 681//260 
f 719//298 720//299 680//259 
f 718//297 719//298 679//258 
f 717//296 718//297 678//257 
f 716//295 2165//1883 715//294 
f 714//293 716//295 675//254 
f 713//292 714//293 673//252 
f 712//291 713//292 672//251 
f 711//290 712//291 671//250 
f 710//289 711//290 670//249 
f 709//288 710//289 669//248 
f 708//287 709//288 668//247 
f 707//286 708//287 667//246 
f 706//285 707//286 666//245 
f 705//284 706//285 665//244 
f 704//283 705//284 664//243 
f 703//282 704//283 663//242 
f 702//281 703//282 662//241 
f 701//280 702//281 661//240 
f 700//279 701//280 660//239 
f 699//278 700//279 659//238 
f 698//277 699//278 658//237 
f 697//276 698//277 657//236 
f 696//275 697//276 656//235 
f 695//274 696//275 655//234 
f 694//273 695//274 654//233 
f 693//272 694//273 653//232 
f 692//271 693//272 652//231 
f 691//270 692//271 651//230 
f 690//269 691//270 650//229 
f 689//268 690//269 649//228 
f 688//267 689//268 648//227 
f 687//266 688//267 647//226 
f 686//265 687//266 646//225 
f 685//264 686//265 645//224 
f 684//263 685//264 644//223 
f 683//262 684//263 643//222 
f 682//261 683//262 642//221 
f 681//260 682//261 641//220 
f 680//259 681//260 640//219 
f 679//258 680//259 639//218 
f 678//257 679//258 638//217 
f 677//256 678//257 637//216 
f 676//255 677//256 636//215 
f 675//254 715//294 674//253 
f 673//252 675//254 634//213 
f 672//251 673//252 632//211 
f 671//250 672//251 631//210 
f 670//249 671//250 630//209 
f 669//248 670//249 629//208 
f 668//247 669//248 628//207 
f 667//246 668//247 627//206 
f 666//245 667//246 626//205 
f 665//244 666//245 625//204 
f 664//243 665//244 624//203 
f 663//242 664//243 623//202 
f 662//241 663//242 622//201 
f 661//240 662//241 621//200 
f 660//239 661//240 620//199 
f 659//238 660//239 619//198 
f 658//237 659//238 618//197 
f 657//236 658//237 617//196 
f 656//235 657//236 616//195 
f 655//234 656//235 615//194 
f 654//233 655//234 614//193 
f 653//232 654//233 613//192 
f 652//231 653//232 612//191 
f 651//230 652//231 611//190 
f 650//229 651//230 610//189 
f 649//228 650//229 609//188 
f 648//227 649//228 608//187 
f 647//226 648//227 607//186 
f 646//225 647//226 606//185 
f 645//224 646//225 605//184 
f 644//223 645//224 604//183 
f 643//222 644//223 603//182 
f 642//221 643//222 602//181 
f 641//220 642//221 601//180 
f 640//219 641//220 600//179 
f 639//218 640//219 599//178 
f 638//217 639//218 598//177 
f 637//216 638//217 597//176 
f 636//215 637//216 596//175 
f 635//214 636//215 595//174 
f 634//213 674//253 633//212 
f 632//211 634//213 593//172 
f 631//210 632//211 592//171 
f 630//209 631//210 591//170 
f 629//208 630//209 590//169 
f 628//207 629//208 589//168 
f 627//206 628//207 588//167 
f 626//205 627//206 587//166 
f 625//204 626//205 586//165 
f 624//203 625//204 585//164 
f 623//202 624//203 584//163 
f 622//201 623//202 583//162 
f 621//200 622//201 582//161 
f 620//199 621//200 581//160 
f 619//198 620//199 580//159 
f 618//197 619//198 579//158 
f 617//196 618//197 578//157 
f 616//195 617//196 577//156 
f 615//194 616//195 576//155 
f 614//193 615//194 575//154 
f 613//192 614//193 574//153 
f 612//191 613//192 573//152 
f 611//190 612//191 572//151 
f 610//189 611//190 571//150 
f 609//188 610//189 570//149 
f 608//187 609//188 569//148 
f 607//186 608//187 568//147 
f 606//185 607//186 567//146 
f 605//184 606//185 566//145 
f 604//183 605//184 565//144 
f 603//182 604//183 564//143 
f 602//181 603//182 563//142 
f 601//180 602//181 562//141 
f 600//179 601//180 561//140 
f 599//178 600//179 560//139 
f 598//177 599//178 559//138 
f 597//176 598//177 558//137 
f 596//175 597//176 557//136 
f 595//174 596//175 556//135 
f 594//173 595//174 555//134 
f 593//172 633//212 553//131 
f 592//171 593//172 552//130 
f 591//170 592//171 551//129 
f 590//169 591//170 550//128 
f 589//168 590//169 549//127 
f 588//167 589//168 548//126 
f 587//166 588//167 547//125 
f 586//165 587//166 546//124 
f 585//164 586//165 545//123 
f 584//163 585//164 544//122 
f 583//162 584//163 543//121 
f 582//161 583//162 542//120 
f 581//160 582//161 541//119 
f 580//159 581//160 540//118 
f 579//158 580//159 539//117 
f 578//157 579//158 538//116 
f 577//156 578//157 537//115 
f 576//155 577//156 536//114 
f 575//154 576//155 535//113 
f 574//153 575//154 534//112 
f 573//152 574//153 533//111 
f 572//151 573//152 532//110 
f 571//150 572//151 531//109 
f 570//149 571//150 530//108 
f 569//148 570//149 529//107 
f 568//147 569//148 528//106 
f 567//146 568//147 527//105 
f 566//145 567//146 526//104 
f 565//144 566//145 525//103 
f 564//143 565//144 524//102 
f 563//142 564//143 523//101 
f 562//141 563//142 522//100 
f 561//140 562//141 521//99 
f 560//139 561//140 520//98 
f 559//138 560//139 519//97 
f 558//137 559//138 518//96 
f 557//136 558//137 517//95 
f 556//135 557//136 516//94 
f 555//134 556//135 515//93 
f 554//133 555//134 514//92 
f 351//132 471//2014 512//87 
f 552//130 553//131 512//87 
f 551//129 552//130 511//86 
f 550//128 551//129 510//83 
f 549//127 550//128 509//82 
f 548//126 549//127 508//79 
f 547//125 548//126 507//77 
f 546//124 547//125 506//76 
f 545//123 546//124 505//75 
f 544//122 545//123 504//73 
f 543//121 544//122 503//69 
f 542//120 543//121 502//68 
f 541//119 542//120 501//65 
f 540//118 541//119 500//64 
f 539//117 540//118 499//61 
f 538//116 539//117 498//59 
f 537//115 538//116 497//58 
f 536//114 537//115 496//55 
f 535//113 536//114 495//54 
f 534//112 535//113 494//53 
f 533//111 534//112 493//51 
f 532//110 533//111 492//49 
f 531//109 532//110 491//45 
f 530//108 531//109 490//44 
f 529//107 530//108 489//43 
f 528//106 529//107 488//41 
f 527//105 528//106 487//39 
f 526//104 527//105 486//37 
f 525//103 526//104 485//33 
f 524//102 525//103 484//32 
f 523//101 524//102 483//29 
f 522//100 523//101 482//28 
f 521//99 522//100 481//27 
f 520//98 521//99 480//23 
f 519//97 520//98 479//21 
f 518//96 519//97 478//20 
f 517//95 518//96 477//19 
f 516//94 517//95 476//17 
f 515//93 516//94 475//15 
f 514//92 515//93 474//13 
f 513//91 514//92 473//9 
f 513//91 472//8 6//7 
f 512//87 471//2014 349//88 
f 512//87 350//89 347//84 
f 510//83 511//86 347//84 
f 510//83 348//85 345//80 
f 508//79 509//82 345//80 
f 508//79 346//81 344//78 
f 507//77 344//78 343//74 
f 505//75 506//76 343//74 
f 504//73 505//75 342//72 
f 503//69 504//73 340//70 
f 503//69 341//71 338//66 
f 501//65 502//68 338//66 
f 501//65 339//67 336//62 
f 499//61 500//64 336//62 
f 499//61 337//63 335//60 
f 498//59 335//60 333//56 
f 496//55 497//58 333//56 
f 496//55 334//57 332//52 
f 494//53 495//54 332//52 
f 493//51 494//53 331//50 
f 492//49 493//51 330//48 
f 491//45 492//49 328//46 
f 491//45 329//47 327//42 
f 489//43 490//44 327//42 
f 488//41 489//43 326//40 
f 487//39 488//41 325//38 
f 486//37 487//39 324//36 
f 485//33 486//37 322//34 
f 485//33 323//35 320//30 
f 483//29 484//32 320//30 
f 483//29 321//31 319//26 
f 481//27 482//28 319//26 
f 480//23 481//27 317//24 
f 480//23 318//25 316//22 
f 479//21 316//22 315//18 
f 477//19 478//20 315//18 
f 476//17 477//19 314//16 
f 475//15 476//17 313//14 
f 474//13 475//15 312//12 
f 473//9 474//13 310//10 
f 473//9 311//11 309//5 
f 6//7 472//8 309//5 
o mesh5
f 2166//2015 2167//2015 320//2015 
f 2167//2015 2168//2015 321//2015 
f 2169//2015 2170//2015 316//2015 
f 2171//2015 315//2015 316//2015 
f 2172//2015 337//2015 336//2015 
f 2173//2015 335//2015 337//2015 
f 2174//2015 332//2015 334//2015 
f 2174//2015 2175//2015 331//2015 
f 2176//2015 2177//2015 328//2015 
f 2178//2015 329//2015 328//2015 
f 2179//2015 324//2015 325//2015 
f 2180//2015 322//2015 324//2015 
f 2180//2015 2166//2015 323//2015 
f 321//2015 320//2015 2167//2015 
f 2168//2015 2181//2015 319//2015 
f 2181//2015 2182//2015 317//2015 
f 2169//2015 318//2015 317//2015 
f 316//2015 2170//2015 2171//2015 
f 2183//2015 338//2015 341//2015 
f 2184//2015 339//2015 338//2015 
f 2185//2015 336//2015 339//2015 
f 337//2015 2172//2015 2173//2015 
f 331//2015 332//2015 2174//2015 
f 2175//2015 2176//2015 330//2015 
f 328//2015 2177//2015 2178//2015 
f 2186//2015 327//2015 329//2015 
f 324//2015 2179//2015 2180//2015 
f 320//2015 323//2015 2166//2015 
f 317//2015 319//2015 2181//2015 
f 316//2015 318//2015 2169//2015 
f 2187//2015 2188//2015 313//2015 
f 2188//2015 2189//2015 312//2015 
f 2190//2015 2191//2015 340//2015 
f 2192//2015 341//2015 340//2015 
f 338//2015 2183//2015 2184//2015 
f 336//2015 2185//2015 2172//2015 
f 2193//2015 333//2015 335//2015 
f 2194//2015 334//2015 333//2015 
f 330//2015 331//2015 2175//2015 
f 329//2015 2178//2015 2186//2015 
f 2186//2015 2195//2015 326//2015 
f 2195//2015 2196//2015 325//2015 
f 323//2015 322//2015 2180//2015 
f 317//2015 2182//2015 2169//2015 
f 2171//2015 2187//2015 314//2015 
f 312//2015 313//2015 2188//2015 
f 2197//2015 345//2015 348//2015 
f 2197//2015 2198//2015 346//2015 
f 2199//2015 2190//2015 342//2015 
f 340//2015 2191//2015 2192//2015 
f 339//2015 2184//2015 2185//2015 
f 333//2015 2193//2015 2194//2015 
f 328//2015 330//2015 2176//2015 
f 325//2015 326//2015 2195//2015 
f 319//2015 321//2015 2168//2015 
f 313//2015 314//2015 2187//2015 
f 2189//2015 2200//2015 310//2015 
f 2200//2015 2201//2015 311//2015 
f 346//2015 345//2015 2197//2015 
f 2198//2015 2202//2015 344//2015 
f 2202//2015 2199//2015 343//2015 
f 340//2015 342//2015 2190//2015 
f 335//2015 2173//2015 2193//2015 
f 326//2015 327//2015 2186//2015 
f 314//2015 315//2015 2171//2015 
f 311//2015 310//2015 2200//2015 
f 344//2015 346//2015 2198//2015 
f 342//2015 343//2015 2199//2015 
f 334//2015 2194//2015 2174//2015 
f 310//2015 312//2015 2189//2015 
f 2203//2015 347//2015 350//2015 
f 2204//2015 348//2015 347//2015 
f 343//2015 344//2015 2202//2015 
f 325//2015 2196//2015 2179//2015 
f 347//2015 2203//2015 2204//2015 
f 341//2015 2192//2015 2183//2015 
f 2205//2015 309//2015 311//2015 
f 9//2015 8//2015 309//2015 
f 348//2015 2204//2015 2197//2015 
f 309//2015 2205//2015 9//2015 
f 2206//2015 350//2015 349//2015 
f 311//2015 2201//2015 2205//2015 
f 350//2015 2206//2015 2203//2015 
f 349//2015 2207//2015 2206//2015 
o mesh6
f 2330//2016 293//2017 295//2018 
f 2330//2016 2331//2019 296//2020 
f 2332//2021 284//2022 296//2020 
f 2333//2023 287//2024 284//2022 
f 2333//2023 2334//2025 289//2026 
f 2335//2027 291//2028 289//2026 
f 2336//2029 269//2030 291//2028 
f 2337//2031 272//2032 269//2030 
f 2337//2031 2338//2033 274//2034 
f 2338//2033 2339//2035 254//2036 
f 2340//2037 257//2038 254//2036 
f 2340//2037 2341//2039 259//2040 
f 2341//2039 2342//2041 249//2042 
f 2343//2043 252//2044 249//2042 
f 2344//2045 275//2046 252//2044 
f 2344//2045 2345//2047 260//2048 
f 2346//2049 263//2050 260//2048 
f 2346//2049 2347//2051 265//2052 
f 2348//2053 267//2054 265//2052 
f 2349//2055 276//2056 267//2054 
f 2350//2057 278//2058 276//2056 
f 2351//2059 280//2060 278//2058 
f 2351//2059 2352//2061 282//2062 
f 2353//2063 297//2064 282//2062 
f 2353//2063 2354//2065 299//2066 
f 2354//2065 2355//2067 301//2068 
f 2355//2067 2356//2069 303//2070 
f 2357//2071 305//2072 303//2070 
f 2358//2073 2330//2016 2359//2074 
f 2360//2075 2331//2019 2330//2016 
f 2361//2076 2332//2021 2331//2019 
f 2362//2077 2333//2023 2332//2021 
f 2363//2078 2334//2025 2333//2023 
f 2364//2079 2335//2027 2334//2025 
f 2365//2080 2336//2029 2335//2027 
f 2366//2081 2337//2031 2336//2029 
f 2367//2082 2338//2033 2337//2031 
f 2368//2083 2339//2035 2338//2033 
f 2369//2084 2340//2037 2339//2035 
f 2370//2085 2341//2039 2340//2037 
f 2371//2086 2342//2041 2341//2039 
f 2372//2087 2343//2043 2342//2041 
f 2373//2088 2344//2045 2343//2043 
f 2374//2089 2345//2047 2344//2045 
f 2375//2090 2346//2049 2345//2047 
f 2376//2091 2347//2051 2346//2049 
f 2377//2092 2348//2053 2347//2051 
f 2378//2093 2349//2055 2348//2053 
f 2379//2094 2350//2057 2349//2055 
f 2380//2095 2351//2059 2350//2057 
f 2381//2096 2352//2061 2351//2059 
f 2382//2097 2353//2063 2352//2061 
f 2383//2098 2354//2065 2353//2063 
f 2384//2099 2355//2067 2354//2065 
f 2385//2100 2356//2069 2355//2067 
f 2386//2101 2357//2071 2356//2069 
f 2387//2102 2358//2073 2388//2103 
f 2389//2104 2360//2075 2358//2073 
f 2390//2105 2361//2076 2360//2075 
f 2391//2106 2362//2077 2361//2076 
f 2392//2107 2363//2078 2362//2077 
f 2393//2108 2364//2079 2363//2078 
f 2394//2109 2365//2080 2364//2079 
f 2395//2110 2366//2081 2365//2080 
f 2396//2111 2367//2082 2366//2081 
f 2397//2112 2368//2083 2367//2082 
f 2398//2113 2369//2084 2368//2083 
f 2399//2114 2370//2085 2369//2084 
f 2400//2115 2371//2086 2370//2085 
f 2401//2116 2372//2087 2371//2086 
f 2402//2117 2373//2088 2372//2087 
f 2403//2118 2374//2089 2373//2088 
f 2404//2119 2375//2090 2374//2089 
f 2405//2120 2376//2091 2375//2090 
f 2406//2121 2377//2092 2376//2091 
f 2407//2122 2378//2093 2377//2092 
f 2408//2123 2379//2094 2378//2093 
f 2409//2124 2380//2095 2379//2094 
f 2410//2125 2381//2096 2380//2095 
f 2411//2126 2382//2097 2381//2096 
f 2412//2127 2383//2098 2382//2097 
f 2413//2128 2384//2099 2383//2098 
f 2414//2129 2385//2100 2384//2099 
f 2415//2130 2386//2101 2385//2100 
f 2416//2131 2387//2102 2417//2132 
f 2418//2133 2389//2104 2387//2102 
f 2419//2134 2390//2105 2389//2104 
f 2420//2135 2391//2106 2390//2105 
f 2421//2136 2392//2107 2391//2106 
f 2422//2137 2393//2108 2392//2107 
f 2423//2138 2394//2109 2393//2108 
f 2424//2139 2395//2110 2394//2109 
f 2425//2140 2396//2111 2395//2110 
f 2426//2141 2397//2112 2396//2111 
f 2427//2142 2398//2113 2397//2112 
f 2428//2143 2399//2114 2398//2113 
f 2429//2144 2400//2115 2399//2114 
f 2430//2145 2401//2116 2400//2115 
f 2431//2146 2402//2117 2401//2116 
f 2432//2147 2403//2118 2402//2117 
f 2433//2148 2404//2119 2403//2118 
f 2434//2149 2405//2120 2404//2119 
f 2435//2150 2406//2121 2405//2120 
f 2436//2151 2407//2122 2406//2121 
f 2437//2152 2408//2123 2407//2122 
f 2438//2153 2409//2124 2408//2123 
f 2439//2154 2410//2125 2409//2124 
f 2440//2155 2411//2126 2410//2125 
f 2441//2156 2412//2127 2411//2126 
f 2442//2157 2413//2128 2412//2127 
f 2443//2158 2414//2129 2413//2128 
f 2444//2159 2415//2130 2414//2129 
f 2445//2160 2416//2131 2446//2161 
f 2447//2162 2418//2133 2416//2131 
f 2448//2163 2419//2134 2418//2133 
f 2449//2164 2420//2135 2419//2134 
f 2450//2165 2421//2136 2420//2135 
f 2451//2166 2422//2137 2421//2136 
f 2452//2167 2423//2138 2422//2137 
f 2453//2168 2424//2139 2423//2138 
f 2454//2169 2425//2140 2424//2139 
f 2455//2170 2426//2141 2425//2140 
f 2456//2171 2427//2142 2426//2141 
f 2457//2172 2428//2143 2427//2142 
f 2458//2173 2429//2144 2428//2143 
f 2459//2174 2430//2145 2429//2144 
f 2460//2175 2431//2146 2430//2145 
f 2461//2176 2432//2147 2431//2146 
f 2462//2177 2433//2148 2432//2147 
f 2463//2178 2434//2149 2433//2148 
f 2464//2179 2435//2150 2434//2149 
f 2465//2180 2436//2151 2435//2150 
f 2466//2181 2437//2152 2436//2151 
f 2467//2182 2438//2153 2437//2152 
f 2468//2183 2439//2154 2438//2153 
f 2469//2184 2440//2155 2439//2154 
f 2470//2185 2441//2156 2440//2155 
f 2471//2186 2442//2157 2441//2156 
f 2472//2187 2443//2158 2442//2157 
f 2473//2188 2444//2159 2443//2158 
f 2474//2189 2445//2160 2475//2190 
f 2476//2191 2447//2162 2445//2160 
f 2477//2192 2448//2163 2447//2162 
f 2478//2193 2449//2164 2448//2163 
f 2479//2194 2450//2165 2449//2164 
f 2480//2195 2451//2166 2450//2165 
f 2481//2196 2452//2167 2451//2166 
f 2482//2197 2453//2168 2452//2167 
f 2483//2198 2454//2169 2453//2168 
f 2484//2199 2455//2170 2454//2169 
f 2485//2200 2456//2171 2455//2170 
f 2486//2201 2457//2172 2456//2171 
f 2487//2202 2458//2173 2457//2172 
f 2488//2203 2459//2174 2458//2173 
f 2489//2204 2460//2175 2459//2174 
f 2490//2205 2461//2176 2460//2175 
f 2491//2206 2462//2177 2461//2176 
f 2492//2207 2463//2178 2462//2177 
f 2493//2208 2464//2179 2463//2178 
f 2494//2209 2465//2180 2464//2179 
f 2495//2210 2466//2181 2465//2180 
f 2496//2211 2467//2182 2466//2181 
f 2497//2212 2468//2183 2467//2182 
f 2498//2213 2469//2184 2468//2183 
f 2499//2214 2470//2185 2469//2184 
f 2500//2215 2471//2186 2470//2185 
f 2501//2216 2472//2187 2471//2186 
f 2502//2217 2473//2188 2472//2187 
f 2503//2218 2474//2189 2504//2219 
f 2505//2220 2476//2191 2474//2189 
f 2506//2221 2477//2192 2476//2191 
f 2507//2222 2478//2193 2477//2192 
f 2508//2223 2479//2194 2478//2193 
f 2509//2224 2480//2195 2479//2194 
f 2510//2225 2481//2196 2480//2195 
f 2511//2226 2482//2197 2481//2196 
f 2512//2227 2483//2198 2482//2197 
f 2513//2228 2484//2199 2483//2198 
f 2514//2229 2485//2200 2484//2199 
f 2515//2230 2486//2201 2485//2200 
f 2516//2231 2487//2202 2486//2201 
f 2517//2232 2488//2203 2487//2202 
f 2518//2233 2489//2204 2488//2203 
f 2519//2234 2490//2205 2489//2204 
f 2520//2235 2491//2206 2490//2205 
f 2521//2236 2492//2207 2491//2206 
f 2522//2237 2493//2208 2492//2207 
f 2523//2238 2494//2209 2493//2208 
f 2524//2239 2495//2210 2494//2209 
f 2525//2240 2496//2211 2495//2210 
f 2526//2241 2497//2212 2496//2211 
f 2527//2242 2498//2213 2497//2212 
f 2528//2243 2499//2214 2498//2213 
f 2529//2244 2500//2215 2499//2214 
f 2530//2245 2501//2216 2500//2215 
f 2531//2246 2502//2217 2501//2216 
f 2532//2247 2503//2218 2533//2248 
f 2534//2249 2505//2220 2503//2218 
f 2535//2250 2506//2221 2505//2220 
f 2536//2251 2507//2222 2506//2221 
f 2537//2252 2508//2223 2507//2222 
f 2538//2253 2509//2224 2508//2223 
f 2539//2254 2510//2225 2509//2224 
f 2540//2255 2511//2226 2510//2225 
f 2541//2256 2512//2227 2511//2226 
f 2542//2257 2513//2228 2512//2227 
f 2543//2258 2514//2229 2513//2228 
f 2544//2259 2515//2230 2514//2229 
f 2545//2260 2516//2231 2515//2230 
f 2546//2261 2517//2232 2516//2231 
f 2547//2262 2518//2233 2517//2232 
f 2548//2263 2519//2234 2518//2233 
f 2549//2264 2520//2235 2519//2234 
f 2550//2265 2521//2236 2520//2235 
f 2551//2266 2522//2237 2521//2236 
f 2552//2267 2523//2238 2522//2237 
f 2553//2268 2524//2239 2523//2238 
f 2554//2269 2525//2240 2524//2239 
f 2555//2270 2526//2241 2525//2240 
f 2556//2271 2527//2242 2526//2241 
f 2557//2272 2528//2243 2527//2242 
f 2558//2273 2529//2244 2528//2243 
f 2559//2274 2530//2245 2529//2244 
f 2560//2275 2531//2246 2530//2245 
f 2561//2276 2532//2247 2562//2277 
f 2563//2278 2534//2249 2532//2247 
f 2564//2279 2535//2250 2534//2249 
f 2565//2280 2536//2251 2535//2250 
f 2566//2281 2537//2252 2536//2251 
f 2567//2282 2538//2253 2537//2252 
f 2568//2283 2539//2254 2538//2253 
f 2569//2284 2540//2255 2539//2254 
f 2570//2285 2541//2256 2540//2255 
f 2571//2286 2542//2257 2541//2256 
f 2572//2287 2543//2258 2542//2257 
f 2573//2288 2544//2259 2543//2258 
f 2574//2289 2545//2260 2544//2259 
f 2575//2290 2546//2261 2545//2260 
f 2576//2291 2547//2262 2546//2261 
f 2577//2292 2548//2263 2547//2262 
f 2578//2293 2549//2264 2548//2263 
f 2579//2294 2550//2265 2549//2264 
f 2580//2295 2551//2266 2550//2265 
f 2581//2296 2552//2267 2551//2266 
f 2582//2297 2553//2268 2552//2267 
f 2583//2298 2554//2269 2553//2268 
f 2584//2299 2555//2270 2554//2269 
f 2585//2300 2556//2271 2555//2270 
f 2586//2301 2557//2272 2556//2271 
f 2587//2302 2558//2273 2557//2272 
f 2588//2303 2559//2274 2558//2273 
f 2589//2304 2560//2275 2559//2274 
f 2590//2305 2561//2276 2591//2306 
f 2592//2307 2563//2278 2561//2276 
f 2593//2308 2564//2279 2563//2278 
f 2594//2309 2565//2280 2564//2279 
f 2595//2310 2566//2281 2565//2280 
f 2596//2311 2567//2282 2566//2281 
f 2597//2312 2568//2283 2567//2282 
f 2598//2313 2569//2284 2568//2283 
f 2599//2314 2570//2285 2569//2284 
f 2600//2315 2571//2286 2570//2285 
f 2601//2316 2572//2287 2571//2286 
f 2602//2317 2573//2288 2572//2287 
f 2603//2318 2574//2289 2573//2288 
f 2604//2319 2575//2290 2574//2289 
f 2605//2320 2576//2291 2575//2290 
f 2606//2321 2577//2292 2576//2291 
f 2607//2322 2578//2293 2577//2292 
f 2608//2323 2579//2294 2578//2293 
f 2609//2324 2580//2295 2579//2294 
f 2610//2325 2581//2296 2580//2295 
f 2611//2326 2582//2297 2581//2296 
f 2612//2327 2583//2298 2582//2297 
f 2613//2328 2584//2299 2583//2298 
f 2614//2329 2585//2300 2584//2299 
f 2615//2330 2586//2301 2585//2300 
f 2616//2331 2587//2302 2586//2301 
f 2617//2332 2588//2303 2587//2302 
f 2618//2333 2589//2304 2588//2303 
f 2619//2334 2590//2305 2620//2335 
f 2621//2336 2592//2307 2590//2305 
f 2622//2337 2593//2308 2592//2307 
f 2623//2338 2594//2309 2593//2308 
f 2624//2339 2595//2310 2594//2309 
f 2625//2340 2596//2311 2595//2310 
f 2626//2341 2597//2312 2596//2311 
f 2627//2342 2598//2313 2597//2312 
f 2628//2343 2599//2314 2598//2313 
f 2629//2344 2600//2315 2599//2314 
f 2630//2345 2601//2316 2600//2315 
f 2631//2346 2602//2317 2601//2316 
f 2632//2347 2603//2318 2602//2317 
f 2633//2348 2604//2319 2603//2318 
f 2634//2349 2605//2320 2604//2319 
f 2635//2350 2606//2321 2605//2320 
f 2636//2351 2607//2322 2606//2321 
f 2637//2352 2608//2323 2607//2322 
f 2638//2353 2609//2324 2608//2323 
f 2639//2354 2610//2325 2609//2324 
f 2640//2355 2611//2326 2610//2325 
f 2641//2356 2612//2327 2611//2326 
f 2642//2357 2613//2328 2612//2327 
f 2643//2358 2614//2329 2613//2328 
f 2644//2359 2615//2330 2614//2329 
f 2645//2360 2616//2331 2615//2330 
f 2646//2361 2617//2332 2616//2331 
f 2647//2362 2618//2333 2617//2332 
f 2648//2363 2619//2334 2649//2364 
f 2650//2365 2621//2336 2619//2334 
f 2651//2366 2622//2337 2621//2336 
f 2652//2367 2623//2338 2622//2337 
f 2653//2368 2624//2339 2623//2338 
f 2654//2369 2625//2340 2624//2339 
f 2655//2370 2626//2341 2625//2340 
f 2656//2371 2627//2342 2626//2341 
f 2657//2372 2628//2343 2627//2342 
f 2658//2373 2629//2344 2628//2343 
f 2659//2374 2630//2345 2629//2344 
f 2660//2375 2631//2346 2630//2345 
f 2661//2376 2632//2347 2631//2346 
f 2662//2377 2633//2348 2632//2347 
f 2663//2378 2634//2349 2633//2348 
f 2664//2379 2635//2350 2634//2349 
f 2665//2380 2636//2351 2635//2350 
f 2666//2381 2637//2352 2636//2351 
f 2667//2382 2638//2353 2637//2352 
f 2668//2383 2639//2354 2638//2353 
f 2669//2384 2640//2355 2639//2354 
f 2670//2385 2641//2356 2640//2355 
f 2671//2386 2642//2357 2641//2356 
f 2672//2387 2643//2358 2642//2357 
f 2673//2388 2644//2359 2643//2358 
f 2674//2389 2645//2360 2644//2359 
f 2675//2390 2646//2361 2645//2360 
f 2676//2391 2647//2362 2646//2361 
f 2677//2392 2648//2363 2678//2393 
f 2679//2394 2650//2365 2648//2363 
f 2680//2395 2651//2366 2650//2365 
f 2681//2396 2652//2367 2651//2366 
f 2682//2397 2653//2368 2652//2367 
f 2683//2398 2654//2369 2653//2368 
f 2684//2399 2655//2370 2654//2369 
f 2685//2400 2656//2371 2655//2370 
f 2686//2401 2657//2372 2656//2371 
f 2687//2402 2658//2373 2657//2372 
f 2688//2403 2659//2374 2658//2373 
f 2689//2404 2660//2375 2659//2374 
f 2690//2405 2661//2376 2660//2375 
f 2691//2406 2662//2377 2661//2376 
f 2692//2407 2663//2378 2662//2377 
f 2693//2408 2664//2379 2663//2378 
f 2694//2409 2665//2380 2664//2379 
f 2695//2410 2666//2381 2665//2380 
f 2696//2411 2667//2382 2666//2381 
f 2697//2412 2668//2383 2667//2382 
f 2698//2413 2669//2384 2668//2383 
f 2699//2414 2670//2385 2669//2384 
f 2700//2415 2671//2386 2670//2385 
f 2701//2416 2672//2387 2671//2386 
f 2702//2417 2673//2388 2672//2387 
f 2703//2418 2674//2389 2673//2388 
f 2704//2419 2675//2390 2674//2389 
f 2705//2420 2676//2391 2675//2390 
f 2706//2421 2677//2392 2707//2422 
f 2708//2423 2679//2394 2677//2392 
f 2709//2424 2680//2395 2679//2394 
f 2710//2425 2681//2396 2680//2395 
f 2711//2426 2682//2397 2681//2396 
f 2712//2427 2683//2398 2682//2397 
f 2713//2428 2684//2399 2683//2398 
f 2714//2429 2685//2400 2684//2399 
f 2715//2430 2686//2401 2685//2400 
f 2716//2431 2687//2402 2686//2401 
f 2717//2432 2688//2403 2687//2402 
f 2718//2433 2689//2404 2688//2403 
f 2719//2434 2690//2405 2689//2404 
f 2720//2435 2691//2406 2690//2405 
f 2721//2436 2692//2407 2691//2406 
f 2722//2437 2693//2408 2692//2407 
f 2723//2438 2694//2409 2693//2408 
f 2724//2439 2695//2410 2694//2409 
f 2725//2440 2696//2411 2695//2410 
f 2726//2441 2697//2412 2696//2411 
f 2727//2442 2698//2413 2697//2412 
f 2728//2443 2699//2414 2698//2413 
f 2729//2444 2700//2415 2699//2414 
f 2730//2445 2701//2416 2700//2415 
f 2731//2446 2702//2417 2701//2416 
f 2732//2447 2703//2418 2702//2417 
f 2733//2448 2704//2419 2703//2418 
f 2734//2449 2705//2420 2704//2419 
f 2735//2450 2736//2451 2737//2452 
f 2738//2453 2706//2421 2736//2451 
f 2739//2454 2708//2423 2706//2421 
f 2740//2455 2709//2424 2708//2423 
f 2741//2456 2710//2425 2709//2424 
f 2742//2457 2711//2426 2710//2425 
f 2743//2458 2712//2427 2711//2426 
f 2744//2459 2713//2428 2712//2427 
f 2745//2460 2714//2429 2713//2428 
f 2746//2461 2715//2430 2714//2429 
f 2747//2462 2716//2431 2715//2430 
f 2748//2463 2717//2432 2716//2431 
f 2749//2464 2718//2433 2717//2432 
f 2750//2465 2719//2434 2718//2433 
f 2751//2466 2720//2435 2719//2434 
f 2752//2467 2721//2436 2720//2435 
f 2753//2468 2722//2437 2721//2436 
f 2754//2469 2723//2438 2722//2437 
f 2755//2470 2724//2439 2723//2438 
f 2756//2471 2725//2440 2724//2439 
f 2757//2472 2726//2441 2725//2440 
f 2758//2473 2727//2442 2726//2441 
f 2759//2474 2728//2443 2727//2442 
f 2760//2475 2729//2444 2728//2443 
f 2761//2476 2730//2445 2729//2444 
f 2762//2477 2731//2446 2730//2445 
f 2763//2478 2732//2447 2731//2446 
f 2764//2479 2733//2448 2732//2447 
f 2765//2480 2734//2449 2733//2448 
f 2766//2481 2767//2482 2734//2449 
f 2768//2483 2735//2450 2769//2484 
f 2770//2485 2738//2453 2735//2450 
f 2771//2486 2739//2454 2738//2453 
f 2772//2487 2740//2455 2739//2454 
f 2773//2488 2741//2456 2740//2455 
f 2774//2489 2742//2457 2741//2456 
f 2775//2490 2743//2458 2742//2457 
f 2776//2491 2744//2459 2743//2458 
f 2777//2492 2745//2460 2744//2459 
f 2778//2493 2746//2461 2745//2460 
f 2779//2494 2747//2462 2746//2461 
f 2780//2495 2748//2463 2747//2462 
f 2781//2496 2749//2464 2748//2463 
f 2782//2497 2750//2465 2749//2464 
f 2783//2498 2751//2466 2750//2465 
f 2784//2499 2752//2467 2751//2466 
f 2785//2500 2753//2468 2752//2467 
f 2786//2501 2754//2469 2753//2468 
f 2787//2502 2755//2470 2754//2469 
f 2788//2503 2756//2471 2755//2470 
f 2789//2504 2757//2472 2756//2471 
f 2790//2505 2758//2473 2757//2472 
f 2791//2506 2759//2474 2758//2473 
f 2792//2507 2760//2475 2759//2474 
f 2793//2508 2761//2476 2760//2475 
f 2794//2509 2762//2477 2761//2476 
f 2795//2510 2763//2478 2762//2477 
f 2796//2511 2764//2479 2763//2478 
f 2797//2512 2765//2480 2764//2479 
f 2798//2513 2766//2481 2765//2480 
f 2799//2514 2768//2483 2800//2515 
f 2801//2516 2770//2485 2768//2483 
f 2802//2517 2771//2486 2770//2485 
f 2803//2518 2772//2487 2771//2486 
f 2804//2519 2773//2488 2772//2487 
f 2805//2520 2774//2489 2773//2488 
f 2806//2521 2775//2490 2774//2489 
f 2807//2522 2776//2491 2775//2490 
f 2808//2523 2777//2492 2776//2491 
f 2809//2524 2778//2493 2777//2492 
f 2810//2525 2779//2494 2778//2493 
f 2811//2526 2780//2495 2779//2494 
f 2812//2527 2781//2496 2780//2495 
f 2813//2528 2782//2497 2781//2496 
f 2814//2529 2783//2498 2782//2497 
f 2815//2530 2784//2499 2783//2498 
f 2816//2531 2785//2500 2784//2499 
f 2817//2532 2786//2501 2785//2500 
f 2818//2533 2787//2502 2786//2501 
f 2819//2534 2788//2503 2787//2502 
f 2820//2535 2789//2504 2788//2503 
f 2821//2536 2790//2505 2789//2504 
f 2822//2537 2791//2506 2790//2505 
f 2823//2538 2792//2507 2791//2506 
f 2824//2539 2793//2508 2792//2507 
f 2825//2540 2794//2509 2793//2508 
f 2826//2541 2795//2510 2794//2509 
f 2827//2542 2796//2511 2795//2510 
f 2828//2543 2797//2512 2796//2511 
f 2829//2544 2798//2513 2797//2512 
f 2830//2545 2799//2514 2831//2546 
f 2832//2547 2801//2516 2799//2514 
f 2833//2548 2802//2517 2801//2516 
f 2834//2549 2803//2518 2802//2517 
f 2835//2550 2804//2519 2803//2518 
f 2836//2551 2805//2520 2804//2519 
f 2837//2552 2806//2521 2805//2520 
f 2838//2553 2807//2522 2806//2521 
f 2839//2554 2808//2523 2807//2522 
f 2840//2555 2809//2524 2808//2523 
f 2841//2556 2810//2525 2809//2524 
f 2842//2557 2811//2526 2810//2525 
f 2843//2558 2812//2527 2811//2526 
f 2844//2559 2813//2528 2812//2527 
f 2845//2560 2814//2529 2813//2528 
f 2846//2561 2815//2530 2814//2529 
f 2847//2562 2816//2531 2815//2530 
f 2848//2563 2817//2532 2816//2531 
f 2849//2564 2818//2533 2817//2532 
f 2850//2565 2819//2534 2818//2533 
f 2851//2566 2820//2535 2819//2534 
f 2852//2567 2821//2536 2820//2535 
f 2853//2568 2822//2537 2821//2536 
f 2854//2569 2823//2538 2822//2537 
f 2855//2570 2824//2539 2823//2538 
f 2856//2571 2825//2540 2824//2539 
f 2857//2572 2826//2541 2825//2540 
f 2858//2573 2827//2542 2826//2541 
f 2859//2574 2828//2543 2827//2542 
f 2860//2575 2829//2544 2828//2543 
f 2861//2576 2830//2545 2862//2577 
f 2863//2578 2832//2547 2830//2545 
f 2864//2579 2833//2548 2832//2547 
f 2865//2580 2834//2549 2833//2548 
f 2866//2581 2835//2550 2834//2549 
f 2867//2582 2836//2551 2835//2550 
f 2868//2583 2837//2552 2836//2551 
f 2869//2584 2838//2553 2837//2552 
f 2870//2585 2839//2554 2838//2553 
f 2871//2586 2840//2555 2839//2554 
f 2872//2587 2841//2556 2840//2555 
f 2873//2588 2842//2557 2841//2556 
f 2874//2589 2843//2558 2842//2557 
f 2875//2590 2844//2559 2843//2558 
f 2876//2591 2845//2560 2844//2559 
f 2877//2592 2846//2561 2845//2560 
f 2878//2593 2847//2562 2846//2561 
f 2879//2594 2848//2563 2847//2562 
f 2880//2595 2849//2564 2848//2563 
f 2881//2596 2850//2565 2849//2564 
f 2882//2597 2851//2566 2850//2565 
f 2883//2598 2852//2567 2851//2566 
f 2884//2599 2853//2568 2852//2567 
f 2885//2600 2854//2569 2853//2568 
f 2886//2601 2855//2570 2854//2569 
f 2887//2602 2856//2571 2855//2570 
f 2888//2603 2857//2572 2856//2571 
f 2889//2604 2858//2573 2857//2572 
f 2890//2605 2859//2574 2858//2573 
f 2891//2606 2860//2575 2859//2574 
f 2892//2607 2861//2576 2893//2608 
f 2894//2609 2863//2578 2861//2576 
f 2895//2610 2864//2579 2863//2578 
f 2896//2611 2865//2580 2864//2579 
f 2897//2612 2866//2581 2865//2580 
f 2898//2613 2867//2582 2866//2581 
f 2899//2614 2868//2583 2867//2582 
f 2900//2615 2869//2584 2868//2583 
f 2901//2616 2870//2585 2869//2584 
f 2902//2617 2871//2586 2870//2585 
f 2903//2618 2872//2587 2871//2586 
f 2904//2619 2873//2588 2872//2587 
f 2905//2620 2874//2589 2873//2588 
f 2906//2621 2875//2590 2874//2589 
f 2907//2622 2876//2591 2875//2590 
f 2908//2623 2877//2592 2876//2591 
f 2909//2624 2878//2593 2877//2592 
f 2910//2625 2879//2594 2878//2593 
f 2911//2626 2880//2595 2879//2594 
f 2912//2627 2881//2596 2880//2595 
f 2913//2628 2882//2597 2881//2596 
f 2914//2629 2883//2598 2882//2597 
f 2915//2630 2884//2599 2883//2598 
f 2916//2631 2885//2600 2884//2599 
f 2917//2632 2886//2601 2885//2600 
f 2918//2633 2887//2602 2886//2601 
f 2919//2634 2888//2603 2887//2602 
f 2920//2635 2889//2604 2888//2603 
f 2921//2636 2890//2605 2889//2604 
f 2922//2637 2891//2606 2890//2605 
f 2923//2638 2892//2607 2924//2639 
f 2925//2640 2894//2609 2892//2607 
f 2926//2641 2895//2610 2894//2609 
f 2927//2642 2896//2611 2895//2610 
f 2928//2643 2897//2612 2896//2611 
f 2929//2644 2898//2613 2897//2612 
f 2930//2645 2899//2614 2898//2613 
f 2931//2646 2900//2615 2899//2614 
f 2932//2647 2901//2616 2900//2615 
f 2933//2648 2902//2617 2901//2616 
f 2934//2649 2903//2618 2902//2617 
f 2935//2650 2904//2619 2903//2618 
f 2936//2651 2905//2620 2904//2619 
f 2937//2652 2906//2621 2905//2620 
f 2938//2653 2907//2622 2906//2621 
f 2939//2654 2908//2623 2907//2622 
f 2940//2655 2909//2624 2908//2623 
f 2941//2656 2910//2625 2909//2624 
f 2942//2657 2911//2626 2910//2625 
f 2943//2658 2912//2627 2911//2626 
f 2944//2659 2913//2628 2912//2627 
f 2945//2660 2914//2629 2913//2628 
f 2946//2661 2915//2630 2914//2629 
f 2947//2662 2916//2631 2915//2630 
f 2948//2663 2917//2632 2916//2631 
f 2949//2664 2918//2633 2917//2632 
f 2950//2665 2919//2634 2918//2633 
f 2951//2666 2920//2635 2919//2634 
f 2952//2667 2921//2636 2920//2635 
f 2953//2668 2922//2637 2921//2636 
f 2954//2669 2923//2638 2955//2670 
f 2956//2671 2925//2640 2923//2638 
f 2957//2672 2926//2641 2925//2640 
f 2958//2673 2927//2642 2926//2641 
f 2959//2674 2928//2643 2927//2642 
f 2960//2675 2929//2644 2928//2643 
f 2961//2676 2930//2645 2929//2644 
f 2962//2677 2931//2646 2930//2645 
f 2963//2678 2932//2647 2931//2646 
f 2964//2679 2933//2648 2932//2647 
f 2965//2680 2934//2649 2933//2648 
f 2966//2681 2935//2650 2934//2649 
f 2967//2682 2936//2651 2935//2650 
f 2968//2683 2937//2652 2936//2651 
f 2969//2684 2938//2653 2937//2652 
f 2970//2685 2939//2654 2938//2653 
f 2971//2686 2940//2655 2939//2654 
f 2972//2687 2941//2656 2940//2655 
f 2973//2688 2942//2657 2941//2656 
f 2974//2689 2943//2658 2942//2657 
f 2975//2690 2944//2659 2943//2658 
f 2976//2691 2945//2660 2944//2659 
f 2977//2692 2946//2661 2945//2660 
f 2978//2693 2947//2662 2946//2661 
f 2979//2694 2948//2663 2947//2662 
f 2980//2695 2949//2664 2948//2663 
f 2981//2696 2950//2665 2949//2664 
f 2982//2697 2951//2666 2950//2665 
f 2983//2698 2952//2667 2951//2666 
f 2984//2699 2953//2668 2952//2667 
f 2985//2700 2986//2701 2987//2702 
f 2988//2703 2954//2669 2986//2701 
f 2989//2704 2956//2671 2954//2669 
f 2990//2705 2957//2672 2956//2671 
f 2991//2706 2958//2673 2957//2672 
f 2992//2707 2959//2674 2958//2673 
f 2993//2708 2960//2675 2959//2674 
f 2994//2709 2961//2676 2960//2675 
f 2995//2710 2962//2677 2961//2676 
f 2996//2711 2963//2678 2962//2677 
f 2997//2712 2964//2679 2963//2678 
f 2998//2713 2965//2680 2964//2679 
f 2999//2714 2966//2681 2965//2680 
f 3000//2715 2967//2682 2966//2681 
f 3001//2716 2968//2683 2967//2682 
f 3002//2717 2969//2684 2968//2683 
f 3003//2718 2970//2685 2969//2684 
f 3004//2719 2971//2686 2970//2685 
f 3005//2720 2972//2687 2971//2686 
f 3006//2721 2973//2688 2972//2687 
f 3007//2722 2974//2689 2973//2688 
f 3008//2723 2975//2690 2974//2689 
f 3009//2724 2976//2691 2975//2690 
f 3010//2725 2977//2692 2976//2691 
f 3011//2726 2978//2693 2977//2692 
f 3012//2727 2979//2694 2978//2693 
f 3013//2728 2980//2695 2979//2694 
f 3014//2729 2981//2696 2980//2695 
f 3015//2730 2982//2697 2981//2696 
f 3016//2731 2983//2698 2982//2697 
f 3017//2732 2984//2699 2983//2698 
f 3018//2733 3019//2734 2984//2699 
f 3020//2735 2985//2700 3021//2736 
f 3022//2737 2988//2703 2985//2700 
f 3023//2738 2989//2704 2988//2703 
f 3024//2739 2990//2705 2989//2704 
f 3025//2740 2991//2706 2990//2705 
f 3026//2741 2992//2707 2991//2706 
f 3027//2742 2993//2708 2992//2707 
f 3028//2743 2994//2709 2993//2708 
f 3029//2744 2995//2710 2994//2709 
f 3030//2745 2996//2711 2995//2710 
f 3031//2746 2997//2712 2996//2711 
f 3032//2747 2998//2713 2997//2712 
f 3033//2748 2999//2714 2998//2713 
f 3034//2749 3000//2715 2999//2714 
f 3035//2750 3001//2716 3000//2715 
f 3036//2751 3002//2717 3001//2716 
f 3037//2752 3003//2718 3002//2717 
f 3038//2753 3004//2719 3003//2718 
f 3039//2754 3005//2720 3004//2719 
f 3040//2755 3006//2721 3005//2720 
f 3041//2756 3007//2722 3006//2721 
f 3042//2757 3008//2723 3007//2722 
f 3043//2758 3009//2724 3008//2723 
f 3044//2759 3010//2725 3009//2724 
f 3045//2760 3011//2726 3010//2725 
f 3046//2761 3012//2727 3011//2726 
f 3047//2762 3013//2728 3012//2727 
f 3048//2763 3014//2729 3013//2728 
f 3049//2764 3015//2730 3014//2729 
f 3050//2765 3016//2731 3015//2730 
f 3051//2766 3017//2732 3016//2731 
f 3052//2767 3018//2733 3017//2732 
f 3053//2768 3020//2735 3054//2769 
f 3055//2770 3022//2737 3020//2735 
f 3056//2771 3023//2738 3022//2737 
f 3057//2772 3024//2739 3023//2738 
f 3058//2773 3025//2740 3024//2739 
f 3059//2774 3026//2741 3025//2740 
f 3060//2775 3027//2742 3026//2741 
f 3061//2776 3028//2743 3027//2742 
f 3062//2777 3029//2744 3028//2743 
f 3063//2778 3030//2745 3029//2744 
f 3064//2779 3031//2746 3030//2745 
f 3065//2780 3032//2747 3031//2746 
f 3066//2781 3033//2748 3032//2747 
f 3067//2782 3034//2749 3033//2748 
f 3068//2783 3035//2750 3034//2749 
f 3069//2784 3036//2751 3035//2750 
f 3070//2785 3037//2752 3036//2751 
f 3071//2786 3038//2753 3037//2752 
f 3072//2787 3039//2754 3038//2753 
f 3073//2788 3040//2755 3039//2754 
f 3074//2789 3041//2756 3040//2755 
f 3075//2790 3042//2757 3041//2756 
f 3076//2791 3043//2758 3042//2757 
f 3077//2792 3044//2759 3043//2758 
f 3078//2793 3045//2760 3044//2759 
f 3079//2794 3046//2761 3045//2760 
f 3080//2795 3047//2762 3046//2761 
f 3081//2796 3048//2763 3047//2762 
f 3082//2797 3049//2764 3048//2763 
f 3083//2798 3050//2765 3049//2764 
f 3084//2799 3051//2766 3050//2765 
f 3085//2800 3052//2767 3051//2766 
f 3086//2801 3053//2768 3087//2802 
f 3088//2803 3055//2770 3053//2768 
f 3089//2804 3056//2771 3055//2770 
f 3090//2805 3057//2772 3056//2771 
f 3091//2806 3058//2773 3057//2772 
f 3092//2807 3059//2774 3058//2773 
f 3093//2808 3060//2775 3059//2774 
f 3094//2809 3061//2776 3060//2775 
f 3095//2810 3062//2777 3061//2776 
f 3096//2811 3063//2778 3062//2777 
f 3097//2812 3064//2779 3063//2778 
f 3098//2813 3065//2780 3064//2779 
f 3099//2814 3066//2781 3065//2780 
f 3100//2815 3067//2782 3066//2781 
f 3101//2816 3068//2783 3067//2782 
f 3102//2817 3069//2784 3068//2783 
f 3103//2818 3070//2785 3069//2784 
f 3104//2819 3071//2786 3070//2785 
f 3105//2820 3072//2787 3071//2786 
f 3106//2821 3073//2788 3072//2787 
f 3107//2822 3074//2789 3073//2788 
f 3108//2823 3075//2790 3074//2789 
f 3109//2824 3076//2791 3075//2790 
f 3110//2825 3077//2792 3076//2791 
f 3111//2826 3078//2793 3077//2792 
f 3112//2827 3079//2794 3078//2793 
f 3113//2828 3080//2795 3079//2794 
f 3114//2829 3081//2796 3080//2795 
f 3115//2830 3082//2797 3081//2796 
f 3116//2831 3083//2798 3082//2797 
f 3117//2832 3084//2799 3083//2798 
f 3118//2833 3085//2800 3084//2799 
f 3119//2834 3086//2801 3120//2835 
f 3121//2836 3088//2803 3086//2801 
f 3122//2837 3089//2804 3088//2803 
f 3123//2838 3090//2805 3089//2804 
f 3124//2839 3091//2806 3090//2805 
f 3125//2840 3092//2807 3091//2806 
f 3126//2841 3093//2808 3092//2807 
f 3127//2842 3094//2809 3093//2808 
f 3128//2843 3095//2810 3094//2809 
f 3129//2844 3096//2811 3095//2810 
f 3130//2845 3097//2812 3096//2811 
f 3131//2846 3098//2813 3097//2812 
f 3132//2847 3099//2814 3098//2813 
f 3133//2848 3100//2815 3099//2814 
f 3134//2849 3101//2816 3100//2815 
f 3135//2850 3102//2817 3101//2816 
f 3136//2851 3103//2818 3102//2817 
f 3137//2852 3104//2819 3103//2818 
f 3138//2853 3105//2820 3104//2819 
f 3139//2854 3106//2821 3105//2820 
f 3140//2855 3107//2822 3106//2821 
f 3141//2856 3108//2823 3107//2822 
f 3142//2857 3109//2824 3108//2823 
f 3143//2858 3110//2825 3109//2824 
f 3144//2859 3111//2826 3110//2825 
f 3145//2860 3112//2827 3111//2826 
f 3146//2861 3113//2828 3112//2827 
f 3147//2862 3114//2829 3113//2828 
f 3148//2863 3115//2830 3114//2829 
f 3149//2864 3116//2831 3115//2830 
f 3150//2865 3117//2832 3116//2831 
f 3151//2866 3118//2833 3117//2832 
f 3152//2867 3119//2834 3153//2868 
f 3154//2869 3121//2836 3119//2834 
f 3155//2870 3122//2837 3121//2836 
f 3156//2871 3123//2838 3122//2837 
f 3157//2872 3124//2839 3123//2838 
f 3158//2873 3125//2840 3124//2839 
f 3159//2874 3126//2841 3125//2840 
f 3160//2875 3127//2842 3126//2841 
f 3161//2876 3128//2843 3127//2842 
f 3162//2877 3129//2844 3128//2843 
f 3163//2878 3130//2845 3129//2844 
f 3164//2879 3131//2846 3130//2845 
f 3165//2880 3132//2847 3131//2846 
f 3166//2881 3133//2848 3132//2847 
f 3167//2882 3134//2849 3133//2848 
f 3168//2883 3135//2850 3134//2849 
f 3169//2884 3136//2851 3135//2850 
f 3170//2885 3137//2852 3136//2851 
f 3171//2886 3138//2853 3137//2852 
f 3172//2887 3139//2854 3138//2853 
f 3173//2888 3140//2855 3139//2854 
f 3174//2889 3141//2856 3140//2855 
f 3175//2890 3142//2857 3141//2856 
f 3176//2891 3143//2858 3142//2857 
f 3177//2892 3144//2859 3143//2858 
f 3178//2893 3145//2860 3144//2859 
f 3179//2894 3146//2861 3145//2860 
f 3180//2895 3147//2862 3146//2861 
f 3181//2896 3148//2863 3147//2862 
f 3182//2897 3149//2864 3148//2863 
f 3183//2898 3150//2865 3149//2864 
f 3184//2899 3151//2866 3150//2865 
f 3185//2900 3152//2867 3186//2901 
f 3187//2902 3154//2869 3152//2867 
f 3188//2903 3155//2870 3154//2869 
f 3189//2904 3156//2871 3155//2870 
f 3190//2905 3157//2872 3156//2871 
f 3191//2906 3158//2873 3157//2872 
f 3192//2907 3159//2874 3158//2873 
f 3193//2908 3160//2875 3159//2874 
f 3194//2909 3161//2876 3160//2875 
f 3195//2910 3162//2877 3161//2876 
f 3196//2911 3163//2878 3162//2877 
f 3197//2912 3164//2879 3163//2878 
f 3198//2913 3165//2880 3164//2879 
f 3199//2914 3166//2881 3165//2880 
f 3200//2915 3167//2882 3166//2881 
f 3201//2916 3168//2883 3167//2882 
f 3202//2917 3169//2884 3168//2883 
f 3203//2918 3170//2885 3169//2884 
f 3204//2919 3171//2886 3170//2885 
f 3205//2920 3172//2887 3171//2886 
f 3206//2921 3173//2888 3172//2887 
f 3207//2922 3174//2889 3173//2888 
f 3208//2923 3175//2890 3174//2889 
f 3209//2924 3176//2891 3175//2890 
f 3210//2925 3177//2892 3176//2891 
f 3211//2926 3178//2893 3177//2892 
f 3212//2927 3179//2894 3178//2893 
f 3213//2928 3180//2895 3179//2894 
f 3214//2929 3181//2896 3180//2895 
f 3215//2930 3182//2897 3181//2896 
f 3216//2931 3183//2898 3182//2897 
f 3217//2932 3184//2899 3183//2898 
f 3218//2933 3219//2934 3220//2935 
f 3221//2936 3185//2900 3219//2934 
f 3222//2937 3187//2902 3185//2900 
f 3223//2938 3188//2903 3187//2902 
f 3224//2939 3189//2904 3188//2903 
f 3225//2940 3190//2905 3189//2904 
f 3226//2941 3191//2906 3190//2905 
f 3227//2942 3192//2907 3191//2906 
f 3228//2943 3193//2908 3192//2907 
f 3229//2944 3194//2909 3193//2908 
f 3230//2945 3195//2910 3194//2909 
f 3231//2946 3196//2911 3195//2910 
f 3232//2947 3197//2912 3196//2911 
f 3233//2948 3198//2913 3197//2912 
f 3234//2949 3199//2914 3198//2913 
f 3235//2950 3200//2915 3199//2914 
f 3236//2951 3201//2916 3200//2915 
f 3237//2952 3202//2917 3201//2916 
f 3238//2953 3203//2918 3202//2917 
f 3239//2954 3204//2919 3203//2918 
f 3240//2955 3205//2920 3204//2919 
f 3241//2956 3206//2921 3205//2920 
f 3242//2957 3207//2922 3206//2921 
f 3243//2958 3208//2923 3207//2922 
f 3244//2959 3209//2924 3208//2923 
f 3245//2960 3210//2925 3209//2924 
f 3246//2961 3211//2926 3210//2925 
f 3247//2962 3212//2927 3211//2926 
f 3248//2963 3213//2928 3212//2927 
f 3249//2964 3214//2929 3213//2928 
f 3250//2965 3215//2930 3214//2929 
f 3251//2966 3216//2931 3215//2930 
f 3252//2967 3217//2932 3216//2931 
f 3253//2968 3254//2969 3217//2932 
f 3255//2970 3218//2933 3256//2971 
f 3257//2972 3221//2936 3218//2933 
f 3258//2973 3222//2937 3221//2936 
f 3259//2974 3223//2938 3222//2937 
f 3260//2975 3224//2939 3223//2938 
f 3261//2976 3225//2940 3224//2939 
f 3262//2977 3226//2941 3225//2940 
f 3263//2978 3227//2942 3226//2941 
f 3264//2979 3228//2943 3227//2942 
f 3265//2980 3229//2944 3228//2943 
f 3266//2981 3230//2945 3229//2944 
f 3267//2982 3231//2946 3230//2945 
f 3268//2983 3232//2947 3231//2946 
f 3269//2984 3233//2948 3232//2947 
f 3270//2985 3234//2949 3233//2948 
f 3271//2986 3235//2950 3234//2949 
f 3272//2987 3236//2951 3235//2950 
f 3273//2988 3237//2952 3236//2951 
f 3274//2989 3238//2953 3237//2952 
f 3275//2990 3239//2954 3238//2953 
f 3276//2991 3240//2955 3239//2954 
f 3277//2992 3241//2956 3240//2955 
f 3278//2993 3242//2957 3241//2956 
f 3279//2994 3243//2958 3242//2957 
f 3280//2995 3244//2959 3243//2958 
f 3281//2996 3245//2960 3244//2959 
f 3282//2997 3246//2961 3245//2960 
f 3283//2998 3247//2962 3246//2961 
f 3284//2999 3248//2963 3247//2962 
f 3285//3000 3249//2964 3248//2963 
f 3286//3001 3250//2965 3249//2964 
f 3287//3002 3251//2966 3250//2965 
f 3288//3003 3252//2967 3251//2966 
f 3289//3004 3253//2968 3252//2967 
f 3290//3005 3255//2970 3291//3006 
f 3292//3007 3257//2972 3255//2970 
f 3293//3008 3258//2973 3257//2972 
f 3294//3009 3259//2974 3258//2973 
f 3295//3010 3260//2975 3259//2974 
f 3296//3011 3261//2976 3260//2975 
f 3297//3012 3262//2977 3261//2976 
f 3298//3013 3263//2978 3262//2977 
f 3299//3014 3264//2979 3263//2978 
f 3300//3015 3265//2980 3264//2979 
f 3301//3016 3266//2981 3265//2980 
f 3302//3017 3267//2982 3266//2981 
f 3303//3018 3268//2983 3267//2982 
f 3304//3019 3269//2984 3268//2983 
f 3305//3020 3270//2985 3269//2984 
f 3306//3021 3271//2986 3270//2985 
f 3307//3022 3272//2987 3271//2986 
f 3308//3023 3273//2988 3272//2987 
f 3309//3024 3274//2989 3273//2988 
f 3310//3025 3275//2990 3274//2989 
f 3311//3026 3276//2991 3275//2990 
f 3312//3027 3277//2992 3276//2991 
f 3313//3028 3278//2993 3277//2992 
f 3314//3029 3279//2994 3278//2993 
f 3315//3030 3280//2995 3279//2994 
f 3316//3031 3281//2996 3280//2995 
f 3317//3032 3282//2997 3281//2996 
f 3318//3033 3283//2998 3282//2997 
f 3319//3034 3284//2999 3283//2998 
f 3320//3035 3285//3000 3284//2999 
f 3321//3036 3286//3001 3285//3000 
f 3322//3037 3287//3002 3286//3001 
f 3323//3038 3288//3003 3287//3002 
f 3324//3039 3289//3004 3288//3003 
f 3325//3040 3290//3005 3326//3041 
f 3327//3042 3292//3007 3290//3005 
f 3328//3043 3293//3008 3292//3007 
f 3329//3044 3294//3009 3293//3008 
f 3330//3045 3295//3010 3294//3009 
f 3331//3046 3296//3011 3295//3010 
f 3332//3047 3297//3012 3296//3011 
f 3333//3048 3298//3013 3297//3012 
f 3334//3049 3299//3014 3298//3013 
f 3335//3050 3300//3015 3299//3014 
f 3336//3051 3301//3016 3300//3015 
f 3337//3052 3302//3017 3301//3016 
f 3338//3053 3303//3018 3302//3017 
f 3339//3054 3304//3019 3303//3018 
f 3340//3055 3305//3020 3304//3019 
f 3341//3056 3306//3021 3305//3020 
f 3342//3057 3307//3022 3306//3021 
f 3343//3058 3308//3023 3307//3022 
f 3344//3059 3309//3024 3308//3023 
f 3345//3060 3310//3025 3309//3024 
f 3346//3061 3311//3026 3310//3025 
f 3347//3062 3312//3027 3311//3026 
f 3348//3063 3313//3028 3312//3027 
f 3349//3064 3314//3029 3313//3028 
f 3350//3065 3315//3030 3314//3029 
f 3351//3066 3316//3031 3315//3030 
f 3352//3067 3317//3032 3316//3031 
f 3353//3068 3318//3033 3317//3032 
f 3354//3069 3319//3034 3318//3033 
f 3355//3070 3320//3035 3319//3034 
f 3356//3071 3321//3036 3320//3035 
f 3357//3072 3322//3037 3321//3036 
f 3358//3073 3323//3038 3322//3037 
f 3359//3074 3324//3039 3323//3038 
f 3360//3075 3325//3040 3361//3076 
f 3362//3077 3327//3042 3325//3040 
f 3363//3078 3328//3043 3327//3042 
f 3364//3079 3329//3044 3328//3043 
f 3365//3080 3330//3045 3329//3044 
f 3366//3081 3331//3046 3330//3045 
f 3367//3082 3332//3047 3331//3046 
f 3368//3083 3333//3048 3332//3047 
f 3369//3084 3334//3049 3333//3048 
f 3370//3085 3335//3050 3334//3049 
f 3371//3086 3336//3051 3335//3050 
f 3372//3087 3337//3052 3336//3051 
f 3373//3088 3338//3053 3337//3052 
f 3374//3089 3339//3054 3338//3053 
f 3375//3090 3340//3055 3339//3054 
f 3376//3091 3341//3056 3340//3055 
f 3377//3092 3342//3057 3341//3056 
f 3378//3093 3343//3058 3342//3057 
f 3379//3094 3344//3059 3343//3058 
f 3380//3095 3345//3060 3344//3059 
f 3381//3096 3346//3061 3345//3060 
f 3382//3097 3347//3062 3346//3061 
f 3383//3098 3348//3063 3347//3062 
f 3384//3099 3349//3064 3348//3063 
f 3385//3100 3350//3065 3349//3064 
f 3386//3101 3351//3066 3350//3065 
f 3387//3102 3352//3067 3351//3066 
f 3388//3103 3353//3068 3352//3067 
f 3389//3104 3354//3069 3353//3068 
f 3390//3105 3355//3070 3354//3069 
f 3391//3106 3356//3071 3355//3070 
f 3392//3107 3357//3072 3356//3071 
f 3393//3108 3358//3073 3357//3072 
f 3394//3109 3359//3074 3358//3073 
f 3395//3110 3360//3075 3396//3111 
f 3397//3112 3362//3077 3360//3075 
f 3398//3113 3363//3078 3362//3077 
f 3399//3114 3364//3079 3363//3078 
f 3400//3115 3365//3080 3364//3079 
f 3401//3116 3366//3081 3365//3080 
f 3402//3117 3367//3082 3366//3081 
f 3403//3118 3368//3083 3367//3082 
f 3404//3119 3369//3084 3368//3083 
f 3405//3120 3370//3085 3369//3084 
f 3406//3121 3371//3086 3370//3085 
f 3407//3122 3372//3087 3371//3086 
f 3408//3123 3373//3088 3372//3087 
f 3409//3124 3374//3089 3373//3088 
f 3410//3125 3375//3090 3374//3089 
f 3411//3126 3376//3091 3375//3090 
f 3412//3127 3377//3092 3376//3091 
f 3413//3128 3378//3093 3377//3092 
f 3414//3129 3379//3094 3378//3093 
f 3415//3130 3380//3095 3379//3094 
f 3416//3131 3381//3096 3380//3095 
f 3417//3132 3382//3097 3381//3096 
f 3418//3133 3383//3098 3382//3097 
f 3419//3134 3384//3099 3383//3098 
f 3420//3135 3385//3100 3384//3099 
f 3421//3136 3386//3101 3385//3100 
f 3422//3137 3387//3102 3386//3101 
f 3423//3138 3388//3103 3387//3102 
f 3424//3139 3389//3104 3388//3103 
f 3425//3140 3390//3105 3389//3104 
f 3426//3141 3391//3106 3390//3105 
f 3427//3142 3392//3107 3391//3106 
f 3428//3143 3393//3108 3392//3107 
f 3429//3144 3394//3109 3393//3108 
f 3430//3145 3431//3146 3432//3147 
f 3433//3148 3395//3110 3431//3146 
f 3434//3149 3397//3112 3395//3110 
f 3435//3150 3398//3113 3397//3112 
f 3436//3151 3399//3114 3398//3113 
f 3437//3152 3400//3115 3399//3114 
f 3438//3153 3401//3116 3400//3115 
f 3439//3154 3402//3117 3401//3116 
f 3440//3155 3403//3118 3402//3117 
f 3441//3156 3404//3119 3403//3118 
f 3442//3157 3405//3120 3404//3119 
f 3443//3158 3406//3121 3405//3120 
f 3444//3159 3407//3122 3406//3121 
f 3445//3160 3408//3123 3407//3122 
f 3446//3161 3409//3124 3408//3123 
f 3447//3162 3410//3125 3409//3124 
f 3448//3163 3411//3126 3410//3125 
f 3449//3164 3412//3127 3411//3126 
f 3450//3165 3413//3128 3412//3127 
f 3451//3166 3414//3129 3413//3128 
f 3452//3167 3415//3130 3414//3129 
f 3453//3168 3416//3131 3415//3130 
f 3454//3169 3417//3132 3416//3131 
f 3455//3170 3418//3133 3417//3132 
f 3456//3171 3419//3134 3418//3133 
f 3457//3172 3420//3135 3419//3134 
f 3458//3173 3421//3136 3420//3135 
f 3459//3174 3422//3137 3421//3136 
f 3460//3175 3423//3138 3422//3137 
f 3461//3176 3424//3139 3423//3138 
f 3462//3177 3425//3140 3424//3139 
f 3463//3178 3426//3141 3425//3140 
f 3464//3179 3427//3142 3426//3141 
f 3465//3180 3428//3143 3427//3142 
f 3466//3181 3429//3144 3428//3143 
f 3467//3182 3468//3183 3429//3144 
f 3469//3184 3430//3145 3470//3185 
f 3471//3186 3433//3148 3430//3145 
f 3472//3187 3434//3149 3433//3148 
f 3473//3188 3435//3150 3434//3149 
f 3474//3189 3436//3151 3435//3150 
f 3475//3190 3437//3152 3436//3151 
f 3476//3191 3438//3153 3437//3152 
f 3477//3192 3439//3154 3438//3153 
f 3478//3193 3440//3155 3439//3154 
f 3479//3194 3441//3156 3440//3155 
f 3480//3195 3442//3157 3441//3156 
f 3481//3196 3443//3158 3442//3157 
f 3482//3197 3444//3159 3443//3158 
f 3483//3198 3445//3160 3444//3159 
f 3484//3199 3446//3161 3445//3160 
f 3485//3200 3447//3162 3446//3161 
f 3486//3201 3448//3163 3447//3162 
f 3487//3202 3449//3164 3448//3163 
f 3488//3203 3450//3165 3449//3164 
f 3489//3204 3451//3166 3450//3165 
f 3490//3205 3452//3167 3451//3166 
f 3491//3206 3453//3168 3452//3167 
f 3492//3207 3454//3169 3453//3168 
f 3493//3208 3455//3170 3454//3169 
f 3494//3209 3456//3171 3455//3170 
f 3495//3210 3457//3172 3456//3171 
f 3496//3211 3458//3173 3457//3172 
f 3497//3212 3459//3174 3458//3173 
f 3498//3213 3460//3175 3459//3174 
f 3499//3214 3461//3176 3460//3175 
f 3500//3215 3462//3177 3461//3176 
f 3501//3216 3463//3178 3462//3177 
f 3502//3217 3464//3179 3463//3178 
f 3503//3218 3465//3180 3464//3179 
f 3504//3219 3466//3181 3465//3180 
f 3505//3220 3467//3182 3466//3181 
f 3506//3221 3469//3184 3507//3222 
f 3508//3223 3471//3186 3469//3184 
f 3509//3224 3472//3187 3471//3186 
f 3510//3225 3473//3188 3472//3187 
f 3511//3226 3474//3189 3473//3188 
f 3512//3227 3475//3190 3474//3189 
f 3513//3228 3476//3191 3475//3190 
f 3514//3229 3477//3192 3476//3191 
f 3515//3230 3478//3193 3477//3192 
f 3516//3231 3479//3194 3478//3193 
f 3517//3232 3480//3195 3479//3194 
f 3518//3233 3481//3196 3480//3195 
f 3519//3234 3482//3197 3481//3196 
f 3520//3235 3483//3198 3482//3197 
f 3521//3236 3484//3199 3483//3198 
f 3522//3237 3485//3200 3484//3199 
f 3523//3238 3486//3201 3485//3200 
f 3524//3239 3487//3202 3486//3201 
f 3525//3240 3488//3203 3487//3202 
f 3526//3241 3489//3204 3488//3203 
f 3527//3242 3490//3205 3489//3204 
f 3528//3243 3491//3206 3490//3205 
f 3529//3244 3492//3207 3491//3206 
f 3530//3245 3493//3208 3492//3207 
f 3531//3246 3494//3209 3493//3208 
f 3532//3247 3495//3210 3494//3209 
f 3533//3248 3496//3211 3495//3210 
f 3534//3249 3497//3212 3496//3211 
f 3535//3250 3498//3213 3497//3212 
f 3536//3251 3499//3214 3498//3213 
f 3537//3252 3500//3215 3499//3214 
f 3538//3253 3501//3216 3500//3215 
f 3539//3254 3502//3217 3501//3216 
f 3540//3255 3503//3218 3502//3217 
f 3541//3256 3504//3219 3503//3218 
f 3542//3257 3505//3220 3504//3219 
f 3543//3258 3506//3221 3544//3259 
f 3545//3260 3508//3223 3506//3221 
f 3546//3261 3509//3224 3508//3223 
f 3547//3262 3510//3225 3509//3224 
f 3548//3263 3511//3226 3510//3225 
f 3549//3264 3512//3227 3511//3226 
f 3550//3265 3513//3228 3512//3227 
f 3551//3266 3514//3229 3513//3228 
f 3552//3267 3515//3230 3514//3229 
f 3553//3268 3516//3231 3515//3230 
f 3554//3269 3517//3232 3516//3231 
f 3555//3270 3518//3233 3517//3232 
f 3556//3271 3519//3234 3518//3233 
f 3557//3272 3520//3235 3519//3234 
f 3558//3273 3521//3236 3520//3235 
f 3559//3274 3522//3237 3521//3236 
f 3560//3275 3523//3238 3522//3237 
f 3561//3276 3524//3239 3523//3238 
f 3562//3277 3525//3240 3524//3239 
f 3563//3278 3526//3241 3525//3240 
f 3564//3279 3527//3242 3526//3241 
f 3565//3280 3528//3243 3527//3242 
f 3566//3281 3529//3244 3528//3243 
f 3567//3282 3530//3245 3529//3244 
f 3568//3283 3531//3246 3530//3245 
f 3569//3284 3532//3247 3531//3246 
f 3570//3285 3533//3248 3532//3247 
f 3571//3286 3534//3249 3533//3248 
f 3572//3287 3535//3250 3534//3249 
f 3573//3288 3536//3251 3535//3250 
f 3574//3289 3537//3252 3536//3251 
f 3575//3290 3538//3253 3537//3252 
f 3576//3291 3539//3254 3538//3253 
f 3577//3292 3540//3255 3539//3254 
f 3578//3293 3541//3256 3540//3255 
f 3579//3294 3542//3257 3541//3256 
f 3580//3295 3543//3258 3581//3296 
f 3582//3297 3545//3260 3543//3258 
f 3583//3298 3546//3261 3545//3260 
f 3584//3299 3547//3262 3546//3261 
f 3585//3300 3548//3263 3547//3262 
f 3586//3301 3549//3264 3548//3263 
f 3587//3302 3550//3265 3549//3264 
f 3588//3303 3551//3266 3550//3265 
f 3589//3304 3552//3267 3551//3266 
f 3590//3305 3553//3268 3552//3267 
f 3591//3306 3554//3269 3553//3268 
f 3592//3307 3555//3270 3554//3269 
f 3593//3308 3556//3271 3555//3270 
f 3594//3309 3557//3272 3556//3271 
f 3595//3310 3558//3273 3557//3272 
f 3596//3311 3559//3274 3558//3273 
f 3597//3312 3560//3275 3559//3274 
f 3598//3313 3561//3276 3560//3275 
f 3599//3314 3562//3277 3561//3276 
f 3600//3315 3563//3278 3562//3277 
f 3601//3316 3564//3279 3563//3278 
f 3602//3317 3565//3280 3564//3279 
f 3603//3318 3566//3281 3565//3280 
f 3604//3319 3567//3282 3566//3281 
f 3605//3320 3568//3283 3567//3282 
f 3606//3321 3569//3284 3568//3283 
f 3607//3322 3570//3285 3569//3284 
f 3608//3323 3571//3286 3570//3285 
f 3609//3324 3572//3287 3571//3286 
f 3610//3325 3573//3288 3572//3287 
f 3611//3326 3574//3289 3573//3288 
f 3612//3327 3575//3290 3574//3289 
f 3613//3328 3576//3291 3575//3290 
f 3614//3329 3577//3292 3576//3291 
f 3615//3330 3578//3293 3577//3292 
f 3616//3331 3579//3294 3578//3293 
f 3617//3332 3618//3333 3619//3334 
f 3620//3335 3580//3295 3618//3333 
f 3621//3336 3582//3297 3580//3295 
f 3622//3337 3583//3298 3582//3297 
f 3623//3338 3584//3299 3583//3298 
f 3624//3339 3585//3300 3584//3299 
f 3625//3340 3586//3301 3585//3300 
f 3626//3341 3587//3302 3586//3301 
f 3627//3342 3588//3303 3587//3302 
f 3628//3343 3589//3304 3588//3303 
f 3629//3344 3590//3305 3589//3304 
f 3630//3345 3591//3306 3590//3305 
f 3631//3346 3592//3307 3591//3306 
f 3632//3347 3593//3308 3592//3307 
f 3633//3348 3594//3309 3593//3308 
f 3634//3349 3595//3310 3594//3309 
f 3635//3350 3596//3311 3595//3310 
f 3636//3351 3597//3312 3596//3311 
f 3637//3352 3598//3313 3597//3312 
f 3638//3353 3599//3314 3598//3313 
f 3639//3354 3600//3315 3599//3314 
f 3640//3355 3601//3316 3600//3315 
f 3641//3356 3602//3317 3601//3316 
f 3642//3357 3603//3318 3602//3317 
f 3643//3358 3604//3319 3603//3318 
f 3644//3359 3605//3320 3604//3319 
f 3645//3360 3606//3321 3605//3320 
f 3646//3361 3607//3322 3606//3321 
f 3647//3362 3608//3323 3607//3322 
f 3648//3363 3609//3324 3608//3323 
f 3649//3364 3610//3325 3609//3324 
f 3650//3365 3611//3326 3610//3325 
f 3651//3366 3612//3327 3611//3326 
f 3652//3367 3613//3328 3612//3327 
f 3653//3368 3614//3329 3613//3328 
f 3654//3369 3615//3330 3614//3329 
f 3655//3370 3616//3331 3615//3330 
f 3656//3371 3657//3372 3616//3331 
f 3658//3373 3617//3332 3659//3374 
f 3660//3375 3620//3335 3617//3332 
f 3661//3376 3621//3336 3620//3335 
f 3662//3377 3622//3337 3621//3336 
f 3663//3378 3623//3338 3622//3337 
f 3664//3379 3624//3339 3623//3338 
f 3665//3380 3625//3340 3624//3339 
f 3666//3381 3626//3341 3625//3340 
f 3667//3382 3627//3342 3626//3341 
f 3668//3383 3628//3343 3627//3342 
f 3669//3384 3629//3344 3628//3343 
f 3670//3385 3630//3345 3629//3344 
f 3671//3386 3631//3346 3630//3345 
f 3672//3387 3632//3347 3631//3346 
f 3673//3388 3633//3348 3632//3347 
f 3674//3389 3634//3349 3633//3348 
f 3675//3390 3635//3350 3634//3349 
f 3676//3391 3636//3351 3635//3350 
f 3677//3392 3637//3352 3636//3351 
f 3678//3393 3638//3353 3637//3352 
f 3679//3394 3639//3354 3638//3353 
f 3680//3395 3640//3355 3639//3354 
f 3681//3396 3641//3356 3640//3355 
f 3682//3397 3642//3357 3641//3356 
f 3683//3398 3643//3358 3642//3357 
f 3684//3399 3644//3359 3643//3358 
f 3685//3400 3645//3360 3644//3359 
f 3686//3401 3646//3361 3645//3360 
f 3687//3402 3647//3362 3646//3361 
f 3688//3403 3648//3363 3647//3362 
f 3689//3404 3649//3364 3648//3363 
f 3690//3405 3650//3365 3649//3364 
f 3691//3406 3651//3366 3650//3365 
f 3692//3407 3652//3367 3651//3366 
f 3693//3408 3653//3368 3652//3367 
f 3694//3409 3654//3369 3653//3368 
f 3695//3410 3655//3370 3654//3369 
f 3696//3411 3656//3371 3655//3370 
f 3697//3412 3658//3373 3698//3413 
f 3699//3414 3660//3375 3658//3373 
f 3700//3415 3661//3376 3660//3375 
f 3701//3416 3662//3377 3661//3376 
f 3702//3417 3663//3378 3662//3377 
f 3703//3418 3664//3379 3663//3378 
f 3704//3419 3665//3380 3664//3379 
f 3705//3420 3666//3381 3665//3380 
f 3706//3421 3667//3382 3666//3381 
f 3707//3422 3668//3383 3667//3382 
f 3708//3423 3669//3384 3668//3383 
f 3709//3424 3670//3385 3669//3384 
f 3710//3425 3671//3386 3670//3385 
f 3711//3426 3672//3387 3671//3386 
f 3712//3427 3673//3388 3672//3387 
f 3713//3428 3674//3389 3673//3388 
f 3714//3429 3675//3390 3674//3389 
f 3715//3430 3676//3391 3675//3390 
f 3716//3431 3677//3392 3676//3391 
f 3717//3432 3678//3393 3677//3392 
f 3718//3433 3679//3394 3678//3393 
f 3719//3434 3680//3395 3679//3394 
f 3720//3435 3681//3396 3680//3395 
f 3721//3436 3682//3397 3681//3396 
f 3722//3437 3683//3398 3682//3397 
f 3723//3438 3684//3399 3683//3398 
f 3724//3439 3685//3400 3684//3399 
f 3725//3440 3686//3401 3685//3400 
f 3726//3441 3687//3402 3686//3401 
f 3727//3442 3688//3403 3687//3402 
f 3728//3443 3689//3404 3688//3403 
f 3729//3444 3690//3405 3689//3404 
f 3730//3445 3691//3406 3690//3405 
f 3731//3446 3692//3407 3691//3406 
f 3732//3447 3693//3408 3692//3407 
f 3733//3448 3694//3409 3693//3408 
f 3734//3449 3695//3410 3694//3409 
f 3735//3450 3696//3411 3695//3410 
f 3736//3451 3697//3412 3737//3452 
f 3738//3453 3699//3414 3697//3412 
f 3739//3454 3700//3415 3699//3414 
f 3740//3455 3701//3416 3700//3415 
f 3741//3456 3702//3417 3701//3416 
f 3742//3457 3703//3418 3702//3417 
f 3743//3458 3704//3419 3703//3418 
f 3744//3459 3705//3420 3704//3419 
f 3745//3460 3706//3421 3705//3420 
f 3746//3461 3707//3422 3706//3421 
f 3747//3462 3708//3423 3707//3422 
f 3748//3463 3709//3424 3708//3423 
f 3749//3464 3710//3425 3709//3424 
f 3750//3465 3711//3426 3710//3425 
f 3751//3466 3712//3427 3711//3426 
f 3752//3467 3713//3428 3712//3427 
f 3753//3468 3714//3429 3713//3428 
f 3754//3469 3715//3430 3714//3429 
f 3755//3470 3716//3431 3715//3430 
f 3756//3471 3717//3432 3716//3431 
f 3757//3472 3718//3433 3717//3432 
f 3758//3473 3719//3434 3718//3433 
f 3759//3474 3720//3435 3719//3434 
f 3760//3475 3721//3436 3720//3435 
f 3761//3476 3722//3437 3721//3436 
f 3762//3477 3723//3438 3722//3437 
f 3763//3478 3724//3439 3723//3438 
f 3764//3479 3725//3440 3724//3439 
f 3765//3480 3726//3441 3725//3440 
f 3766//3481 3727//3442 3726//3441 
f 3767//3482 3728//3443 3727//3442 
f 3768//3483 3729//3444 3728//3443 
f 3769//3484 3730//3445 3729//3444 
f 3770//3485 3731//3446 3730//3445 
f 3771//3486 3732//3447 3731//3446 
f 3772//3487 3733//3448 3732//3447 
f 3773//3488 3734//3449 3733//3448 
f 3774//3489 3735//3450 3734//3449 
f 3775//3490 3736//3451 3776//3491 
f 3777//3492 3738//3453 3736//3451 
f 3778//3493 3739//3454 3738//3453 
f 3779//3494 3740//3455 3739//3454 
f 3780//3495 3741//3456 3740//3455 
f 3781//3496 3742//3457 3741//3456 
f 3782//3497 3743//3458 3742//3457 
f 3783//3498 3744//3459 3743//3458 
f 3784//3499 3745//3460 3744//3459 
f 3785//3500 3746//3461 3745//3460 
f 3786//3501 3747//3462 3746//3461 
f 3787//3502 3748//3463 3747//3462 
f 3788//3503 3749//3464 3748//3463 
f 3789//3504 3750//3465 3749//3464 
f 3790//3505 3751//3466 3750//3465 
f 3791//3506 3752//3467 3751//3466 
f 3792//3507 3753//3468 3752//3467 
f 3793//3508 3754//3469 3753//3468 
f 3794//3509 3755//3470 3754//3469 
f 3795//3510 3756//3471 3755//3470 
f 3796//3511 3757//3472 3756//3471 
f 3797//3512 3758//3473 3757//3472 
f 3798//3513 3759//3474 3758//3473 
f 3799//3514 3760//3475 3759//3474 
f 3800//3515 3761//3476 3760//3475 
f 3801//3516 3762//3477 3761//3476 
f 3802//3517 3763//3478 3762//3477 
f 3803//3518 3764//3479 3763//3478 
f 3804//3519 3765//3480 3764//3479 
f 3805//3520 3766//3481 3765//3480 
f 3806//3521 3767//3482 3766//3481 
f 3807//3522 3768//3483 3767//3482 
f 3808//3523 3769//3484 3768//3483 
f 3809//3524 3770//3485 3769//3484 
f 3810//3525 3771//3486 3770//3485 
f 3811//3526 3772//3487 3771//3486 
f 3812//3527 3773//3488 3772//3487 
f 3813//3528 3774//3489 3773//3488 
f 3814//3529 3815//3530 3816//3531 
f 3817//3532 3775//3490 3815//3530 
f 3818//3533 3777//3492 3775//3490 
f 3819//3534 3778//3493 3777//3492 
f 3820//3535 3779//3494 3778//3493 
f 3821//3536 3780//3495 3779//3494 
f 3822//3537 3781//3496 3780//3495 
f 3823//3538 3782//3497 3781//3496 
f 3824//3539 3783//3498 3782//3497 
f 3825//3540 3784//3499 3783//3498 
f 3826//3541 3785//3500 3784//3499 
f 3827//3542 3786//3501 3785//3500 
f 3828//3543 3787//3502 3786//3501 
f 3829//3544 3788//3503 3787//3502 
f 3830//3545 3789//3504 3788//3503 
f 3831//3546 3790//3505 3789//3504 
f 3832//3547 3791//3506 3790//3505 
f 3833//3548 3792//3507 3791//3506 
f 3834//3549 3793//3508 3792//3507 
f 3835//3550 3794//3509 3793//3508 
f 3836//3551 3795//3510 3794//3509 
f 3837//3552 3796//3511 3795//3510 
f 3838//3553 3797//3512 3796//3511 
f 3839//3554 3798//3513 3797//3512 
f 3840//3555 3799//3514 3798//3513 
f 3841//3556 3800//3515 3799//3514 
f 3842//3557 3801//3516 3800//3515 
f 3843//3558 3802//3517 3801//3516 
f 3844//3559 3803//3518 3802//3517 
f 3845//3560 3804//3519 3803//3518 
f 3846//3561 3805//3520 3804//3519 
f 3847//3562 3806//3521 3805//3520 
f 3848//3563 3807//3522 3806//3521 
f 3849//3564 3808//3523 3807//3522 
f 3850//3565 3809//3524 3808//3523 
f 3851//3566 3810//3525 3809//3524 
f 3852//3567 3811//3526 3810//3525 
f 3853//3568 3812//3527 3811//3526 
f 3854//3569 3813//3528 3812//3527 
f 3855//3570 3856//3571 3813//3528 
f 3857//3572 3814//3529 3858//3573 
f 3859//3574 3817//3532 3814//3529 
f 3860//3575 3818//3533 3817//3532 
f 3861//3576 3819//3534 3818//3533 
f 3862//3577 3820//3535 3819//3534 
f 3863//3578 3821//3536 3820//3535 
f 3864//3579 3822//3537 3821//3536 
f 3865//3580 3823//3538 3822//3537 
f 3866//3581 3824//3539 3823//3538 
f 3867//3582 3825//3540 3824//3539 
f 3868//3583 3826//3541 3825//3540 
f 3869//3584 3827//3542 3826//3541 
f 3870//3585 3828//3543 3827//3542 
f 3871//3586 3829//3544 3828//3543 
f 3872//3587 3830//3545 3829//3544 
f 3873//3588 3831//3546 3830//3545 
f 3874//3589 3832//3547 3831//3546 
f 3875//3590 3833//3548 3832//3547 
f 3876//3591 3834//3549 3833//3548 
f 3877//3592 3835//3550 3834//3549 
f 3878//3593 3836//3551 3835//3550 
f 3879//3594 3837//3552 3836//3551 
f 3880//3595 3838//3553 3837//3552 
f 3881//3596 3839//3554 3838//3553 
f 3882//3597 3840//3555 3839//3554 
f 3883//3598 3841//3556 3840//3555 
f 3884//3599 3842//3557 3841//3556 
f 3885//3600 3843//3558 3842//3557 
f 3886//3601 3844//3559 3843//3558 
f 3887//3602 3845//3560 3844//3559 
f 3888//3603 3846//3561 3845//3560 
f 3889//3604 3847//3562 3846//3561 
f 3890//3605 3848//3563 3847//3562 
f 3891//3606 3849//3564 3848//3563 
f 3892//3607 3850//3565 3849//3564 
f 3893//3608 3851//3566 3850//3565 
f 3894//3609 3852//3567 3851//3566 
f 3895//3610 3853//3568 3852//3567 
f 3896//3611 3854//3569 3853//3568 
f 3897//3612 3855//3570 3854//3569 
f 3898//3613 3857//3572 3899//3614 
f 3900//3615 3859//3574 3857//3572 
f 3901//3616 3860//3575 3859//3574 
f 3902//3617 3861//3576 3860//3575 
f 3903//3618 3862//3577 3861//3576 
f 3904//3619 3863//3578 3862//3577 
f 3905//3620 3864//3579 3863//3578 
f 3906//3621 3865//3580 3864//3579 
f 3907//3622 3866//3581 3865//3580 
f 3908//3623 3867//3582 3866//3581 
f 3909//3624 3868//3583 3867//3582 
f 3910//3625 3869//3584 3868//3583 
f 3911//3626 3870//3585 3869//3584 
f 3912//3627 3871//3586 3870//3585 
f 3913//3628 3872//3587 3871//3586 
f 3914//3629 3873//3588 3872//3587 
f 3915//3630 3874//3589 3873//3588 
f 3916//3631 3875//3590 3874//3589 
f 3917//3632 3876//3591 3875//3590 
f 3918//3633 3877//3592 3876//3591 
f 3919//3634 3878//3593 3877//3592 
f 3920//3635 3879//3594 3878//3593 
f 3921//3636 3880//3595 3879//3594 
f 3922//3637 3881//3596 3880//3595 
f 3923//3638 3882//3597 3881//3596 
f 3924//3639 3883//3598 3882//3597 
f 3925//3640 3884//3599 3883//3598 
f 3926//3641 3885//3600 3884//3599 
f 3927//3642 3886//3601 3885//3600 
f 3928//3643 3887//3602 3886//3601 
f 3929//3644 3888//3603 3887//3602 
f 3930//3645 3889//3604 3888//3603 
f 3931//3646 3890//3605 3889//3604 
f 3932//3647 3891//3606 3890//3605 
f 3933//3648 3892//3607 3891//3606 
f 3934//3649 3893//3608 3892//3607 
f 3935//3650 3894//3609 3893//3608 
f 3936//3651 3895//3610 3894//3609 
f 3937//3652 3896//3611 3895//3610 
f 3938//3653 3897//3612 3896//3611 
f 3939//3654 3898//3613 3940//3655 
f 3941//3656 3900//3615 3898//3613 
f 3942//3657 3901//3616 3900//3615 
f 3943//3658 3902//3617 3901//3616 
f 3944//3659 3903//3618 3902//3617 
f 3945//3660 3904//3619 3903//3618 
f 3946//3661 3905//3620 3904//3619 
f 3947//3662 3906//3621 3905//3620 
f 3948//3663 3907//3622 3906//3621 
f 3949//3664 3908//3623 3907//3622 
f 3950//3665 3909//3624 3908//3623 
f 3951//3666 3910//3625 3909//3624 
f 3952//3667 3911//3626 3910//3625 
f 3953//3668 3912//3627 3911//3626 
f 3954//3669 3913//3628 3912//3627 
f 3955//3670 3914//3629 3913//3628 
f 3956//3671 3915//3630 3914//3629 
f 3957//3672 3916//3631 3915//3630 
f 3958//3673 3917//3632 3916//3631 
f 3959//3674 3918//3633 3917//3632 
f 3960//3675 3919//3634 3918//3633 
f 3961//3676 3920//3635 3919//3634 
f 3962//3677 3921//3636 3920//3635 
f 3963//3678 3922//3637 3921//3636 
f 3964//3679 3923//3638 3922//3637 
f 3965//3680 3924//3639 3923//3638 
f 3966//3681 3925//3640 3924//3639 
f 3967//3682 3926//3641 3925//3640 
f 3968//3683 3927//3642 3926//3641 
f 3969//3684 3928//3643 3927//3642 
f 3970//3685 3929//3644 3928//3643 
f 3971//3686 3930//3645 3929//3644 
f 3972//3687 3931//3646 3930//3645 
f 3973//3688 3932//3647 3931//3646 
f 3974//3689 3933//3648 3932//3647 
f 3975//3690 3934//3649 3933//3648 
f 3976//3691 3935//3650 3934//3649 
f 3977//3692 3936//3651 3935//3650 
f 3978//3693 3937//3652 3936//3651 
f 3979//3694 3938//3653 3937//3652 
f 7//3695 3980//3696 3981//3697 
f 3982//3698 3939//3654 3981//3697 
f 3983//3699 3941//3656 3939//3654 
f 3984//3700 3942//3657 3941//3656 
f 3985//3701 3943//3658 3942//3657 
f 3986//3702 3944//3659 3943//3658 
f 3987//3703 3945//3660 3944//3659 
f 3988//3704 3946//3661 3945//3660 
f 3989//3705 3947//3662 3946//3661 
f 3990//3706 3948//3663 3947//3662 
f 3991//3707 3949//3664 3948//3663 
f 3992//3708 3950//3665 3949//3664 
f 3993//3709 3951//3666 3950//3665 
f 3994//3710 3952//3667 3951//3666 
f 3995//3711 3953//3668 3952//3667 
f 3996//3712 3954//3669 3953//3668 
f 3997//3713 3955//3670 3954//3669 
f 3998//3714 3956//3671 3955//3670 
f 3999//3715 3957//3672 3956//3671 
f 4000//3716 3958//3673 3957//3672 
f 4001//3717 3959//3674 3958//3673 
f 4002//3718 3960//3675 3959//3674 
f 4003//3719 3961//3676 3960//3675 
f 4004//3720 3962//3677 3961//3676 
f 4005//3721 3963//3678 3962//3677 
f 4006//3722 3964//3679 3963//3678 
f 4007//3723 3965//3680 3964//3679 
f 4008//3724 3966//3681 3965//3680 
f 4009//3725 3967//3682 3966//3681 
f 4010//3726 3968//3683 3967//3682 
f 4011//3727 3969//3684 3968//3683 
f 4012//3728 3970//3685 3969//3684 
f 4013//3729 3971//3686 3970//3685 
f 4014//3730 3972//3687 3971//3686 
f 4015//3731 3973//3688 3972//3687 
f 4016//3732 3974//3689 3973//3688 
f 4017//3733 3975//3690 3974//3689 
f 4018//3734 3976//3691 3975//3690 
f 4019//3735 3977//3692 3976//3691 
f 4020//3736 3978//3693 3977//3692 
f 4021//3737 3979//3694 3978//3693 
f 4021//3737 2208//3738 2209//3739 
f 2205//3740 3980//3696 7//3695 
f 2205//3740 2201//3741 3982//3698 
f 2201//3741 2200//3742 3983//3699 
f 2189//3743 3984//3700 3983//3699 
f 2188//3744 3985//3701 3984//3700 
f 2188//3744 2187//3745 3986//3702 
f 2187//3745 2171//3746 3987//3703 
f 2171//3746 2170//3747 3988//3704 
f 2170//3747 2169//3748 3989//3705 
f 2182//3749 3990//3706 3989//3705 
f 2182//3749 2181//3750 3991//3707 
f 2181//3750 2168//3751 3992//3708 
f 2167//3752 3993//3709 3992//3708 
f 2167//3752 2166//3753 3994//3710 
f 2166//3753 2180//3754 3995//3711 
f 2179//3755 3996//3712 3995//3711 
f 2179//3755 2196//3756 3997//3713 
f 2195//3757 3998//3714 3997//3713 
f 2186//3758 3999//3715 3998//3714 
f 2186//3758 2178//3759 4000//3716 
f 2177//3760 4001//3717 4000//3716 
f 2177//3760 2176//3761 4002//3718 
f 2176//3761 2175//3762 4003//3719 
f 2174//3763 4004//3720 4003//3719 
f 2174//3763 2194//3764 4005//3721 
f 2194//3764 2193//3765 4006//3722 
f 2193//3765 2173//3766 4007//3723 
f 2172//3767 4008//3724 4007//3723 
f 2185//3768 4009//3725 4008//3724 
f 2185//3768 2184//3769 4010//3726 
f 2183//3770 4011//3727 4010//3726 
f 2192//3771 4012//3728 4011//3727 
f 2192//3771 2191//3772 4013//3729 
f 2191//3772 2190//3773 4014//3730 
f 2190//3773 2199//3774 4015//3731 
f 2202//3775 4016//3732 4015//3731 
f 2198//3776 4017//3733 4016//3732 
f 2198//3776 2197//3777 4018//3734 
f 2204//3778 4019//3735 4018//3734 
f 2203//3779 4020//3736 4019//3735 
f 2203//3779 2206//3780 4021//3737 
f 2206//3780 2207//3781 2208//3738 
f 3979//3694 2210//3782 2211//3783 
f 2211//3783 3938//3653 3979//3694 
f 2209//3739 2212//3784 2210//3782 
f 2210//3782 3979//3694 2209//3739 
f 3897//3612 3938//3653 2213//3785 
f 3938//3653 2214//3786 2213//3785 
f 3855//3570 3897//3612 2215//3787 
f 3897//3612 2216//3788 2215//3787 
f 3855//3570 2217//3789 2218//3790 
f 2218//3790 3856//3571 3855//3570 
f 3855//3570 2219//3791 2217//3789 
f 3774//3489 3813//3528 2220//3792 
f 3813//3528 3856//3571 2221//3793 
f 2221//3793 2220//3792 3813//3528 
f 3735//3450 3774//3489 2222//3794 
f 3774//3489 2223//3795 2222//3794 
f 3696//3411 3735//3450 2224//3796 
f 2224//3796 2225//3797 3696//3411 
f 3735//3450 2226//3798 2224//3796 
f 3696//3411 2227//3799 2228//3800 
f 2228//3800 3656//3371 3696//3411 
f 3657//3372 3656//3371 2229//3801 
f 3656//3371 2230//3802 2229//3801 
f 3579//3294 3616//3331 2231//3803 
f 3616//3331 3657//3372 2232//3804 
f 2232//3804 2231//3803 3616//3331 
f 3579//3294 2233//3805 2234//3806 
f 2234//3806 3542//3257 3579//3294 
f 3579//3294 2235//3807 2233//3805 
f 3505//3220 3542//3257 2236//3808 
f 3542//3257 2237//3809 2236//3808 
f 3467//3182 3505//3220 2238//3810 
f 3505//3220 2239//3811 2238//3810 
f 3467//3182 2240//3812 2241//3813 
f 2241//3813 3468//3183 3467//3182 
f 3467//3182 2242//3814 2240//3812 
f 3394//3109 3429//3144 2243//3815 
f 3429//3144 3468//3183 2244//3816 
f 2244//3816 2243//3815 3429//3144 
f 3359//3074 3394//3109 2245//3817 
f 3394//3109 2246//3818 2245//3817 
f 3359//3074 2247//3819 2248//3820 
f 2248//3820 3324//3039 3359//3074 
f 3359//3074 2249//3821 2247//3819 
f 3289//3004 3324//3039 2250//3822 
f 3324//3039 2251//3823 2250//3822 
f 3253//2968 3289//3004 2252//3824 
f 2252//3824 2253//3825 3253//2968 
f 3289//3004 2254//3826 2252//3824 
f 3254//2969 3253//2968 2255//3827 
f 3253//2968 2256//3828 2255//3827 
f 3254//2969 2257//3829 2258//3830 
f 3184//2899 3217//2932 2259//3831 
f 3217//2932 3254//2969 2259//3831 
f 2259//3831 2260//3832 3184//2899 
f 3151//2866 3184//2899 2261//3833 
f 3184//2899 2262//3834 2261//3833 
f 3118//2833 3151//2866 2263//3835 
f 3151//2866 2264//3836 2263//3835 
f 3118//2833 2265//3837 2266//3838 
f 2266//3838 3085//2800 3118//2833 
f 3118//2833 2267//3839 2265//3837 
f 3085//2800 2268//3840 2269//3841 
f 2269//3841 3052//2767 3085//2800 
f 3018//2733 3052//2767 2270//3842 
f 3052//2767 2271//3843 2270//3842 
f 3019//2734 3018//2733 2272//3844 
f 3018//2733 2273//3845 2272//3844 
f 3019//2734 2274//3846 2275//3847 
f 2953//2668 2984//2699 2276//3848 
f 2984//2699 3019//2734 2276//3848 
f 2276//3848 2277//3849 2953//2668 
f 2922//2637 2953//2668 2278//3850 
f 2953//2668 2279//3851 2278//3850 
f 2891//2606 2922//2637 2280//3852 
f 2922//2637 2281//3853 2280//3852 
f 2891//2606 2282//3854 2283//3855 
f 2283//3855 2860//2575 2891//2606 
f 2891//2606 2284//3856 2282//3854 
f 2860//2575 2285//3857 2286//3858 
f 2286//3858 2829//2544 2860//2575 
f 2798//2513 2829//2544 2287//3859 
f 2829//2544 2288//3860 2287//3859 
f 2798//2513 2289//3861 2290//3862 
f 2290//3862 2766//2481 2798//2513 
f 2798//2513 2291//3863 2289//3861 
f 2767//2482 2766//2481 2292//3864 
f 2766//2481 2293//3865 2292//3864 
f 2767//2482 2294//3866 2295//3867 
f 2295//3867 2296//3868 2767//2482 
f 2734//2449 2767//2482 2297//3869 
f 2297//3869 2705//2420 2734//2449 
f 2676//2391 2705//2420 2298//3870 
f 2705//2420 2299//3871 2298//3870 
f 2647//2362 2676//2391 2300//3872 
f 2676//2391 2301//3873 2300//3872 
f 2647//2362 2302//3874 2303//3875 
f 2303//3875 2618//2333 2647//2362 
f 2647//2362 2304//3876 2302//3874 
f 2618//2333 2305//3877 2306//3878 
f 2306//3878 2589//2304 2618//2333 
f 2560//2275 2589//2304 2307//3879 
f 2589//2304 2308//3880 2307//3879 
f 2531//2246 2560//2275 2309//3881 
f 2309//3881 2310//3882 2531//2246 
f 2560//2275 2311//3883 2309//3881 
f 2531//2246 2312//3884 2313//3885 
f 2313//3885 2502//2217 2531//2246 
f 2473//2188 2502//2217 2314//3886 
f 2502//2217 2315//3887 2314//3886 
f 2444//2159 2473//2188 2316//3888 
f 2473//2188 2317//3889 2316//3888 
f 2444//2159 2318//3890 2319//3891 
f 2319//3891 2415//2130 2444//2159 
f 2444//2159 2320//3892 2318//3890 
f 2386//2101 2415//2130 2321//3893 
f 2415//2130 2322//3894 2321//3893 
f 2357//2071 2386//2101 2323//3895 
f 2386//2101 2324//3896 2323//3895 
f 305//2072 2357//2071 2325//3897 
f 2357//2071 2326//3898 2325//3897 
f 295//2018 19//3899 13//3900 
f 13//3900 2359//2074 295//2018 
f 2359//2074 12//3901 17//3902 
f 17//3902 2388//2103 2359//2074 
f 2388//2103 16//3903 24//3904 
f 24//3904 2417//2132 2388//2103 
f 2446//2161 2417//2132 26//3905 
f 2417//2132 23//3906 26//3905 
f 26//3905 29//3907 2446//2161 
f 2446//2161 28//3908 34//3909 
f 34//3909 2475//2190 2446//2161 
f 2475//2190 33//3910 38//3911 
f 38//3911 2504//2219 2475//2190 
f 2533//2248 2504//2219 43//3912 
f 2504//2219 37//3913 43//3912 
f 2533//2248 40//3914 44//3915 
f 2533//2248 46//3916 40//3914 
f 44//3915 2562//2277 2533//2248 
f 2562//2277 48//3917 52//3918 
f 52//3918 2591//2306 2562//2277 
f 2620//2335 2591//2306 66//3919 
f 2591//2306 51//3920 66//3919 
f 2649//2364 2620//2335 72//3921 
f 2620//2335 65//3922 72//3921 
f 72//3921 77//3923 2649//2364 
f 2649//2364 76//3924 85//3925 
f 85//3925 2678//2393 2649//2364 
f 2678//2393 84//3926 59//3927 
f 59//3927 2707//2422 2678//2393 
f 2736//2451 2707//2422 63//3928 
f 2707//2422 58//3929 63//3928 
f 2737//2452 62//3930 56//3931 
f 2737//2452 63//3928 62//3930 
f 2737//2452 55//3932 68//3933 
f 68//3933 2769//2484 2737//2452 
f 2800//2515 2769//2484 80//3934 
f 2769//2484 74//3935 80//3934 
f 80//3934 86//3936 2800//2515 
f 2800//2515 88//3937 92//3938 
f 92//3938 2831//2546 2800//2515 
f 2862//2577 2831//2546 96//3939 
f 2831//2546 91//3940 96//3939 
f 2893//2608 2862//2577 97//3941 
f 2862//2577 95//3942 97//3941 
f 97//3941 102//3943 2893//2608 
f 2893//2608 101//3944 106//3945 
f 106//3945 2924//2639 2893//2608 
f 2924//2639 105//3946 112//3947 
f 112//3947 2955//2670 2924//2639 
f 2955//2670 108//3948 114//3949 
f 114//3949 2986//2701 2955//2670 
f 2955//2670 109//3950 108//3948 
f 2987//2702 114//3949 116//3951 
f 2987//2702 118//3952 125//3953 
f 125//3953 3021//2736 2987//2702 
f 3021//2736 124//3954 133//3955 
f 133//3955 3054//2769 3021//2736 
f 3087//2802 3054//2769 143//3956 
f 3054//2769 132//3957 143//3956 
f 3120//2835 3087//2802 140//3958 
f 3087//2802 150//3959 140//3958 
f 140//3958 148//3960 3120//2835 
f 3120//2835 156//3961 163//3962 
f 163//3962 3153//2868 3120//2835 
f 3153//2868 162//3963 139//3964 
f 139//3964 3186//2901 3153//2868 
f 3186//2901 129//3965 147//3966 
f 147//3966 3219//2934 3186//2901 
f 3186//2901 138//3967 129//3965 
f 3220//2935 147//3966 122//3968 
f 3220//2935 121//3969 135//3970 
f 135//3970 3256//2971 3220//2935 
f 3256//2971 144//3971 151//3972 
f 3256//2971 153//3973 144//3971 
f 151//3972 3291//3006 3256//2971 
f 3291//3006 159//3974 164//3975 
f 164//3975 3326//3041 3291//3006 
f 3361//3076 3326//3041 168//3976 
f 3326//3041 166//3977 168//3976 
f 168//3976 171//3978 3361//3076 
f 3361//3076 170//3979 179//3980 
f 179//3980 3396//3111 3361//3076 
f 3431//3146 181//3981 176//3982 
f 3396//3111 178//3983 181//3981 
f 181//3981 3431//3146 3396//3111 
f 3470//3185 3432//3147 183//3984 
f 3432//3147 175//3985 183//3984 
f 183//3984 188//3986 3470//3185 
f 3470//3185 187//3987 192//3988 
f 192//3988 3507//3222 3470//3185 
f 3507//3222 191//3989 196//3990 
f 196//3990 3544//3259 3507//3222 
f 3581//3296 3544//3259 198//3991 
f 3544//3259 195//3992 198//3991 
f 198//3991 206//3993 3581//3296 
f 3618//3333 209//3994 201//3995 
f 3581//3296 205//3996 209//3994 
f 209//3994 3618//3333 3581//3296 
f 3619//3334 202//3997 210//3998 
f 210//3998 3659//3374 3619//3334 
f 3698//3413 3659//3374 217//3999 
f 3659//3374 212//4000 217//3999 
f 3698//3413 214//4001 218//4002 
f 3698//3413 220//4003 214//4001 
f 218//4002 3737//3452 3698//3413 
f 3737//3452 223//4004 232//4005 
f 232//4005 3776//3491 3737//3452 
f 3815//3530 240//4006 244//4007 
f 3776//3491 231//4008 240//4006 
f 240//4006 3815//3530 3776//3491 
f 3858//3573 3816//3531 237//4009 
f 3816//3531 243//4010 237//4009 
f 237//4009 248//4011 3858//3573 
f 3858//3573 247//4012 228//4013 
f 228//4013 3899//3614 3858//3573 
f 3899//3614 227//4014 236//4015 
f 236//4015 3940//3655 3899//3614 
f 4//4016 3981//3697 1//4017 
f 3981//3697 3940//3655 221//4018 
f 3940//3655 235//4019 221//4018 
f 221//4018 1//4017 3981//3697 
f 1//4017 3//4020 4//4016 
f 236//4015 235//4019 3940//3655 
f 228//4013 227//4014 3899//3614 
f 248//4011 247//4012 3858//3573 
f 243//4010 3816//3531 244//4007 
f 244//4007 3816//3531 3815//3530 
f 232//4005 231//4008 3776//3491 
f 218//4002 223//4004 3737//3452 
f 217//3999 220//4003 3698//3413 
f 210//3998 212//4000 3659//3374 
f 202//3997 3619//3334 201//3995 
f 201//3995 3619//3334 3618//3333 
f 206//3993 205//3996 3581//3296 
f 196//3990 195//3992 3544//3259 
f 192//3988 191//3989 3507//3222 
f 188//3986 187//3987 3470//3185 
f 175//3985 3432//3147 176//3982 
f 176//3982 3432//3147 3431//3146 
f 179//3980 178//3983 3396//3111 
f 171//3978 170//3979 3361//3076 
f 164//3975 166//3977 3326//3041 
f 151//3972 159//3974 3291//3006 
f 135//3970 153//3973 3256//2971 
f 122//3968 121//3969 3220//2935 
f 147//3966 3220//2935 3219//2934 
f 139//3964 138//3967 3186//2901 
f 163//3962 162//3963 3153//2868 
f 148//3960 156//3961 3120//2835 
f 143//3956 150//3959 3087//2802 
f 133//3955 132//3957 3054//2769 
f 125//3953 124//3954 3021//2736 
f 116//3951 118//3952 2987//2702 
f 114//3949 2987//2702 2986//2701 
f 112//3947 109//3950 2955//2670 
f 106//3945 105//3946 2924//2639 
f 102//3943 101//3944 2893//2608 
f 96//3939 95//3942 2862//2577 
f 92//3938 91//3940 2831//2546 
f 86//3936 88//3937 2800//2515 
f 68//3933 74//3935 2769//2484 
f 56//3931 55//3932 2737//2452 
f 63//3928 2737//2452 2736//2451 
f 59//3927 58//3929 2707//2422 
f 85//3925 84//3926 2678//2393 
f 77//3923 76//3924 2649//2364 
f 66//3919 65//3922 2620//2335 
f 52//3918 51//3920 2591//2306 
f 44//3915 48//3917 2562//2277 
f 43//3912 46//3916 2533//2248 
f 38//3911 37//3913 2504//2219 
f 34//3909 33//3910 2475//2190 
f 29//3907 28//3908 2446//2161 
f 24//3904 23//3906 2417//2132 
f 17//3902 16//3903 2388//2103 
f 13//3900 12//3901 2359//2074 
f 2325//3897 307//4021 305//2072 
f 2323//3895 2326//3898 2357//2071 
f 2321//3893 2324//3896 2386//2101 
f 2319//3891 2322//3894 2415//2130 
f 2316//3888 2320//3892 2444//2159 
f 2314//3886 2317//3889 2473//2188 
f 2313//3885 2315//3887 2502//2217 
f 2310//3882 2312//3884 2531//2246 
f 2307//3879 2311//3883 2560//2275 
f 2306//3878 2308//3880 2589//2304 
f 2303//3875 2305//3877 2618//2333 
f 2300//3872 2304//3876 2647//2362 
f 2298//3870 2301//3873 2676//2391 
f 2297//3869 2299//3871 2705//2420 
f 2296//3868 2297//3869 2767//2482 
f 2292//3864 2294//3866 2767//2482 
f 2290//3862 2293//3865 2766//2481 
f 2287//3859 2291//3863 2798//2513 
f 2286//3858 2288//3860 2829//2544 
f 2283//3855 2285//3857 2860//2575 
f 2280//3852 2284//3856 2891//2606 
f 2278//3850 2281//3853 2922//2637 
f 2277//3849 2279//3851 2953//2668 
f 2275//3847 2276//3848 3019//2734 
f 2272//3844 2274//3846 3019//2734 
f 2270//3842 2273//3845 3018//2733 
f 2269//3841 2271//3843 3052//2767 
f 2266//3838 2268//3840 3085//2800 
f 2263//3835 2267//3839 3118//2833 
f 2261//3833 2264//3836 3151//2866 
f 2260//3832 2262//3834 3184//2899 
f 2258//3830 2259//3831 3254//2969 
f 2255//3827 2257//3829 3254//2969 
f 2253//3825 2256//3828 3253//2968 
f 2250//3822 2254//3826 3289//3004 
f 2248//3820 2251//3823 3324//3039 
f 2245//3817 2249//3821 3359//3074 
f 2243//3815 2246//3818 3394//3109 
f 2244//3816 3468//3183 2327//4022 
f 2241//3813 2327//4022 3468//3183 
f 2238//3810 2242//3814 3467//3182 
f 2236//3808 2239//3811 3505//3220 
f 2234//3806 2237//3809 3542//3257 
f 2231//3803 2235//3807 3579//3294 
f 2232//3804 3657//3372 2328//4023 
f 2229//3801 2328//4023 3657//3372 
f 2228//3800 2230//3802 3656//3371 
f 2225//3797 2227//3799 3696//3411 
f 2222//3794 2226//3798 3735//3450 
f 2220//3792 2223//3795 3774//3489 
f 2221//3793 3856//3571 2329//4024 
f 2218//3790 2329//4024 3856//3571 
f 2215//3787 2219//3791 3855//3570 
f 2213//3785 2216//3788 3897//3612 
f 2211//3783 2214//3786 3938//3653 
f 2208//3738 4021//3737 2206//3780 
f 4021//3737 4020//3736 2203//3779 
f 4019//3735 2204//3778 2203//3779 
f 4018//3734 2197//3777 2204//3778 
f 4018//3734 4017//3733 2198//3776 
f 4016//3732 2202//3775 2198//3776 
f 4015//3731 2199//3774 2202//3775 
f 4015//3731 4014//3730 2190//3773 
f 4014//3730 4013//3729 2191//3772 
f 4013//3729 4012//3728 2192//3771 
f 4011//3727 2183//3770 2192//3771 
f 4010//3726 2184//3769 2183//3770 
f 4010//3726 4009//3725 2185//3768 
f 4008//3724 2172//3767 2185//3768 
f 4007//3723 2173//3766 2172//3767 
f 4007//3723 4006//3722 2193//3765 
f 4006//3722 4005//3721 2194//3764 
f 4005//3721 4004//3720 2174//3763 
f 4003//3719 2175//3762 2174//3763 
f 4003//3719 4002//3718 2176//3761 
f 4002//3718 4001//3717 2177//3760 
f 4000//3716 2178//3759 2177//3760 
f 4000//3716 3999//3715 2186//3758 
f 3998//3714 2195//3757 2186//3758 
f 3997//3713 2196//3756 2195//3757 
f 3997//3713 3996//3712 2179//3755 
f 3995//3711 2180//3754 2179//3755 
f 3995//3711 3994//3710 2166//3753 
f 3994//3710 3993//3709 2167//3752 
f 3992//3708 2168//3751 2167//3752 
f 3992//3708 3991//3707 2181//3750 
f 3991//3707 3990//3706 2182//3749 
f 3989//3705 2169//3748 2182//3749 
f 3989//3705 3988//3704 2170//3747 
f 3988//3704 3987//3703 2171//3746 
f 3987//3703 3986//3702 2187//3745 
f 3986//3702 3985//3701 2188//3744 
f 3984//3700 2189//3743 2188//3744 
f 3983//3699 2200//3742 2189//3743 
f 3983//3699 3982//3698 2201//3741 
f 3982//3698 3980//3696 2205//3740 
f 7//3695 9//4025 2205//3740 
f 2209//3739 3979//3694 4021//3737 
f 3978//3693 4020//3736 4021//3737 
f 3977//3692 4019//3735 4020//3736 
f 3976//3691 4018//3734 4019//3735 
f 3975//3690 4017//3733 4018//3734 
f 3974//3689 4016//3732 4017//3733 
f 3973//3688 4015//3731 4016//3732 
f 3972//3687 4014//3730 4015//3731 
f 3971//3686 4013//3729 4014//3730 
f 3970//3685 4012//3728 4013//3729 
f 3969//3684 4011//3727 4012//3728 
f 3968//3683 4010//3726 4011//3727 
f 3967//3682 4009//3725 4010//3726 
f 3966//3681 4008//3724 4009//3725 
f 3965//3680 4007//3723 4008//3724 
f 3964//3679 4006//3722 4007//3723 
f 3963//3678 4005//3721 4006//3722 
f 3962//3677 4004//3720 4005//3721 
f 3961//3676 4003//3719 4004//3720 
f 3960//3675 4002//3718 4003//3719 
f 3959//3674 4001//3717 4002//3718 
f 3958//3673 4000//3716 4001//3717 
f 3957//3672 3999//3715 4000//3716 
f 3956//3671 3998//3714 3999//3715 
f 3955//3670 3997//3713 3998//3714 
f 3954//3669 3996//3712 3997//3713 
f 3953//3668 3995//3711 3996//3712 
f 3952//3667 3994//3710 3995//3711 
f 3951//3666 3993//3709 3994//3710 
f 3950//3665 3992//3708 3993//3709 
f 3949//3664 3991//3707 3992//3708 
f 3948//3663 3990//3706 3991//3707 
f 3947//3662 3989//3705 3990//3706 
f 3946//3661 3988//3704 3989//3705 
f 3945//3660 3987//3703 3988//3704 
f 3944//3659 3986//3702 3987//3703 
f 3943//3658 3985//3701 3986//3702 
f 3942//3657 3984//3700 3985//3701 
f 3941//3656 3983//3699 3984//3700 
f 3939//3654 3982//3698 3983//3699 
f 3981//3697 3980//3696 3982//3698 
f 3981//3697 4//4016 7//3695 
f 3937//3652 3978//3693 3979//3694 
f 3936//3651 3977//3692 3978//3693 
f 3935//3650 3976//3691 3977//3692 
f 3934//3649 3975//3690 3976//3691 
f 3933//3648 3974//3689 3975//3690 
f 3932//3647 3973//3688 3974//3689 
f 3931//3646 3972//3687 3973//3688 
f 3930//3645 3971//3686 3972//3687 
f 3929//3644 3970//3685 3971//3686 
f 3928//3643 3969//3684 3970//3685 
f 3927//3642 3968//3683 3969//3684 
f 3926//3641 3967//3682 3968//3683 
f 3925//3640 3966//3681 3967//3682 
f 3924//3639 3965//3680 3966//3681 
f 3923//3638 3964//3679 3965//3680 
f 3922//3637 3963//3678 3964//3679 
f 3921//3636 3962//3677 3963//3678 
f 3920//3635 3961//3676 3962//3677 
f 3919//3634 3960//3675 3961//3676 
f 3918//3633 3959//3674 3960//3675 
f 3917//3632 3958//3673 3959//3674 
f 3916//3631 3957//3672 3958//3673 
f 3915//3630 3956//3671 3957//3672 
f 3914//3629 3955//3670 3956//3671 
f 3913//3628 3954//3669 3955//3670 
f 3912//3627 3953//3668 3954//3669 
f 3911//3626 3952//3667 3953//3668 
f 3910//3625 3951//3666 3952//3667 
f 3909//3624 3950//3665 3951//3666 
f 3908//3623 3949//3664 3950//3665 
f 3907//3622 3948//3663 3949//3664 
f 3906//3621 3947//3662 3948//3663 
f 3905//3620 3946//3661 3947//3662 
f 3904//3619 3945//3660 3946//3661 
f 3903//3618 3944//3659 3945//3660 
f 3902//3617 3943//3658 3944//3659 
f 3901//3616 3942//3657 3943//3658 
f 3900//3615 3941//3656 3942//3657 
f 3898//3613 3939//3654 3941//3656 
f 3940//3655 3981//3697 3939//3654 
f 3896//3611 3937//3652 3938//3653 
f 3895//3610 3936//3651 3937//3652 
f 3894//3609 3935//3650 3936//3651 
f 3893//3608 3934//3649 3935//3650 
f 3892//3607 3933//3648 3934//3649 
f 3891//3606 3932//3647 3933//3648 
f 3890//3605 3931//3646 3932//3647 
f 3889//3604 3930//3645 3931//3646 
f 3888//3603 3929//3644 3930//3645 
f 3887//3602 3928//3643 3929//3644 
f 3886//3601 3927//3642 3928//3643 
f 3885//3600 3926//3641 3927//3642 
f 3884//3599 3925//3640 3926//3641 
f 3883//3598 3924//3639 3925//3640 
f 3882//3597 3923//3638 3924//3639 
f 3881//3596 3922//3637 3923//3638 
f 3880//3595 3921//3636 3922//3637 
f 3879//3594 3920//3635 3921//3636 
f 3878//3593 3919//3634 3920//3635 
f 3877//3592 3918//3633 3919//3634 
f 3876//3591 3917//3632 3918//3633 
f 3875//3590 3916//3631 3917//3632 
f 3874//3589 3915//3630 3916//3631 
f 3873//3588 3914//3629 3915//3630 
f 3872//3587 3913//3628 3914//3629 
f 3871//3586 3912//3627 3913//3628 
f 3870//3585 3911//3626 3912//3627 
f 3869//3584 3910//3625 3911//3626 
f 3868//3583 3909//3624 3910//3625 
f 3867//3582 3908//3623 3909//3624 
f 3866//3581 3907//3622 3908//3623 
f 3865//3580 3906//3621 3907//3622 
f 3864//3579 3905//3620 3906//3621 
f 3863//3578 3904//3619 3905//3620 
f 3862//3577 3903//3618 3904//3619 
f 3861//3576 3902//3617 3903//3618 
f 3860//3575 3901//3616 3902//3617 
f 3859//3574 3900//3615 3901//3616 
f 3857//3572 3898//3613 3900//3615 
f 3899//3614 3940//3655 3898//3613 
f 3854//3569 3896//3611 3897//3612 
f 3853//3568 3895//3610 3896//3611 
f 3852//3567 3894//3609 3895//3610 
f 3851//3566 3893//3608 3894//3609 
f 3850//3565 3892//3607 3893//3608 
f 3849//3564 3891//3606 3892//3607 
f 3848//3563 3890//3605 3891//3606 
f 3847//3562 3889//3604 3890//3605 
f 3846//3561 3888//3603 3889//3604 
f 3845//3560 3887//3602 3888//3603 
f 3844//3559 3886//3601 3887//3602 
f 3843//3558 3885//3600 3886//3601 
f 3842//3557 3884//3599 3885//3600 
f 3841//3556 3883//3598 3884//3599 
f 3840//3555 3882//3597 3883//3598 
f 3839//3554 3881//3596 3882//3597 
f 3838//3553 3880//3595 3881//3596 
f 3837//3552 3879//3594 3880//3595 
f 3836//3551 3878//3593 3879//3594 
f 3835//3550 3877//3592 3878//3593 
f 3834//3549 3876//3591 3877//3592 
f 3833//3548 3875//3590 3876//3591 
f 3832//3547 3874//3589 3875//3590 
f 3831//3546 3873//3588 3874//3589 
f 3830//3545 3872//3587 3873//3588 
f 3829//3544 3871//3586 3872//3587 
f 3828//3543 3870//3585 3871//3586 
f 3827//3542 3869//3584 3870//3585 
f 3826//3541 3868//3583 3869//3584 
f 3825//3540 3867//3582 3868//3583 
f 3824//3539 3866//3581 3867//3582 
f 3823//3538 3865//3580 3866//3581 
f 3822//3537 3864//3579 3865//3580 
f 3821//3536 3863//3578 3864//3579 
f 3820//3535 3862//3577 3863//3578 
f 3819//3534 3861//3576 3862//3577 
f 3818//3533 3860//3575 3861//3576 
f 3817//3532 3859//3574 3860//3575 
f 3814//3529 3857//3572 3859//3574 
f 3858//3573 3899//3614 3857//3572 
f 3813//3528 3854//3569 3855//3570 
f 3812//3527 3853//3568 3854//3569 
f 3811//3526 3852//3567 3853//3568 
f 3810//3525 3851//3566 3852//3567 
f 3809//3524 3850//3565 3851//3566 
f 3808//3523 3849//3564 3850//3565 
f 3807//3522 3848//3563 3849//3564 
f 3806//3521 3847//3562 3848//3563 
f 3805//3520 3846//3561 3847//3562 
f 3804//3519 3845//3560 3846//3561 
f 3803//3518 3844//3559 3845//3560 
f 3802//3517 3843//3558 3844//3559 
f 3801//3516 3842//3557 3843//3558 
f 3800//3515 3841//3556 3842//3557 
f 3799//3514 3840//3555 3841//3556 
f 3798//3513 3839//3554 3840//3555 
f 3797//3512 3838//3553 3839//3554 
f 3796//3511 3837//3552 3838//3553 
f 3795//3510 3836//3551 3837//3552 
f 3794//3509 3835//3550 3836//3551 
f 3793//3508 3834//3549 3835//3550 
f 3792//3507 3833//3548 3834//3549 
f 3791//3506 3832//3547 3833//3548 
f 3790//3505 3831//3546 3832//3547 
f 3789//3504 3830//3545 3831//3546 
f 3788//3503 3829//3544 3830//3545 
f 3787//3502 3828//3543 3829//3544 
f 3786//3501 3827//3542 3828//3543 
f 3785//3500 3826//3541 3827//3542 
f 3784//3499 3825//3540 3826//3541 
f 3783//3498 3824//3539 3825//3540 
f 3782//3497 3823//3538 3824//3539 
f 3781//3496 3822//3537 3823//3538 
f 3780//3495 3821//3536 3822//3537 
f 3779//3494 3820//3535 3821//3536 
f 3778//3493 3819//3534 3820//3535 
f 3777//3492 3818//3533 3819//3534 
f 3775//3490 3817//3532 3818//3533 
f 3815//3530 3814//3529 3817//3532 
f 3816//3531 3858//3573 3814//3529 
f 3773//3488 3812//3527 3813//3528 
f 3772//3487 3811//3526 3812//3527 
f 3771//3486 3810//3525 3811//3526 
f 3770//3485 3809//3524 3810//3525 
f 3769//3484 3808//3523 3809//3524 
f 3768//3483 3807//3522 3808//3523 
f 3767//3482 3806//3521 3807//3522 
f 3766//3481 3805//3520 3806//3521 
f 3765//3480 3804//3519 3805//3520 
f 3764//3479 3803//3518 3804//3519 
f 3763//3478 3802//3517 3803//3518 
f 3762//3477 3801//3516 3802//3517 
f 3761//3476 3800//3515 3801//3516 
f 3760//3475 3799//3514 3800//3515 
f 3759//3474 3798//3513 3799//3514 
f 3758//3473 3797//3512 3798//3513 
f 3757//3472 3796//3511 3797//3512 
f 3756//3471 3795//3510 3796//3511 
f 3755//3470 3794//3509 3795//3510 
f 3754//3469 3793//3508 3794//3509 
f 3753//3468 3792//3507 3793//3508 
f 3752//3467 3791//3506 3792//3507 
f 3751//3466 3790//3505 3791//3506 
f 3750//3465 3789//3504 3790//3505 
f 3749//3464 3788//3503 3789//3504 
f 3748//3463 3787//3502 3788//3503 
f 3747//3462 3786//3501 3787//3502 
f 3746//3461 3785//3500 3786//3501 
f 3745//3460 3784//3499 3785//3500 
f 3744//3459 3783//3498 3784//3499 
f 3743//3458 3782//3497 3783//3498 
f 3742//3457 3781//3496 3782//3497 
f 3741//3456 3780//3495 3781//3496 
f 3740//3455 3779//3494 3780//3495 
f 3739//3454 3778//3493 3779//3494 
f 3738//3453 3777//3492 3778//3493 
f 3736//3451 3775//3490 3777//3492 
f 3776//3491 3815//3530 3775//3490 
f 3734//3449 3773//3488 3774//3489 
f 3733//3448 3772//3487 3773//3488 
f 3732//3447 3771//3486 3772//3487 
f 3731//3446 3770//3485 3771//3486 
f 3730//3445 3769//3484 3770//3485 
f 3729//3444 3768//3483 3769//3484 
f 3728//3443 3767//3482 3768//3483 
f 3727//3442 3766//3481 3767//3482 
f 3726//3441 3765//3480 3766//3481 
f 3725//3440 3764//3479 3765//3480 
f 3724//3439 3763//3478 3764//3479 
f 3723//3438 3762//3477 3763//3478 
f 3722//3437 3761//3476 3762//3477 
f 3721//3436 3760//3475 3761//3476 
f 3720//3435 3759//3474 3760//3475 
f 3719//3434 3758//3473 3759//3474 
f 3718//3433 3757//3472 3758//3473 
f 3717//3432 3756//3471 3757//3472 
f 3716//3431 3755//3470 3756//3471 
f 3715//3430 3754//3469 3755//3470 
f 3714//3429 3753//3468 3754//3469 
f 3713//3428 3752//3467 3753//3468 
f 3712//3427 3751//3466 3752//3467 
f 3711//3426 3750//3465 3751//3466 
f 3710//3425 3749//3464 3750//3465 
f 3709//3424 3748//3463 3749//3464 
f 3708//3423 3747//3462 3748//3463 
f 3707//3422 3746//3461 3747//3462 
f 3706//3421 3745//3460 3746//3461 
f 3705//3420 3744//3459 3745//3460 
f 3704//3419 3743//3458 3744//3459 
f 3703//3418 3742//3457 3743//3458 
f 3702//3417 3741//3456 3742//3457 
f 3701//3416 3740//3455 3741//3456 
f 3700//3415 3739//3454 3740//3455 
f 3699//3414 3738//3453 3739//3454 
f 3697//3412 3736//3451 3738//3453 
f 3737//3452 3776//3491 3736//3451 
f 3695//3410 3734//3449 3735//3450 
f 3694//3409 3733//3448 3734//3449 
f 3693//3408 3732//3447 3733//3448 
f 3692//3407 3731//3446 3732//3447 
f 3691//3406 3730//3445 3731//3446 
f 3690//3405 3729//3444 3730//3445 
f 3689//3404 3728//3443 3729//3444 
f 3688//3403 3727//3442 3728//3443 
f 3687//3402 3726//3441 3727//3442 
f 3686//3401 3725//3440 3726//3441 
f 3685//3400 3724//3439 3725//3440 
f 3684//3399 3723//3438 3724//3439 
f 3683//3398 3722//3437 3723//3438 
f 3682//3397 3721//3436 3722//3437 
f 3681//3396 3720//3435 3721//3436 
f 3680//3395 3719//3434 3720//3435 
f 3679//3394 3718//3433 3719//3434 
f 3678//3393 3717//3432 3718//3433 
f 3677//3392 3716//3431 3717//3432 
f 3676//3391 3715//3430 3716//3431 
f 3675//3390 3714//3429 3715//3430 
f 3674//3389 3713//3428 3714//3429 
f 3673//3388 3712//3427 3713//3428 
f 3672//3387 3711//3426 3712//3427 
f 3671//3386 3710//3425 3711//3426 
f 3670//3385 3709//3424 3710//3425 
f 3669//3384 3708//3423 3709//3424 
f 3668//3383 3707//3422 3708//3423 
f 3667//3382 3706//3421 3707//3422 
f 3666//3381 3705//3420 3706//3421 
f 3665//3380 3704//3419 3705//3420 
f 3664//3379 3703//3418 3704//3419 
f 3663//3378 3702//3417 3703//3418 
f 3662//3377 3701//3416 3702//3417 
f 3661//3376 3700//3415 3701//3416 
f 3660//3375 3699//3414 3700//3415 
f 3658//3373 3697//3412 3699//3414 
f 3698//3413 3737//3452 3697//3412 
f 3655//3370 3695//3410 3696//3411 
f 3654//3369 3694//3409 3695//3410 
f 3653//3368 3693//3408 3694//3409 
f 3652//3367 3692//3407 3693//3408 
f 3651//3366 3691//3406 3692//3407 
f 3650//3365 3690//3405 3691//3406 
f 3649//3364 3689//3404 3690//3405 
f 3648//3363 3688//3403 3689//3404 
f 3647//3362 3687//3402 3688//3403 
f 3646//3361 3686//3401 3687//3402 
f 3645//3360 3685//3400 3686//3401 
f 3644//3359 3684//3399 3685//3400 
f 3643//3358 3683//3398 3684//3399 
f 3642//3357 3682//3397 3683//3398 
f 3641//3356 3681//3396 3682//3397 
f 3640//3355 3680//3395 3681//3396 
f 3639//3354 3679//3394 3680//3395 
f 3638//3353 3678//3393 3679//3394 
f 3637//3352 3677//3392 3678//3393 
f 3636//3351 3676//3391 3677//3392 
f 3635//3350 3675//3390 3676//3391 
f 3634//3349 3674//3389 3675//3390 
f 3633//3348 3673//3388 3674//3389 
f 3632//3347 3672//3387 3673//3388 
f 3631//3346 3671//3386 3672//3387 
f 3630//3345 3670//3385 3671//3386 
f 3629//3344 3669//3384 3670//3385 
f 3628//3343 3668//3383 3669//3384 
f 3627//3342 3667//3382 3668//3383 
f 3626//3341 3666//3381 3667//3382 
f 3625//3340 3665//3380 3666//3381 
f 3624//3339 3664//3379 3665//3380 
f 3623//3338 3663//3378 3664//3379 
f 3622//3337 3662//3377 3663//3378 
f 3621//3336 3661//3376 3662//3377 
f 3620//3335 3660//3375 3661//3376 
f 3617//3332 3658//3373 3660//3375 
f 3659//3374 3698//3413 3658//3373 
f 3616//3331 3655//3370 3656//3371 
f 3615//3330 3654//3369 3655//3370 
f 3614//3329 3653//3368 3654//3369 
f 3613//3328 3652//3367 3653//3368 
f 3612//3327 3651//3366 3652//3367 
f 3611//3326 3650//3365 3651//3366 
f 3610//3325 3649//3364 3650//3365 
f 3609//3324 3648//3363 3649//3364 
f 3608//3323 3647//3362 3648//3363 
f 3607//3322 3646//3361 3647//3362 
f 3606//3321 3645//3360 3646//3361 
f 3605//3320 3644//3359 3645//3360 
f 3604//3319 3643//3358 3644//3359 
f 3603//3318 3642//3357 3643//3358 
f 3602//3317 3641//3356 3642//3357 
f 3601//3316 3640//3355 3641//3356 
f 3600//3315 3639//3354 3640//3355 
f 3599//3314 3638//3353 3639//3354 
f 3598//3313 3637//3352 3638//3353 
f 3597//3312 3636//3351 3637//3352 
f 3596//3311 3635//3350 3636//3351 
f 3595//3310 3634//3349 3635//3350 
f 3594//3309 3633//3348 3634//3349 
f 3593//3308 3632//3347 3633//3348 
f 3592//3307 3631//3346 3632//3347 
f 3591//3306 3630//3345 3631//3346 
f 3590//3305 3629//3344 3630//3345 
f 3589//3304 3628//3343 3629//3344 
f 3588//3303 3627//3342 3628//3343 
f 3587//3302 3626//3341 3627//3342 
f 3586//3301 3625//3340 3626//3341 
f 3585//3300 3624//3339 3625//3340 
f 3584//3299 3623//3338 3624//3339 
f 3583//3298 3622//3337 3623//3338 
f 3582//3297 3621//3336 3622//3337 
f 3580//3295 3620//3335 3621//3336 
f 3618//3333 3617//3332 3620//3335 
f 3619//3334 3659//3374 3617//3332 
f 3578//3293 3615//3330 3616//3331 
f 3577//3292 3614//3329 3615//3330 
f 3576//3291 3613//3328 3614//3329 
f 3575//3290 3612//3327 3613//3328 
f 3574//3289 3611//3326 3612//3327 
f 3573//3288 3610//3325 3611//3326 
f 3572//3287 3609//3324 3610//3325 
f 3571//3286 3608//3323 3609//3324 
f 3570//3285 3607//3322 3608//3323 
f 3569//3284 3606//3321 3607//3322 
f 3568//3283 3605//3320 3606//3321 
f 3567//3282 3604//3319 3605//3320 
f 3566//3281 3603//3318 3604//3319 
f 3565//3280 3602//3317 3603//3318 
f 3564//3279 3601//3316 3602//3317 
f 3563//3278 3600//3315 3601//3316 
f 3562//3277 3599//3314 3600//3315 
f 3561//3276 3598//3313 3599//3314 
f 3560//3275 3597//3312 3598//3313 
f 3559//3274 3596//3311 3597//3312 
f 3558//3273 3595//3310 3596//3311 
f 3557//3272 3594//3309 3595//3310 
f 3556//3271 3593//3308 3594//3309 
f 3555//3270 3592//3307 3593//3308 
f 3554//3269 3591//3306 3592//3307 
f 3553//3268 3590//3305 3591//3306 
f 3552//3267 3589//3304 3590//3305 
f 3551//3266 3588//3303 3589//3304 
f 3550//3265 3587//3302 3588//3303 
f 3549//3264 3586//3301 3587//3302 
f 3548//3263 3585//3300 3586//3301 
f 3547//3262 3584//3299 3585//3300 
f 3546//3261 3583//3298 3584//3299 
f 3545//3260 3582//3297 3583//3298 
f 3543//3258 3580//3295 3582//3297 
f 3581//3296 3618//3333 3580//3295 
f 3541//3256 3578//3293 3579//3294 
f 3540//3255 3577//3292 3578//3293 
f 3539//3254 3576//3291 3577//3292 
f 3538//3253 3575//3290 3576//3291 
f 3537//3252 3574//3289 3575//3290 
f 3536//3251 3573//3288 3574//3289 
f 3535//3250 3572//3287 3573//3288 
f 3534//3249 3571//3286 3572//3287 
f 3533//3248 3570//3285 3571//3286 
f 3532//3247 3569//3284 3570//3285 
f 3531//3246 3568//3283 3569//3284 
f 3530//3245 3567//3282 3568//3283 
f 3529//3244 3566//3281 3567//3282 
f 3528//3243 3565//3280 3566//3281 
f 3527//3242 3564//3279 3565//3280 
f 3526//3241 3563//3278 3564//3279 
f 3525//3240 3562//3277 3563//3278 
f 3524//3239 3561//3276 3562//3277 
f 3523//3238 3560//3275 3561//3276 
f 3522//3237 3559//3274 3560//3275 
f 3521//3236 3558//3273 3559//3274 
f 3520//3235 3557//3272 3558//3273 
f 3519//3234 3556//3271 3557//3272 
f 3518//3233 3555//3270 3556//3271 
f 3517//3232 3554//3269 3555//3270 
f 3516//3231 3553//3268 3554//3269 
f 3515//3230 3552//3267 3553//3268 
f 3514//3229 3551//3266 3552//3267 
f 3513//3228 3550//3265 3551//3266 
f 3512//3227 3549//3264 3550//3265 
f 3511//3226 3548//3263 3549//3264 
f 3510//3225 3547//3262 3548//3263 
f 3509//3224 3546//3261 3547//3262 
f 3508//3223 3545//3260 3546//3261 
f 3506//3221 3543//3258 3545//3260 
f 3544//3259 3581//3296 3543//3258 
f 3504//3219 3541//3256 3542//3257 
f 3503//3218 3540//3255 3541//3256 
f 3502//3217 3539//3254 3540//3255 
f 3501//3216 3538//3253 3539//3254 
f 3500//3215 3537//3252 3538//3253 
f 3499//3214 3536//3251 3537//3252 
f 3498//3213 3535//3250 3536//3251 
f 3497//3212 3534//3249 3535//3250 
f 3496//3211 3533//3248 3534//3249 
f 3495//3210 3532//3247 3533//3248 
f 3494//3209 3531//3246 3532//3247 
f 3493//3208 3530//3245 3531//3246 
f 3492//3207 3529//3244 3530//3245 
f 3491//3206 3528//3243 3529//3244 
f 3490//3205 3527//3242 3528//3243 
f 3489//3204 3526//3241 3527//3242 
f 3488//3203 3525//3240 3526//3241 
f 3487//3202 3524//3239 3525//3240 
f 3486//3201 3523//3238 3524//3239 
f 3485//3200 3522//3237 3523//3238 
f 3484//3199 3521//3236 3522//3237 
f 3483//3198 3520//3235 3521//3236 
f 3482//3197 3519//3234 3520//3235 
f 3481//3196 3518//3233 3519//3234 
f 3480//3195 3517//3232 3518//3233 
f 3479//3194 3516//3231 3517//3232 
f 3478//3193 3515//3230 3516//3231 
f 3477//3192 3514//3229 3515//3230 
f 3476//3191 3513//3228 3514//3229 
f 3475//3190 3512//3227 3513//3228 
f 3474//3189 3511//3226 3512//3227 
f 3473//3188 3510//3225 3511//3226 
f 3472//3187 3509//3224 3510//3225 
f 3471//3186 3508//3223 3509//3224 
f 3469//3184 3506//3221 3508//3223 
f 3507//3222 3544//3259 3506//3221 
f 3466//3181 3504//3219 3505//3220 
f 3465//3180 3503//3218 3504//3219 
f 3464//3179 3502//3217 3503//3218 
f 3463//3178 3501//3216 3502//3217 
f 3462//3177 3500//3215 3501//3216 
f 3461//3176 3499//3214 3500//3215 
f 3460//3175 3498//3213 3499//3214 
f 3459//3174 3497//3212 3498//3213 
f 3458//3173 3496//3211 3497//3212 
f 3457//3172 3495//3210 3496//3211 
f 3456//3171 3494//3209 3495//3210 
f 3455//3170 3493//3208 3494//3209 
f 3454//3169 3492//3207 3493//3208 
f 3453//3168 3491//3206 3492//3207 
f 3452//3167 3490//3205 3491//3206 
f 3451//3166 3489//3204 3490//3205 
f 3450//3165 3488//3203 3489//3204 
f 3449//3164 3487//3202 3488//3203 
f 3448//3163 3486//3201 3487//3202 
f 3447//3162 3485//3200 3486//3201 
f 3446//3161 3484//3199 3485//3200 
f 3445//3160 3483//3198 3484//3199 
f 3444//3159 3482//3197 3483//3198 
f 3443//3158 3481//3196 3482//3197 
f 3442//3157 3480//3195 3481//3196 
f 3441//3156 3479//3194 3480//3195 
f 3440//3155 3478//3193 3479//3194 
f 3439//3154 3477//3192 3478//3193 
f 3438//3153 3476//3191 3477//3192 
f 3437//3152 3475//3190 3476//3191 
f 3436//3151 3474//3189 3475//3190 
f 3435//3150 3473//3188 3474//3189 
f 3434//3149 3472//3187 3473//3188 
f 3433//3148 3471//3186 3472//3187 
f 3430//3145 3469//3184 3471//3186 
f 3470//3185 3507//3222 3469//3184 
f 3429//3144 3466//3181 3467//3182 
f 3428//3143 3465//3180 3466//3181 
f 3427//3142 3464//3179 3465//3180 
f 3426//3141 3463//3178 3464//3179 
f 3425//3140 3462//3177 3463//3178 
f 3424//3139 3461//3176 3462//3177 
f 3423//3138 3460//3175 3461//3176 
f 3422//3137 3459//3174 3460//3175 
f 3421//3136 3458//3173 3459//3174 
f 3420//3135 3457//3172 3458//3173 
f 3419//3134 3456//3171 3457//3172 
f 3418//3133 3455//3170 3456//3171 
f 3417//3132 3454//3169 3455//3170 
f 3416//3131 3453//3168 3454//3169 
f 3415//3130 3452//3167 3453//3168 
f 3414//3129 3451//3166 3452//3167 
f 3413//3128 3450//3165 3451//3166 
f 3412//3127 3449//3164 3450//3165 
f 3411//3126 3448//3163 3449//3164 
f 3410//3125 3447//3162 3448//3163 
f 3409//3124 3446//3161 3447//3162 
f 3408//3123 3445//3160 3446//3161 
f 3407//3122 3444//3159 3445//3160 
f 3406//3121 3443//3158 3444//3159 
f 3405//3120 3442//3157 3443//3158 
f 3404//3119 3441//3156 3442//3157 
f 3403//3118 3440//3155 3441//3156 
f 3402//3117 3439//3154 3440//3155 
f 3401//3116 3438//3153 3439//3154 
f 3400//3115 3437//3152 3438//3153 
f 3399//3114 3436//3151 3437//3152 
f 3398//3113 3435//3150 3436//3151 
f 3397//3112 3434//3149 3435//3150 
f 3395//3110 3433//3148 3434//3149 
f 3431//3146 3430//3145 3433//3148 
f 3432//3147 3470//3185 3430//3145 
f 3393//3108 3428//3143 3429//3144 
f 3392//3107 3427//3142 3428//3143 
f 3391//3106 3426//3141 3427//3142 
f 3390//3105 3425//3140 3426//3141 
f 3389//3104 3424//3139 3425//3140 
f 3388//3103 3423//3138 3424//3139 
f 3387//3102 3422//3137 3423//3138 
f 3386//3101 3421//3136 3422//3137 
f 3385//3100 3420//3135 3421//3136 
f 3384//3099 3419//3134 3420//3135 
f 3383//3098 3418//3133 3419//3134 
f 3382//3097 3417//3132 3418//3133 
f 3381//3096 3416//3131 3417//3132 
f 3380//3095 3415//3130 3416//3131 
f 3379//3094 3414//3129 3415//3130 
f 3378//3093 3413//3128 3414//3129 
f 3377//3092 3412//3127 3413//3128 
f 3376//3091 3411//3126 3412//3127 
f 3375//3090 3410//3125 3411//3126 
f 3374//3089 3409//3124 3410//3125 
f 3373//3088 3408//3123 3409//3124 
f 3372//3087 3407//3122 3408//3123 
f 3371//3086 3406//3121 3407//3122 
f 3370//3085 3405//3120 3406//3121 
f 3369//3084 3404//3119 3405//3120 
f 3368//3083 3403//3118 3404//3119 
f 3367//3082 3402//3117 3403//3118 
f 3366//3081 3401//3116 3402//3117 
f 3365//3080 3400//3115 3401//3116 
f 3364//3079 3399//3114 3400//3115 
f 3363//3078 3398//3113 3399//3114 
f 3362//3077 3397//3112 3398//3113 
f 3360//3075 3395//3110 3397//3112 
f 3396//3111 3431//3146 3395//3110 
f 3358//3073 3393//3108 3394//3109 
f 3357//3072 3392//3107 3393//3108 
f 3356//3071 3391//3106 3392//3107 
f 3355//3070 3390//3105 3391//3106 
f 3354//3069 3389//3104 3390//3105 
f 3353//3068 3388//3103 3389//3104 
f 3352//3067 3387//3102 3388//3103 
f 3351//3066 3386//3101 3387//3102 
f 3350//3065 3385//3100 3386//3101 
f 3349//3064 3384//3099 3385//3100 
f 3348//3063 3383//3098 3384//3099 
f 3347//3062 3382//3097 3383//3098 
f 3346//3061 3381//3096 3382//3097 
f 3345//3060 3380//3095 3381//3096 
f 3344//3059 3379//3094 3380//3095 
f 3343//3058 3378//3093 3379//3094 
f 3342//3057 3377//3092 3378//3093 
f 3341//3056 3376//3091 3377//3092 
f 3340//3055 3375//3090 3376//3091 
f 3339//3054 3374//3089 3375//3090 
f 3338//3053 3373//3088 3374//3089 
f 3337//3052 3372//3087 3373//3088 
f 3336//3051 3371//3086 3372//3087 
f 3335//3050 3370//3085 3371//3086 
f 3334//3049 3369//3084 3370//3085 
f 3333//3048 3368//3083 3369//3084 
f 3332//3047 3367//3082 3368//3083 
f 3331//3046 3366//3081 3367//3082 
f 3330//3045 3365//3080 3366//3081 
f 3329//3044 3364//3079 3365//3080 
f 3328//3043 3363//3078 3364//3079 
f 3327//3042 3362//3077 3363//3078 
f 3325//3040 3360//3075 3362//3077 
f 3361//3076 3396//3111 3360//3075 
f 3323//3038 3358//3073 3359//3074 
f 3322//3037 3357//3072 3358//3073 
f 3321//3036 3356//3071 3357//3072 
f 3320//3035 3355//3070 3356//3071 
f 3319//3034 3354//3069 3355//3070 
f 3318//3033 3353//3068 3354//3069 
f 3317//3032 3352//3067 3353//3068 
f 3316//3031 3351//3066 3352//3067 
f 3315//3030 3350//3065 3351//3066 
f 3314//3029 3349//3064 3350//3065 
f 3313//3028 3348//3063 3349//3064 
f 3312//3027 3347//3062 3348//3063 
f 3311//3026 3346//3061 3347//3062 
f 3310//3025 3345//3060 3346//3061 
f 3309//3024 3344//3059 3345//3060 
f 3308//3023 3343//3058 3344//3059 
f 3307//3022 3342//3057 3343//3058 
f 3306//3021 3341//3056 3342//3057 
f 3305//3020 3340//3055 3341//3056 
f 3304//3019 3339//3054 3340//3055 
f 3303//3018 3338//3053 3339//3054 
f 3302//3017 3337//3052 3338//3053 
f 3301//3016 3336//3051 3337//3052 
f 3300//3015 3335//3050 3336//3051 
f 3299//3014 3334//3049 3335//3050 
f 3298//3013 3333//3048 3334//3049 
f 3297//3012 3332//3047 3333//3048 
f 3296//3011 3331//3046 3332//3047 
f 3295//3010 3330//3045 3331//3046 
f 3294//3009 3329//3044 3330//3045 
f 3293//3008 3328//3043 3329//3044 
f 3292//3007 3327//3042 3328//3043 
f 3290//3005 3325//3040 3327//3042 
f 3326//3041 3361//3076 3325//3040 
f 3288//3003 3323//3038 3324//3039 
f 3287//3002 3322//3037 3323//3038 
f 3286//3001 3321//3036 3322//3037 
f 3285//3000 3320//3035 3321//3036 
f 3284//2999 3319//3034 3320//3035 
f 3283//2998 3318//3033 3319//3034 
f 3282//2997 3317//3032 3318//3033 
f 3281//2996 3316//3031 3317//3032 
f 3280//2995 3315//3030 3316//3031 
f 3279//2994 3314//3029 3315//3030 
f 3278//2993 3313//3028 3314//3029 
f 3277//2992 3312//3027 3313//3028 
f 3276//2991 3311//3026 3312//3027 
f 3275//2990 3310//3025 3311//3026 
f 3274//2989 3309//3024 3310//3025 
f 3273//2988 3308//3023 3309//3024 
f 3272//2987 3307//3022 3308//3023 
f 3271//2986 3306//3021 3307//3022 
f 3270//2985 3305//3020 3306//3021 
f 3269//2984 3304//3019 3305//3020 
f 3268//2983 3303//3018 3304//3019 
f 3267//2982 3302//3017 3303//3018 
f 3266//2981 3301//3016 3302//3017 
f 3265//2980 3300//3015 3301//3016 
f 3264//2979 3299//3014 3300//3015 
f 3263//2978 3298//3013 3299//3014 
f 3262//2977 3297//3012 3298//3013 
f 3261//2976 3296//3011 3297//3012 
f 3260//2975 3295//3010 3296//3011 
f 3259//2974 3294//3009 3295//3010 
f 3258//2973 3293//3008 3294//3009 
f 3257//2972 3292//3007 3293//3008 
f 3255//2970 3290//3005 3292//3007 
f 3291//3006 3326//3041 3290//3005 
f 3252//2967 3288//3003 3289//3004 
f 3251//2966 3287//3002 3288//3003 
f 3250//2965 3286//3001 3287//3002 
f 3249//2964 3285//3000 3286//3001 
f 3248//2963 3284//2999 3285//3000 
f 3247//2962 3283//2998 3284//2999 
f 3246//2961 3282//2997 3283//2998 
f 3245//2960 3281//2996 3282//2997 
f 3244//2959 3280//2995 3281//2996 
f 3243//2958 3279//2994 3280//2995 
f 3242//2957 3278//2993 3279//2994 
f 3241//2956 3277//2992 3278//2993 
f 3240//2955 3276//2991 3277//2992 
f 3239//2954 3275//2990 3276//2991 
f 3238//2953 3274//2989 3275//2990 
f 3237//2952 3273//2988 3274//2989 
f 3236//2951 3272//2987 3273//2988 
f 3235//2950 3271//2986 3272//2987 
f 3234//2949 3270//2985 3271//2986 
f 3233//2948 3269//2984 3270//2985 
f 3232//2947 3268//2983 3269//2984 
f 3231//2946 3267//2982 3268//2983 
f 3230//2945 3266//2981 3267//2982 
f 3229//2944 3265//2980 3266//2981 
f 3228//2943 3264//2979 3265//2980 
f 3227//2942 3263//2978 3264//2979 
f 3226//2941 3262//2977 3263//2978 
f 3225//2940 3261//2976 3262//2977 
f 3224//2939 3260//2975 3261//2976 
f 3223//2938 3259//2974 3260//2975 
f 3222//2937 3258//2973 3259//2974 
f 3221//2936 3257//2972 3258//2973 
f 3218//2933 3255//2970 3257//2972 
f 3256//2971 3291//3006 3255//2970 
f 3217//2932 3252//2967 3253//2968 
f 3216//2931 3251//2966 3252//2967 
f 3215//2930 3250//2965 3251//2966 
f 3214//2929 3249//2964 3250//2965 
f 3213//2928 3248//2963 3249//2964 
f 3212//2927 3247//2962 3248//2963 
f 3211//2926 3246//2961 3247//2962 
f 3210//2925 3245//2960 3246//2961 
f 3209//2924 3244//2959 3245//2960 
f 3208//2923 3243//2958 3244//2959 
f 3207//2922 3242//2957 3243//2958 
f 3206//2921 3241//2956 3242//2957 
f 3205//2920 3240//2955 3241//2956 
f 3204//2919 3239//2954 3240//2955 
f 3203//2918 3238//2953 3239//2954 
f 3202//2917 3237//2952 3238//2953 
f 3201//2916 3236//2951 3237//2952 
f 3200//2915 3235//2950 3236//2951 
f 3199//2914 3234//2949 3235//2950 
f 3198//2913 3233//2948 3234//2949 
f 3197//2912 3232//2947 3233//2948 
f 3196//2911 3231//2946 3232//2947 
f 3195//2910 3230//2945 3231//2946 
f 3194//2909 3229//2944 3230//2945 
f 3193//2908 3228//2943 3229//2944 
f 3192//2907 3227//2942 3228//2943 
f 3191//2906 3226//2941 3227//2942 
f 3190//2905 3225//2940 3226//2941 
f 3189//2904 3224//2939 3225//2940 
f 3188//2903 3223//2938 3224//2939 
f 3187//2902 3222//2937 3223//2938 
f 3185//2900 3221//2936 3222//2937 
f 3219//2934 3218//2933 3221//2936 
f 3220//2935 3256//2971 3218//2933 
f 3183//2898 3216//2931 3217//2932 
f 3182//2897 3215//2930 3216//2931 
f 3181//2896 3214//2929 3215//2930 
f 3180//2895 3213//2928 3214//2929 
f 3179//2894 3212//2927 3213//2928 
f 3178//2893 3211//2926 3212//2927 
f 3177//2892 3210//2925 3211//2926 
f 3176//2891 3209//2924 3210//2925 
f 3175//2890 3208//2923 3209//2924 
f 3174//2889 3207//2922 3208//2923 
f 3173//2888 3206//2921 3207//2922 
f 3172//2887 3205//2920 3206//2921 
f 3171//2886 3204//2919 3205//2920 
f 3170//2885 3203//2918 3204//2919 
f 3169//2884 3202//2917 3203//2918 
f 3168//2883 3201//2916 3202//2917 
f 3167//2882 3200//2915 3201//2916 
f 3166//2881 3199//2914 3200//2915 
f 3165//2880 3198//2913 3199//2914 
f 3164//2879 3197//2912 3198//2913 
f 3163//2878 3196//2911 3197//2912 
f 3162//2877 3195//2910 3196//2911 
f 3161//2876 3194//2909 3195//2910 
f 3160//2875 3193//2908 3194//2909 
f 3159//2874 3192//2907 3193//2908 
f 3158//2873 3191//2906 3192//2907 
f 3157//2872 3190//2905 3191//2906 
f 3156//2871 3189//2904 3190//2905 
f 3155//2870 3188//2903 3189//2904 
f 3154//2869 3187//2902 3188//2903 
f 3152//2867 3185//2900 3187//2902 
f 3186//2901 3219//2934 3185//2900 
f 3150//2865 3183//2898 3184//2899 
f 3149//2864 3182//2897 3183//2898 
f 3148//2863 3181//2896 3182//2897 
f 3147//2862 3180//2895 3181//2896 
f 3146//2861 3179//2894 3180//2895 
f 3145//2860 3178//2893 3179//2894 
f 3144//2859 3177//2892 3178//2893 
f 3143//2858 3176//2891 3177//2892 
f 3142//2857 3175//2890 3176//2891 
f 3141//2856 3174//2889 3175//2890 
f 3140//2855 3173//2888 3174//2889 
f 3139//2854 3172//2887 3173//2888 
f 3138//2853 3171//2886 3172//2887 
f 3137//2852 3170//2885 3171//2886 
f 3136//2851 3169//2884 3170//2885 
f 3135//2850 3168//2883 3169//2884 
f 3134//2849 3167//2882 3168//2883 
f 3133//2848 3166//2881 3167//2882 
f 3132//2847 3165//2880 3166//2881 
f 3131//2846 3164//2879 3165//2880 
f 3130//2845 3163//2878 3164//2879 
f 3129//2844 3162//2877 3163//2878 
f 3128//2843 3161//2876 3162//2877 
f 3127//2842 3160//2875 3161//2876 
f 3126//2841 3159//2874 3160//2875 
f 3125//2840 3158//2873 3159//2874 
f 3124//2839 3157//2872 3158//2873 
f 3123//2838 3156//2871 3157//2872 
f 3122//2837 3155//2870 3156//2871 
f 3121//2836 3154//2869 3155//2870 
f 3119//2834 3152//2867 3154//2869 
f 3153//2868 3186//2901 3152//2867 
f 3117//2832 3150//2865 3151//2866 
f 3116//2831 3149//2864 3150//2865 
f 3115//2830 3148//2863 3149//2864 
f 3114//2829 3147//2862 3148//2863 
f 3113//2828 3146//2861 3147//2862 
f 3112//2827 3145//2860 3146//2861 
f 3111//2826 3144//2859 3145//2860 
f 3110//2825 3143//2858 3144//2859 
f 3109//2824 3142//2857 3143//2858 
f 3108//2823 3141//2856 3142//2857 
f 3107//2822 3140//2855 3141//2856 
f 3106//2821 3139//2854 3140//2855 
f 3105//2820 3138//2853 3139//2854 
f 3104//2819 3137//2852 3138//2853 
f 3103//2818 3136//2851 3137//2852 
f 3102//2817 3135//2850 3136//2851 
f 3101//2816 3134//2849 3135//2850 
f 3100//2815 3133//2848 3134//2849 
f 3099//2814 3132//2847 3133//2848 
f 3098//2813 3131//2846 3132//2847 
f 3097//2812 3130//2845 3131//2846 
f 3096//2811 3129//2844 3130//2845 
f 3095//2810 3128//2843 3129//2844 
f 3094//2809 3127//2842 3128//2843 
f 3093//2808 3126//2841 3127//2842 
f 3092//2807 3125//2840 3126//2841 
f 3091//2806 3124//2839 3125//2840 
f 3090//2805 3123//2838 3124//2839 
f 3089//2804 3122//2837 3123//2838 
f 3088//2803 3121//2836 3122//2837 
f 3086//2801 3119//2834 3121//2836 
f 3120//2835 3153//2868 3119//2834 
f 3084//2799 3117//2832 3118//2833 
f 3083//2798 3116//2831 3117//2832 
f 3082//2797 3115//2830 3116//2831 
f 3081//2796 3114//2829 3115//2830 
f 3080//2795 3113//2828 3114//2829 
f 3079//2794 3112//2827 3113//2828 
f 3078//2793 3111//2826 3112//2827 
f 3077//2792 3110//2825 3111//2826 
f 3076//2791 3109//2824 3110//2825 
f 3075//2790 3108//2823 3109//2824 
f 3074//2789 3107//2822 3108//2823 
f 3073//2788 3106//2821 3107//2822 
f 3072//2787 3105//2820 3106//2821 
f 3071//2786 3104//2819 3105//2820 
f 3070//2785 3103//2818 3104//2819 
f 3069//2784 3102//2817 3103//2818 
f 3068//2783 3101//2816 3102//2817 
f 3067//2782 3100//2815 3101//2816 
f 3066//2781 3099//2814 3100//2815 
f 3065//2780 3098//2813 3099//2814 
f 3064//2779 3097//2812 3098//2813 
f 3063//2778 3096//2811 3097//2812 
f 3062//2777 3095//2810 3096//2811 
f 3061//2776 3094//2809 3095//2810 
f 3060//2775 3093//2808 3094//2809 
f 3059//2774 3092//2807 3093//2808 
f 3058//2773 3091//2806 3092//2807 
f 3057//2772 3090//2805 3091//2806 
f 3056//2771 3089//2804 3090//2805 
f 3055//2770 3088//2803 3089//2804 
f 3053//2768 3086//2801 3088//2803 
f 3087//2802 3120//2835 3086//2801 
f 3051//2766 3084//2799 3085//2800 
f 3050//2765 3083//2798 3084//2799 
f 3049//2764 3082//2797 3083//2798 
f 3048//2763 3081//2796 3082//2797 
f 3047//2762 3080//2795 3081//2796 
f 3046//2761 3079//2794 3080//2795 
f 3045//2760 3078//2793 3079//2794 
f 3044//2759 3077//2792 3078//2793 
f 3043//2758 3076//2791 3077//2792 
f 3042//2757 3075//2790 3076//2791 
f 3041//2756 3074//2789 3075//2790 
f 3040//2755 3073//2788 3074//2789 
f 3039//2754 3072//2787 3073//2788 
f 3038//2753 3071//2786 3072//2787 
f 3037//2752 3070//2785 3071//2786 
f 3036//2751 3069//2784 3070//2785 
f 3035//2750 3068//2783 3069//2784 
f 3034//2749 3067//2782 3068//2783 
f 3033//2748 3066//2781 3067//2782 
f 3032//2747 3065//2780 3066//2781 
f 3031//2746 3064//2779 3065//2780 
f 3030//2745 3063//2778 3064//2779 
f 3029//2744 3062//2777 3063//2778 
f 3028//2743 3061//2776 3062//2777 
f 3027//2742 3060//2775 3061//2776 
f 3026//2741 3059//2774 3060//2775 
f 3025//2740 3058//2773 3059//2774 
f 3024//2739 3057//2772 3058//2773 
f 3023//2738 3056//2771 3057//2772 
f 3022//2737 3055//2770 3056//2771 
f 3020//2735 3053//2768 3055//2770 
f 3054//2769 3087//2802 3053//2768 
f 3017//2732 3051//2766 3052//2767 
f 3016//2731 3050//2765 3051//2766 
f 3015//2730 3049//2764 3050//2765 
f 3014//2729 3048//2763 3049//2764 
f 3013//2728 3047//2762 3048//2763 
f 3012//2727 3046//2761 3047//2762 
f 3011//2726 3045//2760 3046//2761 
f 3010//2725 3044//2759 3045//2760 
f 3009//2724 3043//2758 3044//2759 
f 3008//2723 3042//2757 3043//2758 
f 3007//2722 3041//2756 3042//2757 
f 3006//2721 3040//2755 3041//2756 
f 3005//2720 3039//2754 3040//2755 
f 3004//2719 3038//2753 3039//2754 
f 3003//2718 3037//2752 3038//2753 
f 3002//2717 3036//2751 3037//2752 
f 3001//2716 3035//2750 3036//2751 
f 3000//2715 3034//2749 3035//2750 
f 2999//2714 3033//2748 3034//2749 
f 2998//2713 3032//2747 3033//2748 
f 2997//2712 3031//2746 3032//2747 
f 2996//2711 3030//2745 3031//2746 
f 2995//2710 3029//2744 3030//2745 
f 2994//2709 3028//2743 3029//2744 
f 2993//2708 3027//2742 3028//2743 
f 2992//2707 3026//2741 3027//2742 
f 2991//2706 3025//2740 3026//2741 
f 2990//2705 3024//2739 3025//2740 
f 2989//2704 3023//2738 3024//2739 
f 2988//2703 3022//2737 3023//2738 
f 2985//2700 3020//2735 3022//2737 
f 3021//2736 3054//2769 3020//2735 
f 2984//2699 3017//2732 3018//2733 
f 2983//2698 3016//2731 3017//2732 
f 2982//2697 3015//2730 3016//2731 
f 2981//2696 3014//2729 3015//2730 
f 2980//2695 3013//2728 3014//2729 
f 2979//2694 3012//2727 3013//2728 
f 2978//2693 3011//2726 3012//2727 
f 2977//2692 3010//2725 3011//2726 
f 2976//2691 3009//2724 3010//2725 
f 2975//2690 3008//2723 3009//2724 
f 2974//2689 3007//2722 3008//2723 
f 2973//2688 3006//2721 3007//2722 
f 2972//2687 3005//2720 3006//2721 
f 2971//2686 3004//2719 3005//2720 
f 2970//2685 3003//2718 3004//2719 
f 2969//2684 3002//2717 3003//2718 
f 2968//2683 3001//2716 3002//2717 
f 2967//2682 3000//2715 3001//2716 
f 2966//2681 2999//2714 3000//2715 
f 2965//2680 2998//2713 2999//2714 
f 2964//2679 2997//2712 2998//2713 
f 2963//2678 2996//2711 2997//2712 
f 2962//2677 2995//2710 2996//2711 
f 2961//2676 2994//2709 2995//2710 
f 2960//2675 2993//2708 2994//2709 
f 2959//2674 2992//2707 2993//2708 
f 2958//2673 2991//2706 2992//2707 
f 2957//2672 2990//2705 2991//2706 
f 2956//2671 2989//2704 2990//2705 
f 2954//2669 2988//2703 2989//2704 
f 2986//2701 2985//2700 2988//2703 
f 2987//2702 3021//2736 2985//2700 
f 2952//2667 2983//2698 2984//2699 
f 2951//2666 2982//2697 2983//2698 
f 2950//2665 2981//2696 2982//2697 
f 2949//2664 2980//2695 2981//2696 
f 2948//2663 2979//2694 2980//2695 
f 2947//2662 2978//2693 2979//2694 
f 2946//2661 2977//2692 2978//2693 
f 2945//2660 2976//2691 2977//2692 
f 2944//2659 2975//2690 2976//2691 
f 2943//2658 2974//2689 2975//2690 
f 2942//2657 2973//2688 2974//2689 
f 2941//2656 2972//2687 2973//2688 
f 2940//2655 2971//2686 2972//2687 
f 2939//2654 2970//2685 2971//2686 
f 2938//2653 2969//2684 2970//2685 
f 2937//2652 2968//2683 2969//2684 
f 2936//2651 2967//2682 2968//2683 
f 2935//2650 2966//2681 2967//2682 
f 2934//2649 2965//2680 2966//2681 
f 2933//2648 2964//2679 2965//2680 
f 2932//2647 2963//2678 2964//2679 
f 2931//2646 2962//2677 2963//2678 
f 2930//2645 2961//2676 2962//2677 
f 2929//2644 2960//2675 2961//2676 
f 2928//2643 2959//2674 2960//2675 
f 2927//2642 2958//2673 2959//2674 
f 2926//2641 2957//2672 2958//2673 
f 2925//2640 2956//2671 2957//2672 
f 2923//2638 2954//2669 2956//2671 
f 2955//2670 2986//2701 2954//2669 
f 2921//2636 2952//2667 2953//2668 
f 2920//2635 2951//2666 2952//2667 
f 2919//2634 2950//2665 2951//2666 
f 2918//2633 2949//2664 2950//2665 
f 2917//2632 2948//2663 2949//2664 
f 2916//2631 2947//2662 2948//2663 
f 2915//2630 2946//2661 2947//2662 
f 2914//2629 2945//2660 2946//2661 
f 2913//2628 2944//2659 2945//2660 
f 2912//2627 2943//2658 2944//2659 
f 2911//2626 2942//2657 2943//2658 
f 2910//2625 2941//2656 2942//2657 
f 2909//2624 2940//2655 2941//2656 
f 2908//2623 2939//2654 2940//2655 
f 2907//2622 2938//2653 2939//2654 
f 2906//2621 2937//2652 2938//2653 
f 2905//2620 2936//2651 2937//2652 
f 2904//2619 2935//2650 2936//2651 
f 2903//2618 2934//2649 2935//2650 
f 2902//2617 2933//2648 2934//2649 
f 2901//2616 2932//2647 2933//2648 
f 2900//2615 2931//2646 2932//2647 
f 2899//2614 2930//2645 2931//2646 
f 2898//2613 2929//2644 2930//2645 
f 2897//2612 2928//2643 2929//2644 
f 2896//2611 2927//2642 2928//2643 
f 2895//2610 2926//2641 2927//2642 
f 2894//2609 2925//2640 2926//2641 
f 2892//2607 2923//2638 2925//2640 
f 2924//2639 2955//2670 2923//2638 
f 2890//2605 2921//2636 2922//2637 
f 2889//2604 2920//2635 2921//2636 
f 2888//2603 2919//2634 2920//2635 
f 2887//2602 2918//2633 2919//2634 
f 2886//2601 2917//2632 2918//2633 
f 2885//2600 2916//2631 2917//2632 
f 2884//2599 2915//2630 2916//2631 
f 2883//2598 2914//2629 2915//2630 
f 2882//2597 2913//2628 2914//2629 
f 2881//2596 2912//2627 2913//2628 
f 2880//2595 2911//2626 2912//2627 
f 2879//2594 2910//2625 2911//2626 
f 2878//2593 2909//2624 2910//2625 
f 2877//2592 2908//2623 2909//2624 
f 2876//2591 2907//2622 2908//2623 
f 2875//2590 2906//2621 2907//2622 
f 2874//2589 2905//2620 2906//2621 
f 2873//2588 2904//2619 2905//2620 
f 2872//2587 2903//2618 2904//2619 
f 2871//2586 2902//2617 2903//2618 
f 2870//2585 2901//2616 2902//2617 
f 2869//2584 2900//2615 2901//2616 
f 2868//2583 2899//2614 2900//2615 
f 2867//2582 2898//2613 2899//2614 
f 2866//2581 2897//2612 2898//2613 
f 2865//2580 2896//2611 2897//2612 
f 2864//2579 2895//2610 2896//2611 
f 2863//2578 2894//2609 2895//2610 
f 2861//2576 2892//2607 2894//2609 
f 2893//2608 2924//2639 2892//2607 
f 2859//2574 2890//2605 2891//2606 
f 2858//2573 2889//2604 2890//2605 
f 2857//2572 2888//2603 2889//2604 
f 2856//2571 2887//2602 2888//2603 
f 2855//2570 2886//2601 2887//2602 
f 2854//2569 2885//2600 2886//2601 
f 2853//2568 2884//2599 2885//2600 
f 2852//2567 2883//2598 2884//2599 
f 2851//2566 2882//2597 2883//2598 
f 2850//2565 2881//2596 2882//2597 
f 2849//2564 2880//2595 2881//2596 
f 2848//2563 2879//2594 2880//2595 
f 2847//2562 2878//2593 2879//2594 
f 2846//2561 2877//2592 2878//2593 
f 2845//2560 2876//2591 2877//2592 
f 2844//2559 2875//2590 2876//2591 
f 2843//2558 2874//2589 2875//2590 
f 2842//2557 2873//2588 2874//2589 
f 2841//2556 2872//2587 2873//2588 
f 2840//2555 2871//2586 2872//2587 
f 2839//2554 2870//2585 2871//2586 
f 2838//2553 2869//2584 2870//2585 
f 2837//2552 2868//2583 2869//2584 
f 2836//2551 2867//2582 2868//2583 
f 2835//2550 2866//2581 2867//2582 
f 2834//2549 2865//2580 2866//2581 
f 2833//2548 2864//2579 2865//2580 
f 2832//2547 2863//2578 2864//2579 
f 2830//2545 2861//2576 2863//2578 
f 2862//2577 2893//2608 2861//2576 
f 2828//2543 2859//2574 2860//2575 
f 2827//2542 2858//2573 2859//2574 
f 2826//2541 2857//2572 2858//2573 
f 2825//2540 2856//2571 2857//2572 
f 2824//2539 2855//2570 2856//2571 
f 2823//2538 2854//2569 2855//2570 
f 2822//2537 2853//2568 2854//2569 
f 2821//2536 2852//2567 2853//2568 
f 2820//2535 2851//2566 2852//2567 
f 2819//2534 2850//2565 2851//2566 
f 2818//2533 2849//2564 2850//2565 
f 2817//2532 2848//2563 2849//2564 
f 2816//2531 2847//2562 2848//2563 
f 2815//2530 2846//2561 2847//2562 
f 2814//2529 2845//2560 2846//2561 
f 2813//2528 2844//2559 2845//2560 
f 2812//2527 2843//2558 2844//2559 
f 2811//2526 2842//2557 2843//2558 
f 2810//2525 2841//2556 2842//2557 
f 2809//2524 2840//2555 2841//2556 
f 2808//2523 2839//2554 2840//2555 
f 2807//2522 2838//2553 2839//2554 
f 2806//2521 2837//2552 2838//2553 
f 2805//2520 2836//2551 2837//2552 
f 2804//2519 2835//2550 2836//2551 
f 2803//2518 2834//2549 2835//2550 
f 2802//2517 2833//2548 2834//2549 
f 2801//2516 2832//2547 2833//2548 
f 2799//2514 2830//2545 2832//2547 
f 2831//2546 2862//2577 2830//2545 
f 2797//2512 2828//2543 2829//2544 
f 2796//2511 2827//2542 2828//2543 
f 2795//2510 2826//2541 2827//2542 
f 2794//2509 2825//2540 2826//2541 
f 2793//2508 2824//2539 2825//2540 
f 2792//2507 2823//2538 2824//2539 
f 2791//2506 2822//2537 2823//2538 
f 2790//2505 2821//2536 2822//2537 
f 2789//2504 2820//2535 2821//2536 
f 2788//2503 2819//2534 2820//2535 
f 2787//2502 2818//2533 2819//2534 
f 2786//2501 2817//2532 2818//2533 
f 2785//2500 2816//2531 2817//2532 
f 2784//2499 2815//2530 2816//2531 
f 2783//2498 2814//2529 2815//2530 
f 2782//2497 2813//2528 2814//2529 
f 2781//2496 2812//2527 2813//2528 
f 2780//2495 2811//2526 2812//2527 
f 2779//2494 2810//2525 2811//2526 
f 2778//2493 2809//2524 2810//2525 
f 2777//2492 2808//2523 2809//2524 
f 2776//2491 2807//2522 2808//2523 
f 2775//2490 2806//2521 2807//2522 
f 2774//2489 2805//2520 2806//2521 
f 2773//2488 2804//2519 2805//2520 
f 2772//2487 2803//2518 2804//2519 
f 2771//2486 2802//2517 2803//2518 
f 2770//2485 2801//2516 2802//2517 
f 2768//2483 2799//2514 2801//2516 
f 2800//2515 2831//2546 2799//2514 
f 2765//2480 2797//2512 2798//2513 
f 2764//2479 2796//2511 2797//2512 
f 2763//2478 2795//2510 2796//2511 
f 2762//2477 2794//2509 2795//2510 
f 2761//2476 2793//2508 2794//2509 
f 2760//2475 2792//2507 2793//2508 
f 2759//2474 2791//2506 2792//2507 
f 2758//2473 2790//2505 2791//2506 
f 2757//2472 2789//2504 2790//2505 
f 2756//2471 2788//2503 2789//2504 
f 2755//2470 2787//2502 2788//2503 
f 2754//2469 2786//2501 2787//2502 
f 2753//2468 2785//2500 2786//2501 
f 2752//2467 2784//2499 2785//2500 
f 2751//2466 2783//2498 2784//2499 
f 2750//2465 2782//2497 2783//2498 
f 2749//2464 2781//2496 2782//2497 
f 2748//2463 2780//2495 2781//2496 
f 2747//2462 2779//2494 2780//2495 
f 2746//2461 2778//2493 2779//2494 
f 2745//2460 2777//2492 2778//2493 
f 2744//2459 2776//2491 2777//2492 
f 2743//2458 2775//2490 2776//2491 
f 2742//2457 2774//2489 2775//2490 
f 2741//2456 2773//2488 2774//2489 
f 2740//2455 2772//2487 2773//2488 
f 2739//2454 2771//2486 2772//2487 
f 2738//2453 2770//2485 2771//2486 
f 2735//2450 2768//2483 2770//2485 
f 2769//2484 2800//2515 2768//2483 
f 2734//2449 2765//2480 2766//2481 
f 2733//2448 2764//2479 2765//2480 
f 2732//2447 2763//2478 2764//2479 
f 2731//2446 2762//2477 2763//2478 
f 2730//2445 2761//2476 2762//2477 
f 2729//2444 2760//2475 2761//2476 
f 2728//2443 2759//2474 2760//2475 
f 2727//2442 2758//2473 2759//2474 
f 2726//2441 2757//2472 2758//2473 
f 2725//2440 2756//2471 2757//2472 
f 2724//2439 2755//2470 2756//2471 
f 2723//2438 2754//2469 2755//2470 
f 2722//2437 2753//2468 2754//2469 
f 2721//2436 2752//2467 2753//2468 
f 2720//2435 2751//2466 2752//2467 
f 2719//2434 2750//2465 2751//2466 
f 2718//2433 2749//2464 2750//2465 
f 2717//2432 2748//2463 2749//2464 
f 2716//2431 2747//2462 2748//2463 
f 2715//2430 2746//2461 2747//2462 
f 2714//2429 2745//2460 2746//2461 
f 2713//2428 2744//2459 2745//2460 
f 2712//2427 2743//2458 2744//2459 
f 2711//2426 2742//2457 2743//2458 
f 2710//2425 2741//2456 2742//2457 
f 2709//2424 2740//2455 2741//2456 
f 2708//2423 2739//2454 2740//2455 
f 2706//2421 2738//2453 2739//2454 
f 2736//2451 2735//2450 2738//2453 
f 2737//2452 2769//2484 2735//2450 
f 2704//2419 2733//2448 2734//2449 
f 2703//2418 2732//2447 2733//2448 
f 2702//2417 2731//2446 2732//2447 
f 2701//2416 2730//2445 2731//2446 
f 2700//2415 2729//2444 2730//2445 
f 2699//2414 2728//2443 2729//2444 
f 2698//2413 2727//2442 2728//2443 
f 2697//2412 2726//2441 2727//2442 
f 2696//2411 2725//2440 2726//2441 
f 2695//2410 2724//2439 2725//2440 
f 2694//2409 2723//2438 2724//2439 
f 2693//2408 2722//2437 2723//2438 
f 2692//2407 2721//2436 2722//2437 
f 2691//2406 2720//2435 2721//2436 
f 2690//2405 2719//2434 2720//2435 
f 2689//2404 2718//2433 2719//2434 
f 2688//2403 2717//2432 2718//2433 
f 2687//2402 2716//2431 2717//2432 
f 2686//2401 2715//2430 2716//2431 
f 2685//2400 2714//2429 2715//2430 
f 2684//2399 2713//2428 2714//2429 
f 2683//2398 2712//2427 2713//2428 
f 2682//2397 2711//2426 2712//2427 
f 2681//2396 2710//2425 2711//2426 
f 2680//2395 2709//2424 2710//2425 
f 2679//2394 2708//2423 2709//2424 
f 2677//2392 2706//2421 2708//2423 
f 2707//2422 2736//2451 2706//2421 
f 2675//2390 2704//2419 2705//2420 
f 2674//2389 2703//2418 2704//2419 
f 2673//2388 2702//2417 2703//2418 
f 2672//2387 2701//2416 2702//2417 
f 2671//2386 2700//2415 2701//2416 
f 2670//2385 2699//2414 2700//2415 
f 2669//2384 2698//2413 2699//2414 
f 2668//2383 2697//2412 2698//2413 
f 2667//2382 2696//2411 2697//2412 
f 2666//2381 2695//2410 2696//2411 
f 2665//2380 2694//2409 2695//2410 
f 2664//2379 2693//2408 2694//2409 
f 2663//2378 2692//2407 2693//2408 
f 2662//2377 2691//2406 2692//2407 
f 2661//2376 2690//2405 2691//2406 
f 2660//2375 2689//2404 2690//2405 
f 2659//2374 2688//2403 2689//2404 
f 2658//2373 2687//2402 2688//2403 
f 2657//2372 2686//2401 2687//2402 
f 2656//2371 2685//2400 2686//2401 
f 2655//2370 2684//2399 2685//2400 
f 2654//2369 2683//2398 2684//2399 
f 2653//2368 2682//2397 2683//2398 
f 2652//2367 2681//2396 2682//2397 
f 2651//2366 2680//2395 2681//2396 
f 2650//2365 2679//2394 2680//2395 
f 2648//2363 2677//2392 2679//2394 
f 2678//2393 2707//2422 2677//2392 
f 2646//2361 2675//2390 2676//2391 
f 2645//2360 2674//2389 2675//2390 
f 2644//2359 2673//2388 2674//2389 
f 2643//2358 2672//2387 2673//2388 
f 2642//2357 2671//2386 2672//2387 
f 2641//2356 2670//2385 2671//2386 
f 2640//2355 2669//2384 2670//2385 
f 2639//2354 2668//2383 2669//2384 
f 2638//2353 2667//2382 2668//2383 
f 2637//2352 2666//2381 2667//2382 
f 2636//2351 2665//2380 2666//2381 
f 2635//2350 2664//2379 2665//2380 
f 2634//2349 2663//2378 2664//2379 
f 2633//2348 2662//2377 2663//2378 
f 2632//2347 2661//2376 2662//2377 
f 2631//2346 2660//2375 2661//2376 
f 2630//2345 2659//2374 2660//2375 
f 2629//2344 2658//2373 2659//2374 
f 2628//2343 2657//2372 2658//2373 
f 2627//2342 2656//2371 2657//2372 
f 2626//2341 2655//2370 2656//2371 
f 2625//2340 2654//2369 2655//2370 
f 2624//2339 2653//2368 2654//2369 
f 2623//2338 2652//2367 2653//2368 
f 2622//2337 2651//2366 2652//2367 
f 2621//2336 2650//2365 2651//2366 
f 2619//2334 2648//2363 2650//2365 
f 2649//2364 2678//2393 2648//2363 
f 2617//2332 2646//2361 2647//2362 
f 2616//2331 2645//2360 2646//2361 
f 2615//2330 2644//2359 2645//2360 
f 2614//2329 2643//2358 2644//2359 
f 2613//2328 2642//2357 2643//2358 
f 2612//2327 2641//2356 2642//2357 
f 2611//2326 2640//2355 2641//2356 
f 2610//2325 2639//2354 2640//2355 
f 2609//2324 2638//2353 2639//2354 
f 2608//2323 2637//2352 2638//2353 
f 2607//2322 2636//2351 2637//2352 
f 2606//2321 2635//2350 2636//2351 
f 2605//2320 2634//2349 2635//2350 
f 2604//2319 2633//2348 2634//2349 
f 2603//2318 2632//2347 2633//2348 
f 2602//2317 2631//2346 2632//2347 
f 2601//2316 2630//2345 2631//2346 
f 2600//2315 2629//2344 2630//2345 
f 2599//2314 2628//2343 2629//2344 
f 2598//2313 2627//2342 2628//2343 
f 2597//2312 2626//2341 2627//2342 
f 2596//2311 2625//2340 2626//2341 
f 2595//2310 2624//2339 2625//2340 
f 2594//2309 2623//2338 2624//2339 
f 2593//2308 2622//2337 2623//2338 
f 2592//2307 2621//2336 2622//2337 
f 2590//2305 2619//2334 2621//2336 
f 2620//2335 2649//2364 2619//2334 
f 2588//2303 2617//2332 2618//2333 
f 2587//2302 2616//2331 2617//2332 
f 2586//2301 2615//2330 2616//2331 
f 2585//2300 2614//2329 2615//2330 
f 2584//2299 2613//2328 2614//2329 
f 2583//2298 2612//2327 2613//2328 
f 2582//2297 2611//2326 2612//2327 
f 2581//2296 2610//2325 2611//2326 
f 2580//2295 2609//2324 2610//2325 
f 2579//2294 2608//2323 2609//2324 
f 2578//2293 2607//2322 2608//2323 
f 2577//2292 2606//2321 2607//2322 
f 2576//2291 2605//2320 2606//2321 
f 2575//2290 2604//2319 2605//2320 
f 2574//2289 2603//2318 2604//2319 
f 2573//2288 2602//2317 2603//2318 
f 2572//2287 2601//2316 2602//2317 
f 2571//2286 2600//2315 2601//2316 
f 2570//2285 2599//2314 2600//2315 
f 2569//2284 2598//2313 2599//2314 
f 2568//2283 2597//2312 2598//2313 
f 2567//2282 2596//2311 2597//2312 
f 2566//2281 2595//2310 2596//2311 
f 2565//2280 2594//2309 2595//2310 
f 2564//2279 2593//2308 2594//2309 
f 2563//2278 2592//2307 2593//2308 
f 2561//2276 2590//2305 2592//2307 
f 2591//2306 2620//2335 2590//2305 
f 2559//2274 2588//2303 2589//2304 
f 2558//2273 2587//2302 2588//2303 
f 2557//2272 2586//2301 2587//2302 
f 2556//2271 2585//2300 2586//2301 
f 2555//2270 2584//2299 2585//2300 
f 2554//2269 2583//2298 2584//2299 
f 2553//2268 2582//2297 2583//2298 
f 2552//2267 2581//2296 2582//2297 
f 2551//2266 2580//2295 2581//2296 
f 2550//2265 2579//2294 2580//2295 
f 2549//2264 2578//2293 2579//2294 
f 2548//2263 2577//2292 2578//2293 
f 2547//2262 2576//2291 2577//2292 
f 2546//2261 2575//2290 2576//2291 
f 2545//2260 2574//2289 2575//2290 
f 2544//2259 2573//2288 2574//2289 
f 2543//2258 2572//2287 2573//2288 
f 2542//2257 2571//2286 2572//2287 
f 2541//2256 2570//2285 2571//2286 
f 2540//2255 2569//2284 2570//2285 
f 2539//2254 2568//2283 2569//2284 
f 2538//2253 2567//2282 2568//2283 
f 2537//2252 2566//2281 2567//2282 
f 2536//2251 2565//2280 2566//2281 
f 2535//2250 2564//2279 2565//2280 
f 2534//2249 2563//2278 2564//2279 
f 2532//2247 2561//2276 2563//2278 
f 2562//2277 2591//2306 2561//2276 
f 2530//2245 2559//2274 2560//2275 
f 2529//2244 2558//2273 2559//2274 
f 2528//2243 2557//2272 2558//2273 
f 2527//2242 2556//2271 2557//2272 
f 2526//2241 2555//2270 2556//2271 
f 2525//2240 2554//2269 2555//2270 
f 2524//2239 2553//2268 2554//2269 
f 2523//2238 2552//2267 2553//2268 
f 2522//2237 2551//2266 2552//2267 
f 2521//2236 2550//2265 2551//2266 
f 2520//2235 2549//2264 2550//2265 
f 2519//2234 2548//2263 2549//2264 
f 2518//2233 2547//2262 2548//2263 
f 2517//2232 2546//2261 2547//2262 
f 2516//2231 2545//2260 2546//2261 
f 2515//2230 2544//2259 2545//2260 
f 2514//2229 2543//2258 2544//2259 
f 2513//2228 2542//2257 2543//2258 
f 2512//2227 2541//2256 2542//2257 
f 2511//2226 2540//2255 2541//2256 
f 2510//2225 2539//2254 2540//2255 
f 2509//2224 2538//2253 2539//2254 
f 2508//2223 2537//2252 2538//2253 
f 2507//2222 2536//2251 2537//2252 
f 2506//2221 2535//2250 2536//2251 
f 2505//2220 2534//2249 2535//2250 
f 2503//2218 2532//2247 2534//2249 
f 2533//2248 2562//2277 2532//2247 
f 2501//2216 2530//2245 2531//2246 
f 2500//2215 2529//2244 2530//2245 
f 2499//2214 2528//2243 2529//2244 
f 2498//2213 2527//2242 2528//2243 
f 2497//2212 2526//2241 2527//2242 
f 2496//2211 2525//2240 2526//2241 
f 2495//2210 2524//2239 2525//2240 
f 2494//2209 2523//2238 2524//2239 
f 2493//2208 2522//2237 2523//2238 
f 2492//2207 2521//2236 2522//2237 
f 2491//2206 2520//2235 2521//2236 
f 2490//2205 2519//2234 2520//2235 
f 2489//2204 2518//2233 2519//2234 
f 2488//2203 2517//2232 2518//2233 
f 2487//2202 2516//2231 2517//2232 
f 2486//2201 2515//2230 2516//2231 
f 2485//2200 2514//2229 2515//2230 
f 2484//2199 2513//2228 2514//2229 
f 2483//2198 2512//2227 2513//2228 
f 2482//2197 2511//2226 2512//2227 
f 2481//2196 2510//2225 2511//2226 
f 2480//2195 2509//2224 2510//2225 
f 2479//2194 2508//2223 2509//2224 
f 2478//2193 2507//2222 2508//2223 
f 2477//2192 2506//2221 2507//2222 
f 2476//2191 2505//2220 2506//2221 
f 2474//2189 2503//2218 2505//2220 
f 2504//2219 2533//2248 2503//2218 
f 2472//2187 2501//2216 2502//2217 
f 2471//2186 2500//2215 2501//2216 
f 2470//2185 2499//2214 2500//2215 
f 2469//2184 2498//2213 2499//2214 
f 2468//2183 2497//2212 2498//2213 
f 2467//2182 2496//2211 2497//2212 
f 2466//2181 2495//2210 2496//2211 
f 2465//2180 2494//2209 2495//2210 
f 2464//2179 2493//2208 2494//2209 
f 2463//2178 2492//2207 2493//2208 
f 2462//2177 2491//2206 2492//2207 
f 2461//2176 2490//2205 2491//2206 
f 2460//2175 2489//2204 2490//2205 
f 2459//2174 2488//2203 2489//2204 
f 2458//2173 2487//2202 2488//2203 
f 2457//2172 2486//2201 2487//2202 
f 2456//2171 2485//2200 2486//2201 
f 2455//2170 2484//2199 2485//2200 
f 2454//2169 2483//2198 2484//2199 
f 2453//2168 2482//2197 2483//2198 
f 2452//2167 2481//2196 2482//2197 
f 2451//2166 2480//2195 2481//2196 
f 2450//2165 2479//2194 2480//2195 
f 2449//2164 2478//2193 2479//2194 
f 2448//2163 2477//2192 2478//2193 
f 2447//2162 2476//2191 2477//2192 
f 2445//2160 2474//2189 2476//2191 
f 2475//2190 2504//2219 2474//2189 
f 2443//2158 2472//2187 2473//2188 
f 2442//2157 2471//2186 2472//2187 
f 2441//2156 2470//2185 2471//2186 
f 2440//2155 2469//2184 2470//2185 
f 2439//2154 2468//2183 2469//2184 
f 2438//2153 2467//2182 2468//2183 
f 2437//2152 2466//2181 2467//2182 
f 2436//2151 2465//2180 2466//2181 
f 2435//2150 2464//2179 2465//2180 
f 2434//2149 2463//2178 2464//2179 
f 2433//2148 2462//2177 2463//2178 
f 2432//2147 2461//2176 2462//2177 
f 2431//2146 2460//2175 2461//2176 
f 2430//2145 2459//2174 2460//2175 
f 2429//2144 2458//2173 2459//2174 
f 2428//2143 2457//2172 2458//2173 
f 2427//2142 2456//2171 2457//2172 
f 2426//2141 2455//2170 2456//2171 
f 2425//2140 2454//2169 2455//2170 
f 2424//2139 2453//2168 2454//2169 
f 2423//2138 2452//2167 2453//2168 
f 2422//2137 2451//2166 2452//2167 
f 2421//2136 2450//2165 2451//2166 
f 2420//2135 2449//2164 2450//2165 
f 2419//2134 2448//2163 2449//2164 
f 2418//2133 2447//2162 2448//2163 
f 2416//2131 2445//2160 2447//2162 
f 2446//2161 2475//2190 2445//2160 
f 2414//2129 2443//2158 2444//2159 
f 2413//2128 2442//2157 2443//2158 
f 2412//2127 2441//2156 2442//2157 
f 2411//2126 2440//2155 2441//2156 
f 2410//2125 2439//2154 2440//2155 
f 2409//2124 2438//2153 2439//2154 
f 2408//2123 2437//2152 2438//2153 
f 2407//2122 2436//2151 2437//2152 
f 2406//2121 2435//2150 2436//2151 
f 2405//2120 2434//2149 2435//2150 
f 2404//2119 2433//2148 2434//2149 
f 2403//2118 2432//2147 2433//2148 
f 2402//2117 2431//2146 2432//2147 
f 2401//2116 2430//2145 2431//2146 
f 2400//2115 2429//2144 2430//2145 
f 2399//2114 2428//2143 2429//2144 
f 2398//2113 2427//2142 2428//2143 
f 2397//2112 2426//2141 2427//2142 
f 2396//2111 2425//2140 2426//2141 
f 2395//2110 2424//2139 2425//2140 
f 2394//2109 2423//2138 2424//2139 
f 2393//2108 2422//2137 2423//2138 
f 2392//2107 2421//2136 2422//2137 
f 2391//2106 2420//2135 2421//2136 
f 2390//2105 2419//2134 2420//2135 
f 2389//2104 2418//2133 2419//2134 
f 2387//2102 2416//2131 2418//2133 
f 2417//2132 2446//2161 2416//2131 
f 2385//2100 2414//2129 2415//2130 
f 2384//2099 2413//2128 2414//2129 
f 2383//2098 2412//2127 2413//2128 
f 2382//2097 2411//2126 2412//2127 
f 2381//2096 2410//2125 2411//2126 
f 2380//2095 2409//2124 2410//2125 
f 2379//2094 2408//2123 2409//2124 
f 2378//2093 2407//2122 2408//2123 
f 2377//2092 2406//2121 2407//2122 
f 2376//2091 2405//2120 2406//2121 
f 2375//2090 2404//2119 2405//2120 
f 2374//2089 2403//2118 2404//2119 
f 2373//2088 2402//2117 2403//2118 
f 2372//2087 2401//2116 2402//2117 
f 2371//2086 2400//2115 2401//2116 
f 2370//2085 2399//2114 2400//2115 
f 2369//2084 2398//2113 2399//2114 
f 2368//2083 2397//2112 2398//2113 
f 2367//2082 2396//2111 2397//2112 
f 2366//2081 2395//2110 2396//2111 
f 2365//2080 2394//2109 2395//2110 
f 2364//2079 2393//2108 2394//2109 
f 2363//2078 2392//2107 2393//2108 
f 2362//2077 2391//2106 2392//2107 
f 2361//2076 2390//2105 2391//2106 
f 2360//2075 2389//2104 2390//2105 
f 2358//2073 2387//2102 2389//2104 
f 2388//2103 2417//2132 2387//2102 
f 2356//2069 2385//2100 2386//2101 
f 2355//2067 2384//2099 2385//2100 
f 2354//2065 2383//2098 2384//2099 
f 2353//2063 2382//2097 2383//2098 
f 2352//2061 2381//2096 2382//2097 
f 2351//2059 2380//2095 2381//2096 
f 2350//2057 2379//2094 2380//2095 
f 2349//2055 2378//2093 2379//2094 
f 2348//2053 2377//2092 2378//2093 
f 2347//2051 2376//2091 2377//2092 
f 2346//2049 2375//2090 2376//2091 
f 2345//2047 2374//2089 2375//2090 
f 2344//2045 2373//2088 2374//2089 
f 2343//2043 2372//2087 2373//2088 
f 2342//2041 2371//2086 2372//2087 
f 2341//2039 2370//2085 2371//2086 
f 2340//2037 2369//2084 2370//2085 
f 2339//2035 2368//2083 2369//2084 
f 2338//2033 2367//2082 2368//2083 
f 2337//2031 2366//2081 2367//2082 
f 2336//2029 2365//2080 2366//2081 
f 2335//2027 2364//2079 2365//2080 
f 2334//2025 2363//2078 2364//2079 
f 2333//2023 2362//2077 2363//2078 
f 2332//2021 2361//2076 2362//2077 
f 2331//2019 2360//2075 2361//2076 
f 2330//2016 2358//2073 2360//2075 
f 2359//2074 2388//2103 2358//2073 
f 303//2070 2356//2069 2357//2071 
f 303//2070 301//2068 2355//2067 
f 301//2068 299//2066 2354//2065 
f 299//2066 297//2064 2353//2063 
f 282//2062 2352//2061 2353//2063 
f 282//2062 280//2060 2351//2059 
f 278//2058 2350//2057 2351//2059 
f 276//2056 2349//2055 2350//2057 
f 267//2054 2348//2053 2349//2055 
f 265//2052 2347//2051 2348//2053 
f 265//2052 263//2050 2346//2049 
f 260//2048 2345//2047 2346//2049 
f 260//2048 275//2046 2344//2045 
f 252//2044 2343//2043 2344//2045 
f 249//2042 2342//2041 2343//2043 
f 249//2042 259//2040 2341//2039 
f 259//2040 257//2038 2340//2037 
f 254//2036 2339//2035 2340//2037 
f 254//2036 274//2034 2338//2033 
f 274//2034 272//2032 2337//2031 
f 269//2030 2336//2029 2337//2031 
f 291//2028 2335//2027 2336//2029 
f 289//2026 2334//2025 2335//2027 
f 289//2026 287//2024 2333//2023 
f 284//2022 2332//2021 2333//2023 
f 296//2020 2331//2019 2332//2021 
f 296//2020 293//2017 2330//2016 
f 295//2018 2359//2074 2330//2016 
o mesh7
f 2209//4026 2208//4026 471//4026 
f 2209//4026 351//4026 4022//4026 
f 4022//4026 2212//4026 2209//4026 
f 2208//4026 2207//4026 349//4026 
f 349//4026 471//4026 2208//4026 
f 351//4026 470//4026 4022//4026 
f 471//4026 351//4026 2209//4026 
o mesh8
f 2326//4027 2323//4027 354//4027 
f 353//4027 352//4027 2325//4027 
f 307//4027 2325//4027 352//4027 
f 2325//4027 2326//4027 353//4027 
f 2324//4027 2321//4027 355//4027 
f 356//4027 354//4027 2323//4027 
f 354//4027 353//4027 2326//4027 
f 2323//4027 2324//4027 356//4027 
f 2322//4027 2319//4027 357//4027 
f 358//4027 355//4027 2321//4027 
f 355//4027 356//4027 2324//4027 
f 2321//4027 2322//4027 358//4027 
f 357//4027 358//4027 2322//4027 
f 2319//4027 2318//4027 359//4027 
f 2320//4027 2316//4027 361//4027 
f 360//4027 359//4027 2318//4027 
f 359//4027 357//4027 2319//4027 
f 2318//4027 2320//4027 360//4027 
f 2317//4027 2314//4027 363//4027 
f 362//4027 361//4027 2316//4027 
f 361//4027 360//4027 2320//4027 
f 2316//4027 2317//4027 362//4027 
f 2315//4027 2313//4027 364//4027 
f 365//4027 363//4027 2314//4027 
f 363//4027 362//4027 2317//4027 
f 2314//4027 2315//4027 365//4027 
f 2310//4027 2309//4027 368//4027 
f 364//4027 365//4027 2315//4027 
f 366//4027 364//4027 2313//4027 
f 367//4027 2312//4027 2310//4027 
f 2313//4027 2312//4027 366//4027 
f 368//4027 367//4027 2310//4027 
f 2311//4027 2307//4027 370//4027 
f 369//4027 368//4027 2309//4027 
f 367//4027 366//4027 2312//4027 
f 2309//4027 2311//4027 369//4027 
f 2308//4027 2306//4027 371//4027 
f 372//4027 370//4027 2307//4027 
f 2299//4027 383//4027 379//4027 
f 370//4027 369//4027 2311//4027 
f 2307//4027 2308//4027 372//4027 
f 2305//4027 2303//4027 373//4027 
f 374//4027 371//4027 2306//4027 
f 379//4027 2298//4027 2299//4027 
f 2294//4027 2292//4027 384//4027 
f 385//4027 382//4027 2295//4027 
f 371//4027 372//4027 2308//4027 
f 2306//4027 2305//4027 374//4027 
f 381//4027 383//4027 2297//4027 
f 379//4027 378//4027 2298//4027 
f 2296//4027 2295//4027 382//4027 
f 2295//4027 2294//4027 385//4027 
f 373//4027 374//4027 2305//4027 
f 2303//4027 2302//4027 375//4027 
f 2304//4027 2300//4027 377//4027 
f 376//4027 375//4027 2302//4027 
f 2299//4027 2297//4027 383//4027 
f 384//4027 385//4027 2294//4027 
f 388//4027 384//4027 2292//4027 
f 375//4027 373//4027 2303//4027 
f 2302//4027 2304//4027 376//4027 
f 2301//4027 2298//4027 378//4027 
f 380//4027 377//4027 2300//4027 
f 382//4027 381//4027 2296//4027 
f 2293//4027 386//4027 388//4027 
f 2290//4027 2289//4027 387//4027 
f 377//4027 376//4027 2304//4027 
f 2300//4027 2301//4027 380//4027 
f 2292//4027 2293//4027 388//4027 
f 386//4027 2293//4027 2290//4027 
f 378//4027 380//4027 2301//4027 
f 387//4027 386//4027 2290//4027 
f 2291//4027 2287//4027 390//4027 
f 389//4027 387//4027 2289//4027 
f 2297//4027 2296//4027 381//4027 
f 2289//4027 2291//4027 389//4027 
f 2288//4027 2286//4027 391//4027 
f 392//4027 390//4027 2287//4027 
f 390//4027 389//4027 2291//4027 
f 2287//4027 2288//4027 392//4027 
f 395//4027 391//4027 2286//4027 
f 391//4027 392//4027 2288//4027 
f 2285//4027 393//4027 395//4027 
f 2283//4027 2282//4027 394//4027 
f 2286//4027 2285//4027 395//4027 
f 393//4027 2285//4027 2283//4027 
f 2284//4027 2280//4027 397//4027 
f 396//4027 394//4027 2282//4027 
f 394//4027 393//4027 2283//4027 
f 2282//4027 2284//4027 396//4027 
f 2281//4027 2278//4027 398//4027 
f 399//4027 397//4027 2280//4027 
f 397//4027 396//4027 2284//4027 
f 2280//4027 2281//4027 399//4027 
f 402//4027 398//4027 2278//4027 
f 2277//4027 400//4027 401//4027 
f 398//4027 399//4027 2281//4027 
f 2279//4027 401//4027 402//4027 
f 403//4027 400//4027 2276//4027 
f 401//4027 2279//4027 2277//4027 
f 2278//4027 2279//4027 402//4027 
f 2277//4027 2276//4027 400//4027 
f 2274//4027 2272//4027 405//4027 
f 404//4027 403//4027 2275//4027 
f 2276//4027 2275//4027 403//4027 
f 2275//4027 2274//4027 404//4027 
f 2273//4027 2270//4027 407//4027 
f 406//4027 405//4027 2272//4027 
f 422//4027 420//4027 2258//4027 
f 405//4027 404//4027 2274//4027 
f 2272//4027 2273//4027 406//4027 
f 2271//4027 2269//4027 408//4027 
f 409//4027 407//4027 2270//4027 
f 2260//4027 2259//4027 420//4027 
f 2257//4027 2255//4027 421//4027 
f 420//4027 2259//4027 2258//4027 
f 407//4027 406//4027 2273//4027 
f 2270//4027 2271//4027 409//4027 
f 2266//4027 2265//4027 412//4027 
f 419//4027 415//4027 2261//4027 
f 2262//4027 2260//4027 418//4027 
f 420//4027 417//4027 2260//4027 
f 2258//4027 2257//4027 422//4027 
f 408//4027 409//4027 2271//4027 
f 410//4027 408//4027 2269//4027 
f 411//4027 2268//4027 2266//4027 
f 418//4027 419//4027 2262//4027 
f 421//4027 422//4027 2257//4027 
f 2253//4027 2252//4027 425//4027 
f 2269//4027 2268//4027 410//4027 
f 412//4027 411//4027 2266//4027 
f 2267//4027 2263//4027 414//4027 
f 413//4027 412//4027 2265//4027 
f 417//4027 418//4027 2260//4027 
f 423//4027 421//4027 2255//4027 
f 424//4027 2256//4027 2253//4027 
f 411//4027 410//4027 2268//4027 
f 2265//4027 2267//4027 413//4027 
f 2264//4027 2261//4027 415//4027 
f 416//4027 414//4027 2263//4027 
f 2255//4027 2256//4027 423//4027 
f 425//4027 424//4027 2253//4027 
f 2254//4027 2250//4027 427//4027 
f 426//4027 425//4027 2252//4027 
f 414//4027 413//4027 2267//4027 
f 2263//4027 2264//4027 416//4027 
f 424//4027 423//4027 2256//4027 
f 2252//4027 2254//4027 426//4027 
f 415//4027 416//4027 2264//4027 
f 427//4027 426//4027 2254//4027 
f 2251//4027 2248//4027 428//4027 
f 429//4027 427//4027 2250//4027 
f 2261//4027 2262//4027 419//4027 
f 2250//4027 2251//4027 429//4027 
f 428//4027 429//4027 2251//4027 
f 2248//4027 2247//4027 430//4027 
f 2249//4027 2245//4027 432//4027 
f 431//4027 430//4027 2247//4027 
f 430//4027 428//4027 2248//4027 
f 2247//4027 2249//4027 431//4027 
f 2246//4027 2243//4027 434//4027 
f 435//4027 432//4027 2245//4027 
f 437//4027 433//4027 2244//4027 
f 432//4027 431//4027 2249//4027 
f 2245//4027 2246//4027 435//4027 
f 2327//4027 436//4027 437//4027 
f 2243//4027 2244//4027 433//4027 
f 434//4027 435//4027 2246//4027 
f 433//4027 434//4027 2243//4027 
f 2241//4027 2240//4027 438//4027 
f 2244//4027 2327//4027 437//4027 
f 436//4027 2327//4027 2241//4027 
f 2242//4027 2238//4027 440//4027 
f 439//4027 438//4027 2240//4027 
f 438//4027 436//4027 2241//4027 
f 2240//4027 2242//4027 439//4027 
f 2239//4027 2236//4027 441//4027 
f 442//4027 440//4027 2238//4027 
f 440//4027 439//4027 2242//4027 
f 2238//4027 2239//4027 442//4027 
f 2237//4027 2234//4027 443//4027 
f 444//4027 441//4027 2236//4027 
f 441//4027 442//4027 2239//4027 
f 2236//4027 2237//4027 444//4027 
f 443//4027 444//4027 2237//4027 
f 2234//4027 2233//4027 445//4027 
f 2235//4027 2231//4027 446//4027 
f 448//4027 445//4027 2233//4027 
f 2328//4027 2229//4027 450//4027 
f 447//4027 2231//4027 2232//4027 
f 445//4027 443//4027 2234//4027 
f 2233//4027 2235//4027 448//4027 
f 449//4027 2232//4027 2328//4027 
f 2232//4027 449//4027 447//4027 
f 446//4027 448//4027 2235//4027 
f 447//4027 446//4027 2231//4027 
f 2230//4027 2228//4027 451//4027 
f 452//4027 450//4027 2229//4027 
f 450//4027 449//4027 2328//4027 
f 2229//4027 2230//4027 452//4027 
f 2225//4027 2224//4027 455//4027 
f 451//4027 452//4027 2230//4027 
f 453//4027 451//4027 2228//4027 
f 454//4027 2227//4027 2225//4027 
f 2228//4027 2227//4027 453//4027 
f 455//4027 454//4027 2225//4027 
f 2226//4027 2222//4027 457//4027 
f 456//4027 455//4027 2224//4027 
f 2210//4027 4022//4027 470//4027 
f 454//4027 453//4027 2227//4027 
f 2224//4027 2226//4027 456//4027 
f 2223//4027 2220//4027 458//4027 
f 460//4027 457//4027 2222//4027 
f 2216//4027 2213//4027 466//4027 
f 467//4027 465//4027 2215//4027 
f 470//4027 2211//4027 2210//4027 
f 457//4027 456//4027 2226//4027 
f 2222//4027 2223//4027 460//4027 
f 461//4027 459//4027 2221//4027 
f 2220//4027 2221//4027 459//4027 
f 2218//4027 2217//4027 463//4027 
f 2215//4027 2216//4027 467//4027 
f 468//4027 466//4027 2213//4027 
f 469//4027 2214//4027 2211//4027 
f 458//4027 460//4027 2223//4027 
f 459//4027 458//4027 2220//4027 
f 462//4027 2329//4027 2218//4027 
f 2219//4027 2215//4027 465//4027 
f 464//4027 463//4027 2217//4027 
f 2213//4027 2214//4027 468//4027 
f 470//4027 469//4027 2211//4027 
f 2221//4027 2329//4027 461//4027 
f 463//4027 462//4027 2218//4027 
f 2217//4027 2219//4027 464//4027 
f 469//4027 468//4027 2214//4027 
f 462//4027 461//4027 2329//4027 
f 466//4027 467//4027 2216//4027 
f 465//4027 464//4027 2219//4027 
f 352//4027 308//4027 307//4027 
o mesh9
f 4022//4028 2210//4028 2212//4028 
