# OBJ generated by ONSHAPE BY PTC INC, 1.214 Units = meters
mtllib Part Studio 1 - Part 1.mtl
g Part 1
v 0.238157 0 -0.05 
v 0.238157 0.25 -0.06875 
v 0.238157 0.25 -0.0601562 
v 0.238157 0 -0.1 
v 0.238157 0.25 -0.0773437 
v 0.238157 0 -0.1375 
v 0.238157 0.25 -0.120312 
v 0.238157 0.25 -0.111719 
v 0.238157 0.25 -0.0859375 
v 0.238157 0.25 -0.034375 
v 0.238157 0.25 -0.0171875 
v 0.238157 0.25 -0.128906 
v 0.238157 0.25 -0.0945312 
v 0.238157 0 5.20417e-18 
v 0.238157 0.25 -0.1375 
v 0.238157 0.25 -0.103125 
v 0.238157 0.25 -0.0429687 
v 0.238157 0 0.05 
v 0.238157 0.25 0.0171875 
v 0.238157 0 0.1 
v 0.238157 0.25 0.0859375 
v 0.238157 0.25 0.0945313 
v 0.238157 0.25 -0.0515625 
v 0.238157 0.25 0.034375 
v 0.238157 0.25 0.0773438 
v 0.238157 0.25 0.06875 
v 0.238157 0.25 5.55112e-17 
v 0.238157 0 0.1375 
v 0.238157 0.25 0.120312 
v 0.238157 0.25 0.128906 
v 0.238157 0.25 0.111719 
v 0.238157 0.25 0.0515625 
v 0.238157 0.25 0.103125 
v 0.238157 0.25 0.1375 
v 0 0 0.275 
v 0.0148848 0.25 0.266406 
v 0.00744241 0.25 0.270703 
v 0.0866025 0 0.225 
v 0.119078 0.25 0.20625 
v 0.104194 0.25 0.214844 
v 0.179904 0 0.171132 
v 0.133963 0.25 0.197656 
v 0.0223272 0.25 0.262109 
v 0.0297696 0.25 0.257813 
v 0.148848 0.25 0.189062 
v 0.037212 0.25 0.253516 
v 0.0446544 0.25 0.249219 
v 0.193503 0.25 0.163281 
v 0.18606 0.25 0.167578 
v 0.216506 0 0.15 
v 0.200945 0.25 0.158984 
v 0.156291 0.25 0.184766 
v 0.163733 0.25 0.180469 
v 0.0520968 0.25 0.244922 
v 0.208387 0.25 0.154688 
v 0.171175 0.25 0.176172 
v 0.0595392 0.25 0.240625 
v 0.230715 0.25 0.141797 
v 0.21583 0.25 0.150391 
v 0.178618 0.25 0.171875 
v 0.0744241 0.25 0.232031 
v 0.223272 0.25 0.146094 
v 0.0893089 0.25 0.223438 
v 0 0.25 0.275 
v -0.0866025 0 0.225 
v -0.0744241 0.25 0.232031 
v -0.0818665 0.25 0.227734 
v -0.0669817 0.25 0.236328 
v -0.216506 0 0.15 
v -0.200945 0.25 0.158984 
v -0.208387 0.25 0.154687 
v -0.179904 0 0.171132 
v -0.193503 0.25 0.163281 
v -0.0595392 0.25 0.240625 
v -0.0520968 0.25 0.244922 
v -0.18606 0.25 0.167578 
v -0.0446544 0.25 0.249219 
v -0.037212 0.25 0.253516 
v -0.178618 0.25 0.171875 
v -0.163733 0.25 0.180469 
v -0.0297696 0.25 0.257813 
v -0.148848 0.25 0.189062 
v -0.0223272 0.25 0.262109 
v -0.133963 0.25 0.197656 
v -0.119078 0.25 0.20625 
v -0.0148848 0.25 0.266406 
v -0.00744241 0.25 0.270703 
v -0.104194 0.25 0.214844 
v -0.223272 0.25 0.146094 
v -0.230715 0.25 0.141797 
v -0.0893089 0.25 0.223437 
v -0.238157 0 0.1375 
v -0.21583 0.25 0.150391 
v -0.238157 0.25 0.1375 
v 0.200268 0.46875 0.115625 
v 0.194856 0.5 0.1125 
v 0.0874467 0.75 0.151462 
v 0.082488 0.75 0.154325 
v 0.151554 0.75 0.0875 
v 0.14852 0.75 0.0923556 
v -7.77156e-17 0.5 0.225 
v -6.80012e-17 0.46875 0.23125 
v -5.82867e-17 0.4375 0.2375 
v -4.85723e-17 0.40625 0.24375 
v -3.88578e-17 0.375 0.25 
v -1.94289e-17 0.3125 0.2625 
v 0.216506 0.375 0.125 
v 0.211094 0.40625 0.121875 
v 0.205681 0.4375 0.11875 
v 0.227332 0.3125 0.13125 
v 0.173205 0.625 0.1 
v 0.123686 0.75 0.123688 
v 0.121565 0.75 0.125884 
v 0.16238 0.6875 0.09375 
v 0.137902 0.75 0.107741 
v 0.138799 0.75 0.106506 
v 0.145082 0.75 0.0978588 
v 0.145486 0.75 0.0972116 
v 0.156967 0.71875 0.090625 
v 0.142165 0.75 0.101873 
v 0.131522 0.75 0.115344 
v 0.13005 0.75 0.117098 
v 0.135203 0.75 0.110957 
v 0.127664 0.75 0.119569 
v 0.167792 0.65625 0.096875 
v 0.106472 0.75 0.138758 
v 0.102862 0.75 0.141578 
v 0.112488 0.75 0.134058 
v 0.115324 0.75 0.131504 
v 0.11958 0.75 0.127672 
v 0.110984 0.75 0.135233 
v 0.0971661 0.75 0.14542 
v 0.0927359 0.75 0.148408 
v 0.101913 0.75 0.142218 
v 0.0924054 0.75 0.148599 
v 0.18403 0.5625 0.10625 
v 0.178618 0.59375 0.103125 
v 0.189443 0.53125 0.109375 
v 0.0397175 0.75 0.170345 
v 0.0669322 0.75 0.161586 
v 0.0616227 0.75 0.163731 
v 0.0773545 0.75 0.156858 
v 0.0722078 0.75 0.159369 
v 0.0821575 0.75 0.154516 
v 0.0711789 0.75 0.15987 
v 0.0562236 0.75 0.165626 
v 0.0507773 0.75 0.167395 
v 0.0598535 0.75 0.164446 
v 0.0482365 0.75 0.168221 
v 0.0171422 0.75 0.174055 
v 0.02849 0.75 0.172568 
v 0.0363845 0.75 0.171176 
v 0.0341295 0.75 0.171573 
v 0.0243553 0.75 0.173297 
v 0.00572213 0.75 0.1748 
v 0.0122074 0.75 0.174574 
v -1.55431e-16 0.75 0.175 
v -1.45717e-16 0.71875 0.18125 
v -1.36002e-16 0.6875 0.1875 
v -1.26288e-16 0.65625 0.19375 
v -1.16573e-16 0.625 0.2 
v -1.06859e-16 0.59375 0.20625 
v -9.71445e-17 0.5625 0.2125 
v -8.74301e-17 0.53125 0.21875 
v 0.0114447 0.75 0.1746 
v 0.0228372 0.75 0.173456 
v 0.045274 0.75 0.168959 
v 0.103289 0.5 0.178902 
v 0.0907971 0.5 0.185898 
v 0.0941462 0.4375 0.193135 
v 0.111184 0.375 0.192576 
v 0.194794 0.46875 0.120191 
v 0.0953946 0.625 0.165228 
v 0.153742 0.71875 0.0954984 
v 0.0974954 0.375 0.200371 
v 0.0400547 0.46875 0.215277 
v 0.0533067 0.46875 0.209305 
v 0.0459176 0.5 0.207675 
v 0.0524163 0.5 0.204831 
v 0.0809316 0.4375 0.200278 
v 0.0781392 0.5 0.192558 
v 0.0717551 0.5 0.195759 
v 0.0844875 0.5 0.189271 
v 0.0676095 0.4375 0.207162 
v 0.065338 0.5 0.198872 
v 0.0588907 0.5 0.201896 
v 0.069881 0.375 0.215452 
v 0.0837241 0.375 0.207998 
v 0.0742829 0.4375 0.203753 
v 0.0609135 0.4375 0.210504 
v 0.054197 0.4375 0.21378 
v 0.0550874 0.40625 0.218254 
v 0.0629362 0.375 0.219112 
v 0.0407118 0.4375 0.220126 
v 0.0267388 0.46875 0.220927 
v 0.0263059 0.5 0.215658 
v 0.0197401 0.5 0.218133 
v 0.0393976 0.5 0.210428 
v 0.0328594 0.5 0.213089 
v 0.0334035 0.46875 0.218142 
v 0.0339475 0.4375 0.223196 
v 0.0133801 0.46875 0.226252 
v 0.0131652 0.5 0.220516 
v 0.00658412 0.5 0.222805 
v 0.0271718 0.4375 0.226196 
v 0.0200635 0.46875 0.22363 
v 0.0203869 0.4375 0.229127 
v 0.0135951 0.4375 0.231988 
v 0.00669141 0.46875 0.228792 
v 0.00679869 0.4375 0.234779 
v 0.0276048 0.40625 0.231466 
v 0.0413689 0.40625 0.224975 
v 0.0490072 0.375 0.226299 
v 0.042026 0.375 0.229823 
v 0.0350357 0.375 0.233302 
v 0.0280377 0.375 0.236735 
v 0.01381 0.40625 0.237725 
v 0.0207103 0.40625 0.234624 
v 0.0210337 0.375 0.240121 
v 0.014025 0.375 0.243461 
v 0.00690598 0.40625 0.240767 
v 0.00701326 0.375 0.246754 
v 0.0577585 0.3125 0.231677 
v 0.0559778 0.375 0.222728 
v 0.0865165 0.3125 0.215718 
v 0.0721525 0.3125 0.223741 
v 0.0649589 0.3125 0.22772 
v 0.0289037 0.3125 0.247274 
v 0.0433402 0.3125 0.239521 
v 0.050552 0.3125 0.23561 
v 0.0361239 0.3125 0.243409 
v 0.00722784 0.3125 0.258729 
v 0.0144549 0.3125 0.254934 
v 0.0216804 0.3125 0.251115 
v 0.145402 0.5 0.151949 
v 0.158289 0.375 0.16406 
v 0.15804 0.4375 0.153826 
v 0.164899 0.375 0.159842 
v 0.210189 0.375 0.129451 
v 0.220452 0.3125 0.135624 
v 0.168111 0.5 0.135002 
v 0.176319 0.4375 0.140997 
v 0.177959 0.46875 0.13362 
v 0.182306 0.4375 0.13663 
v 0.205057 0.40625 0.126364 
v 0.183638 0.46875 0.129191 
v 0.18925 0.46875 0.124714 
v 0.18439 0.5 0.121659 
v 0.199926 0.4375 0.123277 
v 0.189662 0.5 0.117104 
v 0.19411 0.4375 0.127768 
v 0.188237 0.4375 0.132219 
v 0.179039 0.5 0.126162 
v 0.198971 0.40625 0.130822 
v 0.186653 0.40625 0.139639 
v 0.203831 0.375 0.133877 
v 0.191 0.375 0.142649 
v 0.197434 0.375 0.138276 
v 0.164185 0.4375 0.149597 
v 0.170279 0.4375 0.14532 
v 0.162537 0.5 0.139333 
v 0.184528 0.375 0.146993 
v 0.17802 0.375 0.151307 
v 0.171477 0.375 0.155591 
v 0.156893 0.5 0.143603 
v 0.192736 0.3125 0.152989 
v 0.199694 0.3125 0.148668 
v 0.206632 0.3125 0.144333 
v 0.213552 0.3125 0.139985 
v 0.178768 0.3125 0.161584 
v 0.185761 0.3125 0.157294 
v 0.171758 0.3125 0.165859 
v 0.138269 0.375 0.176506 
v 0.127691 0.5 0.16395 
v 0.12167 0.5 0.167804 
v 0.124779 0.375 0.184619 
v 0.144973 0.375 0.172393 
v 0.151646 0.375 0.168245 
v 0.139559 0.5 0.15602 
v 0.133655 0.5 0.160021 
v 0.115594 0.5 0.171582 
v 0.169136 0.625 0.104758 
v 0.174268 0.59375 0.107845 
v 0.130603 0.6875 0.12976 
v 0.126072 0.6875 0.133782 
v 0.158873 0.6875 0.098585 
v 0.164005 0.65625 0.101672 
v 0.143485 0.6875 0.117015 
v 0.147531 0.6875 0.112553 
v 0.143184 0.71875 0.109543 
v 0.146847 0.71875 0.104962 
v 0.150367 0.71875 0.100279 
v 0.155228 0.6875 0.103333 
v 0.151446 0.6875 0.107991 
v 0.139313 0.6875 0.121372 
v 0.135018 0.6875 0.125622 
v 0.151694 0.625 0.12301 
v 0.156045 0.65625 0.111019 
v 0.160088 0.65625 0.106388 
v 0.164948 0.625 0.109442 
v 0.156224 0.625 0.118572 
v 0.160644 0.625 0.114048 
v 0.14231 0.625 0.131616 
v 0.147055 0.625 0.127359 
v 0.137462 0.625 0.135777 
v 0.117112 0.625 0.151393 
v 0.111802 0.625 0.155026 
v 0.122337 0.625 0.147649 
v 0.121429 0.6875 0.137684 
v 0.127472 0.625 0.143796 
v 0.132515 0.625 0.139838 
v 0.106409 0.625 0.158544 
v 0.100939 0.625 0.161946 
v 0.138959 0.5625 0.145893 
v 0.144321 0.5625 0.141793 
v 0.179399 0.5625 0.110931 
v 0.184531 0.53125 0.114018 
v 0.159902 0.5625 0.129006 
v 0.169841 0.5625 0.120105 
v 0.169809 0.59375 0.112496 
v 0.174669 0.5625 0.115551 
v 0.164918 0.5625 0.124591 
v 0.149601 0.5625 0.13761 
v 0.154796 0.5625 0.133346 
v 0.164007 0.53125 0.132004 
v 0.169265 0.53125 0.127601 
v 0.17444 0.53125 0.123134 
v 0.179529 0.53125 0.118605 
v 0.173612 0.5 0.13061 
v 0.158667 0.53125 0.13634 
v 0.147751 0.53125 0.144801 
v 0.151181 0.5 0.147809 
v 0.0412832 0.6875 0.17974 
v 0.0470741 0.6875 0.177986 
v 0.0897798 0.625 0.168389 
v 0.0641716 0.6875 0.171777 
v 0.0725544 0.625 0.177119 
v 0.0840988 0.625 0.171425 
v 0.0783556 0.625 0.174336 
v 0.0585234 0.6875 0.174003 
v 0.0666994 0.625 0.179771 
v 0.0528225 0.6875 0.176072 
v 0.0607949 0.625 0.182292 
v 0.0488548 0.625 0.186934 
v 0.0548453 0.625 0.18468 
v 0.0630665 0.5625 0.190582 
v 0.056868 0.5625 0.193288 
v 0.0506356 0.5625 0.195883 
v 0.042828 0.625 0.189052 
v 0.0443728 0.5625 0.198363 
v 0.0174764 0.71875 0.179654 
v 0.0232751 0.71875 0.178772 
v 0.0290508 0.71875 0.177716 
v 0.0347979 0.71875 0.176486 
v 0.035455 0.6875 0.181335 
v 0.023708 0.6875 0.184042 
v 0.0295949 0.6875 0.182769 
v 0.030139 0.65625 0.187823 
v 0.0367692 0.625 0.191033 
v 0.030683 0.625 0.192876 
v 0.024141 0.65625 0.189311 
v 0.0177998 0.6875 0.185151 
v 0.0181232 0.65625 0.190648 
v 0.00583312 0.71875 0.180894 
v 0.0116605 0.71875 0.180362 
v 0.0118755 0.6875 0.186098 
v 0.00594041 0.6875 0.186881 
v 0.0060477 0.65625 0.192868 
v 0.0120904 0.65625 0.191834 
v 0.0184466 0.625 0.196145 
v 0.024574 0.625 0.19458 
v 0.0123054 0.625 0.197571 
v 0.00615498 0.625 0.198856 
v 0.0250069 0.59375 0.19985 
v 0.0312271 0.59375 0.197929 
v 0.0380834 0.5625 0.20073 
v 0.0317712 0.5625 0.202982 
v 0.0254399 0.5625 0.205119 
v 0.0258729 0.53125 0.210388 
v 0.0190933 0.5625 0.207139 
v 0.00626227 0.59375 0.204843 
v 0.0125203 0.59375 0.203307 
v 0.0187699 0.59375 0.201642 
v 0.0127353 0.5625 0.209043 
v 0.00636955 0.5625 0.21083 
v 0.00647684 0.53125 0.216817 
v 0.0129502 0.53125 0.214779 
v 0.0194167 0.53125 0.212636 
v 0.200268 0.46875 -0.115625 
v 0.194856 0.5 -0.1125 
v 0.174893 0.75 2.1684e-17 
v 0.174893 0.75 0.00572584 
v 0.151554 0.75 -0.0875 
v 0.154242 0.75 -0.0824446 
v 0.216506 0.375 -0.125 
v 0.211094 0.40625 -0.121875 
v 0.205681 0.4375 -0.11875 
v 0.227332 0.3125 -0.13125 
v 0.173205 0.625 -0.1 
v 0.16896 0.75 -0.0452713 
v 0.169802 0.75 -0.0423363 
v 0.16238 0.6875 -0.09375 
v 0.162257 0.75 -0.0655562 
v 0.161636 0.75 -0.0669506 
v 0.157289 0.75 -0.076715 
v 0.156931 0.75 -0.0773888 
v 0.156967 0.71875 -0.090625 
v 0.159307 0.75 -0.0721819 
v 0.165652 0.75 -0.0562297 
v 0.166435 0.75 -0.054078 
v 0.163693 0.75 -0.0616109 
v 0.167382 0.75 -0.0507761 
v 0.167792 0.65625 -0.096875 
v 0.173404 0.75 -0.0228282 
v 0.174041 0.75 -0.0182925 
v 0.172341 0.75 -0.0303884 
v 0.171548 0.75 -0.0341218 
v 0.170357 0.75 -0.0397232 
v 0.172607 0.75 -0.0284989 
v 0.174521 0.75 -0.0114382 
v 0.174893 0.75 -0.00610741 
v 0.174121 0.75 -0.0171505 
v 0.174893 0.75 -0.00572584 
v 0.18403 0.5625 -0.10625 
v 0.178618 0.59375 -0.103125 
v 0.189443 0.53125 -0.109375 
v 0.167382 0.75 0.0507761 
v 0.173404 0.75 0.0228282 
v 0.172607 0.75 0.0284989 
v 0.174521 0.75 0.0114382 
v 0.174121 0.75 0.0171505 
v 0.174893 0.75 0.00610741 
v 0.174041 0.75 0.0182925 
v 0.171548 0.75 0.0341218 
v 0.170357 0.75 0.0397232 
v 0.172341 0.75 0.0303884 
v 0.169802 0.75 0.0423363 
v 0.159307 0.75 0.0721819 
v 0.163693 0.75 0.0616109 
v 0.166435 0.75 0.054078 
v 0.165652 0.75 0.0562297 
v 0.162257 0.75 0.0655562 
v 0.154242 0.75 0.0824446 
v 0.157289 0.75 0.076715 
v 0.156931 0.75 0.0773888 
v 0.161636 0.75 0.0669506 
v 0.16896 0.75 0.0452713 
v 0.206578 0.5 3.85976e-17 
v 0.206391 0.5 0.0143165 
v 0.214333 0.4375 0.0150343 
v 0.222368 0.375 4.72712e-17 
v 0.201485 0.46875 -0.108601 
v 0.190789 0.625 3.07913e-17 
v 0.159575 0.71875 -0.0853952 
v 0.222274 0.375 0.015752 
v 0.206463 0.46875 0.0729501 
v 0.207917 0.46875 0.0584877 
v 0.202811 0.5 0.0640718 
v 0.203597 0.5 0.0570217 
v 0.213912 0.4375 0.0300502 
v 0.20583 0.5 0.0286085 
v 0.20541 0.5 0.0357377 
v 0.206157 0.5 0.0214671 
v 0.213212 0.4375 0.0450294 
v 0.204897 0.5 0.0428517 
v 0.204293 0.5 0.0499473 
v 0.221527 0.375 0.0472071 
v 0.221993 0.375 0.0314918 
v 0.213597 0.4375 0.0375455 
v 0.212759 0.4375 0.0524995 
v 0.212237 0.4375 0.0599537 
v 0.216557 0.40625 0.0614198 
v 0.221225 0.375 0.0550518 
v 0.21099 0.4375 0.0748054 
v 0.204698 0.46875 0.087307 
v 0.199918 0.5 0.0850473 
v 0.198779 0.5 0.0919712 
v 0.201935 0.5 0.0710947 
v 0.20097 0.5 0.0780875 
v 0.205619 0.46875 0.080143 
v 0.210267 0.4375 0.0821984 
v 0.20263 0.46875 0.101539 
v 0.197555 0.5 0.0988565 
v 0.196247 0.5 0.1057 
v 0.209478 0.4375 0.0895667 
v 0.203701 0.46875 0.0944397 
v 0.208624 0.4375 0.0969081 
v 0.207705 0.4375 0.104221 
v 0.201485 0.46875 0.108601 
v 0.206724 0.4375 0.111502 
v 0.214258 0.40625 0.0918264 
v 0.215518 0.40625 0.0766608 
v 0.220484 0.375 0.0707078 
v 0.220046 0.375 0.0785161 
v 0.219564 0.375 0.0863094 
v 0.219037 0.375 0.0940862 
v 0.212781 0.40625 0.106903 
v 0.213546 0.40625 0.0993766 
v 0.218468 0.375 0.101845 
v 0.217856 0.375 0.109585 
v 0.211963 0.40625 0.114403 
v 0.217202 0.375 0.117303 
v 0.229517 0.3125 0.0658179 
v 0.220877 0.375 0.0628858 
v 0.230075 0.3125 0.0329334 
v 0.229842 0.3125 0.0493848 
v 0.229691 0.3125 0.057604 
v 0.228597 0.3125 0.0986056 
v 0.229101 0.3125 0.0822268 
v 0.22932 0.3125 0.0740258 
v 0.22886 0.3125 0.0904203 
v 0.227679 0.3125 0.123105 
v 0.228006 0.3125 0.114949 
v 0.228313 0.3125 0.106782 
v 0.204293 0.5 -0.0499473 
v 0.221225 0.375 -0.0550518 
v 0.212237 0.4375 -0.0599537 
v 0.220877 0.375 -0.0628858 
v 0.217202 0.375 -0.117303 
v 0.227679 0.3125 -0.123105 
v 0.20097 0.5 -0.0780875 
v 0.210267 0.4375 -0.0821984 
v 0.204698 0.46875 -0.087307 
v 0.209478 0.4375 -0.0895667 
v 0.211963 0.40625 -0.114403 
v 0.203701 0.46875 -0.0944397 
v 0.20263 0.46875 -0.101539 
v 0.197555 0.5 -0.0988565 
v 0.206724 0.4375 -0.111502 
v 0.196247 0.5 -0.1057 
v 0.207705 0.4375 -0.104221 
v 0.208624 0.4375 -0.0969081 
v 0.198779 0.5 -0.0919712 
v 0.212781 0.40625 -0.106903 
v 0.214258 0.40625 -0.0918264 
v 0.217856 0.375 -0.109585 
v 0.219037 0.375 -0.0940862 
v 0.218468 0.375 -0.101845 
v 0.211647 0.4375 -0.0673898 
v 0.21099 0.4375 -0.0748054 
v 0.201935 0.5 -0.0710947 
v 0.219564 0.375 -0.0863094 
v 0.220046 0.375 -0.0785161 
v 0.220484 0.375 -0.0707078 
v 0.202811 0.5 -0.0640718 
v 0.22886 0.3125 -0.0904203 
v 0.228597 0.3125 -0.0986056 
v 0.228313 0.3125 -0.106782 
v 0.228006 0.3125 -0.114949 
v 0.22932 0.3125 -0.0740258 
v 0.229101 0.3125 -0.0822268 
v 0.229517 0.3125 -0.0658179 
v 0.221993 0.375 -0.0314918 
v 0.20583 0.5 -0.0286085 
v 0.206157 0.5 -0.0214671 
v 0.222274 0.375 -0.015752 
v 0.221783 0.375 -0.0393532 
v 0.221527 0.375 -0.0472071 
v 0.204897 0.5 -0.0428517 
v 0.20541 0.5 -0.0357377 
v 0.206391 0.5 -0.0143165 
v 0.175291 0.625 -0.0940974 
v 0.18053 0.59375 -0.0969981 
v 0.177677 0.6875 -0.0482254 
v 0.178895 0.6875 -0.0422906 
v 0.164814 0.6875 -0.0882959 
v 0.170053 0.65625 -0.0911966 
v 0.17308 0.6875 -0.0657547 
v 0.171239 0.6875 -0.071489 
v 0.166459 0.71875 -0.0692293 
v 0.164323 0.71875 -0.0746922 
v 0.162028 0.71875 -0.0800825 
v 0.167103 0.6875 -0.0827645 
v 0.169246 0.6875 -0.0771606 
v 0.174768 0.6875 -0.0599626 
v 0.176301 0.6875 -0.0541178 
v 0.182377 0.625 -0.0698656 
v 0.174168 0.65625 -0.079629 
v 0.172179 0.65625 -0.0854465 
v 0.177254 0.625 -0.0881285 
v 0.180798 0.625 -0.0760085 
v 0.17909 0.625 -0.0820975 
v 0.185138 0.625 -0.0574358 
v 0.183824 0.625 -0.0636733 
v 0.186317 0.625 -0.0511575 
v 0.189666 0.625 -0.0257253 
v 0.190157 0.625 -0.0193101 
v 0.189036 0.625 -0.0321222 
v 0.179952 0.6875 -0.0363185 
v 0.188267 0.625 -0.0384962 
v 0.187361 0.625 -0.0448428 
v 0.190508 0.625 -0.012881 
v 0.190719 0.625 -0.00644282 
v 0.195827 0.5625 -0.0473951 
v 0.194957 0.5625 -0.0540896 
v 0.185769 0.5625 -0.0998989 
v 0.191008 0.53125 -0.1028 
v 0.191674 0.5625 -0.0739766 
v 0.188935 0.5625 -0.0870344 
v 0.182329 0.59375 -0.0908105 
v 0.187404 0.5625 -0.0934925 
v 0.190358 0.5625 -0.0805279 
v 0.193974 0.5625 -0.0607538 
v 0.192879 0.5625 -0.067384 
v 0.196322 0.53125 -0.076032 
v 0.195138 0.53125 -0.0827876 
v 0.193857 0.53125 -0.0895028 
v 0.19248 0.53125 -0.0961745 
v 0.199918 0.5 -0.0850473 
v 0.197407 0.53125 -0.0692394 
v 0.199277 0.53125 -0.0555556 
v 0.203597 0.5 -0.0570217 
v 0.176301 0.6875 0.0541178 
v 0.177677 0.6875 0.0482254 
v 0.190719 0.625 0.00644282 
v 0.180849 0.6875 0.0303145 
v 0.189666 0.625 0.0257253 
v 0.190508 0.625 0.012881 
v 0.190157 0.625 0.0193101 
v 0.179952 0.6875 0.0363185 
v 0.189036 0.625 0.0321222 
v 0.178895 0.6875 0.0422906 
v 0.188267 0.625 0.0384962 
v 0.186317 0.625 0.0511575 
v 0.187361 0.625 0.0448428 
v 0.196582 0.5625 0.0406739 
v 0.195827 0.5625 0.0473951 
v 0.194957 0.5625 0.0540896 
v 0.185138 0.625 0.0574358 
v 0.193974 0.5625 0.0607538 
v 0.164323 0.71875 0.0746922 
v 0.166459 0.71875 0.0692293 
v 0.168432 0.71875 0.0636992 
v 0.170241 0.71875 0.0581073 
v 0.174768 0.6875 0.0599626 
v 0.171239 0.6875 0.071489 
v 0.17308 0.6875 0.0657547 
v 0.177729 0.65625 0.0678102 
v 0.183824 0.625 0.0636733 
v 0.182377 0.625 0.0698656 
v 0.176019 0.65625 0.0737487 
v 0.169246 0.6875 0.0771606 
v 0.174168 0.65625 0.079629 
v 0.159575 0.71875 0.0853952 
v 0.162028 0.71875 0.0800825 
v 0.167103 0.6875 0.0827645 
v 0.164814 0.6875 0.0882959 
v 0.170053 0.65625 0.0911966 
v 0.172179 0.65625 0.0854465 
v 0.17909 0.625 0.0820975 
v 0.180798 0.625 0.0760085 
v 0.177254 0.625 0.0881285 
v 0.175291 0.625 0.0940974 
v 0.185578 0.59375 0.0782682 
v 0.187025 0.59375 0.0719211 
v 0.192879 0.5625 0.067384 
v 0.191674 0.5625 0.0739766 
v 0.190358 0.5625 0.0805279 
v 0.195138 0.53125 0.0827876 
v 0.188935 0.5625 0.0870344 
v 0.18053 0.59375 0.0969981 
v 0.182329 0.59375 0.0908105 
v 0.184012 0.59375 0.0845659 
v 0.187404 0.5625 0.0934925 
v 0.185769 0.5625 0.0998989 
v 0.191008 0.53125 0.1028 
v 0.19248 0.53125 0.0961745 
v 0.193857 0.53125 0.0895028 
v 0.0866025 0 -0.225 
v 0.0744241 0.25 -0.232031 
v 0.0818665 0.25 -0.227734 
v 0.0669817 0.25 -0.236328 
v 0.216506 0 -0.15 
v 0.200945 0.25 -0.158984 
v 0.208387 0.25 -0.154688 
v 0.179904 0 -0.171132 
v 0.193503 0.25 -0.163281 
v 0.0595392 0.25 -0.240625 
v 0.0520968 0.25 -0.244922 
v 0.18606 0.25 -0.167578 
v 0.0446544 0.25 -0.249219 
v -1.249e-16 0 -0.275 
v 0.037212 0.25 -0.253516 
v 0.178618 0.25 -0.171875 
v 0.163733 0.25 -0.180469 
v 0.0297696 0.25 -0.257813 
v 0.148848 0.25 -0.189063 
v 0.0223272 0.25 -0.262109 
v 0.133963 0.25 -0.197656 
v 0.119078 0.25 -0.20625 
v 0.0148848 0.25 -0.266406 
v 0.00744241 0.25 -0.270703 
v 0.104194 0.25 -0.214844 
v 0.223272 0.25 -0.146094 
v 0.230715 0.25 -0.141797 
v -1.31839e-16 0.25 -0.275 
v 0.0893089 0.25 -0.223438 
v 0.21583 0.25 -0.150391 
v -0.238157 0 0.05 
v -0.238157 0.25 0.06875 
v -0.238157 0.25 0.0601563 
v -0.238157 0 0.1 
v -0.238157 0.25 0.0773438 
v -0.238157 0.25 0.120312 
v -0.238157 0.25 0.111719 
v -0.238157 0.25 0.0859375 
v -0.238157 0.25 0.034375 
v -0.238157 0.25 0.0171875 
v -0.238157 0.25 0.128906 
v -0.238157 0.25 0.0945313 
v -0.238157 0 5.20417e-18 
v -0.238157 0.25 0.103125 
v -0.238157 0.25 0.0429688 
v -0.238157 0 -0.05 
v -0.238157 0.25 -0.0171875 
v -0.238157 0 -0.1 
v -0.238157 0.25 -0.0859375 
v -0.238157 0.25 -0.0945312 
v -0.238157 0.25 0.0515625 
v -0.238157 0.25 -0.034375 
v -0.238157 0.25 -0.0773437 
v -0.238157 0.25 -0.06875 
v -0.238157 0.25 0 
v -0.238157 0 -0.1375 
v -0.238157 0.25 -0.120312 
v -0.238157 0.25 -0.128906 
v -0.238157 0.25 -0.111719 
v -0.238157 0.25 -0.0515625 
v -0.238157 0.25 -0.103125 
v -0.238157 0.25 -0.1375 
v -0.0874467 0.75 0.151462 
v -0.0924054 0.75 0.148599 
v -0.00572213 0.75 0.1748 
v -0.194856 0.5 0.1125 
v -0.200268 0.46875 0.115625 
v -0.205681 0.4375 0.11875 
v -0.211094 0.40625 0.121875 
v -0.216506 0.375 0.125 
v -0.227332 0.3125 0.13125 
v -0.045274 0.75 0.168959 
v -0.0482365 0.75 0.168221 
v -0.0243553 0.75 0.173297 
v -0.0228372 0.75 0.173456 
v -0.0122074 0.75 0.174574 
v -0.0114447 0.75 0.1746 
v -0.0171422 0.75 0.174055 
v -0.0341295 0.75 0.171573 
v -0.0363845 0.75 0.171176 
v -0.02849 0.75 0.172568 
v -0.0397175 0.75 0.170345 
v -0.0669322 0.75 0.161586 
v -0.0711789 0.75 0.15987 
v -0.0598535 0.75 0.164446 
v -0.0562236 0.75 0.165626 
v -0.0507773 0.75 0.167395 
v -0.0616227 0.75 0.163731 
v -0.0773545 0.75 0.156858 
v -0.0821575 0.75 0.154516 
v -0.0722078 0.75 0.159369 
v -0.082488 0.75 0.154325 
v -0.127664 0.75 0.119569 
v -0.106472 0.75 0.138758 
v -0.110984 0.75 0.135233 
v -0.0971661 0.75 0.14542 
v -0.101913 0.75 0.142218 
v -0.0927359 0.75 0.148408 
v -0.102862 0.75 0.141578 
v -0.115324 0.75 0.131504 
v -0.11958 0.75 0.127672 
v -0.112488 0.75 0.134058 
v -0.121565 0.75 0.125884 
v -0.142165 0.75 0.101873 
v -0.135203 0.75 0.110957 
v -0.13005 0.75 0.117098 
v -0.131522 0.75 0.115344 
v -0.137902 0.75 0.107741 
v -0.14852 0.75 0.0923556 
v -0.145082 0.75 0.0978588 
v -0.151554 0.75 0.0875 
v -0.156967 0.71875 0.090625 
v -0.16238 0.6875 0.09375 
v -0.167792 0.65625 0.096875 
v -0.173205 0.625 0.1 
v -0.178618 0.59375 0.103125 
v -0.18403 0.5625 0.10625 
v -0.189443 0.53125 0.109375 
v -0.145486 0.75 0.0972116 
v -0.138799 0.75 0.106506 
v -0.123686 0.75 0.123688 
v -0.103289 0.5 0.178902 
v -0.115594 0.5 0.171582 
v -0.120186 0.4375 0.1781 
v -0.111184 0.375 0.192576 
v -0.00669141 0.46875 0.228792 
v -0.0953946 0.625 0.165228 
v -0.00583312 0.71875 0.180894 
v -0.124779 0.375 0.184619 
v -0.166408 0.46875 0.142327 
v -0.15461 0.46875 0.150818 
v -0.156893 0.5 0.143603 
v -0.151181 0.5 0.147809 
v -0.13298 0.4375 0.170228 
v -0.127691 0.5 0.16395 
v -0.133655 0.5 0.160021 
v -0.12167 0.5 0.167804 
v -0.145603 0.4375 0.162132 
v -0.139559 0.5 0.15602 
v -0.145402 0.5 0.151949 
v -0.151646 0.375 0.168245 
v -0.138269 0.375 0.176506 
v -0.139314 0.4375 0.166207 
v -0.151845 0.4375 0.158005 
v -0.15804 0.4375 0.153826 
v -0.16147 0.40625 0.156834 
v -0.158289 0.375 0.16406 
v -0.170279 0.4375 0.14532 
v -0.177959 0.46875 0.13362 
v -0.173612 0.5 0.13061 
v -0.179039 0.5 0.126162 
v -0.162537 0.5 0.139333 
v -0.168111 0.5 0.135002 
v -0.172215 0.46875 0.137999 
v -0.176319 0.4375 0.140997 
v -0.18925 0.46875 0.124714 
v -0.18439 0.5 0.121659 
v -0.189662 0.5 0.117104 
v -0.182306 0.4375 0.13663 
v -0.183638 0.46875 0.129191 
v -0.188237 0.4375 0.132219 
v -0.19411 0.4375 0.127768 
v -0.194794 0.46875 0.120191 
v -0.199926 0.4375 0.123277 
v -0.186653 0.40625 0.139639 
v -0.174149 0.40625 0.148314 
v -0.171477 0.375 0.155591 
v -0.17802 0.375 0.151307 
v -0.184528 0.375 0.146993 
v -0.191 0.375 0.142649 
v -0.198971 0.40625 0.130822 
v -0.192836 0.40625 0.135248 
v -0.197434 0.375 0.138276 
v -0.203831 0.375 0.133877 
v -0.205057 0.40625 0.126364 
v -0.210189 0.375 0.129451 
v -0.171758 0.3125 0.165859 
v -0.164899 0.375 0.159842 
v -0.143559 0.3125 0.182784 
v -0.15769 0.3125 0.174357 
v -0.164732 0.3125 0.170116 
v -0.199694 0.3125 0.148668 
v -0.185761 0.3125 0.157294 
v -0.178768 0.3125 0.161584 
v -0.192736 0.3125 0.152989 
v -0.220452 0.3125 0.135624 
v -0.213552 0.3125 0.139985 
v -0.206632 0.3125 0.144333 
v -0.0588907 0.5 0.201896 
v -0.0629362 0.375 0.219112 
v -0.054197 0.4375 0.21378 
v -0.0559778 0.375 0.222728 
v -0.00701326 0.375 0.246754 
v -0.00722784 0.3125 0.258729 
v -0.0328594 0.5 0.213089 
v -0.0339475 0.4375 0.223196 
v -0.0267388 0.46875 0.220927 
v -0.0271718 0.4375 0.226196 
v -0.00690598 0.40625 0.240767 
v -0.0200635 0.46875 0.22363 
v -0.0133801 0.46875 0.226252 
v -0.0131652 0.5 0.220516 
v -0.00679869 0.4375 0.234779 
v -0.00658412 0.5 0.222805 
v -0.0135951 0.4375 0.231988 
v -0.0203869 0.4375 0.229127 
v -0.0197401 0.5 0.218133 
v -0.01381 0.40625 0.237725 
v -0.0276048 0.40625 0.231466 
v -0.014025 0.375 0.243461 
v -0.0280377 0.375 0.236735 
v -0.0210337 0.375 0.240121 
v -0.0474624 0.4375 0.216987 
v -0.0407118 0.4375 0.220126 
v -0.0393976 0.5 0.210428 
v -0.0350357 0.375 0.233302 
v -0.042026 0.375 0.229823 
v -0.0490072 0.375 0.226299 
v -0.0459176 0.5 0.207675 
v -0.0361239 0.3125 0.243409 
v -0.0289037 0.3125 0.247274 
v -0.0216804 0.3125 0.251115 
v -0.0144549 0.3125 0.254934 
v -0.050552 0.3125 0.23561 
v -0.0433402 0.3125 0.239521 
v -0.0577585 0.3125 0.231677 
v -0.0837241 0.375 0.207998 
v -0.0781392 0.5 0.192558 
v -0.0844875 0.5 0.189271 
v -0.0974954 0.375 0.200371 
v -0.0768108 0.375 0.211747 
v -0.069881 0.375 0.215452 
v -0.065338 0.5 0.198872 
v -0.0717551 0.5 0.195759 
v -0.0907971 0.5 0.185898 
v -0.00615498 0.625 0.198856 
v -0.00626227 0.59375 0.204843 
v -0.0470741 0.6875 0.177986 
v -0.0528225 0.6875 0.176072 
v -0.00594041 0.6875 0.186881 
v -0.0060477 0.65625 0.192868 
v -0.0295949 0.6875 0.182769 
v -0.023708 0.6875 0.184042 
v -0.0232751 0.71875 0.178772 
v -0.0174764 0.71875 0.179654 
v -0.0116605 0.71875 0.180362 
v -0.0118755 0.6875 0.186098 
v -0.0177998 0.6875 0.185151 
v -0.035455 0.6875 0.181335 
v -0.0412832 0.6875 0.17974 
v -0.030683 0.625 0.192876 
v -0.0181232 0.65625 0.190648 
v -0.0120904 0.65625 0.191834 
v -0.0123054 0.625 0.197571 
v -0.024574 0.625 0.19458 
v -0.0184466 0.625 0.196145 
v -0.042828 0.625 0.189052 
v -0.0367692 0.625 0.191033 
v -0.0488548 0.625 0.186934 
v -0.0725544 0.625 0.177119 
v -0.0783556 0.625 0.174336 
v -0.0666994 0.625 0.179771 
v -0.0585234 0.6875 0.174003 
v -0.0607949 0.625 0.182292 
v -0.0548453 0.625 0.18468 
v -0.0840988 0.625 0.171425 
v -0.0897798 0.625 0.168389 
v -0.056868 0.5625 0.193288 
v -0.0506356 0.5625 0.195883 
v -0.00636955 0.5625 0.21083 
v -0.00647684 0.53125 0.216817 
v -0.0317712 0.5625 0.202982 
v -0.0190933 0.5625 0.207139 
v -0.0125203 0.59375 0.203307 
v -0.0127353 0.5625 0.209043 
v -0.0254399 0.5625 0.205119 
v -0.0443728 0.5625 0.198363 
v -0.0380834 0.5625 0.20073 
v -0.0323153 0.53125 0.208036 
v -0.0258729 0.53125 0.210388 
v -0.0194167 0.53125 0.212636 
v -0.0129502 0.53125 0.214779 
v -0.0263059 0.5 0.215658 
v -0.0387405 0.53125 0.205579 
v -0.0515259 0.53125 0.200357 
v -0.0524163 0.5 0.204831 
v -0.135018 0.6875 0.125622 
v -0.130603 0.6875 0.12976 
v -0.100939 0.625 0.161946 
v -0.116678 0.6875 0.141463 
v -0.117112 0.625 0.151393 
v -0.106409 0.625 0.158544 
v -0.111802 0.625 0.155026 
v -0.121429 0.6875 0.137684 
v -0.122337 0.625 0.147649 
v -0.126072 0.6875 0.133782 
v -0.127472 0.625 0.143796 
v -0.137462 0.625 0.135777 
v -0.132515 0.625 0.139838 
v -0.133516 0.5625 0.149908 
v -0.138959 0.5625 0.145893 
v -0.144321 0.5625 0.141793 
v -0.14231 0.625 0.131616 
v -0.149601 0.5625 0.13761 
v -0.146847 0.71875 0.104962 
v -0.143184 0.71875 0.109543 
v -0.139381 0.71875 0.114017 
v -0.135443 0.71875 0.118379 
v -0.139313 0.6875 0.121372 
v -0.147531 0.6875 0.112553 
v -0.143485 0.6875 0.117015 
v -0.14759 0.65625 0.120012 
v -0.147055 0.625 0.127359 
v -0.151694 0.625 0.12301 
v -0.151878 0.65625 0.115562 
v -0.151446 0.6875 0.107991 
v -0.156045 0.65625 0.111019 
v -0.153742 0.71875 0.0954984 
v -0.150367 0.71875 0.100279 
v -0.155228 0.6875 0.103333 
v -0.158873 0.6875 0.098585 
v -0.164005 0.65625 0.101672 
v -0.160088 0.65625 0.106388 
v -0.160644 0.625 0.114048 
v -0.156224 0.625 0.118572 
v -0.164948 0.625 0.109442 
v -0.169136 0.625 0.104758 
v -0.160571 0.59375 0.121581 
v -0.155798 0.59375 0.126008 
v -0.154796 0.5625 0.133346 
v -0.159902 0.5625 0.129006 
v -0.164918 0.5625 0.124591 
v -0.169265 0.53125 0.127601 
v -0.169841 0.5625 0.120105 
v -0.174268 0.59375 0.107845 
v -0.169809 0.59375 0.112496 
v -0.165242 0.59375 0.117076 
v -0.174669 0.5625 0.115551 
v -0.179399 0.5625 0.110931 
v -0.184531 0.53125 0.114018 
v -0.179529 0.53125 0.118605 
v -0.17444 0.53125 0.123134 
v -0.0148848 0.25 -0.266406 
v -0.00744241 0.25 -0.270703 
v -0.0866025 0 -0.225 
v -0.119078 0.25 -0.20625 
v -0.104194 0.25 -0.214844 
v -0.179904 0 -0.171132 
v -0.133963 0.25 -0.197656 
v -0.0223272 0.25 -0.262109 
v -0.0297696 0.25 -0.257813 
v -0.148848 0.25 -0.189062 
v -0.037212 0.25 -0.253516 
v -0.0446544 0.25 -0.249219 
v -0.193503 0.25 -0.163281 
v -0.18606 0.25 -0.167578 
v -0.216506 0 -0.15 
v -0.200945 0.25 -0.158984 
v -0.156291 0.25 -0.184766 
v -0.163733 0.25 -0.180469 
v -0.0520968 0.25 -0.244922 
v -0.208387 0.25 -0.154687 
v -0.171175 0.25 -0.176172 
v -0.0595392 0.25 -0.240625 
v -0.230715 0.25 -0.141797 
v -0.21583 0.25 -0.150391 
v -0.178618 0.25 -0.171875 
v -0.0744241 0.25 -0.232031 
v -0.223272 0.25 -0.146094 
v -0.0893089 0.25 -0.223437 
v -6.86864e-17 0.46875 -0.23125 
v -5.86733e-17 0.5 -0.225 
v 0.0874467 0.75 -0.151462 
v 0.0924054 0.75 -0.148599 
v 2.14313e-17 0.75 -0.175 
v 0.00572213 0.75 -0.1748 
v -9.87256e-17 0.375 -0.25 
v -8.87125e-17 0.40625 -0.24375 
v -7.86994e-17 0.4375 -0.2375 
v -1.18752e-16 0.3125 -0.2625 
v -1.8621e-17 0.625 -0.2 
v 0.045274 0.75 -0.168959 
v 0.0482365 0.75 -0.168221 
v 1.40517e-18 0.6875 -0.1875 
v 0.0243553 0.75 -0.173297 
v 0.0228372 0.75 -0.173456 
v 0.0122074 0.75 -0.174574 
v 0.0114447 0.75 -0.1746 
v 1.14182e-17 0.71875 -0.18125 
v 0.0171422 0.75 -0.174055 
v 0.0341295 0.75 -0.171573 
v 0.0363845 0.75 -0.171176 
v 0.02849 0.75 -0.172568 
v 0.0397175 0.75 -0.170345 
v -8.60791e-18 0.65625 -0.19375 
v 0.0669322 0.75 -0.161586 
v 0.0711789 0.75 -0.15987 
v 0.0598535 0.75 -0.164446 
v 0.0562236 0.75 -0.165626 
v 0.0507773 0.75 -0.167395 
v 0.0616227 0.75 -0.163731 
v 0.0773545 0.75 -0.156858 
v 0.0821575 0.75 -0.154516 
v 0.0722078 0.75 -0.159369 
v 0.082488 0.75 -0.154325 
v -3.86471e-17 0.5625 -0.2125 
v -2.86341e-17 0.59375 -0.20625 
v -4.86602e-17 0.53125 -0.21875 
v 0.127664 0.75 -0.119569 
v 0.106472 0.75 -0.138758 
v 0.110984 0.75 -0.135233 
v 0.0971661 0.75 -0.14542 
v 0.101913 0.75 -0.142218 
v 0.0927359 0.75 -0.148408 
v 0.102862 0.75 -0.141578 
v 0.115324 0.75 -0.131504 
v 0.11958 0.75 -0.127672 
v 0.112488 0.75 -0.134058 
v 0.121565 0.75 -0.125884 
v 0.142165 0.75 -0.101873 
v 0.135203 0.75 -0.110957 
v 0.13005 0.75 -0.117098 
v 0.131522 0.75 -0.115344 
v 0.137902 0.75 -0.107741 
v 0.14852 0.75 -0.0923556 
v 0.145082 0.75 -0.0978588 
v 0.145486 0.75 -0.0972116 
v 0.138799 0.75 -0.106506 
v 0.123686 0.75 -0.123688 
v 0.103289 0.5 -0.178902 
v 0.115594 0.5 -0.171582 
v 0.120186 0.4375 -0.1781 
v 0.111184 0.375 -0.192576 
v 0.00669141 0.46875 -0.228792 
v 0.0953946 0.625 -0.165228 
v 0.00583312 0.71875 -0.180894 
v 0.124779 0.375 -0.184619 
v 0.166408 0.46875 -0.142327 
v 0.15461 0.46875 -0.150818 
v 0.156893 0.5 -0.143603 
v 0.151181 0.5 -0.147809 
v 0.13298 0.4375 -0.170228 
v 0.127691 0.5 -0.16395 
v 0.133655 0.5 -0.160021 
v 0.12167 0.5 -0.167804 
v 0.145603 0.4375 -0.162132 
v 0.139559 0.5 -0.15602 
v 0.145402 0.5 -0.151949 
v 0.151646 0.375 -0.168245 
v 0.138269 0.375 -0.176506 
v 0.139314 0.4375 -0.166207 
v 0.151845 0.4375 -0.158005 
v 0.15804 0.4375 -0.153826 
v 0.16147 0.40625 -0.156834 
v 0.158289 0.375 -0.16406 
v 0.170279 0.4375 -0.14532 
v 0.177959 0.46875 -0.13362 
v 0.173612 0.5 -0.13061 
v 0.179039 0.5 -0.126162 
v 0.162537 0.5 -0.139333 
v 0.168111 0.5 -0.135002 
v 0.172215 0.46875 -0.137999 
v 0.176319 0.4375 -0.140997 
v 0.18925 0.46875 -0.124714 
v 0.18439 0.5 -0.121659 
v 0.189662 0.5 -0.117104 
v 0.182306 0.4375 -0.13663 
v 0.183638 0.46875 -0.129191 
v 0.188237 0.4375 -0.132219 
v 0.19411 0.4375 -0.127768 
v 0.194794 0.46875 -0.120191 
v 0.199926 0.4375 -0.123277 
v 0.186653 0.40625 -0.139639 
v 0.174149 0.40625 -0.148314 
v 0.171477 0.375 -0.155591 
v 0.17802 0.375 -0.151307 
v 0.184528 0.375 -0.146993 
v 0.191 0.375 -0.142649 
v 0.198971 0.40625 -0.130822 
v 0.192836 0.40625 -0.135248 
v 0.197434 0.375 -0.138276 
v 0.203831 0.375 -0.133877 
v 0.205057 0.40625 -0.126364 
v 0.210189 0.375 -0.129451 
v 0.171758 0.3125 -0.165859 
v 0.164899 0.375 -0.159842 
v 0.143559 0.3125 -0.182784 
v 0.15769 0.3125 -0.174357 
v 0.164732 0.3125 -0.170116 
v 0.199694 0.3125 -0.148668 
v 0.185761 0.3125 -0.157294 
v 0.178768 0.3125 -0.161584 
v 0.192736 0.3125 -0.152989 
v 0.220452 0.3125 -0.135624 
v 0.213552 0.3125 -0.139985 
v 0.206632 0.3125 -0.144333 
v 0.0588907 0.5 -0.201896 
v 0.0629362 0.375 -0.219112 
v 0.054197 0.4375 -0.21378 
v 0.0559778 0.375 -0.222728 
v 0.00701326 0.375 -0.246754 
v 0.00722784 0.3125 -0.258729 
v 0.0328594 0.5 -0.213089 
v 0.0339475 0.4375 -0.223196 
v 0.0267388 0.46875 -0.220927 
v 0.0271718 0.4375 -0.226196 
v 0.00690598 0.40625 -0.240767 
v 0.0200635 0.46875 -0.22363 
v 0.0133801 0.46875 -0.226252 
v 0.0131652 0.5 -0.220516 
v 0.00679869 0.4375 -0.234779 
v 0.00658412 0.5 -0.222805 
v 0.0135951 0.4375 -0.231988 
v 0.0203869 0.4375 -0.229127 
v 0.0197401 0.5 -0.218133 
v 0.01381 0.40625 -0.237725 
v 0.0276048 0.40625 -0.231466 
v 0.014025 0.375 -0.243461 
v 0.0280377 0.375 -0.236735 
v 0.0210337 0.375 -0.240121 
v 0.0474624 0.4375 -0.216987 
v 0.0407118 0.4375 -0.220126 
v 0.0393976 0.5 -0.210428 
v 0.0350357 0.375 -0.233302 
v 0.042026 0.375 -0.229823 
v 0.0490072 0.375 -0.226299 
v 0.0459176 0.5 -0.207675 
v 0.0361239 0.3125 -0.243409 
v 0.0289037 0.3125 -0.247274 
v 0.0216804 0.3125 -0.251115 
v 0.0144549 0.3125 -0.254934 
v 0.050552 0.3125 -0.23561 
v 0.0433402 0.3125 -0.239521 
v 0.0577585 0.3125 -0.231677 
v 0.0837241 0.375 -0.207998 
v 0.0781392 0.5 -0.192558 
v 0.0844875 0.5 -0.189271 
v 0.0974954 0.375 -0.200371 
v 0.0768108 0.375 -0.211747 
v 0.069881 0.375 -0.215452 
v 0.065338 0.5 -0.198872 
v 0.0717551 0.5 -0.195759 
v 0.0907971 0.5 -0.185898 
v 0.00615498 0.625 -0.198856 
v 0.00626227 0.59375 -0.204843 
v 0.0470741 0.6875 -0.177986 
v 0.0528225 0.6875 -0.176072 
v 0.00594041 0.6875 -0.186881 
v 0.0060477 0.65625 -0.192868 
v 0.0295949 0.6875 -0.182769 
v 0.023708 0.6875 -0.184042 
v 0.0232751 0.71875 -0.178772 
v 0.0174764 0.71875 -0.179654 
v 0.0116605 0.71875 -0.180362 
v 0.0118755 0.6875 -0.186098 
v 0.0177998 0.6875 -0.185151 
v 0.035455 0.6875 -0.181335 
v 0.0412832 0.6875 -0.17974 
v 0.030683 0.625 -0.192876 
v 0.0181232 0.65625 -0.190648 
v 0.0120904 0.65625 -0.191834 
v 0.0123054 0.625 -0.197571 
v 0.024574 0.625 -0.19458 
v 0.0184466 0.625 -0.196145 
v 0.042828 0.625 -0.189052 
v 0.0367692 0.625 -0.191033 
v 0.0488548 0.625 -0.186934 
v 0.0725544 0.625 -0.177119 
v 0.0783556 0.625 -0.174336 
v 0.0666994 0.625 -0.179771 
v 0.0585234 0.6875 -0.174003 
v 0.0607949 0.625 -0.182292 
v 0.0548453 0.625 -0.18468 
v 0.0840988 0.625 -0.171425 
v 0.0897798 0.625 -0.168389 
v 0.056868 0.5625 -0.193288 
v 0.0506356 0.5625 -0.195883 
v 0.00636955 0.5625 -0.21083 
v 0.00647684 0.53125 -0.216817 
v 0.0317712 0.5625 -0.202982 
v 0.0190933 0.5625 -0.207139 
v 0.0125203 0.59375 -0.203307 
v 0.0127353 0.5625 -0.209043 
v 0.0254399 0.5625 -0.205119 
v 0.0443728 0.5625 -0.198363 
v 0.0380834 0.5625 -0.20073 
v 0.0323153 0.53125 -0.208036 
v 0.0258729 0.53125 -0.210388 
v 0.0194167 0.53125 -0.212636 
v 0.0129502 0.53125 -0.214779 
v 0.0263059 0.5 -0.215658 
v 0.0387405 0.53125 -0.205579 
v 0.0515259 0.53125 -0.200357 
v 0.0524163 0.5 -0.204831 
v 0.135018 0.6875 -0.125622 
v 0.130603 0.6875 -0.12976 
v 0.100939 0.625 -0.161946 
v 0.116678 0.6875 -0.141463 
v 0.117112 0.625 -0.151393 
v 0.106409 0.625 -0.158544 
v 0.111802 0.625 -0.155026 
v 0.121429 0.6875 -0.137684 
v 0.122337 0.625 -0.147649 
v 0.126072 0.6875 -0.133782 
v 0.127472 0.625 -0.143796 
v 0.137462 0.625 -0.135777 
v 0.132515 0.625 -0.139838 
v 0.133516 0.5625 -0.149908 
v 0.138959 0.5625 -0.145893 
v 0.144321 0.5625 -0.141793 
v 0.14231 0.625 -0.131616 
v 0.149601 0.5625 -0.13761 
v 0.146847 0.71875 -0.104962 
v 0.143184 0.71875 -0.109543 
v 0.139381 0.71875 -0.114017 
v 0.135443 0.71875 -0.118379 
v 0.139313 0.6875 -0.121372 
v 0.147531 0.6875 -0.112553 
v 0.143485 0.6875 -0.117015 
v 0.14759 0.65625 -0.120012 
v 0.147055 0.625 -0.127359 
v 0.151694 0.625 -0.12301 
v 0.151878 0.65625 -0.115562 
v 0.151446 0.6875 -0.107991 
v 0.156045 0.65625 -0.111019 
v 0.153742 0.71875 -0.0954984 
v 0.150367 0.71875 -0.100279 
v 0.155228 0.6875 -0.103333 
v 0.158873 0.6875 -0.098585 
v 0.164005 0.65625 -0.101672 
v 0.160088 0.65625 -0.106388 
v 0.160644 0.625 -0.114048 
v 0.156224 0.625 -0.118572 
v 0.164948 0.625 -0.109442 
v 0.169136 0.625 -0.104758 
v 0.160571 0.59375 -0.121581 
v 0.155798 0.59375 -0.126008 
v 0.154796 0.5625 -0.133346 
v 0.159902 0.5625 -0.129006 
v 0.164918 0.5625 -0.124591 
v 0.169265 0.53125 -0.127601 
v 0.169841 0.5625 -0.120105 
v 0.174268 0.59375 -0.107845 
v 0.169809 0.59375 -0.112496 
v 0.165242 0.59375 -0.117076 
v 0.174669 0.5625 -0.115551 
v 0.179399 0.5625 -0.110931 
v 0.184531 0.53125 -0.114018 
v 0.179529 0.53125 -0.118605 
v 0.17444 0.53125 -0.123134 
v -0.200268 0.46875 -0.115625 
v -0.194856 0.5 -0.1125 
v -0.0874467 0.75 -0.151462 
v -0.082488 0.75 -0.154325 
v -0.151554 0.75 -0.0875 
v -0.14852 0.75 -0.0923556 
v -0.216506 0.375 -0.125 
v -0.211094 0.40625 -0.121875 
v -0.205681 0.4375 -0.11875 
v -0.227332 0.3125 -0.13125 
v -0.173205 0.625 -0.1 
v -0.123686 0.75 -0.123688 
v -0.121565 0.75 -0.125884 
v -0.16238 0.6875 -0.09375 
v -0.137902 0.75 -0.107741 
v -0.138799 0.75 -0.106506 
v -0.145082 0.75 -0.0978588 
v -0.145486 0.75 -0.0972116 
v -0.156967 0.71875 -0.090625 
v -0.142165 0.75 -0.101873 
v -0.131522 0.75 -0.115344 
v -0.13005 0.75 -0.117098 
v -0.135203 0.75 -0.110957 
v -0.127664 0.75 -0.119569 
v -0.167792 0.65625 -0.096875 
v -0.106472 0.75 -0.138758 
v -0.102862 0.75 -0.141578 
v -0.112488 0.75 -0.134058 
v -0.115324 0.75 -0.131504 
v -0.11958 0.75 -0.127672 
v -0.110984 0.75 -0.135233 
v -0.0971661 0.75 -0.14542 
v -0.0927359 0.75 -0.148408 
v -0.101913 0.75 -0.142218 
v -0.0924054 0.75 -0.148599 
v -0.18403 0.5625 -0.10625 
v -0.178618 0.59375 -0.103125 
v -0.189443 0.53125 -0.109375 
v -0.0397175 0.75 -0.170345 
v -0.0669322 0.75 -0.161586 
v -0.0616227 0.75 -0.163731 
v -0.0773545 0.75 -0.156858 
v -0.0722078 0.75 -0.159369 
v -0.0821575 0.75 -0.154516 
v -0.0711789 0.75 -0.15987 
v -0.0562236 0.75 -0.165626 
v -0.0507773 0.75 -0.167395 
v -0.0598535 0.75 -0.164446 
v -0.0482365 0.75 -0.168221 
v -0.0171422 0.75 -0.174055 
v -0.02849 0.75 -0.172568 
v -0.0363845 0.75 -0.171176 
v -0.0341295 0.75 -0.171573 
v -0.0243553 0.75 -0.173297 
v -0.00572213 0.75 -0.1748 
v -0.0122074 0.75 -0.174574 
v -0.0114447 0.75 -0.1746 
v -0.0228372 0.75 -0.173456 
v -0.045274 0.75 -0.168959 
v -0.103289 0.5 -0.178902 
v -0.0907971 0.5 -0.185898 
v -0.0941462 0.4375 -0.193135 
v -0.111184 0.375 -0.192576 
v -0.194794 0.46875 -0.120191 
v -0.0953946 0.625 -0.165228 
v -0.153742 0.71875 -0.0954984 
v -0.0974954 0.375 -0.200371 
v -0.0400547 0.46875 -0.215277 
v -0.0533067 0.46875 -0.209305 
v -0.0459176 0.5 -0.207675 
v -0.0524163 0.5 -0.204831 
v -0.0809316 0.4375 -0.200278 
v -0.0781392 0.5 -0.192558 
v -0.0717551 0.5 -0.195759 
v -0.0844875 0.5 -0.189271 
v -0.0676095 0.4375 -0.207162 
v -0.065338 0.5 -0.198872 
v -0.0588907 0.5 -0.201896 
v -0.069881 0.375 -0.215452 
v -0.0837241 0.375 -0.207998 
v -0.0742829 0.4375 -0.203753 
v -0.0609135 0.4375 -0.210504 
v -0.054197 0.4375 -0.21378 
v -0.0550874 0.40625 -0.218254 
v -0.0629362 0.375 -0.219112 
v -0.0407118 0.4375 -0.220126 
v -0.0267388 0.46875 -0.220927 
v -0.0263059 0.5 -0.215658 
v -0.0197401 0.5 -0.218133 
v -0.0393976 0.5 -0.210428 
v -0.0328594 0.5 -0.213089 
v -0.0334035 0.46875 -0.218142 
v -0.0339475 0.4375 -0.223196 
v -0.0133801 0.46875 -0.226252 
v -0.0131652 0.5 -0.220516 
v -0.00658412 0.5 -0.222805 
v -0.0271718 0.4375 -0.226196 
v -0.0200635 0.46875 -0.22363 
v -0.0203869 0.4375 -0.229127 
v -0.0135951 0.4375 -0.231988 
v -0.00669141 0.46875 -0.228792 
v -0.00679869 0.4375 -0.234779 
v -0.0276048 0.40625 -0.231466 
v -0.0413689 0.40625 -0.224975 
v -0.0490072 0.375 -0.226299 
v -0.042026 0.375 -0.229823 
v -0.0350357 0.375 -0.233302 
v -0.0280377 0.375 -0.236735 
v -0.01381 0.40625 -0.237725 
v -0.0207103 0.40625 -0.234624 
v -0.0210337 0.375 -0.240121 
v -0.014025 0.375 -0.243461 
v -0.00690598 0.40625 -0.240767 
v -0.00701326 0.375 -0.246754 
v -0.0577585 0.3125 -0.231677 
v -0.0559778 0.375 -0.222728 
v -0.0865165 0.3125 -0.215718 
v -0.0721525 0.3125 -0.223741 
v -0.0649589 0.3125 -0.22772 
v -0.0289037 0.3125 -0.247274 
v -0.0433402 0.3125 -0.239521 
v -0.050552 0.3125 -0.23561 
v -0.0361239 0.3125 -0.243409 
v -0.00722784 0.3125 -0.258729 
v -0.0144549 0.3125 -0.254934 
v -0.0216804 0.3125 -0.251115 
v -0.145402 0.5 -0.151949 
v -0.158289 0.375 -0.16406 
v -0.15804 0.4375 -0.153826 
v -0.164899 0.375 -0.159842 
v -0.210189 0.375 -0.129451 
v -0.220452 0.3125 -0.135624 
v -0.168111 0.5 -0.135002 
v -0.176319 0.4375 -0.140997 
v -0.177959 0.46875 -0.13362 
v -0.182306 0.4375 -0.13663 
v -0.205057 0.40625 -0.126364 
v -0.183638 0.46875 -0.129191 
v -0.18925 0.46875 -0.124714 
v -0.18439 0.5 -0.121659 
v -0.199926 0.4375 -0.123277 
v -0.189662 0.5 -0.117104 
v -0.19411 0.4375 -0.127768 
v -0.188237 0.4375 -0.132219 
v -0.179039 0.5 -0.126162 
v -0.198971 0.40625 -0.130822 
v -0.186653 0.40625 -0.139639 
v -0.203831 0.375 -0.133877 
v -0.191 0.375 -0.142649 
v -0.197434 0.375 -0.138276 
v -0.164185 0.4375 -0.149597 
v -0.170279 0.4375 -0.14532 
v -0.162537 0.5 -0.139333 
v -0.184528 0.375 -0.146993 
v -0.17802 0.375 -0.151307 
v -0.171477 0.375 -0.155591 
v -0.156893 0.5 -0.143603 
v -0.192736 0.3125 -0.152989 
v -0.199694 0.3125 -0.148668 
v -0.206632 0.3125 -0.144333 
v -0.213552 0.3125 -0.139985 
v -0.178768 0.3125 -0.161584 
v -0.185761 0.3125 -0.157294 
v -0.171758 0.3125 -0.165859 
v -0.138269 0.375 -0.176506 
v -0.127691 0.5 -0.16395 
v -0.12167 0.5 -0.167804 
v -0.124779 0.375 -0.184619 
v -0.144973 0.375 -0.172393 
v -0.151646 0.375 -0.168245 
v -0.139559 0.5 -0.15602 
v -0.133655 0.5 -0.160021 
v -0.115594 0.5 -0.171582 
v -0.169136 0.625 -0.104758 
v -0.174268 0.59375 -0.107845 
v -0.130603 0.6875 -0.12976 
v -0.126072 0.6875 -0.133782 
v -0.158873 0.6875 -0.098585 
v -0.164005 0.65625 -0.101672 
v -0.143485 0.6875 -0.117015 
v -0.147531 0.6875 -0.112553 
v -0.143184 0.71875 -0.109543 
v -0.146847 0.71875 -0.104962 
v -0.150367 0.71875 -0.100279 
v -0.155228 0.6875 -0.103333 
v -0.151446 0.6875 -0.107991 
v -0.139313 0.6875 -0.121372 
v -0.135018 0.6875 -0.125622 
v -0.151694 0.625 -0.12301 
v -0.156045 0.65625 -0.111019 
v -0.160088 0.65625 -0.106388 
v -0.164948 0.625 -0.109442 
v -0.156224 0.625 -0.118572 
v -0.160644 0.625 -0.114048 
v -0.14231 0.625 -0.131616 
v -0.147055 0.625 -0.127359 
v -0.137462 0.625 -0.135777 
v -0.117112 0.625 -0.151393 
v -0.111802 0.625 -0.155026 
v -0.122337 0.625 -0.147649 
v -0.121429 0.6875 -0.137684 
v -0.127472 0.625 -0.143796 
v -0.132515 0.625 -0.139838 
v -0.106409 0.625 -0.158544 
v -0.100939 0.625 -0.161946 
v -0.138959 0.5625 -0.145893 
v -0.144321 0.5625 -0.141793 
v -0.179399 0.5625 -0.110931 
v -0.184531 0.53125 -0.114018 
v -0.159902 0.5625 -0.129006 
v -0.169841 0.5625 -0.120105 
v -0.169809 0.59375 -0.112496 
v -0.174669 0.5625 -0.115551 
v -0.164918 0.5625 -0.124591 
v -0.149601 0.5625 -0.13761 
v -0.154796 0.5625 -0.133346 
v -0.164007 0.53125 -0.132004 
v -0.169265 0.53125 -0.127601 
v -0.17444 0.53125 -0.123134 
v -0.179529 0.53125 -0.118605 
v -0.173612 0.5 -0.13061 
v -0.158667 0.53125 -0.13634 
v -0.147751 0.53125 -0.144801 
v -0.151181 0.5 -0.147809 
v -0.0412832 0.6875 -0.17974 
v -0.0470741 0.6875 -0.177986 
v -0.0897798 0.625 -0.168389 
v -0.0641716 0.6875 -0.171777 
v -0.0725544 0.625 -0.177119 
v -0.0840988 0.625 -0.171425 
v -0.0783556 0.625 -0.174336 
v -0.0585234 0.6875 -0.174003 
v -0.0666994 0.625 -0.179771 
v -0.0528225 0.6875 -0.176072 
v -0.0607949 0.625 -0.182292 
v -0.0488548 0.625 -0.186934 
v -0.0548453 0.625 -0.18468 
v -0.0630665 0.5625 -0.190582 
v -0.056868 0.5625 -0.193288 
v -0.0506356 0.5625 -0.195883 
v -0.042828 0.625 -0.189052 
v -0.0443728 0.5625 -0.198363 
v -0.0174764 0.71875 -0.179654 
v -0.0232751 0.71875 -0.178772 
v -0.0290508 0.71875 -0.177716 
v -0.0347979 0.71875 -0.176486 
v -0.035455 0.6875 -0.181335 
v -0.023708 0.6875 -0.184042 
v -0.0295949 0.6875 -0.182769 
v -0.030139 0.65625 -0.187823 
v -0.0367692 0.625 -0.191033 
v -0.030683 0.625 -0.192876 
v -0.024141 0.65625 -0.189311 
v -0.0177998 0.6875 -0.185151 
v -0.0181232 0.65625 -0.190648 
v -0.00583312 0.71875 -0.180894 
v -0.0116605 0.71875 -0.180362 
v -0.0118755 0.6875 -0.186098 
v -0.00594041 0.6875 -0.186881 
v -0.0060477 0.65625 -0.192868 
v -0.0120904 0.65625 -0.191834 
v -0.0184466 0.625 -0.196145 
v -0.024574 0.625 -0.19458 
v -0.0123054 0.625 -0.197571 
v -0.00615498 0.625 -0.198856 
v -0.0250069 0.59375 -0.19985 
v -0.0312271 0.59375 -0.197929 
v -0.0380834 0.5625 -0.20073 
v -0.0317712 0.5625 -0.202982 
v -0.0254399 0.5625 -0.205119 
v -0.0258729 0.53125 -0.210388 
v -0.0190933 0.5625 -0.207139 
v -0.00626227 0.59375 -0.204843 
v -0.0125203 0.59375 -0.203307 
v -0.0187699 0.59375 -0.201642 
v -0.0127353 0.5625 -0.209043 
v -0.00636955 0.5625 -0.21083 
v -0.00647684 0.53125 -0.216817 
v -0.0129502 0.53125 -0.214779 
v -0.0194167 0.53125 -0.212636 
v -0.174893 0.75 -1.76942e-16 
v -0.174893 0.75 -0.00572584 
v -0.154242 0.75 0.0824446 
v -0.16896 0.75 0.0452713 
v -0.169802 0.75 0.0423363 
v -0.162257 0.75 0.0655562 
v -0.161636 0.75 0.0669506 
v -0.157289 0.75 0.076715 
v -0.156931 0.75 0.0773888 
v -0.159307 0.75 0.0721819 
v -0.165652 0.75 0.0562297 
v -0.166435 0.75 0.054078 
v -0.163693 0.75 0.0616109 
v -0.167382 0.75 0.0507761 
v -0.173404 0.75 0.0228282 
v -0.174041 0.75 0.0182925 
v -0.172341 0.75 0.0303884 
v -0.171548 0.75 0.0341218 
v -0.170357 0.75 0.0397232 
v -0.172607 0.75 0.0284989 
v -0.174521 0.75 0.0114382 
v -0.174893 0.75 0.00610741 
v -0.174121 0.75 0.0171505 
v -0.174893 0.75 0.00572584 
v -0.167382 0.75 -0.0507761 
v -0.173404 0.75 -0.0228282 
v -0.172607 0.75 -0.0284989 
v -0.174521 0.75 -0.0114382 
v -0.174121 0.75 -0.0171505 
v -0.174893 0.75 -0.00610741 
v -0.174041 0.75 -0.0182925 
v -0.171548 0.75 -0.0341218 
v -0.170357 0.75 -0.0397232 
v -0.172341 0.75 -0.0303884 
v -0.169802 0.75 -0.0423363 
v -0.159307 0.75 -0.0721819 
v -0.163693 0.75 -0.0616109 
v -0.166435 0.75 -0.054078 
v -0.165652 0.75 -0.0562297 
v -0.162257 0.75 -0.0655562 
v -0.154242 0.75 -0.0824446 
v -0.157289 0.75 -0.076715 
v -0.156931 0.75 -0.0773888 
v -0.161636 0.75 -0.0669506 
v -0.16896 0.75 -0.0452713 
v -0.206578 0.5 -8.37004e-17 
v -0.206391 0.5 -0.0143165 
v -0.214333 0.4375 -0.0150343 
v -0.222368 0.375 -3.68629e-17 
v -0.201485 0.46875 0.108601 
v -0.190789 0.625 -1.30538e-16 
v -0.159575 0.71875 0.0853952 
v -0.222274 0.375 -0.015752 
v -0.206463 0.46875 -0.0729501 
v -0.207917 0.46875 -0.0584877 
v -0.202811 0.5 -0.0640718 
v -0.203597 0.5 -0.0570217 
v -0.213912 0.4375 -0.0300502 
v -0.20583 0.5 -0.0286085 
v -0.20541 0.5 -0.0357377 
v -0.206157 0.5 -0.0214671 
v -0.213212 0.4375 -0.0450294 
v -0.204897 0.5 -0.0428517 
v -0.204293 0.5 -0.0499473 
v -0.221527 0.375 -0.0472071 
v -0.221993 0.375 -0.0314918 
v -0.213597 0.4375 -0.0375455 
v -0.212759 0.4375 -0.0524995 
v -0.212237 0.4375 -0.0599537 
v -0.216557 0.40625 -0.0614198 
v -0.221225 0.375 -0.0550518 
v -0.21099 0.4375 -0.0748054 
v -0.204698 0.46875 -0.087307 
v -0.199918 0.5 -0.0850473 
v -0.198779 0.5 -0.0919712 
v -0.201935 0.5 -0.0710947 
v -0.20097 0.5 -0.0780875 
v -0.205619 0.46875 -0.080143 
v -0.210267 0.4375 -0.0821984 
v -0.20263 0.46875 -0.101539 
v -0.197555 0.5 -0.0988565 
v -0.196247 0.5 -0.1057 
v -0.209478 0.4375 -0.0895667 
v -0.203701 0.46875 -0.0944397 
v -0.208624 0.4375 -0.0969081 
v -0.207705 0.4375 -0.104221 
v -0.201485 0.46875 -0.108601 
v -0.206724 0.4375 -0.111502 
v -0.214258 0.40625 -0.0918264 
v -0.215518 0.40625 -0.0766608 
v -0.220484 0.375 -0.0707078 
v -0.220046 0.375 -0.0785161 
v -0.219564 0.375 -0.0863094 
v -0.219037 0.375 -0.0940862 
v -0.212781 0.40625 -0.106903 
v -0.213546 0.40625 -0.0993766 
v -0.218468 0.375 -0.101845 
v -0.217856 0.375 -0.109585 
v -0.211963 0.40625 -0.114403 
v -0.217202 0.375 -0.117303 
v -0.229517 0.3125 -0.0658179 
v -0.220877 0.375 -0.0628858 
v -0.230075 0.3125 -0.0329334 
v -0.229842 0.3125 -0.0493848 
v -0.229691 0.3125 -0.057604 
v -0.228597 0.3125 -0.0986056 
v -0.229101 0.3125 -0.0822268 
v -0.22932 0.3125 -0.0740258 
v -0.22886 0.3125 -0.0904203 
v -0.227679 0.3125 -0.123105 
v -0.228006 0.3125 -0.114949 
v -0.228313 0.3125 -0.106782 
v -0.204293 0.5 0.0499473 
v -0.221225 0.375 0.0550518 
v -0.212237 0.4375 0.0599537 
v -0.220877 0.375 0.0628858 
v -0.217202 0.375 0.117303 
v -0.227679 0.3125 0.123105 
v -0.20097 0.5 0.0780875 
v -0.210267 0.4375 0.0821984 
v -0.204698 0.46875 0.087307 
v -0.209478 0.4375 0.0895667 
v -0.211963 0.40625 0.114403 
v -0.203701 0.46875 0.0944397 
v -0.20263 0.46875 0.101539 
v -0.197555 0.5 0.0988565 
v -0.206724 0.4375 0.111502 
v -0.196247 0.5 0.1057 
v -0.207705 0.4375 0.104221 
v -0.208624 0.4375 0.0969081 
v -0.198779 0.5 0.0919712 
v -0.212781 0.40625 0.106903 
v -0.214258 0.40625 0.0918264 
v -0.217856 0.375 0.109585 
v -0.219037 0.375 0.0940862 
v -0.218468 0.375 0.101845 
v -0.211647 0.4375 0.0673898 
v -0.21099 0.4375 0.0748054 
v -0.201935 0.5 0.0710947 
v -0.219564 0.375 0.0863094 
v -0.220046 0.375 0.0785161 
v -0.220484 0.375 0.0707078 
v -0.202811 0.5 0.0640718 
v -0.22886 0.3125 0.0904203 
v -0.228597 0.3125 0.0986056 
v -0.228313 0.3125 0.106782 
v -0.228006 0.3125 0.114949 
v -0.22932 0.3125 0.0740258 
v -0.229101 0.3125 0.0822268 
v -0.229517 0.3125 0.0658179 
v -0.221993 0.375 0.0314918 
v -0.20583 0.5 0.0286085 
v -0.206157 0.5 0.0214671 
v -0.222274 0.375 0.015752 
v -0.221783 0.375 0.0393532 
v -0.221527 0.375 0.0472071 
v -0.204897 0.5 0.0428517 
v -0.20541 0.5 0.0357377 
v -0.206391 0.5 0.0143165 
v -0.175291 0.625 0.0940974 
v -0.18053 0.59375 0.0969981 
v -0.177677 0.6875 0.0482254 
v -0.178895 0.6875 0.0422906 
v -0.164814 0.6875 0.0882959 
v -0.170053 0.65625 0.0911966 
v -0.17308 0.6875 0.0657547 
v -0.171239 0.6875 0.071489 
v -0.166459 0.71875 0.0692293 
v -0.164323 0.71875 0.0746922 
v -0.162028 0.71875 0.0800825 
v -0.167103 0.6875 0.0827645 
v -0.169246 0.6875 0.0771606 
v -0.174768 0.6875 0.0599626 
v -0.176301 0.6875 0.0541178 
v -0.182377 0.625 0.0698656 
v -0.174168 0.65625 0.079629 
v -0.172179 0.65625 0.0854465 
v -0.177254 0.625 0.0881285 
v -0.180798 0.625 0.0760085 
v -0.17909 0.625 0.0820975 
v -0.185138 0.625 0.0574358 
v -0.183824 0.625 0.0636733 
v -0.186317 0.625 0.0511575 
v -0.189666 0.625 0.0257253 
v -0.190157 0.625 0.0193101 
v -0.189036 0.625 0.0321222 
v -0.179952 0.6875 0.0363185 
v -0.188267 0.625 0.0384962 
v -0.187361 0.625 0.0448428 
v -0.190508 0.625 0.012881 
v -0.190719 0.625 0.00644282 
v -0.195827 0.5625 0.0473951 
v -0.194957 0.5625 0.0540896 
v -0.185769 0.5625 0.0998989 
v -0.191008 0.53125 0.1028 
v -0.191674 0.5625 0.0739766 
v -0.188935 0.5625 0.0870344 
v -0.182329 0.59375 0.0908105 
v -0.187404 0.5625 0.0934925 
v -0.190358 0.5625 0.0805279 
v -0.193974 0.5625 0.0607538 
v -0.192879 0.5625 0.067384 
v -0.196322 0.53125 0.076032 
v -0.195138 0.53125 0.0827876 
v -0.193857 0.53125 0.0895028 
v -0.19248 0.53125 0.0961745 
v -0.199918 0.5 0.0850473 
v -0.197407 0.53125 0.0692394 
v -0.199277 0.53125 0.0555556 
v -0.203597 0.5 0.0570217 
v -0.176301 0.6875 -0.0541178 
v -0.177677 0.6875 -0.0482254 
v -0.190719 0.625 -0.00644282 
v -0.180849 0.6875 -0.0303145 
v -0.189666 0.625 -0.0257253 
v -0.190508 0.625 -0.012881 
v -0.190157 0.625 -0.0193101 
v -0.179952 0.6875 -0.0363185 
v -0.189036 0.625 -0.0321222 
v -0.178895 0.6875 -0.0422906 
v -0.188267 0.625 -0.0384962 
v -0.186317 0.625 -0.0511575 
v -0.187361 0.625 -0.0448428 
v -0.196582 0.5625 -0.0406739 
v -0.195827 0.5625 -0.0473951 
v -0.194957 0.5625 -0.0540896 
v -0.185138 0.625 -0.0574358 
v -0.193974 0.5625 -0.0607538 
v -0.164323 0.71875 -0.0746922 
v -0.166459 0.71875 -0.0692293 
v -0.168432 0.71875 -0.0636992 
v -0.170241 0.71875 -0.0581073 
v -0.174768 0.6875 -0.0599626 
v -0.171239 0.6875 -0.071489 
v -0.17308 0.6875 -0.0657547 
v -0.177729 0.65625 -0.0678102 
v -0.183824 0.625 -0.0636733 
v -0.182377 0.625 -0.0698656 
v -0.176019 0.65625 -0.0737487 
v -0.169246 0.6875 -0.0771606 
v -0.174168 0.65625 -0.079629 
v -0.159575 0.71875 -0.0853952 
v -0.162028 0.71875 -0.0800825 
v -0.167103 0.6875 -0.0827645 
v -0.164814 0.6875 -0.0882959 
v -0.170053 0.65625 -0.0911966 
v -0.172179 0.65625 -0.0854465 
v -0.17909 0.625 -0.0820975 
v -0.180798 0.625 -0.0760085 
v -0.177254 0.625 -0.0881285 
v -0.175291 0.625 -0.0940974 
v -0.185578 0.59375 -0.0782682 
v -0.187025 0.59375 -0.0719211 
v -0.192879 0.5625 -0.067384 
v -0.191674 0.5625 -0.0739766 
v -0.190358 0.5625 -0.0805279 
v -0.195138 0.53125 -0.0827876 
v -0.188935 0.5625 -0.0870344 
v -0.18053 0.59375 -0.0969981 
v -0.182329 0.59375 -0.0908105 
v -0.184012 0.59375 -0.0845659 
v -0.187404 0.5625 -0.0934925 
v -0.185769 0.5625 -0.0998989 
v -0.191008 0.53125 -0.1028 
v -0.19248 0.53125 -0.0961745 
v -0.193857 0.53125 -0.0895028 
v 0.0955877 0.75 0.108995 
v 0.102469 0.75 0.102467 
v 0.0990474 0.75 0.105754 
v 0.0375042 0.75 0.139975 
v 0.0510347 0.75 0.135597 
v 0.0465989 0.75 0.137279 
v 0.0919129 0.75 0.111996 
v 0.0882379 0.75 0.114996 
v 0.104574 0.75 0.100445 
v 0.142187 0.75 -0.0282837 
v 0.139974 0.75 -0.0375077 
v 0.141109 0.75 -0.0329007 
v 0.0420618 0.75 0.138654 
v 0.0347008 0.75 0.140787 
v 0.0554709 0.75 0.133914 
v 0.0724412 0.75 0.125472 
v 0.0673849 0.75 0.128391 
v 0.0871076 0.75 0.115919 
v 0.0844053 0.75 0.117785 
v 0.0805003 0.75 0.12048 
v 0.0774975 0.75 0.122553 
v 0.0961528 0.75 0.108534 
v 0.139974 0.75 0.0375077 
v 0.142948 0.75 0.0236011 
v 0.142187 0.75 0.0282837 
v 0.142948 0.75 -0.0236011 
v 0.143709 0.75 -0.018918 
v 0.139275 0.75 -0.0403415 
v 0.102469 0.75 -0.102467 
v 0.0919129 0.75 -0.111996 
v 0.0955877 0.75 -0.108995 
v -0.0955877 0.75 -0.108995 
v -0.102469 0.75 -0.102467 
v -0.0990474 0.75 -0.105754 
v -0.142187 0.75 0.0282837 
v -0.139974 0.75 0.0375077 
v -0.141109 0.75 0.0329007 
v 0.0459169 0.75 0.137538 
v 0.0568352 0.75 0.133397 
v 0.0640885 0.75 0.129955 
v 0.0598018 0.75 0.131989 
v 0.141109 0.75 0.0329007 
v 0.139275 0.75 0.0403415 
v 0.143709 0.75 0.018918 
v 0.144882 0.75 1.56992e-16 
v 0.144882 0.75 0.00583856 
v 0.143943 0.75 -0.0174778 
v 0.144207 0.75 -0.0142048 
v 0.144589 0.75 -0.00947532 
v 0.144882 0.75 -0.00583856 
v 0.14207 0.75 -0.0290037 
v 0.0990474 0.75 -0.105754 
v 0.104574 0.75 -0.100445 
v 0.0882379 0.75 -0.114996 
v 0.0465989 0.75 -0.137279 
v 0.0375042 0.75 -0.139975 
v 0.0420618 0.75 -0.138654 
v -0.0375042 0.75 -0.139975 
v -0.0510347 0.75 -0.135597 
v -0.0465989 0.75 -0.137279 
v -0.0919129 0.75 -0.111996 
v -0.0882379 0.75 -0.114996 
v -0.104574 0.75 -0.100445 
v -0.139974 0.75 -0.0375077 
v -0.142948 0.75 -0.0236011 
v -0.142187 0.75 -0.0282837 
v -0.142948 0.75 0.0236011 
v -0.143709 0.75 0.018918 
v -0.139275 0.75 0.0403415 
v 0.0329137 0.75 0.141151 
v 0.0282649 0.75 0.1421 
v 0.123038 0.75 0.0765092 
v 0.120503 0.75 0.0805194 
v 0.125574 0.75 0.0725 
v 0.127778 0.75 0.0682998 
v 0.129983 0.75 0.0640986 
v 0.14207 0.75 0.0290037 
v 0.143943 0.75 0.0174778 
v 0.144589 0.75 0.00947532 
v 0.144207 0.75 0.0142048 
v 0.0961528 0.75 -0.108534 
v 0.0871076 0.75 -0.115919 
v 0.0774975 0.75 -0.122553 
v 0.0805003 0.75 -0.12048 
v 0.0844053 0.75 -0.117785 
v 0.0724412 0.75 -0.125472 
v 0.0510347 0.75 -0.135597 
v 0.0554709 0.75 -0.133914 
v 0.0347008 0.75 -0.140787 
v -0.0420618 0.75 -0.138654 
v -0.0347008 0.75 -0.140787 
v -0.0554709 0.75 -0.133914 
v -0.0724412 0.75 -0.125472 
v -0.0673849 0.75 -0.128391 
v -0.0871076 0.75 -0.115919 
v -0.0844053 0.75 -0.117785 
v -0.0805003 0.75 -0.12048 
v -0.0774975 0.75 -0.122553 
v -0.0961528 0.75 -0.108534 
v -0.141109 0.75 -0.0329007 
v -0.139275 0.75 -0.0403415 
v -0.143709 0.75 -0.018918 
v -0.144882 0.75 -1.26635e-16 
v -0.144882 0.75 -0.00583856 
v -0.143943 0.75 0.0174778 
v -0.144207 0.75 0.0142048 
v -0.144589 0.75 0.00947532 
v -0.144882 0.75 0.00583856 
v -0.14207 0.75 0.0290037 
v -0.102469 0.75 0.102467 
v -0.0919129 0.75 0.111996 
v -0.0955877 0.75 0.108995 
v 0.023617 0.75 0.143049 
v 0.105784 0.75 0.0990798 
v 0.119333 0.75 0.0823694 
v 0.117799 0.75 0.084411 
v 0.114948 0.75 0.0882042 
v 0.112318 0.75 0.0917046 
v 0.131 0.75 0.0621604 
v 0.138698 0.75 0.0420716 
v 0.137195 0.75 0.0465721 
v 0.125574 0.75 -0.0725 
v 0.127778 0.75 -0.0682998 
v 0.129983 0.75 -0.0640986 
v 0.123038 0.75 -0.0765092 
v 0.120503 0.75 -0.0805194 
v 0.0568352 0.75 -0.133397 
v 0.0598018 0.75 -0.131989 
v 0.0640885 0.75 -0.129955 
v 0.0673849 0.75 -0.128391 
v 0.0459169 0.75 -0.137538 
v -0.0459169 0.75 -0.137538 
v -0.0568352 0.75 -0.133397 
v -0.0640885 0.75 -0.129955 
v -0.0598018 0.75 -0.131989 
v -0.14207 0.75 -0.0290037 
v -0.143943 0.75 -0.0174778 
v -0.144589 0.75 -0.00947532 
v -0.144207 0.75 -0.0142048 
v -0.0990474 0.75 0.105754 
v -0.104574 0.75 0.100445 
v -0.0882379 0.75 0.114996 
v -0.0465989 0.75 0.137279 
v -0.0375042 0.75 0.139975 
v -0.0420618 0.75 0.138654 
v 0.112076 0.75 0.0919776 
v 0.10893 0.75 0.0955284 
v 0.135577 0.75 0.0514177 
v 0.133861 0.75 0.0554459 
v 0.132001 0.75 0.059811 
v 0.135693 0.75 0.0510717 
v 0.138698 0.75 -0.0420716 
v 0.131 0.75 -0.0621604 
v 0.132001 0.75 -0.059811 
v 0.133861 0.75 -0.0554459 
v 0.135577 0.75 -0.0514177 
v 0.119333 0.75 -0.0823694 
v 0.0329137 0.75 -0.141151 
v 0.0047397 0.75 -0.144809 
v 0.00948057 0.75 -0.144618 
v 1.77574e-17 0.75 -0.145 
v -0.00948057 0.75 -0.144618 
v -0.0047397 0.75 -0.144809 
v -0.0329137 0.75 -0.141151 
v -0.0282649 0.75 -0.1421 
v -0.125574 0.75 -0.0725 
v -0.123038 0.75 -0.0765092 
v -0.120503 0.75 -0.0805194 
v -0.127778 0.75 -0.0682998 
v -0.129983 0.75 -0.0640986 
v -0.138698 0.75 -0.0420716 
v -0.137195 0.75 -0.0465721 
v -0.127778 0.75 0.0682998 
v -0.129983 0.75 0.0640986 
v -0.125574 0.75 0.0725 
v -0.120503 0.75 0.0805194 
v -0.123038 0.75 0.0765092 
v -0.0961528 0.75 0.108534 
v -0.0871076 0.75 0.115919 
v -0.0774975 0.75 0.122553 
v -0.0805003 0.75 0.12048 
v -0.0844053 0.75 0.117785 
v -0.0724412 0.75 0.125472 
v -0.0510347 0.75 0.135597 
v -0.0554709 0.75 0.133914 
v -0.0347008 0.75 0.140787 
v 0.0047397 0.75 0.144809 
v -1.28786e-16 0.75 0.145 
v 0.00948057 0.75 0.144618 
v 0.0232596 0.75 0.143122 
v 0.018913 0.75 0.14365 
v 0.0142028 0.75 0.144222 
v 0.0116677 0.75 0.14453 
v 0.135693 0.75 -0.0510717 
v 0.137195 0.75 -0.0465721 
v 0.112318 0.75 -0.0917046 
v 0.114948 0.75 -0.0882042 
v 0.117799 0.75 -0.084411 
v 0.105784 0.75 -0.0990798 
v 0.10893 0.75 -0.0955284 
v 0.023617 0.75 -0.143049 
v 0.0282649 0.75 -0.1421 
v 0.0116677 0.75 -0.14453 
v -0.0116677 0.75 -0.14453 
v -0.0232596 0.75 -0.143122 
v -0.018913 0.75 -0.14365 
v -0.0142028 0.75 -0.144222 
v -0.023617 0.75 -0.143049 
v -0.105784 0.75 -0.0990798 
v -0.119333 0.75 -0.0823694 
v -0.131 0.75 -0.0621604 
v -0.135577 0.75 -0.0514177 
v -0.133861 0.75 -0.0554459 
v -0.132001 0.75 -0.059811 
v -0.135693 0.75 -0.0510717 
v -0.138698 0.75 0.0420716 
v -0.131 0.75 0.0621604 
v -0.132001 0.75 0.059811 
v -0.133861 0.75 0.0554459 
v -0.135577 0.75 0.0514177 
v -0.119333 0.75 0.0823694 
v -0.0568352 0.75 0.133397 
v -0.0598018 0.75 0.131989 
v -0.0640885 0.75 0.129955 
v -0.0673849 0.75 0.128391 
v -0.0459169 0.75 0.137538 
v 0.112076 0.75 -0.0919776 
v 0.0232596 0.75 -0.143122 
v 0.0142028 0.75 -0.144222 
v 0.018913 0.75 -0.14365 
v -0.112076 0.75 -0.0919776 
v -0.10893 0.75 -0.0955284 
v -0.117799 0.75 -0.084411 
v -0.114948 0.75 -0.0882042 
v -0.112318 0.75 -0.0917046 
v -0.135693 0.75 0.0510717 
v -0.137195 0.75 0.0465721 
v -0.112318 0.75 0.0917046 
v -0.114948 0.75 0.0882042 
v -0.117799 0.75 0.084411 
v -0.0329137 0.75 0.141151 
v -0.105784 0.75 0.0990798 
v -0.10893 0.75 0.0955284 
v -0.023617 0.75 0.143049 
v -0.0282649 0.75 0.1421 
v -0.112076 0.75 0.0919776 
v -0.0232596 0.75 0.143122 
v -0.0116677 0.75 0.14453 
v -0.0142028 0.75 0.144222 
v -0.018913 0.75 0.14365 
v -0.0047397 0.75 0.144809 
v -0.00948057 0.75 0.144618 
v -0.17537 0.5 -0.10125 
v -0.169146 0.53125 -0.0976563 
v -0.225167 0.25 0.01625 
v -0.225167 0.25 5.20417e-18 
v -0.225167 0.25 -0.11375 
v -0.225167 0.25 -0.13 
v -0.218942 0.28125 -0.126406 
v -0.169146 0.53125 0.0976563 
v -0.162921 0.5625 0.0940625 
v -0.156696 0.59375 0.0904688 
v -0.150472 0.625 0.086875 
v -0.144247 0.65625 0.0832813 
v -0.138023 0.6875 0.0796875 
v -0.131798 0.71875 0.0760938 
v -0.144247 0.65625 -0.0832813 
v -0.156696 0.59375 -0.0904688 
v -0.162921 0.5625 -0.0940625 
v -0.150472 0.625 -0.086875 
v -0.131798 0.71875 -0.0760937 
v -0.138023 0.6875 -0.0796875 
v -0.187819 0.4375 -0.108437 
v -0.225167 0.25 -0.05 
v -0.225167 0.25 -0.04875 
v -0.225167 0.25 -0.08125 
v -0.225167 0.25 -0.0975 
v -0.212717 0.3125 -0.122813 
v -0.206493 0.34375 -0.119219 
v -0.225167 0.25 -0.1 
v -0.200268 0.375 -0.115625 
v -0.225167 0.25 -0.065 
v -0.225167 0.25 -0.0325 
v -0.225167 0.25 0.065 
v -0.225167 0.25 0.0325 
v -0.225167 0.25 0.05 
v -0.225167 0.25 0.04875 
v -0.225167 0.25 0.056875 
v -0.225167 0.25 0.11375 
v -0.225167 0.25 0.1 
v -0.225167 0.25 0.08125 
v -0.218942 0.28125 0.126406 
v -0.212717 0.3125 0.122813 
v -0.206493 0.34375 0.119219 
v -0.187819 0.4375 0.108438 
v -0.200268 0.375 0.115625 
v -0.17537 0.5 0.10125 
v -0.225167 0.25 0.13 
v -0.225167 0.25 0.0975 
v -0.165042 0.625 -8.48867e-17 
v -0.164809 0.625 0.0111751 
v -0.174868 0.5625 0.0120209 
v -0.185083 0.5 -4.39874e-17 
v -0.176523 0.5 -0.0951138 
v -0.205125 0.375 -1.78706e-18 
v -0.184928 0.5 0.0128667 
v -0.205047 0.375 0.0145584 
v -0.215146 0.3125 1.82289e-17 
v -0.154749 0.6875 0.0103293 
v -0.177294 0.53125 0.0495474 
v -0.175744 0.53125 0.0617643 
v -0.181961 0.5 0.0576081 
v -0.181236 0.5 0.0639294 
v -0.184115 0.5 0.0321224 
v -0.173852 0.5625 0.0299968 
v -0.173321 0.5625 0.0359613 
v -0.184463 0.5 0.0257131 
v -0.174287 0.5625 0.0240164 
v -0.164111 0.625 0.0223197 
v -0.18369 0.5 0.038519 
v -0.172695 0.5625 0.0419069 
v -0.163589 0.625 0.0278711 
v -0.162952 0.625 0.0334036 
v -0.162201 0.625 0.0389133 
v -0.171975 0.5625 0.0478305 
v -0.183189 0.5 0.0449005 
v -0.161336 0.625 0.0443966 
v -0.166655 0.59375 0.0461135 
v -0.164762 0.59375 0.0574341 
v -0.178621 0.5 0.0827338 
v -0.172803 0.53125 0.0798724 
v -0.171662 0.53125 0.0858398 
v -0.179565 0.5 0.0764945 
v -0.173864 0.53125 0.0738689 
v -0.180436 0.5 0.0702256 
v -0.170253 0.5625 0.0595992 
v -0.169254 0.5625 0.0654383 
v -0.177607 0.5 0.0889409 
v -0.170442 0.53125 0.0917686 
v -0.168164 0.5625 0.0712432 
v -0.166985 0.5625 0.0770109 
v -0.165717 0.5625 0.0827387 
v -0.164362 0.5625 0.0884235 
v -0.176523 0.5 0.0951138 
v -0.162464 0.59375 0.0686175 
v -0.161166 0.59375 0.0741495 
v -0.163663 0.59375 0.0630446 
v -0.160359 0.625 0.0498497 
v -0.15927 0.625 0.055269 
v -0.158071 0.625 0.0606509 
v -0.156764 0.625 0.0659918 
v -0.158281 0.59375 0.0850783 
v -0.155348 0.625 0.0712881 
v -0.159772 0.59375 0.0796375 
v -0.153827 0.625 0.0765364 
v -0.152201 0.625 0.0817331 
v -0.156017 0.65625 0.0426796 
v -0.154958 0.65625 0.0479101 
v -0.153935 0.6875 0.020623 
v -0.153326 0.6875 0.0257455 
v -0.15441 0.6875 0.0154828 
v -0.152583 0.6875 0.0308458 
v -0.151706 0.6875 0.0359197 
v -0.150698 0.6875 0.0409627 
v -0.149558 0.6875 0.0459705 
v -0.14953 0.65625 0.0684267 
v -0.153779 0.65625 0.053104 
v -0.15248 0.65625 0.0582573 
v -0.148288 0.6875 0.0509389 
v -0.146889 0.6875 0.0558636 
v -0.151063 0.65625 0.0633661 
v -0.145363 0.6875 0.0607405 
v -0.14612 0.65625 0.078388 
v -0.143712 0.6875 0.0655653 
v -0.147882 0.65625 0.0734353 
v -0.141937 0.6875 0.0703341 
v -0.14004 0.6875 0.0750428 
v -0.137893 0.71875 0.0627039 
v -0.133959 0.71875 0.0716977 
v -0.135992 0.71875 0.067233 
v -0.183189 0.5 -0.0449005 
v -0.182613 0.5 -0.0512644 
v -0.171975 0.5625 -0.0478305 
v -0.14612 0.65625 -0.078388 
v -0.152201 0.625 -0.0817331 
v -0.169254 0.5625 -0.0654383 
v -0.180436 0.5 -0.0702256 
v -0.173864 0.53125 -0.0738689 
v -0.179565 0.5 -0.0764945 
v -0.158281 0.59375 -0.0850783 
v -0.164362 0.5625 -0.0884235 
v -0.178621 0.5 -0.0827338 
v -0.177607 0.5 -0.0889409 
v -0.171662 0.53125 -0.0858398 
v -0.170442 0.53125 -0.0917686 
v -0.172803 0.53125 -0.0798724 
v -0.165717 0.5625 -0.0827387 
v -0.166985 0.5625 -0.0770109 
v -0.159772 0.59375 -0.0796375 
v -0.153827 0.625 -0.0765364 
v -0.155348 0.625 -0.0712881 
v -0.161166 0.59375 -0.0741495 
v -0.168164 0.5625 -0.0712432 
v -0.162464 0.59375 -0.0686175 
v -0.170253 0.5625 -0.0595992 
v -0.17116 0.5625 -0.0537289 
v -0.181961 0.5 -0.0576081 
v -0.158071 0.625 -0.0606509 
v -0.181236 0.5 -0.0639294 
v -0.15927 0.625 -0.055269 
v -0.160359 0.625 -0.0498497 
v -0.161336 0.625 -0.0443966 
v -0.156764 0.625 -0.0659918 
v -0.151063 0.65625 -0.0633661 
v -0.133959 0.71875 -0.0716977 
v -0.14004 0.6875 -0.0750428 
v -0.147882 0.65625 -0.0734353 
v -0.14953 0.65625 -0.0684267 
v -0.141937 0.6875 -0.0703341 
v -0.143712 0.6875 -0.0655653 
v -0.145363 0.6875 -0.0607405 
v -0.135992 0.71875 -0.067233 
v -0.137893 0.71875 -0.0627039 
v -0.139663 0.71875 -0.0581148 
v -0.146889 0.6875 -0.0558636 
v -0.153779 0.65625 -0.053104 
v -0.15248 0.65625 -0.0582573 
v -0.154958 0.65625 -0.0479101 
v -0.148288 0.6875 -0.0509389 
v -0.156017 0.65625 -0.0426796 
v -0.149558 0.6875 -0.0459705 
v -0.150698 0.6875 -0.0409627 
v -0.151706 0.6875 -0.0359197 
v -0.162201 0.625 -0.0389133 
v -0.184928 0.5 -0.0128667 
v -0.184463 0.5 -0.0257131 
v -0.174287 0.5625 -0.0240164 
v -0.18369 0.5 -0.038519 
v -0.173321 0.5625 -0.0359613 
v -0.173852 0.5625 -0.0299968 
v -0.172695 0.5625 -0.0419069 
v -0.162952 0.625 -0.0334036 
v -0.163589 0.625 -0.0278711 
v -0.174868 0.5625 -0.0120209 
v -0.164111 0.625 -0.0223197 
v -0.153935 0.6875 -0.020623 
v -0.15441 0.6875 -0.0154828 
v -0.164809 0.625 -0.0111751 
v -0.152583 0.6875 -0.0308458 
v -0.153326 0.6875 -0.0257455 
v -0.154749 0.6875 -0.0103293 
v -0.188684 0.4375 -0.101804 
v -0.200845 0.375 -0.108494 
v -0.214528 0.3125 -0.0615661 
v -0.214798 0.3125 -0.0461923 
v -0.219466 0.28125 -0.0948743 
v -0.213277 0.3125 -0.107548 
v -0.219222 0.28125 -0.110649 
v -0.213766 0.3125 -0.0922486 
v -0.207332 0.34375 -0.104447 
v -0.201387 0.375 -0.101345 
v -0.201894 0.375 -0.0941794 
v -0.208066 0.34375 -0.089623 
v -0.214184 0.3125 -0.0769198 
v -0.219675 0.28125 -0.0790849 
v -0.208693 0.34375 -0.0747548 
v -0.202366 0.375 -0.0869973 
v -0.202802 0.375 -0.0798003 
v -0.203201 0.375 -0.0725897 
v -0.203564 0.375 -0.0653666 
v -0.209209 0.34375 -0.0598491 
v -0.214991 0.3125 -0.0308033 
v -0.204428 0.375 -0.0436345 
v -0.204815 0.375 -0.0291066 
v -0.205047 0.375 -0.0145584 
v -0.20389 0.375 -0.0581322 
v -0.193251 0.4375 -0.0546983 
v -0.193684 0.4375 -0.0478941 
v -0.190965 0.4375 -0.0817459 
v -0.189497 0.4375 -0.0951432 
v -0.190257 0.4375 -0.0884566 
v -0.192218 0.4375 -0.0682595 
v -0.191619 0.4375 -0.075013 
v -0.192763 0.4375 -0.0614874 
v -0.194639 0.4375 -0.0274099 
v -0.194059 0.4375 -0.0410768 
v -0.214528 0.3125 0.0615661 
v -0.214184 0.3125 0.0769198 
v -0.204641 0.375 0.0363737 
v -0.204428 0.375 0.0436345 
v -0.204815 0.375 0.0291066 
v -0.204178 0.375 0.0508878 
v -0.20389 0.375 0.0581322 
v -0.182613 0.5 0.0512644 
v -0.193251 0.4375 0.0546983 
v -0.192763 0.4375 0.0614874 
v -0.219222 0.28125 0.110649 
v -0.219466 0.28125 0.0948743 
v -0.203564 0.375 0.0653666 
v -0.203201 0.375 0.0725897 
v -0.208693 0.34375 0.0747548 
v -0.213766 0.3125 0.0922486 
v -0.208066 0.34375 0.089623 
v -0.202802 0.375 0.0798003 
v -0.207332 0.34375 0.104447 
v -0.213277 0.3125 0.107548 
v -0.201894 0.375 0.0941794 
v -0.202366 0.375 0.0869973 
v -0.200845 0.375 0.108494 
v -0.201387 0.375 0.101345 
v -0.190257 0.4375 0.0884566 
v -0.192218 0.4375 0.0682595 
v -0.191619 0.4375 0.075013 
v -0.190965 0.4375 0.0817459 
v -0.188684 0.4375 0.101804 
v -0.189497 0.4375 0.0951432 
v 6.43898e-17 0.5 -0.2025 
v 5.85608e-17 0.53125 -0.195313 
v -0.126656 0.25 -0.186875 
v -0.112583 0.25 -0.195 
v -0.0140729 0.25 -0.251875 
v 1.38778e-16 0.25 -0.26 
v 1.05193e-16 0.28125 -0.252813 
v 3.52446e-17 0.65625 -0.166563 
v 4.69027e-17 0.59375 -0.180938 
v 5.27317e-17 0.5625 -0.188125 
v 4.10736e-17 0.625 -0.17375 
v 2.35864e-17 0.71875 -0.152188 
v 2.94155e-17 0.6875 -0.159375 
v 7.6048e-17 0.4375 -0.216875 
v -0.0703646 0.25 -0.219375 
v -0.0562917 0.25 -0.2275 
v -0.0422187 0.25 -0.235625 
v -0.0281458 0.25 -0.24375 
v 9.93642e-17 0.3125 -0.245625 
v 9.35351e-17 0.34375 -0.238438 
v 8.77061e-17 0.375 -0.23125 
v -0.0866025 0.25 -0.21 
v -0.0844375 0.25 -0.21125 
v -0.179904 0.25 -0.156132 
v -0.168875 0.25 -0.1625 
v -0.182948 0.25 -0.154375 
v -0.140729 0.25 -0.17875 
v -0.154802 0.25 -0.170625 
v -0.161838 0.25 -0.166562 
v -0.197021 0.25 -0.14625 
v -0.190526 0.25 -0.15 
v -0.211094 0.25 -0.138125 
v -0.0825208 0.625 -0.14293 
v -0.0920823 0.625 -0.137141 
v -0.0978446 0.5625 -0.14543 
v -0.0925417 0.5 -0.160287 
v -0.00589036 0.5 -0.20043 
v -0.102562 0.375 -0.177643 
v -0.103607 0.5 -0.153719 
v -0.115132 0.375 -0.170297 
v -0.107573 0.3125 -0.186322 
v -0.08632 0.6875 -0.128852 
v -0.131556 0.53125 -0.128767 
v -0.141362 0.53125 -0.121317 
v -0.140871 0.5 -0.128779 
v -0.145982 0.5 -0.12499 
v -0.119876 0.5 -0.143387 
v -0.112904 0.5625 -0.135562 
v -0.117804 0.5625 -0.13212 
v -0.1145 0.5 -0.146893 
v -0.107942 0.5625 -0.138929 
v -0.101385 0.625 -0.130965 
v -0.125204 0.5 -0.139821 
v -0.12264 0.5625 -0.128605 
v -0.105932 0.625 -0.127737 
v -0.110404 0.625 -0.124419 
v -0.1148 0.625 -0.121013 
v -0.12741 0.5625 -0.125019 
v -0.13048 0.5 -0.136196 
v -0.119117 0.625 -0.117523 
v -0.123263 0.59375 -0.121271 
v -0.13212 0.59375 -0.113971 
v -0.16096 0.5 -0.113323 
v -0.155573 0.53125 -0.109715 
v -0.16017 0.53125 -0.105743 
v -0.156029 0.5 -0.11726 
v -0.150904 0.53125 -0.113636 
v -0.151035 0.5 -0.12115 
v -0.136741 0.5625 -0.117644 
v -0.141298 0.5625 -0.113859 
v -0.165828 0.5 -0.109341 
v -0.164695 0.53125 -0.101723 
v -0.14578 0.5625 -0.110013 
v -0.150186 0.5625 -0.106107 
v -0.154512 0.5625 -0.102145 
v -0.158758 0.5625 -0.0981296 
v -0.170632 0.5 -0.105316 
v -0.140656 0.59375 -0.106389 
v -0.144799 0.59375 -0.102499 
v -0.13643 0.59375 -0.110214 
v -0.123351 0.625 -0.11395 
v -0.1275 0.625 -0.110298 
v -0.131561 0.625 -0.106568 
v -0.135532 0.625 -0.102765 
v -0.152821 0.59375 -0.0945363 
v -0.139411 0.625 -0.0988913 
v -0.148854 0.59375 -0.0985475 
v -0.143196 0.625 -0.0949495 
v -0.146883 0.625 -0.090943 
v -0.11497 0.65625 -0.113775 
v -0.11897 0.65625 -0.110243 
v -0.0948277 0.6875 -0.123 
v -0.0989593 0.6875 -0.119912 
v -0.0906134 0.6875 -0.125981 
v -0.103005 0.6875 -0.116718 
v -0.106961 0.6875 -0.113422 
v -0.110824 0.6875 -0.110027 
v -0.11459 0.6875 -0.106535 
v -0.134024 0.65625 -0.0952833 
v -0.122879 0.65625 -0.106624 
v -0.126692 0.65625 -0.102923 
v -0.118258 0.6875 -0.102951 
v -0.121824 0.6875 -0.0992777 
v -0.130408 0.65625 -0.0991416 
v -0.125284 0.6875 -0.0955179 
v -0.140946 0.65625 -0.0873497 
v -0.128637 0.6875 -0.0916753 
v -0.137538 0.65625 -0.0913516 
v -0.131879 0.6875 -0.0877536 
v -0.135009 0.6875 -0.0837564 
v -0.12325 0.71875 -0.0880673 
v -0.129072 0.71875 -0.0801631 
v -0.126221 0.71875 -0.0841556 
v -0.0527097 0.5 -0.181097 
v -0.0469102 0.5 -0.18378 
v -0.0445648 0.5625 -0.17285 
v -0.00517405 0.65625 -0.165738 
v -0.00531731 0.625 -0.172676 
v -0.0279558 0.5625 -0.179297 
v -0.0294011 0.5 -0.191375 
v -0.0229598 0.53125 -0.187505 
v -0.0235361 0.5 -0.193755 
v -0.00546058 0.59375 -0.179615 
v -0.00560384 0.5625 -0.186553 
v -0.0176609 0.5 -0.196057 
v -0.0117782 0.5 -0.198282 
v -0.0114913 0.53125 -0.191583 
v -0.0057471 0.53125 -0.193491 
v -0.0172299 0.53125 -0.189588 
v -0.0112045 0.5625 -0.184884 
v -0.0167988 0.5625 -0.183118 
v -0.0109177 0.59375 -0.178185 
v -0.0106308 0.625 -0.171486 
v -0.0159367 0.625 -0.170179 
v -0.0163678 0.59375 -0.176649 
v -0.0223836 0.5625 -0.181256 
v -0.0218074 0.59375 -0.175007 
v -0.0335121 0.5625 -0.177243 
v -0.0390495 0.5625 -0.175094 
v -0.0410906 0.5 -0.186387 
v -0.0265105 0.625 -0.167219 
v -0.0352534 0.5 -0.188919 
v -0.0317708 0.625 -0.165567 
v -0.0370083 0.625 -0.1638 
v -0.0422195 0.625 -0.161919 
v -0.0212312 0.625 -0.168757 
v -0.020655 0.65625 -0.162508 
v -0.00488753 0.71875 -0.151861 
v -0.00503079 0.6875 -0.158799 
v -0.010344 0.65625 -0.164787 
v -0.0155057 0.65625 -0.16371 
v -0.0100571 0.6875 -0.158088 
v -0.0150746 0.6875 -0.157241 
v -0.0200787 0.6875 -0.156258 
v -0.00977029 0.71875 -0.151389 
v -0.0146435 0.71875 -0.150771 
v -0.0195025 0.71875 -0.150009 
v -0.0250651 0.6875 -0.155141 
v -0.0309001 0.65625 -0.159728 
v -0.0257878 0.65625 -0.16118 
v -0.0359878 0.65625 -0.158153 
v -0.0300294 0.6875 -0.15389 
v -0.0410468 0.65625 -0.156454 
v -0.0349672 0.6875 -0.152506 
v -0.0398741 0.6875 -0.150989 
v -0.0447459 0.6875 -0.149341 
v -0.0474005 0.625 -0.159927 
v -0.0813211 0.5 -0.166586 
v -0.0699633 0.5 -0.172606 
v -0.0663447 0.5625 -0.162945 
v -0.0584866 0.5 -0.17834 
v -0.0555172 0.5625 -0.168081 
v -0.060948 0.5625 -0.165559 
v -0.0500551 0.5625 -0.170512 
v -0.0525477 0.625 -0.157822 
v -0.0576574 0.625 -0.155608 
v -0.0770238 0.5625 -0.157451 
v -0.0627262 0.625 -0.153284 
v -0.0591076 0.6875 -0.143623 
v -0.0637964 0.6875 -0.141464 
v -0.0727265 0.625 -0.148316 
v -0.0495782 0.6875 -0.147564 
v -0.0543669 0.6875 -0.145657 
v -0.0684292 0.6875 -0.139181 
v -0.00617689 0.4375 -0.214307 
v -0.00646341 0.375 -0.228184 
v -0.0539463 0.3125 -0.21657 
v -0.0275696 0.28125 -0.237501 
v -0.0134992 0.3125 -0.238477 
v -0.0137861 0.28125 -0.245176 
v -0.0269934 0.3125 -0.231251 
v -0.0132124 0.34375 -0.231778 
v -0.0129255 0.375 -0.225079 
v -0.0193851 0.375 -0.221935 
v -0.0264172 0.34375 -0.225002 
v -0.0404774 0.3125 -0.223949 
v -0.0413481 0.28125 -0.229787 
v -0.0396067 0.34375 -0.21811 
v -0.0258409 0.375 -0.218752 
v -0.0322917 0.375 -0.215531 
v -0.0387361 0.375 -0.212272 
v -0.0451729 0.375 -0.208975 
v -0.0527736 0.34375 -0.211105 
v -0.0808189 0.3125 -0.201589 
v -0.0644256 0.375 -0.198857 
v -0.0673951 0.3125 -0.209116 
v -0.0772004 0.375 -0.191928 
v -0.0899158 0.375 -0.184855 
v -0.0516009 0.375 -0.20564 
v -0.0492556 0.4375 -0.19471 
v -0.0553643 0.4375 -0.191682 
v -0.0246885 0.4375 -0.206254 
v -0.0123519 0.4375 -0.21168 
v -0.018523 0.4375 -0.208996 
v -0.0369947 0.4375 -0.200596 
v -0.0308464 0.4375 -0.203453 
v -0.0431318 0.4375 -0.197681 
v -0.0735818 0.4375 -0.182267 
v -0.0614561 0.4375 -0.188599 
v -0.173706 0.3125 -0.147029 
v -0.133821 0.375 -0.159037 
v -0.140003 0.375 -0.155223 
v -0.127614 0.375 -0.162822 
v -0.146159 0.375 -0.151379 
v -0.152289 0.375 -0.147508 
v -0.160582 0.3125 -0.155004 
v -0.135703 0.5 -0.132515 
v -0.143996 0.4375 -0.140011 
v -0.149631 0.4375 -0.136194 
v -0.191897 0.28125 -0.142626 
v -0.205436 0.28125 -0.134527 
v -0.158391 0.375 -0.143608 
v -0.164465 0.375 -0.139683 
v -0.169086 0.34375 -0.143356 
v -0.186773 0.3125 -0.139003 
v -0.181649 0.34375 -0.135379 
v -0.17051 0.375 -0.135731 
v -0.194119 0.34375 -0.127331 
v -0.199777 0.3125 -0.130929 
v -0.182509 0.375 -0.127755 
v -0.176525 0.375 -0.131755 
v -0.194381 0.375 -0.119689 
v -0.188461 0.375 -0.123733 
v -0.171734 0.4375 -0.120539 
v -0.155224 0.4375 -0.132336 
v -0.160773 0.4375 -0.12844 
v -0.166277 0.4375 -0.124508 
v -0.182507 0.4375 -0.112503 
v -0.177145 0.4375 -0.116537 
v 0.17537 0.5 -0.10125 
v 0.169146 0.53125 -0.0976563 
v 0.0985104 0.25 -0.203125 
v 0.112583 0.25 -0.195 
v 0.211094 0.25 -0.138125 
v 0.225167 0.25 -0.13 
v 0.218942 0.28125 -0.126406 
v 0.144247 0.65625 -0.0832813 
v 0.156696 0.59375 -0.0904688 
v 0.162921 0.5625 -0.0940625 
v 0.150472 0.625 -0.086875 
v 0.131798 0.71875 -0.0760938 
v 0.138023 0.6875 -0.0796875 
v 0.187819 0.4375 -0.108438 
v 0.154802 0.25 -0.170625 
v 0.168875 0.25 -0.1625 
v 0.182948 0.25 -0.154375 
v 0.190526 0.25 -0.15 
v 0.212717 0.3125 -0.122813 
v 0.206493 0.34375 -0.119219 
v 0.197021 0.25 -0.14625 
v 0.200268 0.375 -0.115625 
v 0.179904 0.25 -0.156132 
v 0.140729 0.25 -0.17875 
v 0.0562917 0.25 -0.2275 
v 0.0844375 0.25 -0.21125 
v 0.0866025 0.25 -0.21 
v 0.0703646 0.25 -0.219375 
v 0.0633281 0.25 -0.223438 
v 0.0281458 0.25 -0.24375 
v 0.0422187 0.25 -0.235625 
v 0.0140729 0.25 -0.251875 
v 0.0825208 0.625 -0.14293 
v 0.0727265 0.625 -0.148316 
v 0.0770238 0.5625 -0.157451 
v 0.0925417 0.5 -0.160287 
v 0.170632 0.5 -0.105316 
v 0.102562 0.375 -0.177643 
v 0.0813211 0.5 -0.166586 
v 0.0899158 0.375 -0.184855 
v 0.107573 0.3125 -0.186322 
v 0.0684292 0.6875 -0.139181 
v 0.0457375 0.53125 -0.178315 
v 0.0343828 0.53125 -0.183081 
v 0.0410906 0.5 -0.186387 
v 0.0352534 0.5 -0.188919 
v 0.0642386 0.5 -0.175509 
v 0.060948 0.5625 -0.165559 
v 0.0555172 0.5625 -0.168081 
v 0.0699633 0.5 -0.172606 
v 0.0663447 0.5625 -0.162945 
v 0.0627262 0.625 -0.153284 
v 0.0584866 0.5 -0.17834 
v 0.0500551 0.5625 -0.170512 
v 0.0576574 0.625 -0.155608 
v 0.0525477 0.625 -0.157822 
v 0.0474005 0.625 -0.159927 
v 0.0445648 0.5625 -0.17285 
v 0.0527097 0.5 -0.181097 
v 0.0422195 0.625 -0.161919 
v 0.0433922 0.59375 -0.167384 
v 0.0326414 0.59375 -0.171405 
v 0.0176609 0.5 -0.196057 
v 0.0172299 0.53125 -0.189588 
v 0.0114913 0.53125 -0.191583 
v 0.0235361 0.5 -0.193755 
v 0.0229598 0.53125 -0.187505 
v 0.0294011 0.5 -0.191375 
v 0.0335121 0.5625 -0.177243 
v 0.0279558 0.5625 -0.179297 
v 0.0117782 0.5 -0.198282 
v 0.0057471 0.53125 -0.193491 
v 0.0223836 0.5625 -0.181256 
v 0.0167988 0.5625 -0.183118 
v 0.0112045 0.5625 -0.184884 
v 0.00560384 0.5625 -0.186553 
v 0.00589036 0.5 -0.20043 
v 0.0218074 0.59375 -0.175007 
v 0.0163678 0.59375 -0.176649 
v 0.0272331 0.59375 -0.173258 
v 0.0370083 0.625 -0.1638 
v 0.0317708 0.625 -0.165567 
v 0.0265105 0.625 -0.167219 
v 0.0212312 0.625 -0.168757 
v 0.00546058 0.59375 -0.179615 
v 0.0159367 0.625 -0.170179 
v 0.0109177 0.59375 -0.178185 
v 0.0106308 0.625 -0.171486 
v 0.00531731 0.625 -0.172676 
v 0.0410468 0.65625 -0.156454 
v 0.0359878 0.65625 -0.158153 
v 0.0591076 0.6875 -0.143623 
v 0.0543669 0.6875 -0.145657 
v 0.0637964 0.6875 -0.141464 
v 0.0495782 0.6875 -0.147564 
v 0.0447459 0.6875 -0.149341 
v 0.0398741 0.6875 -0.150989 
v 0.0349672 0.6875 -0.152506 
v 0.0155057 0.65625 -0.16371 
v 0.0309001 0.65625 -0.159728 
v 0.0257878 0.65625 -0.16118 
v 0.0300294 0.6875 -0.15389 
v 0.0250651 0.6875 -0.155141 
v 0.020655 0.65625 -0.162508 
v 0.0200787 0.6875 -0.156258 
v 0.00517405 0.65625 -0.165738 
v 0.0150746 0.6875 -0.157241 
v 0.010344 0.65625 -0.164787 
v 0.0100571 0.6875 -0.158088 
v 0.00503079 0.6875 -0.158799 
v 0.0146435 0.71875 -0.150771 
v 0.00488753 0.71875 -0.151861 
v 0.00977029 0.71875 -0.151389 
v 0.13048 0.5 -0.136196 
v 0.135703 0.5 -0.132515 
v 0.12741 0.5625 -0.125019 
v 0.140946 0.65625 -0.0873497 
v 0.146883 0.625 -0.090943 
v 0.141298 0.5625 -0.113859 
v 0.151035 0.5 -0.12115 
v 0.150904 0.53125 -0.113636 
v 0.156029 0.5 -0.11726 
v 0.152821 0.59375 -0.0945363 
v 0.158758 0.5625 -0.0981296 
v 0.16096 0.5 -0.113323 
v 0.165828 0.5 -0.109341 
v 0.16017 0.53125 -0.105743 
v 0.164695 0.53125 -0.101723 
v 0.155573 0.53125 -0.109715 
v 0.154512 0.5625 -0.102145 
v 0.150186 0.5625 -0.106107 
v 0.148854 0.59375 -0.0985475 
v 0.143196 0.625 -0.0949495 
v 0.139411 0.625 -0.0988913 
v 0.144799 0.59375 -0.102499 
v 0.14578 0.5625 -0.110013 
v 0.140656 0.59375 -0.106389 
v 0.136741 0.5625 -0.117644 
v 0.132111 0.5625 -0.121365 
v 0.140871 0.5 -0.128779 
v 0.131561 0.625 -0.106568 
v 0.145982 0.5 -0.12499 
v 0.1275 0.625 -0.110298 
v 0.123351 0.625 -0.11395 
v 0.119117 0.625 -0.117523 
v 0.135532 0.625 -0.102765 
v 0.130408 0.65625 -0.0991416 
v 0.129072 0.71875 -0.0801631 
v 0.135009 0.6875 -0.0837564 
v 0.137538 0.65625 -0.0913516 
v 0.134024 0.65625 -0.0952833 
v 0.131879 0.6875 -0.0877536 
v 0.128637 0.6875 -0.0916753 
v 0.125284 0.6875 -0.0955179 
v 0.126221 0.71875 -0.0841556 
v 0.12325 0.71875 -0.0880673 
v 0.12016 0.71875 -0.0918941 
v 0.121824 0.6875 -0.0992777 
v 0.122879 0.65625 -0.106624 
v 0.126692 0.65625 -0.102923 
v 0.11897 0.65625 -0.110243 
v 0.118258 0.6875 -0.102951 
v 0.11497 0.65625 -0.113775 
v 0.11459 0.6875 -0.106535 
v 0.110824 0.6875 -0.110027 
v 0.106961 0.6875 -0.113422 
v 0.1148 0.625 -0.121013 
v 0.103607 0.5 -0.153719 
v 0.1145 0.5 -0.146893 
v 0.107942 0.5625 -0.138929 
v 0.125204 0.5 -0.139821 
v 0.117804 0.5625 -0.13212 
v 0.112904 0.5625 -0.135562 
v 0.12264 0.5625 -0.128605 
v 0.110404 0.625 -0.124419 
v 0.105932 0.625 -0.127737 
v 0.0978446 0.5625 -0.14543 
v 0.101385 0.625 -0.130965 
v 0.0948277 0.6875 -0.123 
v 0.0906134 0.6875 -0.125981 
v 0.0920823 0.625 -0.137141 
v 0.103005 0.6875 -0.116718 
v 0.0989593 0.6875 -0.119912 
v 0.08632 0.6875 -0.128852 
v 0.182507 0.4375 -0.112503 
v 0.194381 0.375 -0.119689 
v 0.160582 0.3125 -0.155004 
v 0.178327 0.28125 -0.150702 
v 0.191897 0.28125 -0.142626 
v 0.199777 0.3125 -0.130929 
v 0.205436 0.28125 -0.134527 
v 0.186773 0.3125 -0.139003 
v 0.194119 0.34375 -0.127331 
v 0.188461 0.375 -0.123733 
v 0.182509 0.375 -0.127755 
v 0.181649 0.34375 -0.135379 
v 0.173706 0.3125 -0.147029 
v 0.169086 0.34375 -0.143356 
v 0.176525 0.375 -0.131755 
v 0.17051 0.375 -0.135731 
v 0.164465 0.375 -0.139683 
v 0.158391 0.375 -0.143608 
v 0.156435 0.34375 -0.151256 
v 0.134172 0.3125 -0.170786 
v 0.140003 0.375 -0.155223 
v 0.147402 0.3125 -0.162924 
v 0.127614 0.375 -0.162822 
v 0.115132 0.375 -0.170297 
v 0.152289 0.375 -0.147508 
v 0.143996 0.4375 -0.140011 
v 0.138319 0.4375 -0.143788 
v 0.166277 0.4375 -0.124508 
v 0.177145 0.4375 -0.116537 
v 0.171734 0.4375 -0.120539 
v 0.155224 0.4375 -0.132336 
v 0.160773 0.4375 -0.12844 
v 0.149631 0.4375 -0.136194 
v 0.121057 0.4375 -0.154857 
v 0.132603 0.4375 -0.147522 
v 0.0539463 0.3125 -0.21657 
v 0.0404774 0.3125 -0.223949 
v 0.0708198 0.375 -0.195411 
v 0.0644256 0.375 -0.198857 
v 0.0772004 0.375 -0.191928 
v 0.0580189 0.375 -0.202267 
v 0.0516009 0.375 -0.20564 
v 0.0469102 0.5 -0.18378 
v 0.0492556 0.4375 -0.19471 
v 0.0431318 0.4375 -0.197681 
v 0.0275696 0.28125 -0.237501 
v 0.0137861 0.28125 -0.245176 
v 0.0451729 0.375 -0.208975 
v 0.0387361 0.375 -0.212272 
v 0.0396067 0.34375 -0.21811 
v 0.0269934 0.3125 -0.231251 
v 0.0264172 0.34375 -0.225002 
v 0.0322917 0.375 -0.215531 
v 0.0132124 0.34375 -0.231778 
v 0.0134992 0.3125 -0.238477 
v 0.0193851 0.375 -0.221935 
v 0.0258409 0.375 -0.218752 
v 0.00646341 0.375 -0.228184 
v 0.0129255 0.375 -0.225079 
v 0.018523 0.4375 -0.208996 
v 0.0369947 0.4375 -0.200596 
v 0.0308464 0.4375 -0.203453 
v 0.0246885 0.4375 -0.206254 
v 0.00617689 0.4375 -0.214307 
v 0.0123519 0.4375 -0.21168 
v 0.17537 0.5 0.10125 
v 0.169146 0.53125 0.0976563 
v 0.225167 0.25 -0.01625 
v 0.225167 0.25 5.20417e-18 
v 0.225167 0.25 0.11375 
v 0.225167 0.25 0.13 
v 0.218942 0.28125 0.126406 
v 0.144247 0.65625 0.0832813 
v 0.156696 0.59375 0.0904688 
v 0.162921 0.5625 0.0940625 
v 0.150472 0.625 0.086875 
v 0.131798 0.71875 0.0760937 
v 0.138023 0.6875 0.0796875 
v 0.187819 0.4375 0.108437 
v 0.225167 0.25 0.05 
v 0.225167 0.25 0.04875 
v 0.225167 0.25 0.08125 
v 0.225167 0.25 0.0975 
v 0.212717 0.3125 0.122813 
v 0.206493 0.34375 0.119219 
v 0.225167 0.25 0.1 
v 0.200268 0.375 0.115625 
v 0.225167 0.25 0.065 
v 0.225167 0.25 0.0325 
v 0.225167 0.25 -0.065 
v 0.225167 0.25 -0.0325 
v 0.225167 0.25 -0.05 
v 0.225167 0.25 -0.04875 
v 0.225167 0.25 -0.056875 
v 0.225167 0.25 -0.11375 
v 0.225167 0.25 -0.1 
v 0.225167 0.25 -0.08125 
v 0.225167 0.25 -0.0975 
v 0.165042 0.625 1.18395e-16 
v 0.164809 0.625 -0.0111751 
v 0.174868 0.5625 -0.0120209 
v 0.185083 0.5 7.89299e-17 
v 0.176523 0.5 0.0951138 
v 0.205125 0.375 3.9465e-17 
v 0.184928 0.5 -0.0128667 
v 0.205047 0.375 -0.0145584 
v 0.215146 0.3125 1.95156e-17 
v 0.154749 0.6875 -0.0103293 
v 0.177294 0.53125 -0.0495474 
v 0.175744 0.53125 -0.0617643 
v 0.181961 0.5 -0.0576081 
v 0.181236 0.5 -0.0639294 
v 0.184115 0.5 -0.0321224 
v 0.173852 0.5625 -0.0299968 
v 0.173321 0.5625 -0.0359613 
v 0.184463 0.5 -0.0257131 
v 0.174287 0.5625 -0.0240164 
v 0.164111 0.625 -0.0223197 
v 0.18369 0.5 -0.038519 
v 0.172695 0.5625 -0.0419069 
v 0.163589 0.625 -0.0278711 
v 0.162952 0.625 -0.0334036 
v 0.162201 0.625 -0.0389133 
v 0.171975 0.5625 -0.0478305 
v 0.183189 0.5 -0.0449005 
v 0.161336 0.625 -0.0443966 
v 0.166655 0.59375 -0.0461135 
v 0.164762 0.59375 -0.0574341 
v 0.178621 0.5 -0.0827338 
v 0.172803 0.53125 -0.0798724 
v 0.171662 0.53125 -0.0858398 
v 0.179565 0.5 -0.0764945 
v 0.173864 0.53125 -0.0738689 
v 0.180436 0.5 -0.0702256 
v 0.170253 0.5625 -0.0595992 
v 0.169254 0.5625 -0.0654383 
v 0.177607 0.5 -0.0889409 
v 0.170442 0.53125 -0.0917686 
v 0.168164 0.5625 -0.0712432 
v 0.166985 0.5625 -0.0770109 
v 0.165717 0.5625 -0.0827387 
v 0.164362 0.5625 -0.0884235 
v 0.176523 0.5 -0.0951138 
v 0.162464 0.59375 -0.0686175 
v 0.161166 0.59375 -0.0741495 
v 0.163663 0.59375 -0.0630446 
v 0.160359 0.625 -0.0498497 
v 0.15927 0.625 -0.055269 
v 0.158071 0.625 -0.0606509 
v 0.156764 0.625 -0.0659918 
v 0.158281 0.59375 -0.0850783 
v 0.155348 0.625 -0.0712881 
v 0.159772 0.59375 -0.0796375 
v 0.153827 0.625 -0.0765364 
v 0.152201 0.625 -0.0817331 
v 0.156017 0.65625 -0.0426796 
v 0.154958 0.65625 -0.0479101 
v 0.153935 0.6875 -0.020623 
v 0.153326 0.6875 -0.0257455 
v 0.15441 0.6875 -0.0154828 
v 0.152583 0.6875 -0.0308458 
v 0.151706 0.6875 -0.0359197 
v 0.150698 0.6875 -0.0409627 
v 0.149558 0.6875 -0.0459705 
v 0.14953 0.65625 -0.0684267 
v 0.153779 0.65625 -0.053104 
v 0.15248 0.65625 -0.0582573 
v 0.148288 0.6875 -0.0509389 
v 0.146889 0.6875 -0.0558636 
v 0.151063 0.65625 -0.0633661 
v 0.145363 0.6875 -0.0607405 
v 0.14612 0.65625 -0.078388 
v 0.143712 0.6875 -0.0655653 
v 0.147882 0.65625 -0.0734353 
v 0.141937 0.6875 -0.0703341 
v 0.14004 0.6875 -0.0750428 
v 0.137893 0.71875 -0.0627039 
v 0.133959 0.71875 -0.0716977 
v 0.135992 0.71875 -0.067233 
v 0.183189 0.5 0.0449005 
v 0.182613 0.5 0.0512644 
v 0.171975 0.5625 0.0478305 
v 0.14612 0.65625 0.078388 
v 0.152201 0.625 0.0817331 
v 0.169254 0.5625 0.0654383 
v 0.180436 0.5 0.0702256 
v 0.173864 0.53125 0.0738689 
v 0.179565 0.5 0.0764945 
v 0.158281 0.59375 0.0850783 
v 0.164362 0.5625 0.0884235 
v 0.178621 0.5 0.0827338 
v 0.177607 0.5 0.0889409 
v 0.171662 0.53125 0.0858398 
v 0.170442 0.53125 0.0917686 
v 0.172803 0.53125 0.0798724 
v 0.165717 0.5625 0.0827387 
v 0.166985 0.5625 0.0770109 
v 0.159772 0.59375 0.0796375 
v 0.153827 0.625 0.0765364 
v 0.155348 0.625 0.0712881 
v 0.161166 0.59375 0.0741495 
v 0.168164 0.5625 0.0712432 
v 0.162464 0.59375 0.0686175 
v 0.170253 0.5625 0.0595992 
v 0.17116 0.5625 0.0537289 
v 0.181961 0.5 0.0576081 
v 0.158071 0.625 0.0606509 
v 0.181236 0.5 0.0639294 
v 0.15927 0.625 0.055269 
v 0.160359 0.625 0.0498497 
v 0.161336 0.625 0.0443966 
v 0.156764 0.625 0.0659918 
v 0.151063 0.65625 0.0633661 
v 0.133959 0.71875 0.0716977 
v 0.14004 0.6875 0.0750428 
v 0.147882 0.65625 0.0734353 
v 0.14953 0.65625 0.0684267 
v 0.141937 0.6875 0.0703341 
v 0.143712 0.6875 0.0655653 
v 0.145363 0.6875 0.0607405 
v 0.135992 0.71875 0.067233 
v 0.137893 0.71875 0.0627039 
v 0.139663 0.71875 0.0581148 
v 0.146889 0.6875 0.0558636 
v 0.153779 0.65625 0.053104 
v 0.15248 0.65625 0.0582573 
v 0.154958 0.65625 0.0479101 
v 0.148288 0.6875 0.0509389 
v 0.156017 0.65625 0.0426796 
v 0.149558 0.6875 0.0459705 
v 0.150698 0.6875 0.0409627 
v 0.151706 0.6875 0.0359197 
v 0.162201 0.625 0.0389133 
v 0.184928 0.5 0.0128667 
v 0.184463 0.5 0.0257131 
v 0.174287 0.5625 0.0240164 
v 0.18369 0.5 0.038519 
v 0.173321 0.5625 0.0359613 
v 0.173852 0.5625 0.0299968 
v 0.172695 0.5625 0.0419069 
v 0.162952 0.625 0.0334036 
v 0.163589 0.625 0.0278711 
v 0.174868 0.5625 0.0120209 
v 0.164111 0.625 0.0223197 
v 0.153935 0.6875 0.020623 
v 0.15441 0.6875 0.0154828 
v 0.164809 0.625 0.0111751 
v 0.152583 0.6875 0.0308458 
v 0.153326 0.6875 0.0257455 
v 0.154749 0.6875 0.0103293 
v 0.188684 0.4375 0.101804 
v 0.200845 0.375 0.108494 
v 0.214528 0.3125 0.0615661 
v 0.214798 0.3125 0.0461923 
v 0.219466 0.28125 0.0948743 
v 0.213277 0.3125 0.107548 
v 0.219222 0.28125 0.110649 
v 0.213766 0.3125 0.0922486 
v 0.207332 0.34375 0.104447 
v 0.201387 0.375 0.101345 
v 0.201894 0.375 0.0941794 
v 0.208066 0.34375 0.089623 
v 0.214184 0.3125 0.0769198 
v 0.219675 0.28125 0.0790849 
v 0.208693 0.34375 0.0747548 
v 0.202366 0.375 0.0869973 
v 0.202802 0.375 0.0798003 
v 0.203201 0.375 0.0725897 
v 0.203564 0.375 0.0653666 
v 0.209209 0.34375 0.0598491 
v 0.214991 0.3125 0.0308033 
v 0.204428 0.375 0.0436345 
v 0.204815 0.375 0.0291066 
v 0.205047 0.375 0.0145584 
v 0.20389 0.375 0.0581322 
v 0.193251 0.4375 0.0546983 
v 0.193684 0.4375 0.0478941 
v 0.190965 0.4375 0.0817459 
v 0.189497 0.4375 0.0951432 
v 0.190257 0.4375 0.0884566 
v 0.192218 0.4375 0.0682595 
v 0.191619 0.4375 0.075013 
v 0.192763 0.4375 0.0614874 
v 0.194639 0.4375 0.0274099 
v 0.194059 0.4375 0.0410768 
v 0.214528 0.3125 -0.0615661 
v 0.214184 0.3125 -0.0769198 
v 0.204641 0.375 -0.0363737 
v 0.204428 0.375 -0.0436345 
v 0.204815 0.375 -0.0291066 
v 0.204178 0.375 -0.0508878 
v 0.20389 0.375 -0.0581322 
v 0.182613 0.5 -0.0512644 
v 0.193251 0.4375 -0.0546983 
v 0.192763 0.4375 -0.0614874 
v 0.219222 0.28125 -0.110649 
v 0.219466 0.28125 -0.0948743 
v 0.203564 0.375 -0.0653666 
v 0.203201 0.375 -0.0725897 
v 0.208693 0.34375 -0.0747548 
v 0.213766 0.3125 -0.0922486 
v 0.208066 0.34375 -0.089623 
v 0.202802 0.375 -0.0798003 
v 0.207332 0.34375 -0.104447 
v 0.213277 0.3125 -0.107548 
v 0.201894 0.375 -0.0941794 
v 0.202366 0.375 -0.0869973 
v 0.200845 0.375 -0.108494 
v 0.201387 0.375 -0.101345 
v 0.190257 0.4375 -0.0884566 
v 0.192218 0.4375 -0.0682595 
v 0.191619 0.4375 -0.075013 
v 0.190965 0.4375 -0.0817459 
v 0.188684 0.4375 -0.101804 
v 0.189497 0.4375 -0.0951432 
v -5.7454e-17 0.5 0.2025 
v -6.63705e-17 0.53125 0.195313 
v 0.126656 0.25 0.186875 
v 0.112583 0.25 0.195 
v 0.0140729 0.25 0.251875 
v 3.46945e-17 0.25 0.26 
v 4.96131e-18 0.28125 0.252813 
v -1.02036e-16 0.65625 0.166563 
v -8.42035e-17 0.59375 0.180938 
v -7.5287e-17 0.5625 0.188125 
v -9.312e-17 0.625 0.17375 
v -1.19869e-16 0.71875 0.152188 
v -1.10953e-16 0.6875 0.159375 
v -3.96211e-17 0.4375 0.216875 
v 0.0703646 0.25 0.219375 
v 0.0562917 0.25 0.2275 
v 0.0422187 0.25 0.235625 
v 0.0281458 0.25 0.24375 
v -3.95517e-18 0.3125 0.245625 
v -1.28716e-17 0.34375 0.238438 
v -2.17881e-17 0.375 0.23125 
v 0.0866025 0.25 0.21 
v 0.0844375 0.25 0.21125 
v 0.179904 0.25 0.156132 
v 0.168875 0.25 0.1625 
v 0.182948 0.25 0.154375 
v 0.140729 0.25 0.17875 
v 0.154802 0.25 0.170625 
v 0.161838 0.25 0.166562 
v 0.197021 0.25 0.14625 
v 0.190526 0.25 0.15 
v 0.211094 0.25 0.138125 
v 0.0825208 0.625 0.14293 
v 0.0920823 0.625 0.137141 
v 0.0978446 0.5625 0.14543 
v 0.0925417 0.5 0.160287 
v 0.00589036 0.5 0.20043 
v 0.102562 0.375 0.177643 
v 0.103607 0.5 0.153719 
v 0.115132 0.375 0.170297 
v 0.107573 0.3125 0.186322 
v 0.08632 0.6875 0.128852 
v 0.131556 0.53125 0.128767 
v 0.141362 0.53125 0.121317 
v 0.140871 0.5 0.128779 
v 0.145982 0.5 0.12499 
v 0.119876 0.5 0.143387 
v 0.112904 0.5625 0.135562 
v 0.117804 0.5625 0.13212 
v 0.1145 0.5 0.146893 
v 0.107942 0.5625 0.138929 
v 0.101385 0.625 0.130965 
v 0.125204 0.5 0.139821 
v 0.12264 0.5625 0.128605 
v 0.105932 0.625 0.127737 
v 0.110404 0.625 0.124419 
v 0.1148 0.625 0.121013 
v 0.12741 0.5625 0.125019 
v 0.13048 0.5 0.136196 
v 0.119117 0.625 0.117523 
v 0.123263 0.59375 0.121271 
v 0.13212 0.59375 0.113971 
v 0.16096 0.5 0.113323 
v 0.155573 0.53125 0.109715 
v 0.16017 0.53125 0.105743 
v 0.156029 0.5 0.11726 
v 0.150904 0.53125 0.113636 
v 0.151035 0.5 0.12115 
v 0.136741 0.5625 0.117644 
v 0.141298 0.5625 0.113859 
v 0.165828 0.5 0.109341 
v 0.164695 0.53125 0.101723 
v 0.14578 0.5625 0.110013 
v 0.150186 0.5625 0.106107 
v 0.154512 0.5625 0.102145 
v 0.158758 0.5625 0.0981296 
v 0.170632 0.5 0.105316 
v 0.140656 0.59375 0.106389 
v 0.144799 0.59375 0.102499 
v 0.13643 0.59375 0.110214 
v 0.123351 0.625 0.11395 
v 0.1275 0.625 0.110298 
v 0.131561 0.625 0.106568 
v 0.135532 0.625 0.102765 
v 0.152821 0.59375 0.0945363 
v 0.139411 0.625 0.0988913 
v 0.148854 0.59375 0.0985475 
v 0.143196 0.625 0.0949495 
v 0.146883 0.625 0.090943 
v 0.11497 0.65625 0.113775 
v 0.11897 0.65625 0.110243 
v 0.0948277 0.6875 0.123 
v 0.0989593 0.6875 0.119912 
v 0.0906134 0.6875 0.125981 
v 0.103005 0.6875 0.116718 
v 0.106961 0.6875 0.113422 
v 0.110824 0.6875 0.110027 
v 0.11459 0.6875 0.106535 
v 0.134024 0.65625 0.0952833 
v 0.122879 0.65625 0.106624 
v 0.126692 0.65625 0.102923 
v 0.118258 0.6875 0.102951 
v 0.121824 0.6875 0.0992777 
v 0.130408 0.65625 0.0991416 
v 0.125284 0.6875 0.0955179 
v 0.140946 0.65625 0.0873497 
v 0.128637 0.6875 0.0916753 
v 0.137538 0.65625 0.0913516 
v 0.131879 0.6875 0.0877536 
v 0.135009 0.6875 0.0837564 
v 0.12325 0.71875 0.0880673 
v 0.129072 0.71875 0.0801631 
v 0.126221 0.71875 0.0841556 
v 0.0527097 0.5 0.181097 
v 0.0469102 0.5 0.18378 
v 0.0445648 0.5625 0.17285 
v 0.00517405 0.65625 0.165738 
v 0.00531731 0.625 0.172676 
v 0.0279558 0.5625 0.179297 
v 0.0294011 0.5 0.191375 
v 0.0229598 0.53125 0.187505 
v 0.0235361 0.5 0.193755 
v 0.00546058 0.59375 0.179615 
v 0.00560384 0.5625 0.186553 
v 0.0176609 0.5 0.196057 
v 0.0117782 0.5 0.198282 
v 0.0114913 0.53125 0.191583 
v 0.0057471 0.53125 0.193491 
v 0.0172299 0.53125 0.189588 
v 0.0112045 0.5625 0.184884 
v 0.0167988 0.5625 0.183118 
v 0.0109177 0.59375 0.178185 
v 0.0106308 0.625 0.171486 
v 0.0159367 0.625 0.170179 
v 0.0163678 0.59375 0.176649 
v 0.0223836 0.5625 0.181256 
v 0.0218074 0.59375 0.175007 
v 0.0335121 0.5625 0.177243 
v 0.0390495 0.5625 0.175094 
v 0.0410906 0.5 0.186387 
v 0.0265105 0.625 0.167219 
v 0.0352534 0.5 0.188919 
v 0.0317708 0.625 0.165567 
v 0.0370083 0.625 0.1638 
v 0.0422195 0.625 0.161919 
v 0.0212312 0.625 0.168757 
v 0.020655 0.65625 0.162508 
v 0.00488753 0.71875 0.151861 
v 0.00503079 0.6875 0.158799 
v 0.010344 0.65625 0.164787 
v 0.0155057 0.65625 0.16371 
v 0.0100571 0.6875 0.158088 
v 0.0150746 0.6875 0.157241 
v 0.0200787 0.6875 0.156258 
v 0.00977029 0.71875 0.151389 
v 0.0146435 0.71875 0.150771 
v 0.0195025 0.71875 0.150009 
v 0.0250651 0.6875 0.155141 
v 0.0309001 0.65625 0.159728 
v 0.0257878 0.65625 0.16118 
v 0.0359878 0.65625 0.158153 
v 0.0300294 0.6875 0.15389 
v 0.0410468 0.65625 0.156454 
v 0.0349672 0.6875 0.152506 
v 0.0398741 0.6875 0.150989 
v 0.0447459 0.6875 0.149341 
v 0.0474005 0.625 0.159927 
v 0.0813211 0.5 0.166586 
v 0.0699633 0.5 0.172606 
v 0.0663447 0.5625 0.162945 
v 0.0584866 0.5 0.17834 
v 0.0555172 0.5625 0.168081 
v 0.060948 0.5625 0.165559 
v 0.0500551 0.5625 0.170512 
v 0.0525477 0.625 0.157822 
v 0.0576574 0.625 0.155608 
v 0.0770238 0.5625 0.157451 
v 0.0627262 0.625 0.153284 
v 0.0591076 0.6875 0.143623 
v 0.0637964 0.6875 0.141464 
v 0.0727265 0.625 0.148316 
v 0.0495782 0.6875 0.147564 
v 0.0543669 0.6875 0.145657 
v 0.0684292 0.6875 0.139181 
v 0.00617689 0.4375 0.214307 
v 0.00646341 0.375 0.228184 
v 0.0539463 0.3125 0.21657 
v 0.0275696 0.28125 0.237501 
v 0.0134992 0.3125 0.238477 
v 0.0137861 0.28125 0.245176 
v 0.0269934 0.3125 0.231251 
v 0.0132124 0.34375 0.231778 
v 0.0129255 0.375 0.225079 
v 0.0193851 0.375 0.221935 
v 0.0264172 0.34375 0.225002 
v 0.0404774 0.3125 0.223949 
v 0.0413481 0.28125 0.229787 
v 0.0396067 0.34375 0.21811 
v 0.0258409 0.375 0.218752 
v 0.0322917 0.375 0.215531 
v 0.0387361 0.375 0.212272 
v 0.0451729 0.375 0.208975 
v 0.0527736 0.34375 0.211105 
v 0.0808189 0.3125 0.201589 
v 0.0644256 0.375 0.198857 
v 0.0673951 0.3125 0.209116 
v 0.0772004 0.375 0.191928 
v 0.0899158 0.375 0.184855 
v 0.0516009 0.375 0.20564 
v 0.0492556 0.4375 0.19471 
v 0.0553643 0.4375 0.191682 
v 0.0246885 0.4375 0.206254 
v 0.0123519 0.4375 0.21168 
v 0.018523 0.4375 0.208996 
v 0.0369947 0.4375 0.200596 
v 0.0308464 0.4375 0.203453 
v 0.0431318 0.4375 0.197681 
v 0.0735818 0.4375 0.182267 
v 0.0614561 0.4375 0.188599 
v 0.173706 0.3125 0.147029 
v 0.133821 0.375 0.159037 
v 0.140003 0.375 0.155223 
v 0.127614 0.375 0.162822 
v 0.146159 0.375 0.151379 
v 0.152289 0.375 0.147508 
v 0.160582 0.3125 0.155004 
v 0.135703 0.5 0.132515 
v 0.143996 0.4375 0.140011 
v 0.149631 0.4375 0.136194 
v 0.191897 0.28125 0.142626 
v 0.205436 0.28125 0.134527 
v 0.158391 0.375 0.143608 
v 0.164465 0.375 0.139683 
v 0.169086 0.34375 0.143356 
v 0.186773 0.3125 0.139003 
v 0.181649 0.34375 0.135379 
v 0.17051 0.375 0.135731 
v 0.194119 0.34375 0.127331 
v 0.199777 0.3125 0.130929 
v 0.182509 0.375 0.127755 
v 0.176525 0.375 0.131755 
v 0.194381 0.375 0.119689 
v 0.188461 0.375 0.123733 
v 0.171734 0.4375 0.120539 
v 0.155224 0.4375 0.132336 
v 0.160773 0.4375 0.12844 
v 0.166277 0.4375 0.124508 
v 0.182507 0.4375 0.112503 
v 0.177145 0.4375 0.116537 
v -0.0985104 0.25 0.203125 
v -0.112583 0.25 0.195 
v -0.211094 0.25 0.138125 
v -0.154802 0.25 0.170625 
v -0.168875 0.25 0.1625 
v -0.182948 0.25 0.154375 
v -0.190526 0.25 0.15 
v -0.197021 0.25 0.14625 
v -0.179904 0.25 0.156132 
v -0.140729 0.25 0.17875 
v -0.0562917 0.25 0.2275 
v -0.0844375 0.25 0.21125 
v -0.0866025 0.25 0.21 
v -0.0703646 0.25 0.219375 
v -0.0633281 0.25 0.223438 
v -0.0281458 0.25 0.24375 
v -0.0422187 0.25 0.235625 
v -0.0140729 0.25 0.251875 
v -0.0825208 0.625 0.14293 
v -0.0727265 0.625 0.148316 
v -0.0770238 0.5625 0.157451 
v -0.0925417 0.5 0.160287 
v -0.170632 0.5 0.105316 
v -0.102562 0.375 0.177643 
v -0.0813211 0.5 0.166586 
v -0.0899158 0.375 0.184855 
v -0.107573 0.3125 0.186322 
v -0.0684292 0.6875 0.139181 
v -0.0457375 0.53125 0.178315 
v -0.0343828 0.53125 0.183081 
v -0.0410906 0.5 0.186387 
v -0.0352534 0.5 0.188919 
v -0.0642386 0.5 0.175509 
v -0.060948 0.5625 0.165559 
v -0.0555172 0.5625 0.168081 
v -0.0699633 0.5 0.172606 
v -0.0663447 0.5625 0.162945 
v -0.0627262 0.625 0.153284 
v -0.0584866 0.5 0.17834 
v -0.0500551 0.5625 0.170512 
v -0.0576574 0.625 0.155608 
v -0.0525477 0.625 0.157822 
v -0.0474005 0.625 0.159927 
v -0.0445648 0.5625 0.17285 
v -0.0527097 0.5 0.181097 
v -0.0422195 0.625 0.161919 
v -0.0433922 0.59375 0.167384 
v -0.0326414 0.59375 0.171405 
v -0.0176609 0.5 0.196057 
v -0.0172299 0.53125 0.189588 
v -0.0114913 0.53125 0.191583 
v -0.0235361 0.5 0.193755 
v -0.0229598 0.53125 0.187505 
v -0.0294011 0.5 0.191375 
v -0.0335121 0.5625 0.177243 
v -0.0279558 0.5625 0.179297 
v -0.0117782 0.5 0.198282 
v -0.0057471 0.53125 0.193491 
v -0.0223836 0.5625 0.181256 
v -0.0167988 0.5625 0.183118 
v -0.0112045 0.5625 0.184884 
v -0.00560384 0.5625 0.186553 
v -0.00589036 0.5 0.20043 
v -0.0218074 0.59375 0.175007 
v -0.0163678 0.59375 0.176649 
v -0.0272331 0.59375 0.173258 
v -0.0370083 0.625 0.1638 
v -0.0317708 0.625 0.165567 
v -0.0265105 0.625 0.167219 
v -0.0212312 0.625 0.168757 
v -0.00546058 0.59375 0.179615 
v -0.0159367 0.625 0.170179 
v -0.0109177 0.59375 0.178185 
v -0.0106308 0.625 0.171486 
v -0.00531731 0.625 0.172676 
v -0.0410468 0.65625 0.156454 
v -0.0359878 0.65625 0.158153 
v -0.0591076 0.6875 0.143623 
v -0.0543669 0.6875 0.145657 
v -0.0637964 0.6875 0.141464 
v -0.0495782 0.6875 0.147564 
v -0.0447459 0.6875 0.149341 
v -0.0398741 0.6875 0.150989 
v -0.0349672 0.6875 0.152506 
v -0.0155057 0.65625 0.16371 
v -0.0309001 0.65625 0.159728 
v -0.0257878 0.65625 0.16118 
v -0.0300294 0.6875 0.15389 
v -0.0250651 0.6875 0.155141 
v -0.020655 0.65625 0.162508 
v -0.0200787 0.6875 0.156258 
v -0.00517405 0.65625 0.165738 
v -0.0150746 0.6875 0.157241 
v -0.010344 0.65625 0.164787 
v -0.0100571 0.6875 0.158088 
v -0.00503079 0.6875 0.158799 
v -0.0146435 0.71875 0.150771 
v -0.00488753 0.71875 0.151861 
v -0.00977029 0.71875 0.151389 
v -0.13048 0.5 0.136196 
v -0.135703 0.5 0.132515 
v -0.12741 0.5625 0.125019 
v -0.140946 0.65625 0.0873497 
v -0.146883 0.625 0.090943 
v -0.141298 0.5625 0.113859 
v -0.151035 0.5 0.12115 
v -0.150904 0.53125 0.113636 
v -0.156029 0.5 0.11726 
v -0.152821 0.59375 0.0945363 
v -0.158758 0.5625 0.0981296 
v -0.16096 0.5 0.113323 
v -0.165828 0.5 0.109341 
v -0.16017 0.53125 0.105743 
v -0.164695 0.53125 0.101723 
v -0.155573 0.53125 0.109715 
v -0.154512 0.5625 0.102145 
v -0.150186 0.5625 0.106107 
v -0.148854 0.59375 0.0985475 
v -0.143196 0.625 0.0949495 
v -0.139411 0.625 0.0988913 
v -0.144799 0.59375 0.102499 
v -0.14578 0.5625 0.110013 
v -0.140656 0.59375 0.106389 
v -0.136741 0.5625 0.117644 
v -0.132111 0.5625 0.121365 
v -0.140871 0.5 0.128779 
v -0.131561 0.625 0.106568 
v -0.145982 0.5 0.12499 
v -0.1275 0.625 0.110298 
v -0.123351 0.625 0.11395 
v -0.119117 0.625 0.117523 
v -0.135532 0.625 0.102765 
v -0.130408 0.65625 0.0991416 
v -0.129072 0.71875 0.0801631 
v -0.135009 0.6875 0.0837564 
v -0.137538 0.65625 0.0913516 
v -0.134024 0.65625 0.0952833 
v -0.131879 0.6875 0.0877536 
v -0.128637 0.6875 0.0916753 
v -0.125284 0.6875 0.0955179 
v -0.126221 0.71875 0.0841556 
v -0.12325 0.71875 0.0880673 
v -0.12016 0.71875 0.0918941 
v -0.121824 0.6875 0.0992777 
v -0.122879 0.65625 0.106624 
v -0.126692 0.65625 0.102923 
v -0.11897 0.65625 0.110243 
v -0.118258 0.6875 0.102951 
v -0.11497 0.65625 0.113775 
v -0.11459 0.6875 0.106535 
v -0.110824 0.6875 0.110027 
v -0.106961 0.6875 0.113422 
v -0.1148 0.625 0.121013 
v -0.103607 0.5 0.153719 
v -0.1145 0.5 0.146893 
v -0.107942 0.5625 0.138929 
v -0.125204 0.5 0.139821 
v -0.117804 0.5625 0.13212 
v -0.112904 0.5625 0.135562 
v -0.12264 0.5625 0.128605 
v -0.110404 0.625 0.124419 
v -0.105932 0.625 0.127737 
v -0.0978446 0.5625 0.14543 
v -0.101385 0.625 0.130965 
v -0.0948277 0.6875 0.123 
v -0.0906134 0.6875 0.125981 
v -0.0920823 0.625 0.137141 
v -0.103005 0.6875 0.116718 
v -0.0989593 0.6875 0.119912 
v -0.08632 0.6875 0.128852 
v -0.182507 0.4375 0.112503 
v -0.194381 0.375 0.119689 
v -0.160582 0.3125 0.155004 
v -0.178327 0.28125 0.150702 
v -0.191897 0.28125 0.142626 
v -0.199777 0.3125 0.130929 
v -0.205436 0.28125 0.134527 
v -0.186773 0.3125 0.139003 
v -0.194119 0.34375 0.127331 
v -0.188461 0.375 0.123733 
v -0.182509 0.375 0.127755 
v -0.181649 0.34375 0.135379 
v -0.173706 0.3125 0.147029 
v -0.169086 0.34375 0.143356 
v -0.176525 0.375 0.131755 
v -0.17051 0.375 0.135731 
v -0.164465 0.375 0.139683 
v -0.158391 0.375 0.143608 
v -0.156435 0.34375 0.151256 
v -0.134172 0.3125 0.170786 
v -0.140003 0.375 0.155223 
v -0.147402 0.3125 0.162924 
v -0.127614 0.375 0.162822 
v -0.115132 0.375 0.170297 
v -0.152289 0.375 0.147508 
v -0.143996 0.4375 0.140011 
v -0.138319 0.4375 0.143788 
v -0.166277 0.4375 0.124508 
v -0.177145 0.4375 0.116537 
v -0.171734 0.4375 0.120539 
v -0.155224 0.4375 0.132336 
v -0.160773 0.4375 0.12844 
v -0.149631 0.4375 0.136194 
v -0.121057 0.4375 0.154857 
v -0.132603 0.4375 0.147522 
v -0.0539463 0.3125 0.21657 
v -0.0404774 0.3125 0.223949 
v -0.0708198 0.375 0.195411 
v -0.0644256 0.375 0.198857 
v -0.0772004 0.375 0.191928 
v -0.0580189 0.375 0.202267 
v -0.0516009 0.375 0.20564 
v -0.0469102 0.5 0.18378 
v -0.0492556 0.4375 0.19471 
v -0.0431318 0.4375 0.197681 
v -0.0275696 0.28125 0.237501 
v -0.0137861 0.28125 0.245176 
v -0.0451729 0.375 0.208975 
v -0.0387361 0.375 0.212272 
v -0.0396067 0.34375 0.21811 
v -0.0269934 0.3125 0.231251 
v -0.0264172 0.34375 0.225002 
v -0.0322917 0.375 0.215531 
v -0.0132124 0.34375 0.231778 
v -0.0134992 0.3125 0.238477 
v -0.0193851 0.375 0.221935 
v -0.0258409 0.375 0.218752 
v -0.00646341 0.375 0.228184 
v -0.0129255 0.375 0.225079 
v -0.018523 0.4375 0.208996 
v -0.0369947 0.4375 0.200596 
v -0.0308464 0.4375 0.203453 
v -0.0246885 0.4375 0.206254 
v -0.00617689 0.4375 0.214307 
v -0.0123519 0.4375 0.21168 
v 0.136603 0 0.15 
v 0.148205 0 0.143301 
v 0.111603 0 0.106699 
v 0.123205 0 0.1 
v 0.179904 0 0.143301 
v 0.198205 0 0.0566987 
v 0.223205 0 0.1 
v 0.148205 0 0.0566987 
v 0.111603 0 0.0933013 
v 0.179904 0 0.0566987 
v 0.136603 0 0.05 
v 0.0866025 0 0.0933013 
v 0.05 0 0.1 
v 0.0616025 0 0.0933013 
v 0.025 0 0.0566987 
v 0.0366025 0 0.05 
v 0.0366025 0 0.15 
v 0.025 0 0.143301 
v 0 0 0.143301 
v 0.0866025 0 0.106699 
v 0.0616025 0 0.106699 
v 0.148205 0 0.0433013 
v 0.111603 0 0.00669873 
v 0.123205 0 -3.46945e-18 
v 0.179904 0 0.0433013 
v 0.198205 0 0.0433013 
v 0.223205 0 1.95156e-18 
v 0.198205 0 -0.0433013 
v 0.148205 0 -0.0433013 
v 0.111603 0 -0.00669873 
v 0.179904 0 -0.0433013 
v 0.136603 0 -0.05 
v 0.0866025 0 -0.00669873 
v 0.025 0 -0.0566987 
v 0.05 0 -0.1 
v 0.0616025 0 -0.0933013 
v 0 0 -0.0566987 
v 0.0366025 0 -0.05 
v 0.0866025 0 -0.0933013 
v 0.0366025 0 -0.15 
v 0.025 0 -0.143301 
v 0.0616025 0 -0.106699 
v 0 0 -0.143301 
v 0.148205 0 -0.0566987 
v 0.111603 0 -0.0933013 
v 0.123205 0 -0.1 
v 0.179904 0 -0.0566987 
v 0.198205 0 -0.0566987 
v 0.223205 0 -0.1 
v 0.136603 0 -0.15 
v 0.148205 0 -0.143301 
v 0.0866025 0 -0.106699 
v 0.111603 0 -0.106699 
v 0.179904 0 -0.143301 
v 0.025 0 0.0433013 
v 0.05 0 -2.77556e-17 
v 0.0616025 0 0.00669873 
v 0 0 0.0433013 
v 0.0866025 0 0.00669873 
v 0.0616025 0 -0.00669873 
v 0.025 0 -0.0433013 
v 0.198205 0 0.143301 
v 0.111603 0 0.193301 
v 0.0866025 0 0.193301 
v 0.025 0 0.243301 
v 0.0616025 0 0.193301 
v 0.05 0 0.2 
v 0.025 0 0.156699 
v 0 0 0.243301 
v 0.05 0 -0.2 
v 0.0616025 0 -0.193301 
v 0.0866025 0 -0.193301 
v 0.025 0 -0.156699 
v 0 0 -0.156699 
v 0.025 0 -0.243301 
v 0 0 -0.243301 
v 0.111603 0 -0.193301 
v 0.198205 0 -0.143301 
v -0.198205 0 -0.0433013 
v -0.223205 0 3.90313e-18 
v -0.179904 0 -0.0433013 
v -0.198205 0 0.0433013 
v -0.198205 0 0.0566987 
v -0.223205 0 0.1 
v -0.179904 0 0.0566987 
v -0.198205 0 0.143301 
v -0.0366025 0 -0.05 
v -0.025 0 -0.0566987 
v -0.0616025 0 -0.0933013 
v -0.05 0 -0.1 
v -0.123205 0 -8.67362e-18 
v -0.111603 0 -0.00669873 
v -0.148205 0 -0.0433013 
v -0.136603 0 -0.05 
v -0.0866025 0 -0.00669873 
v -0.05 0 2.08167e-17 
v -0.0616025 0 -0.00669873 
v 0 0 -0.0433013 
v -0.025 0 -0.0433013 
v -0.0616025 0 0.00669873 
v -0.025 0 0.0433013 
v -0.0366025 0 0.05 
v -0.0866025 0 0.00669873 
v -0.148205 0 0.0433013 
v -0.111603 0 0.00669873 
v -0.179904 0 0.0433013 
v -0.136603 0 0.05 
v -0.148205 0 0.0566987 
v -0.111603 0 0.0933013 
v -0.123205 0 0.1 
v -0.0616025 0 0.0933013 
v -0.025 0 0.0566987 
v -0.0866025 0 0.0933013 
v -0.05 0 0.1 
v 0 0 0.0566987 
v -0.0366025 0 0.15 
v -0.025 0 0.143301 
v -0.0616025 0 0.106699 
v -0.136603 0 0.15 
v -0.148205 0 0.143301 
v -0.0866025 0 0.106699 
v -0.111603 0 0.106699 
v -0.179904 0 0.143301 
v -0.111603 0 0.193301 
v -0.05 0 0.2 
v -0.0616025 0 0.193301 
v -0.0866025 0 0.193301 
v -0.025 0 0.156699 
v 0 0 0.156699 
v -0.025 0 0.243301 
v -0.198205 0 -0.0566987 
v -0.223205 0 -0.1 
v -0.148205 0 -0.0566987 
v -0.123205 0 -0.1 
v -0.111603 0 -0.0933013 
v -0.179904 0 -0.0566987 
v -0.0866025 0 -0.0933013 
v -0.179904 0 -0.143301 
v -0.198205 0 -0.143301 
v -0.025 0 -0.243301 
v -0.0616025 0 -0.193301 
v -0.05 0 -0.2 
v -0.025 0 -0.156699 
v -0.0366025 0 -0.15 
v -0.111603 0 -0.193301 
v -0.136603 0 -0.15 
v -0.0866025 0 -0.193301 
v -0.111603 0 -0.106699 
v -0.148205 0 -0.143301 
v -0.0866025 0 -0.106699 
v -0.025 0 -0.143301 
v -0.0616025 0 -0.106699 
v 0.179904 0 0.15 
v 0.0866025 0 0.1 
v 0.179904 0 0.05 
v 0 0 0.05 
v 0 0 0.15 
v 0.0866025 0 5.20417e-18 
v 0.179904 0 -0.05 
v 0 0 -0.05 
v 0.0866025 0 -0.1 
v 0 0 -0.15 
v 0.179904 0 -0.15 
v -0.179904 0 -0.05 
v -0.179904 0 0.05 
v -0.179904 0 0.15 
v -0.0866025 0 -0.1 
v -0.0866025 0 5.20417e-18 
v -0.0866025 0 0.1 
v -0.179904 0 -0.15 
v 0.198205 0.25 0.0566987 
v 0.223205 0.25 0.1 
v 0.179904 0.25 0.0566987 
v -0.0366025 0.25 -0.15 
v -0.025 0.25 -0.143301 
v -0.0616025 0.25 -0.106699 
v -0.05 0.25 -0.1 
v 0 0.25 -0.143301 
v 0.198205 0.25 -0.0433013 
v 0.223205 0.25 1.95156e-18 
v 0.179904 0.25 -0.0433013 
v 0.198205 0.25 0.0433013 
v 0.0366025 0.25 -0.15 
v 0.025 0.25 -0.143301 
v 0.05 0.25 -0.1 
v 0.0866025 0.25 -0.106699 
v 0.0616025 0.25 -0.106699 
v 0.198205 0.25 0.143301 
v 0.179904 0.25 0.143301 
v 0.111603 0.25 -0.193301 
v 0.136603 0.25 -0.15 
v 0.0866025 0.25 -0.193301 
v -0.136603 0.25 -0.15 
v -0.111603 0.25 -0.193301 
v -0.198205 0.25 0.0433013 
v -0.223205 0.25 3.46945e-18 
v -0.179904 0.25 0.0433013 
v -0.198205 0.25 -0.0433013 
v -0.223205 0.25 0.1 
v -0.198205 0.25 0.143301 
v -0.179904 0.25 0.143301 
v -0.198205 0.25 0.0566987 
v 0.148205 0.25 -0.143301 
v 0.111603 0.25 -0.106699 
v 0.123205 0.25 -0.1 
v 0.179904 0.25 -0.143301 
v 0.223205 0.25 -0.1 
v 0.198205 0.25 -0.143301 
v 0.198205 0.25 -0.0566987 
v 0.0366025 0.25 -0.05 
v 0.025 0.25 -0.0566987 
v 0.0616025 0.25 -0.0933013 
v 0 0.25 -0.0566987 
v 0.148205 0.25 -0.0566987 
v 0.111603 0.25 -0.0933013 
v 0.179904 0.25 -0.0566987 
v 0.136603 0.25 -0.05 
v 0.0866025 0.25 -0.0933013 
v 0.148205 0.25 -0.0433013 
v 0.111603 0.25 -0.00669873 
v 0.123205 0.25 -3.46945e-18 
v 0.025 0.25 -0.0433013 
v 0.05 0.25 -2.77556e-17 
v 0.0866025 0.25 -0.00669873 
v 0.0616025 0.25 -0.00669873 
v 0 0.25 -0.0433013 
v -0.025 0.25 -0.243301 
v -0.0616025 0.25 -0.193301 
v -0.05 0.25 -0.2 
v 0 0.25 -0.243301 
v -0.025 0.25 -0.156699 
v 0 0.25 -0.156699 
v -0.0866025 0.25 -0.193301 
v 0.0616025 0.25 -0.193301 
v 0.05 0.25 -0.2 
v 0.025 0.25 -0.156699 
v 0.025 0.25 -0.243301 
v -0.05 0.25 1.73472e-17 
v -0.0616025 0.25 -0.00669873 
v -0.025 0.25 -0.0433013 
v -0.0366025 0.25 -0.05 
v -0.0866025 0.25 -0.00669873 
v -0.148205 0.25 -0.0433013 
v -0.123205 0.25 -6.93889e-18 
v -0.111603 0.25 -0.00669873 
v -0.179904 0.25 -0.0433013 
v -0.136603 0.25 -0.05 
v -0.025 0.25 -0.0566987 
v -0.0616025 0.25 -0.0933013 
v -0.0866025 0.25 -0.0933013 
v -0.05 0.25 0.1 
v -0.0616025 0.25 0.0933013 
v -0.025 0.25 0.0566987 
v -0.0366025 0.25 0.05 
v -0.0866025 0.25 0.0933013 
v -0.148205 0.25 0.0566987 
v -0.123205 0.25 0.1 
v -0.111603 0.25 0.0933013 
v -0.179904 0.25 0.0566987 
v -0.136603 0.25 0.05 
v -0.111603 0.25 0.00669873 
v -0.148205 0.25 0.0433013 
v -0.0866025 0.25 0.00669873 
v -0.0616025 0.25 0.00669873 
v -0.025 0.25 0.0433013 
v 0 0.25 0.0433013 
v -0.0616025 0.25 0.193301 
v -0.0866025 0.25 0.193301 
v -0.05 0.25 0.2 
v -0.025 0.25 0.156699 
v -0.0366025 0.25 0.15 
v -0.025 0.25 0.243301 
v 0 0.25 0.243301 
v 0 0.25 0.156699 
v -0.111603 0.25 0.193301 
v -0.136603 0.25 0.15 
v -0.111603 0.25 0.106699 
v -0.148205 0.25 0.143301 
v -0.0866025 0.25 0.106699 
v -0.025 0.25 0.143301 
v 0 0.25 0.143301 
v -0.0616025 0.25 0.106699 
v -0.198205 0.25 -0.143301 
v -0.179904 0.25 -0.143301 
v -0.223205 0.25 -0.1 
v -0.148205 0.25 -0.143301 
v -0.123205 0.25 -0.1 
v -0.0866025 0.25 -0.106699 
v -0.111603 0.25 -0.106699 
v -0.148205 0.25 -0.0566987 
v -0.111603 0.25 -0.0933013 
v -0.179904 0.25 -0.0566987 
v -0.198205 0.25 -0.0566987 
v 0.0366025 0.25 0.05 
v 0.025 0.25 0.0433013 
v 0.0616025 0.25 0.00669873 
v 0.148205 0.25 0.0433013 
v 0.111603 0.25 0.00669873 
v 0.179904 0.25 0.0433013 
v 0.136603 0.25 0.05 
v 0.0866025 0.25 0.00669873 
v 0.148205 0.25 0.0566987 
v 0.111603 0.25 0.0933013 
v 0.123205 0.25 0.1 
v 0.0616025 0.25 0.0933013 
v 0.025 0.25 0.0566987 
v 0.0866025 0.25 0.0933013 
v 0.05 0.25 0.1 
v 0 0.25 0.0566987 
v 0.0366025 0.25 0.15 
v 0.025 0.25 0.143301 
v 0.0616025 0.25 0.106699 
v 0.136603 0.25 0.15 
v 0.148205 0.25 0.143301 
v 0.0866025 0.25 0.106699 
v 0.111603 0.25 0.106699 
v 0.111603 0.25 0.193301 
v 0.025 0.25 0.243301 
v 0.0616025 0.25 0.193301 
v 0.05 0.25 0.2 
v 0.025 0.25 0.156699 
v 0.0866025 0.25 0.193301 
v 0.179904 0.25 0.05 
v 0 0.25 -0.15 
v -0.0866025 0.25 -0.1 
v 0.179904 0.25 -0.05 
v 0.0866025 0.25 -0.1 
v -0.179904 0.25 0.15 
v 0.179904 0.25 0.15 
v 0.179904 0.25 -0.15 
v -0.179904 0.25 -0.15 
v -0.179904 0.25 0.05 
v -0.179904 0.25 -0.05 
v 0 0.25 -0.05 
v 0.0866025 0.25 5.20417e-18 
v -0.0866025 0.25 5.20417e-18 
v -0.0866025 0.25 0.1 
v 0 0.25 0.05 
v 0 0.25 0.15 
v 0.0866025 0.25 0.1 
vn 1 0 3.02788e-16 
vn 0.5 0 0.866025 
vn -0.5 0 0.866025 
vn 0.496058 0.125318 0.859198 
vn 0.473345 0.126301 0.871775 
vn 0.479857 0.126238 0.868217 
vn 0.496058 0.125318 0.859198 
vn 0.626193 0.177805 0.759123 
vn 0.63356 0.184864 0.751283 
vn 0.656455 0.186789 0.730874 
vn 0.496058 0.125318 0.859198 
vn 0.467663 0.125618 0.874935 
vn 0.849208 0.196116 0.49029 
vn 0.834031 0.18818 0.518634 
vn 0.81084 0.187894 0.554287 
vn 0.496058 0.125318 0.859198 
vn 0.485753 0.126174 0.864942 
vn 0.396255 0.148907 0.905985 
vn 0.416732 0.140462 0.898112 
vn 0.390781 0.145085 0.908978 
vn 0.402829 0.140959 0.904356 
vn 0.463403 0.128993 0.876709 
vn 0.45021 0.129245 0.88352 
vn 0.438496 0.131448 0.889068 
vn 0.461828 0.127528 0.877754 
vn 0.446729 0.133572 0.884642 
vn 0.426692 0.134138 0.894394 
vn 0.414801 0.137309 0.899492 
vn 0.464721 0.133002 0.875411 
vn 0.475299 0.128739 0.870355 
vn 0.455091 0.131055 0.880748 
vn 0.438319 0.136541 0.888388 
vn 0.429867 0.139958 0.891979 
vn 0.442288 0.139451 0.885965 
vn 0.459394 0.135764 0.877796 
vn 0.412848 0.148122 0.898675 
vn 0.37559 0.159156 0.913018 
vn 0.354224 0.160261 0.921326 
vn 0.341919 0.166234 0.924909 
vn 0.37866 0.14968 0.913352 
vn 0.366473 0.154741 0.917471 
vn 0.385944 0.153809 0.90961 
vn 0.40429 0.15286 0.901767 
vn 0.354775 0.171161 0.919151 
vn 0.329564 0.172651 0.928213 
vn 0.317165 0.179506 0.931227 
vn 0.395704 0.158029 0.904679 
vn 0.365199 0.164943 0.916201 
vn 0.387095 0.163622 0.907406 
vn 0.378467 0.169633 0.909938 
vn 0.344324 0.177805 0.92186 
vn 0.304728 0.186789 0.933944 
vn 0.369825 0.176055 0.912269 
vn 0.33385 0.184864 0.924321 
vn 0.414645 0.156888 0.896357 
vn 0.428507 0.147329 0.891446 
vn 0.448678 0.142534 0.882254 
vn 0.443294 0.146534 0.884318 
vn 0.437896 0.150938 0.886264 
vn 0.432488 0.155741 0.888087 
vn 0.400729 0.168081 0.900647 
vn 0.407692 0.162283 0.898583 
vn 0.427071 0.160936 0.889781 
vn 0.421648 0.166516 0.891339 
vn 0.39376 0.174273 0.902542 
vn 0.361172 0.182878 0.914391 
vn 0.416222 0.172475 0.892755 
vn 0.386789 0.180852 0.904261 
vn 0.475745 0.137932 0.868701 
vn 0.454046 0.138943 0.880078 
vn 0.486073 0.128488 0.864421 
vn 0.496012 0.12605 0.859118 
vn 0.480945 0.132435 0.866691 
vn 0.495872 0.128241 0.858875 
vn 0.49529 0.136938 0.857867 
vn 0.495633 0.131877 0.858462 
vn 0.478354 0.134991 0.86773 
vn 0.465161 0.153451 0.871825 
vn 0.470481 0.14495 0.870423 
vn 0.473121 0.141253 0.8696 
vn 0.495076 0.139993 0.857497 
vn 0.494833 0.143391 0.857076 
vn 0.467828 0.149018 0.871166 
vn 0.494559 0.147128 0.856601 
vn 0.457088 0.168877 0.873242 
vn 0.45979 0.163388 0.872867 
vn 0.494252 0.151198 0.856069 
vn 0.462482 0.158243 0.872393 
vn 0.493911 0.155593 0.855478 
vn 0.493534 0.160308 0.854825 
vn 0.410796 0.178804 0.894022 
vn 0.454374 0.174702 0.873512 
vn 0.492665 0.170664 0.85332 
vn 0.493119 0.165334 0.854107 
vn 0.571582 0.137309 0.808974 
vn 0.530496 0.135764 0.836745 
vn 0.557543 0.139958 0.818265 
vn 0.535147 0.138943 0.833254 
vn 0.568848 0.178804 0.802771 
vn 0.565037 0.172475 0.806836 
vn 0.527706 0.168877 0.832471 
vn 0.611317 0.154741 0.77611 
vn 0.578808 0.15286 0.801009 
vn 0.602901 0.159156 0.781779 
vn 0.585623 0.158029 0.79503 
vn 0.584744 0.174273 0.792277 
vn 0.589718 0.180852 0.787099 
vn 0.611299 0.182878 0.76998 
vn 0.610854 0.164943 0.774372 
vn 0.618621 0.171161 0.76682 
vn 0.639074 0.172651 0.749517 
vn 0.605135 0.176055 0.776412 
vn 0.647884 0.179506 0.740286 
vn 0.598796 0.169633 0.782731 
vn 0.592289 0.163622 0.788937 
vn 0.630035 0.166234 0.758566 
vn 0.579618 0.168081 0.797365 
vn 0.568945 0.156888 0.807272 
vn 0.561098 0.166516 0.810827 
vn 0.552862 0.155741 0.818589 
vn 0.557038 0.160936 0.814745 
vn 0.56476 0.143819 0.812627 
vn 0.571851 0.148122 0.806874 
vn 0.601656 0.14968 0.784605 
vn 0.548579 0.150938 0.822361 
vn 0.544195 0.146534 0.826063 
vn 0.539716 0.142534 0.829693 
vn 0.591808 0.145085 0.792915 
vn 0.520538 0.149018 0.840734 
vn 0.522442 0.153451 0.838753 
vn 0.524274 0.158243 0.836717 
vn 0.529296 0.174702 0.830256 
vn 0.493119 0.165334 0.854107 
vn 0.52603 0.163388 0.834624 
vn 0.493534 0.160308 0.854825 
vn 0.493911 0.155593 0.855478 
vn 0.494252 0.151198 0.856069 
vn 0.516536 0.141253 0.844535 
vn 0.518568 0.14495 0.84266 
vn 0.494559 0.147128 0.856601 
vn 0.494833 0.143391 0.857076 
vn 0.495076 0.139993 0.857497 
vn 0.514445 0.137932 0.846358 
vn 0.49529 0.136938 0.857867 
vn 0.5161 0.128739 0.846798 
vn 0.540046 0.129245 0.831653 
vn 0.529243 0.127528 0.838831 
vn 0.506185 0.126174 0.853145 
vn 0.520967 0.130659 0.843517 
vn 0.525768 0.133002 0.840166 
vn 0.561222 0.134138 0.816723 
vn 0.495475 0.134231 0.858188 
vn 0.495633 0.131877 0.858462 
vn 0.495765 0.129879 0.85869 
vn 0.550708 0.131448 0.824283 
vn 0.495872 0.128241 0.858875 
vn 0.518307 0.126301 0.845817 
vn 0.496012 0.12605 0.859118 
vn 0.752708 0.193306 0.629335 
vn 0.739747 0.185362 0.646851 
vn 0.716191 0.184095 0.673186 
vn 0.666911 0.143577 0.731174 
vn 0.699722 0.14415 0.699722 
vn 0.687641 0.141766 0.712076 
vn 0.647293 0.139342 0.749397 
vn 0.80174 0.19535 0.564846 
vn 0.787251 0.1873 0.587498 
vn 0.763488 0.186443 0.618324 
vn 0.722308 0.159422 0.672946 
vn 0.739545 0.165702 0.652392 
vn 0.777223 0.164888 0.607236 
vn 0.760809 0.166246 0.627321 
vn 0.782263 0.166623 0.600251 
vn 0.778321 0.173033 0.603553 
vn 0.795006 0.180257 0.5792 
vn 0.815554 0.179617 0.5501 
vn 0.817798 0.180599 0.546435 
vn 0.825798 0.195917 0.528843 
vn 0.77204 0.179662 0.609652 
vn 0.800533 0.173404 0.573654 
vn 0.756131 0.172455 0.631289 
vn 0.704441 0.15363 0.692937 
vn 0.742823 0.154409 0.651438 
vn 0.734486 0.152195 0.661337 
vn 0.685967 0.148344 0.71235 
vn 0.763016 0.160283 0.626191 
vn 0.721714 0.149025 0.675959 
vn 0.683206 0.158119 0.712901 
vn 0.73411 0.171703 0.656963 
vn 0.749085 0.17885 0.637875 
vn 0.777299 0.194464 0.598323 
vn 0.726298 0.177856 0.663972 
vn 0.69801 0.164221 0.697003 
vn 0.71238 0.170805 0.680691 
vn 0.65236 0.147404 0.743437 
vn 0.667984 0.15251 0.728381 
vn 0.63635 0.142812 0.758066 
vn 0.568743 0.129721 0.812222 
vn 0.603588 0.130098 0.786611 
vn 0.58292 0.128382 0.802323 
vn 0.551017 0.127797 0.82465 
vn 0.637008 0.133782 0.759159 
vn 0.586152 0.132189 0.799344 
vn 0.627136 0.135649 0.767007 
vn 0.603232 0.135197 0.786023 
vn 0.653219 0.136005 0.744854 
vn 0.676879 0.139805 0.722696 
vn 0.619969 0.13874 0.772262 
vn 0.628777 0.132765 0.766167 
vn 0.532987 0.126421 0.836626 
vn 0.551106 0.126517 0.824788 
vn 0.525718 0.12566 0.841326 
vn 0.514663 0.125594 0.848144 
vn 0.577685 0.128012 0.806159 
vn 0.523885 0.125618 0.842475 
vn 0.594783 0.138051 0.791944 
vn 0.608006 0.141923 0.781145 
vn 0.703861 0.190348 0.684359 
vn 0.692959 0.182677 0.69745 
vn 0.670161 0.181138 0.719773 
vn 0.646138 0.156522 0.746999 
vn 0.670164 0.168672 0.722793 
vn 0.703808 0.176713 0.68806 
vn 0.681722 0.175448 0.710262 
vn 0.728172 0.191921 0.657976 
vn 0.658299 0.162361 0.735039 
vn 0.62098 0.146296 0.770053 
vn 0.633694 0.151164 0.758671 
vn 0.628439 0.155649 0.762127 
vn 0.63925 0.161333 0.751885 
vn 0.649815 0.167482 0.741411 
vn 0.660123 0.174087 0.730706 
vn 0.679918 0.188627 0.708612 
vn 0.62078 0.160261 0.76743 
vn 0.617393 0.150435 0.772137 
vn 0.594636 0.141448 0.791455 
vn 0.58178 0.140959 0.801038 
vn 0.224541 0.149025 0.963002 
vn 0.27393 0.148344 0.95024 
vn 0.29976 0.143577 0.943149 
vn 0.477182 0.125594 0.869783 
vn 0.379431 0.130098 0.916028 
vn 0.349132 0.132765 0.927621 
vn 0.375726 0.132509 0.917208 
vn 0.419033 0.129721 0.898657 
vn 0.458046 0.126421 0.879893 
vn 0.438735 0.126517 0.889666 
vn 0.409312 0.128012 0.90337 
vn 0.465751 0.12566 0.875949 
vn 0.438659 0.127797 0.88952 
vn 0.403372 0.128382 0.905985 
vn 0.350679 0.135649 0.926619 
vn 0.318453 0.136005 0.938131 
vn 0.287434 0.139805 0.947542 
vn 0.338947 0.133782 0.931245 
vn 0.399176 0.132189 0.907295 
vn 0.32535 0.139342 0.935271 
vn 0.272856 0.141766 0.951553 
vn 0.3791 0.135197 0.915426 
vn 0.338329 0.142812 0.930128 
vn 0.358814 0.13874 0.92304 
vn 0.40428 0.134685 0.904664 
vn 0.388452 0.138051 0.911069 
vn 0.372488 0.141923 0.917121 
vn 0.317655 0.147404 0.936679 
vn 0.356396 0.146296 0.922811 
vn 0.0965323 0.173404 0.980108 
vn 0.133532 0.173033 0.975822 
vn 0.162871 0.166246 0.972541 
vn 0.160789 0.160283 0.973887 
vn 0.192082 0.159918 0.968262 
vn 0.221131 0.154071 0.962997 
vn 0.205492 0.152195 0.966752 
vn 0.192751 0.154409 0.969023 
vn 0.13727 0.164888 0.976713 
vn 0.24788 0.15363 0.956532 
vn 0.195215 0.165702 0.966661 
vn 0.221635 0.159422 0.96201 
vn 0.249512 0.158816 0.95526 
vn 0.296804 0.15251 0.942681 
vn 0.275788 0.158119 0.948124 
vn 0.225778 0.16502 0.960101 
vn 0.168647 0.172455 0.970473 
vn 0.201892 0.171703 0.964239 
vn 0.0321345 0.18818 0.981609 
vn 0.074607 0.187894 0.979352 
vn 0.104099 0.180257 0.978095 
vn 0.0686232 0.179617 0.98134 
vn 0.141954 0.179662 0.973433 
vn 0 0.196116 0.980581 
vn 0.0450922 0.195917 0.979583 
vn 0.115163 0.1873 0.975529 
vn 0.0883008 0.19535 0.97675 
vn 0.15374 0.186443 0.970362 
vn 0.177873 0.17885 0.967664 
vn 0.233306 0.170805 0.957285 
vn 0.254617 0.164221 0.952996 
vn 0.211868 0.177856 0.960978 
vn 0.129513 0.194464 0.972322 
vn 0.190316 0.185362 0.964065 
vn 0.168666 0.193306 0.966532 
vn 0.281804 0.163329 0.945468 
vn 0.30054 0.15735 0.9407 
vn 0.340181 0.151164 0.928131 
vn 0.323851 0.156522 0.933071 
vn 0.307413 0.162361 0.937623 
vn 0.331526 0.161333 0.929549 
vn 0.290875 0.168672 0.941776 
vn 0.2249 0.184095 0.956833 
vn 0.243973 0.176713 0.953546 
vn 0.262945 0.169787 0.949754 
vn 0.274244 0.175448 0.94552 
vn 0.205738 0.191921 0.959603 
vn 0.25753 0.182677 0.948845 
vn 0.240741 0.190348 0.951741 
vn 0.288261 0.181138 0.940263 
vn 0.302749 0.174087 0.937036 
vn 0.317173 0.167482 0.933462 
vn 0.273717 0.188627 0.943133 
vn 0.0643277 0.180599 0.981451 
vn 0.128702 0.166623 0.977585 
vn 0.256116 0.14415 0.955838 
vn 0.492665 0.170664 0.85332 
vn 0.992117 0.125318 0 
vn 0.991652 0.126301 0.0259588 
vn 0.991827 0.126238 0.0185399 
vn 0.992117 0.125318 0 
vn 0.970516 0.177805 -0.162737 
vn 0.967411 0.184864 -0.173038 
vn 0.961183 0.186789 -0.20307 
vn 0.992117 0.125318 0 
vn 0.991547 0.125618 0.0324599 
vn 0.849208 0.196116 -0.49029 
vn 0.866165 0.18818 -0.462975 
vn 0.885447 0.187894 -0.425064 
vn 0.992117 0.125318 0 
vn 0.991938 0.126174 0.0117963 
vn 0.982733 0.148907 0.109826 
vn 0.986154 0.140462 0.0881559 
vn 0.982588 0.145085 0.116063 
vn 0.98461 0.140959 0.103318 
vn 0.990954 0.128993 0.0370357 
vn 0.990255 0.129245 0.0518667 
vn 0.989204 0.131448 0.0647852 
vn 0.991071 0.127528 0.0389223 
vn 0.989487 0.133572 0.0554425 
vn 0.987914 0.134138 0.0776712 
vn 0.986384 0.137309 0.0905177 
vn 0.990489 0.133002 0.0352451 
vn 0.991399 0.128739 0.0235568 
vn 0.990295 0.131055 0.0462531 
vn 0.988526 0.136541 0.0645981 
vn 0.98741 0.139958 0.0737137 
vn 0.988413 0.139451 0.0599496 
vn 0.98989 0.135764 0.0410507 
vn 0.984699 0.148122 0.0918002 
vn 0.978492 0.159156 0.131238 
vn 0.975004 0.160261 0.153896 
vn 0.971955 0.166234 0.166344 
vn 0.980316 0.14968 0.128747 
vn 0.97779 0.154741 0.141361 
vn 0.980717 0.153809 0.120568 
vn 0.983098 0.15286 0.100758 
vn 0.973396 0.171161 0.152331 
vn 0.968638 0.172651 0.178695 
vn 0.965049 0.179506 0.190941 
vn 0.981328 0.158029 0.10965 
vn 0.976053 0.164943 0.141829 
vn 0.979384 0.163622 0.118468 
vn 0.977263 0.169633 0.127207 
vn 0.970516 0.177805 0.162737 
vn 0.961183 0.186789 0.20307 
vn 0.97496 0.176055 0.135857 
vn 0.967411 0.184864 0.173038 
vn 0.98359 0.156888 0.0890853 
vn 0.986268 0.147329 0.0746248 
vn 0.988393 0.142534 0.0525606 
vn 0.987489 0.146534 0.0582553 
vn 0.986476 0.150938 0.0639029 
vn 0.98535 0.155741 0.0694985 
vn 0.980348 0.168081 0.103282 
vn 0.982042 0.162283 0.0962196 
vn 0.984108 0.160936 0.0750365 
vn 0.982746 0.166516 0.0805118 
vn 0.978504 0.174273 0.110264 
vn 0.972472 0.182878 0.144411 
vn 0.98126 0.172475 0.0859186 
vn 0.976507 0.180852 0.117162 
vn 0.99019 0.137932 0.0223432 
vn 0.989193 0.138943 0.0468241 
vn 0.991647 0.128488 0.0112595 
vn 0.992024 0.12605 0 
vn 0.991049 0.132435 0.0168345 
vn 0.991743 0.128241 0 
vn 0.99058 0.136938 0 
vn 0.991266 0.131877 0 
vn 0.990653 0.134991 0.0195985 
vn 0.987603 0.153451 0.033071 
vn 0.989049 0.14495 0.0277631 
vn 0.989656 0.141253 0.0250657 
vn 0.990153 0.139993 0 
vn 0.989666 0.143391 0 
vn 0.988366 0.149018 0.0304325 
vn 0.989117 0.147128 0 
vn 0.984794 0.168877 0.0407713 
vn 0.98582 0.163388 0.0382434 
vn 0.988504 0.151198 0 
vn 0.986755 0.158243 0.0356757 
vn 0.987821 0.155593 0 
vn 0.987067 0.160308 0 
vn 0.979644 0.178804 0.0912513 
vn 0.983671 0.174702 0.0432563 
vn 0.985329 0.170664 0 
vn 0.986238 0.165334 0 
vn 0.986384 0.137309 -0.0905177 
vn 0.98989 0.135764 -0.0410507 
vn 0.98741 0.139958 -0.0737137 
vn 0.989193 0.138943 -0.0468241 
vn 0.979644 0.178804 -0.0912513 
vn 0.98126 0.172475 -0.0859186 
vn 0.984794 0.168877 -0.0407713 
vn 0.97779 0.154741 -0.141361 
vn 0.983098 0.15286 -0.100758 
vn 0.978492 0.159156 -0.131238 
vn 0.981328 0.158029 -0.10965 
vn 0.978504 0.174273 -0.110264 
vn 0.976507 0.180852 -0.117162 
vn 0.972472 0.182878 -0.144411 
vn 0.976053 0.164943 -0.141829 
vn 0.973396 0.171161 -0.152331 
vn 0.968638 0.172651 -0.178695 
vn 0.97496 0.176055 -0.135857 
vn 0.965049 0.179506 -0.190941 
vn 0.977263 0.169633 -0.127207 
vn 0.979384 0.163622 -0.118468 
vn 0.971955 0.166234 -0.166344 
vn 0.980348 0.168081 -0.103282 
vn 0.98359 0.156888 -0.0890853 
vn 0.982746 0.166516 -0.0805118 
vn 0.98535 0.155741 -0.0694985 
vn 0.984108 0.160936 -0.0750365 
vn 0.986135 0.143819 -0.0827832 
vn 0.984699 0.148122 -0.0918002 
vn 0.980316 0.14968 -0.128747 
vn 0.986476 0.150938 -0.0639029 
vn 0.987489 0.146534 -0.0582553 
vn 0.988393 0.142534 -0.0525606 
vn 0.982588 0.145085 -0.116063 
vn 0.988366 0.149018 -0.0304325 
vn 0.987603 0.153451 -0.033071 
vn 0.986755 0.158243 -0.0356757 
vn 0.983671 0.174702 -0.0432563 
vn 0.986238 0.165334 0 
vn 0.98582 0.163388 -0.0382434 
vn 0.987067 0.160308 0 
vn 0.987821 0.155593 0 
vn 0.988504 0.151198 0 
vn 0.989656 0.141253 -0.0250657 
vn 0.989049 0.14495 -0.0277631 
vn 0.989117 0.147128 0 
vn 0.989666 0.143391 0 
vn 0.990153 0.139993 0 
vn 0.99019 0.137932 -0.0223432 
vn 0.99058 0.136938 0 
vn 0.991399 0.128739 -0.0235568 
vn 0.990255 0.129245 -0.0518667 
vn 0.991071 0.127528 -0.0389223 
vn 0.991938 0.126174 -0.0117963 
vn 0.990991 0.130659 -0.0294123 
vn 0.990489 0.133002 -0.0352451 
vn 0.987914 0.134138 -0.0776712 
vn 0.99095 0.134231 0 
vn 0.991266 0.131877 0 
vn 0.99153 0.129879 0 
vn 0.989204 0.131448 -0.0647852 
vn 0.991743 0.128241 0 
vn 0.991652 0.126301 -0.0259588 
vn 0.992024 0.12605 0 
vn 0.921374 0.193306 -0.337197 
vn 0.930063 0.185362 -0.317214 
vn 0.941092 0.184095 -0.283647 
vn 0.966671 0.143577 -0.211974 
vn 0.955838 0.14415 -0.256116 
vn 0.960496 0.141766 -0.239476 
vn 0.972643 0.139342 -0.185874 
vn 0.890041 0.19535 -0.411904 
vn 0.902414 0.1873 -0.38803 
vn 0.917228 0.186443 -0.352038 
vn 0.943942 0.159422 -0.289064 
vn 0.934761 0.165702 -0.314269 
vn 0.914494 0.164888 -0.369477 
vn 0.923681 0.166246 -0.34522 
vn 0.910964 0.166623 -0.377334 
vn 0.911853 0.173033 -0.372269 
vn 0.899105 0.180257 -0.398895 
vn 0.884177 0.179617 -0.431241 
vn 0.882125 0.180599 -0.435016 
vn 0.87089 0.195917 -0.450741 
vn 0.913994 0.179662 -0.363781 
vn 0.897065 0.173404 -0.406455 
vn 0.924777 0.172455 -0.339184 
vn 0.952321 0.15363 -0.263595 
vn 0.935574 0.154409 -0.317584 
vn 0.939978 0.152195 -0.305415 
vn 0.959897 0.148344 -0.23789 
vn 0.923806 0.160283 -0.347696 
vn 0.946255 0.149025 -0.287043 
vn 0.958993 0.158119 -0.235223 
vn 0.936002 0.171703 -0.307276 
vn 0.926958 0.17885 -0.32979 
vn 0.906812 0.194464 -0.373999 
vn 0.938165 0.177856 -0.297006 
vn 0.952627 0.164221 -0.255993 
vn 0.945686 0.170805 -0.276593 
vn 0.970015 0.147404 -0.193242 
vn 0.964788 0.15251 -0.2143 
vn 0.974679 0.142812 -0.172063 
vn 0.987776 0.129721 -0.0864351 
vn 0.983019 0.130098 -0.129417 
vn 0.986292 0.128382 -0.103662 
vn 0.989677 0.127797 -0.0648697 
vn 0.975955 0.133782 -0.172086 
vn 0.985329 0.132189 -0.10795 
vn 0.977815 0.135649 -0.159613 
vn 0.982332 0.135197 -0.129403 
vn 0.971672 0.136005 -0.193278 
vn 0.964313 0.139805 -0.224846 
vn 0.978784 0.13874 -0.150778 
vn 0.977909 0.132765 -0.161453 
vn 0.991033 0.126421 -0.043267 
vn 0.989841 0.126517 -0.0648776 
vn 0.991469 0.12566 -0.0346225 
vn 0.991846 0.125594 -0.0216397 
vn 0.986997 0.128012 -0.0972107 
vn 0.991547 0.125618 -0.0324599 
vn 0.983235 0.138051 -0.119125 
vn 0.980494 0.141923 -0.135976 
vn 0.944603 0.190348 -0.267383 
vn 0.950489 0.182677 -0.251395 
vn 0.958422 0.181138 -0.22049 
vn 0.969989 0.156522 -0.186072 
vn 0.961039 0.168672 -0.218983 
vn 0.947782 0.176713 -0.265486 
vn 0.955966 0.175448 -0.235258 
vn 0.93391 0.191921 -0.301627 
vn 0.965712 0.162361 -0.202584 
vn 0.977375 0.146296 -0.152758 
vn 0.973875 0.151164 -0.16946 
vn 0.974241 0.155649 -0.163181 
vn 0.970776 0.161333 -0.177665 
vn 0.966988 0.167482 -0.192051 
vn 0.962872 0.174087 -0.20633 
vn 0.953635 0.188627 -0.23452 
vn 0.975004 0.160261 -0.153896 
vn 0.977387 0.150435 -0.14861 
vn 0.982738 0.141448 -0.119242 
vn 0.98461 0.140959 -0.103318 
vn 0.946255 0.149025 0.287043 
vn 0.959897 0.148344 0.23789 
vn 0.966671 0.143577 0.211974 
vn 0.991846 0.125594 0.0216397 
vn 0.983019 0.130098 0.129417 
vn 0.977909 0.132765 0.161453 
vn 0.982189 0.132509 0.133216 
vn 0.987776 0.129721 0.0864351 
vn 0.991033 0.126421 0.043267 
vn 0.989841 0.126517 0.0648776 
vn 0.986997 0.128012 0.0972107 
vn 0.991469 0.12566 0.0346225 
vn 0.989677 0.127797 0.0648697 
vn 0.986292 0.128382 0.103662 
vn 0.977815 0.135649 0.159613 
vn 0.971672 0.136005 0.193278 
vn 0.964313 0.139805 0.224846 
vn 0.975955 0.133782 0.172086 
vn 0.985329 0.132189 0.10795 
vn 0.972643 0.139342 0.185874 
vn 0.960496 0.141766 0.239476 
vn 0.982332 0.135197 0.129403 
vn 0.974679 0.142812 0.172063 
vn 0.978784 0.13874 0.150778 
vn 0.985602 0.134685 0.102215 
vn 0.983235 0.138051 0.119125 
vn 0.980494 0.141923 0.135976 
vn 0.970015 0.147404 0.193242 
vn 0.977375 0.146296 0.152758 
vn 0.897065 0.173404 0.406455 
vn 0.911853 0.173033 0.372269 
vn 0.923681 0.166246 0.34522 
vn 0.923806 0.160283 0.347696 
vn 0.93458 0.159918 0.317783 
vn 0.944545 0.154071 0.289993 
vn 0.939978 0.152195 0.305415 
vn 0.935574 0.154409 0.317584 
vn 0.914494 0.164888 0.369477 
vn 0.952321 0.15363 0.263595 
vn 0.934761 0.165702 0.314269 
vn 0.943942 0.159422 0.289064 
vn 0.952035 0.158816 0.261546 
vn 0.964788 0.15251 0.2143 
vn 0.958993 0.158119 0.235223 
vn 0.94436 0.16502 0.284521 
vn 0.924777 0.172455 0.339184 
vn 0.936002 0.171703 0.307276 
vn 0.866165 0.18818 0.462975 
vn 0.885447 0.187894 0.425064 
vn 0.899105 0.180257 0.398895 
vn 0.884177 0.179617 0.431241 
vn 0.913994 0.179662 0.363781 
vn 0.849208 0.196116 0.49029 
vn 0.87089 0.195917 0.450741 
vn 0.902414 0.1873 0.38803 
vn 0.890041 0.19535 0.411904 
vn 0.917228 0.186443 0.352038 
vn 0.926958 0.17885 0.32979 
vn 0.945686 0.170805 0.276593 
vn 0.952627 0.164221 0.255993 
vn 0.938165 0.177856 0.297006 
vn 0.906812 0.194464 0.373999 
vn 0.930063 0.185362 0.317214 
vn 0.921374 0.193306 0.337197 
vn 0.959701 0.163329 0.228685 
vn 0.96494 0.15735 0.210075 
vn 0.973875 0.151164 0.16946 
vn 0.969989 0.156522 0.186072 
vn 0.965712 0.162361 0.202584 
vn 0.970776 0.161333 0.177665 
vn 0.961039 0.168672 0.218983 
vn 0.941092 0.184095 0.283647 
vn 0.947782 0.176713 0.265486 
vn 0.953983 0.169787 0.24716 
vn 0.955966 0.175448 0.235258 
vn 0.93391 0.191921 0.301627 
vn 0.950489 0.182677 0.251395 
vn 0.944603 0.190348 0.267383 
vn 0.958422 0.181138 0.22049 
vn 0.962872 0.174087 0.20633 
vn 0.966988 0.167482 0.192051 
vn 0.953635 0.188627 0.23452 
vn 0.882125 0.180599 0.435016 
vn 0.910964 0.166623 0.377334 
vn 0.955838 0.14415 0.256116 
vn 0.985329 0.170664 0 
vn 0.5 0 -0.866025 
vn -1 0 0 
vn -0.496058 0.125318 0.859198 
vn -0.518307 0.126301 0.845817 
vn -0.511969 0.126238 0.849677 
vn -0.496058 0.125318 0.859198 
vn -0.344324 0.177805 0.92186 
vn -0.33385 0.184864 0.924321 
vn -0.304728 0.186789 0.933944 
vn -0.496058 0.125318 0.859198 
vn -0.523885 0.125618 0.842475 
vn 0 0.196116 0.980581 
vn -0.0321345 0.18818 0.981609 
vn -0.074607 0.187894 0.979352 
vn -0.496058 0.125318 0.859198 
vn -0.506185 0.126174 0.853145 
vn -0.586479 0.148907 0.796159 
vn -0.569422 0.140462 0.809956 
vn -0.591808 0.145085 0.792915 
vn -0.58178 0.140959 0.801038 
vn -0.527551 0.128993 0.839673 
vn -0.540046 0.129245 0.831653 
vn -0.550708 0.131448 0.824283 
vn -0.529243 0.127528 0.838831 
vn -0.542758 0.133572 0.8292 
vn -0.561222 0.134138 0.816723 
vn -0.571582 0.137309 0.808974 
vn -0.525768 0.133002 0.840166 
vn -0.5161 0.128739 0.846798 
vn -0.535204 0.131055 0.834494 
vn -0.550207 0.136541 0.82379 
vn -0.557543 0.139958 0.818265 
vn -0.546124 0.139451 0.826016 
vn -0.530496 0.135764 0.836745 
vn -0.571851 0.148122 0.806874 
vn -0.602901 0.159156 0.781779 
vn -0.62078 0.160261 0.76743 
vn -0.630035 0.166234 0.758566 
vn -0.601656 0.14968 0.784605 
vn -0.611317 0.154741 0.77611 
vn -0.594773 0.153809 0.789042 
vn -0.578808 0.15286 0.801009 
vn -0.618621 0.171161 0.76682 
vn -0.639074 0.172651 0.749517 
vn -0.647884 0.179506 0.740286 
vn -0.585623 0.158029 0.79503 
vn -0.610854 0.164943 0.774372 
vn -0.592289 0.163622 0.788937 
vn -0.598796 0.169633 0.782731 
vn -0.626193 0.177805 0.759123 
vn -0.656455 0.186789 0.730874 
vn -0.605135 0.176055 0.776412 
vn -0.63356 0.184864 0.751283 
vn -0.568945 0.156888 0.807272 
vn -0.557761 0.147329 0.816821 
vn -0.539716 0.142534 0.829693 
vn -0.544195 0.146534 0.826063 
vn -0.548579 0.150938 0.822361 
vn -0.552862 0.155741 0.818589 
vn -0.579618 0.168081 0.797365 
vn -0.574349 0.162283 0.802363 
vn -0.557038 0.160936 0.814745 
vn -0.561098 0.166516 0.810827 
vn -0.584744 0.174273 0.792277 
vn -0.611299 0.182878 0.76998 
vn -0.565037 0.172475 0.806836 
vn -0.589718 0.180852 0.787099 
vn -0.514445 0.137932 0.846358 
vn -0.535147 0.138943 0.833254 
vn -0.505575 0.128488 0.853162 
vn -0.496012 0.12605 0.859118 
vn -0.510103 0.132435 0.849856 
vn -0.495872 0.128241 0.858875 
vn -0.49529 0.136938 0.857867 
vn -0.495633 0.131877 0.858462 
vn -0.512299 0.134991 0.848131 
vn -0.522442 0.153451 0.838753 
vn -0.518568 0.14495 0.84266 
vn -0.516536 0.141253 0.844535 
vn -0.495076 0.139993 0.857497 
vn -0.494833 0.143391 0.857076 
vn -0.520538 0.149018 0.840734 
vn -0.494559 0.147128 0.856601 
vn -0.527706 0.168877 0.832471 
vn -0.52603 0.163388 0.834624 
vn -0.494252 0.151198 0.856069 
vn -0.524274 0.158243 0.836717 
vn -0.493911 0.155593 0.855478 
vn -0.493534 0.160308 0.854825 
vn -0.568848 0.178804 0.802771 
vn -0.529296 0.174702 0.830256 
vn -0.492665 0.170664 0.85332 
vn -0.493119 0.165334 0.854107 
vn -0.414801 0.137309 0.899492 
vn -0.459394 0.135764 0.877796 
vn -0.429867 0.139958 0.891979 
vn -0.454046 0.138943 0.880078 
vn -0.410796 0.178804 0.894022 
vn -0.416222 0.172475 0.892755 
vn -0.457088 0.168877 0.873242 
vn -0.366473 0.154741 0.917471 
vn -0.40429 0.15286 0.901767 
vn -0.37559 0.159156 0.913018 
vn -0.395704 0.158029 0.904679 
vn -0.39376 0.174273 0.902542 
vn -0.386789 0.180852 0.904261 
vn -0.361172 0.182878 0.914391 
vn -0.365199 0.164943 0.916201 
vn -0.354775 0.171161 0.919151 
vn -0.329564 0.172651 0.928213 
vn -0.369825 0.176055 0.912269 
vn -0.317165 0.179506 0.931227 
vn -0.378467 0.169633 0.909938 
vn -0.387095 0.163622 0.907406 
vn -0.341919 0.166234 0.924909 
vn -0.400729 0.168081 0.900647 
vn -0.414645 0.156888 0.896357 
vn -0.421648 0.166516 0.891339 
vn -0.432488 0.155741 0.888087 
vn -0.427071 0.160936 0.889781 
vn -0.421375 0.143819 0.89541 
vn -0.412848 0.148122 0.898675 
vn -0.37866 0.14968 0.913352 
vn -0.437896 0.150938 0.886264 
vn -0.443294 0.146534 0.884318 
vn -0.448678 0.142534 0.882254 
vn -0.390781 0.145085 0.908978 
vn -0.467828 0.149018 0.871166 
vn -0.465161 0.153451 0.871825 
vn -0.462482 0.158243 0.872393 
vn -0.454374 0.174702 0.873512 
vn -0.493119 0.165334 0.854107 
vn -0.45979 0.163388 0.872867 
vn -0.493534 0.160308 0.854825 
vn -0.493911 0.155593 0.855478 
vn -0.494252 0.151198 0.856069 
vn -0.473121 0.141253 0.8696 
vn -0.470481 0.14495 0.870423 
vn -0.494559 0.147128 0.856601 
vn -0.494833 0.143391 0.857076 
vn -0.495076 0.139993 0.857497 
vn -0.475745 0.137932 0.868701 
vn -0.49529 0.136938 0.857867 
vn -0.475299 0.128739 0.870355 
vn -0.45021 0.129245 0.88352 
vn -0.461828 0.127528 0.877754 
vn -0.485753 0.126174 0.864942 
vn -0.470024 0.130659 0.872929 
vn -0.464721 0.133002 0.875411 
vn -0.426692 0.134138 0.894394 
vn -0.495475 0.134231 0.858188 
vn -0.495633 0.131877 0.858462 
vn -0.495765 0.129879 0.85869 
vn -0.438496 0.131448 0.889068 
vn -0.495872 0.128241 0.858875 
vn -0.473345 0.126301 0.871775 
vn -0.496012 0.12605 0.859118 
vn -0.168666 0.193306 0.966532 
vn -0.190316 0.185362 0.964065 
vn -0.2249 0.184095 0.956833 
vn -0.29976 0.143577 0.943149 
vn -0.256116 0.14415 0.955838 
vn -0.272856 0.141766 0.951553 
vn -0.32535 0.139342 0.935271 
vn -0.0883008 0.19535 0.97675 
vn -0.115163 0.1873 0.975529 
vn -0.15374 0.186443 0.970362 
vn -0.221635 0.159422 0.96201 
vn -0.195215 0.165702 0.966661 
vn -0.13727 0.164888 0.976713 
vn -0.162871 0.166246 0.972541 
vn -0.128702 0.166623 0.977585 
vn -0.133532 0.173033 0.975822 
vn -0.104099 0.180257 0.978095 
vn -0.0686232 0.179617 0.98134 
vn -0.0643277 0.180599 0.981451 
vn -0.0450922 0.195917 0.979583 
vn -0.141954 0.179662 0.973433 
vn -0.0965323 0.173404 0.980108 
vn -0.168647 0.172455 0.970473 
vn -0.24788 0.15363 0.956532 
vn -0.192751 0.154409 0.969023 
vn -0.205492 0.152195 0.966752 
vn -0.27393 0.148344 0.95024 
vn -0.160789 0.160283 0.973887 
vn -0.224541 0.149025 0.963002 
vn -0.275788 0.158119 0.948124 
vn -0.201892 0.171703 0.964239 
vn -0.177873 0.17885 0.967664 
vn -0.129513 0.194464 0.972322 
vn -0.211868 0.177856 0.960978 
vn -0.254617 0.164221 0.952996 
vn -0.233306 0.170805 0.957285 
vn -0.317655 0.147404 0.936679 
vn -0.296804 0.15251 0.942681 
vn -0.338329 0.142812 0.930128 
vn -0.419033 0.129721 0.898657 
vn -0.379431 0.130098 0.916028 
vn -0.403372 0.128382 0.905985 
vn -0.438659 0.127797 0.88952 
vn -0.338947 0.133782 0.931245 
vn -0.399176 0.132189 0.907295 
vn -0.350679 0.135649 0.926619 
vn -0.3791 0.135197 0.915426 
vn -0.318453 0.136005 0.938131 
vn -0.287434 0.139805 0.947542 
vn -0.358814 0.13874 0.92304 
vn -0.349132 0.132765 0.927621 
vn -0.458046 0.126421 0.879893 
vn -0.438735 0.126517 0.889666 
vn -0.465751 0.12566 0.875949 
vn -0.477182 0.125594 0.869783 
vn -0.409312 0.128012 0.90337 
vn -0.467663 0.125618 0.874935 
vn -0.388452 0.138051 0.911069 
vn -0.372488 0.141923 0.917121 
vn -0.240741 0.190348 0.951741 
vn -0.25753 0.182677 0.948845 
vn -0.288261 0.181138 0.940263 
vn -0.323851 0.156522 0.933071 
vn -0.290875 0.168672 0.941776 
vn -0.243973 0.176713 0.953546 
vn -0.274244 0.175448 0.94552 
vn -0.205738 0.191921 0.959603 
vn -0.307413 0.162361 0.937623 
vn -0.356396 0.146296 0.922811 
vn -0.340181 0.151164 0.928131 
vn -0.345802 0.155649 0.925308 
vn -0.331526 0.161333 0.929549 
vn -0.317173 0.167482 0.933462 
vn -0.302749 0.174087 0.937036 
vn -0.273717 0.188627 0.943133 
vn -0.354224 0.160261 0.921326 
vn -0.359994 0.150435 0.920746 
vn -0.388102 0.141448 0.910697 
vn -0.402829 0.140959 0.904356 
vn -0.721714 0.149025 0.675959 
vn -0.685967 0.148344 0.71235 
vn -0.666911 0.143577 0.731174 
vn -0.514663 0.125594 0.848144 
vn -0.603588 0.130098 0.786611 
vn -0.628777 0.132765 0.766167 
vn -0.606463 0.132509 0.783993 
vn -0.568743 0.129721 0.812222 
vn -0.532987 0.126421 0.836626 
vn -0.551106 0.126517 0.824788 
vn -0.577685 0.128012 0.806159 
vn -0.525718 0.12566 0.841326 
vn -0.551017 0.127797 0.82465 
vn -0.58292 0.128382 0.802323 
vn -0.627136 0.135649 0.767007 
vn -0.653219 0.136005 0.744854 
vn -0.676879 0.139805 0.722696 
vn -0.637008 0.133782 0.759159 
vn -0.586152 0.132189 0.799344 
vn -0.647293 0.139342 0.749397 
vn -0.687641 0.141766 0.712076 
vn -0.603232 0.135197 0.786023 
vn -0.63635 0.142812 0.758066 
vn -0.619969 0.13874 0.772262 
vn -0.581322 0.134685 0.802449 
vn -0.594783 0.138051 0.791944 
vn -0.608006 0.141923 0.781145 
vn -0.65236 0.147404 0.743437 
vn -0.62098 0.146296 0.770053 
vn -0.800533 0.173404 0.573654 
vn -0.778321 0.173033 0.603553 
vn -0.760809 0.166246 0.627321 
vn -0.763016 0.160283 0.626191 
vn -0.742498 0.159918 0.650479 
vn -0.723414 0.154071 0.673004 
vn -0.734486 0.152195 0.661337 
vn -0.742823 0.154409 0.651438 
vn -0.777223 0.164888 0.607236 
vn -0.704441 0.15363 0.692937 
vn -0.739545 0.165702 0.652392 
vn -0.722308 0.159422 0.672946 
vn -0.702523 0.158816 0.693714 
vn -0.667984 0.15251 0.728381 
vn -0.683206 0.158119 0.712901 
vn -0.718583 0.16502 0.675579 
vn -0.756131 0.172455 0.631289 
vn -0.73411 0.171703 0.656963 
vn -0.834031 0.18818 0.518634 
vn -0.81084 0.187894 0.554287 
vn -0.795006 0.180257 0.5792 
vn -0.815554 0.179617 0.5501 
vn -0.77204 0.179662 0.609652 
vn -0.849208 0.196116 0.49029 
vn -0.825798 0.195917 0.528843 
vn -0.787251 0.1873 0.587498 
vn -0.80174 0.19535 0.564846 
vn -0.763488 0.186443 0.618324 
vn -0.749085 0.17885 0.637875 
vn -0.71238 0.170805 0.680691 
vn -0.69801 0.164221 0.697003 
vn -0.726298 0.177856 0.663972 
vn -0.777299 0.194464 0.598323 
vn -0.739747 0.185362 0.646851 
vn -0.752708 0.193306 0.629335 
vn -0.677898 0.163329 0.716783 
vn -0.6644 0.15735 0.730626 
vn -0.633694 0.151164 0.758671 
vn -0.646138 0.156522 0.746999 
vn -0.658299 0.162361 0.735039 
vn -0.63925 0.161333 0.751885 
vn -0.670164 0.168672 0.722793 
vn -0.716191 0.184095 0.673186 
vn -0.703808 0.176713 0.68806 
vn -0.691039 0.169787 0.702594 
vn -0.681722 0.175448 0.710262 
vn -0.728172 0.191921 0.657976 
vn -0.692959 0.182677 0.69745 
vn -0.703861 0.190348 0.684359 
vn -0.670161 0.181138 0.719773 
vn -0.660123 0.174087 0.730706 
vn -0.649815 0.167482 0.741411 
vn -0.679918 0.188627 0.708612 
vn -0.817798 0.180599 0.546435 
vn -0.782263 0.166623 0.600251 
vn -0.699722 0.14415 0.699722 
vn -0.492665 0.170664 0.85332 
vn -0.5 0 -0.866025 
vn 0.496058 0.125318 -0.859198 
vn 0.518307 0.126301 -0.845817 
vn 0.511969 0.126238 -0.849677 
vn 0.496058 0.125318 -0.859198 
vn 0.344324 0.177805 -0.92186 
vn 0.33385 0.184864 -0.924321 
vn 0.304728 0.186789 -0.933944 
vn 0.496058 0.125318 -0.859198 
vn 0.523885 0.125618 -0.842475 
vn 0 0.196116 -0.980581 
vn 0.0321345 0.18818 -0.981609 
vn 0.074607 0.187894 -0.979352 
vn 0.496058 0.125318 -0.859198 
vn 0.506185 0.126174 -0.853145 
vn 0.586479 0.148907 -0.796159 
vn 0.569422 0.140462 -0.809956 
vn 0.591808 0.145085 -0.792915 
vn 0.58178 0.140959 -0.801038 
vn 0.527551 0.128993 -0.839673 
vn 0.540046 0.129245 -0.831653 
vn 0.550708 0.131448 -0.824283 
vn 0.529243 0.127528 -0.838831 
vn 0.542758 0.133572 -0.8292 
vn 0.561222 0.134138 -0.816723 
vn 0.571582 0.137309 -0.808974 
vn 0.525768 0.133002 -0.840166 
vn 0.5161 0.128739 -0.846798 
vn 0.535204 0.131055 -0.834494 
vn 0.550207 0.136541 -0.82379 
vn 0.557543 0.139958 -0.818265 
vn 0.546124 0.139451 -0.826016 
vn 0.530496 0.135764 -0.836745 
vn 0.571851 0.148122 -0.806874 
vn 0.602901 0.159156 -0.781779 
vn 0.62078 0.160261 -0.76743 
vn 0.630035 0.166234 -0.758566 
vn 0.601656 0.14968 -0.784605 
vn 0.611317 0.154741 -0.77611 
vn 0.594773 0.153809 -0.789042 
vn 0.578808 0.15286 -0.801009 
vn 0.618621 0.171161 -0.76682 
vn 0.639074 0.172651 -0.749517 
vn 0.647884 0.179506 -0.740286 
vn 0.585623 0.158029 -0.79503 
vn 0.610854 0.164943 -0.774372 
vn 0.592289 0.163622 -0.788937 
vn 0.598796 0.169633 -0.782731 
vn 0.626193 0.177805 -0.759123 
vn 0.656455 0.186789 -0.730874 
vn 0.605135 0.176055 -0.776412 
vn 0.63356 0.184864 -0.751283 
vn 0.568945 0.156888 -0.807272 
vn 0.557761 0.147329 -0.816821 
vn 0.539716 0.142534 -0.829693 
vn 0.544195 0.146534 -0.826063 
vn 0.548579 0.150938 -0.822361 
vn 0.552862 0.155741 -0.818589 
vn 0.579618 0.168081 -0.797365 
vn 0.574349 0.162283 -0.802363 
vn 0.557038 0.160936 -0.814745 
vn 0.561098 0.166516 -0.810827 
vn 0.584744 0.174273 -0.792277 
vn 0.611299 0.182878 -0.76998 
vn 0.565037 0.172475 -0.806836 
vn 0.589718 0.180852 -0.787099 
vn 0.514445 0.137932 -0.846358 
vn 0.535147 0.138943 -0.833254 
vn 0.505575 0.128488 -0.853162 
vn 0.496012 0.12605 -0.859118 
vn 0.510103 0.132435 -0.849856 
vn 0.495872 0.128241 -0.858875 
vn 0.49529 0.136938 -0.857867 
vn 0.495633 0.131877 -0.858462 
vn 0.512299 0.134991 -0.848131 
vn 0.522442 0.153451 -0.838753 
vn 0.518568 0.14495 -0.84266 
vn 0.516536 0.141253 -0.844535 
vn 0.495076 0.139993 -0.857497 
vn 0.494833 0.143391 -0.857076 
vn 0.520538 0.149018 -0.840734 
vn 0.494559 0.147128 -0.856601 
vn 0.527706 0.168877 -0.832471 
vn 0.52603 0.163388 -0.834624 
vn 0.494252 0.151198 -0.856069 
vn 0.524274 0.158243 -0.836717 
vn 0.493911 0.155593 -0.855478 
vn 0.493534 0.160308 -0.854825 
vn 0.568848 0.178804 -0.802771 
vn 0.529296 0.174702 -0.830256 
vn 0.492665 0.170664 -0.85332 
vn 0.493119 0.165334 -0.854107 
vn 0.414801 0.137309 -0.899492 
vn 0.459394 0.135764 -0.877796 
vn 0.429867 0.139958 -0.891979 
vn 0.454046 0.138943 -0.880078 
vn 0.410796 0.178804 -0.894022 
vn 0.416222 0.172475 -0.892755 
vn 0.457088 0.168877 -0.873242 
vn 0.366473 0.154741 -0.917471 
vn 0.40429 0.15286 -0.901767 
vn 0.37559 0.159156 -0.913018 
vn 0.395704 0.158029 -0.904679 
vn 0.39376 0.174273 -0.902542 
vn 0.386789 0.180852 -0.904261 
vn 0.361172 0.182878 -0.914391 
vn 0.365199 0.164943 -0.916201 
vn 0.354775 0.171161 -0.919151 
vn 0.329564 0.172651 -0.928213 
vn 0.369825 0.176055 -0.912269 
vn 0.317165 0.179506 -0.931227 
vn 0.378467 0.169633 -0.909938 
vn 0.387095 0.163622 -0.907406 
vn 0.341919 0.166234 -0.924909 
vn 0.400729 0.168081 -0.900647 
vn 0.414645 0.156888 -0.896357 
vn 0.421648 0.166516 -0.891339 
vn 0.432488 0.155741 -0.888087 
vn 0.427071 0.160936 -0.889781 
vn 0.421375 0.143819 -0.89541 
vn 0.412848 0.148122 -0.898675 
vn 0.37866 0.14968 -0.913352 
vn 0.437896 0.150938 -0.886264 
vn 0.443294 0.146534 -0.884318 
vn 0.448678 0.142534 -0.882254 
vn 0.390781 0.145085 -0.908978 
vn 0.467828 0.149018 -0.871166 
vn 0.465161 0.153451 -0.871825 
vn 0.462482 0.158243 -0.872393 
vn 0.454374 0.174702 -0.873512 
vn 0.493119 0.165334 -0.854107 
vn 0.45979 0.163388 -0.872867 
vn 0.493534 0.160308 -0.854825 
vn 0.493911 0.155593 -0.855478 
vn 0.494252 0.151198 -0.856069 
vn 0.473121 0.141253 -0.8696 
vn 0.470481 0.14495 -0.870423 
vn 0.494559 0.147128 -0.856601 
vn 0.494833 0.143391 -0.857076 
vn 0.495076 0.139993 -0.857497 
vn 0.475745 0.137932 -0.868701 
vn 0.49529 0.136938 -0.857867 
vn 0.475299 0.128739 -0.870355 
vn 0.45021 0.129245 -0.88352 
vn 0.461828 0.127528 -0.877754 
vn 0.485753 0.126174 -0.864942 
vn 0.470024 0.130659 -0.872929 
vn 0.464721 0.133002 -0.875411 
vn 0.426692 0.134138 -0.894394 
vn 0.495475 0.134231 -0.858188 
vn 0.495633 0.131877 -0.858462 
vn 0.495765 0.129879 -0.85869 
vn 0.438496 0.131448 -0.889068 
vn 0.495872 0.128241 -0.858875 
vn 0.473345 0.126301 -0.871775 
vn 0.496012 0.12605 -0.859118 
vn 0.168666 0.193306 -0.966532 
vn 0.190316 0.185362 -0.964065 
vn 0.2249 0.184095 -0.956833 
vn 0.29976 0.143577 -0.943149 
vn 0.256116 0.14415 -0.955838 
vn 0.272856 0.141766 -0.951553 
vn 0.32535 0.139342 -0.935271 
vn 0.0883008 0.19535 -0.97675 
vn 0.115163 0.1873 -0.975529 
vn 0.15374 0.186443 -0.970362 
vn 0.221635 0.159422 -0.96201 
vn 0.195215 0.165702 -0.966661 
vn 0.13727 0.164888 -0.976713 
vn 0.162871 0.166246 -0.972541 
vn 0.128702 0.166623 -0.977585 
vn 0.133532 0.173033 -0.975822 
vn 0.104099 0.180257 -0.978095 
vn 0.0686232 0.179617 -0.98134 
vn 0.0643277 0.180599 -0.981451 
vn 0.0450922 0.195917 -0.979583 
vn 0.141954 0.179662 -0.973433 
vn 0.0965323 0.173404 -0.980108 
vn 0.168647 0.172455 -0.970473 
vn 0.24788 0.15363 -0.956532 
vn 0.192751 0.154409 -0.969023 
vn 0.205492 0.152195 -0.966752 
vn 0.27393 0.148344 -0.95024 
vn 0.160789 0.160283 -0.973887 
vn 0.224541 0.149025 -0.963002 
vn 0.275788 0.158119 -0.948124 
vn 0.201892 0.171703 -0.964239 
vn 0.177873 0.17885 -0.967664 
vn 0.129513 0.194464 -0.972322 
vn 0.211868 0.177856 -0.960978 
vn 0.254617 0.164221 -0.952996 
vn 0.233306 0.170805 -0.957285 
vn 0.317655 0.147404 -0.936679 
vn 0.296804 0.15251 -0.942681 
vn 0.338329 0.142812 -0.930128 
vn 0.419033 0.129721 -0.898657 
vn 0.379431 0.130098 -0.916028 
vn 0.403372 0.128382 -0.905985 
vn 0.438659 0.127797 -0.88952 
vn 0.338947 0.133782 -0.931245 
vn 0.399176 0.132189 -0.907295 
vn 0.350679 0.135649 -0.926619 
vn 0.3791 0.135197 -0.915426 
vn 0.318453 0.136005 -0.938131 
vn 0.287434 0.139805 -0.947542 
vn 0.358814 0.13874 -0.92304 
vn 0.349132 0.132765 -0.927621 
vn 0.458046 0.126421 -0.879893 
vn 0.438735 0.126517 -0.889666 
vn 0.465751 0.12566 -0.875949 
vn 0.477182 0.125594 -0.869783 
vn 0.409312 0.128012 -0.90337 
vn 0.467663 0.125618 -0.874935 
vn 0.388452 0.138051 -0.911069 
vn 0.372488 0.141923 -0.917121 
vn 0.240741 0.190348 -0.951741 
vn 0.25753 0.182677 -0.948845 
vn 0.288261 0.181138 -0.940263 
vn 0.323851 0.156522 -0.933071 
vn 0.290875 0.168672 -0.941776 
vn 0.243973 0.176713 -0.953546 
vn 0.274244 0.175448 -0.94552 
vn 0.205738 0.191921 -0.959603 
vn 0.307413 0.162361 -0.937623 
vn 0.356396 0.146296 -0.922811 
vn 0.340181 0.151164 -0.928131 
vn 0.345802 0.155649 -0.925308 
vn 0.331526 0.161333 -0.929549 
vn 0.317173 0.167482 -0.933462 
vn 0.302749 0.174087 -0.937036 
vn 0.273717 0.188627 -0.943133 
vn 0.354224 0.160261 -0.921326 
vn 0.359994 0.150435 -0.920746 
vn 0.388102 0.141448 -0.910697 
vn 0.402829 0.140959 -0.904356 
vn 0.721714 0.149025 -0.675959 
vn 0.685967 0.148344 -0.71235 
vn 0.666911 0.143577 -0.731174 
vn 0.514663 0.125594 -0.848144 
vn 0.603588 0.130098 -0.786611 
vn 0.628777 0.132765 -0.766167 
vn 0.606463 0.132509 -0.783993 
vn 0.568743 0.129721 -0.812222 
vn 0.532987 0.126421 -0.836626 
vn 0.551106 0.126517 -0.824788 
vn 0.577685 0.128012 -0.806159 
vn 0.525718 0.12566 -0.841326 
vn 0.551017 0.127797 -0.82465 
vn 0.58292 0.128382 -0.802323 
vn 0.627136 0.135649 -0.767007 
vn 0.653219 0.136005 -0.744854 
vn 0.676879 0.139805 -0.722696 
vn 0.637008 0.133782 -0.759159 
vn 0.586152 0.132189 -0.799344 
vn 0.647293 0.139342 -0.749397 
vn 0.687641 0.141766 -0.712076 
vn 0.603232 0.135197 -0.786023 
vn 0.63635 0.142812 -0.758066 
vn 0.619969 0.13874 -0.772262 
vn 0.581322 0.134685 -0.802449 
vn 0.594783 0.138051 -0.791944 
vn 0.608006 0.141923 -0.781145 
vn 0.65236 0.147404 -0.743437 
vn 0.62098 0.146296 -0.770053 
vn 0.800533 0.173404 -0.573654 
vn 0.778321 0.173033 -0.603553 
vn 0.760809 0.166246 -0.627321 
vn 0.763016 0.160283 -0.626191 
vn 0.742498 0.159918 -0.650479 
vn 0.723414 0.154071 -0.673004 
vn 0.734486 0.152195 -0.661337 
vn 0.742823 0.154409 -0.651438 
vn 0.777223 0.164888 -0.607236 
vn 0.704441 0.15363 -0.692937 
vn 0.739545 0.165702 -0.652392 
vn 0.722308 0.159422 -0.672946 
vn 0.702523 0.158816 -0.693714 
vn 0.667984 0.15251 -0.728381 
vn 0.683206 0.158119 -0.712901 
vn 0.718583 0.16502 -0.675579 
vn 0.756131 0.172455 -0.631289 
vn 0.73411 0.171703 -0.656963 
vn 0.834031 0.18818 -0.518634 
vn 0.81084 0.187894 -0.554287 
vn 0.795006 0.180257 -0.5792 
vn 0.815554 0.179617 -0.5501 
vn 0.77204 0.179662 -0.609652 
vn 0.849208 0.196116 -0.49029 
vn 0.825798 0.195917 -0.528843 
vn 0.787251 0.1873 -0.587498 
vn 0.80174 0.19535 -0.564846 
vn 0.763488 0.186443 -0.618324 
vn 0.749085 0.17885 -0.637875 
vn 0.71238 0.170805 -0.680691 
vn 0.69801 0.164221 -0.697003 
vn 0.726298 0.177856 -0.663972 
vn 0.777299 0.194464 -0.598323 
vn 0.739747 0.185362 -0.646851 
vn 0.752708 0.193306 -0.629335 
vn 0.677898 0.163329 -0.716783 
vn 0.6644 0.15735 -0.730626 
vn 0.633694 0.151164 -0.758671 
vn 0.646138 0.156522 -0.746999 
vn 0.658299 0.162361 -0.735039 
vn 0.63925 0.161333 -0.751885 
vn 0.670164 0.168672 -0.722793 
vn 0.716191 0.184095 -0.673186 
vn 0.703808 0.176713 -0.68806 
vn 0.691039 0.169787 -0.702594 
vn 0.681722 0.175448 -0.710262 
vn 0.728172 0.191921 -0.657976 
vn 0.692959 0.182677 -0.69745 
vn 0.703861 0.190348 -0.684359 
vn 0.670161 0.181138 -0.719773 
vn 0.660123 0.174087 -0.730706 
vn 0.649815 0.167482 -0.741411 
vn 0.679918 0.188627 -0.708612 
vn 0.817798 0.180599 -0.546435 
vn 0.782263 0.166623 -0.600251 
vn 0.699722 0.14415 -0.699722 
vn 0.492665 0.170664 -0.85332 
vn -0.496058 0.125318 -0.859198 
vn -0.473345 0.126301 -0.871775 
vn -0.479857 0.126238 -0.868217 
vn -0.496058 0.125318 -0.859198 
vn -0.626193 0.177805 -0.759123 
vn -0.63356 0.184864 -0.751283 
vn -0.656455 0.186789 -0.730874 
vn -0.496058 0.125318 -0.859198 
vn -0.467663 0.125618 -0.874935 
vn -0.849208 0.196116 -0.49029 
vn -0.834031 0.18818 -0.518634 
vn -0.81084 0.187894 -0.554287 
vn -0.496058 0.125318 -0.859198 
vn -0.485753 0.126174 -0.864942 
vn -0.396255 0.148907 -0.905985 
vn -0.416732 0.140462 -0.898112 
vn -0.390781 0.145085 -0.908978 
vn -0.402829 0.140959 -0.904356 
vn -0.463403 0.128993 -0.876709 
vn -0.45021 0.129245 -0.88352 
vn -0.438496 0.131448 -0.889068 
vn -0.461828 0.127528 -0.877754 
vn -0.446729 0.133572 -0.884642 
vn -0.426692 0.134138 -0.894394 
vn -0.414801 0.137309 -0.899492 
vn -0.464721 0.133002 -0.875411 
vn -0.475299 0.128739 -0.870355 
vn -0.455091 0.131055 -0.880748 
vn -0.438319 0.136541 -0.888388 
vn -0.429867 0.139958 -0.891979 
vn -0.442288 0.139451 -0.885965 
vn -0.459394 0.135764 -0.877796 
vn -0.412848 0.148122 -0.898675 
vn -0.37559 0.159156 -0.913018 
vn -0.354224 0.160261 -0.921326 
vn -0.341919 0.166234 -0.924909 
vn -0.37866 0.14968 -0.913352 
vn -0.366473 0.154741 -0.917471 
vn -0.385944 0.153809 -0.90961 
vn -0.40429 0.15286 -0.901767 
vn -0.354775 0.171161 -0.919151 
vn -0.329564 0.172651 -0.928213 
vn -0.317165 0.179506 -0.931227 
vn -0.395704 0.158029 -0.904679 
vn -0.365199 0.164943 -0.916201 
vn -0.387095 0.163622 -0.907406 
vn -0.378467 0.169633 -0.909938 
vn -0.344324 0.177805 -0.92186 
vn -0.304728 0.186789 -0.933944 
vn -0.369825 0.176055 -0.912269 
vn -0.33385 0.184864 -0.924321 
vn -0.414645 0.156888 -0.896357 
vn -0.428507 0.147329 -0.891446 
vn -0.448678 0.142534 -0.882254 
vn -0.443294 0.146534 -0.884318 
vn -0.437896 0.150938 -0.886264 
vn -0.432488 0.155741 -0.888087 
vn -0.400729 0.168081 -0.900647 
vn -0.407692 0.162283 -0.898583 
vn -0.427071 0.160936 -0.889781 
vn -0.421648 0.166516 -0.891339 
vn -0.39376 0.174273 -0.902542 
vn -0.361172 0.182878 -0.914391 
vn -0.416222 0.172475 -0.892755 
vn -0.386789 0.180852 -0.904261 
vn -0.475745 0.137932 -0.868701 
vn -0.454046 0.138943 -0.880078 
vn -0.486073 0.128488 -0.864421 
vn -0.496012 0.12605 -0.859118 
vn -0.480945 0.132435 -0.866691 
vn -0.495872 0.128241 -0.858875 
vn -0.49529 0.136938 -0.857867 
vn -0.495633 0.131877 -0.858462 
vn -0.478354 0.134991 -0.86773 
vn -0.465161 0.153451 -0.871825 
vn -0.470481 0.14495 -0.870423 
vn -0.473121 0.141253 -0.8696 
vn -0.495076 0.139993 -0.857497 
vn -0.494833 0.143391 -0.857076 
vn -0.467828 0.149018 -0.871166 
vn -0.494559 0.147128 -0.856601 
vn -0.457088 0.168877 -0.873242 
vn -0.45979 0.163388 -0.872867 
vn -0.494252 0.151198 -0.856069 
vn -0.462482 0.158243 -0.872393 
vn -0.493911 0.155593 -0.855478 
vn -0.493534 0.160308 -0.854825 
vn -0.410796 0.178804 -0.894022 
vn -0.454374 0.174702 -0.873512 
vn -0.492665 0.170664 -0.85332 
vn -0.493119 0.165334 -0.854107 
vn -0.571582 0.137309 -0.808974 
vn -0.530496 0.135764 -0.836745 
vn -0.557543 0.139958 -0.818265 
vn -0.535147 0.138943 -0.833254 
vn -0.568848 0.178804 -0.802771 
vn -0.565037 0.172475 -0.806836 
vn -0.527706 0.168877 -0.832471 
vn -0.611317 0.154741 -0.77611 
vn -0.578808 0.15286 -0.801009 
vn -0.602901 0.159156 -0.781779 
vn -0.585623 0.158029 -0.79503 
vn -0.584744 0.174273 -0.792277 
vn -0.589718 0.180852 -0.787099 
vn -0.611299 0.182878 -0.76998 
vn -0.610854 0.164943 -0.774372 
vn -0.618621 0.171161 -0.76682 
vn -0.639074 0.172651 -0.749517 
vn -0.605135 0.176055 -0.776412 
vn -0.647884 0.179506 -0.740286 
vn -0.598796 0.169633 -0.782731 
vn -0.592289 0.163622 -0.788937 
vn -0.630035 0.166234 -0.758566 
vn -0.579618 0.168081 -0.797365 
vn -0.568945 0.156888 -0.807272 
vn -0.561098 0.166516 -0.810827 
vn -0.552862 0.155741 -0.818589 
vn -0.557038 0.160936 -0.814745 
vn -0.56476 0.143819 -0.812627 
vn -0.571851 0.148122 -0.806874 
vn -0.601656 0.14968 -0.784605 
vn -0.548579 0.150938 -0.822361 
vn -0.544195 0.146534 -0.826063 
vn -0.539716 0.142534 -0.829693 
vn -0.591808 0.145085 -0.792915 
vn -0.520538 0.149018 -0.840734 
vn -0.522442 0.153451 -0.838753 
vn -0.524274 0.158243 -0.836717 
vn -0.529296 0.174702 -0.830256 
vn -0.493119 0.165334 -0.854107 
vn -0.52603 0.163388 -0.834624 
vn -0.493534 0.160308 -0.854825 
vn -0.493911 0.155593 -0.855478 
vn -0.494252 0.151198 -0.856069 
vn -0.516536 0.141253 -0.844535 
vn -0.518568 0.14495 -0.84266 
vn -0.494559 0.147128 -0.856601 
vn -0.494833 0.143391 -0.857076 
vn -0.495076 0.139993 -0.857497 
vn -0.514445 0.137932 -0.846358 
vn -0.49529 0.136938 -0.857867 
vn -0.5161 0.128739 -0.846798 
vn -0.540046 0.129245 -0.831653 
vn -0.529243 0.127528 -0.838831 
vn -0.506185 0.126174 -0.853145 
vn -0.520967 0.130659 -0.843517 
vn -0.525768 0.133002 -0.840166 
vn -0.561222 0.134138 -0.816723 
vn -0.495475 0.134231 -0.858188 
vn -0.495633 0.131877 -0.858462 
vn -0.495765 0.129879 -0.85869 
vn -0.550708 0.131448 -0.824283 
vn -0.495872 0.128241 -0.858875 
vn -0.518307 0.126301 -0.845817 
vn -0.496012 0.12605 -0.859118 
vn -0.752708 0.193306 -0.629335 
vn -0.739747 0.185362 -0.646851 
vn -0.716191 0.184095 -0.673186 
vn -0.666911 0.143577 -0.731174 
vn -0.699722 0.14415 -0.699722 
vn -0.687641 0.141766 -0.712076 
vn -0.647293 0.139342 -0.749397 
vn -0.80174 0.19535 -0.564846 
vn -0.787251 0.1873 -0.587498 
vn -0.763488 0.186443 -0.618324 
vn -0.722308 0.159422 -0.672946 
vn -0.739545 0.165702 -0.652392 
vn -0.777223 0.164888 -0.607236 
vn -0.760809 0.166246 -0.627321 
vn -0.782263 0.166623 -0.600251 
vn -0.778321 0.173033 -0.603553 
vn -0.795006 0.180257 -0.5792 
vn -0.815554 0.179617 -0.5501 
vn -0.817798 0.180599 -0.546435 
vn -0.825798 0.195917 -0.528843 
vn -0.77204 0.179662 -0.609652 
vn -0.800533 0.173404 -0.573654 
vn -0.756131 0.172455 -0.631289 
vn -0.704441 0.15363 -0.692937 
vn -0.742823 0.154409 -0.651438 
vn -0.734486 0.152195 -0.661337 
vn -0.685967 0.148344 -0.71235 
vn -0.763016 0.160283 -0.626191 
vn -0.721714 0.149025 -0.675959 
vn -0.683206 0.158119 -0.712901 
vn -0.73411 0.171703 -0.656963 
vn -0.749085 0.17885 -0.637875 
vn -0.777299 0.194464 -0.598323 
vn -0.726298 0.177856 -0.663972 
vn -0.69801 0.164221 -0.697003 
vn -0.71238 0.170805 -0.680691 
vn -0.65236 0.147404 -0.743437 
vn -0.667984 0.15251 -0.728381 
vn -0.63635 0.142812 -0.758066 
vn -0.568743 0.129721 -0.812222 
vn -0.603588 0.130098 -0.786611 
vn -0.58292 0.128382 -0.802323 
vn -0.551017 0.127797 -0.82465 
vn -0.637008 0.133782 -0.759159 
vn -0.586152 0.132189 -0.799344 
vn -0.627136 0.135649 -0.767007 
vn -0.603232 0.135197 -0.786023 
vn -0.653219 0.136005 -0.744854 
vn -0.676879 0.139805 -0.722696 
vn -0.619969 0.13874 -0.772262 
vn -0.628777 0.132765 -0.766167 
vn -0.532987 0.126421 -0.836626 
vn -0.551106 0.126517 -0.824788 
vn -0.525718 0.12566 -0.841326 
vn -0.514663 0.125594 -0.848144 
vn -0.577685 0.128012 -0.806159 
vn -0.523885 0.125618 -0.842475 
vn -0.594783 0.138051 -0.791944 
vn -0.608006 0.141923 -0.781145 
vn -0.703861 0.190348 -0.684359 
vn -0.692959 0.182677 -0.69745 
vn -0.670161 0.181138 -0.719773 
vn -0.646138 0.156522 -0.746999 
vn -0.670164 0.168672 -0.722793 
vn -0.703808 0.176713 -0.68806 
vn -0.681722 0.175448 -0.710262 
vn -0.728172 0.191921 -0.657976 
vn -0.658299 0.162361 -0.735039 
vn -0.62098 0.146296 -0.770053 
vn -0.633694 0.151164 -0.758671 
vn -0.628439 0.155649 -0.762127 
vn -0.63925 0.161333 -0.751885 
vn -0.649815 0.167482 -0.741411 
vn -0.660123 0.174087 -0.730706 
vn -0.679918 0.188627 -0.708612 
vn -0.62078 0.160261 -0.76743 
vn -0.617393 0.150435 -0.772137 
vn -0.594636 0.141448 -0.791455 
vn -0.58178 0.140959 -0.801038 
vn -0.224541 0.149025 -0.963002 
vn -0.27393 0.148344 -0.95024 
vn -0.29976 0.143577 -0.943149 
vn -0.477182 0.125594 -0.869783 
vn -0.379431 0.130098 -0.916028 
vn -0.349132 0.132765 -0.927621 
vn -0.375726 0.132509 -0.917208 
vn -0.419033 0.129721 -0.898657 
vn -0.458046 0.126421 -0.879893 
vn -0.438735 0.126517 -0.889666 
vn -0.409312 0.128012 -0.90337 
vn -0.465751 0.12566 -0.875949 
vn -0.438659 0.127797 -0.88952 
vn -0.403372 0.128382 -0.905985 
vn -0.350679 0.135649 -0.926619 
vn -0.318453 0.136005 -0.938131 
vn -0.287434 0.139805 -0.947542 
vn -0.338947 0.133782 -0.931245 
vn -0.399176 0.132189 -0.907295 
vn -0.32535 0.139342 -0.935271 
vn -0.272856 0.141766 -0.951553 
vn -0.3791 0.135197 -0.915426 
vn -0.338329 0.142812 -0.930128 
vn -0.358814 0.13874 -0.92304 
vn -0.40428 0.134685 -0.904664 
vn -0.388452 0.138051 -0.911069 
vn -0.372488 0.141923 -0.917121 
vn -0.317655 0.147404 -0.936679 
vn -0.356396 0.146296 -0.922811 
vn -0.0965323 0.173404 -0.980108 
vn -0.133532 0.173033 -0.975822 
vn -0.162871 0.166246 -0.972541 
vn -0.160789 0.160283 -0.973887 
vn -0.192082 0.159918 -0.968262 
vn -0.221131 0.154071 -0.962997 
vn -0.205492 0.152195 -0.966752 
vn -0.192751 0.154409 -0.969023 
vn -0.13727 0.164888 -0.976713 
vn -0.24788 0.15363 -0.956532 
vn -0.195215 0.165702 -0.966661 
vn -0.221635 0.159422 -0.96201 
vn -0.249512 0.158816 -0.95526 
vn -0.296804 0.15251 -0.942681 
vn -0.275788 0.158119 -0.948124 
vn -0.225778 0.16502 -0.960101 
vn -0.168647 0.172455 -0.970473 
vn -0.201892 0.171703 -0.964239 
vn -0.0321345 0.18818 -0.981609 
vn -0.074607 0.187894 -0.979352 
vn -0.104099 0.180257 -0.978095 
vn -0.0686232 0.179617 -0.98134 
vn -0.141954 0.179662 -0.973433 
vn 0 0.196116 -0.980581 
vn -0.0450922 0.195917 -0.979583 
vn -0.115163 0.1873 -0.975529 
vn -0.0883008 0.19535 -0.97675 
vn -0.15374 0.186443 -0.970362 
vn -0.177873 0.17885 -0.967664 
vn -0.233306 0.170805 -0.957285 
vn -0.254617 0.164221 -0.952996 
vn -0.211868 0.177856 -0.960978 
vn -0.129513 0.194464 -0.972322 
vn -0.190316 0.185362 -0.964065 
vn -0.168666 0.193306 -0.966532 
vn -0.281804 0.163329 -0.945468 
vn -0.30054 0.15735 -0.9407 
vn -0.340181 0.151164 -0.928131 
vn -0.323851 0.156522 -0.933071 
vn -0.307413 0.162361 -0.937623 
vn -0.331526 0.161333 -0.929549 
vn -0.290875 0.168672 -0.941776 
vn -0.2249 0.184095 -0.956833 
vn -0.243973 0.176713 -0.953546 
vn -0.262945 0.169787 -0.949754 
vn -0.274244 0.175448 -0.94552 
vn -0.205738 0.191921 -0.959603 
vn -0.25753 0.182677 -0.948845 
vn -0.240741 0.190348 -0.951741 
vn -0.288261 0.181138 -0.940263 
vn -0.302749 0.174087 -0.937036 
vn -0.317173 0.167482 -0.933462 
vn -0.273717 0.188627 -0.943133 
vn -0.0643277 0.180599 -0.981451 
vn -0.128702 0.166623 -0.977585 
vn -0.256116 0.14415 -0.955838 
vn -0.492665 0.170664 -0.85332 
vn -0.992117 0.125318 0 
vn -0.991652 0.126301 -0.0259588 
vn -0.991827 0.126238 -0.0185399 
vn -0.992117 0.125318 0 
vn -0.970516 0.177805 0.162737 
vn -0.967411 0.184864 0.173038 
vn -0.961183 0.186789 0.20307 
vn -0.992117 0.125318 0 
vn -0.991547 0.125618 -0.0324599 
vn -0.849208 0.196116 0.49029 
vn -0.866165 0.18818 0.462975 
vn -0.885447 0.187894 0.425064 
vn -0.992117 0.125318 0 
vn -0.991938 0.126174 -0.0117963 
vn -0.982733 0.148907 -0.109826 
vn -0.986154 0.140462 -0.0881559 
vn -0.982588 0.145085 -0.116063 
vn -0.98461 0.140959 -0.103318 
vn -0.990954 0.128993 -0.0370357 
vn -0.990255 0.129245 -0.0518667 
vn -0.989204 0.131448 -0.0647852 
vn -0.991071 0.127528 -0.0389223 
vn -0.989487 0.133572 -0.0554425 
vn -0.987914 0.134138 -0.0776712 
vn -0.986384 0.137309 -0.0905177 
vn -0.990489 0.133002 -0.0352451 
vn -0.991399 0.128739 -0.0235568 
vn -0.990295 0.131055 -0.0462531 
vn -0.988526 0.136541 -0.0645981 
vn -0.98741 0.139958 -0.0737137 
vn -0.988413 0.139451 -0.0599496 
vn -0.98989 0.135764 -0.0410507 
vn -0.984699 0.148122 -0.0918002 
vn -0.978492 0.159156 -0.131238 
vn -0.975004 0.160261 -0.153896 
vn -0.971955 0.166234 -0.166344 
vn -0.980316 0.14968 -0.128747 
vn -0.97779 0.154741 -0.141361 
vn -0.980717 0.153809 -0.120568 
vn -0.983098 0.15286 -0.100758 
vn -0.973396 0.171161 -0.152331 
vn -0.968638 0.172651 -0.178695 
vn -0.965049 0.179506 -0.190941 
vn -0.981328 0.158029 -0.10965 
vn -0.976053 0.164943 -0.141829 
vn -0.979384 0.163622 -0.118468 
vn -0.977263 0.169633 -0.127207 
vn -0.970516 0.177805 -0.162737 
vn -0.961183 0.186789 -0.20307 
vn -0.97496 0.176055 -0.135857 
vn -0.967411 0.184864 -0.173038 
vn -0.98359 0.156888 -0.0890853 
vn -0.986268 0.147329 -0.0746248 
vn -0.988393 0.142534 -0.0525606 
vn -0.987489 0.146534 -0.0582553 
vn -0.986476 0.150938 -0.0639029 
vn -0.98535 0.155741 -0.0694985 
vn -0.980348 0.168081 -0.103282 
vn -0.982042 0.162283 -0.0962196 
vn -0.984108 0.160936 -0.0750365 
vn -0.982746 0.166516 -0.0805118 
vn -0.978504 0.174273 -0.110264 
vn -0.972472 0.182878 -0.144411 
vn -0.98126 0.172475 -0.0859186 
vn -0.976507 0.180852 -0.117162 
vn -0.99019 0.137932 -0.0223432 
vn -0.989193 0.138943 -0.0468241 
vn -0.991647 0.128488 -0.0112595 
vn -0.992024 0.12605 0 
vn -0.991049 0.132435 -0.0168345 
vn -0.991743 0.128241 0 
vn -0.99058 0.136938 0 
vn -0.991266 0.131877 0 
vn -0.990653 0.134991 -0.0195985 
vn -0.987603 0.153451 -0.033071 
vn -0.989049 0.14495 -0.0277631 
vn -0.989656 0.141253 -0.0250657 
vn -0.990153 0.139993 0 
vn -0.989666 0.143391 0 
vn -0.988366 0.149018 -0.0304325 
vn -0.989117 0.147128 0 
vn -0.984794 0.168877 -0.0407713 
vn -0.98582 0.163388 -0.0382434 
vn -0.988504 0.151198 0 
vn -0.986755 0.158243 -0.0356757 
vn -0.987821 0.155593 0 
vn -0.987067 0.160308 0 
vn -0.979644 0.178804 -0.0912513 
vn -0.983671 0.174702 -0.0432563 
vn -0.985329 0.170664 0 
vn -0.986238 0.165334 0 
vn -0.986384 0.137309 0.0905177 
vn -0.98989 0.135764 0.0410507 
vn -0.98741 0.139958 0.0737137 
vn -0.989193 0.138943 0.0468241 
vn -0.979644 0.178804 0.0912513 
vn -0.98126 0.172475 0.0859186 
vn -0.984794 0.168877 0.0407713 
vn -0.97779 0.154741 0.141361 
vn -0.983098 0.15286 0.100758 
vn -0.978492 0.159156 0.131238 
vn -0.981328 0.158029 0.10965 
vn -0.978504 0.174273 0.110264 
vn -0.976507 0.180852 0.117162 
vn -0.972472 0.182878 0.144411 
vn -0.976053 0.164943 0.141829 
vn -0.973396 0.171161 0.152331 
vn -0.968638 0.172651 0.178695 
vn -0.97496 0.176055 0.135857 
vn -0.965049 0.179506 0.190941 
vn -0.977263 0.169633 0.127207 
vn -0.979384 0.163622 0.118468 
vn -0.971955 0.166234 0.166344 
vn -0.980348 0.168081 0.103282 
vn -0.98359 0.156888 0.0890853 
vn -0.982746 0.166516 0.0805118 
vn -0.98535 0.155741 0.0694985 
vn -0.984108 0.160936 0.0750365 
vn -0.986135 0.143819 0.0827832 
vn -0.984699 0.148122 0.0918002 
vn -0.980316 0.14968 0.128747 
vn -0.986476 0.150938 0.0639029 
vn -0.987489 0.146534 0.0582553 
vn -0.988393 0.142534 0.0525606 
vn -0.982588 0.145085 0.116063 
vn -0.988366 0.149018 0.0304325 
vn -0.987603 0.153451 0.033071 
vn -0.986755 0.158243 0.0356757 
vn -0.983671 0.174702 0.0432563 
vn -0.986238 0.165334 0 
vn -0.98582 0.163388 0.0382434 
vn -0.987067 0.160308 0 
vn -0.987821 0.155593 0 
vn -0.988504 0.151198 0 
vn -0.989656 0.141253 0.0250657 
vn -0.989049 0.14495 0.0277631 
vn -0.989117 0.147128 0 
vn -0.989666 0.143391 0 
vn -0.990153 0.139993 0 
vn -0.99019 0.137932 0.0223432 
vn -0.99058 0.136938 0 
vn -0.991399 0.128739 0.0235568 
vn -0.990255 0.129245 0.0518667 
vn -0.991071 0.127528 0.0389223 
vn -0.991938 0.126174 0.0117963 
vn -0.990991 0.130659 0.0294123 
vn -0.990489 0.133002 0.0352451 
vn -0.987914 0.134138 0.0776712 
vn -0.99095 0.134231 0 
vn -0.991266 0.131877 0 
vn -0.99153 0.129879 0 
vn -0.989204 0.131448 0.0647852 
vn -0.991743 0.128241 0 
vn -0.991652 0.126301 0.0259588 
vn -0.992024 0.12605 0 
vn -0.921374 0.193306 0.337197 
vn -0.930063 0.185362 0.317214 
vn -0.941092 0.184095 0.283647 
vn -0.966671 0.143577 0.211974 
vn -0.955838 0.14415 0.256116 
vn -0.960496 0.141766 0.239476 
vn -0.972643 0.139342 0.185874 
vn -0.890041 0.19535 0.411904 
vn -0.902414 0.1873 0.38803 
vn -0.917228 0.186443 0.352038 
vn -0.943942 0.159422 0.289064 
vn -0.934761 0.165702 0.314269 
vn -0.914494 0.164888 0.369477 
vn -0.923681 0.166246 0.34522 
vn -0.910964 0.166623 0.377334 
vn -0.911853 0.173033 0.372269 
vn -0.899105 0.180257 0.398895 
vn -0.884177 0.179617 0.431241 
vn -0.882125 0.180599 0.435016 
vn -0.87089 0.195917 0.450741 
vn -0.913994 0.179662 0.363781 
vn -0.897065 0.173404 0.406455 
vn -0.924777 0.172455 0.339184 
vn -0.952321 0.15363 0.263595 
vn -0.935574 0.154409 0.317584 
vn -0.939978 0.152195 0.305415 
vn -0.959897 0.148344 0.23789 
vn -0.923806 0.160283 0.347696 
vn -0.946255 0.149025 0.287043 
vn -0.958993 0.158119 0.235223 
vn -0.936002 0.171703 0.307276 
vn -0.926958 0.17885 0.32979 
vn -0.906812 0.194464 0.373999 
vn -0.938165 0.177856 0.297006 
vn -0.952627 0.164221 0.255993 
vn -0.945686 0.170805 0.276593 
vn -0.970015 0.147404 0.193242 
vn -0.964788 0.15251 0.2143 
vn -0.974679 0.142812 0.172063 
vn -0.987776 0.129721 0.0864351 
vn -0.983019 0.130098 0.129417 
vn -0.986292 0.128382 0.103662 
vn -0.989677 0.127797 0.0648697 
vn -0.975955 0.133782 0.172086 
vn -0.985329 0.132189 0.10795 
vn -0.977815 0.135649 0.159613 
vn -0.982332 0.135197 0.129403 
vn -0.971672 0.136005 0.193278 
vn -0.964313 0.139805 0.224846 
vn -0.978784 0.13874 0.150778 
vn -0.977909 0.132765 0.161453 
vn -0.991033 0.126421 0.043267 
vn -0.989841 0.126517 0.0648776 
vn -0.991469 0.12566 0.0346225 
vn -0.991846 0.125594 0.0216397 
vn -0.986997 0.128012 0.0972107 
vn -0.991547 0.125618 0.0324599 
vn -0.983235 0.138051 0.119125 
vn -0.980494 0.141923 0.135976 
vn -0.944603 0.190348 0.267383 
vn -0.950489 0.182677 0.251395 
vn -0.958422 0.181138 0.22049 
vn -0.969989 0.156522 0.186072 
vn -0.961039 0.168672 0.218983 
vn -0.947782 0.176713 0.265486 
vn -0.955966 0.175448 0.235258 
vn -0.93391 0.191921 0.301627 
vn -0.965712 0.162361 0.202584 
vn -0.977375 0.146296 0.152758 
vn -0.973875 0.151164 0.16946 
vn -0.974241 0.155649 0.163181 
vn -0.970776 0.161333 0.177665 
vn -0.966988 0.167482 0.192051 
vn -0.962872 0.174087 0.20633 
vn -0.953635 0.188627 0.23452 
vn -0.975004 0.160261 0.153896 
vn -0.977387 0.150435 0.14861 
vn -0.982738 0.141448 0.119242 
vn -0.98461 0.140959 0.103318 
vn -0.946255 0.149025 -0.287043 
vn -0.959897 0.148344 -0.23789 
vn -0.966671 0.143577 -0.211974 
vn -0.991846 0.125594 -0.0216397 
vn -0.983019 0.130098 -0.129417 
vn -0.977909 0.132765 -0.161453 
vn -0.982189 0.132509 -0.133216 
vn -0.987776 0.129721 -0.0864351 
vn -0.991033 0.126421 -0.043267 
vn -0.989841 0.126517 -0.0648776 
vn -0.986997 0.128012 -0.0972107 
vn -0.991469 0.12566 -0.0346225 
vn -0.989677 0.127797 -0.0648697 
vn -0.986292 0.128382 -0.103662 
vn -0.977815 0.135649 -0.159613 
vn -0.971672 0.136005 -0.193278 
vn -0.964313 0.139805 -0.224846 
vn -0.975955 0.133782 -0.172086 
vn -0.985329 0.132189 -0.10795 
vn -0.972643 0.139342 -0.185874 
vn -0.960496 0.141766 -0.239476 
vn -0.982332 0.135197 -0.129403 
vn -0.974679 0.142812 -0.172063 
vn -0.978784 0.13874 -0.150778 
vn -0.985602 0.134685 -0.102215 
vn -0.983235 0.138051 -0.119125 
vn -0.980494 0.141923 -0.135976 
vn -0.970015 0.147404 -0.193242 
vn -0.977375 0.146296 -0.152758 
vn -0.897065 0.173404 -0.406455 
vn -0.911853 0.173033 -0.372269 
vn -0.923681 0.166246 -0.34522 
vn -0.923806 0.160283 -0.347696 
vn -0.93458 0.159918 -0.317783 
vn -0.944545 0.154071 -0.289993 
vn -0.939978 0.152195 -0.305415 
vn -0.935574 0.154409 -0.317584 
vn -0.914494 0.164888 -0.369477 
vn -0.952321 0.15363 -0.263595 
vn -0.934761 0.165702 -0.314269 
vn -0.943942 0.159422 -0.289064 
vn -0.952035 0.158816 -0.261546 
vn -0.964788 0.15251 -0.2143 
vn -0.958993 0.158119 -0.235223 
vn -0.94436 0.16502 -0.284521 
vn -0.924777 0.172455 -0.339184 
vn -0.936002 0.171703 -0.307276 
vn -0.866165 0.18818 -0.462975 
vn -0.885447 0.187894 -0.425064 
vn -0.899105 0.180257 -0.398895 
vn -0.884177 0.179617 -0.431241 
vn -0.913994 0.179662 -0.363781 
vn -0.849208 0.196116 -0.49029 
vn -0.87089 0.195917 -0.450741 
vn -0.902414 0.1873 -0.38803 
vn -0.890041 0.19535 -0.411904 
vn -0.917228 0.186443 -0.352038 
vn -0.926958 0.17885 -0.32979 
vn -0.945686 0.170805 -0.276593 
vn -0.952627 0.164221 -0.255993 
vn -0.938165 0.177856 -0.297006 
vn -0.906812 0.194464 -0.373999 
vn -0.930063 0.185362 -0.317214 
vn -0.921374 0.193306 -0.337197 
vn -0.959701 0.163329 -0.228685 
vn -0.96494 0.15735 -0.210075 
vn -0.973875 0.151164 -0.16946 
vn -0.969989 0.156522 -0.186072 
vn -0.965712 0.162361 -0.202584 
vn -0.970776 0.161333 -0.177665 
vn -0.961039 0.168672 -0.218983 
vn -0.941092 0.184095 -0.283647 
vn -0.947782 0.176713 -0.265486 
vn -0.953983 0.169787 -0.24716 
vn -0.955966 0.175448 -0.235258 
vn -0.93391 0.191921 -0.301627 
vn -0.950489 0.182677 -0.251395 
vn -0.944603 0.190348 -0.267383 
vn -0.958422 0.181138 -0.22049 
vn -0.962872 0.174087 -0.20633 
vn -0.966988 0.167482 -0.192051 
vn -0.953635 0.188627 -0.23452 
vn -0.882125 0.180599 -0.435016 
vn -0.910964 0.166623 -0.377334 
vn -0.955838 0.14415 -0.256116 
vn -0.985329 0.170664 0 
vn 0 1 0 
vn 0.987389 -0.158311 0 
vn 0.98637 -0.159317 -0.0411264 
vn 0.986724 -0.159249 -0.0318654 
vn 0.987389 -0.158311 0 
vn 0.962774 -0.20606 0.174947 
vn 0.959296 -0.212472 0.186032 
vn 0.952365 -0.214614 0.216663 
vn 0.987389 -0.158311 0 
vn 0.986963 -0.159178 -0.0238181 
vn 0.987216 -0.159039 -0.0105249 
vn 0.987293 -0.158909 0 
vn 0.987389 -0.158311 0 
vn 0.982381 -0.186888 0 
vn 0.980734 -0.195348 0 
vn 0.980158 -0.197356 0.0184585 
vn 0.986521 -0.158735 -0.0397542 
vn 0.985096 -0.159429 -0.0645666 
vn 0.985853 -0.159379 -0.0518948 
vn 0.987389 -0.158311 0 
vn 0.978791 -0.172662 -0.110253 
vn 0.973904 -0.180656 -0.137381 
vn 0.978666 -0.17574 -0.106432 
vn 0.976596 -0.17979 -0.118048 
vn 0.984715 -0.163718 -0.059433 
vn 0.983224 -0.164156 -0.079524 
vn 0.981384 -0.166719 -0.0953404 
vn 0.98568 -0.161774 -0.047585 
vn 0.984726 -0.162056 -0.0636672 
vn 0.983311 -0.162327 -0.082158 
vn 0.983533 -0.166089 -0.0712487 
vn 0.979206 -0.169739 -0.111108 
vn 0.981012 -0.164579 -0.102608 
vn 0.9782 -0.167322 -0.122998 
vn 0.97487 -0.170554 -0.143315 
vn 0.976685 -0.173214 -0.126817 
vn 0.982133 -0.168886 -0.0830251 
vn 0.971022 -0.174268 -0.163546 
vn 0.974124 -0.173752 -0.144545 
vn 0.966603 -0.182332 -0.180093 
vn 0.969008 -0.194372 -0.152456 
vn 0.964446 -0.195815 -0.177484 
vn 0.960714 -0.201687 -0.190659 
vn 0.97177 -0.189112 -0.141069 
vn 0.967886 -0.190347 -0.164207 
vn 0.974298 -0.184249 -0.129596 
vn 0.970609 -0.181507 -0.158027 
vn 0.967048 -0.186315 -0.173507 
vn 0.96601 -0.200024 -0.163752 
vn 0.956688 -0.207956 -0.203722 
vn 0.963134 -0.191554 -0.188892 
vn 0.958864 -0.197219 -0.20417 
vn 0.954234 -0.203299 -0.219331 
vn 0.949243 -0.209787 -0.234364 
vn 0.962774 -0.20606 -0.174947 
vn 0.952365 -0.214614 -0.216663 
vn 0.943887 -0.216674 -0.249258 
vn 0.957359 -0.192714 -0.215232 
vn 0.952083 -0.198561 -0.232617 
vn 0.962198 -0.187302 -0.197719 
vn 0.966652 -0.178458 -0.183677 
vn 0.961757 -0.183116 -0.203695 
vn 0.956335 -0.188234 -0.223585 
vn 0.950384 -0.193803 -0.243333 
vn 0.940209 -0.211519 -0.266957 
vn 0.9439 -0.199812 -0.262923 
vn 0.946368 -0.204833 -0.249864 
vn 0.93688 -0.206251 -0.28234 
vn 0.929324 -0.213105 -0.301566 
vn 0.933606 -0.218608 -0.283885 
vn 0.92123 -0.220363 -0.320587 
vn 0.967279 -0.174751 -0.183937 
vn 0.961919 -0.179057 -0.206519 
vn 0.981241 -0.162573 -0.103618 
vn 0.977781 -0.164958 -0.129361 
vn 0.983931 -0.160712 -0.0777886 
vn 0.982231 -0.160822 -0.0967413 
vn 0.979578 -0.162109 -0.11894 
vn 0.97355 -0.16786 -0.154995 
vn 0.968548 -0.171273 -0.180498 
vn 0.973079 -0.16525 -0.160656 
vn 0.966801 -0.168268 -0.192309 
vn 0.965734 -0.168778 -0.197157 
vn 0.962775 -0.175188 -0.205846 
vn 0.950874 -0.175851 -0.254786 
vn 0.945077 -0.178586 -0.273747 
vn 0.956231 -0.179595 -0.231017 
vn 0.934075 -0.200936 -0.295174 
vn 0.95592 -0.18384 -0.228952 
vn 0.949281 -0.189089 -0.251219 
vn 0.948914 -0.184482 -0.255986 
vn 0.940826 -0.189836 -0.280729 
vn 0.942 -0.194792 -0.273299 
vn 0.931968 -0.195644 -0.305221 
vn 0.916294 -0.214494 -0.338227 
vn 0.922341 -0.201889 -0.329437 
vn 0.925507 -0.207509 -0.316824 
vn 0.911948 -0.208554 -0.35335 
vn 0.900792 -0.215622 -0.376936 
vn 0.906437 -0.221876 -0.359364 
vn 0.888879 -0.223071 -0.400166 
vn 0.90582 -0.196754 -0.375203 
vn 0.891888 -0.203056 -0.404109 
vn 0.908391 -0.202617 -0.36575 
vn 0.918701 -0.19086 -0.345775 
vn 0.930514 -0.185397 -0.315867 
vn 0.917748 -0.191298 -0.348056 
vn 0.882468 -0.216412 -0.417632 
vn 0.895873 -0.209323 -0.391913 
vn 0.883958 -0.20661 -0.419441 
vn 0.868188 -0.223861 -0.442873 
vn 0.860949 -0.216781 -0.460187 
vn 0.84399 -0.224148 -0.487278 
vn 0.982133 -0.168886 0.0830251 
vn 0.980511 -0.172103 0.0947553 
vn 0.976685 -0.173214 0.126817 
vn 0.906437 -0.221876 0.359364 
vn 0.916294 -0.214494 0.338227 
vn 0.929324 -0.213105 0.301566 
vn 0.967048 -0.186315 0.173507 
vn 0.974298 -0.184249 0.129596 
vn 0.967886 -0.190347 0.164207 
vn 0.97177 -0.189112 0.141069 
vn 0.933606 -0.218608 0.283885 
vn 0.940209 -0.211519 0.266957 
vn 0.949243 -0.209787 0.234364 
vn 0.969008 -0.194372 0.152456 
vn 0.96601 -0.200024 0.163752 
vn 0.960714 -0.201687 0.190659 
vn 0.943887 -0.216674 0.249258 
vn 0.956688 -0.207956 0.203722 
vn 0.964446 -0.195815 0.177484 
vn 0.954234 -0.203299 0.219331 
vn 0.958864 -0.197219 0.20417 
vn 0.946368 -0.204833 0.249864 
vn 0.92123 -0.220363 0.320587 
vn 0.93688 -0.206251 0.28234 
vn 0.9439 -0.199812 0.262923 
vn 0.952083 -0.198561 0.232617 
vn 0.963134 -0.191554 0.188892 
vn 0.957359 -0.192714 0.215232 
vn 0.970609 -0.181507 0.158027 
vn 0.973821 -0.177138 0.14246 
vn 0.978666 -0.17574 0.106432 
vn 0.956335 -0.188234 0.223585 
vn 0.976596 -0.17979 0.118048 
vn 0.961757 -0.183116 0.203695 
vn 0.966652 -0.178458 0.183677 
vn 0.971022 -0.174268 0.163546 
vn 0.950384 -0.193803 0.243333 
vn 0.942 -0.194792 0.273299 
vn 0.868188 -0.223861 0.442873 
vn 0.882468 -0.216412 0.417632 
vn 0.900792 -0.215622 0.376936 
vn 0.925507 -0.207509 0.316824 
vn 0.934075 -0.200936 0.295174 
vn 0.888879 -0.223071 0.400166 
vn 0.911948 -0.208554 0.35335 
vn 0.922341 -0.201889 0.329437 
vn 0.931968 -0.195644 0.305221 
vn 0.895873 -0.209323 0.391913 
vn 0.908391 -0.202617 0.36575 
vn 0.84399 -0.224148 0.487278 
vn 0.860949 -0.216781 0.460187 
vn 0.876924 -0.209741 0.432451 
vn 0.920012 -0.196316 0.339174 
vn 0.883958 -0.20661 0.419441 
vn 0.891888 -0.203056 0.404109 
vn 0.90582 -0.196754 0.375203 
vn 0.917748 -0.191298 0.348056 
vn 0.940826 -0.189836 0.280729 
vn 0.95592 -0.18384 0.228952 
vn 0.949281 -0.189089 0.251219 
vn 0.961919 -0.179057 0.206519 
vn 0.948914 -0.184482 0.255986 
vn 0.967279 -0.174751 0.183937 
vn 0.956231 -0.179595 0.231017 
vn 0.930514 -0.185397 0.315867 
vn 0.941242 -0.180388 0.285523 
vn 0.918701 -0.19086 0.345775 
vn 0.962775 -0.175188 0.205846 
vn 0.945077 -0.178586 0.273747 
vn 0.968548 -0.171273 0.180498 
vn 0.97487 -0.170554 0.143315 
vn 0.986963 -0.159178 0.0238181 
vn 0.98568 -0.161774 0.047585 
vn 0.984726 -0.162056 0.0636672 
vn 0.983533 -0.166089 0.0712487 
vn 0.981384 -0.166719 0.0953404 
vn 0.983224 -0.164156 0.079524 
vn 0.979206 -0.169739 0.111108 
vn 0.9782 -0.167322 0.122998 
vn 0.981012 -0.164579 0.102608 
vn 0.986724 -0.159249 0.0318654 
vn 0.983311 -0.162327 0.082158 
vn 0.981241 -0.162573 0.103618 
vn 0.983931 -0.160712 0.0777886 
vn 0.98637 -0.159317 0.0411264 
vn 0.97355 -0.16786 0.154995 
vn 0.950874 -0.175851 0.254786 
vn 0.959396 -0.171806 0.2237 
vn 0.965734 -0.168778 0.197157 
vn 0.977781 -0.164958 0.129361 
vn 0.966801 -0.168268 0.192309 
vn 0.973079 -0.16525 0.160656 
vn 0.978224 -0.162765 0.128786 
vn 0.986521 -0.158735 0.0397542 
vn 0.985853 -0.159379 0.0518948 
vn 0.985096 -0.159429 0.0645666 
vn 0.979578 -0.162109 0.11894 
vn 0.982231 -0.160822 0.0967413 
vn 0.969395 -0.208074 0.130301 
vn 0.971643 -0.202183 0.122608 
vn 0.977145 -0.198321 0.0765309 
vn 0.98545 -0.16882 0.0196923 
vn 0.986309 -0.164241 0.0148394 
vn 0.986469 -0.163945 0 
vn 0.986515 -0.163668 0 
vn 0.984909 -0.173072 0 
vn 0.983768 -0.179447 0 
vn 0.983459 -0.180579 0.0141443 
vn 0.981205 -0.190007 0.0336862 
vn 0.979174 -0.199418 0.0380941 
vn 0.977704 -0.20153 0.0589978 
vn 0.981951 -0.188428 0.0163388 
vn 0.983571 -0.180524 -5.95627e-15 
vn 0.982915 -0.18174 0.0291362 
vn 0.980084 -0.191624 0.0521211 
vn 0.975658 -0.203683 0.0812657 
vn 0.97852 -0.193272 0.0717281 
vn 0.979786 -0.188542 0.0668623 
vn 0.982094 -0.182927 0.0450432 
vn 0.984324 -0.174664 0.0244647 
vn 0.985821 -0.167801 0 
vn 0.984699 -0.173858 0.0118853 
vn 0.983756 -0.175487 0.0377942 
vn 0.980947 -0.184137 0.0619383 
vn 0.982004 -0.180064 0.056961 
vn 0.982961 -0.176327 0.0519351 
vn 0.983818 -0.172933 0.0468652 
vn 0.985087 -0.169347 0.0304036 
vn 0.987004 -0.160698 0 
vn 0.986912 -0.160953 0.00992628 
vn 0.985819 -0.164839 0.0314375 
vn 0.986695 -0.161218 0.0210155 
vn 0.987216 -0.159039 0.0105249 
vn 0.984579 -0.169884 0.041756 
vn 0.98302 -0.170984 0.0666078 
vn 0.984052 -0.168027 0.0583785 
vn 0.977432 -0.186611 0.0990146 
vn 0.97373 -0.196637 0.114824 
vn 0.975658 -0.191444 0.106958 
vn 0.980522 -0.178046 0.0829255 
vn 0.979052 -0.182143 0.0910018 
vn 0.981844 -0.174325 0.0747921 
vn 0.986306 -0.161493 0.0334799 
vn 0.984943 -0.165458 0.0501103 
vn 0.985821 -0.167801 0 
vn 0.98545 -0.16882 -0.0196923 
vn 0.984324 -0.174664 -0.0244647 
vn 0.987004 -0.160698 0 
vn 0.986302 -0.16285 -0.0262373 
vn 0.985819 -0.164839 -0.0314375 
vn 0.986695 -0.161218 -0.0210155 
vn 0.985246 -0.167185 -0.0366119 
vn 0.986469 -0.163945 0 
vn 0.986515 -0.163668 0 
vn 0.986195 -0.165591 0 
vn 0.984579 -0.169884 -0.041756 
vn 0.980511 -0.172103 -0.0947553 
vn 0.98302 -0.170984 -0.0666078 
vn 0.981844 -0.174325 -0.0747921 
vn 0.981951 -0.188428 -0.0163388 
vn 0.982381 -0.186888 5.03383e-15 
vn 0.983571 -0.180524 -5.95627e-15 
vn 0.983459 -0.180579 -0.0141443 
vn 0.983818 -0.172933 -0.0468652 
vn 0.982961 -0.176327 -0.0519351 
vn 0.983756 -0.175487 -0.0377942 
vn 0.982915 -0.18174 -0.0291362 
vn 0.984909 -0.173072 0 
vn 0.982094 -0.182927 -0.0450432 
vn 0.982004 -0.180064 -0.056961 
vn 0.980084 -0.191624 -0.0521211 
vn 0.980158 -0.197356 -0.0184585 
vn 0.981205 -0.190007 -0.0336862 
vn 0.979174 -0.199418 -0.0380941 
vn 0.977704 -0.20153 -0.0589978 
vn 0.979786 -0.188542 -0.0668623 
vn 0.980947 -0.184137 -0.0619383 
vn 0.977145 -0.198321 -0.0765309 
vn 0.97852 -0.193272 -0.0717281 
vn 0.975658 -0.191444 -0.106958 
vn 0.980522 -0.178046 -0.0829255 
vn 0.979052 -0.182143 -0.0910018 
vn 0.977432 -0.186611 -0.0990146 
vn 0.971643 -0.202183 -0.122608 
vn 0.97373 -0.196637 -0.114824 
vn 0.969395 -0.208074 -0.130301 
vn 0.975658 -0.203683 -0.0812657 
vn 0.959296 -0.212472 -0.186032 
vn 0.980734 -0.195348 0 
vn 0.983768 -0.179447 0 
vn 0.876924 -0.209741 -0.432451 
vn 0.941242 -0.180388 -0.285523 
vn 0.959396 -0.171806 -0.2237 
vn 0.978224 -0.162765 -0.128786 
vn 0.493695 -0.158311 0.855104 
vn 0.528802 -0.159317 0.833659 
vn 0.520958 -0.159249 0.838595 
vn 0.493695 -0.158311 0.855104 
vn 0.329879 -0.20606 0.92126 
vn 0.31854 -0.212472 0.92379 
vn 0.288547 -0.214614 0.933103 
vn 0.493695 -0.158311 0.855104 
vn 0.514108 -0.159178 0.842826 
vn 0.502723 -0.159039 0.849692 
vn 0.493647 -0.158909 0.855021 
vn 0.493695 -0.158311 0.855104 
vn 0.491191 -0.186888 0.850767 
vn 0.490367 -0.195348 0.84934 
vn 0.474093 -0.197356 0.858071 
vn 0.527688 -0.158735 0.834475 
vn 0.548464 -0.159429 0.820835 
vn 0.537868 -0.159379 0.827826 
vn 0.493695 -0.158311 0.855104 
vn 0.584878 -0.172662 0.792531 
vn 0.605928 -0.180656 0.774736 
vn 0.581506 -0.17574 0.794334 
vn 0.590531 -0.17979 0.786733 
vn 0.543828 -0.163718 0.823072 
vn 0.560482 -0.164156 0.811735 
vn 0.573259 -0.166719 0.802234 
vn 0.53405 -0.161774 0.829831 
vn 0.5475 -0.162056 0.820964 
vn 0.562806 -0.162327 0.810493 
vn 0.55347 -0.166089 0.816141 
vn 0.585825 -0.169739 0.792463 
vn 0.579367 -0.164579 0.798278 
vn 0.595619 -0.167322 0.785647 
vn 0.61155 -0.170554 0.772605 
vn 0.59817 -0.173214 0.782426 
vn 0.562968 -0.168886 0.809039 
vn 0.627146 -0.174268 0.759157 
vn 0.612242 -0.173752 0.771343 
vn 0.639267 -0.182332 0.747056 
vn 0.616535 -0.194372 0.762957 
vn 0.635929 -0.195815 0.746493 
vn 0.645473 -0.201687 0.736673 
vn 0.608054 -0.189112 0.771043 
vn 0.62615 -0.190347 0.756111 
vn 0.599383 -0.184249 0.778969 
vn 0.62216 -0.181507 0.761559 
vn 0.633786 -0.186315 0.750735 
vn 0.624819 -0.200024 0.754713 
vn 0.654772 -0.207956 0.726655 
vn 0.645152 -0.191554 0.739653 
vn 0.656248 -0.197219 0.728315 
vn 0.667064 -0.203299 0.716726 
vn 0.677587 -0.209787 0.704887 
vn 0.632895 -0.20606 0.746313 
vn 0.663818 -0.214614 0.716441 
vn 0.687807 -0.216674 0.692802 
vn 0.665076 -0.192714 0.721482 
vn 0.677494 -0.198561 0.70822 
vn 0.652329 -0.187302 0.734428 
vn 0.642395 -0.178458 0.745306 
vn 0.657284 -0.183116 0.731059 
vn 0.671798 -0.188234 0.716418 
vn 0.685925 -0.193803 0.70139 
vn 0.701297 -0.211519 0.680767 
vn 0.699648 -0.199812 0.685979 
vn 0.689572 -0.204833 0.694647 
vn 0.712954 -0.206251 0.670192 
vn 0.725826 -0.213105 0.654035 
vn 0.712655 -0.218608 0.666584 
vn 0.738251 -0.220363 0.637515 
vn 0.642933 -0.174751 0.74572 
vn 0.65981 -0.179057 0.729787 
vn 0.580356 -0.162573 0.79797 
vn 0.60092 -0.164958 0.782102 
vn 0.559333 -0.160712 0.813215 
vn 0.574896 -0.160822 0.802266 
vn 0.592795 -0.162109 0.78887 
vn 0.621004 -0.16786 0.765622 
vn 0.64059 -0.171273 0.748539 
vn 0.625671 -0.16525 0.762383 
vn 0.649944 -0.168268 0.74112 
vn 0.653611 -0.168778 0.737772 
vn 0.659656 -0.175188 0.730865 
vn 0.696088 -0.175851 0.696088 
vn 0.70961 -0.178586 0.681587 
vn 0.678182 -0.179595 0.712611 
vn 0.722666 -0.200936 0.661346 
vn 0.676239 -0.18384 0.713375 
vn 0.692202 -0.189089 0.696492 
vn 0.696147 -0.184482 0.69379 
vn 0.713532 -0.189836 0.674415 
vn 0.707684 -0.194792 0.679146 
vn 0.730313 -0.195644 0.654497 
vn 0.75106 -0.214494 0.62442 
vn 0.746471 -0.201889 0.634052 
vn 0.737131 -0.207509 0.643101 
vn 0.761984 -0.208554 0.613095 
vn 0.776832 -0.215622 0.591641 
vn 0.764437 -0.221876 0.605316 
vn 0.790994 -0.223071 0.569709 
vn 0.777846 -0.196754 0.596862 
vn 0.795913 -0.203056 0.570343 
vn 0.770944 -0.202617 0.603815 
vn 0.7588 -0.19086 0.622731 
vn 0.738806 -0.185397 0.647915 
vn 0.760299 -0.191298 0.620766 
vn 0.802914 -0.216412 0.555423 
vn 0.787343 -0.209323 0.579892 
vn 0.805225 -0.20661 0.55581 
vn 0.817633 -0.223861 0.530436 
vn 0.829008 -0.216781 0.515511 
vn 0.84399 -0.224148 0.487278 
vn 0.419164 -0.168886 0.892064 
vn 0.408195 -0.172103 0.896525 
vn 0.378516 -0.173214 0.909243 
vn 0.142 -0.221876 0.96468 
vn 0.165234 -0.214494 0.962647 
vn 0.203498 -0.213105 0.955602 
vn 0.333263 -0.186315 0.924242 
vn 0.374915 -0.184249 0.908565 
vn 0.341736 -0.190347 0.920318 
vn 0.363716 -0.189112 0.912112 
vn 0.220951 -0.218608 0.950469 
vn 0.238913 -0.211519 0.947724 
vn 0.271656 -0.209787 0.939251 
vn 0.352473 -0.194372 0.915414 
vn 0.341192 -0.200024 0.918465 
vn 0.315241 -0.201687 0.927332 
vn 0.25608 -0.216674 0.942059 
vn 0.301915 -0.207956 0.930377 
vn 0.328517 -0.195815 0.923977 
vn 0.287171 -0.203299 0.936057 
vn 0.302615 -0.197219 0.932485 
vn 0.256796 -0.204833 0.94451 
vn 0.182979 -0.220363 0.958102 
vn 0.223927 -0.206251 0.952532 
vn 0.244252 -0.199812 0.948903 
vn 0.274589 -0.198561 0.940837 
vn 0.317982 -0.191554 0.928544 
vn 0.292284 -0.192714 0.936713 
vn 0.34845 -0.181507 0.919586 
vn 0.363536 -0.177138 0.914584 
vn 0.39716 -0.17574 0.900766 
vn 0.284537 -0.188234 0.940004 
vn 0.386065 -0.17979 0.904781 
vn 0.304473 -0.183116 0.934754 
vn 0.324257 -0.178458 0.928984 
vn 0.343876 -0.174268 0.922703 
vn 0.264459 -0.193803 0.944723 
vn 0.234316 -0.194792 0.952445 
vn 0.050555 -0.223861 0.973309 
vn 0.0795538 -0.216412 0.973055 
vn 0.12396 -0.215622 0.968577 
vn 0.188376 -0.207509 0.959924 
vn 0.211409 -0.200936 0.95652 
vn 0.0978856 -0.223071 0.969875 
vn 0.149964 -0.208554 0.966445 
vn 0.17587 -0.201889 0.963489 
vn 0.201654 -0.195644 0.959718 
vn 0.108529 -0.209323 0.971805 
vn 0.137447 -0.202617 0.969564 
vn 0 -0.224148 0.974555 
vn 0.031941 -0.216781 0.975698 
vn 0.0639484 -0.209741 0.975664 
vn 0.166273 -0.196316 0.96634 
vn 0.0787326 -0.20661 0.975251 
vn 0.0959752 -0.203056 0.974452 
vn 0.127975 -0.196754 0.972065 
vn 0.157449 -0.191298 0.968821 
vn 0.227294 -0.189836 0.955144 
vn 0.279682 -0.18384 0.942327 
vn 0.257079 -0.189089 0.947711 
vn 0.302109 -0.179057 0.936306 
vn 0.252766 -0.184482 0.949777 
vn 0.324346 -0.174751 0.929657 
vn 0.278049 -0.179595 0.943628 
vn 0.191708 -0.185397 0.963782 
vn 0.223351 -0.180388 0.957901 
vn 0.159901 -0.19086 0.968506 
vn 0.30312 -0.175188 0.936711 
vn 0.235467 -0.178586 0.955334 
vn 0.327959 -0.171273 0.929036 
vn 0.363321 -0.170554 0.91592 
vn 0.472854 -0.159178 0.866644 
vn 0.45163 -0.161774 0.877416 
vn 0.437225 -0.162056 0.884631 
vn 0.430064 -0.166089 0.887389 
vn 0.408125 -0.166719 0.897574 
vn 0.422742 -0.164156 0.891259 
vn 0.393381 -0.169739 0.903571 
vn 0.38258 -0.167322 0.908645 
vn 0.401645 -0.164579 0.900886 
vn 0.465766 -0.159249 0.870461 
vn 0.420504 -0.162327 0.892651 
vn 0.400885 -0.162573 0.901588 
vn 0.424599 -0.160712 0.891004 
vn 0.457569 -0.159317 0.874785 
vn 0.352546 -0.16786 0.920616 
vn 0.254786 -0.175851 0.950874 
vn 0.285968 -0.171806 0.942711 
vn 0.312124 -0.168778 0.934929 
vn 0.376861 -0.164958 0.911463 
vn 0.316856 -0.168268 0.933428 
vn 0.347407 -0.16525 0.923039 
vn 0.37758 -0.162765 0.911559 
vn 0.458832 -0.158735 0.874229 
vn 0.447984 -0.159379 0.879721 
vn 0.436632 -0.159429 0.885401 
vn 0.386784 -0.162109 0.90781 
vn 0.407335 -0.160822 0.899007 
vn 0.371854 -0.208074 0.904671 
vn 0.37964 -0.202183 0.902771 
vn 0.422295 -0.198321 0.884498 
vn 0.493258 -0.163668 0.854347 
vn 0.49291 -0.167801 0.853746 
vn 0.475671 -0.16882 0.863271 
vn 0.492455 -0.173072 0.852956 
vn 0.491884 -0.179447 0.851968 
vn 0.47948 -0.180579 0.858772 
vn 0.461429 -0.190007 0.866591 
vn 0.456596 -0.199418 0.867036 
vn 0.437758 -0.20153 0.876215 
vn 0.476826 -0.188428 0.858564 
vn 0.466225 -0.18174 0.865797 
vn 0.444904 -0.191624 0.874838 
vn 0.417451 -0.203683 0.885578 
vn 0.427142 -0.193272 0.883287 
vn 0.431989 -0.188542 0.881951 
vn 0.452039 -0.182927 0.87304 
vn 0.470975 -0.174664 0.864682 
vn 0.482056 -0.173858 0.858717 
vn 0.459147 -0.175487 0.870855 
vn 0.436833 -0.184137 0.880494 
vn 0.441672 -0.180064 0.878921 
vn 0.446503 -0.176327 0.877236 
vn 0.451323 -0.172933 0.875444 
vn 0.466213 -0.169347 0.868313 
vn 0.49353 -0.160346 0.85482 
vn 0.48486 -0.160953 0.859654 
vn 0.465684 -0.164839 0.869463 
vn 0.480303 -0.164241 0.861588 
vn 0.493502 -0.160698 0.85477 
vn 0.475148 -0.161218 0.865011 
vn 0.484493 -0.159039 0.860217 
vn 0.456128 -0.169884 0.873548 
vn 0.433826 -0.170984 0.884624 
vn 0.441469 -0.168027 0.881403 
vn 0.402967 -0.186611 0.895988 
vn 0.387424 -0.196637 0.900687 
vn 0.395201 -0.191444 0.898424 
vn 0.418445 -0.178046 0.89062 
vn 0.410716 -0.182143 0.893385 
vn 0.42615 -0.174325 0.887698 
vn 0.464158 -0.161493 0.870906 
vn 0.449075 -0.165458 0.878041 
vn 0.513349 -0.174664 0.840217 
vn 0.492563 -0.171837 0.853144 
vn 0.49291 -0.167801 0.853746 
vn 0.492455 -0.173072 0.852956 
vn 0.493502 -0.160698 0.85477 
vn 0.515873 -0.16285 0.841044 
vn 0.520135 -0.164839 0.838026 
vn 0.511547 -0.161218 0.843995 
vn 0.493258 -0.163668 0.854347 
vn 0.52433 -0.167185 0.834942 
vn 0.528451 -0.169884 0.831792 
vn 0.509779 -0.16882 0.843579 
vn 0.493097 -0.165591 0.85407 
vn 0.572316 -0.172103 0.80177 
vn 0.549194 -0.170984 0.818016 
vn 0.555694 -0.174325 0.812906 
vn 0.491884 -0.179447 0.851968 
vn 0.503979 -0.180579 0.844628 
vn 0.505125 -0.188428 0.842225 
vn 0.532495 -0.172933 0.828579 
vn 0.536457 -0.176327 0.825301 
vn 0.524609 -0.175487 0.833061 
vn 0.51669 -0.18174 0.836661 
vn 0.492162 -0.17637 0.85245 
vn 0.530056 -0.182927 0.827997 
vn 0.540332 -0.180064 0.82196 
vn 0.53518 -0.191624 0.822717 
vn 0.491191 -0.186888 0.850767 
vn 0.506065 -0.197356 0.839613 
vn 0.519775 -0.190007 0.832905 
vn 0.522577 -0.199418 0.828942 
vn 0.539946 -0.20153 0.817218 
vn 0.547798 -0.188542 0.815089 
vn 0.544114 -0.184137 0.818556 
vn 0.55485 -0.198321 0.807967 
vn 0.551378 -0.193272 0.811559 
vn 0.580457 -0.191444 0.791466 
vn 0.562076 -0.178046 0.807694 
vn 0.568336 -0.182143 0.802383 
vn 0.574465 -0.186611 0.796973 
vn 0.592003 -0.202183 0.780163 
vn 0.586305 -0.196637 0.785862 
vn 0.597541 -0.208074 0.77437 
vn 0.558207 -0.203683 0.804312 
vn 0.640756 -0.212472 0.737759 
vn 0.490367 -0.195348 0.84934 
vn 0.812975 -0.209741 0.543213 
vn 0.717891 -0.180388 0.672378 
vn 0.673428 -0.171806 0.719012 
vn 0.600644 -0.162765 0.782774 
vn -0.493695 -0.158311 0.855104 
vn -0.457569 -0.159317 0.874785 
vn -0.465766 -0.159249 0.870461 
vn -0.493695 -0.158311 0.855104 
vn -0.632895 -0.20606 0.746313 
vn -0.640756 -0.212472 0.737759 
vn -0.663818 -0.214614 0.716441 
vn -0.493695 -0.158311 0.855104 
vn -0.472854 -0.159178 0.866644 
vn -0.484493 -0.159039 0.860217 
vn -0.493647 -0.158909 0.855021 
vn -0.493695 -0.158311 0.855104 
vn -0.491191 -0.186888 0.850767 
vn -0.490367 -0.195348 0.84934 
vn -0.506065 -0.197356 0.839613 
vn -0.458832 -0.158735 0.874229 
vn -0.436632 -0.159429 0.885401 
vn -0.447984 -0.159379 0.879721 
vn -0.493695 -0.158311 0.855104 
vn -0.393913 -0.172662 0.902785 
vn -0.367977 -0.180656 0.912116 
vn -0.39716 -0.17574 0.900766 
vn -0.386065 -0.17979 0.904781 
vn -0.440887 -0.163718 0.882505 
vn -0.422742 -0.164156 0.891259 
vn -0.408125 -0.166719 0.897574 
vn -0.45163 -0.161774 0.877416 
vn -0.437225 -0.162056 0.884631 
vn -0.420504 -0.162327 0.892651 
vn -0.430064 -0.166089 0.887389 
vn -0.393381 -0.169739 0.903571 
vn -0.401645 -0.164579 0.900886 
vn -0.38258 -0.167322 0.908645 
vn -0.363321 -0.170554 0.91592 
vn -0.378516 -0.173214 0.909243 
vn -0.419164 -0.168886 0.892064 
vn -0.343876 -0.174268 0.922703 
vn -0.361882 -0.173752 0.915889 
vn -0.327336 -0.182332 0.927149 
vn -0.352473 -0.194372 0.915414 
vn -0.328517 -0.195815 0.923977 
vn -0.315241 -0.201687 0.927332 
vn -0.363716 -0.189112 0.912112 
vn -0.341736 -0.190347 0.920318 
vn -0.374915 -0.184249 0.908565 
vn -0.34845 -0.181507 0.919586 
vn -0.333263 -0.186315 0.924242 
vn -0.341192 -0.200024 0.918465 
vn -0.301915 -0.207956 0.930377 
vn -0.317982 -0.191554 0.928544 
vn -0.302615 -0.197219 0.932485 
vn -0.287171 -0.203299 0.936057 
vn -0.271656 -0.209787 0.939251 
vn -0.329879 -0.20606 0.92126 
vn -0.288547 -0.214614 0.933103 
vn -0.25608 -0.216674 0.942059 
vn -0.292284 -0.192714 0.936713 
vn -0.274589 -0.198561 0.940837 
vn -0.309869 -0.187302 0.932148 
vn -0.324257 -0.178458 0.928984 
vn -0.304473 -0.183116 0.934754 
vn -0.284537 -0.188234 0.940004 
vn -0.264459 -0.193803 0.944723 
vn -0.238913 -0.211519 0.947724 
vn -0.244252 -0.199812 0.948903 
vn -0.256796 -0.204833 0.94451 
vn -0.223927 -0.206251 0.952532 
vn -0.203498 -0.213105 0.955602 
vn -0.220951 -0.218608 0.950469 
vn -0.182979 -0.220363 0.958102 
vn -0.324346 -0.174751 0.929657 
vn -0.302109 -0.179057 0.936306 
vn -0.400885 -0.162573 0.901588 
vn -0.376861 -0.164958 0.911463 
vn -0.424599 -0.160712 0.891004 
vn -0.407335 -0.160822 0.899007 
vn -0.386784 -0.162109 0.90781 
vn -0.352546 -0.16786 0.920616 
vn -0.327959 -0.171273 0.929036 
vn -0.347407 -0.16525 0.923039 
vn -0.316856 -0.168268 0.933428 
vn -0.312124 -0.168778 0.934929 
vn -0.30312 -0.175188 0.936711 
vn -0.254786 -0.175851 0.950874 
vn -0.235467 -0.178586 0.955334 
vn -0.278049 -0.179595 0.943628 
vn -0.211409 -0.200936 0.95652 
vn -0.279682 -0.18384 0.942327 
vn -0.257079 -0.189089 0.947711 
vn -0.252766 -0.184482 0.949777 
vn -0.227294 -0.189836 0.955144 
vn -0.234316 -0.194792 0.952445 
vn -0.201654 -0.195644 0.959718 
vn -0.165234 -0.214494 0.962647 
vn -0.17587 -0.201889 0.963489 
vn -0.188376 -0.207509 0.959924 
vn -0.149964 -0.208554 0.966445 
vn -0.12396 -0.215622 0.968577 
vn -0.142 -0.221876 0.96468 
vn -0.0978856 -0.223071 0.969875 
vn -0.127975 -0.196754 0.972065 
vn -0.0959752 -0.203056 0.974452 
vn -0.137447 -0.202617 0.969564 
vn -0.159901 -0.19086 0.968506 
vn -0.191708 -0.185397 0.963782 
vn -0.157449 -0.191298 0.968821 
vn -0.0795538 -0.216412 0.973055 
vn -0.108529 -0.209323 0.971805 
vn -0.0787326 -0.20661 0.975251 
vn -0.050555 -0.223861 0.973309 
vn -0.031941 -0.216781 0.975698 
vn 0 -0.224148 0.974555 
vn -0.562968 -0.168886 0.809039 
vn -0.572316 -0.172103 0.80177 
vn -0.59817 -0.173214 0.782426 
vn -0.764437 -0.221876 0.605316 
vn -0.75106 -0.214494 0.62442 
vn -0.725826 -0.213105 0.654035 
vn -0.633786 -0.186315 0.750735 
vn -0.599383 -0.184249 0.778969 
vn -0.62615 -0.190347 0.756111 
vn -0.608054 -0.189112 0.771043 
vn -0.712655 -0.218608 0.666584 
vn -0.701297 -0.211519 0.680767 
vn -0.677587 -0.209787 0.704887 
vn -0.616535 -0.194372 0.762957 
vn -0.624819 -0.200024 0.754713 
vn -0.645473 -0.201687 0.736673 
vn -0.687807 -0.216674 0.692802 
vn -0.654772 -0.207956 0.726655 
vn -0.635929 -0.195815 0.746493 
vn -0.667064 -0.203299 0.716726 
vn -0.656248 -0.197219 0.728315 
vn -0.689572 -0.204833 0.694647 
vn -0.738251 -0.220363 0.637515 
vn -0.712954 -0.206251 0.670192 
vn -0.699648 -0.199812 0.685979 
vn -0.677494 -0.198561 0.70822 
vn -0.645152 -0.191554 0.739653 
vn -0.665076 -0.192714 0.721482 
vn -0.62216 -0.181507 0.761559 
vn -0.610284 -0.177138 0.772124 
vn -0.581506 -0.17574 0.794334 
vn -0.671798 -0.188234 0.716418 
vn -0.590531 -0.17979 0.786733 
vn -0.657284 -0.183116 0.731059 
vn -0.642395 -0.178458 0.745306 
vn -0.627146 -0.174268 0.759157 
vn -0.685925 -0.193803 0.70139 
vn -0.707684 -0.194792 0.679146 
vn -0.817633 -0.223861 0.530436 
vn -0.802914 -0.216412 0.555423 
vn -0.776832 -0.215622 0.591641 
vn -0.737131 -0.207509 0.643101 
vn -0.722666 -0.200936 0.661346 
vn -0.790994 -0.223071 0.569709 
vn -0.761984 -0.208554 0.613095 
vn -0.746471 -0.201889 0.634052 
vn -0.730313 -0.195644 0.654497 
vn -0.787343 -0.209323 0.579892 
vn -0.770944 -0.202617 0.603815 
vn -0.84399 -0.224148 0.487278 
vn -0.829008 -0.216781 0.515511 
vn -0.812975 -0.209741 0.543213 
vn -0.753739 -0.196316 0.627167 
vn -0.805225 -0.20661 0.55581 
vn -0.795913 -0.203056 0.570343 
vn -0.777846 -0.196754 0.596862 
vn -0.760299 -0.191298 0.620766 
vn -0.713532 -0.189836 0.674415 
vn -0.676239 -0.18384 0.713375 
vn -0.692202 -0.189089 0.696492 
vn -0.65981 -0.179057 0.729787 
vn -0.696147 -0.184482 0.69379 
vn -0.642933 -0.174751 0.74572 
vn -0.678182 -0.179595 0.712611 
vn -0.738806 -0.185397 0.647915 
vn -0.717891 -0.180388 0.672378 
vn -0.7588 -0.19086 0.622731 
vn -0.659656 -0.175188 0.730865 
vn -0.70961 -0.178586 0.681587 
vn -0.64059 -0.171273 0.748539 
vn -0.61155 -0.170554 0.772605 
vn -0.514108 -0.159178 0.842826 
vn -0.53405 -0.161774 0.829831 
vn -0.5475 -0.162056 0.820964 
vn -0.55347 -0.166089 0.816141 
vn -0.573259 -0.166719 0.802234 
vn -0.560482 -0.164156 0.811735 
vn -0.585825 -0.169739 0.792463 
vn -0.595619 -0.167322 0.785647 
vn -0.579367 -0.164579 0.798278 
vn -0.520958 -0.159249 0.838595 
vn -0.562806 -0.162327 0.810493 
vn -0.580356 -0.162573 0.79797 
vn -0.559333 -0.160712 0.813215 
vn -0.528802 -0.159317 0.833659 
vn -0.621004 -0.16786 0.765622 
vn -0.696088 -0.175851 0.696088 
vn -0.673428 -0.171806 0.719012 
vn -0.653611 -0.168778 0.737772 
vn -0.60092 -0.164958 0.782102 
vn -0.649944 -0.168268 0.74112 
vn -0.625671 -0.16525 0.762383 
vn -0.600644 -0.162765 0.782774 
vn -0.527688 -0.158735 0.834475 
vn -0.537868 -0.159379 0.827826 
vn -0.548464 -0.159429 0.820835 
vn -0.592795 -0.162109 0.78887 
vn -0.574896 -0.160822 0.802266 
vn -0.597541 -0.208074 0.77437 
vn -0.592003 -0.202183 0.780163 
vn -0.55485 -0.198321 0.807967 
vn -0.493258 -0.163668 0.854347 
vn -0.49291 -0.167801 0.853746 
vn -0.509779 -0.16882 0.843579 
vn -0.502642 -0.173858 0.846832 
vn -0.492455 -0.173072 0.852956 
vn -0.492162 -0.17637 0.85245 
vn -0.503979 -0.180579 0.844628 
vn -0.519775 -0.190007 0.832905 
vn -0.522577 -0.199418 0.828942 
vn -0.539946 -0.20153 0.817218 
vn -0.491884 -0.179447 0.851968 
vn -0.505125 -0.188428 0.842225 
vn -0.51669 -0.18174 0.836661 
vn -0.53518 -0.191624 0.822717 
vn -0.558207 -0.203683 0.804312 
vn -0.551378 -0.193272 0.811559 
vn -0.547798 -0.188542 0.815089 
vn -0.530056 -0.182927 0.827997 
vn -0.513349 -0.174664 0.840217 
vn -0.492563 -0.171837 0.853144 
vn -0.524609 -0.175487 0.833061 
vn -0.544114 -0.184137 0.818556 
vn -0.540332 -0.180064 0.82196 
vn -0.536457 -0.176327 0.825301 
vn -0.532495 -0.172933 0.828579 
vn -0.518874 -0.169347 0.837909 
vn -0.493502 -0.160698 0.85477 
vn -0.502053 -0.160953 0.849728 
vn -0.520135 -0.164839 0.838026 
vn -0.506006 -0.164241 0.846749 
vn -0.511547 -0.161218 0.843995 
vn -0.502723 -0.159039 0.849692 
vn -0.528451 -0.169884 0.831792 
vn -0.549194 -0.170984 0.818016 
vn -0.542583 -0.168027 0.823025 
vn -0.574465 -0.186611 0.796973 
vn -0.586305 -0.196637 0.785862 
vn -0.580457 -0.191444 0.791466 
vn -0.562076 -0.178046 0.807694 
vn -0.568336 -0.182143 0.802383 
vn -0.555694 -0.174325 0.812906 
vn -0.522147 -0.161493 0.837426 
vn -0.535868 -0.165458 0.82793 
vn -0.49291 -0.167801 0.853746 
vn -0.475671 -0.16882 0.863271 
vn -0.470975 -0.174664 0.864682 
vn -0.493502 -0.160698 0.85477 
vn -0.470429 -0.16285 0.867281 
vn -0.465684 -0.164839 0.869463 
vn -0.475148 -0.161218 0.865011 
vn -0.49353 -0.160346 0.85482 
vn -0.493258 -0.163668 0.854347 
vn -0.460916 -0.167185 0.871554 
vn -0.456128 -0.169884 0.873548 
vn -0.493097 -0.165591 0.85407 
vn -0.408195 -0.172103 0.896525 
vn -0.433826 -0.170984 0.884624 
vn -0.42615 -0.174325 0.887698 
vn -0.491884 -0.179447 0.851968 
vn -0.47948 -0.180579 0.858772 
vn -0.476826 -0.188428 0.858564 
vn -0.451323 -0.172933 0.875444 
vn -0.446503 -0.176327 0.877236 
vn -0.459147 -0.175487 0.870855 
vn -0.466225 -0.18174 0.865797 
vn -0.492455 -0.173072 0.852956 
vn -0.452039 -0.182927 0.87304 
vn -0.441672 -0.180064 0.878921 
vn -0.444904 -0.191624 0.874838 
vn -0.491191 -0.186888 0.850767 
vn -0.474093 -0.197356 0.858071 
vn -0.461429 -0.190007 0.866591 
vn -0.456596 -0.199418 0.867036 
vn -0.437758 -0.20153 0.876215 
vn -0.431989 -0.188542 0.881951 
vn -0.436833 -0.184137 0.880494 
vn -0.422295 -0.198321 0.884498 
vn -0.427142 -0.193272 0.883287 
vn -0.395201 -0.191444 0.898424 
vn -0.418445 -0.178046 0.89062 
vn -0.410716 -0.182143 0.893385 
vn -0.402967 -0.186611 0.895988 
vn -0.37964 -0.202183 0.902771 
vn -0.387424 -0.196637 0.900687 
vn -0.371854 -0.208074 0.904671 
vn -0.417451 -0.203683 0.885578 
vn -0.31854 -0.212472 0.92379 
vn -0.490367 -0.195348 0.84934 
vn -0.0639484 -0.209741 0.975664 
vn -0.223351 -0.180388 0.957901 
vn -0.285968 -0.171806 0.942711 
vn -0.37758 -0.162765 0.911559 
vn -0.987389 -0.158311 0 
vn -0.98637 -0.159317 0.0411264 
vn -0.986724 -0.159249 0.0318654 
vn -0.987389 -0.158311 0 
vn -0.962774 -0.20606 -0.174947 
vn -0.959296 -0.212472 -0.186032 
vn -0.952365 -0.214614 -0.216663 
vn -0.987389 -0.158311 0 
vn -0.986963 -0.159178 0.0238181 
vn -0.987216 -0.159039 0.0105249 
vn -0.987293 -0.158909 0 
vn -0.987389 -0.158311 0 
vn -0.982381 -0.186888 0 
vn -0.980734 -0.195348 0 
vn -0.980158 -0.197356 -0.0184585 
vn -0.986521 -0.158735 0.0397542 
vn -0.985096 -0.159429 0.0645666 
vn -0.985853 -0.159379 0.0518948 
vn -0.987389 -0.158311 0 
vn -0.978791 -0.172662 0.110253 
vn -0.973904 -0.180656 0.137381 
vn -0.978666 -0.17574 0.106432 
vn -0.976596 -0.17979 0.118048 
vn -0.984715 -0.163718 0.059433 
vn -0.983224 -0.164156 0.079524 
vn -0.981384 -0.166719 0.0953404 
vn -0.98568 -0.161774 0.047585 
vn -0.984726 -0.162056 0.0636672 
vn -0.983311 -0.162327 0.082158 
vn -0.983533 -0.166089 0.0712487 
vn -0.979206 -0.169739 0.111108 
vn -0.981012 -0.164579 0.102608 
vn -0.9782 -0.167322 0.122998 
vn -0.97487 -0.170554 0.143315 
vn -0.976685 -0.173214 0.126817 
vn -0.982133 -0.168886 0.0830251 
vn -0.971022 -0.174268 0.163546 
vn -0.974124 -0.173752 0.144545 
vn -0.966603 -0.182332 0.180093 
vn -0.969008 -0.194372 0.152456 
vn -0.964446 -0.195815 0.177484 
vn -0.960714 -0.201687 0.190659 
vn -0.97177 -0.189112 0.141069 
vn -0.967886 -0.190347 0.164207 
vn -0.974298 -0.184249 0.129596 
vn -0.970609 -0.181507 0.158027 
vn -0.967048 -0.186315 0.173507 
vn -0.96601 -0.200024 0.163752 
vn -0.956688 -0.207956 0.203722 
vn -0.963134 -0.191554 0.188892 
vn -0.958864 -0.197219 0.20417 
vn -0.954234 -0.203299 0.219331 
vn -0.949243 -0.209787 0.234364 
vn -0.962774 -0.20606 0.174947 
vn -0.952365 -0.214614 0.216663 
vn -0.943887 -0.216674 0.249258 
vn -0.957359 -0.192714 0.215232 
vn -0.952083 -0.198561 0.232617 
vn -0.962198 -0.187302 0.197719 
vn -0.966652 -0.178458 0.183677 
vn -0.961757 -0.183116 0.203695 
vn -0.956335 -0.188234 0.223585 
vn -0.950384 -0.193803 0.243333 
vn -0.940209 -0.211519 0.266957 
vn -0.9439 -0.199812 0.262923 
vn -0.946368 -0.204833 0.249864 
vn -0.93688 -0.206251 0.28234 
vn -0.929324 -0.213105 0.301566 
vn -0.933606 -0.218608 0.283885 
vn -0.92123 -0.220363 0.320587 
vn -0.967279 -0.174751 0.183937 
vn -0.961919 -0.179057 0.206519 
vn -0.981241 -0.162573 0.103618 
vn -0.977781 -0.164958 0.129361 
vn -0.983931 -0.160712 0.0777886 
vn -0.982231 -0.160822 0.0967413 
vn -0.979578 -0.162109 0.11894 
vn -0.97355 -0.16786 0.154995 
vn -0.968548 -0.171273 0.180498 
vn -0.973079 -0.16525 0.160656 
vn -0.966801 -0.168268 0.192309 
vn -0.965734 -0.168778 0.197157 
vn -0.962775 -0.175188 0.205846 
vn -0.950874 -0.175851 0.254786 
vn -0.945077 -0.178586 0.273747 
vn -0.956231 -0.179595 0.231017 
vn -0.934075 -0.200936 0.295174 
vn -0.95592 -0.18384 0.228952 
vn -0.949281 -0.189089 0.251219 
vn -0.948914 -0.184482 0.255986 
vn -0.940826 -0.189836 0.280729 
vn -0.942 -0.194792 0.273299 
vn -0.931968 -0.195644 0.305221 
vn -0.916294 -0.214494 0.338227 
vn -0.922341 -0.201889 0.329437 
vn -0.925507 -0.207509 0.316824 
vn -0.911948 -0.208554 0.35335 
vn -0.900792 -0.215622 0.376936 
vn -0.906437 -0.221876 0.359364 
vn -0.888879 -0.223071 0.400166 
vn -0.90582 -0.196754 0.375203 
vn -0.891888 -0.203056 0.404109 
vn -0.908391 -0.202617 0.36575 
vn -0.918701 -0.19086 0.345775 
vn -0.930514 -0.185397 0.315867 
vn -0.917748 -0.191298 0.348056 
vn -0.882468 -0.216412 0.417632 
vn -0.895873 -0.209323 0.391913 
vn -0.883958 -0.20661 0.419441 
vn -0.868188 -0.223861 0.442873 
vn -0.860949 -0.216781 0.460187 
vn -0.84399 -0.224148 0.487278 
vn -0.982133 -0.168886 -0.0830251 
vn -0.980511 -0.172103 -0.0947553 
vn -0.976685 -0.173214 -0.126817 
vn -0.906437 -0.221876 -0.359364 
vn -0.916294 -0.214494 -0.338227 
vn -0.929324 -0.213105 -0.301566 
vn -0.967048 -0.186315 -0.173507 
vn -0.974298 -0.184249 -0.129596 
vn -0.967886 -0.190347 -0.164207 
vn -0.97177 -0.189112 -0.141069 
vn -0.933606 -0.218608 -0.283885 
vn -0.940209 -0.211519 -0.266957 
vn -0.949243 -0.209787 -0.234364 
vn -0.969008 -0.194372 -0.152456 
vn -0.96601 -0.200024 -0.163752 
vn -0.960714 -0.201687 -0.190659 
vn -0.943887 -0.216674 -0.249258 
vn -0.956688 -0.207956 -0.203722 
vn -0.964446 -0.195815 -0.177484 
vn -0.954234 -0.203299 -0.219331 
vn -0.958864 -0.197219 -0.20417 
vn -0.946368 -0.204833 -0.249864 
vn -0.92123 -0.220363 -0.320587 
vn -0.93688 -0.206251 -0.28234 
vn -0.9439 -0.199812 -0.262923 
vn -0.952083 -0.198561 -0.232617 
vn -0.963134 -0.191554 -0.188892 
vn -0.957359 -0.192714 -0.215232 
vn -0.970609 -0.181507 -0.158027 
vn -0.973821 -0.177138 -0.14246 
vn -0.978666 -0.17574 -0.106432 
vn -0.956335 -0.188234 -0.223585 
vn -0.976596 -0.17979 -0.118048 
vn -0.961757 -0.183116 -0.203695 
vn -0.966652 -0.178458 -0.183677 
vn -0.971022 -0.174268 -0.163546 
vn -0.950384 -0.193803 -0.243333 
vn -0.942 -0.194792 -0.273299 
vn -0.868188 -0.223861 -0.442873 
vn -0.882468 -0.216412 -0.417632 
vn -0.900792 -0.215622 -0.376936 
vn -0.925507 -0.207509 -0.316824 
vn -0.934075 -0.200936 -0.295174 
vn -0.888879 -0.223071 -0.400166 
vn -0.911948 -0.208554 -0.35335 
vn -0.922341 -0.201889 -0.329437 
vn -0.931968 -0.195644 -0.305221 
vn -0.895873 -0.209323 -0.391913 
vn -0.908391 -0.202617 -0.36575 
vn -0.84399 -0.224148 -0.487278 
vn -0.860949 -0.216781 -0.460187 
vn -0.876924 -0.209741 -0.432451 
vn -0.920012 -0.196316 -0.339174 
vn -0.883958 -0.20661 -0.419441 
vn -0.891888 -0.203056 -0.404109 
vn -0.90582 -0.196754 -0.375203 
vn -0.917748 -0.191298 -0.348056 
vn -0.940826 -0.189836 -0.280729 
vn -0.95592 -0.18384 -0.228952 
vn -0.949281 -0.189089 -0.251219 
vn -0.961919 -0.179057 -0.206519 
vn -0.948914 -0.184482 -0.255986 
vn -0.967279 -0.174751 -0.183937 
vn -0.956231 -0.179595 -0.231017 
vn -0.930514 -0.185397 -0.315867 
vn -0.941242 -0.180388 -0.285523 
vn -0.918701 -0.19086 -0.345775 
vn -0.962775 -0.175188 -0.205846 
vn -0.945077 -0.178586 -0.273747 
vn -0.968548 -0.171273 -0.180498 
vn -0.97487 -0.170554 -0.143315 
vn -0.986963 -0.159178 -0.0238181 
vn -0.98568 -0.161774 -0.047585 
vn -0.984726 -0.162056 -0.0636672 
vn -0.983533 -0.166089 -0.0712487 
vn -0.981384 -0.166719 -0.0953404 
vn -0.983224 -0.164156 -0.079524 
vn -0.979206 -0.169739 -0.111108 
vn -0.9782 -0.167322 -0.122998 
vn -0.981012 -0.164579 -0.102608 
vn -0.986724 -0.159249 -0.0318654 
vn -0.983311 -0.162327 -0.082158 
vn -0.981241 -0.162573 -0.103618 
vn -0.983931 -0.160712 -0.0777886 
vn -0.98637 -0.159317 -0.0411264 
vn -0.97355 -0.16786 -0.154995 
vn -0.950874 -0.175851 -0.254786 
vn -0.959396 -0.171806 -0.2237 
vn -0.965734 -0.168778 -0.197157 
vn -0.977781 -0.164958 -0.129361 
vn -0.966801 -0.168268 -0.192309 
vn -0.973079 -0.16525 -0.160656 
vn -0.978224 -0.162765 -0.128786 
vn -0.986521 -0.158735 -0.0397542 
vn -0.985853 -0.159379 -0.0518948 
vn -0.985096 -0.159429 -0.0645666 
vn -0.979578 -0.162109 -0.11894 
vn -0.982231 -0.160822 -0.0967413 
vn -0.969395 -0.208074 -0.130301 
vn -0.971643 -0.202183 -0.122608 
vn -0.977145 -0.198321 -0.0765309 
vn -0.98545 -0.16882 -0.0196923 
vn -0.986309 -0.164241 -0.0148394 
vn -0.986469 -0.163945 0 
vn -0.986515 -0.163668 0 
vn -0.984909 -0.173072 0 
vn -0.983768 -0.179447 0 
vn -0.983459 -0.180579 -0.0141443 
vn -0.981205 -0.190007 -0.0336862 
vn -0.979174 -0.199418 -0.0380941 
vn -0.977704 -0.20153 -0.0589978 
vn -0.981951 -0.188428 -0.0163388 
vn -0.983571 -0.180524 5.95627e-15 
vn -0.982915 -0.18174 -0.0291362 
vn -0.980084 -0.191624 -0.0521211 
vn -0.975658 -0.203683 -0.0812657 
vn -0.97852 -0.193272 -0.0717281 
vn -0.979786 -0.188542 -0.0668623 
vn -0.982094 -0.182927 -0.0450432 
vn -0.984324 -0.174664 -0.0244647 
vn -0.985821 -0.167801 0 
vn -0.984699 -0.173858 -0.0118853 
vn -0.983756 -0.175487 -0.0377942 
vn -0.980947 -0.184137 -0.0619383 
vn -0.982004 -0.180064 -0.056961 
vn -0.982961 -0.176327 -0.0519351 
vn -0.983818 -0.172933 -0.0468652 
vn -0.985087 -0.169347 -0.0304036 
vn -0.987004 -0.160698 0 
vn -0.986912 -0.160953 -0.00992628 
vn -0.985819 -0.164839 -0.0314375 
vn -0.986695 -0.161218 -0.0210155 
vn -0.987216 -0.159039 -0.0105249 
vn -0.984579 -0.169884 -0.041756 
vn -0.98302 -0.170984 -0.0666078 
vn -0.984052 -0.168027 -0.0583785 
vn -0.977432 -0.186611 -0.0990146 
vn -0.97373 -0.196637 -0.114824 
vn -0.975658 -0.191444 -0.106958 
vn -0.980522 -0.178046 -0.0829255 
vn -0.979052 -0.182143 -0.0910018 
vn -0.981844 -0.174325 -0.0747921 
vn -0.986306 -0.161493 -0.0334799 
vn -0.984943 -0.165458 -0.0501103 
vn -0.985821 -0.167801 0 
vn -0.98545 -0.16882 0.0196923 
vn -0.984324 -0.174664 0.0244647 
vn -0.987004 -0.160698 0 
vn -0.986302 -0.16285 0.0262373 
vn -0.985819 -0.164839 0.0314375 
vn -0.986695 -0.161218 0.0210155 
vn -0.985246 -0.167185 0.0366119 
vn -0.986469 -0.163945 0 
vn -0.986515 -0.163668 0 
vn -0.986195 -0.165591 0 
vn -0.984579 -0.169884 0.041756 
vn -0.980511 -0.172103 0.0947553 
vn -0.98302 -0.170984 0.0666078 
vn -0.981844 -0.174325 0.0747921 
vn -0.981951 -0.188428 0.0163388 
vn -0.982381 -0.186888 0 
vn -0.983571 -0.180524 5.95627e-15 
vn -0.983459 -0.180579 0.0141443 
vn -0.983818 -0.172933 0.0468652 
vn -0.982961 -0.176327 0.0519351 
vn -0.983756 -0.175487 0.0377942 
vn -0.982915 -0.18174 0.0291362 
vn -0.984909 -0.173072 0 
vn -0.982094 -0.182927 0.0450432 
vn -0.982004 -0.180064 0.056961 
vn -0.980084 -0.191624 0.0521211 
vn -0.980158 -0.197356 0.0184585 
vn -0.981205 -0.190007 0.0336862 
vn -0.979174 -0.199418 0.0380941 
vn -0.977704 -0.20153 0.0589978 
vn -0.979786 -0.188542 0.0668623 
vn -0.980947 -0.184137 0.0619383 
vn -0.977145 -0.198321 0.0765309 
vn -0.97852 -0.193272 0.0717281 
vn -0.975658 -0.191444 0.106958 
vn -0.980522 -0.178046 0.0829255 
vn -0.979052 -0.182143 0.0910018 
vn -0.977432 -0.186611 0.0990146 
vn -0.971643 -0.202183 0.122608 
vn -0.97373 -0.196637 0.114824 
vn -0.969395 -0.208074 0.130301 
vn -0.975658 -0.203683 0.0812657 
vn -0.959296 -0.212472 0.186032 
vn -0.980734 -0.195348 0 
vn -0.983768 -0.179447 0 
vn -0.876924 -0.209741 0.432451 
vn -0.941242 -0.180388 0.285523 
vn -0.959396 -0.171806 0.2237 
vn -0.978224 -0.162765 0.128786 
vn -0.493695 -0.158311 -0.855104 
vn -0.528802 -0.159317 -0.833659 
vn -0.520958 -0.159249 -0.838595 
vn -0.493695 -0.158311 -0.855104 
vn -0.329879 -0.20606 -0.92126 
vn -0.31854 -0.212472 -0.92379 
vn -0.288547 -0.214614 -0.933103 
vn -0.493695 -0.158311 -0.855104 
vn -0.514108 -0.159178 -0.842826 
vn -0.502723 -0.159039 -0.849692 
vn -0.493647 -0.158909 -0.855021 
vn -0.493695 -0.158311 -0.855104 
vn -0.491191 -0.186888 -0.850767 
vn -0.490367 -0.195348 -0.84934 
vn -0.474093 -0.197356 -0.858071 
vn -0.527688 -0.158735 -0.834475 
vn -0.548464 -0.159429 -0.820835 
vn -0.537868 -0.159379 -0.827826 
vn -0.493695 -0.158311 -0.855104 
vn -0.584878 -0.172662 -0.792531 
vn -0.605928 -0.180656 -0.774736 
vn -0.581506 -0.17574 -0.794334 
vn -0.590531 -0.17979 -0.786733 
vn -0.543828 -0.163718 -0.823072 
vn -0.560482 -0.164156 -0.811735 
vn -0.573259 -0.166719 -0.802234 
vn -0.53405 -0.161774 -0.829831 
vn -0.5475 -0.162056 -0.820964 
vn -0.562806 -0.162327 -0.810493 
vn -0.55347 -0.166089 -0.816141 
vn -0.585825 -0.169739 -0.792463 
vn -0.579367 -0.164579 -0.798278 
vn -0.595619 -0.167322 -0.785647 
vn -0.61155 -0.170554 -0.772605 
vn -0.59817 -0.173214 -0.782426 
vn -0.562968 -0.168886 -0.809039 
vn -0.627146 -0.174268 -0.759157 
vn -0.612242 -0.173752 -0.771343 
vn -0.639267 -0.182332 -0.747056 
vn -0.616535 -0.194372 -0.762957 
vn -0.635929 -0.195815 -0.746493 
vn -0.645473 -0.201687 -0.736673 
vn -0.608054 -0.189112 -0.771043 
vn -0.62615 -0.190347 -0.756111 
vn -0.599383 -0.184249 -0.778969 
vn -0.62216 -0.181507 -0.761559 
vn -0.633786 -0.186315 -0.750735 
vn -0.624819 -0.200024 -0.754713 
vn -0.654772 -0.207956 -0.726655 
vn -0.645152 -0.191554 -0.739653 
vn -0.656248 -0.197219 -0.728315 
vn -0.667064 -0.203299 -0.716726 
vn -0.677587 -0.209787 -0.704887 
vn -0.632895 -0.20606 -0.746313 
vn -0.663818 -0.214614 -0.716441 
vn -0.687807 -0.216674 -0.692802 
vn -0.665076 -0.192714 -0.721482 
vn -0.677494 -0.198561 -0.70822 
vn -0.652329 -0.187302 -0.734428 
vn -0.642395 -0.178458 -0.745306 
vn -0.657284 -0.183116 -0.731059 
vn -0.671798 -0.188234 -0.716418 
vn -0.685925 -0.193803 -0.70139 
vn -0.701297 -0.211519 -0.680767 
vn -0.699648 -0.199812 -0.685979 
vn -0.689572 -0.204833 -0.694647 
vn -0.712954 -0.206251 -0.670192 
vn -0.725826 -0.213105 -0.654035 
vn -0.712655 -0.218608 -0.666584 
vn -0.738251 -0.220363 -0.637515 
vn -0.642933 -0.174751 -0.74572 
vn -0.65981 -0.179057 -0.729787 
vn -0.580356 -0.162573 -0.79797 
vn -0.60092 -0.164958 -0.782102 
vn -0.559333 -0.160712 -0.813215 
vn -0.574896 -0.160822 -0.802266 
vn -0.592795 -0.162109 -0.78887 
vn -0.621004 -0.16786 -0.765622 
vn -0.64059 -0.171273 -0.748539 
vn -0.625671 -0.16525 -0.762383 
vn -0.649944 -0.168268 -0.74112 
vn -0.653611 -0.168778 -0.737772 
vn -0.659656 -0.175188 -0.730865 
vn -0.696088 -0.175851 -0.696088 
vn -0.70961 -0.178586 -0.681587 
vn -0.678182 -0.179595 -0.712611 
vn -0.722666 -0.200936 -0.661346 
vn -0.676239 -0.18384 -0.713375 
vn -0.692202 -0.189089 -0.696492 
vn -0.696147 -0.184482 -0.69379 
vn -0.713532 -0.189836 -0.674415 
vn -0.707684 -0.194792 -0.679146 
vn -0.730313 -0.195644 -0.654497 
vn -0.75106 -0.214494 -0.62442 
vn -0.746471 -0.201889 -0.634052 
vn -0.737131 -0.207509 -0.643101 
vn -0.761984 -0.208554 -0.613095 
vn -0.776832 -0.215622 -0.591641 
vn -0.764437 -0.221876 -0.605316 
vn -0.790994 -0.223071 -0.569709 
vn -0.777846 -0.196754 -0.596862 
vn -0.795913 -0.203056 -0.570343 
vn -0.770944 -0.202617 -0.603815 
vn -0.7588 -0.19086 -0.622731 
vn -0.738806 -0.185397 -0.647915 
vn -0.760299 -0.191298 -0.620766 
vn -0.802914 -0.216412 -0.555423 
vn -0.787343 -0.209323 -0.579892 
vn -0.805225 -0.20661 -0.55581 
vn -0.817633 -0.223861 -0.530436 
vn -0.829008 -0.216781 -0.515511 
vn -0.84399 -0.224148 -0.487278 
vn -0.419164 -0.168886 -0.892064 
vn -0.408195 -0.172103 -0.896525 
vn -0.378516 -0.173214 -0.909243 
vn -0.142 -0.221876 -0.96468 
vn -0.165234 -0.214494 -0.962647 
vn -0.203498 -0.213105 -0.955602 
vn -0.333263 -0.186315 -0.924242 
vn -0.374915 -0.184249 -0.908565 
vn -0.341736 -0.190347 -0.920318 
vn -0.363716 -0.189112 -0.912112 
vn -0.220951 -0.218608 -0.950469 
vn -0.238913 -0.211519 -0.947724 
vn -0.271656 -0.209787 -0.939251 
vn -0.352473 -0.194372 -0.915414 
vn -0.341192 -0.200024 -0.918465 
vn -0.315241 -0.201687 -0.927332 
vn -0.25608 -0.216674 -0.942059 
vn -0.301915 -0.207956 -0.930377 
vn -0.328517 -0.195815 -0.923977 
vn -0.287171 -0.203299 -0.936057 
vn -0.302615 -0.197219 -0.932485 
vn -0.256796 -0.204833 -0.94451 
vn -0.182979 -0.220363 -0.958102 
vn -0.223927 -0.206251 -0.952532 
vn -0.244252 -0.199812 -0.948903 
vn -0.274589 -0.198561 -0.940837 
vn -0.317982 -0.191554 -0.928544 
vn -0.292284 -0.192714 -0.936713 
vn -0.34845 -0.181507 -0.919586 
vn -0.363536 -0.177138 -0.914584 
vn -0.39716 -0.17574 -0.900766 
vn -0.284537 -0.188234 -0.940004 
vn -0.386065 -0.17979 -0.904781 
vn -0.304473 -0.183116 -0.934754 
vn -0.324257 -0.178458 -0.928984 
vn -0.343876 -0.174268 -0.922703 
vn -0.264459 -0.193803 -0.944723 
vn -0.234316 -0.194792 -0.952445 
vn -0.050555 -0.223861 -0.973309 
vn -0.0795538 -0.216412 -0.973055 
vn -0.12396 -0.215622 -0.968577 
vn -0.188376 -0.207509 -0.959924 
vn -0.211409 -0.200936 -0.95652 
vn -0.0978856 -0.223071 -0.969875 
vn -0.149964 -0.208554 -0.966445 
vn -0.17587 -0.201889 -0.963489 
vn -0.201654 -0.195644 -0.959718 
vn -0.108529 -0.209323 -0.971805 
vn -0.137447 -0.202617 -0.969564 
vn 0 -0.224148 -0.974555 
vn -0.031941 -0.216781 -0.975698 
vn -0.0639484 -0.209741 -0.975664 
vn -0.166273 -0.196316 -0.96634 
vn -0.0787326 -0.20661 -0.975251 
vn -0.0959752 -0.203056 -0.974452 
vn -0.127975 -0.196754 -0.972065 
vn -0.157449 -0.191298 -0.968821 
vn -0.227294 -0.189836 -0.955144 
vn -0.279682 -0.18384 -0.942327 
vn -0.257079 -0.189089 -0.947711 
vn -0.302109 -0.179057 -0.936306 
vn -0.252766 -0.184482 -0.949777 
vn -0.324346 -0.174751 -0.929657 
vn -0.278049 -0.179595 -0.943628 
vn -0.191708 -0.185397 -0.963782 
vn -0.223351 -0.180388 -0.957901 
vn -0.159901 -0.19086 -0.968506 
vn -0.30312 -0.175188 -0.936711 
vn -0.235467 -0.178586 -0.955334 
vn -0.327959 -0.171273 -0.929036 
vn -0.363321 -0.170554 -0.91592 
vn -0.472854 -0.159178 -0.866644 
vn -0.45163 -0.161774 -0.877416 
vn -0.437225 -0.162056 -0.884631 
vn -0.430064 -0.166089 -0.887389 
vn -0.408125 -0.166719 -0.897574 
vn -0.422742 -0.164156 -0.891259 
vn -0.393381 -0.169739 -0.903571 
vn -0.38258 -0.167322 -0.908645 
vn -0.401645 -0.164579 -0.900886 
vn -0.465766 -0.159249 -0.870461 
vn -0.420504 -0.162327 -0.892651 
vn -0.400885 -0.162573 -0.901588 
vn -0.424599 -0.160712 -0.891004 
vn -0.457569 -0.159317 -0.874785 
vn -0.352546 -0.16786 -0.920616 
vn -0.254786 -0.175851 -0.950874 
vn -0.285968 -0.171806 -0.942711 
vn -0.312124 -0.168778 -0.934929 
vn -0.376861 -0.164958 -0.911463 
vn -0.316856 -0.168268 -0.933428 
vn -0.347407 -0.16525 -0.923039 
vn -0.37758 -0.162765 -0.911559 
vn -0.458832 -0.158735 -0.874229 
vn -0.447984 -0.159379 -0.879721 
vn -0.436632 -0.159429 -0.885401 
vn -0.386784 -0.162109 -0.90781 
vn -0.407335 -0.160822 -0.899007 
vn -0.371854 -0.208074 -0.904671 
vn -0.37964 -0.202183 -0.902771 
vn -0.422295 -0.198321 -0.884498 
vn -0.493258 -0.163668 -0.854347 
vn -0.49291 -0.167801 -0.853746 
vn -0.475671 -0.16882 -0.863271 
vn -0.492455 -0.173072 -0.852956 
vn -0.491884 -0.179447 -0.851968 
vn -0.47948 -0.180579 -0.858772 
vn -0.461429 -0.190007 -0.866591 
vn -0.456596 -0.199418 -0.867036 
vn -0.437758 -0.20153 -0.876215 
vn -0.476826 -0.188428 -0.858564 
vn -0.466225 -0.18174 -0.865797 
vn -0.444904 -0.191624 -0.874838 
vn -0.417451 -0.203683 -0.885578 
vn -0.427142 -0.193272 -0.883287 
vn -0.431989 -0.188542 -0.881951 
vn -0.452039 -0.182927 -0.87304 
vn -0.470975 -0.174664 -0.864682 
vn -0.482056 -0.173858 -0.858717 
vn -0.459147 -0.175487 -0.870855 
vn -0.436833 -0.184137 -0.880494 
vn -0.441672 -0.180064 -0.878921 
vn -0.446503 -0.176327 -0.877236 
vn -0.451323 -0.172933 -0.875444 
vn -0.466213 -0.169347 -0.868313 
vn -0.49353 -0.160346 -0.85482 
vn -0.48486 -0.160953 -0.859654 
vn -0.465684 -0.164839 -0.869463 
vn -0.480303 -0.164241 -0.861588 
vn -0.493502 -0.160698 -0.85477 
vn -0.475148 -0.161218 -0.865011 
vn -0.484493 -0.159039 -0.860217 
vn -0.456128 -0.169884 -0.873548 
vn -0.433826 -0.170984 -0.884624 
vn -0.441469 -0.168027 -0.881403 
vn -0.402967 -0.186611 -0.895988 
vn -0.387424 -0.196637 -0.900687 
vn -0.395201 -0.191444 -0.898424 
vn -0.418445 -0.178046 -0.89062 
vn -0.410716 -0.182143 -0.893385 
vn -0.42615 -0.174325 -0.887698 
vn -0.464158 -0.161493 -0.870906 
vn -0.449075 -0.165458 -0.878041 
vn -0.513349 -0.174664 -0.840217 
vn -0.492563 -0.171837 -0.853144 
vn -0.49291 -0.167801 -0.853746 
vn -0.492455 -0.173072 -0.852956 
vn -0.493502 -0.160698 -0.85477 
vn -0.515873 -0.16285 -0.841044 
vn -0.520135 -0.164839 -0.838026 
vn -0.511547 -0.161218 -0.843995 
vn -0.493258 -0.163668 -0.854347 
vn -0.52433 -0.167185 -0.834942 
vn -0.528451 -0.169884 -0.831792 
vn -0.509779 -0.16882 -0.843579 
vn -0.493097 -0.165591 -0.85407 
vn -0.572316 -0.172103 -0.80177 
vn -0.549194 -0.170984 -0.818016 
vn -0.555694 -0.174325 -0.812906 
vn -0.491884 -0.179447 -0.851968 
vn -0.503979 -0.180579 -0.844628 
vn -0.505125 -0.188428 -0.842225 
vn -0.532495 -0.172933 -0.828579 
vn -0.536457 -0.176327 -0.825301 
vn -0.524609 -0.175487 -0.833061 
vn -0.51669 -0.18174 -0.836661 
vn -0.492162 -0.17637 -0.85245 
vn -0.530056 -0.182927 -0.827997 
vn -0.540332 -0.180064 -0.82196 
vn -0.53518 -0.191624 -0.822717 
vn -0.491191 -0.186888 -0.850767 
vn -0.506065 -0.197356 -0.839613 
vn -0.519775 -0.190007 -0.832905 
vn -0.522577 -0.199418 -0.828942 
vn -0.539946 -0.20153 -0.817218 
vn -0.547798 -0.188542 -0.815089 
vn -0.544114 -0.184137 -0.818556 
vn -0.55485 -0.198321 -0.807967 
vn -0.551378 -0.193272 -0.811559 
vn -0.580457 -0.191444 -0.791466 
vn -0.562076 -0.178046 -0.807694 
vn -0.568336 -0.182143 -0.802383 
vn -0.574465 -0.186611 -0.796973 
vn -0.592003 -0.202183 -0.780163 
vn -0.586305 -0.196637 -0.785862 
vn -0.597541 -0.208074 -0.77437 
vn -0.558207 -0.203683 -0.804312 
vn -0.640756 -0.212472 -0.737759 
vn -0.490367 -0.195348 -0.84934 
vn -0.812975 -0.209741 -0.543213 
vn -0.717891 -0.180388 -0.672378 
vn -0.673428 -0.171806 -0.719012 
vn -0.600644 -0.162765 -0.782774 
vn 0.493695 -0.158311 -0.855104 
vn 0.457569 -0.159317 -0.874785 
vn 0.465766 -0.159249 -0.870461 
vn 0.493695 -0.158311 -0.855104 
vn 0.632895 -0.20606 -0.746313 
vn 0.640756 -0.212472 -0.737759 
vn 0.663818 -0.214614 -0.716441 
vn 0.493695 -0.158311 -0.855104 
vn 0.472854 -0.159178 -0.866644 
vn 0.484493 -0.159039 -0.860217 
vn 0.493647 -0.158909 -0.855021 
vn 0.493695 -0.158311 -0.855104 
vn 0.491191 -0.186888 -0.850767 
vn 0.490367 -0.195348 -0.84934 
vn 0.506065 -0.197356 -0.839613 
vn 0.458832 -0.158735 -0.874229 
vn 0.436632 -0.159429 -0.885401 
vn 0.447984 -0.159379 -0.879721 
vn 0.493695 -0.158311 -0.855104 
vn 0.393913 -0.172662 -0.902785 
vn 0.367977 -0.180656 -0.912116 
vn 0.39716 -0.17574 -0.900766 
vn 0.386065 -0.17979 -0.904781 
vn 0.440887 -0.163718 -0.882505 
vn 0.422742 -0.164156 -0.891259 
vn 0.408125 -0.166719 -0.897574 
vn 0.45163 -0.161774 -0.877416 
vn 0.437225 -0.162056 -0.884631 
vn 0.420504 -0.162327 -0.892651 
vn 0.430064 -0.166089 -0.887389 
vn 0.393381 -0.169739 -0.903571 
vn 0.401645 -0.164579 -0.900886 
vn 0.38258 -0.167322 -0.908645 
vn 0.363321 -0.170554 -0.91592 
vn 0.378516 -0.173214 -0.909243 
vn 0.419164 -0.168886 -0.892064 
vn 0.343876 -0.174268 -0.922703 
vn 0.361882 -0.173752 -0.915889 
vn 0.327336 -0.182332 -0.927149 
vn 0.352473 -0.194372 -0.915414 
vn 0.328517 -0.195815 -0.923977 
vn 0.315241 -0.201687 -0.927332 
vn 0.363716 -0.189112 -0.912112 
vn 0.341736 -0.190347 -0.920318 
vn 0.374915 -0.184249 -0.908565 
vn 0.34845 -0.181507 -0.919586 
vn 0.333263 -0.186315 -0.924242 
vn 0.341192 -0.200024 -0.918465 
vn 0.301915 -0.207956 -0.930377 
vn 0.317982 -0.191554 -0.928544 
vn 0.302615 -0.197219 -0.932485 
vn 0.287171 -0.203299 -0.936057 
vn 0.271656 -0.209787 -0.939251 
vn 0.329879 -0.20606 -0.92126 
vn 0.288547 -0.214614 -0.933103 
vn 0.25608 -0.216674 -0.942059 
vn 0.292284 -0.192714 -0.936713 
vn 0.274589 -0.198561 -0.940837 
vn 0.309869 -0.187302 -0.932148 
vn 0.324257 -0.178458 -0.928984 
vn 0.304473 -0.183116 -0.934754 
vn 0.284537 -0.188234 -0.940004 
vn 0.264459 -0.193803 -0.944723 
vn 0.238913 -0.211519 -0.947724 
vn 0.244252 -0.199812 -0.948903 
vn 0.256796 -0.204833 -0.94451 
vn 0.223927 -0.206251 -0.952532 
vn 0.203498 -0.213105 -0.955602 
vn 0.220951 -0.218608 -0.950469 
vn 0.182979 -0.220363 -0.958102 
vn 0.324346 -0.174751 -0.929657 
vn 0.302109 -0.179057 -0.936306 
vn 0.400885 -0.162573 -0.901588 
vn 0.376861 -0.164958 -0.911463 
vn 0.424599 -0.160712 -0.891004 
vn 0.407335 -0.160822 -0.899007 
vn 0.386784 -0.162109 -0.90781 
vn 0.352546 -0.16786 -0.920616 
vn 0.327959 -0.171273 -0.929036 
vn 0.347407 -0.16525 -0.923039 
vn 0.316856 -0.168268 -0.933428 
vn 0.312124 -0.168778 -0.934929 
vn 0.30312 -0.175188 -0.936711 
vn 0.254786 -0.175851 -0.950874 
vn 0.235467 -0.178586 -0.955334 
vn 0.278049 -0.179595 -0.943628 
vn 0.211409 -0.200936 -0.95652 
vn 0.279682 -0.18384 -0.942327 
vn 0.257079 -0.189089 -0.947711 
vn 0.252766 -0.184482 -0.949777 
vn 0.227294 -0.189836 -0.955144 
vn 0.234316 -0.194792 -0.952445 
vn 0.201654 -0.195644 -0.959718 
vn 0.165234 -0.214494 -0.962647 
vn 0.17587 -0.201889 -0.963489 
vn 0.188376 -0.207509 -0.959924 
vn 0.149964 -0.208554 -0.966445 
vn 0.12396 -0.215622 -0.968577 
vn 0.142 -0.221876 -0.96468 
vn 0.0978856 -0.223071 -0.969875 
vn 0.127975 -0.196754 -0.972065 
vn 0.0959752 -0.203056 -0.974452 
vn 0.137447 -0.202617 -0.969564 
vn 0.159901 -0.19086 -0.968506 
vn 0.191708 -0.185397 -0.963782 
vn 0.157449 -0.191298 -0.968821 
vn 0.0795538 -0.216412 -0.973055 
vn 0.108529 -0.209323 -0.971805 
vn 0.0787326 -0.20661 -0.975251 
vn 0.050555 -0.223861 -0.973309 
vn 0.031941 -0.216781 -0.975698 
vn 0 -0.224148 -0.974555 
vn 0.562968 -0.168886 -0.809039 
vn 0.572316 -0.172103 -0.80177 
vn 0.59817 -0.173214 -0.782426 
vn 0.764437 -0.221876 -0.605316 
vn 0.75106 -0.214494 -0.62442 
vn 0.725826 -0.213105 -0.654035 
vn 0.633786 -0.186315 -0.750735 
vn 0.599383 -0.184249 -0.778969 
vn 0.62615 -0.190347 -0.756111 
vn 0.608054 -0.189112 -0.771043 
vn 0.712655 -0.218608 -0.666584 
vn 0.701297 -0.211519 -0.680767 
vn 0.677587 -0.209787 -0.704887 
vn 0.616535 -0.194372 -0.762957 
vn 0.624819 -0.200024 -0.754713 
vn 0.645473 -0.201687 -0.736673 
vn 0.687807 -0.216674 -0.692802 
vn 0.654772 -0.207956 -0.726655 
vn 0.635929 -0.195815 -0.746493 
vn 0.667064 -0.203299 -0.716726 
vn 0.656248 -0.197219 -0.728315 
vn 0.689572 -0.204833 -0.694647 
vn 0.738251 -0.220363 -0.637515 
vn 0.712954 -0.206251 -0.670192 
vn 0.699648 -0.199812 -0.685979 
vn 0.677494 -0.198561 -0.70822 
vn 0.645152 -0.191554 -0.739653 
vn 0.665076 -0.192714 -0.721482 
vn 0.62216 -0.181507 -0.761559 
vn 0.610284 -0.177138 -0.772124 
vn 0.581506 -0.17574 -0.794334 
vn 0.671798 -0.188234 -0.716418 
vn 0.590531 -0.17979 -0.786733 
vn 0.657284 -0.183116 -0.731059 
vn 0.642395 -0.178458 -0.745306 
vn 0.627146 -0.174268 -0.759157 
vn 0.685925 -0.193803 -0.70139 
vn 0.707684 -0.194792 -0.679146 
vn 0.817633 -0.223861 -0.530436 
vn 0.802914 -0.216412 -0.555423 
vn 0.776832 -0.215622 -0.591641 
vn 0.737131 -0.207509 -0.643101 
vn 0.722666 -0.200936 -0.661346 
vn 0.790994 -0.223071 -0.569709 
vn 0.761984 -0.208554 -0.613095 
vn 0.746471 -0.201889 -0.634052 
vn 0.730313 -0.195644 -0.654497 
vn 0.787343 -0.209323 -0.579892 
vn 0.770944 -0.202617 -0.603815 
vn 0.84399 -0.224148 -0.487278 
vn 0.829008 -0.216781 -0.515511 
vn 0.812975 -0.209741 -0.543213 
vn 0.753739 -0.196316 -0.627167 
vn 0.805225 -0.20661 -0.55581 
vn 0.795913 -0.203056 -0.570343 
vn 0.777846 -0.196754 -0.596862 
vn 0.760299 -0.191298 -0.620766 
vn 0.713532 -0.189836 -0.674415 
vn 0.676239 -0.18384 -0.713375 
vn 0.692202 -0.189089 -0.696492 
vn 0.65981 -0.179057 -0.729787 
vn 0.696147 -0.184482 -0.69379 
vn 0.642933 -0.174751 -0.74572 
vn 0.678182 -0.179595 -0.712611 
vn 0.738806 -0.185397 -0.647915 
vn 0.717891 -0.180388 -0.672378 
vn 0.7588 -0.19086 -0.622731 
vn 0.659656 -0.175188 -0.730865 
vn 0.70961 -0.178586 -0.681587 
vn 0.64059 -0.171273 -0.748539 
vn 0.61155 -0.170554 -0.772605 
vn 0.514108 -0.159178 -0.842826 
vn 0.53405 -0.161774 -0.829831 
vn 0.5475 -0.162056 -0.820964 
vn 0.55347 -0.166089 -0.816141 
vn 0.573259 -0.166719 -0.802234 
vn 0.560482 -0.164156 -0.811735 
vn 0.585825 -0.169739 -0.792463 
vn 0.595619 -0.167322 -0.785647 
vn 0.579367 -0.164579 -0.798278 
vn 0.520958 -0.159249 -0.838595 
vn 0.562806 -0.162327 -0.810493 
vn 0.580356 -0.162573 -0.79797 
vn 0.559333 -0.160712 -0.813215 
vn 0.528802 -0.159317 -0.833659 
vn 0.621004 -0.16786 -0.765622 
vn 0.696088 -0.175851 -0.696088 
vn 0.673428 -0.171806 -0.719012 
vn 0.653611 -0.168778 -0.737772 
vn 0.60092 -0.164958 -0.782102 
vn 0.649944 -0.168268 -0.74112 
vn 0.625671 -0.16525 -0.762383 
vn 0.600644 -0.162765 -0.782774 
vn 0.527688 -0.158735 -0.834475 
vn 0.537868 -0.159379 -0.827826 
vn 0.548464 -0.159429 -0.820835 
vn 0.592795 -0.162109 -0.78887 
vn 0.574896 -0.160822 -0.802266 
vn 0.597541 -0.208074 -0.77437 
vn 0.592003 -0.202183 -0.780163 
vn 0.55485 -0.198321 -0.807967 
vn 0.493258 -0.163668 -0.854347 
vn 0.49291 -0.167801 -0.853746 
vn 0.509779 -0.16882 -0.843579 
vn 0.502642 -0.173858 -0.846832 
vn 0.492455 -0.173072 -0.852956 
vn 0.492162 -0.17637 -0.85245 
vn 0.503979 -0.180579 -0.844628 
vn 0.519775 -0.190007 -0.832905 
vn 0.522577 -0.199418 -0.828942 
vn 0.539946 -0.20153 -0.817218 
vn 0.491884 -0.179447 -0.851968 
vn 0.505125 -0.188428 -0.842225 
vn 0.51669 -0.18174 -0.836661 
vn 0.53518 -0.191624 -0.822717 
vn 0.558207 -0.203683 -0.804312 
vn 0.551378 -0.193272 -0.811559 
vn 0.547798 -0.188542 -0.815089 
vn 0.530056 -0.182927 -0.827997 
vn 0.513349 -0.174664 -0.840217 
vn 0.492563 -0.171837 -0.853144 
vn 0.524609 -0.175487 -0.833061 
vn 0.544114 -0.184137 -0.818556 
vn 0.540332 -0.180064 -0.82196 
vn 0.536457 -0.176327 -0.825301 
vn 0.532495 -0.172933 -0.828579 
vn 0.518874 -0.169347 -0.837909 
vn 0.493502 -0.160698 -0.85477 
vn 0.502053 -0.160953 -0.849728 
vn 0.520135 -0.164839 -0.838026 
vn 0.506006 -0.164241 -0.846749 
vn 0.511547 -0.161218 -0.843995 
vn 0.502723 -0.159039 -0.849692 
vn 0.528451 -0.169884 -0.831792 
vn 0.549194 -0.170984 -0.818016 
vn 0.542583 -0.168027 -0.823025 
vn 0.574465 -0.186611 -0.796973 
vn 0.586305 -0.196637 -0.785862 
vn 0.580457 -0.191444 -0.791466 
vn 0.562076 -0.178046 -0.807694 
vn 0.568336 -0.182143 -0.802383 
vn 0.555694 -0.174325 -0.812906 
vn 0.522147 -0.161493 -0.837426 
vn 0.535868 -0.165458 -0.82793 
vn 0.49291 -0.167801 -0.853746 
vn 0.475671 -0.16882 -0.863271 
vn 0.470975 -0.174664 -0.864682 
vn 0.493502 -0.160698 -0.85477 
vn 0.470429 -0.16285 -0.867281 
vn 0.465684 -0.164839 -0.869463 
vn 0.475148 -0.161218 -0.865011 
vn 0.49353 -0.160346 -0.85482 
vn 0.493258 -0.163668 -0.854347 
vn 0.460916 -0.167185 -0.871554 
vn 0.456128 -0.169884 -0.873548 
vn 0.493097 -0.165591 -0.85407 
vn 0.408195 -0.172103 -0.896525 
vn 0.433826 -0.170984 -0.884624 
vn 0.42615 -0.174325 -0.887698 
vn 0.491884 -0.179447 -0.851968 
vn 0.47948 -0.180579 -0.858772 
vn 0.476826 -0.188428 -0.858564 
vn 0.451323 -0.172933 -0.875444 
vn 0.446503 -0.176327 -0.877236 
vn 0.459147 -0.175487 -0.870855 
vn 0.466225 -0.18174 -0.865797 
vn 0.492455 -0.173072 -0.852956 
vn 0.452039 -0.182927 -0.87304 
vn 0.441672 -0.180064 -0.878921 
vn 0.444904 -0.191624 -0.874838 
vn 0.491191 -0.186888 -0.850767 
vn 0.474093 -0.197356 -0.858071 
vn 0.461429 -0.190007 -0.866591 
vn 0.456596 -0.199418 -0.867036 
vn 0.437758 -0.20153 -0.876215 
vn 0.431989 -0.188542 -0.881951 
vn 0.436833 -0.184137 -0.880494 
vn 0.422295 -0.198321 -0.884498 
vn 0.427142 -0.193272 -0.883287 
vn 0.395201 -0.191444 -0.898424 
vn 0.418445 -0.178046 -0.89062 
vn 0.410716 -0.182143 -0.893385 
vn 0.402967 -0.186611 -0.895988 
vn 0.37964 -0.202183 -0.902771 
vn 0.387424 -0.196637 -0.900687 
vn 0.371854 -0.208074 -0.904671 
vn 0.417451 -0.203683 -0.885578 
vn 0.31854 -0.212472 -0.92379 
vn 0.490367 -0.195348 -0.84934 
vn 0.0639484 -0.209741 -0.975664 
vn 0.223351 -0.180388 -0.957901 
vn 0.285968 -0.171806 -0.942711 
vn 0.37758 -0.162765 -0.911559 
vn 0 -1 0 
vn 0 1 0 
vn -2.77556e-16 0 1 
vn -0.866025 0 0.5 
vn -0.866025 0 -0.5 
vn -5.55112e-16 0 -1 
vn 0.866025 0 -0.5 
vn 0.866025 0 0.5 
vn -0.866025 0 0.5 
vn -0.866025 0 -0.5 
vn 4.16334e-16 0 -1 
vn 0.866025 0 -0.5 
vn 0.866025 0 0.5 
vn 0 0 1 
vn -0.866025 0 0.5 
vn -0.866025 0 -0.5 
vn 5.55112e-16 0 -1 
vn 0.866025 0 -0.5 
vn 0.866025 0 0.5 
vn 0 0 1 
vn -0.866025 0 0.5 
vn -0.866025 0 -0.5 
vn -4.16334e-16 0 -1 
vn 0.866025 0 -0.5 
vn 0.866025 0 0.5 
vn 0 0 1 
vn -0.866025 0 0.5 
vn -0.866025 0 -0.5 
vn -2.77556e-16 0 -1 
vn 0.866025 0 -0.5 
vn 0.866025 0 0.5 
vn 0 0 1 
vn -0.866025 0 0.5 
vn -0.866025 0 -0.5 
vn -4.51028e-16 0 -1 
vn 0.866025 0 -0.5 
vn 0.866025 0 0.5 
vn 0 0 1 
vn -0.866025 0 0.5 
vn -0.866025 0 -0.5 
vn -4.16334e-16 0 -1 
vn 0.866025 0 -0.5 
vn 0.866025 0 0.5 
vn 0 0 1 
vn -0.866025 0 0.5 
vn -0.866025 0 -0.5 
vn -2.77556e-16 0 -1 
vn 0.866025 0 -0.5 
vn 0.866025 0 0.5 
vn 0 0 1 
vn -0.866025 0 0.5 
vn -0.866025 0 -0.5 
vn 0 0 -1 
vn 0.866025 0 -0.5 
vn 0.866025 0 0.5 
vn 0 0 1 
vn -0.866025 0 0.5 
vn -0.866025 0 -0.5 
vn 0 0 -1 
vn 0.866025 0 -0.5 
vn 0.866025 0 0.5 
vn 0 0 1 
vn -0.866025 0 0.5 
vn -0.866025 0 -0.5 
vn 4.51028e-16 0 -1 
vn 0.866025 0 -0.5 
vn 0.866025 0 0.5 
vn -0.866025 0 0.5 
vn -0.866025 0 -0.5 
vn 2.77556e-16 0 -1 
vn 0.866025 0 -0.5 
vn 0.866025 0 0.5 
vn 0 0 1 
vn -0.866025 0 0.5 
vn -0.866025 0 -0.5 
vn 5.55112e-16 0 -1 
vn 0.866025 0 -0.5 
vn 0.866025 0 0.5 
vn 4.16334e-16 0 -1 
vn 0.866025 0 -0.5 
vn 0.866025 0 0.5 
vn 0 0 1 
vn -0.866025 0 0.5 
vn -0.866025 0 -0.5 
vn 0.866025 0 0.5 
vn 0 0 1 
vn -0.866025 0 0.5 
vn -0.866025 0 -0.5 
vn -2.77556e-16 0 -1 
vn 0.866025 0 -0.5 
vn 0.866025 0 0.5 
vn 0 0 1 
vn -0.866025 0 0.5 
vn -0.866025 0 -0.5 
vn -5.55112e-16 0 -1 
vn 0.866025 0 -0.5 
vn 0.866025 0 0.5 
vn 0 0 1 
vn -0.866025 0 0.5 
vn -0.866025 0 -0.5 
vn -5.55112e-16 0 -1 
vn 0.866025 0 -0.5 
vn 0 0 1 
vn -0.866025 0 0.5 
vn -0.866025 0 -0.5 
vn 2.77556e-16 0 -1 
vn 0.866025 0 -0.5 
vn 0.866025 0 0.5 
usemtl 0.615686_0.811765_0.929412_0.000000_0.000000
o mesh0
f 1//1 2//1 3//1 
f 1//1 4//1 5//1 
f 4//1 6//1 7//1 
f 5//1 2//1 1//1 
f 7//1 8//1 4//1 
f 4//1 9//1 5//1 
f 1//1 10//1 11//1 
f 6//1 12//1 7//1 
f 4//1 13//1 9//1 
f 11//1 14//1 1//1 
f 6//1 15//1 12//1 
f 4//1 16//1 13//1 
f 1//1 17//1 10//1 
f 18//1 14//1 19//1 
f 20//1 21//1 22//1 
f 3//1 23//1 1//1 
f 1//1 23//1 17//1 
f 19//1 24//1 18//1 
f 20//1 25//1 21//1 
f 18//1 26//1 25//1 
f 11//1 27//1 14//1 
f 14//1 27//1 19//1 
f 25//1 20//1 18//1 
f 28//1 29//1 30//1 
f 20//1 31//1 29//1 
f 24//1 32//1 18//1 
f 18//1 32//1 26//1 
f 29//1 28//1 20//1 
f 22//1 33//1 20//1 
f 20//1 33//1 31//1 
f 30//1 34//1 28//1 
f 8//1 16//1 4//1 
o mesh1
f 35//2 36//2 37//2 
f 38//2 39//2 40//2 
f 38//2 41//2 42//2 
f 35//2 43//2 36//2 
f 42//2 39//2 38//2 
f 35//2 44//2 43//2 
f 41//2 45//2 42//2 
f 35//2 46//2 44//2 
f 35//2 38//2 47//2 
f 41//2 48//2 49//2 
f 41//2 50//2 51//2 
f 41//2 52//2 45//2 
f 47//2 46//2 35//2 
f 51//2 48//2 41//2 
f 41//2 53//2 52//2 
f 38//2 54//2 47//2 
f 50//2 55//2 51//2 
f 41//2 56//2 53//2 
f 38//2 57//2 54//2 
f 50//2 28//2 58//2 
f 50//2 59//2 55//2 
f 41//2 60//2 56//2 
f 38//2 61//2 57//2 
f 58//2 62//2 50//2 
f 40//2 63//2 38//2 
f 38//2 63//2 61//2 
f 28//2 34//2 58//2 
f 37//2 64//2 35//2 
f 49//2 60//2 41//2 
f 62//2 59//2 50//2 
o mesh2
f 65//3 66//3 67//3 
f 65//3 68//3 66//3 
f 69//3 70//3 71//3 
f 72//3 73//3 70//3 
f 65//3 74//3 68//3 
f 70//3 69//3 72//3 
f 65//3 75//3 74//3 
f 72//3 76//3 73//3 
f 65//3 77//3 75//3 
f 35//3 78//3 77//3 
f 72//3 79//3 76//3 
f 77//3 65//3 35//3 
f 72//3 80//3 79//3 
f 35//3 81//3 78//3 
f 72//3 82//3 80//3 
f 35//3 83//3 81//3 
f 72//3 84//3 82//3 
f 65//3 85//3 84//3 
f 35//3 86//3 83//3 
f 84//3 72//3 65//3 
f 35//3 87//3 86//3 
f 65//3 88//3 85//3 
f 69//3 89//3 90//3 
f 35//3 64//3 87//3 
f 65//3 91//3 88//3 
f 90//3 92//3 69//3 
f 71//3 93//3 69//3 
f 69//3 93//3 89//3 
f 90//3 94//3 92//3 
f 67//3 91//3 65//3 
o mesh3
f 168//4 169//5 170//6 
f 170//6 171//7 168//4 
f 172//8 95//9 96//10 
f 173//11 97//11 98//12 
f 99//13 100//14 174//15 
f 39//16 171//7 175//17 
f 176//18 177//19 178//20 
f 177//19 179//21 178//20 
f 180//22 181//23 182//24 
f 180//22 170//6 183//25 
f 170//6 169//5 183//25 
f 175//17 170//6 180//22 
f 184//26 185//27 186//28 
f 187//29 188//30 189//31 
f 188//30 180//22 189//31 
f 189//31 182//24 185//27 
f 187//29 184//26 190//32 
f 186//28 179//21 177//19 
f 177//19 190//32 186//28 
f 190//32 191//33 192//34 
f 192//34 193//35 190//32 
f 192//34 191//33 194//36 
f 195//37 196//38 197//39 
f 176//18 198//40 199//41 
f 191//33 177//19 176//18 
f 194//36 176//18 200//42 
f 200//42 199//41 196//38 
f 201//43 200//42 195//37 
f 202//44 203//45 204//46 
f 205//47 195//37 206//48 
f 206//48 197//39 203//45 
f 207//49 206//48 202//44 
f 208//50 202//44 209//51 
f 209//51 204//46 101//52 
f 210//53 209//51 102//54 
f 211//55 205//47 207//49 
f 211//55 212//56 201//43 
f 212//56 194//36 201//43 
f 192//34 212//56 213//57 
f 212//56 214//58 213//57 
f 212//56 211//55 215//59 
f 211//55 216//60 215//59 
f 217//61 208//50 210//53 
f 216//60 211//55 218//62 
f 218//62 207//49 208//50 
f 219//63 218//62 217//61 
f 220//64 217//61 221//65 
f 221//65 210//53 103//66 
f 222//67 221//65 104//68 
f 223//69 224//70 213//57 
f 225//71 188//30 187//29 
f 175//17 188//30 225//71 
f 225//71 40//72 175//17 
f 226//73 187//29 193//35 
f 63//74 225//71 226//73 
f 57//75 61//76 227//77 
f 61//76 226//73 227//77 
f 227//77 193//35 224//70 
f 228//78 216//60 219//63 
f 229//79 214//58 215//59 
f 57//75 223//69 230//80 
f 230//80 213//57 214//58 
f 54//81 230//80 229//79 
f 47//82 229//79 231//83 
f 231//83 215//59 216//60 
f 46//84 231//83 228//78 
f 222//67 232//85 233//86 
f 44//87 228//78 234//88 
f 220//64 233//86 234//88 
f 43//89 234//88 233//86 
f 36//90 233//86 232//85 
f 105//91 106//92 232//85 
f 106//92 64//93 37//94 
f 235//95 236//96 237//97 
f 236//96 238//98 237//97 
f 107//99 239//100 240//101 
f 241//102 242//103 243//104 
f 242//103 244//105 243//104 
f 245//106 108//107 109//108 
f 246//109 247//110 248//111 
f 249//112 109//108 95//9 
f 247//110 172//8 250//113 
f 251//114 249//112 172//8 
f 252//115 251//114 247//110 
f 243//104 246//109 253//116 
f 244//105 252//115 246//109 
f 254//117 251//114 252//115 
f 252//115 255//118 254//117 
f 256//119 239//100 245//106 
f 239//100 107//99 108//107 
f 108//107 245//106 239//100 
f 254//117 245//106 249//112 
f 255//118 257//120 258//121 
f 258//121 254//117 255//118 
f 259//122 260//123 261//124 
f 242//103 262//125 255//118 
f 262//125 257//120 255//118 
f 241//102 261//124 260//123 
f 263//126 262//125 242//103 
f 264//127 263//126 260//123 
f 237//97 259//122 265//128 
f 238//98 264//127 259//122 
f 266//129 267//130 257//120 
f 256//119 258//121 268//131 
f 110//132 240//101 58//133 
f 239//100 256//119 269//134 
f 62//135 58//133 240//101 
f 59//136 62//135 269//134 
f 267//130 268//131 258//121 
f 55//137 59//136 268//131 
f 270//138 271//139 263//126 
f 51//140 55//137 267//130 
f 271//139 266//129 262//125 
f 48//141 51//140 266//129 
f 49//142 48//141 271//139 
f 272//143 270//138 264//127 
f 60//144 49//142 270//138 
f 273//145 274//146 275//147 
f 275//147 276//148 273//145 
f 277//149 278//150 279//151 
f 236//96 56//152 272//143 
f 56//152 60//144 272//143 
f 235//95 279//151 278//150 
f 53//153 56//152 236//96 
f 52//154 53//153 278//150 
f 273//145 277//149 280//155 
f 45//156 52//154 277//149 
f 171//7 276//148 281//157 
f 39//16 42//158 276//148 
f 276//148 171//7 39//16 
f 42//158 45//156 273//145 
f 111//159 282//160 283//161 
f 284//162 112//163 113//164 
f 113//164 285//165 284//162 
f 114//166 286//167 287//168 
f 288//169 289//170 115//171 
f 115//171 289//170 290//172 
f 290//172 116//173 115//171 
f 291//174 292//175 117//176 
f 292//175 118//177 117//176 
f 100//14 118//177 292//175 
f 119//178 174//15 286//167 
f 174//15 292//175 293//179 
f 120//180 116//173 290//172 
f 292//175 291//174 294//181 
f 291//174 290//172 289//170 
f 295//182 121//183 122//184 
f 122//184 296//185 295//182 
f 123//186 121//183 295//182 
f 124//187 112//163 284//162 
f 289//170 288//169 297//188 
f 293//179 294//181 298//189 
f 286//167 293//179 299//190 
f 125//191 287//168 282//160 
f 287//168 299//190 300//192 
f 289//170 301//193 298//189 
f 301//193 302//194 298//189 
f 299//190 298//189 302//194 
f 295//182 296//185 303//195 
f 288//169 295//182 304//196 
f 296//185 284//162 305//197 
f 306//198 126//199 127//200 
f 127//200 307//201 306//198 
f 128//202 308//203 309//204 
f 308//203 310//205 309//204 
f 309//204 129//206 128//202 
f 309//204 285//165 130//207 
f 284//162 285//165 311//208 
f 310//205 311//208 285//165 
f 306//198 308//203 131//209 
f 312//210 132//211 133//212 
f 133//212 313//213 312//210 
f 312//210 307//201 134//214 
f 173//11 313//213 135//215 
f 314//216 315//217 305//197 
f 136//218 316//219 317//220 
f 301//193 297//188 318//221 
f 302//194 319//222 320//223 
f 319//222 321//224 320//223 
f 282//160 300//192 320//223 
f 137//225 283//161 316//219 
f 283//161 320//223 321//224 
f 302//194 301//193 322//226 
f 304//196 303//195 323//227 
f 297//188 304//196 324//228 
f 303//195 305//197 315//217 
f 325//229 326//230 322//226 
f 327//231 328//232 321//224 
f 138//233 317//220 250//113 
f 316//219 321//224 328//232 
f 248//111 250//113 317//220 
f 253//116 248//111 328//232 
f 326//230 327//231 319//222 
f 329//234 253//116 327//231 
f 330//235 324//228 323//227 
f 323//227 331//236 330//235 
f 241//102 329//234 326//230 
f 330//235 325//229 318//221 
f 261//124 241//102 325//229 
f 331//236 332//237 265//128 
f 265//128 330//235 331//236 
f 275//147 274//146 306//198 
f 310//205 308//203 280//155 
f 310//205 279//151 314//216 
f 279//151 235//95 314//216 
f 314//216 235//95 331//236 
f 235//95 332//237 331//236 
f 274//146 280//155 308//203 
f 281//157 312//210 313//213 
f 313//213 168//4 281//157 
f 281//157 275//147 307//201 
f 139//238 333//239 334//240 
f 169//5 168//4 335//241 
f 168//4 173//11 335//241 
f 140//242 141//243 336//244 
f 336//244 337//245 140//242 
f 338//246 142//247 143//248 
f 335//241 98//12 144//249 
f 144//249 338//246 335//241 
f 337//245 339//250 145//251 
f 339//250 143//248 145//251 
f 340//252 146//253 147//254 
f 340//252 336//244 148//255 
f 336//244 141//243 148//255 
f 341//256 336//244 340//252 
f 334//240 342//257 149//258 
f 342//257 147//254 149//258 
f 343//259 340//252 342//257 
f 334//240 344//260 345//261 
f 181//23 337//245 341//256 
f 169//5 338//246 339//250 
f 183//25 339//250 337//245 
f 346//262 343//259 345//261 
f 341//256 343//259 346//262 
f 346//262 182//24 341//256 
f 347//263 345//261 344//260 
f 185//27 346//262 347//263 
f 186//28 347//263 348//264 
f 349//265 350//266 348//264 
f 150//267 351//268 352//269 
f 333//239 349//265 344//260 
f 151//270 353//271 354//272 
f 152//273 153//274 354//272 
f 354//272 333//239 152//273 
f 333//239 139//238 152//273 
f 353//271 151//270 154//275 
f 154//275 352//269 353//271 
f 355//276 354//272 353//271 
f 352//269 356//277 357//278 
f 355//276 357//278 358//279 
f 358//279 359//280 355//276 
f 355//276 359//280 349//265 
f 358//279 357//278 356//277 
f 360//281 358//279 361//282 
f 362//283 363//284 361//282 
f 155//285 364//286 365//287 
f 351//268 150//267 156//288 
f 156//288 365//287 351//268 
f 351//268 362//283 356//277 
f 365//287 366//289 362//283 
f 157//290 158//291 364//286 
f 364//286 367//292 366//289 
f 158//291 159//293 367//292 
f 367//292 368//294 369//295 
f 366//289 369//295 363//284 
f 363//284 370//296 371//297 
f 369//295 372//298 370//296 
f 159//293 160//299 368//294 
f 368//294 373//300 372//298 
f 160//299 161//301 373//300 
f 374//302 371//297 370//296 
f 359//280 360//281 375//303 
f 375//303 376//304 359//280 
f 359//280 376//304 350//266 
f 179//21 348//264 350//266 
f 376//304 198//40 178//20 
f 377//305 199//41 198//40 
f 375//303 360//281 371//297 
f 377//305 375//303 374//302 
f 377//305 378//306 379//307 
f 379//307 199//41 377//305 
f 379//307 378//306 380//308 
f 373//300 381//309 382//310 
f 372//298 382//310 383//311 
f 378//306 374//302 383//311 
f 382//310 384//312 380//308 
f 161//301 162//313 381//309 
f 381//309 385//314 384//312 
f 162//313 163//315 385//314 
f 385//314 386//316 387//317 
f 196//38 379//307 388//318 
f 388//318 380//308 384//312 
f 197//39 388//318 387//317 
f 203//45 387//317 386//316 
f 163//315 164//319 386//316 
f 164//319 101//52 204//46 
f 204//46 386//316 164//319 
f 386//316 385//314 163//315 
f 386//316 204//46 203//45 
f 387//317 203//45 197//39 
f 384//312 387//317 388//318 
f 388//318 197//39 196//38 
f 387//317 384//312 385//314 
f 385//314 381//309 162//313 
f 384//312 382//310 381//309 
f 381//309 373//300 161//301 
f 380//308 383//311 382//310 
f 383//311 380//308 378//306 
f 383//311 370//296 372//298 
f 382//310 372//298 373//300 
f 380//308 388//318 379//307 
f 379//307 196//38 199//41 
f 374//302 378//306 377//305 
f 371//297 374//302 375//303 
f 198//40 376//304 377//305 
f 178//20 350//266 376//304 
f 350//266 178//20 179//21 
f 350//266 349//265 359//280 
f 375//303 377//305 376//304 
f 370//296 383//311 374//302 
f 373//300 368//294 160//299 
f 372//298 369//295 368//294 
f 368//294 367//292 159//293 
f 370//296 363//284 369//295 
f 371//297 361//282 363//284 
f 363//284 362//283 366//289 
f 369//295 366//289 367//292 
f 367//292 364//286 158//291 
f 366//289 365//287 364//286 
f 364//286 155//285 157//290 
f 362//283 351//268 365//287 
f 356//277 352//269 351//268 
f 156//288 165//320 365//287 
f 365//287 165//320 155//285 
f 361//282 356//277 362//283 
f 361//282 371//297 360//281 
f 356//277 361//282 358//279 
f 349//265 333//239 355//276 
f 358//279 360//281 359//280 
f 357//278 353//271 352//269 
f 353//271 357//278 355//276 
f 154//275 166//321 352//269 
f 354//272 355//276 333//239 
f 354//272 153//274 151//270 
f 344//260 334//240 333//239 
f 352//269 166//321 150//267 
f 348//264 344//260 349//265 
f 348//264 179//21 186//28 
f 347//263 186//28 185//27 
f 344//260 348//264 347//263 
f 346//262 185//27 182//24 
f 345//261 347//263 346//262 
f 337//245 181//23 183//25 
f 339//250 183//25 169//5 
f 341//256 182//24 181//23 
f 345//261 342//257 334//240 
f 342//257 345//261 343//259 
f 149//258 167//322 334//240 
f 340//252 343//259 341//256 
f 148//255 146//253 340//252 
f 147//254 342//257 340//252 
f 145//251 140//242 337//245 
f 144//249 142//247 338//246 
f 143//248 339//250 338//246 
f 336//244 341//256 337//245 
f 335//241 338//246 169//5 
f 334//240 167//322 139//238 
f 307//201 312//210 281//157 
f 313//213 173//11 168//4 
f 308//203 306//198 274//146 
f 331//236 315//217 314//216 
f 314//216 311//208 310//205 
f 280//155 279//151 310//205 
f 306//198 307//201 275//147 
f 265//128 261//124 330//235 
f 325//229 330//235 261//124 
f 318//221 324//228 330//235 
f 326//230 325//229 241//102 
f 323//227 315//217 331//236 
f 327//231 326//230 329//234 
f 319//222 322//226 326//230 
f 328//232 327//231 253//116 
f 317//220 328//232 248//111 
f 328//232 317//220 316//219 
f 250//113 96//10 138//233 
f 321//224 319//222 327//231 
f 322//226 318//221 325//229 
f 315//217 323//227 303//195 
f 324//228 318//221 297//188 
f 323//227 324//228 304//196 
f 322//226 319//222 302//194 
f 321//224 316//219 283//161 
f 316//219 136//218 137//225 
f 320//223 283//161 282//160 
f 320//223 300//192 302//194 
f 318//221 322//226 301//193 
f 317//220 138//233 136//218 
f 305//197 311//208 314//216 
f 135//215 97//11 173//11 
f 134//214 132//211 312//210 
f 133//212 135//215 313//213 
f 131//209 126//199 306//198 
f 285//165 309//204 310//205 
f 311//208 305//197 284//162 
f 130//207 129//206 309//204 
f 128//202 131//209 308//203 
f 127//200 134//214 307//201 
f 305//197 303//195 296//185 
f 304//196 297//188 288//169 
f 303//195 304//196 295//182 
f 302//194 300//192 299//190 
f 298//189 294//181 289//170 
f 300//192 282//160 287//168 
f 282//160 111//159 125//191 
f 299//190 287//168 286//167 
f 298//189 299//190 293//179 
f 297//188 301//193 289//170 
f 284//162 296//185 124//187 
f 295//182 288//169 123//186 
f 122//184 124//187 296//185 
f 289//170 294//181 291//174 
f 294//181 293//179 292//175 
f 290//172 291//174 120//180 
f 293//179 286//167 174//15 
f 286//167 114//166 119//178 
f 292//175 174//15 100//14 
f 117//176 120//180 291//174 
f 115//171 123//186 288//169 
f 287//168 125//191 114//166 
f 113//164 130//207 285//165 
f 283//161 137//225 111//159 
f 273//145 276//148 42//158 
f 281//157 168//4 171//7 
f 277//149 273//145 45//156 
f 280//155 274//146 273//145 
f 278//150 277//149 52//154 
f 236//96 278//150 53//153 
f 278//150 236//96 235//95 
f 272//143 238//98 236//96 
f 279//151 280//155 277//149 
f 275//147 281//157 276//148 
f 270//138 272//143 60//144 
f 264//127 238//98 272//143 
f 271//139 270//138 49//142 
f 266//129 271//139 48//141 
f 262//125 263//126 271//139 
f 267//130 266//129 51//140 
f 263//126 264//127 270//138 
f 268//131 267//130 55//137 
f 258//121 257//120 267//130 
f 269//134 268//131 59//136 
f 240//101 269//134 62//135 
f 269//134 240//101 239//100 
f 58//133 34//323 110//132 
f 268//131 269//134 256//119 
f 257//120 262//125 266//129 
f 259//122 237//97 238//98 
f 265//128 332//237 237//97 
f 260//123 259//122 264//127 
f 242//103 260//123 263//126 
f 260//123 242//103 241//102 
f 255//118 244//105 242//103 
f 261//124 265//128 259//122 
f 258//121 256//119 254//117 
f 249//112 251//114 254//117 
f 245//106 254//117 256//119 
f 252//115 244//105 255//118 
f 246//109 243//104 244//105 
f 253//116 329//234 243//104 
f 247//110 246//109 252//115 
f 172//8 247//110 251//114 
f 250//113 248//111 247//110 
f 95//9 172//8 249//112 
f 248//111 253//116 246//109 
f 109//108 249//112 245//106 
f 243//104 329//234 241//102 
f 240//101 110//132 107//99 
f 237//97 332//237 235//95 
f 37//94 232//85 106//92 
f 232//85 222//67 105//91 
f 232//85 37//94 36//90 
f 233//86 36//90 43//89 
f 234//88 219//63 220//64 
f 234//88 43//89 44//87 
f 233//86 220//64 222//67 
f 228//78 44//87 46//84 
f 216//60 228//78 231//83 
f 231//83 46//84 47//82 
f 229//79 47//82 54//81 
f 214//58 229//79 230//80 
f 230//80 54//81 57//75 
f 215//59 231//83 229//79 
f 219//63 234//88 228//78 
f 224//70 223//69 227//77 
f 227//77 223//69 57//75 
f 226//73 61//76 63//74 
f 193//35 227//77 226//73 
f 225//71 63//74 40//72 
f 187//29 226//73 225//71 
f 213//57 230//80 223//69 
f 104//68 105//91 222//67 
f 103//66 104//68 221//65 
f 221//65 222//67 220//64 
f 217//61 220//64 219//63 
f 208//50 217//61 218//62 
f 218//62 219//63 216//60 
f 210//53 221//65 217//61 
f 215//59 214//58 212//56 
f 213//57 224//70 192//34 
f 201//43 205//47 211//55 
f 207//49 218//62 211//55 
f 102//54 103//66 210//53 
f 101//52 102//54 209//51 
f 209//51 210//53 208//50 
f 202//44 208//50 207//49 
f 203//45 202//44 206//48 
f 206//48 207//49 205//47 
f 204//46 209//51 202//44 
f 195//37 205//47 201//43 
f 196//38 195//37 200//42 
f 200//42 201//43 194//36 
f 176//18 194//36 191//33 
f 199//41 200//42 176//18 
f 197//39 206//48 195//37 
f 194//36 212//56 192//34 
f 192//34 224//70 193//35 
f 177//19 191//33 190//32 
f 190//32 193//35 187//29 
f 185//27 184//26 189//31 
f 189//31 184//26 187//29 
f 186//28 190//32 184//26 
f 180//22 188//30 175//17 
f 183//25 181//23 180//22 
f 182//24 189//31 180//22 
f 178//20 198//40 176//18 
f 175//17 40//72 39//16 
f 174//15 119//178 99//13 
f 98//12 335//241 173//11 
f 96//10 250//113 172//8 
f 170//6 175//17 171//7 
o mesh4
f 448//324 449//325 450//326 
f 450//326 451//327 448//324 
f 452//328 389//329 390//330 
f 453//331 391//331 392//332 
f 393//333 394//334 454//335 
f 27//336 451//327 455//337 
f 456//338 457//339 458//340 
f 457//339 459//341 458//340 
f 460//342 461//343 462//344 
f 460//342 450//326 463//345 
f 450//326 449//325 463//345 
f 455//337 450//326 460//342 
f 464//346 465//347 466//348 
f 467//349 468//350 469//351 
f 468//350 460//342 469//351 
f 469//351 462//344 465//347 
f 467//349 464//346 470//352 
f 466//348 459//341 457//339 
f 457//339 470//352 466//348 
f 470//352 471//353 472//354 
f 472//354 473//355 470//352 
f 472//354 471//353 474//356 
f 475//357 476//358 477//359 
f 456//338 478//360 479//361 
f 471//353 457//339 456//338 
f 474//356 456//338 480//362 
f 480//362 479//361 476//358 
f 481//363 480//362 475//357 
f 482//364 483//365 484//366 
f 485//367 475//357 486//368 
f 486//368 477//359 483//365 
f 487//369 486//368 482//364 
f 488//370 482//364 489//371 
f 489//371 484//366 96//372 
f 490//373 489//371 95//374 
f 491//375 485//367 487//369 
f 491//375 492//376 481//363 
f 492//376 474//356 481//363 
f 472//354 492//376 493//377 
f 492//376 494//378 493//377 
f 492//376 491//375 495//379 
f 491//375 496//380 495//379 
f 497//381 488//370 490//373 
f 496//380 491//375 498//382 
f 498//382 487//369 488//370 
f 499//383 498//382 497//381 
f 500//384 497//381 501//385 
f 501//385 490//373 109//386 
f 502//387 501//385 108//388 
f 503//389 504//390 493//377 
f 505//391 468//350 467//349 
f 455//337 468//350 505//391 
f 505//391 19//392 455//337 
f 506//393 467//349 473//355 
f 24//394 505//391 506//393 
f 26//395 32//396 507//397 
f 32//396 506//393 507//397 
f 507//397 473//355 504//390 
f 508//398 496//380 499//383 
f 509//399 494//378 495//379 
f 26//395 503//389 510//400 
f 510//400 493//377 494//378 
f 25//401 510//400 509//399 
f 21//402 509//399 511//403 
f 511//403 495//379 496//380 
f 22//404 511//403 508//398 
f 502//387 512//405 513//406 
f 33//407 508//398 514//408 
f 500//384 513//406 514//408 
f 31//409 514//408 513//406 
f 29//410 513//406 512//405 
f 107//411 110//412 512//405 
f 110//412 34//413 30//414 
f 515//415 516//416 517//417 
f 516//416 518//418 517//417 
f 395//419 519//420 520//421 
f 521//422 522//423 523//424 
f 522//423 524//425 523//424 
f 525//426 396//427 397//428 
f 526//429 527//430 528//431 
f 529//432 397//428 389//329 
f 527//430 452//328 530//433 
f 531//434 529//432 452//328 
f 532//435 531//434 527//430 
f 523//424 526//429 533//436 
f 524//425 532//435 526//429 
f 534//437 531//434 532//435 
f 532//435 535//438 534//437 
f 536//439 519//420 525//426 
f 519//420 395//419 396//427 
f 396//427 525//426 519//420 
f 534//437 525//426 529//432 
f 535//438 537//440 538//441 
f 538//441 534//437 535//438 
f 539//442 540//443 541//444 
f 522//423 542//445 535//438 
f 542//445 537//440 535//438 
f 521//422 541//444 540//443 
f 543//446 542//445 522//423 
f 544//447 543//446 540//443 
f 517//417 539//442 545//448 
f 518//418 544//447 539//442 
f 546//449 547//450 537//440 
f 536//439 538//441 548//451 
f 398//452 520//421 12//453 
f 519//420 536//439 549//454 
f 7//455 12//453 520//421 
f 8//456 7//455 549//454 
f 547//450 548//451 538//441 
f 16//457 8//456 548//451 
f 550//458 551//459 543//446 
f 13//460 16//457 547//450 
f 551//459 546//449 542//445 
f 9//461 13//460 546//449 
f 5//462 9//461 551//459 
f 552//463 550//458 544//447 
f 2//464 5//462 550//458 
f 553//465 554//466 555//467 
f 555//467 556//468 553//465 
f 557//469 558//470 559//471 
f 516//416 3//472 552//463 
f 3//472 2//464 552//463 
f 515//415 559//471 558//470 
f 23//473 3//472 516//416 
f 17//474 23//473 558//470 
f 553//465 557//469 560//475 
f 10//476 17//474 557//469 
f 451//327 556//468 561//477 
f 27//336 11//478 556//468 
f 556//468 451//327 27//336 
f 11//478 10//476 553//465 
f 399//479 562//480 563//481 
f 564//482 400//483 401//484 
f 401//484 565//485 564//482 
f 402//486 566//487 567//488 
f 568//489 569//490 403//491 
f 403//491 569//490 570//492 
f 570//492 404//493 403//491 
f 571//494 572//495 405//496 
f 572//495 406//497 405//496 
f 394//334 406//497 572//495 
f 407//498 454//335 566//487 
f 454//335 572//495 573//499 
f 408//500 404//493 570//492 
f 572//495 571//494 574//501 
f 571//494 570//492 569//490 
f 575//502 409//503 410//504 
f 410//504 576//505 575//502 
f 411//506 409//503 575//502 
f 412//507 400//483 564//482 
f 569//490 568//489 577//508 
f 573//499 574//501 578//509 
f 566//487 573//499 579//510 
f 413//511 567//488 562//480 
f 567//488 579//510 580//512 
f 569//490 581//513 578//509 
f 581//513 582//514 578//509 
f 579//510 578//509 582//514 
f 575//502 576//505 583//515 
f 568//489 575//502 584//516 
f 576//505 564//482 585//517 
f 586//518 414//519 415//520 
f 415//520 587//521 586//518 
f 416//522 588//523 589//524 
f 588//523 590//525 589//524 
f 589//524 417//526 416//522 
f 589//524 565//485 418//527 
f 564//482 565//485 591//528 
f 590//525 591//528 565//485 
f 586//518 588//523 419//529 
f 592//530 420//531 421//532 
f 421//532 593//533 592//530 
f 592//530 587//521 422//534 
f 453//331 593//533 423//535 
f 594//536 595//537 585//517 
f 424//538 596//539 597//540 
f 581//513 577//508 598//541 
f 582//514 599//542 600//543 
f 599//542 601//544 600//543 
f 562//480 580//512 600//543 
f 425//545 563//481 596//539 
f 563//481 600//543 601//544 
f 582//514 581//513 602//546 
f 584//516 583//515 603//547 
f 577//508 584//516 604//548 
f 583//515 585//517 595//537 
f 605//549 606//550 602//546 
f 607//551 608//552 601//544 
f 426//553 597//540 530//433 
f 596//539 601//544 608//552 
f 528//431 530//433 597//540 
f 533//436 528//431 608//552 
f 606//550 607//551 599//542 
f 609//554 533//436 607//551 
f 610//555 604//548 603//547 
f 603//547 611//556 610//555 
f 521//422 609//554 606//550 
f 610//555 605//549 598//541 
f 541//444 521//422 605//549 
f 611//556 612//557 545//448 
f 545//448 610//555 611//556 
f 555//467 554//466 586//518 
f 590//525 588//523 560//475 
f 590//525 559//471 594//536 
f 559//471 515//415 594//536 
f 594//536 515//415 611//556 
f 515//415 612//557 611//556 
f 554//466 560//475 588//523 
f 561//477 592//530 593//533 
f 593//533 448//324 561//477 
f 561//477 555//467 587//521 
f 427//558 613//559 614//560 
f 449//325 448//324 615//561 
f 448//324 453//331 615//561 
f 428//562 429//563 616//564 
f 616//564 617//565 428//562 
f 618//566 430//567 431//568 
f 615//561 392//332 432//569 
f 432//569 618//566 615//561 
f 617//565 619//570 433//571 
f 619//570 431//568 433//571 
f 620//572 434//573 435//574 
f 620//572 616//564 436//575 
f 616//564 429//563 436//575 
f 621//576 616//564 620//572 
f 614//560 622//577 437//578 
f 622//577 435//574 437//578 
f 623//579 620//572 622//577 
f 614//560 624//580 625//581 
f 461//343 617//565 621//576 
f 449//325 618//566 619//570 
f 463//345 619//570 617//565 
f 626//582 623//579 625//581 
f 621//576 623//579 626//582 
f 626//582 462//344 621//576 
f 627//583 625//581 624//580 
f 465//347 626//582 627//583 
f 466//348 627//583 628//584 
f 629//585 630//586 628//584 
f 438//587 631//588 632//589 
f 613//559 629//585 624//580 
f 439//590 633//591 634//592 
f 440//593 441//594 634//592 
f 634//592 613//559 440//593 
f 613//559 427//558 440//593 
f 633//591 439//590 442//595 
f 442//595 632//589 633//591 
f 635//596 634//592 633//591 
f 632//589 636//597 637//598 
f 635//596 637//598 638//599 
f 638//599 639//600 635//596 
f 635//596 639//600 629//585 
f 638//599 637//598 636//597 
f 640//601 638//599 641//602 
f 642//603 643//604 641//602 
f 443//605 644//606 645//607 
f 631//588 438//587 444//608 
f 444//608 645//607 631//588 
f 631//588 642//603 636//597 
f 645//607 646//609 642//603 
f 99//610 119//611 644//606 
f 644//606 647//612 646//609 
f 119//611 114//613 647//612 
f 647//612 648//614 649//615 
f 646//609 649//615 643//604 
f 643//604 650//616 651//617 
f 649//615 652//618 650//616 
f 114//613 125//619 648//614 
f 648//614 653//620 652//618 
f 125//619 111//621 653//620 
f 654//622 651//617 650//616 
f 639//600 640//601 655//623 
f 655//623 656//624 639//600 
f 639//600 656//624 630//586 
f 459//341 628//584 630//586 
f 656//624 478//360 458//340 
f 657//625 479//361 478//360 
f 655//623 640//601 651//617 
f 657//625 655//623 654//622 
f 657//625 658//626 659//627 
f 659//627 479//361 657//625 
f 659//627 658//626 660//628 
f 653//620 661//629 662//630 
f 652//618 662//630 663//631 
f 658//626 654//622 663//631 
f 662//630 664//632 660//628 
f 111//621 137//633 661//629 
f 661//629 665//634 664//632 
f 137//633 136//635 665//634 
f 665//634 666//636 667//637 
f 476//358 659//627 668//638 
f 668//638 660//628 664//632 
f 477//359 668//638 667//637 
f 483//365 667//637 666//636 
f 136//635 138//639 666//636 
f 138//639 96//372 484//366 
f 484//366 666//636 138//639 
f 666//636 665//634 136//635 
f 666//636 484//366 483//365 
f 667//637 483//365 477//359 
f 664//632 667//637 668//638 
f 668//638 477//359 476//358 
f 667//637 664//632 665//634 
f 665//634 661//629 137//633 
f 664//632 662//630 661//629 
f 661//629 653//620 111//621 
f 660//628 663//631 662//630 
f 663//631 660//628 658//626 
f 663//631 650//616 652//618 
f 662//630 652//618 653//620 
f 660//628 668//638 659//627 
f 659//627 476//358 479//361 
f 654//622 658//626 657//625 
f 651//617 654//622 655//623 
f 478//360 656//624 657//625 
f 458//340 630//586 656//624 
f 630//586 458//340 459//341 
f 630//586 629//585 639//600 
f 655//623 657//625 656//624 
f 650//616 663//631 654//622 
f 653//620 648//614 125//619 
f 652//618 649//615 648//614 
f 648//614 647//612 114//613 
f 650//616 643//604 649//615 
f 651//617 641//602 643//604 
f 643//604 642//603 646//609 
f 649//615 646//609 647//612 
f 647//612 644//606 119//611 
f 646//609 645//607 644//606 
f 644//606 443//605 99//610 
f 642//603 631//588 645//607 
f 636//597 632//589 631//588 
f 444//608 445//640 645//607 
f 645//607 445//640 443//605 
f 641//602 636//597 642//603 
f 641//602 651//617 640//601 
f 636//597 641//602 638//599 
f 629//585 613//559 635//596 
f 638//599 640//601 639//600 
f 637//598 633//591 632//589 
f 633//591 637//598 635//596 
f 442//595 446//641 632//589 
f 634//592 635//596 613//559 
f 634//592 441//594 439//590 
f 624//580 614//560 613//559 
f 632//589 446//641 438//587 
f 628//584 624//580 629//585 
f 628//584 459//341 466//348 
f 627//583 466//348 465//347 
f 624//580 628//584 627//583 
f 626//582 465//347 462//344 
f 625//581 627//583 626//582 
f 617//565 461//343 463//345 
f 619//570 463//345 449//325 
f 621//576 462//344 461//343 
f 625//581 622//577 614//560 
f 622//577 625//581 623//579 
f 437//578 447//642 614//560 
f 620//572 623//579 621//576 
f 436//575 434//573 620//572 
f 435//574 622//577 620//572 
f 433//571 428//562 617//565 
f 432//569 430//567 618//566 
f 431//568 619//570 618//566 
f 616//564 621//576 617//565 
f 615//561 618//566 449//325 
f 614//560 447//642 427//558 
f 587//521 592//530 561//477 
f 593//533 453//331 448//324 
f 588//523 586//518 554//466 
f 611//556 595//537 594//536 
f 594//536 591//528 590//525 
f 560//475 559//471 590//525 
f 586//518 587//521 555//467 
f 545//448 541//444 610//555 
f 605//549 610//555 541//444 
f 598//541 604//548 610//555 
f 606//550 605//549 521//422 
f 603//547 595//537 611//556 
f 607//551 606//550 609//554 
f 599//542 602//546 606//550 
f 608//552 607//551 533//436 
f 597//540 608//552 528//431 
f 608//552 597//540 596//539 
f 530//433 390//330 426//553 
f 601//544 599//542 607//551 
f 602//546 598//541 605//549 
f 595//537 603//547 583//515 
f 604//548 598//541 577//508 
f 603//547 604//548 584//516 
f 602//546 599//542 582//514 
f 601//544 596//539 563//481 
f 596//539 424//538 425//545 
f 600//543 563//481 562//480 
f 600//543 580//512 582//514 
f 598//541 602//546 581//513 
f 597//540 426//553 424//538 
f 585//517 591//528 594//536 
f 423//535 391//331 453//331 
f 422//534 420//531 592//530 
f 421//532 423//535 593//533 
f 419//529 414//519 586//518 
f 565//485 589//524 590//525 
f 591//528 585//517 564//482 
f 418//527 417//526 589//524 
f 416//522 419//529 588//523 
f 415//520 422//534 587//521 
f 585//517 583//515 576//505 
f 584//516 577//508 568//489 
f 583//515 584//516 575//502 
f 582//514 580//512 579//510 
f 578//509 574//501 569//490 
f 580//512 562//480 567//488 
f 562//480 399//479 413//511 
f 579//510 567//488 566//487 
f 578//509 579//510 573//499 
f 577//508 581//513 569//490 
f 564//482 576//505 412//507 
f 575//502 568//489 411//506 
f 410//504 412//507 576//505 
f 569//490 574//501 571//494 
f 574//501 573//499 572//495 
f 570//492 571//494 408//500 
f 573//499 566//487 454//335 
f 566//487 402//486 407//498 
f 572//495 454//335 394//334 
f 405//496 408//500 571//494 
f 403//491 411//506 568//489 
f 567//488 413//511 402//486 
f 401//484 418//527 565//485 
f 563//481 425//545 399//479 
f 553//465 556//468 11//478 
f 561//477 448//324 451//327 
f 557//469 553//465 10//476 
f 560//475 554//466 553//465 
f 558//470 557//469 17//474 
f 516//416 558//470 23//473 
f 558//470 516//416 515//415 
f 552//463 518//418 516//416 
f 559//471 560//475 557//469 
f 555//467 561//477 556//468 
f 550//458 552//463 2//464 
f 544//447 518//418 552//463 
f 551//459 550//458 5//462 
f 546//449 551//459 9//461 
f 542//445 543//446 551//459 
f 547//450 546//449 13//460 
f 543//446 544//447 550//458 
f 548//451 547//450 16//457 
f 538//441 537//440 547//450 
f 549//454 548//451 8//456 
f 520//421 549//454 7//455 
f 549//454 520//421 519//420 
f 12//453 15//643 398//452 
f 548//451 549//454 536//439 
f 537//440 542//445 546//449 
f 539//442 517//417 518//418 
f 545//448 612//557 517//417 
f 540//443 539//442 544//447 
f 522//423 540//443 543//446 
f 540//443 522//423 521//422 
f 535//438 524//425 522//423 
f 541//444 545//448 539//442 
f 538//441 536//439 534//437 
f 529//432 531//434 534//437 
f 525//426 534//437 536//439 
f 532//435 524//425 535//438 
f 526//429 523//424 524//425 
f 533//436 609//554 523//424 
f 527//430 526//429 532//435 
f 452//328 527//430 531//434 
f 530//433 528//431 527//430 
f 389//329 452//328 529//432 
f 528//431 533//436 526//429 
f 397//428 529//432 525//426 
f 523//424 609//554 521//422 
f 520//421 398//452 395//419 
f 517//417 612//557 515//415 
f 30//414 512//405 110//412 
f 512//405 502//387 107//411 
f 512//405 30//414 29//410 
f 513//406 29//410 31//409 
f 514//408 499//383 500//384 
f 514//408 31//409 33//407 
f 513//406 500//384 502//387 
f 508//398 33//407 22//404 
f 496//380 508//398 511//403 
f 511//403 22//404 21//402 
f 509//399 21//402 25//401 
f 494//378 509//399 510//400 
f 510//400 25//401 26//395 
f 495//379 511//403 509//399 
f 499//383 514//408 508//398 
f 504//390 503//389 507//397 
f 507//397 503//389 26//395 
f 506//393 32//396 24//394 
f 473//355 507//397 506//393 
f 505//391 24//394 19//392 
f 467//349 506//393 505//391 
f 493//377 510//400 503//389 
f 108//388 107//411 502//387 
f 109//386 108//388 501//385 
f 501//385 502//387 500//384 
f 497//381 500//384 499//383 
f 488//370 497//381 498//382 
f 498//382 499//383 496//380 
f 490//373 501//385 497//381 
f 495//379 494//378 492//376 
f 493//377 504//390 472//354 
f 481//363 485//367 491//375 
f 487//369 498//382 491//375 
f 95//374 109//386 490//373 
f 96//372 95//374 489//371 
f 489//371 490//373 488//370 
f 482//364 488//370 487//369 
f 483//365 482//364 486//368 
f 486//368 487//369 485//367 
f 484//366 489//371 482//364 
f 475//357 485//367 481//363 
f 476//358 475//357 480//362 
f 480//362 481//363 474//356 
f 456//338 474//356 471//353 
f 479//361 480//362 456//338 
f 477//359 486//368 475//357 
f 474//356 492//376 472//354 
f 472//354 504//390 473//355 
f 457//339 471//353 470//352 
f 470//352 473//355 467//349 
f 465//347 464//346 469//351 
f 469//351 464//346 467//349 
f 466//348 470//352 464//346 
f 460//342 468//350 455//337 
f 463//345 461//343 460//342 
f 462//344 469//351 460//342 
f 458//340 478//360 456//338 
f 455//337 19//392 27//336 
f 454//335 407//498 393//333 
f 392//332 615//561 453//331 
f 390//330 530//433 452//328 
f 450//326 455//337 451//327 
o mesh5
f 669//644 670//644 671//644 
f 669//644 672//644 670//644 
f 673//644 674//644 675//644 
f 676//644 677//644 674//644 
f 669//644 678//644 672//644 
f 674//644 673//644 676//644 
f 669//644 679//644 678//644 
f 676//644 680//644 677//644 
f 669//644 681//644 679//644 
f 682//644 683//644 681//644 
f 676//644 684//644 680//644 
f 681//644 669//644 682//644 
f 676//644 685//644 684//644 
f 682//644 686//644 683//644 
f 676//644 687//644 685//644 
f 682//644 688//644 686//644 
f 676//644 689//644 687//644 
f 669//644 690//644 689//644 
f 682//644 691//644 688//644 
f 689//644 676//644 669//644 
f 682//644 692//644 691//644 
f 669//644 693//644 690//644 
f 673//644 694//644 695//644 
f 682//644 696//644 692//644 
f 669//644 697//644 693//644 
f 695//644 6//644 673//644 
f 675//644 698//644 673//644 
f 673//644 698//644 694//644 
f 695//644 15//644 6//644 
f 671//644 697//644 669//644 
o mesh6
f 699//645 700//645 701//645 
f 699//645 702//645 703//645 
f 702//645 92//645 704//645 
f 703//645 700//645 699//645 
f 704//645 705//645 702//645 
f 702//645 706//645 703//645 
f 699//645 707//645 708//645 
f 92//645 709//645 704//645 
f 702//645 710//645 706//645 
f 708//645 711//645 699//645 
f 92//645 94//645 709//645 
f 702//645 712//645 710//645 
f 699//645 713//645 707//645 
f 714//645 711//645 715//645 
f 716//645 717//645 718//645 
f 701//645 719//645 699//645 
f 699//645 719//645 713//645 
f 715//645 720//645 714//645 
f 716//645 721//645 717//645 
f 714//645 722//645 721//645 
f 708//645 723//645 711//645 
f 711//645 723//645 715//645 
f 721//645 716//645 714//645 
f 724//645 725//645 726//645 
f 716//645 727//645 725//645 
f 720//645 728//645 714//645 
f 714//645 728//645 722//645 
f 725//645 724//645 716//645 
f 718//645 729//645 716//645 
f 716//645 729//645 727//645 
f 726//645 730//645 724//645 
f 705//645 712//645 702//645 
o mesh7
f 790//646 791//647 792//648 
f 792//648 793//649 790//646 
f 794//650 102//651 101//652 
f 795//653 731//653 732//654 
f 157//655 733//656 796//657 
f 85//658 793//649 797//659 
f 798//660 799//661 800//662 
f 799//661 801//663 800//662 
f 802//664 803//665 804//666 
f 802//664 792//648 805//667 
f 792//648 791//647 805//667 
f 797//659 792//648 802//664 
f 806//668 807//669 808//670 
f 809//671 810//672 811//673 
f 810//672 802//664 811//673 
f 811//673 804//666 807//669 
f 809//671 806//668 812//674 
f 808//670 801//663 799//661 
f 799//661 812//674 808//670 
f 812//674 813//675 814//676 
f 814//676 815//677 812//674 
f 814//676 813//675 816//678 
f 817//679 818//680 819//681 
f 798//660 820//682 821//683 
f 813//675 799//661 798//660 
f 816//678 798//660 822//684 
f 822//684 821//683 818//680 
f 823//685 822//684 817//679 
f 824//686 825//687 826//688 
f 827//689 817//679 828//690 
f 828//690 819//681 825//687 
f 829//691 828//690 824//686 
f 830//692 824//686 831//693 
f 831//693 826//688 734//694 
f 832//695 831//693 735//696 
f 833//697 827//689 829//691 
f 833//697 834//698 823//685 
f 834//698 816//678 823//685 
f 814//676 834//698 835//699 
f 834//698 836//700 835//699 
f 834//698 833//697 837//701 
f 833//697 838//702 837//701 
f 839//703 830//692 832//695 
f 838//702 833//697 840//704 
f 840//704 829//691 830//692 
f 841//705 840//704 839//703 
f 842//706 839//703 843//707 
f 843//707 832//695 736//708 
f 844//709 843//707 737//710 
f 845//711 846//712 835//699 
f 847//713 810//672 809//671 
f 797//659 810//672 847//713 
f 847//713 84//714 797//659 
f 848//715 809//671 815//677 
f 82//716 847//713 848//715 
f 79//717 80//718 849//719 
f 80//718 848//715 849//719 
f 849//719 815//677 846//712 
f 850//720 838//702 841//705 
f 851//721 836//700 837//701 
f 79//717 845//711 852//722 
f 852//722 835//699 836//700 
f 76//723 852//722 851//721 
f 73//724 851//721 853//725 
f 853//725 837//701 838//702 
f 70//726 853//725 850//720 
f 844//709 854//727 855//728 
f 71//729 850//720 856//730 
f 842//706 855//728 856//730 
f 93//731 856//730 855//728 
f 89//732 855//728 854//727 
f 738//733 739//734 854//727 
f 739//734 94//735 90//736 
f 857//737 858//738 859//739 
f 858//738 860//740 859//739 
f 105//741 861//742 862//743 
f 863//744 864//745 865//746 
f 864//745 866//747 865//746 
f 867//748 104//749 103//750 
f 868//751 869//752 870//753 
f 871//754 103//750 102//651 
f 869//752 794//650 872//755 
f 873//756 871//754 794//650 
f 874//757 873//756 869//752 
f 865//746 868//751 875//758 
f 866//747 874//757 868//751 
f 876//759 873//756 874//757 
f 874//757 877//760 876//759 
f 878//761 861//742 867//748 
f 861//742 105//741 104//749 
f 104//749 867//748 861//742 
f 876//759 867//748 871//754 
f 877//760 879//762 880//763 
f 880//763 876//759 877//760 
f 881//764 882//765 883//766 
f 864//745 884//767 877//760 
f 884//767 879//762 877//760 
f 863//744 883//766 882//765 
f 885//768 884//767 864//745 
f 886//769 885//768 882//765 
f 859//739 881//764 887//770 
f 860//740 886//769 881//764 
f 888//771 889//772 879//762 
f 878//761 880//763 890//773 
f 106//774 862//743 87//775 
f 861//742 878//761 891//776 
f 86//777 87//775 862//743 
f 83//778 86//777 891//776 
f 889//772 890//773 880//763 
f 81//779 83//778 890//773 
f 892//780 893//781 885//768 
f 78//782 81//779 889//772 
f 893//781 888//771 884//767 
f 77//783 78//782 888//771 
f 75//784 77//783 893//781 
f 894//785 892//780 886//769 
f 74//786 75//784 892//780 
f 895//787 896//788 897//789 
f 897//789 898//790 895//787 
f 899//791 900//792 901//793 
f 858//738 68//794 894//785 
f 68//794 74//786 894//785 
f 857//737 901//793 900//792 
f 66//795 68//794 858//738 
f 67//796 66//795 900//792 
f 895//787 899//791 902//797 
f 91//798 67//796 899//791 
f 793//649 898//790 903//799 
f 85//658 88//800 898//790 
f 898//790 793//649 85//658 
f 88//800 91//798 895//787 
f 161//801 904//802 905//803 
f 906//804 740//805 741//806 
f 741//806 907//807 906//804 
f 159//808 908//809 909//810 
f 910//811 911//812 742//813 
f 742//813 911//812 912//814 
f 912//814 743//815 742//813 
f 913//816 914//817 744//818 
f 914//817 745//819 744//818 
f 733//656 745//819 914//817 
f 158//820 796//657 908//809 
f 796//657 914//817 915//821 
f 746//822 743//815 912//814 
f 914//817 913//816 916//823 
f 913//816 912//814 911//812 
f 917//824 747//825 748//826 
f 748//826 918//827 917//824 
f 749//828 747//825 917//824 
f 750//829 740//805 906//804 
f 911//812 910//811 919//830 
f 915//821 916//823 920//831 
f 908//809 915//821 921//832 
f 160//833 909//810 904//802 
f 909//810 921//832 922//834 
f 911//812 923//835 920//831 
f 923//835 924//836 920//831 
f 921//832 920//831 924//836 
f 917//824 918//827 925//837 
f 910//811 917//824 926//838 
f 918//827 906//804 927//839 
f 928//840 751//841 752//842 
f 752//842 929//843 928//840 
f 753//844 930//845 931//846 
f 930//845 932//847 931//846 
f 931//846 754//848 753//844 
f 931//846 907//807 755//849 
f 906//804 907//807 933//850 
f 932//847 933//850 907//807 
f 928//840 930//845 756//851 
f 934//852 757//853 758//854 
f 758//854 935//855 934//852 
f 934//852 929//843 759//856 
f 795//653 935//855 760//857 
f 936//858 937//859 927//839 
f 163//860 938//861 939//862 
f 923//835 919//830 940//863 
f 924//836 941//864 942//865 
f 941//864 943//866 942//865 
f 904//802 922//834 942//865 
f 162//867 905//803 938//861 
f 905//803 942//865 943//866 
f 924//836 923//835 944//868 
f 926//838 925//837 945//869 
f 919//830 926//838 946//870 
f 925//837 927//839 937//859 
f 947//871 948//872 944//868 
f 949//873 950//874 943//866 
f 164//875 939//862 872//755 
f 938//861 943//866 950//874 
f 870//753 872//755 939//862 
f 875//758 870//753 950//874 
f 948//872 949//873 941//864 
f 951//876 875//758 949//873 
f 952//877 946//870 945//869 
f 945//869 953//878 952//877 
f 863//744 951//876 948//872 
f 952//877 947//871 940//863 
f 883//766 863//744 947//871 
f 953//878 954//879 887//770 
f 887//770 952//877 953//878 
f 897//789 896//788 928//840 
f 932//847 930//845 902//797 
f 932//847 901//793 936//858 
f 901//793 857//737 936//858 
f 936//858 857//737 953//878 
f 857//737 954//879 953//878 
f 896//788 902//797 930//845 
f 903//799 934//852 935//855 
f 935//855 790//646 903//799 
f 903//799 897//789 929//843 
f 761//880 955//881 956//882 
f 791//647 790//646 957//883 
f 790//646 795//653 957//883 
f 762//884 763//885 958//886 
f 958//886 959//887 762//884 
f 960//888 764//889 765//890 
f 957//883 732//654 766//891 
f 766//891 960//888 957//883 
f 959//887 961//892 767//893 
f 961//892 765//890 767//893 
f 962//894 768//895 769//896 
f 962//894 958//886 770//897 
f 958//886 763//885 770//897 
f 963//898 958//886 962//894 
f 956//882 964//899 771//900 
f 964//899 769//896 771//900 
f 965//901 962//894 964//899 
f 956//882 966//902 967//903 
f 803//665 959//887 963//898 
f 791//647 960//888 961//892 
f 805//667 961//892 959//887 
f 968//904 965//901 967//903 
f 963//898 965//901 968//904 
f 968//904 804//666 963//898 
f 969//905 967//903 966//902 
f 807//669 968//904 969//905 
f 808//670 969//905 970//906 
f 971//907 972//908 970//906 
f 772//909 973//910 974//911 
f 955//881 971//907 966//902 
f 773//912 975//913 976//914 
f 774//915 775//916 976//914 
f 976//914 955//881 774//915 
f 955//881 761//880 774//915 
f 975//913 773//912 776//917 
f 776//917 974//911 975//913 
f 977//918 976//914 975//913 
f 974//911 978//919 979//920 
f 977//918 979//920 980//921 
f 980//921 981//922 977//918 
f 977//918 981//922 971//907 
f 980//921 979//920 978//919 
f 982//923 980//921 983//924 
f 984//925 985//926 983//924 
f 777//927 986//928 987//929 
f 973//910 772//909 778//930 
f 778//930 987//929 973//910 
f 973//910 984//925 978//919 
f 987//929 988//931 984//925 
f 779//932 780//933 986//928 
f 986//928 989//934 988//931 
f 780//933 781//935 989//934 
f 989//934 990//936 991//937 
f 988//931 991//937 985//926 
f 985//926 992//938 993//939 
f 991//937 994//940 992//938 
f 781//935 782//941 990//936 
f 990//936 995//942 994//940 
f 782//941 783//943 995//942 
f 996//944 993//939 992//938 
f 981//922 982//923 997//945 
f 997//945 998//946 981//922 
f 981//922 998//946 972//908 
f 801//663 970//906 972//908 
f 998//946 820//682 800//662 
f 999//947 821//683 820//682 
f 997//945 982//923 993//939 
f 999//947 997//945 996//944 
f 999//947 1000//948 1001//949 
f 1001//949 821//683 999//947 
f 1001//949 1000//948 1002//950 
f 995//942 1003//951 1004//952 
f 994//940 1004//952 1005//953 
f 1000//948 996//944 1005//953 
f 1004//952 1006//954 1002//950 
f 783//943 784//955 1003//951 
f 1003//951 1007//956 1006//954 
f 784//955 785//957 1007//956 
f 1007//956 1008//958 1009//959 
f 818//680 1001//949 1010//960 
f 1010//960 1002//950 1006//954 
f 819//681 1010//960 1009//959 
f 825//687 1009//959 1008//958 
f 785//957 786//961 1008//958 
f 786//961 734//694 826//688 
f 826//688 1008//958 786//961 
f 1008//958 1007//956 785//957 
f 1008//958 826//688 825//687 
f 1009//959 825//687 819//681 
f 1006//954 1009//959 1010//960 
f 1010//960 819//681 818//680 
f 1009//959 1006//954 1007//956 
f 1007//956 1003//951 784//955 
f 1006//954 1004//952 1003//951 
f 1003//951 995//942 783//943 
f 1002//950 1005//953 1004//952 
f 1005//953 1002//950 1000//948 
f 1005//953 992//938 994//940 
f 1004//952 994//940 995//942 
f 1002//950 1010//960 1001//949 
f 1001//949 818//680 821//683 
f 996//944 1000//948 999//947 
f 993//939 996//944 997//945 
f 820//682 998//946 999//947 
f 800//662 972//908 998//946 
f 972//908 800//662 801//663 
f 972//908 971//907 981//922 
f 997//945 999//947 998//946 
f 992//938 1005//953 996//944 
f 995//942 990//936 782//941 
f 994//940 991//937 990//936 
f 990//936 989//934 781//935 
f 992//938 985//926 991//937 
f 993//939 983//924 985//926 
f 985//926 984//925 988//931 
f 991//937 988//931 989//934 
f 989//934 986//928 780//933 
f 988//931 987//929 986//928 
f 986//928 777//927 779//932 
f 984//925 973//910 987//929 
f 978//919 974//911 973//910 
f 778//930 787//962 987//929 
f 987//929 787//962 777//927 
f 983//924 978//919 984//925 
f 983//924 993//939 982//923 
f 978//919 983//924 980//921 
f 971//907 955//881 977//918 
f 980//921 982//923 981//922 
f 979//920 975//913 974//911 
f 975//913 979//920 977//918 
f 776//917 788//963 974//911 
f 976//914 977//918 955//881 
f 976//914 775//916 773//912 
f 966//902 956//882 955//881 
f 974//911 788//963 772//909 
f 970//906 966//902 971//907 
f 970//906 801//663 808//670 
f 969//905 808//670 807//669 
f 966//902 970//906 969//905 
f 968//904 807//669 804//666 
f 967//903 969//905 968//904 
f 959//887 803//665 805//667 
f 961//892 805//667 791//647 
f 963//898 804//666 803//665 
f 967//903 964//899 956//882 
f 964//899 967//903 965//901 
f 771//900 789//964 956//882 
f 962//894 965//901 963//898 
f 770//897 768//895 962//894 
f 769//896 964//899 962//894 
f 767//893 762//884 959//887 
f 766//891 764//889 960//888 
f 765//890 961//892 960//888 
f 958//886 963//898 959//887 
f 957//883 960//888 791//647 
f 956//882 789//964 761//880 
f 929//843 934//852 903//799 
f 935//855 795//653 790//646 
f 930//845 928//840 896//788 
f 953//878 937//859 936//858 
f 936//858 933//850 932//847 
f 902//797 901//793 932//847 
f 928//840 929//843 897//789 
f 887//770 883//766 952//877 
f 947//871 952//877 883//766 
f 940//863 946//870 952//877 
f 948//872 947//871 863//744 
f 945//869 937//859 953//878 
f 949//873 948//872 951//876 
f 941//864 944//868 948//872 
f 950//874 949//873 875//758 
f 939//862 950//874 870//753 
f 950//874 939//862 938//861 
f 872//755 101//652 164//875 
f 943//866 941//864 949//873 
f 944//868 940//863 947//871 
f 937//859 945//869 925//837 
f 946//870 940//863 919//830 
f 945//869 946//870 926//838 
f 944//868 941//864 924//836 
f 943//866 938//861 905//803 
f 938//861 163//860 162//867 
f 942//865 905//803 904//802 
f 942//865 922//834 924//836 
f 940//863 944//868 923//835 
f 939//862 164//875 163//860 
f 927//839 933//850 936//858 
f 760//857 731//653 795//653 
f 759//856 757//853 934//852 
f 758//854 760//857 935//855 
f 756//851 751//841 928//840 
f 907//807 931//846 932//847 
f 933//850 927//839 906//804 
f 755//849 754//848 931//846 
f 753//844 756//851 930//845 
f 752//842 759//856 929//843 
f 927//839 925//837 918//827 
f 926//838 919//830 910//811 
f 925//837 926//838 917//824 
f 924//836 922//834 921//832 
f 920//831 916//823 911//812 
f 922//834 904//802 909//810 
f 904//802 161//801 160//833 
f 921//832 909//810 908//809 
f 920//831 921//832 915//821 
f 919//830 923//835 911//812 
f 906//804 918//827 750//829 
f 917//824 910//811 749//828 
f 748//826 750//829 918//827 
f 911//812 916//823 913//816 
f 916//823 915//821 914//817 
f 912//814 913//816 746//822 
f 915//821 908//809 796//657 
f 908//809 159//808 158//820 
f 914//817 796//657 733//656 
f 744//818 746//822 913//816 
f 742//813 749//828 910//811 
f 909//810 160//833 159//808 
f 741//806 755//849 907//807 
f 905//803 162//867 161//801 
f 895//787 898//790 88//800 
f 903//799 790//646 793//649 
f 899//791 895//787 91//798 
f 902//797 896//788 895//787 
f 900//792 899//791 67//796 
f 858//738 900//792 66//795 
f 900//792 858//738 857//737 
f 894//785 860//740 858//738 
f 901//793 902//797 899//791 
f 897//789 903//799 898//790 
f 892//780 894//785 74//786 
f 886//769 860//740 894//785 
f 893//781 892//780 75//784 
f 888//771 893//781 77//783 
f 884//767 885//768 893//781 
f 889//772 888//771 78//782 
f 885//768 886//769 892//780 
f 890//773 889//772 81//779 
f 880//763 879//762 889//772 
f 891//776 890//773 83//778 
f 862//743 891//776 86//777 
f 891//776 862//743 861//742 
f 87//775 64//965 106//774 
f 890//773 891//776 878//761 
f 879//762 884//767 888//771 
f 881//764 859//739 860//740 
f 887//770 954//879 859//739 
f 882//765 881//764 886//769 
f 864//745 882//765 885//768 
f 882//765 864//745 863//744 
f 877//760 866//747 864//745 
f 883//766 887//770 881//764 
f 880//763 878//761 876//759 
f 871//754 873//756 876//759 
f 867//748 876//759 878//761 
f 874//757 866//747 877//760 
f 868//751 865//746 866//747 
f 875//758 951//876 865//746 
f 869//752 868//751 874//757 
f 794//650 869//752 873//756 
f 872//755 870//753 869//752 
f 102//651 794//650 871//754 
f 870//753 875//758 868//751 
f 103//750 871//754 867//748 
f 865//746 951//876 863//744 
f 862//743 106//774 105//741 
f 859//739 954//879 857//737 
f 90//736 854//727 739//734 
f 854//727 844//709 738//733 
f 854//727 90//736 89//732 
f 855//728 89//732 93//731 
f 856//730 841//705 842//706 
f 856//730 93//731 71//729 
f 855//728 842//706 844//709 
f 850//720 71//729 70//726 
f 838//702 850//720 853//725 
f 853//725 70//726 73//724 
f 851//721 73//724 76//723 
f 836//700 851//721 852//722 
f 852//722 76//723 79//717 
f 837//701 853//725 851//721 
f 841//705 856//730 850//720 
f 846//712 845//711 849//719 
f 849//719 845//711 79//717 
f 848//715 80//718 82//716 
f 815//677 849//719 848//715 
f 847//713 82//716 84//714 
f 809//671 848//715 847//713 
f 835//699 852//722 845//711 
f 737//710 738//733 844//709 
f 736//708 737//710 843//707 
f 843//707 844//709 842//706 
f 839//703 842//706 841//705 
f 830//692 839//703 840//704 
f 840//704 841//705 838//702 
f 832//695 843//707 839//703 
f 837//701 836//700 834//698 
f 835//699 846//712 814//676 
f 823//685 827//689 833//697 
f 829//691 840//704 833//697 
f 735//696 736//708 832//695 
f 734//694 735//696 831//693 
f 831//693 832//695 830//692 
f 824//686 830//692 829//691 
f 825//687 824//686 828//690 
f 828//690 829//691 827//689 
f 826//688 831//693 824//686 
f 817//679 827//689 823//685 
f 818//680 817//679 822//684 
f 822//684 823//685 816//678 
f 798//660 816//678 813//675 
f 821//683 822//684 798//660 
f 819//681 828//690 817//679 
f 816//678 834//698 814//676 
f 814//676 846//712 815//677 
f 799//661 813//675 812//674 
f 812//674 815//677 809//671 
f 807//669 806//668 811//673 
f 811//673 806//668 809//671 
f 808//670 812//674 806//668 
f 802//664 810//672 797//659 
f 805//667 803//665 802//664 
f 804//666 811//673 802//664 
f 800//662 820//682 798//660 
f 797//659 84//714 85//658 
f 796//657 158//820 157//655 
f 732//654 957//883 795//653 
f 101//652 872//755 794//650 
f 792//648 797//659 793//649 
o mesh8
f 682//966 1011//966 1012//966 
f 1013//966 1014//966 1015//966 
f 1013//966 1016//966 1017//966 
f 682//966 1018//966 1011//966 
f 1017//966 1014//966 1013//966 
f 682//966 1019//966 1018//966 
f 1016//966 1020//966 1017//966 
f 682//966 1021//966 1019//966 
f 682//966 1013//966 1022//966 
f 1016//966 1023//966 1024//966 
f 1016//966 1025//966 1026//966 
f 1016//966 1027//966 1020//966 
f 1022//966 1021//966 682//966 
f 1026//966 1023//966 1016//966 
f 1016//966 1028//966 1027//966 
f 1013//966 1029//966 1022//966 
f 1025//966 1030//966 1026//966 
f 1016//966 1031//966 1028//966 
f 1013//966 1032//966 1029//966 
f 1025//966 724//966 1033//966 
f 1025//966 1034//966 1030//966 
f 1016//966 1035//966 1031//966 
f 1013//966 1036//966 1032//966 
f 1033//966 1037//966 1025//966 
f 1015//966 1038//966 1013//966 
f 1013//966 1038//966 1036//966 
f 724//966 730//966 1033//966 
f 1012//966 696//966 682//966 
f 1024//966 1035//966 1016//966 
f 1037//966 1034//966 1025//966 
o mesh9
f 1098//967 1099//968 1100//969 
f 1100//969 1101//970 1098//967 
f 1102//971 1039//972 1040//973 
f 1103//974 1041//974 1042//975 
f 1043//976 1044//977 1104//978 
f 690//979 1101//970 1105//980 
f 1106//981 1107//982 1108//983 
f 1107//982 1109//984 1108//983 
f 1110//985 1111//986 1112//987 
f 1110//985 1100//969 1113//988 
f 1100//969 1099//968 1113//988 
f 1105//980 1100//969 1110//985 
f 1114//989 1115//990 1116//991 
f 1117//992 1118//993 1119//994 
f 1118//993 1110//985 1119//994 
f 1119//994 1112//987 1115//990 
f 1117//992 1114//989 1120//995 
f 1116//991 1109//984 1107//982 
f 1107//982 1120//995 1116//991 
f 1120//995 1121//996 1122//997 
f 1122//997 1123//998 1120//995 
f 1122//997 1121//996 1124//999 
f 1125//1000 1126//1001 1127//1002 
f 1106//981 1128//1003 1129//1004 
f 1121//996 1107//982 1106//981 
f 1124//999 1106//981 1130//1005 
f 1130//1005 1129//1004 1126//1001 
f 1131//1006 1130//1005 1125//1000 
f 1132//1007 1133//1008 1134//1009 
f 1135//1010 1125//1000 1136//1011 
f 1136//1011 1127//1002 1133//1008 
f 1137//1012 1136//1011 1132//1007 
f 1138//1013 1132//1007 1139//1014 
f 1139//1014 1134//1009 390//1015 
f 1140//1016 1139//1014 389//1017 
f 1141//1018 1135//1010 1137//1012 
f 1141//1018 1142//1019 1131//1006 
f 1142//1019 1124//999 1131//1006 
f 1122//997 1142//1019 1143//1020 
f 1142//1019 1144//1021 1143//1020 
f 1142//1019 1141//1018 1145//1022 
f 1141//1018 1146//1023 1145//1022 
f 1147//1024 1138//1013 1140//1016 
f 1146//1023 1141//1018 1148//1025 
f 1148//1025 1137//1012 1138//1013 
f 1149//1026 1148//1025 1147//1024 
f 1150//1027 1147//1024 1151//1028 
f 1151//1028 1140//1016 397//1029 
f 1152//1030 1151//1028 396//1031 
f 1153//1032 1154//1033 1143//1020 
f 1155//1034 1118//993 1117//992 
f 1105//980 1118//993 1155//1034 
f 1155//1034 689//1035 1105//980 
f 1156//1036 1117//992 1123//998 
f 687//1037 1155//1034 1156//1036 
f 684//1038 685//1039 1157//1040 
f 685//1039 1156//1036 1157//1040 
f 1157//1040 1123//998 1154//1033 
f 1158//1041 1146//1023 1149//1026 
f 1159//1042 1144//1021 1145//1022 
f 684//1038 1153//1032 1160//1043 
f 1160//1043 1143//1020 1144//1021 
f 680//1044 1160//1043 1159//1042 
f 677//1045 1159//1042 1161//1046 
f 1161//1046 1145//1022 1146//1023 
f 674//1047 1161//1046 1158//1041 
f 1152//1030 1162//1048 1163//1049 
f 675//1050 1158//1041 1164//1051 
f 1150//1027 1163//1049 1164//1051 
f 698//1052 1164//1051 1163//1049 
f 694//1053 1163//1049 1162//1048 
f 395//1054 398//1055 1162//1048 
f 398//1055 15//1056 695//1057 
f 1165//1058 1166//1059 1167//1060 
f 1166//1059 1168//1061 1167//1060 
f 1045//1062 1169//1063 1170//1064 
f 1171//1065 1172//1066 1173//1067 
f 1172//1066 1174//1068 1173//1067 
f 1175//1069 1046//1070 1047//1071 
f 1176//1072 1177//1073 1178//1074 
f 1179//1075 1047//1071 1039//972 
f 1177//1073 1102//971 1180//1076 
f 1181//1077 1179//1075 1102//971 
f 1182//1078 1181//1077 1177//1073 
f 1173//1067 1176//1072 1183//1079 
f 1174//1068 1182//1078 1176//1072 
f 1184//1080 1181//1077 1182//1078 
f 1182//1078 1185//1081 1184//1080 
f 1186//1082 1169//1063 1175//1069 
f 1169//1063 1045//1062 1046//1070 
f 1046//1070 1175//1069 1169//1063 
f 1184//1080 1175//1069 1179//1075 
f 1185//1081 1187//1083 1188//1084 
f 1188//1084 1184//1080 1185//1081 
f 1189//1085 1190//1086 1191//1087 
f 1172//1066 1192//1088 1185//1081 
f 1192//1088 1187//1083 1185//1081 
f 1171//1065 1191//1087 1190//1086 
f 1193//1089 1192//1088 1172//1066 
f 1194//1090 1193//1089 1190//1086 
f 1167//1060 1189//1085 1195//1091 
f 1168//1061 1194//1090 1189//1085 
f 1196//1092 1197//1093 1187//1083 
f 1186//1082 1188//1084 1198//1094 
f 1048//1095 1170//1064 692//1096 
f 1169//1063 1186//1082 1199//1097 
f 691//1098 692//1096 1170//1064 
f 688//1099 691//1098 1199//1097 
f 1197//1093 1198//1094 1188//1084 
f 686//1100 688//1099 1198//1094 
f 1200//1101 1201//1102 1193//1089 
f 683//1103 686//1100 1197//1093 
f 1201//1102 1196//1092 1192//1088 
f 681//1104 683//1103 1196//1092 
f 679//1105 681//1104 1201//1102 
f 1202//1106 1200//1101 1194//1090 
f 678//1107 679//1105 1200//1101 
f 1203//1108 1204//1109 1205//1110 
f 1205//1110 1206//1111 1203//1108 
f 1207//1112 1208//1113 1209//1114 
f 1166//1059 672//1115 1202//1106 
f 672//1115 678//1107 1202//1106 
f 1165//1058 1209//1114 1208//1113 
f 670//1116 672//1115 1166//1059 
f 671//1117 670//1116 1208//1113 
f 1203//1108 1207//1112 1210//1118 
f 697//1119 671//1117 1207//1112 
f 1101//970 1206//1111 1211//1120 
f 690//979 693//1121 1206//1111 
f 1206//1111 1101//970 690//979 
f 693//1121 697//1119 1203//1108 
f 1049//1122 1212//1123 1213//1124 
f 1214//1125 1050//1126 1051//1127 
f 1051//1127 1215//1128 1214//1125 
f 1052//1129 1216//1130 1217//1131 
f 1218//1132 1219//1133 1053//1134 
f 1053//1134 1219//1133 1220//1135 
f 1220//1135 1054//1136 1053//1134 
f 1221//1137 1222//1138 1055//1139 
f 1222//1138 1056//1140 1055//1139 
f 1044//977 1056//1140 1222//1138 
f 1057//1141 1104//978 1216//1130 
f 1104//978 1222//1138 1223//1142 
f 1058//1143 1054//1136 1220//1135 
f 1222//1138 1221//1137 1224//1144 
f 1221//1137 1220//1135 1219//1133 
f 1225//1145 1059//1146 1060//1147 
f 1060//1147 1226//1148 1225//1145 
f 1061//1149 1059//1146 1225//1145 
f 1062//1150 1050//1126 1214//1125 
f 1219//1133 1218//1132 1227//1151 
f 1223//1142 1224//1144 1228//1152 
f 1216//1130 1223//1142 1229//1153 
f 1063//1154 1217//1131 1212//1123 
f 1217//1131 1229//1153 1230//1155 
f 1219//1133 1231//1156 1228//1152 
f 1231//1156 1232//1157 1228//1152 
f 1229//1153 1228//1152 1232//1157 
f 1225//1145 1226//1148 1233//1158 
f 1218//1132 1225//1145 1234//1159 
f 1226//1148 1214//1125 1235//1160 
f 1236//1161 1064//1162 1065//1163 
f 1065//1163 1237//1164 1236//1161 
f 1066//1165 1238//1166 1239//1167 
f 1238//1166 1240//1168 1239//1167 
f 1239//1167 1067//1169 1066//1165 
f 1239//1167 1215//1128 1068//1170 
f 1214//1125 1215//1128 1241//1171 
f 1240//1168 1241//1171 1215//1128 
f 1236//1161 1238//1166 1069//1172 
f 1242//1173 1070//1174 1071//1175 
f 1071//1175 1243//1176 1242//1173 
f 1242//1173 1237//1164 1072//1177 
f 1103//974 1243//1176 1073//1178 
f 1244//1179 1245//1180 1235//1160 
f 1074//1181 1246//1182 1247//1183 
f 1231//1156 1227//1151 1248//1184 
f 1232//1157 1249//1185 1250//1186 
f 1249//1185 1251//1187 1250//1186 
f 1212//1123 1230//1155 1250//1186 
f 1075//1188 1213//1124 1246//1182 
f 1213//1124 1250//1186 1251//1187 
f 1232//1157 1231//1156 1252//1189 
f 1234//1159 1233//1158 1253//1190 
f 1227//1151 1234//1159 1254//1191 
f 1233//1158 1235//1160 1245//1180 
f 1255//1192 1256//1193 1252//1189 
f 1257//1194 1258//1195 1251//1187 
f 1076//1196 1247//1183 1180//1076 
f 1246//1182 1251//1187 1258//1195 
f 1178//1074 1180//1076 1247//1183 
f 1183//1079 1178//1074 1258//1195 
f 1256//1193 1257//1194 1249//1185 
f 1259//1197 1183//1079 1257//1194 
f 1260//1198 1254//1191 1253//1190 
f 1253//1190 1261//1199 1260//1198 
f 1171//1065 1259//1197 1256//1193 
f 1260//1198 1255//1192 1248//1184 
f 1191//1087 1171//1065 1255//1192 
f 1261//1199 1262//1200 1195//1091 
f 1195//1091 1260//1198 1261//1199 
f 1205//1110 1204//1109 1236//1161 
f 1240//1168 1238//1166 1210//1118 
f 1240//1168 1209//1114 1244//1179 
f 1209//1114 1165//1058 1244//1179 
f 1244//1179 1165//1058 1261//1199 
f 1165//1058 1262//1200 1261//1199 
f 1204//1109 1210//1118 1238//1166 
f 1211//1120 1242//1173 1243//1176 
f 1243//1176 1098//967 1211//1120 
f 1211//1120 1205//1110 1237//1164 
f 1077//1201 1263//1202 1264//1203 
f 1099//968 1098//967 1265//1204 
f 1098//967 1103//974 1265//1204 
f 1078//1205 1079//1206 1266//1207 
f 1266//1207 1267//1208 1078//1205 
f 1268//1209 1080//1210 1081//1211 
f 1265//1204 1042//975 1082//1212 
f 1082//1212 1268//1209 1265//1204 
f 1267//1208 1269//1213 1083//1214 
f 1269//1213 1081//1211 1083//1214 
f 1270//1215 1084//1216 1085//1217 
f 1270//1215 1266//1207 1086//1218 
f 1266//1207 1079//1206 1086//1218 
f 1271//1219 1266//1207 1270//1215 
f 1264//1203 1272//1220 1087//1221 
f 1272//1220 1085//1217 1087//1221 
f 1273//1222 1270//1215 1272//1220 
f 1264//1203 1274//1223 1275//1224 
f 1111//986 1267//1208 1271//1219 
f 1099//968 1268//1209 1269//1213 
f 1113//988 1269//1213 1267//1208 
f 1276//1225 1273//1222 1275//1224 
f 1271//1219 1273//1222 1276//1225 
f 1276//1225 1112//987 1271//1219 
f 1277//1226 1275//1224 1274//1223 
f 1115//990 1276//1225 1277//1226 
f 1116//991 1277//1226 1278//1227 
f 1279//1228 1280//1229 1278//1227 
f 1088//1230 1281//1231 1282//1232 
f 1263//1202 1279//1228 1274//1223 
f 1089//1233 1283//1234 1284//1235 
f 1090//1236 1091//1237 1284//1235 
f 1284//1235 1263//1202 1090//1236 
f 1263//1202 1077//1201 1090//1236 
f 1283//1234 1089//1233 1092//1238 
f 1092//1238 1282//1232 1283//1234 
f 1285//1239 1284//1235 1283//1234 
f 1282//1232 1286//1240 1287//1241 
f 1285//1239 1287//1241 1288//1242 
f 1288//1242 1289//1243 1285//1239 
f 1285//1239 1289//1243 1279//1228 
f 1288//1242 1287//1241 1286//1240 
f 1290//1244 1288//1242 1291//1245 
f 1292//1246 1293//1247 1291//1245 
f 1093//1248 1294//1249 1295//1250 
f 1281//1231 1088//1230 1094//1251 
f 1094//1251 1295//1250 1281//1231 
f 1281//1231 1292//1246 1286//1240 
f 1295//1250 1296//1252 1292//1246 
f 393//1253 407//1254 1294//1249 
f 1294//1249 1297//1255 1296//1252 
f 407//1254 402//1256 1297//1255 
f 1297//1255 1298//1257 1299//1258 
f 1296//1252 1299//1258 1293//1247 
f 1293//1247 1300//1259 1301//1260 
f 1299//1258 1302//1261 1300//1259 
f 402//1256 413//1262 1298//1257 
f 1298//1257 1303//1263 1302//1261 
f 413//1262 399//1264 1303//1263 
f 1304//1265 1301//1260 1300//1259 
f 1289//1243 1290//1244 1305//1266 
f 1305//1266 1306//1267 1289//1243 
f 1289//1243 1306//1267 1280//1229 
f 1109//984 1278//1227 1280//1229 
f 1306//1267 1128//1003 1108//983 
f 1307//1268 1129//1004 1128//1003 
f 1305//1266 1290//1244 1301//1260 
f 1307//1268 1305//1266 1304//1265 
f 1307//1268 1308//1269 1309//1270 
f 1309//1270 1129//1004 1307//1268 
f 1309//1270 1308//1269 1310//1271 
f 1303//1263 1311//1272 1312//1273 
f 1302//1261 1312//1273 1313//1274 
f 1308//1269 1304//1265 1313//1274 
f 1312//1273 1314//1275 1310//1271 
f 399//1264 425//1276 1311//1272 
f 1311//1272 1315//1277 1314//1275 
f 425//1276 424//1278 1315//1277 
f 1315//1277 1316//1279 1317//1280 
f 1126//1001 1309//1270 1318//1281 
f 1318//1281 1310//1271 1314//1275 
f 1127//1002 1318//1281 1317//1280 
f 1133//1008 1317//1280 1316//1279 
f 424//1278 426//1282 1316//1279 
f 426//1282 390//1015 1134//1009 
f 1134//1009 1316//1279 426//1282 
f 1316//1279 1315//1277 424//1278 
f 1316//1279 1134//1009 1133//1008 
f 1317//1280 1133//1008 1127//1002 
f 1314//1275 1317//1280 1318//1281 
f 1318//1281 1127//1002 1126//1001 
f 1317//1280 1314//1275 1315//1277 
f 1315//1277 1311//1272 425//1276 
f 1314//1275 1312//1273 1311//1272 
f 1311//1272 1303//1263 399//1264 
f 1310//1271 1313//1274 1312//1273 
f 1313//1274 1310//1271 1308//1269 
f 1313//1274 1300//1259 1302//1261 
f 1312//1273 1302//1261 1303//1263 
f 1310//1271 1318//1281 1309//1270 
f 1309//1270 1126//1001 1129//1004 
f 1304//1265 1308//1269 1307//1268 
f 1301//1260 1304//1265 1305//1266 
f 1128//1003 1306//1267 1307//1268 
f 1108//983 1280//1229 1306//1267 
f 1280//1229 1108//983 1109//984 
f 1280//1229 1279//1228 1289//1243 
f 1305//1266 1307//1268 1306//1267 
f 1300//1259 1313//1274 1304//1265 
f 1303//1263 1298//1257 413//1262 
f 1302//1261 1299//1258 1298//1257 
f 1298//1257 1297//1255 402//1256 
f 1300//1259 1293//1247 1299//1258 
f 1301//1260 1291//1245 1293//1247 
f 1293//1247 1292//1246 1296//1252 
f 1299//1258 1296//1252 1297//1255 
f 1297//1255 1294//1249 407//1254 
f 1296//1252 1295//1250 1294//1249 
f 1294//1249 1093//1248 393//1253 
f 1292//1246 1281//1231 1295//1250 
f 1286//1240 1282//1232 1281//1231 
f 1094//1251 1095//1283 1295//1250 
f 1295//1250 1095//1283 1093//1248 
f 1291//1245 1286//1240 1292//1246 
f 1291//1245 1301//1260 1290//1244 
f 1286//1240 1291//1245 1288//1242 
f 1279//1228 1263//1202 1285//1239 
f 1288//1242 1290//1244 1289//1243 
f 1287//1241 1283//1234 1282//1232 
f 1283//1234 1287//1241 1285//1239 
f 1092//1238 1096//1284 1282//1232 
f 1284//1235 1285//1239 1263//1202 
f 1284//1235 1091//1237 1089//1233 
f 1274//1223 1264//1203 1263//1202 
f 1282//1232 1096//1284 1088//1230 
f 1278//1227 1274//1223 1279//1228 
f 1278//1227 1109//984 1116//991 
f 1277//1226 1116//991 1115//990 
f 1274//1223 1278//1227 1277//1226 
f 1276//1225 1115//990 1112//987 
f 1275//1224 1277//1226 1276//1225 
f 1267//1208 1111//986 1113//988 
f 1269//1213 1113//988 1099//968 
f 1271//1219 1112//987 1111//986 
f 1275//1224 1272//1220 1264//1203 
f 1272//1220 1275//1224 1273//1222 
f 1087//1221 1097//1285 1264//1203 
f 1270//1215 1273//1222 1271//1219 
f 1086//1218 1084//1216 1270//1215 
f 1085//1217 1272//1220 1270//1215 
f 1083//1214 1078//1205 1267//1208 
f 1082//1212 1080//1210 1268//1209 
f 1081//1211 1269//1213 1268//1209 
f 1266//1207 1271//1219 1267//1208 
f 1265//1204 1268//1209 1099//968 
f 1264//1203 1097//1285 1077//1201 
f 1237//1164 1242//1173 1211//1120 
f 1243//1176 1103//974 1098//967 
f 1238//1166 1236//1161 1204//1109 
f 1261//1199 1245//1180 1244//1179 
f 1244//1179 1241//1171 1240//1168 
f 1210//1118 1209//1114 1240//1168 
f 1236//1161 1237//1164 1205//1110 
f 1195//1091 1191//1087 1260//1198 
f 1255//1192 1260//1198 1191//1087 
f 1248//1184 1254//1191 1260//1198 
f 1256//1193 1255//1192 1171//1065 
f 1253//1190 1245//1180 1261//1199 
f 1257//1194 1256//1193 1259//1197 
f 1249//1185 1252//1189 1256//1193 
f 1258//1195 1257//1194 1183//1079 
f 1247//1183 1258//1195 1178//1074 
f 1258//1195 1247//1183 1246//1182 
f 1180//1076 1040//973 1076//1196 
f 1251//1187 1249//1185 1257//1194 
f 1252//1189 1248//1184 1255//1192 
f 1245//1180 1253//1190 1233//1158 
f 1254//1191 1248//1184 1227//1151 
f 1253//1190 1254//1191 1234//1159 
f 1252//1189 1249//1185 1232//1157 
f 1251//1187 1246//1182 1213//1124 
f 1246//1182 1074//1181 1075//1188 
f 1250//1186 1213//1124 1212//1123 
f 1250//1186 1230//1155 1232//1157 
f 1248//1184 1252//1189 1231//1156 
f 1247//1183 1076//1196 1074//1181 
f 1235//1160 1241//1171 1244//1179 
f 1073//1178 1041//974 1103//974 
f 1072//1177 1070//1174 1242//1173 
f 1071//1175 1073//1178 1243//1176 
f 1069//1172 1064//1162 1236//1161 
f 1215//1128 1239//1167 1240//1168 
f 1241//1171 1235//1160 1214//1125 
f 1068//1170 1067//1169 1239//1167 
f 1066//1165 1069//1172 1238//1166 
f 1065//1163 1072//1177 1237//1164 
f 1235//1160 1233//1158 1226//1148 
f 1234//1159 1227//1151 1218//1132 
f 1233//1158 1234//1159 1225//1145 
f 1232//1157 1230//1155 1229//1153 
f 1228//1152 1224//1144 1219//1133 
f 1230//1155 1212//1123 1217//1131 
f 1212//1123 1049//1122 1063//1154 
f 1229//1153 1217//1131 1216//1130 
f 1228//1152 1229//1153 1223//1142 
f 1227//1151 1231//1156 1219//1133 
f 1214//1125 1226//1148 1062//1150 
f 1225//1145 1218//1132 1061//1149 
f 1060//1147 1062//1150 1226//1148 
f 1219//1133 1224//1144 1221//1137 
f 1224//1144 1223//1142 1222//1138 
f 1220//1135 1221//1137 1058//1143 
f 1223//1142 1216//1130 1104//978 
f 1216//1130 1052//1129 1057//1141 
f 1222//1138 1104//978 1044//977 
f 1055//1139 1058//1143 1221//1137 
f 1053//1134 1061//1149 1218//1132 
f 1217//1131 1063//1154 1052//1129 
f 1051//1127 1068//1170 1215//1128 
f 1213//1124 1075//1188 1049//1122 
f 1203//1108 1206//1111 693//1121 
f 1211//1120 1098//967 1101//970 
f 1207//1112 1203//1108 697//1119 
f 1210//1118 1204//1109 1203//1108 
f 1208//1113 1207//1112 671//1117 
f 1166//1059 1208//1113 670//1116 
f 1208//1113 1166//1059 1165//1058 
f 1202//1106 1168//1061 1166//1059 
f 1209//1114 1210//1118 1207//1112 
f 1205//1110 1211//1120 1206//1111 
f 1200//1101 1202//1106 678//1107 
f 1194//1090 1168//1061 1202//1106 
f 1201//1102 1200//1101 679//1105 
f 1196//1092 1201//1102 681//1104 
f 1192//1088 1193//1089 1201//1102 
f 1197//1093 1196//1092 683//1103 
f 1193//1089 1194//1090 1200//1101 
f 1198//1094 1197//1093 686//1100 
f 1188//1084 1187//1083 1197//1093 
f 1199//1097 1198//1094 688//1099 
f 1170//1064 1199//1097 691//1098 
f 1199//1097 1170//1064 1169//1063 
f 692//1096 696//1286 1048//1095 
f 1198//1094 1199//1097 1186//1082 
f 1187//1083 1192//1088 1196//1092 
f 1189//1085 1167//1060 1168//1061 
f 1195//1091 1262//1200 1167//1060 
f 1190//1086 1189//1085 1194//1090 
f 1172//1066 1190//1086 1193//1089 
f 1190//1086 1172//1066 1171//1065 
f 1185//1081 1174//1068 1172//1066 
f 1191//1087 1195//1091 1189//1085 
f 1188//1084 1186//1082 1184//1080 
f 1179//1075 1181//1077 1184//1080 
f 1175//1069 1184//1080 1186//1082 
f 1182//1078 1174//1068 1185//1081 
f 1176//1072 1173//1067 1174//1068 
f 1183//1079 1259//1197 1173//1067 
f 1177//1073 1176//1072 1182//1078 
f 1102//971 1177//1073 1181//1077 
f 1180//1076 1178//1074 1177//1073 
f 1039//972 1102//971 1179//1075 
f 1178//1074 1183//1079 1176//1072 
f 1047//1071 1179//1075 1175//1069 
f 1173//1067 1259//1197 1171//1065 
f 1170//1064 1048//1095 1045//1062 
f 1167//1060 1262//1200 1165//1058 
f 695//1057 1162//1048 398//1055 
f 1162//1048 1152//1030 395//1054 
f 1162//1048 695//1057 694//1053 
f 1163//1049 694//1053 698//1052 
f 1164//1051 1149//1026 1150//1027 
f 1164//1051 698//1052 675//1050 
f 1163//1049 1150//1027 1152//1030 
f 1158//1041 675//1050 674//1047 
f 1146//1023 1158//1041 1161//1046 
f 1161//1046 674//1047 677//1045 
f 1159//1042 677//1045 680//1044 
f 1144//1021 1159//1042 1160//1043 
f 1160//1043 680//1044 684//1038 
f 1145//1022 1161//1046 1159//1042 
f 1149//1026 1164//1051 1158//1041 
f 1154//1033 1153//1032 1157//1040 
f 1157//1040 1153//1032 684//1038 
f 1156//1036 685//1039 687//1037 
f 1123//998 1157//1040 1156//1036 
f 1155//1034 687//1037 689//1035 
f 1117//992 1156//1036 1155//1034 
f 1143//1020 1160//1043 1153//1032 
f 396//1031 395//1054 1152//1030 
f 397//1029 396//1031 1151//1028 
f 1151//1028 1152//1030 1150//1027 
f 1147//1024 1150//1027 1149//1026 
f 1138//1013 1147//1024 1148//1025 
f 1148//1025 1149//1026 1146//1023 
f 1140//1016 1151//1028 1147//1024 
f 1145//1022 1144//1021 1142//1019 
f 1143//1020 1154//1033 1122//997 
f 1131//1006 1135//1010 1141//1018 
f 1137//1012 1148//1025 1141//1018 
f 389//1017 397//1029 1140//1016 
f 390//1015 389//1017 1139//1014 
f 1139//1014 1140//1016 1138//1013 
f 1132//1007 1138//1013 1137//1012 
f 1133//1008 1132//1007 1136//1011 
f 1136//1011 1137//1012 1135//1010 
f 1134//1009 1139//1014 1132//1007 
f 1125//1000 1135//1010 1131//1006 
f 1126//1001 1125//1000 1130//1005 
f 1130//1005 1131//1006 1124//999 
f 1106//981 1124//999 1121//996 
f 1129//1004 1130//1005 1106//981 
f 1127//1002 1136//1011 1125//1000 
f 1124//999 1142//1019 1122//997 
f 1122//997 1154//1033 1123//998 
f 1107//982 1121//996 1120//995 
f 1120//995 1123//998 1117//992 
f 1115//990 1114//989 1119//994 
f 1119//994 1114//989 1117//992 
f 1116//991 1120//995 1114//989 
f 1110//985 1118//993 1105//980 
f 1113//988 1111//986 1110//985 
f 1112//987 1119//994 1110//985 
f 1108//983 1128//1003 1106//981 
f 1105//980 689//1035 690//979 
f 1104//978 1057//1141 1043//976 
f 1042//975 1265//1204 1103//974 
f 1040//973 1180//1076 1102//971 
f 1100//969 1105//980 1101//970 
o mesh10
f 1378//1287 1379//1288 1380//1289 
f 1380//1289 1381//1290 1378//1287 
f 1382//1291 1319//1292 1320//1293 
f 1383//1294 1321//1294 1322//1295 
f 1323//1296 1324//1297 1384//1298 
f 1014//1299 1381//1290 1385//1300 
f 1386//1301 1387//1302 1388//1303 
f 1387//1302 1389//1304 1388//1303 
f 1390//1305 1391//1306 1392//1307 
f 1390//1305 1380//1289 1393//1308 
f 1380//1289 1379//1288 1393//1308 
f 1385//1300 1380//1289 1390//1305 
f 1394//1309 1395//1310 1396//1311 
f 1397//1312 1398//1313 1399//1314 
f 1398//1313 1390//1305 1399//1314 
f 1399//1314 1392//1307 1395//1310 
f 1397//1312 1394//1309 1400//1315 
f 1396//1311 1389//1304 1387//1302 
f 1387//1302 1400//1315 1396//1311 
f 1400//1315 1401//1316 1402//1317 
f 1402//1317 1403//1318 1400//1315 
f 1402//1317 1401//1316 1404//1319 
f 1405//1320 1406//1321 1407//1322 
f 1386//1301 1408//1323 1409//1324 
f 1401//1316 1387//1302 1386//1301 
f 1404//1319 1386//1301 1410//1325 
f 1410//1325 1409//1324 1406//1321 
f 1411//1326 1410//1325 1405//1320 
f 1412//1327 1413//1328 1414//1329 
f 1415//1330 1405//1320 1416//1331 
f 1416//1331 1407//1322 1413//1328 
f 1417//1332 1416//1331 1412//1327 
f 1418//1333 1412//1327 1419//1334 
f 1419//1334 1414//1329 1040//1335 
f 1420//1336 1419//1334 1039//1337 
f 1421//1338 1415//1330 1417//1332 
f 1421//1338 1422//1339 1411//1326 
f 1422//1339 1404//1319 1411//1326 
f 1402//1317 1422//1339 1423//1340 
f 1422//1339 1424//1341 1423//1340 
f 1422//1339 1421//1338 1425//1342 
f 1421//1338 1426//1343 1425//1342 
f 1427//1344 1418//1333 1420//1336 
f 1426//1343 1421//1338 1428//1345 
f 1428//1345 1417//1332 1418//1333 
f 1429//1346 1428//1345 1427//1344 
f 1430//1347 1427//1344 1431//1348 
f 1431//1348 1420//1336 1047//1349 
f 1432//1350 1431//1348 1046//1351 
f 1433//1352 1434//1353 1423//1340 
f 1435//1354 1398//1313 1397//1312 
f 1385//1300 1398//1313 1435//1354 
f 1435//1354 1015//1355 1385//1300 
f 1436//1356 1397//1312 1403//1318 
f 1038//1357 1435//1354 1436//1356 
f 1032//1358 1036//1359 1437//1360 
f 1036//1359 1436//1356 1437//1360 
f 1437//1360 1403//1318 1434//1353 
f 1438//1361 1426//1343 1429//1346 
f 1439//1362 1424//1341 1425//1342 
f 1032//1358 1433//1352 1440//1363 
f 1440//1363 1423//1340 1424//1341 
f 1029//1364 1440//1363 1439//1362 
f 1022//1365 1439//1362 1441//1366 
f 1441//1366 1425//1342 1426//1343 
f 1021//1367 1441//1366 1438//1361 
f 1432//1350 1442//1368 1443//1369 
f 1019//1370 1438//1361 1444//1371 
f 1430//1347 1443//1369 1444//1371 
f 1018//1372 1444//1371 1443//1369 
f 1011//1373 1443//1369 1442//1368 
f 1045//1374 1048//1375 1442//1368 
f 1048//1375 696//1376 1012//1377 
f 1445//1378 1446//1379 1447//1380 
f 1446//1379 1448//1381 1447//1380 
f 1325//1382 1449//1383 1450//1384 
f 1451//1385 1452//1386 1453//1387 
f 1452//1386 1454//1388 1453//1387 
f 1455//1389 1326//1390 1327//1391 
f 1456//1392 1457//1393 1458//1394 
f 1459//1395 1327//1391 1319//1292 
f 1457//1393 1382//1291 1460//1396 
f 1461//1397 1459//1395 1382//1291 
f 1462//1398 1461//1397 1457//1393 
f 1453//1387 1456//1392 1463//1399 
f 1454//1388 1462//1398 1456//1392 
f 1464//1400 1461//1397 1462//1398 
f 1462//1398 1465//1401 1464//1400 
f 1466//1402 1449//1383 1455//1389 
f 1449//1383 1325//1382 1326//1390 
f 1326//1390 1455//1389 1449//1383 
f 1464//1400 1455//1389 1459//1395 
f 1465//1401 1467//1403 1468//1404 
f 1468//1404 1464//1400 1465//1401 
f 1469//1405 1470//1406 1471//1407 
f 1452//1386 1472//1408 1465//1401 
f 1472//1408 1467//1403 1465//1401 
f 1451//1385 1471//1407 1470//1406 
f 1473//1409 1472//1408 1452//1386 
f 1474//1410 1473//1409 1470//1406 
f 1447//1380 1469//1405 1475//1411 
f 1448//1381 1474//1410 1469//1405 
f 1476//1412 1477//1413 1467//1403 
f 1466//1402 1468//1404 1478//1414 
f 1328//1415 1450//1384 1033//1416 
f 1449//1383 1466//1402 1479//1417 
f 1037//1418 1033//1416 1450//1384 
f 1034//1419 1037//1418 1479//1417 
f 1477//1413 1478//1414 1468//1404 
f 1030//1420 1034//1419 1478//1414 
f 1480//1421 1481//1422 1473//1409 
f 1026//1423 1030//1420 1477//1413 
f 1481//1422 1476//1412 1472//1408 
f 1023//1424 1026//1423 1476//1412 
f 1024//1425 1023//1424 1481//1422 
f 1482//1426 1480//1421 1474//1410 
f 1035//1427 1024//1425 1480//1421 
f 1483//1428 1484//1429 1485//1430 
f 1485//1430 1486//1431 1483//1428 
f 1487//1432 1488//1433 1489//1434 
f 1446//1379 1031//1435 1482//1426 
f 1031//1435 1035//1427 1482//1426 
f 1445//1378 1489//1434 1488//1433 
f 1028//1436 1031//1435 1446//1379 
f 1027//1437 1028//1436 1488//1433 
f 1483//1428 1487//1432 1490//1438 
f 1020//1439 1027//1437 1487//1432 
f 1381//1290 1486//1431 1491//1440 
f 1014//1299 1017//1441 1486//1431 
f 1486//1431 1381//1290 1014//1299 
f 1017//1441 1020//1439 1483//1428 
f 1329//1442 1492//1443 1493//1444 
f 1494//1445 1330//1446 1331//1447 
f 1331//1447 1495//1448 1494//1445 
f 1332//1449 1496//1450 1497//1451 
f 1498//1452 1499//1453 1333//1454 
f 1333//1454 1499//1453 1500//1455 
f 1500//1455 1334//1456 1333//1454 
f 1501//1457 1502//1458 1335//1459 
f 1502//1458 1336//1460 1335//1459 
f 1324//1297 1336//1460 1502//1458 
f 1337//1461 1384//1298 1496//1450 
f 1384//1298 1502//1458 1503//1462 
f 1338//1463 1334//1456 1500//1455 
f 1502//1458 1501//1457 1504//1464 
f 1501//1457 1500//1455 1499//1453 
f 1505//1465 1339//1466 1340//1467 
f 1340//1467 1506//1468 1505//1465 
f 1341//1469 1339//1466 1505//1465 
f 1342//1470 1330//1446 1494//1445 
f 1499//1453 1498//1452 1507//1471 
f 1503//1462 1504//1464 1508//1472 
f 1496//1450 1503//1462 1509//1473 
f 1343//1474 1497//1451 1492//1443 
f 1497//1451 1509//1473 1510//1475 
f 1499//1453 1511//1476 1508//1472 
f 1511//1476 1512//1477 1508//1472 
f 1509//1473 1508//1472 1512//1477 
f 1505//1465 1506//1468 1513//1478 
f 1498//1452 1505//1465 1514//1479 
f 1506//1468 1494//1445 1515//1480 
f 1516//1481 1344//1482 1345//1483 
f 1345//1483 1517//1484 1516//1481 
f 1346//1485 1518//1486 1519//1487 
f 1518//1486 1520//1488 1519//1487 
f 1519//1487 1347//1489 1346//1485 
f 1519//1487 1495//1448 1348//1490 
f 1494//1445 1495//1448 1521//1491 
f 1520//1488 1521//1491 1495//1448 
f 1516//1481 1518//1486 1349//1492 
f 1522//1493 1350//1494 1351//1495 
f 1351//1495 1523//1496 1522//1493 
f 1522//1493 1517//1484 1352//1497 
f 1383//1294 1523//1496 1353//1498 
f 1524//1499 1525//1500 1515//1480 
f 1354//1501 1526//1502 1527//1503 
f 1511//1476 1507//1471 1528//1504 
f 1512//1477 1529//1505 1530//1506 
f 1529//1505 1531//1507 1530//1506 
f 1492//1443 1510//1475 1530//1506 
f 1355//1508 1493//1444 1526//1502 
f 1493//1444 1530//1506 1531//1507 
f 1512//1477 1511//1476 1532//1509 
f 1514//1479 1513//1478 1533//1510 
f 1507//1471 1514//1479 1534//1511 
f 1513//1478 1515//1480 1525//1500 
f 1535//1512 1536//1513 1532//1509 
f 1537//1514 1538//1515 1531//1507 
f 1356//1516 1527//1503 1460//1396 
f 1526//1502 1531//1507 1538//1515 
f 1458//1394 1460//1396 1527//1503 
f 1463//1399 1458//1394 1538//1515 
f 1536//1513 1537//1514 1529//1505 
f 1539//1517 1463//1399 1537//1514 
f 1540//1518 1534//1511 1533//1510 
f 1533//1510 1541//1519 1540//1518 
f 1451//1385 1539//1517 1536//1513 
f 1540//1518 1535//1512 1528//1504 
f 1471//1407 1451//1385 1535//1512 
f 1541//1519 1542//1520 1475//1411 
f 1475//1411 1540//1518 1541//1519 
f 1485//1430 1484//1429 1516//1481 
f 1520//1488 1518//1486 1490//1438 
f 1520//1488 1489//1434 1524//1499 
f 1489//1434 1445//1378 1524//1499 
f 1524//1499 1445//1378 1541//1519 
f 1445//1378 1542//1520 1541//1519 
f 1484//1429 1490//1438 1518//1486 
f 1491//1440 1522//1493 1523//1496 
f 1523//1496 1378//1287 1491//1440 
f 1491//1440 1485//1430 1517//1484 
f 1357//1521 1543//1522 1544//1523 
f 1379//1288 1378//1287 1545//1524 
f 1378//1287 1383//1294 1545//1524 
f 1358//1525 1359//1526 1546//1527 
f 1546//1527 1547//1528 1358//1525 
f 1548//1529 1360//1530 1361//1531 
f 1545//1524 1322//1295 1362//1532 
f 1362//1532 1548//1529 1545//1524 
f 1547//1528 1549//1533 1363//1534 
f 1549//1533 1361//1531 1363//1534 
f 1550//1535 1364//1536 1365//1537 
f 1550//1535 1546//1527 1366//1538 
f 1546//1527 1359//1526 1366//1538 
f 1551//1539 1546//1527 1550//1535 
f 1544//1523 1552//1540 1367//1541 
f 1552//1540 1365//1537 1367//1541 
f 1553//1542 1550//1535 1552//1540 
f 1544//1523 1554//1543 1555//1544 
f 1391//1306 1547//1528 1551//1539 
f 1379//1288 1548//1529 1549//1533 
f 1393//1308 1549//1533 1547//1528 
f 1556//1545 1553//1542 1555//1544 
f 1551//1539 1553//1542 1556//1545 
f 1556//1545 1392//1307 1551//1539 
f 1557//1546 1555//1544 1554//1543 
f 1395//1310 1556//1545 1557//1546 
f 1396//1311 1557//1546 1558//1547 
f 1559//1548 1560//1549 1558//1547 
f 1368//1550 1561//1551 1562//1552 
f 1543//1522 1559//1548 1554//1543 
f 1369//1553 1563//1554 1564//1555 
f 1370//1556 1371//1557 1564//1555 
f 1564//1555 1543//1522 1370//1556 
f 1543//1522 1357//1521 1370//1556 
f 1563//1554 1369//1553 1372//1558 
f 1372//1558 1562//1552 1563//1554 
f 1565//1559 1564//1555 1563//1554 
f 1562//1552 1566//1560 1567//1561 
f 1565//1559 1567//1561 1568//1562 
f 1568//1562 1569//1563 1565//1559 
f 1565//1559 1569//1563 1559//1548 
f 1568//1562 1567//1561 1566//1560 
f 1570//1564 1568//1562 1571//1565 
f 1572//1566 1573//1567 1571//1565 
f 1373//1568 1574//1569 1575//1570 
f 1561//1551 1368//1550 1374//1571 
f 1374//1571 1575//1570 1561//1551 
f 1561//1551 1572//1566 1566//1560 
f 1575//1570 1576//1572 1572//1566 
f 1043//1573 1057//1574 1574//1569 
f 1574//1569 1577//1575 1576//1572 
f 1057//1574 1052//1576 1577//1575 
f 1577//1575 1578//1577 1579//1578 
f 1576//1572 1579//1578 1573//1567 
f 1573//1567 1580//1579 1581//1580 
f 1579//1578 1582//1581 1580//1579 
f 1052//1576 1063//1582 1578//1577 
f 1578//1577 1583//1583 1582//1581 
f 1063//1582 1049//1584 1583//1583 
f 1584//1585 1581//1580 1580//1579 
f 1569//1563 1570//1564 1585//1586 
f 1585//1586 1586//1587 1569//1563 
f 1569//1563 1586//1587 1560//1549 
f 1389//1304 1558//1547 1560//1549 
f 1586//1587 1408//1323 1388//1303 
f 1587//1588 1409//1324 1408//1323 
f 1585//1586 1570//1564 1581//1580 
f 1587//1588 1585//1586 1584//1585 
f 1587//1588 1588//1589 1589//1590 
f 1589//1590 1409//1324 1587//1588 
f 1589//1590 1588//1589 1590//1591 
f 1583//1583 1591//1592 1592//1593 
f 1582//1581 1592//1593 1593//1594 
f 1588//1589 1584//1585 1593//1594 
f 1592//1593 1594//1595 1590//1591 
f 1049//1584 1075//1596 1591//1592 
f 1591//1592 1595//1597 1594//1595 
f 1075//1596 1074//1598 1595//1597 
f 1595//1597 1596//1599 1597//1600 
f 1406//1321 1589//1590 1598//1601 
f 1598//1601 1590//1591 1594//1595 
f 1407//1322 1598//1601 1597//1600 
f 1413//1328 1597//1600 1596//1599 
f 1074//1598 1076//1602 1596//1599 
f 1076//1602 1040//1335 1414//1329 
f 1414//1329 1596//1599 1076//1602 
f 1596//1599 1595//1597 1074//1598 
f 1596//1599 1414//1329 1413//1328 
f 1597//1600 1413//1328 1407//1322 
f 1594//1595 1597//1600 1598//1601 
f 1598//1601 1407//1322 1406//1321 
f 1597//1600 1594//1595 1595//1597 
f 1595//1597 1591//1592 1075//1596 
f 1594//1595 1592//1593 1591//1592 
f 1591//1592 1583//1583 1049//1584 
f 1590//1591 1593//1594 1592//1593 
f 1593//1594 1590//1591 1588//1589 
f 1593//1594 1580//1579 1582//1581 
f 1592//1593 1582//1581 1583//1583 
f 1590//1591 1598//1601 1589//1590 
f 1589//1590 1406//1321 1409//1324 
f 1584//1585 1588//1589 1587//1588 
f 1581//1580 1584//1585 1585//1586 
f 1408//1323 1586//1587 1587//1588 
f 1388//1303 1560//1549 1586//1587 
f 1560//1549 1388//1303 1389//1304 
f 1560//1549 1559//1548 1569//1563 
f 1585//1586 1587//1588 1586//1587 
f 1580//1579 1593//1594 1584//1585 
f 1583//1583 1578//1577 1063//1582 
f 1582//1581 1579//1578 1578//1577 
f 1578//1577 1577//1575 1052//1576 
f 1580//1579 1573//1567 1579//1578 
f 1581//1580 1571//1565 1573//1567 
f 1573//1567 1572//1566 1576//1572 
f 1579//1578 1576//1572 1577//1575 
f 1577//1575 1574//1569 1057//1574 
f 1576//1572 1575//1570 1574//1569 
f 1574//1569 1373//1568 1043//1573 
f 1572//1566 1561//1551 1575//1570 
f 1566//1560 1562//1552 1561//1551 
f 1374//1571 1375//1603 1575//1570 
f 1575//1570 1375//1603 1373//1568 
f 1571//1565 1566//1560 1572//1566 
f 1571//1565 1581//1580 1570//1564 
f 1566//1560 1571//1565 1568//1562 
f 1559//1548 1543//1522 1565//1559 
f 1568//1562 1570//1564 1569//1563 
f 1567//1561 1563//1554 1562//1552 
f 1563//1554 1567//1561 1565//1559 
f 1372//1558 1376//1604 1562//1552 
f 1564//1555 1565//1559 1543//1522 
f 1564//1555 1371//1557 1369//1553 
f 1554//1543 1544//1523 1543//1522 
f 1562//1552 1376//1604 1368//1550 
f 1558//1547 1554//1543 1559//1548 
f 1558//1547 1389//1304 1396//1311 
f 1557//1546 1396//1311 1395//1310 
f 1554//1543 1558//1547 1557//1546 
f 1556//1545 1395//1310 1392//1307 
f 1555//1544 1557//1546 1556//1545 
f 1547//1528 1391//1306 1393//1308 
f 1549//1533 1393//1308 1379//1288 
f 1551//1539 1392//1307 1391//1306 
f 1555//1544 1552//1540 1544//1523 
f 1552//1540 1555//1544 1553//1542 
f 1367//1541 1377//1605 1544//1523 
f 1550//1535 1553//1542 1551//1539 
f 1366//1538 1364//1536 1550//1535 
f 1365//1537 1552//1540 1550//1535 
f 1363//1534 1358//1525 1547//1528 
f 1362//1532 1360//1530 1548//1529 
f 1361//1531 1549//1533 1548//1529 
f 1546//1527 1551//1539 1547//1528 
f 1545//1524 1548//1529 1379//1288 
f 1544//1523 1377//1605 1357//1521 
f 1517//1484 1522//1493 1491//1440 
f 1523//1496 1383//1294 1378//1287 
f 1518//1486 1516//1481 1484//1429 
f 1541//1519 1525//1500 1524//1499 
f 1524//1499 1521//1491 1520//1488 
f 1490//1438 1489//1434 1520//1488 
f 1516//1481 1517//1484 1485//1430 
f 1475//1411 1471//1407 1540//1518 
f 1535//1512 1540//1518 1471//1407 
f 1528//1504 1534//1511 1540//1518 
f 1536//1513 1535//1512 1451//1385 
f 1533//1510 1525//1500 1541//1519 
f 1537//1514 1536//1513 1539//1517 
f 1529//1505 1532//1509 1536//1513 
f 1538//1515 1537//1514 1463//1399 
f 1527//1503 1538//1515 1458//1394 
f 1538//1515 1527//1503 1526//1502 
f 1460//1396 1320//1293 1356//1516 
f 1531//1507 1529//1505 1537//1514 
f 1532//1509 1528//1504 1535//1512 
f 1525//1500 1533//1510 1513//1478 
f 1534//1511 1528//1504 1507//1471 
f 1533//1510 1534//1511 1514//1479 
f 1532//1509 1529//1505 1512//1477 
f 1531//1507 1526//1502 1493//1444 
f 1526//1502 1354//1501 1355//1508 
f 1530//1506 1493//1444 1492//1443 
f 1530//1506 1510//1475 1512//1477 
f 1528//1504 1532//1509 1511//1476 
f 1527//1503 1356//1516 1354//1501 
f 1515//1480 1521//1491 1524//1499 
f 1353//1498 1321//1294 1383//1294 
f 1352//1497 1350//1494 1522//1493 
f 1351//1495 1353//1498 1523//1496 
f 1349//1492 1344//1482 1516//1481 
f 1495//1448 1519//1487 1520//1488 
f 1521//1491 1515//1480 1494//1445 
f 1348//1490 1347//1489 1519//1487 
f 1346//1485 1349//1492 1518//1486 
f 1345//1483 1352//1497 1517//1484 
f 1515//1480 1513//1478 1506//1468 
f 1514//1479 1507//1471 1498//1452 
f 1513//1478 1514//1479 1505//1465 
f 1512//1477 1510//1475 1509//1473 
f 1508//1472 1504//1464 1499//1453 
f 1510//1475 1492//1443 1497//1451 
f 1492//1443 1329//1442 1343//1474 
f 1509//1473 1497//1451 1496//1450 
f 1508//1472 1509//1473 1503//1462 
f 1507//1471 1511//1476 1499//1453 
f 1494//1445 1506//1468 1342//1470 
f 1505//1465 1498//1452 1341//1469 
f 1340//1467 1342//1470 1506//1468 
f 1499//1453 1504//1464 1501//1457 
f 1504//1464 1503//1462 1502//1458 
f 1500//1455 1501//1457 1338//1463 
f 1503//1462 1496//1450 1384//1298 
f 1496//1450 1332//1449 1337//1461 
f 1502//1458 1384//1298 1324//1297 
f 1335//1459 1338//1463 1501//1457 
f 1333//1454 1341//1469 1498//1452 
f 1497//1451 1343//1474 1332//1449 
f 1331//1447 1348//1490 1495//1448 
f 1493//1444 1355//1508 1329//1442 
f 1483//1428 1486//1431 1017//1441 
f 1491//1440 1378//1287 1381//1290 
f 1487//1432 1483//1428 1020//1439 
f 1490//1438 1484//1429 1483//1428 
f 1488//1433 1487//1432 1027//1437 
f 1446//1379 1488//1433 1028//1436 
f 1488//1433 1446//1379 1445//1378 
f 1482//1426 1448//1381 1446//1379 
f 1489//1434 1490//1438 1487//1432 
f 1485//1430 1491//1440 1486//1431 
f 1480//1421 1482//1426 1035//1427 
f 1474//1410 1448//1381 1482//1426 
f 1481//1422 1480//1421 1024//1425 
f 1476//1412 1481//1422 1023//1424 
f 1472//1408 1473//1409 1481//1422 
f 1477//1413 1476//1412 1026//1423 
f 1473//1409 1474//1410 1480//1421 
f 1478//1414 1477//1413 1030//1420 
f 1468//1404 1467//1403 1477//1413 
f 1479//1417 1478//1414 1034//1419 
f 1450//1384 1479//1417 1037//1418 
f 1479//1417 1450//1384 1449//1383 
f 1033//1416 730//1606 1328//1415 
f 1478//1414 1479//1417 1466//1402 
f 1467//1403 1472//1408 1476//1412 
f 1469//1405 1447//1380 1448//1381 
f 1475//1411 1542//1520 1447//1380 
f 1470//1406 1469//1405 1474//1410 
f 1452//1386 1470//1406 1473//1409 
f 1470//1406 1452//1386 1451//1385 
f 1465//1401 1454//1388 1452//1386 
f 1471//1407 1475//1411 1469//1405 
f 1468//1404 1466//1402 1464//1400 
f 1459//1395 1461//1397 1464//1400 
f 1455//1389 1464//1400 1466//1402 
f 1462//1398 1454//1388 1465//1401 
f 1456//1392 1453//1387 1454//1388 
f 1463//1399 1539//1517 1453//1387 
f 1457//1393 1456//1392 1462//1398 
f 1382//1291 1457//1393 1461//1397 
f 1460//1396 1458//1394 1457//1393 
f 1319//1292 1382//1291 1459//1395 
f 1458//1394 1463//1399 1456//1392 
f 1327//1391 1459//1395 1455//1389 
f 1453//1387 1539//1517 1451//1385 
f 1450//1384 1328//1415 1325//1382 
f 1447//1380 1542//1520 1445//1378 
f 1012//1377 1442//1368 1048//1375 
f 1442//1368 1432//1350 1045//1374 
f 1442//1368 1012//1377 1011//1373 
f 1443//1369 1011//1373 1018//1372 
f 1444//1371 1429//1346 1430//1347 
f 1444//1371 1018//1372 1019//1370 
f 1443//1369 1430//1347 1432//1350 
f 1438//1361 1019//1370 1021//1367 
f 1426//1343 1438//1361 1441//1366 
f 1441//1366 1021//1367 1022//1365 
f 1439//1362 1022//1365 1029//1364 
f 1424//1341 1439//1362 1440//1363 
f 1440//1363 1029//1364 1032//1358 
f 1425//1342 1441//1366 1439//1362 
f 1429//1346 1444//1371 1438//1361 
f 1434//1353 1433//1352 1437//1360 
f 1437//1360 1433//1352 1032//1358 
f 1436//1356 1036//1359 1038//1357 
f 1403//1318 1437//1360 1436//1356 
f 1435//1354 1038//1357 1015//1355 
f 1397//1312 1436//1356 1435//1354 
f 1423//1340 1440//1363 1433//1352 
f 1046//1351 1045//1374 1432//1350 
f 1047//1349 1046//1351 1431//1348 
f 1431//1348 1432//1350 1430//1347 
f 1427//1344 1430//1347 1429//1346 
f 1418//1333 1427//1344 1428//1345 
f 1428//1345 1429//1346 1426//1343 
f 1420//1336 1431//1348 1427//1344 
f 1425//1342 1424//1341 1422//1339 
f 1423//1340 1434//1353 1402//1317 
f 1411//1326 1415//1330 1421//1338 
f 1417//1332 1428//1345 1421//1338 
f 1039//1337 1047//1349 1420//1336 
f 1040//1335 1039//1337 1419//1334 
f 1419//1334 1420//1336 1418//1333 
f 1412//1327 1418//1333 1417//1332 
f 1413//1328 1412//1327 1416//1331 
f 1416//1331 1417//1332 1415//1330 
f 1414//1329 1419//1334 1412//1327 
f 1405//1320 1415//1330 1411//1326 
f 1406//1321 1405//1320 1410//1325 
f 1410//1325 1411//1326 1404//1319 
f 1386//1301 1404//1319 1401//1316 
f 1409//1324 1410//1325 1386//1301 
f 1407//1322 1416//1331 1405//1320 
f 1404//1319 1422//1339 1402//1317 
f 1402//1317 1434//1353 1403//1318 
f 1387//1302 1401//1316 1400//1315 
f 1400//1315 1403//1318 1397//1312 
f 1395//1310 1394//1309 1399//1314 
f 1399//1314 1394//1309 1397//1312 
f 1396//1311 1400//1315 1394//1309 
f 1390//1305 1398//1313 1385//1300 
f 1393//1308 1391//1306 1390//1305 
f 1392//1307 1399//1314 1390//1305 
f 1388//1303 1408//1323 1386//1301 
f 1385//1300 1015//1355 1014//1299 
f 1384//1298 1337//1461 1323//1296 
f 1322//1295 1545//1524 1383//1294 
f 1320//1293 1460//1396 1382//1291 
f 1380//1289 1385//1300 1381//1290 
o mesh11
f 1644//1607 1645//1608 1646//1609 
f 1646//1609 1647//1610 1644//1607 
f 1648//1611 735//1612 734//1613 
f 1649//1614 1599//1614 1600//1615 
f 779//1616 1601//1617 1650//1618 
f 723//1619 1647//1610 1651//1620 
f 1652//1621 1653//1622 1654//1623 
f 1653//1622 1655//1624 1654//1623 
f 1656//1625 1657//1626 1658//1627 
f 1656//1625 1646//1609 1659//1628 
f 1646//1609 1645//1608 1659//1628 
f 1651//1620 1646//1609 1656//1625 
f 1660//1629 1661//1630 1662//1631 
f 1663//1632 1664//1633 1665//1634 
f 1664//1633 1656//1625 1665//1634 
f 1665//1634 1658//1627 1661//1630 
f 1663//1632 1660//1629 1666//1635 
f 1662//1631 1655//1624 1653//1622 
f 1653//1622 1666//1635 1662//1631 
f 1666//1635 1667//1636 1668//1637 
f 1668//1637 1669//1638 1666//1635 
f 1668//1637 1667//1636 1670//1639 
f 1671//1640 1672//1641 1673//1642 
f 1652//1621 1674//1643 1675//1644 
f 1667//1636 1653//1622 1652//1621 
f 1670//1639 1652//1621 1676//1645 
f 1676//1645 1675//1644 1672//1641 
f 1677//1646 1676//1645 1671//1640 
f 1678//1647 1679//1648 1680//1649 
f 1681//1650 1671//1640 1682//1651 
f 1682//1651 1673//1642 1679//1648 
f 1683//1652 1682//1651 1678//1647 
f 1684//1653 1678//1647 1685//1654 
f 1685//1654 1680//1649 1320//1655 
f 1686//1656 1685//1654 1319//1657 
f 1687//1658 1681//1650 1683//1652 
f 1687//1658 1688//1659 1677//1646 
f 1688//1659 1670//1639 1677//1646 
f 1668//1637 1688//1659 1689//1660 
f 1688//1659 1690//1661 1689//1660 
f 1688//1659 1687//1658 1691//1662 
f 1687//1658 1692//1663 1691//1662 
f 1693//1664 1684//1653 1686//1656 
f 1692//1663 1687//1658 1694//1665 
f 1694//1665 1683//1652 1684//1653 
f 1695//1666 1694//1665 1693//1664 
f 1696//1667 1693//1664 1697//1668 
f 1697//1668 1686//1656 1327//1669 
f 1698//1670 1697//1668 1326//1671 
f 1699//1672 1700//1673 1689//1660 
f 1701//1674 1664//1633 1663//1632 
f 1651//1620 1664//1633 1701//1674 
f 1701//1674 715//1675 1651//1620 
f 1702//1676 1663//1632 1669//1638 
f 720//1677 1701//1674 1702//1676 
f 722//1678 728//1679 1703//1680 
f 728//1679 1702//1676 1703//1680 
f 1703//1680 1669//1638 1700//1673 
f 1704//1681 1692//1663 1695//1666 
f 1705//1682 1690//1661 1691//1662 
f 722//1678 1699//1672 1706//1683 
f 1706//1683 1689//1660 1690//1661 
f 721//1684 1706//1683 1705//1682 
f 717//1685 1705//1682 1707//1686 
f 1707//1686 1691//1662 1692//1663 
f 718//1687 1707//1686 1704//1681 
f 1698//1670 1708//1688 1709//1689 
f 729//1690 1704//1681 1710//1691 
f 1696//1667 1709//1689 1710//1691 
f 727//1692 1710//1691 1709//1689 
f 725//1693 1709//1689 1708//1688 
f 1325//1694 1328//1695 1708//1688 
f 1328//1695 730//1696 726//1697 
f 1711//1698 1712//1699 1713//1700 
f 1712//1699 1714//1701 1713//1700 
f 738//1702 1715//1703 1716//1704 
f 1717//1705 1718//1706 1719//1707 
f 1718//1706 1720//1708 1719//1707 
f 1721//1709 737//1710 736//1711 
f 1722//1712 1723//1713 1724//1714 
f 1725//1715 736//1711 735//1612 
f 1723//1713 1648//1611 1726//1716 
f 1727//1717 1725//1715 1648//1611 
f 1728//1718 1727//1717 1723//1713 
f 1719//1707 1722//1712 1729//1719 
f 1720//1708 1728//1718 1722//1712 
f 1730//1720 1727//1717 1728//1718 
f 1728//1718 1731//1721 1730//1720 
f 1732//1722 1715//1703 1721//1709 
f 1715//1703 738//1702 737//1710 
f 737//1710 1721//1709 1715//1703 
f 1730//1720 1721//1709 1725//1715 
f 1731//1721 1733//1723 1734//1724 
f 1734//1724 1730//1720 1731//1721 
f 1735//1725 1736//1726 1737//1727 
f 1718//1706 1738//1728 1731//1721 
f 1738//1728 1733//1723 1731//1721 
f 1717//1705 1737//1727 1736//1726 
f 1739//1729 1738//1728 1718//1706 
f 1740//1730 1739//1729 1736//1726 
f 1713//1700 1735//1725 1741//1731 
f 1714//1701 1740//1730 1735//1725 
f 1742//1732 1743//1733 1733//1723 
f 1732//1722 1734//1724 1744//1734 
f 739//1735 1716//1704 709//1736 
f 1715//1703 1732//1722 1745//1737 
f 704//1738 709//1736 1716//1704 
f 705//1739 704//1738 1745//1737 
f 1743//1733 1744//1734 1734//1724 
f 712//1740 705//1739 1744//1734 
f 1746//1741 1747//1742 1739//1729 
f 710//1743 712//1740 1743//1733 
f 1747//1742 1742//1732 1738//1728 
f 706//1744 710//1743 1742//1732 
f 703//1745 706//1744 1747//1742 
f 1748//1746 1746//1741 1740//1730 
f 700//1747 703//1745 1746//1741 
f 1749//1748 1750//1749 1751//1750 
f 1751//1750 1752//1751 1749//1748 
f 1753//1752 1754//1753 1755//1754 
f 1712//1699 701//1755 1748//1746 
f 701//1755 700//1747 1748//1746 
f 1711//1698 1755//1754 1754//1753 
f 719//1756 701//1755 1712//1699 
f 713//1757 719//1756 1754//1753 
f 1749//1748 1753//1752 1756//1758 
f 707//1759 713//1757 1753//1752 
f 1647//1610 1752//1751 1757//1760 
f 723//1619 708//1761 1752//1751 
f 1752//1751 1647//1610 723//1619 
f 708//1761 707//1759 1749//1748 
f 783//1762 1758//1763 1759//1764 
f 1760//1765 1602//1766 1603//1767 
f 1603//1767 1761//1768 1760//1765 
f 781//1769 1762//1770 1763//1771 
f 1764//1772 1765//1773 1604//1774 
f 1604//1774 1765//1773 1766//1775 
f 1766//1775 1605//1776 1604//1774 
f 1767//1777 1768//1778 1606//1779 
f 1768//1778 1607//1780 1606//1779 
f 1601//1617 1607//1780 1768//1778 
f 780//1781 1650//1618 1762//1770 
f 1650//1618 1768//1778 1769//1782 
f 1608//1783 1605//1776 1766//1775 
f 1768//1778 1767//1777 1770//1784 
f 1767//1777 1766//1775 1765//1773 
f 1771//1785 1609//1786 1610//1787 
f 1610//1787 1772//1788 1771//1785 
f 1611//1789 1609//1786 1771//1785 
f 1612//1790 1602//1766 1760//1765 
f 1765//1773 1764//1772 1773//1791 
f 1769//1782 1770//1784 1774//1792 
f 1762//1770 1769//1782 1775//1793 
f 782//1794 1763//1771 1758//1763 
f 1763//1771 1775//1793 1776//1795 
f 1765//1773 1777//1796 1774//1792 
f 1777//1796 1778//1797 1774//1792 
f 1775//1793 1774//1792 1778//1797 
f 1771//1785 1772//1788 1779//1798 
f 1764//1772 1771//1785 1780//1799 
f 1772//1788 1760//1765 1781//1800 
f 1782//1801 1613//1802 1614//1803 
f 1614//1803 1783//1804 1782//1801 
f 1615//1805 1784//1806 1785//1807 
f 1784//1806 1786//1808 1785//1807 
f 1785//1807 1616//1809 1615//1805 
f 1785//1807 1761//1768 1617//1810 
f 1760//1765 1761//1768 1787//1811 
f 1786//1808 1787//1811 1761//1768 
f 1782//1801 1784//1806 1618//1812 
f 1788//1813 1619//1814 1620//1815 
f 1620//1815 1789//1816 1788//1813 
f 1788//1813 1783//1804 1621//1817 
f 1649//1614 1789//1816 1622//1818 
f 1790//1819 1791//1820 1781//1800 
f 785//1821 1792//1822 1793//1823 
f 1777//1796 1773//1791 1794//1824 
f 1778//1797 1795//1825 1796//1826 
f 1795//1825 1797//1827 1796//1826 
f 1758//1763 1776//1795 1796//1826 
f 784//1828 1759//1764 1792//1822 
f 1759//1764 1796//1826 1797//1827 
f 1778//1797 1777//1796 1798//1829 
f 1780//1799 1779//1798 1799//1830 
f 1773//1791 1780//1799 1800//1831 
f 1779//1798 1781//1800 1791//1820 
f 1801//1832 1802//1833 1798//1829 
f 1803//1834 1804//1835 1797//1827 
f 786//1836 1793//1823 1726//1716 
f 1792//1822 1797//1827 1804//1835 
f 1724//1714 1726//1716 1793//1823 
f 1729//1719 1724//1714 1804//1835 
f 1802//1833 1803//1834 1795//1825 
f 1805//1837 1729//1719 1803//1834 
f 1806//1838 1800//1831 1799//1830 
f 1799//1830 1807//1839 1806//1838 
f 1717//1705 1805//1837 1802//1833 
f 1806//1838 1801//1832 1794//1824 
f 1737//1727 1717//1705 1801//1832 
f 1807//1839 1808//1840 1741//1731 
f 1741//1731 1806//1838 1807//1839 
f 1751//1750 1750//1749 1782//1801 
f 1786//1808 1784//1806 1756//1758 
f 1786//1808 1755//1754 1790//1819 
f 1755//1754 1711//1698 1790//1819 
f 1790//1819 1711//1698 1807//1839 
f 1711//1698 1808//1840 1807//1839 
f 1750//1749 1756//1758 1784//1806 
f 1757//1760 1788//1813 1789//1816 
f 1789//1816 1644//1607 1757//1760 
f 1757//1760 1751//1750 1783//1804 
f 1623//1841 1809//1842 1810//1843 
f 1645//1608 1644//1607 1811//1844 
f 1644//1607 1649//1614 1811//1844 
f 1624//1845 1625//1846 1812//1847 
f 1812//1847 1813//1848 1624//1845 
f 1814//1849 1626//1850 1627//1851 
f 1811//1844 1600//1615 1628//1852 
f 1628//1852 1814//1849 1811//1844 
f 1813//1848 1815//1853 1629//1854 
f 1815//1853 1627//1851 1629//1854 
f 1816//1855 1630//1856 1631//1857 
f 1816//1855 1812//1847 1632//1858 
f 1812//1847 1625//1846 1632//1858 
f 1817//1859 1812//1847 1816//1855 
f 1810//1843 1818//1860 1633//1861 
f 1818//1860 1631//1857 1633//1861 
f 1819//1862 1816//1855 1818//1860 
f 1810//1843 1820//1863 1821//1864 
f 1657//1626 1813//1848 1817//1859 
f 1645//1608 1814//1849 1815//1853 
f 1659//1628 1815//1853 1813//1848 
f 1822//1865 1819//1862 1821//1864 
f 1817//1859 1819//1862 1822//1865 
f 1822//1865 1658//1627 1817//1859 
f 1823//1866 1821//1864 1820//1863 
f 1661//1630 1822//1865 1823//1866 
f 1662//1631 1823//1866 1824//1867 
f 1825//1868 1826//1869 1824//1867 
f 1634//1870 1827//1871 1828//1872 
f 1809//1842 1825//1868 1820//1863 
f 1635//1873 1829//1874 1830//1875 
f 1636//1876 1637//1877 1830//1875 
f 1830//1875 1809//1842 1636//1876 
f 1809//1842 1623//1841 1636//1876 
f 1829//1874 1635//1873 1638//1878 
f 1638//1878 1828//1872 1829//1874 
f 1831//1879 1830//1875 1829//1874 
f 1828//1872 1832//1880 1833//1881 
f 1831//1879 1833//1881 1834//1882 
f 1834//1882 1835//1883 1831//1879 
f 1831//1879 1835//1883 1825//1868 
f 1834//1882 1833//1881 1832//1880 
f 1836//1884 1834//1882 1837//1885 
f 1838//1886 1839//1887 1837//1885 
f 1639//1888 1840//1889 1841//1890 
f 1827//1871 1634//1870 1640//1891 
f 1640//1891 1841//1890 1827//1871 
f 1827//1871 1838//1886 1832//1880 
f 1841//1890 1842//1892 1838//1886 
f 1323//1893 1337//1894 1840//1889 
f 1840//1889 1843//1895 1842//1892 
f 1337//1894 1332//1896 1843//1895 
f 1843//1895 1844//1897 1845//1898 
f 1842//1892 1845//1898 1839//1887 
f 1839//1887 1846//1899 1847//1900 
f 1845//1898 1848//1901 1846//1899 
f 1332//1896 1343//1902 1844//1897 
f 1844//1897 1849//1903 1848//1901 
f 1343//1902 1329//1904 1849//1903 
f 1850//1905 1847//1900 1846//1899 
f 1835//1883 1836//1884 1851//1906 
f 1851//1906 1852//1907 1835//1883 
f 1835//1883 1852//1907 1826//1869 
f 1655//1624 1824//1867 1826//1869 
f 1852//1907 1674//1643 1654//1623 
f 1853//1908 1675//1644 1674//1643 
f 1851//1906 1836//1884 1847//1900 
f 1853//1908 1851//1906 1850//1905 
f 1853//1908 1854//1909 1855//1910 
f 1855//1910 1675//1644 1853//1908 
f 1855//1910 1854//1909 1856//1911 
f 1849//1903 1857//1912 1858//1913 
f 1848//1901 1858//1913 1859//1914 
f 1854//1909 1850//1905 1859//1914 
f 1858//1913 1860//1915 1856//1911 
f 1329//1904 1355//1916 1857//1912 
f 1857//1912 1861//1917 1860//1915 
f 1355//1916 1354//1918 1861//1917 
f 1861//1917 1862//1919 1863//1920 
f 1672//1641 1855//1910 1864//1921 
f 1864//1921 1856//1911 1860//1915 
f 1673//1642 1864//1921 1863//1920 
f 1679//1648 1863//1920 1862//1919 
f 1354//1918 1356//1922 1862//1919 
f 1356//1922 1320//1655 1680//1649 
f 1680//1649 1862//1919 1356//1922 
f 1862//1919 1861//1917 1354//1918 
f 1862//1919 1680//1649 1679//1648 
f 1863//1920 1679//1648 1673//1642 
f 1860//1915 1863//1920 1864//1921 
f 1864//1921 1673//1642 1672//1641 
f 1863//1920 1860//1915 1861//1917 
f 1861//1917 1857//1912 1355//1916 
f 1860//1915 1858//1913 1857//1912 
f 1857//1912 1849//1903 1329//1904 
f 1856//1911 1859//1914 1858//1913 
f 1859//1914 1856//1911 1854//1909 
f 1859//1914 1846//1899 1848//1901 
f 1858//1913 1848//1901 1849//1903 
f 1856//1911 1864//1921 1855//1910 
f 1855//1910 1672//1641 1675//1644 
f 1850//1905 1854//1909 1853//1908 
f 1847//1900 1850//1905 1851//1906 
f 1674//1643 1852//1907 1853//1908 
f 1654//1623 1826//1869 1852//1907 
f 1826//1869 1654//1623 1655//1624 
f 1826//1869 1825//1868 1835//1883 
f 1851//1906 1853//1908 1852//1907 
f 1846//1899 1859//1914 1850//1905 
f 1849//1903 1844//1897 1343//1902 
f 1848//1901 1845//1898 1844//1897 
f 1844//1897 1843//1895 1332//1896 
f 1846//1899 1839//1887 1845//1898 
f 1847//1900 1837//1885 1839//1887 
f 1839//1887 1838//1886 1842//1892 
f 1845//1898 1842//1892 1843//1895 
f 1843//1895 1840//1889 1337//1894 
f 1842//1892 1841//1890 1840//1889 
f 1840//1889 1639//1888 1323//1893 
f 1838//1886 1827//1871 1841//1890 
f 1832//1880 1828//1872 1827//1871 
f 1640//1891 1641//1923 1841//1890 
f 1841//1890 1641//1923 1639//1888 
f 1837//1885 1832//1880 1838//1886 
f 1837//1885 1847//1900 1836//1884 
f 1832//1880 1837//1885 1834//1882 
f 1825//1868 1809//1842 1831//1879 
f 1834//1882 1836//1884 1835//1883 
f 1833//1881 1829//1874 1828//1872 
f 1829//1874 1833//1881 1831//1879 
f 1638//1878 1642//1924 1828//1872 
f 1830//1875 1831//1879 1809//1842 
f 1830//1875 1637//1877 1635//1873 
f 1820//1863 1810//1843 1809//1842 
f 1828//1872 1642//1924 1634//1870 
f 1824//1867 1820//1863 1825//1868 
f 1824//1867 1655//1624 1662//1631 
f 1823//1866 1662//1631 1661//1630 
f 1820//1863 1824//1867 1823//1866 
f 1822//1865 1661//1630 1658//1627 
f 1821//1864 1823//1866 1822//1865 
f 1813//1848 1657//1626 1659//1628 
f 1815//1853 1659//1628 1645//1608 
f 1817//1859 1658//1627 1657//1626 
f 1821//1864 1818//1860 1810//1843 
f 1818//1860 1821//1864 1819//1862 
f 1633//1861 1643//1925 1810//1843 
f 1816//1855 1819//1862 1817//1859 
f 1632//1858 1630//1856 1816//1855 
f 1631//1857 1818//1860 1816//1855 
f 1629//1854 1624//1845 1813//1848 
f 1628//1852 1626//1850 1814//1849 
f 1627//1851 1815//1853 1814//1849 
f 1812//1847 1817//1859 1813//1848 
f 1811//1844 1814//1849 1645//1608 
f 1810//1843 1643//1925 1623//1841 
f 1783//1804 1788//1813 1757//1760 
f 1789//1816 1649//1614 1644//1607 
f 1784//1806 1782//1801 1750//1749 
f 1807//1839 1791//1820 1790//1819 
f 1790//1819 1787//1811 1786//1808 
f 1756//1758 1755//1754 1786//1808 
f 1782//1801 1783//1804 1751//1750 
f 1741//1731 1737//1727 1806//1838 
f 1801//1832 1806//1838 1737//1727 
f 1794//1824 1800//1831 1806//1838 
f 1802//1833 1801//1832 1717//1705 
f 1799//1830 1791//1820 1807//1839 
f 1803//1834 1802//1833 1805//1837 
f 1795//1825 1798//1829 1802//1833 
f 1804//1835 1803//1834 1729//1719 
f 1793//1823 1804//1835 1724//1714 
f 1804//1835 1793//1823 1792//1822 
f 1726//1716 734//1613 786//1836 
f 1797//1827 1795//1825 1803//1834 
f 1798//1829 1794//1824 1801//1832 
f 1791//1820 1799//1830 1779//1798 
f 1800//1831 1794//1824 1773//1791 
f 1799//1830 1800//1831 1780//1799 
f 1798//1829 1795//1825 1778//1797 
f 1797//1827 1792//1822 1759//1764 
f 1792//1822 785//1821 784//1828 
f 1796//1826 1759//1764 1758//1763 
f 1796//1826 1776//1795 1778//1797 
f 1794//1824 1798//1829 1777//1796 
f 1793//1823 786//1836 785//1821 
f 1781//1800 1787//1811 1790//1819 
f 1622//1818 1599//1614 1649//1614 
f 1621//1817 1619//1814 1788//1813 
f 1620//1815 1622//1818 1789//1816 
f 1618//1812 1613//1802 1782//1801 
f 1761//1768 1785//1807 1786//1808 
f 1787//1811 1781//1800 1760//1765 
f 1617//1810 1616//1809 1785//1807 
f 1615//1805 1618//1812 1784//1806 
f 1614//1803 1621//1817 1783//1804 
f 1781//1800 1779//1798 1772//1788 
f 1780//1799 1773//1791 1764//1772 
f 1779//1798 1780//1799 1771//1785 
f 1778//1797 1776//1795 1775//1793 
f 1774//1792 1770//1784 1765//1773 
f 1776//1795 1758//1763 1763//1771 
f 1758//1763 783//1762 782//1794 
f 1775//1793 1763//1771 1762//1770 
f 1774//1792 1775//1793 1769//1782 
f 1773//1791 1777//1796 1765//1773 
f 1760//1765 1772//1788 1612//1790 
f 1771//1785 1764//1772 1611//1789 
f 1610//1787 1612//1790 1772//1788 
f 1765//1773 1770//1784 1767//1777 
f 1770//1784 1769//1782 1768//1778 
f 1766//1775 1767//1777 1608//1783 
f 1769//1782 1762//1770 1650//1618 
f 1762//1770 781//1769 780//1781 
f 1768//1778 1650//1618 1601//1617 
f 1606//1779 1608//1783 1767//1777 
f 1604//1774 1611//1789 1764//1772 
f 1763//1771 782//1794 781//1769 
f 1603//1767 1617//1810 1761//1768 
f 1759//1764 784//1828 783//1762 
f 1749//1748 1752//1751 708//1761 
f 1757//1760 1644//1607 1647//1610 
f 1753//1752 1749//1748 707//1759 
f 1756//1758 1750//1749 1749//1748 
f 1754//1753 1753//1752 713//1757 
f 1712//1699 1754//1753 719//1756 
f 1754//1753 1712//1699 1711//1698 
f 1748//1746 1714//1701 1712//1699 
f 1755//1754 1756//1758 1753//1752 
f 1751//1750 1757//1760 1752//1751 
f 1746//1741 1748//1746 700//1747 
f 1740//1730 1714//1701 1748//1746 
f 1747//1742 1746//1741 703//1745 
f 1742//1732 1747//1742 706//1744 
f 1738//1728 1739//1729 1747//1742 
f 1743//1733 1742//1732 710//1743 
f 1739//1729 1740//1730 1746//1741 
f 1744//1734 1743//1733 712//1740 
f 1734//1724 1733//1723 1743//1733 
f 1745//1737 1744//1734 705//1739 
f 1716//1704 1745//1737 704//1738 
f 1745//1737 1716//1704 1715//1703 
f 709//1736 94//1926 739//1735 
f 1744//1734 1745//1737 1732//1722 
f 1733//1723 1738//1728 1742//1732 
f 1735//1725 1713//1700 1714//1701 
f 1741//1731 1808//1840 1713//1700 
f 1736//1726 1735//1725 1740//1730 
f 1718//1706 1736//1726 1739//1729 
f 1736//1726 1718//1706 1717//1705 
f 1731//1721 1720//1708 1718//1706 
f 1737//1727 1741//1731 1735//1725 
f 1734//1724 1732//1722 1730//1720 
f 1725//1715 1727//1717 1730//1720 
f 1721//1709 1730//1720 1732//1722 
f 1728//1718 1720//1708 1731//1721 
f 1722//1712 1719//1707 1720//1708 
f 1729//1719 1805//1837 1719//1707 
f 1723//1713 1722//1712 1728//1718 
f 1648//1611 1723//1713 1727//1717 
f 1726//1716 1724//1714 1723//1713 
f 735//1612 1648//1611 1725//1715 
f 1724//1714 1729//1719 1722//1712 
f 736//1711 1725//1715 1721//1709 
f 1719//1707 1805//1837 1717//1705 
f 1716//1704 739//1735 738//1702 
f 1713//1700 1808//1840 1711//1698 
f 726//1697 1708//1688 1328//1695 
f 1708//1688 1698//1670 1325//1694 
f 1708//1688 726//1697 725//1693 
f 1709//1689 725//1693 727//1692 
f 1710//1691 1695//1666 1696//1667 
f 1710//1691 727//1692 729//1690 
f 1709//1689 1696//1667 1698//1670 
f 1704//1681 729//1690 718//1687 
f 1692//1663 1704//1681 1707//1686 
f 1707//1686 718//1687 717//1685 
f 1705//1682 717//1685 721//1684 
f 1690//1661 1705//1682 1706//1683 
f 1706//1683 721//1684 722//1678 
f 1691//1662 1707//1686 1705//1682 
f 1695//1666 1710//1691 1704//1681 
f 1700//1673 1699//1672 1703//1680 
f 1703//1680 1699//1672 722//1678 
f 1702//1676 728//1679 720//1677 
f 1669//1638 1703//1680 1702//1676 
f 1701//1674 720//1677 715//1675 
f 1663//1632 1702//1676 1701//1674 
f 1689//1660 1706//1683 1699//1672 
f 1326//1671 1325//1694 1698//1670 
f 1327//1669 1326//1671 1697//1668 
f 1697//1668 1698//1670 1696//1667 
f 1693//1664 1696//1667 1695//1666 
f 1684//1653 1693//1664 1694//1665 
f 1694//1665 1695//1666 1692//1663 
f 1686//1656 1697//1668 1693//1664 
f 1691//1662 1690//1661 1688//1659 
f 1689//1660 1700//1673 1668//1637 
f 1677//1646 1681//1650 1687//1658 
f 1683//1652 1694//1665 1687//1658 
f 1319//1657 1327//1669 1686//1656 
f 1320//1655 1319//1657 1685//1654 
f 1685//1654 1686//1656 1684//1653 
f 1678//1647 1684//1653 1683//1652 
f 1679//1648 1678//1647 1682//1651 
f 1682//1651 1683//1652 1681//1650 
f 1680//1649 1685//1654 1678//1647 
f 1671//1640 1681//1650 1677//1646 
f 1672//1641 1671//1640 1676//1645 
f 1676//1645 1677//1646 1670//1639 
f 1652//1621 1670//1639 1667//1636 
f 1675//1644 1676//1645 1652//1621 
f 1673//1642 1682//1651 1671//1640 
f 1670//1639 1688//1659 1668//1637 
f 1668//1637 1700//1673 1669//1638 
f 1653//1622 1667//1636 1666//1635 
f 1666//1635 1669//1638 1663//1632 
f 1661//1630 1660//1629 1665//1634 
f 1665//1634 1660//1629 1663//1632 
f 1662//1631 1666//1635 1660//1629 
f 1656//1625 1664//1633 1651//1620 
f 1659//1628 1657//1626 1656//1625 
f 1658//1627 1665//1634 1656//1625 
f 1654//1623 1674//1643 1652//1621 
f 1651//1620 715//1675 723//1619 
f 1650//1618 780//1781 779//1616 
f 1600//1615 1811//1844 1649//1614 
f 734//1613 1726//1716 1648//1611 
f 1646//1609 1651//1620 1647//1610 
o mesh12
f 128//1927 129//1927 1865//1927 
f 1866//1927 1867//1927 113//1927 
f 1868//1927 167//1927 149//1927 
f 148//1927 1869//1927 1870//1927 
f 1871//1927 131//1927 128//1927 
f 131//1927 1871//1927 1872//1927 
f 112//1927 124//1927 1873//1927 
f 1867//1927 130//1927 113//1927 
f 416//1927 417//1927 1874//1927 
f 1875//1927 1876//1927 401//1927 
f 149//1927 1877//1927 1868//1927 
f 167//1927 1868//1927 1878//1927 
f 141//1927 140//1927 1879//1927 
f 1870//1927 146//1927 148//1927 
f 1880//1927 97//1927 135//1927 
f 1880//1927 1881//1927 98//1927 
f 127//1927 126//1927 1882//1927 
f 132//1927 134//1927 1883//1927 
f 132//1927 1884//1927 1885//1927 
f 129//1927 1886//1927 1865//1927 
f 1872//1927 126//1927 131//1927 
f 113//1927 112//1927 1866//1927 
f 130//1927 1867//1927 1886//1927 
f 1887//1927 447//1927 437//1927 
f 436//1927 1888//1927 1889//1927 
f 1890//1927 419//1927 416//1927 
f 419//1927 1890//1927 1891//1927 
f 400//1927 412//1927 1892//1927 
f 1876//1927 418//1927 401//1927 
f 1893//1927 1097//1927 1087//1927 
f 1086//1927 1894//1927 1895//1927 
f 1346//1927 1347//1927 1896//1927 
f 1897//1927 1898//1927 1331//1927 
f 1615//1927 1616//1927 1899//1927 
f 1900//1927 1901//1927 1603//1927 
f 147//1927 146//1927 1902//1927 
f 1878//1927 139//1927 167//1927 
f 140//1927 1903//1927 1879//1927 
f 148//1927 141//1927 1869//1927 
f 142//1927 144//1927 1881//1927 
f 142//1927 1904//1927 1905//1927 
f 145//1927 1905//1927 1903//1927 
f 98//1927 97//1927 1880//1927 
f 1883//1927 134//1927 127//1927 
f 1885//1927 133//1927 132//1927 
f 1872//1927 1882//1927 126//1927 
f 1886//1927 129//1927 130//1927 
f 437//1927 1906//1927 1887//1927 
f 447//1927 1887//1927 1907//1927 
f 429//1927 428//1927 1908//1927 
f 1889//1927 434//1927 436//1927 
f 1909//1927 391//1927 423//1927 
f 1909//1927 1910//1927 392//1927 
f 415//1927 414//1927 1911//1927 
f 420//1927 422//1927 1912//1927 
f 420//1927 1913//1927 1914//1927 
f 417//1927 1915//1927 1874//1927 
f 1891//1927 414//1927 419//1927 
f 401//1927 400//1927 1875//1927 
f 418//1927 1876//1927 1915//1927 
f 1087//1927 1916//1927 1893//1927 
f 1097//1927 1893//1927 1917//1927 
f 1079//1927 1078//1927 1918//1927 
f 1895//1927 1084//1927 1086//1927 
f 1066//1927 1067//1927 1919//1927 
f 1920//1927 1921//1927 1051//1927 
f 1922//1927 1377//1927 1367//1927 
f 1366//1927 1923//1927 1924//1927 
f 1925//1927 1349//1927 1346//1927 
f 1349//1927 1925//1927 1926//1927 
f 1330//1927 1342//1927 1927//1927 
f 1898//1927 1348//1927 1331//1927 
f 1928//1927 1643//1927 1633//1927 
f 1632//1927 1929//1927 1930//1927 
f 1931//1927 1618//1927 1615//1927 
f 1618//1927 1931//1927 1932//1927 
f 1602//1927 1612//1927 1933//1927 
f 1901//1927 1617//1927 1603//1927 
f 1934//1927 1935//1927 152//1927 
f 149//1927 147//1927 1877//1927 
f 1870//1927 1902//1927 146//1927 
f 1905//1927 143//1927 142//1927 
f 1903//1927 140//1927 145//1927 
f 1881//1927 144//1927 98//1927 
f 1883//1927 1884//1927 132//1927 
f 1873//1927 1866//1927 112//1927 
f 100//1927 1936//1927 1937//1927 
f 100//1927 99//1927 1938//1927 
f 443//1927 1939//1927 1938//1927 
f 443//1927 445//1927 1940//1927 
f 435//1927 434//1927 1941//1927 
f 1907//1927 427//1927 447//1927 
f 428//1927 1942//1927 1908//1927 
f 436//1927 429//1927 1888//1927 
f 430//1927 432//1927 1910//1927 
f 430//1927 1943//1927 1944//1927 
f 433//1927 1944//1927 1942//1927 
f 392//1927 391//1927 1909//1927 
f 1912//1927 422//1927 415//1927 
f 1914//1927 421//1927 420//1927 
f 1891//1927 1911//1927 414//1927 
f 1915//1927 417//1927 418//1927 
f 1085//1927 1084//1927 1945//1927 
f 1917//1927 1077//1927 1097//1927 
f 1078//1927 1946//1927 1918//1927 
f 1086//1927 1079//1927 1894//1927 
f 1080//1927 1082//1927 1947//1927 
f 1080//1927 1948//1927 1949//1927 
f 1083//1927 1949//1927 1946//1927 
f 1950//1927 1041//1927 1073//1927 
f 1950//1927 1947//1927 1042//1927 
f 1951//1927 1069//1927 1066//1927 
f 1069//1927 1951//1927 1952//1927 
f 1050//1927 1062//1927 1953//1927 
f 1921//1927 1068//1927 1051//1927 
f 1367//1927 1954//1927 1922//1927 
f 1377//1927 1922//1927 1955//1927 
f 1359//1927 1358//1927 1956//1927 
f 1924//1927 1364//1927 1366//1927 
f 1957//1927 1321//1927 1353//1927 
f 1957//1927 1958//1927 1322//1927 
f 1345//1927 1344//1927 1959//1927 
f 1350//1927 1352//1927 1960//1927 
f 1350//1927 1961//1927 1962//1927 
f 1347//1927 1963//1927 1896//1927 
f 1926//1927 1344//1927 1349//1927 
f 1331//1927 1330//1927 1897//1927 
f 1348//1927 1898//1927 1963//1927 
f 1633//1927 1964//1927 1928//1927 
f 1643//1927 1928//1927 1965//1927 
f 1625//1927 1624//1927 1966//1927 
f 1930//1927 1630//1927 1632//1927 
f 1967//1927 1599//1927 1622//1927 
f 1967//1927 1968//1927 1600//1927 
f 1614//1927 1613//1927 1969//1927 
f 1619//1927 1621//1927 1970//1927 
f 1619//1927 1971//1927 1972//1927 
f 1616//1927 1973//1927 1899//1927 
f 1932//1927 1613//1927 1618//1927 
f 1603//1927 1602//1927 1900//1927 
f 1617//1927 1901//1927 1973//1927 
f 1974//1927 789//1927 771//1927 
f 770//1927 1975//1927 1976//1927 
f 1935//1927 153//1927 152//1927 
f 153//1927 1935//1927 1977//1927 
f 1879//1927 1869//1927 141//1927 
f 145//1927 143//1927 1905//1927 
f 135//1927 1885//1927 1880//1927 
f 1865//1927 1871//1927 128//1927 
f 1978//1927 124//1927 122//1927 
f 120//1927 117//1927 1979//1927 
f 116//1927 120//1927 1980//1927 
f 115//1927 1981//1927 1982//1927 
f 1938//1927 1936//1927 100//1927 
f 1979//1927 117//1927 118//1927 
f 1983//1927 1940//1927 445//1927 
f 1940//1927 1939//1927 443//1927 
f 1984//1927 1985//1927 440//1927 
f 437//1927 435//1927 1906//1927 
f 1889//1927 1941//1927 434//1927 
f 1944//1927 431//1927 430//1927 
f 1942//1927 428//1927 433//1927 
f 423//1927 1914//1927 1909//1927 
f 1912//1927 1913//1927 420//1927 
f 1892//1927 1875//1927 400//1927 
f 394//1927 393//1927 1986//1927 
f 394//1927 1987//1927 1988//1927 
f 1093//1927 1989//1927 1986//1927 
f 1093//1927 1095//1927 1990//1927 
f 1087//1927 1085//1927 1916//1927 
f 1895//1927 1945//1927 1084//1927 
f 1949//1927 1081//1927 1080//1927 
f 1946//1927 1078//1927 1083//1927 
f 1042//1927 1041//1927 1950//1927 
f 1065//1927 1064//1927 1991//1927 
f 1070//1927 1072//1927 1992//1927 
f 1070//1927 1993//1927 1994//1927 
f 1067//1927 1995//1927 1919//1927 
f 1952//1927 1064//1927 1069//1927 
f 1051//1927 1050//1927 1920//1927 
f 1068//1927 1921//1927 1995//1927 
f 1365//1927 1364//1927 1996//1927 
f 1955//1927 1357//1927 1377//1927 
f 1358//1927 1997//1927 1956//1927 
f 1366//1927 1359//1927 1923//1927 
f 1360//1927 1362//1927 1958//1927 
f 1360//1927 1998//1927 1999//1927 
f 1363//1927 1999//1927 1997//1927 
f 1322//1927 1321//1927 1957//1927 
f 1960//1927 1352//1927 1345//1927 
f 1962//1927 1351//1927 1350//1927 
f 1926//1927 1959//1927 1344//1927 
f 1963//1927 1347//1927 1348//1927 
f 1631//1927 1630//1927 2000//1927 
f 1965//1927 1623//1927 1643//1927 
f 1624//1927 2001//1927 1966//1927 
f 1632//1927 1625//1927 1929//1927 
f 1626//1927 1628//1927 1968//1927 
f 1626//1927 2002//1927 2003//1927 
f 1629//1927 2003//1927 2001//1927 
f 1600//1927 1599//1927 1967//1927 
f 1970//1927 1621//1927 1614//1927 
f 1972//1927 1620//1927 1619//1927 
f 1932//1927 1969//1927 1613//1927 
f 1973//1927 1616//1927 1617//1927 
f 771//1927 2004//1927 1974//1927 
f 789//1927 1974//1927 2005//1927 
f 763//1927 762//1927 2006//1927 
f 1976//1927 768//1927 770//1927 
f 753//1927 754//1927 2007//1927 
f 2008//1927 2009//1927 741//1927 
f 139//1927 1878//1927 1934//1927 
f 1977//1927 151//1927 153//1927 
f 1881//1927 1904//1927 142//1927 
f 1882//1927 1883//1927 127//1927 
f 121//1927 123//1927 2010//1927 
f 122//1927 2011//1927 1978//1927 
f 1980//1927 1981//1927 116//1927 
f 1982//1927 123//1927 115//1927 
f 118//1927 1937//1927 1979//1927 
f 1938//1927 99//1927 443//1927 
f 442//1927 439//1927 2012//1927 
f 446//1927 2013//1927 2014//1927 
f 438//1927 2014//1927 1983//1927 
f 1985//1927 441//1927 440//1927 
f 441//1927 1985//1927 2015//1927 
f 1908//1927 1888//1927 429//1927 
f 433//1927 431//1927 1944//1927 
f 1910//1927 432//1927 392//1927 
f 1874//1927 1890//1927 416//1927 
f 2016//1927 412//1927 410//1927 
f 408//1927 405//1927 2017//1927 
f 404//1927 408//1927 2018//1927 
f 403//1927 2019//1927 2020//1927 
f 1988//1927 406//1927 394//1927 
f 2017//1927 405//1927 406//1927 
f 2021//1927 1990//1927 1095//1927 
f 1990//1927 1989//1927 1093//1927 
f 1918//1927 1894//1927 1079//1927 
f 1083//1927 1081//1927 1949//1927 
f 1947//1927 1082//1927 1042//1927 
f 1992//1927 1072//1927 1065//1927 
f 1994//1927 1071//1927 1070//1927 
f 1952//1927 1991//1927 1064//1927 
f 1995//1927 1067//1927 1068//1927 
f 2022//1927 1062//1927 1060//1927 
f 1044//1927 2023//1927 2024//1927 
f 1044//1927 1043//1927 2025//1927 
f 1373//1927 1375//1927 2026//1927 
f 1373//1927 2027//1927 2025//1927 
f 2028//1927 2029//1927 1370//1927 
f 1367//1927 1365//1927 1954//1927 
f 1924//1927 1996//1927 1364//1927 
f 1999//1927 1361//1927 1360//1927 
f 1997//1927 1358//1927 1363//1927 
f 1958//1927 1362//1927 1322//1927 
f 1960//1927 1961//1927 1350//1927 
f 1927//1927 1897//1927 1330//1927 
f 1324//1927 1323//1927 2030//1927 
f 1324//1927 2031//1927 2032//1927 
f 1639//1927 2033//1927 2030//1927 
f 1639//1927 1641//1927 2034//1927 
f 2035//1927 2036//1927 1636//1927 
f 1633//1927 1631//1927 1964//1927 
f 1930//1927 2000//1927 1630//1927 
f 2003//1927 1627//1927 1626//1927 
f 2001//1927 1624//1927 1629//1927 
f 1622//1927 1972//1927 1967//1927 
f 1970//1927 1971//1927 1619//1927 
f 1933//1927 1900//1927 1602//1927 
f 1601//1927 2037//1927 2038//1927 
f 1601//1927 779//1927 2039//1927 
f 777//1927 787//1927 2040//1927 
f 777//1927 2041//1927 2039//1927 
f 769//1927 768//1927 2042//1927 
f 2005//1927 761//1927 789//1927 
f 762//1927 2043//1927 2006//1927 
f 770//1927 763//1927 1975//1927 
f 764//1927 766//1927 2044//1927 
f 764//1927 2045//1927 2046//1927 
f 767//1927 2046//1927 2043//1927 
f 2047//1927 731//1927 760//1927 
f 2047//1927 2044//1927 732//1927 
f 2048//1927 756//1927 753//1927 
f 756//1927 2048//1927 2049//1927 
f 740//1927 750//1927 2050//1927 
f 2009//1927 755//1927 741//1927 
f 155//1927 2051//1927 2052//1927 
f 155//1927 165//1927 2053//1927 
f 154//1927 151//1927 2054//1927 
f 166//1927 2055//1927 2056//1927 
f 150//1927 2056//1927 2057//1927 
f 1977//1927 2054//1927 151//1927 
f 135//1927 133//1927 1885//1927 
f 123//1927 1982//1927 2010//1927 
f 122//1927 121//1927 2011//1927 
f 115//1927 116//1927 1981//1927 
f 445//1927 444//1927 1983//1927 
f 2013//1927 446//1927 442//1927 
f 1983//1927 444//1927 438//1927 
f 427//1927 1907//1927 1984//1927 
f 2015//1927 439//1927 441//1927 
f 1910//1927 1943//1927 430//1927 
f 1911//1927 1912//1927 415//1927 
f 409//1927 411//1927 2058//1927 
f 410//1927 2059//1927 2016//1927 
f 2018//1927 2019//1927 404//1927 
f 2020//1927 411//1927 403//1927 
f 406//1927 1988//1927 2017//1927 
f 1986//1927 393//1927 1093//1927 
f 1092//1927 1089//1927 2060//1927 
f 1096//1927 2061//1927 2062//1927 
f 1088//1927 2062//1927 2021//1927 
f 2063//1927 2064//1927 1090//1927 
f 1947//1927 1948//1927 1080//1927 
f 1073//1927 1994//1927 1950//1927 
f 1992//1927 1993//1927 1070//1927 
f 1953//1927 1920//1927 1050//1927 
f 1059//1927 1061//1927 2065//1927 
f 1060//1927 2066//1927 2022//1927 
f 2025//1927 2023//1927 1044//1927 
f 2067//1927 1055//1927 1056//1927 
f 2068//1927 2026//1927 1375//1927 
f 2025//1927 1043//1927 1373//1927 
f 1372//1927 1369//1927 2069//1927 
f 1376//1927 2070//1927 2071//1927 
f 1368//1927 2071//1927 2068//1927 
f 2029//1927 1371//1927 1370//1927 
f 1371//1927 2029//1927 2072//1927 
f 1956//1927 1923//1927 1359//1927 
f 1363//1927 1361//1927 1999//1927 
f 1353//1927 1962//1927 1957//1927 
f 1896//1927 1925//1927 1346//1927 
f 2073//1927 1342//1927 1340//1927 
f 2032//1927 1336//1927 1324//1927 
f 2074//1927 1335//1927 1336//1927 
f 2075//1927 2034//1927 1641//1927 
f 2034//1927 2033//1927 1639//1927 
f 1638//1927 1635//1927 2076//1927 
f 1642//1927 2077//1927 2078//1927 
f 1634//1927 2078//1927 2075//1927 
f 2036//1927 1637//1927 1636//1927 
f 1637//1927 2036//1927 2079//1927 
f 1966//1927 1929//1927 1625//1927 
f 1629//1927 1627//1927 2003//1927 
f 1968//1927 1628//1927 1600//1927 
f 1899//1927 1931//1927 1615//1927 
f 2080//1927 1612//1927 1610//1927 
f 1608//1927 1606//1927 2081//1927 
f 1605//1927 1608//1927 2082//1927 
f 1604//1927 2083//1927 2084//1927 
f 2039//1927 2037//1927 1601//1927 
f 2081//1927 1606//1927 1607//1927 
f 2085//1927 2040//1927 787//1927 
f 2039//1927 779//1927 777//1927 
f 771//1927 769//1927 2004//1927 
f 1976//1927 2042//1927 768//1927 
f 2046//1927 765//1927 764//1927 
f 2043//1927 762//1927 767//1927 
f 732//1927 731//1927 2047//1927 
f 752//1927 751//1927 2086//1927 
f 757//1927 759//1927 2087//1927 
f 757//1927 2088//1927 2089//1927 
f 754//1927 2090//1927 2007//1927 
f 2049//1927 751//1927 756//1927 
f 741//1927 740//1927 2008//1927 
f 755//1927 2009//1927 2090//1927 
f 2057//1927 2053//1927 165//1927 
f 2053//1927 2051//1927 155//1927 
f 2055//1927 166//1927 154//1927 
f 2057//1927 156//1927 150//1927 
f 1902//1927 1877//1927 147//1927 
f 1978//1927 1873//1927 124//1927 
f 1937//1927 118//1927 100//1927 
f 2014//1927 438//1927 446//1927 
f 2015//1927 2012//1927 439//1927 
f 423//1927 421//1927 1914//1927 
f 411//1927 2020//1927 2058//1927 
f 410//1927 409//1927 2059//1927 
f 403//1927 404//1927 2019//1927 
f 1095//1927 1094//1927 2021//1927 
f 2061//1927 1096//1927 1092//1927 
f 2021//1927 1094//1927 1088//1927 
f 2064//1927 1091//1927 1090//1927 
f 1091//1927 2064//1927 2091//1927 
f 1073//1927 1071//1927 1994//1927 
f 1919//1927 1951//1927 1066//1927 
f 1061//1927 2092//1927 2065//1927 
f 1060//1927 1059//1927 2066//1927 
f 1058//1927 1055//1927 2067//1927 
f 1054//1927 1058//1927 2093//1927 
f 1053//1927 2094//1927 2092//1927 
f 1056//1927 2024//1927 2067//1927 
f 2026//1927 2027//1927 1373//1927 
f 2070//1927 1376//1927 1372//1927 
f 2068//1927 1374//1927 1368//1927 
f 1357//1927 1955//1927 2028//1927 
f 2072//1927 1369//1927 1371//1927 
f 1958//1927 1998//1927 1360//1927 
f 1959//1927 1960//1927 1345//1927 
f 1339//1927 1341//1927 2095//1927 
f 1340//1927 2096//1927 2073//1927 
f 1338//1927 1335//1927 2074//1927 
f 1334//1927 1338//1927 2097//1927 
f 1333//1927 2098//1927 2099//1927 
f 1336//1927 2032//1927 2074//1927 
f 2030//1927 1323//1927 1639//1927 
f 2077//1927 1642//1927 1638//1927 
f 2075//1927 1640//1927 1634//1927 
f 1623//1927 1965//1927 2035//1927 
f 2079//1927 1635//1927 1637//1927 
f 1968//1927 2002//1927 1626//1927 
f 1969//1927 1970//1927 1614//1927 
f 1609//1927 1611//1927 2100//1927 
f 1610//1927 2101//1927 2080//1927 
f 2082//1927 2083//1927 1605//1927 
f 2084//1927 1611//1927 1604//1927 
f 1607//1927 2038//1927 2081//1927 
f 2040//1927 2041//1927 777//1927 
f 776//1927 773//1927 2102//1927 
f 788//1927 2103//1927 2104//1927 
f 772//1927 2104//1927 2085//1927 
f 2006//1927 1975//1927 763//1927 
f 767//1927 765//1927 2046//1927 
f 2044//1927 766//1927 732//1927 
f 2087//1927 759//1927 752//1927 
f 2089//1927 758//1927 757//1927 
f 2049//1927 2086//1927 751//1927 
f 2090//1927 754//1927 755//1927 
f 2105//1927 750//1927 748//1927 
f 2052//1927 157//1927 155//1927 
f 2056//1927 150//1927 166//1927 
f 2010//1927 2011//1927 121//1927 
f 2012//1927 2013//1927 442//1927 
f 1941//1927 1906//1927 435//1927 
f 2016//1927 1892//1927 412//1927 
f 1986//1927 1987//1927 394//1927 
f 2062//1927 1088//1927 1096//1927 
f 1077//1927 1917//1927 2063//1927 
f 2091//1927 1089//1927 1091//1927 
f 1991//1927 1992//1927 1065//1927 
f 2022//1927 1953//1927 1062//1927 
f 2093//1927 2094//1927 1054//1927 
f 2092//1927 1061//1927 1053//1927 
f 1375//1927 1374//1927 2068//1927 
f 2071//1927 1368//1927 1376//1927 
f 2072//1927 2069//1927 1369//1927 
f 1353//1927 1351//1927 1962//1927 
f 1341//1927 2099//1927 2095//1927 
f 1340//1927 1339//1927 2096//1927 
f 2097//1927 2098//1927 1334//1927 
f 2099//1927 1341//1927 1333//1927 
f 1641//1927 1640//1927 2075//1927 
f 2078//1927 1634//1927 1642//1927 
f 2079//1927 2076//1927 1635//1927 
f 1622//1927 1620//1927 1972//1927 
f 1611//1927 2084//1927 2100//1927 
f 1610//1927 1609//1927 2101//1927 
f 1604//1927 1605//1927 2083//1927 
f 787//1927 778//1927 2085//1927 
f 2103//1927 788//1927 776//1927 
f 2085//1927 778//1927 772//1927 
f 2106//1927 2107//1927 774//1927 
f 2044//1927 2045//1927 764//1927 
f 760//1927 2089//1927 2047//1927 
f 2087//1927 2088//1927 757//1927 
f 2050//1927 2008//1927 740//1927 
f 747//1927 749//1927 2108//1927 
f 748//1927 2109//1927 2105//1927 
f 2054//1927 2055//1927 154//1927 
f 1979//1927 1980//1927 120//1927 
f 2058//1927 2059//1927 409//1927 
f 2060//1927 2061//1927 1092//1927 
f 2091//1927 2060//1927 1089//1927 
f 2065//1927 2066//1927 1059//1927 
f 1053//1927 1054//1927 2094//1927 
f 2069//1927 2070//1927 1372//1927 
f 1996//1927 1954//1927 1365//1927 
f 2073//1927 1927//1927 1342//1927 
f 1333//1927 1334//1927 2098//1927 
f 2076//1927 2077//1927 1638//1927 
f 2000//1927 1964//1927 1631//1927 
f 2080//1927 1933//1927 1612//1927 
f 2038//1927 1607//1927 1601//1927 
f 2104//1927 772//1927 788//1927 
f 2107//1927 775//1927 774//1927 
f 775//1927 2107//1927 2110//1927 
f 760//1927 758//1927 2089//1927 
f 2007//1927 2048//1927 753//1927 
f 749//1927 2111//1927 2108//1927 
f 748//1927 747//1927 2109//1927 
f 746//1927 744//1927 2112//1927 
f 743//1927 746//1927 2113//1927 
f 742//1927 2114//1927 2111//1927 
f 733//1927 2115//1927 2116//1927 
f 733//1927 157//1927 2052//1927 
f 152//1927 139//1927 1934//1927 
f 2017//1927 2018//1927 408//1927 
f 1945//1927 1916//1927 1085//1927 
f 2024//1927 1056//1927 1044//1927 
f 2095//1927 2096//1927 1339//1927 
f 2030//1927 2031//1927 1324//1927 
f 2100//1927 2101//1927 1609//1927 
f 2102//1927 2103//1927 776//1927 
f 761//1927 2005//1927 2106//1927 
f 2110//1927 773//1927 775//1927 
f 2086//1927 2087//1927 752//1927 
f 2105//1927 2050//1927 750//1927 
f 2113//1927 2114//1927 743//1927 
f 2111//1927 749//1927 742//1927 
f 2052//1927 2115//1927 733//1927 
f 2112//1927 744//1927 745//1927 
f 440//1927 427//1927 1984//1927 
f 2067//1927 2093//1927 1058//1927 
f 2074//1927 2097//1927 1338//1927 
f 2081//1927 2082//1927 1608//1927 
f 2110//1927 2102//1927 773//1927 
f 2108//1927 2109//1927 747//1927 
f 742//1927 743//1927 2114//1927 
f 745//1927 2116//1927 2112//1927 
f 1090//1927 1077//1927 2063//1927 
f 1636//1927 1623//1927 2035//1927 
f 2042//1927 2004//1927 769//1927 
f 2116//1927 745//1927 733//1927 
f 1370//1927 1357//1927 2028//1927 
f 2112//1927 2113//1927 746//1927 
f 774//1927 761//1927 2106//1927 
f 165//1927 156//1927 2057//1927 
o mesh13
f 2164//1928 2165//1929 2166//1930 
f 2166//1930 2167//1931 2164//1928 
f 2168//1932 2117//1933 2118//1934 
f 2169//1935 2167//1931 2170//1936 
f 2171//1937 2119//1938 2172//1939 
f 2172//1939 2169//1935 2171//1937 
f 2119//1938 2120//1939 2172//1939 
f 2121//1940 2122//1941 2123//1942 
f 1972//1943 1971//1944 2173//1945 
f 2164//1928 1967//1946 1972//1943 
f 1972//1943 2165//1929 2164//1928 
f 2174//1947 2175//1948 2176//1949 
f 2175//1948 2177//1950 2176//1949 
f 2178//1951 2179//1952 2180//1953 
f 2181//1954 2182//1955 2179//1952 
f 2179//1952 2178//1951 2181//1954 
f 2170//1936 2166//1930 2182//1955 
f 2166//1930 2165//1929 2183//1956 
f 2184//1957 2180//1953 2185//1958 
f 2182//1955 2183//1956 2186//1959 
f 2179//1952 2186//1959 2187//1960 
f 2180//1953 2187//1960 2188//1961 
f 2185//1958 2189//1962 2174//1947 
f 2174//1947 2190//1963 2185//1958 
f 2188//1961 2191//1964 2192//1965 
f 2192//1965 2185//1958 2188//1961 
f 2189//1962 2192//1965 2193//1966 
f 2194//1967 2195//1968 2196//1969 
f 2197//1970 2198//1971 2195//1968 
f 2195//1968 2194//1967 2197//1970 
f 2175//1948 2198//1971 2199//1972 
f 2198//1971 2197//1970 2199//1972 
f 2174//1947 2189//1962 2200//1973 
f 2198//1971 2175//1948 2201//1974 
f 2175//1948 2200//1973 2201//1974 
f 2202//1975 2196//1969 2203//1976 
f 2198//1971 2204//1977 2205//1978 
f 2195//1968 2205//1978 2206//1979 
f 2196//1969 2206//1979 2207//1980 
f 2208//1981 2203//1976 2124//1982 
f 2125//1983 2124//1982 2203//1976 
f 2204//1977 2209//1984 2210//1985 
f 2200//1973 2193//1966 2211//1986 
f 2193//1966 2192//1965 2212//1987 
f 2192//1965 2191//1964 2212//1987 
f 2193//1966 2213//1988 2214//1989 
f 2201//1974 2211//1986 2209//1984 
f 2211//1986 2214//1989 2215//1990 
f 2216//1991 2207//1980 2206//1979 
f 2209//1984 2215//1990 2217//1992 
f 2205//1978 2210//1985 2218//1993 
f 2219//1994 2218//1993 2210//1985 
f 2220//1995 2216//1991 2218//1993 
f 2126//1996 2125//1983 2207//1980 
f 2127//1997 2126//1996 2216//1991 
f 2191//1964 2221//1998 2222//1999 
f 2183//1956 2223//2000 2224//2001 
f 2183//1956 2165//1929 2225//2002 
f 2165//1929 2173//1945 2225//2002 
f 2173//1945 1971//1944 1970//2003 
f 2225//2002 1970//2003 1969//2004 
f 1969//2004 2223//2000 2225//2002 
f 2187//1960 2226//2005 2227//2006 
f 1931//2007 2224//2001 2223//2000 
f 2186//1959 2224//2001 2226//2005 
f 2224//2001 1931//2007 1899//2008 
f 2227//2006 2226//2005 1973//2009 
f 2226//2005 1899//2008 1973//2009 
f 2227//2006 2228//2010 2221//1998 
f 2221//1998 2188//1961 2227//2006 
f 1900//2011 2228//2010 2227//2006 
f 2228//2010 1900//2011 1933//2012 
f 1933//2012 2229//2013 2228//2010 
f 2230//2014 2217//1992 2215//1990 
f 2213//1988 2231//2015 2232//2016 
f 2221//1998 2228//2010 2229//2013 
f 2212//1987 2222//1999 2231//2015 
f 2222//1999 2229//2013 2233//2017 
f 2231//2015 2233//2017 2234//2018 
f 2214//1989 2232//2016 2235//2019 
f 2236//2020 2235//2019 2232//2016 
f 2237//2021 2220//1995 2219//1994 
f 2238//2022 2230//2014 2235//2019 
f 2239//2023 2219//1994 2217//1992 
f 2240//2024 2239//2023 2230//2014 
f 2241//2025 2237//2021 2239//2023 
f 2128//2026 2127//1997 2220//1995 
f 2129//2027 2128//2026 2237//2021 
f 2083//2028 2082//2029 2242//2030 
f 2242//2030 2236//2020 2083//2028 
f 2100//2031 2234//2018 2233//2017 
f 2101//2032 2233//2017 2229//2013 
f 2083//2028 2236//2020 2234//2018 
f 2234//2018 2100//2031 2084//2033 
f 2243//2034 2241//2025 2240//2024 
f 2244//2035 2240//2024 2238//2022 
f 2242//2030 2082//2029 2081//2036 
f 2081//2036 2244//2035 2242//2030 
f 2130//2037 2129//2027 2241//2025 
f 2037//2038 2243//2034 2244//2035 
f 2039//2039 2130//2037 2243//2034 
f 2245//2040 2246//2041 2247//2042 
f 2131//2043 2248//2044 2249//2045 
f 2250//2046 2251//2047 2252//2048 
f 2251//2047 2253//2049 2252//2048 
f 2132//2050 2254//2051 2255//2052 
f 2256//2053 2257//2054 2258//2055 
f 2133//2056 2255//2052 2259//2057 
f 2257//2054 2168//1932 2259//2057 
f 2258//2055 2259//2057 2255//2052 
f 2260//2058 2258//2055 2261//2059 
f 2253//2049 2256//2053 2260//2058 
f 2252//2048 2260//2058 2262//2060 
f 2262//2060 2261//2059 2263//2061 
f 2134//2062 2249//2045 2254//2051 
f 2254//2051 2263//2061 2261//2059 
f 2249//2045 2264//2063 2263//2061 
f 2264//2063 2265//2064 2266//2065 
f 2267//2066 2262//2060 2266//2065 
f 2268//2067 2266//2065 2265//2064 
f 2269//2068 2270//2069 2271//2070 
f 2272//2071 2250//2046 2268//2067 
f 2250//2046 2267//2066 2268//2067 
f 2250//2046 2269//2068 2273//2072 
f 2272//2071 2274//2073 2269//2068 
f 2274//2073 2275//2074 2270//2069 
f 2246//2041 2271//2070 2270//2069 
f 2275//2074 2276//2075 2247//2042 
f 2272//2071 2277//2076 2278//2077 
f 2135//2078 2279//2079 2280//2080 
f 2281//2081 2282//2082 2265//2064 
f 2136//2083 2280//2080 2248//2044 
f 2248//2044 2281//2081 2264//2063 
f 2280//2080 2283//2084 2281//2081 
f 2283//2084 2284//2085 2282//2082 
f 2282//2082 2278//2077 2277//2076 
f 2284//2085 2285//2086 2278//2077 
f 2286//2087 2287//2088 2284//2085 
f 2279//2079 2286//2087 2283//2084 
f 2030//2089 2033//2090 2279//2079 
f 2033//2090 2034//2091 2286//2087 
f 2287//2088 2288//2092 2285//2086 
f 2287//2088 2286//2087 2075//2093 
f 2286//2087 2034//2091 2075//2093 
f 2078//2094 2077//2095 2288//2092 
f 2076//2096 2289//2097 2288//2092 
f 2289//2097 2285//2086 2288//2092 
f 2288//2092 2077//2095 2076//2096 
f 2275//2074 2274//2073 2290//2098 
f 2285//2086 2289//2097 2291//2099 
f 2274//2073 2272//2071 2291//2099 
f 2290//2098 2291//2099 2289//2097 
f 2292//2100 2290//2098 2293//2101 
f 2276//2075 2275//2074 2292//2100 
f 2294//2102 2292//2100 2295//2103 
f 2036//2104 2035//2105 2295//2103 
f 2079//2106 2036//2104 2293//2101 
f 2296//2107 2295//2103 1965//2108 
f 2295//2103 2035//2105 1965//2108 
f 2297//2109 2298//2110 2294//2102 
f 2298//2110 2276//2075 2294//2102 
f 2299//2111 2300//2112 2301//2113 
f 2302//2114 2303//2115 2304//2116 
f 2304//2116 2300//2112 2302//2114 
f 2305//2117 2247//2042 2276//2075 
f 2302//2114 2245//2040 2305//2117 
f 2303//2115 2305//2117 2298//2110 
f 2304//2116 2303//2115 2306//2118 
f 2301//2113 2304//2116 2307//2119 
f 2164//1928 2167//1931 2308//2120 
f 2167//1931 2299//2111 2308//2120 
f 2308//2120 2301//2113 2309//2121 
f 2309//2121 2310//2122 2311//2123 
f 2311//2123 2312//2124 2309//2121 
f 2307//2119 2306//2118 2313//2125 
f 1928//2126 1964//2127 2297//2109 
f 2306//2118 2298//2110 2297//2109 
f 2297//2109 1964//2127 2000//2128 
f 2000//2128 2313//2125 2297//2109 
f 2314//2129 2313//2125 1930//2130 
f 2309//2121 2307//2119 2314//2129 
f 1929//2131 1966//2132 2310//2122 
f 2164//1928 2312//2124 1968//2133 
f 1968//2133 2312//2124 2315//2134 
f 2315//2134 2002//2135 1968//2133 
f 2311//2123 2310//2122 2001//2136 
f 2310//2122 1966//2132 2001//2136 
f 2315//2134 2311//2123 2003//2137 
f 2137//2138 2316//2139 2317//2140 
f 2318//2141 2319//2142 2138//2143 
f 2319//2142 2139//2144 2138//2143 
f 2140//2145 2141//2146 2320//2147 
f 2321//2148 2142//2149 2143//2150 
f 2322//2151 2320//2147 2144//2152 
f 2320//2147 2141//2146 2144//2152 
f 2322//2151 2123//1942 2142//2149 
f 2320//2147 2322//2151 2321//2148 
f 2323//2153 2321//2148 2324//2154 
f 2143//2150 2145//2155 2317//2140 
f 2317//2140 2324//2154 2143//2150 
f 2324//2154 2325//2156 2326//2157 
f 2326//2157 2327//2158 2324//2154 
f 2328//2159 2323//2153 2327//2158 
f 2318//2141 2146//2160 2329//2161 
f 2146//2160 2140//2145 2329//2161 
f 2329//2161 2320//2147 2323//2153 
f 2318//2141 2328//2159 2330//2162 
f 2327//2158 2331//2163 2332//2164 
f 2332//2164 2330//2162 2327//2158 
f 2330//2162 2333//2165 2334//2166 
f 2334//2166 2335//2167 2330//2162 
f 2120//1939 2147//2168 2336//2169 
f 2337//2170 2319//2142 2335//2167 
f 2319//2142 2318//2141 2335//2167 
f 2147//2168 2139//2144 2319//2142 
f 2336//2169 2319//2142 2337//2170 
f 2336//2169 2338//2171 2339//2172 
f 2339//2172 2172//1939 2336//2169 
f 2340//2173 2341//2174 2342//2175 
f 2342//2175 2337//2170 2340//2173 
f 2332//2164 2331//2163 2343//2176 
f 2344//2177 2345//2178 2326//2157 
f 2117//1933 2168//1932 2316//2139 
f 2316//2139 2344//2177 2325//2156 
f 2168//1932 2257//2054 2344//2177 
f 2257//2054 2256//2053 2345//2178 
f 2345//2178 2343//2176 2331//2163 
f 2256//2053 2253//2049 2343//2176 
f 2334//2166 2333//2165 2346//2179 
f 2253//2049 2251//2047 2347//2180 
f 2333//2165 2332//2164 2347//2180 
f 2251//2047 2273//2072 2346//2179 
f 2348//2181 2346//2179 2273//2072 
f 2340//2173 2334//2166 2348//2181 
f 2341//2174 2348//2181 2271//2070 
f 2299//2111 2339//2172 2349//2182 
f 2339//2172 2338//2171 2349//2182 
f 2338//2171 2337//2170 2350//2183 
f 2342//2175 2341//2174 2246//2041 
f 2350//2183 2342//2175 2245//2040 
f 2349//2182 2350//2183 2302//2114 
f 2169//1935 2339//2172 2299//2111 
f 2148//2184 2351//2185 2352//2186 
f 2149//2187 2353//2188 2354//2189 
f 2149//2187 2355//2190 2353//2188 
f 2119//1938 2171//1937 2355//2190 
f 2171//1937 2170//1936 2181//1954 
f 2356//2191 2150//2192 2151//2193 
f 2356//2191 2152//2194 2150//2192 
f 2355//2190 2181//1954 2178//1951 
f 2353//2188 2178//1951 2184//1957 
f 2190//1963 2356//2191 2354//2189 
f 2356//2191 2357//2195 2351//2185 
f 2351//2185 2152//2194 2356//2191 
f 2190//1963 2358//2196 2359//2197 
f 2359//2197 2356//2191 2190//1963 
f 2357//2195 2359//2197 2360//2198 
f 2361//2199 2153//2200 2154//2201 
f 2154//2201 2362//2202 2361//2199 
f 2363//2203 2364//2204 2365//2205 
f 2365//2205 2351//2185 2363//2203 
f 2351//2185 2357//2195 2363//2203 
f 2352//2186 2366//2206 2362//2202 
f 2362//2202 2155//2207 2352//2186 
f 2352//2186 2365//2205 2367//2208 
f 2367//2208 2365//2205 2368//2209 
f 2365//2205 2364//2204 2368//2209 
f 2366//2206 2367//2208 2369//2210 
f 2153//2200 2361//2199 2156//2211 
f 2362//2202 2366//2206 2370//2212 
f 2361//2199 2370//2212 2157//2213 
f 2370//2212 2369//2210 2158//2214 
f 2369//2210 2367//2208 2371//2215 
f 2367//2208 2372//2216 2371//2215 
f 2158//2214 2369//2210 2373//2217 
f 2369//2210 2374//2218 2373//2217 
f 2375//2219 2371//2215 2372//2216 
f 2364//2204 2376//2220 2377//2221 
f 2359//2197 2358//2196 2176//1949 
f 2363//2203 2360//2198 2376//2220 
f 2360//2198 2176//1949 2177//1950 
f 2199//1972 2377//2221 2376//2220 
f 2368//2209 2377//2221 2378//2222 
f 2197//1970 2378//2222 2377//2221 
f 2379//2223 2373//2217 2374//2218 
f 2194//1967 2375//2219 2378//2222 
f 2380//2224 2374//2218 2371//2215 
f 2202//1975 2380//2224 2375//2219 
f 2208//1981 2379//2223 2380//2224 
f 2159//2225 2160//2226 2373//2217 
f 2161//2227 2159//2225 2379//2223 
f 2379//2223 2208//1981 2161//2227 
f 2373//2217 2379//2223 2159//2225 
f 2380//2224 2202//1975 2208//1981 
f 2375//2219 2194//1967 2202//1975 
f 2371//2215 2375//2219 2380//2224 
f 2378//2222 2197//1970 2194//1967 
f 2374//2218 2380//2224 2379//2223 
f 2377//2221 2199//1972 2197//1970 
f 2378//2222 2372//2216 2368//2209 
f 2376//2220 2177//1950 2199//1972 
f 2177//1950 2376//2220 2360//2198 
f 2376//2220 2364//2204 2363//2203 
f 2176//1949 2360//2198 2359//2197 
f 2377//2221 2368//2209 2364//2204 
f 2372//2216 2378//2222 2375//2219 
f 2373//2217 2160//2226 2158//2214 
f 2371//2215 2374//2218 2369//2210 
f 2158//2214 2157//2213 2370//2212 
f 2157//2213 2156//2211 2361//2199 
f 2370//2212 2361//2199 2362//2202 
f 2156//2211 2162//2228 2153//2200 
f 2369//2210 2370//2212 2366//2206 
f 2368//2209 2372//2216 2367//2208 
f 2367//2208 2366//2206 2352//2186 
f 2362//2202 2163//2229 2155//2207 
f 2365//2205 2352//2186 2351//2185 
f 2154//2201 2163//2229 2362//2202 
f 2360//2198 2363//2203 2357//2195 
f 2359//2197 2357//2195 2356//2191 
f 2351//2185 2148//2184 2152//2194 
f 2354//2189 2184//1957 2190//1963 
f 2184//1957 2354//2189 2353//2188 
f 2178//1951 2353//2188 2355//2190 
f 2151//2193 2354//2189 2356//2191 
f 2181//1954 2355//2190 2171//1937 
f 2355//2190 2149//2187 2119//1938 
f 2354//2189 2151//2193 2149//2187 
f 2352//2186 2155//2207 2148//2184 
f 2299//2111 2167//1931 2169//1935 
f 2302//2114 2300//2112 2349//2182 
f 2245//2040 2302//2114 2350//2183 
f 2246//2041 2245//2040 2342//2175 
f 2350//2183 2349//2182 2338//2171 
f 2349//2182 2300//2112 2299//2111 
f 2271//2070 2246//2041 2341//2174 
f 2348//2181 2341//2174 2340//2173 
f 2273//2072 2271//2070 2348//2181 
f 2346//2179 2347//2180 2251//2047 
f 2347//2180 2346//2179 2333//2165 
f 2347//2180 2343//2176 2253//2049 
f 2346//2179 2348//2181 2334//2166 
f 2343//2176 2345//2178 2256//2053 
f 2331//2163 2326//2157 2345//2178 
f 2345//2178 2344//2177 2257//2054 
f 2344//2177 2316//2139 2168//1932 
f 2325//2156 2317//2140 2316//2139 
f 2316//2139 2137//2138 2117//1933 
f 2326//2157 2325//2156 2344//2177 
f 2343//2176 2347//2180 2332//2164 
f 2342//2175 2350//2183 2337//2170 
f 2339//2172 2169//1935 2172//1939 
f 2337//2170 2338//2171 2336//2169 
f 2319//2142 2336//2169 2147//2168 
f 2335//2167 2340//2173 2337//2170 
f 2336//2169 2172//1939 2120//1939 
f 2334//2166 2340//2173 2335//2167 
f 2332//2164 2333//2165 2330//2162 
f 2330//2162 2335//2167 2318//2141 
f 2323//2153 2328//2159 2329//2161 
f 2329//2161 2328//2159 2318//2141 
f 2327//2158 2330//2162 2328//2159 
f 2326//2157 2331//2163 2327//2158 
f 2317//2140 2325//2156 2324//2154 
f 2324//2154 2327//2158 2323//2153 
f 2321//2148 2323//2153 2320//2147 
f 2142//2149 2321//2148 2322//2151 
f 2144//2152 2121//1940 2322//2151 
f 2143//2150 2324//2154 2321//2148 
f 2320//2147 2329//2161 2140//2145 
f 2138//2143 2146//2160 2318//2141 
f 2317//2140 2145//2155 2137//2138 
f 2003//2137 2002//2135 2315//2134 
f 2001//2136 2003//2137 2311//2123 
f 1968//2133 1967//1946 2164//1928 
f 2310//2122 2314//2129 1929//2131 
f 2314//2129 2310//2122 2309//2121 
f 1930//2130 1929//2131 2314//2129 
f 2000//2128 1930//2130 2313//2125 
f 2297//2109 2313//2125 2306//2118 
f 2297//2109 2296//2107 1928//2126 
f 2313//2125 2314//2129 2307//2119 
f 2311//2123 2315//2134 2312//2124 
f 2309//2121 2312//2124 2308//2120 
f 2308//2120 2312//2124 2164//1928 
f 2307//2119 2309//2121 2301//2113 
f 2306//2118 2307//2119 2304//2116 
f 2298//2110 2306//2118 2303//2115 
f 2305//2117 2303//2115 2302//2114 
f 2276//2075 2298//2110 2305//2117 
f 2304//2116 2301//2113 2300//2112 
f 2301//2113 2308//2120 2299//2111 
f 2294//2102 2296//2107 2297//2109 
f 1965//2108 1928//2126 2296//2107 
f 2293//2101 2289//2097 2079//2106 
f 2295//2103 2293//2101 2036//2104 
f 2295//2103 2296//2107 2294//2102 
f 2292//2100 2294//2102 2276//2075 
f 2293//2101 2295//2103 2292//2100 
f 2289//2097 2293//2101 2290//2098 
f 2291//2099 2290//2098 2274//2073 
f 2291//2099 2278//2077 2285//2086 
f 2290//2098 2292//2100 2275//2074 
f 2076//2096 2079//2106 2289//2097 
f 2288//2092 2287//2088 2078//2094 
f 2075//2093 2078//2094 2287//2088 
f 2285//2086 2284//2085 2287//2088 
f 2286//2087 2279//2079 2033//2090 
f 2279//2079 2135//2078 2030//2089 
f 2283//2084 2280//2080 2279//2079 
f 2284//2085 2283//2084 2286//2087 
f 2278//2077 2282//2082 2284//2085 
f 2277//2076 2265//2064 2282//2082 
f 2282//2082 2281//2081 2283//2084 
f 2281//2081 2248//2044 2280//2080 
f 2264//2063 2249//2045 2248//2044 
f 2248//2044 2131//2043 2136//2083 
f 2265//2064 2264//2063 2281//2081 
f 2280//2080 2136//2083 2135//2078 
f 2278//2077 2291//2099 2272//2071 
f 2247//2042 2270//2069 2275//2074 
f 2270//2069 2247//2042 2246//2041 
f 2270//2069 2269//2068 2274//2073 
f 2269//2068 2250//2046 2272//2071 
f 2273//2072 2251//2047 2250//2046 
f 2268//2067 2277//2076 2272//2071 
f 2271//2070 2273//2072 2269//2068 
f 2265//2064 2277//2076 2268//2067 
f 2266//2065 2268//2067 2267//2066 
f 2266//2065 2263//2061 2264//2063 
f 2263//2061 2254//2051 2249//2045 
f 2261//2059 2255//2052 2254//2051 
f 2254//2051 2132//2050 2134//2062 
f 2263//2061 2266//2065 2262//2060 
f 2262//2060 2267//2066 2252//2048 
f 2260//2058 2252//2048 2253//2049 
f 2261//2059 2262//2060 2260//2058 
f 2255//2052 2261//2059 2258//2055 
f 2259//2057 2258//2055 2257//2054 
f 2259//2057 2118//1934 2133//2056 
f 2258//2055 2260//2058 2256//2053 
f 2255//2052 2133//2056 2132//2050 
f 2252//2048 2267//2066 2250//2046 
f 2249//2045 2134//2062 2131//2043 
f 2247//2042 2305//2117 2245//2040 
f 2243//2034 2037//2038 2039//2039 
f 2244//2035 2038//2230 2037//2038 
f 2241//2025 2243//2034 2130//2037 
f 2081//2036 2038//2230 2244//2035 
f 2238//2022 2242//2030 2244//2035 
f 2240//2024 2244//2035 2243//2034 
f 2234//2018 2084//2033 2083//2028 
f 2229//2013 2080//2231 2101//2032 
f 2233//2017 2101//2032 2100//2031 
f 2242//2030 2238//2022 2236//2020 
f 2237//2021 2241//2025 2129//2027 
f 2220//1995 2237//2021 2128//2026 
f 2239//2023 2240//2024 2241//2025 
f 2230//2014 2238//2022 2240//2024 
f 2217//1992 2230//2014 2239//2023 
f 2235//2019 2236//2020 2238//2022 
f 2219//1994 2239//2023 2237//2021 
f 2232//2016 2234//2018 2236//2020 
f 2235//2019 2215//1990 2214//1989 
f 2234//2018 2232//2016 2231//2015 
f 2233//2017 2231//2015 2222//1999 
f 2231//2015 2213//1988 2212//1987 
f 2229//2013 2222//1999 2221//1998 
f 2232//2016 2214//1989 2213//1988 
f 2215//1990 2235//2019 2230//2014 
f 1933//2012 2080//2231 2229//2013 
f 2227//2006 1901//2232 1900//2011 
f 2221//1998 2191//1964 2188//1961 
f 1973//2009 1901//2232 2227//2006 
f 1899//2008 2226//2005 2224//2001 
f 2226//2005 2187//1960 2186//1959 
f 2223//2000 1932//2233 1931//2007 
f 2227//2006 2188//1961 2187//1960 
f 1969//2004 1932//2233 2223//2000 
f 1970//2003 2225//2002 2173//1945 
f 2225//2002 2223//2000 2183//1956 
f 2224//2001 2186//1959 2183//1956 
f 2222//1999 2212//1987 2191//1964 
f 2216//1991 2220//1995 2127//1997 
f 2207//1980 2216//1991 2126//1996 
f 2218//1993 2219//1994 2220//1995 
f 2210//1985 2217//1992 2219//1994 
f 2218//1993 2206//1979 2205//1978 
f 2217//1992 2210//1985 2209//1984 
f 2206//1979 2218//1993 2216//1991 
f 2215//1990 2209//1984 2211//1986 
f 2209//1984 2204//1977 2201//1974 
f 2214//1989 2211//1986 2193//1966 
f 2212//1987 2213//1988 2193//1966 
f 2211//1986 2201//1974 2200//1973 
f 2210//1985 2205//1978 2204//1977 
f 2203//1976 2207//1980 2125//1983 
f 2124//1982 2161//2227 2208//1981 
f 2207//1980 2203//1976 2196//1969 
f 2206//1979 2196//1969 2195//1968 
f 2205//1978 2195//1968 2198//1971 
f 2203//1976 2208//1981 2202//1975 
f 2201//1974 2204//1977 2198//1971 
f 2200//1973 2175//1948 2174//1947 
f 2199//1972 2177//1950 2175//1948 
f 2196//1969 2202//1975 2194//1967 
f 2193//1966 2200//1973 2189//1962 
f 2192//1965 2189//1962 2185//1958 
f 2174//1947 2358//2196 2190//1963 
f 2188//1961 2185//1958 2180//1953 
f 2187//1960 2180//1953 2179//1952 
f 2186//1959 2179//1952 2182//1955 
f 2185//1958 2190//1963 2184//1957 
f 2183//1956 2182//1955 2166//1930 
f 2182//1955 2181//1954 2170//1936 
f 2180//1953 2184//1957 2178//1951 
f 2176//1949 2358//2196 2174//1947 
f 2173//1945 2165//1929 1972//1943 
f 2123//1942 2322//2151 2121//1940 
f 2170//1936 2171//1937 2169//1935 
f 2118//1934 2259//2057 2168//1932 
f 2166//1930 2170//1936 2167//1931 
o mesh14
f 2413//2234 2414//2235 2415//2236 
f 2415//2236 2416//2237 2413//2234 
f 2417//2238 2381//2239 2382//2240 
f 2418//2241 2416//2237 2419//2242 
f 2420//2243 2383//2244 2421//2245 
f 2421//2245 2418//2241 2420//2243 
f 2383//2244 2384//2245 2421//2245 
f 2385//2246 2386//2247 2387//2248 
f 1962//2249 1961//2250 2422//2251 
f 2413//2234 1957//2252 1962//2249 
f 1962//2249 2414//2235 2413//2234 
f 2423//2253 2424//2254 2425//2255 
f 2424//2254 2426//2256 2425//2255 
f 2427//2257 2428//2258 2429//2259 
f 2430//2260 2431//2261 2428//2258 
f 2428//2258 2427//2257 2430//2260 
f 2419//2242 2415//2236 2431//2261 
f 2415//2236 2414//2235 2432//2262 
f 2433//2263 2429//2259 2434//2264 
f 2431//2261 2432//2262 2435//2265 
f 2428//2258 2435//2265 2436//2266 
f 2429//2259 2436//2266 2437//2267 
f 2434//2264 2438//2268 2423//2253 
f 2423//2253 2439//2269 2434//2264 
f 2437//2267 2440//2270 2441//2271 
f 2441//2271 2434//2264 2437//2267 
f 2438//2268 2441//2271 2442//2272 
f 2443//2273 2444//2274 2445//2275 
f 2446//2276 2447//2277 2444//2274 
f 2444//2274 2443//2273 2446//2276 
f 2424//2254 2447//2277 2448//2278 
f 2447//2277 2446//2276 2448//2278 
f 2423//2253 2438//2268 2449//2279 
f 2447//2277 2424//2254 2450//2280 
f 2424//2254 2449//2279 2450//2280 
f 2451//2281 2445//2275 2452//2282 
f 2447//2277 2453//2283 2454//2284 
f 2444//2274 2454//2284 2455//2285 
f 2445//2275 2455//2285 2456//2286 
f 2457//2287 2452//2282 2118//2288 
f 2133//2289 2118//2288 2452//2282 
f 2453//2283 2458//2290 2459//2291 
f 2449//2279 2442//2272 2460//2292 
f 2442//2272 2441//2271 2461//2293 
f 2441//2271 2440//2270 2461//2293 
f 2442//2272 2462//2294 2463//2295 
f 2450//2280 2460//2292 2458//2290 
f 2460//2292 2463//2295 2464//2296 
f 2465//2297 2456//2286 2455//2285 
f 2458//2290 2464//2296 2466//2298 
f 2454//2284 2459//2291 2467//2299 
f 2468//2300 2467//2299 2459//2291 
f 2469//2301 2465//2297 2467//2299 
f 2132//2302 2133//2289 2456//2286 
f 2134//2303 2132//2302 2465//2297 
f 2440//2270 2470//2304 2471//2305 
f 2432//2262 2472//2306 2473//2307 
f 2432//2262 2414//2235 2474//2308 
f 2414//2235 2422//2251 2474//2308 
f 2422//2251 1961//2250 1960//2309 
f 2474//2308 1960//2309 1959//2310 
f 1959//2310 2472//2306 2474//2308 
f 2436//2266 2475//2311 2476//2312 
f 1925//2313 2473//2307 2472//2306 
f 2435//2265 2473//2307 2475//2311 
f 2473//2307 1925//2313 1896//2314 
f 2476//2312 2475//2311 1963//2315 
f 2475//2311 1896//2314 1963//2315 
f 2476//2312 2477//2316 2470//2304 
f 2470//2304 2437//2267 2476//2312 
f 1897//2317 2477//2316 2476//2312 
f 2477//2316 1897//2317 1927//2318 
f 1927//2318 2478//2319 2477//2316 
f 2479//2320 2466//2298 2464//2296 
f 2462//2294 2480//2321 2481//2322 
f 2470//2304 2477//2316 2478//2319 
f 2461//2293 2471//2305 2480//2321 
f 2471//2305 2478//2319 2482//2323 
f 2480//2321 2482//2323 2483//2324 
f 2463//2295 2481//2322 2484//2325 
f 2485//2326 2484//2325 2481//2322 
f 2486//2327 2469//2301 2468//2300 
f 2487//2328 2479//2320 2484//2325 
f 2488//2329 2468//2300 2466//2298 
f 2489//2330 2488//2329 2479//2320 
f 2490//2331 2486//2327 2488//2329 
f 2131//2332 2134//2303 2469//2301 
f 2136//2333 2131//2332 2486//2327 
f 2098//2334 2097//2335 2491//2336 
f 2491//2336 2485//2326 2098//2334 
f 2095//2337 2483//2324 2482//2323 
f 2096//2338 2482//2323 2478//2319 
f 2098//2334 2485//2326 2483//2324 
f 2483//2324 2095//2337 2099//2339 
f 2492//2340 2490//2331 2489//2330 
f 2493//2341 2489//2330 2487//2328 
f 2491//2336 2097//2335 2074//2342 
f 2074//2342 2493//2341 2491//2336 
f 2135//2343 2136//2333 2490//2331 
f 2031//2344 2492//2340 2493//2341 
f 2030//2345 2135//2343 2492//2340 
f 2494//2346 2495//2347 2496//2348 
f 2388//2349 2497//2350 2498//2351 
f 2499//2352 2500//2353 2501//2354 
f 2500//2353 2502//2355 2501//2354 
f 2389//2356 2503//2357 2504//2358 
f 2505//2359 2506//2360 2507//2361 
f 2390//2362 2504//2358 2508//2363 
f 2506//2360 2417//2238 2508//2363 
f 2507//2361 2508//2363 2504//2358 
f 2509//2364 2507//2361 2510//2365 
f 2502//2355 2505//2359 2509//2364 
f 2501//2354 2509//2364 2511//2366 
f 2511//2366 2510//2365 2512//2367 
f 2391//2368 2498//2351 2503//2357 
f 2503//2357 2512//2367 2510//2365 
f 2498//2351 2513//2369 2512//2367 
f 2513//2369 2514//2370 2515//2371 
f 2516//2372 2511//2366 2515//2371 
f 2517//2373 2515//2371 2514//2370 
f 2518//2374 2519//2375 2520//2376 
f 2521//2377 2499//2352 2517//2373 
f 2499//2352 2516//2372 2517//2373 
f 2499//2352 2518//2374 2522//2378 
f 2521//2377 2523//2379 2518//2374 
f 2523//2379 2524//2380 2519//2375 
f 2495//2347 2520//2376 2519//2375 
f 2524//2380 2525//2381 2496//2348 
f 2521//2377 2526//2382 2527//2383 
f 2392//2384 2528//2385 2529//2386 
f 2530//2387 2531//2388 2514//2370 
f 2393//2389 2529//2386 2497//2350 
f 2497//2350 2530//2387 2513//2369 
f 2529//2386 2532//2390 2530//2387 
f 2532//2390 2533//2391 2531//2388 
f 2531//2388 2527//2383 2526//2382 
f 2533//2391 2534//2392 2527//2383 
f 2535//2393 2536//2394 2533//2391 
f 2528//2385 2535//2393 2532//2390 
f 2025//2395 2027//2396 2528//2385 
f 2027//2396 2026//2397 2535//2393 
f 2536//2394 2537//2398 2534//2392 
f 2536//2394 2535//2393 2068//2399 
f 2535//2393 2026//2397 2068//2399 
f 2071//2400 2070//2401 2537//2398 
f 2069//2402 2538//2403 2537//2398 
f 2538//2403 2534//2392 2537//2398 
f 2537//2398 2070//2401 2069//2402 
f 2524//2380 2523//2379 2539//2404 
f 2534//2392 2538//2403 2540//2405 
f 2523//2379 2521//2377 2540//2405 
f 2539//2404 2540//2405 2538//2403 
f 2541//2406 2539//2404 2542//2407 
f 2525//2381 2524//2380 2541//2406 
f 2543//2408 2541//2406 2544//2409 
f 2029//2410 2028//2411 2544//2409 
f 2072//2412 2029//2410 2542//2407 
f 2545//2413 2544//2409 1955//2414 
f 2544//2409 2028//2411 1955//2414 
f 2546//2415 2547//2416 2543//2408 
f 2547//2416 2525//2381 2543//2408 
f 2548//2417 2549//2418 2550//2419 
f 2551//2420 2552//2421 2553//2422 
f 2553//2422 2549//2418 2551//2420 
f 2554//2423 2496//2348 2525//2381 
f 2551//2420 2494//2346 2554//2423 
f 2552//2421 2554//2423 2547//2416 
f 2553//2422 2552//2421 2555//2424 
f 2550//2419 2553//2422 2556//2425 
f 2413//2234 2416//2237 2557//2426 
f 2416//2237 2548//2417 2557//2426 
f 2557//2426 2550//2419 2558//2427 
f 2558//2427 2559//2428 2560//2429 
f 2560//2429 2561//2430 2558//2427 
f 2556//2425 2555//2424 2562//2431 
f 1922//2432 1954//2433 2546//2415 
f 2555//2424 2547//2416 2546//2415 
f 2546//2415 1954//2433 1996//2434 
f 1996//2434 2562//2431 2546//2415 
f 2563//2435 2562//2431 1924//2436 
f 2558//2427 2556//2425 2563//2435 
f 1923//2437 1956//2438 2559//2428 
f 2413//2234 2561//2430 1958//2439 
f 1958//2439 2561//2430 2564//2440 
f 2564//2440 1998//2441 1958//2439 
f 2560//2429 2559//2428 1997//2442 
f 2559//2428 1956//2438 1997//2442 
f 2564//2440 2560//2429 1999//2443 
f 2394//2444 2565//2445 2566//2446 
f 2395//2447 2396//2448 2567//2449 
f 2397//2450 2398//2451 2568//2452 
f 2569//2453 2399//2454 2400//2455 
f 2398//2451 2385//2246 2570//2456 
f 2570//2456 2387//2248 2399//2454 
f 2568//2452 2570//2456 2569//2453 
f 2571//2457 2569//2453 2572//2458 
f 2400//2455 2401//2459 2566//2446 
f 2566//2446 2572//2458 2400//2455 
f 2572//2458 2573//2460 2574//2461 
f 2574//2461 2575//2462 2572//2458 
f 2576//2463 2571//2457 2575//2462 
f 2567//2449 2396//2448 2577//2464 
f 2396//2448 2397//2450 2577//2464 
f 2577//2464 2568//2452 2571//2457 
f 2567//2449 2576//2463 2578//2465 
f 2575//2462 2579//2466 2580//2467 
f 2580//2467 2578//2465 2575//2462 
f 2578//2465 2581//2468 2582//2469 
f 2582//2469 2583//2470 2578//2465 
f 2421//2245 2384//2245 2402//2471 
f 2402//2471 2584//2472 2421//2245 
f 2585//2473 2586//2474 2583//2470 
f 2586//2474 2567//2449 2583//2470 
f 2403//2475 2395//2447 2586//2474 
f 2584//2472 2586//2474 2585//2473 
f 2584//2472 2587//2476 2588//2477 
f 2588//2477 2421//2245 2584//2472 
f 2589//2478 2590//2479 2591//2480 
f 2591//2480 2585//2473 2589//2478 
f 2580//2467 2579//2466 2592//2481 
f 2593//2482 2594//2483 2574//2461 
f 2381//2239 2417//2238 2565//2445 
f 2565//2445 2593//2482 2573//2460 
f 2417//2238 2506//2360 2593//2482 
f 2506//2360 2505//2359 2594//2483 
f 2594//2483 2592//2481 2579//2466 
f 2505//2359 2502//2355 2592//2481 
f 2582//2469 2581//2468 2595//2484 
f 2502//2355 2500//2353 2596//2485 
f 2581//2468 2580//2467 2596//2485 
f 2500//2353 2522//2378 2595//2484 
f 2597//2486 2595//2484 2522//2378 
f 2589//2478 2582//2469 2597//2486 
f 2590//2479 2597//2486 2520//2376 
f 2548//2417 2588//2477 2598//2487 
f 2588//2477 2587//2476 2598//2487 
f 2587//2476 2585//2473 2599//2488 
f 2591//2480 2590//2479 2495//2347 
f 2599//2488 2591//2480 2494//2346 
f 2598//2487 2599//2488 2551//2420 
f 2418//2241 2588//2477 2548//2417 
f 2600//2489 2404//2490 2405//2491 
f 2600//2489 2406//2492 2404//2490 
f 2407//2493 2601//2494 2602//2495 
f 2407//2493 2603//2496 2601//2494 
f 2383//2244 2420//2243 2603//2496 
f 2420//2243 2419//2242 2430//2260 
f 2408//2497 2602//2495 2604//2498 
f 2603//2496 2430//2260 2427//2257 
f 2601//2494 2427//2257 2433//2263 
f 2439//2269 2604//2498 2602//2495 
f 2604//2498 2605//2499 2606//2500 
f 2606//2500 2409//2501 2604//2498 
f 2439//2269 2607//2502 2608//2503 
f 2608//2503 2604//2498 2439//2269 
f 2605//2499 2608//2503 2609//2504 
f 2410//2505 2610//2506 2611//2507 
f 2612//2508 2613//2509 2614//2510 
f 2614//2510 2606//2500 2612//2508 
f 2606//2500 2605//2499 2612//2508 
f 2615//2511 2411//2512 2406//2492 
f 2411//2512 2615//2511 2610//2506 
f 2610//2506 2410//2505 2411//2512 
f 2600//2489 2614//2510 2616//2513 
f 2616//2513 2614//2510 2617//2514 
f 2614//2510 2613//2509 2617//2514 
f 2615//2511 2616//2513 2618//2515 
f 2412//2516 2611//2507 2123//2517 
f 2610//2506 2615//2511 2619//2518 
f 2611//2507 2619//2518 2142//2519 
f 2619//2518 2618//2515 2143//2520 
f 2618//2515 2616//2513 2620//2521 
f 2616//2513 2621//2522 2620//2521 
f 2143//2520 2618//2515 2622//2523 
f 2618//2515 2623//2524 2622//2523 
f 2624//2525 2620//2521 2621//2522 
f 2613//2509 2625//2526 2626//2527 
f 2608//2503 2607//2502 2425//2255 
f 2612//2508 2609//2504 2625//2526 
f 2609//2504 2425//2255 2426//2256 
f 2448//2278 2626//2527 2625//2526 
f 2617//2514 2626//2527 2627//2528 
f 2446//2276 2627//2528 2626//2527 
f 2628//2529 2622//2523 2623//2524 
f 2443//2273 2624//2525 2627//2528 
f 2629//2530 2623//2524 2620//2521 
f 2451//2281 2629//2530 2624//2525 
f 2457//2287 2628//2529 2629//2530 
f 2137//2531 2145//2532 2622//2523 
f 2117//2533 2137//2531 2628//2529 
f 2628//2529 2457//2287 2117//2533 
f 2622//2523 2628//2529 2137//2531 
f 2629//2530 2451//2281 2457//2287 
f 2624//2525 2443//2273 2451//2281 
f 2620//2521 2624//2525 2629//2530 
f 2627//2528 2446//2276 2443//2273 
f 2623//2524 2629//2530 2628//2529 
f 2626//2527 2448//2278 2446//2276 
f 2627//2528 2621//2522 2617//2514 
f 2625//2526 2426//2256 2448//2278 
f 2426//2256 2625//2526 2609//2504 
f 2625//2526 2613//2509 2612//2508 
f 2425//2255 2609//2504 2608//2503 
f 2626//2527 2617//2514 2613//2509 
f 2621//2522 2627//2528 2624//2525 
f 2622//2523 2145//2532 2143//2520 
f 2620//2521 2623//2524 2618//2515 
f 2143//2520 2142//2519 2619//2518 
f 2142//2519 2123//2517 2611//2507 
f 2619//2518 2611//2507 2610//2506 
f 2123//2517 2122//2534 2412//2516 
f 2618//2515 2619//2518 2615//2511 
f 2617//2514 2621//2522 2616//2513 
f 2616//2513 2615//2511 2600//2489 
f 2406//2492 2600//2489 2615//2511 
f 2614//2510 2600//2489 2606//2500 
f 2611//2507 2412//2516 2410//2505 
f 2609//2504 2612//2508 2605//2499 
f 2608//2503 2605//2499 2604//2498 
f 2606//2500 2405//2491 2409//2501 
f 2602//2495 2433//2263 2439//2269 
f 2433//2263 2602//2495 2601//2494 
f 2427//2257 2601//2494 2603//2496 
f 2604//2498 2409//2501 2408//2497 
f 2430//2260 2603//2496 2420//2243 
f 2603//2496 2407//2493 2383//2244 
f 2602//2495 2408//2497 2407//2493 
f 2405//2491 2606//2500 2600//2489 
f 2548//2417 2416//2237 2418//2241 
f 2551//2420 2549//2418 2598//2487 
f 2494//2346 2551//2420 2599//2488 
f 2495//2347 2494//2346 2591//2480 
f 2599//2488 2598//2487 2587//2476 
f 2598//2487 2549//2418 2548//2417 
f 2520//2376 2495//2347 2590//2479 
f 2597//2486 2590//2479 2589//2478 
f 2522//2378 2520//2376 2597//2486 
f 2595//2484 2596//2485 2500//2353 
f 2596//2485 2595//2484 2581//2468 
f 2596//2485 2592//2481 2502//2355 
f 2595//2484 2597//2486 2582//2469 
f 2592//2481 2594//2483 2505//2359 
f 2579//2466 2574//2461 2594//2483 
f 2594//2483 2593//2482 2506//2360 
f 2593//2482 2565//2445 2417//2238 
f 2573//2460 2566//2446 2565//2445 
f 2565//2445 2394//2444 2381//2239 
f 2574//2461 2573//2460 2593//2482 
f 2592//2481 2596//2485 2580//2467 
f 2591//2480 2599//2488 2585//2473 
f 2588//2477 2418//2241 2421//2245 
f 2585//2473 2587//2476 2584//2472 
f 2586//2474 2584//2472 2403//2475 
f 2583//2470 2589//2478 2585//2473 
f 2402//2471 2403//2475 2584//2472 
f 2582//2469 2589//2478 2583//2470 
f 2580//2467 2581//2468 2578//2465 
f 2578//2465 2583//2470 2567//2449 
f 2571//2457 2576//2463 2577//2464 
f 2577//2464 2576//2463 2567//2449 
f 2575//2462 2578//2465 2576//2463 
f 2574//2461 2579//2466 2575//2462 
f 2566//2446 2573//2460 2572//2458 
f 2572//2458 2575//2462 2571//2457 
f 2569//2453 2571//2457 2568//2452 
f 2399//2454 2569//2453 2570//2456 
f 2570//2456 2568//2452 2398//2451 
f 2400//2455 2572//2458 2569//2453 
f 2568//2452 2577//2464 2397//2450 
f 2567//2449 2586//2474 2395//2447 
f 2566//2446 2401//2459 2394//2444 
f 1999//2443 1998//2441 2564//2440 
f 1997//2442 1999//2443 2560//2429 
f 1958//2439 1957//2252 2413//2234 
f 2559//2428 2563//2435 1923//2437 
f 2563//2435 2559//2428 2558//2427 
f 1924//2436 1923//2437 2563//2435 
f 1996//2434 1924//2436 2562//2431 
f 2546//2415 2562//2431 2555//2424 
f 2546//2415 2545//2413 1922//2432 
f 2562//2431 2563//2435 2556//2425 
f 2560//2429 2564//2440 2561//2430 
f 2558//2427 2561//2430 2557//2426 
f 2557//2426 2561//2430 2413//2234 
f 2556//2425 2558//2427 2550//2419 
f 2555//2424 2556//2425 2553//2422 
f 2547//2416 2555//2424 2552//2421 
f 2554//2423 2552//2421 2551//2420 
f 2525//2381 2547//2416 2554//2423 
f 2553//2422 2550//2419 2549//2418 
f 2550//2419 2557//2426 2548//2417 
f 2543//2408 2545//2413 2546//2415 
f 1955//2414 1922//2432 2545//2413 
f 2542//2407 2538//2403 2072//2412 
f 2544//2409 2542//2407 2029//2410 
f 2544//2409 2545//2413 2543//2408 
f 2541//2406 2543//2408 2525//2381 
f 2542//2407 2544//2409 2541//2406 
f 2538//2403 2542//2407 2539//2404 
f 2540//2405 2539//2404 2523//2379 
f 2540//2405 2527//2383 2534//2392 
f 2539//2404 2541//2406 2524//2380 
f 2069//2402 2072//2412 2538//2403 
f 2537//2398 2536//2394 2071//2400 
f 2068//2399 2071//2400 2536//2394 
f 2534//2392 2533//2391 2536//2394 
f 2535//2393 2528//2385 2027//2396 
f 2528//2385 2392//2384 2025//2395 
f 2532//2390 2529//2386 2528//2385 
f 2533//2391 2532//2390 2535//2393 
f 2527//2383 2531//2388 2533//2391 
f 2526//2382 2514//2370 2531//2388 
f 2531//2388 2530//2387 2532//2390 
f 2530//2387 2497//2350 2529//2386 
f 2513//2369 2498//2351 2497//2350 
f 2497//2350 2388//2349 2393//2389 
f 2514//2370 2513//2369 2530//2387 
f 2529//2386 2393//2389 2392//2384 
f 2527//2383 2540//2405 2521//2377 
f 2496//2348 2519//2375 2524//2380 
f 2519//2375 2496//2348 2495//2347 
f 2519//2375 2518//2374 2523//2379 
f 2518//2374 2499//2352 2521//2377 
f 2522//2378 2500//2353 2499//2352 
f 2517//2373 2526//2382 2521//2377 
f 2520//2376 2522//2378 2518//2374 
f 2514//2370 2526//2382 2517//2373 
f 2515//2371 2517//2373 2516//2372 
f 2515//2371 2512//2367 2513//2369 
f 2512//2367 2503//2357 2498//2351 
f 2510//2365 2504//2358 2503//2357 
f 2503//2357 2389//2356 2391//2368 
f 2512//2367 2515//2371 2511//2366 
f 2511//2366 2516//2372 2501//2354 
f 2509//2364 2501//2354 2502//2355 
f 2510//2365 2511//2366 2509//2364 
f 2504//2358 2510//2365 2507//2361 
f 2508//2363 2507//2361 2506//2360 
f 2508//2363 2382//2240 2390//2362 
f 2507//2361 2509//2364 2505//2359 
f 2504//2358 2390//2362 2389//2356 
f 2501//2354 2516//2372 2499//2352 
f 2498//2351 2391//2368 2388//2349 
f 2496//2348 2554//2423 2494//2346 
f 2492//2340 2031//2344 2030//2345 
f 2493//2341 2032//2535 2031//2344 
f 2490//2331 2492//2340 2135//2343 
f 2074//2342 2032//2535 2493//2341 
f 2487//2328 2491//2336 2493//2341 
f 2489//2330 2493//2341 2492//2340 
f 2483//2324 2099//2339 2098//2334 
f 2478//2319 2073//2536 2096//2338 
f 2482//2323 2096//2338 2095//2337 
f 2491//2336 2487//2328 2485//2326 
f 2486//2327 2490//2331 2136//2333 
f 2469//2301 2486//2327 2131//2332 
f 2488//2329 2489//2330 2490//2331 
f 2479//2320 2487//2328 2489//2330 
f 2466//2298 2479//2320 2488//2329 
f 2484//2325 2485//2326 2487//2328 
f 2468//2300 2488//2329 2486//2327 
f 2481//2322 2483//2324 2485//2326 
f 2484//2325 2464//2296 2463//2295 
f 2483//2324 2481//2322 2480//2321 
f 2482//2323 2480//2321 2471//2305 
f 2480//2321 2462//2294 2461//2293 
f 2478//2319 2471//2305 2470//2304 
f 2481//2322 2463//2295 2462//2294 
f 2464//2296 2484//2325 2479//2320 
f 1927//2318 2073//2536 2478//2319 
f 2476//2312 1898//2537 1897//2317 
f 2470//2304 2440//2270 2437//2267 
f 1963//2315 1898//2537 2476//2312 
f 1896//2314 2475//2311 2473//2307 
f 2475//2311 2436//2266 2435//2265 
f 2472//2306 1926//2538 1925//2313 
f 2476//2312 2437//2267 2436//2266 
f 1959//2310 1926//2538 2472//2306 
f 1960//2309 2474//2308 2422//2251 
f 2474//2308 2472//2306 2432//2262 
f 2473//2307 2435//2265 2432//2262 
f 2471//2305 2461//2293 2440//2270 
f 2465//2297 2469//2301 2134//2303 
f 2456//2286 2465//2297 2132//2302 
f 2467//2299 2468//2300 2469//2301 
f 2459//2291 2466//2298 2468//2300 
f 2467//2299 2455//2285 2454//2284 
f 2466//2298 2459//2291 2458//2290 
f 2455//2285 2467//2299 2465//2297 
f 2464//2296 2458//2290 2460//2292 
f 2458//2290 2453//2283 2450//2280 
f 2463//2295 2460//2292 2442//2272 
f 2461//2293 2462//2294 2442//2272 
f 2460//2292 2450//2280 2449//2279 
f 2459//2291 2454//2284 2453//2283 
f 2452//2282 2456//2286 2133//2289 
f 2118//2288 2117//2533 2457//2287 
f 2456//2286 2452//2282 2445//2275 
f 2455//2285 2445//2275 2444//2274 
f 2454//2284 2444//2274 2447//2277 
f 2452//2282 2457//2287 2451//2281 
f 2450//2280 2453//2283 2447//2277 
f 2449//2279 2424//2254 2423//2253 
f 2448//2278 2426//2256 2424//2254 
f 2445//2275 2451//2281 2443//2273 
f 2442//2272 2449//2279 2438//2268 
f 2441//2271 2438//2268 2434//2264 
f 2423//2253 2607//2502 2439//2269 
f 2437//2267 2434//2264 2429//2259 
f 2436//2266 2429//2259 2428//2258 
f 2435//2265 2428//2258 2431//2261 
f 2434//2264 2439//2269 2433//2263 
f 2432//2262 2431//2261 2415//2236 
f 2431//2261 2430//2260 2419//2242 
f 2429//2259 2433//2263 2427//2257 
f 2425//2255 2607//2502 2423//2253 
f 2422//2251 2414//2235 1962//2249 
f 2387//2248 2570//2456 2385//2246 
f 2419//2242 2420//2243 2418//2241 
f 2382//2240 2508//2363 2417//2238 
f 2415//2236 2419//2242 2416//2237 
o mesh15
f 2662//2539 2663//2540 2664//2541 
f 2664//2541 2665//2542 2662//2539 
f 2666//2543 2630//2544 2631//2545 
f 2667//2546 2665//2542 2668//2547 
f 2669//2548 2632//2549 2670//2550 
f 2632//2549 2633//2550 2670//2550 
f 2670//2550 2667//2546 2669//2548 
f 2634//2551 2635//2552 2636//2553 
f 1994//2554 1993//2555 2671//2556 
f 2662//2539 1950//2557 1994//2554 
f 1994//2554 2663//2540 2662//2539 
f 2672//2558 2673//2559 2674//2560 
f 2673//2559 2675//2561 2674//2560 
f 2676//2562 2677//2563 2678//2564 
f 2679//2565 2680//2566 2677//2563 
f 2677//2563 2676//2562 2679//2565 
f 2668//2547 2664//2541 2680//2566 
f 2664//2541 2663//2540 2681//2567 
f 2682//2568 2678//2564 2683//2569 
f 2680//2566 2681//2567 2684//2570 
f 2677//2563 2684//2570 2685//2571 
f 2678//2564 2685//2571 2686//2572 
f 2683//2569 2687//2573 2672//2558 
f 2672//2558 2688//2574 2683//2569 
f 2686//2572 2689//2575 2690//2576 
f 2690//2576 2683//2569 2686//2572 
f 2687//2573 2690//2576 2691//2577 
f 2692//2578 2693//2579 2694//2580 
f 2695//2581 2696//2582 2693//2579 
f 2693//2579 2692//2578 2695//2581 
f 2673//2559 2696//2582 2697//2583 
f 2696//2582 2695//2581 2697//2583 
f 2672//2558 2687//2573 2698//2584 
f 2696//2582 2673//2559 2699//2585 
f 2673//2559 2698//2584 2699//2585 
f 2700//2586 2694//2580 2701//2587 
f 2696//2582 2702//2588 2703//2589 
f 2693//2579 2703//2589 2704//2590 
f 2694//2580 2704//2590 2705//2591 
f 2706//2592 2701//2587 2382//2593 
f 2390//2594 2382//2593 2701//2587 
f 2702//2588 2707//2595 2708//2596 
f 2698//2584 2691//2577 2709//2597 
f 2691//2577 2690//2576 2710//2598 
f 2690//2576 2689//2575 2710//2598 
f 2691//2577 2711//2599 2712//2600 
f 2699//2585 2709//2597 2707//2595 
f 2709//2597 2712//2600 2713//2601 
f 2714//2602 2705//2591 2704//2590 
f 2707//2595 2713//2601 2715//2603 
f 2703//2589 2708//2596 2716//2604 
f 2717//2605 2716//2604 2708//2596 
f 2718//2606 2714//2602 2716//2604 
f 2389//2607 2390//2594 2705//2591 
f 2391//2608 2389//2607 2714//2602 
f 2689//2575 2719//2609 2720//2610 
f 2681//2567 2721//2611 2722//2612 
f 2681//2567 2663//2540 2723//2613 
f 2663//2540 2671//2556 2723//2613 
f 2671//2556 1993//2555 1992//2614 
f 2723//2613 1992//2614 1991//2615 
f 1991//2615 2721//2611 2723//2613 
f 2685//2571 2724//2616 2725//2617 
f 1951//2618 2722//2612 2721//2611 
f 2684//2570 2722//2612 2724//2616 
f 2722//2612 1951//2618 1919//2619 
f 2725//2617 2724//2616 1995//2620 
f 2724//2616 1919//2619 1995//2620 
f 2725//2617 2726//2621 2719//2609 
f 2719//2609 2686//2572 2725//2617 
f 1920//2622 2726//2621 2725//2617 
f 2726//2621 1920//2622 1953//2623 
f 1953//2623 2727//2624 2726//2621 
f 2728//2625 2715//2603 2713//2601 
f 2711//2599 2729//2626 2730//2627 
f 2719//2609 2726//2621 2727//2624 
f 2710//2598 2720//2610 2729//2626 
f 2720//2610 2727//2624 2731//2628 
f 2729//2626 2731//2628 2732//2629 
f 2712//2600 2730//2627 2733//2630 
f 2734//2631 2733//2630 2730//2627 
f 2735//2632 2718//2606 2717//2605 
f 2736//2633 2728//2625 2733//2630 
f 2737//2634 2717//2605 2715//2603 
f 2738//2635 2737//2634 2728//2625 
f 2739//2636 2735//2632 2737//2634 
f 2388//2637 2391//2608 2718//2606 
f 2393//2638 2388//2637 2735//2632 
f 2094//2639 2093//2640 2740//2641 
f 2740//2641 2734//2631 2094//2639 
f 2065//2642 2732//2629 2731//2628 
f 2066//2643 2731//2628 2727//2624 
f 2094//2639 2734//2631 2732//2629 
f 2732//2629 2065//2642 2092//2644 
f 2741//2645 2739//2636 2738//2635 
f 2742//2646 2738//2635 2736//2633 
f 2740//2641 2093//2640 2067//2647 
f 2067//2647 2742//2646 2740//2641 
f 2392//2648 2393//2638 2739//2636 
f 2023//2649 2741//2645 2742//2646 
f 2025//2650 2392//2648 2741//2645 
f 2743//2651 2744//2652 2745//2653 
f 2637//2654 2746//2655 2747//2656 
f 2748//2657 2749//2658 2750//2659 
f 2749//2658 2751//2660 2750//2659 
f 2638//2661 2752//2662 2753//2663 
f 2754//2664 2755//2665 2756//2666 
f 2639//2667 2753//2663 2757//2668 
f 2755//2665 2666//2543 2757//2668 
f 2756//2666 2757//2668 2753//2663 
f 2758//2669 2756//2666 2759//2670 
f 2751//2660 2754//2664 2758//2669 
f 2750//2659 2758//2669 2760//2671 
f 2760//2671 2759//2670 2761//2672 
f 2640//2673 2747//2656 2752//2662 
f 2752//2662 2761//2672 2759//2670 
f 2747//2656 2762//2674 2761//2672 
f 2762//2674 2763//2675 2764//2676 
f 2765//2677 2760//2671 2764//2676 
f 2766//2678 2764//2676 2763//2675 
f 2767//2679 2768//2680 2769//2681 
f 2770//2682 2748//2657 2766//2678 
f 2748//2657 2765//2677 2766//2678 
f 2748//2657 2767//2679 2771//2683 
f 2770//2682 2772//2684 2767//2679 
f 2772//2684 2773//2685 2768//2680 
f 2744//2652 2769//2681 2768//2680 
f 2773//2685 2774//2686 2745//2653 
f 2770//2682 2775//2687 2776//2688 
f 2641//2689 2777//2690 2778//2691 
f 2779//2692 2780//2693 2763//2675 
f 2642//2694 2778//2691 2746//2655 
f 2746//2655 2779//2692 2762//2674 
f 2778//2691 2781//2695 2779//2692 
f 2781//2695 2782//2696 2780//2693 
f 2780//2693 2776//2688 2775//2687 
f 2782//2696 2783//2697 2776//2688 
f 2784//2698 2785//2699 2782//2696 
f 2777//2690 2784//2698 2781//2695 
f 1986//2700 1989//2701 2777//2690 
f 1989//2701 1990//2702 2784//2698 
f 2785//2699 2786//2703 2783//2697 
f 2785//2699 2784//2698 2021//2704 
f 2784//2698 1990//2702 2021//2704 
f 2062//2705 2061//2706 2786//2703 
f 2060//2707 2787//2708 2786//2703 
f 2787//2708 2783//2697 2786//2703 
f 2786//2703 2061//2706 2060//2707 
f 2773//2685 2772//2684 2788//2709 
f 2783//2697 2787//2708 2789//2710 
f 2772//2684 2770//2682 2789//2710 
f 2788//2709 2789//2710 2787//2708 
f 2790//2711 2788//2709 2791//2712 
f 2774//2686 2773//2685 2790//2711 
f 2792//2713 2790//2711 2793//2714 
f 2064//2715 2063//2716 2793//2714 
f 2091//2717 2064//2715 2791//2712 
f 2794//2718 2793//2714 1917//2719 
f 2793//2714 2063//2716 1917//2719 
f 2795//2720 2796//2721 2792//2713 
f 2796//2721 2774//2686 2792//2713 
f 2797//2722 2798//2723 2799//2724 
f 2800//2725 2801//2726 2802//2727 
f 2802//2727 2798//2723 2800//2725 
f 2803//2728 2745//2653 2774//2686 
f 2800//2725 2743//2651 2803//2728 
f 2801//2726 2803//2728 2796//2721 
f 2802//2727 2801//2726 2804//2729 
f 2799//2724 2802//2727 2805//2730 
f 2662//2539 2665//2542 2806//2731 
f 2665//2542 2797//2722 2806//2731 
f 2806//2731 2799//2724 2807//2732 
f 2807//2732 2808//2733 2809//2734 
f 2809//2734 2810//2735 2807//2732 
f 2805//2730 2804//2729 2811//2736 
f 1893//2737 1916//2738 2795//2720 
f 2804//2729 2796//2721 2795//2720 
f 2795//2720 1916//2738 1945//2739 
f 1945//2739 2811//2736 2795//2720 
f 2812//2740 2811//2736 1895//2741 
f 2807//2732 2805//2730 2812//2740 
f 1894//2742 1918//2743 2808//2733 
f 2662//2539 2810//2735 1947//2744 
f 1947//2744 2810//2735 2813//2745 
f 2813//2745 1948//2746 1947//2744 
f 2809//2734 2808//2733 1946//2747 
f 2808//2733 1918//2743 1946//2747 
f 2813//2745 2809//2734 1949//2748 
f 2643//2749 2814//2750 2815//2751 
f 2644//2752 2645//2753 2816//2754 
f 2817//2755 2646//2756 2647//2757 
f 2647//2757 2818//2758 2817//2755 
f 2819//2759 2648//2760 2649//2761 
f 2650//2762 2634//2551 2820//2763 
f 2820//2763 2636//2553 2648//2760 
f 2818//2758 2820//2763 2819//2759 
f 2821//2764 2819//2759 2822//2765 
f 2649//2761 2651//2766 2815//2751 
f 2815//2751 2822//2765 2649//2761 
f 2822//2765 2823//2767 2824//2768 
f 2824//2768 2825//2769 2822//2765 
f 2826//2770 2821//2764 2825//2769 
f 2816//2754 2645//2753 2817//2755 
f 2817//2755 2645//2753 2652//2771 
f 2652//2771 2646//2756 2817//2755 
f 2817//2755 2818//2758 2821//2764 
f 2816//2754 2826//2770 2827//2772 
f 2825//2769 2828//2773 2829//2774 
f 2829//2774 2827//2772 2825//2769 
f 2827//2772 2830//2775 2831//2776 
f 2831//2776 2832//2777 2827//2772 
f 2633//2550 2653//2778 2833//2779 
f 2834//2780 2835//2781 2832//2777 
f 2835//2781 2816//2754 2832//2777 
f 2653//2778 2644//2752 2835//2781 
f 2833//2779 2835//2781 2834//2780 
f 2833//2779 2836//2782 2837//2783 
f 2837//2783 2670//2550 2833//2779 
f 2838//2784 2839//2785 2840//2786 
f 2840//2786 2834//2780 2838//2784 
f 2829//2774 2828//2773 2841//2787 
f 2842//2788 2843//2789 2824//2768 
f 2630//2544 2666//2543 2814//2750 
f 2814//2750 2842//2788 2823//2767 
f 2666//2543 2755//2665 2842//2788 
f 2755//2665 2754//2664 2843//2789 
f 2843//2789 2841//2787 2828//2773 
f 2754//2664 2751//2660 2841//2787 
f 2831//2776 2830//2775 2844//2790 
f 2751//2660 2749//2658 2845//2791 
f 2830//2775 2829//2774 2845//2791 
f 2749//2658 2771//2683 2844//2790 
f 2846//2792 2844//2790 2771//2683 
f 2838//2784 2831//2776 2846//2792 
f 2839//2785 2846//2792 2769//2681 
f 2797//2722 2837//2783 2847//2793 
f 2837//2783 2836//2782 2847//2793 
f 2836//2782 2834//2780 2848//2794 
f 2840//2786 2839//2785 2744//2652 
f 2848//2794 2840//2786 2743//2651 
f 2847//2793 2848//2794 2800//2725 
f 2667//2546 2837//2783 2797//2722 
f 2654//2795 2849//2796 2850//2797 
f 2655//2798 2851//2799 2852//2800 
f 2655//2798 2853//2801 2851//2799 
f 2853//2801 2656//2802 2632//2549 
f 2853//2801 2655//2798 2656//2802 
f 2669//2548 2668//2547 2679//2565 
f 2657//2803 2852//2800 2854//2804 
f 2853//2801 2679//2565 2676//2562 
f 2851//2799 2676//2562 2682//2568 
f 2688//2574 2854//2804 2852//2800 
f 2854//2804 2855//2805 2849//2796 
f 2849//2796 2658//2806 2854//2804 
f 2688//2574 2856//2807 2857//2808 
f 2857//2808 2854//2804 2688//2574 
f 2855//2805 2857//2808 2858//2809 
f 2659//2810 2859//2811 2860//2812 
f 2861//2813 2862//2814 2863//2815 
f 2863//2815 2849//2796 2861//2813 
f 2849//2796 2855//2805 2861//2813 
f 2850//2797 2864//2816 2859//2811 
f 2859//2811 2660//2817 2850//2797 
f 2850//2797 2863//2815 2865//2818 
f 2865//2818 2863//2815 2866//2819 
f 2863//2815 2862//2814 2866//2819 
f 2864//2816 2865//2818 2867//2820 
f 2661//2821 2860//2812 2387//2822 
f 2859//2811 2864//2816 2868//2823 
f 2860//2812 2868//2823 2399//2824 
f 2868//2823 2867//2820 2400//2825 
f 2867//2820 2865//2818 2869//2826 
f 2865//2818 2870//2827 2869//2826 
f 2400//2825 2867//2820 2871//2828 
f 2867//2820 2872//2829 2871//2828 
f 2873//2830 2869//2826 2870//2827 
f 2862//2814 2874//2831 2875//2832 
f 2857//2808 2856//2807 2674//2560 
f 2861//2813 2858//2809 2874//2831 
f 2858//2809 2674//2560 2675//2561 
f 2697//2583 2875//2832 2874//2831 
f 2866//2819 2875//2832 2876//2833 
f 2695//2581 2876//2833 2875//2832 
f 2877//2834 2871//2828 2872//2829 
f 2692//2578 2873//2830 2876//2833 
f 2878//2835 2872//2829 2869//2826 
f 2700//2586 2878//2835 2873//2830 
f 2706//2592 2877//2834 2878//2835 
f 2394//2836 2401//2837 2871//2828 
f 2381//2838 2394//2836 2877//2834 
f 2877//2834 2706//2592 2381//2838 
f 2871//2828 2877//2834 2394//2836 
f 2878//2835 2700//2586 2706//2592 
f 2873//2830 2692//2578 2700//2586 
f 2869//2826 2873//2830 2878//2835 
f 2876//2833 2695//2581 2692//2578 
f 2872//2829 2878//2835 2877//2834 
f 2875//2832 2697//2583 2695//2581 
f 2876//2833 2870//2827 2866//2819 
f 2874//2831 2675//2561 2697//2583 
f 2675//2561 2874//2831 2858//2809 
f 2874//2831 2862//2814 2861//2813 
f 2674//2560 2858//2809 2857//2808 
f 2875//2832 2866//2819 2862//2814 
f 2870//2827 2876//2833 2873//2830 
f 2871//2828 2401//2837 2400//2825 
f 2869//2826 2872//2829 2867//2820 
f 2400//2825 2399//2824 2868//2823 
f 2399//2824 2387//2822 2860//2812 
f 2868//2823 2860//2812 2859//2811 
f 2387//2822 2386//2839 2661//2821 
f 2867//2820 2868//2823 2864//2816 
f 2866//2819 2870//2827 2865//2818 
f 2865//2818 2864//2816 2850//2797 
f 2859//2811 2659//2810 2660//2817 
f 2863//2815 2850//2797 2849//2796 
f 2860//2812 2661//2821 2659//2810 
f 2858//2809 2861//2813 2855//2805 
f 2857//2808 2855//2805 2854//2804 
f 2849//2796 2654//2795 2658//2806 
f 2852//2800 2682//2568 2688//2574 
f 2682//2568 2852//2800 2851//2799 
f 2676//2562 2851//2799 2853//2801 
f 2854//2804 2658//2806 2657//2803 
f 2679//2565 2853//2801 2669//2548 
f 2632//2549 2669//2548 2853//2801 
f 2852//2800 2657//2803 2655//2798 
f 2850//2797 2660//2817 2654//2795 
f 2797//2722 2665//2542 2667//2546 
f 2800//2725 2798//2723 2847//2793 
f 2743//2651 2800//2725 2848//2794 
f 2744//2652 2743//2651 2840//2786 
f 2848//2794 2847//2793 2836//2782 
f 2847//2793 2798//2723 2797//2722 
f 2769//2681 2744//2652 2839//2785 
f 2846//2792 2839//2785 2838//2784 
f 2771//2683 2769//2681 2846//2792 
f 2844//2790 2845//2791 2749//2658 
f 2845//2791 2844//2790 2830//2775 
f 2845//2791 2841//2787 2751//2660 
f 2844//2790 2846//2792 2831//2776 
f 2841//2787 2843//2789 2754//2664 
f 2828//2773 2824//2768 2843//2789 
f 2843//2789 2842//2788 2755//2665 
f 2842//2788 2814//2750 2666//2543 
f 2823//2767 2815//2751 2814//2750 
f 2814//2750 2643//2749 2630//2544 
f 2824//2768 2823//2767 2842//2788 
f 2841//2787 2845//2791 2829//2774 
f 2840//2786 2848//2794 2834//2780 
f 2837//2783 2667//2546 2670//2550 
f 2834//2780 2836//2782 2833//2779 
f 2835//2781 2833//2779 2653//2778 
f 2832//2777 2838//2784 2834//2780 
f 2833//2779 2670//2550 2633//2550 
f 2831//2776 2838//2784 2832//2777 
f 2829//2774 2830//2775 2827//2772 
f 2827//2772 2832//2777 2816//2754 
f 2821//2764 2826//2770 2817//2755 
f 2817//2755 2826//2770 2816//2754 
f 2825//2769 2827//2772 2826//2770 
f 2824//2768 2828//2773 2825//2769 
f 2815//2751 2823//2767 2822//2765 
f 2822//2765 2825//2769 2821//2764 
f 2819//2759 2821//2764 2818//2758 
f 2648//2760 2819//2759 2820//2763 
f 2820//2763 2818//2758 2650//2762 
f 2649//2761 2822//2765 2819//2759 
f 2647//2757 2650//2762 2818//2758 
f 2816//2754 2835//2781 2644//2752 
f 2815//2751 2651//2766 2643//2749 
f 1949//2748 1948//2746 2813//2745 
f 1946//2747 1949//2748 2809//2734 
f 1947//2744 1950//2557 2662//2539 
f 2808//2733 2812//2740 1894//2742 
f 2812//2740 2808//2733 2807//2732 
f 1895//2741 1894//2742 2812//2740 
f 1945//2739 1895//2741 2811//2736 
f 2795//2720 2811//2736 2804//2729 
f 2795//2720 2794//2718 1893//2737 
f 2811//2736 2812//2740 2805//2730 
f 2809//2734 2813//2745 2810//2735 
f 2807//2732 2810//2735 2806//2731 
f 2806//2731 2810//2735 2662//2539 
f 2805//2730 2807//2732 2799//2724 
f 2804//2729 2805//2730 2802//2727 
f 2796//2721 2804//2729 2801//2726 
f 2803//2728 2801//2726 2800//2725 
f 2774//2686 2796//2721 2803//2728 
f 2802//2727 2799//2724 2798//2723 
f 2799//2724 2806//2731 2797//2722 
f 2792//2713 2794//2718 2795//2720 
f 1917//2719 1893//2737 2794//2718 
f 2791//2712 2787//2708 2091//2717 
f 2793//2714 2791//2712 2064//2715 
f 2793//2714 2794//2718 2792//2713 
f 2790//2711 2792//2713 2774//2686 
f 2791//2712 2793//2714 2790//2711 
f 2787//2708 2791//2712 2788//2709 
f 2789//2710 2788//2709 2772//2684 
f 2789//2710 2776//2688 2783//2697 
f 2788//2709 2790//2711 2773//2685 
f 2060//2707 2091//2717 2787//2708 
f 2786//2703 2785//2699 2062//2705 
f 2021//2704 2062//2705 2785//2699 
f 2783//2697 2782//2696 2785//2699 
f 2784//2698 2777//2690 1989//2701 
f 2777//2690 2641//2689 1986//2700 
f 2781//2695 2778//2691 2777//2690 
f 2782//2696 2781//2695 2784//2698 
f 2776//2688 2780//2693 2782//2696 
f 2775//2687 2763//2675 2780//2693 
f 2780//2693 2779//2692 2781//2695 
f 2779//2692 2746//2655 2778//2691 
f 2762//2674 2747//2656 2746//2655 
f 2746//2655 2637//2654 2642//2694 
f 2763//2675 2762//2674 2779//2692 
f 2778//2691 2642//2694 2641//2689 
f 2776//2688 2789//2710 2770//2682 
f 2745//2653 2768//2680 2773//2685 
f 2768//2680 2745//2653 2744//2652 
f 2768//2680 2767//2679 2772//2684 
f 2767//2679 2748//2657 2770//2682 
f 2771//2683 2749//2658 2748//2657 
f 2766//2678 2775//2687 2770//2682 
f 2769//2681 2771//2683 2767//2679 
f 2763//2675 2775//2687 2766//2678 
f 2764//2676 2766//2678 2765//2677 
f 2764//2676 2761//2672 2762//2674 
f 2761//2672 2752//2662 2747//2656 
f 2759//2670 2753//2663 2752//2662 
f 2752//2662 2638//2661 2640//2673 
f 2761//2672 2764//2676 2760//2671 
f 2760//2671 2765//2677 2750//2659 
f 2758//2669 2750//2659 2751//2660 
f 2759//2670 2760//2671 2758//2669 
f 2753//2663 2759//2670 2756//2666 
f 2757//2668 2756//2666 2755//2665 
f 2757//2668 2631//2545 2639//2667 
f 2756//2666 2758//2669 2754//2664 
f 2753//2663 2639//2667 2638//2661 
f 2750//2659 2765//2677 2748//2657 
f 2747//2656 2640//2673 2637//2654 
f 2745//2653 2803//2728 2743//2651 
f 2741//2645 2023//2649 2025//2650 
f 2742//2646 2024//2840 2023//2649 
f 2739//2636 2741//2645 2392//2648 
f 2067//2647 2024//2840 2742//2646 
f 2736//2633 2740//2641 2742//2646 
f 2738//2635 2742//2646 2741//2645 
f 2732//2629 2092//2644 2094//2639 
f 2727//2624 2022//2841 2066//2643 
f 2731//2628 2066//2643 2065//2642 
f 2740//2641 2736//2633 2734//2631 
f 2735//2632 2739//2636 2393//2638 
f 2718//2606 2735//2632 2388//2637 
f 2737//2634 2738//2635 2739//2636 
f 2728//2625 2736//2633 2738//2635 
f 2715//2603 2728//2625 2737//2634 
f 2733//2630 2734//2631 2736//2633 
f 2717//2605 2737//2634 2735//2632 
f 2730//2627 2732//2629 2734//2631 
f 2733//2630 2713//2601 2712//2600 
f 2732//2629 2730//2627 2729//2626 
f 2731//2628 2729//2626 2720//2610 
f 2729//2626 2711//2599 2710//2598 
f 2727//2624 2720//2610 2719//2609 
f 2730//2627 2712//2600 2711//2599 
f 2713//2601 2733//2630 2728//2625 
f 1953//2623 2022//2841 2727//2624 
f 2725//2617 1921//2842 1920//2622 
f 2719//2609 2689//2575 2686//2572 
f 1995//2620 1921//2842 2725//2617 
f 1919//2619 2724//2616 2722//2612 
f 2724//2616 2685//2571 2684//2570 
f 2721//2611 1952//2843 1951//2618 
f 2725//2617 2686//2572 2685//2571 
f 1991//2615 1952//2843 2721//2611 
f 1992//2614 2723//2613 2671//2556 
f 2723//2613 2721//2611 2681//2567 
f 2722//2612 2684//2570 2681//2567 
f 2720//2610 2710//2598 2689//2575 
f 2714//2602 2718//2606 2391//2608 
f 2705//2591 2714//2602 2389//2607 
f 2716//2604 2717//2605 2718//2606 
f 2708//2596 2715//2603 2717//2605 
f 2716//2604 2704//2590 2703//2589 
f 2715//2603 2708//2596 2707//2595 
f 2704//2590 2716//2604 2714//2602 
f 2713//2601 2707//2595 2709//2597 
f 2707//2595 2702//2588 2699//2585 
f 2712//2600 2709//2597 2691//2577 
f 2710//2598 2711//2599 2691//2577 
f 2709//2597 2699//2585 2698//2584 
f 2708//2596 2703//2589 2702//2588 
f 2701//2587 2705//2591 2390//2594 
f 2382//2593 2381//2838 2706//2592 
f 2705//2591 2701//2587 2694//2580 
f 2704//2590 2694//2580 2693//2579 
f 2703//2589 2693//2579 2696//2582 
f 2701//2587 2706//2592 2700//2586 
f 2699//2585 2702//2588 2696//2582 
f 2698//2584 2673//2559 2672//2558 
f 2697//2583 2675//2561 2673//2559 
f 2694//2580 2700//2586 2692//2578 
f 2691//2577 2698//2584 2687//2573 
f 2690//2576 2687//2573 2683//2569 
f 2672//2558 2856//2807 2688//2574 
f 2686//2572 2683//2569 2678//2564 
f 2685//2571 2678//2564 2677//2563 
f 2684//2570 2677//2563 2680//2566 
f 2683//2569 2688//2574 2682//2568 
f 2681//2567 2680//2566 2664//2541 
f 2680//2566 2679//2565 2668//2547 
f 2678//2564 2682//2568 2676//2562 
f 2674//2560 2856//2807 2672//2558 
f 2671//2556 2663//2540 1994//2554 
f 2636//2553 2820//2763 2634//2551 
f 2668//2547 2669//2548 2667//2546 
f 2631//2545 2757//2668 2666//2543 
f 2664//2541 2668//2547 2665//2542 
o mesh16
f 2912//2844 2913//2845 2914//2846 
f 2914//2846 2915//2847 2912//2844 
f 2916//2848 2879//2849 2880//2850 
f 2917//2851 2915//2847 2918//2852 
f 2919//2853 2881//2854 2920//2855 
f 2920//2855 2917//2851 2919//2853 
f 2881//2854 2882//2855 2920//2855 
f 2883//2856 2884//2857 2885//2858 
f 1914//2859 1913//2860 2921//2861 
f 2912//2844 1909//2862 1914//2859 
f 1914//2859 2913//2845 2912//2844 
f 2922//2863 2923//2864 2924//2865 
f 2923//2864 2925//2866 2924//2865 
f 2926//2867 2927//2868 2928//2869 
f 2929//2870 2930//2871 2927//2868 
f 2927//2868 2926//2867 2929//2870 
f 2918//2852 2914//2846 2930//2871 
f 2914//2846 2913//2845 2931//2872 
f 2932//2873 2928//2869 2933//2874 
f 2930//2871 2931//2872 2934//2875 
f 2927//2868 2934//2875 2935//2876 
f 2928//2869 2935//2876 2936//2877 
f 2933//2874 2937//2878 2922//2863 
f 2922//2863 2938//2879 2933//2874 
f 2936//2877 2939//2880 2940//2881 
f 2940//2881 2933//2874 2936//2877 
f 2937//2878 2940//2881 2941//2882 
f 2942//2883 2943//2884 2944//2885 
f 2945//2886 2946//2887 2943//2884 
f 2943//2884 2942//2883 2945//2886 
f 2923//2864 2946//2887 2947//2888 
f 2946//2887 2945//2886 2947//2888 
f 2922//2863 2937//2878 2948//2889 
f 2946//2887 2923//2864 2949//2890 
f 2923//2864 2948//2889 2949//2890 
f 2950//2891 2944//2885 2951//2892 
f 2946//2887 2952//2893 2953//2894 
f 2943//2884 2953//2894 2954//2895 
f 2944//2885 2954//2895 2955//2896 
f 2956//2897 2951//2892 2631//2898 
f 2639//2899 2631//2898 2951//2892 
f 2952//2893 2957//2900 2958//2901 
f 2948//2889 2941//2882 2959//2902 
f 2941//2882 2940//2881 2960//2903 
f 2940//2881 2939//2880 2960//2903 
f 2941//2882 2961//2904 2962//2905 
f 2949//2890 2959//2902 2957//2900 
f 2959//2902 2962//2905 2963//2906 
f 2964//2907 2955//2896 2954//2895 
f 2957//2900 2963//2906 2965//2908 
f 2953//2894 2958//2901 2966//2909 
f 2967//2910 2966//2909 2958//2901 
f 2968//2911 2964//2907 2966//2909 
f 2638//2912 2639//2899 2955//2896 
f 2640//2913 2638//2912 2964//2907 
f 2939//2880 2969//2914 2970//2915 
f 2931//2872 2971//2916 2972//2917 
f 2931//2872 2913//2845 2973//2918 
f 2913//2845 2921//2861 2973//2918 
f 2921//2861 1913//2860 1912//2919 
f 2973//2918 1912//2919 1911//2920 
f 1911//2920 2971//2916 2973//2918 
f 2935//2876 2974//2921 2975//2922 
f 1890//2923 2972//2917 2971//2916 
f 2934//2875 2972//2917 2974//2921 
f 2972//2917 1890//2923 1874//2924 
f 2975//2922 2974//2921 1915//2925 
f 2974//2921 1874//2924 1915//2925 
f 2975//2922 2976//2926 2969//2914 
f 2969//2914 2936//2877 2975//2922 
f 1875//2927 2976//2926 2975//2922 
f 2976//2926 1875//2927 1892//2928 
f 1892//2928 2977//2929 2976//2926 
f 2978//2930 2965//2908 2963//2906 
f 2961//2904 2979//2931 2980//2932 
f 2969//2914 2976//2926 2977//2929 
f 2960//2903 2970//2915 2979//2931 
f 2970//2915 2977//2929 2981//2933 
f 2979//2931 2981//2933 2982//2934 
f 2962//2905 2980//2932 2983//2935 
f 2984//2936 2983//2935 2980//2932 
f 2985//2937 2968//2911 2967//2910 
f 2986//2938 2978//2930 2983//2935 
f 2987//2939 2967//2910 2965//2908 
f 2988//2940 2987//2939 2978//2930 
f 2989//2941 2985//2937 2987//2939 
f 2637//2942 2640//2913 2968//2911 
f 2642//2943 2637//2942 2985//2937 
f 2019//2944 2018//2945 2990//2946 
f 2990//2946 2984//2936 2019//2944 
f 2058//2947 2982//2934 2981//2933 
f 2059//2948 2981//2933 2977//2929 
f 2019//2944 2984//2936 2982//2934 
f 2982//2934 2058//2947 2020//2949 
f 2991//2950 2989//2941 2988//2940 
f 2992//2951 2988//2940 2986//2938 
f 2990//2946 2018//2945 2017//2952 
f 2017//2952 2992//2951 2990//2946 
f 2641//2953 2642//2943 2989//2941 
f 1987//2954 2991//2950 2992//2951 
f 1986//2955 2641//2953 2991//2950 
f 2993//2956 2994//2957 2995//2958 
f 2886//2959 2996//2960 2997//2961 
f 2998//2962 2999//2963 3000//2964 
f 2999//2963 3001//2965 3000//2964 
f 2887//2966 3002//2967 3003//2968 
f 3004//2969 3005//2970 3006//2971 
f 2888//2972 3003//2968 3007//2973 
f 3005//2970 2916//2848 3007//2973 
f 3006//2971 3007//2973 3003//2968 
f 3008//2974 3006//2971 3009//2975 
f 3001//2965 3004//2969 3008//2974 
f 3000//2964 3008//2974 3010//2976 
f 3010//2976 3009//2975 3011//2977 
f 2889//2978 2997//2961 3002//2967 
f 3002//2967 3011//2977 3009//2975 
f 2997//2961 3012//2979 3011//2977 
f 3012//2979 3013//2980 3014//2981 
f 3015//2982 3010//2976 3014//2981 
f 3016//2983 3014//2981 3013//2980 
f 3017//2984 3018//2985 3019//2986 
f 3020//2987 2998//2962 3016//2983 
f 2998//2962 3015//2982 3016//2983 
f 2998//2962 3017//2984 3021//2988 
f 3020//2987 3022//2989 3017//2984 
f 3022//2989 3023//2990 3018//2985 
f 2994//2957 3019//2986 3018//2985 
f 3023//2990 3024//2991 2995//2958 
f 3020//2987 3025//2992 3026//2993 
f 2890//2994 3027//2995 3028//2996 
f 3029//2997 3030//2998 3013//2980 
f 2891//2999 3028//2996 2996//2960 
f 2996//2960 3029//2997 3012//2979 
f 3028//2996 3031//3000 3029//2997 
f 3031//3000 3032//3001 3030//2998 
f 3030//2998 3026//2993 3025//2992 
f 3032//3001 3033//3002 3026//2993 
f 3034//3003 3035//3004 3032//3001 
f 3027//2995 3034//3003 3031//3000 
f 1938//3005 1939//3006 3027//2995 
f 1939//3006 1940//3007 3034//3003 
f 3035//3004 3036//3008 3033//3002 
f 3035//3004 3034//3003 1983//3009 
f 3034//3003 1940//3007 1983//3009 
f 2014//3010 2013//3011 3036//3008 
f 2012//3012 3037//3013 3036//3008 
f 3037//3013 3033//3002 3036//3008 
f 3036//3008 2013//3011 2012//3012 
f 3023//2990 3022//2989 3038//3014 
f 3033//3002 3037//3013 3039//3015 
f 3022//2989 3020//2987 3039//3015 
f 3038//3014 3039//3015 3037//3013 
f 3040//3016 3038//3014 3041//3017 
f 3024//2991 3023//2990 3040//3016 
f 3042//3018 3040//3016 3043//3019 
f 1985//3020 1984//3021 3043//3019 
f 2015//3022 1985//3020 3041//3017 
f 3044//3023 3043//3019 1907//3024 
f 3043//3019 1984//3021 1907//3024 
f 3045//3025 3046//3026 3042//3018 
f 3046//3026 3024//2991 3042//3018 
f 3047//3027 3048//3028 3049//3029 
f 3050//3030 3051//3031 3052//3032 
f 3052//3032 3048//3028 3050//3030 
f 3053//3033 2995//2958 3024//2991 
f 3050//3030 2993//2956 3053//3033 
f 3051//3031 3053//3033 3046//3026 
f 3052//3032 3051//3031 3054//3034 
f 3049//3029 3052//3032 3055//3035 
f 2912//2844 2915//2847 3056//3036 
f 2915//2847 3047//3027 3056//3036 
f 3056//3036 3049//3029 3057//3037 
f 3057//3037 3058//3038 3059//3039 
f 3059//3039 3060//3040 3057//3037 
f 3055//3035 3054//3034 3061//3041 
f 1887//3042 1906//3043 3045//3025 
f 3054//3034 3046//3026 3045//3025 
f 3045//3025 1906//3043 1941//3044 
f 1941//3044 3061//3041 3045//3025 
f 3062//3045 3061//3041 1889//3046 
f 3057//3037 3055//3035 3062//3045 
f 1888//3047 1908//3048 3058//3038 
f 2912//2844 3060//3040 1910//3049 
f 1910//3049 3060//3040 3063//3050 
f 3063//3050 1943//3051 1910//3049 
f 3059//3039 3058//3038 1942//3052 
f 3058//3038 1908//3048 1942//3052 
f 3063//3050 3059//3039 1944//3053 
f 2892//3054 3064//3055 3065//3056 
f 3066//3057 3067//3058 2893//3059 
f 3067//3058 2894//3060 2893//3059 
f 2895//3061 2896//3062 3068//3063 
f 3069//3064 2897//3065 2898//3066 
f 3070//3067 3068//3063 2899//3068 
f 3068//3063 2896//3062 2899//3068 
f 3070//3067 2885//2858 2897//3065 
f 3068//3063 3070//3067 3069//3064 
f 3071//3069 3069//3064 3072//3070 
f 2898//3066 2900//3071 3065//3056 
f 3065//3056 3072//3070 2898//3066 
f 3072//3070 3073//3072 3074//3073 
f 3074//3073 3075//3074 3072//3070 
f 3076//3075 3071//3069 3075//3074 
f 3066//3057 2901//3076 3077//3077 
f 2901//3076 2895//3061 3077//3077 
f 3077//3077 3068//3063 3071//3069 
f 3066//3057 3076//3075 3078//3078 
f 3075//3074 3079//3079 3080//3080 
f 3080//3080 3078//3078 3075//3074 
f 3078//3078 3081//3081 3082//3082 
f 3082//3082 3083//3083 3078//3078 
f 2882//2855 2902//3084 3084//3085 
f 3085//3086 3067//3058 3083//3083 
f 3067//3058 3066//3057 3083//3083 
f 2902//3084 2894//3060 3067//3058 
f 3084//3085 3067//3058 3085//3086 
f 3084//3085 3086//3087 3087//3088 
f 3087//3088 2920//2855 3084//3085 
f 3088//3089 3089//3090 3090//3091 
f 3090//3091 3085//3086 3088//3089 
f 3080//3080 3079//3079 3091//3092 
f 3092//3093 3093//3094 3074//3073 
f 2879//2849 2916//2848 3064//3055 
f 3064//3055 3092//3093 3073//3072 
f 2916//2848 3005//2970 3092//3093 
f 3005//2970 3004//2969 3093//3094 
f 3093//3094 3091//3092 3079//3079 
f 3004//2969 3001//2965 3091//3092 
f 3082//3082 3081//3081 3094//3095 
f 3001//2965 2999//2963 3095//3096 
f 3081//3081 3080//3080 3095//3096 
f 2999//2963 3021//2988 3094//3095 
f 3096//3097 3094//3095 3021//2988 
f 3088//3089 3082//3082 3096//3097 
f 3089//3090 3096//3097 3019//2986 
f 3047//3027 3087//3088 3097//3098 
f 3087//3088 3086//3087 3097//3098 
f 3086//3087 3085//3086 3098//3099 
f 3090//3091 3089//3090 2994//2957 
f 3098//3099 3090//3091 2993//2956 
f 3097//3098 3098//3099 3050//3030 
f 2917//2851 3087//3088 3047//3027 
f 2903//3100 3099//3101 3100//3102 
f 2904//3103 3101//3104 3102//3105 
f 2904//3103 3103//3106 3101//3104 
f 2881//2854 2919//2853 3103//3106 
f 2919//2853 2918//2852 2929//2870 
f 3104//3107 2905//3108 2906//3109 
f 3104//3107 2907//3110 2905//3108 
f 3103//3106 2929//2870 2926//2867 
f 3101//3104 2926//2867 2932//2873 
f 2938//2879 3104//3107 3102//3105 
f 3104//3107 3105//3111 3099//3101 
f 3099//3101 2907//3110 3104//3107 
f 2938//2879 3106//3112 3107//3113 
f 3107//3113 3104//3107 2938//2879 
f 3105//3111 3107//3113 3108//3114 
f 3109//3115 2908//3116 2909//3117 
f 2909//3117 3110//3118 3109//3115 
f 3111//3119 3112//3120 3113//3121 
f 3113//3121 3099//3101 3111//3119 
f 3099//3101 3105//3111 3111//3119 
f 3100//3102 3114//3122 3110//3118 
f 3110//3118 2910//3123 3100//3102 
f 3100//3102 3113//3121 3115//3124 
f 3115//3124 3113//3121 3116//3125 
f 3113//3121 3112//3120 3116//3125 
f 3114//3122 3115//3124 3117//3126 
f 2908//3116 3109//3115 2636//3127 
f 3110//3118 3114//3122 3118//3128 
f 3109//3115 3118//3128 2648//3129 
f 3118//3128 3117//3126 2649//3130 
f 3117//3126 3115//3124 3119//3131 
f 3115//3124 3120//3132 3119//3131 
f 2649//3130 3117//3126 3121//3133 
f 3117//3126 3122//3134 3121//3133 
f 3123//3135 3119//3131 3120//3132 
f 3112//3120 3124//3136 3125//3137 
f 3107//3113 3106//3112 2924//2865 
f 3111//3119 3108//3114 3124//3136 
f 3108//3114 2924//2865 2925//2866 
f 2947//2888 3125//3137 3124//3136 
f 3116//3125 3125//3137 3126//3138 
f 2945//2886 3126//3138 3125//3137 
f 3127//3139 3121//3133 3122//3134 
f 2942//2883 3123//3135 3126//3138 
f 3128//3140 3122//3134 3119//3131 
f 2950//2891 3128//3140 3123//3135 
f 2956//2897 3127//3139 3128//3140 
f 2643//3141 2651//3142 3121//3133 
f 2630//3143 2643//3141 3127//3139 
f 3127//3139 2956//2897 2630//3143 
f 3121//3133 3127//3139 2643//3141 
f 3128//3140 2950//2891 2956//2897 
f 3123//3135 2942//2883 2950//2891 
f 3119//3131 3123//3135 3128//3140 
f 3126//3138 2945//2886 2942//2883 
f 3122//3134 3128//3140 3127//3139 
f 3125//3137 2947//2888 2945//2886 
f 3126//3138 3120//3132 3116//3125 
f 3124//3136 2925//2866 2947//2888 
f 2925//2866 3124//3136 3108//3114 
f 3124//3136 3112//3120 3111//3119 
f 2924//2865 3108//3114 3107//3113 
f 3125//3137 3116//3125 3112//3120 
f 3120//3132 3126//3138 3123//3135 
f 3121//3133 2651//3142 2649//3130 
f 3119//3131 3122//3134 3117//3126 
f 2649//3130 2648//3129 3118//3128 
f 2648//3129 2636//3127 3109//3115 
f 3118//3128 3109//3115 3110//3118 
f 2636//3127 2635//3144 2908//3116 
f 3117//3126 3118//3128 3114//3122 
f 3116//3125 3120//3132 3115//3124 
f 3115//3124 3114//3122 3100//3102 
f 3110//3118 2911//3145 2910//3123 
f 3113//3121 3100//3102 3099//3101 
f 2909//3117 2911//3145 3110//3118 
f 3108//3114 3111//3119 3105//3111 
f 3107//3113 3105//3111 3104//3107 
f 3099//3101 2903//3100 2907//3110 
f 3102//3105 2932//2873 2938//2879 
f 2932//2873 3102//3105 3101//3104 
f 2926//2867 3101//3104 3103//3106 
f 2906//3109 3102//3105 3104//3107 
f 2929//2870 3103//3106 2919//2853 
f 3103//3106 2904//3103 2881//2854 
f 3102//3105 2906//3109 2904//3103 
f 3100//3102 2910//3123 2903//3100 
f 3047//3027 2915//2847 2917//2851 
f 3050//3030 3048//3028 3097//3098 
f 2993//2956 3050//3030 3098//3099 
f 2994//2957 2993//2956 3090//3091 
f 3098//3099 3097//3098 3086//3087 
f 3097//3098 3048//3028 3047//3027 
f 3019//2986 2994//2957 3089//3090 
f 3096//3097 3089//3090 3088//3089 
f 3021//2988 3019//2986 3096//3097 
f 3094//3095 3095//3096 2999//2963 
f 3095//3096 3094//3095 3081//3081 
f 3095//3096 3091//3092 3001//2965 
f 3094//3095 3096//3097 3082//3082 
f 3091//3092 3093//3094 3004//2969 
f 3079//3079 3074//3073 3093//3094 
f 3093//3094 3092//3093 3005//2970 
f 3092//3093 3064//3055 2916//2848 
f 3073//3072 3065//3056 3064//3055 
f 3064//3055 2892//3054 2879//2849 
f 3074//3073 3073//3072 3092//3093 
f 3091//3092 3095//3096 3080//3080 
f 3090//3091 3098//3099 3085//3086 
f 3087//3088 2917//2851 2920//2855 
f 3085//3086 3086//3087 3084//3085 
f 3067//3058 3084//3085 2902//3084 
f 3083//3083 3088//3089 3085//3086 
f 3084//3085 2920//2855 2882//2855 
f 3082//3082 3088//3089 3083//3083 
f 3080//3080 3081//3081 3078//3078 
f 3078//3078 3083//3083 3066//3057 
f 3071//3069 3076//3075 3077//3077 
f 3077//3077 3076//3075 3066//3057 
f 3075//3074 3078//3078 3076//3075 
f 3074//3073 3079//3079 3075//3074 
f 3065//3056 3073//3072 3072//3070 
f 3072//3070 3075//3074 3071//3069 
f 3069//3064 3071//3069 3068//3063 
f 2897//3065 3069//3064 3070//3067 
f 2899//3068 2883//2856 3070//3067 
f 2898//3066 3072//3070 3069//3064 
f 3068//3063 3077//3077 2895//3061 
f 2893//3059 2901//3076 3066//3057 
f 3065//3056 2900//3071 2892//3054 
f 1944//3053 1943//3051 3063//3050 
f 1942//3052 1944//3053 3059//3039 
f 1910//3049 1909//2862 2912//2844 
f 3058//3038 3062//3045 1888//3047 
f 3062//3045 3058//3038 3057//3037 
f 1889//3046 1888//3047 3062//3045 
f 1941//3044 1889//3046 3061//3041 
f 3045//3025 3061//3041 3054//3034 
f 3045//3025 3044//3023 1887//3042 
f 3061//3041 3062//3045 3055//3035 
f 3059//3039 3063//3050 3060//3040 
f 3057//3037 3060//3040 3056//3036 
f 3056//3036 3060//3040 2912//2844 
f 3055//3035 3057//3037 3049//3029 
f 3054//3034 3055//3035 3052//3032 
f 3046//3026 3054//3034 3051//3031 
f 3053//3033 3051//3031 3050//3030 
f 3024//2991 3046//3026 3053//3033 
f 3052//3032 3049//3029 3048//3028 
f 3049//3029 3056//3036 3047//3027 
f 3042//3018 3044//3023 3045//3025 
f 1907//3024 1887//3042 3044//3023 
f 3041//3017 3037//3013 2015//3022 
f 3043//3019 3041//3017 1985//3020 
f 3043//3019 3044//3023 3042//3018 
f 3040//3016 3042//3018 3024//2991 
f 3041//3017 3043//3019 3040//3016 
f 3037//3013 3041//3017 3038//3014 
f 3039//3015 3038//3014 3022//2989 
f 3039//3015 3026//2993 3033//3002 
f 3038//3014 3040//3016 3023//2990 
f 2012//3012 2015//3022 3037//3013 
f 3036//3008 3035//3004 2014//3010 
f 1983//3009 2014//3010 3035//3004 
f 3033//3002 3032//3001 3035//3004 
f 3034//3003 3027//2995 1939//3006 
f 3027//2995 2890//2994 1938//3005 
f 3031//3000 3028//2996 3027//2995 
f 3032//3001 3031//3000 3034//3003 
f 3026//2993 3030//2998 3032//3001 
f 3025//2992 3013//2980 3030//2998 
f 3030//2998 3029//2997 3031//3000 
f 3029//2997 2996//2960 3028//2996 
f 3012//2979 2997//2961 2996//2960 
f 2996//2960 2886//2959 2891//2999 
f 3013//2980 3012//2979 3029//2997 
f 3028//2996 2891//2999 2890//2994 
f 3026//2993 3039//3015 3020//2987 
f 2995//2958 3018//2985 3023//2990 
f 3018//2985 2995//2958 2994//2957 
f 3018//2985 3017//2984 3022//2989 
f 3017//2984 2998//2962 3020//2987 
f 3021//2988 2999//2963 2998//2962 
f 3016//2983 3025//2992 3020//2987 
f 3019//2986 3021//2988 3017//2984 
f 3013//2980 3025//2992 3016//2983 
f 3014//2981 3016//2983 3015//2982 
f 3014//2981 3011//2977 3012//2979 
f 3011//2977 3002//2967 2997//2961 
f 3009//2975 3003//2968 3002//2967 
f 3002//2967 2887//2966 2889//2978 
f 3011//2977 3014//2981 3010//2976 
f 3010//2976 3015//2982 3000//2964 
f 3008//2974 3000//2964 3001//2965 
f 3009//2975 3010//2976 3008//2974 
f 3003//2968 3009//2975 3006//2971 
f 3007//2973 3006//2971 3005//2970 
f 3007//2973 2880//2850 2888//2972 
f 3006//2971 3008//2974 3004//2969 
f 3003//2968 2888//2972 2887//2966 
f 3000//2964 3015//2982 2998//2962 
f 2997//2961 2889//2978 2886//2959 
f 2995//2958 3053//3033 2993//2956 
f 2991//2950 1987//2954 1986//2955 
f 2992//2951 1988//3146 1987//2954 
f 2989//2941 2991//2950 2641//2953 
f 2017//2952 1988//3146 2992//2951 
f 2986//2938 2990//2946 2992//2951 
f 2988//2940 2992//2951 2991//2950 
f 2982//2934 2020//2949 2019//2944 
f 2977//2929 2016//3147 2059//2948 
f 2981//2933 2059//2948 2058//2947 
f 2990//2946 2986//2938 2984//2936 
f 2985//2937 2989//2941 2642//2943 
f 2968//2911 2985//2937 2637//2942 
f 2987//2939 2988//2940 2989//2941 
f 2978//2930 2986//2938 2988//2940 
f 2965//2908 2978//2930 2987//2939 
f 2983//2935 2984//2936 2986//2938 
f 2967//2910 2987//2939 2985//2937 
f 2980//2932 2982//2934 2984//2936 
f 2983//2935 2963//2906 2962//2905 
f 2982//2934 2980//2932 2979//2931 
f 2981//2933 2979//2931 2970//2915 
f 2979//2931 2961//2904 2960//2903 
f 2977//2929 2970//2915 2969//2914 
f 2980//2932 2962//2905 2961//2904 
f 2963//2906 2983//2935 2978//2930 
f 1892//2928 2016//3147 2977//2929 
f 2975//2922 1876//3148 1875//2927 
f 2969//2914 2939//2880 2936//2877 
f 1915//2925 1876//3148 2975//2922 
f 1874//2924 2974//2921 2972//2917 
f 2974//2921 2935//2876 2934//2875 
f 2971//2916 1891//3149 1890//2923 
f 2975//2922 2936//2877 2935//2876 
f 1911//2920 1891//3149 2971//2916 
f 1912//2919 2973//2918 2921//2861 
f 2973//2918 2971//2916 2931//2872 
f 2972//2917 2934//2875 2931//2872 
f 2970//2915 2960//2903 2939//2880 
f 2964//2907 2968//2911 2640//2913 
f 2955//2896 2964//2907 2638//2912 
f 2966//2909 2967//2910 2968//2911 
f 2958//2901 2965//2908 2967//2910 
f 2966//2909 2954//2895 2953//2894 
f 2965//2908 2958//2901 2957//2900 
f 2954//2895 2966//2909 2964//2907 
f 2963//2906 2957//2900 2959//2902 
f 2957//2900 2952//2893 2949//2890 
f 2962//2905 2959//2902 2941//2882 
f 2960//2903 2961//2904 2941//2882 
f 2959//2902 2949//2890 2948//2889 
f 2958//2901 2953//2894 2952//2893 
f 2951//2892 2955//2896 2639//2899 
f 2631//2898 2630//3143 2956//2897 
f 2955//2896 2951//2892 2944//2885 
f 2954//2895 2944//2885 2943//2884 
f 2953//2894 2943//2884 2946//2887 
f 2951//2892 2956//2897 2950//2891 
f 2949//2890 2952//2893 2946//2887 
f 2948//2889 2923//2864 2922//2863 
f 2947//2888 2925//2866 2923//2864 
f 2944//2885 2950//2891 2942//2883 
f 2941//2882 2948//2889 2937//2878 
f 2940//2881 2937//2878 2933//2874 
f 2922//2863 3106//3112 2938//2879 
f 2936//2877 2933//2874 2928//2869 
f 2935//2876 2928//2869 2927//2868 
f 2934//2875 2927//2868 2930//2871 
f 2933//2874 2938//2879 2932//2873 
f 2931//2872 2930//2871 2914//2846 
f 2930//2871 2929//2870 2918//2852 
f 2928//2869 2932//2873 2926//2867 
f 2924//2865 3106//3112 2922//2863 
f 2921//2861 2913//2845 1914//2859 
f 2885//2858 3070//3067 2883//2856 
f 2918//2852 2919//2853 2917//2851 
f 2880//2850 3007//2973 2916//2848 
f 2914//2846 2918//2852 2915//2847 
o mesh17
f 3161//3150 3162//3151 3163//3152 
f 3163//3152 3164//3153 3161//3150 
f 3165//3154 3129//3155 3130//3156 
f 3166//3157 3164//3153 3167//3158 
f 3168//3159 3131//3160 3169//3161 
f 3131//3160 3132//3161 3169//3161 
f 3169//3161 3166//3157 3168//3159 
f 3133//3162 3134//3163 3135//3164 
f 1885//3165 1884//3166 3170//3167 
f 3161//3150 1880//3168 1885//3165 
f 1885//3165 3162//3151 3161//3150 
f 3171//3169 3172//3170 3173//3171 
f 3172//3170 3174//3172 3173//3171 
f 3175//3173 3176//3174 3177//3175 
f 3178//3176 3179//3177 3176//3174 
f 3176//3174 3175//3173 3178//3176 
f 3167//3158 3163//3152 3179//3177 
f 3163//3152 3162//3151 3180//3178 
f 3181//3179 3177//3175 3182//3180 
f 3179//3177 3180//3178 3183//3181 
f 3176//3174 3183//3181 3184//3182 
f 3177//3175 3184//3182 3185//3183 
f 3182//3180 3186//3184 3171//3169 
f 3171//3169 3187//3185 3182//3180 
f 3185//3183 3188//3186 3189//3187 
f 3189//3187 3182//3180 3185//3183 
f 3186//3184 3189//3187 3190//3188 
f 3191//3189 3192//3190 3193//3191 
f 3194//3192 3195//3193 3192//3190 
f 3192//3190 3191//3189 3194//3192 
f 3172//3170 3195//3193 3196//3194 
f 3195//3193 3194//3192 3196//3194 
f 3171//3169 3186//3184 3197//3195 
f 3195//3193 3172//3170 3198//3196 
f 3172//3170 3197//3195 3198//3196 
f 3199//3197 3193//3191 3200//3198 
f 3195//3193 3201//3199 3202//3200 
f 3192//3190 3202//3200 3203//3201 
f 3193//3191 3203//3201 3204//3202 
f 3205//3203 3200//3198 2880//3204 
f 2888//3205 2880//3204 3200//3198 
f 3201//3199 3206//3206 3207//3207 
f 3197//3195 3190//3188 3208//3208 
f 3190//3188 3189//3187 3209//3209 
f 3189//3187 3188//3186 3209//3209 
f 3190//3188 3210//3210 3211//3211 
f 3198//3196 3208//3208 3206//3206 
f 3208//3208 3211//3211 3212//3212 
f 3213//3213 3204//3202 3203//3201 
f 3206//3206 3212//3212 3214//3214 
f 3202//3200 3207//3207 3215//3215 
f 3216//3216 3215//3215 3207//3207 
f 3217//3217 3213//3213 3215//3215 
f 2887//3218 2888//3205 3204//3202 
f 2889//3219 2887//3218 3213//3213 
f 3188//3186 3218//3220 3219//3221 
f 3180//3178 3220//3222 3221//3223 
f 3180//3178 3162//3151 3222//3224 
f 3162//3151 3170//3167 3222//3224 
f 3170//3167 1884//3166 1883//3225 
f 3222//3224 1883//3225 1882//3226 
f 1882//3226 3220//3222 3222//3224 
f 3184//3182 3223//3227 3224//3228 
f 1871//3229 3221//3223 3220//3222 
f 3183//3181 3221//3223 3223//3227 
f 3221//3223 1871//3229 1865//3230 
f 3224//3228 3223//3227 1886//3231 
f 3223//3227 1865//3230 1886//3231 
f 3224//3228 3225//3232 3218//3220 
f 3218//3220 3185//3183 3224//3228 
f 1866//3233 3225//3232 3224//3228 
f 3225//3232 1866//3233 1873//3234 
f 1873//3234 3226//3235 3225//3232 
f 3227//3236 3214//3214 3212//3212 
f 3210//3210 3228//3237 3229//3238 
f 3218//3220 3225//3232 3226//3235 
f 3209//3209 3219//3221 3228//3237 
f 3219//3221 3226//3235 3230//3239 
f 3228//3237 3230//3239 3231//3240 
f 3211//3211 3229//3238 3232//3241 
f 3233//3242 3232//3241 3229//3238 
f 3234//3243 3217//3217 3216//3216 
f 3235//3244 3227//3236 3232//3241 
f 3236//3245 3216//3216 3214//3214 
f 3237//3246 3236//3245 3227//3236 
f 3238//3247 3234//3243 3236//3245 
f 2886//3248 2889//3219 3217//3217 
f 2891//3249 2886//3248 3234//3243 
f 1981//3250 1980//3251 3239//3252 
f 3239//3252 3233//3242 1981//3250 
f 2010//3253 3231//3240 3230//3239 
f 2011//3254 3230//3239 3226//3235 
f 1981//3250 3233//3242 3231//3240 
f 3231//3240 2010//3253 1982//3255 
f 3240//3256 3238//3247 3237//3246 
f 3241//3257 3237//3246 3235//3244 
f 3239//3252 1980//3251 1979//3258 
f 1979//3258 3241//3257 3239//3252 
f 2890//3259 2891//3249 3238//3247 
f 1936//3260 3240//3256 3241//3257 
f 1938//3261 2890//3259 3240//3256 
f 3242//3262 3243//3263 3244//3264 
f 3136//3265 3245//3266 3246//3267 
f 3247//3268 3248//3269 3249//3270 
f 3248//3269 3250//3271 3249//3270 
f 3137//3272 3251//3273 3252//3274 
f 3253//3275 3254//3276 3255//3277 
f 3138//3278 3252//3274 3256//3279 
f 3254//3276 3165//3154 3256//3279 
f 3255//3277 3256//3279 3252//3274 
f 3257//3280 3255//3277 3258//3281 
f 3250//3271 3253//3275 3257//3280 
f 3249//3270 3257//3280 3259//3282 
f 3259//3282 3258//3281 3260//3283 
f 3139//3284 3246//3267 3251//3273 
f 3251//3273 3260//3283 3258//3281 
f 3246//3267 3261//3285 3260//3283 
f 3261//3285 3262//3286 3263//3287 
f 3264//3288 3259//3282 3263//3287 
f 3265//3289 3263//3287 3262//3286 
f 3266//3290 3267//3291 3268//3292 
f 3269//3293 3247//3268 3265//3289 
f 3247//3268 3264//3288 3265//3289 
f 3247//3268 3266//3290 3270//3294 
f 3269//3293 3271//3295 3266//3290 
f 3271//3295 3272//3296 3267//3291 
f 3243//3263 3268//3292 3267//3291 
f 3272//3296 3273//3297 3244//3264 
f 3269//3293 3274//3298 3275//3299 
f 3140//3300 3276//3301 3277//3302 
f 3278//3303 3279//3304 3262//3286 
f 3141//3305 3277//3302 3245//3266 
f 3245//3266 3278//3303 3261//3285 
f 3277//3302 3280//3306 3278//3303 
f 3280//3306 3281//3307 3279//3304 
f 3279//3304 3275//3299 3274//3298 
f 3281//3307 3282//3308 3275//3299 
f 3283//3309 3284//3310 3281//3307 
f 3276//3301 3283//3309 3280//3306 
f 2052//3311 2051//3312 3276//3301 
f 2051//3312 2053//3313 3283//3309 
f 3284//3310 3285//3314 3282//3308 
f 3284//3310 3283//3309 2057//3315 
f 3283//3309 2053//3313 2057//3315 
f 2056//3316 2055//3317 3285//3314 
f 2054//3318 3286//3319 3285//3314 
f 3286//3319 3282//3308 3285//3314 
f 3285//3314 2055//3317 2054//3318 
f 3272//3296 3271//3295 3287//3320 
f 3282//3308 3286//3319 3288//3321 
f 3271//3295 3269//3293 3288//3321 
f 3287//3320 3288//3321 3286//3319 
f 3289//3322 3287//3320 3290//3323 
f 3273//3297 3272//3296 3289//3322 
f 3291//3324 3289//3322 3292//3325 
f 1935//3326 1934//3327 3292//3325 
f 1977//3328 1935//3326 3290//3323 
f 3293//3329 3292//3325 1878//3330 
f 3292//3325 1934//3327 1878//3330 
f 3294//3331 3295//3332 3291//3324 
f 3295//3332 3273//3297 3291//3324 
f 3296//3333 3297//3334 3298//3335 
f 3299//3336 3300//3337 3301//3338 
f 3301//3338 3297//3334 3299//3336 
f 3302//3339 3244//3264 3273//3297 
f 3299//3336 3242//3262 3302//3339 
f 3300//3337 3302//3339 3295//3332 
f 3301//3338 3300//3337 3303//3340 
f 3298//3335 3301//3338 3304//3341 
f 3161//3150 3164//3153 3305//3342 
f 3164//3153 3296//3333 3305//3342 
f 3305//3342 3298//3335 3306//3343 
f 3306//3343 3307//3344 3308//3345 
f 3308//3345 3309//3346 3306//3343 
f 3304//3341 3303//3340 3310//3347 
f 1868//3348 1877//3349 3294//3331 
f 3303//3340 3295//3332 3294//3331 
f 3294//3331 1877//3349 1902//3350 
f 1902//3350 3310//3347 3294//3331 
f 3311//3351 3310//3347 1870//3352 
f 3306//3343 3304//3341 3311//3351 
f 1869//3353 1879//3354 3307//3344 
f 3161//3150 3309//3346 1881//3355 
f 1881//3355 3309//3346 3312//3356 
f 3312//3356 1904//3357 1881//3355 
f 3308//3345 3307//3344 1903//3358 
f 3307//3344 1879//3354 1903//3358 
f 3312//3356 3308//3345 1905//3359 
f 3142//3360 3313//3361 3314//3362 
f 3143//3363 3144//3364 3315//3365 
f 3145//3366 3146//3367 3316//3368 
f 3317//3369 3147//3370 3148//3371 
f 3146//3367 3133//3162 3318//3372 
f 3318//3372 3135//3164 3147//3370 
f 3316//3368 3318//3372 3317//3369 
f 3319//3373 3317//3369 3320//3374 
f 3148//3371 3149//3375 3314//3362 
f 3314//3362 3320//3374 3148//3371 
f 3320//3374 3321//3376 3322//3377 
f 3322//3377 3323//3378 3320//3374 
f 3324//3379 3319//3373 3323//3378 
f 3315//3365 3144//3364 3325//3380 
f 3144//3364 3145//3366 3325//3380 
f 3325//3380 3316//3368 3319//3373 
f 3315//3365 3324//3379 3326//3381 
f 3323//3378 3327//3382 3328//3383 
f 3328//3383 3326//3381 3323//3378 
f 3326//3381 3329//3384 3330//3385 
f 3330//3385 3331//3386 3326//3381 
f 3169//3161 3132//3161 3150//3387 
f 3150//3387 3332//3388 3169//3161 
f 3333//3389 3334//3390 3331//3386 
f 3334//3390 3315//3365 3331//3386 
f 3151//3391 3143//3363 3334//3390 
f 3332//3388 3334//3390 3333//3389 
f 3332//3388 3335//3392 3336//3393 
f 3336//3393 3169//3161 3332//3388 
f 3337//3394 3338//3395 3339//3396 
f 3339//3396 3333//3389 3337//3394 
f 3328//3383 3327//3382 3340//3397 
f 3341//3398 3342//3399 3322//3377 
f 3129//3155 3165//3154 3313//3361 
f 3313//3361 3341//3398 3321//3376 
f 3165//3154 3254//3276 3341//3398 
f 3254//3276 3253//3275 3342//3399 
f 3342//3399 3340//3397 3327//3382 
f 3253//3275 3250//3271 3340//3397 
f 3330//3385 3329//3384 3343//3400 
f 3250//3271 3248//3269 3344//3401 
f 3329//3384 3328//3383 3344//3401 
f 3248//3269 3270//3294 3343//3400 
f 3345//3402 3343//3400 3270//3294 
f 3337//3394 3330//3385 3345//3402 
f 3338//3395 3345//3402 3268//3292 
f 3296//3333 3336//3393 3346//3403 
f 3336//3393 3335//3392 3346//3403 
f 3335//3392 3333//3389 3347//3404 
f 3339//3396 3338//3395 3243//3263 
f 3347//3404 3339//3396 3242//3262 
f 3346//3403 3347//3404 3299//3336 
f 3166//3157 3336//3393 3296//3333 
f 3348//3405 3152//3406 3153//3407 
f 3348//3405 3154//3408 3152//3406 
f 3155//3409 3349//3410 3350//3411 
f 3155//3409 3351//3412 3349//3410 
f 3131//3160 3168//3159 3351//3412 
f 3168//3159 3167//3158 3178//3176 
f 3156//3413 3350//3411 3352//3414 
f 3351//3412 3178//3176 3175//3173 
f 3349//3410 3175//3173 3181//3179 
f 3187//3185 3352//3414 3350//3411 
f 3352//3414 3353//3415 3354//3416 
f 3354//3416 3157//3417 3352//3414 
f 3187//3185 3355//3418 3356//3419 
f 3356//3419 3352//3414 3187//3185 
f 3353//3415 3356//3419 3357//3420 
f 3158//3421 3358//3422 3359//3423 
f 3360//3424 3361//3425 3362//3426 
f 3362//3426 3354//3416 3360//3424 
f 3354//3416 3353//3415 3360//3424 
f 3363//3427 3159//3428 3154//3408 
f 3159//3428 3363//3427 3358//3422 
f 3358//3422 3158//3421 3159//3428 
f 3348//3405 3362//3426 3364//3429 
f 3364//3429 3362//3426 3365//3430 
f 3362//3426 3361//3425 3365//3430 
f 3363//3427 3364//3429 3366//3431 
f 3160//3432 3359//3423 2885//3433 
f 3358//3422 3363//3427 3367//3434 
f 3359//3423 3367//3434 2897//3435 
f 3367//3434 3366//3431 2898//3436 
f 3366//3431 3364//3429 3368//3437 
f 3364//3429 3369//3438 3368//3437 
f 2898//3436 3366//3431 3370//3439 
f 3366//3431 3371//3440 3370//3439 
f 3372//3441 3368//3437 3369//3438 
f 3361//3425 3373//3442 3374//3443 
f 3356//3419 3355//3418 3173//3171 
f 3360//3424 3357//3420 3373//3442 
f 3357//3420 3173//3171 3174//3172 
f 3196//3194 3374//3443 3373//3442 
f 3365//3430 3374//3443 3375//3444 
f 3194//3192 3375//3444 3374//3443 
f 3376//3445 3370//3439 3371//3440 
f 3191//3189 3372//3441 3375//3444 
f 3377//3446 3371//3440 3368//3437 
f 3199//3197 3377//3446 3372//3441 
f 3205//3203 3376//3445 3377//3446 
f 2892//3447 2900//3448 3370//3439 
f 2879//3449 2892//3447 3376//3445 
f 3376//3445 3205//3203 2879//3449 
f 3370//3439 3376//3445 2892//3447 
f 3377//3446 3199//3197 3205//3203 
f 3372//3441 3191//3189 3199//3197 
f 3368//3437 3372//3441 3377//3446 
f 3375//3444 3194//3192 3191//3189 
f 3371//3440 3377//3446 3376//3445 
f 3374//3443 3196//3194 3194//3192 
f 3375//3444 3369//3438 3365//3430 
f 3373//3442 3174//3172 3196//3194 
f 3174//3172 3373//3442 3357//3420 
f 3373//3442 3361//3425 3360//3424 
f 3173//3171 3357//3420 3356//3419 
f 3374//3443 3365//3430 3361//3425 
f 3369//3438 3375//3444 3372//3441 
f 3370//3439 2900//3448 2898//3436 
f 3368//3437 3371//3440 3366//3431 
f 2898//3436 2897//3435 3367//3434 
f 2897//3435 2885//3433 3359//3423 
f 3367//3434 3359//3423 3358//3422 
f 2885//3433 2884//3450 3160//3432 
f 3366//3431 3367//3434 3363//3427 
f 3365//3430 3369//3438 3364//3429 
f 3364//3429 3363//3427 3348//3405 
f 3154//3408 3348//3405 3363//3427 
f 3362//3426 3348//3405 3354//3416 
f 3359//3423 3160//3432 3158//3421 
f 3357//3420 3360//3424 3353//3415 
f 3356//3419 3353//3415 3352//3414 
f 3354//3416 3153//3407 3157//3417 
f 3350//3411 3181//3179 3187//3185 
f 3181//3179 3350//3411 3349//3410 
f 3175//3173 3349//3410 3351//3412 
f 3352//3414 3157//3417 3156//3413 
f 3178//3176 3351//3412 3168//3159 
f 3351//3412 3155//3409 3131//3160 
f 3350//3411 3156//3413 3155//3409 
f 3153//3407 3354//3416 3348//3405 
f 3296//3333 3164//3153 3166//3157 
f 3299//3336 3297//3334 3346//3403 
f 3242//3262 3299//3336 3347//3404 
f 3243//3263 3242//3262 3339//3396 
f 3347//3404 3346//3403 3335//3392 
f 3346//3403 3297//3334 3296//3333 
f 3268//3292 3243//3263 3338//3395 
f 3345//3402 3338//3395 3337//3394 
f 3270//3294 3268//3292 3345//3402 
f 3343//3400 3344//3401 3248//3269 
f 3344//3401 3343//3400 3329//3384 
f 3344//3401 3340//3397 3250//3271 
f 3343//3400 3345//3402 3330//3385 
f 3340//3397 3342//3399 3253//3275 
f 3327//3382 3322//3377 3342//3399 
f 3342//3399 3341//3398 3254//3276 
f 3341//3398 3313//3361 3165//3154 
f 3321//3376 3314//3362 3313//3361 
f 3313//3361 3142//3360 3129//3155 
f 3322//3377 3321//3376 3341//3398 
f 3340//3397 3344//3401 3328//3383 
f 3339//3396 3347//3404 3333//3389 
f 3336//3393 3166//3157 3169//3161 
f 3333//3389 3335//3392 3332//3388 
f 3334//3390 3332//3388 3151//3391 
f 3331//3386 3337//3394 3333//3389 
f 3150//3387 3151//3391 3332//3388 
f 3330//3385 3337//3394 3331//3386 
f 3328//3383 3329//3384 3326//3381 
f 3326//3381 3331//3386 3315//3365 
f 3319//3373 3324//3379 3325//3380 
f 3325//3380 3324//3379 3315//3365 
f 3323//3378 3326//3381 3324//3379 
f 3322//3377 3327//3382 3323//3378 
f 3314//3362 3321//3376 3320//3374 
f 3320//3374 3323//3378 3319//3373 
f 3317//3369 3319//3373 3316//3368 
f 3147//3370 3317//3369 3318//3372 
f 3318//3372 3316//3368 3146//3367 
f 3148//3371 3320//3374 3317//3369 
f 3316//3368 3325//3380 3145//3366 
f 3315//3365 3334//3390 3143//3363 
f 3314//3362 3149//3375 3142//3360 
f 1905//3359 1904//3357 3312//3356 
f 1903//3358 1905//3359 3308//3345 
f 1881//3355 1880//3168 3161//3150 
f 3307//3344 3311//3351 1869//3353 
f 3311//3351 3307//3344 3306//3343 
f 1870//3352 1869//3353 3311//3351 
f 1902//3350 1870//3352 3310//3347 
f 3294//3331 3310//3347 3303//3340 
f 3294//3331 3293//3329 1868//3348 
f 3310//3347 3311//3351 3304//3341 
f 3308//3345 3312//3356 3309//3346 
f 3306//3343 3309//3346 3305//3342 
f 3305//3342 3309//3346 3161//3150 
f 3304//3341 3306//3343 3298//3335 
f 3303//3340 3304//3341 3301//3338 
f 3295//3332 3303//3340 3300//3337 
f 3302//3339 3300//3337 3299//3336 
f 3273//3297 3295//3332 3302//3339 
f 3301//3338 3298//3335 3297//3334 
f 3298//3335 3305//3342 3296//3333 
f 3291//3324 3293//3329 3294//3331 
f 1878//3330 1868//3348 3293//3329 
f 3290//3323 3286//3319 1977//3328 
f 3292//3325 3290//3323 1935//3326 
f 3292//3325 3293//3329 3291//3324 
f 3289//3322 3291//3324 3273//3297 
f 3290//3323 3292//3325 3289//3322 
f 3286//3319 3290//3323 3287//3320 
f 3288//3321 3287//3320 3271//3295 
f 3288//3321 3275//3299 3282//3308 
f 3287//3320 3289//3322 3272//3296 
f 2054//3318 1977//3328 3286//3319 
f 3285//3314 3284//3310 2056//3316 
f 2057//3315 2056//3316 3284//3310 
f 3282//3308 3281//3307 3284//3310 
f 3283//3309 3276//3301 2051//3312 
f 3276//3301 3140//3300 2052//3311 
f 3280//3306 3277//3302 3276//3301 
f 3281//3307 3280//3306 3283//3309 
f 3275//3299 3279//3304 3281//3307 
f 3274//3298 3262//3286 3279//3304 
f 3279//3304 3278//3303 3280//3306 
f 3278//3303 3245//3266 3277//3302 
f 3261//3285 3246//3267 3245//3266 
f 3245//3266 3136//3265 3141//3305 
f 3262//3286 3261//3285 3278//3303 
f 3277//3302 3141//3305 3140//3300 
f 3275//3299 3288//3321 3269//3293 
f 3244//3264 3267//3291 3272//3296 
f 3267//3291 3244//3264 3243//3263 
f 3267//3291 3266//3290 3271//3295 
f 3266//3290 3247//3268 3269//3293 
f 3270//3294 3248//3269 3247//3268 
f 3265//3289 3274//3298 3269//3293 
f 3268//3292 3270//3294 3266//3290 
f 3262//3286 3274//3298 3265//3289 
f 3263//3287 3265//3289 3264//3288 
f 3263//3287 3260//3283 3261//3285 
f 3260//3283 3251//3273 3246//3267 
f 3258//3281 3252//3274 3251//3273 
f 3251//3273 3137//3272 3139//3284 
f 3260//3283 3263//3287 3259//3282 
f 3259//3282 3264//3288 3249//3270 
f 3257//3280 3249//3270 3250//3271 
f 3258//3281 3259//3282 3257//3280 
f 3252//3274 3258//3281 3255//3277 
f 3256//3279 3255//3277 3254//3276 
f 3256//3279 3130//3156 3138//3278 
f 3255//3277 3257//3280 3253//3275 
f 3252//3274 3138//3278 3137//3272 
f 3249//3270 3264//3288 3247//3268 
f 3246//3267 3139//3284 3136//3265 
f 3244//3264 3302//3339 3242//3262 
f 3240//3256 1936//3260 1938//3261 
f 3241//3257 1937//3451 1936//3260 
f 3238//3247 3240//3256 2890//3259 
f 1979//3258 1937//3451 3241//3257 
f 3235//3244 3239//3252 3241//3257 
f 3237//3246 3241//3257 3240//3256 
f 3231//3240 1982//3255 1981//3250 
f 3226//3235 1978//3452 2011//3254 
f 3230//3239 2011//3254 2010//3253 
f 3239//3252 3235//3244 3233//3242 
f 3234//3243 3238//3247 2891//3249 
f 3217//3217 3234//3243 2886//3248 
f 3236//3245 3237//3246 3238//3247 
f 3227//3236 3235//3244 3237//3246 
f 3214//3214 3227//3236 3236//3245 
f 3232//3241 3233//3242 3235//3244 
f 3216//3216 3236//3245 3234//3243 
f 3229//3238 3231//3240 3233//3242 
f 3232//3241 3212//3212 3211//3211 
f 3231//3240 3229//3238 3228//3237 
f 3230//3239 3228//3237 3219//3221 
f 3228//3237 3210//3210 3209//3209 
f 3226//3235 3219//3221 3218//3220 
f 3229//3238 3211//3211 3210//3210 
f 3212//3212 3232//3241 3227//3236 
f 1873//3234 1978//3452 3226//3235 
f 3224//3228 1867//3453 1866//3233 
f 3218//3220 3188//3186 3185//3183 
f 1886//3231 1867//3453 3224//3228 
f 1865//3230 3223//3227 3221//3223 
f 3223//3227 3184//3182 3183//3181 
f 3220//3222 1872//3454 1871//3229 
f 3224//3228 3185//3183 3184//3182 
f 1882//3226 1872//3454 3220//3222 
f 1883//3225 3222//3224 3170//3167 
f 3222//3224 3220//3222 3180//3178 
f 3221//3223 3183//3181 3180//3178 
f 3219//3221 3209//3209 3188//3186 
f 3213//3213 3217//3217 2889//3219 
f 3204//3202 3213//3213 2887//3218 
f 3215//3215 3216//3216 3217//3217 
f 3207//3207 3214//3214 3216//3216 
f 3215//3215 3203//3201 3202//3200 
f 3214//3214 3207//3207 3206//3206 
f 3203//3201 3215//3215 3213//3213 
f 3212//3212 3206//3206 3208//3208 
f 3206//3206 3201//3199 3198//3196 
f 3211//3211 3208//3208 3190//3188 
f 3209//3209 3210//3210 3190//3188 
f 3208//3208 3198//3196 3197//3195 
f 3207//3207 3202//3200 3201//3199 
f 3200//3198 3204//3202 2888//3205 
f 2880//3204 2879//3449 3205//3203 
f 3204//3202 3200//3198 3193//3191 
f 3203//3201 3193//3191 3192//3190 
f 3202//3200 3192//3190 3195//3193 
f 3200//3198 3205//3203 3199//3197 
f 3198//3196 3201//3199 3195//3193 
f 3197//3195 3172//3170 3171//3169 
f 3196//3194 3174//3172 3172//3170 
f 3193//3191 3199//3197 3191//3189 
f 3190//3188 3197//3195 3186//3184 
f 3189//3187 3186//3184 3182//3180 
f 3171//3169 3355//3418 3187//3185 
f 3185//3183 3182//3180 3177//3175 
f 3184//3182 3177//3175 3176//3174 
f 3183//3181 3176//3174 3179//3177 
f 3182//3180 3187//3185 3181//3179 
f 3180//3178 3179//3177 3163//3152 
f 3179//3177 3178//3176 3167//3158 
f 3177//3175 3181//3179 3175//3173 
f 3173//3171 3355//3418 3171//3169 
f 3170//3167 3162//3151 1885//3165 
f 3135//3164 3318//3372 3133//3162 
f 3167//3158 3168//3159 3166//3157 
f 3130//3156 3256//3279 3165//3154 
f 3163//3152 3167//3158 3164//3153 
o mesh18
f 3396//3455 3397//3456 3398//3457 
f 3398//3457 3399//3458 3396//3455 
f 3400//3459 2161//3460 2124//3461 
f 3401//3462 3399//3458 3402//3463 
f 3403//3464 3378//3465 3404//3466 
f 3378//3465 3379//3466 3404//3466 
f 3404//3466 3401//3462 3403//3464 
f 3380//3467 2162//3468 2156//3469 
f 2089//3470 2088//3471 3405//3472 
f 3396//3455 2047//3473 2089//3470 
f 2089//3470 3397//3456 3396//3455 
f 3406//3474 3407//3475 3408//3476 
f 3407//3475 3409//3477 3408//3476 
f 3410//3478 3411//3479 3412//3480 
f 3413//3481 3414//3482 3411//3479 
f 3411//3479 3410//3478 3413//3481 
f 3402//3463 3398//3457 3414//3482 
f 3398//3457 3397//3456 3415//3483 
f 3416//3484 3412//3480 3417//3485 
f 3414//3482 3415//3483 3418//3486 
f 3411//3479 3418//3486 3419//3487 
f 3412//3480 3419//3487 3420//3488 
f 3417//3485 3421//3489 3406//3474 
f 3406//3474 3422//3490 3417//3485 
f 3420//3488 3423//3491 3424//3492 
f 3424//3492 3417//3485 3420//3488 
f 3421//3489 3424//3492 3425//3493 
f 3426//3494 3427//3495 3428//3496 
f 3429//3497 3430//3498 3427//3495 
f 3427//3495 3426//3494 3429//3497 
f 3407//3475 3430//3498 3431//3499 
f 3430//3498 3429//3497 3431//3499 
f 3406//3474 3421//3489 3432//3500 
f 3430//3498 3407//3475 3433//3501 
f 3407//3475 3432//3500 3433//3501 
f 3434//3502 3428//3496 3435//3503 
f 3430//3498 3436//3504 3437//3505 
f 3427//3495 3437//3505 3438//3506 
f 3428//3496 3438//3506 3439//3507 
f 3440//3508 3435//3503 3130//3509 
f 3138//3510 3130//3509 3435//3503 
f 3436//3504 3441//3511 3442//3512 
f 3432//3500 3425//3493 3443//3513 
f 3425//3493 3424//3492 3444//3514 
f 3424//3492 3423//3491 3444//3514 
f 3425//3493 3445//3515 3446//3516 
f 3433//3501 3443//3513 3441//3511 
f 3443//3513 3446//3516 3447//3517 
f 3448//3518 3439//3507 3438//3506 
f 3441//3511 3447//3517 3449//3519 
f 3437//3505 3442//3512 3450//3520 
f 3451//3521 3450//3520 3442//3512 
f 3452//3522 3448//3518 3450//3520 
f 3137//3523 3138//3510 3439//3507 
f 3139//3524 3137//3523 3448//3518 
f 3423//3491 3453//3525 3454//3526 
f 3415//3483 3455//3527 3456//3528 
f 3415//3483 3397//3456 3457//3529 
f 3397//3456 3405//3472 3457//3529 
f 3405//3472 2088//3471 2087//3530 
f 3457//3529 2087//3530 2086//3531 
f 2086//3531 3455//3527 3457//3529 
f 3419//3487 3458//3532 3459//3533 
f 2048//3534 3456//3528 3455//3527 
f 3418//3486 3456//3528 3458//3532 
f 3456//3528 2048//3534 2007//3535 
f 3459//3533 3458//3532 2090//3536 
f 3458//3532 2007//3535 2090//3536 
f 3459//3533 3460//3537 3453//3525 
f 3453//3525 3420//3488 3459//3533 
f 2008//3538 3460//3537 3459//3533 
f 3460//3537 2008//3538 2050//3539 
f 2050//3539 3461//3540 3460//3537 
f 3462//3541 3449//3519 3447//3517 
f 3445//3515 3463//3542 3464//3543 
f 3453//3525 3460//3537 3461//3540 
f 3444//3514 3454//3526 3463//3542 
f 3454//3526 3461//3540 3465//3544 
f 3463//3542 3465//3544 3466//3545 
f 3446//3516 3464//3543 3467//3546 
f 3468//3547 3467//3546 3464//3543 
f 3469//3548 3452//3522 3451//3521 
f 3470//3549 3462//3541 3467//3546 
f 3471//3550 3451//3521 3449//3519 
f 3472//3551 3471//3550 3462//3541 
f 3473//3552 3469//3548 3471//3550 
f 3136//3553 3139//3524 3452//3522 
f 3141//3554 3136//3553 3469//3548 
f 2114//3555 2113//3556 3474//3557 
f 3474//3557 3468//3547 2114//3555 
f 2108//3558 3466//3545 3465//3544 
f 2109//3559 3465//3544 3461//3540 
f 2114//3555 3468//3547 3466//3545 
f 3466//3545 2108//3558 2111//3560 
f 3475//3561 3473//3552 3472//3551 
f 3476//3562 3472//3551 3470//3549 
f 3474//3557 2113//3556 2112//3563 
f 2112//3563 3476//3562 3474//3557 
f 3140//3564 3141//3554 3473//3552 
f 2115//3565 3475//3561 3476//3562 
f 2052//3566 3140//3564 3475//3561 
f 3477//3567 3478//3568 3479//3569 
f 2128//3570 3480//3571 3481//3572 
f 3482//3573 3483//3574 3484//3575 
f 3483//3574 3485//3576 3484//3575 
f 2126//3577 3486//3578 3487//3579 
f 3488//3580 3489//3581 3490//3582 
f 2125//3583 3487//3579 3491//3584 
f 3489//3581 3400//3459 3491//3584 
f 3490//3582 3491//3584 3487//3579 
f 3492//3585 3490//3582 3493//3586 
f 3485//3576 3488//3580 3492//3585 
f 3484//3575 3492//3585 3494//3587 
f 3494//3587 3493//3586 3495//3588 
f 2127//3589 3481//3572 3486//3578 
f 3486//3578 3495//3588 3493//3586 
f 3481//3572 3496//3590 3495//3588 
f 3496//3590 3497//3591 3498//3592 
f 3499//3593 3494//3587 3498//3592 
f 3500//3594 3498//3592 3497//3591 
f 3501//3595 3502//3596 3503//3597 
f 3504//3598 3482//3573 3500//3594 
f 3482//3573 3499//3593 3500//3594 
f 3482//3573 3501//3595 3505//3599 
f 3504//3598 3506//3600 3501//3595 
f 3506//3600 3507//3601 3502//3596 
f 3478//3568 3503//3597 3502//3596 
f 3507//3601 3508//3602 3479//3569 
f 3504//3598 3509//3603 3510//3604 
f 2130//3605 3511//3606 3512//3607 
f 3513//3608 3514//3609 3497//3591 
f 2129//3610 3512//3607 3480//3571 
f 3480//3571 3513//3608 3496//3590 
f 3512//3607 3515//3611 3513//3608 
f 3515//3611 3516//3612 3514//3609 
f 3514//3609 3510//3604 3509//3603 
f 3516//3612 3517//3613 3510//3604 
f 3518//3614 3519//3615 3516//3612 
f 3511//3606 3518//3614 3515//3611 
f 2039//3616 2041//3617 3511//3606 
f 2041//3617 2040//3618 3518//3614 
f 3519//3615 3520//3619 3517//3613 
f 3519//3615 3518//3614 2085//3620 
f 3518//3614 2040//3618 2085//3620 
f 2104//3621 2103//3622 3520//3619 
f 2102//3623 3521//3624 3520//3619 
f 3521//3624 3517//3613 3520//3619 
f 3520//3619 2103//3622 2102//3623 
f 3507//3601 3506//3600 3522//3625 
f 3517//3613 3521//3624 3523//3626 
f 3506//3600 3504//3598 3523//3626 
f 3522//3625 3523//3626 3521//3624 
f 3524//3627 3522//3625 3525//3628 
f 3508//3602 3507//3601 3524//3627 
f 3526//3629 3524//3627 3527//3630 
f 2107//3631 2106//3632 3527//3630 
f 2110//3633 2107//3631 3525//3628 
f 3528//3634 3527//3630 2005//3635 
f 3527//3630 2106//3632 2005//3635 
f 3529//3636 3530//3637 3526//3629 
f 3530//3637 3508//3602 3526//3629 
f 3531//3638 3532//3639 3533//3640 
f 3534//3641 3535//3642 3536//3643 
f 3536//3643 3532//3639 3534//3641 
f 3537//3644 3479//3569 3508//3602 
f 3534//3641 3477//3567 3537//3644 
f 3535//3642 3537//3644 3530//3637 
f 3536//3643 3535//3642 3538//3645 
f 3533//3640 3536//3643 3539//3646 
f 3396//3455 3399//3458 3540//3647 
f 3399//3458 3531//3638 3540//3647 
f 3540//3647 3533//3640 3541//3648 
f 3541//3648 3542//3649 3543//3650 
f 3543//3650 3544//3651 3541//3648 
f 3539//3646 3538//3645 3545//3652 
f 1974//3653 2004//3654 3529//3636 
f 3538//3645 3530//3637 3529//3636 
f 3529//3636 2004//3654 2042//3655 
f 2042//3655 3545//3652 3529//3636 
f 3546//3656 3545//3652 1976//3657 
f 3541//3648 3539//3646 3546//3656 
f 1975//3658 2006//3659 3542//3649 
f 3396//3455 3544//3651 2044//3660 
f 2044//3660 3544//3651 3547//3661 
f 3547//3661 2045//3662 2044//3660 
f 3543//3650 3542//3649 2043//3663 
f 3542//3649 2006//3659 2043//3663 
f 3547//3661 3543//3650 2046//3664 
f 2159//3665 3548//3666 3549//3667 
f 3381//3668 3382//3669 3550//3670 
f 3551//3671 3383//3672 3384//3673 
f 3384//3673 3552//3674 3551//3671 
f 3553//3675 2157//3676 2158//3677 
f 3385//3678 3380//3467 3554//3679 
f 3554//3679 2156//3469 2157//3676 
f 3552//3674 3554//3679 3553//3675 
f 3555//3680 3553//3675 3556//3681 
f 2158//3677 2160//3682 3549//3667 
f 3549//3667 3556//3681 2158//3677 
f 3556//3681 3557//3683 3558//3684 
f 3558//3684 3559//3685 3556//3681 
f 3560//3686 3555//3680 3559//3685 
f 3386//3687 3383//3672 3551//3671 
f 3560//3686 3550//3670 3382//3669 
f 3382//3669 3386//3687 3560//3686 
f 3551//3671 3552//3674 3555//3680 
f 3550//3670 3560//3686 3561//3688 
f 3559//3685 3562//3689 3563//3690 
f 3563//3690 3561//3688 3559//3685 
f 3561//3688 3564//3691 3565//3692 
f 3565//3692 3566//3693 3561//3688 
f 3379//3466 3387//3694 3567//3695 
f 3568//3696 3569//3697 3566//3693 
f 3569//3697 3550//3670 3566//3693 
f 3387//3694 3381//3668 3569//3697 
f 3567//3695 3569//3697 3568//3696 
f 3567//3695 3570//3698 3571//3699 
f 3571//3699 3404//3466 3567//3695 
f 3572//3700 3573//3701 3574//3702 
f 3574//3702 3568//3696 3572//3700 
f 3563//3690 3562//3689 3575//3703 
f 3576//3704 3577//3705 3558//3684 
f 2161//3460 3400//3459 3548//3666 
f 3548//3666 3576//3704 3557//3683 
f 3400//3459 3489//3581 3576//3704 
f 3489//3581 3488//3580 3577//3705 
f 3577//3705 3575//3703 3562//3689 
f 3488//3580 3485//3576 3575//3703 
f 3565//3692 3564//3691 3578//3706 
f 3485//3576 3483//3574 3579//3707 
f 3564//3691 3563//3690 3579//3707 
f 3483//3574 3505//3599 3578//3706 
f 3580//3708 3578//3706 3505//3599 
f 3572//3700 3565//3692 3580//3708 
f 3573//3701 3580//3708 3503//3597 
f 3531//3638 3571//3699 3581//3709 
f 3571//3699 3570//3698 3581//3709 
f 3570//3698 3568//3696 3582//3710 
f 3574//3702 3573//3701 3478//3568 
f 3582//3710 3574//3702 3477//3567 
f 3581//3709 3582//3710 3534//3641 
f 3401//3462 3571//3699 3531//3638 
f 3388//3711 3583//3712 3584//3713 
f 3389//3714 3585//3715 3586//3716 
f 3389//3714 3587//3717 3585//3715 
f 3587//3717 3390//3718 3378//3465 
f 3587//3717 3389//3714 3390//3718 
f 3403//3464 3402//3463 3413//3481 
f 3391//3719 3586//3716 3588//3720 
f 3587//3717 3413//3481 3410//3478 
f 3585//3715 3410//3478 3416//3484 
f 3422//3490 3588//3720 3586//3716 
f 3588//3720 3589//3721 3583//3712 
f 3583//3712 3392//3722 3588//3720 
f 3422//3490 3590//3723 3591//3724 
f 3591//3724 3588//3720 3422//3490 
f 3589//3721 3591//3724 3592//3725 
f 3393//3726 3593//3727 3594//3728 
f 3595//3729 3596//3730 3597//3731 
f 3597//3731 3583//3712 3595//3729 
f 3583//3712 3589//3721 3595//3729 
f 3584//3713 3598//3732 3593//3727 
f 3593//3727 3394//3733 3584//3713 
f 3584//3713 3597//3731 3599//3734 
f 3599//3734 3597//3731 3600//3735 
f 3597//3731 3596//3730 3600//3735 
f 3598//3732 3599//3734 3601//3736 
f 3395//3737 3594//3728 3135//3738 
f 3593//3727 3598//3732 3602//3739 
f 3594//3728 3602//3739 3147//3740 
f 3602//3739 3601//3736 3148//3741 
f 3601//3736 3599//3734 3603//3742 
f 3599//3734 3604//3743 3603//3742 
f 3148//3741 3601//3736 3605//3744 
f 3601//3736 3606//3745 3605//3744 
f 3607//3746 3603//3742 3604//3743 
f 3596//3730 3608//3747 3609//3748 
f 3591//3724 3590//3723 3408//3476 
f 3595//3729 3592//3725 3608//3747 
f 3592//3725 3408//3476 3409//3477 
f 3431//3499 3609//3748 3608//3747 
f 3600//3735 3609//3748 3610//3749 
f 3429//3497 3610//3749 3609//3748 
f 3611//3750 3605//3744 3606//3745 
f 3426//3494 3607//3746 3610//3749 
f 3612//3751 3606//3745 3603//3742 
f 3434//3502 3612//3751 3607//3746 
f 3440//3508 3611//3750 3612//3751 
f 3142//3752 3149//3753 3605//3744 
f 3129//3754 3142//3752 3611//3750 
f 3611//3750 3440//3508 3129//3754 
f 3605//3744 3611//3750 3142//3752 
f 3612//3751 3434//3502 3440//3508 
f 3607//3746 3426//3494 3434//3502 
f 3603//3742 3607//3746 3612//3751 
f 3610//3749 3429//3497 3426//3494 
f 3606//3745 3612//3751 3611//3750 
f 3609//3748 3431//3499 3429//3497 
f 3610//3749 3604//3743 3600//3735 
f 3608//3747 3409//3477 3431//3499 
f 3409//3477 3608//3747 3592//3725 
f 3608//3747 3596//3730 3595//3729 
f 3408//3476 3592//3725 3591//3724 
f 3609//3748 3600//3735 3596//3730 
f 3604//3743 3610//3749 3607//3746 
f 3605//3744 3149//3753 3148//3741 
f 3603//3742 3606//3745 3601//3736 
f 3148//3741 3147//3740 3602//3739 
f 3147//3740 3135//3738 3594//3728 
f 3602//3739 3594//3728 3593//3727 
f 3135//3738 3134//3755 3395//3737 
f 3601//3736 3602//3739 3598//3732 
f 3600//3735 3604//3743 3599//3734 
f 3599//3734 3598//3732 3584//3713 
f 3593//3727 3393//3726 3394//3733 
f 3597//3731 3584//3713 3583//3712 
f 3594//3728 3395//3737 3393//3726 
f 3592//3725 3595//3729 3589//3721 
f 3591//3724 3589//3721 3588//3720 
f 3583//3712 3388//3711 3392//3722 
f 3586//3716 3416//3484 3422//3490 
f 3416//3484 3586//3716 3585//3715 
f 3410//3478 3585//3715 3587//3717 
f 3588//3720 3392//3722 3391//3719 
f 3413//3481 3587//3717 3403//3464 
f 3378//3465 3403//3464 3587//3717 
f 3586//3716 3391//3719 3389//3714 
f 3584//3713 3394//3733 3388//3711 
f 3531//3638 3399//3458 3401//3462 
f 3534//3641 3532//3639 3581//3709 
f 3477//3567 3534//3641 3582//3710 
f 3478//3568 3477//3567 3574//3702 
f 3582//3710 3581//3709 3570//3698 
f 3581//3709 3532//3639 3531//3638 
f 3503//3597 3478//3568 3573//3701 
f 3580//3708 3573//3701 3572//3700 
f 3505//3599 3503//3597 3580//3708 
f 3578//3706 3579//3707 3483//3574 
f 3579//3707 3578//3706 3564//3691 
f 3579//3707 3575//3703 3485//3576 
f 3578//3706 3580//3708 3565//3692 
f 3575//3703 3577//3705 3488//3580 
f 3562//3689 3558//3684 3577//3705 
f 3577//3705 3576//3704 3489//3581 
f 3576//3704 3548//3666 3400//3459 
f 3557//3683 3549//3667 3548//3666 
f 3548//3666 2159//3665 2161//3460 
f 3558//3684 3557//3683 3576//3704 
f 3575//3703 3579//3707 3563//3690 
f 3574//3702 3582//3710 3568//3696 
f 3571//3699 3401//3462 3404//3466 
f 3568//3696 3570//3698 3567//3695 
f 3569//3697 3567//3695 3387//3694 
f 3566//3693 3572//3700 3568//3696 
f 3567//3695 3404//3466 3379//3466 
f 3565//3692 3572//3700 3566//3693 
f 3563//3690 3564//3691 3561//3688 
f 3561//3688 3566//3693 3550//3670 
f 3555//3680 3560//3686 3551//3671 
f 3551//3671 3560//3686 3386//3687 
f 3559//3685 3561//3688 3560//3686 
f 3558//3684 3562//3689 3559//3685 
f 3549//3667 3557//3683 3556//3681 
f 3556//3681 3559//3685 3555//3680 
f 3553//3675 3555//3680 3552//3674 
f 2157//3676 3553//3675 3554//3679 
f 3554//3679 3552//3674 3385//3678 
f 2158//3677 3556//3681 3553//3675 
f 3384//3673 3385//3678 3552//3674 
f 3550//3670 3569//3697 3381//3668 
f 3549//3667 2160//3682 2159//3665 
f 2046//3664 2045//3662 3547//3661 
f 2043//3663 2046//3664 3543//3650 
f 2044//3660 2047//3473 3396//3455 
f 3542//3649 3546//3656 1975//3658 
f 3546//3656 3542//3649 3541//3648 
f 1976//3657 1975//3658 3546//3656 
f 2042//3655 1976//3657 3545//3652 
f 3529//3636 3545//3652 3538//3645 
f 3529//3636 3528//3634 1974//3653 
f 3545//3652 3546//3656 3539//3646 
f 3543//3650 3547//3661 3544//3651 
f 3541//3648 3544//3651 3540//3647 
f 3540//3647 3544//3651 3396//3455 
f 3539//3646 3541//3648 3533//3640 
f 3538//3645 3539//3646 3536//3643 
f 3530//3637 3538//3645 3535//3642 
f 3537//3644 3535//3642 3534//3641 
f 3508//3602 3530//3637 3537//3644 
f 3536//3643 3533//3640 3532//3639 
f 3533//3640 3540//3647 3531//3638 
f 3526//3629 3528//3634 3529//3636 
f 2005//3635 1974//3653 3528//3634 
f 3525//3628 3521//3624 2110//3633 
f 3527//3630 3525//3628 2107//3631 
f 3527//3630 3528//3634 3526//3629 
f 3524//3627 3526//3629 3508//3602 
f 3525//3628 3527//3630 3524//3627 
f 3521//3624 3525//3628 3522//3625 
f 3523//3626 3522//3625 3506//3600 
f 3523//3626 3510//3604 3517//3613 
f 3522//3625 3524//3627 3507//3601 
f 2102//3623 2110//3633 3521//3624 
f 3520//3619 3519//3615 2104//3621 
f 2085//3620 2104//3621 3519//3615 
f 3517//3613 3516//3612 3519//3615 
f 3518//3614 3511//3606 2041//3617 
f 3511//3606 2130//3605 2039//3616 
f 3515//3611 3512//3607 3511//3606 
f 3516//3612 3515//3611 3518//3614 
f 3510//3604 3514//3609 3516//3612 
f 3509//3603 3497//3591 3514//3609 
f 3514//3609 3513//3608 3515//3611 
f 3513//3608 3480//3571 3512//3607 
f 3496//3590 3481//3572 3480//3571 
f 3480//3571 2128//3570 2129//3610 
f 3497//3591 3496//3590 3513//3608 
f 3512//3607 2129//3610 2130//3605 
f 3510//3604 3523//3626 3504//3598 
f 3479//3569 3502//3596 3507//3601 
f 3502//3596 3479//3569 3478//3568 
f 3502//3596 3501//3595 3506//3600 
f 3501//3595 3482//3573 3504//3598 
f 3505//3599 3483//3574 3482//3573 
f 3500//3594 3509//3603 3504//3598 
f 3503//3597 3505//3599 3501//3595 
f 3497//3591 3509//3603 3500//3594 
f 3498//3592 3500//3594 3499//3593 
f 3498//3592 3495//3588 3496//3590 
f 3495//3588 3486//3578 3481//3572 
f 3493//3586 3487//3579 3486//3578 
f 3486//3578 2126//3577 2127//3589 
f 3495//3588 3498//3592 3494//3587 
f 3494//3587 3499//3593 3484//3575 
f 3492//3585 3484//3575 3485//3576 
f 3493//3586 3494//3587 3492//3585 
f 3487//3579 3493//3586 3490//3582 
f 3491//3584 3490//3582 3489//3581 
f 3491//3584 2124//3461 2125//3583 
f 3490//3582 3492//3585 3488//3580 
f 3487//3579 2125//3583 2126//3577 
f 3484//3575 3499//3593 3482//3573 
f 3481//3572 2127//3589 2128//3570 
f 3479//3569 3537//3644 3477//3567 
f 3475//3561 2115//3565 2052//3566 
f 3476//3562 2116//3756 2115//3565 
f 3473//3552 3475//3561 3140//3564 
f 2112//3563 2116//3756 3476//3562 
f 3470//3549 3474//3557 3476//3562 
f 3472//3551 3476//3562 3475//3561 
f 3466//3545 2111//3560 2114//3555 
f 3461//3540 2105//3757 2109//3559 
f 3465//3544 2109//3559 2108//3558 
f 3474//3557 3470//3549 3468//3547 
f 3469//3548 3473//3552 3141//3554 
f 3452//3522 3469//3548 3136//3553 
f 3471//3550 3472//3551 3473//3552 
f 3462//3541 3470//3549 3472//3551 
f 3449//3519 3462//3541 3471//3550 
f 3467//3546 3468//3547 3470//3549 
f 3451//3521 3471//3550 3469//3548 
f 3464//3543 3466//3545 3468//3547 
f 3467//3546 3447//3517 3446//3516 
f 3466//3545 3464//3543 3463//3542 
f 3465//3544 3463//3542 3454//3526 
f 3463//3542 3445//3515 3444//3514 
f 3461//3540 3454//3526 3453//3525 
f 3464//3543 3446//3516 3445//3515 
f 3447//3517 3467//3546 3462//3541 
f 2050//3539 2105//3757 3461//3540 
f 3459//3533 2009//3758 2008//3538 
f 3453//3525 3423//3491 3420//3488 
f 2090//3536 2009//3758 3459//3533 
f 2007//3535 3458//3532 3456//3528 
f 3458//3532 3419//3487 3418//3486 
f 3455//3527 2049//3759 2048//3534 
f 3459//3533 3420//3488 3419//3487 
f 2086//3531 2049//3759 3455//3527 
f 2087//3530 3457//3529 3405//3472 
f 3457//3529 3455//3527 3415//3483 
f 3456//3528 3418//3486 3415//3483 
f 3454//3526 3444//3514 3423//3491 
f 3448//3518 3452//3522 3139//3524 
f 3439//3507 3448//3518 3137//3523 
f 3450//3520 3451//3521 3452//3522 
f 3442//3512 3449//3519 3451//3521 
f 3450//3520 3438//3506 3437//3505 
f 3449//3519 3442//3512 3441//3511 
f 3438//3506 3450//3520 3448//3518 
f 3447//3517 3441//3511 3443//3513 
f 3441//3511 3436//3504 3433//3501 
f 3446//3516 3443//3513 3425//3493 
f 3444//3514 3445//3515 3425//3493 
f 3443//3513 3433//3501 3432//3500 
f 3442//3512 3437//3505 3436//3504 
f 3435//3503 3439//3507 3138//3510 
f 3130//3509 3129//3754 3440//3508 
f 3439//3507 3435//3503 3428//3496 
f 3438//3506 3428//3496 3427//3495 
f 3437//3505 3427//3495 3430//3498 
f 3435//3503 3440//3508 3434//3502 
f 3433//3501 3436//3504 3430//3498 
f 3432//3500 3407//3475 3406//3474 
f 3431//3499 3409//3477 3407//3475 
f 3428//3496 3434//3502 3426//3494 
f 3425//3493 3432//3500 3421//3489 
f 3424//3492 3421//3489 3417//3485 
f 3406//3474 3590//3723 3422//3490 
f 3420//3488 3417//3485 3412//3480 
f 3419//3487 3412//3480 3411//3479 
f 3418//3486 3411//3479 3414//3482 
f 3417//3485 3422//3490 3416//3484 
f 3415//3483 3414//3482 3398//3457 
f 3414//3482 3413//3481 3402//3463 
f 3412//3480 3416//3484 3410//3478 
f 3408//3476 3590//3723 3406//3474 
f 3405//3472 3397//3456 2089//3470 
f 2156//3469 3554//3679 3380//3467 
f 3402//3463 3403//3464 3401//3462 
f 2124//3461 3491//3584 3400//3459 
f 3398//3457 3402//3463 3399//3458 
o mesh19
f 3765//3760 3613//3760 3614//3760 
f 3613//3760 3615//3760 3616//3760 
f 3766//3760 3616//3760 3615//3760 
f 3616//3760 3614//3760 3613//3760 
f 3614//3760 3617//3760 3765//3760 
f 3767//3760 18//3760 3618//3760 
f 18//3760 20//3760 3619//3760 
f 3619//3760 3618//3760 18//3760 
f 3620//3760 3616//3760 3621//3760 
f 3767//3760 3622//3760 3620//3760 
f 3620//3760 3623//3760 3767//3760 
f 3766//3760 3624//3760 3621//3760 
f 3621//3760 3616//3760 3766//3760 
f 3766//3760 3625//3760 3626//3760 
f 3626//3760 3625//3760 3627//3760 
f 3768//3760 3628//3760 3627//3760 
f 3627//3760 3628//3760 3626//3760 
f 3626//3760 3624//3760 3766//3760 
f 3629//3760 3630//3760 3625//3760 
f 3769//3760 3631//3760 3630//3760 
f 3630//3760 3629//3760 3769//3760 
f 3766//3760 3632//3760 3633//3760 
f 3633//3760 3625//3760 3766//3760 
f 3767//3760 3623//3760 3634//3760 
f 3634//3760 3623//3760 3635//3760 
f 3770//3760 3636//3760 3635//3760 
f 3635//3760 3636//3760 3634//3760 
f 3634//3760 3637//3760 3767//3760 
f 18//3760 3638//3760 3639//3760 
f 3767//3760 3637//3760 3638//3760 
f 3638//3760 18//3760 3767//3760 
f 3771//3760 1//3760 3640//3760 
f 1//3760 14//3760 3639//3760 
f 3639//3760 3640//3760 1//3760 
f 3641//3760 3636//3760 3642//3760 
f 3771//3760 3643//3760 3641//3760 
f 3641//3760 3644//3760 3771//3760 
f 3770//3760 3645//3760 3642//3760 
f 3642//3760 3636//3760 3770//3760 
f 3646//3760 3647//3760 3648//3760 
f 3772//3760 3649//3760 3646//3760 
f 3646//3760 3650//3760 3772//3760 
f 3773//3760 3651//3760 3648//3760 
f 3648//3760 3647//3760 3773//3760 
f 3774//3760 3652//3760 3653//3760 
f 3652//3760 3654//3760 3647//3760 
f 3773//3760 3647//3760 3654//3760 
f 3647//3760 3653//3760 3652//3760 
f 3653//3760 3655//3760 3774//3760 
f 3771//3760 3644//3760 3656//3760 
f 3656//3760 3644//3760 3657//3760 
f 3773//3760 3658//3760 3657//3760 
f 3657//3760 3658//3760 3656//3760 
f 3656//3760 3659//3760 3771//3760 
f 1//3760 3660//3760 3661//3760 
f 3771//3760 3659//3760 3660//3760 
f 3660//3760 1//3760 3771//3760 
f 3662//3760 3663//3760 3658//3760 
f 3773//3760 3664//3760 3665//3760 
f 3665//3760 3658//3760 3773//3760 
f 3775//3760 3666//3760 3663//3760 
f 3663//3760 3662//3760 3775//3760 
f 3667//3760 3668//3760 3669//3760 
f 3768//3760 3670//3760 3667//3760 
f 3667//3760 3628//3760 3768//3760 
f 3770//3760 3671//3760 3669//3760 
f 3669//3760 3668//3760 3770//3760 
f 3770//3760 3668//3760 3672//3760 
f 3650//3760 3672//3760 3668//3760 
f 3772//3760 3650//3760 3673//3760 
f 3668//3760 3673//3760 3650//3760 
f 3672//3760 3645//3760 3770//3760 
f 3619//3760 20//3760 28//3760 
f 28//3760 50//3760 3619//3760 
f 3765//3760 3617//3760 3674//3760 
f 3674//3760 50//3760 3765//3760 
f 41//3760 3675//3760 3613//3760 
f 41//3760 38//3760 3675//3760 
f 38//3760 3676//3760 3675//3760 
f 38//3760 3677//3760 3678//3760 
f 3679//3760 3680//3760 3629//3760 
f 38//3760 35//3760 3677//3760 
f 3678//3760 3677//3760 3679//3760 
f 3769//3760 3629//3760 3680//3760 
f 3629//3760 3678//3760 3679//3760 
f 3678//3760 3676//3760 38//3760 
f 35//3760 3681//3760 3677//3760 
f 3682//3760 3683//3760 3652//3760 
f 669//3760 3684//3760 3683//3760 
f 3652//3760 3685//3760 3682//3760 
f 3774//3760 3686//3760 3685//3760 
f 3683//3760 3687//3760 669//3760 
f 3685//3760 3652//3760 3774//3760 
f 3687//3760 682//3760 669//3760 
f 3687//3760 3688//3760 682//3760 
f 676//3760 3775//3760 3662//3760 
f 3662//3760 3689//3760 676//3760 
f 3689//3760 669//3760 676//3760 
f 3661//3760 673//3760 6//3760 
f 3775//3760 673//3760 3690//3760 
f 3661//3760 3690//3760 673//3760 
f 6//3760 4//3760 3661//3760 
f 714//3760 3691//3760 3692//3760 
f 3776//3760 3693//3760 3691//3760 
f 3691//3760 714//3760 3776//3760 
f 3777//3760 699//3760 3694//3760 
f 699//3760 711//3760 3692//3760 
f 3692//3760 3694//3760 699//3760 
f 699//3760 3695//3760 3696//3760 
f 3777//3760 3697//3760 3695//3760 
f 3695//3760 699//3760 3777//3760 
f 3696//3760 69//3760 92//3760 
f 3778//3760 69//3760 3698//3760 
f 3696//3760 3698//3760 69//3760 
f 92//3760 702//3760 3696//3760 
f 3772//3760 3699//3760 3700//3760 
f 3700//3760 3699//3760 3701//3760 
f 3779//3760 3702//3760 3701//3760 
f 3701//3760 3702//3760 3700//3760 
f 3700//3760 3649//3760 3772//3760 
f 3780//3760 3703//3760 3704//3760 
f 3705//3760 3706//3760 3704//3760 
f 3776//3760 3706//3760 3705//3760 
f 3704//3760 3703//3760 3705//3760 
f 3704//3760 3707//3760 3780//3760 
f 3708//3760 3709//3760 3699//3760 
f 3780//3760 3707//3760 3709//3760 
f 3709//3760 3708//3760 3780//3760 
f 3772//3760 3710//3760 3711//3760 
f 3711//3760 3699//3760 3772//3760 
f 3780//3760 3708//3760 3712//3760 
f 3712//3760 3708//3760 3713//3760 
f 3768//3760 3714//3760 3713//3760 
f 3713//3760 3714//3760 3712//3760 
f 3712//3760 3715//3760 3780//3760 
f 3716//3760 3703//3760 3717//3760 
f 3777//3760 3718//3760 3716//3760 
f 3716//3760 3719//3760 3777//3760 
f 3780//3760 3715//3760 3717//3760 
f 3717//3760 3703//3760 3780//3760 
f 3777//3760 3719//3760 3720//3760 
f 3720//3760 3719//3760 3721//3760 
f 3781//3760 3722//3760 3721//3760 
f 3721//3760 3722//3760 3720//3760 
f 3720//3760 3697//3760 3777//3760 
f 3723//3760 3714//3760 3724//3760 
f 3781//3760 3725//3760 3723//3760 
f 3723//3760 3726//3760 3781//3760 
f 3768//3760 3727//3760 3724//3760 
f 3724//3760 3714//3760 3768//3760 
f 3769//3760 3728//3760 3729//3760 
f 3728//3760 3730//3760 3726//3760 
f 3781//3760 3726//3760 3730//3760 
f 3726//3760 3729//3760 3728//3760 
f 3729//3760 3631//3760 3769//3760 
f 3731//3760 3732//3760 3722//3760 
f 3781//3760 3733//3760 3734//3760 
f 3734//3760 3722//3760 3781//3760 
f 3778//3760 3735//3760 3732//3760 
f 3732//3760 3731//3760 3778//3760 
f 72//3760 3778//3760 3731//3760 
f 3731//3760 3736//3760 72//3760 
f 3736//3760 65//3760 72//3760 
f 3737//3760 3738//3760 3728//3760 
f 65//3760 3739//3760 3738//3760 
f 3728//3760 3740//3760 3737//3760 
f 3769//3760 3741//3760 3740//3760 
f 3738//3760 3742//3760 65//3760 
f 3740//3760 3728//3760 3769//3760 
f 3742//3760 35//3760 65//3760 
f 3742//3760 3681//3760 35//3760 
f 3776//3760 714//3760 3743//3760 
f 714//3760 716//3760 3744//3760 
f 3744//3760 3743//3760 714//3760 
f 3745//3760 3746//3760 3747//3760 
f 3776//3760 3748//3760 3745//3760 
f 3745//3760 3706//3760 3776//3760 
f 3779//3760 3749//3760 3747//3760 
f 3747//3760 3746//3760 3779//3760 
f 3744//3760 716//3760 724//3760 
f 724//3760 1025//3760 3744//3760 
f 3782//3760 3750//3760 3751//3760 
f 3751//3760 1025//3760 3782//3760 
f 1013//3760 3752//3760 3753//3760 
f 3754//3760 3755//3760 3756//3760 
f 1013//3760 682//3760 3752//3760 
f 3774//3760 3756//3760 3755//3760 
f 3753//3760 3752//3760 3754//3760 
f 682//3760 3688//3760 3752//3760 
f 3756//3760 3753//3760 3754//3760 
f 3755//3760 3686//3760 3774//3760 
f 1016//3760 3757//3760 3758//3760 
f 1016//3760 1013//3760 3757//3760 
f 1013//3760 3759//3760 3757//3760 
f 3779//3760 3746//3760 3760//3760 
f 3758//3760 3760//3760 3746//3760 
f 3782//3760 3758//3760 3761//3760 
f 3746//3760 3761//3760 3758//3760 
f 3760//3760 3762//3760 3779//3760 
f 3756//3760 3763//3760 3702//3760 
f 3774//3760 3655//3760 3763//3760 
f 3763//3760 3756//3760 3774//3760 
f 3779//3760 3762//3760 3764//3760 
f 3764//3760 3702//3760 3779//3760 
f 3702//3760 3764//3760 3756//3760 
f 3761//3760 3750//3760 3782//3760 
f 3758//3760 3782//3760 1016//3760 
f 3753//3760 3759//3760 1013//3760 
f 1025//3760 3751//3760 3744//3760 
f 3747//3760 3706//3760 3745//3760 
f 3743//3760 3748//3760 3776//3760 
f 3737//3760 3742//3760 3738//3760 
f 3736//3760 3739//3760 65//3760 
f 3722//3760 3734//3760 3731//3760 
f 3730//3760 3733//3760 3781//3760 
f 3724//3760 3726//3760 3723//3760 
f 3721//3760 3725//3760 3781//3760 
f 3717//3760 3719//3760 3716//3760 
f 3713//3760 3670//3760 3768//3760 
f 3699//3760 3711//3760 3708//3760 
f 3705//3760 3693//3760 3776//3760 
f 3701//3760 3749//3760 3779//3760 
f 3698//3760 3735//3760 3778//3760 
f 3696//3760 702//3760 699//3760 
f 3694//3760 3718//3760 3777//3760 
f 3692//3760 711//3760 714//3760 
f 3690//3760 3666//3760 3775//3760 
f 673//3760 3775//3760 676//3760 
f 3689//3760 3684//3760 669//3760 
f 3682//3760 3687//3760 3683//3760 
f 1016//3760 3782//3760 1025//3760 
f 69//3760 3778//3760 72//3760 
f 3680//3760 3741//3760 3769//3760 
f 3613//3760 3765//3760 41//3760 
f 41//3760 3765//3760 50//3760 
f 50//3760 3674//3760 3619//3760 
f 3673//3760 3710//3760 3772//3760 
f 3669//3760 3628//3760 3667//3760 
f 3658//3760 3665//3760 3662//3760 
f 3661//3760 4//3760 1//3760 
f 3657//3760 3651//3760 3773//3760 
f 3654//3760 3664//3760 3773//3760 
f 3648//3760 3650//3760 3646//3760 
f 3642//3760 3644//3760 3641//3760 
f 3640//3760 3643//3760 3771//3760 
f 3639//3760 14//3760 18//3760 
f 3635//3760 3671//3760 3770//3760 
f 3625//3760 3633//3760 3629//3760 
f 3627//3760 3727//3760 3768//3760 
f 3621//3760 3623//3760 3620//3760 
f 3618//3760 3622//3760 3767//3760 
f 3615//3760 3632//3760 3766//3760 
o mesh20
f 3783//3761 2895//3761 2901//3761 
f 3783//3761 3784//3761 2896//3761 
f 2896//3761 2895//3761 3783//3761 
f 3784//3761 2899//3761 2896//3761 
f 3935//3761 3785//3761 3783//3761 
f 3783//3761 2893//3761 3935//3761 
f 3936//3761 3786//3761 3787//3761 
f 3786//3761 3788//3761 3789//3761 
f 3937//3761 3789//3761 3788//3761 
f 3789//3761 3787//3761 3786//3761 
f 3787//3761 3790//3761 3936//3761 
f 3791//3761 2904//3761 2906//3761 
f 3791//3761 2881//3761 2904//3761 
f 3792//3761 2882//3761 2881//3761 
f 2881//3761 3791//3761 3792//3761 
f 3938//3761 3793//3761 3791//3761 
f 3791//3761 2905//3761 3938//3761 
f 2902//3761 2882//3761 3792//3761 
f 3794//3761 2894//3761 2902//3761 
f 3935//3761 2893//3761 3794//3761 
f 3794//3761 2893//3761 2894//3761 
f 3792//3761 3794//3761 2902//3761 
f 3795//3761 3796//3761 3797//3761 
f 3936//3761 3790//3761 3796//3761 
f 3796//3761 3795//3761 3936//3761 
f 3939//3761 3798//3761 3799//3761 
f 3799//3761 3797//3761 3939//3761 
f 3940//3761 3384//3761 3383//3761 
f 3941//3761 3152//3761 3154//3761 
f 3160//3761 2883//3761 3800//3761 
f 3801//3761 3159//3761 3158//3761 
f 3784//3761 3800//3761 2883//3761 
f 3800//3761 3158//3761 3160//3761 
f 3801//3761 3941//3761 3159//3761 
f 3160//3761 2884//3761 2883//3761 
f 2883//3761 2899//3761 3784//3761 
f 3942//3761 2647//3761 2646//3761 
f 2653//3761 2633//3761 3802//3761 
f 3803//3761 2645//3761 2644//3761 
f 2644//3761 2653//3761 3803//3761 
f 3942//3761 2652//3761 2645//3761 
f 2632//3761 3804//3761 3802//3761 
f 2645//3761 3803//3761 3942//3761 
f 3802//3761 2633//3761 2632//3761 
f 2632//3761 2656//3761 3804//3761 
f 3943//3761 3805//3761 2405//3761 
f 3805//3761 2408//3761 2409//3761 
f 3805//3761 2383//3761 2407//3761 
f 3806//3761 2384//3761 2383//3761 
f 2409//3761 2405//3761 3805//3761 
f 2383//3761 3805//3761 3806//3761 
f 2402//3761 2384//3761 3806//3761 
f 2407//3761 2408//3761 3805//3761 
f 2405//3761 2404//3761 3943//3761 
f 3943//3761 2404//3761 2406//3761 
f 3807//3761 2149//3761 2151//3761 
f 3807//3761 2119//3761 2149//3761 
f 3808//3761 2120//3761 2119//3761 
f 2119//3761 3807//3761 3808//3761 
f 3944//3761 3809//3761 3807//3761 
f 3807//3761 2150//3761 3944//3761 
f 2147//3761 2120//3761 3808//3761 
f 3810//3761 2139//3761 2147//3761 
f 3945//3761 2138//3761 3810//3761 
f 3810//3761 2138//3761 2139//3761 
f 3808//3761 3810//3761 2147//3761 
f 3811//3761 2154//3761 2153//3761 
f 3380//3761 3385//3761 3812//3761 
f 2153//3761 3380//3761 3811//3761 
f 3813//3761 3812//3761 3385//3761 
f 2153//3761 2162//3761 3380//3761 
f 3385//3761 3384//3761 3813//3761 
f 3384//3761 3940//3761 3813//3761 
f 3814//3761 2155//3761 2163//3761 
f 2163//3761 3811//3761 3814//3761 
f 3814//3761 2148//3761 2155//3761 
f 3814//3761 2150//3761 2152//3761 
f 3944//3761 2150//3761 3814//3761 
f 2152//3761 2148//3761 3814//3761 
f 2163//3761 2154//3761 3811//3761 
f 3942//3761 3803//3761 3815//3761 
f 3803//3761 3816//3761 3817//3761 
f 3939//3761 3817//3761 3816//3761 
f 3817//3761 3815//3761 3803//3761 
f 3815//3761 3818//3761 3942//3761 
f 3819//3761 2909//3761 2908//3761 
f 2634//3761 2650//3761 3820//3761 
f 2908//3761 2634//3761 3819//3761 
f 3818//3761 3820//3761 2650//3761 
f 2908//3761 2635//3761 2634//3761 
f 2650//3761 2647//3761 3818//3761 
f 2647//3761 3942//3761 3818//3761 
f 3821//3761 2910//3761 2911//3761 
f 2911//3761 3819//3761 3821//3761 
f 3821//3761 2903//3761 2910//3761 
f 3821//3761 2905//3761 2907//3761 
f 3938//3761 2905//3761 3821//3761 
f 2907//3761 2903//3761 3821//3761 
f 2911//3761 2909//3761 3819//3761 
f 3946//3761 3822//3761 3823//3761 
f 3823//3761 3822//3761 3824//3761 
f 3939//3761 3797//3761 3824//3761 
f 3824//3761 3797//3761 3823//3761 
f 3823//3761 3825//3761 3946//3761 
f 3826//3761 3817//3761 3827//3761 
f 3938//3761 3828//3761 3826//3761 
f 3826//3761 3829//3761 3938//3761 
f 3939//3761 3830//3761 3827//3761 
f 3827//3761 3817//3761 3939//3761 
f 3938//3761 3829//3761 3831//3761 
f 3831//3761 3829//3761 3832//3761 
f 3947//3761 3833//3761 3832//3761 
f 3832//3761 3833//3761 3831//3761 
f 3831//3761 3793//3761 3938//3761 
f 3822//3761 3834//3761 3835//3761 
f 3947//3761 3836//3761 3837//3761 
f 3837//3761 3835//3761 3947//3761 
f 3946//3761 3838//3761 3834//3761 
f 3834//3761 3822//3761 3946//3761 
f 2385//3761 2398//3761 3839//3761 
f 2398//3761 3840//3761 3841//3761 
f 3841//3761 3840//3761 3786//3761 
f 3840//3761 2396//3761 2395//3761 
f 3842//3761 2386//3761 2385//3761 
f 3786//3761 3843//3761 3841//3761 
f 3840//3761 2397//3761 2396//3761 
f 3841//3761 3839//3761 2398//3761 
f 3936//3761 3844//3761 3843//3761 
f 3840//3761 2403//3761 2402//3761 
f 3840//3761 2398//3761 2397//3761 
f 3843//3761 3786//3761 3936//3761 
f 2395//3761 2403//3761 3840//3761 
f 2402//3761 3845//3761 3840//3761 
f 3846//3761 2654//3761 2660//3761 
f 3846//3761 2657//3761 2658//3761 
f 3846//3761 3804//3761 2656//3761 
f 3847//3761 3848//3761 3795//3761 
f 2659//3761 3849//3761 3847//3761 
f 2661//3761 3842//3761 3849//3761 
f 2658//3761 2654//3761 3846//3761 
f 2656//3761 2655//3761 3846//3761 
f 3847//3761 3846//3761 2659//3761 
f 3849//3761 2659//3761 2661//3761 
f 2655//3761 2657//3761 3846//3761 
f 2661//3761 2386//3761 3842//3761 
f 3936//3761 3795//3761 3848//3761 
f 3795//3761 3846//3761 3847//3761 
f 2660//3761 2659//3761 3846//3761 
f 3948//3761 3850//3761 3851//3761 
f 3850//3761 3852//3761 3853//3761 
f 3946//3761 3853//3761 3852//3761 
f 3853//3761 3851//3761 3850//3761 
f 3851//3761 3854//3761 3948//3761 
f 3855//3761 3856//3761 3857//3761 
f 3945//3761 3858//3761 3855//3761 
f 3855//3761 3859//3761 3945//3761 
f 3948//3761 3854//3761 3857//3761 
f 3857//3761 3856//3761 3948//3761 
f 3860//3761 3789//3761 3861//3761 
f 3946//3761 3825//3761 3860//3761 
f 3860//3761 3853//3761 3946//3761 
f 3937//3761 3862//3761 3861//3761 
f 3861//3761 3789//3761 3937//3761 
f 3949//3761 3863//3761 3864//3761 
f 3864//3761 3863//3761 3865//3761 
f 3950//3761 3866//3761 3865//3761 
f 3865//3761 3866//3761 3864//3761 
f 3864//3761 3867//3761 3949//3761 
f 3868//3761 3869//3761 3870//3761 
f 3949//3761 3867//3761 3870//3761 
f 3870//3761 3869//3761 3949//3761 
f 3944//3761 3871//3761 3868//3761 
f 3868//3761 3872//3761 3944//3761 
f 3948//3761 3856//3761 3873//3761 
f 3874//3761 3872//3761 3873//3761 
f 3944//3761 3872//3761 3874//3761 
f 3873//3761 3856//3761 3874//3761 
f 3873//3761 3875//3761 3948//3761 
f 3876//3761 3866//3761 3877//3761 
f 3948//3761 3875//3761 3876//3761 
f 3876//3761 3850//3761 3948//3761 
f 3950//3761 3878//3761 3877//3761 
f 3877//3761 3866//3761 3950//3761 
f 3879//3761 3880//3761 3390//3761 
f 3881//3761 3882//3761 3883//3761 
f 3393//3761 3884//3761 3881//3761 
f 3879//3761 3392//3761 3388//3761 
f 3390//3761 3389//3761 3879//3761 
f 3951//3761 3883//3761 3882//3761 
f 3881//3761 3879//3761 3393//3761 
f 3395//3761 3885//3761 3884//3761 
f 3388//3761 3394//3761 3879//3761 
f 3389//3761 3391//3761 3879//3761 
f 3883//3761 3879//3761 3881//3761 
f 3884//3761 3393//3761 3395//3761 
f 3391//3761 3392//3761 3879//3761 
f 3395//3761 3134//3761 3885//3761 
f 3882//3761 3886//3761 3951//3761 
f 3387//3761 3379//3761 3887//3761 
f 3888//3761 3381//3761 3387//3761 
f 3888//3761 3382//3761 3381//3761 
f 3940//3761 3386//3761 3382//3761 
f 3378//3761 3880//3761 3887//3761 
f 3382//3761 3888//3761 3940//3761 
f 3887//3761 3379//3761 3378//3761 
f 3378//3761 3390//3761 3880//3761 
f 3949//3761 3869//3761 3889//3761 
f 3888//3761 3889//3761 3869//3761 
f 3940//3761 3888//3761 3890//3761 
f 3869//3761 3890//3761 3888//3761 
f 3889//3761 3891//3761 3949//3761 
f 3883//3761 3892//3761 3863//3761 
f 3951//3761 3893//3761 3892//3761 
f 3892//3761 3883//3761 3951//3761 
f 3949//3761 3891//3761 3894//3761 
f 3894//3761 3863//3761 3949//3761 
f 2412//3761 2121//3761 3895//3761 
f 3896//3761 2411//3761 2410//3761 
f 3897//3761 3895//3761 2121//3761 
f 3895//3761 2410//3761 2412//3761 
f 3896//3761 3943//3761 2411//3761 
f 2412//3761 2122//3761 2121//3761 
f 2121//3761 2144//3761 3897//3761 
f 3805//3761 3898//3761 3899//3761 
f 3943//3761 3896//3761 3898//3761 
f 3898//3761 3805//3761 3943//3761 
f 3937//3761 3900//3761 3901//3761 
f 3901//3761 3899//3761 3937//3761 
f 3945//3761 3859//3761 3902//3761 
f 3902//3761 3859//3761 3903//3761 
f 3937//3761 3899//3761 3903//3761 
f 3903//3761 3899//3761 3902//3761 
f 3902//3761 3904//3761 3945//3761 
f 3905//3761 2140//3761 2146//3761 
f 3905//3761 3897//3761 2141//3761 
f 2141//3761 2140//3761 3905//3761 
f 3897//3761 2144//3761 2141//3761 
f 3945//3761 3904//3761 3905//3761 
f 3905//3761 2138//3761 3945//3761 
f 3950//3761 3906//3761 3907//3761 
f 3907//3761 3906//3761 3908//3761 
f 3947//3761 3835//3761 3908//3761 
f 3908//3761 3835//3761 3907//3761 
f 3907//3761 3878//3761 3950//3761 
f 3909//3761 3833//3761 3910//3761 
f 3935//3761 3911//3761 3909//3761 
f 3909//3761 3912//3761 3935//3761 
f 3947//3761 3913//3761 3910//3761 
f 3910//3761 3833//3761 3947//3761 
f 3935//3761 3912//3761 3914//3761 
f 3914//3761 3912//3761 3915//3761 
f 3952//3761 3916//3761 3915//3761 
f 3915//3761 3916//3761 3914//3761 
f 3914//3761 3785//3761 3935//3761 
f 3917//3761 3906//3761 3918//3761 
f 3952//3761 3919//3761 3917//3761 
f 3917//3761 3920//3761 3952//3761 
f 3950//3761 3921//3761 3918//3761 
f 3918//3761 3906//3761 3950//3761 
f 3951//3761 3922//3761 3923//3761 
f 3922//3761 3924//3761 3920//3761 
f 3952//3761 3920//3761 3924//3761 
f 3920//3761 3923//3761 3922//3761 
f 3923//3761 3893//3761 3951//3761 
f 3925//3761 3926//3761 3916//3761 
f 3952//3761 3927//3761 3928//3761 
f 3928//3761 3916//3761 3952//3761 
f 3941//3761 3801//3761 3926//3761 
f 3926//3761 3925//3761 3941//3761 
f 3941//3761 3925//3761 3153//3761 
f 3925//3761 3155//3761 3156//3761 
f 3925//3761 3157//3761 3153//3761 
f 3925//3761 3131//3761 3155//3761 
f 3156//3761 3157//3761 3925//3761 
f 3929//3761 3132//3761 3131//3761 
f 3150//3761 3132//3761 3929//3761 
f 3131//3761 3925//3761 3929//3761 
f 3153//3761 3152//3761 3941//3761 
f 3133//3761 3146//3761 3930//3761 
f 3146//3761 3931//3761 3932//3761 
f 3932//3761 3931//3761 3922//3761 
f 3885//3761 3134//3761 3133//3761 
f 3922//3761 3933//3761 3932//3761 
f 3931//3761 3151//3761 3150//3761 
f 3931//3761 3145//3761 3144//3761 
f 3932//3761 3930//3761 3146//3761 
f 3951//3761 3886//3761 3933//3761 
f 3931//3761 3143//3761 3151//3761 
f 3931//3761 3146//3761 3145//3761 
f 3933//3761 3922//3761 3951//3761 
f 3144//3761 3143//3761 3931//3761 
f 3150//3761 3934//3761 3931//3761 
f 3930//3761 3885//3761 3133//3761 
f 3929//3761 3934//3761 3150//3761 
f 3916//3761 3928//3761 3925//3761 
f 3924//3761 3927//3761 3952//3761 
f 3918//3761 3920//3761 3917//3761 
f 3915//3761 3919//3761 3952//3761 
f 3910//3761 3912//3761 3909//3761 
f 3908//3761 3913//3761 3947//3761 
f 2146//3761 2138//3761 3905//3761 
f 3903//3761 3862//3761 3937//3761 
f 3899//3761 3901//3761 3805//3761 
f 2410//3761 3895//3761 3896//3761 
f 3863//3761 3894//3761 3883//3761 
f 3890//3761 3813//3761 3940//3761 
f 3887//3761 3888//3761 3387//3761 
f 3394//3761 3393//3761 3879//3761 
f 3877//3761 3850//3761 3876//3761 
f 3874//3761 3809//3761 3944//3761 
f 3870//3761 3872//3761 3868//3761 
f 3865//3761 3921//3761 3950//3761 
f 3861//3761 3853//3761 3860//3761 
f 3857//3761 3859//3761 3855//3761 
f 3852//3761 3838//3761 3946//3761 
f 3848//3761 3844//3761 3936//3761 
f 3839//3761 3842//3761 2385//3761 
f 3835//3761 3837//3761 3822//3761 
f 3832//3761 3836//3761 3947//3761 
f 3827//3761 3829//3761 3826//3761 
f 3824//3761 3830//3761 3939//3761 
f 3821//3761 3828//3761 3938//3761 
f 3820//3761 3819//3761 2634//3761 
f 3816//3761 3798//3761 3939//3761 
f 3814//3761 3871//3761 3944//3761 
f 3812//3761 3811//3761 3380//3761 
f 3810//3761 3858//3761 3945//3761 
f 2151//3761 2150//3761 3807//3761 
f 2406//3761 2411//3761 3943//3761 
f 3806//3761 3845//3761 2402//3761 
f 3802//3761 3803//3761 2653//3761 
f 2646//3761 2652//3761 3942//3761 
f 3158//3761 3800//3761 3801//3761 
f 3154//3761 3159//3761 3941//3761 
f 3383//3761 3386//3761 3940//3761 
f 3797//3761 3799//3761 3795//3761 
f 3794//3761 3911//3761 3935//3761 
f 2906//3761 2905//3761 3791//3761 
f 3788//3761 3900//3761 3937//3761 
f 2901//3761 2893//3761 3783//3761 
o mesh21
f 3834//3762 3838//3762 3710//3762 
f 3711//3762 3710//3762 3838//3762 
f 3838//3762 3852//3762 3711//3762 
f 3710//3762 3673//3762 3834//3762 
o mesh22
f 3835//3763 3834//3763 3673//3763 
f 3673//3763 3668//3763 3835//3763 
o mesh23
f 3907//3764 3835//3764 3668//3764 
f 3668//3764 3667//3764 3907//3764 
o mesh24
f 3877//3765 3878//3765 3670//3765 
f 3667//3765 3670//3765 3878//3765 
f 3878//3765 3907//3765 3667//3765 
f 3670//3765 3713//3765 3877//3765 
o mesh25
f 3850//3766 3877//3766 3713//3766 
f 3713//3766 3708//3766 3850//3766 
o mesh26
f 3852//3767 3850//3767 3708//3767 
f 3708//3767 3711//3767 3852//3767 
o mesh27
f 3703//3768 3856//3768 3855//3768 
f 3855//3768 3705//3768 3703//3768 
o mesh28
f 3716//3769 3874//3769 3856//3769 
f 3856//3769 3703//3769 3716//3769 
o mesh29
f 3716//3770 3718//3770 3809//3770 
f 3807//3770 3809//3770 3718//3770 
f 3718//3770 3694//3770 3807//3770 
f 3809//3770 3874//3770 3716//3770 
o mesh30
f 3692//3771 3808//3771 3807//3771 
f 3807//3771 3694//3771 3692//3771 
o mesh31
f 3692//3772 3691//3772 3810//3772 
f 3810//3772 3808//3772 3692//3772 
o mesh32
f 3810//3773 3691//3773 3693//3773 
f 3705//3773 3855//3773 3858//3773 
f 3858//3773 3693//3773 3705//3773 
f 3693//3773 3858//3773 3810//3773 
o mesh33
f 3722//3774 3869//3774 3868//3774 
f 3868//3774 3720//3774 3722//3774 
o mesh34
f 3732//3775 3890//3775 3869//3775 
f 3869//3775 3722//3775 3732//3775 
o mesh35
f 3732//3776 3735//3776 3813//3776 
f 3812//3776 3813//3776 3735//3776 
f 3735//3776 3698//3776 3812//3776 
f 3813//3776 3890//3776 3732//3776 
o mesh36
f 3696//3777 3811//3777 3812//3777 
f 3812//3777 3698//3777 3696//3777 
o mesh37
f 3695//3778 3814//3778 3811//3778 
f 3811//3778 3696//3778 3695//3778 
o mesh38
f 3814//3779 3695//3779 3697//3779 
f 3720//3779 3868//3779 3871//3779 
f 3871//3779 3697//3779 3720//3779 
f 3697//3779 3871//3779 3814//3779 
o mesh39
f 3815//3778 3817//3778 3658//3778 
f 3658//3778 3663//3778 3815//3778 
o mesh40
f 3820//3779 3818//3779 3666//3779 
f 3663//3779 3666//3779 3818//3779 
f 3818//3779 3815//3779 3663//3779 
f 3666//3779 3690//3779 3820//3779 
o mesh41
f 3819//3780 3820//3780 3690//3780 
f 3690//3780 3661//3780 3819//3780 
o mesh42
f 3821//3781 3819//3781 3661//3781 
f 3661//3781 3660//3781 3821//3781 
o mesh43
f 3826//3782 3828//3782 3659//3782 
f 3660//3782 3659//3782 3828//3782 
f 3828//3782 3821//3782 3660//3782 
f 3659//3782 3656//3782 3826//3782 
o mesh44
f 3817//3783 3826//3783 3656//3783 
f 3656//3783 3658//3783 3817//3783 
o mesh45
f 3846//3784 3795//3784 3652//3784 
f 3652//3784 3683//3784 3846//3784 
o mesh46
f 3802//3785 3804//3785 3684//3785 
f 3683//3785 3684//3785 3804//3785 
f 3804//3785 3846//3785 3683//3785 
f 3684//3785 3689//3785 3802//3785 
o mesh47
f 3803//3786 3802//3786 3689//3786 
f 3689//3786 3662//3786 3803//3786 
o mesh48
f 3816//3787 3803//3787 3662//3787 
f 3662//3787 3665//3787 3816//3787 
o mesh49
f 3799//3788 3798//3788 3664//3788 
f 3665//3788 3664//3788 3798//3788 
f 3798//3788 3816//3788 3665//3788 
f 3664//3788 3654//3788 3799//3788 
o mesh50
f 3799//3789 3654//3789 3652//3789 
f 3652//3789 3795//3789 3799//3789 
o mesh51
f 3824//3790 3822//3790 3650//3790 
f 3650//3790 3648//3790 3824//3790 
o mesh52
f 3827//3791 3830//3791 3651//3791 
f 3648//3791 3651//3791 3830//3791 
f 3830//3791 3824//3791 3648//3791 
f 3651//3791 3657//3791 3827//3791 
o mesh53
f 3829//3792 3827//3792 3657//3792 
f 3657//3792 3644//3792 3829//3792 
o mesh54
f 3832//3793 3829//3793 3644//3793 
f 3644//3793 3642//3793 3832//3793 
o mesh55
f 3837//3794 3836//3794 3645//3794 
f 3642//3794 3645//3794 3836//3794 
f 3836//3794 3832//3794 3642//3794 
f 3645//3794 3672//3794 3837//3794 
o mesh56
f 3822//3795 3837//3795 3672//3795 
f 3672//3795 3650//3795 3822//3795 
o mesh57
f 3831//3796 3833//3796 3636//3796 
f 3636//3796 3641//3796 3831//3796 
o mesh58
f 3791//3797 3793//3797 3643//3797 
f 3641//3797 3643//3797 3793//3797 
f 3793//3797 3831//3797 3641//3797 
f 3643//3797 3640//3797 3791//3797 
o mesh59
f 3792//3798 3791//3798 3640//3798 
f 3640//3798 3639//3798 3792//3798 
o mesh60
f 3794//3799 3792//3799 3639//3799 
f 3639//3799 3638//3799 3794//3799 
o mesh61
f 3909//3800 3911//3800 3637//3800 
f 3638//3800 3637//3800 3911//3800 
f 3911//3800 3794//3800 3638//3800 
f 3637//3800 3634//3800 3909//3800 
o mesh62
f 3833//3801 3909//3801 3634//3801 
f 3634//3801 3636//3801 3833//3801 
o mesh63
f 3843//3800 3844//3800 3686//3800 
f 3685//3800 3686//3800 3844//3800 
f 3844//3800 3848//3800 3685//3800 
f 3686//3800 3755//3800 3843//3800 
o mesh64
f 3841//3801 3843//3801 3755//3801 
f 3755//3801 3754//3801 3841//3801 
o mesh65
f 3839//3802 3841//3802 3754//3802 
f 3754//3802 3752//3802 3839//3802 
o mesh66
f 3849//3803 3842//3803 3688//3803 
f 3752//3803 3688//3803 3842//3803 
f 3842//3803 3839//3803 3752//3803 
f 3688//3803 3687//3803 3849//3803 
o mesh67
f 3847//3804 3849//3804 3687//3804 
f 3687//3804 3682//3804 3847//3804 
o mesh68
f 3848//3805 3847//3805 3682//3805 
f 3682//3805 3685//3805 3848//3805 
o mesh69
f 3860//3806 3825//3806 3649//3806 
f 3646//3806 3649//3806 3825//3806 
f 3825//3806 3823//3806 3646//3806 
f 3649//3806 3700//3806 3860//3806 
o mesh70
f 3789//3807 3860//3807 3700//3807 
f 3700//3807 3702//3807 3789//3807 
o mesh71
f 3787//3808 3789//3808 3702//3808 
f 3702//3808 3763//3808 3787//3808 
o mesh72
f 3796//3809 3790//3809 3655//3809 
f 3763//3809 3655//3809 3790//3809 
f 3790//3809 3787//3809 3763//3809 
f 3655//3809 3653//3809 3796//3809 
o mesh73
f 3797//3810 3796//3810 3653//3810 
f 3653//3810 3647//3810 3797//3810 
o mesh74
f 3823//3811 3797//3811 3647//3811 
f 3647//3811 3646//3811 3823//3811 
o mesh75
f 3932//3810 3933//3810 3680//3810 
f 3680//3810 3679//3810 3932//3810 
o mesh76
f 3930//3811 3932//3811 3679//3811 
f 3679//3811 3677//3811 3930//3811 
o mesh77
f 3884//3812 3885//3812 3681//3812 
f 3677//3812 3681//3812 3885//3812 
f 3885//3812 3930//3812 3677//3812 
f 3681//3812 3742//3812 3884//3812 
o mesh78
f 3881//3813 3884//3813 3742//3813 
f 3742//3813 3737//3813 3881//3813 
o mesh79
f 3882//3814 3881//3814 3737//3814 
f 3737//3814 3740//3814 3882//3814 
o mesh80
f 3933//3815 3886//3815 3741//3815 
f 3740//3815 3741//3815 3886//3815 
f 3886//3815 3882//3815 3740//3815 
f 3741//3815 3680//3815 3933//3815 
o mesh81
f 3920//3816 3918//3816 3627//3816 
f 3627//3816 3625//3816 3920//3816 
o mesh82
f 3923//3817 3920//3817 3625//3817 
f 3625//3817 3630//3817 3923//3817 
o mesh83
f 3892//3818 3893//3818 3631//3818 
f 3630//3818 3631//3818 3893//3818 
f 3893//3818 3923//3818 3630//3818 
f 3631//3818 3729//3818 3892//3818 
o mesh84
f 3863//3819 3892//3819 3729//3819 
f 3729//3819 3726//3819 3863//3819 
o mesh85
f 3865//3820 3863//3820 3726//3820 
f 3726//3820 3724//3820 3865//3820 
o mesh86
f 3918//3821 3921//3821 3727//3821 
f 3724//3821 3727//3821 3921//3821 
f 3921//3821 3865//3821 3724//3821 
f 3727//3821 3627//3821 3918//3821 
o mesh87
f 3747//3821 3749//3821 3862//3821 
f 3861//3821 3862//3821 3749//3821 
f 3749//3821 3701//3821 3861//3821 
f 3862//3821 3903//3821 3747//3821 
o mesh88
f 3699//3822 3853//3822 3861//3822 
f 3861//3822 3701//3822 3699//3822 
o mesh89
f 3709//3823 3851//3823 3853//3823 
f 3853//3823 3699//3823 3709//3823 
o mesh90
f 3709//3824 3707//3824 3854//3824 
f 3857//3824 3854//3824 3707//3824 
f 3707//3824 3704//3824 3857//3824 
f 3854//3824 3851//3824 3709//3824 
o mesh91
f 3704//3825 3706//3825 3859//3825 
f 3859//3825 3857//3825 3704//3825 
o mesh92
f 3747//3826 3903//3826 3859//3826 
f 3859//3826 3706//3826 3747//3826 
o mesh93
f 3714//3827 3866//3827 3876//3827 
f 3876//3827 3712//3827 3714//3827 
o mesh94
f 3723//3828 3864//3828 3866//3828 
f 3866//3828 3714//3828 3723//3828 
o mesh95
f 3723//3829 3725//3829 3867//3829 
f 3870//3829 3867//3829 3725//3829 
f 3725//3829 3721//3829 3870//3829 
f 3867//3829 3864//3829 3723//3829 
o mesh96
f 3870//3830 3721//3830 3719//3830 
f 3719//3830 3872//3830 3870//3830 
o mesh97
f 3873//3831 3872//3831 3719//3831 
f 3719//3831 3717//3831 3873//3831 
o mesh98
f 3717//3832 3715//3832 3875//3832 
f 3876//3832 3875//3832 3715//3832 
f 3715//3832 3712//3832 3876//3832 
f 3875//3832 3873//3832 3717//3832 
o mesh99
f 3734//3832 3733//3832 3891//3832 
f 3894//3832 3891//3832 3733//3832 
f 3733//3832 3730//3832 3894//3832 
f 3891//3832 3889//3832 3734//3832 
o mesh100
f 3728//3833 3883//3833 3894//3833 
f 3894//3833 3730//3833 3728//3833 
o mesh101
f 3738//3834 3879//3834 3883//3834 
f 3883//3834 3728//3834 3738//3834 
o mesh102
f 3738//3835 3739//3835 3880//3835 
f 3739//3835 3736//3835 3887//3835 
f 3887//3835 3880//3835 3739//3835 
f 3880//3835 3879//3835 3738//3835 
o mesh103
f 3888//3836 3887//3836 3736//3836 
f 3736//3836 3731//3836 3888//3836 
o mesh104
f 3734//3837 3889//3837 3888//3837 
f 3888//3837 3731//3837 3734//3837 
o mesh105
f 3745//3838 3748//3838 3904//3838 
f 3905//3838 3904//3838 3748//3838 
f 3748//3838 3743//3838 3905//3838 
f 3904//3838 3902//3838 3745//3838 
o mesh106
f 3744//3839 3897//3839 3905//3839 
f 3905//3839 3743//3839 3744//3839 
o mesh107
f 3751//3840 3895//3840 3897//3840 
f 3897//3840 3744//3840 3751//3840 
o mesh108
f 3895//3841 3751//3841 3750//3841 
f 3761//3841 3898//3841 3896//3841 
f 3896//3841 3750//3841 3761//3841 
f 3750//3841 3896//3841 3895//3841 
o mesh109
f 3746//3842 3899//3842 3898//3842 
f 3898//3842 3761//3842 3746//3842 
o mesh110
f 3745//3843 3902//3843 3899//3843 
f 3899//3843 3746//3843 3745//3843 
o mesh111
f 3908//3844 3906//3844 3628//3844 
f 3628//3844 3669//3844 3908//3844 
o mesh112
f 3910//3845 3913//3845 3671//3845 
f 3669//3845 3671//3845 3913//3845 
f 3913//3845 3908//3845 3669//3845 
f 3671//3845 3635//3845 3910//3845 
o mesh113
f 3912//3846 3910//3846 3635//3846 
f 3635//3846 3623//3846 3912//3846 
o mesh114
f 3915//3847 3912//3847 3623//3847 
f 3623//3847 3621//3847 3915//3847 
o mesh115
f 3917//3848 3919//3848 3624//3848 
f 3621//3848 3624//3848 3919//3848 
f 3919//3848 3915//3848 3621//3848 
f 3624//3848 3626//3848 3917//3848 
o mesh116
f 3628//3849 3906//3849 3917//3849 
f 3917//3849 3626//3849 3628//3849 
o mesh117
f 3914//3850 3916//3850 3616//3850 
f 3616//3850 3620//3850 3914//3850 
o mesh118
f 3783//3851 3785//3851 3622//3851 
f 3620//3851 3622//3851 3785//3851 
f 3785//3851 3914//3851 3620//3851 
f 3622//3851 3618//3851 3783//3851 
o mesh119
f 3784//3852 3783//3852 3618//3852 
f 3618//3852 3619//3852 3784//3852 
o mesh120
f 3800//3853 3784//3853 3619//3853 
f 3619//3853 3674//3853 3800//3853 
o mesh121
f 3926//3854 3801//3854 3617//3854 
f 3674//3854 3617//3854 3801//3854 
f 3801//3854 3800//3854 3674//3854 
f 3617//3854 3614//3854 3926//3854 
o mesh122
f 3916//3855 3926//3855 3614//3855 
f 3614//3855 3616//3855 3916//3855 
o mesh123
f 3924//3856 3922//3856 3629//3856 
f 3629//3856 3633//3856 3924//3856 
o mesh124
f 3928//3857 3927//3857 3632//3857 
f 3633//3857 3632//3857 3927//3857 
f 3927//3857 3924//3857 3633//3857 
f 3632//3857 3615//3857 3928//3857 
o mesh125
f 3925//3858 3928//3858 3615//3858 
f 3615//3858 3613//3858 3925//3858 
o mesh126
f 3929//3859 3925//3859 3613//3859 
f 3613//3859 3675//3859 3929//3859 
o mesh127
f 3934//3860 3676//3860 3678//3860 
f 3675//3860 3676//3860 3934//3860 
f 3934//3860 3929//3860 3675//3860 
f 3678//3860 3931//3860 3934//3860 
o mesh128
f 3629//3861 3922//3861 3931//3861 
f 3931//3861 3678//3861 3629//3861 
o mesh129
f 3757//3862 3759//3862 3845//3862 
f 3840//3862 3845//3862 3759//3862 
f 3759//3862 3753//3862 3840//3862 
f 3845//3862 3806//3862 3757//3862 
o mesh130
f 3756//3863 3786//3863 3840//3863 
f 3840//3863 3753//3863 3756//3863 
o mesh131
f 3788//3864 3786//3864 3756//3864 
f 3756//3864 3764//3864 3788//3864 
o mesh132
f 3764//3865 3762//3865 3900//3865 
f 3901//3865 3900//3865 3762//3865 
f 3762//3865 3760//3865 3901//3865 
f 3900//3865 3788//3865 3764//3865 
o mesh133
f 3758//3866 3805//3866 3901//3866 
f 3901//3866 3760//3866 3758//3866 
o mesh134
f 3757//3867 3806//3867 3805//3867 
f 3805//3867 3758//3867 3757//3867 
