# OBJ generated by ONSHAPE BY PTC INC, 1.204 Units = meters
mtllib Part Studio 1 - Part 1.mtl
g Part 1
v 0.817147 -3.57643 -4.37986e-16 
v 0.817147 -3.57595 -0.0585166 
v 1.77636e-15 -2.99956 -0.0490849 
v 0.817147 -3.57452 -0.117018 
v 1.77636e-15 -2.99833 -0.0981555 
v 1.77636e-15 -2.99952 -0.053547 
v 0.817147 -3.57212 -0.175487 
v 1.77636e-15 -2.9963 -0.147199 
v 1.77636e-15 -2.99809 -0.107077 
v 0.817147 -3.56877 -0.23391 
v 1.77636e-15 -2.99347 -0.196203 
v 1.77636e-15 -2.9957 -0.160573 
v 0.817147 -3.56447 -0.29227 
v 1.77636e-15 -2.98985 -0.245154 
v 1.77636e-15 -2.99236 -0.214018 
v 0.817147 -3.55921 -0.350551 
v 1.77636e-15 -2.98544 -0.29404 
v 1.77636e-15 -2.98806 -0.267394 
v 0.817147 -3.553 -0.408739 
v 1.77636e-15 -2.98281 -0.320685 
v 1.77636e-15 -2.98023 -0.342847 
v 0.817147 -3.54583 -0.466818 
v 1.77636e-15 -2.97661 -0.373875 
v 1.77636e-15 -2.97423 -0.391564 
v 0.817147 -3.53772 -0.524771 
v 1.77636e-15 -2.96946 -0.426945 
v 1.77636e-15 -2.96744 -0.440178 
v 0.817147 -3.52866 -0.582584 
v 1.77636e-15 -2.96137 -0.479878 
v 1.77636e-15 -2.95986 -0.488675 
v 0.817147 -3.51866 -0.640241 
v 1.77636e-15 -2.9515 -0.537044 
v 1.77636e-15 -2.95233 -0.53266 
v 0.817147 -3.50771 -0.697727 
v 1.77636e-15 -2.94236 -0.585271 
v 0.817147 -3.49582 -0.755026 
v 1.77636e-15 -2.93235 -0.633327 
v 0.817147 -3.483 -0.812122 
v 1.77636e-15 -2.92157 -0.681214 
v 1.77636e-15 -2.93144 -0.637696 
v 0.817147 -3.46925 -0.869002 
v 1.77636e-15 -2.91001 -0.728919 
v 1.77636e-15 -2.91959 -0.689918 
v 0.817147 -3.45457 -0.925648 
v 1.77636e-15 -2.89767 -0.77643 
v 1.77636e-15 -2.90681 -0.74192 
v 0.817147 -3.43896 -0.982047 
v 1.77636e-15 -2.88457 -0.823734 
v 1.77636e-15 -2.89311 -0.793685 
v 0.817147 -3.42243 -1.03818 
v 1.77636e-15 -2.87071 -0.870819 
v 1.77636e-15 -2.87848 -0.845198 
v 0.817147 -3.40499 -1.09404 
v 1.77636e-15 -2.86293 -0.896441 
v 1.77636e-15 -2.85608 -0.917673 
v 0.817147 -3.38663 -1.14961 
v 1.77636e-15 -2.84648 -0.947399 
v 1.77636e-15 -2.84069 -0.964284 
v 0.817147 -3.36737 -1.20486 
v 1.77636e-15 -2.82911 -0.998055 
v 1.77636e-15 -2.82455 -1.01064 
v 0.817147 -3.3472 -1.2598 
v 1.77636e-15 -2.81085 -1.04839 
v 1.77636e-15 -2.80766 -1.05673 
v 0.817147 -3.32614 -1.3144 
v 1.77636e-15 -2.79002 -1.10253 
v 1.77636e-15 -2.79169 -1.0984 
v 0.817147 -3.30419 -1.36864 
v 1.77636e-15 -2.77164 -1.14805 
v 0.817147 -3.28135 -1.42252 
v 1.77636e-15 -2.75245 -1.19323 
v 0.817147 -3.25764 -1.47602 
v 1.77636e-15 -2.73253 -1.23809 
v 1.77636e-15 -2.75071 -1.19734 
v 0.817147 -3.23305 -1.52912 
v 1.77636e-15 -2.71189 -1.28263 
v 1.77636e-15 -2.7289 -1.24625 
v 0.817147 -3.2076 -1.58181 
v 1.77636e-15 -2.69052 -1.32682 
v 1.77636e-15 -2.70622 -1.29475 
v 0.817147 -3.18129 -1.63408 
v 1.77636e-15 -2.66844 -1.37066 
v 1.77636e-15 -2.68268 -1.34285 
v 0.817147 -3.15413 -1.68592 
v 1.77636e-15 -2.64566 -1.41413 
v 1.77636e-15 -2.65828 -1.39052 
v 0.817147 -3.12612 -1.7373 
v 1.77636e-15 -2.63304 -1.43775 
v 1.77636e-15 -2.62217 -1.45723 
v 0.817147 -3.09728 -1.78822 
v 1.77636e-15 -2.60696 -1.48452 
v 1.77636e-15 -2.59798 -1.49995 
v 0.817147 -3.06761 -1.83865 
v 1.77636e-15 -2.58004 -1.53081 
v 1.77636e-15 -2.57311 -1.54226 
v 0.817147 -3.03711 -1.8886 
v 1.77636e-15 -2.55231 -1.57662 
v 1.77636e-15 -2.54755 -1.58417 
v 0.817147 -3.0058 -1.93804 
v 1.77636e-15 -2.52131 -1.62565 
v 1.77636e-15 -2.52376 -1.62192 
v 0.817147 -2.97369 -1.98696 
v 1.77636e-15 -2.49441 -1.66671 
v 0.817147 -2.94078 -2.03535 
v 1.77636e-15 -2.46677 -1.70728 
v 0.817147 -2.90709 -2.08319 
v 1.77636e-15 -2.43849 -1.74739 
v 1.77636e-15 -2.46426 -1.71097 
v 0.817147 -2.87262 -2.13048 
v 1.77636e-15 -2.40955 -1.78704 
v 1.77636e-15 -2.43333 -1.75468 
v 0.817147 -2.83737 -2.17719 
v 1.77636e-15 -2.37998 -1.82622 
v 1.77636e-15 -2.40162 -1.79783 
v 0.817147 -2.80137 -2.22333 
v 1.77636e-15 -2.34977 -1.86491 
v 1.77636e-15 -2.36915 -1.84041 
v 0.817147 -2.76462 -2.26886 
v 1.77636e-15 -2.31894 -1.9031 
v 1.77636e-15 -2.33592 -1.88241 
v 0.817147 -2.72713 -2.31379 
v 1.77636e-15 -2.30195 -1.9238 
v 1.77636e-15 -2.28749 -1.94079 
v 0.817147 -2.6889 -2.3581 
v 1.77636e-15 -2.26725 -1.96458 
v 1.77636e-15 -2.25544 -1.97797 
v 0.817147 -2.64996 -2.40178 
v 1.77636e-15 -2.23182 -2.00474 
v 1.77636e-15 -2.22279 -2.01462 
v 0.817147 -2.61031 -2.44482 
v 1.77636e-15 -2.19568 -2.04425 
v 1.77636e-15 -2.18954 -2.05073 
v 0.817147 -2.56996 -2.4872 
v 1.77636e-15 -2.15572 -2.0863 
v 1.77636e-15 -2.15885 -2.08312 
v 0.817147 -2.52892 -2.52892 
v 1.77636e-15 -2.12132 -2.12132 
v 0.817147 -2.4872 -2.56996 
v 1.77636e-15 -2.0863 -2.15572 
v 0.817147 -2.44482 -2.61031 
v 1.77636e-15 -2.05073 -2.18954 
v 1.77636e-15 -2.08312 -2.15885 
v 0.817147 -2.40178 -2.64996 
v 1.77636e-15 -2.01462 -2.22279 
v 1.77636e-15 -2.04425 -2.19568 
v 0.817147 -2.3581 -2.6889 
v 1.77636e-15 -1.97797 -2.25544 
v 1.77636e-15 -2.00474 -2.23182 
v 0.817147 -2.31379 -2.72713 
v 1.77636e-15 -1.94079 -2.28749 
v 1.77636e-15 -1.96458 -2.26725 
v 0.817147 -2.26886 -2.76462 
v 1.77636e-15 -1.9031 -2.31894 
v 1.77636e-15 -1.9238 -2.30195 
v 0.817147 -2.22333 -2.80137 
v 1.77636e-15 -1.88241 -2.33592 
v 1.77636e-15 -1.86491 -2.34977 
v 0.817147 -2.17719 -2.83737 
v 1.77636e-15 -1.84041 -2.36915 
v 1.77636e-15 -1.82622 -2.37998 
v 0.817147 -2.13048 -2.87262 
v 1.77636e-15 -1.79783 -2.40162 
v 1.77636e-15 -1.78704 -2.40955 
v 0.817147 -2.08319 -2.90709 
v 1.77636e-15 -1.75468 -2.43333 
v 1.77636e-15 -1.74739 -2.43849 
v 0.817147 -2.03535 -2.94078 
v 1.77636e-15 -1.70728 -2.46677 
v 1.77636e-15 -1.71097 -2.46426 
v 0.817147 -1.98696 -2.97369 
v 1.77636e-15 -1.66671 -2.49441 
v 0.817147 -1.93804 -3.0058 
v 1.77636e-15 -1.62565 -2.52131 
v 0.817147 -1.8886 -3.03711 
v 1.77636e-15 -1.58417 -2.54755 
v 1.77636e-15 -1.62192 -2.52376 
v 0.817147 -1.83865 -3.06761 
v 1.77636e-15 -1.54226 -2.57311 
v 1.77636e-15 -1.57662 -2.55231 
v 0.817147 -1.78822 -3.09728 
v 1.77636e-15 -1.49995 -2.59798 
v 1.77636e-15 -1.53081 -2.58004 
v 0.817147 -1.7373 -3.12612 
v 1.77636e-15 -1.45723 -2.62217 
v 1.77636e-15 -1.48452 -2.60696 
v 0.817147 -1.68592 -3.15413 
v 1.77636e-15 -1.41413 -2.64566 
v 1.77636e-15 -1.43775 -2.63304 
v 0.817147 -1.63408 -3.18129 
v 1.77636e-15 -1.39052 -2.65828 
v 1.77636e-15 -1.37066 -2.66844 
v 0.817147 -1.58181 -3.2076 
v 1.77636e-15 -1.34285 -2.68268 
v 1.77636e-15 -1.32682 -2.69052 
v 0.817147 -1.52912 -3.23305 
v 1.77636e-15 -1.29475 -2.70622 
v 1.77636e-15 -1.28263 -2.71189 
v 0.817147 -1.47602 -3.25764 
v 1.77636e-15 -1.24625 -2.7289 
v 1.77636e-15 -1.23809 -2.73253 
v 0.817147 -1.42252 -3.28135 
v 1.77636e-15 -1.19323 -2.75245 
v 1.77636e-15 -1.19734 -2.75071 
v 0.817147 -1.36864 -3.30419 
v 1.77636e-15 -1.14805 -2.77164 
v 0.817147 -1.3144 -3.32614 
v 1.77636e-15 -1.10253 -2.79002 
v 0.817147 -1.2598 -3.3472 
v 1.77636e-15 -1.05673 -2.80766 
v 1.77636e-15 -1.0984 -2.79169 
v 0.817147 -1.20486 -3.36737 
v 1.77636e-15 -1.01064 -2.82455 
v 1.77636e-15 -1.04839 -2.81085 
v 0.817147 -1.14961 -3.38663 
v 1.77636e-15 -0.964284 -2.84069 
v 1.77636e-15 -0.998055 -2.82911 
v 0.817147 -1.09404 -3.40499 
v 1.77636e-15 -0.917673 -2.85608 
v 1.77636e-15 -0.947399 -2.84648 
v 0.817147 -1.03818 -3.42243 
v 1.77636e-15 -0.870819 -2.87071 
v 1.77636e-15 -0.896441 -2.86293 
v 0.817147 -0.982047 -3.43896 
v 1.77636e-15 -0.845198 -2.87848 
v 1.77636e-15 -0.823734 -2.88457 
v 0.817147 -0.925648 -3.45457 
v 1.77636e-15 -0.793685 -2.89311 
v 1.77636e-15 -0.77643 -2.89767 
v 0.817147 -0.869002 -3.46925 
v 1.77636e-15 -0.74192 -2.90681 
v 1.77636e-15 -0.728919 -2.91001 
v 0.817147 -0.812122 -3.483 
v 1.77636e-15 -0.689918 -2.91959 
v 1.77636e-15 -0.681214 -2.92157 
v 0.817147 -0.755026 -3.49582 
v 1.77636e-15 -0.633327 -2.93235 
v 1.77636e-15 -0.637696 -2.93144 
v 0.817147 -0.697727 -3.50771 
v 1.77636e-15 -0.585271 -2.94236 
v 0.817147 -0.640241 -3.51866 
v 1.77636e-15 -0.537044 -2.9515 
v 0.817147 -0.582584 -3.52866 
v 1.77636e-15 -0.488675 -2.95986 
v 1.77636e-15 -0.53266 -2.95233 
v 0.817147 -0.524771 -3.53772 
v 1.77636e-15 -0.440178 -2.96744 
v 1.77636e-15 -0.479878 -2.96137 
v 0.817147 -0.466818 -3.54583 
v 1.77636e-15 -0.391564 -2.97423 
v 1.77636e-15 -0.426945 -2.96946 
v 0.817147 -0.408739 -3.553 
v 1.77636e-15 -0.342847 -2.98023 
v 1.77636e-15 -0.373875 -2.97661 
v 0.817147 -0.350551 -3.55921 
v 1.77636e-15 -0.29404 -2.98544 
v 1.77636e-15 -0.320685 -2.98281 
v 0.817147 -0.29227 -3.56447 
v 1.77636e-15 -0.267394 -2.98806 
v 1.77636e-15 -0.245154 -2.98985 
v 0.817147 -0.23391 -3.56877 
v 1.77636e-15 -0.214018 -2.99236 
v 1.77636e-15 -0.196203 -2.99347 
v 0.817147 -0.175487 -3.57212 
v 1.77636e-15 -0.160573 -2.9957 
v 1.77636e-15 -0.147199 -2.9963 
v 0.817147 -0.117018 -3.57452 
v 1.77636e-15 -0.107077 -2.99809 
v 1.77636e-15 -0.0981555 -2.99833 
v 0.817147 -0.0585166 -3.57595 
v 1.77636e-15 -0.0490849 -2.99956 
v 1.77636e-15 -0.053547 -2.99952 
v 0.817147 2.18993e-16 -3.57643 
v 1.77636e-15 -1.83697e-16 -3 
v 0.817147 0.0585166 -3.57595 
v 1.77636e-15 0.0490849 -2.99956 
v 0.817147 0.117018 -3.57452 
v 1.77636e-15 0.0981555 -2.99833 
v 1.77636e-15 0.053547 -2.99952 
v 0.817147 0.175487 -3.57212 
v 1.77636e-15 0.147199 -2.9963 
v 1.77636e-15 0.107077 -2.99809 
v 0.817147 0.23391 -3.56877 
v 1.77636e-15 0.196203 -2.99347 
v 1.77636e-15 0.160573 -2.9957 
v 0.817147 0.29227 -3.56447 
v 1.77636e-15 0.245154 -2.98985 
v 1.77636e-15 0.214018 -2.99236 
v 0.817147 0.350551 -3.55921 
v 1.77636e-15 0.29404 -2.98544 
v 1.77636e-15 0.267394 -2.98806 
v 0.817147 0.408739 -3.553 
v 1.77636e-15 0.320685 -2.98281 
v 1.77636e-15 0.342847 -2.98023 
v 0.817147 0.466818 -3.54583 
v 1.77636e-15 0.373875 -2.97661 
v 1.77636e-15 0.391564 -2.97423 
v 0.817147 0.524771 -3.53772 
v 1.77636e-15 0.426945 -2.96946 
v 1.77636e-15 0.440178 -2.96744 
v 0.817147 0.582584 -3.52866 
v 1.77636e-15 0.479878 -2.96137 
v 1.77636e-15 0.488675 -2.95986 
v 0.817147 0.640241 -3.51866 
v 1.77636e-15 0.537044 -2.9515 
v 1.77636e-15 0.53266 -2.95233 
v 0.817147 0.697727 -3.50771 
v 1.77636e-15 0.585271 -2.94236 
v 0.817147 0.755026 -3.49582 
v 1.77636e-15 0.633327 -2.93235 
v 0.817147 0.812122 -3.483 
v 1.77636e-15 0.681214 -2.92157 
v 1.77636e-15 0.637696 -2.93144 
v 0.817147 0.869002 -3.46925 
v 1.77636e-15 0.728919 -2.91001 
v 1.77636e-15 0.689918 -2.91959 
v 0.817147 0.925648 -3.45457 
v 1.77636e-15 0.77643 -2.89767 
v 1.77636e-15 0.74192 -2.90681 
v 0.817147 0.982047 -3.43896 
v 1.77636e-15 0.823734 -2.88457 
v 1.77636e-15 0.793685 -2.89311 
v 0.817147 1.03818 -3.42243 
v 1.77636e-15 0.870819 -2.87071 
v 1.77636e-15 0.845198 -2.87848 
v 0.817147 1.09404 -3.40499 
v 1.77636e-15 0.896441 -2.86293 
v 1.77636e-15 0.917673 -2.85608 
v 0.817147 1.14961 -3.38663 
v 1.77636e-15 0.947399 -2.84648 
v 1.77636e-15 0.964284 -2.84069 
v 0.817147 1.20486 -3.36737 
v 1.77636e-15 0.998055 -2.82911 
v 1.77636e-15 1.01064 -2.82455 
v 0.817147 1.2598 -3.3472 
v 1.77636e-15 1.04839 -2.81085 
v 1.77636e-15 1.05673 -2.80766 
v 0.817147 1.3144 -3.32614 
v 1.77636e-15 1.10253 -2.79002 
v 1.77636e-15 1.0984 -2.79169 
v 0.817147 1.36864 -3.30419 
v 1.77636e-15 1.14805 -2.77164 
v 0.817147 1.42252 -3.28135 
v 1.77636e-15 1.19323 -2.75245 
v 0.817147 1.47602 -3.25764 
v 1.77636e-15 1.23809 -2.73253 
v 1.77636e-15 1.19734 -2.75071 
v 0.817147 1.52912 -3.23305 
v 1.77636e-15 1.28263 -2.71189 
v 1.77636e-15 1.24625 -2.7289 
v 0.817147 1.58181 -3.2076 
v 1.77636e-15 1.32682 -2.69052 
v 1.77636e-15 1.29475 -2.70622 
v 0.817147 1.63408 -3.18129 
v 1.77636e-15 1.37066 -2.66844 
v 1.77636e-15 1.34285 -2.68268 
v 0.817147 1.68592 -3.15413 
v 1.77636e-15 1.41413 -2.64566 
v 1.77636e-15 1.39052 -2.65828 
v 0.817147 1.7373 -3.12612 
v 1.77636e-15 1.43775 -2.63304 
v 1.77636e-15 1.45723 -2.62217 
v 0.817147 1.78822 -3.09728 
v 1.77636e-15 1.48452 -2.60696 
v 1.77636e-15 1.49995 -2.59798 
v 0.817147 1.83865 -3.06761 
v 1.77636e-15 1.53081 -2.58004 
v 1.77636e-15 1.54226 -2.57311 
v 0.817147 1.8886 -3.03711 
v 1.77636e-15 1.57662 -2.55231 
v 1.77636e-15 1.58417 -2.54755 
v 0.817147 1.93804 -3.0058 
v 1.77636e-15 1.62565 -2.52131 
v 1.77636e-15 1.62192 -2.52376 
v 0.817147 1.98696 -2.97369 
v 1.77636e-15 1.66671 -2.49441 
v 0.817147 2.03535 -2.94078 
v 1.77636e-15 1.70728 -2.46677 
v 0.817147 2.08319 -2.90709 
v 1.77636e-15 1.74739 -2.43849 
v 1.77636e-15 1.71097 -2.46426 
v 0.817147 2.13048 -2.87262 
v 1.77636e-15 1.78704 -2.40955 
v 1.77636e-15 1.75468 -2.43333 
v 0.817147 2.17719 -2.83737 
v 1.77636e-15 1.82622 -2.37998 
v 1.77636e-15 1.79783 -2.40162 
v 0.817147 2.22333 -2.80137 
v 1.77636e-15 1.86491 -2.34977 
v 1.77636e-15 1.84041 -2.36915 
v 0.817147 2.26886 -2.76462 
v 1.77636e-15 1.9031 -2.31894 
v 1.77636e-15 1.88241 -2.33592 
v 0.817147 2.31379 -2.72713 
v 1.77636e-15 1.9238 -2.30195 
v 1.77636e-15 1.94079 -2.28749 
v 0.817147 2.3581 -2.6889 
v 1.77636e-15 1.96458 -2.26725 
v 1.77636e-15 1.97797 -2.25544 
v 0.817147 2.40178 -2.64996 
v 1.77636e-15 2.00474 -2.23182 
v 1.77636e-15 2.01462 -2.22279 
v 0.817147 2.44482 -2.61031 
v 1.77636e-15 2.04425 -2.19568 
v 1.77636e-15 2.05073 -2.18954 
v 0.817147 2.4872 -2.56996 
v 1.77636e-15 2.0863 -2.15572 
v 1.77636e-15 2.08312 -2.15885 
v 0.817147 2.52892 -2.52892 
v 1.77636e-15 2.12132 -2.12132 
v 0.817147 2.56996 -2.4872 
v 1.77636e-15 2.15572 -2.0863 
v 0.817147 2.61031 -2.44482 
v 1.77636e-15 2.18954 -2.05073 
v 1.77636e-15 2.15885 -2.08312 
v 0.817147 2.64996 -2.40178 
v 1.77636e-15 2.22279 -2.01462 
v 1.77636e-15 2.19568 -2.04425 
v 0.817147 2.6889 -2.3581 
v 1.77636e-15 2.25544 -1.97797 
v 1.77636e-15 2.23182 -2.00474 
v 0.817147 2.72713 -2.31379 
v 1.77636e-15 2.28749 -1.94079 
v 1.77636e-15 2.26725 -1.96458 
v 0.817147 2.76462 -2.26886 
v 1.77636e-15 2.31894 -1.9031 
v 1.77636e-15 2.30195 -1.9238 
v 0.817147 2.80137 -2.22333 
v 1.77636e-15 2.33592 -1.88241 
v 1.77636e-15 2.34977 -1.86491 
v 0.817147 2.83737 -2.17719 
v 1.77636e-15 2.36915 -1.84041 
v 1.77636e-15 2.37998 -1.82622 
v 0.817147 2.87262 -2.13048 
v 1.77636e-15 2.40162 -1.79783 
v 1.77636e-15 2.40955 -1.78704 
v 0.817147 2.90709 -2.08319 
v 1.77636e-15 2.43333 -1.75468 
v 1.77636e-15 2.43849 -1.74739 
v 0.817147 2.94078 -2.03535 
v 1.77636e-15 2.46677 -1.70728 
v 1.77636e-15 2.46426 -1.71097 
v 0.817147 2.97369 -1.98696 
v 1.77636e-15 2.49441 -1.66671 
v 0.817147 3.0058 -1.93804 
v 1.77636e-15 2.52131 -1.62565 
v 0.817147 3.03711 -1.8886 
v 1.77636e-15 2.54755 -1.58417 
v 1.77636e-15 2.52376 -1.62192 
v 0.817147 3.06761 -1.83865 
v 1.77636e-15 2.57311 -1.54226 
v 1.77636e-15 2.55231 -1.57662 
v 0.817147 3.09728 -1.78822 
v 1.77636e-15 2.59798 -1.49995 
v 1.77636e-15 2.58004 -1.53081 
v 0.817147 3.12612 -1.7373 
v 1.77636e-15 2.62217 -1.45723 
v 1.77636e-15 2.60696 -1.48452 
v 0.817147 3.15413 -1.68592 
v 1.77636e-15 2.64566 -1.41413 
v 1.77636e-15 2.63304 -1.43775 
v 0.817147 3.18129 -1.63408 
v 1.77636e-15 2.65828 -1.39052 
v 1.77636e-15 2.66844 -1.37066 
v 0.817147 3.2076 -1.58181 
v 1.77636e-15 2.68268 -1.34285 
v 1.77636e-15 2.69052 -1.32682 
v 0.817147 3.23305 -1.52912 
v 1.77636e-15 2.70622 -1.29475 
v 1.77636e-15 2.71189 -1.28263 
v 0.817147 3.25764 -1.47602 
v 1.77636e-15 2.7289 -1.24625 
v 1.77636e-15 2.73253 -1.23809 
v 0.817147 3.28135 -1.42252 
v 1.77636e-15 2.75245 -1.19323 
v 1.77636e-15 2.75071 -1.19734 
v 0.817147 3.30419 -1.36864 
v 1.77636e-15 2.77164 -1.14805 
v 0.817147 3.32614 -1.3144 
v 1.77636e-15 2.79002 -1.10253 
v 0.817147 3.3472 -1.2598 
v 1.77636e-15 2.80766 -1.05673 
v 1.77636e-15 2.79169 -1.0984 
v 0.817147 3.36737 -1.20486 
v 1.77636e-15 2.82455 -1.01064 
v 1.77636e-15 2.81085 -1.04839 
v 0.817147 3.38663 -1.14961 
v 1.77636e-15 2.84069 -0.964284 
v 1.77636e-15 2.82911 -0.998055 
v 0.817147 3.40499 -1.09404 
v 1.77636e-15 2.85608 -0.917673 
v 1.77636e-15 2.84648 -0.947399 
v 0.817147 3.42243 -1.03818 
v 1.77636e-15 2.87071 -0.870819 
v 1.77636e-15 2.86293 -0.896441 
v 0.817147 3.43896 -0.982047 
v 1.77636e-15 2.87848 -0.845198 
v 1.77636e-15 2.88457 -0.823734 
v 0.817147 3.45457 -0.925648 
v 1.77636e-15 2.89311 -0.793685 
v 1.77636e-15 2.89767 -0.77643 
v 0.817147 3.46925 -0.869002 
v 1.77636e-15 2.90681 -0.74192 
v 1.77636e-15 2.91001 -0.728919 
v 0.817147 3.483 -0.812122 
v 1.77636e-15 2.91959 -0.689918 
v 1.77636e-15 2.92157 -0.681214 
v 0.817147 3.49582 -0.755026 
v 1.77636e-15 2.93235 -0.633327 
v 1.77636e-15 2.93144 -0.637696 
v 0.817147 3.50771 -0.697727 
v 1.77636e-15 2.94236 -0.585271 
v 0.817147 3.51866 -0.640241 
v 1.77636e-15 2.9515 -0.537044 
v 0.817147 3.52866 -0.582584 
v 1.77636e-15 2.95986 -0.488675 
v 1.77636e-15 2.95233 -0.53266 
v 0.817147 3.53772 -0.524771 
v 1.77636e-15 2.96744 -0.440178 
v 1.77636e-15 2.96137 -0.479878 
v 0.817147 3.54583 -0.466818 
v 1.77636e-15 2.97423 -0.391564 
v 1.77636e-15 2.96946 -0.426945 
v 0.817147 3.553 -0.408739 
v 1.77636e-15 2.98023 -0.342847 
v 1.77636e-15 2.97661 -0.373875 
v 0.817147 3.55921 -0.350551 
v 1.77636e-15 2.98544 -0.29404 
v 1.77636e-15 2.98281 -0.320685 
v 0.817147 3.56447 -0.29227 
v 1.77636e-15 2.98806 -0.267394 
v 1.77636e-15 2.98985 -0.245154 
v 0.817147 3.56877 -0.23391 
v 1.77636e-15 2.99236 -0.214018 
v 1.77636e-15 2.99347 -0.196203 
v 0.817147 3.57212 -0.175487 
v 1.77636e-15 2.9957 -0.160573 
v 1.77636e-15 2.9963 -0.147199 
v 0.817147 3.57452 -0.117018 
v 1.77636e-15 2.99809 -0.107077 
v 1.77636e-15 2.99833 -0.0981555 
v 0.817147 3.57595 -0.0585166 
v 1.77636e-15 2.99956 -0.0490849 
v 1.77636e-15 2.99952 -0.053547 
v 0.817147 3.57643 0 
v 1.77636e-15 3 -3.67394e-16 
v 0.817147 3.57595 0.0585166 
v 1.77636e-15 2.99956 0.0490849 
v 0.817147 3.57452 0.117018 
v 1.77636e-15 2.99833 0.0981555 
v 1.77636e-15 2.99952 0.053547 
v 0.817147 3.57212 0.175487 
v 1.77636e-15 2.9963 0.147199 
v 1.77636e-15 2.99809 0.107077 
v 0.817147 3.56877 0.23391 
v 1.77636e-15 2.99347 0.196203 
v 1.77636e-15 2.9957 0.160573 
v 0.817147 3.56447 0.29227 
v 1.77636e-15 2.98985 0.245154 
v 1.77636e-15 2.99236 0.214018 
v 0.817147 3.55921 0.350551 
v 1.77636e-15 2.98544 0.29404 
v 1.77636e-15 2.98806 0.267394 
v 0.817147 3.553 0.408739 
v 1.77636e-15 2.98281 0.320685 
v 1.77636e-15 2.98023 0.342847 
v 0.817147 3.54583 0.466818 
v 1.77636e-15 2.97661 0.373875 
v 1.77636e-15 2.97423 0.391564 
v 0.817147 3.53772 0.524771 
v 1.77636e-15 2.96946 0.426945 
v 1.77636e-15 2.96744 0.440178 
v 0.817147 3.52866 0.582584 
v 1.77636e-15 2.96137 0.479878 
v 1.77636e-15 2.95986 0.488675 
v 0.817147 3.51866 0.640241 
v 1.77636e-15 2.9515 0.537044 
v 1.77636e-15 2.95233 0.53266 
v 0.817147 3.50771 0.697727 
v 1.77636e-15 2.94236 0.585271 
v 0.817147 3.49582 0.755026 
v 1.77636e-15 2.93235 0.633327 
v 0.817147 3.483 0.812122 
v 1.77636e-15 2.92157 0.681214 
v 1.77636e-15 2.93144 0.637696 
v 0.817147 3.46925 0.869002 
v 1.77636e-15 2.91001 0.728919 
v 1.77636e-15 2.91959 0.689918 
v 0.817147 3.45457 0.925648 
v 1.77636e-15 2.89767 0.77643 
v 1.77636e-15 2.90681 0.74192 
v 0.817147 3.43896 0.982047 
v 1.77636e-15 2.88457 0.823734 
v 1.77636e-15 2.89311 0.793685 
v 0.817147 3.42243 1.03818 
v 1.77636e-15 2.87071 0.870819 
v 1.77636e-15 2.87848 0.845198 
v 0.817147 3.40499 1.09404 
v 1.77636e-15 2.86293 0.896441 
v 1.77636e-15 2.85608 0.917673 
v 0.817147 3.38663 1.14961 
v 1.77636e-15 2.84648 0.947399 
v 1.77636e-15 2.84069 0.964284 
v 0.817147 3.36737 1.20486 
v 1.77636e-15 2.82911 0.998055 
v 1.77636e-15 2.82455 1.01064 
v 0.817147 3.3472 1.2598 
v 1.77636e-15 2.81085 1.04839 
v 1.77636e-15 2.80766 1.05673 
v 0.817147 3.32614 1.3144 
v 1.77636e-15 2.79002 1.10253 
v 1.77636e-15 2.79169 1.0984 
v 0.817147 3.30419 1.36864 
v 1.77636e-15 2.77164 1.14805 
v 0.817147 3.28135 1.42252 
v 1.77636e-15 2.75245 1.19323 
v 0.817147 3.25764 1.47602 
v 1.77636e-15 2.73253 1.23809 
v 1.77636e-15 2.75071 1.19734 
v 0.817147 3.23305 1.52912 
v 1.77636e-15 2.71189 1.28263 
v 1.77636e-15 2.7289 1.24625 
v 0.817147 3.2076 1.58181 
v 1.77636e-15 2.69052 1.32682 
v 1.77636e-15 2.70622 1.29475 
v 0.817147 3.18129 1.63408 
v 1.77636e-15 2.66844 1.37066 
v 1.77636e-15 2.68268 1.34285 
v 0.817147 3.15413 1.68592 
v 1.77636e-15 2.64566 1.41413 
v 1.77636e-15 2.65828 1.39052 
v 0.817147 3.12612 1.7373 
v 1.77636e-15 2.63304 1.43775 
v 1.77636e-15 2.62217 1.45723 
v 0.817147 3.09728 1.78822 
v 1.77636e-15 2.60696 1.48452 
v 1.77636e-15 2.59798 1.49995 
v 0.817147 3.06761 1.83865 
v 1.77636e-15 2.58004 1.53081 
v 1.77636e-15 2.57311 1.54226 
v 0.817147 3.03711 1.8886 
v 1.77636e-15 2.55231 1.57662 
v 1.77636e-15 2.54755 1.58417 
v 0.817147 3.0058 1.93804 
v 1.77636e-15 2.52131 1.62565 
v 1.77636e-15 2.52376 1.62192 
v 0.817147 2.97369 1.98696 
v 1.77636e-15 2.49441 1.66671 
v 0.817147 2.94078 2.03535 
v 1.77636e-15 2.46677 1.70728 
v 0.817147 2.90709 2.08319 
v 1.77636e-15 2.43849 1.74739 
v 1.77636e-15 2.46426 1.71097 
v 0.817147 2.87262 2.13048 
v 1.77636e-15 2.40955 1.78704 
v 1.77636e-15 2.43333 1.75468 
v 0.817147 2.83737 2.17719 
v 1.77636e-15 2.37998 1.82622 
v 1.77636e-15 2.40162 1.79783 
v 0.817147 2.80137 2.22333 
v 1.77636e-15 2.34977 1.86491 
v 1.77636e-15 2.36915 1.84041 
v 0.817147 2.76462 2.26886 
v 1.77636e-15 2.31894 1.9031 
v 1.77636e-15 2.33592 1.88241 
v 0.817147 2.72713 2.31379 
v 1.77636e-15 2.30195 1.9238 
v 1.77636e-15 2.28749 1.94079 
v 0.817147 2.6889 2.3581 
v 1.77636e-15 2.26725 1.96458 
v 1.77636e-15 2.25544 1.97797 
v 0.817147 2.64996 2.40178 
v 1.77636e-15 2.23182 2.00474 
v 1.77636e-15 2.22279 2.01462 
v 0.817147 2.61031 2.44482 
v 1.77636e-15 2.19568 2.04425 
v 1.77636e-15 2.18954 2.05073 
v 0.817147 2.56996 2.4872 
v 1.77636e-15 2.15572 2.0863 
v 1.77636e-15 2.15885 2.08312 
v 0.817147 2.52892 2.52892 
v 1.77636e-15 2.12132 2.12132 
v 0.817147 2.4872 2.56996 
v 1.77636e-15 2.0863 2.15572 
v 0.817147 2.44482 2.61031 
v 1.77636e-15 2.05073 2.18954 
v 1.77636e-15 2.08312 2.15885 
v 0.817147 2.40178 2.64996 
v 1.77636e-15 2.01462 2.22279 
v 1.77636e-15 2.04425 2.19568 
v 0.817147 2.3581 2.6889 
v 1.77636e-15 1.97797 2.25544 
v 1.77636e-15 2.00474 2.23182 
v 0.817147 2.31379 2.72713 
v 1.77636e-15 1.94079 2.28749 
v 1.77636e-15 1.96458 2.26725 
v 0.817147 2.26886 2.76462 
v 1.77636e-15 1.9031 2.31894 
v 1.77636e-15 1.9238 2.30195 
v 0.817147 2.22333 2.80137 
v 1.77636e-15 1.88241 2.33592 
v 1.77636e-15 1.86491 2.34977 
v 0.817147 2.17719 2.83737 
v 1.77636e-15 1.84041 2.36915 
v 1.77636e-15 1.82622 2.37998 
v 0.817147 2.13048 2.87262 
v 1.77636e-15 1.79783 2.40162 
v 1.77636e-15 1.78704 2.40955 
v 0.817147 2.08319 2.90709 
v 1.77636e-15 1.75468 2.43333 
v 1.77636e-15 1.74739 2.43849 
v 0.817147 2.03535 2.94078 
v 1.77636e-15 1.70728 2.46677 
v 1.77636e-15 1.71097 2.46426 
v 0.817147 1.98696 2.97369 
v 1.77636e-15 1.66671 2.49441 
v 0.817147 1.93804 3.0058 
v 1.77636e-15 1.62565 2.52131 
v 0.817147 1.8886 3.03711 
v 1.77636e-15 1.58417 2.54755 
v 1.77636e-15 1.62192 2.52376 
v 0.817147 1.83865 3.06761 
v 1.77636e-15 1.54226 2.57311 
v 1.77636e-15 1.57662 2.55231 
v 0.817147 1.78822 3.09728 
v 1.77636e-15 1.49995 2.59798 
v 1.77636e-15 1.53081 2.58004 
v 0.817147 1.7373 3.12612 
v 1.77636e-15 1.45723 2.62217 
v 1.77636e-15 1.48452 2.60696 
v 0.817147 1.68592 3.15413 
v 1.77636e-15 1.41413 2.64566 
v 1.77636e-15 1.43775 2.63304 
v 0.817147 1.63408 3.18129 
v 1.77636e-15 1.39052 2.65828 
v 1.77636e-15 1.37066 2.66844 
v 0.817147 1.58181 3.2076 
v 1.77636e-15 1.34285 2.68268 
v 1.77636e-15 1.32682 2.69052 
v 0.817147 1.52912 3.23305 
v 1.77636e-15 1.29475 2.70622 
v 1.77636e-15 1.28263 2.71189 
v 0.817147 1.47602 3.25764 
v 1.77636e-15 1.24625 2.7289 
v 1.77636e-15 1.23809 2.73253 
v 0.817147 1.42252 3.28135 
v 1.77636e-15 1.19323 2.75245 
v 1.77636e-15 1.19734 2.75071 
v 0.817147 1.36864 3.30419 
v 1.77636e-15 1.14805 2.77164 
v 0.817147 1.3144 3.32614 
v 1.77636e-15 1.10253 2.79002 
v 0.817147 1.2598 3.3472 
v 1.77636e-15 1.05673 2.80766 
v 1.77636e-15 1.0984 2.79169 
v 0.817147 1.20486 3.36737 
v 1.77636e-15 1.01064 2.82455 
v 1.77636e-15 1.04839 2.81085 
v 0.817147 1.14961 3.38663 
v 1.77636e-15 0.964284 2.84069 
v 1.77636e-15 0.998055 2.82911 
v 0.817147 1.09404 3.40499 
v 1.77636e-15 0.917673 2.85608 
v 1.77636e-15 0.947399 2.84648 
v 0.817147 1.03818 3.42243 
v 1.77636e-15 0.870819 2.87071 
v 1.77636e-15 0.896441 2.86293 
v 0.817147 0.982047 3.43896 
v 1.77636e-15 0.845198 2.87848 
v 1.77636e-15 0.823734 2.88457 
v 0.817147 0.925648 3.45457 
v 1.77636e-15 0.793685 2.89311 
v 1.77636e-15 0.77643 2.89767 
v 0.817147 0.869002 3.46925 
v 1.77636e-15 0.74192 2.90681 
v 1.77636e-15 0.728919 2.91001 
v 0.817147 0.812122 3.483 
v 1.77636e-15 0.689918 2.91959 
v 1.77636e-15 0.681214 2.92157 
v 0.817147 0.755026 3.49582 
v 1.77636e-15 0.633327 2.93235 
v 1.77636e-15 0.637696 2.93144 
v 0.817147 0.697727 3.50771 
v 1.77636e-15 0.585271 2.94236 
v 0.817147 0.640241 3.51866 
v 1.77636e-15 0.537044 2.9515 
v 0.817147 0.582584 3.52866 
v 1.77636e-15 0.488675 2.95986 
v 1.77636e-15 0.53266 2.95233 
v 0.817147 0.524771 3.53772 
v 1.77636e-15 0.440178 2.96744 
v 1.77636e-15 0.479878 2.96137 
v 0.817147 0.466818 3.54583 
v 1.77636e-15 0.391564 2.97423 
v 1.77636e-15 0.426945 2.96946 
v 0.817147 0.408739 3.553 
v 1.77636e-15 0.342847 2.98023 
v 1.77636e-15 0.373875 2.97661 
v 0.817147 0.350551 3.55921 
v 1.77636e-15 0.29404 2.98544 
v 1.77636e-15 0.320685 2.98281 
v 0.817147 0.29227 3.56447 
v 1.77636e-15 0.267394 2.98806 
v 1.77636e-15 0.245154 2.98985 
v 0.817147 0.23391 3.56877 
v 1.77636e-15 0.214018 2.99236 
v 1.77636e-15 0.196203 2.99347 
v 0.817147 0.175487 3.57212 
v 1.77636e-15 0.160573 2.9957 
v 1.77636e-15 0.147199 2.9963 
v 0.817147 0.117018 3.57452 
v 1.77636e-15 0.107077 2.99809 
v 1.77636e-15 0.0981555 2.99833 
v 0.817147 0.0585166 3.57595 
v 1.77636e-15 0.0490849 2.99956 
v 1.77636e-15 0.053547 2.99952 
v 0.817147 -6.5698e-16 3.57643 
v 1.77636e-15 5.51091e-16 3 
v 0.817147 -0.0585166 3.57595 
v 1.77636e-15 -0.0490849 2.99956 
v 0.817147 -0.117018 3.57452 
v 1.77636e-15 -0.0981555 2.99833 
v 1.77636e-15 -0.053547 2.99952 
v 0.817147 -0.175487 3.57212 
v 1.77636e-15 -0.147199 2.9963 
v 1.77636e-15 -0.107077 2.99809 
v 0.817147 -0.23391 3.56877 
v 1.77636e-15 -0.196203 2.99347 
v 1.77636e-15 -0.160573 2.9957 
v 0.817147 -0.29227 3.56447 
v 1.77636e-15 -0.245154 2.98985 
v 1.77636e-15 -0.214018 2.99236 
v 0.817147 -0.350551 3.55921 
v 1.77636e-15 -0.29404 2.98544 
v 1.77636e-15 -0.267394 2.98806 
v 0.817147 -0.408739 3.553 
v 1.77636e-15 -0.320685 2.98281 
v 1.77636e-15 -0.342847 2.98023 
v 0.817147 -0.466818 3.54583 
v 1.77636e-15 -0.373875 2.97661 
v 1.77636e-15 -0.391564 2.97423 
v 0.817147 -0.524771 3.53772 
v 1.77636e-15 -0.426945 2.96946 
v 1.77636e-15 -0.440178 2.96744 
v 0.817147 -0.582584 3.52866 
v 1.77636e-15 -0.479878 2.96137 
v 1.77636e-15 -0.488675 2.95986 
v 0.817147 -0.640241 3.51866 
v 1.77636e-15 -0.537044 2.9515 
v 1.77636e-15 -0.53266 2.95233 
v 0.817147 -0.697727 3.50771 
v 1.77636e-15 -0.585271 2.94236 
v 0.817147 -0.755026 3.49582 
v 1.77636e-15 -0.633327 2.93235 
v 0.817147 -0.812122 3.483 
v 1.77636e-15 -0.681214 2.92157 
v 1.77636e-15 -0.637696 2.93144 
v 0.817147 -0.869002 3.46925 
v 1.77636e-15 -0.728919 2.91001 
v 1.77636e-15 -0.689918 2.91959 
v 0.817147 -0.925648 3.45457 
v 1.77636e-15 -0.77643 2.89767 
v 1.77636e-15 -0.74192 2.90681 
v 0.817147 -0.982047 3.43896 
v 1.77636e-15 -0.823734 2.88457 
v 1.77636e-15 -0.793685 2.89311 
v 0.817147 -1.03818 3.42243 
v 1.77636e-15 -0.870819 2.87071 
v 1.77636e-15 -0.845198 2.87848 
v 0.817147 -1.09404 3.40499 
v 1.77636e-15 -0.896441 2.86293 
v 1.77636e-15 -0.917673 2.85608 
v 0.817147 -1.14961 3.38663 
v 1.77636e-15 -0.947399 2.84648 
v 1.77636e-15 -0.964284 2.84069 
v 0.817147 -1.20486 3.36737 
v 1.77636e-15 -0.998055 2.82911 
v 1.77636e-15 -1.01064 2.82455 
v 0.817147 -1.2598 3.3472 
v 1.77636e-15 -1.04839 2.81085 
v 1.77636e-15 -1.05673 2.80766 
v 0.817147 -1.3144 3.32614 
v 1.77636e-15 -1.10253 2.79002 
v 1.77636e-15 -1.0984 2.79169 
v 0.817147 -1.36864 3.30419 
v 1.77636e-15 -1.14805 2.77164 
v 0.817147 -1.42252 3.28135 
v 1.77636e-15 -1.19323 2.75245 
v 0.817147 -1.47602 3.25764 
v 1.77636e-15 -1.23809 2.73253 
v 1.77636e-15 -1.19734 2.75071 
v 0.817147 -1.52912 3.23305 
v 1.77636e-15 -1.28263 2.71189 
v 1.77636e-15 -1.24625 2.7289 
v 0.817147 -1.58181 3.2076 
v 1.77636e-15 -1.32682 2.69052 
v 1.77636e-15 -1.29475 2.70622 
v 0.817147 -1.63408 3.18129 
v 1.77636e-15 -1.37066 2.66844 
v 1.77636e-15 -1.34285 2.68268 
v 0.817147 -1.68592 3.15413 
v 1.77636e-15 -1.41413 2.64566 
v 1.77636e-15 -1.39052 2.65828 
v 0.817147 -1.7373 3.12612 
v 1.77636e-15 -1.43775 2.63304 
v 1.77636e-15 -1.45723 2.62217 
v 0.817147 -1.78822 3.09728 
v 1.77636e-15 -1.48452 2.60696 
v 1.77636e-15 -1.49995 2.59798 
v 0.817147 -1.83865 3.06761 
v 1.77636e-15 -1.53081 2.58004 
v 1.77636e-15 -1.54226 2.57311 
v 0.817147 -1.8886 3.03711 
v 1.77636e-15 -1.57662 2.55231 
v 1.77636e-15 -1.58417 2.54755 
v 0.817147 -1.93804 3.0058 
v 1.77636e-15 -1.62565 2.52131 
v 1.77636e-15 -1.62192 2.52376 
v 0.817147 -1.98696 2.97369 
v 1.77636e-15 -1.66671 2.49441 
v 0.817147 -2.03535 2.94078 
v 1.77636e-15 -1.70728 2.46677 
v 0.817147 -2.08319 2.90709 
v 1.77636e-15 -1.74739 2.43849 
v 1.77636e-15 -1.71097 2.46426 
v 0.817147 -2.13048 2.87262 
v 1.77636e-15 -1.78704 2.40955 
v 1.77636e-15 -1.75468 2.43333 
v 0.817147 -2.17719 2.83737 
v 1.77636e-15 -1.82622 2.37998 
v 1.77636e-15 -1.79783 2.40162 
v 0.817147 -2.22333 2.80137 
v 1.77636e-15 -1.86491 2.34977 
v 1.77636e-15 -1.84041 2.36915 
v 0.817147 -2.26886 2.76462 
v 1.77636e-15 -1.9031 2.31894 
v 1.77636e-15 -1.88241 2.33592 
v 0.817147 -2.31379 2.72713 
v 1.77636e-15 -1.9238 2.30195 
v 1.77636e-15 -1.94079 2.28749 
v 0.817147 -2.3581 2.6889 
v 1.77636e-15 -1.96458 2.26725 
v 1.77636e-15 -1.97797 2.25544 
v 0.817147 -2.40178 2.64996 
v 1.77636e-15 -2.00474 2.23182 
v 1.77636e-15 -2.01462 2.22279 
v 0.817147 -2.44482 2.61031 
v 1.77636e-15 -2.04425 2.19568 
v 1.77636e-15 -2.05073 2.18954 
v 0.817147 -2.4872 2.56996 
v 1.77636e-15 -2.0863 2.15572 
v 1.77636e-15 -2.08312 2.15885 
v 0.817147 -2.52892 2.52892 
v 1.77636e-15 -2.12132 2.12132 
v 0.817147 -2.56996 2.4872 
v 1.77636e-15 -2.15572 2.0863 
v 0.817147 -2.61031 2.44482 
v 1.77636e-15 -2.18954 2.05073 
v 1.77636e-15 -2.15885 2.08312 
v 0.817147 -2.64996 2.40178 
v 1.77636e-15 -2.22279 2.01462 
v 1.77636e-15 -2.19568 2.04425 
v 0.817147 -2.6889 2.3581 
v 1.77636e-15 -2.25544 1.97797 
v 1.77636e-15 -2.23182 2.00474 
v 0.817147 -2.72713 2.31379 
v 1.77636e-15 -2.28749 1.94079 
v 1.77636e-15 -2.26725 1.96458 
v 0.817147 -2.76462 2.26886 
v 1.77636e-15 -2.31894 1.9031 
v 1.77636e-15 -2.30195 1.9238 
v 0.817147 -2.80137 2.22333 
v 1.77636e-15 -2.33592 1.88241 
v 1.77636e-15 -2.34977 1.86491 
v 0.817147 -2.83737 2.17719 
v 1.77636e-15 -2.36915 1.84041 
v 1.77636e-15 -2.37998 1.82622 
v 0.817147 -2.87262 2.13048 
v 1.77636e-15 -2.40162 1.79783 
v 1.77636e-15 -2.40955 1.78704 
v 0.817147 -2.90709 2.08319 
v 1.77636e-15 -2.43333 1.75468 
v 1.77636e-15 -2.43849 1.74739 
v 0.817147 -2.94078 2.03535 
v 1.77636e-15 -2.46677 1.70728 
v 1.77636e-15 -2.46426 1.71097 
v 0.817147 -2.97369 1.98696 
v 1.77636e-15 -2.49441 1.66671 
v 0.817147 -3.0058 1.93804 
v 1.77636e-15 -2.52131 1.62565 
v 0.817147 -3.03711 1.8886 
v 1.77636e-15 -2.54755 1.58417 
v 1.77636e-15 -2.52376 1.62192 
v 0.817147 -3.06761 1.83865 
v 1.77636e-15 -2.57311 1.54226 
v 1.77636e-15 -2.55231 1.57662 
v 0.817147 -3.09728 1.78822 
v 1.77636e-15 -2.59798 1.49995 
v 1.77636e-15 -2.58004 1.53081 
v 0.817147 -3.12612 1.7373 
v 1.77636e-15 -2.62217 1.45723 
v 1.77636e-15 -2.60696 1.48452 
v 0.817147 -3.15413 1.68592 
v 1.77636e-15 -2.64566 1.41413 
v 1.77636e-15 -2.63304 1.43775 
v 0.817147 -3.18129 1.63408 
v 1.77636e-15 -2.65828 1.39052 
v 1.77636e-15 -2.66844 1.37066 
v 0.817147 -3.2076 1.58181 
v 1.77636e-15 -2.68268 1.34285 
v 1.77636e-15 -2.69052 1.32682 
v 0.817147 -3.23305 1.52912 
v 1.77636e-15 -2.70622 1.29475 
v 1.77636e-15 -2.71189 1.28263 
v 0.817147 -3.25764 1.47602 
v 1.77636e-15 -2.7289 1.24625 
v 1.77636e-15 -2.73253 1.23809 
v 0.817147 -3.28135 1.42252 
v 1.77636e-15 -2.75245 1.19323 
v 1.77636e-15 -2.75071 1.19734 
v 0.817147 -3.30419 1.36864 
v 1.77636e-15 -2.77164 1.14805 
v 0.817147 -3.32614 1.3144 
v 1.77636e-15 -2.79002 1.10253 
v 0.817147 -3.3472 1.2598 
v 1.77636e-15 -2.80766 1.05673 
v 1.77636e-15 -2.79169 1.0984 
v 0.817147 -3.36737 1.20486 
v 1.77636e-15 -2.82455 1.01064 
v 1.77636e-15 -2.81085 1.04839 
v 0.817147 -3.38663 1.14961 
v 1.77636e-15 -2.84069 0.964284 
v 1.77636e-15 -2.82911 0.998055 
v 0.817147 -3.40499 1.09404 
v 1.77636e-15 -2.85608 0.917673 
v 1.77636e-15 -2.84648 0.947399 
v 0.817147 -3.42243 1.03818 
v 1.77636e-15 -2.87071 0.870819 
v 1.77636e-15 -2.86293 0.896441 
v 0.817147 -3.43896 0.982047 
v 1.77636e-15 -2.87848 0.845198 
v 1.77636e-15 -2.88457 0.823734 
v 0.817147 -3.45457 0.925648 
v 1.77636e-15 -2.89311 0.793685 
v 1.77636e-15 -2.89767 0.77643 
v 0.817147 -3.46925 0.869002 
v 1.77636e-15 -2.90681 0.74192 
v 1.77636e-15 -2.91001 0.728919 
v 0.817147 -3.483 0.812122 
v 1.77636e-15 -2.91959 0.689918 
v 1.77636e-15 -2.92157 0.681214 
v 0.817147 -3.49582 0.755026 
v 1.77636e-15 -2.93235 0.633327 
v 1.77636e-15 -2.93144 0.637696 
v 0.817147 -3.50771 0.697727 
v 1.77636e-15 -2.94236 0.585271 
v 0.817147 -3.51866 0.640241 
v 1.77636e-15 -2.9515 0.537044 
v 0.817147 -3.52866 0.582584 
v 1.77636e-15 -2.95986 0.488675 
v 1.77636e-15 -2.95233 0.53266 
v 0.817147 -3.53772 0.524771 
v 1.77636e-15 -2.96744 0.440178 
v 1.77636e-15 -2.96137 0.479878 
v 0.817147 -3.54583 0.466818 
v 1.77636e-15 -2.97423 0.391564 
v 1.77636e-15 -2.96946 0.426945 
v 0.817147 -3.553 0.408739 
v 1.77636e-15 -2.98023 0.342847 
v 1.77636e-15 -2.97661 0.373875 
v 0.817147 -3.55921 0.350551 
v 1.77636e-15 -2.98544 0.29404 
v 1.77636e-15 -2.98281 0.320685 
v 0.817147 -3.56447 0.29227 
v 1.77636e-15 -2.98806 0.267394 
v 1.77636e-15 -2.98985 0.245154 
v 0.817147 -3.56877 0.23391 
v 1.77636e-15 -2.99236 0.214018 
v 1.77636e-15 -2.99347 0.196203 
v 0.817147 -3.57212 0.175487 
v 1.77636e-15 -2.9957 0.160573 
v 1.77636e-15 -2.9963 0.147199 
v 0.817147 -3.57452 0.117018 
v 1.77636e-15 -2.99809 0.107077 
v 1.77636e-15 -2.99833 0.0981555 
v 0.817147 -3.57595 0.0585166 
v 1.77636e-15 -2.99956 0.0490849 
v 1.77636e-15 -2.99952 0.053547 
v 1.77636e-15 -3 0 
v 4.81715 3.57643 0 
v 4.81715 3.57595 0.0585166 
v 4.81715 3.57452 0.117018 
v 4.81715 3.57212 0.175487 
v 4.81715 3.56877 0.23391 
v 4.81715 3.56447 0.29227 
v 4.81715 3.55921 0.350551 
v 4.81715 3.553 0.408739 
v 4.81715 3.54583 0.466818 
v 4.81715 3.53772 0.524771 
v 4.81715 3.52866 0.582584 
v 4.81715 3.51866 0.640241 
v 4.81715 3.50771 0.697727 
v 4.81715 3.49582 0.755026 
v 4.81715 3.483 0.812122 
v 4.81715 3.46925 0.869002 
v 4.81715 3.45457 0.925648 
v 4.81715 3.43896 0.982047 
v 4.81715 3.42243 1.03818 
v 4.81715 3.40499 1.09404 
v 4.81715 3.38663 1.14961 
v 4.81715 3.36737 1.20486 
v 4.81715 3.3472 1.2598 
v 4.81715 3.32614 1.3144 
v 4.81715 3.30419 1.36864 
v 4.81715 3.28135 1.42252 
v 4.81715 3.25764 1.47602 
v 4.81715 3.23305 1.52912 
v 4.81715 3.2076 1.58181 
v 4.81715 3.18129 1.63408 
v 4.81715 3.15413 1.68592 
v 4.81715 3.12612 1.7373 
v 4.81715 3.09728 1.78822 
v 4.81715 3.06761 1.83865 
v 4.81715 3.03711 1.8886 
v 4.81715 3.0058 1.93804 
v 4.81715 2.97369 1.98696 
v 4.81715 2.94078 2.03535 
v 4.81715 2.90709 2.08319 
v 4.81715 2.87262 2.13048 
v 4.81715 2.83737 2.17719 
v 4.81715 2.80137 2.22333 
v 4.81715 2.76462 2.26886 
v 4.81715 2.72713 2.31379 
v 4.81715 2.6889 2.3581 
v 4.81715 2.64996 2.40178 
v 4.81715 2.61031 2.44482 
v 4.81715 2.56996 2.4872 
v 4.81715 2.52892 2.52892 
v 4.81715 2.4872 2.56996 
v 4.81715 2.44482 2.61031 
v 4.81715 2.40178 2.64996 
v 4.81715 2.3581 2.6889 
v 4.81715 2.31379 2.72713 
v 4.81715 2.26886 2.76462 
v 4.81715 2.22333 2.80137 
v 4.81715 2.17719 2.83737 
v 4.81715 2.13048 2.87262 
v 4.81715 2.08319 2.90709 
v 4.81715 2.03535 2.94078 
v 4.81715 1.98696 2.97369 
v 4.81715 1.93804 3.0058 
v 4.81715 1.8886 3.03711 
v 4.81715 1.83865 3.06761 
v 4.81715 1.78822 3.09728 
v 4.81715 1.7373 3.12612 
v 4.81715 1.68592 3.15413 
v 4.81715 1.63408 3.18129 
v 4.81715 1.58181 3.2076 
v 4.81715 1.52912 3.23305 
v 4.81715 1.47602 3.25764 
v 4.81715 1.42252 3.28135 
v 4.81715 1.36864 3.30419 
v 4.81715 1.3144 3.32614 
v 4.81715 1.2598 3.3472 
v 4.81715 1.20486 3.36737 
v 4.81715 1.14961 3.38663 
v 4.81715 1.09404 3.40499 
v 4.81715 1.03818 3.42243 
v 4.81715 0.982047 3.43896 
v 4.81715 0.925648 3.45457 
v 4.81715 0.869002 3.46925 
v 4.81715 0.812122 3.483 
v 4.81715 0.755026 3.49582 
v 4.81715 0.697727 3.50771 
v 4.81715 0.640241 3.51866 
v 4.81715 0.582584 3.52866 
v 4.81715 0.524771 3.53772 
v 4.81715 0.466818 3.54583 
v 4.81715 0.408739 3.553 
v 4.81715 0.350551 3.55921 
v 4.81715 0.29227 3.56447 
v 4.81715 0.23391 3.56877 
v 4.81715 0.175487 3.57212 
v 4.81715 0.117018 3.57452 
v 4.81715 0.0585166 3.57595 
v 4.81715 8.88178e-16 3.57643 
v 4.81715 -0.0585166 3.57595 
v 4.81715 -0.117018 3.57452 
v 4.81715 -0.175487 3.57212 
v 4.81715 -0.23391 3.56877 
v 4.81715 -0.29227 3.56447 
v 4.81715 -0.350551 3.55921 
v 4.81715 -0.408739 3.553 
v 4.81715 -0.466818 3.54583 
v 4.81715 -0.524771 3.53772 
v 4.81715 -0.582584 3.52866 
v 4.81715 -0.640241 3.51866 
v 4.81715 -0.697727 3.50771 
v 4.81715 -0.755026 3.49582 
v 4.81715 -0.812122 3.483 
v 4.81715 -0.869002 3.46925 
v 4.81715 -0.925648 3.45457 
v 4.81715 -0.982047 3.43896 
v 4.81715 -1.03818 3.42243 
v 4.81715 -1.09404 3.40499 
v 4.81715 -1.14961 3.38663 
v 4.81715 -1.20486 3.36737 
v 4.81715 -1.2598 3.3472 
v 4.81715 -1.3144 3.32614 
v 4.81715 -1.36864 3.30419 
v 4.81715 -1.42252 3.28135 
v 4.81715 -1.47602 3.25764 
v 4.81715 -1.52912 3.23305 
v 4.81715 -1.58181 3.2076 
v 4.81715 -1.63408 3.18129 
v 4.81715 -1.68592 3.15413 
v 4.81715 -1.7373 3.12612 
v 4.81715 -1.78822 3.09728 
v 4.81715 -1.83865 3.06761 
v 4.81715 -1.8886 3.03711 
v 4.81715 -1.93804 3.0058 
v 4.81715 -1.98696 2.97369 
v 4.81715 -2.03535 2.94078 
v 4.81715 -2.08319 2.90709 
v 4.81715 -2.13048 2.87262 
v 4.81715 -2.17719 2.83737 
v 4.81715 -2.22333 2.80137 
v 4.81715 -2.26886 2.76462 
v 4.81715 -2.31379 2.72713 
v 4.81715 -2.3581 2.6889 
v 4.81715 -2.40178 2.64996 
v 4.81715 -2.44482 2.61031 
v 4.81715 -2.4872 2.56996 
v 4.81715 -2.52892 2.52892 
v 4.81715 -2.56996 2.4872 
v 4.81715 -2.61031 2.44482 
v 4.81715 -2.64996 2.40178 
v 4.81715 -2.6889 2.3581 
v 4.81715 -2.72713 2.31379 
v 4.81715 -2.76462 2.26886 
v 4.81715 -2.80137 2.22333 
v 4.81715 -2.83737 2.17719 
v 4.81715 -2.87262 2.13048 
v 4.81715 -2.90709 2.08319 
v 4.81715 -2.94078 2.03535 
v 4.81715 -2.97369 1.98696 
v 4.81715 -3.0058 1.93804 
v 4.81715 -3.03711 1.8886 
v 4.81715 -3.06761 1.83865 
v 4.81715 -3.09728 1.78822 
v 4.81715 -3.12612 1.7373 
v 4.81715 -3.15413 1.68592 
v 4.81715 -3.18129 1.63408 
v 4.81715 -3.2076 1.58181 
v 4.81715 -3.23305 1.52912 
v 4.81715 -3.25764 1.47602 
v 4.81715 -3.28135 1.42252 
v 4.81715 -3.30419 1.36864 
v 4.81715 -3.32614 1.3144 
v 4.81715 -3.3472 1.2598 
v 4.81715 -3.36737 1.20486 
v 4.81715 -3.38663 1.14961 
v 4.81715 -3.40499 1.09404 
v 4.81715 -3.42243 1.03818 
v 4.81715 -3.43896 0.982047 
v 4.81715 -3.45457 0.925648 
v 4.81715 -3.46925 0.869002 
v 4.81715 -3.483 0.812122 
v 4.81715 -3.49582 0.755026 
v 4.81715 -3.50771 0.697727 
v 4.81715 -3.51866 0.640241 
v 4.81715 -3.52866 0.582584 
v 4.81715 -3.53772 0.524771 
v 4.81715 -3.54583 0.466818 
v 4.81715 -3.553 0.408739 
v 4.81715 -3.55921 0.350551 
v 4.81715 -3.56447 0.29227 
v 4.81715 -3.56877 0.23391 
v 4.81715 -3.57212 0.175487 
v 4.81715 -3.57452 0.117018 
v 4.81715 -3.57595 0.0585166 
v 4.81715 -3.57643 -9.43026e-16 
v 4.81715 -3.57595 -0.0585166 
v 4.81715 -3.57452 -0.117018 
v 4.81715 -3.57212 -0.175487 
v 4.81715 -3.56877 -0.23391 
v 4.81715 -3.56447 -0.29227 
v 4.81715 -3.55921 -0.350551 
v 4.81715 -3.553 -0.408739 
v 4.81715 -3.54583 -0.466818 
v 4.81715 -3.53772 -0.524771 
v 4.81715 -3.52866 -0.582584 
v 4.81715 -3.51866 -0.640241 
v 4.81715 -3.50771 -0.697727 
v 4.81715 -3.49582 -0.755026 
v 4.81715 -3.483 -0.812122 
v 4.81715 -3.46925 -0.869002 
v 4.81715 -3.45457 -0.925648 
v 4.81715 -3.43896 -0.982047 
v 4.81715 -3.42243 -1.03818 
v 4.81715 -3.40499 -1.09404 
v 4.81715 -3.38663 -1.14961 
v 4.81715 -3.36737 -1.20486 
v 4.81715 -3.3472 -1.2598 
v 4.81715 -3.32614 -1.3144 
v 4.81715 -3.30419 -1.36864 
v 4.81715 -3.28135 -1.42252 
v 4.81715 -3.25764 -1.47602 
v 4.81715 -3.23305 -1.52912 
v 4.81715 -3.2076 -1.58181 
v 4.81715 -3.18129 -1.63408 
v 4.81715 -3.15413 -1.68592 
v 4.81715 -3.12612 -1.7373 
v 4.81715 -3.09728 -1.78822 
v 4.81715 -3.06761 -1.83865 
v 4.81715 -3.03711 -1.8886 
v 4.81715 -3.0058 -1.93804 
v 4.81715 -2.97369 -1.98696 
v 4.81715 -2.94078 -2.03535 
v 4.81715 -2.90709 -2.08319 
v 4.81715 -2.87262 -2.13048 
v 4.81715 -2.83737 -2.17719 
v 4.81715 -2.80137 -2.22333 
v 4.81715 -2.76462 -2.26886 
v 4.81715 -2.72713 -2.31379 
v 4.81715 -2.6889 -2.3581 
v 4.81715 -2.64996 -2.40178 
v 4.81715 -2.61031 -2.44482 
v 4.81715 -2.56996 -2.4872 
v 4.81715 -2.52892 -2.52892 
v 4.81715 -2.4872 -2.56996 
v 4.81715 -2.44482 -2.61031 
v 4.81715 -2.40178 -2.64996 
v 4.81715 -2.3581 -2.6889 
v 4.81715 -2.31379 -2.72713 
v 4.81715 -2.26886 -2.76462 
v 4.81715 -2.22333 -2.80137 
v 4.81715 -2.17719 -2.83737 
v 4.81715 -2.13048 -2.87262 
v 4.81715 -2.08319 -2.90709 
v 4.81715 -2.03535 -2.94078 
v 4.81715 -1.98696 -2.97369 
v 4.81715 -1.93804 -3.0058 
v 4.81715 -1.8886 -3.03711 
v 4.81715 -1.83865 -3.06761 
v 4.81715 -1.78822 -3.09728 
v 4.81715 -1.7373 -3.12612 
v 4.81715 -1.68592 -3.15413 
v 4.81715 -1.63408 -3.18129 
v 4.81715 -1.58181 -3.2076 
v 4.81715 -1.52912 -3.23305 
v 4.81715 -1.47602 -3.25764 
v 4.81715 -1.42252 -3.28135 
v 4.81715 -1.36864 -3.30419 
v 4.81715 -1.3144 -3.32614 
v 4.81715 -1.2598 -3.3472 
v 4.81715 -1.20486 -3.36737 
v 4.81715 -1.14961 -3.38663 
v 4.81715 -1.09404 -3.40499 
v 4.81715 -1.03818 -3.42243 
v 4.81715 -0.982047 -3.43896 
v 4.81715 -0.925648 -3.45457 
v 4.81715 -0.869002 -3.46925 
v 4.81715 -0.812122 -3.483 
v 4.81715 -0.755026 -3.49582 
v 4.81715 -0.697727 -3.50771 
v 4.81715 -0.640241 -3.51866 
v 4.81715 -0.582584 -3.52866 
v 4.81715 -0.524771 -3.53772 
v 4.81715 -0.466818 -3.54583 
v 4.81715 -0.408739 -3.553 
v 4.81715 -0.350551 -3.55921 
v 4.81715 -0.29227 -3.56447 
v 4.81715 -0.23391 -3.56877 
v 4.81715 -0.175487 -3.57212 
v 4.81715 -0.117018 -3.57452 
v 4.81715 -0.0585166 -3.57595 
v 4.81715 0 -3.57643 
v 4.81715 0.0585166 -3.57595 
v 4.81715 0.117018 -3.57452 
v 4.81715 0.175487 -3.57212 
v 4.81715 0.23391 -3.56877 
v 4.81715 0.29227 -3.56447 
v 4.81715 0.350551 -3.55921 
v 4.81715 0.408739 -3.553 
v 4.81715 0.466818 -3.54583 
v 4.81715 0.524771 -3.53772 
v 4.81715 0.582584 -3.52866 
v 4.81715 0.640241 -3.51866 
v 4.81715 0.697727 -3.50771 
v 4.81715 0.755026 -3.49582 
v 4.81715 0.812122 -3.483 
v 4.81715 0.869002 -3.46925 
v 4.81715 0.925648 -3.45457 
v 4.81715 0.982047 -3.43896 
v 4.81715 1.03818 -3.42243 
v 4.81715 1.09404 -3.40499 
v 4.81715 1.14961 -3.38663 
v 4.81715 1.20486 -3.36737 
v 4.81715 1.2598 -3.3472 
v 4.81715 1.3144 -3.32614 
v 4.81715 1.36864 -3.30419 
v 4.81715 1.42252 -3.28135 
v 4.81715 1.47602 -3.25764 
v 4.81715 1.52912 -3.23305 
v 4.81715 1.58181 -3.2076 
v 4.81715 1.63408 -3.18129 
v 4.81715 1.68592 -3.15413 
v 4.81715 1.7373 -3.12612 
v 4.81715 1.78822 -3.09728 
v 4.81715 1.83865 -3.06761 
v 4.81715 1.8886 -3.03711 
v 4.81715 1.93804 -3.0058 
v 4.81715 1.98696 -2.97369 
v 4.81715 2.03535 -2.94078 
v 4.81715 2.08319 -2.90709 
v 4.81715 2.13048 -2.87262 
v 4.81715 2.17719 -2.83737 
v 4.81715 2.22333 -2.80137 
v 4.81715 2.26886 -2.76462 
v 4.81715 2.31379 -2.72713 
v 4.81715 2.3581 -2.6889 
v 4.81715 2.40178 -2.64996 
v 4.81715 2.44482 -2.61031 
v 4.81715 2.4872 -2.56996 
v 4.81715 2.52892 -2.52892 
v 4.81715 2.56996 -2.4872 
v 4.81715 2.61031 -2.44482 
v 4.81715 2.64996 -2.40178 
v 4.81715 2.6889 -2.3581 
v 4.81715 2.72713 -2.31379 
v 4.81715 2.76462 -2.26886 
v 4.81715 2.80137 -2.22333 
v 4.81715 2.83737 -2.17719 
v 4.81715 2.87262 -2.13048 
v 4.81715 2.90709 -2.08319 
v 4.81715 2.94078 -2.03535 
v 4.81715 2.97369 -1.98696 
v 4.81715 3.0058 -1.93804 
v 4.81715 3.03711 -1.8886 
v 4.81715 3.06761 -1.83865 
v 4.81715 3.09728 -1.78822 
v 4.81715 3.12612 -1.7373 
v 4.81715 3.15413 -1.68592 
v 4.81715 3.18129 -1.63408 
v 4.81715 3.2076 -1.58181 
v 4.81715 3.23305 -1.52912 
v 4.81715 3.25764 -1.47602 
v 4.81715 3.28135 -1.42252 
v 4.81715 3.30419 -1.36864 
v 4.81715 3.32614 -1.3144 
v 4.81715 3.3472 -1.2598 
v 4.81715 3.36737 -1.20486 
v 4.81715 3.38663 -1.14961 
v 4.81715 3.40499 -1.09404 
v 4.81715 3.42243 -1.03818 
v 4.81715 3.43896 -0.982047 
v 4.81715 3.45457 -0.925648 
v 4.81715 3.46925 -0.869002 
v 4.81715 3.483 -0.812122 
v 4.81715 3.49582 -0.755026 
v 4.81715 3.50771 -0.697727 
v 4.81715 3.51866 -0.640241 
v 4.81715 3.52866 -0.582584 
v 4.81715 3.53772 -0.524771 
v 4.81715 3.54583 -0.466818 
v 4.81715 3.553 -0.408739 
v 4.81715 3.55921 -0.350551 
v 4.81715 3.56447 -0.29227 
v 4.81715 3.56877 -0.23391 
v 4.81715 3.57212 -0.175487 
v 4.81715 3.57452 -0.117018 
v 4.81715 3.57595 -0.0585166 
v 4.81715 4.15725 1.66004 
v 4.81715 4.13255 1.72061 
v 4.81715 4.10696 1.78081 
v 4.81715 4.38309 0.909364 
v 4.81715 4.18106 1.59912 
v 4.81715 4.02498 1.95907 
v 4.81715 3.99593 2.01767 
v 4.81715 3.96602 2.07584 
v 4.81715 3.93526 2.13357 
v 4.81715 -4.32249 1.16385 
v 4.81715 -4.33903 1.10057 
v 4.81715 -4.46449 0.326758 
v 4.81715 -2.33195 -3.82105 
v 4.81715 4.40779 0.780902 
v 4.81715 4.39591 0.845224 
v 4.81715 4.36934 0.973311 
v 4.81715 4.35465 1.03705 
v 4.81715 4.08051 1.84062 
v 4.81715 3.87124 2.24765 
v 4.81715 3.83798 2.30397 
v 4.81715 3.80391 2.35981 
v 4.81715 3.19981 3.13044 
v 4.81715 3.15373 3.17686 
v 4.81715 3.10697 3.2226 
v 4.81715 2.16227 3.91957 
v 4.81715 2.10476 3.95075 
v 4.81715 2.04681 3.98108 
v 4.81715 1.81076 4.09384 
v 4.81715 -4.226 1.47627 
v 4.81715 -4.24712 1.41436 
v 4.81715 -4.26733 1.35215 
v 4.81715 -4.28663 1.28966 
v 4.81715 -4.30502 1.22688 
v 4.81715 -4.35465 1.03705 
v 4.81715 -4.36934 0.973311 
v 4.81715 -4.38309 0.909364 
v 4.81715 -4.39591 0.845224 
v 4.81715 -4.44588 0.522088 
v 4.81715 -4.45303 0.457071 
v 4.81715 -4.45924 0.391957 
v 4.81715 -4.46879 0.26149 
v 4.81715 -4.47213 0.196167 
v 4.81715 -4.47452 0.130801 
v 4.81715 -4.47595 0.0654075 
v 4.81715 -2.38754 -3.78657 
v 4.81715 -2.27587 -3.85472 
v 4.81715 -2.21931 -3.88756 
v 4.81715 4.46449 0.326758 
v 4.81715 4.45924 0.391957 
v 4.81715 4.226 1.47627 
v 4.81715 4.05318 1.90005 
v 4.81715 3.90367 2.19084 
v 4.81715 3.76902 2.41514 
v 4.81715 3.65957 2.57798 
v 4.81715 3.62151 2.63118 
v 4.81715 3.58268 2.68381 
v 4.81715 3.54308 2.73588 
v 4.81715 3.28992 3.0356 
v 4.81715 3.24521 3.08335 
v 4.81715 3.01148 3.31201 
v 4.81715 2.96277 3.35566 
v 4.81715 1.98843 4.01056 
v 4.81715 1.92961 4.03919 
v 4.81715 1.87039 4.06695 
v 4.81715 1.75075 4.11987 
v 4.81715 1.69037 4.14501 
v 4.81715 1.62962 4.16926 
v 4.81715 1.56853 4.19263 
v 4.81715 1.44535 4.23667 
v 4.81715 1.38329 4.25734 
v 4.81715 -1.06884 4.34695 
v 4.81715 -1.13224 4.33087 
v 4.81715 -1.1954 4.31387 
v 4.81715 -4.20398 1.53786 
v 4.81715 -4.40779 0.780902 
v 4.81715 -4.41873 0.716414 
v 4.81715 -4.42873 0.651773 
v 4.81715 -4.43778 0.586993 
v 4.81715 -4.46449 -0.326758 
v 4.81715 -4.45924 -0.391957 
v 4.81715 -3.41978 -2.88851 
v 4.81715 -3.37721 -2.93817 
v 4.81715 -3.28992 -3.0356 
v 4.81715 -2.81287 -3.48227 
v 4.81715 -2.76169 -3.523 
v 4.81715 -2.55118 -3.6783 
v 4.81715 -2.49716 -3.71519 
v 4.81715 -2.16227 -3.91957 
v 4.81715 1.1954 -4.31387 
v 4.81715 2.65757 -3.60219 
v 4.81715 2.70992 -3.56297 
v 4.81715 2.81287 -3.48227 
v 4.81715 4.46879 0.26149 
v 4.81715 4.45303 0.457071 
v 4.81715 4.41873 0.716414 
v 4.81715 4.33903 1.10057 
v 4.81715 4.32249 1.16385 
v 4.81715 4.30502 1.22688 
v 4.81715 4.28663 1.28966 
v 4.81715 4.24712 1.41436 
v 4.81715 3.69684 2.52424 
v 4.81715 3.50273 2.78735 
v 4.81715 3.46162 2.83824 
v 4.81715 3.41978 2.88851 
v 4.81715 3.33392 2.98721 
v 4.81715 3.05956 3.26765 
v 4.81715 2.81287 3.48227 
v 4.81715 2.76169 3.523 
v 4.81715 1.32094 4.2771 
v 4.81715 1.1954 4.31387 
v 4.81715 1.13224 4.33087 
v 4.81715 1.06884 4.34695 
v 4.81715 1.00521 4.36211 
v 4.81715 0.941363 4.37633 
v 4.81715 0.813085 4.40197 
v 4.81715 0.748678 4.41338 
v 4.81715 -0.163488 4.47344 
v 4.81715 -0.228835 4.47058 
v 4.81715 -0.294132 4.46676 
v 4.81715 -4.47452 -0.130801 
v 4.81715 -4.47213 -0.196167 
v 4.81715 -4.46879 -0.26149 
v 4.81715 -4.45303 -0.457071 
v 4.81715 -4.42873 -0.651773 
v 4.81715 -4.41873 -0.716414 
v 4.81715 -3.33392 -2.98721 
v 4.81715 -3.24521 -3.08335 
v 4.81715 -3.19981 -3.13044 
v 4.81715 -3.15373 -3.17686 
v 4.81715 -3.10697 -3.2226 
v 4.81715 -3.05956 -3.26765 
v 4.81715 -2.86345 -3.4408 
v 4.81715 -2.44261 -3.75128 
v 4.81715 -2.10476 -3.95075 
v 4.81715 -2.04681 -3.98108 
v 4.81715 -1.1954 -4.31387 
v 4.81715 -1.13224 -4.33087 
v 4.81715 1.13224 -4.33087 
v 4.81715 2.10476 -3.95075 
v 4.81715 2.16227 -3.91957 
v 4.81715 2.44261 -3.75128 
v 4.81715 2.49716 -3.71519 
v 4.81715 2.55118 -3.6783 
v 4.81715 2.76169 -3.523 
v 4.81715 2.86345 -3.4408 
v 4.81715 2.91342 -3.39859 
v 4.81715 4.47213 0.196167 
v 4.81715 4.44588 0.522088 
v 4.81715 4.43778 0.586993 
v 4.81715 4.42873 0.651773 
v 4.81715 4.26733 1.35215 
v 4.81715 4.20398 1.53786 
v 4.81715 3.73333 2.46995 
v 4.81715 2.86345 3.4408 
v 4.81715 2.70992 3.56297 
v 4.81715 2.49716 3.71519 
v 4.81715 2.44261 3.75128 
v 4.81715 2.33195 3.82105 
v 4.81715 2.27587 3.85472 
v 4.81715 2.21931 3.88756 
v 4.81715 1.5071 4.2151 
v 4.81715 1.2583 4.29594 
v 4.81715 0.877317 4.38962 
v 4.81715 0.684112 4.42385 
v 4.81715 0.6194 4.43337 
v 4.81715 0.554555 4.44195 
v 4.81715 0.489593 4.44958 
v 4.81715 0.424525 4.45625 
v 4.81715 -0.0327046 4.47631 
v 4.81715 -0.0981069 4.47535 
v 4.81715 -0.877317 4.38962 
v 4.81715 -0.941363 4.37633 
v 4.81715 -1.00521 4.36211 
v 4.81715 -1.2583 4.29594 
v 4.81715 -1.32094 4.2771 
v 4.81715 -1.44535 4.23667 
v 4.81715 -1.5071 4.2151 
v 4.81715 -1.56853 4.19263 
v 4.81715 -1.69037 4.14501 
v 4.81715 -1.75075 4.11987 
v 4.81715 -2.33195 3.82105 
v 4.81715 -2.38754 3.78657 
v 4.81715 -4.44588 -0.522088 
v 4.81715 -4.43778 -0.586993 
v 4.81715 -4.40779 -0.780902 
v 4.81715 -4.39591 -0.845224 
v 4.81715 -3.01148 -3.31201 
v 4.81715 -2.96277 -3.35566 
v 4.81715 -2.91342 -3.39859 
v 4.81715 -2.70992 -3.56297 
v 4.81715 -2.65757 -3.60219 
v 4.81715 -2.60465 -3.64063 
v 4.81715 -1.98843 -4.01056 
v 4.81715 -1.92961 -4.03919 
v 4.81715 -1.81076 -4.09384 
v 4.81715 -1.44535 -4.23667 
v 4.81715 -1.38329 -4.25734 
v 4.81715 -1.2583 -4.29594 
v 4.81715 -1.06884 -4.34695 
v 4.81715 -1.00521 -4.36211 
v 4.81715 -0.941363 -4.37633 
v 4.81715 -0.877317 -4.38962 
v 4.81715 -0.813085 -4.40197 
v 4.81715 -0.748678 -4.41338 
v 4.81715 -0.6194 -4.43337 
v 4.81715 1.06884 -4.34695 
v 4.81715 1.2583 -4.29594 
v 4.81715 1.81076 -4.09384 
v 4.81715 1.87039 -4.06695 
v 4.81715 1.92961 -4.03919 
v 4.81715 1.98843 -4.01056 
v 4.81715 2.04681 -3.98108 
v 4.81715 2.21931 -3.88756 
v 4.81715 2.27587 -3.85472 
v 4.81715 2.33195 -3.82105 
v 4.81715 2.38754 -3.78657 
v 4.81715 2.60465 -3.64063 
v 4.81715 3.96602 -2.07584 
v 4.81715 4.46449 -0.326758 
v 4.81715 4.47595 -0.0654075 
v 4.81715 4.47643 0 
v 4.81715 4.47595 0.0654075 
v 4.81715 4.47452 0.130801 
v 4.81715 3.37721 2.93817 
v 4.81715 2.91342 3.39859 
v 4.81715 2.65757 3.60219 
v 4.81715 2.60465 3.64063 
v 4.81715 2.55118 3.6783 
v 4.81715 2.38754 3.78657 
v 4.81715 0.0981069 4.47535 
v 4.81715 0.0327046 4.47631 
v 4.81715 -0.489593 4.44958 
v 4.81715 -0.554555 4.44195 
v 4.81715 -0.6194 4.43337 
v 4.81715 -0.684112 4.42385 
v 4.81715 -0.748678 4.41338 
v 4.81715 -0.813085 4.40197 
v 4.81715 -1.38329 4.25734 
v 4.81715 -1.62962 4.16926 
v 4.81715 -2.10476 3.95075 
v 4.81715 -2.16227 3.91957 
v 4.81715 -2.21931 3.88756 
v 4.81715 -2.27587 3.85472 
v 4.81715 -2.44261 3.75128 
v 4.81715 -2.49716 3.71519 
v 4.81715 -2.55118 3.6783 
v 4.81715 -2.60465 3.64063 
v 4.81715 -2.81287 3.48227 
v 4.81715 -3.65957 2.57798 
v 4.81715 -3.69684 2.52424 
v 4.81715 -3.87124 2.24765 
v 4.81715 -3.90367 2.19084 
v 4.81715 -3.96602 2.07584 
v 4.81715 -4.47643 -5.48205e-16 
v 4.81715 -4.47595 -0.0654075 
v 4.81715 -4.35465 -1.03705 
v 4.81715 -4.33903 -1.10057 
v 4.81715 -4.32249 -1.16385 
v 4.81715 -3.65957 -2.57798 
v 4.81715 -1.87039 -4.06695 
v 4.81715 -1.75075 -4.11987 
v 4.81715 -1.69037 -4.14501 
v 4.81715 -1.62962 -4.16926 
v 4.81715 -1.56853 -4.19263 
v 4.81715 -1.32094 -4.2771 
v 4.81715 -0.684112 -4.42385 
v 4.81715 -0.554555 -4.44195 
v 4.81715 -0.489593 -4.44958 
v 4.81715 -0.0981069 -4.47535 
v 4.81715 -0.0327046 -4.47631 
v 4.81715 1.32094 -4.2771 
v 4.81715 1.75075 -4.11987 
v 4.81715 3.28992 -3.0356 
v 4.81715 3.33392 -2.98721 
v 4.81715 3.65957 -2.57798 
v 4.81715 3.69684 -2.52424 
v 4.81715 3.80391 -2.35981 
v 4.81715 3.83798 -2.30397 
v 4.81715 3.87124 -2.24765 
v 4.81715 3.90367 -2.19084 
v 4.81715 3.93526 -2.13357 
v 4.81715 3.99593 -2.01767 
v 4.81715 4.02498 -1.95907 
v 4.81715 4.13255 -1.72061 
v 4.81715 4.15725 -1.66004 
v 4.81715 4.18106 -1.59912 
v 4.81715 4.20398 -1.53786 
v 4.81715 4.226 -1.47627 
v 4.81715 4.24712 -1.41436 
v 4.81715 4.38309 -0.909364 
v 4.81715 4.39591 -0.845224 
v 4.81715 4.41873 -0.716414 
v 4.81715 4.42873 -0.651773 
v 4.81715 4.43778 -0.586993 
v 4.81715 4.45924 -0.391957 
v 4.81715 4.47452 -0.130801 
v 4.81715 0.359367 4.46198 
v 4.81715 0.294132 4.46676 
v 4.81715 0.228835 4.47058 
v 4.81715 0.163488 4.47344 
v 4.81715 -0.359367 4.46198 
v 4.81715 -0.424525 4.45625 
v 4.81715 -1.81076 4.09384 
v 4.81715 -1.87039 4.06695 
v 4.81715 -1.98843 4.01056 
v 4.81715 -2.04681 3.98108 
v 4.81715 -2.76169 3.523 
v 4.81715 -2.91342 3.39859 
v 4.81715 -2.96277 3.35566 
v 4.81715 -3.01148 3.31201 
v 4.81715 -3.05956 3.26765 
v 4.81715 -3.10697 3.2226 
v 4.81715 -3.41978 2.88851 
v 4.81715 -3.46162 2.83824 
v 4.81715 -3.50273 2.78735 
v 4.81715 -3.62151 2.63118 
v 4.81715 -3.80391 2.35981 
v 4.81715 -3.83798 2.30397 
v 4.81715 -3.93526 2.13357 
v 4.81715 -4.38309 -0.909364 
v 4.81715 -4.30502 -1.22688 
v 4.81715 -4.28663 -1.28966 
v 4.81715 -4.26733 -1.35215 
v 4.81715 -4.226 -1.47627 
v 4.81715 -3.69684 -2.52424 
v 4.81715 -3.54308 -2.73588 
v 4.81715 -3.50273 -2.78735 
v 4.81715 -3.46162 -2.83824 
v 4.81715 -1.5071 -4.2151 
v 4.81715 -0.424525 -4.45625 
v 4.81715 -0.163488 -4.47344 
v 4.81715 0.748678 -4.41338 
v 4.81715 0.813085 -4.40197 
v 4.81715 0.877317 -4.38962 
v 4.81715 0.941363 -4.37633 
v 4.81715 1.00521 -4.36211 
v 4.81715 1.38329 -4.25734 
v 4.81715 1.44535 -4.23667 
v 4.81715 1.5071 -4.2151 
v 4.81715 1.69037 -4.14501 
v 4.81715 2.96277 -3.35566 
v 4.81715 3.01148 -3.31201 
v 4.81715 3.05956 -3.26765 
v 4.81715 3.10697 -3.2226 
v 4.81715 3.15373 -3.17686 
v 4.81715 3.19981 -3.13044 
v 4.81715 3.24521 -3.08335 
v 4.81715 3.37721 -2.93817 
v 4.81715 3.62151 -2.63118 
v 4.81715 3.73333 -2.46995 
v 4.81715 3.76902 -2.41514 
v 4.81715 4.05318 -1.90005 
v 4.81715 4.08051 -1.84062 
v 4.81715 4.10696 -1.78081 
v 4.81715 4.26733 -1.35215 
v 4.81715 4.28663 -1.28966 
v 4.81715 4.30502 -1.22688 
v 4.81715 4.33903 -1.10057 
v 4.81715 4.35465 -1.03705 
v 4.81715 4.36934 -0.973311 
v 4.81715 4.40779 -0.780902 
v 4.81715 4.44588 -0.522088 
v 4.81715 4.45303 -0.457071 
v 4.81715 4.46879 -0.26149 
v 4.81715 4.47213 -0.196167 
v 4.81715 -1.92961 4.03919 
v 4.81715 -2.65757 3.60219 
v 4.81715 -2.70992 3.56297 
v 4.81715 -2.86345 3.4408 
v 4.81715 -3.15373 3.17686 
v 4.81715 -3.19981 3.13044 
v 4.81715 -3.54308 2.73588 
v 4.81715 -3.58268 2.68381 
v 4.81715 -3.99593 2.01767 
v 4.81715 -4.02498 1.95907 
v 4.81715 -4.05318 1.90005 
v 4.81715 -4.08051 1.84062 
v 4.81715 -4.10696 1.78081 
v 4.81715 -4.13255 1.72061 
v 4.81715 -4.15725 1.66004 
v 4.81715 -4.18106 1.59912 
v 4.81715 -4.36934 -0.973311 
v 4.81715 -4.24712 -1.41436 
v 4.81715 -4.18106 -1.59912 
v 4.81715 -4.15725 -1.66004 
v 4.81715 -4.13255 -1.72061 
v 4.81715 -3.96602 -2.07584 
v 4.81715 -3.93526 -2.13357 
v 4.81715 -3.73333 -2.46995 
v 4.81715 -3.62151 -2.63118 
v 4.81715 -3.58268 -2.68381 
v 4.81715 -0.359367 -4.46198 
v 4.81715 -0.294132 -4.46676 
v 4.81715 -0.228835 -4.47058 
v 4.81715 0.163488 -4.47344 
v 4.81715 0.228835 -4.47058 
v 4.81715 0.294132 -4.46676 
v 4.81715 0.489593 -4.44958 
v 4.81715 0.554555 -4.44195 
v 4.81715 0.6194 -4.43337 
v 4.81715 0.684112 -4.42385 
v 4.81715 1.56853 -4.19263 
v 4.81715 1.62962 -4.16926 
v 4.81715 3.41978 -2.88851 
v 4.81715 4.32249 -1.16385 
v 4.81715 -3.24521 3.08335 
v 4.81715 -3.28992 3.0356 
v 4.81715 -3.33392 2.98721 
v 4.81715 -3.73333 2.46995 
v 4.81715 -3.76902 2.41514 
v 4.81715 -4.20398 -1.53786 
v 4.81715 -4.10696 -1.78081 
v 4.81715 -4.08051 -1.84062 
v 4.81715 -4.05318 -1.90005 
v 4.81715 -4.02498 -1.95907 
v 4.81715 -3.99593 -2.01767 
v 4.81715 -3.90367 -2.19084 
v 4.81715 0.0327046 -4.47631 
v 4.81715 0.0981069 -4.47535 
v 4.81715 3.46162 -2.83824 
v 4.81715 3.50273 -2.78735 
v 4.81715 3.54308 -2.73588 
v 4.81715 3.58268 -2.68381 
v 4.81715 -3.37721 2.93817 
v 4.81715 -3.87124 -2.24765 
v 4.81715 -3.83798 -2.30397 
v 4.81715 -3.80391 -2.35981 
v 4.81715 0.359367 -4.46198 
v 4.81715 0.424525 -4.45625 
v 4.81715 -3.76902 -2.41514 
v 0.817147 4.47643 -5.48205e-16 
v 0.817147 4.47595 -0.0654075 
v 0.817147 4.47452 -0.130801 
v 0.817147 4.47213 -0.196167 
v 0.817147 4.46879 -0.26149 
v 0.817147 4.46449 -0.326758 
v 0.817147 4.45924 -0.391957 
v 0.817147 4.45303 -0.457071 
v 0.817147 4.44588 -0.522088 
v 0.817147 4.43778 -0.586993 
v 0.817147 4.42873 -0.651773 
v 0.817147 4.41873 -0.716414 
v 0.817147 4.40779 -0.780902 
v 0.817147 4.39591 -0.845224 
v 0.817147 4.38309 -0.909364 
v 0.817147 4.36934 -0.973311 
v 0.817147 4.35465 -1.03705 
v 0.817147 4.33903 -1.10057 
v 0.817147 4.32249 -1.16385 
v 0.817147 4.30502 -1.22688 
v 0.817147 4.28663 -1.28966 
v 0.817147 4.26733 -1.35215 
v 0.817147 4.24712 -1.41436 
v 0.817147 4.226 -1.47627 
v 0.817147 4.20398 -1.53786 
v 0.817147 4.18106 -1.59912 
v 0.817147 4.15725 -1.66004 
v 0.817147 4.13255 -1.72061 
v 0.817147 4.10696 -1.78081 
v 0.817147 4.08051 -1.84062 
v 0.817147 4.05318 -1.90005 
v 0.817147 4.02498 -1.95907 
v 0.817147 3.99593 -2.01767 
v 0.817147 3.96602 -2.07584 
v 0.817147 3.93526 -2.13357 
v 0.817147 3.90367 -2.19084 
v 0.817147 3.87124 -2.24765 
v 0.817147 3.83798 -2.30397 
v 0.817147 3.80391 -2.35981 
v 0.817147 3.76902 -2.41514 
v 0.817147 3.73333 -2.46995 
v 0.817147 3.69684 -2.52424 
v 0.817147 3.65957 -2.57798 
v 0.817147 3.62151 -2.63118 
v 0.817147 3.58268 -2.68381 
v 0.817147 3.54308 -2.73588 
v 0.817147 3.50273 -2.78735 
v 0.817147 3.46162 -2.83824 
v 0.817147 3.41978 -2.88851 
v 0.817147 3.37721 -2.93817 
v 0.817147 3.33392 -2.98721 
v 0.817147 3.28992 -3.0356 
v 0.817147 3.24521 -3.08335 
v 0.817147 3.19981 -3.13044 
v 0.817147 3.15373 -3.17686 
v 0.817147 3.10697 -3.2226 
v 0.817147 3.05956 -3.26765 
v 0.817147 3.01148 -3.31201 
v 0.817147 2.96277 -3.35566 
v 0.817147 2.91342 -3.39859 
v 0.817147 2.86345 -3.4408 
v 0.817147 2.81287 -3.48227 
v 0.817147 2.76169 -3.523 
v 0.817147 2.70992 -3.56297 
v 0.817147 2.65757 -3.60219 
v 0.817147 2.60465 -3.64063 
v 0.817147 2.55118 -3.6783 
v 0.817147 2.49716 -3.71519 
v 0.817147 2.44261 -3.75128 
v 0.817147 2.38754 -3.78657 
v 0.817147 2.33195 -3.82105 
v 0.817147 2.27587 -3.85472 
v 0.817147 2.21931 -3.88756 
v 0.817147 2.16227 -3.91957 
v 0.817147 2.10476 -3.95075 
v 0.817147 2.04681 -3.98108 
v 0.817147 1.98843 -4.01056 
v 0.817147 1.92961 -4.03919 
v 0.817147 1.87039 -4.06695 
v 0.817147 1.81076 -4.09384 
v 0.817147 1.75075 -4.11987 
v 0.817147 1.69037 -4.14501 
v 0.817147 1.62962 -4.16926 
v 0.817147 1.56853 -4.19263 
v 0.817147 1.5071 -4.2151 
v 0.817147 1.44535 -4.23667 
v 0.817147 1.38329 -4.25734 
v 0.817147 1.32094 -4.2771 
v 0.817147 1.2583 -4.29594 
v 0.817147 1.1954 -4.31387 
v 0.817147 1.13224 -4.33087 
v 0.817147 1.06884 -4.34695 
v 0.817147 1.00521 -4.36211 
v 0.817147 0.941363 -4.37633 
v 0.817147 0.877317 -4.38962 
v 0.817147 0.813085 -4.40197 
v 0.817147 0.748678 -4.41338 
v 0.817147 0.684112 -4.42385 
v 0.817147 0.6194 -4.43337 
v 0.817147 0.554555 -4.44195 
v 0.817147 0.489593 -4.44958 
v 0.817147 0.424525 -4.45625 
v 0.817147 0.359367 -4.46198 
v 0.817147 0.294132 -4.46676 
v 0.817147 0.228835 -4.47058 
v 0.817147 0.163488 -4.47344 
v 0.817147 0.0981069 -4.47535 
v 0.817147 0.0327046 -4.47631 
v 0.817147 -0.0327046 -4.47631 
v 0.817147 -0.0981069 -4.47535 
v 0.817147 -0.163488 -4.47344 
v 0.817147 -0.228835 -4.47058 
v 0.817147 -0.294132 -4.46676 
v 0.817147 -0.359367 -4.46198 
v 0.817147 -0.424525 -4.45625 
v 0.817147 -0.489593 -4.44958 
v 0.817147 -0.554555 -4.44195 
v 0.817147 -0.6194 -4.43337 
v 0.817147 -0.684112 -4.42385 
v 0.817147 -0.748678 -4.41338 
v 0.817147 -0.813085 -4.40197 
v 0.817147 -0.877317 -4.38962 
v 0.817147 -0.941363 -4.37633 
v 0.817147 -1.00521 -4.36211 
v 0.817147 -1.06884 -4.34695 
v 0.817147 -1.13224 -4.33087 
v 0.817147 -1.1954 -4.31387 
v 0.817147 -1.2583 -4.29594 
v 0.817147 -1.32094 -4.2771 
v 0.817147 -1.38329 -4.25734 
v 0.817147 -1.44535 -4.23667 
v 0.817147 -1.5071 -4.2151 
v 0.817147 -1.56853 -4.19263 
v 0.817147 -1.62962 -4.16926 
v 0.817147 -1.69037 -4.14501 
v 0.817147 -1.75075 -4.11987 
v 0.817147 -1.81076 -4.09384 
v 0.817147 -1.87039 -4.06695 
v 0.817147 -1.92961 -4.03919 
v 0.817147 -1.98843 -4.01056 
v 0.817147 -2.04681 -3.98108 
v 0.817147 -2.10476 -3.95075 
v 0.817147 -2.16227 -3.91957 
v 0.817147 -2.21931 -3.88756 
v 0.817147 -2.27587 -3.85472 
v 0.817147 -2.33195 -3.82105 
v 0.817147 -2.38754 -3.78657 
v 0.817147 -2.44261 -3.75128 
v 0.817147 -2.49716 -3.71519 
v 0.817147 -2.55118 -3.6783 
v 0.817147 -2.60465 -3.64063 
v 0.817147 -2.65757 -3.60219 
v 0.817147 -2.70992 -3.56297 
v 0.817147 -2.76169 -3.523 
v 0.817147 -2.81287 -3.48227 
v 0.817147 -2.86345 -3.4408 
v 0.817147 -2.91342 -3.39859 
v 0.817147 -2.96277 -3.35566 
v 0.817147 -3.01148 -3.31201 
v 0.817147 -3.05956 -3.26765 
v 0.817147 -3.10697 -3.2226 
v 0.817147 -3.15373 -3.17686 
v 0.817147 -3.19981 -3.13044 
v 0.817147 -3.24521 -3.08335 
v 0.817147 -3.28992 -3.0356 
v 0.817147 -3.33392 -2.98721 
v 0.817147 -3.37721 -2.93817 
v 0.817147 -3.41978 -2.88851 
v 0.817147 -3.46162 -2.83824 
v 0.817147 -3.50273 -2.78735 
v 0.817147 -3.54308 -2.73588 
v 0.817147 -3.58268 -2.68381 
v 0.817147 -3.62151 -2.63118 
v 0.817147 -3.65957 -2.57798 
v 0.817147 -3.69684 -2.52424 
v 0.817147 -3.73333 -2.46995 
v 0.817147 -3.76902 -2.41514 
v 0.817147 -3.80391 -2.35981 
v 0.817147 -3.83798 -2.30397 
v 0.817147 -3.87124 -2.24765 
v 0.817147 -3.90367 -2.19084 
v 0.817147 -3.93526 -2.13357 
v 0.817147 -3.96602 -2.07584 
v 0.817147 -3.99593 -2.01767 
v 0.817147 -4.02498 -1.95907 
v 0.817147 -4.05318 -1.90005 
v 0.817147 -4.08051 -1.84062 
v 0.817147 -4.10696 -1.78081 
v 0.817147 -4.13255 -1.72061 
v 0.817147 -4.15725 -1.66004 
v 0.817147 -4.18106 -1.59912 
v 0.817147 -4.20398 -1.53786 
v 0.817147 -4.226 -1.47627 
v 0.817147 -4.24712 -1.41436 
v 0.817147 -4.26733 -1.35215 
v 0.817147 -4.28663 -1.28966 
v 0.817147 -4.30502 -1.22688 
v 0.817147 -4.32249 -1.16385 
v 0.817147 -4.33903 -1.10057 
v 0.817147 -4.35465 -1.03705 
v 0.817147 -4.36934 -0.973311 
v 0.817147 -4.38309 -0.909364 
v 0.817147 -4.39591 -0.845224 
v 0.817147 -4.40779 -0.780902 
v 0.817147 -4.41873 -0.716414 
v 0.817147 -4.42873 -0.651773 
v 0.817147 -4.43778 -0.586993 
v 0.817147 -4.44588 -0.522088 
v 0.817147 -4.45303 -0.457071 
v 0.817147 -4.45924 -0.391957 
v 0.817147 -4.46449 -0.326758 
v 0.817147 -4.46879 -0.26149 
v 0.817147 -4.47213 -0.196167 
v 0.817147 -4.47452 -0.130801 
v 0.817147 -4.47595 -0.0654075 
v 0.817147 -4.47643 -6.75587e-16 
v 0.817147 -4.47595 0.0654075 
v 0.817147 -4.47452 0.130801 
v 0.817147 -4.47213 0.196167 
v 0.817147 -4.46879 0.26149 
v 0.817147 -4.46449 0.326758 
v 0.817147 -4.45924 0.391957 
v 0.817147 -4.45303 0.457071 
v 0.817147 -4.44588 0.522088 
v 0.817147 -4.43778 0.586993 
v 0.817147 -4.42873 0.651773 
v 0.817147 -4.41873 0.716414 
v 0.817147 -4.40779 0.780902 
v 0.817147 -4.39591 0.845224 
v 0.817147 -4.38309 0.909364 
v 0.817147 -4.36934 0.973311 
v 0.817147 -4.35465 1.03705 
v 0.817147 -4.33903 1.10057 
v 0.817147 -4.32249 1.16385 
v 0.817147 -4.30502 1.22688 
v 0.817147 -4.28663 1.28966 
v 0.817147 -4.26733 1.35215 
v 0.817147 -4.24712 1.41436 
v 0.817147 -4.226 1.47627 
v 0.817147 -4.20398 1.53786 
v 0.817147 -4.18106 1.59912 
v 0.817147 -4.15725 1.66004 
v 0.817147 -4.13255 1.72061 
v 0.817147 -4.10696 1.78081 
v 0.817147 -4.08051 1.84062 
v 0.817147 -4.05318 1.90005 
v 0.817147 -4.02498 1.95907 
v 0.817147 -3.99593 2.01767 
v 0.817147 -3.96602 2.07584 
v 0.817147 -3.93526 2.13357 
v 0.817147 -3.90367 2.19084 
v 0.817147 -3.87124 2.24765 
v 0.817147 -3.83798 2.30397 
v 0.817147 -3.80391 2.35981 
v 0.817147 -3.76902 2.41514 
v 0.817147 -3.73333 2.46995 
v 0.817147 -3.69684 2.52424 
v 0.817147 -3.65957 2.57798 
v 0.817147 -3.62151 2.63118 
v 0.817147 -3.58268 2.68381 
v 0.817147 -3.54308 2.73588 
v 0.817147 -3.50273 2.78735 
v 0.817147 -3.46162 2.83824 
v 0.817147 -3.41978 2.88851 
v 0.817147 -3.37721 2.93817 
v 0.817147 -3.33392 2.98721 
v 0.817147 -3.28992 3.0356 
v 0.817147 -3.24521 3.08335 
v 0.817147 -3.19981 3.13044 
v 0.817147 -3.15373 3.17686 
v 0.817147 -3.10697 3.2226 
v 0.817147 -3.05956 3.26765 
v 0.817147 -3.01148 3.31201 
v 0.817147 -2.96277 3.35566 
v 0.817147 -2.91342 3.39859 
v 0.817147 -2.86345 3.4408 
v 0.817147 -2.81287 3.48227 
v 0.817147 -2.76169 3.523 
v 0.817147 -2.70992 3.56297 
v 0.817147 -2.65757 3.60219 
v 0.817147 -2.60465 3.64063 
v 0.817147 -2.55118 3.6783 
v 0.817147 -2.49716 3.71519 
v 0.817147 -2.44261 3.75128 
v 0.817147 -2.38754 3.78657 
v 0.817147 -2.33195 3.82105 
v 0.817147 -2.27587 3.85472 
v 0.817147 -2.21931 3.88756 
v 0.817147 -2.16227 3.91957 
v 0.817147 -2.10476 3.95075 
v 0.817147 -2.04681 3.98108 
v 0.817147 -1.98843 4.01056 
v 0.817147 -1.92961 4.03919 
v 0.817147 -1.87039 4.06695 
v 0.817147 -1.81076 4.09384 
v 0.817147 -1.75075 4.11987 
v 0.817147 -1.69037 4.14501 
v 0.817147 -1.62962 4.16926 
v 0.817147 -1.56853 4.19263 
v 0.817147 -1.5071 4.2151 
v 0.817147 -1.44535 4.23667 
v 0.817147 -1.38329 4.25734 
v 0.817147 -1.32094 4.2771 
v 0.817147 -1.2583 4.29594 
v 0.817147 -1.1954 4.31387 
v 0.817147 -1.13224 4.33087 
v 0.817147 -1.06884 4.34695 
v 0.817147 -1.00521 4.36211 
v 0.817147 -0.941363 4.37633 
v 0.817147 -0.877317 4.38962 
v 0.817147 -0.813085 4.40197 
v 0.817147 -0.748678 4.41338 
v 0.817147 -0.684112 4.42385 
v 0.817147 -0.6194 4.43337 
v 0.817147 -0.554555 4.44195 
v 0.817147 -0.489593 4.44958 
v 0.817147 -0.424525 4.45625 
v 0.817147 -0.359367 4.46198 
v 0.817147 -0.294132 4.46676 
v 0.817147 -0.228835 4.47058 
v 0.817147 -0.163488 4.47344 
v 0.817147 -0.0981069 4.47535 
v 0.817147 -0.0327046 4.47631 
v 0.817147 0.0327046 4.47631 
v 0.817147 0.0981069 4.47535 
v 0.817147 0.163488 4.47344 
v 0.817147 0.228835 4.47058 
v 0.817147 0.294132 4.46676 
v 0.817147 0.359367 4.46198 
v 0.817147 0.424525 4.45625 
v 0.817147 0.489593 4.44958 
v 0.817147 0.554555 4.44195 
v 0.817147 0.6194 4.43337 
v 0.817147 0.684112 4.42385 
v 0.817147 0.748678 4.41338 
v 0.817147 0.813085 4.40197 
v 0.817147 0.877317 4.38962 
v 0.817147 0.941363 4.37633 
v 0.817147 1.00521 4.36211 
v 0.817147 1.06884 4.34695 
v 0.817147 1.13224 4.33087 
v 0.817147 1.1954 4.31387 
v 0.817147 1.2583 4.29594 
v 0.817147 1.32094 4.2771 
v 0.817147 1.38329 4.25734 
v 0.817147 1.44535 4.23667 
v 0.817147 1.5071 4.2151 
v 0.817147 1.56853 4.19263 
v 0.817147 1.62962 4.16926 
v 0.817147 1.69037 4.14501 
v 0.817147 1.75075 4.11987 
v 0.817147 1.81076 4.09384 
v 0.817147 1.87039 4.06695 
v 0.817147 1.92961 4.03919 
v 0.817147 1.98843 4.01056 
v 0.817147 2.04681 3.98108 
v 0.817147 2.10476 3.95075 
v 0.817147 2.16227 3.91957 
v 0.817147 2.21931 3.88756 
v 0.817147 2.27587 3.85472 
v 0.817147 2.33195 3.82105 
v 0.817147 2.38754 3.78657 
v 0.817147 2.44261 3.75128 
v 0.817147 2.49716 3.71519 
v 0.817147 2.55118 3.6783 
v 0.817147 2.60465 3.64063 
v 0.817147 2.65757 3.60219 
v 0.817147 2.70992 3.56297 
v 0.817147 2.76169 3.523 
v 0.817147 2.81287 3.48227 
v 0.817147 2.86345 3.4408 
v 0.817147 2.91342 3.39859 
v 0.817147 2.96277 3.35566 
v 0.817147 3.01148 3.31201 
v 0.817147 3.05956 3.26765 
v 0.817147 3.10697 3.2226 
v 0.817147 3.15373 3.17686 
v 0.817147 3.19981 3.13044 
v 0.817147 3.24521 3.08335 
v 0.817147 3.28992 3.0356 
v 0.817147 3.33392 2.98721 
v 0.817147 3.37721 2.93817 
v 0.817147 3.41978 2.88851 
v 0.817147 3.46162 2.83824 
v 0.817147 3.50273 2.78735 
v 0.817147 3.54308 2.73588 
v 0.817147 3.58268 2.68381 
v 0.817147 3.62151 2.63118 
v 0.817147 3.65957 2.57798 
v 0.817147 3.69684 2.52424 
v 0.817147 3.73333 2.46995 
v 0.817147 3.76902 2.41514 
v 0.817147 3.80391 2.35981 
v 0.817147 3.83798 2.30397 
v 0.817147 3.87124 2.24765 
v 0.817147 3.90367 2.19084 
v 0.817147 3.93526 2.13357 
v 0.817147 3.96602 2.07584 
v 0.817147 3.99593 2.01767 
v 0.817147 4.02498 1.95907 
v 0.817147 4.05318 1.90005 
v 0.817147 4.08051 1.84062 
v 0.817147 4.10696 1.78081 
v 0.817147 4.13255 1.72061 
v 0.817147 4.15725 1.66004 
v 0.817147 4.18106 1.59912 
v 0.817147 4.20398 1.53786 
v 0.817147 4.226 1.47627 
v 0.817147 4.24712 1.41436 
v 0.817147 4.26733 1.35215 
v 0.817147 4.28663 1.28966 
v 0.817147 4.30502 1.22688 
v 0.817147 4.32249 1.16385 
v 0.817147 4.33903 1.10057 
v 0.817147 4.35465 1.03705 
v 0.817147 4.36934 0.973311 
v 0.817147 4.38309 0.909364 
v 0.817147 4.39591 0.845224 
v 0.817147 4.40779 0.780902 
v 0.817147 4.41873 0.716414 
v 0.817147 4.42873 0.651773 
v 0.817147 4.43778 0.586993 
v 0.817147 4.44588 0.522088 
v 0.817147 4.45303 0.457071 
v 0.817147 4.45924 0.391957 
v 0.817147 4.46449 0.326758 
v 0.817147 4.46879 0.26149 
v 0.817147 4.47213 0.196167 
v 0.817147 4.47452 0.130801 
v 0.817147 4.47595 0.0654075 
v -1.77636e-15 -3.89988 0 
v -1.68116e-15 -3.89988 -0.0305538 
v -1.77636e-15 -3.89947 -0.0569832 
v -1.68116e-15 -3.89892 -0.091654 
v -1.77636e-15 -3.89822 -0.113954 
v -1.68116e-15 -3.89701 -0.152732 
v -1.77636e-15 -3.89615 -0.170902 
v -1.68116e-15 -3.89414 -0.213772 
v -1.77636e-15 -3.89326 -0.227813 
v -1.68116e-15 -3.89031 -0.274759 
v -1.77636e-15 -3.88953 -0.284677 
v -1.68116e-15 -3.88553 -0.33568 
v -1.77636e-15 -3.88498 -0.34148 
v -1.68116e-15 -3.87979 -0.396518 
v -1.77636e-15 -3.8796 -0.398213 
v -1.77636e-15 -3.87337 -0.454857 
v -1.68116e-15 -3.8731 -0.457258 
v -1.68116e-15 -3.86546 -0.517886 
v -1.77636e-15 -3.86628 -0.5114 
v -1.68116e-15 -3.85687 -0.578387 
v -1.77636e-15 -3.85837 -0.567835 
v -1.68116e-15 -3.84734 -0.638746 
v -1.77636e-15 -3.84964 -0.624148 
v -1.68116e-15 -3.83686 -0.698949 
v -1.77636e-15 -3.8401 -0.680328 
v -1.68116e-15 -3.82543 -0.758979 
v -1.77636e-15 -3.82974 -0.736363 
v -1.68116e-15 -3.81307 -0.818824 
v -1.77636e-15 -3.81856 -0.792242 
v -1.77636e-15 -3.80658 -0.847952 
v -1.68116e-15 -3.79978 -0.878467 
v -1.77636e-15 -3.79379 -0.903482 
v -1.68116e-15 -3.78555 -0.937894 
v -1.77636e-15 -3.78019 -0.95882 
v -1.68116e-15 -3.77039 -0.997092 
v -1.77636e-15 -3.76578 -1.01395 
v -1.68116e-15 -3.7543 -1.05604 
v -1.77636e-15 -3.75058 -1.06887 
v -1.68116e-15 -3.73729 -1.11474 
v -1.77636e-15 -3.73458 -1.12357 
v -1.68116e-15 -3.71937 -1.17316 
v -1.77636e-15 -3.71779 -1.17802 
v -1.68116e-15 -3.70053 -1.23129 
v -1.77636e-15 -3.70021 -1.23223 
v -1.77636e-15 -3.68179 -1.28616 
v -1.68116e-15 -3.68078 -1.28912 
v -1.68116e-15 -3.66013 -1.34663 
v -1.77636e-15 -3.66258 -1.33981 
v -1.68116e-15 -3.63859 -1.40381 
v -1.77636e-15 -3.64259 -1.39317 
v -1.68116e-15 -3.61614 -1.46065 
v -1.77636e-15 -3.62183 -1.44624 
v -1.68116e-15 -3.59281 -1.51713 
v -1.77636e-15 -3.6003 -1.499 
v -1.68116e-15 -3.5686 -1.57324 
v -1.77636e-15 -3.57801 -1.55145 
v -1.68116e-15 -3.54352 -1.62896 
v -1.77636e-15 -3.55495 -1.60356 
v -1.77636e-15 -3.53114 -1.65533 
v -1.68116e-15 -3.51756 -1.68428 
v -1.77636e-15 -3.50658 -1.70675 
v -1.68116e-15 -3.49074 -1.73918 
v -1.77636e-15 -3.48127 -1.75781 
v -1.68116e-15 -3.46306 -1.79366 
v -1.77636e-15 -3.45523 -1.80849 
v -1.68116e-15 -3.43453 -1.8477 
v -1.77636e-15 -3.42845 -1.85879 
v -1.68116e-15 -3.40516 -1.90129 
v -1.77636e-15 -3.40094 -1.9087 
v -1.68116e-15 -3.37495 -1.95441 
v -1.77636e-15 -3.37271 -1.9582 
v -1.68116e-15 -3.34391 -2.00705 
v -1.77636e-15 -3.34377 -2.00729 
v -1.77636e-15 -3.31406 -2.05592 
v -1.68116e-15 -3.31206 -2.05919 
v -1.68116e-15 -3.27939 -2.11084 
v -1.77636e-15 -3.28364 -2.10411 
v -1.68116e-15 -3.24591 -2.16196 
v -1.77636e-15 -3.25253 -2.15185 
v -1.68116e-15 -3.21164 -2.21255 
v -1.77636e-15 -3.22072 -2.19914 
v -1.68116e-15 -3.17658 -2.2626 
v -1.77636e-15 -3.18824 -2.24595 
v -1.68116e-15 -3.14074 -2.31209 
v -1.77636e-15 -3.15507 -2.2923 
v -1.77636e-15 -3.12124 -2.33815 
v -1.68116e-15 -3.10413 -2.36102 
v -1.77636e-15 -3.08674 -2.3835 
v -1.68116e-15 -3.06675 -2.40936 
v -1.77636e-15 -3.05159 -2.42835 
v -1.68116e-15 -3.02862 -2.45712 
v -1.77636e-15 -3.01579 -2.47269 
v -1.68116e-15 -2.98975 -2.50427 
v -1.77636e-15 -2.97935 -2.5165 
v -1.68116e-15 -2.95015 -2.55081 
v -1.77636e-15 -2.94227 -2.55978 
v -1.68116e-15 -2.90982 -2.59672 
v -1.77636e-15 -2.90457 -2.60251 
v -1.68116e-15 -2.86878 -2.64199 
v -1.77636e-15 -2.86625 -2.64469 
v -1.77636e-15 -2.82732 -2.6863 
v -1.68116e-15 -2.82703 -2.68661 
v -1.77636e-15 -2.78775 -2.72731 
v -1.68116e-15 -2.78459 -2.73058 
v -1.68116e-15 -2.74147 -2.77387 
v -1.77636e-15 -2.74758 -2.76773 
v -1.68116e-15 -2.69767 -2.81649 
v -1.77636e-15 -2.70683 -2.80757 
v -1.68116e-15 -2.65321 -2.85841 
v -1.77636e-15 -2.66551 -2.84681 
v -1.68116e-15 -2.6081 -2.89963 
v -1.77636e-15 -2.62362 -2.88544 
v -1.68116e-15 -2.56234 -2.94014 
v -1.77636e-15 -2.58118 -2.92346 
v -1.77636e-15 -2.53818 -2.96086 
v -1.68116e-15 -2.51596 -2.97992 
v -1.77636e-15 -2.49465 -2.99763 
v -1.68116e-15 -2.46896 -3.01898 
v -1.77636e-15 -2.45059 -3.03377 
v -1.68116e-15 -2.42136 -3.05729 
v -1.77636e-15 -2.406 -3.06926 
v -1.68116e-15 -2.37316 -3.09485 
v -1.77636e-15 -2.36091 -3.1041 
v -1.68116e-15 -2.32438 -3.13166 
v -1.77636e-15 -2.31531 -3.13828 
v -1.68116e-15 -2.27502 -3.16769 
v -1.77636e-15 -2.26922 -3.17179 
v -1.68116e-15 -2.22511 -3.20295 
v -1.77636e-15 -2.22265 -3.20463 
v -1.77636e-15 -2.1756 -3.23678 
v -1.68116e-15 -2.17466 -3.23742 
v -1.68116e-15 -2.12367 -3.27109 
v -1.77636e-15 -2.12805 -3.26819 
v -1.68116e-15 -2.07215 -3.30396 
v -1.77636e-15 -2.08006 -3.29892 
v -1.68116e-15 -2.02013 -3.33603 
v -1.77636e-15 -2.03162 -3.32894 
v -1.68116e-15 -1.96761 -3.36727 
v -1.77636e-15 -1.98276 -3.35826 
v -1.68116e-15 -1.91461 -3.39768 
v -1.77636e-15 -1.93347 -3.38686 
v -1.68116e-15 -1.86114 -3.42727 
v -1.77636e-15 -1.88377 -3.41474 
v -1.77636e-15 -1.83368 -3.4419 
v -1.68116e-15 -1.80722 -3.45601 
v -1.77636e-15 -1.78319 -3.46833 
v -1.68116e-15 -1.75284 -3.4839 
v -1.77636e-15 -1.73233 -3.49402 
v -1.68116e-15 -1.69804 -3.51093 
v -1.77636e-15 -1.68109 -3.51897 
v -1.68116e-15 -1.64282 -3.53711 
v -1.77636e-15 -1.6295 -3.54317 
v -1.68116e-15 -1.5872 -3.56241 
v -1.77636e-15 -1.57756 -3.56662 
v -1.68116e-15 -1.53119 -3.58684 
v -1.77636e-15 -1.52529 -3.58931 
v -1.68116e-15 -1.4748 -3.61039 
v -1.77636e-15 -1.47269 -3.61124 
v -1.77636e-15 -1.41977 -3.63237 
v -1.68116e-15 -1.41806 -3.63306 
v -1.68116e-15 -1.36096 -3.65483 
v -1.77636e-15 -1.36654 -3.6527 
v -1.68116e-15 -1.30353 -3.67571 
v -1.77636e-15 -1.31301 -3.67226 
v -1.68116e-15 -1.24578 -3.69568 
v -1.77636e-15 -1.25921 -3.69103 
v -1.68116e-15 -1.18772 -3.71474 
v -1.77636e-15 -1.20513 -3.70902 
v -1.68116e-15 -1.12937 -3.7329 
v -1.77636e-15 -1.15081 -3.72623 
v -1.68116e-15 -1.07074 -3.75013 
v -1.77636e-15 -1.09624 -3.74264 
v -1.77636e-15 -1.04143 -3.75825 
v -1.68116e-15 -1.01185 -3.76645 
v -1.77636e-15 -0.986411 -3.77307 
v -1.68116e-15 -0.952716 -3.78184 
v -1.77636e-15 -0.931177 -3.78709 
v -1.68116e-15 -0.893345 -3.79631 
v -1.77636e-15 -0.875745 -3.8003 
v -1.68116e-15 -0.833754 -3.80984 
v -1.77636e-15 -0.820126 -3.81271 
v -1.68116e-15 -0.773958 -3.82243 
v -1.77636e-15 -0.764333 -3.8243 
v -1.68116e-15 -0.713973 -3.83409 
v -1.77636e-15 -0.708377 -3.83509 
v -1.68116e-15 -0.653812 -3.84481 
v -1.77636e-15 -0.652269 -3.84506 
v -1.77636e-15 -0.596016 -3.85417 
v -1.68116e-15 -0.593491 -3.85458 
v -1.68116e-15 -0.533024 -3.8634 
v -1.77636e-15 -0.539633 -3.86244 
v -1.68116e-15 -0.472426 -3.87128 
v -1.77636e-15 -0.483136 -3.86989 
v -1.68116e-15 -0.411712 -3.87821 
v -1.77636e-15 -0.426538 -3.87652 
v -1.68116e-15 -0.350897 -3.88418 
v -1.77636e-15 -0.369849 -3.88232 
v -1.68116e-15 -0.289996 -3.8892 
v -1.77636e-15 -0.313082 -3.8873 
v -1.68116e-15 -0.229024 -3.89327 
v -1.77636e-15 -0.256249 -3.89145 
v -1.77636e-15 -0.199362 -3.89478 
v -1.68116e-15 -0.167996 -3.89638 
v -1.77636e-15 -0.142432 -3.89728 
v -1.68116e-15 -0.106926 -3.89853 
v -1.77636e-15 -0.0854716 -3.89895 
v -1.68116e-15 -0.0458302 -3.89973 
v -1.77636e-15 -0.0284929 -3.8998 
v -1.68116e-15 0.015277 -3.89997 
v -1.77636e-15 0.0284923 -3.89981 
v -1.68116e-15 0.0763805 -3.89925 
v -1.77636e-15 0.085472 -3.899 
v -1.68116e-15 0.137465 -3.89758 
v -1.77636e-15 0.142434 -3.89736 
v -1.68116e-15 0.198516 -3.89494 
v -1.77636e-15 0.199367 -3.89489 
v -1.77636e-15 0.256255 -3.89155 
v -1.68116e-15 0.259518 -3.89136 
v -1.68116e-15 0.320457 -3.88681 
v -1.77636e-15 0.313088 -3.88736 
v -1.68116e-15 0.381317 -3.88131 
v -1.77636e-15 0.369852 -3.88235 
v -1.68116e-15 0.442083 -3.87486 
v -1.77636e-15 0.426538 -3.87651 
v -1.68116e-15 0.50274 -3.86746 
v -1.77636e-15 0.483133 -3.86985 
v -1.68116e-15 0.563275 -3.85911 
v -1.77636e-15 0.539624 -3.86237 
v -1.68116e-15 0.623671 -3.84981 
v -1.77636e-15 0.596001 -3.85407 
v -1.77636e-15 0.652251 -3.84495 
v -1.68116e-15 0.683914 -3.83957 
v -1.77636e-15 0.708363 -3.83501 
v -1.68116e-15 0.743988 -3.82838 
v -1.77636e-15 0.764324 -3.82426 
v -1.68116e-15 0.803881 -3.81625 
v -1.77636e-15 0.820123 -3.8127 
v -1.68116e-15 0.863576 -3.80319 
v -1.77636e-15 0.875749 -3.80032 
v -1.68116e-15 0.923059 -3.78919 
v -1.77636e-15 0.931189 -3.78714 
v -1.68116e-15 0.982315 -3.77426 
v -1.77636e-15 0.986432 -3.77316 
v -1.68116e-15 1.04133 -3.75841 
v -1.77636e-15 1.04147 -3.75837 
v -1.77636e-15 1.09626 -3.74272 
v -1.68116e-15 1.10009 -3.74163 
v -1.68116e-15 1.15858 -3.72394 
v -1.77636e-15 1.15083 -3.72628 
v -1.68116e-15 1.21678 -3.70533 
v -1.77636e-15 1.20514 -3.70905 
v -1.68116e-15 1.27469 -3.68581 
v -1.77636e-15 1.2592 -3.69103 
v -1.68116e-15 1.33228 -3.66538 
v -1.77636e-15 1.313 -3.67222 
v -1.68116e-15 1.38955 -3.64406 
v -1.77636e-15 1.36651 -3.65264 
v -1.77636e-15 1.41973 -3.63228 
v -1.68116e-15 1.44647 -3.62184 
v -1.77636e-15 1.47265 -3.61114 
v -1.68116e-15 1.50304 -3.59873 
v -1.77636e-15 1.52526 -3.58924 
v -1.68116e-15 1.55925 -3.57474 
v -1.77636e-15 1.57755 -3.56658 
v -1.68116e-15 1.61506 -3.54987 
v -1.77636e-15 1.6295 -3.54316 
v -1.68116e-15 1.67049 -3.52413 
v -1.77636e-15 1.6811 -3.51899 
v -1.68116e-15 1.7255 -3.49752 
v -1.77636e-15 1.73235 -3.49407 
v -1.68116e-15 1.78008 -3.47006 
v -1.77636e-15 1.78323 -3.46841 
v -1.77636e-15 1.83373 -3.442 
v -1.68116e-15 1.83424 -3.44174 
v -1.77636e-15 1.88381 -3.41482 
v -1.68116e-15 1.88794 -3.41258 
v -1.68116e-15 1.94117 -3.38258 
v -1.77636e-15 1.9335 -3.38691 
v -1.68116e-15 1.99393 -3.35175 
v -1.77636e-15 1.98277 -3.35827 
v -1.68116e-15 2.0462 -3.3201 
v -1.77636e-15 2.03162 -3.32893 
v -1.68116e-15 2.09797 -3.28763 
v -1.77636e-15 2.08003 -3.29888 
v -1.68116e-15 2.14923 -3.25435 
v -1.77636e-15 2.12801 -3.26813 
v -1.77636e-15 2.17553 -3.23668 
v -1.68116e-15 2.19995 -3.22028 
v -1.77636e-15 2.22259 -3.20455 
v -1.68116e-15 2.25014 -3.18542 
v -1.77636e-15 2.26918 -3.17174 
v -1.68116e-15 2.29977 -3.14977 
v -1.77636e-15 2.31529 -3.13825 
v -1.68116e-15 2.34884 -3.11335 
v -1.77636e-15 2.36091 -3.1041 
v -1.68116e-15 2.39733 -3.07617 
v -1.77636e-15 2.40602 -3.06928 
v -1.68116e-15 2.44524 -3.03823 
v -1.77636e-15 2.45063 -3.03382 
v -1.68116e-15 2.49254 -2.99954 
v -1.77636e-15 2.49471 -2.99771 
v -1.77636e-15 2.53825 -2.96094 
v -1.68116e-15 2.53923 -2.96012 
v -1.68116e-15 2.5853 -2.91997 
v -1.77636e-15 2.58123 -2.92352 
v -1.68116e-15 2.63073 -2.87911 
v -1.77636e-15 2.62365 -2.88547 
v -1.68116e-15 2.67552 -2.83753 
v -1.77636e-15 2.66552 -2.84681 
v -1.68116e-15 2.71965 -2.79526 
v -1.77636e-15 2.70682 -2.80755 
v -1.68116e-15 2.76311 -2.75231 
v -1.77636e-15 2.74755 -2.76769 
v -1.68116e-15 2.8059 -2.70868 
v -1.77636e-15 2.78769 -2.72725 
v -1.77636e-15 2.82724 -2.68622 
v -1.68116e-15 2.84799 -2.66438 
v -1.77636e-15 2.86619 -2.64463 
v -1.68116e-15 2.88939 -2.61943 
v -1.77636e-15 2.90453 -2.60247 
v -1.68116e-15 2.93008 -2.57384 
v -1.77636e-15 2.94225 -2.55976 
v -1.68116e-15 2.97004 -2.52762 
v -1.77636e-15 2.97935 -2.5165 
v -1.68116e-15 3.00928 -2.48077 
v -1.77636e-15 3.01582 -2.47271 
v -1.68116e-15 3.04778 -2.43332 
v -1.77636e-15 3.05164 -2.4284 
v -1.68116e-15 3.08553 -2.38526 
v -1.77636e-15 3.08682 -2.38357 
v -1.77636e-15 3.12132 -2.33821 
v -1.68116e-15 3.12253 -2.33663 
v -1.68116e-15 3.15875 -2.28742 
v -1.77636e-15 3.15513 -2.29234 
v -1.68116e-15 3.19421 -2.23764 
v -1.77636e-15 3.18827 -2.24598 
v -1.68116e-15 3.22887 -2.18732 
v -1.77636e-15 3.22073 -2.19914 
v -1.68116e-15 3.26275 -2.13646 
v -1.77636e-15 3.25251 -2.15184 
v -1.68116e-15 3.29582 -2.08508 
v -1.77636e-15 3.28359 -2.10408 
v -1.68116e-15 3.32809 -2.03318 
v -1.77636e-15 3.31398 -2.05587 
v -1.77636e-15 3.34366 -2.00723 
v -1.68116e-15 3.35953 -1.98079 
v -1.77636e-15 3.37264 -1.95816 
v -1.68116e-15 3.39016 -1.92791 
v -1.77636e-15 3.4009 -1.90868 
v -1.68116e-15 3.41995 -1.87455 
v -1.77636e-15 3.42843 -1.85879 
v -1.68116e-15 3.4489 -1.82074 
v -1.77636e-15 3.45524 -1.8085 
v -1.68116e-15 3.477 -1.76648 
v -1.77636e-15 3.48131 -1.75783 
v -1.68116e-15 3.50425 -1.71178 
v -1.77636e-15 3.50665 -1.70678 
v -1.68116e-15 3.53064 -1.65667 
v -1.77636e-15 3.53124 -1.65538 
v -1.77636e-15 3.55504 -1.6036 
v -1.68116e-15 3.55617 -1.60115 
v -1.68116e-15 3.58082 -1.54523 
v -1.77636e-15 3.57807 -1.55147 
v -1.68116e-15 3.60459 -1.48894 
v -1.77636e-15 3.60033 -1.49902 
v -1.68116e-15 3.62748 -1.43228 
v -1.77636e-15 3.62183 -1.44624 
v -1.68116e-15 3.64947 -1.37526 
v -1.77636e-15 3.64257 -1.39316 
v -1.68116e-15 3.67057 -1.31792 
v -1.77636e-15 3.66252 -1.33979 
v -1.68116e-15 3.69077 -1.26024 
v -1.77636e-15 3.6817 -1.28613 
v -1.77636e-15 3.7001 -1.2322 
v -1.68116e-15 3.71006 -1.20226 
v -1.77636e-15 3.71772 -1.178 
v -1.68116e-15 3.72845 -1.14398 
v -1.77636e-15 3.73454 -1.12356 
v -1.68116e-15 3.74591 -1.08542 
v -1.77636e-15 3.75057 -1.06887 
v -1.68116e-15 3.76246 -1.0266 
v -1.77636e-15 3.7658 -1.01396 
v -1.68116e-15 3.77808 -0.967523 
v -1.77636e-15 3.78023 -0.958833 
v -1.68116e-15 3.79278 -0.908209 
v -1.77636e-15 3.79387 -0.903501 
v -1.68116e-15 3.80654 -0.848671 
v -1.77636e-15 3.80669 -0.847977 
v -1.77636e-15 3.81866 -0.79226 
v -1.68116e-15 3.81937 -0.788926 
v -1.68116e-15 3.83126 -0.728986 
v -1.77636e-15 3.8298 -0.736374 
v -1.68116e-15 3.84221 -0.668868 
v -1.77636e-15 3.84013 -0.680332 
v -1.68116e-15 3.85222 -0.608585 
v -1.77636e-15 3.84964 -0.624147 
v -1.68116e-15 3.86129 -0.548154 
v -1.77636e-15 3.85834 -0.567829 
v -1.68116e-15 3.8694 -0.487587 
v -1.77636e-15 3.86621 -0.511391 
v -1.68116e-15 3.87656 -0.426901 
v -1.77636e-15 3.87327 -0.454845 
v -1.77636e-15 3.8795 -0.398202 
v -1.68116e-15 3.88278 -0.36611 
v -1.77636e-15 3.88491 -0.341474 
v -1.68116e-15 3.88804 -0.305229 
v -1.77636e-15 3.88949 -0.284674 
v -1.68116e-15 3.89234 -0.244273 
v -1.77636e-15 3.89325 -0.227813 
v -1.68116e-15 3.89569 -0.183257 
v -1.77636e-15 3.89618 -0.170903 
v -1.68116e-15 3.89809 -0.122197 
v -1.77636e-15 3.89828 -0.113957 
v -1.68116e-15 3.89952 -0.0611058 
v -1.77636e-15 3.89955 -0.0569848 
v -1.68116e-15 3.9 0 
v -1.77636e-15 3.89955 0.0569848 
v -1.68116e-15 3.89952 0.0611058 
v -1.68116e-15 3.89809 0.122197 
v -1.77636e-15 3.89828 0.113957 
v -1.68116e-15 3.89569 0.183257 
v -1.77636e-15 3.89618 0.170903 
v -1.68116e-15 3.89234 0.244273 
v -1.77636e-15 3.89325 0.227813 
v -1.68116e-15 3.88804 0.305229 
v -1.77636e-15 3.88949 0.284674 
v -1.68116e-15 3.88278 0.36611 
v -1.77636e-15 3.88491 0.341474 
v -1.77636e-15 3.8795 0.398202 
v -1.68116e-15 3.87656 0.426901 
v -1.77636e-15 3.87327 0.454845 
v -1.68116e-15 3.8694 0.487587 
v -1.77636e-15 3.86621 0.511391 
v -1.68116e-15 3.86129 0.548154 
v -1.77636e-15 3.85834 0.567829 
v -1.68116e-15 3.85222 0.608585 
v -1.77636e-15 3.84964 0.624147 
v -1.68116e-15 3.84221 0.668868 
v -1.77636e-15 3.84013 0.680332 
v -1.68116e-15 3.83126 0.728986 
v -1.77636e-15 3.8298 0.736374 
v -1.68116e-15 3.81937 0.788926 
v -1.77636e-15 3.81866 0.79226 
v -1.77636e-15 3.80669 0.847977 
v -1.68116e-15 3.80654 0.848671 
v -1.77636e-15 3.79387 0.903501 
v -1.68116e-15 3.79278 0.908209 
v -1.68116e-15 3.77808 0.967523 
v -1.77636e-15 3.78023 0.958833 
v -1.68116e-15 3.76246 1.0266 
v -1.77636e-15 3.7658 1.01396 
v -1.68116e-15 3.74591 1.08542 
v -1.77636e-15 3.75057 1.06887 
v -1.68116e-15 3.72845 1.14398 
v -1.77636e-15 3.73454 1.12356 
v -1.68116e-15 3.71006 1.20226 
v -1.77636e-15 3.71772 1.178 
v -1.77636e-15 3.7001 1.2322 
v -1.68116e-15 3.69077 1.26024 
v -1.77636e-15 3.6817 1.28613 
v -1.68116e-15 3.67057 1.31792 
v -1.77636e-15 3.66252 1.33979 
v -1.68116e-15 3.64947 1.37526 
v -1.77636e-15 3.64257 1.39316 
v -1.68116e-15 3.62748 1.43228 
v -1.77636e-15 3.62183 1.44624 
v -1.68116e-15 3.60459 1.48894 
v -1.77636e-15 3.60033 1.49902 
v -1.68116e-15 3.58082 1.54523 
v -1.77636e-15 3.57807 1.55147 
v -1.68116e-15 3.55617 1.60115 
v -1.77636e-15 3.55504 1.6036 
v -1.77636e-15 3.53124 1.65538 
v -1.68116e-15 3.53064 1.65667 
v -1.68116e-15 3.50425 1.71178 
v -1.77636e-15 3.50665 1.70678 
v -1.68116e-15 3.477 1.76648 
v -1.77636e-15 3.48131 1.75783 
v -1.68116e-15 3.4489 1.82074 
v -1.77636e-15 3.45524 1.8085 
v -1.68116e-15 3.41995 1.87455 
v -1.77636e-15 3.42843 1.85879 
v -1.68116e-15 3.39016 1.92791 
v -1.77636e-15 3.4009 1.90868 
v -1.68116e-15 3.35953 1.98079 
v -1.77636e-15 3.37264 1.95816 
v -1.77636e-15 3.34366 2.00723 
v -1.68116e-15 3.32809 2.03318 
v -1.77636e-15 3.31398 2.05587 
v -1.68116e-15 3.29582 2.08508 
v -1.77636e-15 3.28359 2.10408 
v -1.68116e-15 3.26275 2.13646 
v -1.77636e-15 3.25251 2.15184 
v -1.68116e-15 3.22887 2.18732 
v -1.77636e-15 3.22073 2.19914 
v -1.68116e-15 3.19421 2.23764 
v -1.77636e-15 3.18827 2.24598 
v -1.68116e-15 3.15875 2.28742 
v -1.77636e-15 3.15513 2.29234 
v -1.68116e-15 3.12253 2.33663 
v -1.77636e-15 3.12132 2.33821 
v -1.77636e-15 3.08682 2.38357 
v -1.68116e-15 3.08553 2.38526 
v -1.68116e-15 3.04778 2.43332 
v -1.77636e-15 3.05164 2.4284 
v -1.68116e-15 3.00928 2.48077 
v -1.77636e-15 3.01582 2.47271 
v -1.68116e-15 2.97004 2.52762 
v -1.77636e-15 2.97935 2.5165 
v -1.68116e-15 2.93008 2.57384 
v -1.77636e-15 2.94225 2.55976 
v -1.68116e-15 2.88939 2.61943 
v -1.77636e-15 2.90453 2.60247 
v -1.68116e-15 2.84799 2.66438 
v -1.77636e-15 2.86619 2.64463 
v -1.77636e-15 2.82724 2.68622 
v -1.68116e-15 2.8059 2.70868 
v -1.77636e-15 2.78769 2.72725 
v -1.68116e-15 2.76311 2.75231 
v -1.77636e-15 2.74755 2.76769 
v -1.68116e-15 2.71965 2.79526 
v -1.77636e-15 2.70682 2.80755 
v -1.68116e-15 2.67552 2.83753 
v -1.77636e-15 2.66552 2.84681 
v -1.68116e-15 2.63073 2.87911 
v -1.77636e-15 2.62365 2.88547 
v -1.68116e-15 2.5853 2.91997 
v -1.77636e-15 2.58123 2.92352 
v -1.68116e-15 2.53923 2.96012 
v -1.77636e-15 2.53825 2.96094 
v -1.77636e-15 2.49471 2.99771 
v -1.68116e-15 2.49254 2.99954 
v -1.68116e-15 2.44524 3.03823 
v -1.77636e-15 2.45063 3.03382 
v -1.68116e-15 2.39733 3.07617 
v -1.77636e-15 2.40602 3.06928 
v -1.68116e-15 2.34884 3.11335 
v -1.77636e-15 2.36091 3.1041 
v -1.68116e-15 2.29977 3.14977 
v -1.77636e-15 2.31529 3.13825 
v -1.68116e-15 2.25014 3.18542 
v -1.77636e-15 2.26918 3.17174 
v -1.68116e-15 2.19995 3.22028 
v -1.77636e-15 2.22259 3.20455 
v -1.77636e-15 2.17553 3.23668 
v -1.68116e-15 2.14923 3.25435 
v -1.77636e-15 2.12801 3.26813 
v -1.68116e-15 2.09797 3.28763 
v -1.77636e-15 2.08003 3.29888 
v -1.68116e-15 2.0462 3.3201 
v -1.77636e-15 2.03162 3.32893 
v -1.68116e-15 1.99393 3.35175 
v -1.77636e-15 1.98277 3.35827 
v -1.68116e-15 1.94117 3.38258 
v -1.77636e-15 1.9335 3.38691 
v -1.68116e-15 1.88794 3.41258 
v -1.77636e-15 1.88381 3.41482 
v -1.68116e-15 1.83424 3.44174 
v -1.77636e-15 1.83373 3.442 
v -1.77636e-15 1.78323 3.46841 
v -1.68116e-15 1.78008 3.47006 
v -1.68116e-15 1.7255 3.49752 
v -1.77636e-15 1.73235 3.49407 
v -1.68116e-15 1.67049 3.52413 
v -1.77636e-15 1.6811 3.51899 
v -1.68116e-15 1.61506 3.54987 
v -1.77636e-15 1.6295 3.54316 
v -1.68116e-15 1.55925 3.57474 
v -1.77636e-15 1.57755 3.56658 
v -1.68116e-15 1.50304 3.59873 
v -1.77636e-15 1.52526 3.58924 
v -1.68116e-15 1.44647 3.62184 
v -1.77636e-15 1.47265 3.61114 
v -1.77636e-15 1.41973 3.63228 
v -1.68116e-15 1.38955 3.64406 
v -1.77636e-15 1.36651 3.65264 
v -1.68116e-15 1.33228 3.66538 
v -1.77636e-15 1.313 3.67222 
v -1.68116e-15 1.27469 3.68581 
v -1.77636e-15 1.2592 3.69103 
v -1.68116e-15 1.21678 3.70533 
v -1.77636e-15 1.20514 3.70905 
v -1.68116e-15 1.15858 3.72394 
v -1.77636e-15 1.15083 3.72628 
v -1.68116e-15 1.10009 3.74163 
v -1.77636e-15 1.09626 3.74272 
v -1.77636e-15 1.04147 3.75837 
v -1.68116e-15 1.04133 3.75841 
v -1.77636e-15 0.986432 3.77316 
v -1.68116e-15 0.982315 3.77426 
v -1.68116e-15 0.923059 3.78919 
v -1.77636e-15 0.931189 3.78714 
v -1.68116e-15 0.863576 3.80319 
v -1.77636e-15 0.875749 3.80032 
v -1.68116e-15 0.803881 3.81625 
v -1.77636e-15 0.820123 3.8127 
v -1.68116e-15 0.743988 3.82838 
v -1.77636e-15 0.764324 3.82426 
v -1.68116e-15 0.683914 3.83957 
v -1.77636e-15 0.708363 3.83501 
v -1.77636e-15 0.652251 3.84495 
v -1.68116e-15 0.623671 3.84981 
v -1.77636e-15 0.596001 3.85407 
v -1.68116e-15 0.563275 3.85911 
v -1.77636e-15 0.539624 3.86237 
v -1.68116e-15 0.50274 3.86746 
v -1.77636e-15 0.483133 3.86985 
v -1.68116e-15 0.442083 3.87486 
v -1.77636e-15 0.426538 3.87651 
v -1.68116e-15 0.381317 3.88131 
v -1.77636e-15 0.369852 3.88235 
v -1.68116e-15 0.320457 3.88681 
v -1.77636e-15 0.313088 3.88736 
v -1.68116e-15 0.259518 3.89136 
v -1.77636e-15 0.256255 3.89155 
v -1.77636e-15 0.199367 3.89489 
v -1.68116e-15 0.198516 3.89494 
v -1.77636e-15 0.142434 3.89736 
v -1.68116e-15 0.137465 3.89758 
v -1.68116e-15 0.0763805 3.89925 
v -1.77636e-15 0.085472 3.899 
v -1.68116e-15 0.015277 3.89997 
v -1.77636e-15 0.0284923 3.89981 
v -1.68116e-15 -0.0458302 3.89973 
v -1.77636e-15 -0.0284929 3.8998 
v -1.68116e-15 -0.106926 3.89853 
v -1.77636e-15 -0.0854716 3.89895 
v -1.68116e-15 -0.167996 3.89638 
v -1.77636e-15 -0.142432 3.89728 
v -1.77636e-15 -0.199362 3.89478 
v -1.68116e-15 -0.229024 3.89327 
v -1.77636e-15 -0.256249 3.89145 
v -1.68116e-15 -0.289996 3.8892 
v -1.77636e-15 -0.313082 3.8873 
v -1.68116e-15 -0.350897 3.88418 
v -1.77636e-15 -0.369849 3.88232 
v -1.68116e-15 -0.411712 3.87821 
v -1.77636e-15 -0.426538 3.87652 
v -1.68116e-15 -0.472426 3.87128 
v -1.77636e-15 -0.483136 3.86989 
v -1.68116e-15 -0.533024 3.8634 
v -1.77636e-15 -0.539633 3.86244 
v -1.68116e-15 -0.593491 3.85458 
v -1.77636e-15 -0.596016 3.85417 
v -1.77636e-15 -0.652269 3.84506 
v -1.68116e-15 -0.653812 3.84481 
v -1.68116e-15 -0.713973 3.83409 
v -1.77636e-15 -0.708377 3.83509 
v -1.68116e-15 -0.773958 3.82243 
v -1.77636e-15 -0.764333 3.8243 
v -1.68116e-15 -0.833754 3.80984 
v -1.77636e-15 -0.820126 3.81271 
v -1.68116e-15 -0.893345 3.79631 
v -1.77636e-15 -0.875745 3.8003 
v -1.68116e-15 -0.952716 3.78184 
v -1.77636e-15 -0.931177 3.78709 
v -1.68116e-15 -1.01185 3.76645 
v -1.77636e-15 -0.986411 3.77307 
v -1.77636e-15 -1.04143 3.75825 
v -1.68116e-15 -1.07074 3.75013 
v -1.77636e-15 -1.09624 3.74264 
v -1.68116e-15 -1.12937 3.7329 
v -1.77636e-15 -1.15081 3.72623 
v -1.68116e-15 -1.18772 3.71474 
v -1.77636e-15 -1.20513 3.70902 
v -1.68116e-15 -1.24578 3.69568 
v -1.77636e-15 -1.25921 3.69103 
v -1.68116e-15 -1.30353 3.67571 
v -1.77636e-15 -1.31301 3.67226 
v -1.68116e-15 -1.36096 3.65483 
v -1.77636e-15 -1.36654 3.6527 
v -1.68116e-15 -1.41806 3.63306 
v -1.77636e-15 -1.41977 3.63237 
v -1.77636e-15 -1.47269 3.61124 
v -1.68116e-15 -1.4748 3.61039 
v -1.68116e-15 -1.53119 3.58684 
v -1.77636e-15 -1.52529 3.58931 
v -1.68116e-15 -1.5872 3.56241 
v -1.77636e-15 -1.57756 3.56662 
v -1.68116e-15 -1.64282 3.53711 
v -1.77636e-15 -1.6295 3.54317 
v -1.68116e-15 -1.69804 3.51093 
v -1.77636e-15 -1.68109 3.51897 
v -1.68116e-15 -1.75284 3.4839 
v -1.77636e-15 -1.73233 3.49402 
v -1.68116e-15 -1.80722 3.45601 
v -1.77636e-15 -1.78319 3.46833 
v -1.77636e-15 -1.83368 3.4419 
v -1.68116e-15 -1.86114 3.42727 
v -1.77636e-15 -1.88377 3.41474 
v -1.68116e-15 -1.91461 3.39768 
v -1.77636e-15 -1.93347 3.38686 
v -1.68116e-15 -1.96761 3.36727 
v -1.77636e-15 -1.98276 3.35826 
v -1.68116e-15 -2.02013 3.33603 
v -1.77636e-15 -2.03162 3.32894 
v -1.68116e-15 -2.07215 3.30396 
v -1.77636e-15 -2.08006 3.29892 
v -1.68116e-15 -2.12367 3.27109 
v -1.77636e-15 -2.12805 3.26819 
v -1.68116e-15 -2.17466 3.23742 
v -1.77636e-15 -2.1756 3.23678 
v -1.77636e-15 -2.22265 3.20463 
v -1.68116e-15 -2.22511 3.20295 
v -1.68116e-15 -2.27502 3.16769 
v -1.77636e-15 -2.26922 3.17179 
v -1.68116e-15 -2.32438 3.13166 
v -1.77636e-15 -2.31531 3.13828 
v -1.68116e-15 -2.37316 3.09485 
v -1.77636e-15 -2.36091 3.1041 
v -1.68116e-15 -2.42136 3.05729 
v -1.77636e-15 -2.406 3.06926 
v -1.68116e-15 -2.46896 3.01898 
v -1.77636e-15 -2.45059 3.03377 
v -1.68116e-15 -2.51596 2.97992 
v -1.77636e-15 -2.49465 2.99763 
v -1.77636e-15 -2.53818 2.96086 
v -1.68116e-15 -2.56234 2.94014 
v -1.77636e-15 -2.58118 2.92346 
v -1.68116e-15 -2.6081 2.89963 
v -1.77636e-15 -2.62362 2.88544 
v -1.68116e-15 -2.65321 2.85841 
v -1.77636e-15 -2.66551 2.84681 
v -1.68116e-15 -2.69767 2.81649 
v -1.77636e-15 -2.70683 2.80757 
v -1.68116e-15 -2.74147 2.77387 
v -1.77636e-15 -2.74758 2.76773 
v -1.68116e-15 -2.78459 2.73058 
v -1.77636e-15 -2.78775 2.72731 
v -1.68116e-15 -2.82703 2.68661 
v -1.77636e-15 -2.82732 2.6863 
v -1.77636e-15 -2.86625 2.64469 
v -1.68116e-15 -2.86878 2.64199 
v -1.68116e-15 -2.90982 2.59672 
v -1.77636e-15 -2.90457 2.60251 
v -1.68116e-15 -2.95015 2.55081 
v -1.77636e-15 -2.94227 2.55978 
v -1.68116e-15 -2.98975 2.50427 
v -1.77636e-15 -2.97935 2.5165 
v -1.68116e-15 -3.02862 2.45712 
v -1.77636e-15 -3.01579 2.47269 
v -1.68116e-15 -3.06675 2.40936 
v -1.77636e-15 -3.05159 2.42835 
v -1.68116e-15 -3.10413 2.36102 
v -1.77636e-15 -3.08674 2.3835 
v -1.77636e-15 -3.12124 2.33815 
v -1.68116e-15 -3.14074 2.31209 
v -1.77636e-15 -3.15507 2.2923 
v -1.68116e-15 -3.17658 2.2626 
v -1.77636e-15 -3.18824 2.24595 
v -1.68116e-15 -3.21164 2.21255 
v -1.77636e-15 -3.22072 2.19914 
v -1.68116e-15 -3.24591 2.16196 
v -1.77636e-15 -3.25253 2.15185 
v -1.68116e-15 -3.27939 2.11084 
v -1.77636e-15 -3.28364 2.10411 
v -1.68116e-15 -3.31206 2.05919 
v -1.77636e-15 -3.31406 2.05592 
v -1.77636e-15 -3.34377 2.00729 
v -1.68116e-15 -3.34391 2.00705 
v -1.77636e-15 -3.37271 1.9582 
v -1.68116e-15 -3.37495 1.95441 
v -1.68116e-15 -3.40516 1.90129 
v -1.77636e-15 -3.40094 1.9087 
v -1.68116e-15 -3.43453 1.8477 
v -1.77636e-15 -3.42845 1.85879 
v -1.68116e-15 -3.46306 1.79366 
v -1.77636e-15 -3.45523 1.80849 
v -1.68116e-15 -3.49074 1.73918 
v -1.77636e-15 -3.48127 1.75781 
v -1.68116e-15 -3.51756 1.68428 
v -1.77636e-15 -3.50658 1.70675 
v -1.77636e-15 -3.53114 1.65533 
v -1.68116e-15 -3.54352 1.62896 
v -1.77636e-15 -3.55495 1.60356 
v -1.68116e-15 -3.5686 1.57324 
v -1.77636e-15 -3.57801 1.55145 
v -1.68116e-15 -3.59281 1.51713 
v -1.77636e-15 -3.6003 1.499 
v -1.68116e-15 -3.61614 1.46065 
v -1.77636e-15 -3.62183 1.44624 
v -1.68116e-15 -3.63859 1.40381 
v -1.77636e-15 -3.64259 1.39317 
v -1.68116e-15 -3.66013 1.34663 
v -1.77636e-15 -3.66258 1.33981 
v -1.68116e-15 -3.68078 1.28912 
v -1.77636e-15 -3.68179 1.28616 
v -1.77636e-15 -3.70021 1.23223 
v -1.68116e-15 -3.70053 1.23129 
v -1.68116e-15 -3.71937 1.17316 
v -1.77636e-15 -3.71779 1.17802 
v -1.68116e-15 -3.73729 1.11474 
v -1.77636e-15 -3.73458 1.12357 
v -1.68116e-15 -3.7543 1.05604 
v -1.77636e-15 -3.75058 1.06887 
v -1.68116e-15 -3.77039 0.997092 
v -1.77636e-15 -3.76578 1.01395 
v -1.68116e-15 -3.78555 0.937894 
v -1.77636e-15 -3.78019 0.95882 
v -1.68116e-15 -3.79978 0.878467 
v -1.77636e-15 -3.79379 0.903482 
v -1.77636e-15 -3.80658 0.847952 
v -1.68116e-15 -3.81307 0.818824 
v -1.77636e-15 -3.81856 0.792242 
v -1.68116e-15 -3.82543 0.758979 
v -1.77636e-15 -3.82974 0.736363 
v -1.68116e-15 -3.83686 0.698949 
v -1.77636e-15 -3.8401 0.680328 
v -1.68116e-15 -3.84734 0.638746 
v -1.77636e-15 -3.84964 0.624148 
v -1.68116e-15 -3.85687 0.578387 
v -1.77636e-15 -3.85837 0.567835 
v -1.68116e-15 -3.86546 0.517886 
v -1.77636e-15 -3.86628 0.5114 
v -1.68116e-15 -3.8731 0.457258 
v -1.77636e-15 -3.87337 0.454857 
v -1.77636e-15 -3.8796 0.398213 
v -1.68116e-15 -3.87979 0.396518 
v -1.68116e-15 -3.88553 0.33568 
v -1.77636e-15 -3.88498 0.34148 
v -1.68116e-15 -3.89031 0.274759 
v -1.77636e-15 -3.88953 0.284677 
v -1.68116e-15 -3.89414 0.213772 
v -1.77636e-15 -3.89326 0.227813 
v -1.68116e-15 -3.89701 0.152732 
v -1.77636e-15 -3.89615 0.170902 
v -1.68116e-15 -3.89892 0.091654 
v -1.77636e-15 -3.89822 0.113954 
v -1.68116e-15 -3.89988 0.0305538 
v -1.77636e-15 -3.89947 0.0569832 
v -10 -2.99952 0.053547 
v -10 -3 -9.78384e-16 
v -10 -2.99809 0.107077 
v -10 -2.9957 0.160573 
v -10 -2.99236 0.214018 
v -10 -2.98806 0.267394 
v -10 -2.98281 0.320685 
v -10 -2.97661 0.373875 
v -10 -2.96946 0.426945 
v -10 -2.96137 0.479878 
v -10 -2.95233 0.53266 
v -10 -2.94236 0.585271 
v -10 -2.93144 0.637696 
v -10 -2.91959 0.689918 
v -10 -2.90681 0.74192 
v -10 -2.89311 0.793685 
v -10 -2.87848 0.845198 
v -10 -2.86293 0.896441 
v -10 -2.84648 0.947399 
v -10 -2.82911 0.998055 
v -10 -2.81085 1.04839 
v -10 -2.79169 1.0984 
v -10 -2.77164 1.14805 
v -10 -2.75071 1.19734 
v -10 -2.7289 1.24625 
v -10 -2.70622 1.29475 
v -10 -2.68268 1.34285 
v -10 -2.65828 1.39052 
v -10 -2.63304 1.43775 
v -10 -2.60696 1.48452 
v -10 -2.58004 1.53081 
v -10 -2.55231 1.57662 
v -10 -2.52376 1.62192 
v -10 -2.49441 1.66671 
v -10 -2.46426 1.71097 
v -10 -2.43333 1.75468 
v -10 -2.40162 1.79783 
v -10 -2.36915 1.84041 
v -10 -2.33592 1.88241 
v -10 -2.30195 1.9238 
v -10 -2.26725 1.96458 
v -10 -2.23182 2.00474 
v -10 -2.19568 2.04425 
v -10 -2.15885 2.08312 
v -10 -2.12132 2.12132 
v -10 -2.08312 2.15885 
v -10 -2.04425 2.19568 
v -10 -2.00474 2.23182 
v -10 -1.96458 2.26725 
v -10 -1.9238 2.30195 
v -10 -1.88241 2.33592 
v -10 -1.84041 2.36915 
v -10 -1.79783 2.40162 
v -10 -1.75468 2.43333 
v -10 -1.71097 2.46426 
v -10 -1.66671 2.49441 
v -10 -1.62192 2.52376 
v -10 -1.57662 2.55231 
v -10 -1.53081 2.58004 
v -10 -1.48452 2.60696 
v -10 -1.43775 2.63304 
v -10 -1.39052 2.65828 
v -10 -1.34285 2.68268 
v -10 -1.29475 2.70622 
v -10 -1.24625 2.7289 
v -10 -1.19734 2.75071 
v -10 -1.14805 2.77164 
v -10 -1.0984 2.79169 
v -10 -1.04839 2.81085 
v -10 -0.998055 2.82911 
v -10 -0.947399 2.84648 
v -10 -0.896441 2.86293 
v -10 -0.845198 2.87848 
v -10 -0.793685 2.89311 
v -10 -0.74192 2.90681 
v -10 -0.689918 2.91959 
v -10 -0.637696 2.93144 
v -10 -0.585271 2.94236 
v -10 -0.53266 2.95233 
v -10 -0.479878 2.96137 
v -10 -0.426945 2.96946 
v -10 -0.373875 2.97661 
v -10 -0.320685 2.98281 
v -10 -0.267394 2.98806 
v -10 -0.214018 2.99236 
v -10 -0.160573 2.9957 
v -10 -0.107077 2.99809 
v -10 -0.053547 2.99952 
v -10 0 3 
v -10 0.053547 2.99952 
v -10 0.107077 2.99809 
v -10 0.160573 2.9957 
v -10 0.214018 2.99236 
v -10 0.267394 2.98806 
v -10 0.320685 2.98281 
v -10 0.373875 2.97661 
v -10 0.426945 2.96946 
v -10 0.479878 2.96137 
v -10 0.53266 2.95233 
v -10 0.585271 2.94236 
v -10 0.637696 2.93144 
v -10 0.689918 2.91959 
v -10 0.74192 2.90681 
v -10 0.793685 2.89311 
v -10 0.845198 2.87848 
v -10 0.896441 2.86293 
v -10 0.947399 2.84648 
v -10 0.998055 2.82911 
v -10 1.04839 2.81085 
v -10 1.0984 2.79169 
v -10 1.14805 2.77164 
v -10 1.19734 2.75071 
v -10 1.24625 2.7289 
v -10 1.29475 2.70622 
v -10 1.34285 2.68268 
v -10 1.39052 2.65828 
v -10 1.43775 2.63304 
v -10 1.48452 2.60696 
v -10 1.53081 2.58004 
v -10 1.57662 2.55231 
v -10 1.62192 2.52376 
v -10 1.66671 2.49441 
v -10 1.71097 2.46426 
v -10 1.75468 2.43333 
v -10 1.79783 2.40162 
v -10 1.84041 2.36915 
v -10 1.88241 2.33592 
v -10 1.9238 2.30195 
v -10 1.96458 2.26725 
v -10 2.00474 2.23182 
v -10 2.04425 2.19568 
v -10 2.08312 2.15885 
v -10 2.12132 2.12132 
v -10 2.15885 2.08312 
v -10 2.19568 2.04425 
v -10 2.23182 2.00474 
v -10 2.26725 1.96458 
v -10 2.30195 1.9238 
v -10 2.33592 1.88241 
v -10 2.36915 1.84041 
v -10 2.40162 1.79783 
v -10 2.43333 1.75468 
v -10 2.46426 1.71097 
v -10 2.49441 1.66671 
v -10 2.52376 1.62192 
v -10 2.55231 1.57662 
v -10 2.58004 1.53081 
v -10 2.60696 1.48452 
v -10 2.63304 1.43775 
v -10 2.65828 1.39052 
v -10 2.68268 1.34285 
v -10 2.70622 1.29475 
v -10 2.7289 1.24625 
v -10 2.75071 1.19734 
v -10 2.77164 1.14805 
v -10 2.79169 1.0984 
v -10 2.81085 1.04839 
v -10 2.82911 0.998055 
v -10 2.84648 0.947399 
v -10 2.86293 0.896441 
v -10 2.87848 0.845198 
v -10 2.89311 0.793685 
v -10 2.90681 0.74192 
v -10 2.91959 0.689918 
v -10 2.93144 0.637696 
v -10 2.94236 0.585271 
v -10 2.95233 0.53266 
v -10 2.96137 0.479878 
v -10 2.96946 0.426945 
v -10 2.97661 0.373875 
v -10 2.98281 0.320685 
v -10 2.98806 0.267394 
v -10 2.99236 0.214018 
v -10 2.9957 0.160573 
v -10 2.99809 0.107077 
v -10 2.99952 0.053547 
v -10 3 0 
v -10 2.99952 -0.053547 
v -10 2.99809 -0.107077 
v -10 2.9957 -0.160573 
v -10 2.99236 -0.214018 
v -10 2.98806 -0.267394 
v -10 2.98281 -0.320685 
v -10 2.97661 -0.373875 
v -10 2.96946 -0.426945 
v -10 2.96137 -0.479878 
v -10 2.95233 -0.53266 
v -10 2.94236 -0.585271 
v -10 2.93144 -0.637696 
v -10 2.91959 -0.689918 
v -10 2.90681 -0.74192 
v -10 2.89311 -0.793685 
v -10 2.87848 -0.845198 
v -10 2.86293 -0.896441 
v -10 2.84648 -0.947399 
v -10 2.82911 -0.998055 
v -10 2.81085 -1.04839 
v -10 2.79169 -1.0984 
v -10 2.77164 -1.14805 
v -10 2.75071 -1.19734 
v -10 2.7289 -1.24625 
v -10 2.70622 -1.29475 
v -10 2.68268 -1.34285 
v -10 2.65828 -1.39052 
v -10 2.63304 -1.43775 
v -10 2.60696 -1.48452 
v -10 2.58004 -1.53081 
v -10 2.55231 -1.57662 
v -10 2.52376 -1.62192 
v -10 2.49441 -1.66671 
v -10 2.46426 -1.71097 
v -10 2.43333 -1.75468 
v -10 2.40162 -1.79783 
v -10 2.36915 -1.84041 
v -10 2.33592 -1.88241 
v -10 2.30195 -1.9238 
v -10 2.26725 -1.96458 
v -10 2.23182 -2.00474 
v -10 2.19568 -2.04425 
v -10 2.15885 -2.08312 
v -10 2.12132 -2.12132 
v -10 2.08312 -2.15885 
v -10 2.04425 -2.19568 
v -10 2.00474 -2.23182 
v -10 1.96458 -2.26725 
v -10 1.9238 -2.30195 
v -10 1.88241 -2.33592 
v -10 1.84041 -2.36915 
v -10 1.79783 -2.40162 
v -10 1.75468 -2.43333 
v -10 1.71097 -2.46426 
v -10 1.66671 -2.49441 
v -10 1.62192 -2.52376 
v -10 1.57662 -2.55231 
v -10 1.53081 -2.58004 
v -10 1.48452 -2.60696 
v -10 1.43775 -2.63304 
v -10 1.39052 -2.65828 
v -10 1.34285 -2.68268 
v -10 1.29475 -2.70622 
v -10 1.24625 -2.7289 
v -10 1.19734 -2.75071 
v -10 1.14805 -2.77164 
v -10 1.0984 -2.79169 
v -10 1.04839 -2.81085 
v -10 0.998055 -2.82911 
v -10 0.947399 -2.84648 
v -10 0.896441 -2.86293 
v -10 0.845198 -2.87848 
v -10 0.793685 -2.89311 
v -10 0.74192 -2.90681 
v -10 0.689918 -2.91959 
v -10 0.637696 -2.93144 
v -10 0.585271 -2.94236 
v -10 0.53266 -2.95233 
v -10 0.479878 -2.96137 
v -10 0.426945 -2.96946 
v -10 0.373875 -2.97661 
v -10 0.320685 -2.98281 
v -10 0.267394 -2.98806 
v -10 0.214018 -2.99236 
v -10 0.160573 -2.9957 
v -10 0.107077 -2.99809 
v -10 0.053547 -2.99952 
v -10 1.11022e-15 -3 
v -10 -0.053547 -2.99952 
v -10 -0.107077 -2.99809 
v -10 -0.160573 -2.9957 
v -10 -0.214018 -2.99236 
v -10 -0.267394 -2.98806 
v -10 -0.320685 -2.98281 
v -10 -0.373875 -2.97661 
v -10 -0.426945 -2.96946 
v -10 -0.479878 -2.96137 
v -10 -0.53266 -2.95233 
v -10 -0.585271 -2.94236 
v -10 -0.637696 -2.93144 
v -10 -0.689918 -2.91959 
v -10 -0.74192 -2.90681 
v -10 -0.793685 -2.89311 
v -10 -0.845198 -2.87848 
v -10 -0.896441 -2.86293 
v -10 -0.947399 -2.84648 
v -10 -0.998055 -2.82911 
v -10 -1.04839 -2.81085 
v -10 -1.0984 -2.79169 
v -10 -1.14805 -2.77164 
v -10 -1.19734 -2.75071 
v -10 -1.24625 -2.7289 
v -10 -1.29475 -2.70622 
v -10 -1.34285 -2.68268 
v -10 -1.39052 -2.65828 
v -10 -1.43775 -2.63304 
v -10 -1.48452 -2.60696 
v -10 -1.53081 -2.58004 
v -10 -1.57662 -2.55231 
v -10 -1.62192 -2.52376 
v -10 -1.66671 -2.49441 
v -10 -1.71097 -2.46426 
v -10 -1.75468 -2.43333 
v -10 -1.79783 -2.40162 
v -10 -1.84041 -2.36915 
v -10 -1.88241 -2.33592 
v -10 -1.9238 -2.30195 
v -10 -1.96458 -2.26725 
v -10 -2.00474 -2.23182 
v -10 -2.04425 -2.19568 
v -10 -2.08312 -2.15885 
v -10 -2.12132 -2.12132 
v -10 -2.15885 -2.08312 
v -10 -2.19568 -2.04425 
v -10 -2.23182 -2.00474 
v -10 -2.26725 -1.96458 
v -10 -2.30195 -1.9238 
v -10 -2.33592 -1.88241 
v -10 -2.36915 -1.84041 
v -10 -2.40162 -1.79783 
v -10 -2.43333 -1.75468 
v -10 -2.46426 -1.71097 
v -10 -2.49441 -1.66671 
v -10 -2.52376 -1.62192 
v -10 -2.55231 -1.57662 
v -10 -2.58004 -1.53081 
v -10 -2.60696 -1.48452 
v -10 -2.63304 -1.43775 
v -10 -2.65828 -1.39052 
v -10 -2.68268 -1.34285 
v -10 -2.70622 -1.29475 
v -10 -2.7289 -1.24625 
v -10 -2.75071 -1.19734 
v -10 -2.77164 -1.14805 
v -10 -2.79169 -1.0984 
v -10 -2.81085 -1.04839 
v -10 -2.82911 -0.998055 
v -10 -2.84648 -0.947399 
v -10 -2.86293 -0.896441 
v -10 -2.87848 -0.845198 
v -10 -2.89311 -0.793685 
v -10 -2.90681 -0.74192 
v -10 -2.91959 -0.689918 
v -10 -2.93144 -0.637696 
v -10 -2.94236 -0.585271 
v -10 -2.95233 -0.53266 
v -10 -2.96137 -0.479878 
v -10 -2.96946 -0.426945 
v -10 -2.97661 -0.373875 
v -10 -2.98281 -0.320685 
v -10 -2.98806 -0.267394 
v -10 -2.99236 -0.214018 
v -10 -2.9957 -0.160573 
v -10 -2.99809 -0.107077 
v -10 -2.99952 -0.053547 
v 0 5 5 
v 0 -5 5 
v 0 5 -5 
v 0 -5 -5 
v -10 5 -5 
v -10 -5 -5 
v -10 5 5 
v -10 -5 5 
v -1 0.3 5 
v -9 0.3 5 
v -9 -0.3 5 
v -1 -0.3 5 
v -1 0.3 15 
v -9 0.3 15 
v -9 -0.3 15 
v -1 -0.3 15 
v -1 0.3 -5 
v -1 -0.3 -5 
v -9 -0.3 -5 
v -9 0.3 -5 
v -1 -0.3 -15 
v -1 0.3 -15 
v -9 -0.3 -15 
v -9 0.3 -15 
vn 0.57643 0.817147 0 
vn 0.57643 0.817037 0.0133699 
vn 0.57643 0.817037 0.01337 
vn 0.57643 0.816709 0.0267363 
vn 0.57643 0.816709 0.0267364 
vn 0.57643 0.817016 0.0145853 
vn 0.57643 0.816162 0.0400955 
vn 0.57643 0.816162 0.0400956 
vn 0.57643 0.816626 0.0291659 
vn 0.57643 0.815397 0.0534439 
vn 0.57643 0.815397 0.053444 
vn 0.57643 0.815975 0.0437372 
vn 0.57643 0.814413 0.0667781 
vn 0.57643 0.814413 0.0667781 
vn 0.57643 0.815065 0.0582946 
vn 0.57643 0.813212 0.0800944 
vn 0.57643 0.813894 0.0728334 
vn 0.57643 0.811792 0.0933892 
vn 0.57643 0.812465 0.087349 
vn 0.57643 0.811792 0.0933891 
vn 0.57643 0.810156 0.106659 
vn 0.57643 0.810776 0.101837 
vn 0.57643 0.810156 0.106659 
vn 0.57643 0.808302 0.1199 
vn 0.57643 0.808829 0.116292 
vn 0.57643 0.808302 0.1199 
vn 0.57643 0.806232 0.133109 
vn 0.57643 0.806625 0.13071 
vn 0.57643 0.806232 0.133109 
vn 0.57643 0.803946 0.146283 
vn 0.57643 0.803946 0.146283 
vn 0.57643 0.804163 0.145087 
vn 0.57643 0.801445 0.159417 
vn 0.57643 0.79873 0.172509 
vn 0.57643 0.79873 0.172509 
vn 0.57643 0.7958 0.185555 
vn 0.57643 0.7958 0.185555 
vn 0.57643 0.798472 0.173697 
vn 0.57643 0.792658 0.19855 
vn 0.57643 0.792658 0.198551 
vn 0.57643 0.795245 0.187921 
vn 0.57643 0.789303 0.211493 
vn 0.57643 0.789303 0.211493 
vn 0.57643 0.791764 0.202086 
vn 0.57643 0.785737 0.224379 
vn 0.57643 0.785737 0.224379 
vn 0.57643 0.788031 0.216186 
vn 0.57643 0.78196 0.237205 
vn 0.57643 0.784046 0.230217 
vn 0.57643 0.777975 0.249968 
vn 0.57643 0.779812 0.244175 
vn 0.57643 0.777975 0.249968 
vn 0.57643 0.773781 0.262663 
vn 0.57643 0.77533 0.258055 
vn 0.57643 0.773781 0.262663 
vn 0.57643 0.769379 0.275288 
vn 0.57643 0.7706 0.271852 
vn 0.57643 0.769379 0.275288 
vn 0.57643 0.764772 0.28784 
vn 0.57643 0.765625 0.285563 
vn 0.57643 0.764772 0.28784 
vn 0.57643 0.75996 0.300314 
vn 0.57643 0.75996 0.300314 
vn 0.57643 0.760406 0.299184 
vn 0.57643 0.754945 0.312708 
vn 0.57643 0.749727 0.325019 
vn 0.57643 0.749727 0.325019 
vn 0.57643 0.744309 0.337242 
vn 0.57643 0.744309 0.337242 
vn 0.57643 0.749243 0.326134 
vn 0.57643 0.738692 0.349375 
vn 0.57643 0.738692 0.349375 
vn 0.57643 0.743303 0.339455 
vn 0.57643 0.732876 0.361415 
vn 0.57643 0.732876 0.361415 
vn 0.57643 0.737125 0.352668 
vn 0.57643 0.726865 0.373357 
vn 0.57643 0.726865 0.373357 
vn 0.57643 0.730713 0.365769 
vn 0.57643 0.720659 0.3852 
vn 0.57643 0.724068 0.378753 
vn 0.57643 0.71426 0.39694 
vn 0.57643 0.717192 0.391617 
vn 0.57643 0.71426 0.39694 
vn 0.57643 0.70767 0.408573 
vn 0.57643 0.710088 0.404355 
vn 0.57643 0.70767 0.408573 
vn 0.57643 0.70089 0.420097 
vn 0.57643 0.702758 0.416965 
vn 0.57643 0.70089 0.420097 
vn 0.57643 0.693923 0.431509 
vn 0.57643 0.695203 0.429442 
vn 0.57643 0.693923 0.431509 
vn 0.57643 0.686769 0.442805 
vn 0.57643 0.68677 0.442805 
vn 0.57643 0.687427 0.441783 
vn 0.57643 0.679432 0.453982 
vn 0.57643 0.671914 0.465038 
vn 0.57643 0.671914 0.465038 
vn 0.57643 0.664215 0.47597 
vn 0.57643 0.664215 0.47597 
vn 0.57643 0.671221 0.466037 
vn 0.57643 0.656338 0.486774 
vn 0.57643 0.656338 0.486774 
vn 0.57643 0.662796 0.477944 
vn 0.57643 0.648286 0.497447 
vn 0.57643 0.648286 0.497447 
vn 0.57643 0.654159 0.489698 
vn 0.57643 0.64006 0.507988 
vn 0.57643 0.64006 0.507988 
vn 0.57643 0.645315 0.501296 
vn 0.57643 0.631663 0.518392 
vn 0.57643 0.636264 0.512734 
vn 0.57643 0.623096 0.528658 
vn 0.57643 0.627011 0.524009 
vn 0.57643 0.623096 0.528658 
vn 0.57643 0.614363 0.538782 
vn 0.57643 0.617558 0.535117 
vn 0.57643 0.614363 0.538782 
vn 0.57643 0.605466 0.548762 
vn 0.57643 0.607908 0.546055 
vn 0.57643 0.605466 0.548762 
vn 0.57643 0.596406 0.558595 
vn 0.57643 0.598065 0.556818 
vn 0.57643 0.596406 0.558595 
vn 0.57643 0.587186 0.568279 
vn 0.57643 0.587187 0.568278 
vn 0.57643 0.588031 0.567404 
vn 0.57643 0.57781 0.57781 
vn 0.57643 0.568279 0.587186 
vn 0.57643 0.568278 0.587187 
vn 0.57643 0.558595 0.596406 
vn 0.57643 0.558595 0.596406 
vn 0.57643 0.567404 0.588031 
vn 0.57643 0.548762 0.605466 
vn 0.57643 0.548762 0.605466 
vn 0.57643 0.556818 0.598065 
vn 0.57643 0.538782 0.614363 
vn 0.57643 0.538782 0.614363 
vn 0.57643 0.546055 0.607908 
vn 0.57643 0.528658 0.623096 
vn 0.57643 0.528658 0.623096 
vn 0.57643 0.535117 0.617558 
vn 0.57643 0.518392 0.631663 
vn 0.57643 0.524009 0.627011 
vn 0.57643 0.507988 0.64006 
vn 0.57643 0.512734 0.636264 
vn 0.57643 0.507988 0.64006 
vn 0.57643 0.497447 0.648286 
vn 0.57643 0.501296 0.645315 
vn 0.57643 0.497447 0.648286 
vn 0.57643 0.486774 0.656338 
vn 0.57643 0.489698 0.654159 
vn 0.57643 0.486774 0.656338 
vn 0.57643 0.47597 0.664215 
vn 0.57643 0.477944 0.662796 
vn 0.57643 0.47597 0.664215 
vn 0.57643 0.465038 0.671914 
vn 0.57643 0.465038 0.671914 
vn 0.57643 0.466037 0.671221 
vn 0.57643 0.453982 0.679432 
vn 0.57643 0.442805 0.686769 
vn 0.57643 0.442805 0.68677 
vn 0.57643 0.431509 0.693923 
vn 0.57643 0.431509 0.693923 
vn 0.57643 0.441783 0.687427 
vn 0.57643 0.420097 0.70089 
vn 0.57643 0.420097 0.70089 
vn 0.57643 0.429442 0.695203 
vn 0.57643 0.408573 0.70767 
vn 0.57643 0.408573 0.70767 
vn 0.57643 0.416965 0.702758 
vn 0.57643 0.39694 0.71426 
vn 0.57643 0.39694 0.71426 
vn 0.57643 0.404355 0.710088 
vn 0.57643 0.3852 0.720659 
vn 0.57643 0.391617 0.717192 
vn 0.57643 0.373357 0.726865 
vn 0.57643 0.378753 0.724068 
vn 0.57643 0.373357 0.726865 
vn 0.57643 0.361415 0.732876 
vn 0.57643 0.365769 0.730713 
vn 0.57643 0.361415 0.732876 
vn 0.57643 0.349375 0.738692 
vn 0.57643 0.352668 0.737125 
vn 0.57643 0.349375 0.738692 
vn 0.57643 0.337242 0.744309 
vn 0.57643 0.339455 0.743303 
vn 0.57643 0.337242 0.744309 
vn 0.57643 0.325019 0.749727 
vn 0.57643 0.325019 0.749727 
vn 0.57643 0.326134 0.749243 
vn 0.57643 0.312708 0.754945 
vn 0.57643 0.300314 0.75996 
vn 0.57643 0.300314 0.75996 
vn 0.57643 0.28784 0.764772 
vn 0.57643 0.28784 0.764772 
vn 0.57643 0.299184 0.760406 
vn 0.57643 0.275288 0.769379 
vn 0.57643 0.275288 0.769379 
vn 0.57643 0.285563 0.765625 
vn 0.57643 0.262663 0.773781 
vn 0.57643 0.262663 0.773781 
vn 0.57643 0.271852 0.7706 
vn 0.57643 0.249968 0.777975 
vn 0.57643 0.249968 0.777975 
vn 0.57643 0.258055 0.77533 
vn 0.57643 0.237205 0.78196 
vn 0.57643 0.244175 0.779812 
vn 0.57643 0.224379 0.785737 
vn 0.57643 0.230217 0.784046 
vn 0.57643 0.224379 0.785737 
vn 0.57643 0.211493 0.789303 
vn 0.57643 0.216186 0.788031 
vn 0.57643 0.211493 0.789303 
vn 0.57643 0.19855 0.792658 
vn 0.57643 0.202086 0.791764 
vn 0.57643 0.198551 0.792658 
vn 0.57643 0.185555 0.7958 
vn 0.57643 0.187921 0.795245 
vn 0.57643 0.185555 0.7958 
vn 0.57643 0.172509 0.79873 
vn 0.57643 0.172509 0.79873 
vn 0.57643 0.173697 0.798472 
vn 0.57643 0.159417 0.801445 
vn 0.57643 0.146283 0.803946 
vn 0.57643 0.146283 0.803946 
vn 0.57643 0.133109 0.806232 
vn 0.57643 0.133109 0.806232 
vn 0.57643 0.145087 0.804163 
vn 0.57643 0.1199 0.808302 
vn 0.57643 0.1199 0.808302 
vn 0.57643 0.13071 0.806625 
vn 0.57643 0.106659 0.810156 
vn 0.57643 0.106659 0.810156 
vn 0.57643 0.116292 0.808829 
vn 0.57643 0.0933892 0.811792 
vn 0.57643 0.0933891 0.811792 
vn 0.57643 0.101837 0.810776 
vn 0.57643 0.0800944 0.813212 
vn 0.57643 0.087349 0.812465 
vn 0.57643 0.0667781 0.814413 
vn 0.57643 0.0728334 0.813894 
vn 0.57643 0.0667781 0.814413 
vn 0.57643 0.0534439 0.815397 
vn 0.57643 0.0582946 0.815065 
vn 0.57643 0.053444 0.815397 
vn 0.57643 0.0400955 0.816162 
vn 0.57643 0.0437372 0.815975 
vn 0.57643 0.0400956 0.816162 
vn 0.57643 0.0267363 0.816709 
vn 0.57643 0.0291659 0.816626 
vn 0.57643 0.0267364 0.816709 
vn 0.57643 0.0133699 0.817037 
vn 0.57643 0.01337 0.817037 
vn 0.57643 0.0145853 0.817016 
vn 0.57643 6.52061e-17 0.817147 
vn 0.57643 -0.0133699 0.817037 
vn 0.57643 -0.01337 0.817037 
vn 0.57643 -0.0267363 0.816709 
vn 0.57643 -0.0267364 0.816709 
vn 0.57643 -0.0145853 0.817016 
vn 0.57643 -0.0400955 0.816162 
vn 0.57643 -0.0400956 0.816162 
vn 0.57643 -0.0291659 0.816626 
vn 0.57643 -0.0534439 0.815397 
vn 0.57643 -0.053444 0.815397 
vn 0.57643 -0.0437372 0.815975 
vn 0.57643 -0.0667781 0.814413 
vn 0.57643 -0.0667781 0.814413 
vn 0.57643 -0.0582946 0.815065 
vn 0.57643 -0.0800944 0.813212 
vn 0.57643 -0.0728334 0.813894 
vn 0.57643 -0.0933892 0.811792 
vn 0.57643 -0.087349 0.812465 
vn 0.57643 -0.0933891 0.811792 
vn 0.57643 -0.106659 0.810156 
vn 0.57643 -0.101837 0.810776 
vn 0.57643 -0.106659 0.810156 
vn 0.57643 -0.1199 0.808302 
vn 0.57643 -0.116292 0.808829 
vn 0.57643 -0.1199 0.808302 
vn 0.57643 -0.133109 0.806232 
vn 0.57643 -0.13071 0.806625 
vn 0.57643 -0.133109 0.806232 
vn 0.57643 -0.146283 0.803946 
vn 0.57643 -0.146283 0.803946 
vn 0.57643 -0.145087 0.804163 
vn 0.57643 -0.159417 0.801445 
vn 0.57643 -0.172509 0.79873 
vn 0.57643 -0.172509 0.79873 
vn 0.57643 -0.185555 0.7958 
vn 0.57643 -0.185555 0.7958 
vn 0.57643 -0.173697 0.798472 
vn 0.57643 -0.19855 0.792658 
vn 0.57643 -0.198551 0.792658 
vn 0.57643 -0.187921 0.795245 
vn 0.57643 -0.211493 0.789303 
vn 0.57643 -0.211493 0.789303 
vn 0.57643 -0.202086 0.791764 
vn 0.57643 -0.224379 0.785737 
vn 0.57643 -0.224379 0.785737 
vn 0.57643 -0.216186 0.788031 
vn 0.57643 -0.237205 0.78196 
vn 0.57643 -0.230217 0.784046 
vn 0.57643 -0.249968 0.777975 
vn 0.57643 -0.244175 0.779812 
vn 0.57643 -0.249968 0.777975 
vn 0.57643 -0.262663 0.773781 
vn 0.57643 -0.258055 0.77533 
vn 0.57643 -0.262663 0.773781 
vn 0.57643 -0.275288 0.769379 
vn 0.57643 -0.271852 0.7706 
vn 0.57643 -0.275288 0.769379 
vn 0.57643 -0.28784 0.764772 
vn 0.57643 -0.285563 0.765625 
vn 0.57643 -0.28784 0.764772 
vn 0.57643 -0.300314 0.75996 
vn 0.57643 -0.300314 0.75996 
vn 0.57643 -0.299184 0.760406 
vn 0.57643 -0.312708 0.754945 
vn 0.57643 -0.325019 0.749727 
vn 0.57643 -0.325019 0.749727 
vn 0.57643 -0.337242 0.744309 
vn 0.57643 -0.337242 0.744309 
vn 0.57643 -0.326134 0.749243 
vn 0.57643 -0.349375 0.738692 
vn 0.57643 -0.349375 0.738692 
vn 0.57643 -0.339455 0.743303 
vn 0.57643 -0.361415 0.732876 
vn 0.57643 -0.361415 0.732876 
vn 0.57643 -0.352668 0.737125 
vn 0.57643 -0.373357 0.726865 
vn 0.57643 -0.373357 0.726865 
vn 0.57643 -0.365769 0.730713 
vn 0.57643 -0.3852 0.720659 
vn 0.57643 -0.378753 0.724068 
vn 0.57643 -0.39694 0.71426 
vn 0.57643 -0.391617 0.717192 
vn 0.57643 -0.39694 0.71426 
vn 0.57643 -0.408573 0.70767 
vn 0.57643 -0.404355 0.710088 
vn 0.57643 -0.408573 0.70767 
vn 0.57643 -0.420097 0.70089 
vn 0.57643 -0.416965 0.702758 
vn 0.57643 -0.420097 0.70089 
vn 0.57643 -0.431509 0.693923 
vn 0.57643 -0.429442 0.695203 
vn 0.57643 -0.431509 0.693923 
vn 0.57643 -0.442805 0.686769 
vn 0.57643 -0.442805 0.68677 
vn 0.57643 -0.441783 0.687427 
vn 0.57643 -0.453982 0.679432 
vn 0.57643 -0.465038 0.671914 
vn 0.57643 -0.465038 0.671914 
vn 0.57643 -0.47597 0.664215 
vn 0.57643 -0.47597 0.664215 
vn 0.57643 -0.466037 0.671221 
vn 0.57643 -0.486774 0.656338 
vn 0.57643 -0.486774 0.656338 
vn 0.57643 -0.477944 0.662796 
vn 0.57643 -0.497447 0.648286 
vn 0.57643 -0.497447 0.648286 
vn 0.57643 -0.489698 0.654159 
vn 0.57643 -0.507988 0.64006 
vn 0.57643 -0.507988 0.64006 
vn 0.57643 -0.501296 0.645315 
vn 0.57643 -0.518392 0.631663 
vn 0.57643 -0.512734 0.636264 
vn 0.57643 -0.528658 0.623096 
vn 0.57643 -0.524009 0.627011 
vn 0.57643 -0.528658 0.623096 
vn 0.57643 -0.538782 0.614363 
vn 0.57643 -0.535117 0.617558 
vn 0.57643 -0.538782 0.614363 
vn 0.57643 -0.548762 0.605466 
vn 0.57643 -0.546055 0.607908 
vn 0.57643 -0.548762 0.605466 
vn 0.57643 -0.558595 0.596406 
vn 0.57643 -0.556818 0.598065 
vn 0.57643 -0.558595 0.596406 
vn 0.57643 -0.568279 0.587186 
vn 0.57643 -0.568278 0.587187 
vn 0.57643 -0.567404 0.588031 
vn 0.57643 -0.57781 0.57781 
vn 0.57643 -0.587186 0.568279 
vn 0.57643 -0.587187 0.568278 
vn 0.57643 -0.596406 0.558595 
vn 0.57643 -0.596406 0.558595 
vn 0.57643 -0.588031 0.567404 
vn 0.57643 -0.605466 0.548762 
vn 0.57643 -0.605466 0.548762 
vn 0.57643 -0.598065 0.556818 
vn 0.57643 -0.614363 0.538782 
vn 0.57643 -0.614363 0.538782 
vn 0.57643 -0.607908 0.546055 
vn 0.57643 -0.623096 0.528658 
vn 0.57643 -0.623096 0.528658 
vn 0.57643 -0.617558 0.535117 
vn 0.57643 -0.631663 0.518392 
vn 0.57643 -0.627011 0.524009 
vn 0.57643 -0.64006 0.507988 
vn 0.57643 -0.636264 0.512734 
vn 0.57643 -0.64006 0.507988 
vn 0.57643 -0.648286 0.497447 
vn 0.57643 -0.645315 0.501296 
vn 0.57643 -0.648286 0.497447 
vn 0.57643 -0.656338 0.486774 
vn 0.57643 -0.654159 0.489698 
vn 0.57643 -0.656338 0.486774 
vn 0.57643 -0.664215 0.47597 
vn 0.57643 -0.662796 0.477944 
vn 0.57643 -0.664215 0.47597 
vn 0.57643 -0.671914 0.465038 
vn 0.57643 -0.671914 0.465038 
vn 0.57643 -0.671221 0.466037 
vn 0.57643 -0.679432 0.453982 
vn 0.57643 -0.686769 0.442805 
vn 0.57643 -0.68677 0.442805 
vn 0.57643 -0.693923 0.431509 
vn 0.57643 -0.693923 0.431509 
vn 0.57643 -0.687427 0.441783 
vn 0.57643 -0.70089 0.420097 
vn 0.57643 -0.70089 0.420097 
vn 0.57643 -0.695203 0.429442 
vn 0.57643 -0.70767 0.408573 
vn 0.57643 -0.70767 0.408573 
vn 0.57643 -0.702758 0.416965 
vn 0.57643 -0.71426 0.39694 
vn 0.57643 -0.71426 0.39694 
vn 0.57643 -0.710088 0.404355 
vn 0.57643 -0.720659 0.3852 
vn 0.57643 -0.717192 0.391617 
vn 0.57643 -0.726865 0.373357 
vn 0.57643 -0.724068 0.378753 
vn 0.57643 -0.726865 0.373357 
vn 0.57643 -0.732876 0.361415 
vn 0.57643 -0.730713 0.365769 
vn 0.57643 -0.732876 0.361415 
vn 0.57643 -0.738692 0.349375 
vn 0.57643 -0.737125 0.352668 
vn 0.57643 -0.738692 0.349375 
vn 0.57643 -0.744309 0.337242 
vn 0.57643 -0.743303 0.339455 
vn 0.57643 -0.744309 0.337242 
vn 0.57643 -0.749727 0.325019 
vn 0.57643 -0.749727 0.325019 
vn 0.57643 -0.749243 0.326134 
vn 0.57643 -0.754945 0.312708 
vn 0.57643 -0.75996 0.300314 
vn 0.57643 -0.75996 0.300314 
vn 0.57643 -0.764772 0.28784 
vn 0.57643 -0.764772 0.28784 
vn 0.57643 -0.760406 0.299184 
vn 0.57643 -0.769379 0.275288 
vn 0.57643 -0.769379 0.275288 
vn 0.57643 -0.765625 0.285563 
vn 0.57643 -0.773781 0.262663 
vn 0.57643 -0.773781 0.262663 
vn 0.57643 -0.7706 0.271852 
vn 0.57643 -0.777975 0.249968 
vn 0.57643 -0.777975 0.249968 
vn 0.57643 -0.77533 0.258055 
vn 0.57643 -0.78196 0.237205 
vn 0.57643 -0.779812 0.244175 
vn 0.57643 -0.785737 0.224379 
vn 0.57643 -0.784046 0.230217 
vn 0.57643 -0.785737 0.224379 
vn 0.57643 -0.789303 0.211493 
vn 0.57643 -0.788031 0.216186 
vn 0.57643 -0.789303 0.211493 
vn 0.57643 -0.792658 0.19855 
vn 0.57643 -0.791764 0.202086 
vn 0.57643 -0.792658 0.198551 
vn 0.57643 -0.7958 0.185555 
vn 0.57643 -0.795245 0.187921 
vn 0.57643 -0.7958 0.185555 
vn 0.57643 -0.79873 0.172509 
vn 0.57643 -0.79873 0.172509 
vn 0.57643 -0.798472 0.173697 
vn 0.57643 -0.801445 0.159417 
vn 0.57643 -0.803946 0.146283 
vn 0.57643 -0.803946 0.146283 
vn 0.57643 -0.806232 0.133109 
vn 0.57643 -0.806232 0.133109 
vn 0.57643 -0.804163 0.145087 
vn 0.57643 -0.808302 0.1199 
vn 0.57643 -0.808302 0.1199 
vn 0.57643 -0.806625 0.13071 
vn 0.57643 -0.810156 0.106659 
vn 0.57643 -0.810156 0.106659 
vn 0.57643 -0.808829 0.116292 
vn 0.57643 -0.811792 0.0933892 
vn 0.57643 -0.811792 0.0933891 
vn 0.57643 -0.810776 0.101837 
vn 0.57643 -0.813212 0.0800944 
vn 0.57643 -0.812465 0.087349 
vn 0.57643 -0.814413 0.0667781 
vn 0.57643 -0.813894 0.0728334 
vn 0.57643 -0.814413 0.0667781 
vn 0.57643 -0.815397 0.0534439 
vn 0.57643 -0.815065 0.0582946 
vn 0.57643 -0.815397 0.053444 
vn 0.57643 -0.816162 0.0400955 
vn 0.57643 -0.815975 0.0437372 
vn 0.57643 -0.816162 0.0400956 
vn 0.57643 -0.816709 0.0267363 
vn 0.57643 -0.816626 0.0291659 
vn 0.57643 -0.816709 0.0267364 
vn 0.57643 -0.817037 0.0133699 
vn 0.57643 -0.817037 0.01337 
vn 0.57643 -0.817016 0.0145853 
vn 0.57643 -0.817147 2.15464e-16 
vn 0.57643 -0.817037 -0.0133699 
vn 0.57643 -0.817037 -0.01337 
vn 0.57643 -0.816709 -0.0267363 
vn 0.57643 -0.816709 -0.0267364 
vn 0.57643 -0.817016 -0.0145853 
vn 0.57643 -0.816162 -0.0400955 
vn 0.57643 -0.816162 -0.0400956 
vn 0.57643 -0.816626 -0.0291659 
vn 0.57643 -0.815397 -0.0534439 
vn 0.57643 -0.815397 -0.053444 
vn 0.57643 -0.815975 -0.0437372 
vn 0.57643 -0.814413 -0.0667781 
vn 0.57643 -0.814413 -0.0667781 
vn 0.57643 -0.815065 -0.0582946 
vn 0.57643 -0.813212 -0.0800944 
vn 0.57643 -0.813894 -0.0728334 
vn 0.57643 -0.811792 -0.0933892 
vn 0.57643 -0.812465 -0.087349 
vn 0.57643 -0.811792 -0.0933891 
vn 0.57643 -0.810156 -0.106659 
vn 0.57643 -0.810776 -0.101837 
vn 0.57643 -0.810156 -0.106659 
vn 0.57643 -0.808302 -0.1199 
vn 0.57643 -0.808829 -0.116292 
vn 0.57643 -0.808302 -0.1199 
vn 0.57643 -0.806232 -0.133109 
vn 0.57643 -0.806625 -0.13071 
vn 0.57643 -0.806232 -0.133109 
vn 0.57643 -0.803946 -0.146283 
vn 0.57643 -0.803946 -0.146283 
vn 0.57643 -0.804163 -0.145087 
vn 0.57643 -0.801445 -0.159417 
vn 0.57643 -0.79873 -0.172509 
vn 0.57643 -0.79873 -0.172509 
vn 0.57643 -0.7958 -0.185555 
vn 0.57643 -0.7958 -0.185555 
vn 0.57643 -0.798472 -0.173697 
vn 0.57643 -0.792658 -0.19855 
vn 0.57643 -0.792658 -0.198551 
vn 0.57643 -0.795245 -0.187921 
vn 0.57643 -0.789303 -0.211493 
vn 0.57643 -0.789303 -0.211493 
vn 0.57643 -0.791764 -0.202086 
vn 0.57643 -0.785737 -0.224379 
vn 0.57643 -0.785737 -0.224379 
vn 0.57643 -0.788031 -0.216186 
vn 0.57643 -0.78196 -0.237205 
vn 0.57643 -0.784046 -0.230217 
vn 0.57643 -0.777975 -0.249968 
vn 0.57643 -0.779812 -0.244175 
vn 0.57643 -0.777975 -0.249968 
vn 0.57643 -0.773781 -0.262663 
vn 0.57643 -0.77533 -0.258055 
vn 0.57643 -0.773781 -0.262663 
vn 0.57643 -0.769379 -0.275288 
vn 0.57643 -0.7706 -0.271852 
vn 0.57643 -0.769379 -0.275288 
vn 0.57643 -0.764772 -0.28784 
vn 0.57643 -0.765625 -0.285563 
vn 0.57643 -0.764772 -0.28784 
vn 0.57643 -0.75996 -0.300314 
vn 0.57643 -0.75996 -0.300314 
vn 0.57643 -0.760406 -0.299184 
vn 0.57643 -0.754945 -0.312708 
vn 0.57643 -0.749727 -0.325019 
vn 0.57643 -0.749727 -0.325019 
vn 0.57643 -0.744309 -0.337242 
vn 0.57643 -0.744309 -0.337242 
vn 0.57643 -0.749243 -0.326134 
vn 0.57643 -0.738692 -0.349375 
vn 0.57643 -0.738692 -0.349375 
vn 0.57643 -0.743303 -0.339455 
vn 0.57643 -0.732876 -0.361415 
vn 0.57643 -0.732876 -0.361415 
vn 0.57643 -0.737125 -0.352668 
vn 0.57643 -0.726865 -0.373357 
vn 0.57643 -0.726865 -0.373357 
vn 0.57643 -0.730713 -0.365769 
vn 0.57643 -0.720659 -0.3852 
vn 0.57643 -0.724068 -0.378753 
vn 0.57643 -0.71426 -0.39694 
vn 0.57643 -0.717192 -0.391617 
vn 0.57643 -0.71426 -0.39694 
vn 0.57643 -0.70767 -0.408573 
vn 0.57643 -0.710088 -0.404355 
vn 0.57643 -0.70767 -0.408573 
vn 0.57643 -0.70089 -0.420097 
vn 0.57643 -0.702758 -0.416965 
vn 0.57643 -0.70089 -0.420097 
vn 0.57643 -0.693923 -0.431509 
vn 0.57643 -0.695203 -0.429442 
vn 0.57643 -0.693923 -0.431509 
vn 0.57643 -0.686769 -0.442805 
vn 0.57643 -0.68677 -0.442805 
vn 0.57643 -0.687427 -0.441783 
vn 0.57643 -0.679432 -0.453982 
vn 0.57643 -0.671914 -0.465038 
vn 0.57643 -0.671914 -0.465038 
vn 0.57643 -0.664215 -0.47597 
vn 0.57643 -0.664215 -0.47597 
vn 0.57643 -0.671221 -0.466037 
vn 0.57643 -0.656338 -0.486774 
vn 0.57643 -0.656338 -0.486774 
vn 0.57643 -0.662796 -0.477944 
vn 0.57643 -0.648286 -0.497447 
vn 0.57643 -0.648286 -0.497447 
vn 0.57643 -0.654159 -0.489698 
vn 0.57643 -0.64006 -0.507988 
vn 0.57643 -0.64006 -0.507988 
vn 0.57643 -0.645315 -0.501296 
vn 0.57643 -0.631663 -0.518392 
vn 0.57643 -0.636264 -0.512734 
vn 0.57643 -0.623096 -0.528658 
vn 0.57643 -0.627011 -0.524009 
vn 0.57643 -0.623096 -0.528658 
vn 0.57643 -0.614363 -0.538782 
vn 0.57643 -0.617558 -0.535117 
vn 0.57643 -0.614363 -0.538782 
vn 0.57643 -0.605466 -0.548762 
vn 0.57643 -0.607908 -0.546055 
vn 0.57643 -0.605466 -0.548762 
vn 0.57643 -0.596406 -0.558595 
vn 0.57643 -0.598065 -0.556818 
vn 0.57643 -0.596406 -0.558595 
vn 0.57643 -0.587186 -0.568279 
vn 0.57643 -0.587187 -0.568278 
vn 0.57643 -0.588031 -0.567404 
vn 0.57643 -0.57781 -0.57781 
vn 0.57643 -0.568279 -0.587186 
vn 0.57643 -0.568278 -0.587187 
vn 0.57643 -0.558595 -0.596406 
vn 0.57643 -0.558595 -0.596406 
vn 0.57643 -0.567404 -0.588031 
vn 0.57643 -0.548762 -0.605466 
vn 0.57643 -0.548762 -0.605466 
vn 0.57643 -0.556818 -0.598065 
vn 0.57643 -0.538782 -0.614363 
vn 0.57643 -0.538782 -0.614363 
vn 0.57643 -0.546055 -0.607908 
vn 0.57643 -0.528658 -0.623096 
vn 0.57643 -0.528658 -0.623096 
vn 0.57643 -0.535117 -0.617558 
vn 0.57643 -0.518392 -0.631663 
vn 0.57643 -0.524009 -0.627011 
vn 0.57643 -0.507988 -0.64006 
vn 0.57643 -0.512734 -0.636264 
vn 0.57643 -0.507988 -0.64006 
vn 0.57643 -0.497447 -0.648286 
vn 0.57643 -0.501296 -0.645315 
vn 0.57643 -0.497447 -0.648286 
vn 0.57643 -0.486774 -0.656338 
vn 0.57643 -0.489698 -0.654159 
vn 0.57643 -0.486774 -0.656338 
vn 0.57643 -0.47597 -0.664215 
vn 0.57643 -0.477944 -0.662796 
vn 0.57643 -0.47597 -0.664215 
vn 0.57643 -0.465038 -0.671914 
vn 0.57643 -0.465038 -0.671914 
vn 0.57643 -0.466037 -0.671221 
vn 0.57643 -0.453982 -0.679432 
vn 0.57643 -0.442805 -0.686769 
vn 0.57643 -0.442805 -0.68677 
vn 0.57643 -0.431509 -0.693923 
vn 0.57643 -0.431509 -0.693923 
vn 0.57643 -0.441783 -0.687427 
vn 0.57643 -0.420097 -0.70089 
vn 0.57643 -0.420097 -0.70089 
vn 0.57643 -0.429442 -0.695203 
vn 0.57643 -0.408573 -0.70767 
vn 0.57643 -0.408573 -0.70767 
vn 0.57643 -0.416965 -0.702758 
vn 0.57643 -0.39694 -0.71426 
vn 0.57643 -0.39694 -0.71426 
vn 0.57643 -0.404355 -0.710088 
vn 0.57643 -0.3852 -0.720659 
vn 0.57643 -0.391617 -0.717192 
vn 0.57643 -0.373357 -0.726865 
vn 0.57643 -0.378753 -0.724068 
vn 0.57643 -0.373357 -0.726865 
vn 0.57643 -0.361415 -0.732876 
vn 0.57643 -0.365769 -0.730713 
vn 0.57643 -0.361415 -0.732876 
vn 0.57643 -0.349375 -0.738692 
vn 0.57643 -0.352668 -0.737125 
vn 0.57643 -0.349375 -0.738692 
vn 0.57643 -0.337242 -0.744309 
vn 0.57643 -0.339455 -0.743303 
vn 0.57643 -0.337242 -0.744309 
vn 0.57643 -0.325019 -0.749727 
vn 0.57643 -0.325019 -0.749727 
vn 0.57643 -0.326134 -0.749243 
vn 0.57643 -0.312708 -0.754945 
vn 0.57643 -0.300314 -0.75996 
vn 0.57643 -0.300314 -0.75996 
vn 0.57643 -0.28784 -0.764772 
vn 0.57643 -0.28784 -0.764772 
vn 0.57643 -0.299184 -0.760406 
vn 0.57643 -0.275288 -0.769379 
vn 0.57643 -0.275288 -0.769379 
vn 0.57643 -0.285563 -0.765625 
vn 0.57643 -0.262663 -0.773781 
vn 0.57643 -0.262663 -0.773781 
vn 0.57643 -0.271852 -0.7706 
vn 0.57643 -0.249968 -0.777975 
vn 0.57643 -0.249968 -0.777975 
vn 0.57643 -0.258055 -0.77533 
vn 0.57643 -0.237205 -0.78196 
vn 0.57643 -0.244175 -0.779812 
vn 0.57643 -0.224379 -0.785737 
vn 0.57643 -0.230217 -0.784046 
vn 0.57643 -0.224379 -0.785737 
vn 0.57643 -0.211493 -0.789303 
vn 0.57643 -0.216186 -0.788031 
vn 0.57643 -0.211493 -0.789303 
vn 0.57643 -0.19855 -0.792658 
vn 0.57643 -0.202086 -0.791764 
vn 0.57643 -0.198551 -0.792658 
vn 0.57643 -0.185555 -0.7958 
vn 0.57643 -0.187921 -0.795245 
vn 0.57643 -0.185555 -0.7958 
vn 0.57643 -0.172509 -0.79873 
vn 0.57643 -0.172509 -0.79873 
vn 0.57643 -0.173697 -0.798472 
vn 0.57643 -0.159417 -0.801445 
vn 0.57643 -0.146283 -0.803946 
vn 0.57643 -0.146283 -0.803946 
vn 0.57643 -0.133109 -0.806232 
vn 0.57643 -0.133109 -0.806232 
vn 0.57643 -0.145087 -0.804163 
vn 0.57643 -0.1199 -0.808302 
vn 0.57643 -0.1199 -0.808302 
vn 0.57643 -0.13071 -0.806625 
vn 0.57643 -0.106659 -0.810156 
vn 0.57643 -0.106659 -0.810156 
vn 0.57643 -0.116292 -0.808829 
vn 0.57643 -0.0933892 -0.811792 
vn 0.57643 -0.0933891 -0.811792 
vn 0.57643 -0.101837 -0.810776 
vn 0.57643 -0.0800944 -0.813212 
vn 0.57643 -0.087349 -0.812465 
vn 0.57643 -0.0667781 -0.814413 
vn 0.57643 -0.0728334 -0.813894 
vn 0.57643 -0.0667781 -0.814413 
vn 0.57643 -0.0534439 -0.815397 
vn 0.57643 -0.0582946 -0.815065 
vn 0.57643 -0.053444 -0.815397 
vn 0.57643 -0.0400955 -0.816162 
vn 0.57643 -0.0437372 -0.815975 
vn 0.57643 -0.0400956 -0.816162 
vn 0.57643 -0.0267363 -0.816709 
vn 0.57643 -0.0291659 -0.816626 
vn 0.57643 -0.0267364 -0.816709 
vn 0.57643 -0.0133699 -0.817037 
vn 0.57643 -0.01337 -0.817037 
vn 0.57643 -0.0145853 -0.817016 
vn 0.57643 1.72938e-16 -0.817147 
vn 0.57643 0.0133699 -0.817037 
vn 0.57643 0.01337 -0.817037 
vn 0.57643 0.0267363 -0.816709 
vn 0.57643 0.0267364 -0.816709 
vn 0.57643 0.0145853 -0.817016 
vn 0.57643 0.0400955 -0.816162 
vn 0.57643 0.0400956 -0.816162 
vn 0.57643 0.0291659 -0.816626 
vn 0.57643 0.0534439 -0.815397 
vn 0.57643 0.053444 -0.815397 
vn 0.57643 0.0437372 -0.815975 
vn 0.57643 0.0667781 -0.814413 
vn 0.57643 0.0667781 -0.814413 
vn 0.57643 0.0582946 -0.815065 
vn 0.57643 0.0800944 -0.813212 
vn 0.57643 0.0728334 -0.813894 
vn 0.57643 0.0933892 -0.811792 
vn 0.57643 0.087349 -0.812465 
vn 0.57643 0.0933891 -0.811792 
vn 0.57643 0.106659 -0.810156 
vn 0.57643 0.101837 -0.810776 
vn 0.57643 0.106659 -0.810156 
vn 0.57643 0.1199 -0.808302 
vn 0.57643 0.116292 -0.808829 
vn 0.57643 0.1199 -0.808302 
vn 0.57643 0.133109 -0.806232 
vn 0.57643 0.13071 -0.806625 
vn 0.57643 0.133109 -0.806232 
vn 0.57643 0.146283 -0.803946 
vn 0.57643 0.146283 -0.803946 
vn 0.57643 0.145087 -0.804163 
vn 0.57643 0.159417 -0.801445 
vn 0.57643 0.172509 -0.79873 
vn 0.57643 0.172509 -0.79873 
vn 0.57643 0.185555 -0.7958 
vn 0.57643 0.185555 -0.7958 
vn 0.57643 0.173697 -0.798472 
vn 0.57643 0.19855 -0.792658 
vn 0.57643 0.198551 -0.792658 
vn 0.57643 0.187921 -0.795245 
vn 0.57643 0.211493 -0.789303 
vn 0.57643 0.211493 -0.789303 
vn 0.57643 0.202086 -0.791764 
vn 0.57643 0.224379 -0.785737 
vn 0.57643 0.224379 -0.785737 
vn 0.57643 0.216186 -0.788031 
vn 0.57643 0.237205 -0.78196 
vn 0.57643 0.230217 -0.784046 
vn 0.57643 0.249968 -0.777975 
vn 0.57643 0.244175 -0.779812 
vn 0.57643 0.249968 -0.777975 
vn 0.57643 0.262663 -0.773781 
vn 0.57643 0.258055 -0.77533 
vn 0.57643 0.262663 -0.773781 
vn 0.57643 0.275288 -0.769379 
vn 0.57643 0.271852 -0.7706 
vn 0.57643 0.275288 -0.769379 
vn 0.57643 0.28784 -0.764772 
vn 0.57643 0.285563 -0.765625 
vn 0.57643 0.28784 -0.764772 
vn 0.57643 0.300314 -0.75996 
vn 0.57643 0.300314 -0.75996 
vn 0.57643 0.299184 -0.760406 
vn 0.57643 0.312708 -0.754945 
vn 0.57643 0.325019 -0.749727 
vn 0.57643 0.325019 -0.749727 
vn 0.57643 0.337242 -0.744309 
vn 0.57643 0.337242 -0.744309 
vn 0.57643 0.326134 -0.749243 
vn 0.57643 0.349375 -0.738692 
vn 0.57643 0.349375 -0.738692 
vn 0.57643 0.339455 -0.743303 
vn 0.57643 0.361415 -0.732876 
vn 0.57643 0.361415 -0.732876 
vn 0.57643 0.352668 -0.737125 
vn 0.57643 0.373357 -0.726865 
vn 0.57643 0.373357 -0.726865 
vn 0.57643 0.365769 -0.730713 
vn 0.57643 0.3852 -0.720659 
vn 0.57643 0.378753 -0.724068 
vn 0.57643 0.39694 -0.71426 
vn 0.57643 0.391617 -0.717192 
vn 0.57643 0.39694 -0.71426 
vn 0.57643 0.408573 -0.70767 
vn 0.57643 0.404355 -0.710088 
vn 0.57643 0.408573 -0.70767 
vn 0.57643 0.420097 -0.70089 
vn 0.57643 0.416965 -0.702758 
vn 0.57643 0.420097 -0.70089 
vn 0.57643 0.431509 -0.693923 
vn 0.57643 0.429442 -0.695203 
vn 0.57643 0.431509 -0.693923 
vn 0.57643 0.442805 -0.686769 
vn 0.57643 0.442805 -0.68677 
vn 0.57643 0.441783 -0.687427 
vn 0.57643 0.453982 -0.679432 
vn 0.57643 0.465038 -0.671914 
vn 0.57643 0.465038 -0.671914 
vn 0.57643 0.47597 -0.664215 
vn 0.57643 0.47597 -0.664215 
vn 0.57643 0.466037 -0.671221 
vn 0.57643 0.486774 -0.656338 
vn 0.57643 0.486774 -0.656338 
vn 0.57643 0.477944 -0.662796 
vn 0.57643 0.497447 -0.648286 
vn 0.57643 0.497447 -0.648286 
vn 0.57643 0.489698 -0.654159 
vn 0.57643 0.507988 -0.64006 
vn 0.57643 0.507988 -0.64006 
vn 0.57643 0.501296 -0.645315 
vn 0.57643 0.518392 -0.631663 
vn 0.57643 0.512734 -0.636264 
vn 0.57643 0.528658 -0.623096 
vn 0.57643 0.524009 -0.627011 
vn 0.57643 0.528658 -0.623096 
vn 0.57643 0.538782 -0.614363 
vn 0.57643 0.535117 -0.617558 
vn 0.57643 0.538782 -0.614363 
vn 0.57643 0.548762 -0.605466 
vn 0.57643 0.546055 -0.607908 
vn 0.57643 0.548762 -0.605466 
vn 0.57643 0.558595 -0.596406 
vn 0.57643 0.556818 -0.598065 
vn 0.57643 0.558595 -0.596406 
vn 0.57643 0.568279 -0.587186 
vn 0.57643 0.568278 -0.587187 
vn 0.57643 0.567404 -0.588031 
vn 0.57643 0.57781 -0.57781 
vn 0.57643 0.587186 -0.568279 
vn 0.57643 0.587187 -0.568278 
vn 0.57643 0.596406 -0.558595 
vn 0.57643 0.596406 -0.558595 
vn 0.57643 0.588031 -0.567404 
vn 0.57643 0.605466 -0.548762 
vn 0.57643 0.605466 -0.548762 
vn 0.57643 0.598065 -0.556818 
vn 0.57643 0.614363 -0.538782 
vn 0.57643 0.614363 -0.538782 
vn 0.57643 0.607908 -0.546055 
vn 0.57643 0.623096 -0.528658 
vn 0.57643 0.623096 -0.528658 
vn 0.57643 0.617558 -0.535117 
vn 0.57643 0.631663 -0.518392 
vn 0.57643 0.627011 -0.524009 
vn 0.57643 0.64006 -0.507988 
vn 0.57643 0.636264 -0.512734 
vn 0.57643 0.64006 -0.507988 
vn 0.57643 0.648286 -0.497447 
vn 0.57643 0.645315 -0.501296 
vn 0.57643 0.648286 -0.497447 
vn 0.57643 0.656338 -0.486774 
vn 0.57643 0.654159 -0.489698 
vn 0.57643 0.656338 -0.486774 
vn 0.57643 0.664215 -0.47597 
vn 0.57643 0.662796 -0.477944 
vn 0.57643 0.664215 -0.47597 
vn 0.57643 0.671914 -0.465038 
vn 0.57643 0.671914 -0.465038 
vn 0.57643 0.671221 -0.466037 
vn 0.57643 0.679432 -0.453982 
vn 0.57643 0.686769 -0.442805 
vn 0.57643 0.68677 -0.442805 
vn 0.57643 0.693923 -0.431509 
vn 0.57643 0.693923 -0.431509 
vn 0.57643 0.687427 -0.441783 
vn 0.57643 0.70089 -0.420097 
vn 0.57643 0.70089 -0.420097 
vn 0.57643 0.695203 -0.429442 
vn 0.57643 0.70767 -0.408573 
vn 0.57643 0.70767 -0.408573 
vn 0.57643 0.702758 -0.416965 
vn 0.57643 0.71426 -0.39694 
vn 0.57643 0.71426 -0.39694 
vn 0.57643 0.710088 -0.404355 
vn 0.57643 0.720659 -0.3852 
vn 0.57643 0.717192 -0.391617 
vn 0.57643 0.726865 -0.373357 
vn 0.57643 0.724068 -0.378753 
vn 0.57643 0.726865 -0.373357 
vn 0.57643 0.732876 -0.361415 
vn 0.57643 0.730713 -0.365769 
vn 0.57643 0.732876 -0.361415 
vn 0.57643 0.738692 -0.349375 
vn 0.57643 0.737125 -0.352668 
vn 0.57643 0.738692 -0.349375 
vn 0.57643 0.744309 -0.337242 
vn 0.57643 0.743303 -0.339455 
vn 0.57643 0.744309 -0.337242 
vn 0.57643 0.749727 -0.325019 
vn 0.57643 0.749727 -0.325019 
vn 0.57643 0.749243 -0.326134 
vn 0.57643 0.754945 -0.312708 
vn 0.57643 0.75996 -0.300314 
vn 0.57643 0.75996 -0.300314 
vn 0.57643 0.764772 -0.28784 
vn 0.57643 0.764772 -0.28784 
vn 0.57643 0.760406 -0.299184 
vn 0.57643 0.769379 -0.275288 
vn 0.57643 0.769379 -0.275288 
vn 0.57643 0.765625 -0.285563 
vn 0.57643 0.773781 -0.262663 
vn 0.57643 0.773781 -0.262663 
vn 0.57643 0.7706 -0.271852 
vn 0.57643 0.777975 -0.249968 
vn 0.57643 0.777975 -0.249968 
vn 0.57643 0.77533 -0.258055 
vn 0.57643 0.78196 -0.237205 
vn 0.57643 0.779812 -0.244175 
vn 0.57643 0.785737 -0.224379 
vn 0.57643 0.784046 -0.230217 
vn 0.57643 0.785737 -0.224379 
vn 0.57643 0.789303 -0.211493 
vn 0.57643 0.788031 -0.216186 
vn 0.57643 0.789303 -0.211493 
vn 0.57643 0.792658 -0.19855 
vn 0.57643 0.791764 -0.202086 
vn 0.57643 0.792658 -0.198551 
vn 0.57643 0.7958 -0.185555 
vn 0.57643 0.795245 -0.187921 
vn 0.57643 0.7958 -0.185555 
vn 0.57643 0.79873 -0.172509 
vn 0.57643 0.79873 -0.172509 
vn 0.57643 0.798472 -0.173697 
vn 0.57643 0.801445 -0.159417 
vn 0.57643 0.803946 -0.146283 
vn 0.57643 0.803946 -0.146283 
vn 0.57643 0.806232 -0.133109 
vn 0.57643 0.806232 -0.133109 
vn 0.57643 0.804163 -0.145087 
vn 0.57643 0.808302 -0.1199 
vn 0.57643 0.808302 -0.1199 
vn 0.57643 0.806625 -0.13071 
vn 0.57643 0.810156 -0.106659 
vn 0.57643 0.810156 -0.106659 
vn 0.57643 0.808829 -0.116292 
vn 0.57643 0.811792 -0.0933892 
vn 0.57643 0.811792 -0.0933891 
vn 0.57643 0.810776 -0.101837 
vn 0.57643 0.813212 -0.0800944 
vn 0.57643 0.812465 -0.087349 
vn 0.57643 0.814413 -0.0667781 
vn 0.57643 0.813894 -0.0728334 
vn 0.57643 0.814413 -0.0667781 
vn 0.57643 0.815397 -0.0534439 
vn 0.57643 0.815065 -0.0582946 
vn 0.57643 0.815397 -0.053444 
vn 0.57643 0.816162 -0.0400955 
vn 0.57643 0.815975 -0.0437372 
vn 0.57643 0.816162 -0.0400956 
vn 0.57643 0.816709 -0.0267363 
vn 0.57643 0.816626 -0.0291659 
vn 0.57643 0.816709 -0.0267364 
vn 0.57643 0.817037 -0.0133699 
vn 0.57643 0.817037 -0.01337 
vn 0.57643 0.817016 -0.0145853 
vn 0.57643 0.817147 0 
vn 0 -0.999866 -0.0163617 
vn 0 -1 -2.44929e-16 
vn 0 -0.999465 -0.0327191 
vn 0 -0.999866 -0.0163617 
vn 0 -0.998795 -0.0490677 
vn 0 -0.999465 -0.0327191 
vn 0 -0.997859 -0.0654031 
vn 0 -0.998795 -0.0490677 
vn 0 -0.996655 -0.0817211 
vn 0 -0.997859 -0.0654031 
vn 0 -0.995185 -0.0980171 
vn 0 -0.996655 -0.0817211 
vn 0 -0.993448 -0.114287 
vn 0 -0.995185 -0.0980171 
vn 0 -0.991445 -0.130526 
vn 0 -0.993448 -0.114287 
vn 0 -0.989177 -0.14673 
vn 0 -0.991445 -0.130526 
vn 0 -0.986643 -0.162895 
vn 0 -0.989177 -0.14673 
vn 0 -0.983846 -0.179017 
vn 0 -0.986643 -0.162895 
vn 0 -0.980785 -0.19509 
vn 0 -0.983846 -0.179017 
vn 0 -0.977462 -0.211112 
vn 0 -0.980785 -0.19509 
vn 0 -0.973877 -0.227076 
vn 0 -0.977462 -0.211112 
vn 0 -0.970031 -0.24298 
vn 0 -0.973877 -0.227076 
vn 0 -0.965926 -0.258819 
vn 0 -0.970031 -0.24298 
vn 0 -0.961562 -0.274589 
vn 0 -0.965926 -0.258819 
vn 0 -0.95694 -0.290285 
vn 0 -0.961562 -0.274589 
vn 0 -0.952063 -0.305903 
vn 0 -0.95694 -0.290285 
vn 0 -0.94693 -0.321439 
vn 0 -0.952063 -0.305903 
vn 0 -0.941544 -0.33689 
vn 0 -0.94693 -0.321439 
vn 0 -0.935906 -0.35225 
vn 0 -0.941544 -0.33689 
vn 0 -0.930017 -0.367516 
vn 0 -0.935906 -0.35225 
vn 0 -0.92388 -0.382683 
vn 0 -0.930017 -0.367516 
vn 0 -0.917494 -0.397748 
vn 0 -0.92388 -0.382683 
vn 0 -0.910864 -0.412707 
vn 0 -0.917494 -0.397748 
vn 0 -0.903989 -0.427555 
vn 0 -0.910864 -0.412707 
vn 0 -0.896873 -0.442289 
vn 0 -0.903989 -0.427555 
vn 0 -0.889516 -0.456904 
vn 0 -0.896873 -0.442289 
vn 0 -0.881921 -0.471397 
vn 0 -0.889516 -0.456904 
vn 0 -0.87409 -0.485763 
vn 0 -0.881921 -0.471397 
vn 0 -0.866025 -0.5 
vn 0 -0.87409 -0.485763 
vn 0 -0.857729 -0.514103 
vn 0 -0.866025 -0.5 
vn 0 -0.849202 -0.528068 
vn 0 -0.857729 -0.514103 
vn 0 -0.840448 -0.541892 
vn 0 -0.849202 -0.528068 
vn 0 -0.83147 -0.55557 
vn 0 -0.840448 -0.541892 
vn 0 -0.822268 -0.5691 
vn 0 -0.83147 -0.55557 
vn 0 -0.812847 -0.582478 
vn 0 -0.822268 -0.5691 
vn 0 -0.803208 -0.595699 
vn 0 -0.812847 -0.582478 
vn 0 -0.793353 -0.608761 
vn 0 -0.803208 -0.595699 
vn 0 -0.783287 -0.621661 
vn 0 -0.793353 -0.608761 
vn 0 -0.77301 -0.634393 
vn 0 -0.783287 -0.621661 
vn 0 -0.762527 -0.646956 
vn 0 -0.77301 -0.634393 
vn 0 -0.75184 -0.659346 
vn 0 -0.762527 -0.646956 
vn 0 -0.740951 -0.671559 
vn 0 -0.75184 -0.659346 
vn 0 -0.729864 -0.683592 
vn 0 -0.740951 -0.671559 
vn 0 -0.718582 -0.695443 
vn 0 -0.729864 -0.683592 
vn 0 -0.707107 -0.707107 
vn 0 -0.718582 -0.695443 
vn 0 -0.695443 -0.718582 
vn 0 -0.707107 -0.707107 
vn 0 -0.683592 -0.729864 
vn 0 -0.695443 -0.718582 
vn 0 -0.671559 -0.740951 
vn 0 -0.683592 -0.729864 
vn 0 -0.659346 -0.75184 
vn 0 -0.671559 -0.740951 
vn 0 -0.646956 -0.762527 
vn 0 -0.659346 -0.75184 
vn 0 -0.634393 -0.77301 
vn 0 -0.646956 -0.762527 
vn 0 -0.621661 -0.783287 
vn 0 -0.634393 -0.77301 
vn 0 -0.608761 -0.793353 
vn 0 -0.621661 -0.783287 
vn 0 -0.595699 -0.803208 
vn 0 -0.608761 -0.793353 
vn 0 -0.582478 -0.812847 
vn 0 -0.595699 -0.803208 
vn 0 -0.5691 -0.822268 
vn 0 -0.582478 -0.812847 
vn 0 -0.55557 -0.83147 
vn 0 -0.5691 -0.822268 
vn 0 -0.541892 -0.840448 
vn 0 -0.55557 -0.83147 
vn 0 -0.528068 -0.849202 
vn 0 -0.541892 -0.840448 
vn 0 -0.514103 -0.857729 
vn 0 -0.528068 -0.849202 
vn 0 -0.5 -0.866025 
vn 0 -0.514103 -0.857729 
vn 0 -0.485763 -0.87409 
vn 0 -0.5 -0.866025 
vn 0 -0.471397 -0.881921 
vn 0 -0.485763 -0.87409 
vn 0 -0.456904 -0.889516 
vn 0 -0.471397 -0.881921 
vn 0 -0.442289 -0.896873 
vn 0 -0.456904 -0.889516 
vn 0 -0.427555 -0.903989 
vn 0 -0.442289 -0.896873 
vn 0 -0.412707 -0.910864 
vn 0 -0.427555 -0.903989 
vn 0 -0.397748 -0.917494 
vn 0 -0.412707 -0.910864 
vn 0 -0.382683 -0.92388 
vn 0 -0.397748 -0.917494 
vn 0 -0.367516 -0.930017 
vn 0 -0.382683 -0.92388 
vn 0 -0.35225 -0.935906 
vn 0 -0.367516 -0.930017 
vn 0 -0.33689 -0.941544 
vn 0 -0.35225 -0.935906 
vn 0 -0.321439 -0.94693 
vn 0 -0.33689 -0.941544 
vn 0 -0.305903 -0.952063 
vn 0 -0.321439 -0.94693 
vn 0 -0.290285 -0.95694 
vn 0 -0.305903 -0.952063 
vn 0 -0.274589 -0.961562 
vn 0 -0.290285 -0.95694 
vn 0 -0.258819 -0.965926 
vn 0 -0.274589 -0.961562 
vn 0 -0.24298 -0.970031 
vn 0 -0.258819 -0.965926 
vn 0 -0.227076 -0.973877 
vn 0 -0.24298 -0.970031 
vn 0 -0.211112 -0.977462 
vn 0 -0.227076 -0.973877 
vn 0 -0.19509 -0.980785 
vn 0 -0.211112 -0.977462 
vn 0 -0.179017 -0.983846 
vn 0 -0.19509 -0.980785 
vn 0 -0.162895 -0.986643 
vn 0 -0.179017 -0.983846 
vn 0 -0.14673 -0.989177 
vn 0 -0.162895 -0.986643 
vn 0 -0.130526 -0.991445 
vn 0 -0.14673 -0.989177 
vn 0 -0.114287 -0.993448 
vn 0 -0.130526 -0.991445 
vn 0 -0.0980171 -0.995185 
vn 0 -0.114287 -0.993448 
vn 0 -0.0817211 -0.996655 
vn 0 -0.0980171 -0.995185 
vn 0 -0.0654031 -0.997859 
vn 0 -0.0817211 -0.996655 
vn 0 -0.0490677 -0.998795 
vn 0 -0.0654031 -0.997859 
vn 0 -0.0327191 -0.999465 
vn 0 -0.0490677 -0.998795 
vn 0 -0.0163617 -0.999866 
vn 0 -0.0327191 -0.999465 
vn 0 1.83697e-16 -1 
vn 0 -0.0163617 -0.999866 
vn 0 0.0163617 -0.999866 
vn 0 1.83697e-16 -1 
vn 0 0.0327191 -0.999465 
vn 0 0.0163617 -0.999866 
vn 0 0.0490677 -0.998795 
vn 0 0.0327191 -0.999465 
vn 0 0.0654031 -0.997859 
vn 0 0.0490677 -0.998795 
vn 0 0.0817211 -0.996655 
vn 0 0.0654031 -0.997859 
vn 0 0.0980171 -0.995185 
vn 0 0.0817211 -0.996655 
vn 0 0.114287 -0.993448 
vn 0 0.0980171 -0.995185 
vn 0 0.130526 -0.991445 
vn 0 0.114287 -0.993448 
vn 0 0.14673 -0.989177 
vn 0 0.130526 -0.991445 
vn 0 0.162895 -0.986643 
vn 0 0.14673 -0.989177 
vn 0 0.179017 -0.983846 
vn 0 0.162895 -0.986643 
vn 0 0.19509 -0.980785 
vn 0 0.179017 -0.983846 
vn 0 0.211112 -0.977462 
vn 0 0.19509 -0.980785 
vn 0 0.227076 -0.973877 
vn 0 0.211112 -0.977462 
vn 0 0.24298 -0.970031 
vn 0 0.227076 -0.973877 
vn 0 0.258819 -0.965926 
vn 0 0.24298 -0.970031 
vn 0 0.274589 -0.961562 
vn 0 0.258819 -0.965926 
vn 0 0.290285 -0.95694 
vn 0 0.274589 -0.961562 
vn 0 0.305903 -0.952063 
vn 0 0.290285 -0.95694 
vn 0 0.321439 -0.94693 
vn 0 0.305903 -0.952063 
vn 0 0.33689 -0.941544 
vn 0 0.321439 -0.94693 
vn 0 0.35225 -0.935906 
vn 0 0.33689 -0.941544 
vn 0 0.367516 -0.930017 
vn 0 0.35225 -0.935906 
vn 0 0.382683 -0.92388 
vn 0 0.367516 -0.930017 
vn 0 0.397748 -0.917494 
vn 0 0.382683 -0.92388 
vn 0 0.412707 -0.910864 
vn 0 0.397748 -0.917494 
vn 0 0.427555 -0.903989 
vn 0 0.412707 -0.910864 
vn 0 0.442289 -0.896873 
vn 0 0.427555 -0.903989 
vn 0 0.456904 -0.889516 
vn 0 0.442289 -0.896873 
vn 0 0.471397 -0.881921 
vn 0 0.456904 -0.889516 
vn 0 0.485763 -0.87409 
vn 0 0.471397 -0.881921 
vn 0 0.5 -0.866025 
vn 0 0.485763 -0.87409 
vn 0 0.514103 -0.857729 
vn 0 0.5 -0.866025 
vn 0 0.528068 -0.849202 
vn 0 0.514103 -0.857729 
vn 0 0.541892 -0.840448 
vn 0 0.528068 -0.849202 
vn 0 0.55557 -0.83147 
vn 0 0.541892 -0.840448 
vn 0 0.5691 -0.822268 
vn 0 0.55557 -0.83147 
vn 0 0.582478 -0.812847 
vn 0 0.5691 -0.822268 
vn 0 0.595699 -0.803208 
vn 0 0.582478 -0.812847 
vn 0 0.608761 -0.793353 
vn 0 0.595699 -0.803208 
vn 0 0.621661 -0.783287 
vn 0 0.608761 -0.793353 
vn 0 0.634393 -0.77301 
vn 0 0.621661 -0.783287 
vn 0 0.646956 -0.762527 
vn 0 0.634393 -0.77301 
vn 0 0.659346 -0.75184 
vn 0 0.646956 -0.762527 
vn 0 0.671559 -0.740951 
vn 0 0.659346 -0.75184 
vn 0 0.683592 -0.729864 
vn 0 0.671559 -0.740951 
vn 0 0.695443 -0.718582 
vn 0 0.683592 -0.729864 
vn 0 0.707107 -0.707107 
vn 0 0.695443 -0.718582 
vn 0 0.718582 -0.695443 
vn 0 0.707107 -0.707107 
vn 0 0.729864 -0.683592 
vn 0 0.718582 -0.695443 
vn 0 0.740951 -0.671559 
vn 0 0.729864 -0.683592 
vn 0 0.75184 -0.659346 
vn 0 0.740951 -0.671559 
vn 0 0.762527 -0.646956 
vn 0 0.75184 -0.659346 
vn 0 0.77301 -0.634393 
vn 0 0.762527 -0.646956 
vn 0 0.783287 -0.621661 
vn 0 0.77301 -0.634393 
vn 0 0.793353 -0.608761 
vn 0 0.783287 -0.621661 
vn 0 0.803208 -0.595699 
vn 0 0.793353 -0.608761 
vn 0 0.812847 -0.582478 
vn 0 0.803208 -0.595699 
vn 0 0.822268 -0.5691 
vn 0 0.812847 -0.582478 
vn 0 0.83147 -0.55557 
vn 0 0.822268 -0.5691 
vn 0 0.840448 -0.541892 
vn 0 0.83147 -0.55557 
vn 0 0.849202 -0.528068 
vn 0 0.840448 -0.541892 
vn 0 0.857729 -0.514103 
vn 0 0.849202 -0.528068 
vn 0 0.866025 -0.5 
vn 0 0.857729 -0.514103 
vn 0 0.87409 -0.485763 
vn 0 0.866025 -0.5 
vn 0 0.881921 -0.471397 
vn 0 0.87409 -0.485763 
vn 0 0.889516 -0.456904 
vn 0 0.881921 -0.471397 
vn 0 0.896873 -0.442289 
vn 0 0.889516 -0.456904 
vn 0 0.903989 -0.427555 
vn 0 0.896873 -0.442289 
vn 0 0.910864 -0.412707 
vn 0 0.903989 -0.427555 
vn 0 0.917494 -0.397748 
vn 0 0.910864 -0.412707 
vn 0 0.92388 -0.382683 
vn 0 0.917494 -0.397748 
vn 0 0.930017 -0.367516 
vn 0 0.92388 -0.382683 
vn 0 0.935906 -0.35225 
vn 0 0.930017 -0.367516 
vn 0 0.941544 -0.33689 
vn 0 0.935906 -0.35225 
vn 0 0.94693 -0.321439 
vn 0 0.941544 -0.33689 
vn 0 0.952063 -0.305903 
vn 0 0.94693 -0.321439 
vn 0 0.95694 -0.290285 
vn 0 0.952063 -0.305903 
vn 0 0.961562 -0.274589 
vn 0 0.95694 -0.290285 
vn 0 0.965926 -0.258819 
vn 0 0.961562 -0.274589 
vn 0 0.970031 -0.24298 
vn 0 0.965926 -0.258819 
vn 0 0.973877 -0.227076 
vn 0 0.970031 -0.24298 
vn 0 0.977462 -0.211112 
vn 0 0.973877 -0.227076 
vn 0 0.980785 -0.19509 
vn 0 0.977462 -0.211112 
vn 0 0.983846 -0.179017 
vn 0 0.980785 -0.19509 
vn 0 0.986643 -0.162895 
vn 0 0.983846 -0.179017 
vn 0 0.989177 -0.14673 
vn 0 0.986643 -0.162895 
vn 0 0.991445 -0.130526 
vn 0 0.989177 -0.14673 
vn 0 0.993448 -0.114287 
vn 0 0.991445 -0.130526 
vn 0 0.995185 -0.0980171 
vn 0 0.993448 -0.114287 
vn 0 0.996655 -0.0817211 
vn 0 0.995185 -0.0980171 
vn 0 0.997859 -0.0654031 
vn 0 0.996655 -0.0817211 
vn 0 0.998795 -0.0490677 
vn 0 0.997859 -0.0654031 
vn 0 0.999465 -0.0327191 
vn 0 0.998795 -0.0490677 
vn 0 0.999866 -0.0163617 
vn 0 0.999465 -0.0327191 
vn 0 1 1.22465e-16 
vn 0 0.999866 -0.0163617 
vn 0 0.999866 0.0163617 
vn 0 1 1.22465e-16 
vn 0 0.999465 0.0327191 
vn 0 0.999866 0.0163617 
vn 0 0.998795 0.0490677 
vn 0 0.999465 0.0327191 
vn 0 0.997859 0.0654031 
vn 0 0.998795 0.0490677 
vn 0 0.996655 0.0817211 
vn 0 0.997859 0.0654031 
vn 0 0.995185 0.0980171 
vn 0 0.996655 0.0817211 
vn 0 0.993448 0.114287 
vn 0 0.995185 0.0980171 
vn 0 0.991445 0.130526 
vn 0 0.993448 0.114287 
vn 0 0.989177 0.14673 
vn 0 0.991445 0.130526 
vn 0 0.986643 0.162895 
vn 0 0.989177 0.14673 
vn 0 0.983846 0.179017 
vn 0 0.986643 0.162895 
vn 0 0.980785 0.19509 
vn 0 0.983846 0.179017 
vn 0 0.977462 0.211112 
vn 0 0.980785 0.19509 
vn 0 0.973877 0.227076 
vn 0 0.977462 0.211112 
vn 0 0.970031 0.24298 
vn 0 0.973877 0.227076 
vn 0 0.965926 0.258819 
vn 0 0.970031 0.24298 
vn 0 0.961562 0.274589 
vn 0 0.965926 0.258819 
vn 0 0.95694 0.290285 
vn 0 0.961562 0.274589 
vn 0 0.952063 0.305903 
vn 0 0.95694 0.290285 
vn 0 0.94693 0.321439 
vn 0 0.952063 0.305903 
vn 0 0.941544 0.33689 
vn 0 0.94693 0.321439 
vn 0 0.935906 0.35225 
vn 0 0.941544 0.33689 
vn 0 0.930017 0.367516 
vn 0 0.935906 0.35225 
vn 0 0.92388 0.382683 
vn 0 0.930017 0.367516 
vn 0 0.917494 0.397748 
vn 0 0.92388 0.382683 
vn 0 0.910864 0.412707 
vn 0 0.917494 0.397748 
vn 0 0.903989 0.427555 
vn 0 0.910864 0.412707 
vn 0 0.896873 0.442289 
vn 0 0.903989 0.427555 
vn 0 0.889516 0.456904 
vn 0 0.896873 0.442289 
vn 0 0.881921 0.471397 
vn 0 0.889516 0.456904 
vn 0 0.87409 0.485763 
vn 0 0.881921 0.471397 
vn 0 0.866025 0.5 
vn 0 0.87409 0.485763 
vn 0 0.857729 0.514103 
vn 0 0.866025 0.5 
vn 0 0.849202 0.528068 
vn 0 0.857729 0.514103 
vn 0 0.840448 0.541892 
vn 0 0.849202 0.528068 
vn 0 0.83147 0.55557 
vn 0 0.840448 0.541892 
vn 0 0.822268 0.5691 
vn 0 0.83147 0.55557 
vn 0 0.812847 0.582478 
vn 0 0.822268 0.5691 
vn 0 0.803208 0.595699 
vn 0 0.812847 0.582478 
vn 0 0.793353 0.608761 
vn 0 0.803208 0.595699 
vn 0 0.783287 0.621661 
vn 0 0.793353 0.608761 
vn 0 0.77301 0.634393 
vn 0 0.783287 0.621661 
vn 0 0.762527 0.646956 
vn 0 0.77301 0.634393 
vn 0 0.75184 0.659346 
vn 0 0.762527 0.646956 
vn 0 0.740951 0.671559 
vn 0 0.75184 0.659346 
vn 0 0.729864 0.683592 
vn 0 0.740951 0.671559 
vn 0 0.718582 0.695443 
vn 0 0.729864 0.683592 
vn 0 0.707107 0.707107 
vn 0 0.718582 0.695443 
vn 0 0.695443 0.718582 
vn 0 0.707107 0.707107 
vn 0 0.683592 0.729864 
vn 0 0.695443 0.718582 
vn 0 0.671559 0.740951 
vn 0 0.683592 0.729864 
vn 0 0.659346 0.75184 
vn 0 0.671559 0.740951 
vn 0 0.646956 0.762527 
vn 0 0.659346 0.75184 
vn 0 0.634393 0.77301 
vn 0 0.646956 0.762527 
vn 0 0.621661 0.783287 
vn 0 0.634393 0.77301 
vn 0 0.608761 0.793353 
vn 0 0.621661 0.783287 
vn 0 0.595699 0.803208 
vn 0 0.608761 0.793353 
vn 0 0.582478 0.812847 
vn 0 0.595699 0.803208 
vn 0 0.5691 0.822268 
vn 0 0.582478 0.812847 
vn 0 0.55557 0.83147 
vn 0 0.5691 0.822268 
vn 0 0.541892 0.840448 
vn 0 0.55557 0.83147 
vn 0 0.528068 0.849202 
vn 0 0.541892 0.840448 
vn 0 0.514103 0.857729 
vn 0 0.528068 0.849202 
vn 0 0.5 0.866025 
vn 0 0.514103 0.857729 
vn 0 0.485763 0.87409 
vn 0 0.5 0.866025 
vn 0 0.471397 0.881921 
vn 0 0.485763 0.87409 
vn 0 0.456904 0.889516 
vn 0 0.471397 0.881921 
vn 0 0.442289 0.896873 
vn 0 0.456904 0.889516 
vn 0 0.427555 0.903989 
vn 0 0.442289 0.896873 
vn 0 0.412707 0.910864 
vn 0 0.427555 0.903989 
vn 0 0.397748 0.917494 
vn 0 0.412707 0.910864 
vn 0 0.382683 0.92388 
vn 0 0.397748 0.917494 
vn 0 0.367516 0.930017 
vn 0 0.382683 0.92388 
vn 0 0.35225 0.935906 
vn 0 0.367516 0.930017 
vn 0 0.33689 0.941544 
vn 0 0.35225 0.935906 
vn 0 0.321439 0.94693 
vn 0 0.33689 0.941544 
vn 0 0.305903 0.952063 
vn 0 0.321439 0.94693 
vn 0 0.290285 0.95694 
vn 0 0.305903 0.952063 
vn 0 0.274589 0.961562 
vn 0 0.290285 0.95694 
vn 0 0.258819 0.965926 
vn 0 0.274589 0.961562 
vn 0 0.24298 0.970031 
vn 0 0.258819 0.965926 
vn 0 0.227076 0.973877 
vn 0 0.24298 0.970031 
vn 0 0.211112 0.977462 
vn 0 0.227076 0.973877 
vn 0 0.19509 0.980785 
vn 0 0.211112 0.977462 
vn 0 0.179017 0.983846 
vn 0 0.19509 0.980785 
vn 0 0.162895 0.986643 
vn 0 0.179017 0.983846 
vn 0 0.14673 0.989177 
vn 0 0.162895 0.986643 
vn 0 0.130526 0.991445 
vn 0 0.14673 0.989177 
vn 0 0.114287 0.993448 
vn 0 0.130526 0.991445 
vn 0 0.0980171 0.995185 
vn 0 0.114287 0.993448 
vn 0 0.0817211 0.996655 
vn 0 0.0980171 0.995185 
vn 0 0.0654031 0.997859 
vn 0 0.0817211 0.996655 
vn 0 0.0490677 0.998795 
vn 0 0.0654031 0.997859 
vn 0 0.0327191 0.999465 
vn 0 0.0490677 0.998795 
vn 0 0.0163617 0.999866 
vn 0 0.0327191 0.999465 
vn 0 -2.83277e-16 1 
vn 0 0.0163617 0.999866 
vn 0 -0.0163617 0.999866 
vn 0 -2.83277e-16 1 
vn 0 -0.0327191 0.999465 
vn 0 -0.0163617 0.999866 
vn 0 -0.0490677 0.998795 
vn 0 -0.0327191 0.999465 
vn 0 -0.0654031 0.997859 
vn 0 -0.0490677 0.998795 
vn 0 -0.0817211 0.996655 
vn 0 -0.0654031 0.997859 
vn 0 -0.0980171 0.995185 
vn 0 -0.0817211 0.996655 
vn 0 -0.114287 0.993448 
vn 0 -0.0980171 0.995185 
vn 0 -0.130526 0.991445 
vn 0 -0.114287 0.993448 
vn 0 -0.14673 0.989177 
vn 0 -0.130526 0.991445 
vn 0 -0.162895 0.986643 
vn 0 -0.14673 0.989177 
vn 0 -0.179017 0.983846 
vn 0 -0.162895 0.986643 
vn 0 -0.19509 0.980785 
vn 0 -0.179017 0.983846 
vn 0 -0.211112 0.977462 
vn 0 -0.19509 0.980785 
vn 0 -0.227076 0.973877 
vn 0 -0.211112 0.977462 
vn 0 -0.24298 0.970031 
vn 0 -0.227076 0.973877 
vn 0 -0.258819 0.965926 
vn 0 -0.24298 0.970031 
vn 0 -0.274589 0.961562 
vn 0 -0.258819 0.965926 
vn 0 -0.290285 0.95694 
vn 0 -0.274589 0.961562 
vn 0 -0.305903 0.952063 
vn 0 -0.290285 0.95694 
vn 0 -0.321439 0.94693 
vn 0 -0.305903 0.952063 
vn 0 -0.33689 0.941544 
vn 0 -0.321439 0.94693 
vn 0 -0.35225 0.935906 
vn 0 -0.33689 0.941544 
vn 0 -0.367516 0.930017 
vn 0 -0.35225 0.935906 
vn 0 -0.382683 0.92388 
vn 0 -0.367516 0.930017 
vn 0 -0.397748 0.917494 
vn 0 -0.382683 0.92388 
vn 0 -0.412707 0.910864 
vn 0 -0.397748 0.917494 
vn 0 -0.427555 0.903989 
vn 0 -0.412707 0.910864 
vn 0 -0.442289 0.896873 
vn 0 -0.427555 0.903989 
vn 0 -0.456904 0.889516 
vn 0 -0.442289 0.896873 
vn 0 -0.471397 0.881921 
vn 0 -0.456904 0.889516 
vn 0 -0.485763 0.87409 
vn 0 -0.471397 0.881921 
vn 0 -0.5 0.866025 
vn 0 -0.485763 0.87409 
vn 0 -0.514103 0.857729 
vn 0 -0.5 0.866025 
vn 0 -0.528068 0.849202 
vn 0 -0.514103 0.857729 
vn 0 -0.541892 0.840448 
vn 0 -0.528068 0.849202 
vn 0 -0.55557 0.83147 
vn 0 -0.541892 0.840448 
vn 0 -0.5691 0.822268 
vn 0 -0.55557 0.83147 
vn 0 -0.582478 0.812847 
vn 0 -0.5691 0.822268 
vn 0 -0.595699 0.803208 
vn 0 -0.582478 0.812847 
vn 0 -0.608761 0.793353 
vn 0 -0.595699 0.803208 
vn 0 -0.621661 0.783287 
vn 0 -0.608761 0.793353 
vn 0 -0.634393 0.77301 
vn 0 -0.621661 0.783287 
vn 0 -0.646956 0.762527 
vn 0 -0.634393 0.77301 
vn 0 -0.659346 0.75184 
vn 0 -0.646956 0.762527 
vn 0 -0.671559 0.740951 
vn 0 -0.659346 0.75184 
vn 0 -0.683592 0.729864 
vn 0 -0.671559 0.740951 
vn 0 -0.695443 0.718582 
vn 0 -0.683592 0.729864 
vn 0 -0.707107 0.707107 
vn 0 -0.695443 0.718582 
vn 0 -0.718582 0.695443 
vn 0 -0.707107 0.707107 
vn 0 -0.729864 0.683592 
vn 0 -0.718582 0.695443 
vn 0 -0.740951 0.671559 
vn 0 -0.729864 0.683592 
vn 0 -0.75184 0.659346 
vn 0 -0.740951 0.671559 
vn 0 -0.762527 0.646956 
vn 0 -0.75184 0.659346 
vn 0 -0.77301 0.634393 
vn 0 -0.762527 0.646956 
vn 0 -0.783287 0.621661 
vn 0 -0.77301 0.634393 
vn 0 -0.793353 0.608761 
vn 0 -0.783287 0.621661 
vn 0 -0.803208 0.595699 
vn 0 -0.793353 0.608761 
vn 0 -0.812847 0.582478 
vn 0 -0.803208 0.595699 
vn 0 -0.822268 0.5691 
vn 0 -0.812847 0.582478 
vn 0 -0.83147 0.55557 
vn 0 -0.822268 0.5691 
vn 0 -0.840448 0.541892 
vn 0 -0.83147 0.55557 
vn 0 -0.849202 0.528068 
vn 0 -0.840448 0.541892 
vn 0 -0.857729 0.514103 
vn 0 -0.849202 0.528068 
vn 0 -0.866025 0.5 
vn 0 -0.857729 0.514103 
vn 0 -0.87409 0.485763 
vn 0 -0.866025 0.5 
vn 0 -0.881921 0.471397 
vn 0 -0.87409 0.485763 
vn 0 -0.889516 0.456904 
vn 0 -0.881921 0.471397 
vn 0 -0.896873 0.442289 
vn 0 -0.889516 0.456904 
vn 0 -0.903989 0.427555 
vn 0 -0.896873 0.442289 
vn 0 -0.910864 0.412707 
vn 0 -0.903989 0.427555 
vn 0 -0.917494 0.397748 
vn 0 -0.910864 0.412707 
vn 0 -0.92388 0.382683 
vn 0 -0.917494 0.397748 
vn 0 -0.930017 0.367516 
vn 0 -0.92388 0.382683 
vn 0 -0.935906 0.35225 
vn 0 -0.930017 0.367516 
vn 0 -0.941544 0.33689 
vn 0 -0.935906 0.35225 
vn 0 -0.94693 0.321439 
vn 0 -0.941544 0.33689 
vn 0 -0.952063 0.305903 
vn 0 -0.94693 0.321439 
vn 0 -0.95694 0.290285 
vn 0 -0.952063 0.305903 
vn 0 -0.961562 0.274589 
vn 0 -0.95694 0.290285 
vn 0 -0.965926 0.258819 
vn 0 -0.961562 0.274589 
vn 0 -0.970031 0.24298 
vn 0 -0.965926 0.258819 
vn 0 -0.973877 0.227076 
vn 0 -0.970031 0.24298 
vn 0 -0.977462 0.211112 
vn 0 -0.973877 0.227076 
vn 0 -0.980785 0.19509 
vn 0 -0.977462 0.211112 
vn 0 -0.983846 0.179017 
vn 0 -0.980785 0.19509 
vn 0 -0.986643 0.162895 
vn 0 -0.983846 0.179017 
vn 0 -0.989177 0.14673 
vn 0 -0.986643 0.162895 
vn 0 -0.991445 0.130526 
vn 0 -0.989177 0.14673 
vn 0 -0.993448 0.114287 
vn 0 -0.991445 0.130526 
vn 0 -0.995185 0.0980171 
vn 0 -0.993448 0.114287 
vn 0 -0.996655 0.0817211 
vn 0 -0.995185 0.0980171 
vn 0 -0.997859 0.0654031 
vn 0 -0.996655 0.0817211 
vn 0 -0.998795 0.0490677 
vn 0 -0.997859 0.0654031 
vn 0 -0.999465 0.0327191 
vn 0 -0.998795 0.0490677 
vn 0 -0.999866 0.0163617 
vn 0 -0.999465 0.0327191 
vn 1 0 0 
vn 0 1 0 
vn 0 0.999893 -0.0146115 
vn 0 0.999573 -0.02922 
vn 0 0.999039 -0.0438221 
vn 0 0.998292 -0.058415 
vn 0 0.997332 -0.0729953 
vn 0 0.996159 -0.0875601 
vn 0 0.994774 -0.102106 
vn 0 0.993175 -0.11663 
vn 0 0.991365 -0.13113 
vn 0 0.989343 -0.145601 
vn 0 0.98711 -0.160041 
vn 0 0.984666 -0.174448 
vn 0 0.982012 -0.188816 
vn 0 0.979149 -0.203145 
vn 0 0.976076 -0.21743 
vn 0 0.972795 -0.231669 
vn 0 0.969306 -0.245858 
vn 0 0.96561 -0.259995 
vn 0 0.961708 -0.274076 
vn 0 0.957601 -0.288099 
vn 0 0.953289 -0.30206 
vn 0 0.948773 -0.315957 
vn 0 0.944056 -0.329786 
vn 0 0.939136 -0.343545 
vn 0 0.934016 -0.357231 
vn 0 0.928697 -0.37084 
vn 0 0.923179 -0.38437 
vn 0 0.917464 -0.397818 
vn 0 0.911554 -0.411181 
vn 0 0.905448 -0.424457 
vn 0 0.89915 -0.437641 
vn 0 0.892659 -0.450733 
vn 0 0.885978 -0.463728 
vn 0 0.879107 -0.476624 
vn 0 0.872049 -0.489418 
vn 0 0.864805 -0.502108 
vn 0 0.857376 -0.51469 
vn 0 0.849764 -0.527163 
vn 0 0.841971 -0.539523 
vn 0 0.833998 -0.551768 
vn 0 0.825847 -0.563895 
vn 0 0.817519 -0.575902 
vn 0 0.809017 -0.587785 
vn 0 0.800342 -0.599543 
vn 0 0.791496 -0.611174 
vn 0 0.782482 -0.622673 
vn 0 0.7733 -0.63404 
vn 0 0.763953 -0.645272 
vn 0 0.754443 -0.656365 
vn 0 0.744772 -0.667319 
vn 0 0.734942 -0.67813 
vn 0 0.724955 -0.688796 
vn 0 0.714813 -0.699315 
vn 0 0.704519 -0.709685 
vn 0 0.694074 -0.719903 
vn 0 0.683481 -0.729968 
vn 0 0.672742 -0.739877 
vn 0 0.66186 -0.749628 
vn 0 0.650836 -0.759218 
vn 0 0.639673 -0.768647 
vn 0 0.628374 -0.777912 
vn 0 0.61694 -0.78701 
vn 0 0.605375 -0.795941 
vn 0 0.59368 -0.804701 
vn 0 0.581859 -0.81329 
vn 0 0.569913 -0.821705 
vn 0 0.557846 -0.829944 
vn 0 0.54566 -0.838007 
vn 0 0.533357 -0.84589 
vn 0 0.52094 -0.853593 
vn 0 0.508412 -0.861114 
vn 0 0.495776 -0.86845 
vn 0 0.483034 -0.875602 
vn 0 0.470188 -0.882566 
vn 0 0.457242 -0.889342 
vn 0 0.444199 -0.895928 
vn 0 0.431061 -0.902323 
vn 0 0.41783 -0.908525 
vn 0 0.404511 -0.914533 
vn 0 0.391105 -0.920346 
vn 0 0.377615 -0.925963 
vn 0 0.364045 -0.931381 
vn 0 0.350397 -0.936601 
vn 0 0.336675 -0.941621 
vn 0 0.32288 -0.94644 
vn 0 0.309017 -0.951057 
vn 0 0.295088 -0.95547 
vn 0 0.281095 -0.95968 
vn 0 0.267043 -0.963685 
vn 0 0.252933 -0.967484 
vn 0 0.23877 -0.971076 
vn 0 0.224556 -0.974461 
vn 0 0.210293 -0.977638 
vn 0 0.195986 -0.980607 
vn 0 0.181637 -0.983366 
vn 0 0.167249 -0.985915 
vn 0 0.152825 -0.988253 
vn 0 0.138369 -0.990381 
vn 0 0.123883 -0.992297 
vn 0 0.109371 -0.994001 
vn 0 0.0948356 -0.995493 
vn 0 0.0802798 -0.996772 
vn 0 0.0657069 -0.997839 
vn 0 0.0511199 -0.998693 
vn 0 0.036522 -0.999333 
vn 0 0.0219163 -0.99976 
vn 0 0.00730596 -0.999973 
vn 0 -0.00730596 -0.999973 
vn 0 -0.0219163 -0.99976 
vn 0 -0.036522 -0.999333 
vn 0 -0.0511199 -0.998693 
vn 0 -0.0657069 -0.997839 
vn 0 -0.0802798 -0.996772 
vn 0 -0.0948356 -0.995493 
vn 0 -0.109371 -0.994001 
vn 0 -0.123883 -0.992297 
vn 0 -0.138369 -0.990381 
vn 0 -0.152825 -0.988253 
vn 0 -0.167249 -0.985915 
vn 0 -0.181637 -0.983366 
vn 0 -0.195986 -0.980607 
vn 0 -0.210293 -0.977638 
vn 0 -0.224556 -0.974461 
vn 0 -0.23877 -0.971076 
vn 0 -0.252933 -0.967484 
vn 0 -0.267043 -0.963685 
vn 0 -0.281095 -0.95968 
vn 0 -0.295088 -0.95547 
vn 0 -0.309017 -0.951057 
vn 0 -0.32288 -0.94644 
vn 0 -0.336675 -0.941621 
vn 0 -0.350397 -0.936601 
vn 0 -0.364045 -0.931381 
vn 0 -0.377615 -0.925963 
vn 0 -0.391105 -0.920346 
vn 0 -0.404511 -0.914533 
vn 0 -0.41783 -0.908525 
vn 0 -0.431061 -0.902323 
vn 0 -0.444199 -0.895928 
vn 0 -0.457242 -0.889342 
vn 0 -0.470188 -0.882566 
vn 0 -0.483034 -0.875602 
vn 0 -0.495776 -0.86845 
vn 0 -0.508412 -0.861114 
vn 0 -0.52094 -0.853593 
vn 0 -0.533357 -0.84589 
vn 0 -0.54566 -0.838007 
vn 0 -0.557846 -0.829944 
vn 0 -0.569913 -0.821705 
vn 0 -0.581859 -0.81329 
vn 0 -0.59368 -0.804701 
vn 0 -0.605375 -0.795941 
vn 0 -0.61694 -0.78701 
vn 0 -0.628374 -0.777912 
vn 0 -0.639673 -0.768647 
vn 0 -0.650836 -0.759218 
vn 0 -0.66186 -0.749628 
vn 0 -0.672742 -0.739877 
vn 0 -0.683481 -0.729968 
vn 0 -0.694074 -0.719903 
vn 0 -0.704519 -0.709685 
vn 0 -0.714813 -0.699315 
vn 0 -0.724955 -0.688796 
vn 0 -0.734942 -0.67813 
vn 0 -0.744772 -0.667319 
vn 0 -0.754443 -0.656365 
vn 0 -0.763953 -0.645272 
vn 0 -0.7733 -0.63404 
vn 0 -0.782482 -0.622673 
vn 0 -0.791496 -0.611174 
vn 0 -0.800342 -0.599543 
vn 0 -0.809017 -0.587785 
vn 0 -0.817519 -0.575902 
vn 0 -0.825847 -0.563895 
vn 0 -0.833998 -0.551768 
vn 0 -0.841971 -0.539523 
vn 0 -0.849764 -0.527163 
vn 0 -0.857376 -0.51469 
vn 0 -0.864805 -0.502108 
vn 0 -0.872049 -0.489418 
vn 0 -0.879107 -0.476624 
vn 0 -0.885978 -0.463728 
vn 0 -0.892659 -0.450733 
vn 0 -0.89915 -0.437641 
vn 0 -0.905448 -0.424457 
vn 0 -0.911554 -0.411181 
vn 0 -0.917464 -0.397818 
vn 0 -0.923179 -0.38437 
vn 0 -0.928697 -0.37084 
vn 0 -0.934016 -0.357231 
vn 0 -0.939136 -0.343545 
vn 0 -0.944056 -0.329786 
vn 0 -0.948773 -0.315957 
vn 0 -0.953289 -0.30206 
vn 0 -0.957601 -0.288099 
vn 0 -0.961708 -0.274076 
vn 0 -0.96561 -0.259995 
vn 0 -0.969306 -0.245858 
vn 0 -0.972795 -0.231669 
vn 0 -0.976076 -0.21743 
vn 0 -0.979149 -0.203145 
vn 0 -0.982012 -0.188816 
vn 0 -0.984666 -0.174448 
vn 0 -0.98711 -0.160041 
vn 0 -0.989343 -0.145601 
vn 0 -0.991365 -0.13113 
vn 0 -0.993175 -0.11663 
vn 0 -0.994774 -0.102106 
vn 0 -0.996159 -0.0875601 
vn 0 -0.997332 -0.0729953 
vn 0 -0.998292 -0.058415 
vn 0 -0.999039 -0.0438221 
vn 0 -0.999573 -0.02922 
vn 0 -0.999893 -0.0146115 
vn 0 -1 -1.22465e-16 
vn 0 -0.999893 0.0146115 
vn 0 -0.999573 0.02922 
vn 0 -0.999039 0.0438221 
vn 0 -0.998292 0.058415 
vn 0 -0.997332 0.0729953 
vn 0 -0.996159 0.0875601 
vn 0 -0.994774 0.102106 
vn 0 -0.993175 0.11663 
vn 0 -0.991365 0.13113 
vn 0 -0.989343 0.145601 
vn 0 -0.98711 0.160041 
vn 0 -0.984666 0.174448 
vn 0 -0.982012 0.188816 
vn 0 -0.979149 0.203145 
vn 0 -0.976076 0.21743 
vn 0 -0.972795 0.231669 
vn 0 -0.969306 0.245858 
vn 0 -0.96561 0.259995 
vn 0 -0.961708 0.274076 
vn 0 -0.957601 0.288099 
vn 0 -0.953289 0.30206 
vn 0 -0.948773 0.315957 
vn 0 -0.944056 0.329786 
vn 0 -0.939136 0.343545 
vn 0 -0.934016 0.357231 
vn 0 -0.928697 0.37084 
vn 0 -0.923179 0.38437 
vn 0 -0.917464 0.397818 
vn 0 -0.911554 0.411181 
vn 0 -0.905448 0.424457 
vn 0 -0.89915 0.437641 
vn 0 -0.892659 0.450733 
vn 0 -0.885978 0.463728 
vn 0 -0.879107 0.476624 
vn 0 -0.872049 0.489418 
vn 0 -0.864805 0.502108 
vn 0 -0.857376 0.51469 
vn 0 -0.849764 0.527163 
vn 0 -0.841971 0.539523 
vn 0 -0.833998 0.551768 
vn 0 -0.825847 0.563895 
vn 0 -0.817519 0.575902 
vn 0 -0.809017 0.587785 
vn 0 -0.800342 0.599543 
vn 0 -0.791496 0.611174 
vn 0 -0.782482 0.622673 
vn 0 -0.7733 0.63404 
vn 0 -0.763953 0.645272 
vn 0 -0.754443 0.656365 
vn 0 -0.744772 0.667319 
vn 0 -0.734942 0.67813 
vn 0 -0.724955 0.688796 
vn 0 -0.714813 0.699315 
vn 0 -0.704519 0.709685 
vn 0 -0.694074 0.719903 
vn 0 -0.683481 0.729968 
vn 0 -0.672742 0.739877 
vn 0 -0.66186 0.749628 
vn 0 -0.650836 0.759218 
vn 0 -0.639673 0.768647 
vn 0 -0.628374 0.777912 
vn 0 -0.61694 0.78701 
vn 0 -0.605375 0.795941 
vn 0 -0.59368 0.804701 
vn 0 -0.581859 0.81329 
vn 0 -0.569913 0.821705 
vn 0 -0.557846 0.829944 
vn 0 -0.54566 0.838007 
vn 0 -0.533357 0.84589 
vn 0 -0.52094 0.853593 
vn 0 -0.508412 0.861114 
vn 0 -0.495776 0.86845 
vn 0 -0.483034 0.875602 
vn 0 -0.470188 0.882566 
vn 0 -0.457242 0.889342 
vn 0 -0.444199 0.895928 
vn 0 -0.431061 0.902323 
vn 0 -0.41783 0.908525 
vn 0 -0.404511 0.914533 
vn 0 -0.391105 0.920346 
vn 0 -0.377615 0.925963 
vn 0 -0.364045 0.931381 
vn 0 -0.350397 0.936601 
vn 0 -0.336675 0.941621 
vn 0 -0.32288 0.94644 
vn 0 -0.309017 0.951057 
vn 0 -0.295088 0.95547 
vn 0 -0.281095 0.95968 
vn 0 -0.267043 0.963685 
vn 0 -0.252933 0.967484 
vn 0 -0.23877 0.971076 
vn 0 -0.224556 0.974461 
vn 0 -0.210293 0.977638 
vn 0 -0.195986 0.980607 
vn 0 -0.181637 0.983366 
vn 0 -0.167249 0.985915 
vn 0 -0.152825 0.988253 
vn 0 -0.138369 0.990381 
vn 0 -0.123883 0.992297 
vn 0 -0.109371 0.994001 
vn 0 -0.0948356 0.995493 
vn 0 -0.0802798 0.996772 
vn 0 -0.0657069 0.997839 
vn 0 -0.0511199 0.998693 
vn 0 -0.036522 0.999333 
vn 0 -0.0219163 0.99976 
vn 0 -0.00730596 0.999973 
vn 0 0.00730596 0.999973 
vn 0 0.0219163 0.99976 
vn 0 0.036522 0.999333 
vn 0 0.0511199 0.998693 
vn 0 0.0657069 0.997839 
vn 0 0.0802798 0.996772 
vn 0 0.0948356 0.995493 
vn 0 0.109371 0.994001 
vn 0 0.123883 0.992297 
vn 0 0.138369 0.990381 
vn 0 0.152825 0.988253 
vn 0 0.167249 0.985915 
vn 0 0.181637 0.983366 
vn 0 0.195986 0.980607 
vn 0 0.210293 0.977638 
vn 0 0.224556 0.974461 
vn 0 0.23877 0.971076 
vn 0 0.252933 0.967484 
vn 0 0.267043 0.963685 
vn 0 0.281095 0.95968 
vn 0 0.295088 0.95547 
vn 0 0.309017 0.951057 
vn 0 0.32288 0.94644 
vn 0 0.336675 0.941621 
vn 0 0.350397 0.936601 
vn 0 0.364045 0.931381 
vn 0 0.377615 0.925963 
vn 0 0.391105 0.920346 
vn 0 0.404511 0.914533 
vn 0 0.41783 0.908525 
vn 0 0.431061 0.902323 
vn 0 0.444199 0.895928 
vn 0 0.457242 0.889342 
vn 0 0.470188 0.882566 
vn 0 0.483034 0.875602 
vn 0 0.495776 0.86845 
vn 0 0.508412 0.861114 
vn 0 0.52094 0.853593 
vn 0 0.533357 0.84589 
vn 0 0.54566 0.838007 
vn 0 0.557846 0.829944 
vn 0 0.569913 0.821705 
vn 0 0.581859 0.81329 
vn 0 0.59368 0.804701 
vn 0 0.605375 0.795941 
vn 0 0.61694 0.78701 
vn 0 0.628374 0.777912 
vn 0 0.639673 0.768647 
vn 0 0.650836 0.759218 
vn 0 0.66186 0.749628 
vn 0 0.672742 0.739877 
vn 0 0.683481 0.729968 
vn 0 0.694074 0.719903 
vn 0 0.704519 0.709685 
vn 0 0.714813 0.699315 
vn 0 0.724955 0.688796 
vn 0 0.734942 0.67813 
vn 0 0.744772 0.667319 
vn 0 0.754443 0.656365 
vn 0 0.763953 0.645272 
vn 0 0.7733 0.63404 
vn 0 0.782482 0.622673 
vn 0 0.791496 0.611174 
vn 0 0.800342 0.599543 
vn 0 0.809017 0.587785 
vn 0 0.817519 0.575902 
vn 0 0.825847 0.563895 
vn 0 0.833998 0.551768 
vn 0 0.841971 0.539523 
vn 0 0.849764 0.527163 
vn 0 0.857376 0.51469 
vn 0 0.864805 0.502108 
vn 0 0.872049 0.489418 
vn 0 0.879107 0.476624 
vn 0 0.885978 0.463728 
vn 0 0.892659 0.450733 
vn 0 0.89915 0.437641 
vn 0 0.905448 0.424457 
vn 0 0.911554 0.411181 
vn 0 0.917464 0.397818 
vn 0 0.923179 0.38437 
vn 0 0.928697 0.37084 
vn 0 0.934016 0.357231 
vn 0 0.939136 0.343545 
vn 0 0.944056 0.329786 
vn 0 0.948773 0.315957 
vn 0 0.953289 0.30206 
vn 0 0.957601 0.288099 
vn 0 0.961708 0.274076 
vn 0 0.96561 0.259995 
vn 0 0.969306 0.245858 
vn 0 0.972795 0.231669 
vn 0 0.976076 0.21743 
vn 0 0.979149 0.203145 
vn 0 0.982012 0.188816 
vn 0 0.984666 0.174448 
vn 0 0.98711 0.160041 
vn 0 0.989343 0.145601 
vn 0 0.991365 0.13113 
vn 0 0.993175 0.11663 
vn 0 0.994774 0.102106 
vn 0 0.996159 0.0875601 
vn 0 0.997332 0.0729953 
vn 0 0.998292 0.058415 
vn 0 0.999039 0.0438221 
vn 0 0.999573 0.02922 
vn 0 0.999893 0.0146115 
vn -0.57643 -0.817147 0 
vn -0.57643 -0.817121 -0.00640178 
vn -0.57643 -0.817059 -0.0119398 
vn -0.57643 -0.817059 -0.0119397 
vn -0.57643 -0.816921 -0.0192038 
vn -0.57643 -0.816798 -0.023877 
vn -0.57643 -0.816798 -0.0238769 
vn -0.57643 -0.81652 -0.0320011 
vn -0.57643 -0.816362 -0.0358091 
vn -0.57643 -0.816362 -0.035809 
vn -0.57643 -0.815918 -0.0447905 
vn -0.57643 -0.815751 -0.0477336 
vn -0.57643 -0.815751 -0.0477335 
vn -0.57643 -0.815116 -0.0575689 
vn -0.57643 -0.814967 -0.0596479 
vn -0.57643 -0.814967 -0.0596478 
vn -0.57643 -0.814114 -0.0703332 
vn -0.57643 -0.814008 -0.0715494 
vn -0.57643 -0.814008 -0.0715494 
vn -0.57643 -0.812912 -0.0830802 
vn -0.57643 -0.812876 -0.0834357 
vn -0.57643 -0.812876 -0.0834357 
vn -0.57643 -0.81157 -0.0953042 
vn -0.57643 -0.81157 -0.0953041 
vn -0.57643 -0.811511 -0.0958069 
vn -0.57643 -0.810091 -0.107152 
vn -0.57643 -0.808438 -0.118977 
vn -0.57643 -0.80991 -0.10851 
vn -0.57643 -0.810091 -0.107152 
vn -0.57643 -0.806614 -0.130777 
vn -0.57643 -0.80811 -0.121186 
vn -0.57643 -0.808438 -0.118978 
vn -0.57643 -0.804617 -0.142549 
vn -0.57643 -0.806112 -0.133833 
vn -0.57643 -0.806614 -0.130777 
vn -0.57643 -0.802448 -0.154291 
vn -0.57643 -0.803916 -0.146447 
vn -0.57643 -0.804617 -0.142549 
vn -0.57643 -0.800108 -0.165999 
vn -0.57643 -0.801523 -0.159025 
vn -0.57643 -0.802448 -0.154291 
vn -0.57643 -0.797597 -0.177672 
vn -0.57643 -0.798933 -0.171564 
vn -0.57643 -0.800108 -0.165999 
vn -0.57643 -0.797597 -0.177672 
vn -0.57643 -0.796147 -0.184061 
vn -0.57643 -0.794916 -0.189307 
vn -0.57643 -0.794916 -0.189307 
vn -0.57643 -0.793165 -0.196512 
vn -0.57643 -0.792065 -0.200902 
vn -0.57643 -0.792065 -0.200902 
vn -0.57643 -0.789989 -0.208915 
vn -0.57643 -0.789045 -0.212454 
vn -0.57643 -0.789045 -0.212454 
vn -0.57643 -0.786619 -0.221267 
vn -0.57643 -0.785856 -0.223961 
vn -0.57643 -0.785856 -0.22396 
vn -0.57643 -0.783055 -0.233565 
vn -0.57643 -0.7825 -0.235419 
vn -0.57643 -0.7825 -0.235419 
vn -0.57643 -0.7793 -0.245805 
vn -0.57643 -0.778977 -0.246828 
vn -0.57643 -0.778977 -0.246828 
vn -0.57643 -0.775353 -0.257986 
vn -0.57643 -0.775287 -0.258183 
vn -0.57643 -0.775287 -0.258183 
vn -0.57643 -0.771432 -0.269484 
vn -0.57643 -0.771432 -0.269484 
vn -0.57643 -0.771215 -0.270102 
vn -0.57643 -0.767412 -0.280727 
vn -0.57643 -0.763228 -0.29191 
vn -0.57643 -0.766889 -0.282153 
vn -0.57643 -0.767412 -0.280727 
vn -0.57643 -0.758881 -0.303031 
vn -0.57643 -0.762374 -0.294134 
vn -0.57643 -0.763228 -0.29191 
vn -0.57643 -0.754373 -0.314087 
vn -0.57643 -0.757672 -0.306043 
vn -0.57643 -0.758881 -0.303031 
vn -0.57643 -0.749703 -0.325076 
vn -0.57643 -0.752784 -0.317876 
vn -0.57643 -0.754372 -0.314087 
vn -0.57643 -0.744873 -0.335995 
vn -0.57643 -0.747711 -0.329632 
vn -0.57643 -0.749703 -0.325076 
vn -0.57643 -0.739884 -0.346843 
vn -0.57643 -0.742454 -0.341307 
vn -0.57643 -0.744873 -0.335995 
vn -0.57643 -0.739884 -0.346843 
vn -0.57643 -0.737015 -0.352898 
vn -0.57643 -0.734737 -0.357617 
vn -0.57643 -0.734737 -0.357617 
vn -0.57643 -0.731396 -0.364402 
vn -0.57643 -0.729433 -0.368315 
vn -0.57643 -0.729433 -0.368315 
vn -0.57643 -0.725596 -0.375817 
vn -0.57643 -0.723974 -0.378933 
vn -0.57643 -0.723974 -0.378933 
vn -0.57643 -0.719619 -0.38714 
vn -0.57643 -0.71836 -0.389471 
vn -0.57643 -0.71836 -0.389471 
vn -0.57643 -0.713465 -0.398367 
vn -0.57643 -0.712592 -0.399926 
vn -0.57643 -0.712592 -0.399926 
vn -0.57643 -0.707136 -0.409497 
vn -0.57643 -0.706673 -0.410295 
vn -0.57643 -0.706673 -0.410295 
vn -0.57643 -0.700633 -0.420526 
vn -0.57643 -0.700602 -0.420577 
vn -0.57643 -0.700602 -0.420577 
vn -0.57643 -0.694382 -0.430769 
vn -0.57643 -0.694382 -0.430769 
vn -0.57643 -0.693958 -0.431452 
vn -0.57643 -0.688014 -0.440869 
vn -0.57643 -0.681498 -0.450875 
vn -0.57643 -0.687113 -0.442272 
vn -0.57643 -0.688014 -0.440869 
vn -0.57643 -0.674838 -0.460785 
vn -0.57643 -0.680099 -0.452984 
vn -0.57643 -0.681498 -0.450875 
vn -0.57643 -0.668033 -0.470596 
vn -0.57643 -0.672918 -0.463584 
vn -0.57643 -0.674838 -0.460785 
vn -0.57643 -0.661085 -0.480307 
vn -0.57643 -0.665572 -0.47407 
vn -0.57643 -0.668033 -0.470596 
vn -0.57643 -0.653997 -0.489915 
vn -0.57643 -0.658062 -0.484441 
vn -0.57643 -0.661085 -0.480307 
vn -0.57643 -0.653997 -0.489915 
vn -0.57643 -0.650391 -0.494692 
vn -0.57643 -0.646769 -0.499418 
vn -0.57643 -0.646769 -0.499418 
vn -0.57643 -0.64256 -0.504821 
vn -0.57643 -0.639402 -0.508815 
vn -0.57643 -0.639402 -0.508815 
vn -0.57643 -0.634572 -0.514827 
vn -0.57643 -0.631899 -0.518104 
vn -0.57643 -0.631899 -0.518104 
vn -0.57643 -0.626428 -0.524707 
vn -0.57643 -0.624262 -0.527281 
vn -0.57643 -0.624262 -0.527281 
vn -0.57643 -0.618129 -0.534457 
vn -0.57643 -0.616491 -0.536347 
vn -0.57643 -0.616491 -0.536347 
vn -0.57643 -0.60968 -0.544076 
vn -0.57643 -0.608588 -0.545297 
vn -0.57643 -0.608588 -0.545297 
vn -0.57643 -0.60108 -0.553562 
vn -0.57643 -0.600555 -0.554131 
vn -0.57643 -0.600555 -0.554131 
vn -0.57643 -0.592395 -0.562847 
vn -0.57643 -0.592395 -0.562847 
vn -0.57643 -0.592333 -0.562912 
vn -0.57643 -0.584107 -0.571443 
vn -0.57643 -0.584107 -0.571443 
vn -0.57643 -0.583441 -0.572124 
vn -0.57643 -0.575695 -0.579917 
vn -0.57643 -0.56716 -0.588267 
vn -0.57643 -0.574405 -0.581195 
vn -0.57643 -0.575695 -0.579917 
vn -0.57643 -0.558504 -0.596491 
vn -0.57643 -0.565228 -0.590123 
vn -0.57643 -0.56716 -0.588267 
vn -0.57643 -0.549729 -0.604588 
vn -0.57643 -0.555913 -0.598907 
vn -0.57643 -0.558504 -0.596491 
vn -0.57643 -0.540836 -0.612556 
vn -0.57643 -0.546461 -0.607544 
vn -0.57643 -0.549729 -0.604588 
vn -0.57643 -0.531828 -0.620393 
vn -0.57643 -0.536874 -0.616031 
vn -0.57643 -0.540836 -0.612556 
vn -0.57643 -0.531828 -0.620393 
vn -0.57643 -0.527156 -0.624367 
vn -0.57643 -0.522707 -0.628097 
vn -0.57643 -0.522707 -0.628097 
vn -0.57643 -0.517309 -0.63255 
vn -0.57643 -0.513473 -0.635668 
vn -0.57643 -0.513473 -0.635668 
vn -0.57643 -0.507335 -0.640578 
vn -0.57643 -0.50413 -0.643103 
vn -0.57643 -0.50413 -0.643103 
vn -0.57643 -0.497236 -0.648448 
vn -0.57643 -0.49468 -0.6504 
vn -0.57643 -0.49468 -0.6504 
vn -0.57643 -0.487015 -0.656159 
vn -0.57643 -0.485124 -0.657559 
vn -0.57643 -0.485124 -0.657559 
vn -0.57643 -0.476674 -0.66371 
vn -0.57643 -0.475464 -0.664577 
vn -0.57643 -0.475464 -0.664577 
vn -0.57643 -0.466216 -0.671097 
vn -0.57643 -0.465703 -0.671453 
vn -0.57643 -0.465703 -0.671453 
vn -0.57643 -0.455842 -0.678186 
vn -0.57643 -0.455842 -0.678186 
vn -0.57643 -0.455644 -0.678319 
vn -0.57643 -0.445884 -0.684774 
vn -0.57643 -0.435831 -0.691216 
vn -0.57643 -0.44496 -0.685375 
vn -0.57643 -0.445884 -0.684774 
vn -0.57643 -0.425685 -0.697511 
vn -0.57643 -0.434167 -0.692262 
vn -0.57643 -0.435831 -0.691216 
vn -0.57643 -0.415447 -0.703656 
vn -0.57643 -0.423267 -0.69898 
vn -0.57643 -0.425685 -0.697511 
vn -0.57643 -0.405122 -0.709651 
vn -0.57643 -0.412264 -0.705526 
vn -0.57643 -0.415447 -0.703656 
vn -0.57643 -0.394709 -0.715495 
vn -0.57643 -0.401159 -0.711899 
vn -0.57643 -0.405122 -0.709651 
vn -0.57643 -0.384213 -0.721186 
vn -0.57643 -0.389956 -0.718097 
vn -0.57643 -0.394709 -0.715495 
vn -0.57643 -0.384213 -0.721186 
vn -0.57643 -0.378656 -0.724119 
vn -0.57643 -0.373634 -0.726723 
vn -0.57643 -0.373634 -0.726723 
vn -0.57643 -0.367264 -0.729963 
vn -0.57643 -0.362976 -0.732105 
vn -0.57643 -0.362976 -0.732105 
vn -0.57643 -0.355782 -0.735627 
vn -0.57643 -0.35224 -0.73733 
vn -0.57643 -0.35224 -0.73733 
vn -0.57643 -0.344212 -0.741111 
vn -0.57643 -0.341428 -0.742398 
vn -0.57643 -0.341429 -0.742398 
vn -0.57643 -0.332558 -0.746414 
vn -0.57643 -0.330544 -0.747308 
vn -0.57643 -0.330545 -0.747308 
vn -0.57643 -0.320823 -0.751533 
vn -0.57643 -0.31959 -0.752058 
vn -0.57643 -0.31959 -0.752058 
vn -0.57643 -0.309008 -0.756467 
vn -0.57643 -0.308567 -0.756647 
vn -0.57643 -0.308567 -0.756647 
vn -0.57643 -0.297478 -0.761075 
vn -0.57643 -0.297478 -0.761075 
vn -0.57643 -0.297118 -0.761216 
vn -0.57643 -0.286326 -0.76534 
vn -0.57643 -0.275113 -0.769442 
vn -0.57643 -0.285154 -0.765778 
vn -0.57643 -0.286326 -0.76534 
vn -0.57643 -0.263841 -0.77338 
vn -0.57643 -0.273121 -0.770151 
vn -0.57643 -0.275113 -0.769442 
vn -0.57643 -0.252512 -0.777153 
vn -0.57643 -0.261021 -0.774336 
vn -0.57643 -0.263841 -0.77338 
vn -0.57643 -0.24113 -0.780759 
vn -0.57643 -0.248856 -0.778331 
vn -0.57643 -0.252512 -0.777153 
vn -0.57643 -0.229696 -0.784199 
vn -0.57643 -0.236631 -0.782134 
vn -0.57643 -0.24113 -0.780759 
vn -0.57643 -0.218213 -0.787472 
vn -0.57643 -0.224347 -0.785746 
vn -0.57643 -0.229696 -0.784199 
vn -0.57643 -0.218213 -0.787472 
vn -0.57643 -0.212008 -0.789165 
vn -0.57643 -0.206684 -0.790576 
vn -0.57643 -0.206684 -0.790576 
vn -0.57643 -0.199618 -0.79239 
vn -0.57643 -0.19511 -0.793511 
vn -0.57643 -0.19511 -0.793511 
vn -0.57643 -0.187178 -0.79542 
vn -0.57643 -0.183495 -0.796278 
vn -0.57643 -0.183495 -0.796278 
vn -0.57643 -0.174692 -0.798255 
vn -0.57643 -0.17184 -0.798874 
vn -0.57643 -0.17184 -0.798874 
vn -0.57643 -0.162163 -0.800894 
vn -0.57643 -0.160149 -0.801299 
vn -0.57643 -0.160149 -0.801299 
vn -0.57643 -0.149595 -0.803337 
vn -0.57643 -0.148424 -0.803554 
vn -0.57643 -0.148424 -0.803554 
vn -0.57643 -0.13699 -0.805582 
vn -0.57643 -0.136667 -0.805637 
vn -0.57643 -0.136667 -0.805637 
vn -0.57643 -0.124881 -0.807548 
vn -0.57643 -0.124881 -0.807548 
vn -0.57643 -0.124351 -0.807629 
vn -0.57643 -0.113068 -0.809286 
vn -0.57643 -0.101231 -0.810852 
vn -0.57643 -0.111682 -0.809479 
vn -0.57643 -0.113068 -0.809286 
vn -0.57643 -0.0893723 -0.812244 
vn -0.57643 -0.098985 -0.811129 
vn -0.57643 -0.101231 -0.810852 
vn -0.57643 -0.0774946 -0.813464 
vn -0.57643 -0.0862639 -0.81258 
vn -0.57643 -0.0893722 -0.812244 
vn -0.57643 -0.0656004 -0.814509 
vn -0.57643 -0.0735217 -0.813832 
vn -0.57643 -0.0774946 -0.813464 
vn -0.57643 -0.0536922 -0.815381 
vn -0.57643 -0.0607614 -0.814884 
vn -0.57643 -0.0656003 -0.814509 
vn -0.57643 -0.0417725 -0.816078 
vn -0.57643 -0.0479862 -0.815736 
vn -0.57643 -0.0536921 -0.815381 
vn -0.57643 -0.0417725 -0.816078 
vn -0.57643 -0.0351993 -0.816388 
vn -0.57643 -0.0298438 -0.816601 
vn -0.57643 -0.0298439 -0.816601 
vn -0.57643 -0.0224037 -0.816839 
vn -0.57643 -0.0179089 -0.81695 
vn -0.57643 -0.0179089 -0.81695 
vn -0.57643 -0.00960255 -0.81709 
vn -0.57643 -0.00597004 -0.817125 
vn -0.57643 -0.00597011 -0.817125 
vn -0.57643 0.00320092 -0.81714 
vn -0.57643 0.00597004 -0.817125 
vn -0.57643 0.00596997 -0.817125 
vn -0.57643 0.0160036 -0.81699 
vn -0.57643 0.0179089 -0.81695 
vn -0.57643 0.0179088 -0.81695 
vn -0.57643 0.0288024 -0.816639 
vn -0.57643 0.0298438 -0.816601 
vn -0.57643 0.0298438 -0.816601 
vn -0.57643 0.041594 -0.816087 
vn -0.57643 0.0417725 -0.816078 
vn -0.57643 0.0417724 -0.816078 
vn -0.57643 0.0536922 -0.815381 
vn -0.57643 0.0536922 -0.815381 
vn -0.57643 0.0543755 -0.815335 
vn -0.57643 0.0656004 -0.814509 
vn -0.57643 0.0774946 -0.813464 
vn -0.57643 0.0671436 -0.814383 
vn -0.57643 0.0656005 -0.814509 
vn -0.57643 0.0893723 -0.812244 
vn -0.57643 0.0798953 -0.813231 
vn -0.57643 0.0774947 -0.813464 
vn -0.57643 0.101231 -0.810852 
vn -0.57643 0.0926273 -0.81188 
vn -0.57643 0.0893724 -0.812244 
vn -0.57643 0.113068 -0.809286 
vn -0.57643 0.105337 -0.810329 
vn -0.57643 0.101231 -0.810852 
vn -0.57643 0.124881 -0.807548 
vn -0.57643 0.11802 -0.808579 
vn -0.57643 0.113068 -0.809286 
vn -0.57643 0.136667 -0.805637 
vn -0.57643 0.130674 -0.80663 
vn -0.57643 0.124881 -0.807548 
vn -0.57643 0.136667 -0.805637 
vn -0.57643 0.143297 -0.804484 
vn -0.57643 0.148424 -0.803554 
vn -0.57643 0.148424 -0.803554 
vn -0.57643 0.155884 -0.80214 
vn -0.57643 0.160149 -0.801299 
vn -0.57643 0.160149 -0.801299 
vn -0.57643 0.168433 -0.799599 
vn -0.57643 0.17184 -0.798874 
vn -0.57643 0.17184 -0.798874 
vn -0.57643 0.18094 -0.796862 
vn -0.57643 0.183495 -0.796278 
vn -0.57643 0.183495 -0.796278 
vn -0.57643 0.193404 -0.793929 
vn -0.57643 0.19511 -0.793511 
vn -0.57643 0.19511 -0.793512 
vn -0.57643 0.205819 -0.790801 
vn -0.57643 0.206684 -0.790576 
vn -0.57643 0.206684 -0.790576 
vn -0.57643 0.218184 -0.78748 
vn -0.57643 0.218213 -0.787472 
vn -0.57643 0.218213 -0.787472 
vn -0.57643 0.229696 -0.784199 
vn -0.57643 0.229696 -0.784199 
vn -0.57643 0.230496 -0.783964 
vn -0.57643 0.24113 -0.780759 
vn -0.57643 0.252512 -0.777153 
vn -0.57643 0.242751 -0.780257 
vn -0.57643 0.24113 -0.780759 
vn -0.57643 0.263841 -0.77338 
vn -0.57643 0.254946 -0.776357 
vn -0.57643 0.252512 -0.777152 
vn -0.57643 0.275113 -0.769442 
vn -0.57643 0.267079 -0.772268 
vn -0.57643 0.263841 -0.77338 
vn -0.57643 0.286326 -0.76534 
vn -0.57643 0.279146 -0.767988 
vn -0.57643 0.275113 -0.769442 
vn -0.57643 0.297478 -0.761075 
vn -0.57643 0.291145 -0.76352 
vn -0.57643 0.286326 -0.76534 
vn -0.57643 0.297478 -0.761075 
vn -0.57643 0.303072 -0.758865 
vn -0.57643 0.308567 -0.756647 
vn -0.57643 0.308567 -0.756647 
vn -0.57643 0.314925 -0.754023 
vn -0.57643 0.31959 -0.752058 
vn -0.57643 0.31959 -0.752058 
vn -0.57643 0.326701 -0.748996 
vn -0.57643 0.330544 -0.747308 
vn -0.57643 0.330544 -0.747308 
vn -0.57643 0.338396 -0.743785 
vn -0.57643 0.341428 -0.742398 
vn -0.57643 0.341428 -0.742398 
vn -0.57643 0.350008 -0.738392 
vn -0.57643 0.35224 -0.73733 
vn -0.57643 0.35224 -0.73733 
vn -0.57643 0.361534 -0.732817 
vn -0.57643 0.362976 -0.732105 
vn -0.57643 0.362975 -0.732105 
vn -0.57643 0.372972 -0.727063 
vn -0.57643 0.373634 -0.726723 
vn -0.57643 0.373634 -0.726723 
vn -0.57643 0.384213 -0.721186 
vn -0.57643 0.384213 -0.721186 
vn -0.57643 0.384318 -0.72113 
vn -0.57643 0.394709 -0.715495 
vn -0.57643 0.394709 -0.715495 
vn -0.57643 0.395569 -0.71502 
vn -0.57643 0.405122 -0.709651 
vn -0.57643 0.415447 -0.703656 
vn -0.57643 0.406724 -0.708734 
vn -0.57643 0.405122 -0.709651 
vn -0.57643 0.425685 -0.697511 
vn -0.57643 0.417778 -0.702275 
vn -0.57643 0.415448 -0.703656 
vn -0.57643 0.435831 -0.691216 
vn -0.57643 0.42873 -0.695643 
vn -0.57643 0.425685 -0.697511 
vn -0.57643 0.445884 -0.684774 
vn -0.57643 0.439577 -0.68884 
vn -0.57643 0.435831 -0.691216 
vn -0.57643 0.455842 -0.678186 
vn -0.57643 0.450316 -0.681868 
vn -0.57643 0.445884 -0.684774 
vn -0.57643 0.455842 -0.678186 
vn -0.57643 0.460945 -0.674729 
vn -0.57643 0.465703 -0.671453 
vn -0.57643 0.465703 -0.671453 
vn -0.57643 0.47146 -0.667424 
vn -0.57643 0.475464 -0.664577 
vn -0.57643 0.475464 -0.664577 
vn -0.57643 0.481859 -0.659955 
vn -0.57643 0.485124 -0.657559 
vn -0.57643 0.485124 -0.657559 
vn -0.57643 0.49214 -0.652324 
vn -0.57643 0.49468 -0.6504 
vn -0.57643 0.49468 -0.6504 
vn -0.57643 0.502301 -0.644533 
vn -0.57643 0.50413 -0.643103 
vn -0.57643 0.50413 -0.643103 
vn -0.57643 0.512337 -0.636584 
vn -0.57643 0.513473 -0.635668 
vn -0.57643 0.513473 -0.635668 
vn -0.57643 0.522249 -0.628478 
vn -0.57643 0.522707 -0.628097 
vn -0.57643 0.522707 -0.628097 
vn -0.57643 0.531828 -0.620393 
vn -0.57643 0.531828 -0.620393 
vn -0.57643 0.532032 -0.620218 
vn -0.57643 0.540836 -0.612556 
vn -0.57643 0.549729 -0.604588 
vn -0.57643 0.541684 -0.611806 
vn -0.57643 0.540836 -0.612556 
vn -0.57643 0.558504 -0.596491 
vn -0.57643 0.551203 -0.603244 
vn -0.57643 0.549729 -0.604588 
vn -0.57643 0.56716 -0.588267 
vn -0.57643 0.560587 -0.594534 
vn -0.57643 0.558504 -0.596491 
vn -0.57643 0.575695 -0.579917 
vn -0.57643 0.569834 -0.585677 
vn -0.57643 0.56716 -0.588267 
vn -0.57643 0.584107 -0.571443 
vn -0.57643 0.57894 -0.576677 
vn -0.57643 0.575695 -0.579917 
vn -0.57643 0.592395 -0.562847 
vn -0.57643 0.587905 -0.567535 
vn -0.57643 0.584107 -0.571443 
vn -0.57643 0.592395 -0.562847 
vn -0.57643 0.596725 -0.558254 
vn -0.57643 0.600555 -0.554131 
vn -0.57643 0.600555 -0.554131 
vn -0.57643 0.605398 -0.548836 
vn -0.57643 0.608588 -0.545297 
vn -0.57643 0.608588 -0.545297 
vn -0.57643 0.613923 -0.539283 
vn -0.57643 0.616491 -0.536347 
vn -0.57643 0.616491 -0.536347 
vn -0.57643 0.622298 -0.529598 
vn -0.57643 0.624262 -0.527281 
vn -0.57643 0.624262 -0.527282 
vn -0.57643 0.630519 -0.519783 
vn -0.57643 0.631899 -0.518104 
vn -0.57643 0.631899 -0.518104 
vn -0.57643 0.638586 -0.50984 
vn -0.57643 0.639402 -0.508815 
vn -0.57643 0.639402 -0.508815 
vn -0.57643 0.646496 -0.499772 
vn -0.57643 0.646769 -0.499418 
vn -0.57643 0.646769 -0.499418 
vn -0.57643 0.653997 -0.489915 
vn -0.57643 0.653997 -0.489915 
vn -0.57643 0.654247 -0.489581 
vn -0.57643 0.661085 -0.480307 
vn -0.57643 0.668033 -0.470596 
vn -0.57643 0.661837 -0.47927 
vn -0.57643 0.661085 -0.480307 
vn -0.57643 0.674838 -0.460785 
vn -0.57643 0.669265 -0.468842 
vn -0.57643 0.668033 -0.470596 
vn -0.57643 0.681498 -0.450875 
vn -0.57643 0.676529 -0.458298 
vn -0.57643 0.674838 -0.460785 
vn -0.57643 0.688014 -0.440869 
vn -0.57643 0.683627 -0.447642 
vn -0.57643 0.681498 -0.450875 
vn -0.57643 0.694382 -0.430769 
vn -0.57643 0.690556 -0.436876 
vn -0.57643 0.688014 -0.440869 
vn -0.57643 0.700602 -0.420577 
vn -0.57643 0.697317 -0.426002 
vn -0.57643 0.694382 -0.430769 
vn -0.57643 0.700602 -0.420577 
vn -0.57643 0.703906 -0.415024 
vn -0.57643 0.706673 -0.410295 
vn -0.57643 0.706673 -0.410295 
vn -0.57643 0.710322 -0.403944 
vn -0.57643 0.712592 -0.399926 
vn -0.57643 0.712592 -0.399926 
vn -0.57643 0.716564 -0.392765 
vn -0.57643 0.71836 -0.389471 
vn -0.57643 0.71836 -0.389471 
vn -0.57643 0.72263 -0.38149 
vn -0.57643 0.723974 -0.378933 
vn -0.57643 0.723974 -0.378933 
vn -0.57643 0.728518 -0.370121 
vn -0.57643 0.729433 -0.368315 
vn -0.57643 0.729433 -0.368315 
vn -0.57643 0.734228 -0.358661 
vn -0.57643 0.734737 -0.357617 
vn -0.57643 0.734737 -0.357617 
vn -0.57643 0.739757 -0.347113 
vn -0.57643 0.739884 -0.346843 
vn -0.57643 0.739884 -0.346843 
vn -0.57643 0.744873 -0.335995 
vn -0.57643 0.744873 -0.335995 
vn -0.57643 0.745105 -0.33548 
vn -0.57643 0.749703 -0.325076 
vn -0.57643 0.754373 -0.314087 
vn -0.57643 0.75027 -0.323764 
vn -0.57643 0.749703 -0.325076 
vn -0.57643 0.758881 -0.303031 
vn -0.57643 0.755251 -0.311969 
vn -0.57643 0.754373 -0.314087 
vn -0.57643 0.763228 -0.29191 
vn -0.57643 0.760046 -0.300097 
vn -0.57643 0.758881 -0.303031 
vn -0.57643 0.767412 -0.280727 
vn -0.57643 0.764655 -0.288152 
vn -0.57643 0.763228 -0.29191 
vn -0.57643 0.771432 -0.269484 
vn -0.57643 0.769076 -0.276136 
vn -0.57643 0.767412 -0.280727 
vn -0.57643 0.775287 -0.258183 
vn -0.57643 0.773308 -0.264052 
vn -0.57643 0.771432 -0.269484 
vn -0.57643 0.775287 -0.258183 
vn -0.57643 0.77735 -0.251903 
vn -0.57643 0.778977 -0.246828 
vn -0.57643 0.778977 -0.246828 
vn -0.57643 0.781202 -0.239693 
vn -0.57643 0.7825 -0.235419 
vn -0.57643 0.7825 -0.235419 
vn -0.57643 0.784861 -0.227423 
vn -0.57643 0.785856 -0.223961 
vn -0.57643 0.785856 -0.223961 
vn -0.57643 0.788328 -0.215098 
vn -0.57643 0.789045 -0.212454 
vn -0.57643 0.789045 -0.212454 
vn -0.57643 0.791602 -0.20272 
vn -0.57643 0.792065 -0.200902 
vn -0.57643 0.792065 -0.200902 
vn -0.57643 0.794681 -0.190292 
vn -0.57643 0.794916 -0.189307 
vn -0.57643 0.794916 -0.189308 
vn -0.57643 0.797565 -0.177818 
vn -0.57643 0.797597 -0.177672 
vn -0.57643 0.797597 -0.177672 
vn -0.57643 0.800108 -0.165999 
vn -0.57643 0.800108 -0.165999 
vn -0.57643 0.800253 -0.165299 
vn -0.57643 0.802448 -0.154291 
vn -0.57643 0.804617 -0.142549 
vn -0.57643 0.802744 -0.152741 
vn -0.57643 0.802448 -0.154291 
vn -0.57643 0.806614 -0.130777 
vn -0.57643 0.805039 -0.140144 
vn -0.57643 0.804617 -0.142549 
vn -0.57643 0.808438 -0.118977 
vn -0.57643 0.807136 -0.127514 
vn -0.57643 0.806614 -0.130777 
vn -0.57643 0.810091 -0.107152 
vn -0.57643 0.809035 -0.114852 
vn -0.57643 0.808438 -0.118977 
vn -0.57643 0.81157 -0.0953041 
vn -0.57643 0.810735 -0.102162 
vn -0.57643 0.810091 -0.107152 
vn -0.57643 0.812876 -0.0834357 
vn -0.57643 0.812236 -0.0894463 
vn -0.57643 0.81157 -0.0953041 
vn -0.57643 0.812876 -0.0834357 
vn -0.57643 0.813538 -0.0767091 
vn -0.57643 0.814008 -0.0715494 
vn -0.57643 0.814008 -0.0715495 
vn -0.57643 0.81464 -0.063953 
vn -0.57643 0.814967 -0.0596479 
vn -0.57643 0.814967 -0.0596479 
vn -0.57643 0.815542 -0.0511813 
vn -0.57643 0.815751 -0.0477336 
vn -0.57643 0.815751 -0.0477337 
vn -0.57643 0.816244 -0.038397 
vn -0.57643 0.816362 -0.0358091 
vn -0.57643 0.816362 -0.0358092 
vn -0.57643 0.816745 -0.0256032 
vn -0.57643 0.816798 -0.023877 
vn -0.57643 0.816798 -0.0238771 
vn -0.57643 0.817046 -0.0128032 
vn -0.57643 0.817059 -0.0119398 
vn -0.57643 0.817059 -0.0119398 
vn -0.57643 0.817147 -1.23325e-16 
vn -0.57643 0.817059 0.0119398 
vn -0.57643 0.817059 0.0119398 
vn -0.57643 0.817046 0.0128032 
vn -0.57643 0.816798 0.023877 
vn -0.57643 0.816362 0.0358091 
vn -0.57643 0.816745 0.0256032 
vn -0.57643 0.816798 0.0238771 
vn -0.57643 0.815751 0.0477336 
vn -0.57643 0.816244 0.038397 
vn -0.57643 0.816362 0.0358092 
vn -0.57643 0.814967 0.0596479 
vn -0.57643 0.815542 0.0511813 
vn -0.57643 0.815751 0.0477337 
vn -0.57643 0.814008 0.0715494 
vn -0.57643 0.81464 0.063953 
vn -0.57643 0.814967 0.0596479 
vn -0.57643 0.812876 0.0834357 
vn -0.57643 0.813538 0.0767091 
vn -0.57643 0.814008 0.0715495 
vn -0.57643 0.812876 0.0834357 
vn -0.57643 0.812236 0.0894463 
vn -0.57643 0.81157 0.0953041 
vn -0.57643 0.81157 0.0953041 
vn -0.57643 0.810735 0.102162 
vn -0.57643 0.810091 0.107152 
vn -0.57643 0.810091 0.107152 
vn -0.57643 0.809035 0.114852 
vn -0.57643 0.808438 0.118977 
vn -0.57643 0.808438 0.118977 
vn -0.57643 0.807136 0.127514 
vn -0.57643 0.806614 0.130777 
vn -0.57643 0.806614 0.130777 
vn -0.57643 0.805039 0.140144 
vn -0.57643 0.804617 0.142549 
vn -0.57643 0.804617 0.142549 
vn -0.57643 0.802744 0.152741 
vn -0.57643 0.802448 0.154291 
vn -0.57643 0.802448 0.154291 
vn -0.57643 0.800253 0.165299 
vn -0.57643 0.800108 0.165999 
vn -0.57643 0.800108 0.165999 
vn -0.57643 0.797597 0.177672 
vn -0.57643 0.797597 0.177672 
vn -0.57643 0.797565 0.177818 
vn -0.57643 0.794916 0.189307 
vn -0.57643 0.794916 0.189308 
vn -0.57643 0.794681 0.190292 
vn -0.57643 0.792065 0.200902 
vn -0.57643 0.789045 0.212454 
vn -0.57643 0.791602 0.20272 
vn -0.57643 0.792065 0.200902 
vn -0.57643 0.785856 0.223961 
vn -0.57643 0.788328 0.215098 
vn -0.57643 0.789045 0.212454 
vn -0.57643 0.7825 0.235419 
vn -0.57643 0.784861 0.227423 
vn -0.57643 0.785856 0.223961 
vn -0.57643 0.778977 0.246828 
vn -0.57643 0.781202 0.239693 
vn -0.57643 0.7825 0.235419 
vn -0.57643 0.775287 0.258183 
vn -0.57643 0.77735 0.251903 
vn -0.57643 0.778977 0.246828 
vn -0.57643 0.775287 0.258183 
vn -0.57643 0.773308 0.264052 
vn -0.57643 0.771432 0.269484 
vn -0.57643 0.771432 0.269484 
vn -0.57643 0.769076 0.276136 
vn -0.57643 0.767412 0.280727 
vn -0.57643 0.767412 0.280727 
vn -0.57643 0.764655 0.288152 
vn -0.57643 0.763228 0.29191 
vn -0.57643 0.763228 0.29191 
vn -0.57643 0.760046 0.300097 
vn -0.57643 0.758881 0.303031 
vn -0.57643 0.758881 0.303031 
vn -0.57643 0.755251 0.311969 
vn -0.57643 0.754373 0.314087 
vn -0.57643 0.754373 0.314087 
vn -0.57643 0.75027 0.323764 
vn -0.57643 0.749703 0.325076 
vn -0.57643 0.749703 0.325076 
vn -0.57643 0.745105 0.33548 
vn -0.57643 0.744873 0.335995 
vn -0.57643 0.744873 0.335995 
vn -0.57643 0.739884 0.346843 
vn -0.57643 0.739884 0.346843 
vn -0.57643 0.739757 0.347113 
vn -0.57643 0.734737 0.357617 
vn -0.57643 0.729433 0.368315 
vn -0.57643 0.734228 0.358661 
vn -0.57643 0.734737 0.357617 
vn -0.57643 0.723974 0.378933 
vn -0.57643 0.728518 0.370121 
vn -0.57643 0.729433 0.368315 
vn -0.57643 0.71836 0.389471 
vn -0.57643 0.72263 0.38149 
vn -0.57643 0.723974 0.378933 
vn -0.57643 0.712592 0.399926 
vn -0.57643 0.716564 0.392765 
vn -0.57643 0.71836 0.389471 
vn -0.57643 0.706673 0.410295 
vn -0.57643 0.710322 0.403944 
vn -0.57643 0.712592 0.399926 
vn -0.57643 0.700602 0.420577 
vn -0.57643 0.703906 0.415024 
vn -0.57643 0.706673 0.410295 
vn -0.57643 0.700602 0.420577 
vn -0.57643 0.697317 0.426002 
vn -0.57643 0.694382 0.430769 
vn -0.57643 0.694382 0.430769 
vn -0.57643 0.690556 0.436876 
vn -0.57643 0.688014 0.440869 
vn -0.57643 0.688014 0.440869 
vn -0.57643 0.683627 0.447642 
vn -0.57643 0.681498 0.450875 
vn -0.57643 0.681498 0.450875 
vn -0.57643 0.676529 0.458298 
vn -0.57643 0.674838 0.460785 
vn -0.57643 0.674838 0.460785 
vn -0.57643 0.669265 0.468842 
vn -0.57643 0.668033 0.470596 
vn -0.57643 0.668033 0.470596 
vn -0.57643 0.661837 0.47927 
vn -0.57643 0.661085 0.480307 
vn -0.57643 0.661085 0.480307 
vn -0.57643 0.654247 0.489581 
vn -0.57643 0.653997 0.489915 
vn -0.57643 0.653997 0.489915 
vn -0.57643 0.646769 0.499418 
vn -0.57643 0.646769 0.499418 
vn -0.57643 0.646496 0.499772 
vn -0.57643 0.639402 0.508815 
vn -0.57643 0.631899 0.518104 
vn -0.57643 0.638586 0.50984 
vn -0.57643 0.639402 0.508815 
vn -0.57643 0.624262 0.527281 
vn -0.57643 0.630519 0.519783 
vn -0.57643 0.631899 0.518104 
vn -0.57643 0.616491 0.536347 
vn -0.57643 0.622298 0.529598 
vn -0.57643 0.624262 0.527282 
vn -0.57643 0.608588 0.545297 
vn -0.57643 0.613923 0.539283 
vn -0.57643 0.616491 0.536347 
vn -0.57643 0.600555 0.554131 
vn -0.57643 0.605398 0.548836 
vn -0.57643 0.608588 0.545297 
vn -0.57643 0.592395 0.562847 
vn -0.57643 0.596725 0.558254 
vn -0.57643 0.600555 0.554131 
vn -0.57643 0.592395 0.562847 
vn -0.57643 0.587905 0.567535 
vn -0.57643 0.584107 0.571443 
vn -0.57643 0.584107 0.571443 
vn -0.57643 0.57894 0.576677 
vn -0.57643 0.575695 0.579917 
vn -0.57643 0.575695 0.579917 
vn -0.57643 0.569834 0.585677 
vn -0.57643 0.56716 0.588267 
vn -0.57643 0.56716 0.588267 
vn -0.57643 0.560587 0.594534 
vn -0.57643 0.558504 0.596491 
vn -0.57643 0.558504 0.596491 
vn -0.57643 0.551203 0.603244 
vn -0.57643 0.549729 0.604588 
vn -0.57643 0.549729 0.604588 
vn -0.57643 0.541684 0.611806 
vn -0.57643 0.540836 0.612556 
vn -0.57643 0.540836 0.612556 
vn -0.57643 0.532032 0.620218 
vn -0.57643 0.531828 0.620393 
vn -0.57643 0.531828 0.620393 
vn -0.57643 0.522707 0.628097 
vn -0.57643 0.522707 0.628097 
vn -0.57643 0.522249 0.628478 
vn -0.57643 0.513473 0.635668 
vn -0.57643 0.50413 0.643103 
vn -0.57643 0.512337 0.636584 
vn -0.57643 0.513473 0.635668 
vn -0.57643 0.49468 0.6504 
vn -0.57643 0.502301 0.644533 
vn -0.57643 0.50413 0.643103 
vn -0.57643 0.485124 0.657559 
vn -0.57643 0.49214 0.652324 
vn -0.57643 0.49468 0.6504 
vn -0.57643 0.475464 0.664577 
vn -0.57643 0.481859 0.659955 
vn -0.57643 0.485124 0.657559 
vn -0.57643 0.465703 0.671453 
vn -0.57643 0.47146 0.667424 
vn -0.57643 0.475464 0.664577 
vn -0.57643 0.455842 0.678186 
vn -0.57643 0.460945 0.674729 
vn -0.57643 0.465703 0.671453 
vn -0.57643 0.455842 0.678186 
vn -0.57643 0.450316 0.681868 
vn -0.57643 0.445884 0.684774 
vn -0.57643 0.445884 0.684774 
vn -0.57643 0.439577 0.68884 
vn -0.57643 0.435831 0.691216 
vn -0.57643 0.435831 0.691216 
vn -0.57643 0.42873 0.695643 
vn -0.57643 0.425685 0.697511 
vn -0.57643 0.425685 0.697511 
vn -0.57643 0.417778 0.702275 
vn -0.57643 0.415447 0.703656 
vn -0.57643 0.415448 0.703656 
vn -0.57643 0.406724 0.708734 
vn -0.57643 0.405122 0.709651 
vn -0.57643 0.405122 0.709651 
vn -0.57643 0.395569 0.71502 
vn -0.57643 0.394709 0.715495 
vn -0.57643 0.394709 0.715495 
vn -0.57643 0.384318 0.72113 
vn -0.57643 0.384213 0.721186 
vn -0.57643 0.384213 0.721186 
vn -0.57643 0.373634 0.726723 
vn -0.57643 0.373634 0.726723 
vn -0.57643 0.372972 0.727063 
vn -0.57643 0.362976 0.732105 
vn -0.57643 0.35224 0.73733 
vn -0.57643 0.361534 0.732817 
vn -0.57643 0.362975 0.732105 
vn -0.57643 0.341428 0.742398 
vn -0.57643 0.350008 0.738392 
vn -0.57643 0.35224 0.73733 
vn -0.57643 0.330544 0.747308 
vn -0.57643 0.338396 0.743785 
vn -0.57643 0.341428 0.742398 
vn -0.57643 0.31959 0.752058 
vn -0.57643 0.326701 0.748996 
vn -0.57643 0.330544 0.747308 
vn -0.57643 0.308567 0.756647 
vn -0.57643 0.314925 0.754023 
vn -0.57643 0.31959 0.752058 
vn -0.57643 0.297478 0.761075 
vn -0.57643 0.303072 0.758865 
vn -0.57643 0.308567 0.756647 
vn -0.57643 0.297478 0.761075 
vn -0.57643 0.291145 0.76352 
vn -0.57643 0.286326 0.76534 
vn -0.57643 0.286326 0.76534 
vn -0.57643 0.279146 0.767988 
vn -0.57643 0.275113 0.769442 
vn -0.57643 0.275113 0.769442 
vn -0.57643 0.267079 0.772268 
vn -0.57643 0.263841 0.77338 
vn -0.57643 0.263841 0.77338 
vn -0.57643 0.254946 0.776357 
vn -0.57643 0.252512 0.777153 
vn -0.57643 0.252512 0.777152 
vn -0.57643 0.242751 0.780257 
vn -0.57643 0.24113 0.780759 
vn -0.57643 0.24113 0.780759 
vn -0.57643 0.230496 0.783964 
vn -0.57643 0.229696 0.784199 
vn -0.57643 0.229696 0.784199 
vn -0.57643 0.218213 0.787472 
vn -0.57643 0.218213 0.787472 
vn -0.57643 0.218184 0.78748 
vn -0.57643 0.206684 0.790576 
vn -0.57643 0.206684 0.790576 
vn -0.57643 0.205819 0.790801 
vn -0.57643 0.19511 0.793511 
vn -0.57643 0.183495 0.796278 
vn -0.57643 0.193404 0.793929 
vn -0.57643 0.19511 0.793512 
vn -0.57643 0.17184 0.798874 
vn -0.57643 0.18094 0.796862 
vn -0.57643 0.183495 0.796278 
vn -0.57643 0.160149 0.801299 
vn -0.57643 0.168433 0.799599 
vn -0.57643 0.17184 0.798874 
vn -0.57643 0.148424 0.803554 
vn -0.57643 0.155884 0.80214 
vn -0.57643 0.160149 0.801299 
vn -0.57643 0.136667 0.805637 
vn -0.57643 0.143297 0.804484 
vn -0.57643 0.148424 0.803554 
vn -0.57643 0.136667 0.805637 
vn -0.57643 0.130674 0.80663 
vn -0.57643 0.124881 0.807548 
vn -0.57643 0.124881 0.807548 
vn -0.57643 0.11802 0.808579 
vn -0.57643 0.113068 0.809286 
vn -0.57643 0.113068 0.809286 
vn -0.57643 0.105337 0.810329 
vn -0.57643 0.101231 0.810852 
vn -0.57643 0.101231 0.810852 
vn -0.57643 0.0926273 0.81188 
vn -0.57643 0.0893723 0.812244 
vn -0.57643 0.0893724 0.812244 
vn -0.57643 0.0798953 0.813231 
vn -0.57643 0.0774946 0.813464 
vn -0.57643 0.0774947 0.813464 
vn -0.57643 0.0671436 0.814383 
vn -0.57643 0.0656004 0.814509 
vn -0.57643 0.0656005 0.814509 
vn -0.57643 0.0543755 0.815335 
vn -0.57643 0.0536922 0.815381 
vn -0.57643 0.0536922 0.815381 
vn -0.57643 0.0417724 0.816078 
vn -0.57643 0.0417725 0.816078 
vn -0.57643 0.041594 0.816087 
vn -0.57643 0.0298438 0.816601 
vn -0.57643 0.0298438 0.816601 
vn -0.57643 0.0288024 0.816639 
vn -0.57643 0.0179089 0.81695 
vn -0.57643 0.00597004 0.817125 
vn -0.57643 0.0160036 0.81699 
vn -0.57643 0.0179088 0.81695 
vn -0.57643 -0.00597004 0.817125 
vn -0.57643 0.00320092 0.81714 
vn -0.57643 0.00596997 0.817125 
vn -0.57643 -0.0179089 0.81695 
vn -0.57643 -0.00960255 0.81709 
vn -0.57643 -0.00597011 0.817125 
vn -0.57643 -0.0298438 0.816601 
vn -0.57643 -0.0224037 0.816839 
vn -0.57643 -0.0179089 0.81695 
vn -0.57643 -0.0417725 0.816078 
vn -0.57643 -0.0351993 0.816388 
vn -0.57643 -0.0298439 0.816601 
vn -0.57643 -0.0417725 0.816078 
vn -0.57643 -0.0479862 0.815736 
vn -0.57643 -0.0536922 0.815381 
vn -0.57643 -0.0536921 0.815381 
vn -0.57643 -0.0607614 0.814884 
vn -0.57643 -0.0656004 0.814509 
vn -0.57643 -0.0656003 0.814509 
vn -0.57643 -0.0735217 0.813832 
vn -0.57643 -0.0774946 0.813464 
vn -0.57643 -0.0774946 0.813464 
vn -0.57643 -0.0862639 0.81258 
vn -0.57643 -0.0893723 0.812244 
vn -0.57643 -0.0893722 0.812244 
vn -0.57643 -0.098985 0.811129 
vn -0.57643 -0.101231 0.810852 
vn -0.57643 -0.101231 0.810852 
vn -0.57643 -0.111682 0.809479 
vn -0.57643 -0.113068 0.809286 
vn -0.57643 -0.113068 0.809286 
vn -0.57643 -0.124351 0.807629 
vn -0.57643 -0.124881 0.807548 
vn -0.57643 -0.124881 0.807548 
vn -0.57643 -0.136667 0.805637 
vn -0.57643 -0.136667 0.805637 
vn -0.57643 -0.13699 0.805582 
vn -0.57643 -0.148424 0.803554 
vn -0.57643 -0.160149 0.801299 
vn -0.57643 -0.149595 0.803337 
vn -0.57643 -0.148424 0.803554 
vn -0.57643 -0.17184 0.798874 
vn -0.57643 -0.162163 0.800894 
vn -0.57643 -0.160149 0.801299 
vn -0.57643 -0.183495 0.796278 
vn -0.57643 -0.174692 0.798255 
vn -0.57643 -0.17184 0.798874 
vn -0.57643 -0.19511 0.793511 
vn -0.57643 -0.187178 0.79542 
vn -0.57643 -0.183495 0.796278 
vn -0.57643 -0.206684 0.790576 
vn -0.57643 -0.199618 0.79239 
vn -0.57643 -0.19511 0.793511 
vn -0.57643 -0.218213 0.787472 
vn -0.57643 -0.212008 0.789165 
vn -0.57643 -0.206684 0.790576 
vn -0.57643 -0.218213 0.787472 
vn -0.57643 -0.224347 0.785746 
vn -0.57643 -0.229696 0.784199 
vn -0.57643 -0.229696 0.784199 
vn -0.57643 -0.236631 0.782134 
vn -0.57643 -0.24113 0.780759 
vn -0.57643 -0.24113 0.780759 
vn -0.57643 -0.248856 0.778331 
vn -0.57643 -0.252512 0.777153 
vn -0.57643 -0.252512 0.777153 
vn -0.57643 -0.261021 0.774336 
vn -0.57643 -0.263841 0.77338 
vn -0.57643 -0.263841 0.77338 
vn -0.57643 -0.273121 0.770151 
vn -0.57643 -0.275113 0.769442 
vn -0.57643 -0.275113 0.769442 
vn -0.57643 -0.285154 0.765778 
vn -0.57643 -0.286326 0.76534 
vn -0.57643 -0.286326 0.76534 
vn -0.57643 -0.297118 0.761216 
vn -0.57643 -0.297478 0.761075 
vn -0.57643 -0.297478 0.761075 
vn -0.57643 -0.308567 0.756647 
vn -0.57643 -0.308567 0.756647 
vn -0.57643 -0.309008 0.756467 
vn -0.57643 -0.31959 0.752058 
vn -0.57643 -0.330544 0.747308 
vn -0.57643 -0.320823 0.751533 
vn -0.57643 -0.31959 0.752058 
vn -0.57643 -0.341428 0.742398 
vn -0.57643 -0.332558 0.746414 
vn -0.57643 -0.330545 0.747308 
vn -0.57643 -0.35224 0.73733 
vn -0.57643 -0.344212 0.741111 
vn -0.57643 -0.341429 0.742398 
vn -0.57643 -0.362976 0.732105 
vn -0.57643 -0.355782 0.735627 
vn -0.57643 -0.35224 0.73733 
vn -0.57643 -0.373634 0.726723 
vn -0.57643 -0.367264 0.729963 
vn -0.57643 -0.362976 0.732105 
vn -0.57643 -0.384213 0.721186 
vn -0.57643 -0.378656 0.724119 
vn -0.57643 -0.373634 0.726723 
vn -0.57643 -0.384213 0.721186 
vn -0.57643 -0.389956 0.718097 
vn -0.57643 -0.394709 0.715495 
vn -0.57643 -0.394709 0.715495 
vn -0.57643 -0.401159 0.711899 
vn -0.57643 -0.405122 0.709651 
vn -0.57643 -0.405122 0.709651 
vn -0.57643 -0.412264 0.705526 
vn -0.57643 -0.415447 0.703656 
vn -0.57643 -0.415447 0.703656 
vn -0.57643 -0.423267 0.69898 
vn -0.57643 -0.425685 0.697511 
vn -0.57643 -0.425685 0.697511 
vn -0.57643 -0.434167 0.692262 
vn -0.57643 -0.435831 0.691216 
vn -0.57643 -0.435831 0.691216 
vn -0.57643 -0.44496 0.685375 
vn -0.57643 -0.445884 0.684774 
vn -0.57643 -0.445884 0.684774 
vn -0.57643 -0.455644 0.678319 
vn -0.57643 -0.455842 0.678186 
vn -0.57643 -0.455842 0.678186 
vn -0.57643 -0.465703 0.671453 
vn -0.57643 -0.465703 0.671453 
vn -0.57643 -0.466216 0.671097 
vn -0.57643 -0.475464 0.664577 
vn -0.57643 -0.485124 0.657559 
vn -0.57643 -0.476674 0.66371 
vn -0.57643 -0.475464 0.664577 
vn -0.57643 -0.49468 0.6504 
vn -0.57643 -0.487015 0.656159 
vn -0.57643 -0.485124 0.657559 
vn -0.57643 -0.50413 0.643103 
vn -0.57643 -0.497236 0.648448 
vn -0.57643 -0.49468 0.6504 
vn -0.57643 -0.513473 0.635668 
vn -0.57643 -0.507335 0.640578 
vn -0.57643 -0.50413 0.643103 
vn -0.57643 -0.522707 0.628097 
vn -0.57643 -0.517309 0.63255 
vn -0.57643 -0.513473 0.635668 
vn -0.57643 -0.531828 0.620393 
vn -0.57643 -0.527156 0.624367 
vn -0.57643 -0.522707 0.628097 
vn -0.57643 -0.531828 0.620393 
vn -0.57643 -0.536874 0.616031 
vn -0.57643 -0.540836 0.612556 
vn -0.57643 -0.540836 0.612556 
vn -0.57643 -0.546461 0.607544 
vn -0.57643 -0.549729 0.604588 
vn -0.57643 -0.549729 0.604588 
vn -0.57643 -0.555913 0.598907 
vn -0.57643 -0.558504 0.596491 
vn -0.57643 -0.558504 0.596491 
vn -0.57643 -0.565228 0.590123 
vn -0.57643 -0.56716 0.588267 
vn -0.57643 -0.56716 0.588267 
vn -0.57643 -0.574405 0.581195 
vn -0.57643 -0.575695 0.579917 
vn -0.57643 -0.575695 0.579917 
vn -0.57643 -0.583441 0.572124 
vn -0.57643 -0.584107 0.571443 
vn -0.57643 -0.584107 0.571443 
vn -0.57643 -0.592333 0.562912 
vn -0.57643 -0.592395 0.562847 
vn -0.57643 -0.592395 0.562847 
vn -0.57643 -0.600555 0.554131 
vn -0.57643 -0.600555 0.554131 
vn -0.57643 -0.60108 0.553562 
vn -0.57643 -0.608588 0.545297 
vn -0.57643 -0.616491 0.536347 
vn -0.57643 -0.60968 0.544076 
vn -0.57643 -0.608588 0.545297 
vn -0.57643 -0.624262 0.527281 
vn -0.57643 -0.618129 0.534457 
vn -0.57643 -0.616491 0.536347 
vn -0.57643 -0.631899 0.518104 
vn -0.57643 -0.626428 0.524707 
vn -0.57643 -0.624262 0.527281 
vn -0.57643 -0.639402 0.508815 
vn -0.57643 -0.634572 0.514827 
vn -0.57643 -0.631899 0.518104 
vn -0.57643 -0.646769 0.499418 
vn -0.57643 -0.64256 0.504821 
vn -0.57643 -0.639402 0.508815 
vn -0.57643 -0.653997 0.489915 
vn -0.57643 -0.650391 0.494692 
vn -0.57643 -0.646769 0.499418 
vn -0.57643 -0.653997 0.489915 
vn -0.57643 -0.658062 0.484441 
vn -0.57643 -0.661085 0.480307 
vn -0.57643 -0.661085 0.480307 
vn -0.57643 -0.665572 0.47407 
vn -0.57643 -0.668033 0.470596 
vn -0.57643 -0.668033 0.470596 
vn -0.57643 -0.672918 0.463584 
vn -0.57643 -0.674838 0.460785 
vn -0.57643 -0.674838 0.460785 
vn -0.57643 -0.680099 0.452984 
vn -0.57643 -0.681498 0.450875 
vn -0.57643 -0.681498 0.450875 
vn -0.57643 -0.687113 0.442272 
vn -0.57643 -0.688014 0.440869 
vn -0.57643 -0.688014 0.440869 
vn -0.57643 -0.693958 0.431452 
vn -0.57643 -0.694382 0.430769 
vn -0.57643 -0.694382 0.430769 
vn -0.57643 -0.700602 0.420577 
vn -0.57643 -0.700602 0.420577 
vn -0.57643 -0.700633 0.420526 
vn -0.57643 -0.706673 0.410295 
vn -0.57643 -0.706673 0.410295 
vn -0.57643 -0.707136 0.409497 
vn -0.57643 -0.712592 0.399926 
vn -0.57643 -0.71836 0.389471 
vn -0.57643 -0.713465 0.398367 
vn -0.57643 -0.712592 0.399926 
vn -0.57643 -0.723974 0.378933 
vn -0.57643 -0.719619 0.38714 
vn -0.57643 -0.71836 0.389471 
vn -0.57643 -0.729433 0.368315 
vn -0.57643 -0.725596 0.375817 
vn -0.57643 -0.723974 0.378933 
vn -0.57643 -0.734737 0.357617 
vn -0.57643 -0.731396 0.364402 
vn -0.57643 -0.729433 0.368315 
vn -0.57643 -0.739884 0.346843 
vn -0.57643 -0.737015 0.352898 
vn -0.57643 -0.734737 0.357617 
vn -0.57643 -0.739884 0.346843 
vn -0.57643 -0.742454 0.341307 
vn -0.57643 -0.744873 0.335995 
vn -0.57643 -0.744873 0.335995 
vn -0.57643 -0.747711 0.329632 
vn -0.57643 -0.749703 0.325076 
vn -0.57643 -0.749703 0.325076 
vn -0.57643 -0.752784 0.317876 
vn -0.57643 -0.754373 0.314087 
vn -0.57643 -0.754372 0.314087 
vn -0.57643 -0.757672 0.306043 
vn -0.57643 -0.758881 0.303031 
vn -0.57643 -0.758881 0.303031 
vn -0.57643 -0.762374 0.294134 
vn -0.57643 -0.763228 0.29191 
vn -0.57643 -0.763228 0.29191 
vn -0.57643 -0.766889 0.282153 
vn -0.57643 -0.767412 0.280727 
vn -0.57643 -0.767412 0.280727 
vn -0.57643 -0.771215 0.270102 
vn -0.57643 -0.771432 0.269484 
vn -0.57643 -0.771432 0.269484 
vn -0.57643 -0.775287 0.258183 
vn -0.57643 -0.775287 0.258183 
vn -0.57643 -0.775353 0.257986 
vn -0.57643 -0.778977 0.246828 
vn -0.57643 -0.7825 0.235419 
vn -0.57643 -0.7793 0.245805 
vn -0.57643 -0.778977 0.246828 
vn -0.57643 -0.785856 0.223961 
vn -0.57643 -0.783055 0.233565 
vn -0.57643 -0.7825 0.235419 
vn -0.57643 -0.789045 0.212454 
vn -0.57643 -0.786619 0.221267 
vn -0.57643 -0.785856 0.22396 
vn -0.57643 -0.792065 0.200902 
vn -0.57643 -0.789989 0.208915 
vn -0.57643 -0.789045 0.212454 
vn -0.57643 -0.794916 0.189307 
vn -0.57643 -0.793165 0.196512 
vn -0.57643 -0.792065 0.200902 
vn -0.57643 -0.797597 0.177672 
vn -0.57643 -0.796147 0.184061 
vn -0.57643 -0.794916 0.189307 
vn -0.57643 -0.797597 0.177672 
vn -0.57643 -0.798933 0.171564 
vn -0.57643 -0.800108 0.165999 
vn -0.57643 -0.800108 0.165999 
vn -0.57643 -0.801523 0.159025 
vn -0.57643 -0.802448 0.154291 
vn -0.57643 -0.802448 0.154291 
vn -0.57643 -0.803916 0.146447 
vn -0.57643 -0.804617 0.142549 
vn -0.57643 -0.804617 0.142549 
vn -0.57643 -0.806112 0.133833 
vn -0.57643 -0.806614 0.130777 
vn -0.57643 -0.806614 0.130777 
vn -0.57643 -0.80811 0.121186 
vn -0.57643 -0.808438 0.118977 
vn -0.57643 -0.808438 0.118978 
vn -0.57643 -0.80991 0.10851 
vn -0.57643 -0.810091 0.107152 
vn -0.57643 -0.810091 0.107152 
vn -0.57643 -0.811511 0.0958069 
vn -0.57643 -0.81157 0.0953041 
vn -0.57643 -0.81157 0.0953042 
vn -0.57643 -0.812876 0.0834357 
vn -0.57643 -0.812876 0.0834357 
vn -0.57643 -0.812912 0.0830802 
vn -0.57643 -0.814008 0.0715494 
vn -0.57643 -0.814967 0.0596479 
vn -0.57643 -0.814114 0.0703332 
vn -0.57643 -0.814008 0.0715494 
vn -0.57643 -0.815751 0.0477336 
vn -0.57643 -0.815116 0.0575689 
vn -0.57643 -0.814967 0.0596478 
vn -0.57643 -0.816362 0.0358091 
vn -0.57643 -0.815918 0.0447905 
vn -0.57643 -0.815751 0.0477335 
vn -0.57643 -0.816798 0.023877 
vn -0.57643 -0.81652 0.0320011 
vn -0.57643 -0.816362 0.035809 
vn -0.57643 -0.817059 0.0119398 
vn -0.57643 -0.816921 0.0192038 
vn -0.57643 -0.816798 0.0238769 
vn -0.57643 -0.817121 0.00640178 
vn -0.57643 -0.817059 0.0119397 
vn 0 0.999841 -0.017849 
vn 0 0.999866 -0.0163618 
vn 0 1 -2.44929e-16 
vn 0 0.999363 -0.0356923 
vn 0 0.999465 -0.0327192 
vn 0 0.998567 -0.0535243 
vn 0 0.998795 -0.0490678 
vn 0 0.997452 -0.0713392 
vn 0 0.997859 -0.0654032 
vn 0 0.99602 -0.0891314 
vn 0 0.996655 -0.0817211 
vn 0 0.99427 -0.106895 
vn 0 0.995185 -0.0980171 
vn 0 0.992204 -0.124625 
vn 0 0.993448 -0.114287 
vn 0 0.989821 -0.142315 
vn 0 0.991445 -0.130526 
vn 0 0.987124 -0.159959 
vn 0 0.989177 -0.14673 
vn 0 0.984111 -0.177553 
vn 0 0.986643 -0.162895 
vn 0 0.980785 -0.19509 
vn 0 0.983846 -0.179017 
vn 0 0.977147 -0.212565 
vn 0 0.977462 -0.211112 
vn 0 0.973197 -0.229973 
vn 0 0.973877 -0.227076 
vn 0 0.968937 -0.247307 
vn 0 0.970031 -0.24298 
vn 0 0.964369 -0.264562 
vn 0 0.965926 -0.258819 
vn 0 0.959493 -0.281733 
vn 0 0.961562 -0.274589 
vn 0 0.954311 -0.298814 
vn 0 0.95694 -0.290285 
vn 0 0.948826 -0.3158 
vn 0 0.952063 -0.305903 
vn 0 0.943038 -0.332685 
vn 0 0.94693 -0.321439 
vn 0 0.93695 -0.349464 
vn 0 0.941544 -0.33689 
vn 0 0.930563 -0.366132 
vn 0 0.935906 -0.35225 
vn 0 0.92388 -0.382683 
vn 0 0.930017 -0.367516 
vn 0 0.916902 -0.399113 
vn 0 0.917494 -0.397749 
vn 0 0.909632 -0.415415 
vn 0 0.910864 -0.412707 
vn 0 0.902072 -0.431585 
vn 0 0.903989 -0.427555 
vn 0 0.894225 -0.447617 
vn 0 0.896873 -0.442289 
vn 0 0.886093 -0.463507 
vn 0 0.889516 -0.456904 
vn 0 0.877679 -0.479249 
vn 0 0.881921 -0.471397 
vn 0 0.868985 -0.494838 
vn 0 0.87409 -0.485763 
vn 0 0.860014 -0.51027 
vn 0 0.866025 -0.5 
vn 0 0.850769 -0.525539 
vn 0 0.857729 -0.514103 
vn 0 0.841254 -0.540641 
vn 0 0.849202 -0.528068 
vn 0 0.83147 -0.55557 
vn 0 0.840448 -0.541892 
vn 0 0.821421 -0.570323 
vn 0 0.822268 -0.5691 
vn 0 0.81111 -0.584893 
vn 0 0.812847 -0.582478 
vn 0 0.800541 -0.599278 
vn 0 0.803207 -0.595699 
vn 0 0.789717 -0.613471 
vn 0 0.793353 -0.608762 
vn 0 0.778642 -0.627469 
vn 0 0.783287 -0.621661 
vn 0 0.767318 -0.641267 
vn 0 0.77301 -0.634393 
vn 0 0.75575 -0.654861 
vn 0 0.762527 -0.646956 
vn 0 0.743941 -0.668246 
vn 0 0.75184 -0.659346 
vn 0 0.731895 -0.681418 
vn 0 0.740951 -0.671559 
vn 0 0.719615 -0.694373 
vn 0 0.729864 -0.683592 
vn 0 0.707107 -0.707107 
vn 0 0.718582 -0.695443 
vn 0 0.694373 -0.719615 
vn 0 0.695443 -0.718582 
vn 0 0.681418 -0.731895 
vn 0 0.683592 -0.729864 
vn 0 0.668246 -0.743941 
vn 0 0.671559 -0.740951 
vn 0 0.654861 -0.75575 
vn 0 0.659346 -0.75184 
vn 0 0.641267 -0.767318 
vn 0 0.646956 -0.762527 
vn 0 0.627469 -0.778642 
vn 0 0.634393 -0.77301 
vn 0 0.613471 -0.789717 
vn 0 0.621661 -0.783287 
vn 0 0.599278 -0.800541 
vn 0 0.608762 -0.793353 
vn 0 0.584893 -0.81111 
vn 0 0.595699 -0.803207 
vn 0 0.570323 -0.821421 
vn 0 0.582478 -0.812847 
vn 0 0.55557 -0.83147 
vn 0 0.5691 -0.822268 
vn 0 0.540641 -0.841254 
vn 0 0.541892 -0.840448 
vn 0 0.525539 -0.850769 
vn 0 0.528068 -0.849202 
vn 0 0.51027 -0.860014 
vn 0 0.514103 -0.857729 
vn 0 0.494838 -0.868985 
vn 0 0.5 -0.866025 
vn 0 0.479249 -0.877679 
vn 0 0.485763 -0.87409 
vn 0 0.463507 -0.886093 
vn 0 0.471397 -0.881921 
vn 0 0.447617 -0.894225 
vn 0 0.456904 -0.889516 
vn 0 0.431585 -0.902072 
vn 0 0.442289 -0.896873 
vn 0 0.415415 -0.909632 
vn 0 0.427555 -0.903989 
vn 0 0.399113 -0.916902 
vn 0 0.412707 -0.910864 
vn 0 0.382683 -0.92388 
vn 0 0.397749 -0.917494 
vn 0 0.366132 -0.930563 
vn 0 0.367516 -0.930017 
vn 0 0.349464 -0.93695 
vn 0 0.35225 -0.935906 
vn 0 0.332685 -0.943038 
vn 0 0.33689 -0.941544 
vn 0 0.3158 -0.948826 
vn 0 0.321439 -0.94693 
vn 0 0.298814 -0.954311 
vn 0 0.305903 -0.952063 
vn 0 0.281733 -0.959493 
vn 0 0.290285 -0.95694 
vn 0 0.264562 -0.964369 
vn 0 0.274589 -0.961562 
vn 0 0.247307 -0.968937 
vn 0 0.258819 -0.965926 
vn 0 0.229973 -0.973197 
vn 0 0.24298 -0.970031 
vn 0 0.212565 -0.977147 
vn 0 0.227076 -0.973877 
vn 0 0.19509 -0.980785 
vn 0 0.211112 -0.977462 
vn 0 0.177553 -0.984111 
vn 0 0.179017 -0.983846 
vn 0 0.159959 -0.987124 
vn 0 0.162895 -0.986643 
vn 0 0.142315 -0.989821 
vn 0 0.14673 -0.989177 
vn 0 0.124625 -0.992204 
vn 0 0.130526 -0.991445 
vn 0 0.106895 -0.99427 
vn 0 0.114287 -0.993448 
vn 0 0.0891314 -0.99602 
vn 0 0.0980171 -0.995185 
vn 0 0.0713392 -0.997452 
vn 0 0.0817211 -0.996655 
vn 0 0.0535243 -0.998567 
vn 0 0.0654032 -0.997859 
vn 0 0.0356923 -0.999363 
vn 0 0.0490678 -0.998795 
vn 0 0.017849 -0.999841 
vn 0 0.0327192 -0.999465 
vn 0 -1.83697e-16 -1 
vn 0 0.0163618 -0.999866 
vn 0 -0.017849 -0.999841 
vn 0 -0.0163618 -0.999866 
vn 0 -0.0356923 -0.999363 
vn 0 -0.0327192 -0.999465 
vn 0 -0.0535243 -0.998567 
vn 0 -0.0490678 -0.998795 
vn 0 -0.0713392 -0.997452 
vn 0 -0.0654032 -0.997859 
vn 0 -0.0891314 -0.99602 
vn 0 -0.0817211 -0.996655 
vn 0 -0.106895 -0.99427 
vn 0 -0.0980171 -0.995185 
vn 0 -0.124625 -0.992204 
vn 0 -0.114287 -0.993448 
vn 0 -0.142315 -0.989821 
vn 0 -0.130526 -0.991445 
vn 0 -0.159959 -0.987124 
vn 0 -0.14673 -0.989177 
vn 0 -0.177553 -0.984111 
vn 0 -0.162895 -0.986643 
vn 0 -0.19509 -0.980785 
vn 0 -0.179017 -0.983846 
vn 0 -0.212565 -0.977147 
vn 0 -0.211112 -0.977462 
vn 0 -0.229973 -0.973197 
vn 0 -0.227076 -0.973877 
vn 0 -0.247307 -0.968937 
vn 0 -0.24298 -0.970031 
vn 0 -0.264562 -0.964369 
vn 0 -0.258819 -0.965926 
vn 0 -0.281733 -0.959493 
vn 0 -0.274589 -0.961562 
vn 0 -0.298814 -0.954311 
vn 0 -0.290285 -0.95694 
vn 0 -0.3158 -0.948826 
vn 0 -0.305903 -0.952063 
vn 0 -0.332685 -0.943038 
vn 0 -0.321439 -0.94693 
vn 0 -0.349464 -0.93695 
vn 0 -0.33689 -0.941544 
vn 0 -0.366132 -0.930563 
vn 0 -0.35225 -0.935906 
vn 0 -0.382683 -0.92388 
vn 0 -0.367516 -0.930017 
vn 0 -0.399113 -0.916902 
vn 0 -0.397749 -0.917494 
vn 0 -0.415415 -0.909632 
vn 0 -0.412707 -0.910864 
vn 0 -0.431585 -0.902072 
vn 0 -0.427555 -0.903989 
vn 0 -0.447617 -0.894225 
vn 0 -0.442289 -0.896873 
vn 0 -0.463507 -0.886093 
vn 0 -0.456904 -0.889516 
vn 0 -0.479249 -0.877679 
vn 0 -0.471397 -0.881921 
vn 0 -0.494838 -0.868985 
vn 0 -0.485763 -0.87409 
vn 0 -0.51027 -0.860014 
vn 0 -0.5 -0.866025 
vn 0 -0.525539 -0.850769 
vn 0 -0.514103 -0.857729 
vn 0 -0.540641 -0.841254 
vn 0 -0.528068 -0.849202 
vn 0 -0.55557 -0.83147 
vn 0 -0.541892 -0.840448 
vn 0 -0.570323 -0.821421 
vn 0 -0.5691 -0.822268 
vn 0 -0.584893 -0.81111 
vn 0 -0.582478 -0.812847 
vn 0 -0.599278 -0.800541 
vn 0 -0.595699 -0.803207 
vn 0 -0.613471 -0.789717 
vn 0 -0.608762 -0.793353 
vn 0 -0.627469 -0.778642 
vn 0 -0.621661 -0.783287 
vn 0 -0.641267 -0.767318 
vn 0 -0.634393 -0.77301 
vn 0 -0.654861 -0.75575 
vn 0 -0.646956 -0.762527 
vn 0 -0.668246 -0.743941 
vn 0 -0.659346 -0.75184 
vn 0 -0.681418 -0.731895 
vn 0 -0.671559 -0.740951 
vn 0 -0.694373 -0.719615 
vn 0 -0.683592 -0.729864 
vn 0 -0.707107 -0.707107 
vn 0 -0.695443 -0.718582 
vn 0 -0.719615 -0.694373 
vn 0 -0.718582 -0.695443 
vn 0 -0.731895 -0.681418 
vn 0 -0.729864 -0.683592 
vn 0 -0.743941 -0.668246 
vn 0 -0.740951 -0.671559 
vn 0 -0.75575 -0.654861 
vn 0 -0.75184 -0.659346 
vn 0 -0.767318 -0.641267 
vn 0 -0.762527 -0.646956 
vn 0 -0.778642 -0.627469 
vn 0 -0.77301 -0.634393 
vn 0 -0.789717 -0.613471 
vn 0 -0.783287 -0.621661 
vn 0 -0.800541 -0.599278 
vn 0 -0.793353 -0.608762 
vn 0 -0.81111 -0.584893 
vn 0 -0.803207 -0.595699 
vn 0 -0.821421 -0.570323 
vn 0 -0.812847 -0.582478 
vn 0 -0.83147 -0.55557 
vn 0 -0.822268 -0.5691 
vn 0 -0.841254 -0.540641 
vn 0 -0.840448 -0.541892 
vn 0 -0.850769 -0.525539 
vn 0 -0.849202 -0.528068 
vn 0 -0.860014 -0.51027 
vn 0 -0.857729 -0.514103 
vn 0 -0.868985 -0.494838 
vn 0 -0.866025 -0.5 
vn 0 -0.877679 -0.479249 
vn 0 -0.87409 -0.485763 
vn 0 -0.886093 -0.463507 
vn 0 -0.881921 -0.471397 
vn 0 -0.894225 -0.447617 
vn 0 -0.889516 -0.456904 
vn 0 -0.902072 -0.431585 
vn 0 -0.896873 -0.442289 
vn 0 -0.909632 -0.415415 
vn 0 -0.903989 -0.427555 
vn 0 -0.916902 -0.399113 
vn 0 -0.910864 -0.412707 
vn 0 -0.92388 -0.382683 
vn 0 -0.917494 -0.397749 
vn 0 -0.930563 -0.366132 
vn 0 -0.930017 -0.367516 
vn 0 -0.93695 -0.349464 
vn 0 -0.935906 -0.35225 
vn 0 -0.943038 -0.332685 
vn 0 -0.941544 -0.33689 
vn 0 -0.948826 -0.3158 
vn 0 -0.94693 -0.321439 
vn 0 -0.954311 -0.298814 
vn 0 -0.952063 -0.305903 
vn 0 -0.959493 -0.281733 
vn 0 -0.95694 -0.290285 
vn 0 -0.964369 -0.264562 
vn 0 -0.961562 -0.274589 
vn 0 -0.968937 -0.247307 
vn 0 -0.965926 -0.258819 
vn 0 -0.973197 -0.229973 
vn 0 -0.970031 -0.24298 
vn 0 -0.977147 -0.212565 
vn 0 -0.973877 -0.227076 
vn 0 -0.980785 -0.19509 
vn 0 -0.977462 -0.211112 
vn 0 -0.984111 -0.177553 
vn 0 -0.983846 -0.179017 
vn 0 -0.987124 -0.159959 
vn 0 -0.986643 -0.162895 
vn 0 -0.989821 -0.142315 
vn 0 -0.989177 -0.14673 
vn 0 -0.992204 -0.124625 
vn 0 -0.991445 -0.130526 
vn 0 -0.99427 -0.106895 
vn 0 -0.993448 -0.114287 
vn 0 -0.99602 -0.0891314 
vn 0 -0.995185 -0.0980171 
vn 0 -0.997452 -0.0713392 
vn 0 -0.996655 -0.0817211 
vn 0 -0.998567 -0.0535243 
vn 0 -0.997859 -0.0654032 
vn 0 -0.999363 -0.0356923 
vn 0 -0.998795 -0.0490678 
vn 0 -0.999841 -0.017849 
vn 0 -0.999465 -0.0327192 
vn 0 -1 1.22465e-16 
vn 0 -0.999866 -0.0163618 
vn 0 -0.999841 0.017849 
vn 0 -0.999866 0.0163618 
vn 0 -0.999363 0.0356923 
vn 0 -0.999465 0.0327192 
vn 0 -0.998567 0.0535243 
vn 0 -0.998795 0.0490678 
vn 0 -0.997452 0.0713392 
vn 0 -0.997859 0.0654032 
vn 0 -0.99602 0.0891314 
vn 0 -0.996655 0.0817211 
vn 0 -0.99427 0.106895 
vn 0 -0.995185 0.0980171 
vn 0 -0.992204 0.124625 
vn 0 -0.993448 0.114287 
vn 0 -0.989821 0.142315 
vn 0 -0.991445 0.130526 
vn 0 -0.987124 0.159959 
vn 0 -0.989177 0.14673 
vn 0 -0.984111 0.177553 
vn 0 -0.986643 0.162895 
vn 0 -0.980785 0.19509 
vn 0 -0.983846 0.179017 
vn 0 -0.977147 0.212565 
vn 0 -0.977462 0.211112 
vn 0 -0.973197 0.229973 
vn 0 -0.973877 0.227076 
vn 0 -0.968937 0.247307 
vn 0 -0.970031 0.24298 
vn 0 -0.964369 0.264562 
vn 0 -0.965926 0.258819 
vn 0 -0.959493 0.281733 
vn 0 -0.961562 0.274589 
vn 0 -0.954311 0.298814 
vn 0 -0.95694 0.290285 
vn 0 -0.948826 0.3158 
vn 0 -0.952063 0.305903 
vn 0 -0.943038 0.332685 
vn 0 -0.94693 0.321439 
vn 0 -0.93695 0.349464 
vn 0 -0.941544 0.33689 
vn 0 -0.930563 0.366132 
vn 0 -0.935906 0.35225 
vn 0 -0.92388 0.382683 
vn 0 -0.930017 0.367516 
vn 0 -0.916902 0.399113 
vn 0 -0.917494 0.397749 
vn 0 -0.909632 0.415415 
vn 0 -0.910864 0.412707 
vn 0 -0.902072 0.431585 
vn 0 -0.903989 0.427555 
vn 0 -0.894225 0.447617 
vn 0 -0.896873 0.442289 
vn 0 -0.886093 0.463507 
vn 0 -0.889516 0.456904 
vn 0 -0.877679 0.479249 
vn 0 -0.881921 0.471397 
vn 0 -0.868985 0.494838 
vn 0 -0.87409 0.485763 
vn 0 -0.860014 0.51027 
vn 0 -0.866025 0.5 
vn 0 -0.850769 0.525539 
vn 0 -0.857729 0.514103 
vn 0 -0.841254 0.540641 
vn 0 -0.849202 0.528068 
vn 0 -0.83147 0.55557 
vn 0 -0.840448 0.541892 
vn 0 -0.821421 0.570323 
vn 0 -0.822268 0.5691 
vn 0 -0.81111 0.584893 
vn 0 -0.812847 0.582478 
vn 0 -0.800541 0.599278 
vn 0 -0.803207 0.595699 
vn 0 -0.789717 0.613471 
vn 0 -0.793353 0.608762 
vn 0 -0.778642 0.627469 
vn 0 -0.783287 0.621661 
vn 0 -0.767318 0.641267 
vn 0 -0.77301 0.634393 
vn 0 -0.75575 0.654861 
vn 0 -0.762527 0.646956 
vn 0 -0.743941 0.668246 
vn 0 -0.75184 0.659346 
vn 0 -0.731895 0.681418 
vn 0 -0.740951 0.671559 
vn 0 -0.719615 0.694373 
vn 0 -0.729864 0.683592 
vn 0 -0.707107 0.707107 
vn 0 -0.718582 0.695443 
vn 0 -0.694373 0.719615 
vn 0 -0.695443 0.718582 
vn 0 -0.681418 0.731895 
vn 0 -0.683592 0.729864 
vn 0 -0.668246 0.743941 
vn 0 -0.671559 0.740951 
vn 0 -0.654861 0.75575 
vn 0 -0.659346 0.75184 
vn 0 -0.641267 0.767318 
vn 0 -0.646956 0.762527 
vn 0 -0.627469 0.778642 
vn 0 -0.634393 0.77301 
vn 0 -0.613471 0.789717 
vn 0 -0.621661 0.783287 
vn 0 -0.599278 0.800541 
vn 0 -0.608762 0.793353 
vn 0 -0.584893 0.81111 
vn 0 -0.595699 0.803207 
vn 0 -0.570323 0.821421 
vn 0 -0.582478 0.812847 
vn 0 -0.55557 0.83147 
vn 0 -0.5691 0.822268 
vn 0 -0.540641 0.841254 
vn 0 -0.541892 0.840448 
vn 0 -0.525539 0.850769 
vn 0 -0.528068 0.849202 
vn 0 -0.51027 0.860014 
vn 0 -0.514103 0.857729 
vn 0 -0.494838 0.868985 
vn 0 -0.5 0.866025 
vn 0 -0.479249 0.877679 
vn 0 -0.485763 0.87409 
vn 0 -0.463507 0.886093 
vn 0 -0.471397 0.881921 
vn 0 -0.447617 0.894225 
vn 0 -0.456904 0.889516 
vn 0 -0.431585 0.902072 
vn 0 -0.442289 0.896873 
vn 0 -0.415415 0.909632 
vn 0 -0.427555 0.903989 
vn 0 -0.399113 0.916902 
vn 0 -0.412707 0.910864 
vn 0 -0.382683 0.92388 
vn 0 -0.397749 0.917494 
vn 0 -0.366132 0.930563 
vn 0 -0.367516 0.930017 
vn 0 -0.349464 0.93695 
vn 0 -0.35225 0.935906 
vn 0 -0.332685 0.943038 
vn 0 -0.33689 0.941544 
vn 0 -0.3158 0.948826 
vn 0 -0.321439 0.94693 
vn 0 -0.298814 0.954311 
vn 0 -0.305903 0.952063 
vn 0 -0.281733 0.959493 
vn 0 -0.290285 0.95694 
vn 0 -0.264562 0.964369 
vn 0 -0.274589 0.961562 
vn 0 -0.247307 0.968937 
vn 0 -0.258819 0.965926 
vn 0 -0.229973 0.973197 
vn 0 -0.24298 0.970031 
vn 0 -0.212565 0.977147 
vn 0 -0.227076 0.973877 
vn 0 -0.19509 0.980785 
vn 0 -0.211112 0.977462 
vn 0 -0.177553 0.984111 
vn 0 -0.179017 0.983846 
vn 0 -0.159959 0.987124 
vn 0 -0.162895 0.986643 
vn 0 -0.142315 0.989821 
vn 0 -0.14673 0.989177 
vn 0 -0.124625 0.992204 
vn 0 -0.130526 0.991445 
vn 0 -0.106895 0.99427 
vn 0 -0.114287 0.993448 
vn 0 -0.0891314 0.99602 
vn 0 -0.0980171 0.995185 
vn 0 -0.0713392 0.997452 
vn 0 -0.0817211 0.996655 
vn 0 -0.0535243 0.998567 
vn 0 -0.0654032 0.997859 
vn 0 -0.0356923 0.999363 
vn 0 -0.0490678 0.998795 
vn 0 -0.017849 0.999841 
vn 0 -0.0327192 0.999465 
vn 0 6.12323e-17 1 
vn 0 -0.0163618 0.999866 
vn 0 0.017849 0.999841 
vn 0 0.0163618 0.999866 
vn 0 0.0356923 0.999363 
vn 0 0.0327192 0.999465 
vn 0 0.0535243 0.998567 
vn 0 0.0490678 0.998795 
vn 0 0.0713392 0.997452 
vn 0 0.0654032 0.997859 
vn 0 0.0891314 0.99602 
vn 0 0.0817211 0.996655 
vn 0 0.106895 0.99427 
vn 0 0.0980171 0.995185 
vn 0 0.124625 0.992204 
vn 0 0.114287 0.993448 
vn 0 0.142315 0.989821 
vn 0 0.130526 0.991445 
vn 0 0.159959 0.987124 
vn 0 0.14673 0.989177 
vn 0 0.177553 0.984111 
vn 0 0.162895 0.986643 
vn 0 0.19509 0.980785 
vn 0 0.179017 0.983846 
vn 0 0.212565 0.977147 
vn 0 0.211112 0.977462 
vn 0 0.229973 0.973197 
vn 0 0.227076 0.973877 
vn 0 0.247307 0.968937 
vn 0 0.24298 0.970031 
vn 0 0.264562 0.964369 
vn 0 0.258819 0.965926 
vn 0 0.281733 0.959493 
vn 0 0.274589 0.961562 
vn 0 0.298814 0.954311 
vn 0 0.290285 0.95694 
vn 0 0.3158 0.948826 
vn 0 0.305903 0.952063 
vn 0 0.332685 0.943038 
vn 0 0.321439 0.94693 
vn 0 0.349464 0.93695 
vn 0 0.33689 0.941544 
vn 0 0.366132 0.930563 
vn 0 0.35225 0.935906 
vn 0 0.382683 0.92388 
vn 0 0.367516 0.930017 
vn 0 0.399113 0.916902 
vn 0 0.397749 0.917494 
vn 0 0.415415 0.909632 
vn 0 0.412707 0.910864 
vn 0 0.431585 0.902072 
vn 0 0.427555 0.903989 
vn 0 0.447617 0.894225 
vn 0 0.442289 0.896873 
vn 0 0.463507 0.886093 
vn 0 0.456904 0.889516 
vn 0 0.479249 0.877679 
vn 0 0.471397 0.881921 
vn 0 0.494838 0.868985 
vn 0 0.485763 0.87409 
vn 0 0.51027 0.860014 
vn 0 0.5 0.866025 
vn 0 0.525539 0.850769 
vn 0 0.514103 0.857729 
vn 0 0.540641 0.841254 
vn 0 0.528068 0.849202 
vn 0 0.55557 0.83147 
vn 0 0.541892 0.840448 
vn 0 0.570323 0.821421 
vn 0 0.5691 0.822268 
vn 0 0.584893 0.81111 
vn 0 0.582478 0.812847 
vn 0 0.599278 0.800541 
vn 0 0.595699 0.803207 
vn 0 0.613471 0.789717 
vn 0 0.608762 0.793353 
vn 0 0.627469 0.778642 
vn 0 0.621661 0.783287 
vn 0 0.641267 0.767318 
vn 0 0.634393 0.77301 
vn 0 0.654861 0.75575 
vn 0 0.646956 0.762527 
vn 0 0.668246 0.743941 
vn 0 0.659346 0.75184 
vn 0 0.681418 0.731895 
vn 0 0.671559 0.740951 
vn 0 0.694373 0.719615 
vn 0 0.683592 0.729864 
vn 0 0.707107 0.707107 
vn 0 0.695443 0.718582 
vn 0 0.719615 0.694373 
vn 0 0.718582 0.695443 
vn 0 0.731895 0.681418 
vn 0 0.729864 0.683592 
vn 0 0.743941 0.668246 
vn 0 0.740951 0.671559 
vn 0 0.75575 0.654861 
vn 0 0.75184 0.659346 
vn 0 0.767318 0.641267 
vn 0 0.762527 0.646956 
vn 0 0.778642 0.627469 
vn 0 0.77301 0.634393 
vn 0 0.789717 0.613471 
vn 0 0.783287 0.621661 
vn 0 0.800541 0.599278 
vn 0 0.793353 0.608762 
vn 0 0.81111 0.584893 
vn 0 0.803207 0.595699 
vn 0 0.821421 0.570323 
vn 0 0.812847 0.582478 
vn 0 0.83147 0.55557 
vn 0 0.822268 0.5691 
vn 0 0.841254 0.540641 
vn 0 0.840448 0.541892 
vn 0 0.850769 0.525539 
vn 0 0.849202 0.528068 
vn 0 0.860014 0.51027 
vn 0 0.857729 0.514103 
vn 0 0.868985 0.494838 
vn 0 0.866025 0.5 
vn 0 0.877679 0.479249 
vn 0 0.87409 0.485763 
vn 0 0.886093 0.463507 
vn 0 0.881921 0.471397 
vn 0 0.894225 0.447617 
vn 0 0.889516 0.456904 
vn 0 0.902072 0.431585 
vn 0 0.896873 0.442289 
vn 0 0.909632 0.415415 
vn 0 0.903989 0.427555 
vn 0 0.916902 0.399113 
vn 0 0.910864 0.412707 
vn 0 0.92388 0.382683 
vn 0 0.917494 0.397749 
vn 0 0.930563 0.366132 
vn 0 0.930017 0.367516 
vn 0 0.93695 0.349464 
vn 0 0.935906 0.35225 
vn 0 0.943038 0.332685 
vn 0 0.941544 0.33689 
vn 0 0.948826 0.3158 
vn 0 0.94693 0.321439 
vn 0 0.954311 0.298814 
vn 0 0.952063 0.305903 
vn 0 0.959493 0.281733 
vn 0 0.95694 0.290285 
vn 0 0.964369 0.264562 
vn 0 0.961562 0.274589 
vn 0 0.968937 0.247307 
vn 0 0.965926 0.258819 
vn 0 0.973197 0.229973 
vn 0 0.970031 0.24298 
vn 0 0.977147 0.212565 
vn 0 0.973877 0.227076 
vn 0 0.980785 0.19509 
vn 0 0.977462 0.211112 
vn 0 0.984111 0.177553 
vn 0 0.983846 0.179017 
vn 0 0.987124 0.159959 
vn 0 0.986643 0.162895 
vn 0 0.989821 0.142315 
vn 0 0.989177 0.14673 
vn 0 0.992204 0.124625 
vn 0 0.991445 0.130526 
vn 0 0.99427 0.106895 
vn 0 0.993448 0.114287 
vn 0 0.99602 0.0891314 
vn 0 0.995185 0.0980171 
vn 0 0.997452 0.0713392 
vn 0 0.996655 0.0817211 
vn 0 0.998567 0.0535243 
vn 0 0.997859 0.0654032 
vn 0 0.999363 0.0356923 
vn 0 0.998795 0.0490678 
vn 0 0.999841 0.017849 
vn 0 0.999465 0.0327192 
vn 0 1 -2.44929e-16 
vn 0 0.999866 0.0163618 
vn 1 0 0 
vn -1 0 0 
vn 0 1 4.44089e-16 
vn 0 -1 -1.77636e-16 
vn 0 -1.77636e-16 1 
vn 0 1 1.77636e-16 
vn -1 0 0 
vn 0 -1 -1.77636e-16 
vn 1 0 0 
vn 0 -1.77636e-16 1 
vn 0 1.77636e-16 -1 
vn 1 0 0 
vn 0 -1 -1.77636e-16 
vn -1 0 0 
vn 0 1 1.77636e-16 
usemtl 0.615686_0.811765_0.929412_0.000000_0.000000
o mesh0
f 1//1 2//2 3//3 
f 4//4 5//5 6//6 
f 6//6 2//2 4//4 
f 7//7 8//8 9//9 
f 9//9 4//4 7//7 
f 10//10 11//11 12//12 
f 12//12 7//7 10//10 
f 13//13 14//14 15//15 
f 15//15 10//10 13//13 
f 16//16 17//16 18//17 
f 18//17 13//13 16//16 
f 16//16 19//18 20//19 
f 19//18 21//20 20//19 
f 19//18 22//21 23//22 
f 22//21 24//23 23//22 
f 22//21 25//24 26//25 
f 25//24 27//26 26//25 
f 25//24 28//27 29//28 
f 28//27 30//29 29//28 
f 31//30 32//31 33//32 
f 33//32 28//27 31//30 
f 31//30 34//33 35//33 
f 34//33 36//34 37//35 
f 38//36 39//37 40//38 
f 40//38 36//34 38//36 
f 41//39 42//40 43//41 
f 43//41 38//36 41//39 
f 44//42 45//43 46//44 
f 46//44 41//39 44//42 
f 47//45 48//46 49//47 
f 49//47 44//42 47//45 
f 50//48 51//48 52//49 
f 52//49 47//45 50//48 
f 50//48 53//50 54//51 
f 53//50 55//52 54//51 
f 53//50 56//53 57//54 
f 56//53 58//55 57//54 
f 56//53 59//56 60//57 
f 59//56 61//58 60//57 
f 59//56 62//59 63//60 
f 62//59 64//61 63//60 
f 65//62 66//63 67//64 
f 67//64 62//59 65//62 
f 65//62 68//65 69//65 
f 68//65 70//66 71//67 
f 72//68 73//69 74//70 
f 74//70 70//66 72//68 
f 75//71 76//72 77//73 
f 77//73 72//68 75//71 
f 78//74 79//75 80//76 
f 80//76 75//71 78//74 
f 81//77 82//78 83//79 
f 83//79 78//74 81//77 
f 84//80 85//80 86//81 
f 86//81 81//77 84//80 
f 84//80 87//82 88//83 
f 87//82 89//84 88//83 
f 87//82 90//85 91//86 
f 90//85 92//87 91//86 
f 90//85 93//88 94//89 
f 93//88 95//90 94//89 
f 93//88 96//91 97//92 
f 96//91 98//93 97//92 
f 99//94 100//95 101//96 
f 101//96 96//91 99//94 
f 99//94 102//97 103//97 
f 102//97 104//98 105//99 
f 106//100 107//101 108//102 
f 108//102 104//98 106//100 
f 109//103 110//104 111//105 
f 111//105 106//100 109//103 
f 112//106 113//107 114//108 
f 114//108 109//103 112//106 
f 115//109 116//110 117//111 
f 117//111 112//106 115//109 
f 118//112 119//112 120//113 
f 120//113 115//109 118//112 
f 118//112 121//114 122//115 
f 121//114 123//116 122//115 
f 121//114 124//117 125//118 
f 124//117 126//119 125//118 
f 124//117 127//120 128//121 
f 127//120 129//122 128//121 
f 127//120 130//123 131//124 
f 130//123 132//125 131//124 
f 133//126 134//127 135//128 
f 135//128 130//123 133//126 
f 133//126 136//129 137//129 
f 136//129 138//130 139//131 
f 140//132 141//133 142//134 
f 142//134 138//130 140//132 
f 143//135 144//136 145//137 
f 145//137 140//132 143//135 
f 146//138 147//139 148//140 
f 148//140 143//135 146//138 
f 149//141 150//142 151//143 
f 151//143 146//138 149//141 
f 152//144 153//144 154//145 
f 154//145 149//141 152//144 
f 152//144 155//146 156//147 
f 155//146 157//148 156//147 
f 155//146 158//149 159//150 
f 158//149 160//151 159//150 
f 158//149 161//152 162//153 
f 161//152 163//154 162//153 
f 161//152 164//155 165//156 
f 164//155 166//157 165//156 
f 167//158 168//159 169//160 
f 169//160 164//155 167//158 
f 167//158 170//161 171//161 
f 170//161 172//162 173//163 
f 174//164 175//165 176//166 
f 176//166 172//162 174//164 
f 177//167 178//168 179//169 
f 179//169 174//164 177//167 
f 180//170 181//171 182//172 
f 182//172 177//167 180//170 
f 183//173 184//174 185//175 
f 185//175 180//170 183//173 
f 186//176 187//176 188//177 
f 188//177 183//173 186//176 
f 186//176 189//178 190//179 
f 189//178 191//180 190//179 
f 189//178 192//181 193//182 
f 192//181 194//183 193//182 
f 192//181 195//184 196//185 
f 195//184 197//186 196//185 
f 195//184 198//187 199//188 
f 198//187 200//189 199//188 
f 201//190 202//191 203//192 
f 203//192 198//187 201//190 
f 201//190 204//193 205//193 
f 204//193 206//194 207//195 
f 208//196 209//197 210//198 
f 210//198 206//194 208//196 
f 211//199 212//200 213//201 
f 213//201 208//196 211//199 
f 214//202 215//203 216//204 
f 216//204 211//199 214//202 
f 217//205 218//206 219//207 
f 219//207 214//202 217//205 
f 220//208 221//208 222//209 
f 222//209 217//205 220//208 
f 220//208 223//210 224//211 
f 223//210 225//212 224//211 
f 223//210 226//213 227//214 
f 226//213 228//215 227//214 
f 226//213 229//216 230//217 
f 229//216 231//218 230//217 
f 229//216 232//219 233//220 
f 232//219 234//221 233//220 
f 235//222 236//223 237//224 
f 237//224 232//219 235//222 
f 235//222 238//225 239//225 
f 238//225 240//226 241//227 
f 242//228 243//229 244//230 
f 244//230 240//226 242//228 
f 245//231 246//232 247//233 
f 247//233 242//228 245//231 
f 248//234 249//235 250//236 
f 250//236 245//231 248//234 
f 251//237 252//238 253//239 
f 253//239 248//234 251//237 
f 254//240 255//240 256//241 
f 256//241 251//237 254//240 
f 254//240 257//242 258//243 
f 257//242 259//244 258//243 
f 257//242 260//245 261//246 
f 260//245 262//247 261//246 
f 260//245 263//248 264//249 
f 263//248 265//250 264//249 
f 263//248 266//251 267//252 
f 266//251 268//253 267//252 
f 269//254 270//255 271//256 
f 271//256 266//251 269//254 
f 269//254 272//257 273//257 
f 272//257 274//258 275//259 
f 276//260 277//261 278//262 
f 278//262 274//258 276//260 
f 279//263 280//264 281//265 
f 281//265 276//260 279//263 
f 282//266 283//267 284//268 
f 284//268 279//263 282//266 
f 285//269 286//270 287//271 
f 287//271 282//266 285//269 
f 288//272 289//272 290//273 
f 290//273 285//269 288//272 
f 288//272 291//274 292//275 
f 291//274 293//276 292//275 
f 291//274 294//277 295//278 
f 294//277 296//279 295//278 
f 294//277 297//280 298//281 
f 297//280 299//282 298//281 
f 297//280 300//283 301//284 
f 300//283 302//285 301//284 
f 303//286 304//287 305//288 
f 305//288 300//283 303//286 
f 303//286 306//289 307//289 
f 306//289 308//290 309//291 
f 310//292 311//293 312//294 
f 312//294 308//290 310//292 
f 313//295 314//296 315//297 
f 315//297 310//292 313//295 
f 316//298 317//299 318//300 
f 318//300 313//295 316//298 
f 319//301 320//302 321//303 
f 321//303 316//298 319//301 
f 322//304 323//304 324//305 
f 324//305 319//301 322//304 
f 322//304 325//306 326//307 
f 325//306 327//308 326//307 
f 325//306 328//309 329//310 
f 328//309 330//311 329//310 
f 328//309 331//312 332//313 
f 331//312 333//314 332//313 
f 331//312 334//315 335//316 
f 334//315 336//317 335//316 
f 337//318 338//319 339//320 
f 339//320 334//315 337//318 
f 337//318 340//321 341//321 
f 340//321 342//322 343//323 
f 344//324 345//325 346//326 
f 346//326 342//322 344//324 
f 347//327 348//328 349//329 
f 349//329 344//324 347//327 
f 350//330 351//331 352//332 
f 352//332 347//327 350//330 
f 353//333 354//334 355//335 
f 355//335 350//330 353//333 
f 356//336 357//336 358//337 
f 358//337 353//333 356//336 
f 356//336 359//338 360//339 
f 359//338 361//340 360//339 
f 359//338 362//341 363//342 
f 362//341 364//343 363//342 
f 362//341 365//344 366//345 
f 365//344 367//346 366//345 
f 365//344 368//347 369//348 
f 368//347 370//349 369//348 
f 371//350 372//351 373//352 
f 373//352 368//347 371//350 
f 371//350 374//353 375//353 
f 374//353 376//354 377//355 
f 378//356 379//357 380//358 
f 380//358 376//354 378//356 
f 381//359 382//360 383//361 
f 383//361 378//356 381//359 
f 384//362 385//363 386//364 
f 386//364 381//359 384//362 
f 387//365 388//366 389//367 
f 389//367 384//362 387//365 
f 390//368 391//368 392//369 
f 392//369 387//365 390//368 
f 390//368 393//370 394//371 
f 393//370 395//372 394//371 
f 393//370 396//373 397//374 
f 396//373 398//375 397//374 
f 396//373 399//376 400//377 
f 399//376 401//378 400//377 
f 399//376 402//379 403//380 
f 402//379 404//381 403//380 
f 405//382 406//383 407//384 
f 407//384 402//379 405//382 
f 405//382 408//385 409//385 
f 408//385 410//386 411//387 
f 412//388 413//389 414//390 
f 414//390 410//386 412//388 
f 415//391 416//392 417//393 
f 417//393 412//388 415//391 
f 418//394 419//395 420//396 
f 420//396 415//391 418//394 
f 421//397 422//398 423//399 
f 423//399 418//394 421//397 
f 424//400 425//400 426//401 
f 426//401 421//397 424//400 
f 424//400 427//402 428//403 
f 427//402 429//404 428//403 
f 427//402 430//405 431//406 
f 430//405 432//407 431//406 
f 430//405 433//408 434//409 
f 433//408 435//410 434//409 
f 433//408 436//411 437//412 
f 436//411 438//413 437//412 
f 439//414 440//415 441//416 
f 441//416 436//411 439//414 
f 439//414 442//417 443//417 
f 442//417 444//418 445//419 
f 446//420 447//421 448//422 
f 448//422 444//418 446//420 
f 449//423 450//424 451//425 
f 451//425 446//420 449//423 
f 452//426 453//427 454//428 
f 454//428 449//423 452//426 
f 455//429 456//430 457//431 
f 457//431 452//426 455//429 
f 458//432 459//432 460//433 
f 460//433 455//429 458//432 
f 458//432 461//434 462//435 
f 461//434 463//436 462//435 
f 461//434 464//437 465//438 
f 464//437 466//439 465//438 
f 464//437 467//440 468//441 
f 467//440 469//442 468//441 
f 467//440 470//443 471//444 
f 470//443 472//445 471//444 
f 473//446 474//447 475//448 
f 475//448 470//443 473//446 
f 473//446 476//449 477//449 
f 476//449 478//450 479//451 
f 480//452 481//453 482//454 
f 482//454 478//450 480//452 
f 483//455 484//456 485//457 
f 485//457 480//452 483//455 
f 486//458 487//459 488//460 
f 488//460 483//455 486//458 
f 489//461 490//462 491//463 
f 491//463 486//458 489//461 
f 492//464 493//464 494//465 
f 494//465 489//461 492//464 
f 492//464 495//466 496//467 
f 495//466 497//468 496//467 
f 495//466 498//469 499//470 
f 498//469 500//471 499//470 
f 498//469 501//472 502//473 
f 501//472 503//474 502//473 
f 501//472 504//475 505//476 
f 504//475 506//477 505//476 
f 507//478 508//479 509//480 
f 509//480 504//475 507//478 
f 507//478 510//481 511//481 
f 510//481 512//482 513//483 
f 514//484 515//485 516//486 
f 516//486 512//482 514//484 
f 517//487 518//488 519//489 
f 519//489 514//484 517//487 
f 520//490 521//491 522//492 
f 522//492 517//487 520//490 
f 523//493 524//494 525//495 
f 525//495 520//490 523//493 
f 526//496 527//496 528//497 
f 528//497 523//493 526//496 
f 526//496 529//498 530//499 
f 529//498 531//500 530//499 
f 529//498 532//501 533//502 
f 532//501 534//503 533//502 
f 532//501 535//504 536//505 
f 535//504 537//506 536//505 
f 535//504 538//507 539//508 
f 538//507 540//509 539//508 
f 541//510 542//511 543//512 
f 543//512 538//507 541//510 
f 541//510 544//513 545//513 
f 544//513 546//514 547//515 
f 548//516 549//517 550//518 
f 550//518 546//514 548//516 
f 551//519 552//520 553//521 
f 553//521 548//516 551//519 
f 554//522 555//523 556//524 
f 556//524 551//519 554//522 
f 557//525 558//526 559//527 
f 559//527 554//522 557//525 
f 560//528 561//528 562//529 
f 562//529 557//525 560//528 
f 560//528 563//530 564//531 
f 563//530 565//532 564//531 
f 563//530 566//533 567//534 
f 566//533 568//535 567//534 
f 566//533 569//536 570//537 
f 569//536 571//538 570//537 
f 569//536 572//539 573//540 
f 572//539 574//541 573//540 
f 575//542 576//543 577//544 
f 577//544 572//539 575//542 
f 575//542 578//545 579//545 
f 578//545 580//546 581//547 
f 582//548 583//549 584//550 
f 584//550 580//546 582//548 
f 585//551 586//552 587//553 
f 587//553 582//548 585//551 
f 588//554 589//555 590//556 
f 590//556 585//551 588//554 
f 591//557 592//558 593//559 
f 593//559 588//554 591//557 
f 594//560 595//560 596//561 
f 596//561 591//557 594//560 
f 594//560 597//562 598//563 
f 597//562 599//564 598//563 
f 597//562 600//565 601//566 
f 600//565 602//567 601//566 
f 600//565 603//568 604//569 
f 603//568 605//570 604//569 
f 603//568 606//571 607//572 
f 606//571 608//573 607//572 
f 609//574 610//575 611//576 
f 611//576 606//571 609//574 
f 609//574 612//577 613//577 
f 612//577 614//578 615//579 
f 616//580 617//581 618//582 
f 618//582 614//578 616//580 
f 619//583 620//584 621//585 
f 621//585 616//580 619//583 
f 622//586 623//587 624//588 
f 624//588 619//583 622//586 
f 625//589 626//590 627//591 
f 627//591 622//586 625//589 
f 628//592 629//592 630//593 
f 630//593 625//589 628//592 
f 628//592 631//594 632//595 
f 631//594 633//596 632//595 
f 631//594 634//597 635//598 
f 634//597 636//599 635//598 
f 634//597 637//600 638//601 
f 637//600 639//602 638//601 
f 637//600 640//603 641//604 
f 640//603 642//605 641//604 
f 643//606 644//607 645//608 
f 645//608 640//603 643//606 
f 643//606 646//609 647//609 
f 646//609 648//610 649//611 
f 650//612 651//613 652//614 
f 652//614 648//610 650//612 
f 653//615 654//616 655//617 
f 655//617 650//612 653//615 
f 656//618 657//619 658//620 
f 658//620 653//615 656//618 
f 659//621 660//622 661//623 
f 661//623 656//618 659//621 
f 662//624 663//624 664//625 
f 664//625 659//621 662//624 
f 662//624 665//626 666//627 
f 665//626 667//628 666//627 
f 665//626 668//629 669//630 
f 668//629 670//631 669//630 
f 668//629 671//632 672//633 
f 671//632 673//634 672//633 
f 671//632 674//635 675//636 
f 674//635 676//637 675//636 
f 677//638 678//639 679//640 
f 679//640 674//635 677//638 
f 677//638 680//641 681//641 
f 680//641 682//642 683//643 
f 684//644 685//645 686//646 
f 686//646 682//642 684//644 
f 687//647 688//648 689//649 
f 689//649 684//644 687//647 
f 690//650 691//651 692//652 
f 692//652 687//647 690//650 
f 693//653 694//654 695//655 
f 695//655 690//650 693//653 
f 696//656 697//656 698//657 
f 698//657 693//653 696//656 
f 696//656 699//658 700//659 
f 699//658 701//660 700//659 
f 699//658 702//661 703//662 
f 702//661 704//663 703//662 
f 702//661 705//664 706//665 
f 705//664 707//666 706//665 
f 705//664 708//667 709//668 
f 708//667 710//669 709//668 
f 711//670 712//671 713//672 
f 713//672 708//667 711//670 
f 711//670 714//673 715//673 
f 714//673 716//674 717//675 
f 718//676 719//677 720//678 
f 720//678 716//674 718//676 
f 721//679 722//680 723//681 
f 723//681 718//676 721//679 
f 724//682 725//683 726//684 
f 726//684 721//679 724//682 
f 727//685 728//686 729//687 
f 729//687 724//682 727//685 
f 730//688 731//688 732//689 
f 732//689 727//685 730//688 
f 730//688 733//690 734//691 
f 733//690 735//692 734//691 
f 733//690 736//693 737//694 
f 736//693 738//695 737//694 
f 736//693 739//696 740//697 
f 739//696 741//698 740//697 
f 739//696 742//699 743//700 
f 742//699 744//701 743//700 
f 745//702 746//703 747//704 
f 747//704 742//699 745//702 
f 745//702 748//705 749//705 
f 748//705 750//706 751//707 
f 752//708 753//709 754//710 
f 754//710 750//706 752//708 
f 755//711 756//712 757//713 
f 757//713 752//708 755//711 
f 758//714 759//715 760//716 
f 760//716 755//711 758//714 
f 761//717 762//718 763//719 
f 763//719 758//714 761//717 
f 764//720 765//720 766//721 
f 766//721 761//717 764//720 
f 764//720 767//722 768//723 
f 767//722 769//724 768//723 
f 767//722 770//725 771//726 
f 770//725 772//727 771//726 
f 770//725 773//728 774//729 
f 773//728 775//730 774//729 
f 773//728 776//731 777//732 
f 776//731 778//733 777//732 
f 779//734 780//735 781//736 
f 781//736 776//731 779//734 
f 779//734 782//737 783//737 
f 782//737 784//738 785//739 
f 786//740 787//741 788//742 
f 788//742 784//738 786//740 
f 789//743 790//744 791//745 
f 791//745 786//740 789//743 
f 792//746 793//747 794//748 
f 794//748 789//743 792//746 
f 795//749 796//750 797//751 
f 797//751 792//746 795//749 
f 798//752 799//752 800//753 
f 800//753 795//749 798//752 
f 798//752 801//754 802//755 
f 801//754 803//756 802//755 
f 801//754 804//757 805//758 
f 804//757 806//759 805//758 
f 804//757 807//760 808//761 
f 807//760 809//762 808//761 
f 807//760 810//763 811//764 
f 810//763 812//765 811//764 
f 813//766 814//767 815//768 
f 815//768 810//763 813//766 
f 813//766 816//769 817//769 
f 816//769 818//770 819//771 
f 820//772 821//773 822//774 
f 822//774 818//770 820//772 
f 823//775 824//776 825//777 
f 825//777 820//772 823//775 
f 826//778 827//779 828//780 
f 828//780 823//775 826//778 
f 829//781 830//782 831//783 
f 831//783 826//778 829//781 
f 832//784 833//784 834//785 
f 834//785 829//781 832//784 
f 832//784 835//786 836//787 
f 835//786 837//788 836//787 
f 835//786 838//789 839//790 
f 838//789 840//791 839//790 
f 838//789 841//792 842//793 
f 841//792 843//794 842//793 
f 841//792 844//795 845//796 
f 844//795 846//797 845//796 
f 847//798 848//799 849//800 
f 849//800 844//795 847//798 
f 847//798 850//801 851//801 
f 850//801 852//802 853//803 
f 854//804 855//805 856//806 
f 856//806 852//802 854//804 
f 857//807 858//808 859//809 
f 859//809 854//804 857//807 
f 860//810 861//811 862//812 
f 862//812 857//807 860//810 
f 863//813 864//814 865//815 
f 865//815 860//810 863//813 
f 866//816 867//816 868//817 
f 868//817 863//813 866//816 
f 866//816 869//818 870//819 
f 869//818 871//820 870//819 
f 869//818 872//821 873//822 
f 872//821 874//823 873//822 
f 872//821 875//824 876//825 
f 875//824 877//826 876//825 
f 875//824 878//827 879//828 
f 878//827 880//829 879//828 
f 881//830 882//831 883//832 
f 883//832 878//827 881//830 
f 881//830 884//833 885//833 
f 884//833 886//834 887//835 
f 888//836 889//837 890//838 
f 890//838 886//834 888//836 
f 891//839 892//840 893//841 
f 893//841 888//836 891//839 
f 894//842 895//843 896//844 
f 896//844 891//839 894//842 
f 897//845 898//846 899//847 
f 899//847 894//842 897//845 
f 900//848 901//848 902//849 
f 902//849 897//845 900//848 
f 900//848 903//850 904//851 
f 903//850 905//852 904//851 
f 903//850 906//853 907//854 
f 906//853 908//855 907//854 
f 906//853 909//856 910//857 
f 909//856 911//858 910//857 
f 909//856 912//859 913//860 
f 912//859 914//861 913//860 
f 915//862 916//863 917//864 
f 917//864 912//859 915//862 
f 915//862 918//865 919//865 
f 918//865 920//866 921//867 
f 922//868 923//869 924//870 
f 924//870 920//866 922//868 
f 925//871 926//872 927//873 
f 927//873 922//868 925//871 
f 928//874 929//875 930//876 
f 930//876 925//871 928//874 
f 931//877 932//878 933//879 
f 933//879 928//874 931//877 
f 934//880 935//880 936//881 
f 936//881 931//877 934//880 
f 934//880 937//882 938//883 
f 937//882 939//884 938//883 
f 937//882 940//885 941//886 
f 940//885 942//887 941//886 
f 940//885 943//888 944//889 
f 943//888 945//890 944//889 
f 943//888 946//891 947//892 
f 946//891 948//893 947//892 
f 949//894 950//895 951//896 
f 951//896 946//891 949//894 
f 949//894 952//897 953//897 
f 952//897 954//898 955//899 
f 956//900 957//901 958//902 
f 958//902 954//898 956//900 
f 959//903 960//904 961//905 
f 961//905 956//900 959//903 
f 962//906 963//907 964//908 
f 964//908 959//903 962//906 
f 965//909 966//910 967//911 
f 967//911 962//906 965//909 
f 968//912 969//912 970//913 
f 970//913 965//909 968//912 
f 968//912 971//914 972//915 
f 971//914 973//916 972//915 
f 971//914 974//917 975//918 
f 974//917 976//919 975//918 
f 974//917 977//920 978//921 
f 977//920 979//922 978//921 
f 977//920 980//923 981//924 
f 980//923 982//925 981//924 
f 983//926 984//927 985//928 
f 985//928 980//923 983//926 
f 983//926 986//929 987//929 
f 986//929 988//930 989//931 
f 990//932 991//933 992//934 
f 992//934 988//930 990//932 
f 993//935 994//936 995//937 
f 995//937 990//932 993//935 
f 996//938 997//939 998//940 
f 998//940 993//935 996//938 
f 999//941 1000//942 1001//943 
f 1001//943 996//938 999//941 
f 1002//944 1003//944 1004//945 
f 1004//945 999//941 1002//944 
f 1002//944 1005//946 1006//947 
f 1005//946 1007//948 1006//947 
f 1005//946 1008//949 1009//950 
f 1008//949 1010//951 1009//950 
f 1008//949 1011//952 1012//953 
f 1011//952 1013//954 1012//953 
f 1011//952 1014//955 1015//956 
f 1014//955 1016//957 1015//956 
f 1017//958 1018//959 1019//960 
f 1019//960 1014//955 1017//958 
f 1017//958 1020//961 1021//961 
f 1020//961 1022//962 1023//963 
f 1024//964 1025//965 1026//966 
f 1026//966 1022//962 1024//964 
f 1027//967 1028//968 1029//969 
f 1029//969 1024//964 1027//967 
f 1030//970 1031//971 1032//972 
f 1032//972 1027//967 1030//970 
f 1033//973 1034//974 1035//975 
f 1035//975 1030//970 1033//973 
f 1036//976 1037//976 1038//977 
f 1038//977 1033//973 1036//976 
f 1036//976 1039//978 1040//979 
f 1039//978 1041//980 1040//979 
f 1039//978 1042//981 1043//982 
f 1042//981 1044//983 1043//982 
f 1042//981 1045//984 1046//985 
f 1045//984 1047//986 1046//985 
f 1045//984 1048//987 1049//988 
f 1048//987 1050//989 1049//988 
f 1051//990 1052//991 1053//992 
f 1053//992 1048//987 1051//990 
f 1051//990 1054//993 1055//993 
f 1054//993 1056//994 1057//995 
f 1058//996 1059//997 1060//998 
f 1060//998 1056//994 1058//996 
f 1061//999 1062//1000 1063//1001 
f 1063//1001 1058//996 1061//999 
f 1064//1002 1065//1003 1066//1004 
f 1066//1004 1061//999 1064//1002 
f 1067//1005 1068//1006 1069//1007 
f 1069//1007 1064//1002 1067//1005 
f 1070//1008 1071//1008 1072//1009 
f 1072//1009 1067//1005 1070//1008 
f 1070//1008 1073//1010 1074//1011 
f 1073//1010 1075//1012 1074//1011 
f 1073//1010 1076//1013 1077//1014 
f 1076//1013 1078//1015 1077//1014 
f 1076//1013 1079//1016 1080//1017 
f 1079//1016 1081//1018 1080//1017 
f 1079//1016 1082//1019 1083//1020 
f 1082//1019 1084//1021 1083//1020 
f 1085//1022 1086//1023 1087//1024 
f 1087//1024 1082//1019 1085//1022 
f 1085//1022 1//1 1088//1025 
f 1088//1025 1086//1023 1085//1022 
f 1087//1024 1084//1021 1082//1019 
f 1083//1020 1081//1018 1079//1016 
f 1080//1017 1078//1015 1076//1013 
f 1077//1014 1075//1012 1073//1010 
f 1074//1011 1071//1008 1070//1008 
f 1072//1009 1068//1006 1067//1005 
f 1069//1007 1065//1003 1064//1002 
f 1066//1004 1062//1000 1061//999 
f 1063//1001 1059//997 1058//996 
f 1060//998 1057//995 1056//994 
f 1057//995 1055//993 1054//993 
f 1055//993 1052//991 1051//990 
f 1053//992 1050//989 1048//987 
f 1049//988 1047//986 1045//984 
f 1046//985 1044//983 1042//981 
f 1043//982 1041//980 1039//978 
f 1040//979 1037//976 1036//976 
f 1038//977 1034//974 1033//973 
f 1035//975 1031//971 1030//970 
f 1032//972 1028//968 1027//967 
f 1029//969 1025//965 1024//964 
f 1026//966 1023//963 1022//962 
f 1023//963 1021//961 1020//961 
f 1021//961 1018//959 1017//958 
f 1019//960 1016//957 1014//955 
f 1015//956 1013//954 1011//952 
f 1012//953 1010//951 1008//949 
f 1009//950 1007//948 1005//946 
f 1006//947 1003//944 1002//944 
f 1004//945 1000//942 999//941 
f 1001//943 997//939 996//938 
f 998//940 994//936 993//935 
f 995//937 991//933 990//932 
f 992//934 989//931 988//930 
f 989//931 987//929 986//929 
f 987//929 984//927 983//926 
f 985//928 982//925 980//923 
f 981//924 979//922 977//920 
f 978//921 976//919 974//917 
f 975//918 973//916 971//914 
f 972//915 969//912 968//912 
f 970//913 966//910 965//909 
f 967//911 963//907 962//906 
f 964//908 960//904 959//903 
f 961//905 957//901 956//900 
f 958//902 955//899 954//898 
f 955//899 953//897 952//897 
f 953//897 950//895 949//894 
f 951//896 948//893 946//891 
f 947//892 945//890 943//888 
f 944//889 942//887 940//885 
f 941//886 939//884 937//882 
f 938//883 935//880 934//880 
f 936//881 932//878 931//877 
f 933//879 929//875 928//874 
f 930//876 926//872 925//871 
f 927//873 923//869 922//868 
f 924//870 921//867 920//866 
f 921//867 919//865 918//865 
f 919//865 916//863 915//862 
f 917//864 914//861 912//859 
f 913//860 911//858 909//856 
f 910//857 908//855 906//853 
f 907//854 905//852 903//850 
f 904//851 901//848 900//848 
f 902//849 898//846 897//845 
f 899//847 895//843 894//842 
f 896//844 892//840 891//839 
f 893//841 889//837 888//836 
f 890//838 887//835 886//834 
f 887//835 885//833 884//833 
f 885//833 882//831 881//830 
f 883//832 880//829 878//827 
f 879//828 877//826 875//824 
f 876//825 874//823 872//821 
f 873//822 871//820 869//818 
f 870//819 867//816 866//816 
f 868//817 864//814 863//813 
f 865//815 861//811 860//810 
f 862//812 858//808 857//807 
f 859//809 855//805 854//804 
f 856//806 853//803 852//802 
f 853//803 851//801 850//801 
f 851//801 848//799 847//798 
f 849//800 846//797 844//795 
f 845//796 843//794 841//792 
f 842//793 840//791 838//789 
f 839//790 837//788 835//786 
f 836//787 833//784 832//784 
f 834//785 830//782 829//781 
f 831//783 827//779 826//778 
f 828//780 824//776 823//775 
f 825//777 821//773 820//772 
f 822//774 819//771 818//770 
f 819//771 817//769 816//769 
f 817//769 814//767 813//766 
f 815//768 812//765 810//763 
f 811//764 809//762 807//760 
f 808//761 806//759 804//757 
f 805//758 803//756 801//754 
f 802//755 799//752 798//752 
f 800//753 796//750 795//749 
f 797//751 793//747 792//746 
f 794//748 790//744 789//743 
f 791//745 787//741 786//740 
f 788//742 785//739 784//738 
f 785//739 783//737 782//737 
f 783//737 780//735 779//734 
f 781//736 778//733 776//731 
f 777//732 775//730 773//728 
f 774//729 772//727 770//725 
f 771//726 769//724 767//722 
f 768//723 765//720 764//720 
f 766//721 762//718 761//717 
f 763//719 759//715 758//714 
f 760//716 756//712 755//711 
f 757//713 753//709 752//708 
f 754//710 751//707 750//706 
f 751//707 749//705 748//705 
f 749//705 746//703 745//702 
f 747//704 744//701 742//699 
f 743//700 741//698 739//696 
f 740//697 738//695 736//693 
f 737//694 735//692 733//690 
f 734//691 731//688 730//688 
f 732//689 728//686 727//685 
f 729//687 725//683 724//682 
f 726//684 722//680 721//679 
f 723//681 719//677 718//676 
f 720//678 717//675 716//674 
f 717//675 715//673 714//673 
f 715//673 712//671 711//670 
f 713//672 710//669 708//667 
f 709//668 707//666 705//664 
f 706//665 704//663 702//661 
f 703//662 701//660 699//658 
f 700//659 697//656 696//656 
f 698//657 694//654 693//653 
f 695//655 691//651 690//650 
f 692//652 688//648 687//647 
f 689//649 685//645 684//644 
f 686//646 683//643 682//642 
f 683//643 681//641 680//641 
f 681//641 678//639 677//638 
f 679//640 676//637 674//635 
f 675//636 673//634 671//632 
f 672//633 670//631 668//629 
f 669//630 667//628 665//626 
f 666//627 663//624 662//624 
f 664//625 660//622 659//621 
f 661//623 657//619 656//618 
f 658//620 654//616 653//615 
f 655//617 651//613 650//612 
f 652//614 649//611 648//610 
f 649//611 647//609 646//609 
f 647//609 644//607 643//606 
f 645//608 642//605 640//603 
f 641//604 639//602 637//600 
f 638//601 636//599 634//597 
f 635//598 633//596 631//594 
f 632//595 629//592 628//592 
f 630//593 626//590 625//589 
f 627//591 623//587 622//586 
f 624//588 620//584 619//583 
f 621//585 617//581 616//580 
f 618//582 615//579 614//578 
f 615//579 613//577 612//577 
f 613//577 610//575 609//574 
f 611//576 608//573 606//571 
f 607//572 605//570 603//568 
f 604//569 602//567 600//565 
f 601//566 599//564 597//562 
f 598//563 595//560 594//560 
f 596//561 592//558 591//557 
f 593//559 589//555 588//554 
f 590//556 586//552 585//551 
f 587//553 583//549 582//548 
f 584//550 581//547 580//546 
f 581//547 579//545 578//545 
f 579//545 576//543 575//542 
f 577//544 574//541 572//539 
f 573//540 571//538 569//536 
f 570//537 568//535 566//533 
f 567//534 565//532 563//530 
f 564//531 561//528 560//528 
f 562//529 558//526 557//525 
f 559//527 555//523 554//522 
f 556//524 552//520 551//519 
f 553//521 549//517 548//516 
f 550//518 547//515 546//514 
f 547//515 545//513 544//513 
f 545//513 542//511 541//510 
f 543//512 540//509 538//507 
f 539//508 537//506 535//504 
f 536//505 534//503 532//501 
f 533//502 531//500 529//498 
f 530//499 527//496 526//496 
f 528//497 524//494 523//493 
f 525//495 521//491 520//490 
f 522//492 518//488 517//487 
f 519//489 515//485 514//484 
f 516//486 513//483 512//482 
f 513//483 511//481 510//481 
f 511//481 508//479 507//478 
f 509//480 506//477 504//475 
f 505//476 503//474 501//472 
f 502//473 500//471 498//469 
f 499//470 497//468 495//466 
f 496//467 493//464 492//464 
f 494//465 490//462 489//461 
f 491//463 487//459 486//458 
f 488//460 484//456 483//455 
f 485//457 481//453 480//452 
f 482//454 479//451 478//450 
f 479//451 477//449 476//449 
f 477//449 474//447 473//446 
f 475//448 472//445 470//443 
f 471//444 469//442 467//440 
f 468//441 466//439 464//437 
f 465//438 463//436 461//434 
f 462//435 459//432 458//432 
f 460//433 456//430 455//429 
f 457//431 453//427 452//426 
f 454//428 450//424 449//423 
f 451//425 447//421 446//420 
f 448//422 445//419 444//418 
f 445//419 443//417 442//417 
f 443//417 440//415 439//414 
f 441//416 438//413 436//411 
f 437//412 435//410 433//408 
f 434//409 432//407 430//405 
f 431//406 429//404 427//402 
f 428//403 425//400 424//400 
f 426//401 422//398 421//397 
f 423//399 419//395 418//394 
f 420//396 416//392 415//391 
f 417//393 413//389 412//388 
f 414//390 411//387 410//386 
f 411//387 409//385 408//385 
f 409//385 406//383 405//382 
f 407//384 404//381 402//379 
f 403//380 401//378 399//376 
f 400//377 398//375 396//373 
f 397//374 395//372 393//370 
f 394//371 391//368 390//368 
f 392//369 388//366 387//365 
f 389//367 385//363 384//362 
f 386//364 382//360 381//359 
f 383//361 379//357 378//356 
f 380//358 377//355 376//354 
f 377//355 375//353 374//353 
f 375//353 372//351 371//350 
f 373//352 370//349 368//347 
f 369//348 367//346 365//344 
f 366//345 364//343 362//341 
f 363//342 361//340 359//338 
f 360//339 357//336 356//336 
f 358//337 354//334 353//333 
f 355//335 351//331 350//330 
f 352//332 348//328 347//327 
f 349//329 345//325 344//324 
f 346//326 343//323 342//322 
f 343//323 341//321 340//321 
f 341//321 338//319 337//318 
f 339//320 336//317 334//315 
f 335//316 333//314 331//312 
f 332//313 330//311 328//309 
f 329//310 327//308 325//306 
f 326//307 323//304 322//304 
f 324//305 320//302 319//301 
f 321//303 317//299 316//298 
f 318//300 314//296 313//295 
f 315//297 311//293 310//292 
f 312//294 309//291 308//290 
f 309//291 307//289 306//289 
f 307//289 304//287 303//286 
f 305//288 302//285 300//283 
f 301//284 299//282 297//280 
f 298//281 296//279 294//277 
f 295//278 293//276 291//274 
f 292//275 289//272 288//272 
f 290//273 286//270 285//269 
f 287//271 283//267 282//266 
f 284//268 280//264 279//263 
f 281//265 277//261 276//260 
f 278//262 275//259 274//258 
f 275//259 273//257 272//257 
f 273//257 270//255 269//254 
f 271//256 268//253 266//251 
f 267//252 265//250 263//248 
f 264//249 262//247 260//245 
f 261//246 259//244 257//242 
f 258//243 255//240 254//240 
f 256//241 252//238 251//237 
f 253//239 249//235 248//234 
f 250//236 246//232 245//231 
f 247//233 243//229 242//228 
f 244//230 241//227 240//226 
f 241//227 239//225 238//225 
f 239//225 236//223 235//222 
f 237//224 234//221 232//219 
f 233//220 231//218 229//216 
f 230//217 228//215 226//213 
f 227//214 225//212 223//210 
f 224//211 221//208 220//208 
f 222//209 218//206 217//205 
f 219//207 215//203 214//202 
f 216//204 212//200 211//199 
f 213//201 209//197 208//196 
f 210//198 207//195 206//194 
f 207//195 205//193 204//193 
f 205//193 202//191 201//190 
f 203//192 200//189 198//187 
f 199//188 197//186 195//184 
f 196//185 194//183 192//181 
f 193//182 191//180 189//178 
f 190//179 187//176 186//176 
f 188//177 184//174 183//173 
f 185//175 181//171 180//170 
f 182//172 178//168 177//167 
f 179//169 175//165 174//164 
f 176//166 173//163 172//162 
f 173//163 171//161 170//161 
f 171//161 168//159 167//158 
f 169//160 166//157 164//155 
f 165//156 163//154 161//152 
f 162//153 160//151 158//149 
f 159//150 157//148 155//146 
f 156//147 153//144 152//144 
f 154//145 150//142 149//141 
f 151//143 147//139 146//138 
f 148//140 144//136 143//135 
f 145//137 141//133 140//132 
f 142//134 139//131 138//130 
f 139//131 137//129 136//129 
f 137//129 134//127 133//126 
f 135//128 132//125 130//123 
f 131//124 129//122 127//120 
f 128//121 126//119 124//117 
f 125//118 123//116 121//114 
f 122//115 119//112 118//112 
f 120//113 116//110 115//109 
f 117//111 113//107 112//106 
f 114//108 110//104 109//103 
f 111//105 107//101 106//100 
f 108//102 105//99 104//98 
f 105//99 103//97 102//97 
f 103//97 100//95 99//94 
f 101//96 98//93 96//91 
f 97//92 95//90 93//88 
f 94//89 92//87 90//85 
f 91//86 89//84 87//82 
f 88//83 85//80 84//80 
f 86//81 82//78 81//77 
f 83//79 79//75 78//74 
f 80//76 76//72 75//71 
f 77//73 73//69 72//68 
f 74//70 71//67 70//66 
f 71//67 69//65 68//65 
f 69//65 66//63 65//62 
f 67//64 64//61 62//59 
f 63//60 61//58 59//56 
f 60//57 58//55 56//53 
f 57//54 55//52 53//50 
f 54//51 51//48 50//48 
f 52//49 48//46 47//45 
f 49//47 45//43 44//42 
f 46//44 42//40 41//39 
f 43//41 39//37 38//36 
f 40//38 37//35 36//34 
f 37//35 35//33 34//33 
f 35//33 32//31 31//30 
f 33//32 30//29 28//27 
f 29//28 27//26 25//24 
f 26//25 24//23 22//21 
f 23//22 21//20 19//18 
f 20//19 17//16 16//16 
f 18//17 14//14 13//13 
f 15//15 11//11 10//10 
f 12//12 8//8 7//7 
f 9//9 5//5 4//4 
f 6//6 3//3 2//2 
f 3//3 1088//1025 1//1 
o mesh1
f 546//1026 544//1027 1089//1027 
f 548//1028 546//1026 1090//1029 
f 551//1030 548//1028 1091//1031 
f 554//1032 551//1030 1092//1033 
f 557//1034 554//1032 1093//1035 
f 560//1036 557//1034 1094//1037 
f 563//1038 560//1036 1095//1039 
f 566//1040 563//1038 1096//1041 
f 569//1042 566//1040 1097//1043 
f 572//1044 569//1042 1098//1045 
f 575//1046 572//1044 1099//1047 
f 578//1048 575//1046 1100//1049 
f 580//1050 578//1048 1101//1051 
f 582//1052 580//1050 1102//1053 
f 585//1054 582//1052 1103//1055 
f 588//1056 585//1054 1104//1057 
f 591//1058 588//1056 1105//1059 
f 594//1060 591//1058 1106//1061 
f 597//1062 594//1060 1107//1063 
f 600//1064 597//1062 1108//1065 
f 603//1066 600//1064 1109//1067 
f 606//1068 603//1066 1110//1069 
f 609//1070 606//1068 1111//1071 
f 612//1072 609//1070 1112//1073 
f 614//1074 612//1072 1113//1075 
f 616//1076 614//1074 1114//1077 
f 619//1078 616//1076 1115//1079 
f 622//1080 619//1078 1116//1081 
f 625//1082 622//1080 1117//1083 
f 628//1084 625//1082 1118//1085 
f 631//1086 628//1084 1119//1087 
f 634//1088 631//1086 1120//1089 
f 637//1090 634//1088 1121//1091 
f 640//1092 637//1090 1122//1093 
f 643//1094 640//1092 1123//1095 
f 646//1096 643//1094 1124//1097 
f 648//1098 646//1096 1125//1099 
f 650//1100 648//1098 1126//1101 
f 653//1102 650//1100 1127//1103 
f 656//1104 653//1102 1128//1105 
f 659//1106 656//1104 1129//1107 
f 662//1108 659//1106 1130//1109 
f 665//1110 662//1108 1131//1111 
f 668//1112 665//1110 1132//1113 
f 671//1114 668//1112 1133//1115 
f 674//1116 671//1114 1134//1117 
f 677//1118 674//1116 1135//1119 
f 680//1120 677//1118 1136//1121 
f 682//1122 680//1120 1137//1123 
f 684//1124 682//1122 1138//1125 
f 687//1126 684//1124 1139//1127 
f 690//1128 687//1126 1140//1129 
f 693//1130 690//1128 1141//1131 
f 696//1132 693//1130 1142//1133 
f 699//1134 696//1132 1143//1135 
f 702//1136 699//1134 1144//1137 
f 705//1138 702//1136 1145//1139 
f 708//1140 705//1138 1146//1141 
f 711//1142 708//1140 1147//1143 
f 714//1144 711//1142 1148//1145 
f 716//1146 714//1144 1149//1147 
f 718//1148 716//1146 1150//1149 
f 721//1150 718//1148 1151//1151 
f 724//1152 721//1150 1152//1153 
f 727//1154 724//1152 1153//1155 
f 730//1156 727//1154 1154//1157 
f 733//1158 730//1156 1155//1159 
f 736//1160 733//1158 1156//1161 
f 739//1162 736//1160 1157//1163 
f 742//1164 739//1162 1158//1165 
f 745//1166 742//1164 1159//1167 
f 748//1168 745//1166 1160//1169 
f 750//1170 748//1168 1161//1171 
f 752//1172 750//1170 1162//1173 
f 755//1174 752//1172 1163//1175 
f 758//1176 755//1174 1164//1177 
f 761//1178 758//1176 1165//1179 
f 764//1180 761//1178 1166//1181 
f 767//1182 764//1180 1167//1183 
f 770//1184 767//1182 1168//1185 
f 773//1186 770//1184 1169//1187 
f 776//1188 773//1186 1170//1189 
f 779//1190 776//1188 1171//1191 
f 782//1192 779//1190 1172//1193 
f 784//1194 782//1192 1173//1195 
f 786//1196 784//1194 1174//1197 
f 789//1198 786//1196 1175//1199 
f 792//1200 789//1198 1176//1201 
f 795//1202 792//1200 1177//1203 
f 798//1204 795//1202 1178//1205 
f 801//1206 798//1204 1179//1207 
f 804//1208 801//1206 1180//1209 
f 807//1210 804//1208 1181//1211 
f 810//1212 807//1210 1182//1213 
f 813//1214 810//1212 1183//1215 
f 816//1216 813//1214 1184//1217 
f 818//1218 816//1216 1185//1219 
f 820//1220 818//1218 1186//1221 
f 823//1222 820//1220 1187//1223 
f 826//1224 823//1222 1188//1225 
f 829//1226 826//1224 1189//1227 
f 832//1228 829//1226 1190//1229 
f 835//1230 832//1228 1191//1231 
f 838//1232 835//1230 1192//1233 
f 841//1234 838//1232 1193//1235 
f 844//1236 841//1234 1194//1237 
f 847//1238 844//1236 1195//1239 
f 850//1240 847//1238 1196//1241 
f 852//1242 850//1240 1197//1243 
f 854//1244 852//1242 1198//1245 
f 857//1246 854//1244 1199//1247 
f 860//1248 857//1246 1200//1249 
f 863//1250 860//1248 1201//1251 
f 866//1252 863//1250 1202//1253 
f 869//1254 866//1252 1203//1255 
f 872//1256 869//1254 1204//1257 
f 875//1258 872//1256 1205//1259 
f 878//1260 875//1258 1206//1261 
f 881//1262 878//1260 1207//1263 
f 884//1264 881//1262 1208//1265 
f 886//1266 884//1264 1209//1267 
f 888//1268 886//1266 1210//1269 
f 891//1270 888//1268 1211//1271 
f 894//1272 891//1270 1212//1273 
f 897//1274 894//1272 1213//1275 
f 900//1276 897//1274 1214//1277 
f 903//1278 900//1276 1215//1279 
f 906//1280 903//1278 1216//1281 
f 909//1282 906//1280 1217//1283 
f 912//1284 909//1282 1218//1285 
f 915//1286 912//1284 1219//1287 
f 918//1288 915//1286 1220//1289 
f 920//1290 918//1288 1221//1291 
f 922//1292 920//1290 1222//1293 
f 925//1294 922//1292 1223//1295 
f 928//1296 925//1294 1224//1297 
f 931//1298 928//1296 1225//1299 
f 934//1300 931//1298 1226//1301 
f 937//1302 934//1300 1227//1303 
f 940//1304 937//1302 1228//1305 
f 943//1306 940//1304 1229//1307 
f 946//1308 943//1306 1230//1309 
f 949//1310 946//1308 1231//1311 
f 952//1312 949//1310 1232//1313 
f 954//1314 952//1312 1233//1315 
f 956//1316 954//1314 1234//1317 
f 959//1318 956//1316 1235//1319 
f 962//1320 959//1318 1236//1321 
f 965//1322 962//1320 1237//1323 
f 968//1324 965//1322 1238//1325 
f 971//1326 968//1324 1239//1327 
f 974//1328 971//1326 1240//1329 
f 977//1330 974//1328 1241//1331 
f 980//1332 977//1330 1242//1333 
f 983//1334 980//1332 1243//1335 
f 986//1336 983//1334 1244//1337 
f 988//1338 986//1336 1245//1339 
f 990//1340 988//1338 1246//1341 
f 993//1342 990//1340 1247//1343 
f 996//1344 993//1342 1248//1345 
f 999//1346 996//1344 1249//1347 
f 1002//1348 999//1346 1250//1349 
f 1005//1350 1002//1348 1251//1351 
f 1008//1352 1005//1350 1252//1353 
f 1011//1354 1008//1352 1253//1355 
f 1014//1356 1011//1354 1254//1357 
f 1017//1358 1014//1356 1255//1359 
f 1020//1360 1017//1358 1256//1361 
f 1022//1362 1020//1360 1257//1363 
f 1024//1364 1022//1362 1258//1365 
f 1027//1366 1024//1364 1259//1367 
f 1030//1368 1027//1366 1260//1369 
f 1033//1370 1030//1368 1261//1371 
f 1036//1372 1033//1370 1262//1373 
f 1039//1374 1036//1372 1263//1375 
f 1042//1376 1039//1374 1264//1377 
f 1045//1378 1042//1376 1265//1379 
f 1048//1380 1045//1378 1266//1381 
f 1051//1382 1048//1380 1267//1383 
f 1054//1384 1051//1382 1268//1385 
f 1056//1386 1054//1384 1269//1387 
f 1058//1388 1056//1386 1270//1389 
f 1061//1390 1058//1388 1271//1391 
f 1064//1392 1061//1390 1272//1393 
f 1067//1394 1064//1392 1273//1395 
f 1070//1396 1067//1394 1274//1397 
f 1073//1398 1070//1396 1275//1399 
f 1076//1400 1073//1398 1276//1401 
f 1079//1402 1076//1400 1277//1403 
f 1082//1404 1079//1402 1278//1405 
f 1085//1406 1082//1404 1279//1407 
f 1//1408 1085//1406 1280//1409 
f 2//1410 1//1408 1281//1411 
f 4//1412 2//1410 1282//1413 
f 7//1414 4//1412 1283//1415 
f 10//1416 7//1414 1284//1417 
f 13//1418 10//1416 1285//1419 
f 16//1420 13//1418 1286//1421 
f 19//1422 16//1420 1287//1423 
f 22//1424 19//1422 1288//1425 
f 25//1426 22//1424 1289//1427 
f 28//1428 25//1426 1290//1429 
f 31//1430 28//1428 1291//1431 
f 34//1432 31//1430 1292//1433 
f 36//1434 34//1432 1293//1435 
f 38//1436 36//1434 1294//1437 
f 41//1438 38//1436 1295//1439 
f 44//1440 41//1438 1296//1441 
f 47//1442 44//1440 1297//1443 
f 50//1444 47//1442 1298//1445 
f 53//1446 50//1444 1299//1447 
f 56//1448 53//1446 1300//1449 
f 59//1450 56//1448 1301//1451 
f 62//1452 59//1450 1302//1453 
f 65//1454 62//1452 1303//1455 
f 68//1456 65//1454 1304//1457 
f 70//1458 68//1456 1305//1459 
f 72//1460 70//1458 1306//1461 
f 75//1462 72//1460 1307//1463 
f 78//1464 75//1462 1308//1465 
f 81//1466 78//1464 1309//1467 
f 84//1468 81//1466 1310//1469 
f 87//1470 84//1468 1311//1471 
f 90//1472 87//1470 1312//1473 
f 93//1474 90//1472 1313//1475 
f 96//1476 93//1474 1314//1477 
f 99//1478 96//1476 1315//1479 
f 102//1480 99//1478 1316//1481 
f 104//1482 102//1480 1317//1483 
f 106//1484 104//1482 1318//1485 
f 109//1486 106//1484 1319//1487 
f 112//1488 109//1486 1320//1489 
f 115//1490 112//1488 1321//1491 
f 118//1492 115//1490 1322//1493 
f 121//1494 118//1492 1323//1495 
f 124//1496 121//1494 1324//1497 
f 127//1498 124//1496 1325//1499 
f 130//1500 127//1498 1326//1501 
f 133//1502 130//1500 1327//1503 
f 136//1504 133//1502 1328//1505 
f 138//1506 136//1504 1329//1507 
f 140//1508 138//1506 1330//1509 
f 143//1510 140//1508 1331//1511 
f 146//1512 143//1510 1332//1513 
f 149//1514 146//1512 1333//1515 
f 152//1516 149//1514 1334//1517 
f 155//1518 152//1516 1335//1519 
f 158//1520 155//1518 1336//1521 
f 161//1522 158//1520 1337//1523 
f 164//1524 161//1522 1338//1525 
f 167//1526 164//1524 1339//1527 
f 170//1528 167//1526 1340//1529 
f 172//1530 170//1528 1341//1531 
f 174//1532 172//1530 1342//1533 
f 177//1534 174//1532 1343//1535 
f 180//1536 177//1534 1344//1537 
f 183//1538 180//1536 1345//1539 
f 186//1540 183//1538 1346//1541 
f 189//1542 186//1540 1347//1543 
f 192//1544 189//1542 1348//1545 
f 195//1546 192//1544 1349//1547 
f 198//1548 195//1546 1350//1549 
f 201//1550 198//1548 1351//1551 
f 204//1552 201//1550 1352//1553 
f 206//1554 204//1552 1353//1555 
f 208//1556 206//1554 1354//1557 
f 211//1558 208//1556 1355//1559 
f 214//1560 211//1558 1356//1561 
f 217//1562 214//1560 1357//1563 
f 220//1564 217//1562 1358//1565 
f 223//1566 220//1564 1359//1567 
f 226//1568 223//1566 1360//1569 
f 229//1570 226//1568 1361//1571 
f 232//1572 229//1570 1362//1573 
f 235//1574 232//1572 1363//1575 
f 238//1576 235//1574 1364//1577 
f 240//1578 238//1576 1365//1579 
f 242//1580 240//1578 1366//1581 
f 245//1582 242//1580 1367//1583 
f 248//1584 245//1582 1368//1585 
f 251//1586 248//1584 1369//1587 
f 254//1588 251//1586 1370//1589 
f 257//1590 254//1588 1371//1591 
f 260//1592 257//1590 1372//1593 
f 263//1594 260//1592 1373//1595 
f 266//1596 263//1594 1374//1597 
f 269//1598 266//1596 1375//1599 
f 272//1600 269//1598 1376//1601 
f 274//1602 272//1600 1377//1603 
f 276//1604 274//1602 1378//1605 
f 279//1606 276//1604 1379//1607 
f 282//1608 279//1606 1380//1609 
f 285//1610 282//1608 1381//1611 
f 288//1612 285//1610 1382//1613 
f 291//1614 288//1612 1383//1615 
f 294//1616 291//1614 1384//1617 
f 297//1618 294//1616 1385//1619 
f 300//1620 297//1618 1386//1621 
f 303//1622 300//1620 1387//1623 
f 306//1624 303//1622 1388//1625 
f 308//1626 306//1624 1389//1627 
f 310//1628 308//1626 1390//1629 
f 313//1630 310//1628 1391//1631 
f 316//1632 313//1630 1392//1633 
f 319//1634 316//1632 1393//1635 
f 322//1636 319//1634 1394//1637 
f 325//1638 322//1636 1395//1639 
f 328//1640 325//1638 1396//1641 
f 331//1642 328//1640 1397//1643 
f 334//1644 331//1642 1398//1645 
f 337//1646 334//1644 1399//1647 
f 340//1648 337//1646 1400//1649 
f 342//1650 340//1648 1401//1651 
f 344//1652 342//1650 1402//1653 
f 347//1654 344//1652 1403//1655 
f 350//1656 347//1654 1404//1657 
f 353//1658 350//1656 1405//1659 
f 356//1660 353//1658 1406//1661 
f 359//1662 356//1660 1407//1663 
f 362//1664 359//1662 1408//1665 
f 365//1666 362//1664 1409//1667 
f 368//1668 365//1666 1410//1669 
f 371//1670 368//1668 1411//1671 
f 374//1672 371//1670 1412//1673 
f 376//1674 374//1672 1413//1675 
f 378//1676 376//1674 1414//1677 
f 381//1678 378//1676 1415//1679 
f 384//1680 381//1678 1416//1681 
f 387//1682 384//1680 1417//1683 
f 390//1684 387//1682 1418//1685 
f 393//1686 390//1684 1419//1687 
f 396//1688 393//1686 1420//1689 
f 399//1690 396//1688 1421//1691 
f 402//1692 399//1690 1422//1693 
f 405//1694 402//1692 1423//1695 
f 408//1696 405//1694 1424//1697 
f 410//1698 408//1696 1425//1699 
f 412//1700 410//1698 1426//1701 
f 415//1702 412//1700 1427//1703 
f 418//1704 415//1702 1428//1705 
f 421//1706 418//1704 1429//1707 
f 424//1708 421//1706 1430//1709 
f 427//1710 424//1708 1431//1711 
f 430//1712 427//1710 1432//1713 
f 433//1714 430//1712 1433//1715 
f 436//1716 433//1714 1434//1717 
f 439//1718 436//1716 1435//1719 
f 442//1720 439//1718 1436//1721 
f 444//1722 442//1720 1437//1723 
f 446//1724 444//1722 1438//1725 
f 449//1726 446//1724 1439//1727 
f 452//1728 449//1726 1440//1729 
f 455//1730 452//1728 1441//1731 
f 458//1732 455//1730 1442//1733 
f 461//1734 458//1732 1443//1735 
f 464//1736 461//1734 1444//1737 
f 467//1738 464//1736 1445//1739 
f 470//1740 467//1738 1446//1741 
f 473//1742 470//1740 1447//1743 
f 476//1744 473//1742 1448//1745 
f 478//1746 476//1744 1449//1747 
f 480//1748 478//1746 1450//1749 
f 483//1750 480//1748 1451//1751 
f 486//1752 483//1750 1452//1753 
f 489//1754 486//1752 1453//1755 
f 492//1756 489//1754 1454//1757 
f 495//1758 492//1756 1455//1759 
f 498//1760 495//1758 1456//1761 
f 501//1762 498//1760 1457//1763 
f 504//1764 501//1762 1458//1765 
f 507//1766 504//1764 1459//1767 
f 510//1768 507//1766 1460//1769 
f 512//1770 510//1768 1461//1771 
f 514//1772 512//1770 1462//1773 
f 517//1774 514//1772 1463//1775 
f 520//1776 517//1774 1464//1777 
f 523//1778 520//1776 1465//1779 
f 526//1780 523//1778 1466//1781 
f 529//1782 526//1780 1467//1783 
f 532//1784 529//1782 1468//1785 
f 535//1786 532//1784 1469//1787 
f 538//1788 535//1786 1470//1789 
f 541//1790 538//1788 1471//1791 
f 544//1027 541//1790 1472//1790 
f 1472//1790 1089//1027 544//1027 
f 1471//1791 1472//1790 541//1790 
f 1470//1789 1471//1791 538//1788 
f 1469//1787 1470//1789 535//1786 
f 1468//1785 1469//1787 532//1784 
f 1467//1783 1468//1785 529//1782 
f 1466//1781 1467//1783 526//1780 
f 1465//1779 1466//1781 523//1778 
f 1464//1777 1465//1779 520//1776 
f 1463//1775 1464//1777 517//1774 
f 1462//1773 1463//1775 514//1772 
f 1461//1771 1462//1773 512//1770 
f 1460//1769 1461//1771 510//1768 
f 1459//1767 1460//1769 507//1766 
f 1458//1765 1459//1767 504//1764 
f 1457//1763 1458//1765 501//1762 
f 1456//1761 1457//1763 498//1760 
f 1455//1759 1456//1761 495//1758 
f 1454//1757 1455//1759 492//1756 
f 1453//1755 1454//1757 489//1754 
f 1452//1753 1453//1755 486//1752 
f 1451//1751 1452//1753 483//1750 
f 1450//1749 1451//1751 480//1748 
f 1449//1747 1450//1749 478//1746 
f 1448//1745 1449//1747 476//1744 
f 1447//1743 1448//1745 473//1742 
f 1446//1741 1447//1743 470//1740 
f 1445//1739 1446//1741 467//1738 
f 1444//1737 1445//1739 464//1736 
f 1443//1735 1444//1737 461//1734 
f 1442//1733 1443//1735 458//1732 
f 1441//1731 1442//1733 455//1730 
f 1440//1729 1441//1731 452//1728 
f 1439//1727 1440//1729 449//1726 
f 1438//1725 1439//1727 446//1724 
f 1437//1723 1438//1725 444//1722 
f 1436//1721 1437//1723 442//1720 
f 1435//1719 1436//1721 439//1718 
f 1434//1717 1435//1719 436//1716 
f 1433//1715 1434//1717 433//1714 
f 1432//1713 1433//1715 430//1712 
f 1431//1711 1432//1713 427//1710 
f 1430//1709 1431//1711 424//1708 
f 1429//1707 1430//1709 421//1706 
f 1428//1705 1429//1707 418//1704 
f 1427//1703 1428//1705 415//1702 
f 1426//1701 1427//1703 412//1700 
f 1425//1699 1426//1701 410//1698 
f 1424//1697 1425//1699 408//1696 
f 1423//1695 1424//1697 405//1694 
f 1422//1693 1423//1695 402//1692 
f 1421//1691 1422//1693 399//1690 
f 1420//1689 1421//1691 396//1688 
f 1419//1687 1420//1689 393//1686 
f 1418//1685 1419//1687 390//1684 
f 1417//1683 1418//1685 387//1682 
f 1416//1681 1417//1683 384//1680 
f 1415//1679 1416//1681 381//1678 
f 1414//1677 1415//1679 378//1676 
f 1413//1675 1414//1677 376//1674 
f 1412//1673 1413//1675 374//1672 
f 1411//1671 1412//1673 371//1670 
f 1410//1669 1411//1671 368//1668 
f 1409//1667 1410//1669 365//1666 
f 1408//1665 1409//1667 362//1664 
f 1407//1663 1408//1665 359//1662 
f 1406//1661 1407//1663 356//1660 
f 1405//1659 1406//1661 353//1658 
f 1404//1657 1405//1659 350//1656 
f 1403//1655 1404//1657 347//1654 
f 1402//1653 1403//1655 344//1652 
f 1401//1651 1402//1653 342//1650 
f 1400//1649 1401//1651 340//1648 
f 1399//1647 1400//1649 337//1646 
f 1398//1645 1399//1647 334//1644 
f 1397//1643 1398//1645 331//1642 
f 1396//1641 1397//1643 328//1640 
f 1395//1639 1396//1641 325//1638 
f 1394//1637 1395//1639 322//1636 
f 1393//1635 1394//1637 319//1634 
f 1392//1633 1393//1635 316//1632 
f 1391//1631 1392//1633 313//1630 
f 1390//1629 1391//1631 310//1628 
f 1389//1627 1390//1629 308//1626 
f 1388//1625 1389//1627 306//1624 
f 1387//1623 1388//1625 303//1622 
f 1386//1621 1387//1623 300//1620 
f 1385//1619 1386//1621 297//1618 
f 1384//1617 1385//1619 294//1616 
f 1383//1615 1384//1617 291//1614 
f 1382//1613 1383//1615 288//1612 
f 1381//1611 1382//1613 285//1610 
f 1380//1609 1381//1611 282//1608 
f 1379//1607 1380//1609 279//1606 
f 1378//1605 1379//1607 276//1604 
f 1377//1603 1378//1605 274//1602 
f 1376//1601 1377//1603 272//1600 
f 1375//1599 1376//1601 269//1598 
f 1374//1597 1375//1599 266//1596 
f 1373//1595 1374//1597 263//1594 
f 1372//1593 1373//1595 260//1592 
f 1371//1591 1372//1593 257//1590 
f 1370//1589 1371//1591 254//1588 
f 1369//1587 1370//1589 251//1586 
f 1368//1585 1369//1587 248//1584 
f 1367//1583 1368//1585 245//1582 
f 1366//1581 1367//1583 242//1580 
f 1365//1579 1366//1581 240//1578 
f 1364//1577 1365//1579 238//1576 
f 1363//1575 1364//1577 235//1574 
f 1362//1573 1363//1575 232//1572 
f 1361//1571 1362//1573 229//1570 
f 1360//1569 1361//1571 226//1568 
f 1359//1567 1360//1569 223//1566 
f 1358//1565 1359//1567 220//1564 
f 1357//1563 1358//1565 217//1562 
f 1356//1561 1357//1563 214//1560 
f 1355//1559 1356//1561 211//1558 
f 1354//1557 1355//1559 208//1556 
f 1353//1555 1354//1557 206//1554 
f 1352//1553 1353//1555 204//1552 
f 1351//1551 1352//1553 201//1550 
f 1350//1549 1351//1551 198//1548 
f 1349//1547 1350//1549 195//1546 
f 1348//1545 1349//1547 192//1544 
f 1347//1543 1348//1545 189//1542 
f 1346//1541 1347//1543 186//1540 
f 1345//1539 1346//1541 183//1538 
f 1344//1537 1345//1539 180//1536 
f 1343//1535 1344//1537 177//1534 
f 1342//1533 1343//1535 174//1532 
f 1341//1531 1342//1533 172//1530 
f 1340//1529 1341//1531 170//1528 
f 1339//1527 1340//1529 167//1526 
f 1338//1525 1339//1527 164//1524 
f 1337//1523 1338//1525 161//1522 
f 1336//1521 1337//1523 158//1520 
f 1335//1519 1336//1521 155//1518 
f 1334//1517 1335//1519 152//1516 
f 1333//1515 1334//1517 149//1514 
f 1332//1513 1333//1515 146//1512 
f 1331//1511 1332//1513 143//1510 
f 1330//1509 1331//1511 140//1508 
f 1329//1507 1330//1509 138//1506 
f 1328//1505 1329//1507 136//1504 
f 1327//1503 1328//1505 133//1502 
f 1326//1501 1327//1503 130//1500 
f 1325//1499 1326//1501 127//1498 
f 1324//1497 1325//1499 124//1496 
f 1323//1495 1324//1497 121//1494 
f 1322//1493 1323//1495 118//1492 
f 1321//1491 1322//1493 115//1490 
f 1320//1489 1321//1491 112//1488 
f 1319//1487 1320//1489 109//1486 
f 1318//1485 1319//1487 106//1484 
f 1317//1483 1318//1485 104//1482 
f 1316//1481 1317//1483 102//1480 
f 1315//1479 1316//1481 99//1478 
f 1314//1477 1315//1479 96//1476 
f 1313//1475 1314//1477 93//1474 
f 1312//1473 1313//1475 90//1472 
f 1311//1471 1312//1473 87//1470 
f 1310//1469 1311//1471 84//1468 
f 1309//1467 1310//1469 81//1466 
f 1308//1465 1309//1467 78//1464 
f 1307//1463 1308//1465 75//1462 
f 1306//1461 1307//1463 72//1460 
f 1305//1459 1306//1461 70//1458 
f 1304//1457 1305//1459 68//1456 
f 1303//1455 1304//1457 65//1454 
f 1302//1453 1303//1455 62//1452 
f 1301//1451 1302//1453 59//1450 
f 1300//1449 1301//1451 56//1448 
f 1299//1447 1300//1449 53//1446 
f 1298//1445 1299//1447 50//1444 
f 1297//1443 1298//1445 47//1442 
f 1296//1441 1297//1443 44//1440 
f 1295//1439 1296//1441 41//1438 
f 1294//1437 1295//1439 38//1436 
f 1293//1435 1294//1437 36//1434 
f 1292//1433 1293//1435 34//1432 
f 1291//1431 1292//1433 31//1430 
f 1290//1429 1291//1431 28//1428 
f 1289//1427 1290//1429 25//1426 
f 1288//1425 1289//1427 22//1424 
f 1287//1423 1288//1425 19//1422 
f 1286//1421 1287//1423 16//1420 
f 1285//1419 1286//1421 13//1418 
f 1284//1417 1285//1419 10//1416 
f 1283//1415 1284//1417 7//1414 
f 1282//1413 1283//1415 4//1412 
f 1281//1411 1282//1413 2//1410 
f 1280//1409 1281//1411 1//1408 
f 1279//1407 1280//1409 1085//1406 
f 1278//1405 1279//1407 1082//1404 
f 1277//1403 1278//1405 1079//1402 
f 1276//1401 1277//1403 1076//1400 
f 1275//1399 1276//1401 1073//1398 
f 1274//1397 1275//1399 1070//1396 
f 1273//1395 1274//1397 1067//1394 
f 1272//1393 1273//1395 1064//1392 
f 1271//1391 1272//1393 1061//1390 
f 1270//1389 1271//1391 1058//1388 
f 1269//1387 1270//1389 1056//1386 
f 1268//1385 1269//1387 1054//1384 
f 1267//1383 1268//1385 1051//1382 
f 1266//1381 1267//1383 1048//1380 
f 1265//1379 1266//1381 1045//1378 
f 1264//1377 1265//1379 1042//1376 
f 1263//1375 1264//1377 1039//1374 
f 1262//1373 1263//1375 1036//1372 
f 1261//1371 1262//1373 1033//1370 
f 1260//1369 1261//1371 1030//1368 
f 1259//1367 1260//1369 1027//1366 
f 1258//1365 1259//1367 1024//1364 
f 1257//1363 1258//1365 1022//1362 
f 1256//1361 1257//1363 1020//1360 
f 1255//1359 1256//1361 1017//1358 
f 1254//1357 1255//1359 1014//1356 
f 1253//1355 1254//1357 1011//1354 
f 1252//1353 1253//1355 1008//1352 
f 1251//1351 1252//1353 1005//1350 
f 1250//1349 1251//1351 1002//1348 
f 1249//1347 1250//1349 999//1346 
f 1248//1345 1249//1347 996//1344 
f 1247//1343 1248//1345 993//1342 
f 1246//1341 1247//1343 990//1340 
f 1245//1339 1246//1341 988//1338 
f 1244//1337 1245//1339 986//1336 
f 1243//1335 1244//1337 983//1334 
f 1242//1333 1243//1335 980//1332 
f 1241//1331 1242//1333 977//1330 
f 1240//1329 1241//1331 974//1328 
f 1239//1327 1240//1329 971//1326 
f 1238//1325 1239//1327 968//1324 
f 1237//1323 1238//1325 965//1322 
f 1236//1321 1237//1323 962//1320 
f 1235//1319 1236//1321 959//1318 
f 1234//1317 1235//1319 956//1316 
f 1233//1315 1234//1317 954//1314 
f 1232//1313 1233//1315 952//1312 
f 1231//1311 1232//1313 949//1310 
f 1230//1309 1231//1311 946//1308 
f 1229//1307 1230//1309 943//1306 
f 1228//1305 1229//1307 940//1304 
f 1227//1303 1228//1305 937//1302 
f 1226//1301 1227//1303 934//1300 
f 1225//1299 1226//1301 931//1298 
f 1224//1297 1225//1299 928//1296 
f 1223//1295 1224//1297 925//1294 
f 1222//1293 1223//1295 922//1292 
f 1221//1291 1222//1293 920//1290 
f 1220//1289 1221//1291 918//1288 
f 1219//1287 1220//1289 915//1286 
f 1218//1285 1219//1287 912//1284 
f 1217//1283 1218//1285 909//1282 
f 1216//1281 1217//1283 906//1280 
f 1215//1279 1216//1281 903//1278 
f 1214//1277 1215//1279 900//1276 
f 1213//1275 1214//1277 897//1274 
f 1212//1273 1213//1275 894//1272 
f 1211//1271 1212//1273 891//1270 
f 1210//1269 1211//1271 888//1268 
f 1209//1267 1210//1269 886//1266 
f 1208//1265 1209//1267 884//1264 
f 1207//1263 1208//1265 881//1262 
f 1206//1261 1207//1263 878//1260 
f 1205//1259 1206//1261 875//1258 
f 1204//1257 1205//1259 872//1256 
f 1203//1255 1204//1257 869//1254 
f 1202//1253 1203//1255 866//1252 
f 1201//1251 1202//1253 863//1250 
f 1200//1249 1201//1251 860//1248 
f 1199//1247 1200//1249 857//1246 
f 1198//1245 1199//1247 854//1244 
f 1197//1243 1198//1245 852//1242 
f 1196//1241 1197//1243 850//1240 
f 1195//1239 1196//1241 847//1238 
f 1194//1237 1195//1239 844//1236 
f 1193//1235 1194//1237 841//1234 
f 1192//1233 1193//1235 838//1232 
f 1191//1231 1192//1233 835//1230 
f 1190//1229 1191//1231 832//1228 
f 1189//1227 1190//1229 829//1226 
f 1188//1225 1189//1227 826//1224 
f 1187//1223 1188//1225 823//1222 
f 1186//1221 1187//1223 820//1220 
f 1185//1219 1186//1221 818//1218 
f 1184//1217 1185//1219 816//1216 
f 1183//1215 1184//1217 813//1214 
f 1182//1213 1183//1215 810//1212 
f 1181//1211 1182//1213 807//1210 
f 1180//1209 1181//1211 804//1208 
f 1179//1207 1180//1209 801//1206 
f 1178//1205 1179//1207 798//1204 
f 1177//1203 1178//1205 795//1202 
f 1176//1201 1177//1203 792//1200 
f 1175//1199 1176//1201 789//1198 
f 1174//1197 1175//1199 786//1196 
f 1173//1195 1174//1197 784//1194 
f 1172//1193 1173//1195 782//1192 
f 1171//1191 1172//1193 779//1190 
f 1170//1189 1171//1191 776//1188 
f 1169//1187 1170//1189 773//1186 
f 1168//1185 1169//1187 770//1184 
f 1167//1183 1168//1185 767//1182 
f 1166//1181 1167//1183 764//1180 
f 1165//1179 1166//1181 761//1178 
f 1164//1177 1165//1179 758//1176 
f 1163//1175 1164//1177 755//1174 
f 1162//1173 1163//1175 752//1172 
f 1161//1171 1162//1173 750//1170 
f 1160//1169 1161//1171 748//1168 
f 1159//1167 1160//1169 745//1166 
f 1158//1165 1159//1167 742//1164 
f 1157//1163 1158//1165 739//1162 
f 1156//1161 1157//1163 736//1160 
f 1155//1159 1156//1161 733//1158 
f 1154//1157 1155//1159 730//1156 
f 1153//1155 1154//1157 727//1154 
f 1152//1153 1153//1155 724//1152 
f 1151//1151 1152//1153 721//1150 
f 1150//1149 1151//1151 718//1148 
f 1149//1147 1150//1149 716//1146 
f 1148//1145 1149//1147 714//1144 
f 1147//1143 1148//1145 711//1142 
f 1146//1141 1147//1143 708//1140 
f 1145//1139 1146//1141 705//1138 
f 1144//1137 1145//1139 702//1136 
f 1143//1135 1144//1137 699//1134 
f 1142//1133 1143//1135 696//1132 
f 1141//1131 1142//1133 693//1130 
f 1140//1129 1141//1131 690//1128 
f 1139//1127 1140//1129 687//1126 
f 1138//1125 1139//1127 684//1124 
f 1137//1123 1138//1125 682//1122 
f 1136//1121 1137//1123 680//1120 
f 1135//1119 1136//1121 677//1118 
f 1134//1117 1135//1119 674//1116 
f 1133//1115 1134//1117 671//1114 
f 1132//1113 1133//1115 668//1112 
f 1131//1111 1132//1113 665//1110 
f 1130//1109 1131//1111 662//1108 
f 1129//1107 1130//1109 659//1106 
f 1128//1105 1129//1107 656//1104 
f 1127//1103 1128//1105 653//1102 
f 1126//1101 1127//1103 650//1100 
f 1125//1099 1126//1101 648//1098 
f 1124//1097 1125//1099 646//1096 
f 1123//1095 1124//1097 643//1094 
f 1122//1093 1123//1095 640//1092 
f 1121//1091 1122//1093 637//1090 
f 1120//1089 1121//1091 634//1088 
f 1119//1087 1120//1089 631//1086 
f 1118//1085 1119//1087 628//1084 
f 1117//1083 1118//1085 625//1082 
f 1116//1081 1117//1083 622//1080 
f 1115//1079 1116//1081 619//1078 
f 1114//1077 1115//1079 616//1076 
f 1113//1075 1114//1077 614//1074 
f 1112//1073 1113//1075 612//1072 
f 1111//1071 1112//1073 609//1070 
f 1110//1069 1111//1071 606//1068 
f 1109//1067 1110//1069 603//1066 
f 1108//1065 1109//1067 600//1064 
f 1107//1063 1108//1065 597//1062 
f 1106//1061 1107//1063 594//1060 
f 1105//1059 1106//1061 591//1058 
f 1104//1057 1105//1059 588//1056 
f 1103//1055 1104//1057 585//1054 
f 1102//1053 1103//1055 582//1052 
f 1101//1051 1102//1053 580//1050 
f 1100//1049 1101//1051 578//1048 
f 1099//1047 1100//1049 575//1046 
f 1098//1045 1099//1047 572//1044 
f 1097//1043 1098//1045 569//1042 
f 1096//1041 1097//1043 566//1040 
f 1095//1039 1096//1041 563//1038 
f 1094//1037 1095//1039 560//1036 
f 1093//1035 1094//1037 557//1034 
f 1092//1033 1093//1035 554//1032 
f 1091//1031 1092//1033 551//1030 
f 1090//1029 1091//1031 548//1028 
f 1089//1027 1090//1029 546//1026 
o mesh2
f 1473//1792 1474//1792 1113//1792 
f 1474//1792 1475//1792 1114//1792 
f 1476//1792 1102//1792 1101//1792 
f 1477//1792 1473//1792 1112//1792 
f 1114//1792 1113//1792 1474//1792 
f 1478//1792 1117//1792 1116//1792 
f 1479//1792 1118//1792 1117//1792 
f 1480//1792 1481//1792 1119//1792 
f 1482//1792 1265//1792 1264//1792 
f 1483//1792 1266//1792 1265//1792 
f 1484//1792 1277//1792 1276//1792 
f 1485//1792 1344//1792 1343//1792 
f 1486//1792 1100//1792 1099//1792 
f 1487//1792 1101//1792 1100//1792 
f 1101//1792 1487//1792 1476//1792 
f 1488//1792 1489//1792 1103//1792 
f 1113//1792 1112//1792 1473//1792 
f 1490//1792 1115//1792 1114//1792 
f 1117//1792 1478//1792 1479//1792 
f 1118//1792 1479//1792 1480//1792 
f 1491//1792 1492//1792 1122//1792 
f 1493//1792 1123//1792 1122//1792 
f 1494//1792 1495//1792 1137//1792 
f 1495//1792 1496//1792 1138//1792 
f 1497//1792 1498//1792 1155//1792 
f 1498//1792 1499//1792 1156//1792 
f 1500//1792 1160//1792 1159//1792 
f 1501//1792 1502//1792 1261//1792 
f 1502//1792 1503//1792 1262//1792 
f 1503//1792 1504//1792 1263//1792 
f 1504//1792 1505//1792 1264//1792 
f 1265//1792 1482//1792 1483//1792 
f 1506//1792 1267//1792 1266//1792 
f 1507//1792 1268//1792 1267//1792 
f 1508//1792 1509//1792 1269//1792 
f 1510//1792 1274//1792 1273//1792 
f 1511//1792 1275//1792 1274//1792 
f 1276//1792 1512//1792 1484//1792 
f 1513//1792 1514//1792 1278//1792 
f 1514//1792 1515//1792 1279//1792 
f 1515//1792 1516//1792 1280//1792 
f 1343//1792 1517//1792 1485//1792 
f 1518//1792 1519//1792 1345//1792 
f 1520//1792 1521//1792 1094//1792 
f 1100//1792 1486//1792 1487//1792 
f 1103//1792 1102//1792 1488//1792 
f 1522//1792 1110//1792 1109//1792 
f 1114//1792 1475//1792 1490//1792 
f 1523//1792 1116//1792 1115//1792 
f 1119//1792 1118//1792 1480//1792 
f 1481//1792 1524//1792 1120//1792 
f 1122//1792 1492//1792 1493//1792 
f 1525//1792 1124//1792 1123//1792 
f 1526//1792 1127//1792 1126//1792 
f 1527//1792 1528//1792 1128//1792 
f 1528//1792 1529//1792 1129//1792 
f 1530//1792 1135//1792 1134//1792 
f 1531//1792 1494//1792 1136//1792 
f 1138//1792 1137//1792 1495//1792 
f 1532//1792 1140//1792 1139//1792 
f 1533//1792 1141//1792 1140//1792 
f 1156//1792 1155//1792 1498//1792 
f 1534//1792 1157//1792 1156//1792 
f 1535//1792 1158//1792 1157//1792 
f 1536//1792 1159//1792 1158//1792 
f 1159//1792 1536//1792 1500//1792 
f 1537//1792 1538//1792 1161//1792 
f 1538//1792 1539//1792 1162//1792 
f 1539//1792 1540//1792 1163//1792 
f 1541//1792 1165//1792 1164//1792 
f 1542//1792 1166//1792 1165//1792 
f 1543//1792 1200//1792 1199//1792 
f 1544//1792 1201//1792 1200//1792 
f 1545//1792 1202//1792 1201//1792 
f 1260//1792 1546//1792 1501//1792 
f 1263//1792 1262//1792 1503//1792 
f 1264//1792 1505//1792 1482//1792 
f 1267//1792 1506//1792 1507//1792 
f 1268//1792 1507//1792 1508//1792 
f 1509//1792 1547//1792 1270//1792 
f 1547//1792 1548//1792 1271//1792 
f 1548//1792 1549//1792 1272//1792 
f 1549//1792 1550//1792 1273//1792 
f 1274//1792 1510//1792 1511//1792 
f 1278//1792 1277//1792 1513//1792 
f 1280//1792 1279//1792 1515//1792 
f 1551//1792 1552//1792 1286//1792 
f 1553//1792 1324//1792 1323//1792 
f 1554//1792 1325//1792 1324//1792 
f 1555//1792 1327//1792 1326//1792 
f 1556//1792 1557//1792 1336//1792 
f 1558//1792 1340//1792 1339//1792 
f 1559//1792 1341//1792 1340//1792 
f 1345//1792 1344//1792 1518//1792 
f 1519//1792 1560//1792 1346//1792 
f 1561//1792 1394//1792 1393//1792 
f 1562//1792 1416//1792 1415//1792 
f 1563//1792 1417//1792 1416//1792 
f 1564//1792 1419//1792 1418//1792 
f 1093//1792 1565//1792 1520//1792 
f 1521//1792 1566//1792 1095//1792 
f 1567//1792 1099//1792 1098//1792 
f 1476//1792 1488//1792 1102//1792 
f 1489//1792 1568//1792 1104//1792 
f 1568//1792 1569//1792 1105//1792 
f 1569//1792 1570//1792 1106//1792 
f 1571//1792 1107//1792 1106//1792 
f 1572//1792 1109//1792 1108//1792 
f 1109//1792 1572//1792 1522//1792 
f 1115//1792 1490//1792 1523//1792 
f 1120//1792 1119//1792 1481//1792 
f 1524//1792 1491//1792 1121//1792 
f 1123//1792 1493//1792 1525//1792 
f 1573//1792 1126//1792 1125//1792 
f 1126//1792 1573//1792 1526//1792 
f 1129//1792 1128//1792 1528//1792 
f 1529//1792 1574//1792 1130//1792 
f 1574//1792 1575//1792 1131//1792 
f 1576//1792 1132//1792 1131//1792 
f 1134//1792 1577//1792 1530//1792 
f 1137//1792 1136//1792 1494//1792 
f 1496//1792 1578//1792 1139//1792 
f 1140//1792 1532//1792 1533//1792 
f 1579//1792 1580//1792 1144//1792 
f 1156//1792 1499//1792 1534//1792 
f 1158//1792 1535//1792 1536//1792 
f 1161//1792 1160//1792 1537//1792 
f 1163//1792 1162//1792 1539//1792 
f 1165//1792 1541//1792 1542//1792 
f 1581//1792 1167//1792 1166//1792 
f 1582//1792 1583//1792 1169//1792 
f 1584//1792 1585//1792 1171//1792 
f 1585//1792 1586//1792 1172//1792 
f 1587//1792 1174//1792 1173//1792 
f 1588//1792 1175//1792 1174//1792 
f 1589//1792 1590//1792 1188//1792 
f 1590//1792 1591//1792 1189//1792 
f 1200//1792 1543//1792 1544//1792 
f 1201//1792 1544//1792 1545//1792 
f 1546//1792 1260//1792 1259//1792 
f 1262//1792 1261//1792 1502//1792 
f 1266//1792 1483//1792 1506//1792 
f 1270//1792 1269//1792 1509//1792 
f 1272//1792 1271//1792 1548//1792 
f 1273//1792 1550//1792 1510//1792 
f 1512//1792 1276//1792 1275//1792 
f 1279//1792 1278//1792 1514//1792 
f 1592//1792 1283//1792 1282//1792 
f 1593//1792 1284//1792 1283//1792 
f 1285//1792 1594//1792 1551//1792 
f 1552//1792 1595//1792 1287//1792 
f 1596//1792 1290//1792 1289//1792 
f 1597//1792 1291//1792 1290//1792 
f 1324//1792 1553//1792 1554//1792 
f 1598//1792 1326//1792 1325//1792 
f 1326//1792 1598//1792 1555//1792 
f 1599//1792 1600//1792 1328//1792 
f 1601//1792 1602//1792 1330//1792 
f 1602//1792 1603//1792 1331//1792 
f 1604//1792 1335//1792 1334//1792 
f 1335//1792 1604//1792 1556//1792 
f 1340//1792 1558//1792 1559//1792 
f 1605//1792 1342//1792 1341//1792 
f 1517//1792 1343//1792 1342//1792 
f 1346//1792 1345//1792 1519//1792 
f 1560//1792 1606//1792 1347//1792 
f 1606//1792 1607//1792 1348//1792 
f 1608//1792 1609//1792 1361//1792 
f 1610//1792 1393//1792 1392//1792 
f 1393//1792 1610//1792 1561//1792 
f 1611//1792 1407//1792 1406//1792 
f 1612//1792 1408//1792 1407//1792 
f 1613//1792 1614//1792 1413//1792 
f 1614//1792 1615//1792 1414//1792 
f 1416//1792 1562//1792 1563//1792 
f 1616//1792 1418//1792 1417//1792 
f 1418//1792 1616//1792 1564//1792 
f 1617//1792 1618//1792 1420//1792 
f 1619//1792 1092//1792 1091//1792 
f 1565//1792 1093//1792 1092//1792 
f 1095//1792 1094//1792 1521//1792 
f 1566//1792 1620//1792 1096//1792 
f 1620//1792 1621//1792 1097//1792 
f 1622//1792 1098//1792 1097//1792 
f 1099//1792 1567//1792 1486//1792 
f 1105//1792 1104//1792 1568//1792 
f 1106//1792 1570//1792 1571//1792 
f 1623//1792 1108//1792 1107//1792 
f 1522//1792 1624//1792 1110//1792 
f 1624//1792 1477//1792 1111//1792 
f 1116//1792 1523//1792 1478//1792 
f 1122//1792 1121//1792 1491//1792 
f 1625//1792 1125//1792 1124//1792 
f 1526//1792 1527//1792 1127//1792 
f 1130//1792 1129//1792 1529//1792 
f 1131//1792 1575//1792 1576//1792 
f 1136//1792 1135//1792 1531//1792 
f 1139//1792 1578//1792 1532//1792 
f 1143//1792 1626//1792 1579//1792 
f 1580//1792 1627//1792 1145//1792 
f 1628//1792 1149//1792 1148//1792 
f 1629//1792 1150//1792 1149//1792 
f 1630//1792 1152//1792 1151//1792 
f 1631//1792 1632//1792 1153//1792 
f 1632//1792 1497//1792 1154//1792 
f 1157//1792 1534//1792 1535//1792 
f 1162//1792 1161//1792 1538//1792 
f 1540//1792 1633//1792 1164//1792 
f 1166//1792 1542//1792 1581//1792 
f 1168//1792 1634//1792 1582//1792 
f 1583//1792 1584//1792 1170//1792 
f 1172//1792 1171//1792 1585//1792 
f 1635//1792 1173//1792 1172//1792 
f 1174//1792 1587//1792 1588//1792 
f 1636//1792 1176//1792 1175//1792 
f 1637//1792 1177//1792 1176//1792 
f 1638//1792 1639//1792 1178//1792 
f 1639//1792 1640//1792 1179//1792 
f 1641//1792 1642//1792 1186//1792 
f 1642//1792 1589//1792 1187//1792 
f 1189//1792 1188//1792 1590//1792 
f 1643//1792 1644//1792 1198//1792 
f 1645//1792 1199//1792 1198//1792 
f 1545//1792 1646//1792 1202//1792 
f 1646//1792 1647//1792 1203//1792 
f 1648//1792 1649//1792 1206//1792 
f 1650//1792 1207//1792 1206//1792 
f 1651//1792 1209//1792 1208//1792 
f 1652//1792 1210//1792 1209//1792 
f 1653//1792 1654//1792 1219//1792 
f 1261//1792 1260//1792 1501//1792 
f 1269//1792 1268//1792 1508//1792 
f 1273//1792 1272//1792 1549//1792 
f 1484//1792 1513//1792 1277//1792 
f 1283//1792 1592//1792 1593//1792 
f 1594//1792 1285//1792 1284//1792 
f 1287//1792 1286//1792 1552//1792 
f 1595//1792 1655//1792 1288//1792 
f 1655//1792 1656//1792 1289//1792 
f 1290//1792 1596//1792 1597//1792 
f 1657//1792 1292//1792 1291//1792 
f 1658//1792 1293//1792 1292//1792 
f 1325//1792 1554//1792 1598//1792 
f 1328//1792 1327//1792 1599//1792 
f 1331//1792 1330//1792 1602//1792 
f 1659//1792 1332//1792 1331//1792 
f 1660//1792 1333//1792 1332//1792 
f 1661//1792 1334//1792 1333//1792 
f 1336//1792 1335//1792 1556//1792 
f 1557//1792 1662//1792 1337//1792 
f 1663//1792 1664//1792 1339//1792 
f 1341//1792 1559//1792 1605//1792 
f 1485//1792 1518//1792 1344//1792 
f 1348//1792 1347//1792 1606//1792 
f 1665//1792 1349//1792 1348//1792 
f 1666//1792 1350//1792 1349//1792 
f 1667//1792 1352//1792 1351//1792 
f 1668//1792 1357//1792 1356//1792 
f 1669//1792 1358//1792 1357//1792 
f 1360//1792 1670//1792 1608//1792 
f 1609//1792 1671//1792 1362//1792 
f 1672//1792 1673//1792 1364//1792 
f 1674//1792 1365//1792 1364//1792 
f 1675//1792 1366//1792 1365//1792 
f 1676//1792 1367//1792 1366//1792 
f 1677//1792 1369//1792 1368//1792 
f 1678//1792 1392//1792 1391//1792 
f 1561//1792 1679//1792 1394//1792 
f 1680//1792 1681//1792 1403//1792 
f 1681//1792 1682//1792 1404//1792 
f 1682//1792 1683//1792 1405//1792 
f 1683//1792 1684//1792 1406//1792 
f 1407//1792 1611//1792 1612//1792 
f 1685//1792 1409//1792 1408//1792 
f 1686//1792 1410//1792 1409//1792 
f 1687//1792 1688//1792 1411//1792 
f 1414//1792 1413//1792 1614//1792 
f 1615//1792 1689//1792 1415//1792 
f 1417//1792 1563//1792 1616//1792 
f 1420//1792 1419//1792 1617//1792 
f 1690//1792 1444//1792 1443//1792 
f 1691//1792 1469//1792 1468//1792 
f 1692//1792 1693//1792 1089//1792 
f 1694//1792 1090//1792 1089//1792 
f 1695//1792 1091//1792 1090//1792 
f 1092//1792 1619//1792 1565//1792 
f 1096//1792 1095//1792 1566//1792 
f 1097//1792 1621//1792 1622//1792 
f 1104//1792 1103//1792 1489//1792 
f 1107//1792 1571//1792 1623//1792 
f 1111//1792 1110//1792 1624//1792 
f 1121//1792 1120//1792 1524//1792 
f 1125//1792 1625//1792 1573//1792 
f 1131//1792 1130//1792 1574//1792 
f 1696//1792 1133//1792 1132//1792 
f 1577//1792 1134//1792 1133//1792 
f 1139//1792 1138//1792 1496//1792 
f 1697//1792 1142//1792 1141//1792 
f 1626//1792 1143//1792 1142//1792 
f 1145//1792 1144//1792 1580//1792 
f 1627//1792 1698//1792 1146//1792 
f 1698//1792 1699//1792 1147//1792 
f 1700//1792 1148//1792 1147//1792 
f 1149//1792 1628//1792 1629//1792 
f 1151//1792 1701//1792 1630//1792 
f 1154//1792 1153//1792 1632//1792 
f 1500//1792 1537//1792 1160//1792 
f 1164//1792 1633//1792 1541//1792 
f 1634//1792 1168//1792 1167//1792 
f 1170//1792 1169//1792 1583//1792 
f 1172//1792 1586//1792 1635//1792 
f 1175//1792 1588//1792 1636//1792 
f 1176//1792 1636//1792 1637//1792 
f 1179//1792 1178//1792 1639//1792 
f 1702//1792 1184//1792 1183//1792 
f 1703//1792 1185//1792 1184//1792 
f 1185//1792 1703//1792 1641//1792 
f 1188//1792 1187//1792 1589//1792 
f 1704//1792 1192//1792 1191//1792 
f 1705//1792 1193//1792 1192//1792 
f 1706//1792 1707//1792 1194//1792 
f 1708//1792 1709//1792 1196//1792 
f 1709//1792 1643//1792 1197//1792 
f 1198//1792 1644//1792 1645//1792 
f 1203//1792 1202//1792 1646//1792 
f 1710//1792 1648//1792 1205//1792 
f 1206//1792 1649//1792 1650//1792 
f 1711//1792 1208//1792 1207//1792 
f 1209//1792 1651//1792 1652//1792 
f 1712//1792 1215//1792 1214//1792 
f 1713//1792 1216//1792 1215//1792 
f 1714//1792 1217//1792 1216//1792 
f 1715//1792 1218//1792 1217//1792 
f 1218//1792 1715//1792 1653//1792 
f 1654//1792 1716//1792 1220//1792 
f 1717//1792 1718//1792 1222//1792 
f 1718//1792 1719//1792 1223//1792 
f 1720//1792 1227//1792 1226//1792 
f 1721//1792 1722//1792 1244//1792 
f 1723//1792 1249//1792 1248//1792 
f 1724//1792 1250//1792 1249//1792 
f 1725//1792 1252//1792 1251//1792 
f 1264//1792 1263//1792 1504//1792 
f 1275//1792 1511//1792 1512//1792 
f 1516//1792 1726//1792 1281//1792 
f 1727//1792 1282//1792 1281//1792 
f 1284//1792 1593//1792 1594//1792 
f 1288//1792 1287//1792 1595//1792 
f 1289//1792 1656//1792 1596//1792 
f 1292//1792 1657//1792 1658//1792 
f 1728//1792 1729//1792 1296//1792 
f 1729//1792 1730//1792 1297//1792 
f 1731//1792 1319//1792 1318//1792 
f 1555//1792 1599//1792 1327//1792 
f 1600//1792 1601//1792 1329//1792 
f 1331//1792 1603//1792 1659//1792 
f 1333//1792 1660//1792 1661//1792 
f 1337//1792 1336//1792 1557//1792 
f 1662//1792 1663//1792 1338//1792 
f 1339//1792 1664//1792 1558//1792 
f 1347//1792 1346//1792 1560//1792 
f 1349//1792 1665//1792 1666//1792 
f 1732//1792 1351//1792 1350//1792 
f 1351//1792 1732//1792 1667//1792 
f 1733//1792 1734//1792 1353//1792 
f 1734//1792 1735//1792 1354//1792 
f 1735//1792 1736//1792 1355//1792 
f 1357//1792 1668//1792 1669//1792 
f 1737//1792 1359//1792 1358//1792 
f 1670//1792 1360//1792 1359//1792 
f 1362//1792 1361//1792 1609//1792 
f 1671//1792 1672//1792 1363//1792 
f 1364//1792 1673//1792 1674//1792 
f 1366//1792 1675//1792 1676//1792 
f 1738//1792 1368//1792 1367//1792 
f 1368//1792 1738//1792 1677//1792 
f 1739//1792 1740//1792 1370//1792 
f 1741//1792 1376//1792 1375//1792 
f 1742//1792 1377//1792 1376//1792 
f 1392//1792 1678//1792 1610//1792 
f 1679//1792 1743//1792 1395//1792 
f 1402//1792 1744//1792 1680//1792 
f 1405//1792 1404//1792 1682//1792 
f 1406//1792 1684//1792 1611//1792 
f 1409//1792 1685//1792 1686//1792 
f 1410//1792 1686//1792 1687//1792 
f 1688//1792 1613//1792 1412//1792 
f 1415//1792 1414//1792 1615//1792 
f 1564//1792 1617//1792 1419//1792 
f 1745//1792 1746//1792 1428//1792 
f 1747//1792 1748//1792 1436//1792 
f 1749//1792 1750//1792 1440//1792 
f 1751//1792 1441//1792 1440//1792 
f 1752//1792 1442//1792 1441//1792 
f 1753//1792 1443//1792 1442//1792 
f 1443//1792 1753//1792 1690//1792 
f 1754//1792 1755//1792 1445//1792 
f 1756//1792 1449//1792 1448//1792 
f 1757//1792 1450//1792 1449//1792 
f 1758//1792 1451//1792 1450//1792 
f 1759//1792 1452//1792 1451//1792 
f 1760//1792 1761//1792 1453//1792 
f 1762//1792 1763//1792 1461//1792 
f 1764//1792 1765//1792 1464//1792 
f 1765//1792 1766//1792 1465//1792 
f 1767//1792 1468//1792 1467//1792 
f 1468//1792 1767//1792 1691//1792 
f 1768//1792 1692//1792 1472//1792 
f 1089//1792 1693//1792 1694//1792 
f 1091//1792 1695//1792 1619//1792 
f 1097//1792 1096//1792 1620//1792 
f 1106//1792 1105//1792 1569//1792 
f 1112//1792 1111//1792 1477//1792 
f 1128//1792 1127//1792 1527//1792 
f 1133//1792 1696//1792 1577//1792 
f 1141//1792 1533//1792 1697//1792 
f 1144//1792 1143//1792 1579//1792 
f 1147//1792 1146//1792 1698//1792 
f 1148//1792 1700//1792 1628//1792 
f 1701//1792 1151//1792 1150//1792 
f 1153//1792 1152//1792 1631//1792 
f 1164//1792 1163//1792 1540//1792 
f 1169//1792 1168//1792 1582//1792 
f 1173//1792 1635//1792 1587//1792 
f 1178//1792 1177//1792 1638//1792 
f 1640//1792 1769//1792 1180//1792 
f 1769//1792 1770//1792 1181//1792 
f 1771//1792 1182//1792 1181//1792 
f 1772//1792 1183//1792 1182//1792 
f 1184//1792 1702//1792 1703//1792 
f 1187//1792 1186//1792 1642//1792 
f 1773//1792 1190//1792 1189//1792 
f 1774//1792 1191//1792 1190//1792 
f 1192//1792 1704//1792 1705//1792 
f 1193//1792 1705//1792 1706//1792 
f 1707//1792 1708//1792 1195//1792 
f 1197//1792 1196//1792 1709//1792 
f 1199//1792 1645//1792 1543//1792 
f 1647//1792 1710//1792 1204//1792 
f 1206//1792 1205//1792 1648//1792 
f 1208//1792 1711//1792 1651//1792 
f 1775//1792 1776//1792 1211//1792 
f 1777//1792 1778//1792 1214//1792 
f 1215//1792 1712//1792 1713//1792 
f 1217//1792 1714//1792 1715//1792 
f 1220//1792 1219//1792 1654//1792 
f 1716//1792 1717//1792 1221//1792 
f 1223//1792 1222//1792 1718//1792 
f 1779//1792 1226//1792 1225//1792 
f 1226//1792 1779//1792 1720//1792 
f 1780//1792 1781//1792 1229//1792 
f 1781//1792 1782//1792 1230//1792 
f 1782//1792 1783//1792 1231//1792 
f 1784//1792 1232//1792 1231//1792 
f 1785//1792 1786//1792 1239//1792 
f 1787//1792 1240//1792 1239//1792 
f 1788//1792 1243//1792 1242//1792 
f 1243//1792 1788//1792 1721//1792 
f 1789//1792 1790//1792 1248//1792 
f 1249//1792 1723//1792 1724//1792 
f 1791//1792 1251//1792 1250//1792 
f 1251//1792 1791//1792 1725//1792 
f 1271//1792 1270//1792 1547//1792 
f 1281//1792 1726//1792 1727//1792 
f 1286//1792 1285//1792 1551//1792 
f 1291//1792 1597//1792 1657//1792 
f 1792//1792 1294//1792 1293//1792 
f 1297//1792 1296//1792 1729//1792 
f 1730//1792 1793//1792 1298//1792 
f 1794//1792 1299//1792 1298//1792 
f 1795//1792 1300//1792 1299//1792 
f 1796//1792 1302//1792 1301//1792 
f 1797//1792 1318//1792 1317//1792 
f 1318//1792 1797//1792 1731//1792 
f 1798//1792 1799//1792 1322//1792 
f 1799//1792 1800//1792 1323//1792 
f 1329//1792 1328//1792 1600//1792 
f 1332//1792 1659//1792 1660//1792 
f 1338//1792 1337//1792 1662//1792 
f 1342//1792 1605//1792 1517//1792 
f 1350//1792 1666//1792 1732//1792 
f 1353//1792 1352//1792 1733//1792 
f 1355//1792 1354//1792 1735//1792 
f 1736//1792 1801//1792 1356//1792 
f 1358//1792 1669//1792 1737//1792 
f 1361//1792 1360//1792 1608//1792 
f 1364//1792 1363//1792 1672//1792 
f 1367//1792 1676//1792 1738//1792 
f 1370//1792 1369//1792 1739//1792 
f 1740//1792 1802//1792 1371//1792 
f 1803//1792 1375//1792 1374//1792 
f 1376//1792 1741//1792 1742//1792 
f 1804//1792 1805//1792 1388//1792 
f 1805//1792 1806//1792 1389//1792 
f 1806//1792 1807//1792 1390//1792 
f 1808//1792 1391//1792 1390//1792 
f 1395//1792 1394//1792 1679//1792 
f 1743//1792 1809//1792 1396//1792 
f 1809//1792 1810//1792 1397//1792 
f 1810//1792 1811//1792 1398//1792 
f 1812//1792 1401//1792 1400//1792 
f 1744//1792 1402//1792 1401//1792 
f 1404//1792 1403//1792 1681//1792 
f 1408//1792 1612//1792 1685//1792 
f 1412//1792 1411//1792 1688//1792 
f 1415//1792 1689//1792 1562//1792 
f 1618//1792 1813//1792 1421//1792 
f 1813//1792 1814//1792 1422//1792 
f 1814//1792 1815//1792 1423//1792 
f 1816//1792 1424//1792 1423//1792 
f 1817//1792 1425//1792 1424//1792 
f 1818//1792 1426//1792 1425//1792 
f 1427//1792 1819//1792 1745//1792 
f 1746//1792 1820//1792 1429//1792 
f 1821//1792 1435//1792 1434//1792 
f 1435//1792 1821//1792 1747//1792 
f 1748//1792 1822//1792 1437//1792 
f 1822//1792 1823//1792 1438//1792 
f 1440//1792 1750//1792 1751//1792 
f 1442//1792 1752//1792 1753//1792 
f 1445//1792 1444//1792 1754//1792 
f 1755//1792 1824//1792 1446//1792 
f 1824//1792 1825//1792 1447//1792 
f 1825//1792 1826//1792 1448//1792 
f 1449//1792 1756//1792 1757//1792 
f 1451//1792 1758//1792 1759//1792 
f 1452//1792 1759//1792 1760//1792 
f 1761//1792 1827//1792 1454//1792 
f 1827//1792 1828//1792 1455//1792 
f 1828//1792 1829//1792 1456//1792 
f 1830//1792 1458//1792 1457//1792 
f 1831//1792 1459//1792 1458//1792 
f 1460//1792 1832//1792 1762//1792 
f 1763//1792 1833//1792 1462//1792 
f 1465//1792 1464//1792 1765//1792 
f 1834//1792 1466//1792 1465//1792 
f 1835//1792 1467//1792 1466//1792 
f 1691//1792 1836//1792 1469//1792 
f 1837//1792 1768//1792 1471//1792 
f 1089//1792 1472//1792 1692//1792 
f 1094//1792 1093//1792 1520//1792 
f 1108//1792 1623//1792 1572//1792 
f 1132//1792 1576//1792 1696//1792 
f 1142//1792 1697//1792 1626//1792 
f 1147//1792 1699//1792 1700//1792 
f 1630//1792 1631//1792 1152//1792 
f 1167//1792 1581//1792 1634//1792 
f 1637//1792 1638//1792 1177//1792 
f 1181//1792 1180//1792 1769//1792 
f 1182//1792 1771//1792 1772//1792 
f 1186//1792 1185//1792 1641//1792 
f 1190//1792 1773//1792 1774//1792 
f 1194//1792 1193//1792 1706//1792 
f 1196//1792 1195//1792 1708//1792 
f 1204//1792 1203//1792 1647//1792 
f 1207//1792 1650//1792 1711//1792 
f 1210//1792 1652//1792 1775//1792 
f 1776//1792 1838//1792 1212//1792 
f 1838//1792 1777//1792 1213//1792 
f 1214//1792 1778//1792 1712//1792 
f 1219//1792 1218//1792 1653//1792 
f 1222//1792 1221//1792 1717//1792 
f 1839//1792 1224//1792 1223//1792 
f 1840//1792 1225//1792 1224//1792 
f 1720//1792 1841//1792 1227//1792 
f 1841//1792 1780//1792 1228//1792 
f 1230//1792 1229//1792 1781//1792 
f 1231//1792 1783//1792 1784//1792 
f 1842//1792 1233//1792 1232//1792 
f 1843//1792 1234//1792 1233//1792 
f 1239//1792 1786//1792 1787//1792 
f 1844//1792 1241//1792 1240//1792 
f 1845//1792 1242//1792 1241//1792 
f 1244//1792 1243//1792 1721//1792 
f 1248//1792 1790//1792 1723//1792 
f 1725//1792 1846//1792 1252//1792 
f 1846//1792 1847//1792 1253//1792 
f 1847//1792 1848//1792 1254//1792 
f 1849//1792 1850//1792 1256//1792 
f 1851//1792 1257//1792 1256//1792 
f 1852//1792 1258//1792 1257//1792 
f 1853//1792 1259//1792 1258//1792 
f 1281//1792 1280//1792 1516//1792 
f 1289//1792 1288//1792 1655//1792 
f 1293//1792 1658//1792 1792//1792 
f 1854//1792 1728//1792 1295//1792 
f 1298//1792 1297//1792 1730//1792 
f 1299//1792 1794//1792 1795//1792 
f 1855//1792 1301//1792 1300//1792 
f 1301//1792 1855//1792 1796//1792 
f 1856//1792 1857//1792 1304//1792 
f 1857//1792 1858//1792 1305//1792 
f 1859//1792 1860//1792 1311//1792 
f 1861//1792 1317//1792 1316//1792 
f 1731//1792 1862//1792 1319//1792 
f 1862//1792 1863//1792 1320//1792 
f 1863//1792 1798//1792 1321//1792 
f 1323//1792 1322//1792 1799//1792 
f 1330//1792 1329//1792 1601//1792 
f 1339//1792 1338//1792 1663//1792 
f 1667//1792 1733//1792 1352//1792 
f 1356//1792 1355//1792 1736//1792 
f 1359//1792 1737//1792 1670//1792 
f 1365//1792 1674//1792 1675//1792 
f 1371//1792 1370//1792 1740//1792 
f 1802//1792 1864//1792 1372//1792 
f 1864//1792 1865//1792 1373//1792 
f 1866//1792 1374//1792 1373//1792 
f 1375//1792 1803//1792 1741//1792 
f 1867//1792 1868//1792 1380//1792 
f 1868//1792 1869//1792 1381//1792 
f 1870//1792 1384//1792 1383//1792 
f 1871//1792 1385//1792 1384//1792 
f 1872//1792 1873//1792 1386//1792 
f 1873//1792 1804//1792 1387//1792 
f 1389//1792 1388//1792 1805//1792 
f 1390//1792 1807//1792 1808//1792 
f 1396//1792 1395//1792 1743//1792 
f 1398//1792 1397//1792 1810//1792 
f 1874//1792 1399//1792 1398//1792 
f 1875//1792 1400//1792 1399//1792 
f 1401//1792 1812//1792 1744//1792 
f 1406//1792 1405//1792 1683//1792 
f 1413//1792 1412//1792 1613//1792 
f 1422//1792 1421//1792 1813//1792 
f 1423//1792 1815//1792 1816//1792 
f 1425//1792 1817//1792 1818//1792 
f 1819//1792 1427//1792 1426//1792 
f 1429//1792 1428//1792 1746//1792 
f 1820//1792 1876//1792 1430//1792 
f 1436//1792 1435//1792 1747//1792 
f 1438//1792 1437//1792 1822//1792 
f 1441//1792 1751//1792 1752//1792 
f 1446//1792 1445//1792 1755//1792 
f 1448//1792 1447//1792 1825//1792 
f 1450//1792 1757//1792 1758//1792 
f 1454//1792 1453//1792 1761//1792 
f 1456//1792 1455//1792 1828//1792 
f 1877//1792 1457//1792 1456//1792 
f 1458//1792 1830//1792 1831//1792 
f 1832//1792 1460//1792 1459//1792 
f 1462//1792 1461//1792 1763//1792 
f 1465//1792 1766//1792 1834//1792 
f 1467//1792 1835//1792 1767//1792 
f 1836//1792 1837//1792 1470//1792 
f 1472//1792 1471//1792 1768//1792 
f 1098//1792 1622//1792 1567//1792 
f 1530//1792 1531//1792 1135//1792 
f 1150//1792 1629//1792 1701//1792 
f 1171//1792 1170//1792 1584//1792 
f 1181//1792 1770//1792 1771//1792 
f 1189//1792 1591//1792 1773//1792 
f 1195//1792 1194//1792 1707//1792 
f 1205//1792 1204//1792 1710//1792 
f 1212//1792 1211//1792 1776//1792 
f 1214//1792 1213//1792 1777//1792 
f 1221//1792 1220//1792 1716//1792 
f 1224//1792 1839//1792 1840//1792 
f 1228//1792 1227//1792 1841//1792 
f 1231//1792 1230//1792 1782//1792 
f 1233//1792 1842//1792 1843//1792 
f 1878//1792 1235//1792 1234//1792 
f 1879//1792 1880//1792 1236//1792 
f 1240//1792 1787//1792 1844//1792 
f 1242//1792 1845//1792 1788//1792 
f 1881//1792 1882//1792 1246//1792 
f 1882//1792 1789//1792 1247//1792 
f 1250//1792 1724//1792 1791//1792 
f 1254//1792 1253//1792 1847//1792 
f 1848//1792 1849//1792 1255//1792 
f 1256//1792 1850//1792 1851//1792 
f 1258//1792 1852//1792 1853//1792 
f 1282//1792 1727//1792 1592//1792 
f 1295//1792 1294//1792 1854//1792 
f 1298//1792 1793//1792 1794//1792 
f 1796//1792 1883//1792 1302//1792 
f 1883//1792 1856//1792 1303//1792 
f 1305//1792 1304//1792 1857//1792 
f 1858//1792 1884//1792 1306//1792 
f 1885//1792 1307//1792 1306//1792 
f 1886//1792 1308//1792 1307//1792 
f 1887//1792 1309//1792 1308//1792 
f 1888//1792 1310//1792 1309//1792 
f 1310//1792 1888//1792 1859//1792 
f 1860//1792 1889//1792 1312//1792 
f 1317//1792 1861//1792 1797//1792 
f 1321//1792 1320//1792 1863//1792 
f 1323//1792 1800//1792 1553//1792 
f 1348//1792 1607//1792 1665//1792 
f 1356//1792 1801//1792 1668//1792 
f 1677//1792 1739//1792 1369//1792 
f 1373//1792 1372//1792 1864//1792 
f 1374//1792 1866//1792 1803//1792 
f 1890//1792 1891//1792 1378//1792 
f 1891//1792 1867//1792 1379//1792 
f 1381//1792 1380//1792 1868//1792 
f 1384//1792 1870//1792 1871//1792 
f 1385//1792 1871//1792 1872//1792 
f 1388//1792 1387//1792 1804//1792 
f 1391//1792 1808//1792 1678//1792 
f 1398//1792 1811//1792 1874//1792 
f 1400//1792 1875//1792 1812//1792 
f 1411//1792 1410//1792 1687//1792 
f 1423//1792 1422//1792 1814//1792 
f 1426//1792 1818//1792 1819//1792 
f 1430//1792 1429//1792 1820//1792 
f 1876//1792 1892//1792 1431//1792 
f 1893//1792 1432//1792 1431//1792 
f 1894//1792 1433//1792 1432//1792 
f 1895//1792 1434//1792 1433//1792 
f 1437//1792 1436//1792 1748//1792 
f 1823//1792 1749//1792 1439//1792 
f 1690//1792 1754//1792 1444//1792 
f 1448//1792 1826//1792 1756//1792 
f 1455//1792 1454//1792 1827//1792 
f 1457//1792 1877//1792 1830//1792 
f 1461//1792 1460//1792 1762//1792 
f 1833//1792 1764//1792 1463//1792 
f 1466//1792 1834//1792 1835//1792 
f 1471//1792 1470//1792 1837//1792 
f 1124//1792 1525//1792 1625//1792 
f 1155//1792 1154//1792 1497//1792 
f 1183//1792 1772//1792 1702//1792 
f 1198//1792 1197//1792 1643//1792 
f 1213//1792 1212//1792 1838//1792 
f 1223//1792 1719//1792 1839//1792 
f 1229//1792 1228//1792 1780//1792 
f 1234//1792 1843//1792 1878//1792 
f 1235//1792 1878//1792 1879//1792 
f 1880//1792 1896//1792 1237//1792 
f 1896//1792 1785//1792 1238//1792 
f 1241//1792 1844//1792 1845//1792 
f 1722//1792 1881//1792 1245//1792 
f 1247//1792 1246//1792 1882//1792 
f 1253//1792 1252//1792 1846//1792 
f 1256//1792 1255//1792 1849//1792 
f 1259//1792 1853//1792 1546//1792 
f 1296//1792 1295//1792 1728//1792 
f 1303//1792 1302//1792 1883//1792 
f 1306//1792 1305//1792 1858//1792 
f 1307//1792 1885//1792 1886//1792 
f 1309//1792 1887//1792 1888//1792 
f 1312//1792 1311//1792 1860//1792 
f 1889//1792 1897//1792 1313//1792 
f 1897//1792 1898//1792 1314//1792 
f 1899//1792 1315//1792 1314//1792 
f 1320//1792 1319//1792 1862//1792 
f 1334//1792 1661//1792 1604//1792 
f 1363//1792 1362//1792 1671//1792 
f 1373//1792 1865//1792 1866//1792 
f 1377//1792 1742//1792 1890//1792 
f 1380//1792 1379//1792 1867//1792 
f 1900//1792 1382//1792 1381//1792 
f 1901//1792 1383//1792 1382//1792 
f 1386//1792 1385//1792 1872//1792 
f 1390//1792 1389//1792 1806//1792 
f 1399//1792 1874//1792 1875//1792 
f 1421//1792 1420//1792 1618//1792 
f 1428//1792 1427//1792 1745//1792 
f 1431//1792 1892//1792 1893//1792 
f 1433//1792 1894//1792 1895//1792 
f 1439//1792 1438//1792 1823//1792 
f 1447//1792 1446//1792 1824//1792 
f 1456//1792 1829//1792 1877//1792 
f 1463//1792 1462//1792 1833//1792 
f 1470//1792 1469//1792 1836//1792 
f 1146//1792 1145//1792 1627//1792 
f 1191//1792 1774//1792 1704//1792 
f 1216//1792 1713//1792 1714//1792 
f 1232//1792 1784//1792 1842//1792 
f 1237//1792 1236//1792 1880//1792 
f 1239//1792 1238//1792 1785//1792 
f 1246//1792 1245//1792 1881//1792 
f 1255//1792 1254//1792 1848//1792 
f 1792//1792 1854//1792 1294//1792 
f 1304//1792 1303//1792 1856//1792 
f 1308//1792 1886//1792 1887//1792 
f 1313//1792 1312//1792 1889//1792 
f 1314//1792 1898//1792 1899//1792 
f 1902//1792 1316//1792 1315//1792 
f 1322//1792 1321//1792 1798//1792 
f 1372//1792 1371//1792 1802//1792 
f 1379//1792 1378//1792 1891//1792 
f 1382//1792 1900//1792 1901//1792 
f 1387//1792 1386//1792 1873//1792 
f 1403//1792 1402//1792 1680//1792 
f 1431//1792 1430//1792 1876//1792 
f 1434//1792 1895//1792 1821//1792 
f 1453//1792 1452//1792 1760//1792 
f 1464//1792 1463//1792 1764//1792 
f 1180//1792 1179//1792 1640//1792 
f 1225//1792 1840//1792 1779//1792 
f 1238//1792 1237//1792 1896//1792 
f 1248//1792 1247//1792 1789//1792 
f 1300//1792 1795//1792 1855//1792 
f 1311//1792 1310//1792 1859//1792 
f 1315//1792 1899//1792 1902//1792 
f 1354//1792 1353//1792 1734//1792 
f 1381//1792 1869//1792 1900//1792 
f 1397//1792 1396//1792 1809//1792 
f 1432//1792 1893//1792 1894//1792 
f 1459//1792 1831//1792 1832//1792 
f 1211//1792 1210//1792 1775//1792 
f 1245//1792 1244//1792 1722//1792 
f 1306//1792 1884//1792 1885//1792 
f 1316//1792 1902//1792 1861//1792 
f 1383//1792 1901//1792 1870//1792 
f 1440//1792 1439//1792 1749//1792 
f 1236//1792 1235//1792 1879//1792 
f 1314//1792 1313//1792 1897//1792 
f 1424//1792 1816//1792 1817//1792 
f 1257//1792 1851//1792 1852//1792 
f 1090//1792 1694//1792 1695//1792 
f 1378//1792 1377//1792 1890//1792 
o mesh3
f 1903//1793 1693//1793 1692//1794 
f 1904//1794 1692//1794 1768//1795 
f 1905//1795 1768//1795 1837//1796 
f 1906//1796 1837//1796 1836//1797 
f 1907//1797 1836//1797 1691//1798 
f 1908//1798 1691//1798 1767//1799 
f 1909//1799 1767//1799 1835//1800 
f 1910//1800 1835//1800 1834//1801 
f 1911//1801 1834//1801 1766//1802 
f 1912//1802 1766//1802 1765//1803 
f 1913//1803 1765//1803 1764//1804 
f 1914//1804 1764//1804 1833//1805 
f 1915//1805 1833//1805 1763//1806 
f 1916//1806 1763//1806 1762//1807 
f 1917//1807 1762//1807 1832//1808 
f 1918//1808 1832//1808 1831//1809 
f 1919//1809 1831//1809 1830//1810 
f 1920//1810 1830//1810 1877//1811 
f 1921//1811 1877//1811 1829//1812 
f 1922//1812 1829//1812 1828//1813 
f 1923//1813 1828//1813 1827//1814 
f 1924//1814 1827//1814 1761//1815 
f 1925//1815 1761//1815 1760//1816 
f 1926//1816 1760//1816 1759//1817 
f 1927//1817 1759//1817 1758//1818 
f 1928//1818 1758//1818 1757//1819 
f 1929//1819 1757//1819 1756//1820 
f 1930//1820 1756//1820 1826//1821 
f 1931//1821 1826//1821 1825//1822 
f 1932//1822 1825//1822 1824//1823 
f 1933//1823 1824//1823 1755//1824 
f 1934//1824 1755//1824 1754//1825 
f 1935//1825 1754//1825 1690//1826 
f 1936//1826 1690//1826 1753//1827 
f 1937//1827 1753//1827 1752//1828 
f 1938//1828 1752//1828 1751//1829 
f 1939//1829 1751//1829 1750//1830 
f 1940//1830 1750//1830 1749//1831 
f 1941//1831 1749//1831 1823//1832 
f 1942//1832 1823//1832 1822//1833 
f 1943//1833 1822//1833 1748//1834 
f 1944//1834 1748//1834 1747//1835 
f 1945//1835 1747//1835 1821//1836 
f 1946//1836 1821//1836 1895//1837 
f 1947//1837 1895//1837 1894//1838 
f 1948//1838 1894//1838 1893//1839 
f 1949//1839 1893//1839 1892//1840 
f 1950//1840 1892//1840 1876//1841 
f 1951//1841 1876//1841 1820//1842 
f 1952//1842 1820//1842 1746//1843 
f 1953//1843 1746//1843 1745//1844 
f 1954//1844 1745//1844 1819//1845 
f 1955//1845 1819//1845 1818//1846 
f 1956//1846 1818//1846 1817//1847 
f 1957//1847 1817//1847 1816//1848 
f 1958//1848 1816//1848 1815//1849 
f 1959//1849 1815//1849 1814//1850 
f 1960//1850 1814//1850 1813//1851 
f 1961//1851 1813//1851 1618//1852 
f 1962//1852 1618//1852 1617//1853 
f 1963//1853 1617//1853 1564//1854 
f 1964//1854 1564//1854 1616//1855 
f 1965//1855 1616//1855 1563//1856 
f 1966//1856 1563//1856 1562//1857 
f 1967//1857 1562//1857 1689//1858 
f 1968//1858 1689//1858 1615//1859 
f 1969//1859 1615//1859 1614//1860 
f 1970//1860 1614//1860 1613//1861 
f 1971//1861 1613//1861 1688//1862 
f 1972//1862 1688//1862 1687//1863 
f 1973//1863 1687//1863 1686//1864 
f 1974//1864 1686//1864 1685//1865 
f 1975//1865 1685//1865 1612//1866 
f 1976//1866 1612//1866 1611//1867 
f 1977//1867 1611//1867 1684//1868 
f 1978//1868 1684//1868 1683//1869 
f 1979//1869 1683//1869 1682//1870 
f 1980//1870 1682//1870 1681//1871 
f 1981//1871 1681//1871 1680//1872 
f 1982//1872 1680//1872 1744//1873 
f 1983//1873 1744//1873 1812//1874 
f 1984//1874 1812//1874 1875//1875 
f 1985//1875 1875//1875 1874//1876 
f 1986//1876 1874//1876 1811//1877 
f 1987//1877 1811//1877 1810//1878 
f 1988//1878 1810//1878 1809//1879 
f 1989//1879 1809//1879 1743//1880 
f 1990//1880 1743//1880 1679//1881 
f 1991//1881 1679//1881 1561//1882 
f 1992//1882 1561//1882 1610//1883 
f 1993//1883 1610//1883 1678//1884 
f 1994//1884 1678//1884 1808//1885 
f 1995//1885 1808//1885 1807//1886 
f 1996//1886 1807//1886 1806//1887 
f 1997//1887 1806//1887 1805//1888 
f 1998//1888 1805//1888 1804//1889 
f 1999//1889 1804//1889 1873//1890 
f 2000//1890 1873//1890 1872//1891 
f 2001//1891 1872//1891 1871//1892 
f 2002//1892 1871//1892 1870//1893 
f 2003//1893 1870//1893 1901//1894 
f 2004//1894 1901//1894 1900//1895 
f 2005//1895 1900//1895 1869//1896 
f 2006//1896 1869//1896 1868//1897 
f 2007//1897 1868//1897 1867//1898 
f 2008//1898 1867//1898 1891//1899 
f 2009//1899 1891//1899 1890//1900 
f 2010//1900 1890//1900 1742//1901 
f 2011//1901 1742//1901 1741//1902 
f 2012//1902 1741//1902 1803//1903 
f 2013//1903 1803//1903 1866//1904 
f 2014//1904 1866//1904 1865//1905 
f 2015//1905 1865//1905 1864//1906 
f 2016//1906 1864//1906 1802//1907 
f 2017//1907 1802//1907 1740//1908 
f 2018//1908 1740//1908 1739//1909 
f 2019//1909 1739//1909 1677//1910 
f 2020//1910 1677//1910 1738//1911 
f 2021//1911 1738//1911 1676//1912 
f 2022//1912 1676//1912 1675//1913 
f 2023//1913 1675//1913 1674//1914 
f 2024//1914 1674//1914 1673//1915 
f 2025//1915 1673//1915 1672//1916 
f 2026//1916 1672//1916 1671//1917 
f 2027//1917 1671//1917 1609//1918 
f 2028//1918 1609//1918 1608//1919 
f 2029//1919 1608//1919 1670//1920 
f 2030//1920 1670//1920 1737//1921 
f 2031//1921 1737//1921 1669//1922 
f 2032//1922 1669//1922 1668//1923 
f 2033//1923 1668//1923 1801//1924 
f 2034//1924 1801//1924 1736//1925 
f 2035//1925 1736//1925 1735//1926 
f 2036//1926 1735//1926 1734//1927 
f 2037//1927 1734//1927 1733//1928 
f 2038//1928 1733//1928 1667//1929 
f 2039//1929 1667//1929 1732//1930 
f 2040//1930 1732//1930 1666//1931 
f 2041//1931 1666//1931 1665//1932 
f 2042//1932 1665//1932 1607//1933 
f 2043//1933 1607//1933 1606//1934 
f 2044//1934 1606//1934 1560//1935 
f 2045//1935 1560//1935 1519//1936 
f 2046//1936 1519//1936 1518//1937 
f 2047//1937 1518//1937 1485//1938 
f 2048//1938 1485//1938 1517//1939 
f 2049//1939 1517//1939 1605//1940 
f 2050//1940 1605//1940 1559//1941 
f 2051//1941 1559//1941 1558//1942 
f 2052//1942 1558//1942 1664//1943 
f 2053//1943 1664//1943 1663//1944 
f 2054//1944 1663//1944 1662//1945 
f 2055//1945 1662//1945 1557//1946 
f 2056//1946 1557//1946 1556//1947 
f 2057//1947 1556//1947 1604//1948 
f 2058//1948 1604//1948 1661//1949 
f 2059//1949 1661//1949 1660//1950 
f 2060//1950 1660//1950 1659//1951 
f 2061//1951 1659//1951 1603//1952 
f 2062//1952 1603//1952 1602//1953 
f 2063//1953 1602//1953 1601//1954 
f 2064//1954 1601//1954 1600//1955 
f 2065//1955 1600//1955 1599//1956 
f 2066//1956 1599//1956 1555//1957 
f 2067//1957 1555//1957 1598//1958 
f 2068//1958 1598//1958 1554//1959 
f 2069//1959 1554//1959 1553//1960 
f 2070//1960 1553//1960 1800//1961 
f 2071//1961 1800//1961 1799//1962 
f 2072//1962 1799//1962 1798//1963 
f 2073//1963 1798//1963 1863//1964 
f 2074//1964 1863//1964 1862//1965 
f 2075//1965 1862//1965 1731//1966 
f 2076//1966 1731//1966 1797//1967 
f 2077//1967 1797//1967 1861//1968 
f 2078//1968 1861//1968 1902//1969 
f 2079//1969 1902//1969 1899//1970 
f 2080//1970 1899//1970 1898//1971 
f 2081//1971 1898//1971 1897//1972 
f 2082//1972 1897//1972 1889//1973 
f 2083//1973 1889//1973 1860//1974 
f 2084//1974 1860//1974 1859//1975 
f 2085//1975 1859//1975 1888//1976 
f 2086//1976 1888//1976 1887//1977 
f 2087//1977 1887//1977 1886//1978 
f 2088//1978 1886//1978 1885//1979 
f 2089//1979 1885//1979 1884//1980 
f 2090//1980 1884//1980 1858//1981 
f 2091//1981 1858//1981 1857//1982 
f 2092//1982 1857//1982 1856//1983 
f 2093//1983 1856//1983 1883//1984 
f 2094//1984 1883//1984 1796//1985 
f 2095//1985 1796//1985 1855//1986 
f 2096//1986 1855//1986 1795//1987 
f 2097//1987 1795//1987 1794//1988 
f 2098//1988 1794//1988 1793//1989 
f 2099//1989 1793//1989 1730//1990 
f 2100//1990 1730//1990 1729//1991 
f 2101//1991 1729//1991 1728//1992 
f 2102//1992 1728//1992 1854//1993 
f 2103//1993 1854//1993 1792//1994 
f 2104//1994 1792//1994 1658//1995 
f 2105//1995 1658//1995 1657//1996 
f 2106//1996 1657//1996 1597//1997 
f 2107//1997 1597//1997 1596//1998 
f 2108//1998 1596//1998 1656//1999 
f 2109//1999 1656//1999 1655//2000 
f 2110//2000 1655//2000 1595//2001 
f 2111//2001 1595//2001 1552//2002 
f 2112//2002 1552//2002 1551//2003 
f 2113//2003 1551//2003 1594//2004 
f 2114//2004 1594//2004 1593//2005 
f 2115//2005 1593//2005 1592//2006 
f 2116//2006 1592//2006 1727//2007 
f 2117//2007 1727//2007 1726//2008 
f 2118//2008 1726//2008 1516//2009 
f 2119//2009 1516//2009 1515//2010 
f 2120//2010 1515//2010 1514//2011 
f 2121//2011 1514//2011 1513//2012 
f 2122//2012 1513//2012 1484//2013 
f 2123//2013 1484//2013 1512//2014 
f 2124//2014 1512//2014 1511//2015 
f 2125//2015 1511//2015 1510//2016 
f 2126//2016 1510//2016 1550//2017 
f 2127//2017 1550//2017 1549//2018 
f 2128//2018 1549//2018 1548//2019 
f 2129//2019 1548//2019 1547//2020 
f 2130//2020 1547//2020 1509//2021 
f 2131//2021 1509//2021 1508//2022 
f 2132//2022 1508//2022 1507//2023 
f 2133//2023 1507//2023 1506//2024 
f 2134//2024 1506//2024 1483//2025 
f 2135//2025 1483//2025 1482//2026 
f 2136//2026 1482//2026 1505//2027 
f 2137//2027 1505//2027 1504//2028 
f 2138//2028 1504//2028 1503//2029 
f 2139//2029 1503//2029 1502//2030 
f 2140//2030 1502//2030 1501//2031 
f 2141//2031 1501//2031 1546//2032 
f 2142//2032 1546//2032 1853//2033 
f 2143//2033 1853//2033 1852//2034 
f 2144//2034 1852//2034 1851//2035 
f 2145//2035 1851//2035 1850//2036 
f 2146//2036 1850//2036 1849//2037 
f 2147//2037 1849//2037 1848//2038 
f 2148//2038 1848//2038 1847//2039 
f 2149//2039 1847//2039 1846//2040 
f 2150//2040 1846//2040 1725//2041 
f 2151//2041 1725//2041 1791//2042 
f 2152//2042 1791//2042 1724//2043 
f 2153//2043 1724//2043 1723//2044 
f 2154//2044 1723//2044 1790//2045 
f 2155//2045 1790//2045 1789//2046 
f 2156//2046 1789//2046 1882//2047 
f 2157//2047 1882//2047 1881//2048 
f 2158//2048 1881//2048 1722//2049 
f 2159//2049 1722//2049 1721//2050 
f 2160//2050 1721//2050 1788//2051 
f 2161//2051 1788//2051 1845//2052 
f 2162//2052 1845//2052 1844//2053 
f 2163//2053 1844//2053 1787//2054 
f 2164//2054 1787//2054 1786//2055 
f 2165//2055 1786//2055 1785//2056 
f 2166//2056 1785//2056 1896//2057 
f 2167//2057 1896//2057 1880//2058 
f 2168//2058 1880//2058 1879//2059 
f 2169//2059 1879//2059 1878//2060 
f 2170//2060 1878//2060 1843//2061 
f 2171//2061 1843//2061 1842//2062 
f 2172//2062 1842//2062 1784//2063 
f 2173//2063 1784//2063 1783//2064 
f 2174//2064 1783//2064 1782//2065 
f 2175//2065 1782//2065 1781//2066 
f 2176//2066 1781//2066 1780//2067 
f 2177//2067 1780//2067 1841//2068 
f 2178//2068 1841//2068 1720//2069 
f 2179//2069 1720//2069 1779//2070 
f 2180//2070 1779//2070 1840//2071 
f 2181//2071 1840//2071 1839//2072 
f 2182//2072 1839//2072 1719//2073 
f 2183//2073 1719//2073 1718//2074 
f 2184//2074 1718//2074 1717//2075 
f 2185//2075 1717//2075 1716//2076 
f 2186//2076 1716//2076 1654//2077 
f 2187//2077 1654//2077 1653//2078 
f 2188//2078 1653//2078 1715//2079 
f 2189//2079 1715//2079 1714//2080 
f 2190//2080 1714//2080 1713//2081 
f 2191//2081 1713//2081 1712//2082 
f 2192//2082 1712//2082 1778//2083 
f 2193//2083 1778//2083 1777//2084 
f 2194//2084 1777//2084 1838//2085 
f 2195//2085 1838//2085 1776//2086 
f 2196//2086 1776//2086 1775//2087 
f 2197//2087 1775//2087 1652//2088 
f 2198//2088 1652//2088 1651//2089 
f 2199//2089 1651//2089 1711//2090 
f 2200//2090 1711//2090 1650//2091 
f 2201//2091 1650//2091 1649//2092 
f 2202//2092 1649//2092 1648//2093 
f 2203//2093 1648//2093 1710//2094 
f 2204//2094 1710//2094 1647//2095 
f 2205//2095 1647//2095 1646//2096 
f 2206//2096 1646//2096 1545//2097 
f 2207//2097 1545//2097 1544//2098 
f 2208//2098 1544//2098 1543//2099 
f 2209//2099 1543//2099 1645//2100 
f 2210//2100 1645//2100 1644//2101 
f 2211//2101 1644//2101 1643//2102 
f 2212//2102 1643//2102 1709//2103 
f 2213//2103 1709//2103 1708//2104 
f 2214//2104 1708//2104 1707//2105 
f 2215//2105 1707//2105 1706//2106 
f 2216//2106 1706//2106 1705//2107 
f 2217//2107 1705//2107 1704//2108 
f 2218//2108 1704//2108 1774//2109 
f 2219//2109 1774//2109 1773//2110 
f 2220//2110 1773//2110 1591//2111 
f 2221//2111 1591//2111 1590//2112 
f 2222//2112 1590//2112 1589//2113 
f 2223//2113 1589//2113 1642//2114 
f 2224//2114 1642//2114 1641//2115 
f 2225//2115 1641//2115 1703//2116 
f 2226//2116 1703//2116 1702//2117 
f 2227//2117 1702//2117 1772//2118 
f 2228//2118 1772//2118 1771//2119 
f 2229//2119 1771//2119 1770//2120 
f 2230//2120 1770//2120 1769//2121 
f 2231//2121 1769//2121 1640//2122 
f 2232//2122 1640//2122 1639//2123 
f 2233//2123 1639//2123 1638//2124 
f 2234//2124 1638//2124 1637//2125 
f 2235//2125 1637//2125 1636//2126 
f 2236//2126 1636//2126 1588//2127 
f 2237//2127 1588//2127 1587//2128 
f 2238//2128 1587//2128 1635//2129 
f 2239//2129 1635//2129 1586//2130 
f 2240//2130 1586//2130 1585//2131 
f 2241//2131 1585//2131 1584//2132 
f 2242//2132 1584//2132 1583//2133 
f 2243//2133 1583//2133 1582//2134 
f 2244//2134 1582//2134 1634//2135 
f 2245//2135 1634//2135 1581//2136 
f 2246//2136 1581//2136 1542//2137 
f 2247//2137 1542//2137 1541//2138 
f 2248//2138 1541//2138 1633//2139 
f 2249//2139 1633//2139 1540//2140 
f 2250//2140 1540//2140 1539//2141 
f 2251//2141 1539//2141 1538//2142 
f 2252//2142 1538//2142 1537//2143 
f 2253//2143 1537//2143 1500//2144 
f 2254//2144 1500//2144 1536//2145 
f 2255//2145 1536//2145 1535//2146 
f 2256//2146 1535//2146 1534//2147 
f 2257//2147 1534//2147 1499//2148 
f 2258//2148 1499//2148 1498//2149 
f 2259//2149 1498//2149 1497//2150 
f 2260//2150 1497//2150 1632//2151 
f 2261//2151 1632//2151 1631//2152 
f 2262//2152 1631//2152 1630//2153 
f 2263//2153 1630//2153 1701//2154 
f 2264//2154 1701//2154 1629//2155 
f 2265//2155 1629//2155 1628//2156 
f 2266//2156 1628//2156 1700//2157 
f 2267//2157 1700//2157 1699//2158 
f 2268//2158 1699//2158 1698//2159 
f 2269//2159 1698//2159 1627//2160 
f 2270//2160 1627//2160 1580//2161 
f 2271//2161 1580//2161 1579//2162 
f 2272//2162 1579//2162 1626//2163 
f 2273//2163 1626//2163 1697//2164 
f 2274//2164 1697//2164 1533//2165 
f 2275//2165 1533//2165 1532//2166 
f 2276//2166 1532//2166 1578//2167 
f 2277//2167 1578//2167 1496//2168 
f 2278//2168 1496//2168 1495//2169 
f 2279//2169 1495//2169 1494//2170 
f 2280//2170 1494//2170 1531//2171 
f 2281//2171 1531//2171 1530//2172 
f 2282//2172 1530//2172 1577//2173 
f 2283//2173 1577//2173 1696//2174 
f 2284//2174 1696//2174 1576//2175 
f 2285//2175 1576//2175 1575//2176 
f 2286//2176 1575//2176 1574//2177 
f 2287//2177 1574//2177 1529//2178 
f 2288//2178 1529//2178 1528//2179 
f 2289//2179 1528//2179 1527//2180 
f 2290//2180 1527//2180 1526//2181 
f 2291//2181 1526//2181 1573//2182 
f 2292//2182 1573//2182 1625//2183 
f 2293//2183 1625//2183 1525//2184 
f 2294//2184 1525//2184 1493//2185 
f 2295//2185 1493//2185 1492//2186 
f 2296//2186 1492//2186 1491//2187 
f 2297//2187 1491//2187 1524//2188 
f 2298//2188 1524//2188 1481//2189 
f 2299//2189 1481//2189 1480//2190 
f 2300//2190 1480//2190 1479//2191 
f 2301//2191 1479//2191 1478//2192 
f 2302//2192 1478//2192 1523//2193 
f 2303//2193 1523//2193 1490//2194 
f 2304//2194 1490//2194 1475//2195 
f 2305//2195 1475//2195 1474//2196 
f 2306//2196 1474//2196 1473//2197 
f 2307//2197 1473//2197 1477//2198 
f 2308//2198 1477//2198 1624//2199 
f 2309//2199 1624//2199 1522//2200 
f 2310//2200 1522//2200 1572//2201 
f 2311//2201 1572//2201 1623//2202 
f 2312//2202 1623//2202 1571//2203 
f 2313//2203 1571//2203 1570//2204 
f 2314//2204 1570//2204 1569//2205 
f 2315//2205 1569//2205 1568//2206 
f 2316//2206 1568//2206 1489//2207 
f 2317//2207 1489//2207 1488//2208 
f 2318//2208 1488//2208 1476//2209 
f 2319//2209 1476//2209 1487//2210 
f 2320//2210 1487//2210 1486//2211 
f 2321//2211 1486//2211 1567//2212 
f 2322//2212 1567//2212 1622//2213 
f 2323//2213 1622//2213 1621//2214 
f 2324//2214 1621//2214 1620//2215 
f 2325//2215 1620//2215 1566//2216 
f 2326//2216 1566//2216 1521//2217 
f 2327//2217 1521//2217 1520//2218 
f 2328//2218 1520//2218 1565//2219 
f 2329//2219 1565//2219 1619//2220 
f 2330//2220 1619//2220 1695//2221 
f 2331//2221 1695//2221 1694//2222 
f 2332//2222 1694//2222 1693//1793 
f 1693//1793 1903//1793 2332//2222 
f 1694//2222 2332//2222 2331//2221 
f 1695//2221 2331//2221 2330//2220 
f 1619//2220 2330//2220 2329//2219 
f 1565//2219 2329//2219 2328//2218 
f 1520//2218 2328//2218 2327//2217 
f 1521//2217 2327//2217 2326//2216 
f 1566//2216 2326//2216 2325//2215 
f 1620//2215 2325//2215 2324//2214 
f 1621//2214 2324//2214 2323//2213 
f 1622//2213 2323//2213 2322//2212 
f 1567//2212 2322//2212 2321//2211 
f 1486//2211 2321//2211 2320//2210 
f 1487//2210 2320//2210 2319//2209 
f 1476//2209 2319//2209 2318//2208 
f 1488//2208 2318//2208 2317//2207 
f 1489//2207 2317//2207 2316//2206 
f 1568//2206 2316//2206 2315//2205 
f 1569//2205 2315//2205 2314//2204 
f 1570//2204 2314//2204 2313//2203 
f 1571//2203 2313//2203 2312//2202 
f 1623//2202 2312//2202 2311//2201 
f 1572//2201 2311//2201 2310//2200 
f 1522//2200 2310//2200 2309//2199 
f 1624//2199 2309//2199 2308//2198 
f 1477//2198 2308//2198 2307//2197 
f 1473//2197 2307//2197 2306//2196 
f 1474//2196 2306//2196 2305//2195 
f 1475//2195 2305//2195 2304//2194 
f 1490//2194 2304//2194 2303//2193 
f 1523//2193 2303//2193 2302//2192 
f 1478//2192 2302//2192 2301//2191 
f 1479//2191 2301//2191 2300//2190 
f 1480//2190 2300//2190 2299//2189 
f 1481//2189 2299//2189 2298//2188 
f 1524//2188 2298//2188 2297//2187 
f 1491//2187 2297//2187 2296//2186 
f 1492//2186 2296//2186 2295//2185 
f 1493//2185 2295//2185 2294//2184 
f 1525//2184 2294//2184 2293//2183 
f 1625//2183 2293//2183 2292//2182 
f 1573//2182 2292//2182 2291//2181 
f 1526//2181 2291//2181 2290//2180 
f 1527//2180 2290//2180 2289//2179 
f 1528//2179 2289//2179 2288//2178 
f 1529//2178 2288//2178 2287//2177 
f 1574//2177 2287//2177 2286//2176 
f 1575//2176 2286//2176 2285//2175 
f 1576//2175 2285//2175 2284//2174 
f 1696//2174 2284//2174 2283//2173 
f 1577//2173 2283//2173 2282//2172 
f 1530//2172 2282//2172 2281//2171 
f 1531//2171 2281//2171 2280//2170 
f 1494//2170 2280//2170 2279//2169 
f 1495//2169 2279//2169 2278//2168 
f 1496//2168 2278//2168 2277//2167 
f 1578//2167 2277//2167 2276//2166 
f 1532//2166 2276//2166 2275//2165 
f 1533//2165 2275//2165 2274//2164 
f 1697//2164 2274//2164 2273//2163 
f 1626//2163 2273//2163 2272//2162 
f 1579//2162 2272//2162 2271//2161 
f 1580//2161 2271//2161 2270//2160 
f 1627//2160 2270//2160 2269//2159 
f 1698//2159 2269//2159 2268//2158 
f 1699//2158 2268//2158 2267//2157 
f 1700//2157 2267//2157 2266//2156 
f 1628//2156 2266//2156 2265//2155 
f 1629//2155 2265//2155 2264//2154 
f 1701//2154 2264//2154 2263//2153 
f 1630//2153 2263//2153 2262//2152 
f 1631//2152 2262//2152 2261//2151 
f 1632//2151 2261//2151 2260//2150 
f 1497//2150 2260//2150 2259//2149 
f 1498//2149 2259//2149 2258//2148 
f 1499//2148 2258//2148 2257//2147 
f 1534//2147 2257//2147 2256//2146 
f 1535//2146 2256//2146 2255//2145 
f 1536//2145 2255//2145 2254//2144 
f 1500//2144 2254//2144 2253//2143 
f 1537//2143 2253//2143 2252//2142 
f 1538//2142 2252//2142 2251//2141 
f 1539//2141 2251//2141 2250//2140 
f 1540//2140 2250//2140 2249//2139 
f 1633//2139 2249//2139 2248//2138 
f 1541//2138 2248//2138 2247//2137 
f 1542//2137 2247//2137 2246//2136 
f 1581//2136 2246//2136 2245//2135 
f 1634//2135 2245//2135 2244//2134 
f 1582//2134 2244//2134 2243//2133 
f 1583//2133 2243//2133 2242//2132 
f 1584//2132 2242//2132 2241//2131 
f 1585//2131 2241//2131 2240//2130 
f 1586//2130 2240//2130 2239//2129 
f 1635//2129 2239//2129 2238//2128 
f 1587//2128 2238//2128 2237//2127 
f 1588//2127 2237//2127 2236//2126 
f 1636//2126 2236//2126 2235//2125 
f 1637//2125 2235//2125 2234//2124 
f 1638//2124 2234//2124 2233//2123 
f 1639//2123 2233//2123 2232//2122 
f 1640//2122 2232//2122 2231//2121 
f 1769//2121 2231//2121 2230//2120 
f 1770//2120 2230//2120 2229//2119 
f 1771//2119 2229//2119 2228//2118 
f 1772//2118 2228//2118 2227//2117 
f 1702//2117 2227//2117 2226//2116 
f 1703//2116 2226//2116 2225//2115 
f 1641//2115 2225//2115 2224//2114 
f 1642//2114 2224//2114 2223//2113 
f 1589//2113 2223//2113 2222//2112 
f 1590//2112 2222//2112 2221//2111 
f 1591//2111 2221//2111 2220//2110 
f 1773//2110 2220//2110 2219//2109 
f 1774//2109 2219//2109 2218//2108 
f 1704//2108 2218//2108 2217//2107 
f 1705//2107 2217//2107 2216//2106 
f 1706//2106 2216//2106 2215//2105 
f 1707//2105 2215//2105 2214//2104 
f 1708//2104 2214//2104 2213//2103 
f 1709//2103 2213//2103 2212//2102 
f 1643//2102 2212//2102 2211//2101 
f 1644//2101 2211//2101 2210//2100 
f 1645//2100 2210//2100 2209//2099 
f 1543//2099 2209//2099 2208//2098 
f 1544//2098 2208//2098 2207//2097 
f 1545//2097 2207//2097 2206//2096 
f 1646//2096 2206//2096 2205//2095 
f 1647//2095 2205//2095 2204//2094 
f 1710//2094 2204//2094 2203//2093 
f 1648//2093 2203//2093 2202//2092 
f 1649//2092 2202//2092 2201//2091 
f 1650//2091 2201//2091 2200//2090 
f 1711//2090 2200//2090 2199//2089 
f 1651//2089 2199//2089 2198//2088 
f 1652//2088 2198//2088 2197//2087 
f 1775//2087 2197//2087 2196//2086 
f 1776//2086 2196//2086 2195//2085 
f 1838//2085 2195//2085 2194//2084 
f 1777//2084 2194//2084 2193//2083 
f 1778//2083 2193//2083 2192//2082 
f 1712//2082 2192//2082 2191//2081 
f 1713//2081 2191//2081 2190//2080 
f 1714//2080 2190//2080 2189//2079 
f 1715//2079 2189//2079 2188//2078 
f 1653//2078 2188//2078 2187//2077 
f 1654//2077 2187//2077 2186//2076 
f 1716//2076 2186//2076 2185//2075 
f 1717//2075 2185//2075 2184//2074 
f 1718//2074 2184//2074 2183//2073 
f 1719//2073 2183//2073 2182//2072 
f 1839//2072 2182//2072 2181//2071 
f 1840//2071 2181//2071 2180//2070 
f 1779//2070 2180//2070 2179//2069 
f 1720//2069 2179//2069 2178//2068 
f 1841//2068 2178//2068 2177//2067 
f 1780//2067 2177//2067 2176//2066 
f 1781//2066 2176//2066 2175//2065 
f 1782//2065 2175//2065 2174//2064 
f 1783//2064 2174//2064 2173//2063 
f 1784//2063 2173//2063 2172//2062 
f 1842//2062 2172//2062 2171//2061 
f 1843//2061 2171//2061 2170//2060 
f 1878//2060 2170//2060 2169//2059 
f 1879//2059 2169//2059 2168//2058 
f 1880//2058 2168//2058 2167//2057 
f 1896//2057 2167//2057 2166//2056 
f 1785//2056 2166//2056 2165//2055 
f 1786//2055 2165//2055 2164//2054 
f 1787//2054 2164//2054 2163//2053 
f 1844//2053 2163//2053 2162//2052 
f 1845//2052 2162//2052 2161//2051 
f 1788//2051 2161//2051 2160//2050 
f 1721//2050 2160//2050 2159//2049 
f 1722//2049 2159//2049 2158//2048 
f 1881//2048 2158//2048 2157//2047 
f 1882//2047 2157//2047 2156//2046 
f 1789//2046 2156//2046 2155//2045 
f 1790//2045 2155//2045 2154//2044 
f 1723//2044 2154//2044 2153//2043 
f 1724//2043 2153//2043 2152//2042 
f 1791//2042 2152//2042 2151//2041 
f 1725//2041 2151//2041 2150//2040 
f 1846//2040 2150//2040 2149//2039 
f 1847//2039 2149//2039 2148//2038 
f 1848//2038 2148//2038 2147//2037 
f 1849//2037 2147//2037 2146//2036 
f 1850//2036 2146//2036 2145//2035 
f 1851//2035 2145//2035 2144//2034 
f 1852//2034 2144//2034 2143//2033 
f 1853//2033 2143//2033 2142//2032 
f 1546//2032 2142//2032 2141//2031 
f 1501//2031 2141//2031 2140//2030 
f 1502//2030 2140//2030 2139//2029 
f 1503//2029 2139//2029 2138//2028 
f 1504//2028 2138//2028 2137//2027 
f 1505//2027 2137//2027 2136//2026 
f 1482//2026 2136//2026 2135//2025 
f 1483//2025 2135//2025 2134//2024 
f 1506//2024 2134//2024 2133//2023 
f 1507//2023 2133//2023 2132//2022 
f 1508//2022 2132//2022 2131//2021 
f 1509//2021 2131//2021 2130//2020 
f 1547//2020 2130//2020 2129//2019 
f 1548//2019 2129//2019 2128//2018 
f 1549//2018 2128//2018 2127//2017 
f 1550//2017 2127//2017 2126//2016 
f 1510//2016 2126//2016 2125//2015 
f 1511//2015 2125//2015 2124//2014 
f 1512//2014 2124//2014 2123//2013 
f 1484//2013 2123//2013 2122//2012 
f 1513//2012 2122//2012 2121//2011 
f 1514//2011 2121//2011 2120//2010 
f 1515//2010 2120//2010 2119//2009 
f 1516//2009 2119//2009 2118//2008 
f 1726//2008 2118//2008 2117//2007 
f 1727//2007 2117//2007 2116//2006 
f 1592//2006 2116//2006 2115//2005 
f 1593//2005 2115//2005 2114//2004 
f 1594//2004 2114//2004 2113//2003 
f 1551//2003 2113//2003 2112//2002 
f 1552//2002 2112//2002 2111//2001 
f 1595//2001 2111//2001 2110//2000 
f 1655//2000 2110//2000 2109//1999 
f 1656//1999 2109//1999 2108//1998 
f 1596//1998 2108//1998 2107//1997 
f 1597//1997 2107//1997 2106//1996 
f 1657//1996 2106//1996 2105//1995 
f 1658//1995 2105//1995 2104//1994 
f 1792//1994 2104//1994 2103//1993 
f 1854//1993 2103//1993 2102//1992 
f 1728//1992 2102//1992 2101//1991 
f 1729//1991 2101//1991 2100//1990 
f 1730//1990 2100//1990 2099//1989 
f 1793//1989 2099//1989 2098//1988 
f 1794//1988 2098//1988 2097//1987 
f 1795//1987 2097//1987 2096//1986 
f 1855//1986 2096//1986 2095//1985 
f 1796//1985 2095//1985 2094//1984 
f 1883//1984 2094//1984 2093//1983 
f 1856//1983 2093//1983 2092//1982 
f 1857//1982 2092//1982 2091//1981 
f 1858//1981 2091//1981 2090//1980 
f 1884//1980 2090//1980 2089//1979 
f 1885//1979 2089//1979 2088//1978 
f 1886//1978 2088//1978 2087//1977 
f 1887//1977 2087//1977 2086//1976 
f 1888//1976 2086//1976 2085//1975 
f 1859//1975 2085//1975 2084//1974 
f 1860//1974 2084//1974 2083//1973 
f 1889//1973 2083//1973 2082//1972 
f 1897//1972 2082//1972 2081//1971 
f 1898//1971 2081//1971 2080//1970 
f 1899//1970 2080//1970 2079//1969 
f 1902//1969 2079//1969 2078//1968 
f 1861//1968 2078//1968 2077//1967 
f 1797//1967 2077//1967 2076//1966 
f 1731//1966 2076//1966 2075//1965 
f 1862//1965 2075//1965 2074//1964 
f 1863//1964 2074//1964 2073//1963 
f 1798//1963 2073//1963 2072//1962 
f 1799//1962 2072//1962 2071//1961 
f 1800//1961 2071//1961 2070//1960 
f 1553//1960 2070//1960 2069//1959 
f 1554//1959 2069//1959 2068//1958 
f 1598//1958 2068//1958 2067//1957 
f 1555//1957 2067//1957 2066//1956 
f 1599//1956 2066//1956 2065//1955 
f 1600//1955 2065//1955 2064//1954 
f 1601//1954 2064//1954 2063//1953 
f 1602//1953 2063//1953 2062//1952 
f 1603//1952 2062//1952 2061//1951 
f 1659//1951 2061//1951 2060//1950 
f 1660//1950 2060//1950 2059//1949 
f 1661//1949 2059//1949 2058//1948 
f 1604//1948 2058//1948 2057//1947 
f 1556//1947 2057//1947 2056//1946 
f 1557//1946 2056//1946 2055//1945 
f 1662//1945 2055//1945 2054//1944 
f 1663//1944 2054//1944 2053//1943 
f 1664//1943 2053//1943 2052//1942 
f 1558//1942 2052//1942 2051//1941 
f 1559//1941 2051//1941 2050//1940 
f 1605//1940 2050//1940 2049//1939 
f 1517//1939 2049//1939 2048//1938 
f 1485//1938 2048//1938 2047//1937 
f 1518//1937 2047//1937 2046//1936 
f 1519//1936 2046//1936 2045//1935 
f 1560//1935 2045//1935 2044//1934 
f 1606//1934 2044//1934 2043//1933 
f 1607//1933 2043//1933 2042//1932 
f 1665//1932 2042//1932 2041//1931 
f 1666//1931 2041//1931 2040//1930 
f 1732//1930 2040//1930 2039//1929 
f 1667//1929 2039//1929 2038//1928 
f 1733//1928 2038//1928 2037//1927 
f 1734//1927 2037//1927 2036//1926 
f 1735//1926 2036//1926 2035//1925 
f 1736//1925 2035//1925 2034//1924 
f 1801//1924 2034//1924 2033//1923 
f 1668//1923 2033//1923 2032//1922 
f 1669//1922 2032//1922 2031//1921 
f 1737//1921 2031//1921 2030//1920 
f 1670//1920 2030//1920 2029//1919 
f 1608//1919 2029//1919 2028//1918 
f 1609//1918 2028//1918 2027//1917 
f 1671//1917 2027//1917 2026//1916 
f 1672//1916 2026//1916 2025//1915 
f 1673//1915 2025//1915 2024//1914 
f 1674//1914 2024//1914 2023//1913 
f 1675//1913 2023//1913 2022//1912 
f 1676//1912 2022//1912 2021//1911 
f 1738//1911 2021//1911 2020//1910 
f 1677//1910 2020//1910 2019//1909 
f 1739//1909 2019//1909 2018//1908 
f 1740//1908 2018//1908 2017//1907 
f 1802//1907 2017//1907 2016//1906 
f 1864//1906 2016//1906 2015//1905 
f 1865//1905 2015//1905 2014//1904 
f 1866//1904 2014//1904 2013//1903 
f 1803//1903 2013//1903 2012//1902 
f 1741//1902 2012//1902 2011//1901 
f 1742//1901 2011//1901 2010//1900 
f 1890//1900 2010//1900 2009//1899 
f 1891//1899 2009//1899 2008//1898 
f 1867//1898 2008//1898 2007//1897 
f 1868//1897 2007//1897 2006//1896 
f 1869//1896 2006//1896 2005//1895 
f 1900//1895 2005//1895 2004//1894 
f 1901//1894 2004//1894 2003//1893 
f 1870//1893 2003//1893 2002//1892 
f 1871//1892 2002//1892 2001//1891 
f 1872//1891 2001//1891 2000//1890 
f 1873//1890 2000//1890 1999//1889 
f 1804//1889 1999//1889 1998//1888 
f 1805//1888 1998//1888 1997//1887 
f 1806//1887 1997//1887 1996//1886 
f 1807//1886 1996//1886 1995//1885 
f 1808//1885 1995//1885 1994//1884 
f 1678//1884 1994//1884 1993//1883 
f 1610//1883 1993//1883 1992//1882 
f 1561//1882 1992//1882 1991//1881 
f 1679//1881 1991//1881 1990//1880 
f 1743//1880 1990//1880 1989//1879 
f 1809//1879 1989//1879 1988//1878 
f 1810//1878 1988//1878 1987//1877 
f 1811//1877 1987//1877 1986//1876 
f 1874//1876 1986//1876 1985//1875 
f 1875//1875 1985//1875 1984//1874 
f 1812//1874 1984//1874 1983//1873 
f 1744//1873 1983//1873 1982//1872 
f 1680//1872 1982//1872 1981//1871 
f 1681//1871 1981//1871 1980//1870 
f 1682//1870 1980//1870 1979//1869 
f 1683//1869 1979//1869 1978//1868 
f 1684//1868 1978//1868 1977//1867 
f 1611//1867 1977//1867 1976//1866 
f 1612//1866 1976//1866 1975//1865 
f 1685//1865 1975//1865 1974//1864 
f 1686//1864 1974//1864 1973//1863 
f 1687//1863 1973//1863 1972//1862 
f 1688//1862 1972//1862 1971//1861 
f 1613//1861 1971//1861 1970//1860 
f 1614//1860 1970//1860 1969//1859 
f 1615//1859 1969//1859 1968//1858 
f 1689//1858 1968//1858 1967//1857 
f 1562//1857 1967//1857 1966//1856 
f 1563//1856 1966//1856 1965//1855 
f 1616//1855 1965//1855 1964//1854 
f 1564//1854 1964//1854 1963//1853 
f 1617//1853 1963//1853 1962//1852 
f 1618//1852 1962//1852 1961//1851 
f 1813//1851 1961//1851 1960//1850 
f 1814//1850 1960//1850 1959//1849 
f 1815//1849 1959//1849 1958//1848 
f 1816//1848 1958//1848 1957//1847 
f 1817//1847 1957//1847 1956//1846 
f 1818//1846 1956//1846 1955//1845 
f 1819//1845 1955//1845 1954//1844 
f 1745//1844 1954//1844 1953//1843 
f 1746//1843 1953//1843 1952//1842 
f 1820//1842 1952//1842 1951//1841 
f 1876//1841 1951//1841 1950//1840 
f 1892//1840 1950//1840 1949//1839 
f 1893//1839 1949//1839 1948//1838 
f 1894//1838 1948//1838 1947//1837 
f 1895//1837 1947//1837 1946//1836 
f 1821//1836 1946//1836 1945//1835 
f 1747//1835 1945//1835 1944//1834 
f 1748//1834 1944//1834 1943//1833 
f 1822//1833 1943//1833 1942//1832 
f 1823//1832 1942//1832 1941//1831 
f 1749//1831 1941//1831 1940//1830 
f 1750//1830 1940//1830 1939//1829 
f 1751//1829 1939//1829 1938//1828 
f 1752//1828 1938//1828 1937//1827 
f 1753//1827 1937//1827 1936//1826 
f 1690//1826 1936//1826 1935//1825 
f 1754//1825 1935//1825 1934//1824 
f 1755//1824 1934//1824 1933//1823 
f 1824//1823 1933//1823 1932//1822 
f 1825//1822 1932//1822 1931//1821 
f 1826//1821 1931//1821 1930//1820 
f 1756//1820 1930//1820 1929//1819 
f 1757//1819 1929//1819 1928//1818 
f 1758//1818 1928//1818 1927//1817 
f 1759//1817 1927//1817 1926//1816 
f 1760//1816 1926//1816 1925//1815 
f 1761//1815 1925//1815 1924//1814 
f 1827//1814 1924//1814 1923//1813 
f 1828//1813 1923//1813 1922//1812 
f 1829//1812 1922//1812 1921//1811 
f 1877//1811 1921//1811 1920//1810 
f 1830//1810 1920//1810 1919//1809 
f 1831//1809 1919//1809 1918//1808 
f 1832//1808 1918//1808 1917//1807 
f 1762//1807 1917//1807 1916//1806 
f 1763//1806 1916//1806 1915//1805 
f 1833//1805 1915//1805 1914//1804 
f 1764//1804 1914//1804 1913//1803 
f 1765//1803 1913//1803 1912//1802 
f 1766//1802 1912//1802 1911//1801 
f 1834//1801 1911//1801 1910//1800 
f 1835//1800 1910//1800 1909//1799 
f 1767//1799 1909//1799 1908//1798 
f 1691//1798 1908//1798 1907//1797 
f 1836//1797 1907//1797 1906//1796 
f 1837//1796 1906//1796 1905//1795 
f 1768//1795 1905//1795 1904//1794 
f 1692//1794 1904//1794 1903//1793 
o mesh4
f 2118//2223 2333//2223 2334//2224 
f 2334//2224 2117//2225 2118//2223 
f 2117//2225 2335//2226 2336//2227 
f 2336//2227 2116//2228 2117//2225 
f 2116//2228 2337//2229 2338//2230 
f 2338//2230 2115//2231 2116//2228 
f 2115//2231 2339//2232 2340//2233 
f 2340//2233 2114//2234 2115//2231 
f 2114//2234 2341//2235 2342//2236 
f 2342//2236 2113//2237 2114//2234 
f 2113//2237 2343//2238 2344//2239 
f 2344//2239 2112//2240 2113//2237 
f 2112//2240 2345//2241 2346//2242 
f 2346//2242 2111//2243 2112//2240 
f 2111//2243 2347//2244 2348//2245 
f 2110//2246 2348//2245 2349//2247 
f 2349//2247 2109//2248 2110//2246 
f 2108//2249 2109//2248 2350//2250 
f 2109//2248 2351//2251 2350//2250 
f 2107//2252 2108//2249 2352//2253 
f 2108//2249 2353//2254 2352//2253 
f 2106//2255 2107//2252 2354//2256 
f 2107//2252 2355//2257 2354//2256 
f 2105//2258 2106//2255 2356//2259 
f 2106//2255 2357//2260 2356//2259 
f 2104//2261 2105//2258 2358//2262 
f 2105//2258 2359//2263 2358//2262 
f 2103//2264 2104//2261 2360//2265 
f 2104//2261 2361//2266 2360//2265 
f 2103//2264 2362//2267 2363//2268 
f 2363//2268 2102//2269 2103//2264 
f 2102//2269 2364//2270 2365//2271 
f 2365//2271 2101//2272 2102//2269 
f 2101//2272 2366//2273 2367//2274 
f 2367//2274 2100//2275 2101//2272 
f 2100//2275 2368//2276 2369//2277 
f 2369//2277 2099//2278 2100//2275 
f 2099//2278 2370//2279 2371//2280 
f 2371//2280 2098//2281 2099//2278 
f 2098//2281 2372//2282 2373//2283 
f 2373//2283 2097//2284 2098//2281 
f 2097//2284 2374//2285 2375//2286 
f 2375//2286 2096//2287 2097//2284 
f 2096//2287 2376//2288 2377//2289 
f 2095//2290 2377//2289 2378//2291 
f 2378//2291 2094//2292 2095//2290 
f 2093//2293 2094//2292 2379//2294 
f 2094//2292 2380//2295 2379//2294 
f 2092//2296 2093//2293 2381//2297 
f 2093//2293 2382//2298 2381//2297 
f 2091//2299 2092//2296 2383//2300 
f 2092//2296 2384//2301 2383//2300 
f 2090//2302 2091//2299 2385//2303 
f 2091//2299 2386//2304 2385//2303 
f 2089//2305 2090//2302 2387//2306 
f 2090//2302 2388//2307 2387//2306 
f 2088//2308 2089//2305 2389//2309 
f 2089//2305 2390//2310 2389//2309 
f 2088//2308 2391//2311 2392//2312 
f 2392//2312 2087//2313 2088//2308 
f 2087//2313 2393//2314 2394//2315 
f 2394//2315 2086//2316 2087//2313 
f 2086//2316 2395//2317 2396//2318 
f 2396//2318 2085//2319 2086//2316 
f 2085//2319 2397//2320 2398//2321 
f 2398//2321 2084//2322 2085//2319 
f 2084//2322 2399//2323 2400//2324 
f 2400//2324 2083//2325 2084//2322 
f 2083//2325 2401//2326 2402//2327 
f 2402//2327 2082//2328 2083//2325 
f 2082//2328 2403//2329 2404//2330 
f 2404//2330 2081//2331 2082//2328 
f 2081//2331 2405//2332 2406//2333 
f 2080//2334 2406//2333 2407//2335 
f 2407//2335 2079//2336 2080//2334 
f 2078//2337 2079//2336 2408//2338 
f 2079//2336 2409//2339 2408//2338 
f 2077//2340 2078//2337 2410//2341 
f 2078//2337 2411//2342 2410//2341 
f 2076//2343 2077//2340 2412//2344 
f 2077//2340 2413//2345 2412//2344 
f 2075//2346 2076//2343 2414//2347 
f 2076//2343 2415//2348 2414//2347 
f 2074//2349 2075//2346 2416//2350 
f 2075//2346 2417//2351 2416//2350 
f 2074//2349 2418//2352 2419//2353 
f 2419//2353 2073//2354 2074//2349 
f 2073//2354 2420//2355 2421//2356 
f 2421//2356 2072//2357 2073//2354 
f 2072//2357 2422//2358 2423//2359 
f 2423//2359 2071//2360 2072//2357 
f 2071//2360 2424//2361 2425//2362 
f 2425//2362 2070//2363 2071//2360 
f 2070//2363 2426//2364 2427//2365 
f 2427//2365 2069//2366 2070//2363 
f 2069//2366 2428//2367 2429//2368 
f 2429//2368 2068//2369 2069//2366 
f 2068//2369 2430//2370 2431//2371 
f 2431//2371 2067//2372 2068//2369 
f 2067//2372 2432//2373 2433//2374 
f 2066//2375 2433//2374 2434//2376 
f 2434//2376 2065//2377 2066//2375 
f 2065//2377 2435//2378 2436//2379 
f 2436//2379 2064//2380 2065//2377 
f 2063//2381 2064//2380 2437//2382 
f 2064//2380 2438//2383 2437//2382 
f 2062//2384 2063//2381 2439//2385 
f 2063//2381 2440//2386 2439//2385 
f 2061//2387 2062//2384 2441//2388 
f 2062//2384 2442//2389 2441//2388 
f 2060//2390 2061//2387 2443//2391 
f 2061//2387 2444//2392 2443//2391 
f 2059//2393 2060//2390 2445//2394 
f 2060//2390 2446//2395 2445//2394 
f 2059//2393 2447//2396 2448//2397 
f 2448//2397 2058//2398 2059//2393 
f 2058//2398 2449//2399 2450//2400 
f 2450//2400 2057//2401 2058//2398 
f 2057//2401 2451//2402 2452//2403 
f 2452//2403 2056//2404 2057//2401 
f 2056//2404 2453//2405 2454//2406 
f 2454//2406 2055//2407 2056//2404 
f 2055//2407 2455//2408 2456//2409 
f 2456//2409 2054//2410 2055//2407 
f 2054//2410 2457//2411 2458//2412 
f 2458//2412 2053//2413 2054//2410 
f 2053//2413 2459//2414 2460//2415 
f 2460//2415 2052//2416 2053//2413 
f 2052//2416 2461//2417 2462//2418 
f 2051//2419 2462//2418 2463//2420 
f 2463//2420 2050//2421 2051//2419 
f 2049//2422 2050//2421 2464//2423 
f 2050//2421 2465//2424 2464//2423 
f 2048//2425 2049//2422 2466//2426 
f 2049//2422 2467//2427 2466//2426 
f 2047//2428 2048//2425 2468//2429 
f 2048//2425 2469//2430 2468//2429 
f 2046//2431 2047//2428 2470//2432 
f 2047//2428 2471//2433 2470//2432 
f 2045//2434 2046//2431 2472//2435 
f 2046//2431 2473//2436 2472//2435 
f 2044//2437 2045//2434 2474//2438 
f 2045//2434 2475//2439 2474//2438 
f 2044//2437 2476//2440 2477//2441 
f 2477//2441 2043//2442 2044//2437 
f 2043//2442 2478//2443 2479//2444 
f 2479//2444 2042//2445 2043//2442 
f 2042//2445 2480//2446 2481//2447 
f 2481//2447 2041//2448 2042//2445 
f 2041//2448 2482//2449 2483//2450 
f 2483//2450 2040//2451 2041//2448 
f 2040//2451 2484//2452 2485//2453 
f 2485//2453 2039//2454 2040//2451 
f 2039//2454 2486//2455 2487//2456 
f 2487//2456 2038//2457 2039//2454 
f 2038//2457 2488//2458 2489//2459 
f 2489//2459 2037//2460 2038//2457 
f 2037//2460 2490//2461 2491//2462 
f 2036//2463 2491//2462 2492//2464 
f 2492//2464 2035//2465 2036//2463 
f 2034//2466 2035//2465 2493//2467 
f 2035//2465 2494//2468 2493//2467 
f 2033//2469 2034//2466 2495//2470 
f 2034//2466 2496//2471 2495//2470 
f 2032//2472 2033//2469 2497//2473 
f 2033//2469 2498//2474 2497//2473 
f 2031//2475 2032//2472 2499//2476 
f 2032//2472 2500//2477 2499//2476 
f 2030//2478 2031//2475 2501//2479 
f 2031//2475 2502//2480 2501//2479 
f 2029//2481 2030//2478 2503//2482 
f 2030//2478 2504//2483 2503//2482 
f 2029//2481 2505//2484 2506//2485 
f 2506//2485 2028//2486 2029//2481 
f 2028//2486 2507//2487 2508//2488 
f 2508//2488 2027//2489 2028//2486 
f 2027//2489 2509//2490 2510//2491 
f 2510//2491 2026//2492 2027//2489 
f 2026//2492 2511//2493 2512//2494 
f 2512//2494 2025//2495 2026//2492 
f 2025//2495 2513//2496 2514//2497 
f 2514//2497 2024//2498 2025//2495 
f 2024//2498 2515//2499 2516//2500 
f 2516//2500 2023//2501 2024//2498 
f 2023//2501 2517//2502 2518//2503 
f 2518//2503 2022//2504 2023//2501 
f 2022//2504 2519//2505 2520//2506 
f 2021//2507 2520//2506 2521//2508 
f 2521//2508 2020//2509 2021//2507 
f 2019//2510 2020//2509 2522//2511 
f 2020//2509 2523//2512 2522//2511 
f 2018//2513 2019//2510 2524//2514 
f 2019//2510 2525//2515 2524//2514 
f 2017//2516 2018//2513 2526//2517 
f 2018//2513 2527//2518 2526//2517 
f 2016//2519 2017//2516 2528//2520 
f 2017//2516 2529//2521 2528//2520 
f 2015//2522 2016//2519 2530//2523 
f 2016//2519 2531//2524 2530//2523 
f 2014//2525 2015//2522 2532//2526 
f 2015//2522 2533//2527 2532//2526 
f 2014//2525 2534//2528 2535//2529 
f 2535//2529 2013//2530 2014//2525 
f 2013//2530 2536//2531 2537//2532 
f 2537//2532 2012//2533 2013//2530 
f 2012//2533 2538//2534 2539//2535 
f 2539//2535 2011//2536 2012//2533 
f 2011//2536 2540//2537 2541//2538 
f 2541//2538 2010//2539 2011//2536 
f 2010//2539 2542//2540 2543//2541 
f 2543//2541 2009//2542 2010//2539 
f 2009//2542 2544//2543 2545//2544 
f 2545//2544 2008//2545 2009//2542 
f 2008//2545 2546//2546 2547//2547 
f 2547//2547 2007//2548 2008//2545 
f 2007//2548 2548//2549 2549//2550 
f 2006//2551 2549//2550 2550//2552 
f 2550//2552 2005//2553 2006//2551 
f 2004//2554 2005//2553 2551//2555 
f 2005//2553 2552//2556 2551//2555 
f 2003//2557 2004//2554 2553//2558 
f 2004//2554 2554//2559 2553//2558 
f 2002//2560 2003//2557 2555//2561 
f 2003//2557 2556//2562 2555//2561 
f 2001//2563 2002//2560 2557//2564 
f 2002//2560 2558//2565 2557//2564 
f 2000//2566 2001//2563 2559//2567 
f 2001//2563 2560//2568 2559//2567 
f 1999//2569 2000//2566 2561//2570 
f 2000//2566 2562//2571 2561//2570 
f 1999//2569 2563//2572 2564//2573 
f 2564//2573 1998//2574 1999//2569 
f 1998//2574 2565//2575 2566//2576 
f 2566//2576 1997//2577 1998//2574 
f 1997//2577 2567//2578 2568//2579 
f 2568//2579 1996//2580 1997//2577 
f 1996//2580 2569//2581 2570//2582 
f 2570//2582 1995//2583 1996//2580 
f 1995//2583 2571//2584 2572//2585 
f 2572//2585 1994//2586 1995//2583 
f 1994//2586 2573//2587 2574//2588 
f 2574//2588 1993//2589 1994//2586 
f 1993//2589 2575//2590 2576//2591 
f 2576//2591 1992//2592 1993//2589 
f 1992//2592 2577//2593 2578//2594 
f 1991//2595 2578//2594 2579//2596 
f 2579//2596 1990//2597 1991//2595 
f 1989//2598 1990//2597 2580//2599 
f 1990//2597 2581//2600 2580//2599 
f 1988//2601 1989//2598 2582//2602 
f 1989//2598 2583//2603 2582//2602 
f 1987//2604 1988//2601 2584//2605 
f 1988//2601 2585//2606 2584//2605 
f 1986//2607 1987//2604 2586//2608 
f 1987//2604 2587//2609 2586//2608 
f 1985//2610 1986//2607 2588//2611 
f 1986//2607 2589//2612 2588//2611 
f 1985//2610 2590//2613 2591//2614 
f 2591//2614 1984//2615 1985//2610 
f 1984//2615 2592//2616 2593//2617 
f 2593//2617 1983//2618 1984//2615 
f 1983//2618 2594//2619 2595//2620 
f 2595//2620 1982//2621 1983//2618 
f 1982//2621 2596//2622 2597//2623 
f 2597//2623 1981//2624 1982//2621 
f 1981//2624 2598//2625 2599//2626 
f 2599//2626 1980//2627 1981//2624 
f 1980//2627 2600//2628 2601//2629 
f 2601//2629 1979//2630 1980//2627 
f 1979//2630 2602//2631 2603//2632 
f 2603//2632 1978//2633 1979//2630 
f 1978//2633 2604//2634 2605//2635 
f 1977//2636 2605//2635 2606//2637 
f 2606//2637 1976//2638 1977//2636 
f 1976//2638 2607//2639 2608//2640 
f 2608//2640 1975//2641 1976//2638 
f 1974//2642 1975//2641 2609//2643 
f 1975//2641 2610//2644 2609//2643 
f 1973//2645 1974//2642 2611//2646 
f 1974//2642 2612//2647 2611//2646 
f 1972//2648 1973//2645 2613//2649 
f 1973//2645 2614//2650 2613//2649 
f 1971//2651 1972//2648 2615//2652 
f 1972//2648 2616//2653 2615//2652 
f 1970//2654 1971//2651 2617//2655 
f 1971//2651 2618//2656 2617//2655 
f 1970//2654 2619//2657 2620//2658 
f 2620//2658 1969//2659 1970//2654 
f 1969//2659 2621//2660 2622//2661 
f 2622//2661 1968//2662 1969//2659 
f 1968//2662 2623//2663 2624//2664 
f 2624//2664 1967//2665 1968//2662 
f 1967//2665 2625//2666 2626//2667 
f 2626//2667 1966//2668 1967//2665 
f 1966//2668 2627//2669 2628//2670 
f 2628//2670 1965//2671 1966//2668 
f 1965//2671 2629//2672 2630//2673 
f 2630//2673 1964//2674 1965//2671 
f 1964//2674 2631//2675 2632//2676 
f 2632//2676 1963//2677 1964//2674 
f 1963//2677 2633//2678 2634//2679 
f 1962//2680 2634//2679 2635//2681 
f 2635//2681 1961//2682 1962//2680 
f 1960//2683 1961//2682 2636//2684 
f 1961//2682 2637//2685 2636//2684 
f 1959//2686 1960//2683 2638//2687 
f 1960//2683 2639//2688 2638//2687 
f 1958//2689 1959//2686 2640//2690 
f 1959//2686 2641//2691 2640//2690 
f 1957//2692 1958//2689 2642//2693 
f 1958//2689 2643//2694 2642//2693 
f 1956//2695 1957//2692 2644//2696 
f 1957//2692 2645//2697 2644//2696 
f 1955//2698 1956//2695 2646//2699 
f 1956//2695 2647//2700 2646//2699 
f 1955//2698 2648//2701 2649//2702 
f 2649//2702 1954//2703 1955//2698 
f 1954//2703 2650//2704 2651//2705 
f 2651//2705 1953//2706 1954//2703 
f 1953//2706 2652//2707 2653//2708 
f 2653//2708 1952//2709 1953//2706 
f 1952//2709 2654//2710 2655//2711 
f 2655//2711 1951//2712 1952//2709 
f 1951//2712 2656//2713 2657//2714 
f 2657//2714 1950//2715 1951//2712 
f 1950//2715 2658//2716 2659//2717 
f 2659//2717 1949//2718 1950//2715 
f 1949//2718 2660//2719 2661//2720 
f 2661//2720 1948//2721 1949//2718 
f 1948//2721 2662//2722 2663//2723 
f 1947//2724 2663//2723 2664//2725 
f 2664//2725 1946//2726 1947//2724 
f 1945//2727 1946//2726 2665//2728 
f 1946//2726 2666//2729 2665//2728 
f 1944//2730 1945//2727 2667//2731 
f 1945//2727 2668//2732 2667//2731 
f 1943//2733 1944//2730 2669//2734 
f 1944//2730 2670//2735 2669//2734 
f 1942//2736 1943//2733 2671//2737 
f 1943//2733 2672//2738 2671//2737 
f 1941//2739 1942//2736 2673//2740 
f 1942//2736 2674//2741 2673//2740 
f 1940//2742 1941//2739 2675//2743 
f 1941//2739 2676//2744 2675//2743 
f 1940//2742 2677//2745 2678//2746 
f 2678//2746 1939//2747 1940//2742 
f 1939//2747 2679//2748 2680//2749 
f 2680//2749 1938//2750 1939//2747 
f 1938//2750 2681//2751 2682//2752 
f 2682//2752 1937//2753 1938//2750 
f 1937//2753 2683//2754 2684//2755 
f 2684//2755 1936//2756 1937//2753 
f 1936//2756 2685//2757 2686//2758 
f 2686//2758 1935//2759 1936//2756 
f 1935//2759 2687//2760 2688//2761 
f 2688//2761 1934//2762 1935//2759 
f 1934//2762 2689//2763 2690//2764 
f 2690//2764 1933//2765 1934//2762 
f 1933//2765 2691//2766 2692//2767 
f 1932//2768 2692//2767 2693//2769 
f 2693//2769 1931//2770 1932//2768 
f 1930//2771 1931//2770 2694//2772 
f 1931//2770 2695//2773 2694//2772 
f 1929//2774 1930//2771 2696//2775 
f 1930//2771 2697//2776 2696//2775 
f 1928//2777 1929//2774 2698//2778 
f 1929//2774 2699//2779 2698//2778 
f 1927//2780 1928//2777 2700//2781 
f 1928//2777 2701//2782 2700//2781 
f 1926//2783 1927//2780 2702//2784 
f 1927//2780 2703//2785 2702//2784 
f 1925//2786 1926//2783 2704//2787 
f 1926//2783 2705//2788 2704//2787 
f 1925//2786 2706//2789 2707//2790 
f 2707//2790 1924//2791 1925//2786 
f 1924//2791 2708//2792 2709//2793 
f 2709//2793 1923//2794 1924//2791 
f 1923//2794 2710//2795 2711//2796 
f 2711//2796 1922//2797 1923//2794 
f 1922//2797 2712//2798 2713//2799 
f 2713//2799 1921//2800 1922//2797 
f 1921//2800 2714//2801 2715//2802 
f 2715//2802 1920//2803 1921//2800 
f 1920//2803 2716//2804 2717//2805 
f 2717//2805 1919//2806 1920//2803 
f 1919//2806 2718//2807 2719//2808 
f 2719//2808 1918//2809 1919//2806 
f 1918//2809 2720//2810 2721//2811 
f 1917//2812 2721//2811 2722//2813 
f 2722//2813 1916//2814 1917//2812 
f 1915//2815 1916//2814 2723//2816 
f 1916//2814 2724//2817 2723//2816 
f 1914//2818 1915//2815 2725//2819 
f 1915//2815 2726//2820 2725//2819 
f 1913//2821 1914//2818 2727//2822 
f 1914//2818 2728//2823 2727//2822 
f 1912//2824 1913//2821 2729//2825 
f 1913//2821 2730//2826 2729//2825 
f 1911//2827 1912//2824 2731//2828 
f 1912//2824 2732//2829 2731//2828 
f 1910//2830 1911//2827 2733//2831 
f 1911//2827 2734//2832 2733//2831 
f 1910//2830 2735//2833 2736//2834 
f 2736//2834 1909//2835 1910//2830 
f 1909//2835 2737//2836 2738//2837 
f 2738//2837 1908//2838 1909//2835 
f 1908//2838 2739//2839 2740//2840 
f 2740//2840 1907//2841 1908//2838 
f 1907//2841 2741//2842 2742//2843 
f 2742//2843 1906//2844 1907//2841 
f 1906//2844 2743//2845 2744//2846 
f 2744//2846 1905//2847 1906//2844 
f 1905//2847 2745//2848 2746//2849 
f 2746//2849 1904//2850 1905//2847 
f 1904//2850 2747//2851 2748//2852 
f 1903//2852 2748//2852 2749//2853 
f 2332//2854 2749//2853 2750//2855 
f 2750//2855 2331//2856 2332//2854 
f 2330//2857 2331//2856 2751//2858 
f 2331//2856 2752//2859 2751//2858 
f 2329//2860 2330//2857 2753//2861 
f 2330//2857 2754//2862 2753//2861 
f 2328//2863 2329//2860 2755//2864 
f 2329//2860 2756//2865 2755//2864 
f 2327//2866 2328//2863 2757//2867 
f 2328//2863 2758//2868 2757//2867 
f 2326//2869 2327//2866 2759//2870 
f 2327//2866 2760//2871 2759//2870 
f 2326//2869 2761//2872 2762//2873 
f 2762//2873 2325//2874 2326//2869 
f 2325//2874 2763//2875 2764//2876 
f 2764//2876 2324//2877 2325//2874 
f 2324//2877 2765//2878 2766//2879 
f 2766//2879 2323//2880 2324//2877 
f 2323//2880 2767//2881 2768//2882 
f 2768//2882 2322//2883 2323//2880 
f 2322//2883 2769//2884 2770//2885 
f 2770//2885 2321//2886 2322//2883 
f 2321//2886 2771//2887 2772//2888 
f 2772//2888 2320//2889 2321//2886 
f 2320//2889 2773//2890 2774//2891 
f 2774//2891 2319//2892 2320//2889 
f 2319//2892 2775//2893 2776//2894 
f 2318//2895 2776//2894 2777//2896 
f 2777//2896 2317//2897 2318//2895 
f 2317//2897 2778//2898 2779//2899 
f 2779//2899 2316//2900 2317//2897 
f 2315//2901 2316//2900 2780//2902 
f 2316//2900 2781//2903 2780//2902 
f 2314//2904 2315//2901 2782//2905 
f 2315//2901 2783//2906 2782//2905 
f 2313//2907 2314//2904 2784//2908 
f 2314//2904 2785//2909 2784//2908 
f 2312//2910 2313//2907 2786//2911 
f 2313//2907 2787//2912 2786//2911 
f 2311//2913 2312//2910 2788//2914 
f 2312//2910 2789//2915 2788//2914 
f 2311//2913 2790//2916 2791//2917 
f 2791//2917 2310//2918 2311//2913 
f 2310//2918 2792//2919 2793//2920 
f 2793//2920 2309//2921 2310//2918 
f 2309//2921 2794//2922 2795//2923 
f 2795//2923 2308//2924 2309//2921 
f 2308//2924 2796//2925 2797//2926 
f 2797//2926 2307//2927 2308//2924 
f 2307//2927 2798//2928 2799//2929 
f 2799//2929 2306//2930 2307//2927 
f 2306//2930 2800//2931 2801//2932 
f 2801//2932 2305//2933 2306//2930 
f 2305//2933 2802//2934 2803//2935 
f 2803//2935 2304//2936 2305//2933 
f 2304//2936 2804//2937 2805//2938 
f 2303//2939 2805//2938 2806//2940 
f 2806//2940 2302//2941 2303//2939 
f 2301//2942 2302//2941 2807//2943 
f 2302//2941 2808//2944 2807//2943 
f 2300//2945 2301//2942 2809//2946 
f 2301//2942 2810//2947 2809//2946 
f 2299//2948 2300//2945 2811//2949 
f 2300//2945 2812//2950 2811//2949 
f 2298//2951 2299//2948 2813//2952 
f 2299//2948 2814//2953 2813//2952 
f 2297//2954 2298//2951 2815//2955 
f 2298//2951 2816//2956 2815//2955 
f 2296//2957 2297//2954 2817//2958 
f 2297//2954 2818//2959 2817//2958 
f 2296//2957 2819//2960 2820//2961 
f 2820//2961 2295//2962 2296//2957 
f 2295//2962 2821//2963 2822//2964 
f 2822//2964 2294//2965 2295//2962 
f 2294//2965 2823//2966 2824//2967 
f 2824//2967 2293//2968 2294//2965 
f 2293//2968 2825//2969 2826//2970 
f 2826//2970 2292//2971 2293//2968 
f 2292//2971 2827//2972 2828//2973 
f 2828//2973 2291//2974 2292//2971 
f 2291//2974 2829//2975 2830//2976 
f 2830//2976 2290//2977 2291//2974 
f 2290//2977 2831//2978 2832//2979 
f 2832//2979 2289//2980 2290//2977 
f 2289//2980 2833//2981 2834//2982 
f 2288//2983 2834//2982 2835//2984 
f 2835//2984 2287//2985 2288//2983 
f 2286//2986 2287//2985 2836//2987 
f 2287//2985 2837//2988 2836//2987 
f 2285//2989 2286//2986 2838//2990 
f 2286//2986 2839//2991 2838//2990 
f 2284//2992 2285//2989 2840//2993 
f 2285//2989 2841//2994 2840//2993 
f 2283//2995 2284//2992 2842//2996 
f 2284//2992 2843//2997 2842//2996 
f 2282//2998 2283//2995 2844//2999 
f 2283//2995 2845//3000 2844//2999 
f 2281//3001 2282//2998 2846//3002 
f 2282//2998 2847//3003 2846//3002 
f 2281//3001 2848//3004 2849//3005 
f 2849//3005 2280//3006 2281//3001 
f 2280//3006 2850//3007 2851//3008 
f 2851//3008 2279//3009 2280//3006 
f 2279//3009 2852//3010 2853//3011 
f 2853//3011 2278//3012 2279//3009 
f 2278//3012 2854//3013 2855//3014 
f 2855//3014 2277//3015 2278//3012 
f 2277//3015 2856//3016 2857//3017 
f 2857//3017 2276//3018 2277//3015 
f 2276//3018 2858//3019 2859//3020 
f 2859//3020 2275//3021 2276//3018 
f 2275//3021 2860//3022 2861//3023 
f 2861//3023 2274//3024 2275//3021 
f 2274//3024 2862//3025 2863//3026 
f 2273//3027 2863//3026 2864//3028 
f 2864//3028 2272//3029 2273//3027 
f 2271//3030 2272//3029 2865//3031 
f 2272//3029 2866//3032 2865//3031 
f 2270//3033 2271//3030 2867//3034 
f 2271//3030 2868//3035 2867//3034 
f 2269//3036 2270//3033 2869//3037 
f 2270//3033 2870//3038 2869//3037 
f 2268//3039 2269//3036 2871//3040 
f 2269//3036 2872//3041 2871//3040 
f 2267//3042 2268//3039 2873//3043 
f 2268//3039 2874//3044 2873//3043 
f 2266//3045 2267//3042 2875//3046 
f 2267//3042 2876//3047 2875//3046 
f 2266//3045 2877//3048 2878//3049 
f 2878//3049 2265//3050 2266//3045 
f 2265//3050 2879//3051 2880//3052 
f 2880//3052 2264//3053 2265//3050 
f 2264//3053 2881//3054 2882//3055 
f 2882//3055 2263//3056 2264//3053 
f 2263//3056 2883//3057 2884//3058 
f 2884//3058 2262//3059 2263//3056 
f 2262//3059 2885//3060 2886//3061 
f 2886//3061 2261//3062 2262//3059 
f 2261//3062 2887//3063 2888//3064 
f 2888//3064 2260//3065 2261//3062 
f 2260//3065 2889//3066 2890//3067 
f 2890//3067 2259//3068 2260//3065 
f 2259//3068 2891//3069 2892//3070 
f 2258//3071 2892//3070 2893//3072 
f 2893//3072 2257//3073 2258//3071 
f 2256//3074 2257//3073 2894//3075 
f 2257//3073 2895//3076 2894//3075 
f 2255//3077 2256//3074 2896//3078 
f 2256//3074 2897//3079 2896//3078 
f 2254//3080 2255//3077 2898//3081 
f 2255//3077 2899//3082 2898//3081 
f 2253//3083 2254//3080 2900//3084 
f 2254//3080 2901//3085 2900//3084 
f 2252//3086 2253//3083 2902//3087 
f 2253//3083 2903//3088 2902//3087 
f 2251//3089 2252//3086 2904//3090 
f 2252//3086 2905//3091 2904//3090 
f 2251//3089 2906//3092 2907//3093 
f 2907//3093 2250//3094 2251//3089 
f 2250//3094 2908//3095 2909//3096 
f 2909//3096 2249//3097 2250//3094 
f 2249//3097 2910//3098 2911//3099 
f 2911//3099 2248//3100 2249//3097 
f 2248//3100 2912//3101 2913//3102 
f 2913//3102 2247//3103 2248//3100 
f 2247//3103 2914//3104 2915//3105 
f 2915//3105 2246//3106 2247//3103 
f 2246//3106 2916//3107 2917//3108 
f 2917//3108 2245//3109 2246//3106 
f 2245//3109 2918//3110 2919//3111 
f 2244//3112 2919//3111 2920//3113 
f 2920//3113 2243//3114 2244//3112 
f 2243//3114 2921//3115 2922//3116 
f 2922//3116 2242//3117 2243//3114 
f 2241//3118 2242//3117 2923//3119 
f 2242//3117 2924//3120 2923//3119 
f 2240//3121 2241//3118 2925//3122 
f 2241//3118 2926//3123 2925//3122 
f 2239//3124 2240//3121 2927//3125 
f 2240//3121 2928//3126 2927//3125 
f 2238//3127 2239//3124 2929//3128 
f 2239//3124 2930//3129 2929//3128 
f 2237//3130 2238//3127 2931//3131 
f 2238//3127 2932//3132 2931//3131 
f 2237//3130 2933//3133 2934//3134 
f 2934//3134 2236//3135 2237//3130 
f 2236//3135 2935//3136 2936//3137 
f 2936//3137 2235//3138 2236//3135 
f 2235//3138 2937//3139 2938//3140 
f 2938//3140 2234//3141 2235//3138 
f 2234//3141 2939//3142 2940//3143 
f 2940//3143 2233//3144 2234//3141 
f 2233//3144 2941//3145 2942//3146 
f 2942//3146 2232//3147 2233//3144 
f 2232//3147 2943//3148 2944//3149 
f 2944//3149 2231//3150 2232//3147 
f 2231//3150 2945//3151 2946//3152 
f 2946//3152 2230//3153 2231//3150 
f 2230//3153 2947//3154 2948//3155 
f 2229//3156 2948//3155 2949//3157 
f 2949//3157 2228//3158 2229//3156 
f 2228//3158 2950//3159 2951//3160 
f 2951//3160 2227//3161 2228//3158 
f 2226//3162 2227//3161 2952//3163 
f 2227//3161 2953//3164 2952//3163 
f 2225//3165 2226//3162 2954//3166 
f 2226//3162 2955//3167 2954//3166 
f 2224//3168 2225//3165 2956//3169 
f 2225//3165 2957//3170 2956//3169 
f 2223//3171 2224//3168 2958//3172 
f 2224//3168 2959//3173 2958//3172 
f 2222//3174 2223//3171 2960//3175 
f 2223//3171 2961//3176 2960//3175 
f 2222//3174 2962//3177 2963//3178 
f 2963//3178 2221//3179 2222//3174 
f 2221//3179 2964//3180 2965//3181 
f 2965//3181 2220//3182 2221//3179 
f 2220//3182 2966//3183 2967//3184 
f 2967//3184 2219//3185 2220//3182 
f 2219//3185 2968//3186 2969//3187 
f 2969//3187 2218//3188 2219//3185 
f 2218//3188 2970//3189 2971//3190 
f 2971//3190 2217//3191 2218//3188 
f 2217//3191 2972//3192 2973//3193 
f 2973//3193 2216//3194 2217//3191 
f 2216//3194 2974//3195 2975//3196 
f 2975//3196 2215//3197 2216//3194 
f 2215//3197 2976//3198 2977//3199 
f 2214//3200 2977//3199 2978//3201 
f 2978//3201 2213//3202 2214//3200 
f 2212//3203 2213//3202 2979//3204 
f 2213//3202 2980//3205 2979//3204 
f 2211//3206 2212//3203 2981//3207 
f 2212//3203 2982//3208 2981//3207 
f 2210//3209 2211//3206 2983//3210 
f 2211//3206 2984//3211 2983//3210 
f 2209//3212 2210//3209 2985//3213 
f 2210//3209 2986//3214 2985//3213 
f 2208//3215 2209//3212 2987//3216 
f 2209//3212 2988//3217 2987//3216 
f 2207//3218 2208//3215 2989//3219 
f 2208//3215 2990//3220 2989//3219 
f 2207//3218 2991//3221 2992//3222 
f 2992//3222 2206//3223 2207//3218 
f 2206//3223 2993//3224 2994//3225 
f 2994//3225 2205//3226 2206//3223 
f 2205//3226 2995//3227 2996//3228 
f 2996//3228 2204//3229 2205//3226 
f 2204//3229 2997//3230 2998//3231 
f 2998//3231 2203//3232 2204//3229 
f 2203//3232 2999//3233 3000//3234 
f 3000//3234 2202//3235 2203//3232 
f 2202//3235 3001//3236 3002//3237 
f 3002//3237 2201//3238 2202//3235 
f 2201//3238 3003//3239 3004//3240 
f 3004//3240 2200//3241 2201//3238 
f 2200//3241 3005//3242 3006//3243 
f 2199//3244 3006//3243 3007//3245 
f 3007//3245 2198//3246 2199//3244 
f 2197//3247 2198//3246 3008//3248 
f 2198//3246 3009//3249 3008//3248 
f 2196//3250 2197//3247 3010//3251 
f 2197//3247 3011//3252 3010//3251 
f 2195//3253 2196//3250 3012//3254 
f 2196//3250 3013//3255 3012//3254 
f 2194//3256 2195//3253 3014//3257 
f 2195//3253 3015//3258 3014//3257 
f 2193//3259 2194//3256 3016//3260 
f 2194//3256 3017//3261 3016//3260 
f 2192//3262 2193//3259 3018//3263 
f 2193//3259 3019//3264 3018//3263 
f 2192//3262 3020//3265 3021//3266 
f 3021//3266 2191//3267 2192//3262 
f 2191//3267 3022//3268 3023//3269 
f 3023//3269 2190//3270 2191//3267 
f 2190//3270 3024//3271 3025//3272 
f 3025//3272 2189//3273 2190//3270 
f 2189//3273 3026//3274 3027//3275 
f 3027//3275 2188//3276 2189//3273 
f 2188//3276 3028//3277 3029//3278 
f 3029//3278 2187//3279 2188//3276 
f 2187//3279 3030//3280 3031//3281 
f 3031//3281 2186//3282 2187//3279 
f 2186//3282 3032//3283 3033//3284 
f 3033//3284 2185//3285 2186//3282 
f 2185//3285 3034//3286 3035//3287 
f 2184//3288 3035//3287 3036//3289 
f 3036//3289 2183//3290 2184//3288 
f 2182//3291 2183//3290 3037//3292 
f 2183//3290 3038//3293 3037//3292 
f 2181//3294 2182//3291 3039//3295 
f 2182//3291 3040//3296 3039//3295 
f 2180//3297 2181//3294 3041//3298 
f 2181//3294 3042//3299 3041//3298 
f 2179//3300 2180//3297 3043//3301 
f 2180//3297 3044//3302 3043//3301 
f 2178//3303 2179//3300 3045//3304 
f 2179//3300 3046//3305 3045//3304 
f 2177//3306 2178//3303 3047//3307 
f 2178//3303 3048//3308 3047//3307 
f 2177//3306 3049//3309 3050//3310 
f 3050//3310 2176//3311 2177//3306 
f 2176//3311 3051//3312 3052//3313 
f 3052//3313 2175//3314 2176//3311 
f 2175//3314 3053//3315 3054//3316 
f 3054//3316 2174//3317 2175//3314 
f 2174//3317 3055//3318 3056//3319 
f 3056//3319 2173//3320 2174//3317 
f 2173//3320 3057//3321 3058//3322 
f 3058//3322 2172//3323 2173//3320 
f 2172//3323 3059//3324 3060//3325 
f 3060//3325 2171//3326 2172//3323 
f 2171//3326 3061//3327 3062//3328 
f 3062//3328 2170//3329 2171//3326 
f 2170//3329 3063//3330 3064//3331 
f 2169//3332 3064//3331 3065//3333 
f 3065//3333 2168//3334 2169//3332 
f 2167//3335 2168//3334 3066//3336 
f 2168//3334 3067//3337 3066//3336 
f 2166//3338 2167//3335 3068//3339 
f 2167//3335 3069//3340 3068//3339 
f 2165//3341 2166//3338 3070//3342 
f 2166//3338 3071//3343 3070//3342 
f 2164//3344 2165//3341 3072//3345 
f 2165//3341 3073//3346 3072//3345 
f 2163//3347 2164//3344 3074//3348 
f 2164//3344 3075//3349 3074//3348 
f 2162//3350 2163//3347 3076//3351 
f 2163//3347 3077//3352 3076//3351 
f 2162//3350 3078//3353 3079//3354 
f 3079//3354 2161//3355 2162//3350 
f 2161//3355 3080//3356 3081//3357 
f 3081//3357 2160//3358 2161//3355 
f 2160//3358 3082//3359 3083//3360 
f 3083//3360 2159//3361 2160//3358 
f 2159//3361 3084//3362 3085//3363 
f 3085//3363 2158//3364 2159//3361 
f 2158//3364 3086//3365 3087//3366 
f 3087//3366 2157//3367 2158//3364 
f 2157//3367 3088//3368 3089//3369 
f 3089//3369 2156//3370 2157//3367 
f 2156//3370 3090//3371 3091//3372 
f 2155//3373 3091//3372 3092//3374 
f 3092//3374 2154//3375 2155//3373 
f 2154//3375 3093//3376 3094//3377 
f 3094//3377 2153//3378 2154//3375 
f 2152//3379 2153//3378 3095//3380 
f 2153//3378 3096//3381 3095//3380 
f 2151//3382 2152//3379 3097//3383 
f 2152//3379 3098//3384 3097//3383 
f 2150//3385 2151//3382 3099//3386 
f 2151//3382 3100//3387 3099//3386 
f 2149//3388 2150//3385 3101//3389 
f 2150//3385 3102//3390 3101//3389 
f 2148//3391 2149//3388 3103//3392 
f 2149//3388 3104//3393 3103//3392 
f 2148//3391 3105//3394 3106//3395 
f 3106//3395 2147//3396 2148//3391 
f 2147//3396 3107//3397 3108//3398 
f 3108//3398 2146//3399 2147//3396 
f 2146//3399 3109//3400 3110//3401 
f 3110//3401 2145//3402 2146//3399 
f 2145//3402 3111//3403 3112//3404 
f 3112//3404 2144//3405 2145//3402 
f 2144//3405 3113//3406 3114//3407 
f 3114//3407 2143//3408 2144//3405 
f 2143//3408 3115//3409 3116//3410 
f 3116//3410 2142//3411 2143//3408 
f 2142//3411 3117//3412 3118//3413 
f 3118//3413 2141//3414 2142//3411 
f 2141//3414 3119//3415 3120//3416 
f 2140//3417 3120//3416 3121//3418 
f 3121//3418 2139//3419 2140//3417 
f 2138//3420 2139//3419 3122//3421 
f 2139//3419 3123//3422 3122//3421 
f 2137//3423 2138//3420 3124//3424 
f 2138//3420 3125//3425 3124//3424 
f 2136//3426 2137//3423 3126//3427 
f 2137//3423 3127//3428 3126//3427 
f 2135//3429 2136//3426 3128//3430 
f 2136//3426 3129//3431 3128//3430 
f 2134//3432 2135//3429 3130//3433 
f 2135//3429 3131//3434 3130//3433 
f 2133//3435 2134//3432 3132//3436 
f 2134//3432 3133//3437 3132//3436 
f 2133//3435 3134//3438 3135//3439 
f 3135//3439 2132//3440 2133//3435 
f 2132//3440 3136//3441 3137//3442 
f 3137//3442 2131//3443 2132//3440 
f 2131//3443 3138//3444 3139//3445 
f 3139//3445 2130//3446 2131//3443 
f 2130//3446 3140//3447 3141//3448 
f 3141//3448 2129//3449 2130//3446 
f 2129//3449 3142//3450 3143//3451 
f 3143//3451 2128//3452 2129//3449 
f 2128//3452 3144//3453 3145//3454 
f 3145//3454 2127//3455 2128//3452 
f 2127//3455 3146//3456 3147//3457 
f 3147//3457 2126//3458 2127//3455 
f 2126//3458 3148//3459 3149//3460 
f 2125//3461 3149//3460 3150//3462 
f 3150//3462 2124//3463 2125//3461 
f 2123//3464 2124//3463 3151//3465 
f 2124//3463 3152//3466 3151//3465 
f 2122//3467 2123//3464 3153//3468 
f 2123//3464 3154//3469 3153//3468 
f 2121//3470 2122//3467 3155//3471 
f 2122//3467 3156//3472 3155//3471 
f 2120//3473 2121//3470 3157//3474 
f 2121//3470 3158//3475 3157//3474 
f 2119//3476 2120//3473 3159//3477 
f 2120//3473 3160//3478 3159//3477 
f 2118//2223 2119//3476 3161//3479 
f 2119//3476 3162//3480 3161//3479 
f 3161//3479 2333//2223 2118//2223 
f 3159//3477 3162//3480 2119//3476 
f 3157//3474 3160//3478 2120//3473 
f 3155//3471 3158//3475 2121//3470 
f 3153//3468 3156//3472 2122//3467 
f 3151//3465 3154//3469 2123//3464 
f 3150//3462 3152//3466 2124//3463 
f 3149//3460 2125//3461 2126//3458 
f 3147//3457 3148//3459 2126//3458 
f 3145//3454 3146//3456 2127//3455 
f 3143//3451 3144//3453 2128//3452 
f 3141//3448 3142//3450 2129//3449 
f 3139//3445 3140//3447 2130//3446 
f 3137//3442 3138//3444 2131//3443 
f 3135//3439 3136//3441 2132//3440 
f 3132//3436 3134//3438 2133//3435 
f 3130//3433 3133//3437 2134//3432 
f 3128//3430 3131//3434 2135//3429 
f 3126//3427 3129//3431 2136//3426 
f 3124//3424 3127//3428 2137//3423 
f 3122//3421 3125//3425 2138//3420 
f 3121//3418 3123//3422 2139//3419 
f 3120//3416 2140//3417 2141//3414 
f 3118//3413 3119//3415 2141//3414 
f 3116//3410 3117//3412 2142//3411 
f 3114//3407 3115//3409 2143//3408 
f 3112//3404 3113//3406 2144//3405 
f 3110//3401 3111//3403 2145//3402 
f 3108//3398 3109//3400 2146//3399 
f 3106//3395 3107//3397 2147//3396 
f 3103//3392 3105//3394 2148//3391 
f 3101//3389 3104//3393 2149//3388 
f 3099//3386 3102//3390 2150//3385 
f 3097//3383 3100//3387 2151//3382 
f 3095//3380 3098//3384 2152//3379 
f 3094//3377 3096//3381 2153//3378 
f 3092//3374 3093//3376 2154//3375 
f 3091//3372 2155//3373 2156//3370 
f 3089//3369 3090//3371 2156//3370 
f 3087//3366 3088//3368 2157//3367 
f 3085//3363 3086//3365 2158//3364 
f 3083//3360 3084//3362 2159//3361 
f 3081//3357 3082//3359 2160//3358 
f 3079//3354 3080//3356 2161//3355 
f 3076//3351 3078//3353 2162//3350 
f 3074//3348 3077//3352 2163//3347 
f 3072//3345 3075//3349 2164//3344 
f 3070//3342 3073//3346 2165//3341 
f 3068//3339 3071//3343 2166//3338 
f 3066//3336 3069//3340 2167//3335 
f 3065//3333 3067//3337 2168//3334 
f 3064//3331 2169//3332 2170//3329 
f 3062//3328 3063//3330 2170//3329 
f 3060//3325 3061//3327 2171//3326 
f 3058//3322 3059//3324 2172//3323 
f 3056//3319 3057//3321 2173//3320 
f 3054//3316 3055//3318 2174//3317 
f 3052//3313 3053//3315 2175//3314 
f 3050//3310 3051//3312 2176//3311 
f 3047//3307 3049//3309 2177//3306 
f 3045//3304 3048//3308 2178//3303 
f 3043//3301 3046//3305 2179//3300 
f 3041//3298 3044//3302 2180//3297 
f 3039//3295 3042//3299 2181//3294 
f 3037//3292 3040//3296 2182//3291 
f 3036//3289 3038//3293 2183//3290 
f 3035//3287 2184//3288 2185//3285 
f 3033//3284 3034//3286 2185//3285 
f 3031//3281 3032//3283 2186//3282 
f 3029//3278 3030//3280 2187//3279 
f 3027//3275 3028//3277 2188//3276 
f 3025//3272 3026//3274 2189//3273 
f 3023//3269 3024//3271 2190//3270 
f 3021//3266 3022//3268 2191//3267 
f 3018//3263 3020//3265 2192//3262 
f 3016//3260 3019//3264 2193//3259 
f 3014//3257 3017//3261 2194//3256 
f 3012//3254 3015//3258 2195//3253 
f 3010//3251 3013//3255 2196//3250 
f 3008//3248 3011//3252 2197//3247 
f 3007//3245 3009//3249 2198//3246 
f 3006//3243 2199//3244 2200//3241 
f 3004//3240 3005//3242 2200//3241 
f 3002//3237 3003//3239 2201//3238 
f 3000//3234 3001//3236 2202//3235 
f 2998//3231 2999//3233 2203//3232 
f 2996//3228 2997//3230 2204//3229 
f 2994//3225 2995//3227 2205//3226 
f 2992//3222 2993//3224 2206//3223 
f 2989//3219 2991//3221 2207//3218 
f 2987//3216 2990//3220 2208//3215 
f 2985//3213 2988//3217 2209//3212 
f 2983//3210 2986//3214 2210//3209 
f 2981//3207 2984//3211 2211//3206 
f 2979//3204 2982//3208 2212//3203 
f 2978//3201 2980//3205 2213//3202 
f 2977//3199 2214//3200 2215//3197 
f 2975//3196 2976//3198 2215//3197 
f 2973//3193 2974//3195 2216//3194 
f 2971//3190 2972//3192 2217//3191 
f 2969//3187 2970//3189 2218//3188 
f 2967//3184 2968//3186 2219//3185 
f 2965//3181 2966//3183 2220//3182 
f 2963//3178 2964//3180 2221//3179 
f 2960//3175 2962//3177 2222//3174 
f 2958//3172 2961//3176 2223//3171 
f 2956//3169 2959//3173 2224//3168 
f 2954//3166 2957//3170 2225//3165 
f 2952//3163 2955//3167 2226//3162 
f 2951//3160 2953//3164 2227//3161 
f 2949//3157 2950//3159 2228//3158 
f 2948//3155 2229//3156 2230//3153 
f 2946//3152 2947//3154 2230//3153 
f 2944//3149 2945//3151 2231//3150 
f 2942//3146 2943//3148 2232//3147 
f 2940//3143 2941//3145 2233//3144 
f 2938//3140 2939//3142 2234//3141 
f 2936//3137 2937//3139 2235//3138 
f 2934//3134 2935//3136 2236//3135 
f 2931//3131 2933//3133 2237//3130 
f 2929//3128 2932//3132 2238//3127 
f 2927//3125 2930//3129 2239//3124 
f 2925//3122 2928//3126 2240//3121 
f 2923//3119 2926//3123 2241//3118 
f 2922//3116 2924//3120 2242//3117 
f 2920//3113 2921//3115 2243//3114 
f 2919//3111 2244//3112 2245//3109 
f 2917//3108 2918//3110 2245//3109 
f 2915//3105 2916//3107 2246//3106 
f 2913//3102 2914//3104 2247//3103 
f 2911//3099 2912//3101 2248//3100 
f 2909//3096 2910//3098 2249//3097 
f 2907//3093 2908//3095 2250//3094 
f 2904//3090 2906//3092 2251//3089 
f 2902//3087 2905//3091 2252//3086 
f 2900//3084 2903//3088 2253//3083 
f 2898//3081 2901//3085 2254//3080 
f 2896//3078 2899//3082 2255//3077 
f 2894//3075 2897//3079 2256//3074 
f 2893//3072 2895//3076 2257//3073 
f 2892//3070 2258//3071 2259//3068 
f 2890//3067 2891//3069 2259//3068 
f 2888//3064 2889//3066 2260//3065 
f 2886//3061 2887//3063 2261//3062 
f 2884//3058 2885//3060 2262//3059 
f 2882//3055 2883//3057 2263//3056 
f 2880//3052 2881//3054 2264//3053 
f 2878//3049 2879//3051 2265//3050 
f 2875//3046 2877//3048 2266//3045 
f 2873//3043 2876//3047 2267//3042 
f 2871//3040 2874//3044 2268//3039 
f 2869//3037 2872//3041 2269//3036 
f 2867//3034 2870//3038 2270//3033 
f 2865//3031 2868//3035 2271//3030 
f 2864//3028 2866//3032 2272//3029 
f 2863//3026 2273//3027 2274//3024 
f 2861//3023 2862//3025 2274//3024 
f 2859//3020 2860//3022 2275//3021 
f 2857//3017 2858//3019 2276//3018 
f 2855//3014 2856//3016 2277//3015 
f 2853//3011 2854//3013 2278//3012 
f 2851//3008 2852//3010 2279//3009 
f 2849//3005 2850//3007 2280//3006 
f 2846//3002 2848//3004 2281//3001 
f 2844//2999 2847//3003 2282//2998 
f 2842//2996 2845//3000 2283//2995 
f 2840//2993 2843//2997 2284//2992 
f 2838//2990 2841//2994 2285//2989 
f 2836//2987 2839//2991 2286//2986 
f 2835//2984 2837//2988 2287//2985 
f 2834//2982 2288//2983 2289//2980 
f 2832//2979 2833//2981 2289//2980 
f 2830//2976 2831//2978 2290//2977 
f 2828//2973 2829//2975 2291//2974 
f 2826//2970 2827//2972 2292//2971 
f 2824//2967 2825//2969 2293//2968 
f 2822//2964 2823//2966 2294//2965 
f 2820//2961 2821//2963 2295//2962 
f 2817//2958 2819//2960 2296//2957 
f 2815//2955 2818//2959 2297//2954 
f 2813//2952 2816//2956 2298//2951 
f 2811//2949 2814//2953 2299//2948 
f 2809//2946 2812//2950 2300//2945 
f 2807//2943 2810//2947 2301//2942 
f 2806//2940 2808//2944 2302//2941 
f 2805//2938 2303//2939 2304//2936 
f 2803//2935 2804//2937 2304//2936 
f 2801//2932 2802//2934 2305//2933 
f 2799//2929 2800//2931 2306//2930 
f 2797//2926 2798//2928 2307//2927 
f 2795//2923 2796//2925 2308//2924 
f 2793//2920 2794//2922 2309//2921 
f 2791//2917 2792//2919 2310//2918 
f 2788//2914 2790//2916 2311//2913 
f 2786//2911 2789//2915 2312//2910 
f 2784//2908 2787//2912 2313//2907 
f 2782//2905 2785//2909 2314//2904 
f 2780//2902 2783//2906 2315//2901 
f 2779//2899 2781//2903 2316//2900 
f 2777//2896 2778//2898 2317//2897 
f 2776//2894 2318//2895 2319//2892 
f 2774//2891 2775//2893 2319//2892 
f 2772//2888 2773//2890 2320//2889 
f 2770//2885 2771//2887 2321//2886 
f 2768//2882 2769//2884 2322//2883 
f 2766//2879 2767//2881 2323//2880 
f 2764//2876 2765//2878 2324//2877 
f 2762//2873 2763//2875 2325//2874 
f 2759//2870 2761//2872 2326//2869 
f 2757//2867 2760//2871 2327//2866 
f 2755//2864 2758//2868 2328//2863 
f 2753//2861 2756//2865 2329//2860 
f 2751//2858 2754//2862 2330//2857 
f 2750//2855 2752//2859 2331//2856 
f 2749//2853 2332//2854 1903//2852 
f 2748//2852 1903//2852 1904//2850 
f 2746//2849 2747//2851 1904//2850 
f 2744//2846 2745//2848 1905//2847 
f 2742//2843 2743//2845 1906//2844 
f 2740//2840 2741//2842 1907//2841 
f 2738//2837 2739//2839 1908//2838 
f 2736//2834 2737//2836 1909//2835 
f 2733//2831 2735//2833 1910//2830 
f 2731//2828 2734//2832 1911//2827 
f 2729//2825 2732//2829 1912//2824 
f 2727//2822 2730//2826 1913//2821 
f 2725//2819 2728//2823 1914//2818 
f 2723//2816 2726//2820 1915//2815 
f 2722//2813 2724//2817 1916//2814 
f 2721//2811 1917//2812 1918//2809 
f 2719//2808 2720//2810 1918//2809 
f 2717//2805 2718//2807 1919//2806 
f 2715//2802 2716//2804 1920//2803 
f 2713//2799 2714//2801 1921//2800 
f 2711//2796 2712//2798 1922//2797 
f 2709//2793 2710//2795 1923//2794 
f 2707//2790 2708//2792 1924//2791 
f 2704//2787 2706//2789 1925//2786 
f 2702//2784 2705//2788 1926//2783 
f 2700//2781 2703//2785 1927//2780 
f 2698//2778 2701//2782 1928//2777 
f 2696//2775 2699//2779 1929//2774 
f 2694//2772 2697//2776 1930//2771 
f 2693//2769 2695//2773 1931//2770 
f 2692//2767 1932//2768 1933//2765 
f 2690//2764 2691//2766 1933//2765 
f 2688//2761 2689//2763 1934//2762 
f 2686//2758 2687//2760 1935//2759 
f 2684//2755 2685//2757 1936//2756 
f 2682//2752 2683//2754 1937//2753 
f 2680//2749 2681//2751 1938//2750 
f 2678//2746 2679//2748 1939//2747 
f 2675//2743 2677//2745 1940//2742 
f 2673//2740 2676//2744 1941//2739 
f 2671//2737 2674//2741 1942//2736 
f 2669//2734 2672//2738 1943//2733 
f 2667//2731 2670//2735 1944//2730 
f 2665//2728 2668//2732 1945//2727 
f 2664//2725 2666//2729 1946//2726 
f 2663//2723 1947//2724 1948//2721 
f 2661//2720 2662//2722 1948//2721 
f 2659//2717 2660//2719 1949//2718 
f 2657//2714 2658//2716 1950//2715 
f 2655//2711 2656//2713 1951//2712 
f 2653//2708 2654//2710 1952//2709 
f 2651//2705 2652//2707 1953//2706 
f 2649//2702 2650//2704 1954//2703 
f 2646//2699 2648//2701 1955//2698 
f 2644//2696 2647//2700 1956//2695 
f 2642//2693 2645//2697 1957//2692 
f 2640//2690 2643//2694 1958//2689 
f 2638//2687 2641//2691 1959//2686 
f 2636//2684 2639//2688 1960//2683 
f 2635//2681 2637//2685 1961//2682 
f 2634//2679 1962//2680 1963//2677 
f 2632//2676 2633//2678 1963//2677 
f 2630//2673 2631//2675 1964//2674 
f 2628//2670 2629//2672 1965//2671 
f 2626//2667 2627//2669 1966//2668 
f 2624//2664 2625//2666 1967//2665 
f 2622//2661 2623//2663 1968//2662 
f 2620//2658 2621//2660 1969//2659 
f 2617//2655 2619//2657 1970//2654 
f 2615//2652 2618//2656 1971//2651 
f 2613//2649 2616//2653 1972//2648 
f 2611//2646 2614//2650 1973//2645 
f 2609//2643 2612//2647 1974//2642 
f 2608//2640 2610//2644 1975//2641 
f 2606//2637 2607//2639 1976//2638 
f 2605//2635 1977//2636 1978//2633 
f 2603//2632 2604//2634 1978//2633 
f 2601//2629 2602//2631 1979//2630 
f 2599//2626 2600//2628 1980//2627 
f 2597//2623 2598//2625 1981//2624 
f 2595//2620 2596//2622 1982//2621 
f 2593//2617 2594//2619 1983//2618 
f 2591//2614 2592//2616 1984//2615 
f 2588//2611 2590//2613 1985//2610 
f 2586//2608 2589//2612 1986//2607 
f 2584//2605 2587//2609 1987//2604 
f 2582//2602 2585//2606 1988//2601 
f 2580//2599 2583//2603 1989//2598 
f 2579//2596 2581//2600 1990//2597 
f 2578//2594 1991//2595 1992//2592 
f 2576//2591 2577//2593 1992//2592 
f 2574//2588 2575//2590 1993//2589 
f 2572//2585 2573//2587 1994//2586 
f 2570//2582 2571//2584 1995//2583 
f 2568//2579 2569//2581 1996//2580 
f 2566//2576 2567//2578 1997//2577 
f 2564//2573 2565//2575 1998//2574 
f 2561//2570 2563//2572 1999//2569 
f 2559//2567 2562//2571 2000//2566 
f 2557//2564 2560//2568 2001//2563 
f 2555//2561 2558//2565 2002//2560 
f 2553//2558 2556//2562 2003//2557 
f 2551//2555 2554//2559 2004//2554 
f 2550//2552 2552//2556 2005//2553 
f 2549//2550 2006//2551 2007//2548 
f 2547//2547 2548//2549 2007//2548 
f 2545//2544 2546//2546 2008//2545 
f 2543//2541 2544//2543 2009//2542 
f 2541//2538 2542//2540 2010//2539 
f 2539//2535 2540//2537 2011//2536 
f 2537//2532 2538//2534 2012//2533 
f 2535//2529 2536//2531 2013//2530 
f 2532//2526 2534//2528 2014//2525 
f 2530//2523 2533//2527 2015//2522 
f 2528//2520 2531//2524 2016//2519 
f 2526//2517 2529//2521 2017//2516 
f 2524//2514 2527//2518 2018//2513 
f 2522//2511 2525//2515 2019//2510 
f 2521//2508 2523//2512 2020//2509 
f 2520//2506 2021//2507 2022//2504 
f 2518//2503 2519//2505 2022//2504 
f 2516//2500 2517//2502 2023//2501 
f 2514//2497 2515//2499 2024//2498 
f 2512//2494 2513//2496 2025//2495 
f 2510//2491 2511//2493 2026//2492 
f 2508//2488 2509//2490 2027//2489 
f 2506//2485 2507//2487 2028//2486 
f 2503//2482 2505//2484 2029//2481 
f 2501//2479 2504//2483 2030//2478 
f 2499//2476 2502//2480 2031//2475 
f 2497//2473 2500//2477 2032//2472 
f 2495//2470 2498//2474 2033//2469 
f 2493//2467 2496//2471 2034//2466 
f 2492//2464 2494//2468 2035//2465 
f 2491//2462 2036//2463 2037//2460 
f 2489//2459 2490//2461 2037//2460 
f 2487//2456 2488//2458 2038//2457 
f 2485//2453 2486//2455 2039//2454 
f 2483//2450 2484//2452 2040//2451 
f 2481//2447 2482//2449 2041//2448 
f 2479//2444 2480//2446 2042//2445 
f 2477//2441 2478//2443 2043//2442 
f 2474//2438 2476//2440 2044//2437 
f 2472//2435 2475//2439 2045//2434 
f 2470//2432 2473//2436 2046//2431 
f 2468//2429 2471//2433 2047//2428 
f 2466//2426 2469//2430 2048//2425 
f 2464//2423 2467//2427 2049//2422 
f 2463//2420 2465//2424 2050//2421 
f 2462//2418 2051//2419 2052//2416 
f 2460//2415 2461//2417 2052//2416 
f 2458//2412 2459//2414 2053//2413 
f 2456//2409 2457//2411 2054//2410 
f 2454//2406 2455//2408 2055//2407 
f 2452//2403 2453//2405 2056//2404 
f 2450//2400 2451//2402 2057//2401 
f 2448//2397 2449//2399 2058//2398 
f 2445//2394 2447//2396 2059//2393 
f 2443//2391 2446//2395 2060//2390 
f 2441//2388 2444//2392 2061//2387 
f 2439//2385 2442//2389 2062//2384 
f 2437//2382 2440//2386 2063//2381 
f 2436//2379 2438//2383 2064//2380 
f 2434//2376 2435//2378 2065//2377 
f 2433//2374 2066//2375 2067//2372 
f 2431//2371 2432//2373 2067//2372 
f 2429//2368 2430//2370 2068//2369 
f 2427//2365 2428//2367 2069//2366 
f 2425//2362 2426//2364 2070//2363 
f 2423//2359 2424//2361 2071//2360 
f 2421//2356 2422//2358 2072//2357 
f 2419//2353 2420//2355 2073//2354 
f 2416//2350 2418//2352 2074//2349 
f 2414//2347 2417//2351 2075//2346 
f 2412//2344 2415//2348 2076//2343 
f 2410//2341 2413//2345 2077//2340 
f 2408//2338 2411//2342 2078//2337 
f 2407//2335 2409//2339 2079//2336 
f 2406//2333 2080//2334 2081//2331 
f 2404//2330 2405//2332 2081//2331 
f 2402//2327 2403//2329 2082//2328 
f 2400//2324 2401//2326 2083//2325 
f 2398//2321 2399//2323 2084//2322 
f 2396//2318 2397//2320 2085//2319 
f 2394//2315 2395//2317 2086//2316 
f 2392//2312 2393//2314 2087//2313 
f 2389//2309 2391//2311 2088//2308 
f 2387//2306 2390//2310 2089//2305 
f 2385//2303 2388//2307 2090//2302 
f 2383//2300 2386//2304 2091//2299 
f 2381//2297 2384//2301 2092//2296 
f 2379//2294 2382//2298 2093//2293 
f 2378//2291 2380//2295 2094//2292 
f 2377//2289 2095//2290 2096//2287 
f 2375//2286 2376//2288 2096//2287 
f 2373//2283 2374//2285 2097//2284 
f 2371//2280 2372//2282 2098//2281 
f 2369//2277 2370//2279 2099//2278 
f 2367//2274 2368//2276 2100//2275 
f 2365//2271 2366//2273 2101//2272 
f 2363//2268 2364//2270 2102//2269 
f 2360//2265 2362//2267 2103//2264 
f 2358//2262 2361//2266 2104//2261 
f 2356//2259 2359//2263 2105//2258 
f 2354//2256 2357//2260 2106//2255 
f 2352//2253 2355//2257 2107//2252 
f 2350//2250 2353//2254 2108//2249 
f 2349//2247 2351//2251 2109//2248 
f 2348//2245 2110//2246 2111//2243 
f 2346//2242 2347//2244 2111//2243 
f 2344//2239 2345//2241 2112//2240 
f 2342//2236 2343//2238 2113//2237 
f 2340//2233 2341//2235 2114//2234 
f 2338//2230 2339//2232 2115//2231 
f 2336//2227 2337//2229 2116//2228 
f 2334//2224 2335//2226 2117//2225 
o mesh5
f 3163//3481 1087//3481 1086//3482 
f 1086//3482 3164//3483 3163//3481 
f 3165//3484 1083//3484 1084//3485 
f 1084//3485 3163//3481 3165//3484 
f 3166//3486 1080//3486 1081//3487 
f 1081//3487 3165//3484 3166//3486 
f 3167//3488 1077//3488 1078//3489 
f 1078//3489 3166//3486 3167//3488 
f 3168//3490 1074//3490 1075//3491 
f 1075//3491 3167//3488 3168//3490 
f 3169//3492 1072//3492 1071//3493 
f 1071//3493 3168//3490 3169//3492 
f 3170//3494 1069//3494 1068//3495 
f 1068//3495 3169//3492 3170//3494 
f 3171//3496 1066//3496 1065//3497 
f 1065//3497 3170//3494 3171//3496 
f 3172//3498 1063//3498 1062//3499 
f 1062//3499 3171//3496 3172//3498 
f 3173//3500 1060//3500 1059//3501 
f 1059//3501 3172//3498 3173//3500 
f 3174//3502 1055//3502 1057//3503 
f 1057//3503 3173//3500 3174//3502 
f 3175//3504 1053//3504 1052//3505 
f 1052//3505 3174//3502 3175//3504 
f 3176//3506 1049//3506 1050//3507 
f 1050//3507 3175//3504 3176//3506 
f 3177//3508 1046//3508 1047//3509 
f 1047//3509 3176//3506 3177//3508 
f 3178//3510 1043//3510 1044//3511 
f 1044//3511 3177//3508 3178//3510 
f 3179//3512 1040//3512 1041//3513 
f 1041//3513 3178//3510 3179//3512 
f 3180//3514 1038//3514 1037//3515 
f 1037//3515 3179//3512 3180//3514 
f 3181//3516 1035//3516 1034//3517 
f 1034//3517 3180//3514 3181//3516 
f 3182//3518 1032//3518 1031//3519 
f 1031//3519 3181//3516 3182//3518 
f 3183//3520 1029//3520 1028//3521 
f 1028//3521 3182//3518 3183//3520 
f 3184//3522 1026//3522 1025//3523 
f 1025//3523 3183//3520 3184//3522 
f 3185//3524 1021//3524 1023//3525 
f 1023//3525 3184//3522 3185//3524 
f 3186//3526 1019//3526 1018//3527 
f 1018//3527 3185//3524 3186//3526 
f 3187//3528 1015//3528 1016//3529 
f 1016//3529 3186//3526 3187//3528 
f 3188//3530 1012//3530 1013//3531 
f 1013//3531 3187//3528 3188//3530 
f 3189//3532 1009//3532 1010//3533 
f 1010//3533 3188//3530 3189//3532 
f 3190//3534 1006//3534 1007//3535 
f 1007//3535 3189//3532 3190//3534 
f 3191//3536 1004//3536 1003//3537 
f 1003//3537 3190//3534 3191//3536 
f 3192//3538 1001//3538 1000//3539 
f 1000//3539 3191//3536 3192//3538 
f 3193//3540 998//3540 997//3541 
f 997//3541 3192//3538 3193//3540 
f 3194//3542 995//3542 994//3543 
f 994//3543 3193//3540 3194//3542 
f 3195//3544 992//3544 991//3545 
f 991//3545 3194//3542 3195//3544 
f 3196//3546 987//3546 989//3547 
f 989//3547 3195//3544 3196//3546 
f 3197//3548 985//3548 984//3549 
f 984//3549 3196//3546 3197//3548 
f 3198//3550 981//3550 982//3551 
f 982//3551 3197//3548 3198//3550 
f 3199//3552 978//3552 979//3553 
f 979//3553 3198//3550 3199//3552 
f 3200//3554 975//3554 976//3555 
f 976//3555 3199//3552 3200//3554 
f 3201//3556 972//3556 973//3557 
f 973//3557 3200//3554 3201//3556 
f 3202//3558 970//3558 969//3559 
f 969//3559 3201//3556 3202//3558 
f 3203//3560 967//3560 966//3561 
f 966//3561 3202//3558 3203//3560 
f 3204//3562 964//3562 963//3563 
f 963//3563 3203//3560 3204//3562 
f 3205//3564 961//3564 960//3565 
f 960//3565 3204//3562 3205//3564 
f 3206//3566 958//3566 957//3567 
f 957//3567 3205//3564 3206//3566 
f 3207//3568 953//3568 955//3569 
f 955//3569 3206//3566 3207//3568 
f 3208//3570 951//3570 950//3571 
f 950//3571 3207//3568 3208//3570 
f 3209//3572 947//3572 948//3573 
f 948//3573 3208//3570 3209//3572 
f 3210//3574 944//3574 945//3575 
f 945//3575 3209//3572 3210//3574 
f 3211//3576 941//3576 942//3577 
f 942//3577 3210//3574 3211//3576 
f 3212//3578 938//3578 939//3579 
f 939//3579 3211//3576 3212//3578 
f 3213//3580 936//3580 935//3581 
f 935//3581 3212//3578 3213//3580 
f 3214//3582 933//3582 932//3583 
f 932//3583 3213//3580 3214//3582 
f 3215//3584 930//3584 929//3585 
f 929//3585 3214//3582 3215//3584 
f 3216//3586 927//3586 926//3587 
f 926//3587 3215//3584 3216//3586 
f 3217//3588 924//3588 923//3589 
f 923//3589 3216//3586 3217//3588 
f 3218//3590 919//3590 921//3591 
f 921//3591 3217//3588 3218//3590 
f 3219//3592 917//3592 916//3593 
f 916//3593 3218//3590 3219//3592 
f 3220//3594 913//3594 914//3595 
f 914//3595 3219//3592 3220//3594 
f 3221//3596 910//3596 911//3597 
f 911//3597 3220//3594 3221//3596 
f 3222//3598 907//3598 908//3599 
f 908//3599 3221//3596 3222//3598 
f 3223//3600 904//3600 905//3601 
f 905//3601 3222//3598 3223//3600 
f 3224//3602 902//3602 901//3603 
f 901//3603 3223//3600 3224//3602 
f 3225//3604 899//3604 898//3605 
f 898//3605 3224//3602 3225//3604 
f 3226//3606 896//3606 895//3607 
f 895//3607 3225//3604 3226//3606 
f 3227//3608 893//3608 892//3609 
f 892//3609 3226//3606 3227//3608 
f 3228//3610 890//3610 889//3611 
f 889//3611 3227//3608 3228//3610 
f 3229//3612 885//3612 887//3613 
f 887//3613 3228//3610 3229//3612 
f 3230//3614 883//3614 882//3615 
f 882//3615 3229//3612 3230//3614 
f 3231//3616 879//3616 880//3617 
f 880//3617 3230//3614 3231//3616 
f 3232//3618 876//3618 877//3619 
f 877//3619 3231//3616 3232//3618 
f 3233//3620 873//3620 874//3621 
f 874//3621 3232//3618 3233//3620 
f 3234//3622 870//3622 871//3623 
f 871//3623 3233//3620 3234//3622 
f 3235//3624 868//3624 867//3625 
f 867//3625 3234//3622 3235//3624 
f 3236//3626 865//3626 864//3627 
f 864//3627 3235//3624 3236//3626 
f 3237//3628 862//3628 861//3629 
f 861//3629 3236//3626 3237//3628 
f 3238//3630 859//3630 858//3631 
f 858//3631 3237//3628 3238//3630 
f 3239//3632 856//3632 855//3633 
f 855//3633 3238//3630 3239//3632 
f 3240//3634 851//3634 853//3635 
f 853//3635 3239//3632 3240//3634 
f 3241//3636 849//3636 848//3637 
f 848//3637 3240//3634 3241//3636 
f 3242//3638 845//3638 846//3639 
f 846//3639 3241//3636 3242//3638 
f 3243//3640 842//3640 843//3641 
f 843//3641 3242//3638 3243//3640 
f 3244//3642 839//3642 840//3643 
f 840//3643 3243//3640 3244//3642 
f 3245//3644 836//3644 837//3645 
f 837//3645 3244//3642 3245//3644 
f 3246//3646 834//3646 833//3647 
f 833//3647 3245//3644 3246//3646 
f 3247//3648 831//3648 830//3649 
f 830//3649 3246//3646 3247//3648 
f 3248//3650 828//3650 827//3651 
f 827//3651 3247//3648 3248//3650 
f 3249//3652 825//3652 824//3653 
f 824//3653 3248//3650 3249//3652 
f 3250//3654 822//3654 821//3655 
f 821//3655 3249//3652 3250//3654 
f 3251//3656 817//3656 819//3657 
f 819//3657 3250//3654 3251//3656 
f 3252//3658 815//3658 814//3659 
f 814//3659 3251//3656 3252//3658 
f 3253//3660 811//3660 812//3661 
f 812//3661 3252//3658 3253//3660 
f 3254//3662 808//3662 809//3663 
f 809//3663 3253//3660 3254//3662 
f 3255//3664 805//3664 806//3665 
f 806//3665 3254//3662 3255//3664 
f 3256//3666 802//3666 803//3667 
f 803//3667 3255//3664 3256//3666 
f 3257//3668 800//3668 799//3669 
f 799//3669 3256//3666 3257//3668 
f 3258//3670 797//3670 796//3671 
f 796//3671 3257//3668 3258//3670 
f 3259//3672 794//3672 793//3673 
f 793//3673 3258//3670 3259//3672 
f 3260//3674 791//3674 790//3675 
f 790//3675 3259//3672 3260//3674 
f 3261//3676 788//3676 787//3677 
f 787//3677 3260//3674 3261//3676 
f 3262//3678 783//3678 785//3679 
f 785//3679 3261//3676 3262//3678 
f 3263//3680 781//3680 780//3681 
f 780//3681 3262//3678 3263//3680 
f 3264//3682 777//3682 778//3683 
f 778//3683 3263//3680 3264//3682 
f 3265//3684 774//3684 775//3685 
f 775//3685 3264//3682 3265//3684 
f 3266//3686 771//3686 772//3687 
f 772//3687 3265//3684 3266//3686 
f 3267//3688 768//3688 769//3689 
f 769//3689 3266//3686 3267//3688 
f 3268//3690 766//3690 765//3691 
f 765//3691 3267//3688 3268//3690 
f 3269//3692 763//3692 762//3693 
f 762//3693 3268//3690 3269//3692 
f 3270//3694 760//3694 759//3695 
f 759//3695 3269//3692 3270//3694 
f 3271//3696 757//3696 756//3697 
f 756//3697 3270//3694 3271//3696 
f 3272//3698 754//3698 753//3699 
f 753//3699 3271//3696 3272//3698 
f 3273//3700 749//3700 751//3701 
f 751//3701 3272//3698 3273//3700 
f 3274//3702 747//3702 746//3703 
f 746//3703 3273//3700 3274//3702 
f 3275//3704 743//3704 744//3705 
f 744//3705 3274//3702 3275//3704 
f 3276//3706 740//3706 741//3707 
f 741//3707 3275//3704 3276//3706 
f 3277//3708 737//3708 738//3709 
f 738//3709 3276//3706 3277//3708 
f 3278//3710 734//3710 735//3711 
f 735//3711 3277//3708 3278//3710 
f 3279//3712 732//3712 731//3713 
f 731//3713 3278//3710 3279//3712 
f 3280//3714 729//3714 728//3715 
f 728//3715 3279//3712 3280//3714 
f 3281//3716 726//3716 725//3717 
f 725//3717 3280//3714 3281//3716 
f 3282//3718 723//3718 722//3719 
f 722//3719 3281//3716 3282//3718 
f 3283//3720 720//3720 719//3721 
f 719//3721 3282//3718 3283//3720 
f 3284//3722 715//3722 717//3723 
f 717//3723 3283//3720 3284//3722 
f 3285//3724 713//3724 712//3725 
f 712//3725 3284//3722 3285//3724 
f 3286//3726 709//3726 710//3727 
f 710//3727 3285//3724 3286//3726 
f 3287//3728 706//3728 707//3729 
f 707//3729 3286//3726 3287//3728 
f 3288//3730 703//3730 704//3731 
f 704//3731 3287//3728 3288//3730 
f 3289//3732 700//3732 701//3733 
f 701//3733 3288//3730 3289//3732 
f 3290//3734 698//3734 697//3735 
f 697//3735 3289//3732 3290//3734 
f 3291//3736 695//3736 694//3737 
f 694//3737 3290//3734 3291//3736 
f 3292//3738 692//3738 691//3739 
f 691//3739 3291//3736 3292//3738 
f 3293//3740 689//3740 688//3741 
f 688//3741 3292//3738 3293//3740 
f 3294//3742 686//3742 685//3743 
f 685//3743 3293//3740 3294//3742 
f 3295//3744 681//3744 683//3745 
f 683//3745 3294//3742 3295//3744 
f 3296//3746 679//3746 678//3747 
f 678//3747 3295//3744 3296//3746 
f 3297//3748 675//3748 676//3749 
f 676//3749 3296//3746 3297//3748 
f 3298//3750 672//3750 673//3751 
f 673//3751 3297//3748 3298//3750 
f 3299//3752 669//3752 670//3753 
f 670//3753 3298//3750 3299//3752 
f 3300//3754 666//3754 667//3755 
f 667//3755 3299//3752 3300//3754 
f 3301//3756 664//3756 663//3757 
f 663//3757 3300//3754 3301//3756 
f 3302//3758 661//3758 660//3759 
f 660//3759 3301//3756 3302//3758 
f 3303//3760 658//3760 657//3761 
f 657//3761 3302//3758 3303//3760 
f 3304//3762 655//3762 654//3763 
f 654//3763 3303//3760 3304//3762 
f 3305//3764 652//3764 651//3765 
f 651//3765 3304//3762 3305//3764 
f 3306//3766 647//3766 649//3767 
f 649//3767 3305//3764 3306//3766 
f 3307//3768 645//3768 644//3769 
f 644//3769 3306//3766 3307//3768 
f 3308//3770 641//3770 642//3771 
f 642//3771 3307//3768 3308//3770 
f 3309//3772 638//3772 639//3773 
f 639//3773 3308//3770 3309//3772 
f 3310//3774 635//3774 636//3775 
f 636//3775 3309//3772 3310//3774 
f 3311//3776 632//3776 633//3777 
f 633//3777 3310//3774 3311//3776 
f 3312//3778 630//3778 629//3779 
f 629//3779 3311//3776 3312//3778 
f 3313//3780 627//3780 626//3781 
f 626//3781 3312//3778 3313//3780 
f 3314//3782 624//3782 623//3783 
f 623//3783 3313//3780 3314//3782 
f 3315//3784 621//3784 620//3785 
f 620//3785 3314//3782 3315//3784 
f 3316//3786 618//3786 617//3787 
f 617//3787 3315//3784 3316//3786 
f 3317//3788 613//3788 615//3789 
f 615//3789 3316//3786 3317//3788 
f 3318//3790 611//3790 610//3791 
f 610//3791 3317//3788 3318//3790 
f 3319//3792 607//3792 608//3793 
f 608//3793 3318//3790 3319//3792 
f 3320//3794 604//3794 605//3795 
f 605//3795 3319//3792 3320//3794 
f 3321//3796 601//3796 602//3797 
f 602//3797 3320//3794 3321//3796 
f 3322//3798 598//3798 599//3799 
f 599//3799 3321//3796 3322//3798 
f 3323//3800 596//3800 595//3801 
f 595//3801 3322//3798 3323//3800 
f 3324//3802 593//3802 592//3803 
f 592//3803 3323//3800 3324//3802 
f 3325//3804 590//3804 589//3805 
f 589//3805 3324//3802 3325//3804 
f 3326//3806 587//3806 586//3807 
f 586//3807 3325//3804 3326//3806 
f 3327//3808 584//3808 583//3809 
f 583//3809 3326//3806 3327//3808 
f 3328//3810 579//3810 581//3811 
f 581//3811 3327//3808 3328//3810 
f 3329//3812 577//3812 576//3813 
f 576//3813 3328//3810 3329//3812 
f 3330//3814 573//3814 574//3815 
f 574//3815 3329//3812 3330//3814 
f 3331//3816 570//3816 571//3817 
f 571//3817 3330//3814 3331//3816 
f 3332//3818 567//3818 568//3819 
f 568//3819 3331//3816 3332//3818 
f 3333//3820 564//3820 565//3821 
f 565//3821 3332//3818 3333//3820 
f 3334//3822 562//3822 561//3823 
f 561//3823 3333//3820 3334//3822 
f 3335//3824 559//3824 558//3825 
f 558//3825 3334//3822 3335//3824 
f 3336//3826 556//3826 555//3827 
f 555//3827 3335//3824 3336//3826 
f 3337//3828 553//3828 552//3829 
f 552//3829 3336//3826 3337//3828 
f 3338//3830 550//3830 549//3831 
f 549//3831 3337//3828 3338//3830 
f 3339//3832 545//3832 547//3833 
f 547//3833 3338//3830 3339//3832 
f 3340//3834 543//3834 542//3835 
f 542//3835 3339//3832 3340//3834 
f 3341//3836 539//3836 540//3837 
f 540//3837 3340//3834 3341//3836 
f 3342//3838 536//3838 537//3839 
f 537//3839 3341//3836 3342//3838 
f 3343//3840 533//3840 534//3841 
f 534//3841 3342//3838 3343//3840 
f 3344//3842 530//3842 531//3843 
f 531//3843 3343//3840 3344//3842 
f 3345//3844 528//3844 527//3845 
f 527//3845 3344//3842 3345//3844 
f 3346//3846 525//3846 524//3847 
f 524//3847 3345//3844 3346//3846 
f 3347//3848 522//3848 521//3849 
f 521//3849 3346//3846 3347//3848 
f 3348//3850 519//3850 518//3851 
f 518//3851 3347//3848 3348//3850 
f 3349//3852 516//3852 515//3853 
f 515//3853 3348//3850 3349//3852 
f 3350//3854 511//3854 513//3855 
f 513//3855 3349//3852 3350//3854 
f 3351//3856 509//3856 508//3857 
f 508//3857 3350//3854 3351//3856 
f 3352//3858 505//3858 506//3859 
f 506//3859 3351//3856 3352//3858 
f 3353//3860 502//3860 503//3861 
f 503//3861 3352//3858 3353//3860 
f 3354//3862 499//3862 500//3863 
f 500//3863 3353//3860 3354//3862 
f 3355//3864 496//3864 497//3865 
f 497//3865 3354//3862 3355//3864 
f 3356//3866 494//3866 493//3867 
f 493//3867 3355//3864 3356//3866 
f 3357//3868 491//3868 490//3869 
f 490//3869 3356//3866 3357//3868 
f 3358//3870 488//3870 487//3871 
f 487//3871 3357//3868 3358//3870 
f 3359//3872 485//3872 484//3873 
f 484//3873 3358//3870 3359//3872 
f 3360//3874 482//3874 481//3875 
f 481//3875 3359//3872 3360//3874 
f 3361//3876 477//3876 479//3877 
f 479//3877 3360//3874 3361//3876 
f 3362//3878 475//3878 474//3879 
f 474//3879 3361//3876 3362//3878 
f 3363//3880 471//3880 472//3881 
f 472//3881 3362//3878 3363//3880 
f 3364//3882 468//3882 469//3883 
f 469//3883 3363//3880 3364//3882 
f 3365//3884 465//3884 466//3885 
f 466//3885 3364//3882 3365//3884 
f 3366//3886 462//3886 463//3887 
f 463//3887 3365//3884 3366//3886 
f 3367//3888 460//3888 459//3889 
f 459//3889 3366//3886 3367//3888 
f 3368//3890 457//3890 456//3891 
f 456//3891 3367//3888 3368//3890 
f 3369//3892 454//3892 453//3893 
f 453//3893 3368//3890 3369//3892 
f 3370//3894 451//3894 450//3895 
f 450//3895 3369//3892 3370//3894 
f 3371//3896 448//3896 447//3897 
f 447//3897 3370//3894 3371//3896 
f 3372//3898 443//3898 445//3899 
f 445//3899 3371//3896 3372//3898 
f 3373//3900 441//3900 440//3901 
f 440//3901 3372//3898 3373//3900 
f 3374//3902 437//3902 438//3903 
f 438//3903 3373//3900 3374//3902 
f 3375//3904 434//3904 435//3905 
f 435//3905 3374//3902 3375//3904 
f 3376//3906 431//3906 432//3907 
f 432//3907 3375//3904 3376//3906 
f 3377//3908 428//3908 429//3909 
f 429//3909 3376//3906 3377//3908 
f 3378//3910 426//3910 425//3911 
f 425//3911 3377//3908 3378//3910 
f 3379//3912 423//3912 422//3913 
f 422//3913 3378//3910 3379//3912 
f 3380//3914 420//3914 419//3915 
f 419//3915 3379//3912 3380//3914 
f 3381//3916 417//3916 416//3917 
f 416//3917 3380//3914 3381//3916 
f 3382//3918 414//3918 413//3919 
f 413//3919 3381//3916 3382//3918 
f 3383//3920 409//3920 411//3921 
f 411//3921 3382//3918 3383//3920 
f 3384//3922 407//3922 406//3923 
f 406//3923 3383//3920 3384//3922 
f 3385//3924 403//3924 404//3925 
f 404//3925 3384//3922 3385//3924 
f 3386//3926 400//3926 401//3927 
f 401//3927 3385//3924 3386//3926 
f 3387//3928 397//3928 398//3929 
f 398//3929 3386//3926 3387//3928 
f 3388//3930 394//3930 395//3931 
f 395//3931 3387//3928 3388//3930 
f 3389//3932 392//3932 391//3933 
f 391//3933 3388//3930 3389//3932 
f 3390//3934 389//3934 388//3935 
f 388//3935 3389//3932 3390//3934 
f 3391//3936 386//3936 385//3937 
f 385//3937 3390//3934 3391//3936 
f 3392//3938 383//3938 382//3939 
f 382//3939 3391//3936 3392//3938 
f 3393//3940 380//3940 379//3941 
f 379//3941 3392//3938 3393//3940 
f 3394//3942 375//3942 377//3943 
f 377//3943 3393//3940 3394//3942 
f 3395//3944 373//3944 372//3945 
f 372//3945 3394//3942 3395//3944 
f 3396//3946 369//3946 370//3947 
f 370//3947 3395//3944 3396//3946 
f 3397//3948 366//3948 367//3949 
f 367//3949 3396//3946 3397//3948 
f 3398//3950 363//3950 364//3951 
f 364//3951 3397//3948 3398//3950 
f 3399//3952 360//3952 361//3953 
f 361//3953 3398//3950 3399//3952 
f 3400//3954 358//3954 357//3955 
f 357//3955 3399//3952 3400//3954 
f 3401//3956 355//3956 354//3957 
f 354//3957 3400//3954 3401//3956 
f 3402//3958 352//3958 351//3959 
f 351//3959 3401//3956 3402//3958 
f 3403//3960 349//3960 348//3961 
f 348//3961 3402//3958 3403//3960 
f 3404//3962 346//3962 345//3963 
f 345//3963 3403//3960 3404//3962 
f 3405//3964 341//3964 343//3965 
f 343//3965 3404//3962 3405//3964 
f 3406//3966 339//3966 338//3967 
f 338//3967 3405//3964 3406//3966 
f 3407//3968 335//3968 336//3969 
f 336//3969 3406//3966 3407//3968 
f 3408//3970 332//3970 333//3971 
f 333//3971 3407//3968 3408//3970 
f 3409//3972 329//3972 330//3973 
f 330//3973 3408//3970 3409//3972 
f 3410//3974 326//3974 327//3975 
f 327//3975 3409//3972 3410//3974 
f 3411//3976 324//3976 323//3977 
f 323//3977 3410//3974 3411//3976 
f 3412//3978 321//3978 320//3979 
f 320//3979 3411//3976 3412//3978 
f 3413//3980 318//3980 317//3981 
f 317//3981 3412//3978 3413//3980 
f 3414//3982 315//3982 314//3983 
f 314//3983 3413//3980 3414//3982 
f 3415//3984 312//3984 311//3985 
f 311//3985 3414//3982 3415//3984 
f 3416//3986 307//3986 309//3987 
f 309//3987 3415//3984 3416//3986 
f 3417//3988 305//3988 304//3989 
f 304//3989 3416//3986 3417//3988 
f 3418//3990 301//3990 302//3991 
f 302//3991 3417//3988 3418//3990 
f 3419//3992 298//3992 299//3993 
f 299//3993 3418//3990 3419//3992 
f 3420//3994 295//3994 296//3995 
f 296//3995 3419//3992 3420//3994 
f 3421//3996 292//3996 293//3997 
f 293//3997 3420//3994 3421//3996 
f 3422//3998 290//3998 289//3999 
f 289//3999 3421//3996 3422//3998 
f 3423//4000 287//4000 286//4001 
f 286//4001 3422//3998 3423//4000 
f 3424//4002 284//4002 283//4003 
f 283//4003 3423//4000 3424//4002 
f 3425//4004 281//4004 280//4005 
f 280//4005 3424//4002 3425//4004 
f 3426//4006 278//4006 277//4007 
f 277//4007 3425//4004 3426//4006 
f 3427//4008 273//4008 275//4009 
f 275//4009 3426//4006 3427//4008 
f 3428//4010 271//4010 270//4011 
f 270//4011 3427//4008 3428//4010 
f 3429//4012 267//4012 268//4013 
f 268//4013 3428//4010 3429//4012 
f 3430//4014 264//4014 265//4015 
f 265//4015 3429//4012 3430//4014 
f 3431//4016 261//4016 262//4017 
f 262//4017 3430//4014 3431//4016 
f 3432//4018 258//4018 259//4019 
f 259//4019 3431//4016 3432//4018 
f 3433//4020 256//4020 255//4021 
f 255//4021 3432//4018 3433//4020 
f 3434//4022 253//4022 252//4023 
f 252//4023 3433//4020 3434//4022 
f 3435//4024 250//4024 249//4025 
f 249//4025 3434//4022 3435//4024 
f 3436//4026 247//4026 246//4027 
f 246//4027 3435//4024 3436//4026 
f 3437//4028 244//4028 243//4029 
f 243//4029 3436//4026 3437//4028 
f 3438//4030 239//4030 241//4031 
f 241//4031 3437//4028 3438//4030 
f 3439//4032 237//4032 236//4033 
f 236//4033 3438//4030 3439//4032 
f 3440//4034 233//4034 234//4035 
f 234//4035 3439//4032 3440//4034 
f 3441//4036 230//4036 231//4037 
f 231//4037 3440//4034 3441//4036 
f 3442//4038 227//4038 228//4039 
f 228//4039 3441//4036 3442//4038 
f 3443//4040 224//4040 225//4041 
f 225//4041 3442//4038 3443//4040 
f 3444//4042 222//4042 221//4043 
f 221//4043 3443//4040 3444//4042 
f 3445//4044 219//4044 218//4045 
f 218//4045 3444//4042 3445//4044 
f 3446//4046 216//4046 215//4047 
f 215//4047 3445//4044 3446//4046 
f 3447//4048 213//4048 212//4049 
f 212//4049 3446//4046 3447//4048 
f 3448//4050 210//4050 209//4051 
f 209//4051 3447//4048 3448//4050 
f 3449//4052 205//4052 207//4053 
f 207//4053 3448//4050 3449//4052 
f 3450//4054 203//4054 202//4055 
f 202//4055 3449//4052 3450//4054 
f 3451//4056 199//4056 200//4057 
f 200//4057 3450//4054 3451//4056 
f 3452//4058 196//4058 197//4059 
f 197//4059 3451//4056 3452//4058 
f 3453//4060 193//4060 194//4061 
f 194//4061 3452//4058 3453//4060 
f 3454//4062 190//4062 191//4063 
f 191//4063 3453//4060 3454//4062 
f 3455//4064 188//4064 187//4065 
f 187//4065 3454//4062 3455//4064 
f 3456//4066 185//4066 184//4067 
f 184//4067 3455//4064 3456//4066 
f 3457//4068 182//4068 181//4069 
f 181//4069 3456//4066 3457//4068 
f 3458//4070 179//4070 178//4071 
f 178//4071 3457//4068 3458//4070 
f 3459//4072 176//4072 175//4073 
f 175//4073 3458//4070 3459//4072 
f 3460//4074 171//4074 173//4075 
f 173//4075 3459//4072 3460//4074 
f 3461//4076 169//4076 168//4077 
f 168//4077 3460//4074 3461//4076 
f 3462//4078 165//4078 166//4079 
f 166//4079 3461//4076 3462//4078 
f 3463//4080 162//4080 163//4081 
f 163//4081 3462//4078 3463//4080 
f 3464//4082 159//4082 160//4083 
f 160//4083 3463//4080 3464//4082 
f 3465//4084 156//4084 157//4085 
f 157//4085 3464//4082 3465//4084 
f 3466//4086 154//4086 153//4087 
f 153//4087 3465//4084 3466//4086 
f 3467//4088 151//4088 150//4089 
f 150//4089 3466//4086 3467//4088 
f 3468//4090 148//4090 147//4091 
f 147//4091 3467//4088 3468//4090 
f 3469//4092 145//4092 144//4093 
f 144//4093 3468//4090 3469//4092 
f 3470//4094 142//4094 141//4095 
f 141//4095 3469//4092 3470//4094 
f 3471//4096 137//4096 139//4097 
f 139//4097 3470//4094 3471//4096 
f 3472//4098 135//4098 134//4099 
f 134//4099 3471//4096 3472//4098 
f 3473//4100 131//4100 132//4101 
f 132//4101 3472//4098 3473//4100 
f 3474//4102 128//4102 129//4103 
f 129//4103 3473//4100 3474//4102 
f 3475//4104 125//4104 126//4105 
f 126//4105 3474//4102 3475//4104 
f 3476//4106 122//4106 123//4107 
f 123//4107 3475//4104 3476//4106 
f 3477//4108 120//4108 119//4109 
f 119//4109 3476//4106 3477//4108 
f 3478//4110 117//4110 116//4111 
f 116//4111 3477//4108 3478//4110 
f 3479//4112 114//4112 113//4113 
f 113//4113 3478//4110 3479//4112 
f 3480//4114 111//4114 110//4115 
f 110//4115 3479//4112 3480//4114 
f 3481//4116 108//4116 107//4117 
f 107//4117 3480//4114 3481//4116 
f 3482//4118 103//4118 105//4119 
f 105//4119 3481//4116 3482//4118 
f 3483//4120 101//4120 100//4121 
f 100//4121 3482//4118 3483//4120 
f 3484//4122 97//4122 98//4123 
f 98//4123 3483//4120 3484//4122 
f 3485//4124 94//4124 95//4125 
f 95//4125 3484//4122 3485//4124 
f 3486//4126 91//4126 92//4127 
f 92//4127 3485//4124 3486//4126 
f 3487//4128 88//4128 89//4129 
f 89//4129 3486//4126 3487//4128 
f 3488//4130 86//4130 85//4131 
f 85//4131 3487//4128 3488//4130 
f 3489//4132 83//4132 82//4133 
f 82//4133 3488//4130 3489//4132 
f 3490//4134 80//4134 79//4135 
f 79//4135 3489//4132 3490//4134 
f 3491//4136 77//4136 76//4137 
f 76//4137 3490//4134 3491//4136 
f 3492//4138 74//4138 73//4139 
f 73//4139 3491//4136 3492//4138 
f 3493//4140 69//4140 71//4141 
f 71//4141 3492//4138 3493//4140 
f 3494//4142 67//4142 66//4143 
f 66//4143 3493//4140 3494//4142 
f 3495//4144 63//4144 64//4145 
f 64//4145 3494//4142 3495//4144 
f 3496//4146 60//4146 61//4147 
f 61//4147 3495//4144 3496//4146 
f 3497//4148 57//4148 58//4149 
f 58//4149 3496//4146 3497//4148 
f 3498//4150 54//4150 55//4151 
f 55//4151 3497//4148 3498//4150 
f 3499//4152 52//4152 51//4153 
f 51//4153 3498//4150 3499//4152 
f 3500//4154 49//4154 48//4155 
f 48//4155 3499//4152 3500//4154 
f 3501//4156 46//4156 45//4157 
f 45//4157 3500//4154 3501//4156 
f 3502//4158 43//4158 42//4159 
f 42//4159 3501//4156 3502//4158 
f 3503//4160 40//4160 39//4161 
f 39//4161 3502//4158 3503//4160 
f 3504//4162 35//4162 37//4163 
f 37//4163 3503//4160 3504//4162 
f 3505//4164 33//4164 32//4165 
f 32//4165 3504//4162 3505//4164 
f 3506//4166 29//4166 30//4167 
f 30//4167 3505//4164 3506//4166 
f 3507//4168 26//4168 27//4169 
f 27//4169 3506//4166 3507//4168 
f 3508//4170 23//4170 24//4171 
f 24//4171 3507//4168 3508//4170 
f 3509//4172 20//4172 21//4173 
f 21//4173 3508//4170 3509//4172 
f 3510//4174 18//4174 17//4175 
f 17//4175 3509//4172 3510//4174 
f 3511//4176 15//4176 14//4177 
f 14//4177 3510//4174 3511//4176 
f 3512//4178 12//4178 11//4179 
f 11//4179 3511//4176 3512//4178 
f 3513//4180 9//4180 8//4181 
f 8//4181 3512//4178 3513//4180 
f 3514//4182 6//4182 5//4183 
f 5//4183 3513//4180 3514//4182 
f 3164//3483 1088//4184 3//4185 
f 3//4185 3514//4182 3164//3483 
f 3//4185 6//4182 3514//4182 
f 5//4183 9//4180 3513//4180 
f 8//4181 12//4178 3512//4178 
f 11//4179 15//4176 3511//4176 
f 14//4177 18//4174 3510//4174 
f 17//4175 20//4172 3509//4172 
f 21//4173 23//4170 3508//4170 
f 24//4171 26//4168 3507//4168 
f 27//4169 29//4166 3506//4166 
f 30//4167 33//4164 3505//4164 
f 32//4165 35//4162 3504//4162 
f 37//4163 40//4160 3503//4160 
f 39//4161 43//4158 3502//4158 
f 42//4159 46//4156 3501//4156 
f 45//4157 49//4154 3500//4154 
f 48//4155 52//4152 3499//4152 
f 51//4153 54//4150 3498//4150 
f 55//4151 57//4148 3497//4148 
f 58//4149 60//4146 3496//4146 
f 61//4147 63//4144 3495//4144 
f 64//4145 67//4142 3494//4142 
f 66//4143 69//4140 3493//4140 
f 71//4141 74//4138 3492//4138 
f 73//4139 77//4136 3491//4136 
f 76//4137 80//4134 3490//4134 
f 79//4135 83//4132 3489//4132 
f 82//4133 86//4130 3488//4130 
f 85//4131 88//4128 3487//4128 
f 89//4129 91//4126 3486//4126 
f 92//4127 94//4124 3485//4124 
f 95//4125 97//4122 3484//4122 
f 98//4123 101//4120 3483//4120 
f 100//4121 103//4118 3482//4118 
f 105//4119 108//4116 3481//4116 
f 107//4117 111//4114 3480//4114 
f 110//4115 114//4112 3479//4112 
f 113//4113 117//4110 3478//4110 
f 116//4111 120//4108 3477//4108 
f 119//4109 122//4106 3476//4106 
f 123//4107 125//4104 3475//4104 
f 126//4105 128//4102 3474//4102 
f 129//4103 131//4100 3473//4100 
f 132//4101 135//4098 3472//4098 
f 134//4099 137//4096 3471//4096 
f 139//4097 142//4094 3470//4094 
f 141//4095 145//4092 3469//4092 
f 144//4093 148//4090 3468//4090 
f 147//4091 151//4088 3467//4088 
f 150//4089 154//4086 3466//4086 
f 153//4087 156//4084 3465//4084 
f 157//4085 159//4082 3464//4082 
f 160//4083 162//4080 3463//4080 
f 163//4081 165//4078 3462//4078 
f 166//4079 169//4076 3461//4076 
f 168//4077 171//4074 3460//4074 
f 173//4075 176//4072 3459//4072 
f 175//4073 179//4070 3458//4070 
f 178//4071 182//4068 3457//4068 
f 181//4069 185//4066 3456//4066 
f 184//4067 188//4064 3455//4064 
f 187//4065 190//4062 3454//4062 
f 191//4063 193//4060 3453//4060 
f 194//4061 196//4058 3452//4058 
f 197//4059 199//4056 3451//4056 
f 200//4057 203//4054 3450//4054 
f 202//4055 205//4052 3449//4052 
f 207//4053 210//4050 3448//4050 
f 209//4051 213//4048 3447//4048 
f 212//4049 216//4046 3446//4046 
f 215//4047 219//4044 3445//4044 
f 218//4045 222//4042 3444//4042 
f 221//4043 224//4040 3443//4040 
f 225//4041 227//4038 3442//4038 
f 228//4039 230//4036 3441//4036 
f 231//4037 233//4034 3440//4034 
f 234//4035 237//4032 3439//4032 
f 236//4033 239//4030 3438//4030 
f 241//4031 244//4028 3437//4028 
f 243//4029 247//4026 3436//4026 
f 246//4027 250//4024 3435//4024 
f 249//4025 253//4022 3434//4022 
f 252//4023 256//4020 3433//4020 
f 255//4021 258//4018 3432//4018 
f 259//4019 261//4016 3431//4016 
f 262//4017 264//4014 3430//4014 
f 265//4015 267//4012 3429//4012 
f 268//4013 271//4010 3428//4010 
f 270//4011 273//4008 3427//4008 
f 275//4009 278//4006 3426//4006 
f 277//4007 281//4004 3425//4004 
f 280//4005 284//4002 3424//4002 
f 283//4003 287//4000 3423//4000 
f 286//4001 290//3998 3422//3998 
f 289//3999 292//3996 3421//3996 
f 293//3997 295//3994 3420//3994 
f 296//3995 298//3992 3419//3992 
f 299//3993 301//3990 3418//3990 
f 302//3991 305//3988 3417//3988 
f 304//3989 307//3986 3416//3986 
f 309//3987 312//3984 3415//3984 
f 311//3985 315//3982 3414//3982 
f 314//3983 318//3980 3413//3980 
f 317//3981 321//3978 3412//3978 
f 320//3979 324//3976 3411//3976 
f 323//3977 326//3974 3410//3974 
f 327//3975 329//3972 3409//3972 
f 330//3973 332//3970 3408//3970 
f 333//3971 335//3968 3407//3968 
f 336//3969 339//3966 3406//3966 
f 338//3967 341//3964 3405//3964 
f 343//3965 346//3962 3404//3962 
f 345//3963 349//3960 3403//3960 
f 348//3961 352//3958 3402//3958 
f 351//3959 355//3956 3401//3956 
f 354//3957 358//3954 3400//3954 
f 357//3955 360//3952 3399//3952 
f 361//3953 363//3950 3398//3950 
f 364//3951 366//3948 3397//3948 
f 367//3949 369//3946 3396//3946 
f 370//3947 373//3944 3395//3944 
f 372//3945 375//3942 3394//3942 
f 377//3943 380//3940 3393//3940 
f 379//3941 383//3938 3392//3938 
f 382//3939 386//3936 3391//3936 
f 385//3937 389//3934 3390//3934 
f 388//3935 392//3932 3389//3932 
f 391//3933 394//3930 3388//3930 
f 395//3931 397//3928 3387//3928 
f 398//3929 400//3926 3386//3926 
f 401//3927 403//3924 3385//3924 
f 404//3925 407//3922 3384//3922 
f 406//3923 409//3920 3383//3920 
f 411//3921 414//3918 3382//3918 
f 413//3919 417//3916 3381//3916 
f 416//3917 420//3914 3380//3914 
f 419//3915 423//3912 3379//3912 
f 422//3913 426//3910 3378//3910 
f 425//3911 428//3908 3377//3908 
f 429//3909 431//3906 3376//3906 
f 432//3907 434//3904 3375//3904 
f 435//3905 437//3902 3374//3902 
f 438//3903 441//3900 3373//3900 
f 440//3901 443//3898 3372//3898 
f 445//3899 448//3896 3371//3896 
f 447//3897 451//3894 3370//3894 
f 450//3895 454//3892 3369//3892 
f 453//3893 457//3890 3368//3890 
f 456//3891 460//3888 3367//3888 
f 459//3889 462//3886 3366//3886 
f 463//3887 465//3884 3365//3884 
f 466//3885 468//3882 3364//3882 
f 469//3883 471//3880 3363//3880 
f 472//3881 475//3878 3362//3878 
f 474//3879 477//3876 3361//3876 
f 479//3877 482//3874 3360//3874 
f 481//3875 485//3872 3359//3872 
f 484//3873 488//3870 3358//3870 
f 487//3871 491//3868 3357//3868 
f 490//3869 494//3866 3356//3866 
f 493//3867 496//3864 3355//3864 
f 497//3865 499//3862 3354//3862 
f 500//3863 502//3860 3353//3860 
f 503//3861 505//3858 3352//3858 
f 506//3859 509//3856 3351//3856 
f 508//3857 511//3854 3350//3854 
f 513//3855 516//3852 3349//3852 
f 515//3853 519//3850 3348//3850 
f 518//3851 522//3848 3347//3848 
f 521//3849 525//3846 3346//3846 
f 524//3847 528//3844 3345//3844 
f 527//3845 530//3842 3344//3842 
f 531//3843 533//3840 3343//3840 
f 534//3841 536//3838 3342//3838 
f 537//3839 539//3836 3341//3836 
f 540//3837 543//3834 3340//3834 
f 542//3835 545//3832 3339//3832 
f 547//3833 550//3830 3338//3830 
f 549//3831 553//3828 3337//3828 
f 552//3829 556//3826 3336//3826 
f 555//3827 559//3824 3335//3824 
f 558//3825 562//3822 3334//3822 
f 561//3823 564//3820 3333//3820 
f 565//3821 567//3818 3332//3818 
f 568//3819 570//3816 3331//3816 
f 571//3817 573//3814 3330//3814 
f 574//3815 577//3812 3329//3812 
f 576//3813 579//3810 3328//3810 
f 581//3811 584//3808 3327//3808 
f 583//3809 587//3806 3326//3806 
f 586//3807 590//3804 3325//3804 
f 589//3805 593//3802 3324//3802 
f 592//3803 596//3800 3323//3800 
f 595//3801 598//3798 3322//3798 
f 599//3799 601//3796 3321//3796 
f 602//3797 604//3794 3320//3794 
f 605//3795 607//3792 3319//3792 
f 608//3793 611//3790 3318//3790 
f 610//3791 613//3788 3317//3788 
f 615//3789 618//3786 3316//3786 
f 617//3787 621//3784 3315//3784 
f 620//3785 624//3782 3314//3782 
f 623//3783 627//3780 3313//3780 
f 626//3781 630//3778 3312//3778 
f 629//3779 632//3776 3311//3776 
f 633//3777 635//3774 3310//3774 
f 636//3775 638//3772 3309//3772 
f 639//3773 641//3770 3308//3770 
f 642//3771 645//3768 3307//3768 
f 644//3769 647//3766 3306//3766 
f 649//3767 652//3764 3305//3764 
f 651//3765 655//3762 3304//3762 
f 654//3763 658//3760 3303//3760 
f 657//3761 661//3758 3302//3758 
f 660//3759 664//3756 3301//3756 
f 663//3757 666//3754 3300//3754 
f 667//3755 669//3752 3299//3752 
f 670//3753 672//3750 3298//3750 
f 673//3751 675//3748 3297//3748 
f 676//3749 679//3746 3296//3746 
f 678//3747 681//3744 3295//3744 
f 683//3745 686//3742 3294//3742 
f 685//3743 689//3740 3293//3740 
f 688//3741 692//3738 3292//3738 
f 691//3739 695//3736 3291//3736 
f 694//3737 698//3734 3290//3734 
f 697//3735 700//3732 3289//3732 
f 701//3733 703//3730 3288//3730 
f 704//3731 706//3728 3287//3728 
f 707//3729 709//3726 3286//3726 
f 710//3727 713//3724 3285//3724 
f 712//3725 715//3722 3284//3722 
f 717//3723 720//3720 3283//3720 
f 719//3721 723//3718 3282//3718 
f 722//3719 726//3716 3281//3716 
f 725//3717 729//3714 3280//3714 
f 728//3715 732//3712 3279//3712 
f 731//3713 734//3710 3278//3710 
f 735//3711 737//3708 3277//3708 
f 738//3709 740//3706 3276//3706 
f 741//3707 743//3704 3275//3704 
f 744//3705 747//3702 3274//3702 
f 746//3703 749//3700 3273//3700 
f 751//3701 754//3698 3272//3698 
f 753//3699 757//3696 3271//3696 
f 756//3697 760//3694 3270//3694 
f 759//3695 763//3692 3269//3692 
f 762//3693 766//3690 3268//3690 
f 765//3691 768//3688 3267//3688 
f 769//3689 771//3686 3266//3686 
f 772//3687 774//3684 3265//3684 
f 775//3685 777//3682 3264//3682 
f 778//3683 781//3680 3263//3680 
f 780//3681 783//3678 3262//3678 
f 785//3679 788//3676 3261//3676 
f 787//3677 791//3674 3260//3674 
f 790//3675 794//3672 3259//3672 
f 793//3673 797//3670 3258//3670 
f 796//3671 800//3668 3257//3668 
f 799//3669 802//3666 3256//3666 
f 803//3667 805//3664 3255//3664 
f 806//3665 808//3662 3254//3662 
f 809//3663 811//3660 3253//3660 
f 812//3661 815//3658 3252//3658 
f 814//3659 817//3656 3251//3656 
f 819//3657 822//3654 3250//3654 
f 821//3655 825//3652 3249//3652 
f 824//3653 828//3650 3248//3650 
f 827//3651 831//3648 3247//3648 
f 830//3649 834//3646 3246//3646 
f 833//3647 836//3644 3245//3644 
f 837//3645 839//3642 3244//3642 
f 840//3643 842//3640 3243//3640 
f 843//3641 845//3638 3242//3638 
f 846//3639 849//3636 3241//3636 
f 848//3637 851//3634 3240//3634 
f 853//3635 856//3632 3239//3632 
f 855//3633 859//3630 3238//3630 
f 858//3631 862//3628 3237//3628 
f 861//3629 865//3626 3236//3626 
f 864//3627 868//3624 3235//3624 
f 867//3625 870//3622 3234//3622 
f 871//3623 873//3620 3233//3620 
f 874//3621 876//3618 3232//3618 
f 877//3619 879//3616 3231//3616 
f 880//3617 883//3614 3230//3614 
f 882//3615 885//3612 3229//3612 
f 887//3613 890//3610 3228//3610 
f 889//3611 893//3608 3227//3608 
f 892//3609 896//3606 3226//3606 
f 895//3607 899//3604 3225//3604 
f 898//3605 902//3602 3224//3602 
f 901//3603 904//3600 3223//3600 
f 905//3601 907//3598 3222//3598 
f 908//3599 910//3596 3221//3596 
f 911//3597 913//3594 3220//3594 
f 914//3595 917//3592 3219//3592 
f 916//3593 919//3590 3218//3590 
f 921//3591 924//3588 3217//3588 
f 923//3589 927//3586 3216//3586 
f 926//3587 930//3584 3215//3584 
f 929//3585 933//3582 3214//3582 
f 932//3583 936//3580 3213//3580 
f 935//3581 938//3578 3212//3578 
f 939//3579 941//3576 3211//3576 
f 942//3577 944//3574 3210//3574 
f 945//3575 947//3572 3209//3572 
f 948//3573 951//3570 3208//3570 
f 950//3571 953//3568 3207//3568 
f 955//3569 958//3566 3206//3566 
f 957//3567 961//3564 3205//3564 
f 960//3565 964//3562 3204//3562 
f 963//3563 967//3560 3203//3560 
f 966//3561 970//3558 3202//3558 
f 969//3559 972//3556 3201//3556 
f 973//3557 975//3554 3200//3554 
f 976//3555 978//3552 3199//3552 
f 979//3553 981//3550 3198//3550 
f 982//3551 985//3548 3197//3548 
f 984//3549 987//3546 3196//3546 
f 989//3547 992//3544 3195//3544 
f 991//3545 995//3542 3194//3542 
f 994//3543 998//3540 3193//3540 
f 997//3541 1001//3538 3192//3538 
f 1000//3539 1004//3536 3191//3536 
f 1003//3537 1006//3534 3190//3534 
f 1007//3535 1009//3532 3189//3532 
f 1010//3533 1012//3530 3188//3530 
f 1013//3531 1015//3528 3187//3528 
f 1016//3529 1019//3526 3186//3526 
f 1018//3527 1021//3524 3185//3524 
f 1023//3525 1026//3522 3184//3522 
f 1025//3523 1029//3520 3183//3520 
f 1028//3521 1032//3518 3182//3518 
f 1031//3519 1035//3516 3181//3516 
f 1034//3517 1038//3514 3180//3514 
f 1037//3515 1040//3512 3179//3512 
f 1041//3513 1043//3510 3178//3510 
f 1044//3511 1046//3508 3177//3508 
f 1047//3509 1049//3506 3176//3506 
f 1050//3507 1053//3504 3175//3504 
f 1052//3505 1055//3502 3174//3502 
f 1057//3503 1060//3500 3173//3500 
f 1059//3501 1063//3498 3172//3498 
f 1062//3499 1066//3496 3171//3496 
f 1065//3497 1069//3494 3170//3494 
f 1068//3495 1072//3492 3169//3492 
f 1071//3493 1074//3490 3168//3490 
f 1075//3491 1077//3488 3167//3488 
f 1078//3489 1080//3486 3166//3486 
f 1081//3487 1083//3484 3165//3484 
f 1084//3485 1087//3481 3163//3481 
f 1086//3482 1088//4184 3164//3483 
o mesh6
f 3515//4186 2777//4186 2776//4186 
f 2776//4186 2775//4186 3515//4186 
f 3515//4186 2779//4186 2778//4186 
f 3515//4186 2774//4186 2773//4186 
f 2778//4186 2777//4186 3515//4186 
f 3515//4186 2806//4186 2805//4186 
f 2775//4186 2774//4186 3515//4186 
f 3515//4186 2780//4186 2781//4186 
f 2805//4186 2804//4186 3515//4186 
f 3515//4186 2807//4186 2808//4186 
f 3515//4186 2772//4186 2771//4186 
f 2781//4186 2779//4186 3515//4186 
f 3515//4186 2803//4186 2802//4186 
f 2808//4186 2806//4186 3515//4186 
f 3515//4186 2835//4186 2834//4186 
f 2773//4186 2772//4186 3515//4186 
f 3515//4186 2782//4186 2783//4186 
f 2804//4186 2803//4186 3515//4186 
f 3515//4186 2809//4186 2810//4186 
f 3515//4186 2832//4186 2831//4186 
f 2834//4186 2833//4186 3515//4186 
f 3515//4186 2864//4186 2863//4186 
f 3515//4186 2770//4186 2769//4186 
f 2783//4186 2780//4186 3515//4186 
f 3515//4186 2801//4186 2800//4186 
f 2810//4186 2807//4186 3515//4186 
f 2833//4186 2832//4186 3515//4186 
f 3515//4186 2836//4186 2837//4186 
f 3515//4186 2861//4186 2860//4186 
f 2863//4186 2862//4186 3515//4186 
f 2771//4186 2770//4186 3515//4186 
f 3515//4186 2784//4186 2785//4186 
f 2802//4186 2801//4186 3515//4186 
f 3515//4186 2811//4186 2812//4186 
f 3515//4186 2830//4186 2829//4186 
f 2837//4186 2835//4186 3515//4186 
f 2862//4186 2861//4186 3515//4186 
f 3515//4186 2865//4186 2866//4186 
f 3515//4186 2893//4186 2892//4186 
f 3515//4186 2768//4186 2767//4186 
f 2785//4186 2782//4186 3515//4186 
f 3515//4186 2799//4186 2798//4186 
f 2812//4186 2809//4186 3515//4186 
f 2831//4186 2830//4186 3515//4186 
f 3515//4186 2838//4186 2839//4186 
f 3515//4186 2859//4186 2858//4186 
f 2866//4186 2864//4186 3515//4186 
f 3515//4186 2890//4186 2889//4186 
f 2892//4186 2891//4186 3515//4186 
f 3515//4186 2750//4186 2749//4186 
f 3515//4186 2751//4186 2752//4186 
f 3515//4186 2753//4186 2754//4186 
f 3515//4186 2755//4186 2756//4186 
f 2769//4186 2768//4186 3515//4186 
f 3515//4186 2786//4186 2787//4186 
f 2800//4186 2799//4186 3515//4186 
f 3515//4186 2813//4186 2814//4186 
f 3515//4186 2828//4186 2827//4186 
f 2839//4186 2836//4186 3515//4186 
f 2860//4186 2859//4186 3515//4186 
f 3515//4186 2867//4186 2868//4186 
f 2891//4186 2890//4186 3515//4186 
f 3515//4186 2894//4186 2895//4186 
f 3515//4186 2920//4186 2919//4186 
f 2752//4186 2750//4186 3515//4186 
f 2756//4186 2753//4186 3515//4186 
f 3515//4186 2757//4186 2758//4186 
f 3515//4186 2766//4186 2765//4186 
f 2787//4186 2784//4186 3515//4186 
f 3515//4186 2797//4186 2796//4186 
f 2814//4186 2811//4186 3515//4186 
f 2829//4186 2828//4186 3515//4186 
f 3515//4186 2840//4186 2841//4186 
f 3515//4186 2857//4186 2856//4186 
f 2868//4186 2865//4186 3515//4186 
f 3515//4186 2888//4186 2887//4186 
f 2895//4186 2893//4186 3515//4186 
f 2919//4186 2918//4186 3515//4186 
f 3515//4186 2922//4186 2921//4186 
f 2754//4186 2751//4186 3515//4186 
f 3515//4186 2760//4186 2757//4186 
f 3515//4186 2762//4186 2761//4186 
f 3515//4186 2764//4186 2763//4186 
f 2767//4186 2766//4186 3515//4186 
f 2798//4186 2797//4186 3515//4186 
f 3515//4186 2815//4186 2816//4186 
f 3515//4186 2826//4186 2825//4186 
f 2841//4186 2838//4186 3515//4186 
f 2858//4186 2857//4186 3515//4186 
f 3515//4186 2869//4186 2870//4186 
f 2889//4186 2888//4186 3515//4186 
f 3515//4186 2896//4186 2897//4186 
f 3515//4186 2917//4186 2916//4186 
f 2921//4186 2920//4186 3515//4186 
f 2758//4186 2755//4186 3515//4186 
f 2761//4186 2759//4186 3515//4186 
f 2765//4186 2764//4186 3515//4186 
f 3515//4186 2788//4186 2789//4186 
f 3515//4186 2795//4186 2794//4186 
f 2816//4186 2813//4186 3515//4186 
f 2827//4186 2826//4186 3515//4186 
f 3515//4186 2842//4186 2843//4186 
f 3515//4186 2855//4186 2854//4186 
f 2870//4186 2867//4186 3515//4186 
f 3515//4186 2886//4186 2885//4186 
f 2897//4186 2894//4186 3515//4186 
f 2918//4186 2917//4186 3515//4186 
f 3515//4186 2923//4186 2924//4186 
f 2759//4186 2760//4186 3515//4186 
f 2789//4186 2786//4186 3515//4186 
f 3515//4186 2793//4186 2792//4186 
f 2796//4186 2795//4186 3515//4186 
f 3515//4186 2824//4186 2823//4186 
f 2843//4186 2840//4186 3515//4186 
f 2856//4186 2855//4186 3515//4186 
f 3515//4186 2871//4186 2872//4186 
f 2887//4186 2886//4186 3515//4186 
f 3515//4186 2898//4186 2899//4186 
f 3515//4186 2915//4186 2914//4186 
f 2924//4186 2922//4186 3515//4186 
f 3516//4186 2978//4186 2977//4186 
f 2763//4186 2762//4186 3515//4186 
f 3515//4186 2791//4186 2790//4186 
f 2794//4186 2793//4186 3515//4186 
f 3515//4186 2817//4186 2818//4186 
f 2825//4186 2824//4186 3515//4186 
f 3515//4186 2844//4186 2845//4186 
f 3515//4186 2853//4186 2852//4186 
f 2872//4186 2869//4186 3515//4186 
f 3515//4186 2884//4186 2883//4186 
f 2899//4186 2896//4186 3515//4186 
f 2916//4186 2915//4186 3515//4186 
f 3515//4186 2925//4186 2926//4186 
f 3515//4186 2949//4186 2948//4186 
f 3515//4186 2951//4186 2950//4186 
f 2977//4186 2976//4186 3516//4186 
f 3516//4186 2979//4186 2980//4186 
f 2790//4186 2788//4186 3515//4186 
f 2818//4186 2815//4186 3515//4186 
f 3515//4186 2822//4186 2821//4186 
f 2845//4186 2842//4186 3515//4186 
f 2854//4186 2853//4186 3515//4186 
f 3515//4186 2873//4186 2874//4186 
f 2885//4186 2884//4186 3515//4186 
f 3515//4186 2900//4186 2901//4186 
f 3515//4186 2913//4186 2912//4186 
f 2926//4186 2923//4186 3515//4186 
f 2950//4186 2949//4186 3515//4186 
f 3516//4186 2975//4186 2974//4186 
f 2980//4186 2978//4186 3516//4186 
f 3516//4186 3007//4186 3006//4186 
f 2792//4186 2791//4186 3515//4186 
f 3515//4186 2820//4186 2819//4186 
f 2823//4186 2822//4186 3515//4186 
f 3515//4186 2846//4186 2847//4186 
f 3515//4186 2851//4186 2850//4186 
f 2874//4186 2871//4186 3515//4186 
f 3515//4186 2882//4186 2881//4186 
f 2901//4186 2898//4186 3515//4186 
f 2914//4186 2913//4186 3515//4186 
f 3515//4186 2927//4186 2928//4186 
f 3515//4186 2946//4186 2945//4186 
f 2948//4186 2947//4186 3515//4186 
f 2976//4186 2975//4186 3516//4186 
f 3516//4186 2981//4186 2982//4186 
f 3516//4186 3004//4186 3003//4186 
f 3006//4186 3005//4186 3516//4186 
f 3516//4186 3036//4186 3035//4186 
f 2819//4186 2817//4186 3515//4186 
f 2847//4186 2844//4186 3515//4186 
f 3515//4186 2849//4186 2848//4186 
f 2852//4186 2851//4186 3515//4186 
f 3515//4186 2880//4186 2879//4186 
f 2883//4186 2882//4186 3515//4186 
f 3515//4186 2911//4186 2910//4186 
f 2928//4186 2925//4186 3515//4186 
f 3515//4186 2944//4186 2943//4186 
f 2947//4186 2946//4186 3515//4186 
f 3515//4186 2952//4186 2953//4186 
f 3515//4186 2954//4186 2955//4186 
f 3516//4186 2973//4186 2972//4186 
f 2982//4186 2979//4186 3516//4186 
f 3005//4186 3004//4186 3516//4186 
f 3516//4186 3008//4186 3009//4186 
f 3516//4186 3033//4186 3032//4186 
f 3035//4186 3034//4186 3516//4186 
f 2821//4186 2820//4186 3515//4186 
f 2850//4186 2849//4186 3515//4186 
f 2881//4186 2880//4186 3515//4186 
f 3515//4186 2902//4186 2903//4186 
f 2912//4186 2911//4186 3515//4186 
f 3515//4186 2929//4186 2930//4186 
f 3515//4186 2942//4186 2941//4186 
f 2945//4186 2944//4186 3515//4186 
f 2955//4186 2952//4186 3515//4186 
f 2974//4186 2973//4186 3516//4186 
f 3516//4186 2983//4186 2984//4186 
f 3516//4186 3002//4186 3001//4186 
f 3009//4186 3007//4186 3516//4186 
f 3034//4186 3033//4186 3516//4186 
f 3516//4186 3037//4186 3038//4186 
f 3516//4186 3065//4186 3064//4186 
f 3517//4186 2579//4186 2578//4186 
f 2848//4186 2846//4186 3515//4186 
f 3515//4186 2875//4186 2876//4186 
f 3515//4186 2878//4186 2877//4186 
f 2903//4186 2900//4186 3515//4186 
f 3515//4186 2909//4186 2908//4186 
f 2930//4186 2927//4186 3515//4186 
f 2943//4186 2942//4186 3515//4186 
f 3515//4186 2957//4186 2954//4186 
f 3516//4186 2971//4186 2970//4186 
f 2984//4186 2981//4186 3516//4186 
f 3003//4186 3002//4186 3516//4186 
f 3516//4186 3010//4186 3011//4186 
f 3516//4186 3031//4186 3030//4186 
f 3038//4186 3036//4186 3516//4186 
f 3516//4186 3062//4186 3061//4186 
f 3064//4186 3063//4186 3516//4186 
f 3517//4186 2576//4186 2575//4186 
f 2578//4186 2577//4186 3517//4186 
f 2876//4186 2873//4186 3515//4186 
f 2879//4186 2878//4186 3515//4186 
f 2910//4186 2909//4186 3515//4186 
f 3515//4186 2931//4186 2932//4186 
f 3515//4186 2940//4186 2939//4186 
f 2953//4186 2951//4186 3515//4186 
f 2972//4186 2971//4186 3516//4186 
f 3516//4186 2985//4186 2986//4186 
f 3516//4186 3000//4186 2999//4186 
f 3011//4186 3008//4186 3516//4186 
f 3032//4186 3031//4186 3516//4186 
f 3516//4186 3039//4186 3040//4186 
f 3063//4186 3062//4186 3516//4186 
f 3516//4186 3066//4186 3067//4186 
f 3517//4186 2574//4186 2573//4186 
f 2577//4186 2576//4186 3517//4186 
f 2877//4186 2875//4186 3515//4186 
f 3515//4186 2904//4186 2905//4186 
f 3515//4186 2907//4186 2906//4186 
f 2932//4186 2929//4186 3515//4186 
f 3515//4186 2938//4186 2937//4186 
f 2941//4186 2940//4186 3515//4186 
f 3515//4186 2958//4186 2959//4186 
f 3516//4186 2969//4186 2968//4186 
f 2986//4186 2983//4186 3516//4186 
f 3001//4186 3000//4186 3516//4186 
f 3516//4186 3012//4186 3013//4186 
f 3516//4186 3029//4186 3028//4186 
f 3040//4186 3037//4186 3516//4186 
f 3516//4186 3060//4186 3059//4186 
f 3067//4186 3065//4186 3516//4186 
f 3516//4186 3092//4186 3091//4186 
f 3517//4186 2550//4186 2549//4186 
f 2575//4186 2574//4186 3517//4186 
f 3517//4186 2580//4186 2581//4186 
f 2905//4186 2902//4186 3515//4186 
f 2908//4186 2907//4186 3515//4186 
f 3515//4186 2936//4186 2935//4186 
f 2939//4186 2938//4186 3515//4186 
f 2959//4186 2956//4186 3515//4186 
f 3515//4186 2960//4186 2961//4186 
f 2970//4186 2969//4186 3516//4186 
f 3516//4186 2987//4186 2988//4186 
f 3516//4186 2998//4186 2997//4186 
f 3013//4186 3010//4186 3516//4186 
f 3030//4186 3029//4186 3516//4186 
f 3516//4186 3041//4186 3042//4186 
f 3061//4186 3060//4186 3516//4186 
f 3516//4186 3068//4186 3069//4186 
f 3091//4186 3090//4186 3516//4186 
f 3516//4186 3094//4186 3093//4186 
f 2549//4186 2548//4186 3517//4186 
f 3517//4186 2572//4186 2571//4186 
f 2581//4186 2579//4186 3517//4186 
f 2906//4186 2904//4186 3515//4186 
f 3515//4186 2934//4186 2933//4186 
f 2937//4186 2936//4186 3515//4186 
f 2961//4186 2958//4186 3515//4186 
f 3516//4186 2967//4186 2966//4186 
f 2988//4186 2985//4186 3516//4186 
f 2999//4186 2998//4186 3516//4186 
f 3516//4186 3014//4186 3015//4186 
f 3516//4186 3027//4186 3026//4186 
f 3042//4186 3039//4186 3516//4186 
f 3516//4186 3058//4186 3057//4186 
f 3069//4186 3066//4186 3516//4186 
f 3516//4186 3089//4186 3088//4186 
f 3093//4186 3092//4186 3516//4186 
f 2548//4186 2547//4186 3517//4186 
f 2573//4186 2572//4186 3517//4186 
f 3517//4186 2582//4186 2583//4186 
f 2933//4186 2931//4186 3515//4186 
f 2956//4186 2957//4186 3515//4186 
f 3516//4186 2963//4186 2962//4186 
f 2968//4186 2967//4186 3516//4186 
f 3516//4186 2989//4186 2990//4186 
f 3516//4186 2996//4186 2995//4186 
f 3015//4186 3012//4186 3516//4186 
f 3028//4186 3027//4186 3516//4186 
f 3516//4186 3043//4186 3044//4186 
f 3059//4186 3058//4186 3516//4186 
f 3516//4186 3070//4186 3071//4186 
f 3090//4186 3089//4186 3516//4186 
f 3516//4186 3095//4186 3096//4186 
f 3517//4186 2545//4186 2544//4186 
f 2547//4186 2546//4186 3517//4186 
f 3517//4186 2551//4186 2552//4186 
f 3517//4186 2553//4186 2554//4186 
f 3517//4186 2570//4186 2569//4186 
f 2583//4186 2580//4186 3517//4186 
f 3517//4186 2606//4186 2605//4186 
f 2935//4186 2934//4186 3515//4186 
f 2962//4186 3515//4186 3516//4186 
f 3516//4186 2965//4186 2964//4186 
f 2990//4186 2987//4186 3516//4186 
f 2997//4186 2996//4186 3516//4186 
f 3516//4186 3016//4186 3017//4186 
f 3516//4186 3025//4186 3024//4186 
f 3044//4186 3041//4186 3516//4186 
f 3516//4186 3056//4186 3055//4186 
f 3071//4186 3068//4186 3516//4186 
f 3516//4186 3087//4186 3086//4186 
f 3096//4186 3094//4186 3516//4186 
f 3516//4186 3121//4186 3120//4186 
f 2546//4186 2545//4186 3517//4186 
f 2554//4186 2551//4186 3517//4186 
f 2571//4186 2570//4186 3517//4186 
f 3517//4186 2584//4186 2585//4186 
f 2605//4186 2604//4186 3517//4186 
f 3517//4186 2608//4186 2607//4186 
f 2962//4186 2960//4186 3515//4186 
f 2966//4186 2965//4186 3516//4186 
f 3516//4186 2994//4186 2993//4186 
f 3017//4186 3014//4186 3516//4186 
f 3026//4186 3025//4186 3516//4186 
f 3516//4186 3045//4186 3046//4186 
f 3516//4186 3054//4186 3053//4186 
f 3057//4186 3056//4186 3516//4186 
f 3088//4186 3087//4186 3516//4186 
f 3516//4186 3097//4186 3098//4186 
f 3120//4186 3119//4186 3516//4186 
f 3516//4186 3122//4186 3123//4186 
f 3516//4186 3149//4186 3148//4186 
f 3517//4186 2543//4186 2542//4186 
f 2552//4186 2550//4186 3517//4186 
f 3517//4186 2555//4186 2556//4186 
f 3517//4186 2568//4186 2567//4186 
f 2585//4186 2582//4186 3517//4186 
f 3517//4186 2603//4186 2602//4186 
f 2607//4186 2606//4186 3517//4186 
f 3517//4186 2635//4186 2634//4186 
f 2964//4186 2963//4186 3516//4186 
f 3516//4186 2992//4186 2991//4186 
f 2995//4186 2994//4186 3516//4186 
f 3516//4186 3018//4186 3019//4186 
f 3516//4186 3023//4186 3022//4186 
f 3046//4186 3043//4186 3516//4186 
f 3055//4186 3054//4186 3516//4186 
f 3516//4186 3072//4186 3073//4186 
f 3516//4186 3085//4186 3084//4186 
f 3098//4186 3095//4186 3516//4186 
f 3516//4186 3118//4186 3117//4186 
f 3123//4186 3121//4186 3516//4186 
f 3516//4186 3150//4186 3149//4186 
f 2544//4186 2543//4186 3517//4186 
f 3517//4186 2558//4186 2555//4186 
f 3517//4186 2559//4186 2560//4186 
f 3517//4186 2566//4186 2565//4186 
f 2569//4186 2568//4186 3517//4186 
f 2604//4186 2603//4186 3517//4186 
f 3517//4186 2609//4186 2610//4186 
f 2634//4186 2633//4186 3517//4186 
f 3517//4186 2636//4186 2637//4186 
f 2991//4186 2989//4186 3516//4186 
f 3019//4186 3016//4186 3516//4186 
f 3516//4186 3021//4186 3020//4186 
f 3024//4186 3023//4186 3516//4186 
f 3516//4186 3052//4186 3051//4186 
f 3073//4186 3070//4186 3516//4186 
f 3086//4186 3085//4186 3516//4186 
f 3516//4186 3099//4186 3100//4186 
f 3119//4186 3118//4186 3516//4186 
f 3516//4186 3124//4186 3125//4186 
f 3148//4186 3147//4186 3516//4186 
f 3516//4186 3151//4186 3152//4186 
f 3516//4186 3153//4186 3154//4186 
f 3518//4186 2346//4186 2345//4186 
f 3518//4186 2349//4186 2348//4186 
f 3518//4186 2350//4186 2351//4186 
f 2556//4186 2553//4186 3517//4186 
f 2560//4186 2557//4186 3517//4186 
f 3517//4186 2564//4186 2563//4186 
f 2567//4186 2566//4186 3517//4186 
f 3517//4186 2601//4186 2600//4186 
f 2610//4186 2608//4186 3517//4186 
f 3517//4186 2632//4186 2631//4186 
f 2637//4186 2635//4186 3517//4186 
f 2993//4186 2992//4186 3516//4186 
f 3022//4186 3021//4186 3516//4186 
f 3053//4186 3052//4186 3516//4186 
f 3516//4186 3074//4186 3075//4186 
f 3516//4186 3083//4186 3082//4186 
f 3100//4186 3097//4186 3516//4186 
f 3516//4186 3116//4186 3115//4186 
f 3125//4186 3122//4186 3516//4186 
f 3147//4186 3146//4186 3516//4186 
f 3154//4186 3151//4186 3516//4186 
f 3518//4186 2347//4186 2346//4186 
f 2351//4186 2349//4186 3518//4186 
f 2557//4186 2558//4186 3517//4186 
f 3517//4186 2561//4186 2562//4186 
f 2565//4186 2564//4186 3517//4186 
f 3517//4186 2586//4186 2587//4186 
f 2602//4186 2601//4186 3517//4186 
f 3517//4186 2611//4186 2612//4186 
f 2633//4186 2632//4186 3517//4186 
f 3517//4186 2638//4186 2639//4186 
f 3020//4186 3018//4186 3516//4186 
f 3516//4186 3047//4186 3048//4186 
f 3516//4186 3050//4186 3049//4186 
f 3075//4186 3072//4186 3516//4186 
f 3084//4186 3083//4186 3516//4186 
f 3516//4186 3101//4186 3102//4186 
f 3117//4186 3116//4186 3516//4186 
f 3516//4186 3126//4186 3127//4186 
f 3516//4186 3145//4186 3144//4186 
f 3152//4186 3150//4186 3516//4186 
f 3518//4186 2344//4186 2343//4186 
f 2348//4186 2347//4186 3518//4186 
f 3518//4186 2378//4186 2377//4186 
f 2562//4186 2559//4186 3517//4186 
f 2587//4186 2584//4186 3517//4186 
f 3517//4186 2599//4186 2598//4186 
f 2612//4186 2609//4186 3517//4186 
f 3517//4186 2630//4186 2629//4186 
f 2639//4186 2636//4186 3517//4186 
f 3517//4186 2664//4186 2663//4186 
f 3048//4186 3045//4186 3516//4186 
f 3051//4186 3050//4186 3516//4186 
f 3516//4186 3081//4186 3080//4186 
f 3102//4186 3099//4186 3516//4186 
f 3516//4186 3114//4186 3113//4186 
f 3127//4186 3124//4186 3516//4186 
f 3516//4186 3143//4186 3142//4186 
f 3146//4186 3145//4186 3516//4186 
f 3516//4186 3155//4186 3156//4186 
f 3516//4186 3157//4186 3158//4186 
f 2345//4186 2344//4186 3518//4186 
f 3518//4186 2352//4186 2353//4186 
f 3518//4186 2375//4186 2374//4186 
f 2377//4186 2376//4186 3518//4186 
f 2563//4186 2561//4186 3517//4186 
f 3517//4186 2588//4186 2589//4186 
f 2600//4186 2599//4186 3517//4186 
f 3517//4186 2613//4186 2614//4186 
f 3517//4186 2628//4186 2627//4186 
f 2631//4186 2630//4186 3517//4186 
f 2663//4186 2662//4186 3517//4186 
f 3517//4186 2665//4186 2666//4186 
f 3049//4186 3047//4186 3516//4186 
f 3516//4186 3076//4186 3077//4186 
f 3082//4186 3081//4186 3516//4186 
f 3516//4186 3103//4186 3104//4186 
f 3115//4186 3114//4186 3516//4186 
f 3516//4186 3128//4186 3129//4186 
f 3144//4186 3143//4186 3516//4186 
f 3158//4186 3155//4186 3516//4186 
f 3518//4186 2342//4186 2341//4186 
f 2353//4186 2350//4186 3518//4186 
f 2376//4186 2375//4186 3518//4186 
f 3518//4186 2379//4186 2380//4186 
f 3518//4186 2434//4186 2433//4186 
f 2589//4186 2586//4186 3517//4186 
f 3517//4186 2591//4186 2590//4186 
f 3517//4186 2597//4186 2596//4186 
f 2614//4186 2611//4186 3517//4186 
f 2629//4186 2628//4186 3517//4186 
f 3517//4186 2640//4186 2641//4186 
f 3517//4186 2661//4186 2660//4186 
f 2666//4186 2664//4186 3517//4186 
f 3077//4186 3074//4186 3516//4186 
f 3516//4186 3079//4186 3078//4186 
f 3104//4186 3101//4186 3516//4186 
f 3516//4186 3106//4186 3105//4186 
f 3516//4186 3112//4186 3111//4186 
f 3129//4186 3126//4186 3516//4186 
f 3516//4186 3141//4186 3140//4186 
f 3156//4186 3153//4186 3516//4186 
f 2343//4186 2342//4186 3518//4186 
f 3518//4186 2354//4186 2355//4186 
f 3518//4186 2373//4186 2372//4186 
f 2380//4186 2378//4186 3518//4186 
f 3518//4186 2407//4186 2406//4186 
f 2433//4186 2432//4186 3518//4186 
f 3518//4186 2436//4186 2435//4186 
f 2590//4186 2588//4186 3517//4186 
f 3517//4186 2593//4186 2592//4186 
f 3517//4186 2595//4186 2594//4186 
f 2598//4186 2597//4186 3517//4186 
f 3517//4186 2626//4186 2625//4186 
f 2641//4186 2638//4186 3517//4186 
f 3517//4186 2659//4186 2658//4186 
f 2662//4186 2661//4186 3517//4186 
f 3078//4186 3076//4186 3516//4186 
f 3105//4186 3103//4186 3516//4186 
f 3516//4186 3110//4186 3109//4186 
f 3113//4186 3112//4186 3516//4186 
f 3516//4186 3139//4186 3138//4186 
f 3142//4186 3141//4186 3516//4186 
f 3518//4186 2340//4186 2339//4186 
f 2355//4186 2352//4186 3518//4186 
f 2374//4186 2373//4186 3518//4186 
f 3518//4186 2381//4186 2382//4186 
f 3518//4186 2404//4186 2403//4186 
f 2406//4186 2405//4186 3518//4186 
f 3518//4186 2431//4186 2430//4186 
f 2435//4186 2434//4186 3518//4186 
f 2592//4186 2591//4186 3517//4186 
f 2596//4186 2595//4186 3517//4186 
f 2627//4186 2626//4186 3517//4186 
f 3517//4186 2642//4186 2643//4186 
f 2660//4186 2659//4186 3517//4186 
f 3517//4186 2667//4186 2668//4186 
f 3080//4186 3079//4186 3516//4186 
f 3516//4186 3108//4186 3107//4186 
f 3111//4186 3110//4186 3516//4186 
f 3516//4186 3130//4186 3131//4186 
f 3516//4186 3137//4186 3136//4186 
f 3140//4186 3139//4186 3516//4186 
f 3516//4186 3159//4186 3160//4186 
f 3516//4186 3161//4186 3162//4186 
f 2341//4186 2340//4186 3518//4186 
f 3518//4186 2356//4186 2357//4186 
f 3518//4186 2371//4186 2370//4186 
f 2382//4186 2379//4186 3518//4186 
f 2405//4186 2404//4186 3518//4186 
f 3518//4186 2408//4186 2409//4186 
f 2432//4186 2431//4186 3518//4186 
f 3518//4186 2437//4186 2438//4186 
f 2594//4186 2593//4186 3517//4186 
f 3517//4186 2615//4186 2616//4186 
f 3517//4186 2624//4186 2623//4186 
f 2643//4186 2640//4186 3517//4186 
f 2668//4186 2665//4186 3517//4186 
f 3517//4186 2669//4186 2670//4186 
f 3517//4186 2693//4186 2692//4186 
f 3107//4186 3106//4186 3516//4186 
f 3131//4186 3128//4186 3516//4186 
f 3138//4186 3137//4186 3516//4186 
f 3162//4186 3159//4186 3516//4186 
f 3518//4186 2338//4186 2337//4186 
f 2357//4186 2354//4186 3518//4186 
f 2372//4186 2371//4186 3518//4186 
f 3518//4186 2383//4186 2384//4186 
f 3518//4186 2402//4186 2401//4186 
f 2409//4186 2407//4186 3518//4186 
f 3518//4186 2429//4186 2428//4186 
f 2438//4186 2436//4186 3518//4186 
f 3518//4186 2463//4186 2462//4186 
f 2616//4186 2613//4186 3517//4186 
f 3517//4186 2617//4186 2618//4186 
f 3517//4186 2622//4186 2621//4186 
f 2625//4186 2624//4186 3517//4186 
f 3517//4186 2657//4186 2656//4186 
f 2670//4186 2667//4186 3517//4186 
f 3517//4186 2690//4186 2689//4186 
f 2692//4186 2691//4186 3517//4186 
f 3109//4186 3108//4186 3516//4186 
f 3516//4186 3132//4186 3133//4186 
f 3516//4186 3135//4186 3134//4186 
f 3160//4186 3157//4186 3516//4186 
f 2339//4186 2338//4186 3518//4186 
f 3518//4186 2358//4186 2359//4186 
f 3518//4186 2369//4186 2368//4186 
f 2384//4186 2381//4186 3518//4186 
f 2403//4186 2402//4186 3518//4186 
f 3518//4186 2410//4186 2411//4186 
f 2430//4186 2429//4186 3518//4186 
f 3518//4186 2439//4186 2440//4186 
f 2462//4186 2461//4186 3518//4186 
f 3518//4186 2464//4186 2465//4186 
f 2618//4186 2615//4186 3517//4186 
f 3517//4186 2620//4186 2619//4186 
f 2623//4186 2622//4186 3517//4186 
f 3517//4186 2644//4186 2645//4186 
f 3517//4186 2651//4186 2650//4186 
f 3517//4186 2653//4186 2652//4186 
f 3517//4186 2655//4186 2654//4186 
f 2658//4186 2657//4186 3517//4186 
f 2691//4186 2690//4186 3517//4186 
f 3517//4186 2694//4186 2695//4186 
f 3133//4186 3130//4186 3516//4186 
f 3136//4186 3135//4186 3516//4186 
f 3518//4186 2334//4186 2333//4186 
f 3518//4186 2336//4186 2335//4186 
f 2359//4186 2356//4186 3518//4186 
f 2370//4186 2369//4186 3518//4186 
f 3518//4186 2385//4186 2386//4186 
f 3518//4186 2400//4186 2399//4186 
f 2411//4186 2408//4186 3518//4186 
f 3518//4186 2427//4186 2426//4186 
f 2440//4186 2437//4186 3518//4186 
f 3518//4186 2460//4186 2459//4186 
f 2465//4186 2463//4186 3518//4186 
f 2619//4186 2617//4186 3517//4186 
f 2645//4186 2642//4186 3517//4186 
f 2652//4186 2651//4186 3517//4186 
f 2656//4186 2655//4186 3517//4186 
f 3517//4186 2688//4186 2687//4186 
f 2695//4186 2693//4186 3517//4186 
f 3134//4186 3132//4186 3516//4186 
f 2333//4186 3516//4186 3518//4186 
f 2337//4186 2336//4186 3518//4186 
f 3518//4186 2360//4186 2361//4186 
f 3518//4186 2367//4186 2366//4186 
f 2386//4186 2383//4186 3518//4186 
f 2401//4186 2400//4186 3518//4186 
f 3518//4186 2412//4186 2413//4186 
f 2428//4186 2427//4186 3518//4186 
f 3518//4186 2441//4186 2442//4186 
f 2461//4186 2460//4186 3518//4186 
f 3518//4186 2466//4186 2467//4186 
f 3518//4186 2492//4186 2491//4186 
f 2621//4186 2620//4186 3517//4186 
f 3517//4186 2646//4186 2647//4186 
f 3517//4186 2649//4186 2648//4186 
f 2654//4186 2653//4186 3517//4186 
f 2689//4186 2688//4186 3517//4186 
f 3517//4186 2696//4186 2697//4186 
f 2333//4186 3161//4186 3516//4186 
f 2361//4186 2358//4186 3518//4186 
f 3518//4186 2365//4186 2364//4186 
f 2368//4186 2367//4186 3518//4186 
f 3518//4186 2398//4186 2397//4186 
f 2413//4186 2410//4186 3518//4186 
f 3518//4186 2425//4186 2424//4186 
f 2442//4186 2439//4186 3518//4186 
f 3518//4186 2458//4186 2457//4186 
f 2467//4186 2464//4186 3518//4186 
f 2491//4186 2490//4186 3518//4186 
f 3518//4186 2493//4186 2494//4186 
f 2647//4186 2644//4186 3517//4186 
f 2650//4186 2649//4186 3517//4186 
f 3517//4186 2686//4186 2685//4186 
f 2697//4186 2694//4186 3517//4186 
f 2335//4186 2334//4186 3518//4186 
f 3518//4186 2363//4186 2362//4186 
f 2366//4186 2365//4186 3518//4186 
f 3518//4186 2387//4186 2388//4186 
f 2399//4186 2398//4186 3518//4186 
f 3518//4186 2414//4186 2415//4186 
f 2426//4186 2425//4186 3518//4186 
f 3518//4186 2443//4186 2444//4186 
f 2459//4186 2458//4186 3518//4186 
f 3518//4186 2468//4186 2469//4186 
f 3518//4186 2489//4186 2488//4186 
f 2494//4186 2492//4186 3518//4186 
f 2648//4186 2646//4186 3517//4186 
f 3517//4186 2671//4186 2672//4186 
f 2687//4186 2686//4186 3517//4186 
f 3517//4186 2698//4186 2699//4186 
f 3517//4186 2722//4186 2721//4186 
f 2362//4186 2360//4186 3518//4186 
f 2388//4186 2385//4186 3518//4186 
f 3518//4186 2396//4186 2395//4186 
f 2415//4186 2412//4186 3518//4186 
f 3518//4186 2423//4186 2422//4186 
f 2444//4186 2441//4186 3518//4186 
f 3518//4186 2456//4186 2455//4186 
f 2469//4186 2466//4186 3518//4186 
f 2490//4186 2489//4186 3518//4186 
f 3518//4186 2495//4186 2496//4186 
f 3518//4186 2521//4186 2520//4186 
f 2672//4186 2669//4186 3517//4186 
f 3517//4186 2673//4186 2674//4186 
f 3517//4186 2684//4186 2683//4186 
f 2699//4186 2696//4186 3517//4186 
f 3517//4186 2719//4186 2718//4186 
f 2721//4186 2720//4186 3517//4186 
f 2364//4186 2363//4186 3518//4186 
f 3518//4186 2389//4186 2390//4186 
f 3518//4186 2394//4186 2393//4186 
f 2397//4186 2396//4186 3518//4186 
f 2424//4186 2423//4186 3518//4186 
f 3518//4186 2445//4186 2446//4186 
f 2457//4186 2456//4186 3518//4186 
f 3518//4186 2470//4186 2471//4186 
f 3518//4186 2487//4186 2486//4186 
f 2496//4186 2493//4186 3518//4186 
f 3518//4186 2518//4186 2517//4186 
f 2520//4186 2519//4186 3518//4186 
f 2674//4186 2671//4186 3517//4186 
f 3517//4186 2675//4186 2676//4186 
f 3517//4186 2682//4186 2681//4186 
f 2685//4186 2684//4186 3517//4186 
f 2720//4186 2719//4186 3517//4186 
f 3517//4186 2723//4186 2724//4186 
f 2390//4186 2387//4186 3518//4186 
f 3518//4186 2392//4186 2391//4186 
f 2395//4186 2394//4186 3518//4186 
f 3518//4186 2416//4186 2417//4186 
f 3518//4186 2421//4186 2420//4186 
f 2446//4186 2443//4186 3518//4186 
f 3518//4186 2454//4186 2453//4186 
f 2471//4186 2468//4186 3518//4186 
f 3518//4186 2485//4186 2484//4186 
f 2488//4186 2487//4186 3518//4186 
f 2519//4186 2518//4186 3518//4186 
f 3518//4186 2522//4186 2523//4186 
f 2676//4186 2673//4186 3517//4186 
f 3517//4186 2678//4186 2677//4186 
f 3517//4186 2680//4186 2679//4186 
f 2683//4186 2682//4186 3517//4186 
f 3517//4186 2717//4186 2716//4186 
f 2724//4186 2722//4186 3517//4186 
f 2391//4186 2389//4186 3518//4186 
f 2417//4186 2414//4186 3518//4186 
f 3518//4186 2419//4186 2418//4186 
f 2422//4186 2421//4186 3518//4186 
f 3518//4186 2452//4186 2451//4186 
f 2455//4186 2454//4186 3518//4186 
f 2486//4186 2485//4186 3518//4186 
f 3518//4186 2497//4186 2498//4186 
f 3518//4186 2516//4186 2515//4186 
f 2523//4186 2521//4186 3518//4186 
f 2677//4186 2675//4186 3517//4186 
f 2681//4186 2680//4186 3517//4186 
f 3517//4186 2715//4186 2714//4186 
f 2718//4186 2717//4186 3517//4186 
f 2393//4186 2392//4186 3518//4186 
f 2420//4186 2419//4186 3518//4186 
f 2453//4186 2452//4186 3518//4186 
f 3518//4186 2472//4186 2473//4186 
f 3518//4186 2483//4186 2482//4186 
f 2498//4186 2495//4186 3518//4186 
f 3518//4186 2514//4186 2513//4186 
f 2517//4186 2516//4186 3518//4186 
f 3518//4186 2524//4186 2525//4186 
f 2679//4186 2678//4186 3517//4186 
f 3517//4186 2700//4186 2701//4186 
f 3517//4186 2711//4186 2710//4186 
f 3517//4186 2713//4186 2712//4186 
f 2716//4186 2715//4186 3517//4186 
f 3517//4186 2725//4186 2726//4186 
f 2418//4186 2416//4186 3518//4186 
f 3518//4186 2448//4186 2447//4186 
f 3518//4186 2450//4186 2449//4186 
f 2473//4186 2470//4186 3518//4186 
f 2484//4186 2483//4186 3518//4186 
f 3518//4186 2499//4186 2500//4186 
f 2515//4186 2514//4186 3518//4186 
f 3518//4186 2527//4186 2524//4186 
f 2701//4186 2698//4186 3517//4186 
f 3517//4186 2702//4186 2703//4186 
f 3517//4186 2707//4186 2706//4186 
f 3517//4186 2709//4186 2708//4186 
f 2712//4186 2711//4186 3517//4186 
f 2726//4186 2723//4186 3517//4186 
f 2447//4186 2445//4186 3518//4186 
f 2451//4186 2450//4186 3518//4186 
f 3518//4186 2481//4186 2480//4186 
f 2500//4186 2497//4186 3518//4186 
f 3518//4186 2512//4186 2511//4186 
f 2525//4186 2522//4186 3518//4186 
f 3518//4186 2528//4186 2529//4186 
f 2703//4186 2700//4186 3517//4186 
f 3517//4186 2704//4186 2705//4186 
f 2708//4186 2707//4186 3517//4186 
f 2714//4186 2713//4186 3517//4186 
f 2449//4186 2448//4186 3518//4186 
f 3518//4186 2474//4186 2475//4186 
f 2482//4186 2481//4186 3518//4186 
f 3518//4186 2501//4186 2502//4186 
f 2513//4186 2512//4186 3518//4186 
f 2529//4186 2526//4186 3518//4186 
f 2705//4186 2702//4186 3517//4186 
f 2710//4186 2709//4186 3517//4186 
f 3517//4186 2727//4186 2728//4186 
f 2475//4186 2472//4186 3518//4186 
f 3518//4186 2477//4186 2476//4186 
f 3518//4186 2479//4186 2478//4186 
f 2502//4186 2499//4186 3518//4186 
f 3518//4186 2510//4186 2509//4186 
f 2526//4186 2527//4186 3518//4186 
f 2706//4186 2704//4186 3517//4186 
f 3517//4186 2730//4186 2727//4186 
f 3517//4186 2731//4186 2732//4186 
f 2476//4186 2474//4186 3518//4186 
f 2480//4186 2479//4186 3518//4186 
f 3518//4186 2508//4186 2507//4186 
f 2511//4186 2510//4186 3518//4186 
f 2728//4186 2725//4186 3517//4186 
f 2732//4186 2729//4186 3517//4186 
f 3517//4186 2733//4186 2734//4186 
f 3517//4186 2742//4186 2741//4186 
f 3517//4186 2746//4186 2745//4186 
f 2478//4186 2477//4186 3518//4186 
f 3518//4186 2503//4186 2504//4186 
f 3518//4186 2506//4186 2505//4186 
f 2509//4186 2508//4186 3518//4186 
f 2729//4186 2730//4186 3517//4186 
f 3517//4186 2735//4186 2733//4186 
f 3517//4186 2738//4186 2737//4186 
f 3517//4186 2743//4186 2742//4186 
f 2745//4186 2744//4186 3517//4186 
f 2504//4186 2501//4186 3518//4186 
f 2507//4186 2506//4186 3518//4186 
f 3518//4186 2530//4186 2531//4186 
f 3518//4186 3517//4186 2541//4186 
f 2734//4186 2731//4186 3517//4186 
f 2737//4186 2736//4186 3517//4186 
f 3517//4186 2740//4186 2739//4186 
f 2744//4186 2743//4186 3517//4186 
f 2505//4186 2503//4186 3518//4186 
f 3518//4186 2533//4186 2530//4186 
f 3518//4186 2535//4186 2534//4186 
f 3518//4186 2539//4186 2538//4186 
f 2541//4186 2540//4186 3518//4186 
f 2736//4186 2735//4186 3517//4186 
f 2741//4186 2740//4186 3517//4186 
f 3517//4186 3515//4186 2748//4186 
f 2531//4186 2528//4186 3518//4186 
f 2534//4186 2532//4186 3518//4186 
f 3518//4186 2537//4186 2536//4186 
f 2540//4186 2539//4186 3518//4186 
f 2739//4186 2738//4186 3517//4186 
f 2748//4186 2747//4186 3517//4186 
f 2532//4186 2533//4186 3518//4186 
f 2538//4186 2537//4186 3518//4186 
f 2747//4186 2746//4186 3517//4186 
f 2536//4186 2535//4186 3518//4186 
f 2749//4186 2748//4186 3515//4186 
f 2542//4186 2541//4186 3517//4186 
o mesh7
f 3519//4187 3367//4187 3366//4187 
f 3519//4187 3370//4187 3369//4187 
f 3519//4187 3372//4187 3371//4187 
f 3519//4187 3374//4187 3373//4187 
f 3519//4187 3383//4187 3382//4187 
f 3519//4187 3395//4187 3394//4187 
f 3519//4187 3368//4187 3367//4187 
f 3371//4187 3370//4187 3519//4187 
f 3519//4187 3375//4187 3374//4187 
f 3519//4187 3381//4187 3380//4187 
f 3519//4187 3384//4187 3383//4187 
f 3519//4187 3392//4187 3391//4187 
f 3394//4187 3393//4187 3519//4187 
f 3519//4187 3352//4187 3351//4187 
f 3519//4187 3355//4187 3354//4187 
f 3519//4187 3364//4187 3363//4187 
f 3369//4187 3368//4187 3519//4187 
f 3519//4187 3376//4187 3375//4187 
f 3380//4187 3379//4187 3519//4187 
f 3519//4187 3385//4187 3384//4187 
f 3519//4187 3387//4187 3386//4187 
f 3393//4187 3392//4187 3519//4187 
f 3519//4187 3399//4187 3398//4187 
f 3519//4187 3401//4187 3400//4187 
f 3519//4187 3349//4187 3348//4187 
f 3519//4187 3353//4187 3352//4187 
f 3519//4187 3356//4187 3355//4187 
f 3519//4187 3358//4187 3357//4187 
f 3519//4187 3360//4187 3359//4187 
f 3519//4187 3362//4187 3361//4187 
f 3519//4187 3365//4187 3364//4187 
f 3373//4187 3372//4187 3519//4187 
f 3519//4187 3378//4187 3377//4187 
f 3382//4187 3381//4187 3519//4187 
f 3519//4187 3388//4187 3387//4187 
f 3519//4187 3390//4187 3389//4187 
f 3519//4187 3396//4187 3395//4187 
f 3400//4187 3399//4187 3519//4187 
f 3519//4187 3405//4187 3404//4187 
f 3520//4187 3444//4187 3443//4187 
f 3520//4187 3447//4187 3446//4187 
f 3520//4187 3472//4187 3471//4187 
f 3519//4187 3350//4187 3349//4187 
f 3354//4187 3353//4187 3519//4187 
f 3359//4187 3358//4187 3519//4187 
f 3363//4187 3362//4187 3519//4187 
f 3377//4187 3376//4187 3519//4187 
f 3386//4187 3385//4187 3519//4187 
f 3391//4187 3390//4187 3519//4187 
f 3398//4187 3397//4187 3519//4187 
f 3404//4187 3403//4187 3519//4187 
f 3519//4187 3420//4187 3419//4187 
f 3519//4187 3422//4187 3421//4187 
f 3520//4187 3433//4187 3432//4187 
f 3520//4187 3445//4187 3444//4187 
f 3520//4187 3448//4187 3447//4187 
f 3520//4187 3451//4187 3450//4187 
f 3520//4187 3458//4187 3457//4187 
f 3471//4187 3470//4187 3520//4187 
f 3521//4187 3261//4187 3260//4187 
f 3351//4187 3350//4187 3519//4187 
f 3361//4187 3360//4187 3519//4187 
f 3379//4187 3378//4187 3519//4187 
f 3397//4187 3396//4187 3519//4187 
f 3403//4187 3402//4187 3519//4187 
f 3519//4187 3408//4187 3407//4187 
f 3519//4187 3417//4187 3416//4187 
f 3421//4187 3420//4187 3519//4187 
f 3519//4187 3424//4187 3423//4187 
f 3519//4187 3427//4187 3426//4187 
f 3520//4187 3434//4187 3433//4187 
f 3520//4187 3436//4187 3435//4187 
f 3520//4187 3441//4187 3440//4187 
f 3443//4187 3442//4187 3520//4187 
f 3520//4187 3449//4187 3448//4187 
f 3520//4187 3452//4187 3451//4187 
f 3520//4187 3454//4187 3453//4187 
f 3457//4187 3456//4187 3520//4187 
f 3520//4187 3463//4187 3462//4187 
f 3520//4187 3465//4187 3464//4187 
f 3470//4187 3469//4187 3520//4187 
f 3521//4187 3259//4187 3258//4187 
f 3521//4187 3262//4187 3261//4187 
f 3521//4187 3313//4187 3312//4187 
f 3521//4187 3318//4187 3317//4187 
f 3519//4187 3344//4187 3343//4187 
f 3357//4187 3356//4187 3519//4187 
f 3389//4187 3388//4187 3519//4187 
f 3519//4187 3406//4187 3405//4187 
f 3519//4187 3409//4187 3408//4187 
f 3519//4187 3418//4187 3417//4187 
f 3423//4187 3422//4187 3519//4187 
f 3426//4187 3425//4187 3519//4187 
f 3520//4187 3428//4187 3427//4187 
f 3520//4187 3430//4187 3429//4187 
f 3432//4187 3431//4187 3520//4187 
f 3520//4187 3437//4187 3436//4187 
f 3520//4187 3439//4187 3438//4187 
f 3442//4187 3441//4187 3520//4187 
f 3450//4187 3449//4187 3520//4187 
f 3520//4187 3455//4187 3454//4187 
f 3520//4187 3459//4187 3458//4187 
f 3520//4187 3461//4187 3460//4187 
f 3464//4187 3463//4187 3520//4187 
f 3520//4187 3467//4187 3466//4187 
f 3469//4187 3468//4187 3520//4187 
f 3520//4187 3493//4187 3492//4187 
f 3260//4187 3259//4187 3521//4187 
f 3521//4187 3264//4187 3263//4187 
f 3521//4187 3266//4187 3265//4187 
f 3521//4187 3268//4187 3267//4187 
f 3521//4187 3277//4187 3276//4187 
f 3521//4187 3279//4187 3278//4187 
f 3521//4187 3300//4187 3299//4187 
f 3521//4187 3314//4187 3313//4187 
f 3521//4187 3319//4187 3318//4187 
f 3521//4187 3323//4187 3322//4187 
f 3519//4187 3345//4187 3344//4187 
f 3519//4187 3347//4187 3346//4187 
f 3366//4187 3365//4187 3519//4187 
f 3407//4187 3406//4187 3519//4187 
f 3519//4187 3411//4187 3410//4187 
f 3519//4187 3413//4187 3412//4187 
f 3419//4187 3418//4187 3519//4187 
f 3427//4187 3519//4187 3520//4187 
f 3431//4187 3430//4187 3520//4187 
f 3438//4187 3437//4187 3520//4187 
f 3446//4187 3445//4187 3520//4187 
f 3456//4187 3455//4187 3520//4187 
f 3462//4187 3461//4187 3520//4187 
f 3468//4187 3467//4187 3520//4187 
f 3520//4187 3475//4187 3474//4187 
f 3520//4187 3485//4187 3484//4187 
f 3520//4187 3489//4187 3488//4187 
f 3492//4187 3491//4187 3520//4187 
f 3520//4187 3498//4187 3497//4187 
f 3520//4187 3500//4187 3499//4187 
f 3520//4187 3502//4187 3501//4187 
f 3522//4187 3188//4187 3187//4187 
f 3522//4187 3226//4187 3225//4187 
f 3522//4187 3228//4187 3227//4187 
f 3522//4187 3231//4187 3230//4187 
f 3522//4187 3234//4187 3233//4187 
f 3521//4187 3257//4187 3256//4187 
f 3263//4187 3262//4187 3521//4187 
f 3267//4187 3266//4187 3521//4187 
f 3521//4187 3274//4187 3273//4187 
f 3278//4187 3277//4187 3521//4187 
f 3521//4187 3287//4187 3286//4187 
f 3521//4187 3290//4187 3289//4187 
f 3521//4187 3301//4187 3300//4187 
f 3521//4187 3307//4187 3306//4187 
f 3521//4187 3309//4187 3308//4187 
f 3521//4187 3315//4187 3314//4187 
f 3317//4187 3316//4187 3521//4187 
f 3521//4187 3321//4187 3320//4187 
f 3521//4187 3324//4187 3323//4187 
f 3346//4187 3345//4187 3519//4187 
f 3402//4187 3401//4187 3519//4187 
f 3412//4187 3411//4187 3519//4187 
f 3519//4187 3415//4187 3414//4187 
f 3425//4187 3424//4187 3519//4187 
f 3435//4187 3434//4187 3520//4187 
f 3453//4187 3452//4187 3520//4187 
f 3466//4187 3465//4187 3520//4187 
f 3520//4187 3476//4187 3475//4187 
f 3520//4187 3478//4187 3477//4187 
f 3520//4187 3480//4187 3479//4187 
f 3520//4187 3486//4187 3485//4187 
f 3488//4187 3487//4187 3520//4187 
f 3491//4187 3490//4187 3520//4187 
f 3520//4187 3495//4187 3494//4187 
f 3497//4187 3496//4187 3520//4187 
f 3501//4187 3500//4187 3520//4187 
f 3520//4187 3505//4187 3504//4187 
f 3522//4187 3170//4187 3169//4187 
f 3522//4187 3186//4187 3185//4187 
f 3522//4187 3189//4187 3188//4187 
f 3522//4187 3191//4187 3190//4187 
f 3522//4187 3206//4187 3205//4187 
f 3522//4187 3214//4187 3213//4187 
f 3522//4187 3223//4187 3222//4187 
f 3225//4187 3224//4187 3522//4187 
f 3522//4187 3229//4187 3228//4187 
f 3522//4187 3232//4187 3231//4187 
f 3522//4187 3235//4187 3234//4187 
f 3522//4187 3237//4187 3236//4187 
f 3521//4187 3254//4187 3253//4187 
f 3256//4187 3255//4187 3521//4187 
f 3265//4187 3264//4187 3521//4187 
f 3521//4187 3270//4187 3269//4187 
f 3521//4187 3272//4187 3271//4187 
f 3521//4187 3275//4187 3274//4187 
f 3521//4187 3280//4187 3279//4187 
f 3521//4187 3282//4187 3281//4187 
f 3286//4187 3285//4187 3521//4187 
f 3289//4187 3288//4187 3521//4187 
f 3521//4187 3295//4187 3294//4187 
f 3521//4187 3302//4187 3301//4187 
f 3308//4187 3307//4187 3521//4187 
f 3521//4187 3311//4187 3310//4187 
f 3316//4187 3315//4187 3521//4187 
f 3322//4187 3321//4187 3521//4187 
f 3521//4187 3326//4187 3325//4187 
f 3521//4187 3328//4187 3327//4187 
f 3519//4187 3342//4187 3341//4187 
f 3348//4187 3347//4187 3519//4187 
f 3414//4187 3413//4187 3519//4187 
f 3429//4187 3428//4187 3520//4187 
f 3460//4187 3459//4187 3520//4187 
f 3474//4187 3473//4187 3520//4187 
f 3479//4187 3478//4187 3520//4187 
f 3520//4187 3482//4187 3481//4187 
f 3487//4187 3486//4187 3520//4187 
f 3494//4187 3493//4187 3520//4187 
f 3499//4187 3498//4187 3520//4187 
f 3504//4187 3503//4187 3520//4187 
f 3522//4187 3171//4187 3170//4187 
f 3522//4187 3178//4187 3177//4187 
f 3522//4187 3180//4187 3179//4187 
f 3185//4187 3184//4187 3522//4187 
f 3190//4187 3189//4187 3522//4187 
f 3522//4187 3202//4187 3201//4187 
f 3522//4187 3207//4187 3206//4187 
f 3522//4187 3212//4187 3211//4187 
f 3522//4187 3215//4187 3214//4187 
f 3522//4187 3220//4187 3219//4187 
f 3224//4187 3223//4187 3522//4187 
f 3230//4187 3229//4187 3522//4187 
f 3236//4187 3235//4187 3522//4187 
f 3255//4187 3254//4187 3521//4187 
f 3269//4187 3268//4187 3521//4187 
f 3273//4187 3272//4187 3521//4187 
f 3281//4187 3280//4187 3521//4187 
f 3288//4187 3287//4187 3521//4187 
f 3294//4187 3293//4187 3521//4187 
f 3299//4187 3298//4187 3521//4187 
f 3521//4187 3304//4187 3303//4187 
f 3306//4187 3305//4187 3521//4187 
f 3312//4187 3311//4187 3521//4187 
f 3325//4187 3324//4187 3521//4187 
f 3521//4187 3329//4187 3328//4187 
f 3521//4187 3332//4187 3331//4187 
f 3341//4187 3340//4187 3519//4187 
f 3410//4187 3409//4187 3519//4187 
f 3440//4187 3439//4187 3520//4187 
f 3477//4187 3476//4187 3520//4187 
f 3520//4187 3483//4187 3482//4187 
f 3490//4187 3489//4187 3520//4187 
f 3503//4187 3502//4187 3520//4187 
f 3520//4187 3507//4187 3506//4187 
f 3520//4187 3513//4187 3512//4187 
f 3520//4187 3164//4187 3514//4187 
f 3522//4187 3163//4187 3164//4187 
f 3522//4187 3166//4187 3165//4187 
f 3522//4187 3172//4187 3171//4187 
f 3522//4187 3174//4187 3173//4187 
f 3522//4187 3176//4187 3175//4187 
f 3179//4187 3178//4187 3522//4187 
f 3522//4187 3182//4187 3181//4187 
f 3187//4187 3186//4187 3522//4187 
f 3522//4187 3193//4187 3192//4187 
f 3522//4187 3198//4187 3197//4187 
f 3522//4187 3203//4187 3202//4187 
f 3522//4187 3208//4187 3207//4187 
f 3522//4187 3210//4187 3209//4187 
f 3213//4187 3212//4187 3522//4187 
f 3522//4187 3217//4187 3216//4187 
f 3219//4187 3218//4187 3522//4187 
f 3222//4187 3221//4187 3522//4187 
f 3233//4187 3232//4187 3522//4187 
f 3522//4187 3239//4187 3238//4187 
f 3522//4187 3244//4187 3243//4187 
f 3522//4187 3246//4187 3245//4187 
f 3258//4187 3257//4187 3521//4187 
f 3276//4187 3275//4187 3521//4187 
f 3521//4187 3291//4187 3290//4187 
f 3293//4187 3292//4187 3521//4187 
f 3303//4187 3302//4187 3521//4187 
f 3310//4187 3309//4187 3521//4187 
f 3327//4187 3326//4187 3521//4187 
f 3331//4187 3330//4187 3521//4187 
f 3521//4187 3334//4187 3333//4187 
f 3521//4187 3336//4187 3335//4187 
f 3343//4187 3342//4187 3519//4187 
f 3473//4187 3472//4187 3520//4187 
f 3484//4187 3483//4187 3520//4187 
f 3506//4187 3505//4187 3520//4187 
f 3514//4187 3513//4187 3520//4187 
f 3165//4187 3163//4187 3522//4187 
f 3522//4187 3168//4187 3167//4187 
f 3173//4187 3172//4187 3522//4187 
f 3177//4187 3176//4187 3522//4187 
f 3522//4187 3183//4187 3182//4187 
f 3192//4187 3191//4187 3522//4187 
f 3522//4187 3195//4187 3194//4187 
f 3197//4187 3196//4187 3522//4187 
f 3201//4187 3200//4187 3522//4187 
f 3209//4187 3208//4187 3522//4187 
f 3216//4187 3215//4187 3522//4187 
f 3221//4187 3220//4187 3522//4187 
f 3238//4187 3237//4187 3522//4187 
f 3522//4187 3241//4187 3240//4187 
f 3245//4187 3244//4187 3522//4187 
f 3522//4187 3248//4187 3247//4187 
f 3521//4187 3252//4187 3251//4187 
f 3271//4187 3270//4187 3521//4187 
f 3521//4187 3284//4187 3283//4187 
f 3292//4187 3291//4187 3521//4187 
f 3521//4187 3297//4187 3296//4187 
f 3305//4187 3304//4187 3521//4187 
f 3330//4187 3329//4187 3521//4187 
f 3335//4187 3334//4187 3521//4187 
f 3416//4187 3415//4187 3519//4187 
f 3496//4187 3495//4187 3520//4187 
f 3520//4187 3509//4187 3508//4187 
f 3520//4187 3511//4187 3510//4187 
f 3164//4187 3520//4187 3522//4187 
f 3169//4187 3168//4187 3522//4187 
f 3181//4187 3180//4187 3522//4187 
f 3194//4187 3193//4187 3522//4187 
f 3522//4187 3199//4187 3198//4187 
f 3522//4187 3204//4187 3203//4187 
f 3211//4187 3210//4187 3522//4187 
f 3227//4187 3226//4187 3522//4187 
f 3522//4187 3242//4187 3241//4187 
f 3247//4187 3246//4187 3522//4187 
f 3522//4187 3251//4187 3250//4187 
f 3253//4187 3252//4187 3521//4187 
f 3285//4187 3284//4187 3521//4187 
f 3298//4187 3297//4187 3521//4187 
f 3333//4187 3332//4187 3521//4187 
f 3481//4187 3480//4187 3520//4187 
f 3510//4187 3509//4187 3520//4187 
f 3167//4187 3166//4187 3522//4187 
f 3184//4187 3183//4187 3522//4187 
f 3200//4187 3199//4187 3522//4187 
f 3218//4187 3217//4187 3522//4187 
f 3243//4187 3242//4187 3522//4187 
f 3250//4187 3249//4187 3522//4187 
f 3283//4187 3282//4187 3521//4187 
f 3320//4187 3319//4187 3521//4187 
f 3521//4187 3338//4187 3337//4187 
f 3521//4187 3519//4187 3339//4187 
f 3508//4187 3507//4187 3520//4187 
f 3175//4187 3174//4187 3522//4187 
f 3205//4187 3204//4187 3522//4187 
f 3249//4187 3248//4187 3522//4187 
f 3296//4187 3295//4187 3521//4187 
f 3339//4187 3338//4187 3521//4187 
f 3512//4187 3511//4187 3520//4187 
f 3240//4187 3239//4187 3522//4187 
f 3337//4187 3336//4187 3521//4187 
f 3196//4187 3195//4187 3522//4187 
f 3340//4187 3339//4187 3519//4187 
f 3251//4187 3522//4187 3521//4187 
o mesh8
f 3517//4188 3519//4188 3521//4188 
f 3521//4188 3515//4188 3517//4188 
o mesh9
f 3516//4189 3522//4189 3520//4189 
f 3520//4189 3518//4189 3516//4189 
o mesh10
f 3516//4190 3515//4190 3523//4190 
f 3515//4190 3521//4190 3524//4190 
f 3521//4190 3522//4190 3525//4190 
f 3522//4190 3516//4190 3526//4190 
f 3524//4190 3523//4190 3515//4190 
f 3526//4190 3525//4190 3522//4190 
f 3525//4190 3524//4190 3521//4190 
f 3523//4190 3526//4190 3516//4190 
o mesh11
f 3527//4191 3523//4191 3524//4191 
f 3524//4191 3528//4191 3527//4191 
o mesh12
f 3528//4192 3524//4192 3525//4192 
f 3525//4192 3529//4192 3528//4192 
o mesh13
f 3530//4193 3529//4193 3525//4193 
f 3525//4193 3526//4193 3530//4193 
o mesh14
f 3530//4194 3526//4194 3523//4194 
f 3523//4194 3527//4194 3530//4194 
o mesh15
f 3530//4195 3527//4195 3528//4195 
f 3528//4195 3529//4195 3530//4195 
o mesh16
f 3519//4196 3517//4196 3531//4196 
f 3517//4196 3518//4196 3532//4196 
f 3532//4196 3531//4196 3517//4196 
f 3518//4196 3520//4196 3533//4196 
f 3533//4196 3532//4196 3518//4196 
f 3520//4196 3519//4196 3534//4196 
f 3534//4196 3533//4196 3520//4196 
f 3531//4196 3534//4196 3519//4196 
o mesh17
f 3535//4197 3536//4197 3531//4197 
f 3531//4197 3532//4197 3535//4197 
o mesh18
f 3537//4196 3538//4196 3536//4196 
f 3536//4196 3535//4196 3537//4196 
o mesh19
f 3535//4198 3532//4198 3533//4198 
f 3533//4198 3537//4198 3535//4198 
o mesh20
f 3537//4199 3533//4199 3534//4199 
f 3534//4199 3538//4199 3537//4199 
o mesh21
f 3536//4200 3538//4200 3534//4200 
f 3534//4200 3531//4200 3536//4200 
